2026-04-14 12:20:33,277 - INFO - **********Starting experiment for laser.arff with algorithm_rulekit**********
2026-04-14 12:20:34,641 - INFO - ************************Finished experiment for laser.arff with algorithm_rulekit************************
2026-04-14 12:20:34,641 - INFO - *************************************************************************************************************************
2026-04-14 12:20:34,641 - INFO - *************************************************************************************************************************
2026-04-14 12:20:34,641 - INFO - *************************************************************************************************************************
2026-04-14 12:20:34,642 - INFO - **********Starting experiment for laser.arff with algorithm_rer**********
2026-04-14 12:20:34,651 - INFO - *******GROWING CR RULE*******
2026-04-14 12:20:34,809 - INFO - Iteracja 0: condition_best: Input1 <= 21.50, quality_best: 0.709, coverage_best: (p=159, n=11, P=271, N=424)
2026-04-14 12:20:34,809 - INFO - Regula po iteracji 0: IF Input1 <= 21.50 THEN class = {18.61} [3.84, 33.39], (p=159, n=11, P=271, N=424)
2026-04-14 12:20:34,844 - INFO - Iteracja 1: condition_best: Input1 >= 3.50, quality_best: 0.719, coverage_best: (p=156, n=10, P=263, N=432)
2026-04-14 12:20:34,844 - INFO - Regula po iteracji 1: IF Input1 <= 21.50 AND Input1 >= 3.50 THEN class = {18.17} [3.68, 32.67], (p=156, n=10, P=263, N=432)
2026-04-14 12:20:34,877 - INFO - Iteracja 2: condition_best: Input4 <= 185.00, quality_best: 0.727, coverage_best: (p=156, n=9, P=263, N=432)
2026-04-14 12:20:34,877 - INFO - Regula po iteracji 2: IF Input1 <= 21.50 AND Input1 >= 3.50 AND Input4 <= 185.00 THEN class = {17.98} [3.66, 32.29], (p=156, n=9, P=263, N=432)
2026-04-14 12:20:34,909 - INFO - Iteracja 3: condition_best: Input4 >= 4.50, quality_best: 0.734, coverage_best: (p=156, n=8, P=263, N=432)
2026-04-14 12:20:34,909 - INFO - Regula po iteracji 3: IF Input1 <= 21.50 AND Input1 >= 3.50 AND Input4 <= 185.00 AND Input4 >= 4.50 THEN class = {18.07} [3.76, 32.37], (p=156, n=8, P=263, N=432)
2026-04-14 12:20:34,942 - INFO - Iteracja 4: condition_best: Input2 <= 244.50, quality_best: 0.732, coverage_best: (p=155, n=8, P=263, N=432)
2026-04-14 12:20:34,942 - INFO - Regula po iteracji 4: IF Input1 <= 21.50 AND Input1 >= 3.50 AND Input4 <= 185.00 AND Input4 >= 4.50 AND Input2 <= 244.50 THEN class = {18.15} [3.83, 32.46], (p=155, n=8, P=263, N=432)
2026-04-14 12:20:34,942 - INFO - *******STOP GROWING CR RULE*******
2026-04-14 12:20:34,946 - INFO - *******GROWING CR RULE*******
2026-04-14 12:20:35,073 - INFO - Iteracja 0: condition_best: Input1 <= 21.50, quality_best: 0.709, coverage_best: (p=159, n=11, P=271, N=424)
2026-04-14 12:20:35,073 - INFO - Regula po iteracji 0: IF Input1 <= 21.50 THEN class = {18.61} [3.84, 33.39], (p=159, n=11, P=271, N=424)
2026-04-14 12:20:35,104 - INFO - Iteracja 1: condition_best: Input4 >= 5.50, quality_best: 0.717, coverage_best: (p=158, n=10, P=269, N=426)
2026-04-14 12:20:35,104 - INFO - Regula po iteracji 1: IF Input1 <= 21.50 AND Input4 >= 5.50 THEN class = {18.79} [4.02, 33.56], (p=158, n=10, P=269, N=426)
2026-04-14 12:20:35,133 - INFO - Iteracja 2: condition_best: Input4 <= 185.00, quality_best: 0.722, coverage_best: (p=158, n=9, P=271, N=424)
2026-04-14 12:20:35,133 - INFO - Regula po iteracji 2: IF Input1 <= 21.50 AND Input4 >= 5.50 AND Input4 <= 185.00 THEN class = {18.60} [4.00, 33.20], (p=158, n=9, P=271, N=424)
2026-04-14 12:20:35,163 - INFO - Iteracja 3: condition_best: Input3 <= 246.00, quality_best: 0.719, coverage_best: (p=157, n=9, P=271, N=424)
2026-04-14 12:20:35,163 - INFO - Regula po iteracji 3: IF Input1 <= 21.50 AND Input4 >= 5.50 AND Input4 <= 185.00 AND Input3 <= 246.00 THEN class = {18.60} [3.95, 33.24], (p=157, n=9, P=271, N=424)
2026-04-14 12:20:35,192 - INFO - Iteracja 4: condition_best: Input3 <= 235.50, quality_best: 0.717, coverage_best: (p=156, n=9, P=271, N=424)
2026-04-14 12:20:35,193 - INFO - Regula po iteracji 4: IF Input1 <= 21.50 AND Input4 >= 5.50 AND Input4 <= 185.00 AND Input3 <= 246.00 AND Input3 <= 235.50 THEN class = {18.56} [3.88, 33.24], (p=156, n=9, P=271, N=424)
2026-04-14 12:20:35,193 - INFO - *******STOP GROWING CR RULE*******
2026-04-14 12:20:35,196 - INFO - *******GROWING CR RULE*******
2026-04-14 12:20:35,322 - INFO - Iteracja 0: condition_best: Input1 <= 22.50, quality_best: 0.704, coverage_best: (p=165, n=14, P=269, N=426)
2026-04-14 12:20:35,322 - INFO - Regula po iteracji 0: IF Input1 <= 22.50 THEN class = {18.97} [4.38, 33.55], (p=165, n=14, P=269, N=426)
2026-04-14 12:20:35,353 - INFO - Iteracja 1: condition_best: Input4 >= 5.50, quality_best: 0.717, coverage_best: (p=165, n=12, P=269, N=426)
2026-04-14 12:20:35,353 - INFO - Regula po iteracji 1: IF Input1 <= 22.50 AND Input4 >= 5.50 THEN class = {19.14} [4.57, 33.72], (p=165, n=12, P=269, N=426)
2026-04-14 12:20:35,383 - INFO - Iteracja 2: condition_best: Input1 >= 3.50, quality_best: 0.727, coverage_best: (p=163, n=10, P=269, N=426)
2026-04-14 12:20:35,383 - INFO - Regula po iteracji 2: IF Input1 <= 22.50 AND Input4 >= 5.50 AND Input1 >= 3.50 THEN class = {18.73} [4.42, 33.05], (p=163, n=10, P=269, N=426)
2026-04-14 12:20:35,414 - INFO - Iteracja 3: condition_best: Input4 <= 117.00, quality_best: 0.731, coverage_best: (p=160, n=10, P=261, N=434)
2026-04-14 12:20:35,414 - INFO - Regula po iteracji 3: IF Input1 <= 22.50 AND Input4 >= 5.50 AND Input1 >= 3.50 AND Input4 <= 117.00 THEN class = {18.29} [4.36, 32.23], (p=160, n=10, P=261, N=434)
2026-04-14 12:20:35,443 - INFO - Iteracja 4: condition_best: Input2 <= 244.50, quality_best: 0.728, coverage_best: (p=159, n=10, P=261, N=434)
2026-04-14 12:20:35,443 - INFO - Regula po iteracji 4: IF Input1 <= 22.50 AND Input4 >= 5.50 AND Input1 >= 3.50 AND Input4 <= 117.00 AND Input2 <= 244.50 THEN class = {18.37} [4.43, 32.32], (p=159, n=10, P=261, N=434)
2026-04-14 12:20:35,443 - INFO - *******STOP GROWING CR RULE*******
2026-04-14 12:20:35,447 - INFO - *******GROWING CR RULE*******
2026-04-14 12:20:35,573 - INFO - Iteracja 0: condition_best: Input1 <= 26.50, quality_best: 0.7, coverage_best: (p=199, n=13, P=338, N=357)
2026-04-14 12:20:35,573 - INFO - Regula po iteracji 0: IF Input1 <= 26.50 THEN class = {21.93} [1.24, 42.63], (p=199, n=13, P=338, N=357)
2026-04-14 12:20:35,609 - INFO - Iteracja 1: condition_best: Input4 <= 199.00, quality_best: 0.706, coverage_best: (p=199, n=12, P=338, N=357)
2026-04-14 12:20:35,609 - INFO - Regula po iteracji 1: IF Input1 <= 26.50 AND Input4 <= 199.00 THEN class = {21.80} [1.15, 42.44], (p=199, n=12, P=338, N=357)
2026-04-14 12:20:35,645 - INFO - Iteracja 2: condition_best: Input1 >= 4.50, quality_best: 0.715, coverage_best: (p=193, n=10, P=333, N=362)
2026-04-14 12:20:35,646 - INFO - Regula po iteracji 2: IF Input1 <= 26.50 AND Input4 <= 199.00 AND Input1 >= 4.50 THEN class = {21.37} [0.87, 41.87], (p=193, n=10, P=333, N=362)
2026-04-14 12:20:35,681 - INFO - Iteracja 3: condition_best: Input2 >= 3.50, quality_best: 0.716, coverage_best: (p=190, n=11, P=320, N=375)
2026-04-14 12:20:35,681 - INFO - Regula po iteracji 3: IF Input1 <= 26.50 AND Input4 <= 199.00 AND Input1 >= 4.50 AND Input2 >= 3.50 THEN class = {20.85} [1.60, 40.10], (p=190, n=11, P=320, N=375)
2026-04-14 12:20:35,716 - INFO - Iteracja 4: condition_best: Input1 <= 25.50, quality_best: 0.717, coverage_best: (p=184, n=10, P=315, N=380)
2026-04-14 12:20:35,716 - INFO - Regula po iteracji 4: IF Input1 <= 26.50 AND Input4 <= 199.00 AND Input1 >= 4.50 AND Input2 >= 3.50 AND Input1 <= 25.50 THEN class = {20.52} [1.10, 39.93], (p=184, n=10, P=315, N=380)
2026-04-14 12:20:35,716 - INFO - *******STOP GROWING CR RULE*******
2026-04-14 12:20:35,719 - INFO - *******GROWING CR RULE*******
2026-04-14 12:20:35,845 - INFO - Iteracja 0: condition_best: Input1 <= 26.50, quality_best: 0.7, coverage_best: (p=199, n=13, P=338, N=357)
2026-04-14 12:20:35,845 - INFO - Regula po iteracji 0: IF Input1 <= 26.50 THEN class = {21.93} [1.24, 42.63], (p=199, n=13, P=338, N=357)
2026-04-14 12:20:35,880 - INFO - Iteracja 1: condition_best: Input4 <= 199.00, quality_best: 0.706, coverage_best: (p=199, n=12, P=338, N=357)
2026-04-14 12:20:35,880 - INFO - Regula po iteracji 1: IF Input1 <= 26.50 AND Input4 <= 199.00 THEN class = {21.80} [1.15, 42.44], (p=199, n=12, P=338, N=357)
2026-04-14 12:20:35,915 - INFO - Iteracja 2: condition_best: Input1 >= 4.50, quality_best: 0.715, coverage_best: (p=193, n=10, P=333, N=362)
2026-04-14 12:20:35,915 - INFO - Regula po iteracji 2: IF Input1 <= 26.50 AND Input4 <= 199.00 AND Input1 >= 4.50 THEN class = {21.37} [0.87, 41.87], (p=193, n=10, P=333, N=362)
2026-04-14 12:20:35,949 - INFO - Iteracja 3: condition_best: Input2 >= 3.50, quality_best: 0.716, coverage_best: (p=190, n=11, P=320, N=375)
2026-04-14 12:20:35,949 - INFO - Regula po iteracji 3: IF Input1 <= 26.50 AND Input4 <= 199.00 AND Input1 >= 4.50 AND Input2 >= 3.50 THEN class = {20.85} [1.60, 40.10], (p=190, n=11, P=320, N=375)
2026-04-14 12:20:35,983 - INFO - Iteracja 4: condition_best: Input2 <= 244.50, quality_best: 0.714, coverage_best: (p=189, n=11, P=320, N=375)
2026-04-14 12:20:35,983 - INFO - Regula po iteracji 4: IF Input1 <= 26.50 AND Input4 <= 199.00 AND Input1 >= 4.50 AND Input2 >= 3.50 AND Input2 <= 244.50 THEN class = {20.93} [1.66, 40.19], (p=189, n=11, P=320, N=375)
2026-04-14 12:20:35,983 - INFO - *******STOP GROWING CR RULE*******
2026-04-14 12:20:35,987 - INFO - *******GROWING CR RULE*******
2026-04-14 12:20:36,111 - INFO - Iteracja 0: condition_best: Input1 <= 27.50, quality_best: 0.698, coverage_best: (p=206, n=15, P=338, N=357)
2026-04-14 12:20:36,111 - INFO - Regula po iteracji 0: IF Input1 <= 27.50 THEN class = {22.31} [1.85, 42.77], (p=206, n=15, P=338, N=357)
2026-04-14 12:20:36,147 - INFO - Iteracja 1: condition_best: Input2 >= 3.50, quality_best: 0.711, coverage_best: (p=205, n=14, P=331, N=364)
2026-04-14 12:20:36,147 - INFO - Regula po iteracji 1: IF Input1 <= 27.50 AND Input2 >= 3.50 THEN class = {21.84} [2.49, 41.18], (p=205, n=14, P=331, N=364)
2026-04-14 12:20:36,183 - INFO - Iteracja 2: condition_best: Input2 <= 244.50, quality_best: 0.709, coverage_best: (p=204, n=14, P=331, N=364)
2026-04-14 12:20:36,183 - INFO - Regula po iteracji 2: IF Input1 <= 27.50 AND Input2 >= 3.50 AND Input2 <= 244.50 THEN class = {21.91} [2.56, 41.27], (p=204, n=14, P=331, N=364)
2026-04-14 12:20:36,220 - INFO - Iteracja 3: condition_best: Input4 <= 199.00, quality_best: 0.716, coverage_best: (p=204, n=13, P=331, N=364)
2026-04-14 12:20:36,220 - INFO - Regula po iteracji 3: IF Input1 <= 27.50 AND Input2 >= 3.50 AND Input2 <= 244.50 AND Input4 <= 199.00 THEN class = {21.78} [2.48, 41.08], (p=204, n=13, P=331, N=364)
2026-04-14 12:20:36,256 - INFO - Iteracja 4: condition_best: Input2 <= 233.50, quality_best: 0.714, coverage_best: (p=203, n=13, P=331, N=364)
2026-04-14 12:20:36,256 - INFO - Regula po iteracji 4: IF Input1 <= 27.50 AND Input2 >= 3.50 AND Input2 <= 244.50 AND Input4 <= 199.00 AND Input2 <= 233.50 THEN class = {21.84} [2.52, 41.16], (p=203, n=13, P=331, N=364)
2026-04-14 12:20:36,256 - INFO - *******STOP GROWING CR RULE*******
2026-04-14 12:20:36,260 - INFO - *******GROWING CR RULE*******
2026-04-14 12:20:36,385 - INFO - Iteracja 0: condition_best: Input1 <= 28.50, quality_best: 0.684, coverage_best: (p=217, n=19, P=345, N=350)
2026-04-14 12:20:36,385 - INFO - Regula po iteracji 0: IF Input1 <= 28.50 THEN class = {23.03} [2.77, 43.30], (p=217, n=19, P=345, N=350)
2026-04-14 12:20:36,423 - INFO - Iteracja 1: condition_best: Input4 <= 199.00, quality_best: 0.691, coverage_best: (p=217, n=18, P=345, N=350)
2026-04-14 12:20:36,423 - INFO - Regula po iteracji 1: IF Input1 <= 28.50 AND Input4 <= 199.00 THEN class = {22.91} [2.69, 43.14], (p=217, n=18, P=345, N=350)
2026-04-14 12:20:36,461 - INFO - Iteracja 2: condition_best: Input2 >= 3.50, quality_best: 0.689, coverage_best: (p=213, n=20, P=329, N=366)
2026-04-14 12:20:36,461 - INFO - Regula po iteracji 2: IF Input1 <= 28.50 AND Input4 <= 199.00 AND Input2 >= 3.50 THEN class = {22.48} [3.30, 41.65], (p=213, n=20, P=329, N=366)
2026-04-14 12:20:36,498 - INFO - Iteracja 3: condition_best: Input3 >= 5.50, quality_best: 0.696, coverage_best: (p=213, n=19, P=329, N=366)
2026-04-14 12:20:36,498 - INFO - Regula po iteracji 3: IF Input1 <= 28.50 AND Input4 <= 199.00 AND Input2 >= 3.50 AND Input3 >= 5.50 THEN class = {22.56} [3.39, 41.73], (p=213, n=19, P=329, N=366)
2026-04-14 12:20:36,536 - INFO - Iteracja 4: condition_best: Input1 >= 2.50, quality_best: 0.7, coverage_best: (p=212, n=18, P=329, N=366)
2026-04-14 12:20:36,536 - INFO - Regula po iteracji 4: IF Input1 <= 28.50 AND Input4 <= 199.00 AND Input2 >= 3.50 AND Input3 >= 5.50 AND Input1 >= 2.50 THEN class = {22.37} [3.26, 41.47], (p=212, n=18, P=329, N=366)
2026-04-14 12:20:36,536 - INFO - *******STOP GROWING CR RULE*******
2026-04-14 12:20:36,540 - INFO - *******GROWING CR RULE*******
2026-04-14 12:20:36,663 - INFO - Iteracja 0: condition_best: Input1 <= 29.50, quality_best: 0.677, coverage_best: (p=222, n=22, P=343, N=352)
2026-04-14 12:20:36,663 - INFO - Regula po iteracji 0: IF Input1 <= 29.50 THEN class = {23.29} [3.17, 43.41], (p=222, n=22, P=343, N=352)
2026-04-14 12:20:36,702 - INFO - Iteracja 1: condition_best: Input1 >= 3.50, quality_best: 0.683, coverage_best: (p=220, n=20, P=345, N=350)
2026-04-14 12:20:36,702 - INFO - Regula po iteracji 1: IF Input1 <= 29.50 AND Input1 >= 3.50 THEN class = {23.07} [2.95, 43.19], (p=220, n=20, P=345, N=350)
2026-04-14 12:20:36,741 - INFO - Iteracja 2: condition_best: Input4 <= 199.00, quality_best: 0.69, coverage_best: (p=220, n=19, P=345, N=350)
2026-04-14 12:20:36,741 - INFO - Regula po iteracji 2: IF Input1 <= 29.50 AND Input1 >= 3.50 AND Input4 <= 199.00 THEN class = {22.95} [2.87, 43.03], (p=220, n=19, P=345, N=350)
2026-04-14 12:20:36,779 - INFO - Iteracja 3: condition_best: Input2 >= 3.50, quality_best: 0.689, coverage_best: (p=216, n=21, P=329, N=366)
2026-04-14 12:20:36,779 - INFO - Regula po iteracji 3: IF Input1 <= 29.50 AND Input1 >= 3.50 AND Input4 <= 199.00 AND Input2 >= 3.50 THEN class = {22.52} [3.48, 41.56], (p=216, n=21, P=329, N=366)
2026-04-14 12:20:36,818 - INFO - Iteracja 4: condition_best: Input3 >= 5.50, quality_best: 0.695, coverage_best: (p=216, n=20, P=329, N=366)
2026-04-14 12:20:36,818 - INFO - Regula po iteracji 4: IF Input1 <= 29.50 AND Input1 >= 3.50 AND Input4 <= 199.00 AND Input2 >= 3.50 AND Input3 >= 5.50 THEN class = {22.60} [3.56, 41.64], (p=216, n=20, P=329, N=366)
2026-04-14 12:20:36,818 - INFO - *******STOP GROWING CR RULE*******
2026-04-14 12:20:36,821 - INFO - *******GROWING CR RULE*******
2026-04-14 12:20:36,945 - INFO - Iteracja 0: condition_best: Input1 <= 30.50, quality_best: 0.666, coverage_best: (p=229, n=26, P=343, N=352)
2026-04-14 12:20:36,945 - INFO - Regula po iteracji 0: IF Input1 <= 30.50 THEN class = {23.78} [3.78, 43.78], (p=229, n=26, P=343, N=352)
2026-04-14 12:20:36,985 - INFO - Iteracja 1: condition_best: Input4 <= 202.50, quality_best: 0.672, coverage_best: (p=229, n=25, P=343, N=352)
2026-04-14 12:20:36,985 - INFO - Regula po iteracji 1: IF Input1 <= 30.50 AND Input4 <= 202.50 THEN class = {23.67} [3.70, 43.63], (p=229, n=25, P=343, N=352)
2026-04-14 12:20:37,025 - INFO - Iteracja 2: condition_best: Input4 >= 4.50, quality_best: 0.678, coverage_best: (p=229, n=24, P=343, N=352)
2026-04-14 12:20:37,025 - INFO - Regula po iteracji 2: IF Input1 <= 30.50 AND Input4 <= 202.50 AND Input4 >= 4.50 THEN class = {23.75} [3.79, 43.71], (p=229, n=24, P=343, N=352)
2026-04-14 12:20:37,065 - INFO - Iteracja 3: condition_best: Input1 >= 2.50, quality_best: 0.682, coverage_best: (p=228, n=23, P=343, N=352)
2026-04-14 12:20:37,065 - INFO - Regula po iteracji 3: IF Input1 <= 30.50 AND Input4 <= 202.50 AND Input4 >= 4.50 AND Input1 >= 2.50 THEN class = {23.58} [3.66, 43.50], (p=228, n=23, P=343, N=352)
2026-04-14 12:20:37,104 - INFO - Iteracja 4: condition_best: Input2 <= 244.50, quality_best: 0.68, coverage_best: (p=227, n=23, P=343, N=352)
2026-04-14 12:20:37,105 - INFO - Regula po iteracji 4: IF Input1 <= 30.50 AND Input4 <= 202.50 AND Input4 >= 4.50 AND Input1 >= 2.50 AND Input2 <= 244.50 THEN class = {23.66} [3.73, 43.58], (p=227, n=23, P=343, N=352)
2026-04-14 12:20:37,105 - INFO - *******STOP GROWING CR RULE*******
2026-04-14 12:20:37,108 - INFO - *******GROWING CR RULE*******
2026-04-14 12:20:37,230 - INFO - Iteracja 0: condition_best: Input1 <= 31.50, quality_best: 0.644, coverage_best: (p=231, n=30, P=345, N=350)
2026-04-14 12:20:37,230 - INFO - Regula po iteracji 0: IF Input1 <= 31.50 THEN class = {24.20} [4.16, 44.25], (p=231, n=30, P=345, N=350)
2026-04-14 12:20:37,271 - INFO - Iteracja 1: condition_best: Input4 >= 5.50, quality_best: 0.656, coverage_best: (p=231, n=28, P=345, N=350)
2026-04-14 12:20:37,271 - INFO - Regula po iteracji 1: IF Input1 <= 31.50 AND Input4 >= 5.50 THEN class = {24.36} [4.32, 44.40], (p=231, n=28, P=345, N=350)
2026-04-14 12:20:37,311 - INFO - Iteracja 2: condition_best: Input4 <= 202.50, quality_best: 0.661, coverage_best: (p=231, n=27, P=345, N=350)
2026-04-14 12:20:37,311 - INFO - Regula po iteracji 2: IF Input1 <= 31.50 AND Input4 >= 5.50 AND Input4 <= 202.50 THEN class = {24.26} [4.25, 44.27], (p=231, n=27, P=345, N=350)
2026-04-14 12:20:37,352 - INFO - Iteracja 3: condition_best: Input1 >= 2.50, quality_best: 0.665, coverage_best: (p=230, n=26, P=345, N=350)
2026-04-14 12:20:37,352 - INFO - Regula po iteracji 3: IF Input1 <= 31.50 AND Input4 >= 5.50 AND Input4 <= 202.50 AND Input1 >= 2.50 THEN class = {24.10} [4.12, 44.07], (p=230, n=26, P=345, N=350)
2026-04-14 12:20:37,392 - INFO - Iteracja 4: condition_best: Input2 <= 244.50, quality_best: 0.663, coverage_best: (p=229, n=26, P=345, N=350)
2026-04-14 12:20:37,392 - INFO - Regula po iteracji 4: IF Input1 <= 31.50 AND Input4 >= 5.50 AND Input4 <= 202.50 AND Input1 >= 2.50 AND Input2 <= 244.50 THEN class = {24.17} [4.19, 44.15], (p=229, n=26, P=345, N=350)
2026-04-14 12:20:37,392 - INFO - *******STOP GROWING CR RULE*******
2026-04-14 12:20:37,395 - INFO - *******GROWING CR RULE*******
2026-04-14 12:20:37,518 - INFO - Iteracja 0: condition_best: Input1 <= 32.50, quality_best: 0.637, coverage_best: (p=239, n=34, P=345, N=350)
2026-04-14 12:20:37,518 - INFO - Regula po iteracji 0: IF Input1 <= 32.50 THEN class = {24.78} [4.70, 44.86], (p=239, n=34, P=345, N=350)
2026-04-14 12:20:37,560 - INFO - Iteracja 1: condition_best: Input4 >= 9.50, quality_best: 0.655, coverage_best: (p=222, n=22, P=362, N=333)
2026-04-14 12:20:37,560 - INFO - Regula po iteracji 1: IF Input1 <= 32.50 AND Input4 >= 9.50 THEN class = {26.53} [6.06, 47.00], (p=222, n=22, P=362, N=333)
2026-04-14 12:20:37,599 - INFO - Iteracja 2: condition_best: Input2 <= 211.00, quality_best: 0.653, coverage_best: (p=221, n=22, P=362, N=333)
2026-04-14 12:20:37,599 - INFO - Regula po iteracji 2: IF Input1 <= 32.50 AND Input4 >= 9.50 AND Input2 <= 211.00 THEN class = {26.60} [6.12, 47.09], (p=221, n=22, P=362, N=333)
2026-04-14 12:20:37,639 - INFO - Iteracja 3: condition_best: Input2 <= 206.50, quality_best: 0.651, coverage_best: (p=220, n=22, P=362, N=333)
2026-04-14 12:20:37,639 - INFO - Regula po iteracji 3: IF Input1 <= 32.50 AND Input4 >= 9.50 AND Input2 <= 211.00 AND Input2 <= 206.50 THEN class = {26.69} [6.20, 47.17], (p=220, n=22, P=362, N=333)
2026-04-14 12:20:37,678 - INFO - Iteracja 4: condition_best: Input4 <= 202.50, quality_best: 0.658, coverage_best: (p=220, n=21, P=362, N=333)
2026-04-14 12:20:37,678 - INFO - Regula po iteracji 4: IF Input1 <= 32.50 AND Input4 >= 9.50 AND Input2 <= 211.00 AND Input2 <= 206.50 AND Input4 <= 202.50 THEN class = {26.59} [6.12, 47.05], (p=220, n=21, P=362, N=333)
2026-04-14 12:20:37,678 - INFO - *******STOP GROWING CR RULE*******
2026-04-14 12:20:37,682 - INFO - *******GROWING CR RULE*******
2026-04-14 12:20:37,804 - INFO - Iteracja 0: condition_best: Input1 <= 34.50, quality_best: 0.603, coverage_best: (p=246, n=43, P=345, N=350)
2026-04-14 12:20:37,804 - INFO - Regula po iteracji 0: IF Input1 <= 34.50 THEN class = {25.60} [5.50, 45.69], (p=246, n=43, P=345, N=350)
2026-04-14 12:20:37,849 - INFO - Iteracja 1: condition_best: Input4 >= 8.50, quality_best: 0.639, coverage_best: (p=237, n=29, P=362, N=333)
2026-04-14 12:20:37,849 - INFO - Regula po iteracji 1: IF Input1 <= 34.50 AND Input4 >= 8.50 THEN class = {27.00} [6.71, 47.29], (p=237, n=29, P=362, N=333)
2026-04-14 12:20:37,890 - INFO - Iteracja 2: condition_best: Input4 <= 202.50, quality_best: 0.645, coverage_best: (p=237, n=28, P=362, N=333)
2026-04-14 12:20:37,890 - INFO - Regula po iteracji 2: IF Input1 <= 34.50 AND Input4 >= 8.50 AND Input4 <= 202.50 THEN class = {26.91} [6.64, 47.18], (p=237, n=28, P=362, N=333)
2026-04-14 12:20:37,932 - INFO - Iteracja 3: condition_best: Input1 >= 2.50, quality_best: 0.649, coverage_best: (p=236, n=27, P=362, N=333)
2026-04-14 12:20:37,932 - INFO - Regula po iteracji 3: IF Input1 <= 34.50 AND Input4 >= 8.50 AND Input4 <= 202.50 AND Input1 >= 2.50 THEN class = {26.77} [6.51, 47.03], (p=236, n=27, P=362, N=333)
2026-04-14 12:20:37,973 - INFO - Iteracja 4: condition_best: Input2 <= 224.50, quality_best: 0.647, coverage_best: (p=235, n=27, P=362, N=333)
2026-04-14 12:20:37,973 - INFO - Regula po iteracji 4: IF Input1 <= 34.50 AND Input4 >= 8.50 AND Input4 <= 202.50 AND Input1 >= 2.50 AND Input2 <= 224.50 THEN class = {26.84} [6.58, 47.11], (p=235, n=27, P=362, N=333)
2026-04-14 12:20:37,973 - INFO - *******STOP GROWING CR RULE*******
2026-04-14 12:20:37,976 - INFO - *******GROWING CR RULE*******
2026-04-14 12:20:38,099 - INFO - Iteracja 0: condition_best: Input1 <= 36.50, quality_best: 0.597, coverage_best: (p=255, n=45, P=354, N=341)
2026-04-14 12:20:38,099 - INFO - Regula po iteracji 0: IF Input1 <= 36.50 THEN class = {26.17} [5.81, 46.52], (p=255, n=45, P=354, N=341)
2026-04-14 12:20:38,144 - INFO - Iteracja 1: condition_best: Input4 >= 10.50, quality_best: 0.624, coverage_best: (p=234, n=30, P=365, N=330)
2026-04-14 12:20:38,144 - INFO - Regula po iteracji 1: IF Input1 <= 36.50 AND Input4 >= 10.50 THEN class = {28.39} [7.74, 49.03], (p=234, n=30, P=365, N=330)
2026-04-14 12:20:38,185 - INFO - Iteracja 2: condition_best: Input1 >= 9.50, quality_best: 0.631, coverage_best: (p=221, n=25, P=365, N=330)
2026-04-14 12:20:38,185 - INFO - Regula po iteracji 2: IF Input1 <= 36.50 AND Input4 >= 10.50 AND Input1 >= 9.50 THEN class = {28.44} [7.79, 49.10], (p=221, n=25, P=365, N=330)
2026-04-14 12:20:38,222 - INFO - Iteracja 3: condition_best: Input2 <= 204.00, quality_best: 0.629, coverage_best: (p=220, n=25, P=365, N=330)
2026-04-14 12:20:38,223 - INFO - Regula po iteracji 3: IF Input1 <= 36.50 AND Input4 >= 10.50 AND Input1 >= 9.50 AND Input2 <= 204.00 THEN class = {28.52} [7.86, 49.18], (p=220, n=25, P=365, N=330)
2026-04-14 12:20:38,260 - INFO - Iteracja 4: condition_best: Input1 >= 10.50, quality_best: 0.629, coverage_best: (p=214, n=25, P=356, N=339)
2026-04-14 12:20:38,260 - INFO - Regula po iteracji 4: IF Input1 <= 36.50 AND Input4 >= 10.50 AND Input1 >= 9.50 AND Input2 <= 204.00 AND Input1 >= 10.50 THEN class = {29.00} [8.30, 49.69], (p=214, n=25, P=356, N=339)
2026-04-14 12:20:38,260 - INFO - *******STOP GROWING CR RULE*******
2026-04-14 12:20:38,263 - INFO - *******GROWING CR RULE*******
2026-04-14 12:20:38,385 - INFO - Iteracja 0: condition_best: Input1 <= 37.50, quality_best: 0.576, coverage_best: (p=258, n=48, P=362, N=333)
2026-04-14 12:20:38,385 - INFO - Regula po iteracji 0: IF Input1 <= 37.50 THEN class = {26.77} [6.07, 47.48], (p=258, n=48, P=362, N=333)
2026-04-14 12:20:38,431 - INFO - Iteracja 1: condition_best: Input4 >= 8.50, quality_best: 0.612, coverage_best: (p=246, n=36, P=365, N=330)
2026-04-14 12:20:38,431 - INFO - Regula po iteracji 1: IF Input1 <= 37.50 AND Input4 >= 8.50 THEN class = {28.28} [7.44, 49.12], (p=246, n=36, P=365, N=330)
2026-04-14 12:20:38,475 - INFO - Iteracja 2: condition_best: Input1 >= 7.50, quality_best: 0.62, coverage_best: (p=238, n=32, P=365, N=330)
2026-04-14 12:20:38,475 - INFO - Regula po iteracji 2: IF Input1 <= 37.50 AND Input4 >= 8.50 AND Input1 >= 7.50 THEN class = {28.19} [7.36, 49.02], (p=238, n=32, P=365, N=330)
2026-04-14 12:20:38,515 - INFO - Iteracja 3: condition_best: Input2 <= 206.50, quality_best: 0.622, coverage_best: (p=236, n=31, P=365, N=330)
2026-04-14 12:20:38,515 - INFO - Regula po iteracji 3: IF Input1 <= 37.50 AND Input4 >= 8.50 AND Input1 >= 7.50 AND Input2 <= 206.50 THEN class = {28.42} [7.59, 49.25], (p=236, n=31, P=365, N=330)
2026-04-14 12:20:38,556 - INFO - Iteracja 4: condition_best: Input4 <= 202.50, quality_best: 0.628, coverage_best: (p=236, n=30, P=365, N=330)
2026-04-14 12:20:38,556 - INFO - Regula po iteracji 4: IF Input1 <= 37.50 AND Input4 >= 8.50 AND Input1 >= 7.50 AND Input2 <= 206.50 AND Input4 <= 202.50 THEN class = {28.33} [7.51, 49.16], (p=236, n=30, P=365, N=330)
2026-04-14 12:20:38,556 - INFO - *******STOP GROWING CR RULE*******
2026-04-14 12:20:38,559 - INFO - *******GROWING CR RULE*******
2026-04-14 12:20:38,681 - INFO - Iteracja 0: condition_best: Input4 <= 21.50, quality_best: 0.57, coverage_best: (p=147, n=22, P=304, N=391)
2026-04-14 12:20:38,681 - INFO - Regula po iteracji 0: IF Input4 <= 21.50 THEN class = {21.76} [4.73, 38.80], (p=147, n=22, P=304, N=391)
2026-04-14 12:20:38,708 - INFO - Iteracja 1: condition_best: Input4 >= 5.50, quality_best: 0.579, coverage_best: (p=142, n=19, P=305, N=390)
2026-04-14 12:20:38,708 - INFO - Regula po iteracji 1: IF Input4 <= 21.50 AND Input4 >= 5.50 THEN class = {22.66} [5.70, 39.61], (p=142, n=19, P=305, N=390)
2026-04-14 12:20:38,733 - INFO - Iteracja 2: condition_best: Input4 <= 19.50, quality_best: 0.587, coverage_best: (p=127, n=14, P=300, N=395)
2026-04-14 12:20:38,733 - INFO - Regula po iteracji 2: IF Input4 <= 21.50 AND Input4 >= 5.50 AND Input4 <= 19.50 THEN class = {21.80} [5.60, 38.00], (p=127, n=14, P=300, N=395)
2026-04-14 12:20:38,755 - INFO - Iteracja 3: condition_best: Input2 <= 244.50, quality_best: 0.595, coverage_best: (p=127, n=13, P=300, N=395)
2026-04-14 12:20:38,755 - INFO - Regula po iteracji 3: IF Input4 <= 21.50 AND Input4 >= 5.50 AND Input4 <= 19.50 AND Input2 <= 244.50 THEN class = {21.92} [5.73, 38.12], (p=127, n=13, P=300, N=395)
2026-04-14 12:20:38,777 - INFO - Iteracja 4: condition_best: Input1 >= 2.50, quality_best: 0.593, coverage_best: (p=126, n=13, P=300, N=395)
2026-04-14 12:20:38,777 - INFO - Regula po iteracji 4: IF Input4 <= 21.50 AND Input4 >= 5.50 AND Input4 <= 19.50 AND Input2 <= 244.50 AND Input1 >= 2.50 THEN class = {21.84} [5.61, 38.07], (p=126, n=13, P=300, N=395)
2026-04-14 12:20:38,777 - INFO - *******STOP GROWING CR RULE*******
2026-04-14 12:20:38,780 - INFO - *******GROWING CR RULE*******
2026-04-14 12:20:38,901 - INFO - Iteracja 0: condition_best: Input4 <= 21.50, quality_best: 0.57, coverage_best: (p=147, n=22, P=304, N=391)
2026-04-14 12:20:38,902 - INFO - Regula po iteracji 0: IF Input4 <= 21.50 THEN class = {21.76} [4.73, 38.80], (p=147, n=22, P=304, N=391)
2026-04-14 12:20:38,928 - INFO - Iteracja 1: condition_best: Input1 <= 224.00, quality_best: 0.577, coverage_best: (p=147, n=21, P=304, N=391)
2026-04-14 12:20:38,928 - INFO - Regula po iteracji 1: IF Input4 <= 21.50 AND Input1 <= 224.00 THEN class = {21.88} [4.87, 38.90], (p=147, n=21, P=304, N=391)
2026-04-14 12:20:38,954 - INFO - Iteracja 2: condition_best: Input4 <= 5.50, quality_best: 0.578, coverage_best: (p=5, n=2, P=8, N=687)
2026-04-14 12:20:38,954 - INFO - Regula po iteracji 2: IF Input4 <= 21.50 AND Input1 <= 224.00 AND Input4 <= 5.50 THEN class = {4.00} [2.49, 5.51], (p=5, n=2, P=8, N=687)
2026-04-14 12:20:38,956 - INFO - Iteracja 3: condition_best: Input1 >= 15.00, quality_best: 0.497, coverage_best: (p=4, n=2, P=8, N=687)
2026-04-14 12:20:38,956 - INFO - Regula po iteracji 3: IF Input4 <= 21.50 AND Input1 <= 224.00 AND Input4 <= 5.50 AND Input1 >= 15.00 THEN class = {4.00} [2.37, 5.63], (p=4, n=2, P=8, N=687)
2026-04-14 12:20:38,958 - INFO - Iteracja 4: condition_best: Input1 >= 25.50, quality_best: 0.409, coverage_best: (p=3, n=2, P=8, N=687)
2026-04-14 12:20:38,958 - INFO - Regula po iteracji 4: IF Input4 <= 21.50 AND Input1 <= 224.00 AND Input4 <= 5.50 AND Input1 >= 15.00 AND Input1 >= 25.50 THEN class = {4.20} [2.48, 5.92], (p=3, n=2, P=8, N=687)
2026-04-14 12:20:38,958 - INFO - *******STOP GROWING CR RULE*******
2026-04-14 12:20:38,961 - INFO - *******GROWING CR RULE*******
2026-04-14 12:20:39,081 - INFO - Iteracja 0: condition_best: Input1 <= 41.50, quality_best: 0.562, coverage_best: (p=278, n=55, P=373, N=322)
2026-04-14 12:20:39,081 - INFO - Regula po iteracji 0: IF Input1 <= 41.50 THEN class = {28.32} [6.98, 49.65], (p=278, n=55, P=373, N=322)
2026-04-14 12:20:39,132 - INFO - Iteracja 1: condition_best: Input1 >= 15.50, quality_best: 0.6, coverage_best: (p=213, n=29, P=358, N=337)
2026-04-14 12:20:39,132 - INFO - Regula po iteracji 1: IF Input1 <= 41.50 AND Input1 >= 15.50 THEN class = {32.95} [11.86, 54.04], (p=213, n=29, P=358, N=337)
2026-04-14 12:20:39,170 - INFO - Iteracja 2: condition_best: Input4 >= 6.50, quality_best: 0.616, coverage_best: (p=211, n=28, P=347, N=348)
2026-04-14 12:20:39,170 - INFO - Regula po iteracji 2: IF Input1 <= 41.50 AND Input1 >= 15.50 AND Input4 >= 6.50 THEN class = {33.29} [12.29, 54.28], (p=211, n=28, P=347, N=348)
2026-04-14 12:20:39,207 - INFO - Iteracja 3: condition_best: Input4 >= 8.00, quality_best: 0.614, coverage_best: (p=207, n=27, P=347, N=348)
2026-04-14 12:20:39,207 - INFO - Regula po iteracji 3: IF Input1 <= 41.50 AND Input1 >= 15.50 AND Input4 >= 6.50 AND Input4 >= 8.00 THEN class = {33.65} [12.60, 54.71], (p=207, n=27, P=347, N=348)
2026-04-14 12:20:39,243 - INFO - Iteracja 4: condition_best: Input2 <= 164.50, quality_best: 0.612, coverage_best: (p=206, n=27, P=347, N=348)
2026-04-14 12:20:39,243 - INFO - Regula po iteracji 4: IF Input1 <= 41.50 AND Input1 >= 15.50 AND Input4 >= 6.50 AND Input4 >= 8.00 AND Input2 <= 164.50 THEN class = {33.74} [12.68, 54.80], (p=206, n=27, P=347, N=348)
2026-04-14 12:20:39,243 - INFO - *******STOP GROWING CR RULE*******
2026-04-14 12:20:39,246 - INFO - *******GROWING CR RULE*******
2026-04-14 12:20:39,366 - INFO - Iteracja 0: condition_best: Input1 <= 45.50, quality_best: 0.546, coverage_best: (p=293, n=65, P=371, N=324)
2026-04-14 12:20:39,366 - INFO - Regula po iteracji 0: IF Input1 <= 45.50 THEN class = {29.19} [7.78, 50.61], (p=293, n=65, P=371, N=324)
2026-04-14 12:20:39,420 - INFO - Iteracja 1: condition_best: Input1 >= 15.50, quality_best: 0.616, coverage_best: (p=232, n=35, P=347, N=348)
2026-04-14 12:20:39,420 - INFO - Regula po iteracji 1: IF Input1 <= 45.50 AND Input1 >= 15.50 THEN class = {33.69} [12.67, 54.72], (p=232, n=35, P=347, N=348)
2026-04-14 12:20:39,460 - INFO - Iteracja 2: condition_best: Input3 >= 11.50, quality_best: 0.628, coverage_best: (p=216, n=27, P=350, N=345)
2026-04-14 12:20:39,460 - INFO - Regula po iteracji 2: IF Input1 <= 45.50 AND Input1 >= 15.50 AND Input3 >= 11.50 THEN class = {34.21} [12.96, 55.46], (p=216, n=27, P=350, N=345)
2026-04-14 12:20:39,497 - INFO - Iteracja 3: condition_best: Input3 <= 227.00, quality_best: 0.626, coverage_best: (p=215, n=27, P=350, N=345)
2026-04-14 12:20:39,497 - INFO - Regula po iteracji 3: IF Input1 <= 45.50 AND Input1 >= 15.50 AND Input3 >= 11.50 AND Input3 <= 227.00 THEN class = {34.26} [12.98, 55.54], (p=215, n=27, P=350, N=345)
2026-04-14 12:20:39,534 - INFO - Iteracja 4: condition_best: Input4 <= 168.50, quality_best: 0.624, coverage_best: (p=214, n=27, P=350, N=345)
2026-04-14 12:20:39,534 - INFO - Regula po iteracji 4: IF Input1 <= 45.50 AND Input1 >= 15.50 AND Input3 >= 11.50 AND Input3 <= 227.00 AND Input4 <= 168.50 THEN class = {34.24} [12.92, 55.57], (p=214, n=27, P=350, N=345)
2026-04-14 12:20:39,534 - INFO - *******STOP GROWING CR RULE*******
2026-04-14 12:20:39,537 - INFO - *******GROWING CR RULE*******
2026-04-14 12:20:39,654 - INFO - Iteracja 0: condition_best: Input1 <= 48.50, quality_best: 0.524, coverage_best: (p=313, n=73, P=384, N=311)
2026-04-14 12:20:39,655 - INFO - Regula po iteracji 0: IF Input1 <= 48.50 THEN class = {31.19} [8.38, 54.00], (p=313, n=73, P=384, N=311)
2026-04-14 12:20:39,710 - INFO - Iteracja 1: condition_best: Input1 >= 15.50, quality_best: 0.592, coverage_best: (p=250, n=45, P=351, N=344)
2026-04-14 12:20:39,710 - INFO - Regula po iteracji 1: IF Input1 <= 48.50 AND Input1 >= 15.50 THEN class = {35.88} [13.45, 58.32], (p=250, n=45, P=351, N=344)
2026-04-14 12:20:39,753 - INFO - Iteracja 2: condition_best: Input4 >= 6.50, quality_best: 0.605, coverage_best: (p=249, n=42, P=351, N=344)
2026-04-14 12:20:39,753 - INFO - Regula po iteracji 2: IF Input1 <= 48.50 AND Input1 >= 15.50 AND Input4 >= 6.50 THEN class = {36.26} [13.92, 58.60], (p=249, n=42, P=351, N=344)
2026-04-14 12:20:39,795 - INFO - Iteracja 3: condition_best: Input1 <= 46.50, quality_best: 0.615, coverage_best: (p=238, n=38, P=344, N=351)
2026-04-14 12:20:39,795 - INFO - Regula po iteracji 3: IF Input1 <= 48.50 AND Input1 >= 15.50 AND Input4 >= 6.50 AND Input1 <= 46.50 THEN class = {35.09} [13.45, 56.72], (p=238, n=38, P=344, N=351)
2026-04-14 12:20:39,836 - INFO - Iteracja 4: condition_best: Input3 >= 5.00, quality_best: 0.619, coverage_best: (p=237, n=37, P=344, N=351)
2026-04-14 12:20:39,836 - INFO - Regula po iteracji 4: IF Input1 <= 48.50 AND Input1 >= 15.50 AND Input4 >= 6.50 AND Input1 <= 46.50 AND Input3 >= 5.00 THEN class = {34.88} [13.59, 56.16], (p=237, n=37, P=344, N=351)
2026-04-14 12:20:39,836 - INFO - *******STOP GROWING CR RULE*******
2026-04-14 12:20:39,838 - INFO - *******GROWING CR RULE*******
2026-04-14 12:20:39,955 - INFO - Iteracja 0: condition_best: Input1 <= 48.50, quality_best: 0.524, coverage_best: (p=313, n=73, P=384, N=311)
2026-04-14 12:20:39,956 - INFO - Regula po iteracji 0: IF Input1 <= 48.50 THEN class = {31.19} [8.38, 54.00], (p=313, n=73, P=384, N=311)
2026-04-14 12:20:40,011 - INFO - Iteracja 1: condition_best: Input1 >= 15.50, quality_best: 0.592, coverage_best: (p=250, n=45, P=351, N=344)
2026-04-14 12:20:40,011 - INFO - Regula po iteracji 1: IF Input1 <= 48.50 AND Input1 >= 15.50 THEN class = {35.88} [13.45, 58.32], (p=250, n=45, P=351, N=344)
2026-04-14 12:20:40,053 - INFO - Iteracja 2: condition_best: Input4 >= 6.50, quality_best: 0.605, coverage_best: (p=249, n=42, P=351, N=344)
2026-04-14 12:20:40,053 - INFO - Regula po iteracji 2: IF Input1 <= 48.50 AND Input1 >= 15.50 AND Input4 >= 6.50 THEN class = {36.26} [13.92, 58.60], (p=249, n=42, P=351, N=344)
2026-04-14 12:20:40,094 - INFO - Iteracja 3: condition_best: Input1 <= 47.50, quality_best: 0.605, coverage_best: (p=246, n=41, P=351, N=344)
2026-04-14 12:20:40,094 - INFO - Regula po iteracji 3: IF Input1 <= 48.50 AND Input1 >= 15.50 AND Input4 >= 6.50 AND Input1 <= 47.50 THEN class = {36.19} [13.75, 58.63], (p=246, n=41, P=351, N=344)
2026-04-14 12:20:40,136 - INFO - Iteracja 4: condition_best: Input3 <= 196.00, quality_best: 0.609, coverage_best: (p=243, n=38, P=355, N=340)
2026-04-14 12:20:40,136 - INFO - Regula po iteracji 4: IF Input1 <= 48.50 AND Input1 >= 15.50 AND Input4 >= 6.50 AND Input1 <= 47.50 AND Input3 <= 196.00 THEN class = {36.47} [13.89, 59.06], (p=243, n=38, P=355, N=340)
2026-04-14 12:20:40,136 - INFO - *******STOP GROWING CR RULE*******
2026-04-14 12:20:40,138 - INFO - *******GROWING CR RULE*******
2026-04-14 12:20:40,253 - INFO - Iteracja 0: condition_best: Input1 <= 48.50, quality_best: 0.524, coverage_best: (p=313, n=73, P=384, N=311)
2026-04-14 12:20:40,253 - INFO - Regula po iteracji 0: IF Input1 <= 48.50 THEN class = {31.19} [8.38, 54.00], (p=313, n=73, P=384, N=311)
2026-04-14 12:20:40,308 - INFO - Iteracja 1: condition_best: Input1 >= 7.50, quality_best: 0.568, coverage_best: (p=305, n=60, P=384, N=311)
2026-04-14 12:20:40,308 - INFO - Regula po iteracji 1: IF Input1 <= 48.50 AND Input1 >= 7.50 THEN class = {31.81} [8.99, 54.64], (p=305, n=60, P=384, N=311)
2026-04-14 12:20:40,360 - INFO - Iteracja 2: condition_best: Input2 <= 187.00, quality_best: 0.576, coverage_best: (p=297, n=57, P=379, N=316)
2026-04-14 12:20:40,360 - INFO - Regula po iteracji 2: IF Input1 <= 48.50 AND Input1 >= 7.50 AND Input2 <= 187.00 THEN class = {32.55} [9.76, 55.34], (p=297, n=57, P=379, N=316)
2026-04-14 12:20:40,410 - INFO - Iteracja 3: condition_best: Input4 >= 4.50, quality_best: 0.585, coverage_best: (p=297, n=55, P=379, N=316)
2026-04-14 12:20:40,410 - INFO - Regula po iteracji 3: IF Input1 <= 48.50 AND Input1 >= 7.50 AND Input2 <= 187.00 AND Input4 >= 4.50 THEN class = {32.72} [9.97, 55.46], (p=297, n=55, P=379, N=316)
2026-04-14 12:20:40,461 - INFO - Iteracja 4: condition_best: Input1 >= 8.50, quality_best: 0.588, coverage_best: (p=296, n=54, P=379, N=316)
2026-04-14 12:20:40,462 - INFO - Regula po iteracji 4: IF Input1 <= 48.50 AND Input1 >= 7.50 AND Input2 <= 187.00 AND Input4 >= 4.50 AND Input1 >= 8.50 THEN class = {32.75} [9.98, 55.51], (p=296, n=54, P=379, N=316)
2026-04-14 12:20:40,462 - INFO - *******STOP GROWING CR RULE*******
2026-04-14 12:20:40,464 - INFO - *******GROWING CR RULE*******
2026-04-14 12:20:40,579 - INFO - Iteracja 0: condition_best: Input1 <= 49.50, quality_best: 0.511, coverage_best: (p=316, n=76, P=387, N=308)
2026-04-14 12:20:40,579 - INFO - Regula po iteracji 0: IF Input1 <= 49.50 THEN class = {31.94} [8.46, 55.42], (p=316, n=76, P=387, N=308)
2026-04-14 12:20:40,635 - INFO - Iteracja 1: condition_best: Input1 >= 15.50, quality_best: 0.584, coverage_best: (p=254, n=47, P=355, N=340)
2026-04-14 12:20:40,635 - INFO - Regula po iteracji 1: IF Input1 <= 49.50 AND Input1 >= 15.50 THEN class = {36.76} [13.62, 59.89], (p=254, n=47, P=355, N=340)
2026-04-14 12:20:40,677 - INFO - Iteracja 2: condition_best: Input4 >= 5.00, quality_best: 0.596, coverage_best: (p=255, n=44, P=358, N=337)
2026-04-14 12:20:40,678 - INFO - Regula po iteracji 2: IF Input1 <= 49.50 AND Input1 >= 15.50 AND Input4 >= 5.00 THEN class = {36.98} [13.94, 60.03], (p=255, n=44, P=358, N=337)
2026-04-14 12:20:40,720 - INFO - Iteracja 3: condition_best: Input2 >= 3.50, quality_best: 0.594, coverage_best: (p=254, n=44, P=358, N=337)
2026-04-14 12:20:40,720 - INFO - Regula po iteracji 3: IF Input1 <= 49.50 AND Input1 >= 15.50 AND Input4 >= 5.00 AND Input2 >= 3.50 THEN class = {37.03} [13.96, 60.10], (p=254, n=44, P=358, N=337)
2026-04-14 12:20:40,763 - INFO - Iteracja 4: condition_best: Input3 <= 227.00, quality_best: 0.593, coverage_best: (p=253, n=44, P=358, N=337)
2026-04-14 12:20:40,763 - INFO - Regula po iteracji 4: IF Input1 <= 49.50 AND Input1 >= 15.50 AND Input4 >= 5.00 AND Input2 >= 3.50 AND Input3 <= 227.00 THEN class = {37.08} [13.99, 60.17], (p=253, n=44, P=358, N=337)
2026-04-14 12:20:40,763 - INFO - *******STOP GROWING CR RULE*******
2026-04-14 12:20:40,765 - INFO - *******GROWING CR RULE*******
2026-04-14 12:20:40,881 - INFO - Iteracja 0: condition_best: Input1 <= 50.50, quality_best: 0.51, coverage_best: (p=322, n=77, P=391, N=304)
2026-04-14 12:20:40,881 - INFO - Regula po iteracji 0: IF Input1 <= 50.50 THEN class = {32.41} [8.66, 56.16], (p=322, n=77, P=391, N=304)
2026-04-14 12:20:40,937 - INFO - Iteracja 1: condition_best: Input1 >= 13.50, quality_best: 0.583, coverage_best: (p=275, n=52, P=365, N=330)
2026-04-14 12:20:40,937 - INFO - Regula po iteracji 1: IF Input1 <= 50.50 AND Input1 >= 13.50 THEN class = {35.98} [12.68, 59.28], (p=275, n=52, P=365, N=330)
2026-04-14 12:20:40,982 - INFO - Iteracja 2: condition_best: Input4 >= 4.50, quality_best: 0.593, coverage_best: (p=275, n=50, P=365, N=330)
2026-04-14 12:20:40,982 - INFO - Regula po iteracji 2: IF Input1 <= 50.50 AND Input1 >= 13.50 AND Input4 >= 4.50 THEN class = {36.18} [12.95, 59.41], (p=275, n=50, P=365, N=330)
2026-04-14 12:20:41,028 - INFO - Iteracja 3: condition_best: Input2 >= 3.50, quality_best: 0.591, coverage_best: (p=274, n=50, P=365, N=330)
2026-04-14 12:20:41,028 - INFO - Regula po iteracji 3: IF Input1 <= 50.50 AND Input1 >= 13.50 AND Input4 >= 4.50 AND Input2 >= 3.50 THEN class = {36.23} [12.97, 59.48], (p=274, n=50, P=365, N=330)
2026-04-14 12:20:41,074 - INFO - Iteracja 4: condition_best: Input3 <= 235.50, quality_best: 0.589, coverage_best: (p=273, n=50, P=365, N=330)
2026-04-14 12:20:41,074 - INFO - Regula po iteracji 4: IF Input1 <= 50.50 AND Input1 >= 13.50 AND Input4 >= 4.50 AND Input2 >= 3.50 AND Input3 <= 235.50 THEN class = {36.26} [12.98, 59.54], (p=273, n=50, P=365, N=330)
2026-04-14 12:20:41,074 - INFO - *******STOP GROWING CR RULE*******
2026-04-14 12:20:41,076 - INFO - *******GROWING CR RULE*******
2026-04-14 12:20:41,191 - INFO - Iteracja 0: condition_best: Input1 <= 51.50, quality_best: 0.498, coverage_best: (p=325, n=80, P=393, N=302)
2026-04-14 12:20:41,192 - INFO - Regula po iteracji 0: IF Input1 <= 51.50 THEN class = {33.07} [8.77, 57.37], (p=325, n=80, P=393, N=302)
2026-04-14 12:20:41,247 - INFO - Iteracja 1: condition_best: Input1 >= 11.50, quality_best: 0.57, coverage_best: (p=291, n=57, P=376, N=319)
2026-04-14 12:20:41,248 - INFO - Regula po iteracji 1: IF Input1 <= 51.50 AND Input1 >= 11.50 THEN class = {35.72} [11.87, 59.56], (p=291, n=57, P=376, N=319)
2026-04-14 12:20:41,296 - INFO - Iteracja 2: condition_best: Input3 >= 4.50, quality_best: 0.573, coverage_best: (p=290, n=56, P=376, N=319)
2026-04-14 12:20:41,296 - INFO - Regula po iteracji 2: IF Input1 <= 51.50 AND Input1 >= 11.50 AND Input3 >= 4.50 THEN class = {35.55} [11.94, 59.17], (p=290, n=56, P=376, N=319)
2026-04-14 12:20:41,344 - INFO - Iteracja 3: condition_best: Input3 <= 235.50, quality_best: 0.572, coverage_best: (p=289, n=56, P=376, N=319)
2026-04-14 12:20:41,344 - INFO - Regula po iteracji 3: IF Input1 <= 51.50 AND Input1 >= 11.50 AND Input3 >= 4.50 AND Input3 <= 235.50 THEN class = {35.59} [11.95, 59.22], (p=289, n=56, P=376, N=319)
2026-04-14 12:20:41,392 - INFO - Iteracja 4: condition_best: Input3 <= 227.00, quality_best: 0.57, coverage_best: (p=288, n=56, P=376, N=319)
2026-04-14 12:20:41,392 - INFO - Regula po iteracji 4: IF Input1 <= 51.50 AND Input1 >= 11.50 AND Input3 >= 4.50 AND Input3 <= 235.50 AND Input3 <= 227.00 THEN class = {35.62} [11.96, 59.29], (p=288, n=56, P=376, N=319)
2026-04-14 12:20:41,392 - INFO - *******STOP GROWING CR RULE*******
2026-04-14 12:20:41,394 - INFO - *******GROWING CR RULE*******
2026-04-14 12:20:41,508 - INFO - Iteracja 0: condition_best: Input1 >= 194.00, quality_best: 0.498, coverage_best: (p=9, n=1, P=74, N=621)
2026-04-14 12:20:41,508 - INFO - Regula po iteracji 0: IF Input1 >= 194.00 THEN class = {189.00} [124.29, 253.71], (p=9, n=1, P=74, N=621)
2026-04-14 12:20:41,512 - INFO - Iteracja 1: condition_best: Input3 >= 15.50, quality_best: 0.712, coverage_best: (p=5, n=2, P=5, N=690)
2026-04-14 12:20:41,512 - INFO - Regula po iteracji 1: IF Input1 >= 194.00 AND Input3 >= 15.50 THEN class = {210.71} [198.02, 223.41], (p=5, n=2, P=5, N=690)
2026-04-14 12:20:41,514 - INFO - Iteracja 2: condition_best: Input4 <= 126.00, quality_best: 0.719, coverage_best: (p=4, n=1, P=5, N=690)
2026-04-14 12:20:41,514 - INFO - Regula po iteracji 2: IF Input1 >= 194.00 AND Input3 >= 15.50 AND Input4 <= 126.00 THEN class = {212.60} [201.00, 224.20], (p=4, n=1, P=5, N=690)
2026-04-14 12:20:41,515 - INFO - Iteracja 3: condition_best: None, quality_best: -inf, coverage_best: (p=0, n=0, P=0, N=0)
2026-04-14 12:20:41,515 - INFO - Regula po iteracji 3: IF Input1 >= 194.00 AND Input3 >= 15.50 AND Input4 <= 126.00 THEN class = {212.60} [201.00, 224.20], (p=4, n=1, P=5, N=690)
2026-04-14 12:20:41,515 - INFO - *******STOP GROWING CR RULE*******
2026-04-14 12:20:41,517 - INFO - *******GROWING CR RULE*******
2026-04-14 12:20:41,632 - INFO - Iteracja 0: condition_best: Input1 >= 194.00, quality_best: 0.498, coverage_best: (p=9, n=1, P=74, N=621)
2026-04-14 12:20:41,632 - INFO - Regula po iteracji 0: IF Input1 >= 194.00 THEN class = {189.00} [124.29, 253.71], (p=9, n=1, P=74, N=621)
2026-04-14 12:20:41,635 - INFO - Iteracja 1: condition_best: Input2 <= 9.50, quality_best: 0.479, coverage_best: (p=8, n=1, P=83, N=612)
2026-04-14 12:20:41,635 - INFO - Regula po iteracji 1: IF Input1 >= 194.00 AND Input2 <= 9.50 THEN class = {187.11} [119.17, 255.06], (p=8, n=1, P=83, N=612)
2026-04-14 12:20:41,637 - INFO - Iteracja 2: condition_best: None, quality_best: -inf, coverage_best: (p=0, n=0, P=0, N=0)
2026-04-14 12:20:41,637 - INFO - Regula po iteracji 2: IF Input1 >= 194.00 AND Input2 <= 9.50 THEN class = {187.11} [119.17, 255.06], (p=8, n=1, P=83, N=612)
2026-04-14 12:20:41,637 - INFO - *******STOP GROWING CR RULE*******
2026-04-14 12:20:41,639 - INFO - *******GROWING CR RULE*******
2026-04-14 12:20:41,753 - INFO - Iteracja 0: condition_best: Input1 <= 52.50, quality_best: 0.497, coverage_best: (p=330, n=80, P=398, N=297)
2026-04-14 12:20:41,753 - INFO - Regula po iteracji 0: IF Input1 <= 52.50 THEN class = {33.46} [8.82, 58.09], (p=330, n=80, P=398, N=297)
2026-04-14 12:20:41,810 - INFO - Iteracja 1: condition_best: Input1 >= 11.50, quality_best: 0.561, coverage_best: (p=294, n=59, P=379, N=316)
2026-04-14 12:20:41,810 - INFO - Regula po iteracji 1: IF Input1 <= 52.50 AND Input1 >= 11.50 THEN class = {36.12} [11.92, 60.33], (p=294, n=59, P=379, N=316)
2026-04-14 12:20:41,859 - INFO - Iteracja 2: condition_best: Input3 >= 4.50, quality_best: 0.563, coverage_best: (p=292, n=59, P=376, N=319)
2026-04-14 12:20:41,859 - INFO - Regula po iteracji 2: IF Input1 <= 52.50 AND Input1 >= 11.50 AND Input3 >= 4.50 THEN class = {35.97} [11.98, 59.95], (p=292, n=59, P=376, N=319)
2026-04-14 12:20:41,908 - INFO - Iteracja 3: condition_best: Input3 <= 235.50, quality_best: 0.563, coverage_best: (p=292, n=58, P=379, N=316)
2026-04-14 12:20:41,908 - INFO - Regula po iteracji 3: IF Input1 <= 52.50 AND Input1 >= 11.50 AND Input3 >= 4.50 AND Input3 <= 235.50 THEN class = {36.00} [11.99, 60.01], (p=292, n=58, P=379, N=316)
2026-04-14 12:20:41,956 - INFO - Iteracja 4: condition_best: Input1 >= 13.50, quality_best: 0.562, coverage_best: (p=279, n=56, P=371, N=324)
2026-04-14 12:20:41,956 - INFO - Regula po iteracji 4: IF Input1 <= 52.50 AND Input1 >= 11.50 AND Input3 >= 4.50 AND Input3 <= 235.50 AND Input1 >= 13.50 THEN class = {37.01} [12.98, 61.04], (p=279, n=56, P=371, N=324)
2026-04-14 12:20:41,956 - INFO - *******STOP GROWING CR RULE*******
2026-04-14 12:20:41,959 - INFO - *******GROWING CR RULE*******
2026-04-14 12:20:42,073 - INFO - Iteracja 0: condition_best: Input4 <= 31.50, quality_best: 0.488, coverage_best: (p=213, n=43, P=382, N=313)
2026-04-14 12:20:42,073 - INFO - Regula po iteracji 0: IF Input4 <= 31.50 THEN class = {28.16} [5.57, 50.74], (p=213, n=43, P=382, N=313)
2026-04-14 12:20:42,111 - INFO - Iteracja 1: condition_best: Input3 >= 7.50, quality_best: 0.529, coverage_best: (p=201, n=34, P=373, N=322)
2026-04-14 12:20:42,111 - INFO - Regula po iteracji 1: IF Input4 <= 31.50 AND Input3 >= 7.50 THEN class = {28.23} [6.64, 49.82], (p=201, n=34, P=373, N=322)
2026-04-14 12:20:42,144 - INFO - Iteracja 2: condition_best: Input2 <= 244.50, quality_best: 0.535, coverage_best: (p=201, n=33, P=373, N=322)
2026-04-14 12:20:42,144 - INFO - Regula po iteracji 2: IF Input4 <= 31.50 AND Input3 >= 7.50 AND Input2 <= 244.50 THEN class = {28.33} [6.74, 49.91], (p=201, n=33, P=373, N=322)
2026-04-14 12:20:42,178 - INFO - Iteracja 3: condition_best: Input1 >= 9.50, quality_best: 0.534, coverage_best: (p=182, n=27, P=375, N=320)
2026-04-14 12:20:42,178 - INFO - Regula po iteracji 3: IF Input4 <= 31.50 AND Input3 >= 7.50 AND Input2 <= 244.50 AND Input1 >= 9.50 THEN class = {30.43} [8.73, 52.13], (p=182, n=27, P=375, N=320)
2026-04-14 12:20:42,208 - INFO - Iteracja 4: condition_best: Input4 >= 6.50, quality_best: 0.541, coverage_best: (p=182, n=26, P=375, N=320)
2026-04-14 12:20:42,208 - INFO - Regula po iteracji 4: IF Input4 <= 31.50 AND Input3 >= 7.50 AND Input2 <= 244.50 AND Input1 >= 9.50 AND Input4 >= 6.50 THEN class = {30.54} [8.85, 52.23], (p=182, n=26, P=375, N=320)
2026-04-14 12:20:42,208 - INFO - *******STOP GROWING CR RULE*******
2026-04-14 12:20:42,211 - INFO - *******GROWING CR RULE*******
2026-04-14 12:20:42,324 - INFO - Iteracja 0: condition_best: Input4 <= 46.50, quality_best: 0.465, coverage_best: (p=305, n=63, P=433, N=262)
2026-04-14 12:20:42,324 - INFO - Regula po iteracji 0: IF Input4 <= 46.50 THEN class = {35.09} [6.32, 63.86], (p=305, n=63, P=433, N=262)
2026-04-14 12:20:42,376 - INFO - Iteracja 1: condition_best: Input2 >= 12.50, quality_best: 0.512, coverage_best: (p=288, n=56, P=411, N=284)
2026-04-14 12:20:42,376 - INFO - Regula po iteracji 1: IF Input4 <= 46.50 AND Input2 >= 12.50 THEN class = {33.49} [7.80, 59.17], (p=288, n=56, P=411, N=284)
2026-04-14 12:20:42,422 - INFO - Iteracja 2: condition_best: Input1 >= 11.50, quality_best: 0.531, coverage_best: (p=250, n=47, P=386, N=309)
2026-04-14 12:20:42,422 - INFO - Regula po iteracji 2: IF Input4 <= 46.50 AND Input2 >= 12.50 AND Input1 >= 11.50 THEN class = {37.00} [11.39, 62.61], (p=250, n=47, P=386, N=309)
2026-04-14 12:20:42,462 - INFO - Iteracja 3: condition_best: Input2 >= 14.50, quality_best: 0.557, coverage_best: (p=248, n=44, P=376, N=319)
2026-04-14 12:20:42,462 - INFO - Regula po iteracji 3: IF Input4 <= 46.50 AND Input2 >= 12.50 AND Input1 >= 11.50 AND Input2 >= 14.50 THEN class = {35.78} [11.96, 59.61], (p=248, n=44, P=376, N=319)
2026-04-14 12:20:42,501 - INFO - Iteracja 4: condition_best: Input4 <= 45.50, quality_best: 0.541, coverage_best: (p=239, n=44, P=376, N=319)
2026-04-14 12:20:42,501 - INFO - Regula po iteracji 4: IF Input4 <= 46.50 AND Input2 >= 12.50 AND Input1 >= 11.50 AND Input2 >= 14.50 AND Input4 <= 45.50 THEN class = {35.66} [11.62, 59.71], (p=239, n=44, P=376, N=319)
2026-04-14 12:20:42,501 - INFO - *******STOP GROWING CR RULE*******
2026-04-14 12:20:42,503 - INFO - *******GROWING CR RULE*******
2026-04-14 12:20:42,617 - INFO - Iteracja 0: condition_best: Input1 <= 58.50, quality_best: 0.458, coverage_best: (p=339, n=94, P=397, N=298)
2026-04-14 12:20:42,617 - INFO - Regula po iteracji 0: IF Input1 <= 58.50 THEN class = {34.83} [9.43, 60.23], (p=339, n=94, P=397, N=298)
2026-04-14 12:20:42,677 - INFO - Iteracja 1: condition_best: Input1 >= 12.50, quality_best: 0.52, coverage_best: (p=299, n=72, P=375, N=320)
2026-04-14 12:20:42,678 - INFO - Regula po iteracji 1: IF Input1 <= 58.50 AND Input1 >= 12.50 THEN class = {37.84} [12.84, 62.83], (p=299, n=72, P=375, N=320)
2026-04-14 12:20:42,730 - INFO - Iteracja 2: condition_best: Input3 >= 24.50, quality_best: 0.531, coverage_best: (p=211, n=35, P=382, N=313)
2026-04-14 12:20:42,730 - INFO - Regula po iteracji 2: IF Input1 <= 58.50 AND Input1 >= 12.50 AND Input3 >= 24.50 THEN class = {36.46} [11.70, 61.21], (p=211, n=35, P=382, N=313)
2026-04-14 12:20:42,771 - INFO - Iteracja 3: condition_best: Input1 >= 15.50, quality_best: 0.541, coverage_best: (p=202, n=32, P=375, N=320)
2026-04-14 12:20:42,771 - INFO - Regula po iteracji 3: IF Input1 <= 58.50 AND Input1 >= 12.50 AND Input3 >= 24.50 AND Input1 >= 15.50 THEN class = {37.65} [12.87, 62.43], (p=202, n=32, P=375, N=320)
2026-04-14 12:20:42,809 - INFO - Iteracja 4: condition_best: Input2 <= 164.50, quality_best: 0.539, coverage_best: (p=201, n=32, P=375, N=320)
2026-04-14 12:20:42,809 - INFO - Regula po iteracji 4: IF Input1 <= 58.50 AND Input1 >= 12.50 AND Input3 >= 24.50 AND Input1 >= 15.50 AND Input2 <= 164.50 THEN class = {37.76} [12.97, 62.54], (p=201, n=32, P=375, N=320)
2026-04-14 12:20:42,809 - INFO - *******STOP GROWING CR RULE*******
2026-04-14 12:20:42,811 - INFO - *******GROWING CR RULE*******
2026-04-14 12:20:42,924 - INFO - Iteracja 0: condition_best: Input1 <= 60.50, quality_best: 0.455, coverage_best: (p=342, n=96, P=397, N=298)
2026-04-14 12:20:42,924 - INFO - Regula po iteracji 0: IF Input1 <= 60.50 THEN class = {35.05} [9.64, 60.47], (p=342, n=96, P=397, N=298)
2026-04-14 12:20:42,985 - INFO - Iteracja 1: condition_best: Input1 >= 11.50, quality_best: 0.514, coverage_best: (p=305, n=76, P=375, N=320)
2026-04-14 12:20:42,985 - INFO - Regula po iteracji 1: IF Input1 <= 60.50 AND Input1 >= 11.50 THEN class = {37.77} [12.81, 62.72], (p=305, n=76, P=375, N=320)
2026-04-14 12:20:43,038 - INFO - Iteracja 2: condition_best: Input3 >= 24.50, quality_best: 0.529, coverage_best: (p=216, n=37, P=382, N=313)
2026-04-14 12:20:43,038 - INFO - Regula po iteracji 2: IF Input1 <= 60.50 AND Input1 >= 11.50 AND Input3 >= 24.50 THEN class = {36.69} [11.97, 61.40], (p=216, n=37, P=382, N=313)
2026-04-14 12:20:43,080 - INFO - Iteracja 3: condition_best: Input1 >= 14.50, quality_best: 0.528, coverage_best: (p=208, n=36, P=375, N=320)
2026-04-14 12:20:43,080 - INFO - Regula po iteracji 3: IF Input1 <= 60.50 AND Input1 >= 11.50 AND Input3 >= 24.50 AND Input1 >= 14.50 THEN class = {37.54} [12.81, 62.28], (p=208, n=36, P=375, N=320)
2026-04-14 12:20:43,120 - INFO - Iteracja 4: condition_best: Input2 <= 171.00, quality_best: 0.526, coverage_best: (p=207, n=36, P=375, N=320)
2026-04-14 12:20:43,120 - INFO - Regula po iteracji 4: IF Input1 <= 60.50 AND Input1 >= 11.50 AND Input3 >= 24.50 AND Input1 >= 14.50 AND Input2 <= 171.00 THEN class = {37.64} [12.91, 62.38], (p=207, n=36, P=375, N=320)
2026-04-14 12:20:43,120 - INFO - *******STOP GROWING CR RULE*******
2026-04-14 12:20:43,122 - INFO - *******GROWING CR RULE*******
2026-04-14 12:20:43,234 - INFO - Iteracja 0: condition_best: Input4 <= 47.50, quality_best: 0.455, coverage_best: (p=313, n=65, P=440, N=255)
2026-04-14 12:20:43,234 - INFO - Regula po iteracji 0: IF Input4 <= 47.50 THEN class = {35.95} [6.50, 65.41], (p=313, n=65, P=440, N=255)
2026-04-14 12:20:43,286 - INFO - Iteracja 1: condition_best: Input3 >= 7.50, quality_best: 0.476, coverage_best: (p=298, n=59, P=432, N=263)
2026-04-14 12:20:43,286 - INFO - Regula po iteracji 1: IF Input4 <= 47.50 AND Input3 >= 7.50 THEN class = {36.46} [7.21, 65.70], (p=298, n=59, P=432, N=263)
2026-04-14 12:20:43,334 - INFO - Iteracja 2: condition_best: Input1 >= 10.50, quality_best: 0.501, coverage_best: (p=273, n=47, P=431, N=264)
2026-04-14 12:20:43,334 - INFO - Regula po iteracji 2: IF Input4 <= 47.50 AND Input3 >= 7.50 AND Input1 >= 10.50 THEN class = {39.15} [9.82, 68.49], (p=273, n=47, P=431, N=264)
2026-04-14 12:20:43,376 - INFO - Iteracja 3: condition_best: Input4 >= 7.50, quality_best: 0.505, coverage_best: (p=272, n=46, P=431, N=264)
2026-04-14 12:20:43,376 - INFO - Regula po iteracji 3: IF Input4 <= 47.50 AND Input3 >= 7.50 AND Input1 >= 10.50 AND Input4 >= 7.50 THEN class = {39.32} [9.97, 68.67], (p=272, n=46, P=431, N=264)
2026-04-14 12:20:43,419 - INFO - Iteracja 4: condition_best: Input1 <= 107.00, quality_best: 0.502, coverage_best: (p=263, n=51, P=406, N=289)
2026-04-14 12:20:43,419 - INFO - Regula po iteracji 4: IF Input4 <= 47.50 AND Input3 >= 7.50 AND Input1 >= 10.50 AND Input4 >= 7.50 AND Input1 <= 107.00 THEN class = {38.15} [10.70, 65.60], (p=263, n=51, P=406, N=289)
2026-04-14 12:20:43,419 - INFO - *******STOP GROWING CR RULE*******
2026-04-14 12:20:43,421 - INFO - *******GROWING CR RULE*******
2026-04-14 12:20:43,534 - INFO - Iteracja 0: condition_best: Input1 <= 63.50, quality_best: 0.447, coverage_best: (p=348, n=99, P=400, N=295)
2026-04-14 12:20:43,534 - INFO - Regula po iteracji 0: IF Input1 <= 63.50 THEN class = {35.78} [9.67, 61.89], (p=348, n=99, P=400, N=295)
2026-04-14 12:20:43,599 - INFO - Iteracja 1: condition_best: Input1 >= 13.50, quality_best: 0.501, coverage_best: (p=299, n=76, P=376, N=319)
2026-04-14 12:20:43,599 - INFO - Regula po iteracji 1: IF Input1 <= 63.50 AND Input1 >= 13.50 THEN class = {39.54} [13.85, 65.23], (p=299, n=76, P=376, N=319)
2026-04-14 12:20:43,652 - INFO - Iteracja 2: condition_best: Input3 >= 24.50, quality_best: 0.517, coverage_best: (p=214, n=40, P=375, N=320)
2026-04-14 12:20:43,652 - INFO - Regula po iteracji 2: IF Input1 <= 63.50 AND Input1 >= 13.50 AND Input3 >= 24.50 THEN class = {37.43} [12.72, 62.13], (p=214, n=40, P=375, N=320)
2026-04-14 12:20:43,693 - INFO - Iteracja 3: condition_best: Input2 <= 174.50, quality_best: 0.515, coverage_best: (p=213, n=40, P=375, N=320)
2026-04-14 12:20:43,694 - INFO - Regula po iteracji 3: IF Input1 <= 63.50 AND Input1 >= 13.50 AND Input3 >= 24.50 AND Input2 <= 174.50 THEN class = {37.52} [12.82, 62.23], (p=213, n=40, P=375, N=320)
2026-04-14 12:20:43,736 - INFO - Iteracja 4: condition_best: Input1 >= 15.50, quality_best: 0.515, coverage_best: (p=206, n=39, P=369, N=326)
2026-04-14 12:20:43,736 - INFO - Regula po iteracji 4: IF Input1 <= 63.50 AND Input1 >= 13.50 AND Input3 >= 24.50 AND Input2 <= 174.50 AND Input1 >= 15.50 THEN class = {38.29} [13.58, 63.01], (p=206, n=39, P=369, N=326)
2026-04-14 12:20:43,736 - INFO - *******STOP GROWING CR RULE*******
2026-04-14 12:20:43,737 - INFO - *******GROWING CR RULE*******
2026-04-14 12:20:43,850 - INFO - Iteracja 0: condition_best: Input1 <= 64.50, quality_best: 0.432, coverage_best: (p=351, n=102, P=404, N=291)
2026-04-14 12:20:43,850 - INFO - Regula po iteracji 0: IF Input1 <= 64.50 THEN class = {36.27} [9.78, 62.76], (p=351, n=102, P=404, N=291)
2026-04-14 12:20:43,913 - INFO - Iteracja 1: condition_best: Input1 >= 14.50, quality_best: 0.491, coverage_best: (p=293, n=75, P=378, N=317)
2026-04-14 12:20:43,913 - INFO - Regula po iteracji 1: IF Input1 <= 64.50 AND Input1 >= 14.50 THEN class = {40.95} [14.87, 67.03], (p=293, n=75, P=378, N=317)
2026-04-14 12:20:43,964 - INFO - Iteracja 2: condition_best: Input2 <= 171.00, quality_best: 0.495, coverage_best: (p=293, n=74, P=378, N=317)
2026-04-14 12:20:43,964 - INFO - Regula po iteracji 2: IF Input1 <= 64.50 AND Input1 >= 14.50 AND Input2 <= 171.00 THEN class = {41.02} [14.95, 67.10], (p=293, n=74, P=378, N=317)
2026-04-14 12:20:44,016 - INFO - Iteracja 3: condition_best: Input3 >= 24.50, quality_best: 0.495, coverage_best: (p=210, n=44, P=369, N=326)
2026-04-14 12:20:44,017 - INFO - Regula po iteracji 3: IF Input1 <= 64.50 AND Input1 >= 14.50 AND Input2 <= 171.00 AND Input3 >= 24.50 THEN class = {38.51} [13.40, 63.62], (p=210, n=44, P=369, N=326)
2026-04-14 12:20:44,058 - INFO - Iteracja 4: condition_best: Input1 >= 15.50, quality_best: 0.503, coverage_best: (p=209, n=41, P=374, N=321)
2026-04-14 12:20:44,058 - INFO - Regula po iteracji 4: IF Input1 <= 64.50 AND Input1 >= 14.50 AND Input2 <= 171.00 AND Input3 >= 24.50 AND Input1 >= 15.50 THEN class = {38.87} [13.74, 64.00], (p=209, n=41, P=374, N=321)
2026-04-14 12:20:44,058 - INFO - *******STOP GROWING CR RULE*******
2026-04-14 12:20:44,060 - INFO - *******GROWING CR RULE*******
2026-04-14 12:20:44,172 - INFO - Iteracja 0: condition_best: Input1 >= 152.00, quality_best: 0.43, coverage_best: (p=26, n=8, P=126, N=569)
2026-04-14 12:20:44,172 - INFO - Regula po iteracji 0: IF Input1 >= 152.00 THEN class = {152.32} [96.66, 207.98], (p=26, n=8, P=126, N=569)
2026-04-14 12:20:44,182 - INFO - Iteracja 1: condition_best: Input3 <= 63.00, quality_best: 0.424, coverage_best: (p=20, n=6, P=116, N=579)
2026-04-14 12:20:44,182 - INFO - Regula po iteracji 1: IF Input1 >= 152.00 AND Input3 <= 63.00 THEN class = {162.50} [102.75, 222.25], (p=20, n=6, P=116, N=579)
2026-04-14 12:20:44,189 - INFO - Iteracja 2: condition_best: Input3 >= 6.50, quality_best: 0.52, coverage_best: (p=17, n=6, P=39, N=656)
2026-04-14 12:20:44,189 - INFO - Regula po iteracji 2: IF Input1 >= 152.00 AND Input3 <= 63.00 AND Input3 >= 6.50 THEN class = {179.70} [144.00, 215.39], (p=17, n=6, P=39, N=656)
2026-04-14 12:20:44,196 - INFO - Iteracja 3: condition_best: Input3 <= 46.00, quality_best: 0.637, coverage_best: (p=14, n=3, P=25, N=670)
2026-04-14 12:20:44,196 - INFO - Regula po iteracji 3: IF Input1 >= 152.00 AND Input3 <= 63.00 AND Input3 >= 6.50 AND Input3 <= 46.00 THEN class = {191.29} [156.90, 225.69], (p=14, n=3, P=25, N=670)
2026-04-14 12:20:44,201 - INFO - Iteracja 4: condition_best: Input2 >= 6.50, quality_best: 0.661, coverage_best: (p=14, n=2, P=27, N=668)
2026-04-14 12:20:44,201 - INFO - Regula po iteracji 4: IF Input1 >= 152.00 AND Input3 <= 63.00 AND Input3 >= 6.50 AND Input3 <= 46.00 AND Input2 >= 6.50 THEN class = {188.44} [154.99, 221.88], (p=14, n=2, P=27, N=668)
2026-04-14 12:20:44,201 - INFO - *******STOP GROWING CR RULE*******
2026-04-14 12:20:44,203 - INFO - *******GROWING CR RULE*******
2026-04-14 12:20:44,315 - INFO - Iteracja 0: condition_best: Input1 >= 152.00, quality_best: 0.43, coverage_best: (p=26, n=8, P=126, N=569)
2026-04-14 12:20:44,315 - INFO - Regula po iteracji 0: IF Input1 >= 152.00 THEN class = {152.32} [96.66, 207.98], (p=26, n=8, P=126, N=569)
2026-04-14 12:20:44,324 - INFO - Iteracja 1: condition_best: Input3 <= 63.00, quality_best: 0.424, coverage_best: (p=20, n=6, P=116, N=579)
2026-04-14 12:20:44,324 - INFO - Regula po iteracji 1: IF Input1 >= 152.00 AND Input3 <= 63.00 THEN class = {162.50} [102.75, 222.25], (p=20, n=6, P=116, N=579)
2026-04-14 12:20:44,331 - INFO - Iteracja 2: condition_best: Input3 >= 6.50, quality_best: 0.52, coverage_best: (p=17, n=6, P=39, N=656)
2026-04-14 12:20:44,331 - INFO - Regula po iteracji 2: IF Input1 >= 152.00 AND Input3 <= 63.00 AND Input3 >= 6.50 THEN class = {179.70} [144.00, 215.39], (p=17, n=6, P=39, N=656)
2026-04-14 12:20:44,338 - INFO - Iteracja 3: condition_best: Input2 <= 15.50, quality_best: 0.56, coverage_best: (p=17, n=5, P=36, N=659)
2026-04-14 12:20:44,338 - INFO - Regula po iteracji 3: IF Input1 >= 152.00 AND Input3 <= 63.00 AND Input3 >= 6.50 AND Input2 <= 15.50 THEN class = {181.86} [146.88, 216.84], (p=17, n=5, P=36, N=659)
2026-04-14 12:20:44,344 - INFO - Iteracja 4: condition_best: Input1 >= 153.50, quality_best: 0.546, coverage_best: (p=16, n=5, P=35, N=660)
2026-04-14 12:20:44,344 - INFO - Regula po iteracji 4: IF Input1 >= 152.00 AND Input3 <= 63.00 AND Input3 >= 6.50 AND Input2 <= 15.50 AND Input1 >= 153.50 THEN class = {182.67} [147.06, 218.27], (p=16, n=5, P=35, N=660)
2026-04-14 12:20:44,344 - INFO - *******STOP GROWING CR RULE*******
2026-04-14 12:20:44,346 - INFO - *******GROWING CR RULE*******
2026-04-14 12:20:44,457 - INFO - Iteracja 0: condition_best: Input1 >= 152.00, quality_best: 0.43, coverage_best: (p=26, n=8, P=126, N=569)
2026-04-14 12:20:44,457 - INFO - Regula po iteracji 0: IF Input1 >= 152.00 THEN class = {152.32} [96.66, 207.98], (p=26, n=8, P=126, N=569)
2026-04-14 12:20:44,466 - INFO - Iteracja 1: condition_best: Input2 <= 16.50, quality_best: 0.422, coverage_best: (p=25, n=8, P=126, N=569)
2026-04-14 12:20:44,466 - INFO - Regula po iteracji 1: IF Input1 >= 152.00 AND Input2 <= 16.50 THEN class = {153.36} [97.19, 209.53], (p=25, n=8, P=126, N=569)
2026-04-14 12:20:44,475 - INFO - Iteracja 2: condition_best: Input3 >= 11.50, quality_best: 0.433, coverage_best: (p=19, n=9, P=57, N=638)
2026-04-14 12:20:44,475 - INFO - Regula po iteracji 2: IF Input1 >= 152.00 AND Input2 <= 16.50 AND Input3 >= 11.50 THEN class = {168.32} [129.50, 207.14], (p=19, n=9, P=57, N=638)
2026-04-14 12:20:44,482 - INFO - Iteracja 3: condition_best: Input1 >= 153.50, quality_best: 0.445, coverage_best: (p=19, n=8, P=60, N=635)
2026-04-14 12:20:44,482 - INFO - Regula po iteracji 3: IF Input1 >= 152.00 AND Input2 <= 16.50 AND Input3 >= 11.50 AND Input1 >= 153.50 THEN class = {168.44} [128.92, 207.97], (p=19, n=8, P=60, N=635)
2026-04-14 12:20:44,489 - INFO - Iteracja 4: condition_best: Input3 >= 17.50, quality_best: 0.411, coverage_best: (p=17, n=8, P=63, N=632)
2026-04-14 12:20:44,489 - INFO - Regula po iteracji 4: IF Input1 >= 152.00 AND Input2 <= 16.50 AND Input3 >= 11.50 AND Input1 >= 153.50 AND Input3 >= 17.50 THEN class = {164.16} [126.46, 201.86], (p=17, n=8, P=63, N=632)
2026-04-14 12:20:44,489 - INFO - *******STOP GROWING CR RULE*******
2026-04-14 12:20:44,491 - INFO - *******GROWING CR RULE*******
2026-04-14 12:20:44,603 - INFO - Iteracja 0: condition_best: Input1 >= 79.50, quality_best: 0.429, coverage_best: (p=122, n=51, P=229, N=466)
2026-04-14 12:20:44,603 - INFO - Regula po iteracji 0: IF Input1 >= 79.50 THEN class = {109.10} [61.52, 156.68], (p=122, n=51, P=229, N=466)
2026-04-14 12:20:44,644 - INFO - Iteracja 1: condition_best: Input3 <= 77.50, quality_best: 0.579, coverage_best: (p=83, n=24, P=137, N=558)
2026-04-14 12:20:44,644 - INFO - Regula po iteracji 1: IF Input1 >= 79.50 AND Input3 <= 77.50 THEN class = {133.38} [89.40, 177.37], (p=83, n=24, P=137, N=558)
2026-04-14 12:20:44,671 - INFO - Iteracja 2: condition_best: Input2 >= 5.50, quality_best: 0.619, coverage_best: (p=82, n=23, P=120, N=575)
2026-04-14 12:20:44,671 - INFO - Regula po iteracji 2: IF Input1 >= 79.50 AND Input3 <= 77.50 AND Input2 >= 5.50 THEN class = {135.84} [95.23, 176.45], (p=82, n=23, P=120, N=575)
2026-04-14 12:20:44,697 - INFO - Iteracja 3: condition_best: Input2 <= 38.50, quality_best: 0.629, coverage_best: (p=81, n=22, P=117, N=578)
2026-04-14 12:20:44,697 - INFO - Regula po iteracji 3: IF Input1 >= 79.50 AND Input3 <= 77.50 AND Input2 >= 5.50 AND Input2 <= 38.50 THEN class = {136.94} [96.73, 177.16], (p=81, n=22, P=117, N=578)
2026-04-14 12:20:44,722 - INFO - Iteracja 4: condition_best: Input3 <= 74.50, quality_best: 0.631, coverage_best: (p=80, n=21, P=117, N=578)
2026-04-14 12:20:44,722 - INFO - Regula po iteracji 4: IF Input1 >= 79.50 AND Input3 <= 77.50 AND Input2 >= 5.50 AND Input2 <= 38.50 AND Input3 <= 74.50 THEN class = {137.57} [97.24, 177.91], (p=80, n=21, P=117, N=578)
2026-04-14 12:20:44,722 - INFO - *******STOP GROWING CR RULE*******
2026-04-14 12:20:44,724 - INFO - *******GROWING CR RULE*******
2026-04-14 12:20:44,832 - INFO - Iteracja 0: condition_best: Input1 >= 79.50, quality_best: 0.429, coverage_best: (p=122, n=51, P=229, N=466)
2026-04-14 12:20:44,832 - INFO - Regula po iteracji 0: IF Input1 >= 79.50 THEN class = {109.10} [61.52, 156.68], (p=122, n=51, P=229, N=466)
2026-04-14 12:20:44,871 - INFO - Iteracja 1: condition_best: Input3 <= 79.50, quality_best: 0.562, coverage_best: (p=83, n=26, P=138, N=557)
2026-04-14 12:20:44,871 - INFO - Regula po iteracji 1: IF Input1 >= 79.50 AND Input3 <= 79.50 THEN class = {132.32} [88.05, 176.59], (p=83, n=26, P=138, N=557)
2026-04-14 12:20:44,897 - INFO - Iteracja 2: condition_best: Input4 >= 32.50, quality_best: 0.604, coverage_best: (p=72, n=25, P=99, N=596)
2026-04-14 12:20:44,897 - INFO - Regula po iteracji 2: IF Input1 >= 79.50 AND Input3 <= 79.50 AND Input4 >= 32.50 THEN class = {141.03} [105.94, 176.13], (p=72, n=25, P=99, N=596)
2026-04-14 12:20:44,920 - INFO - Iteracja 3: condition_best: Input1 >= 83.50, quality_best: 0.608, coverage_best: (p=68, n=24, P=92, N=603)
2026-04-14 12:20:44,920 - INFO - Regula po iteracji 3: IF Input1 >= 79.50 AND Input3 <= 79.50 AND Input4 >= 32.50 AND Input1 >= 83.50 THEN class = {142.95} [108.00, 177.89], (p=68, n=24, P=92, N=603)
2026-04-14 12:20:44,943 - INFO - Iteracja 4: condition_best: Input3 >= 23.50, quality_best: 0.62, coverage_best: (p=60, n=16, P=94, N=601)
2026-04-14 12:20:44,943 - INFO - Regula po iteracji 4: IF Input1 >= 79.50 AND Input3 <= 79.50 AND Input4 >= 32.50 AND Input1 >= 83.50 AND Input3 >= 23.50 THEN class = {135.45} [104.41, 166.48], (p=60, n=16, P=94, N=601)
2026-04-14 12:20:44,943 - INFO - *******STOP GROWING CR RULE*******
2026-04-14 12:20:44,944 - INFO - *******GROWING CR RULE*******
2026-04-14 12:20:45,051 - INFO - Iteracja 0: condition_best: Input1 >= 79.50, quality_best: 0.429, coverage_best: (p=122, n=51, P=229, N=466)
2026-04-14 12:20:45,052 - INFO - Regula po iteracji 0: IF Input1 >= 79.50 THEN class = {109.10} [61.52, 156.68], (p=122, n=51, P=229, N=466)
2026-04-14 12:20:45,091 - INFO - Iteracja 1: condition_best: Input3 <= 84.00, quality_best: 0.52, coverage_best: (p=83, n=31, P=143, N=552)
2026-04-14 12:20:45,091 - INFO - Regula po iteracji 1: IF Input1 >= 79.50 AND Input3 <= 84.00 THEN class = {130.37} [86.07, 174.66], (p=83, n=31, P=143, N=552)
2026-04-14 12:20:45,118 - INFO - Iteracja 2: condition_best: Input2 <= 34.50, quality_best: 0.586, coverage_best: (p=85, n=24, P=138, N=557)
2026-04-14 12:20:45,118 - INFO - Regula po iteracji 2: IF Input1 >= 79.50 AND Input3 <= 84.00 AND Input2 <= 34.50 THEN class = {132.61} [88.64, 176.59], (p=85, n=24, P=138, N=557)
2026-04-14 12:20:45,144 - INFO - Iteracja 3: condition_best: Input2 >= 7.50, quality_best: 0.604, coverage_best: (p=76, n=24, P=110, N=585)
2026-04-14 12:20:45,144 - INFO - Regula po iteracji 3: IF Input1 >= 79.50 AND Input3 <= 84.00 AND Input2 <= 34.50 AND Input2 >= 7.50 THEN class = {135.35} [98.12, 172.58], (p=76, n=24, P=110, N=585)
2026-04-14 12:20:45,168 - INFO - Iteracja 4: condition_best: Input1 <= 210.50, quality_best: 0.615, coverage_best: (p=76, n=22, P=112, N=583)
2026-04-14 12:20:45,168 - INFO - Regula po iteracji 4: IF Input1 >= 79.50 AND Input3 <= 84.00 AND Input2 <= 34.50 AND Input2 >= 7.50 AND Input1 <= 210.50 THEN class = {133.93} [97.93, 169.93], (p=76, n=22, P=112, N=583)
2026-04-14 12:20:45,168 - INFO - *******STOP GROWING CR RULE*******
2026-04-14 12:20:45,169 - INFO - *******GROWING CR RULE*******
2026-04-14 12:20:45,277 - INFO - Iteracja 0: condition_best: Input1 >= 79.50, quality_best: 0.429, coverage_best: (p=122, n=51, P=229, N=466)
2026-04-14 12:20:45,277 - INFO - Regula po iteracji 0: IF Input1 >= 79.50 THEN class = {109.10} [61.52, 156.68], (p=122, n=51, P=229, N=466)
2026-04-14 12:20:45,316 - INFO - Iteracja 1: condition_best: Input3 <= 120.50, quality_best: 0.515, coverage_best: (p=110, n=38, P=187, N=508)
2026-04-14 12:20:45,316 - INFO - Regula po iteracji 1: IF Input1 >= 79.50 AND Input3 <= 120.50 THEN class = {118.66} [73.89, 163.42], (p=110, n=38, P=187, N=508)
2026-04-14 12:20:45,351 - INFO - Iteracja 2: condition_best: Input1 >= 80.50, quality_best: 0.512, coverage_best: (p=109, n=38, P=187, N=508)
2026-04-14 12:20:45,351 - INFO - Regula po iteracji 2: IF Input1 >= 79.50 AND Input3 <= 120.50 AND Input1 >= 80.50 THEN class = {118.80} [73.91, 163.68], (p=109, n=38, P=187, N=508)
2026-04-14 12:20:45,386 - INFO - Iteracja 3: condition_best: Input1 >= 81.50, quality_best: 0.508, coverage_best: (p=108, n=38, P=187, N=508)
2026-04-14 12:20:45,386 - INFO - Regula po iteracji 3: IF Input1 >= 79.50 AND Input3 <= 120.50 AND Input1 >= 80.50 AND Input1 >= 81.50 THEN class = {118.92} [73.90, 163.93], (p=108, n=38, P=187, N=508)
2026-04-14 12:20:45,421 - INFO - Iteracja 4: condition_best: Input4 <= 166.00, quality_best: 0.502, coverage_best: (p=101, n=33, P=193, N=502)
2026-04-14 12:20:45,421 - INFO - Regula po iteracji 4: IF Input1 >= 79.50 AND Input3 <= 120.50 AND Input1 >= 80.50 AND Input1 >= 81.50 AND Input4 <= 166.00 THEN class = {119.13} [72.86, 165.39], (p=101, n=33, P=193, N=502)
2026-04-14 12:20:45,421 - INFO - *******STOP GROWING CR RULE*******
2026-04-14 12:20:45,422 - INFO - *******GROWING CR RULE*******
2026-04-14 12:20:45,528 - INFO - Iteracja 0: condition_best: Input1 >= 79.50, quality_best: 0.429, coverage_best: (p=122, n=51, P=229, N=466)
2026-04-14 12:20:45,528 - INFO - Regula po iteracji 0: IF Input1 >= 79.50 THEN class = {109.10} [61.52, 156.68], (p=122, n=51, P=229, N=466)
2026-04-14 12:20:45,566 - INFO - Iteracja 1: condition_best: Input3 <= 122.50, quality_best: 0.511, coverage_best: (p=112, n=39, P=191, N=504)
2026-04-14 12:20:45,566 - INFO - Regula po iteracji 1: IF Input1 >= 79.50 AND Input3 <= 122.50 THEN class = {117.44} [72.28, 162.60], (p=112, n=39, P=191, N=504)
2026-04-14 12:20:45,601 - INFO - Iteracja 2: condition_best: Input1 >= 81.50, quality_best: 0.511, coverage_best: (p=111, n=38, P=192, N=503)
2026-04-14 12:20:45,601 - INFO - Regula po iteracji 2: IF Input1 >= 79.50 AND Input3 <= 122.50 AND Input1 >= 81.50 THEN class = {117.68} [72.26, 163.09], (p=111, n=38, P=192, N=503)
2026-04-14 12:20:45,636 - INFO - Iteracja 3: condition_best: Input4 <= 211.00, quality_best: 0.507, coverage_best: (p=110, n=38, P=192, N=503)
2026-04-14 12:20:45,636 - INFO - Regula po iteracji 3: IF Input1 >= 79.50 AND Input3 <= 122.50 AND Input1 >= 81.50 AND Input4 <= 211.00 THEN class = {117.95} [72.51, 163.40], (p=110, n=38, P=192, N=503)
2026-04-14 12:20:45,671 - INFO - Iteracja 4: condition_best: Input4 <= 189.00, quality_best: 0.504, coverage_best: (p=108, n=36, P=197, N=498)
2026-04-14 12:20:45,671 - INFO - Regula po iteracji 4: IF Input1 >= 79.50 AND Input3 <= 122.50 AND Input1 >= 81.50 AND Input4 <= 211.00 AND Input4 <= 189.00 THEN class = {117.53} [71.73, 163.33], (p=108, n=36, P=197, N=498)
2026-04-14 12:20:45,671 - INFO - *******STOP GROWING CR RULE*******
2026-04-14 12:20:45,672 - INFO - *******GROWING CR RULE*******
2026-04-14 12:20:45,777 - INFO - Iteracja 0: condition_best: Input1 >= 79.50, quality_best: 0.429, coverage_best: (p=122, n=51, P=229, N=466)
2026-04-14 12:20:45,778 - INFO - Regula po iteracji 0: IF Input1 >= 79.50 THEN class = {109.10} [61.52, 156.68], (p=122, n=51, P=229, N=466)
2026-04-14 12:20:45,815 - INFO - Iteracja 1: condition_best: Input3 <= 123.50, quality_best: 0.497, coverage_best: (p=114, n=40, P=201, N=494)
2026-04-14 12:20:45,816 - INFO - Regula po iteracji 1: IF Input1 >= 79.50 AND Input3 <= 123.50 THEN class = {116.14} [70.47, 161.80], (p=114, n=40, P=201, N=494)
2026-04-14 12:20:45,850 - INFO - Iteracja 2: condition_best: Input1 <= 233.50, quality_best: 0.507, coverage_best: (p=113, n=39, P=196, N=499)
2026-04-14 12:20:45,850 - INFO - Regula po iteracji 2: IF Input1 >= 79.50 AND Input3 <= 123.50 AND Input1 <= 233.50 THEN class = {116.49} [71.74, 161.25], (p=113, n=39, P=196, N=499)
2026-04-14 12:20:45,885 - INFO - Iteracja 3: condition_best: Input2 <= 42.50, quality_best: 0.511, coverage_best: (p=112, n=39, P=191, N=504)
2026-04-14 12:20:45,885 - INFO - Regula po iteracji 3: IF Input1 >= 79.50 AND Input3 <= 123.50 AND Input1 <= 233.50 AND Input2 <= 42.50 THEN class = {116.99} [72.49, 161.48], (p=112, n=39, P=191, N=504)
2026-04-14 12:20:45,920 - INFO - Iteracja 4: condition_best: Input1 <= 226.50, quality_best: 0.509, coverage_best: (p=111, n=39, P=190, N=505)
2026-04-14 12:20:45,920 - INFO - Regula po iteracji 4: IF Input1 >= 79.50 AND Input3 <= 123.50 AND Input1 <= 233.50 AND Input2 <= 42.50 AND Input1 <= 226.50 THEN class = {116.43} [72.32, 160.53], (p=111, n=39, P=190, N=505)
2026-04-14 12:20:45,920 - INFO - *******STOP GROWING CR RULE*******
2026-04-14 12:20:45,921 - INFO - *******GROWING CR RULE*******
2026-04-14 12:20:46,026 - INFO - Iteracja 0: condition_best: Input1 >= 79.50, quality_best: 0.429, coverage_best: (p=122, n=51, P=229, N=466)
2026-04-14 12:20:46,026 - INFO - Regula po iteracji 0: IF Input1 >= 79.50 THEN class = {109.10} [61.52, 156.68], (p=122, n=51, P=229, N=466)
2026-04-14 12:20:46,064 - INFO - Iteracja 1: condition_best: Input3 <= 128.50, quality_best: 0.471, coverage_best: (p=115, n=45, P=204, N=491)
2026-04-14 12:20:46,064 - INFO - Regula po iteracji 1: IF Input1 >= 79.50 AND Input3 <= 128.50 THEN class = {113.83} [67.51, 160.16], (p=115, n=45, P=204, N=491)
2026-04-14 12:20:46,100 - INFO - Iteracja 2: condition_best: Input2 <= 42.50, quality_best: 0.47, coverage_best: (p=113, n=45, P=200, N=495)
2026-04-14 12:20:46,100 - INFO - Regula po iteracji 2: IF Input1 >= 79.50 AND Input3 <= 128.50 AND Input2 <= 42.50 THEN class = {114.73} [68.82, 160.65], (p=113, n=45, P=200, N=495)
2026-04-14 12:20:46,136 - INFO - Iteracja 3: condition_best: Input2 >= 6.50, quality_best: 0.482, coverage_best: (p=111, n=43, P=194, N=501)
2026-04-14 12:20:46,136 - INFO - Regula po iteracji 3: IF Input1 >= 79.50 AND Input3 <= 128.50 AND Input2 <= 42.50 AND Input2 >= 6.50 THEN class = {115.00} [71.57, 158.43], (p=111, n=43, P=194, N=501)
2026-04-14 12:20:46,171 - INFO - Iteracja 4: condition_best: Input1 <= 224.00, quality_best: 0.485, coverage_best: (p=110, n=42, P=193, N=502)
2026-04-14 12:20:46,171 - INFO - Regula po iteracji 4: IF Input1 >= 79.50 AND Input3 <= 128.50 AND Input2 <= 42.50 AND Input2 >= 6.50 AND Input1 <= 224.00 THEN class = {114.03} [71.17, 156.90], (p=110, n=42, P=193, N=502)
2026-04-14 12:20:46,171 - INFO - *******STOP GROWING CR RULE*******
2026-04-14 12:20:46,172 - INFO - *******GROWING CR RULE*******
2026-04-14 12:20:46,276 - INFO - Iteracja 0: condition_best: Input1 >= 79.50, quality_best: 0.429, coverage_best: (p=122, n=51, P=229, N=466)
2026-04-14 12:20:46,276 - INFO - Regula po iteracji 0: IF Input1 >= 79.50 THEN class = {109.10} [61.52, 156.68], (p=122, n=51, P=229, N=466)
2026-04-14 12:20:46,314 - INFO - Iteracja 1: condition_best: Input3 <= 134.50, quality_best: 0.444, coverage_best: (p=116, n=48, P=215, N=480)
2026-04-14 12:20:46,314 - INFO - Regula po iteracji 1: IF Input1 >= 79.50 AND Input3 <= 134.50 THEN class = {112.51} [66.00, 159.03], (p=116, n=48, P=215, N=480)
2026-04-14 12:20:46,350 - INFO - Iteracja 2: condition_best: Input4 >= 15.00, quality_best: 0.461, coverage_best: (p=110, n=48, P=189, N=506)
2026-04-14 12:20:46,350 - INFO - Regula po iteracji 2: IF Input1 >= 79.50 AND Input3 <= 134.50 AND Input4 >= 15.00 THEN class = {116.05} [72.67, 159.43], (p=110, n=48, P=189, N=506)
2026-04-14 12:20:46,386 - INFO - Iteracja 3: condition_best: Input1 <= 217.50, quality_best: 0.469, coverage_best: (p=109, n=46, P=188, N=507)
2026-04-14 12:20:46,386 - INFO - Regula po iteracji 3: IF Input1 >= 79.50 AND Input3 <= 134.50 AND Input4 >= 15.00 AND Input1 <= 217.50 THEN class = {114.34} [72.49, 156.18], (p=109, n=46, P=188, N=507)
2026-04-14 12:20:46,421 - INFO - Iteracja 4: condition_best: Input1 >= 80.50, quality_best: 0.465, coverage_best: (p=108, n=46, P=188, N=507)
2026-04-14 12:20:46,421 - INFO - Regula po iteracji 4: IF Input1 >= 79.50 AND Input3 <= 134.50 AND Input4 >= 15.00 AND Input1 <= 217.50 AND Input1 >= 80.50 THEN class = {114.44} [72.48, 156.41], (p=108, n=46, P=188, N=507)
2026-04-14 12:20:46,421 - INFO - *******STOP GROWING CR RULE*******
2026-04-14 12:20:46,422 - INFO - *******GROWING CR RULE*******
2026-04-14 12:20:46,527 - INFO - Iteracja 0: condition_best: Input1 >= 79.50, quality_best: 0.429, coverage_best: (p=122, n=51, P=229, N=466)
2026-04-14 12:20:46,527 - INFO - Regula po iteracji 0: IF Input1 >= 79.50 THEN class = {109.10} [61.52, 156.68], (p=122, n=51, P=229, N=466)
2026-04-14 12:20:46,564 - INFO - Iteracja 1: condition_best: Input3 >= 133.00, quality_best: 0.429, coverage_best: (p=8, n=2, P=76, N=619)
2026-04-14 12:20:46,564 - INFO - Regula po iteracji 1: IF Input1 >= 79.50 AND Input3 >= 133.00 THEN class = {48.60} [42.51, 54.69], (p=8, n=2, P=76, N=619)
2026-04-14 12:20:46,568 - INFO - Iteracja 2: condition_best: Input1 <= 99.50, quality_best: 0.48, coverage_best: (p=8, n=1, P=81, N=614)
2026-04-14 12:20:46,568 - INFO - Regula po iteracji 2: IF Input1 >= 79.50 AND Input3 >= 133.00 AND Input1 <= 99.50 THEN class = {48.22} [41.92, 54.53], (p=8, n=1, P=81, N=614)
2026-04-14 12:20:46,571 - INFO - Iteracja 3: condition_best: Input2 <= 33.50, quality_best: 0.468, coverage_best: (p=7, n=1, P=79, N=616)
2026-04-14 12:20:46,571 - INFO - Regula po iteracji 3: IF Input1 >= 79.50 AND Input3 >= 133.00 AND Input1 <= 99.50 AND Input2 <= 33.50 THEN class = {49.00} [42.74, 55.26], (p=7, n=1, P=79, N=616)
2026-04-14 12:20:46,573 - INFO - Iteracja 4: condition_best: Input3 <= 153.50, quality_best: 0.454, coverage_best: (p=6, n=1, P=74, N=621)
2026-04-14 12:20:46,574 - INFO - Regula po iteracji 4: IF Input1 >= 79.50 AND Input3 >= 133.00 AND Input1 <= 99.50 AND Input2 <= 33.50 AND Input3 <= 153.50 THEN class = {49.86} [43.61, 56.10], (p=6, n=1, P=74, N=621)
2026-04-14 12:20:46,574 - INFO - *******STOP GROWING CR RULE*******
2026-04-14 12:20:46,574 - INFO - *******GROWING CR RULE*******
2026-04-14 12:20:46,679 - INFO - Iteracja 0: condition_best: Input1 <= 66.50, quality_best: 0.414, coverage_best: (p=357, n=104, P=413, N=282)
2026-04-14 12:20:46,679 - INFO - Regula po iteracji 0: IF Input1 <= 66.50 THEN class = {36.91} [9.78, 64.04], (p=357, n=104, P=413, N=282)
2026-04-14 12:20:46,741 - INFO - Iteracja 1: condition_best: Input1 >= 11.50, quality_best: 0.477, coverage_best: (p=320, n=84, P=391, N=304)
2026-04-14 12:20:46,741 - INFO - Regula po iteracji 1: IF Input1 <= 66.50 AND Input1 >= 11.50 THEN class = {39.73} [12.97, 66.49], (p=320, n=84, P=391, N=304)
2026-04-14 12:20:46,796 - INFO - Iteracja 2: condition_best: Input2 <= 163.50, quality_best: 0.483, coverage_best: (p=313, n=81, P=388, N=307)
2026-04-14 12:20:46,796 - INFO - Regula po iteracji 2: IF Input1 <= 66.50 AND Input1 >= 11.50 AND Input2 <= 163.50 THEN class = {40.42} [13.67, 67.16], (p=313, n=81, P=388, N=307)
2026-04-14 12:20:46,850 - INFO - Iteracja 3: condition_best: Input1 >= 13.50, quality_best: 0.49, coverage_best: (p=304, n=80, P=378, N=317)
2026-04-14 12:20:46,851 - INFO - Regula po iteracji 3: IF Input1 <= 66.50 AND Input1 >= 11.50 AND Input2 <= 163.50 AND Input1 >= 13.50 THEN class = {41.10} [14.37, 67.84], (p=304, n=80, P=378, N=317)
2026-04-14 12:20:46,904 - INFO - Iteracja 4: condition_best: Input3 >= 5.50, quality_best: 0.505, coverage_best: (p=303, n=76, P=378, N=317)
2026-04-14 12:20:46,904 - INFO - Regula po iteracji 4: IF Input1 <= 66.50 AND Input1 >= 11.50 AND Input2 <= 163.50 AND Input1 >= 13.50 AND Input3 >= 5.50 THEN class = {41.28} [14.80, 67.76], (p=303, n=76, P=378, N=317)
2026-04-14 12:20:46,904 - INFO - *******STOP GROWING CR RULE*******
2026-04-14 12:20:46,905 - INFO - *******GROWING CR RULE*******
2026-04-14 12:20:47,009 - INFO - Iteracja 0: condition_best: Input1 >= 76.50, quality_best: 0.41, coverage_best: (p=128, n=59, P=231, N=464)
2026-04-14 12:20:47,009 - INFO - Regula po iteracji 0: IF Input1 >= 76.50 THEN class = {106.67} [59.41, 153.92], (p=128, n=59, P=231, N=464)
2026-04-14 12:20:47,049 - INFO - Iteracja 1: condition_best: Input3 <= 115.00, quality_best: 0.528, coverage_best: (p=117, n=39, P=191, N=504)
2026-04-14 12:20:47,049 - INFO - Regula po iteracji 1: IF Input1 >= 76.50 AND Input3 <= 115.00 THEN class = {117.30} [72.86, 161.75], (p=117, n=39, P=191, N=504)
2026-04-14 12:20:47,084 - INFO - Iteracja 2: condition_best: Input4 <= 220.50, quality_best: 0.525, coverage_best: (p=116, n=39, P=191, N=504)
2026-04-14 12:20:47,084 - INFO - Regula po iteracji 2: IF Input1 >= 76.50 AND Input3 <= 115.00 AND Input4 <= 220.50 THEN class = {117.42} [72.85, 161.98], (p=116, n=39, P=191, N=504)
2026-04-14 12:20:47,120 - INFO - Iteracja 3: condition_best: Input3 <= 78.50, quality_best: 0.524, coverage_best: (p=84, n=31, P=143, N=552)
2026-04-14 12:20:47,120 - INFO - Regula po iteracji 3: IF Input1 >= 76.50 AND Input3 <= 115.00 AND Input4 <= 220.50 AND Input3 <= 78.50 THEN class = {130.58} [86.43, 174.74], (p=84, n=31, P=143, N=552)
2026-04-14 12:20:47,147 - INFO - Iteracja 4: condition_best: Input3 >= 9.50, quality_best: 0.616, coverage_best: (p=78, n=27, P=102, N=593)
2026-04-14 12:20:47,147 - INFO - Regula po iteracji 4: IF Input1 >= 76.50 AND Input3 <= 115.00 AND Input4 <= 220.50 AND Input3 <= 78.50 AND Input3 >= 9.50 THEN class = {137.75} [102.13, 173.38], (p=78, n=27, P=102, N=593)
2026-04-14 12:20:47,147 - INFO - *******STOP GROWING CR RULE*******
2026-04-14 12:20:47,147 - INFO - *******GROWING CR RULE*******
2026-04-14 12:20:47,251 - INFO - Iteracja 0: condition_best: Input1 >= 76.50, quality_best: 0.41, coverage_best: (p=128, n=59, P=231, N=464)
2026-04-14 12:20:47,251 - INFO - Regula po iteracji 0: IF Input1 >= 76.50 THEN class = {106.67} [59.41, 153.92], (p=128, n=59, P=231, N=464)
2026-04-14 12:20:47,291 - INFO - Iteracja 1: condition_best: Input3 <= 115.00, quality_best: 0.528, coverage_best: (p=117, n=39, P=191, N=504)
2026-04-14 12:20:47,291 - INFO - Regula po iteracji 1: IF Input1 >= 76.50 AND Input3 <= 115.00 THEN class = {117.30} [72.86, 161.75], (p=117, n=39, P=191, N=504)
2026-04-14 12:20:47,326 - INFO - Iteracja 2: condition_best: Input3 <= 113.50, quality_best: 0.515, coverage_best: (p=114, n=41, P=186, N=509)
2026-04-14 12:20:47,326 - INFO - Regula po iteracji 2: IF Input1 >= 76.50 AND Input3 <= 115.00 AND Input3 <= 113.50 THEN class = {117.62} [73.21, 162.03], (p=114, n=41, P=186, N=509)
2026-04-14 12:20:47,361 - INFO - Iteracja 3: condition_best: Input3 <= 112.50, quality_best: 0.508, coverage_best: (p=112, n=41, P=186, N=509)
2026-04-14 12:20:47,361 - INFO - Regula po iteracji 3: IF Input1 >= 76.50 AND Input3 <= 115.00 AND Input3 <= 113.50 AND Input3 <= 112.50 THEN class = {118.17} [73.73, 162.61], (p=112, n=41, P=186, N=509)
2026-04-14 12:20:47,397 - INFO - Iteracja 4: condition_best: Input3 <= 105.50, quality_best: 0.492, coverage_best: (p=107, n=42, P=181, N=514)
2026-04-14 12:20:47,397 - INFO - Regula po iteracji 4: IF Input1 >= 76.50 AND Input3 <= 115.00 AND Input3 <= 113.50 AND Input3 <= 112.50 AND Input3 <= 105.50 THEN class = {119.36} [74.93, 163.78], (p=107, n=42, P=181, N=514)
2026-04-14 12:20:47,397 - INFO - *******STOP GROWING CR RULE*******
2026-04-14 12:20:47,397 - INFO - *******GROWING CR RULE*******
2026-04-14 12:20:47,501 - INFO - Iteracja 0: condition_best: Input1 >= 76.50, quality_best: 0.41, coverage_best: (p=128, n=59, P=231, N=464)
2026-04-14 12:20:47,501 - INFO - Regula po iteracji 0: IF Input1 >= 76.50 THEN class = {106.67} [59.41, 153.92], (p=128, n=59, P=231, N=464)
2026-04-14 12:20:47,541 - INFO - Iteracja 1: condition_best: Input2 <= 50.00, quality_best: 0.426, coverage_best: (p=130, n=56, P=233, N=462)
2026-04-14 12:20:47,541 - INFO - Regula po iteracji 1: IF Input1 >= 76.50 AND Input2 <= 50.00 THEN class = {106.95} [59.73, 154.17], (p=130, n=56, P=233, N=462)
2026-04-14 12:20:47,581 - INFO - Iteracja 2: condition_best: Input2 >= 5.50, quality_best: 0.429, coverage_best: (p=128, n=56, P=227, N=468)
2026-04-14 12:20:47,581 - INFO - Regula po iteracji 2: IF Input1 >= 76.50 AND Input2 <= 50.00 AND Input2 >= 5.50 THEN class = {108.07} [61.82, 154.31], (p=128, n=56, P=227, N=468)
2026-04-14 12:20:47,620 - INFO - Iteracja 3: condition_best: Input4 <= 224.50, quality_best: 0.425, coverage_best: (p=127, n=56, P=227, N=468)
2026-04-14 12:20:47,620 - INFO - Regula po iteracji 3: IF Input1 >= 76.50 AND Input2 <= 50.00 AND Input2 >= 5.50 AND Input4 <= 224.50 THEN class = {108.11} [61.75, 154.48], (p=127, n=56, P=227, N=468)
2026-04-14 12:20:47,660 - INFO - Iteracja 4: condition_best: Input4 <= 211.00, quality_best: 0.422, coverage_best: (p=126, n=56, P=227, N=468)
2026-04-14 12:20:47,660 - INFO - Regula po iteracji 4: IF Input1 >= 76.50 AND Input2 <= 50.00 AND Input2 >= 5.50 AND Input4 <= 224.50 AND Input4 <= 211.00 THEN class = {108.29} [61.85, 154.72], (p=126, n=56, P=227, N=468)
2026-04-14 12:20:47,660 - INFO - *******STOP GROWING CR RULE*******
2026-04-14 12:20:47,661 - INFO - *******GROWING CR RULE*******
2026-04-14 12:20:47,765 - INFO - Iteracja 0: condition_best: Input1 <= 67.50, quality_best: 0.397, coverage_best: (p=359, n=108, P=415, N=280)
2026-04-14 12:20:47,765 - INFO - Regula po iteracji 0: IF Input1 <= 67.50 THEN class = {37.53} [9.77, 65.28], (p=359, n=108, P=415, N=280)
2026-04-14 12:20:47,828 - INFO - Iteracja 1: condition_best: Input1 >= 11.50, quality_best: 0.479, coverage_best: (p=327, n=83, P=398, N=297)
2026-04-14 12:20:47,828 - INFO - Regula po iteracji 1: IF Input1 <= 67.50 AND Input1 >= 11.50 THEN class = {40.39} [12.98, 67.81], (p=327, n=83, P=398, N=297)
2026-04-14 12:20:47,884 - INFO - Iteracja 2: condition_best: Input3 >= 4.50, quality_best: 0.482, coverage_best: (p=326, n=82, P=398, N=297)
2026-04-14 12:20:47,884 - INFO - Regula po iteracji 2: IF Input1 <= 67.50 AND Input1 >= 11.50 AND Input3 >= 4.50 THEN class = {40.27} [12.99, 67.56], (p=326, n=82, P=398, N=297)
2026-04-14 12:20:47,940 - INFO - Iteracja 3: condition_best: Input2 <= 163.50, quality_best: 0.47, coverage_best: (p=315, n=83, P=392, N=303)
2026-04-14 12:20:47,940 - INFO - Regula po iteracji 3: IF Input1 <= 67.50 AND Input1 >= 11.50 AND Input3 >= 4.50 AND Input2 <= 163.50 THEN class = {40.96} [13.70, 68.23], (p=315, n=83, P=392, N=303)
2026-04-14 12:20:47,996 - INFO - Iteracja 4: condition_best: Input4 >= 9.50, quality_best: 0.481, coverage_best: (p=303, n=80, P=382, N=313)
2026-04-14 12:20:47,996 - INFO - Regula po iteracji 4: IF Input1 <= 67.50 AND Input1 >= 11.50 AND Input3 >= 4.50 AND Input2 <= 163.50 AND Input4 >= 9.50 THEN class = {42.12} [14.99, 69.25], (p=303, n=80, P=382, N=313)
2026-04-14 12:20:47,996 - INFO - *******STOP GROWING CR RULE*******
2026-04-14 12:20:47,996 - INFO - *******GROWING CR RULE*******
2026-04-14 12:20:48,099 - INFO - Iteracja 0: condition_best: Input1 <= 69.50, quality_best: 0.391, coverage_best: (p=362, n=111, P=415, N=280)
2026-04-14 12:20:48,099 - INFO - Regula po iteracji 0: IF Input1 <= 69.50 THEN class = {37.90} [9.93, 65.87], (p=362, n=111, P=415, N=280)
2026-04-14 12:20:48,163 - INFO - Iteracja 1: condition_best: Input1 >= 13.50, quality_best: 0.455, coverage_best: (p=311, n=90, P=382, N=313)
2026-04-14 12:20:48,163 - INFO - Regula po iteracji 1: IF Input1 <= 69.50 AND Input1 >= 13.50 THEN class = {41.79} [14.19, 69.40], (p=311, n=90, P=382, N=313)
2026-04-14 12:20:48,219 - INFO - Iteracja 2: condition_best: Input3 >= 48.50, quality_best: 0.49, coverage_best: (p=127, n=26, P=309, N=386)
2026-04-14 12:20:48,219 - INFO - Regula po iteracji 2: IF Input1 <= 69.50 AND Input1 >= 13.50 AND Input3 >= 48.50 THEN class = {31.73} [13.71, 49.76], (p=127, n=26, P=309, N=386)
2026-04-14 12:20:48,251 - INFO - Iteracja 3: condition_best: Input1 >= 26.50, quality_best: 0.54, coverage_best: (p=104, n=15, P=281, N=414)
2026-04-14 12:20:48,251 - INFO - Regula po iteracji 3: IF Input1 <= 69.50 AND Input1 >= 13.50 AND Input3 >= 48.50 AND Input1 >= 26.50 THEN class = {36.03} [18.16, 53.89], (p=104, n=15, P=281, N=414)
2026-04-14 12:20:48,276 - INFO - Iteracja 4: condition_best: Input3 >= 49.50, quality_best: 0.537, coverage_best: (p=103, n=15, P=281, N=414)
2026-04-14 12:20:48,276 - INFO - Regula po iteracji 4: IF Input1 <= 69.50 AND Input1 >= 13.50 AND Input3 >= 48.50 AND Input1 >= 26.50 AND Input3 >= 49.50 THEN class = {35.93} [18.02, 53.84], (p=103, n=15, P=281, N=414)
2026-04-14 12:20:48,276 - INFO - *******STOP GROWING CR RULE*******
2026-04-14 12:20:48,277 - INFO - *******GROWING CR RULE*******
2026-04-14 12:20:48,379 - INFO - Iteracja 0: condition_best: Input1 >= 75.50, quality_best: 0.388, coverage_best: (p=130, n=63, P=239, N=456)
2026-04-14 12:20:48,379 - INFO - Regula po iteracji 0: IF Input1 >= 75.50 THEN class = {105.24} [57.78, 152.71], (p=130, n=63, P=239, N=456)
2026-04-14 12:20:48,419 - INFO - Iteracja 1: condition_best: Input3 <= 116.50, quality_best: 0.5, coverage_best: (p=119, n=43, P=200, N=495)
2026-04-14 12:20:48,420 - INFO - Regula po iteracji 1: IF Input1 >= 75.50 AND Input3 <= 116.50 THEN class = {115.41} [70.43, 160.39], (p=119, n=43, P=200, N=495)
2026-04-14 12:20:48,455 - INFO - Iteracja 2: condition_best: Input1 <= 226.50, quality_best: 0.508, coverage_best: (p=117, n=42, P=194, N=501)
2026-04-14 12:20:48,455 - INFO - Regula po iteracji 2: IF Input1 >= 75.50 AND Input3 <= 116.50 AND Input1 <= 226.50 THEN class = {115.20} [71.48, 158.92], (p=117, n=42, P=194, N=501)
2026-04-14 12:20:48,491 - INFO - Iteracja 3: condition_best: Input2 >= 6.50, quality_best: 0.516, coverage_best: (p=115, n=41, P=188, N=507)
2026-04-14 12:20:48,491 - INFO - Regula po iteracji 3: IF Input1 >= 75.50 AND Input3 <= 116.50 AND Input1 <= 226.50 AND Input2 >= 6.50 THEN class = {114.75} [72.83, 156.67], (p=115, n=41, P=188, N=507)
2026-04-14 12:20:48,525 - INFO - Iteracja 4: condition_best: Input4 <= 220.50, quality_best: 0.512, coverage_best: (p=114, n=41, P=188, N=507)
2026-04-14 12:20:48,525 - INFO - Regula po iteracji 4: IF Input1 >= 75.50 AND Input3 <= 116.50 AND Input1 <= 226.50 AND Input2 >= 6.50 AND Input4 <= 220.50 THEN class = {114.85} [72.82, 156.89], (p=114, n=41, P=188, N=507)
2026-04-14 12:20:48,525 - INFO - *******STOP GROWING CR RULE*******
2026-04-14 12:20:48,526 - INFO - *******GROWING CR RULE*******
2026-04-14 12:20:48,628 - INFO - Iteracja 0: condition_best: Input1 <= 72.50, quality_best: 0.388, coverage_best: (p=377, n=108, P=431, N=264)
2026-04-14 12:20:48,628 - INFO - Regula po iteracji 0: IF Input1 <= 72.50 THEN class = {39.01} [9.96, 68.06], (p=377, n=108, P=431, N=264)
2026-04-14 12:20:48,693 - INFO - Iteracja 1: condition_best: Input1 >= 13.50, quality_best: 0.444, coverage_best: (p=319, n=94, P=387, N=308)
2026-04-14 12:20:48,694 - INFO - Regula po iteracji 1: IF Input1 <= 72.50 AND Input1 >= 13.50 THEN class = {42.99} [14.26, 71.72], (p=319, n=94, P=387, N=308)
2026-04-14 12:20:48,751 - INFO - Iteracja 2: condition_best: Input3 >= 60.50, quality_best: 0.502, coverage_best: (p=108, n=22, P=274, N=421)
2026-04-14 12:20:48,751 - INFO - Regula po iteracji 2: IF Input1 <= 72.50 AND Input1 >= 13.50 AND Input3 >= 60.50 THEN class = {28.85} [13.69, 44.01], (p=108, n=22, P=274, N=421)
2026-04-14 12:20:48,783 - INFO - Iteracja 3: condition_best: Input1 >= 26.50, quality_best: 0.574, coverage_best: (p=91, n=10, P=253, N=442)
2026-04-14 12:20:48,783 - INFO - Regula po iteracji 3: IF Input1 <= 72.50 AND Input1 >= 13.50 AND Input3 >= 60.50 AND Input1 >= 26.50 THEN class = {32.70} [17.65, 47.76], (p=91, n=10, P=253, N=442)
2026-04-14 12:20:48,806 - INFO - Iteracja 4: condition_best: Input3 >= 62.50, quality_best: 0.581, coverage_best: (p=90, n=9, P=253, N=442)
2026-04-14 12:20:48,806 - INFO - Regula po iteracji 4: IF Input1 <= 72.50 AND Input1 >= 13.50 AND Input3 >= 60.50 AND Input1 >= 26.50 AND Input3 >= 62.50 THEN class = {32.25} [17.50, 47.00], (p=90, n=9, P=253, N=442)
2026-04-14 12:20:48,806 - INFO - *******STOP GROWING CR RULE*******
2026-04-14 12:20:48,807 - INFO - *******GROWING CR RULE*******
2026-04-14 12:20:48,910 - INFO - Iteracja 0: condition_best: Input1 <= 72.50, quality_best: 0.388, coverage_best: (p=377, n=108, P=431, N=264)
2026-04-14 12:20:48,910 - INFO - Regula po iteracji 0: IF Input1 <= 72.50 THEN class = {39.01} [9.96, 68.06], (p=377, n=108, P=431, N=264)
2026-04-14 12:20:48,975 - INFO - Iteracja 1: condition_best: Input1 >= 13.50, quality_best: 0.444, coverage_best: (p=319, n=94, P=387, N=308)
2026-04-14 12:20:48,975 - INFO - Regula po iteracji 1: IF Input1 <= 72.50 AND Input1 >= 13.50 THEN class = {42.99} [14.26, 71.72], (p=319, n=94, P=387, N=308)
2026-04-14 12:20:49,032 - INFO - Iteracja 2: condition_best: Input3 >= 7.50, quality_best: 0.477, coverage_best: (p=319, n=83, P=392, N=303)
2026-04-14 12:20:49,032 - INFO - Regula po iteracji 2: IF Input1 <= 72.50 AND Input1 >= 13.50 AND Input3 >= 7.50 THEN class = {43.49} [14.98, 72.00], (p=319, n=83, P=392, N=303)
2026-04-14 12:20:49,087 - INFO - Iteracja 3: condition_best: Input2 <= 152.50, quality_best: 0.472, coverage_best: (p=306, n=83, P=383, N=312)
2026-04-14 12:20:49,087 - INFO - Regula po iteracji 3: IF Input1 <= 72.50 AND Input1 >= 13.50 AND Input3 >= 7.50 AND Input2 <= 152.50 THEN class = {44.46} [15.98, 72.94], (p=306, n=83, P=383, N=312)
2026-04-14 12:20:49,141 - INFO - Iteracja 4: condition_best: Input1 >= 14.50, quality_best: 0.463, coverage_best: (p=295, n=84, P=375, N=320)
2026-04-14 12:20:49,141 - INFO - Regula po iteracji 4: IF Input1 <= 72.50 AND Input1 >= 13.50 AND Input3 >= 7.50 AND Input2 <= 152.50 AND Input1 >= 14.50 THEN class = {45.19} [16.71, 73.67], (p=295, n=84, P=375, N=320)
2026-04-14 12:20:49,141 - INFO - *******STOP GROWING CR RULE*******
2026-04-14 12:20:49,142 - INFO - *******GROWING CR RULE*******
2026-04-14 12:20:49,243 - INFO - Iteracja 0: condition_best: Input1 >= 74.50, quality_best: 0.386, coverage_best: (p=133, n=66, P=238, N=457)
2026-04-14 12:20:49,243 - INFO - Regula po iteracji 0: IF Input1 >= 74.50 THEN class = {104.50} [57.22, 151.77], (p=133, n=66, P=238, N=457)
2026-04-14 12:20:49,284 - INFO - Iteracja 1: condition_best: Input3 <= 118.50, quality_best: 0.497, coverage_best: (p=122, n=46, P=199, N=496)
2026-04-14 12:20:49,284 - INFO - Regula po iteracji 1: IF Input1 >= 74.50 AND Input3 <= 118.50 THEN class = {114.30} [69.44, 159.17], (p=122, n=46, P=199, N=496)
2026-04-14 12:20:49,320 - INFO - Iteracja 2: condition_best: Input1 <= 217.50, quality_best: 0.51, coverage_best: (p=121, n=43, P=198, N=497)
2026-04-14 12:20:49,320 - INFO - Regula po iteracji 2: IF Input1 >= 74.50 AND Input3 <= 118.50 AND Input1 <= 217.50 THEN class = {113.34} [70.64, 156.04], (p=121, n=43, P=198, N=497)
2026-04-14 12:20:49,356 - INFO - Iteracja 3: condition_best: Input2 <= 50.50, quality_best: 0.52, coverage_best: (p=120, n=42, P=193, N=502)
2026-04-14 12:20:49,356 - INFO - Regula po iteracji 3: IF Input1 >= 74.50 AND Input3 <= 118.50 AND Input1 <= 217.50 AND Input2 <= 50.50 THEN class = {114.09} [71.68, 156.50], (p=120, n=42, P=193, N=502)
2026-04-14 12:20:49,392 - INFO - Iteracja 4: condition_best: Input4 <= 220.50, quality_best: 0.516, coverage_best: (p=119, n=42, P=193, N=502)
2026-04-14 12:20:49,392 - INFO - Regula po iteracji 4: IF Input1 >= 74.50 AND Input3 <= 118.50 AND Input1 <= 217.50 AND Input2 <= 50.50 AND Input4 <= 220.50 THEN class = {114.19} [71.66, 156.71], (p=119, n=42, P=193, N=502)
2026-04-14 12:20:49,392 - INFO - *******STOP GROWING CR RULE*******
2026-04-14 12:20:49,393 - INFO - *******GROWING CR RULE*******
2026-04-14 12:20:49,494 - INFO - Iteracja 0: condition_best: Input1 >= 43.50, quality_best: 0.381, coverage_best: (p=235, n=111, P=304, N=391)
2026-04-14 12:20:49,494 - INFO - Regula po iteracji 0: IF Input1 >= 43.50 THEN class = {87.67} [42.31, 133.03], (p=235, n=111, P=304, N=391)
2026-04-14 12:20:49,555 - INFO - Iteracja 1: condition_best: Input3 <= 104.50, quality_best: 0.465, coverage_best: (p=187, n=86, P=238, N=457)
2026-04-14 12:20:49,555 - INFO - Regula po iteracji 1: IF Input1 >= 43.50 AND Input3 <= 104.50 THEN class = {98.80} [54.50, 143.09], (p=187, n=86, P=238, N=457)
2026-04-14 12:20:49,605 - INFO - Iteracja 2: condition_best: Input2 <= 57.00, quality_best: 0.586, coverage_best: (p=172, n=62, P=199, N=496)
2026-04-14 12:20:49,605 - INFO - Regula po iteracji 2: IF Input1 >= 43.50 AND Input3 <= 104.50 AND Input2 <= 57.00 THEN class = {107.64} [66.15, 149.13], (p=172, n=62, P=199, N=496)
2026-04-14 12:20:49,649 - INFO - Iteracja 3: condition_best: Input4 <= 235.50, quality_best: 0.594, coverage_best: (p=174, n=59, P=204, N=491)
2026-04-14 12:20:49,649 - INFO - Regula po iteracji 3: IF Input1 >= 43.50 AND Input3 <= 104.50 AND Input2 <= 57.00 AND Input4 <= 235.50 THEN class = {107.52} [65.98, 149.05], (p=174, n=59, P=204, N=491)
2026-04-14 12:20:49,694 - INFO - Iteracja 4: condition_best: Input1 >= 45.00, quality_best: 0.591, coverage_best: (p=173, n=59, P=204, N=491)
2026-04-14 12:20:49,694 - INFO - Regula po iteracji 4: IF Input1 >= 43.50 AND Input3 <= 104.50 AND Input2 <= 57.00 AND Input4 <= 235.50 AND Input1 >= 45.00 THEN class = {107.60} [65.99, 149.20], (p=173, n=59, P=204, N=491)
2026-04-14 12:20:49,695 - INFO - *******STOP GROWING CR RULE*******
2026-04-14 12:20:49,695 - INFO - *******GROWING CR RULE*******
2026-04-14 12:20:49,796 - INFO - Iteracja 0: condition_best: Input1 >= 43.50, quality_best: 0.381, coverage_best: (p=235, n=111, P=304, N=391)
2026-04-14 12:20:49,796 - INFO - Regula po iteracji 0: IF Input1 >= 43.50 THEN class = {87.67} [42.31, 133.03], (p=235, n=111, P=304, N=391)
2026-04-14 12:20:49,858 - INFO - Iteracja 1: condition_best: Input2 <= 49.50, quality_best: 0.437, coverage_best: (p=195, n=91, P=256, N=439)
2026-04-14 12:20:49,858 - INFO - Regula po iteracji 1: IF Input1 >= 43.50 AND Input2 <= 49.50 THEN class = {96.34} [51.44, 141.23], (p=195, n=91, P=256, N=439)
2026-04-14 12:20:49,912 - INFO - Iteracja 2: condition_best: Input4 >= 11.50, quality_best: 0.474, coverage_best: (p=191, n=88, P=235, N=460)
2026-04-14 12:20:49,912 - INFO - Regula po iteracji 2: IF Input1 >= 43.50 AND Input2 <= 49.50 AND Input4 >= 11.50 THEN class = {98.50} [55.23, 141.76], (p=191, n=88, P=235, N=460)
2026-04-14 12:20:49,963 - INFO - Iteracja 3: condition_best: Input3 <= 165.50, quality_best: 0.504, coverage_best: (p=190, n=82, P=229, N=466)
2026-04-14 12:20:49,964 - INFO - Regula po iteracji 3: IF Input1 >= 43.50 AND Input2 <= 49.50 AND Input4 >= 11.50 AND Input3 <= 165.50 THEN class = {100.10} [57.47, 142.73], (p=190, n=82, P=229, N=466)
2026-04-14 12:20:50,015 - INFO - Iteracja 4: condition_best: Input1 <= 226.50, quality_best: 0.511, coverage_best: (p=190, n=80, P=229, N=466)
2026-04-14 12:20:50,015 - INFO - Regula po iteracji 4: IF Input1 >= 43.50 AND Input2 <= 49.50 AND Input4 >= 11.50 AND Input3 <= 165.50 AND Input1 <= 226.50 THEN class = {99.44} [57.35, 141.53], (p=190, n=80, P=229, N=466)
2026-04-14 12:20:50,015 - INFO - *******STOP GROWING CR RULE*******
2026-04-14 12:20:50,015 - INFO - *******GROWING CR RULE*******
2026-04-14 12:20:50,116 - INFO - Iteracja 0: condition_best: Input1 >= 244.50, quality_best: 0.75, coverage_best: (p=1, n=0, P=2, N=693)
2026-04-14 12:20:50,116 - INFO - Regula po iteracji 0: IF Input1 >= 244.50 THEN class = {2.00} [2.00, 2.00], (p=1, n=0, P=2, N=693)
2026-04-14 12:20:50,116 - INFO - Iteracja 1: condition_best: None, quality_best: -inf, coverage_best: (p=0, n=0, P=0, N=0)
2026-04-14 12:20:50,116 - INFO - Regula po iteracji 1: IF Input1 >= 244.50 THEN class = {2.00} [2.00, 2.00], (p=1, n=0, P=2, N=693)
2026-04-14 12:20:50,116 - INFO - *******STOP GROWING CR RULE*******
2026-04-14 12:20:50,138 - INFO - ************************Finished experiment for laser.arff with algorithm_rer************************
2026-04-14 12:20:50,138 - INFO - *************************************************************************************************************************
2026-04-14 12:20:50,138 - INFO - *************************************************************************************************************************
2026-04-14 12:20:50,138 - INFO - *************************************************************************************************************************
2026-04-14 12:20:50,139 - INFO - **********Starting experiment for laser.arff with algorithm_rer_with_exceptions**********
2026-04-14 12:20:50,147 - INFO - *******GROWING CR RULE*******
2026-04-14 12:20:50,303 - INFO - Iteracja 0: condition_best: Input1 <= 21.50, quality_best: 0.709, coverage_best: (p=159, n=11, P=271, N=424)
2026-04-14 12:20:50,303 - INFO - Regula po iteracji 0: IF Input1 <= 21.50 THEN class = {18.61} [3.84, 33.39], (p=159, n=11, P=271, N=424)
2026-04-14 12:20:50,303 - INFO - *****GROWING RR RULE*****
2026-04-14 12:20:50,498 - INFO - Iteracja 0: condition_best: None, quality_best: -inf, coverage_best: (p=0, n=0, P=0, N=0), p_value: 0
2026-04-14 12:20:50,499 - INFO - Regula po iteracji 0: IF  THEN class = {58.14} [12.12, 104.16], (p=513, n=182, P=513, N=182)
2026-04-14 12:20:50,499 - INFO - *****STOP GROWING RR RULE*****
2026-04-14 12:20:50,499 - INFO - ***RR NOT FOUND***
2026-04-14 12:20:50,534 - INFO - Iteracja 1: condition_best: Input1 >= 3.50, quality_best: 0.719, coverage_best: (p=156, n=10, P=263, N=432)
2026-04-14 12:20:50,534 - INFO - Regula po iteracji 1: IF Input1 <= 21.50 AND Input1 >= 3.50 THEN class = {18.17} [3.68, 32.67], (p=156, n=10, P=263, N=432)
2026-04-14 12:20:50,535 - INFO - *****GROWING RR RULE*****
2026-04-14 12:20:50,729 - INFO - Iteracja 0: condition_best: None, quality_best: -inf, coverage_best: (p=0, n=0, P=0, N=0), p_value: 0
2026-04-14 12:20:50,730 - INFO - Regula po iteracji 0: IF  THEN class = {58.14} [12.12, 104.16], (p=513, n=182, P=513, N=182)
2026-04-14 12:20:50,730 - INFO - *****STOP GROWING RR RULE*****
2026-04-14 12:20:50,730 - INFO - ***RR NOT FOUND***
2026-04-14 12:20:50,762 - INFO - Iteracja 2: condition_best: Input4 <= 185.00, quality_best: 0.727, coverage_best: (p=156, n=9, P=263, N=432)
2026-04-14 12:20:50,762 - INFO - Regula po iteracji 2: IF Input1 <= 21.50 AND Input1 >= 3.50 AND Input4 <= 185.00 THEN class = {17.98} [3.66, 32.29], (p=156, n=9, P=263, N=432)
2026-04-14 12:20:50,763 - INFO - *****GROWING RR RULE*****
2026-04-14 12:20:50,958 - INFO - Iteracja 0: condition_best: None, quality_best: -inf, coverage_best: (p=0, n=0, P=0, N=0), p_value: 0
2026-04-14 12:20:50,958 - INFO - Regula po iteracji 0: IF  THEN class = {58.14} [12.12, 104.16], (p=513, n=182, P=513, N=182)
2026-04-14 12:20:50,958 - INFO - *****STOP GROWING RR RULE*****
2026-04-14 12:20:50,958 - INFO - ***RR NOT FOUND***
2026-04-14 12:20:50,991 - INFO - Iteracja 3: condition_best: Input4 >= 4.50, quality_best: 0.734, coverage_best: (p=156, n=8, P=263, N=432)
2026-04-14 12:20:50,991 - INFO - Regula po iteracji 3: IF Input1 <= 21.50 AND Input1 >= 3.50 AND Input4 <= 185.00 AND Input4 >= 4.50 THEN class = {18.07} [3.76, 32.37], (p=156, n=8, P=263, N=432)
2026-04-14 12:20:50,991 - INFO - *****GROWING RR RULE*****
2026-04-14 12:20:51,186 - INFO - Iteracja 0: condition_best: None, quality_best: -inf, coverage_best: (p=0, n=0, P=0, N=0), p_value: 0
2026-04-14 12:20:51,186 - INFO - Regula po iteracji 0: IF  THEN class = {58.14} [12.12, 104.16], (p=513, n=182, P=513, N=182)
2026-04-14 12:20:51,187 - INFO - *****STOP GROWING RR RULE*****
2026-04-14 12:20:51,187 - INFO - ***RR NOT FOUND***
2026-04-14 12:20:51,219 - INFO - Iteracja 4: condition_best: Input2 <= 244.50, quality_best: 0.732, coverage_best: (p=155, n=8, P=263, N=432)
2026-04-14 12:20:51,219 - INFO - Regula po iteracji 4: IF Input1 <= 21.50 AND Input1 >= 3.50 AND Input4 <= 185.00 AND Input4 >= 4.50 AND Input2 <= 244.50 THEN class = {18.15} [3.83, 32.46], (p=155, n=8, P=263, N=432)
2026-04-14 12:20:51,219 - INFO - *****GROWING RR RULE*****
2026-04-14 12:20:51,415 - INFO - Iteracja 0: condition_best: None, quality_best: -inf, coverage_best: (p=0, n=0, P=0, N=0), p_value: 0
2026-04-14 12:20:51,415 - INFO - Regula po iteracji 0: IF  THEN class = {58.14} [12.12, 104.16], (p=513, n=182, P=513, N=182)
2026-04-14 12:20:51,415 - INFO - *****STOP GROWING RR RULE*****
2026-04-14 12:20:51,415 - INFO - ***RR NOT FOUND***
2026-04-14 12:20:51,415 - INFO - *******STOP GROWING CR RULE*******
2026-04-14 12:20:51,420 - INFO - *******GROWING CR RULE*******
2026-04-14 12:20:51,546 - INFO - Iteracja 0: condition_best: Input1 <= 21.50, quality_best: 0.709, coverage_best: (p=159, n=11, P=271, N=424)
2026-04-14 12:20:51,547 - INFO - Regula po iteracji 0: IF Input1 <= 21.50 THEN class = {18.61} [3.84, 33.39], (p=159, n=11, P=271, N=424)
2026-04-14 12:20:51,547 - INFO - *****GROWING RR RULE*****
2026-04-14 12:20:51,743 - INFO - Iteracja 0: condition_best: None, quality_best: -inf, coverage_best: (p=0, n=0, P=0, N=0), p_value: 0
2026-04-14 12:20:51,743 - INFO - Regula po iteracji 0: IF  THEN class = {58.14} [12.12, 104.16], (p=513, n=182, P=513, N=182)
2026-04-14 12:20:51,743 - INFO - *****STOP GROWING RR RULE*****
2026-04-14 12:20:51,743 - INFO - ***RR NOT FOUND***
2026-04-14 12:20:51,773 - INFO - Iteracja 1: condition_best: Input4 >= 5.50, quality_best: 0.717, coverage_best: (p=158, n=10, P=269, N=426)
2026-04-14 12:20:51,773 - INFO - Regula po iteracji 1: IF Input1 <= 21.50 AND Input4 >= 5.50 THEN class = {18.79} [4.02, 33.56], (p=158, n=10, P=269, N=426)
2026-04-14 12:20:51,773 - INFO - *****GROWING RR RULE*****
2026-04-14 12:20:51,968 - INFO - Iteracja 0: condition_best: None, quality_best: -inf, coverage_best: (p=0, n=0, P=0, N=0), p_value: 0
2026-04-14 12:20:51,969 - INFO - Regula po iteracji 0: IF  THEN class = {58.14} [12.12, 104.16], (p=513, n=182, P=513, N=182)
2026-04-14 12:20:51,969 - INFO - *****STOP GROWING RR RULE*****
2026-04-14 12:20:51,969 - INFO - ***RR NOT FOUND***
2026-04-14 12:20:51,999 - INFO - Iteracja 2: condition_best: Input4 <= 185.00, quality_best: 0.722, coverage_best: (p=158, n=9, P=271, N=424)
2026-04-14 12:20:51,999 - INFO - Regula po iteracji 2: IF Input1 <= 21.50 AND Input4 >= 5.50 AND Input4 <= 185.00 THEN class = {18.60} [4.00, 33.20], (p=158, n=9, P=271, N=424)
2026-04-14 12:20:51,999 - INFO - *****GROWING RR RULE*****
2026-04-14 12:20:52,195 - INFO - Iteracja 0: condition_best: None, quality_best: -inf, coverage_best: (p=0, n=0, P=0, N=0), p_value: 0
2026-04-14 12:20:52,195 - INFO - Regula po iteracji 0: IF  THEN class = {58.14} [12.12, 104.16], (p=513, n=182, P=513, N=182)
2026-04-14 12:20:52,195 - INFO - *****STOP GROWING RR RULE*****
2026-04-14 12:20:52,195 - INFO - ***RR NOT FOUND***
2026-04-14 12:20:52,225 - INFO - Iteracja 3: condition_best: Input3 <= 246.00, quality_best: 0.719, coverage_best: (p=157, n=9, P=271, N=424)
2026-04-14 12:20:52,225 - INFO - Regula po iteracji 3: IF Input1 <= 21.50 AND Input4 >= 5.50 AND Input4 <= 185.00 AND Input3 <= 246.00 THEN class = {18.60} [3.95, 33.24], (p=157, n=9, P=271, N=424)
2026-04-14 12:20:52,225 - INFO - *****GROWING RR RULE*****
2026-04-14 12:20:52,421 - INFO - Iteracja 0: condition_best: None, quality_best: -inf, coverage_best: (p=0, n=0, P=0, N=0), p_value: 0
2026-04-14 12:20:52,421 - INFO - Regula po iteracji 0: IF  THEN class = {58.14} [12.12, 104.16], (p=513, n=182, P=513, N=182)
2026-04-14 12:20:52,422 - INFO - *****STOP GROWING RR RULE*****
2026-04-14 12:20:52,422 - INFO - ***RR NOT FOUND***
2026-04-14 12:20:52,452 - INFO - Iteracja 4: condition_best: Input3 <= 235.50, quality_best: 0.717, coverage_best: (p=156, n=9, P=271, N=424)
2026-04-14 12:20:52,452 - INFO - Regula po iteracji 4: IF Input1 <= 21.50 AND Input4 >= 5.50 AND Input4 <= 185.00 AND Input3 <= 246.00 AND Input3 <= 235.50 THEN class = {18.56} [3.88, 33.24], (p=156, n=9, P=271, N=424)
2026-04-14 12:20:52,452 - INFO - *****GROWING RR RULE*****
2026-04-14 12:20:52,648 - INFO - Iteracja 0: condition_best: None, quality_best: -inf, coverage_best: (p=0, n=0, P=0, N=0), p_value: 0
2026-04-14 12:20:52,648 - INFO - Regula po iteracji 0: IF  THEN class = {58.14} [12.12, 104.16], (p=513, n=182, P=513, N=182)
2026-04-14 12:20:52,649 - INFO - *****STOP GROWING RR RULE*****
2026-04-14 12:20:52,649 - INFO - ***RR NOT FOUND***
2026-04-14 12:20:52,649 - INFO - *******STOP GROWING CR RULE*******
2026-04-14 12:20:52,652 - INFO - *******GROWING CR RULE*******
2026-04-14 12:20:52,780 - INFO - Iteracja 0: condition_best: Input1 <= 22.50, quality_best: 0.704, coverage_best: (p=165, n=14, P=269, N=426)
2026-04-14 12:20:52,780 - INFO - Regula po iteracji 0: IF Input1 <= 22.50 THEN class = {18.97} [4.38, 33.55], (p=165, n=14, P=269, N=426)
2026-04-14 12:20:52,780 - INFO - *****GROWING RR RULE*****
2026-04-14 12:20:52,977 - INFO - Iteracja 0: condition_best: None, quality_best: -inf, coverage_best: (p=0, n=0, P=0, N=0), p_value: 0
2026-04-14 12:20:52,977 - INFO - Regula po iteracji 0: IF  THEN class = {58.14} [12.12, 104.16], (p=513, n=182, P=513, N=182)
2026-04-14 12:20:52,977 - INFO - *****STOP GROWING RR RULE*****
2026-04-14 12:20:52,977 - INFO - ***RR NOT FOUND***
2026-04-14 12:20:53,008 - INFO - Iteracja 1: condition_best: Input4 >= 5.50, quality_best: 0.717, coverage_best: (p=165, n=12, P=269, N=426)
2026-04-14 12:20:53,009 - INFO - Regula po iteracji 1: IF Input1 <= 22.50 AND Input4 >= 5.50 THEN class = {19.14} [4.57, 33.72], (p=165, n=12, P=269, N=426)
2026-04-14 12:20:53,009 - INFO - *****GROWING RR RULE*****
2026-04-14 12:20:53,205 - INFO - Iteracja 0: condition_best: None, quality_best: -inf, coverage_best: (p=0, n=0, P=0, N=0), p_value: 0
2026-04-14 12:20:53,205 - INFO - Regula po iteracji 0: IF  THEN class = {58.14} [12.12, 104.16], (p=513, n=182, P=513, N=182)
2026-04-14 12:20:53,205 - INFO - *****STOP GROWING RR RULE*****
2026-04-14 12:20:53,205 - INFO - ***RR NOT FOUND***
2026-04-14 12:20:53,236 - INFO - Iteracja 2: condition_best: Input1 >= 3.50, quality_best: 0.727, coverage_best: (p=163, n=10, P=269, N=426)
2026-04-14 12:20:53,237 - INFO - Regula po iteracji 2: IF Input1 <= 22.50 AND Input4 >= 5.50 AND Input1 >= 3.50 THEN class = {18.73} [4.42, 33.05], (p=163, n=10, P=269, N=426)
2026-04-14 12:20:53,237 - INFO - *****GROWING RR RULE*****
2026-04-14 12:20:53,433 - INFO - Iteracja 0: condition_best: None, quality_best: -inf, coverage_best: (p=0, n=0, P=0, N=0), p_value: 0
2026-04-14 12:20:53,433 - INFO - Regula po iteracji 0: IF  THEN class = {58.14} [12.12, 104.16], (p=513, n=182, P=513, N=182)
2026-04-14 12:20:53,433 - INFO - *****STOP GROWING RR RULE*****
2026-04-14 12:20:53,433 - INFO - ***RR NOT FOUND***
2026-04-14 12:20:53,464 - INFO - Iteracja 3: condition_best: Input4 <= 117.00, quality_best: 0.731, coverage_best: (p=160, n=10, P=261, N=434)
2026-04-14 12:20:53,464 - INFO - Regula po iteracji 3: IF Input1 <= 22.50 AND Input4 >= 5.50 AND Input1 >= 3.50 AND Input4 <= 117.00 THEN class = {18.29} [4.36, 32.23], (p=160, n=10, P=261, N=434)
2026-04-14 12:20:53,464 - INFO - *****GROWING RR RULE*****
2026-04-14 12:20:53,661 - INFO - Iteracja 0: condition_best: None, quality_best: -inf, coverage_best: (p=0, n=0, P=0, N=0), p_value: 0
2026-04-14 12:20:53,661 - INFO - Regula po iteracji 0: IF  THEN class = {58.14} [12.12, 104.16], (p=513, n=182, P=513, N=182)
2026-04-14 12:20:53,661 - INFO - *****STOP GROWING RR RULE*****
2026-04-14 12:20:53,661 - INFO - ***RR NOT FOUND***
2026-04-14 12:20:53,691 - INFO - Iteracja 4: condition_best: Input2 <= 244.50, quality_best: 0.728, coverage_best: (p=159, n=10, P=261, N=434)
2026-04-14 12:20:53,691 - INFO - Regula po iteracji 4: IF Input1 <= 22.50 AND Input4 >= 5.50 AND Input1 >= 3.50 AND Input4 <= 117.00 AND Input2 <= 244.50 THEN class = {18.37} [4.43, 32.32], (p=159, n=10, P=261, N=434)
2026-04-14 12:20:53,691 - INFO - *****GROWING RR RULE*****
2026-04-14 12:20:53,888 - INFO - Iteracja 0: condition_best: None, quality_best: -inf, coverage_best: (p=0, n=0, P=0, N=0), p_value: 0
2026-04-14 12:20:53,888 - INFO - Regula po iteracji 0: IF  THEN class = {58.14} [12.12, 104.16], (p=513, n=182, P=513, N=182)
2026-04-14 12:20:53,888 - INFO - *****STOP GROWING RR RULE*****
2026-04-14 12:20:53,888 - INFO - ***RR NOT FOUND***
2026-04-14 12:20:53,888 - INFO - *******STOP GROWING CR RULE*******
2026-04-14 12:20:53,892 - INFO - *******GROWING CR RULE*******
2026-04-14 12:20:54,019 - INFO - Iteracja 0: condition_best: Input1 <= 26.50, quality_best: 0.7, coverage_best: (p=199, n=13, P=338, N=357)
2026-04-14 12:20:54,019 - INFO - Regula po iteracji 0: IF Input1 <= 26.50 THEN class = {21.93} [1.24, 42.63], (p=199, n=13, P=338, N=357)
2026-04-14 12:20:54,019 - INFO - *****GROWING RR RULE*****
2026-04-14 12:20:54,219 - INFO - Iteracja 0: condition_best: None, quality_best: -inf, coverage_best: (p=0, n=0, P=0, N=0), p_value: 0
2026-04-14 12:20:54,219 - INFO - Regula po iteracji 0: IF  THEN class = {58.14} [12.12, 104.16], (p=513, n=182, P=513, N=182)
2026-04-14 12:20:54,220 - INFO - *****STOP GROWING RR RULE*****
2026-04-14 12:20:54,220 - INFO - ***RR NOT FOUND***
2026-04-14 12:20:54,258 - INFO - Iteracja 1: condition_best: Input4 <= 199.00, quality_best: 0.706, coverage_best: (p=199, n=12, P=338, N=357)
2026-04-14 12:20:54,258 - INFO - Regula po iteracji 1: IF Input1 <= 26.50 AND Input4 <= 199.00 THEN class = {21.80} [1.15, 42.44], (p=199, n=12, P=338, N=357)
2026-04-14 12:20:54,258 - INFO - *****GROWING RR RULE*****
2026-04-14 12:20:54,456 - INFO - Iteracja 0: condition_best: None, quality_best: -inf, coverage_best: (p=0, n=0, P=0, N=0), p_value: 0
2026-04-14 12:20:54,456 - INFO - Regula po iteracji 0: IF  THEN class = {58.14} [12.12, 104.16], (p=513, n=182, P=513, N=182)
2026-04-14 12:20:54,456 - INFO - *****STOP GROWING RR RULE*****
2026-04-14 12:20:54,456 - INFO - ***RR NOT FOUND***
2026-04-14 12:20:54,493 - INFO - Iteracja 2: condition_best: Input1 >= 4.50, quality_best: 0.715, coverage_best: (p=193, n=10, P=333, N=362)
2026-04-14 12:20:54,493 - INFO - Regula po iteracji 2: IF Input1 <= 26.50 AND Input4 <= 199.00 AND Input1 >= 4.50 THEN class = {21.37} [0.87, 41.87], (p=193, n=10, P=333, N=362)
2026-04-14 12:20:54,493 - INFO - *****GROWING RR RULE*****
2026-04-14 12:20:54,690 - INFO - Iteracja 0: condition_best: None, quality_best: -inf, coverage_best: (p=0, n=0, P=0, N=0), p_value: 0
2026-04-14 12:20:54,691 - INFO - Regula po iteracji 0: IF  THEN class = {58.14} [12.12, 104.16], (p=513, n=182, P=513, N=182)
2026-04-14 12:20:54,691 - INFO - *****STOP GROWING RR RULE*****
2026-04-14 12:20:54,691 - INFO - ***RR NOT FOUND***
2026-04-14 12:20:54,727 - INFO - Iteracja 3: condition_best: Input2 >= 3.50, quality_best: 0.716, coverage_best: (p=190, n=11, P=320, N=375)
2026-04-14 12:20:54,727 - INFO - Regula po iteracji 3: IF Input1 <= 26.50 AND Input4 <= 199.00 AND Input1 >= 4.50 AND Input2 >= 3.50 THEN class = {20.85} [1.60, 40.10], (p=190, n=11, P=320, N=375)
2026-04-14 12:20:54,727 - INFO - *****GROWING RR RULE*****
2026-04-14 12:20:54,925 - INFO - Iteracja 0: condition_best: None, quality_best: -inf, coverage_best: (p=0, n=0, P=0, N=0), p_value: 0
2026-04-14 12:20:54,925 - INFO - Regula po iteracji 0: IF  THEN class = {58.14} [12.12, 104.16], (p=513, n=182, P=513, N=182)
2026-04-14 12:20:54,925 - INFO - *****STOP GROWING RR RULE*****
2026-04-14 12:20:54,925 - INFO - ***RR NOT FOUND***
2026-04-14 12:20:54,960 - INFO - Iteracja 4: condition_best: Input1 <= 25.50, quality_best: 0.717, coverage_best: (p=184, n=10, P=315, N=380)
2026-04-14 12:20:54,960 - INFO - Regula po iteracji 4: IF Input1 <= 26.50 AND Input4 <= 199.00 AND Input1 >= 4.50 AND Input2 >= 3.50 AND Input1 <= 25.50 THEN class = {20.52} [1.10, 39.93], (p=184, n=10, P=315, N=380)
2026-04-14 12:20:54,961 - INFO - *****GROWING RR RULE*****
2026-04-14 12:20:55,157 - INFO - Iteracja 0: condition_best: None, quality_best: -inf, coverage_best: (p=0, n=0, P=0, N=0), p_value: 0
2026-04-14 12:20:55,157 - INFO - Regula po iteracji 0: IF  THEN class = {58.14} [12.12, 104.16], (p=513, n=182, P=513, N=182)
2026-04-14 12:20:55,157 - INFO - *****STOP GROWING RR RULE*****
2026-04-14 12:20:55,157 - INFO - ***RR NOT FOUND***
2026-04-14 12:20:55,157 - INFO - *******STOP GROWING CR RULE*******
2026-04-14 12:20:55,161 - INFO - *******GROWING CR RULE*******
2026-04-14 12:20:55,286 - INFO - Iteracja 0: condition_best: Input1 <= 26.50, quality_best: 0.7, coverage_best: (p=199, n=13, P=338, N=357)
2026-04-14 12:20:55,286 - INFO - Regula po iteracji 0: IF Input1 <= 26.50 THEN class = {21.93} [1.24, 42.63], (p=199, n=13, P=338, N=357)
2026-04-14 12:20:55,286 - INFO - *****GROWING RR RULE*****
2026-04-14 12:20:55,482 - INFO - Iteracja 0: condition_best: None, quality_best: -inf, coverage_best: (p=0, n=0, P=0, N=0), p_value: 0
2026-04-14 12:20:55,482 - INFO - Regula po iteracji 0: IF  THEN class = {58.14} [12.12, 104.16], (p=513, n=182, P=513, N=182)
2026-04-14 12:20:55,482 - INFO - *****STOP GROWING RR RULE*****
2026-04-14 12:20:55,482 - INFO - ***RR NOT FOUND***
2026-04-14 12:20:55,517 - INFO - Iteracja 1: condition_best: Input4 <= 199.00, quality_best: 0.706, coverage_best: (p=199, n=12, P=338, N=357)
2026-04-14 12:20:55,518 - INFO - Regula po iteracji 1: IF Input1 <= 26.50 AND Input4 <= 199.00 THEN class = {21.80} [1.15, 42.44], (p=199, n=12, P=338, N=357)
2026-04-14 12:20:55,518 - INFO - *****GROWING RR RULE*****
2026-04-14 12:20:55,714 - INFO - Iteracja 0: condition_best: None, quality_best: -inf, coverage_best: (p=0, n=0, P=0, N=0), p_value: 0
2026-04-14 12:20:55,714 - INFO - Regula po iteracji 0: IF  THEN class = {58.14} [12.12, 104.16], (p=513, n=182, P=513, N=182)
2026-04-14 12:20:55,714 - INFO - *****STOP GROWING RR RULE*****
2026-04-14 12:20:55,714 - INFO - ***RR NOT FOUND***
2026-04-14 12:20:55,749 - INFO - Iteracja 2: condition_best: Input1 >= 4.50, quality_best: 0.715, coverage_best: (p=193, n=10, P=333, N=362)
2026-04-14 12:20:55,749 - INFO - Regula po iteracji 2: IF Input1 <= 26.50 AND Input4 <= 199.00 AND Input1 >= 4.50 THEN class = {21.37} [0.87, 41.87], (p=193, n=10, P=333, N=362)
2026-04-14 12:20:55,750 - INFO - *****GROWING RR RULE*****
2026-04-14 12:20:55,945 - INFO - Iteracja 0: condition_best: None, quality_best: -inf, coverage_best: (p=0, n=0, P=0, N=0), p_value: 0
2026-04-14 12:20:55,946 - INFO - Regula po iteracji 0: IF  THEN class = {58.14} [12.12, 104.16], (p=513, n=182, P=513, N=182)
2026-04-14 12:20:55,946 - INFO - *****STOP GROWING RR RULE*****
2026-04-14 12:20:55,946 - INFO - ***RR NOT FOUND***
2026-04-14 12:20:55,980 - INFO - Iteracja 3: condition_best: Input2 >= 3.50, quality_best: 0.716, coverage_best: (p=190, n=11, P=320, N=375)
2026-04-14 12:20:55,980 - INFO - Regula po iteracji 3: IF Input1 <= 26.50 AND Input4 <= 199.00 AND Input1 >= 4.50 AND Input2 >= 3.50 THEN class = {20.85} [1.60, 40.10], (p=190, n=11, P=320, N=375)
2026-04-14 12:20:55,981 - INFO - *****GROWING RR RULE*****
2026-04-14 12:20:56,177 - INFO - Iteracja 0: condition_best: None, quality_best: -inf, coverage_best: (p=0, n=0, P=0, N=0), p_value: 0
2026-04-14 12:20:56,177 - INFO - Regula po iteracji 0: IF  THEN class = {58.14} [12.12, 104.16], (p=513, n=182, P=513, N=182)
2026-04-14 12:20:56,177 - INFO - *****STOP GROWING RR RULE*****
2026-04-14 12:20:56,177 - INFO - ***RR NOT FOUND***
2026-04-14 12:20:56,211 - INFO - Iteracja 4: condition_best: Input2 <= 244.50, quality_best: 0.714, coverage_best: (p=189, n=11, P=320, N=375)
2026-04-14 12:20:56,211 - INFO - Regula po iteracji 4: IF Input1 <= 26.50 AND Input4 <= 199.00 AND Input1 >= 4.50 AND Input2 >= 3.50 AND Input2 <= 244.50 THEN class = {20.93} [1.66, 40.19], (p=189, n=11, P=320, N=375)
2026-04-14 12:20:56,212 - INFO - *****GROWING RR RULE*****
2026-04-14 12:20:56,408 - INFO - Iteracja 0: condition_best: None, quality_best: -inf, coverage_best: (p=0, n=0, P=0, N=0), p_value: 0
2026-04-14 12:20:56,409 - INFO - Regula po iteracji 0: IF  THEN class = {58.14} [12.12, 104.16], (p=513, n=182, P=513, N=182)
2026-04-14 12:20:56,409 - INFO - *****STOP GROWING RR RULE*****
2026-04-14 12:20:56,409 - INFO - ***RR NOT FOUND***
2026-04-14 12:20:56,409 - INFO - *******STOP GROWING CR RULE*******
2026-04-14 12:20:56,412 - INFO - *******GROWING CR RULE*******
2026-04-14 12:20:56,538 - INFO - Iteracja 0: condition_best: Input1 <= 27.50, quality_best: 0.698, coverage_best: (p=206, n=15, P=338, N=357)
2026-04-14 12:20:56,538 - INFO - Regula po iteracji 0: IF Input1 <= 27.50 THEN class = {22.31} [1.85, 42.77], (p=206, n=15, P=338, N=357)
2026-04-14 12:20:56,538 - INFO - *****GROWING RR RULE*****
2026-04-14 12:20:56,735 - INFO - Iteracja 0: condition_best: None, quality_best: -inf, coverage_best: (p=0, n=0, P=0, N=0), p_value: 0
2026-04-14 12:20:56,735 - INFO - Regula po iteracji 0: IF  THEN class = {58.14} [12.12, 104.16], (p=513, n=182, P=513, N=182)
2026-04-14 12:20:56,735 - INFO - *****STOP GROWING RR RULE*****
2026-04-14 12:20:56,735 - INFO - ***RR NOT FOUND***
2026-04-14 12:20:56,772 - INFO - Iteracja 1: condition_best: Input2 >= 3.50, quality_best: 0.711, coverage_best: (p=205, n=14, P=331, N=364)
2026-04-14 12:20:56,772 - INFO - Regula po iteracji 1: IF Input1 <= 27.50 AND Input2 >= 3.50 THEN class = {21.84} [2.49, 41.18], (p=205, n=14, P=331, N=364)
2026-04-14 12:20:56,772 - INFO - *****GROWING RR RULE*****
2026-04-14 12:20:56,970 - INFO - Iteracja 0: condition_best: None, quality_best: -inf, coverage_best: (p=0, n=0, P=0, N=0), p_value: 0
2026-04-14 12:20:56,971 - INFO - Regula po iteracji 0: IF  THEN class = {58.14} [12.12, 104.16], (p=513, n=182, P=513, N=182)
2026-04-14 12:20:56,971 - INFO - *****STOP GROWING RR RULE*****
2026-04-14 12:20:56,971 - INFO - ***RR NOT FOUND***
2026-04-14 12:20:57,008 - INFO - Iteracja 2: condition_best: Input2 <= 244.50, quality_best: 0.709, coverage_best: (p=204, n=14, P=331, N=364)
2026-04-14 12:20:57,008 - INFO - Regula po iteracji 2: IF Input1 <= 27.50 AND Input2 >= 3.50 AND Input2 <= 244.50 THEN class = {21.91} [2.56, 41.27], (p=204, n=14, P=331, N=364)
2026-04-14 12:20:57,009 - INFO - *****GROWING RR RULE*****
2026-04-14 12:20:57,206 - INFO - Iteracja 0: condition_best: None, quality_best: -inf, coverage_best: (p=0, n=0, P=0, N=0), p_value: 0
2026-04-14 12:20:57,206 - INFO - Regula po iteracji 0: IF  THEN class = {58.14} [12.12, 104.16], (p=513, n=182, P=513, N=182)
2026-04-14 12:20:57,206 - INFO - *****STOP GROWING RR RULE*****
2026-04-14 12:20:57,207 - INFO - ***RR NOT FOUND***
2026-04-14 12:20:57,244 - INFO - Iteracja 3: condition_best: Input4 <= 199.00, quality_best: 0.716, coverage_best: (p=204, n=13, P=331, N=364)
2026-04-14 12:20:57,244 - INFO - Regula po iteracji 3: IF Input1 <= 27.50 AND Input2 >= 3.50 AND Input2 <= 244.50 AND Input4 <= 199.00 THEN class = {21.78} [2.48, 41.08], (p=204, n=13, P=331, N=364)
2026-04-14 12:20:57,244 - INFO - *****GROWING RR RULE*****
2026-04-14 12:20:57,441 - INFO - Iteracja 0: condition_best: None, quality_best: -inf, coverage_best: (p=0, n=0, P=0, N=0), p_value: 0
2026-04-14 12:20:57,441 - INFO - Regula po iteracji 0: IF  THEN class = {58.14} [12.12, 104.16], (p=513, n=182, P=513, N=182)
2026-04-14 12:20:57,441 - INFO - *****STOP GROWING RR RULE*****
2026-04-14 12:20:57,441 - INFO - ***RR NOT FOUND***
2026-04-14 12:20:57,478 - INFO - Iteracja 4: condition_best: Input2 <= 233.50, quality_best: 0.714, coverage_best: (p=203, n=13, P=331, N=364)
2026-04-14 12:20:57,478 - INFO - Regula po iteracji 4: IF Input1 <= 27.50 AND Input2 >= 3.50 AND Input2 <= 244.50 AND Input4 <= 199.00 AND Input2 <= 233.50 THEN class = {21.84} [2.52, 41.16], (p=203, n=13, P=331, N=364)
2026-04-14 12:20:57,478 - INFO - *****GROWING RR RULE*****
2026-04-14 12:20:57,675 - INFO - Iteracja 0: condition_best: None, quality_best: -inf, coverage_best: (p=0, n=0, P=0, N=0), p_value: 0
2026-04-14 12:20:57,675 - INFO - Regula po iteracji 0: IF  THEN class = {58.14} [12.12, 104.16], (p=513, n=182, P=513, N=182)
2026-04-14 12:20:57,676 - INFO - *****STOP GROWING RR RULE*****
2026-04-14 12:20:57,676 - INFO - ***RR NOT FOUND***
2026-04-14 12:20:57,676 - INFO - *******STOP GROWING CR RULE*******
2026-04-14 12:20:57,679 - INFO - *******GROWING CR RULE*******
2026-04-14 12:20:57,804 - INFO - Iteracja 0: condition_best: Input1 <= 28.50, quality_best: 0.684, coverage_best: (p=217, n=19, P=345, N=350)
2026-04-14 12:20:57,804 - INFO - Regula po iteracji 0: IF Input1 <= 28.50 THEN class = {23.03} [2.77, 43.30], (p=217, n=19, P=345, N=350)
2026-04-14 12:20:57,805 - INFO - *****GROWING RR RULE*****
2026-04-14 12:20:58,003 - INFO - Iteracja 0: condition_best: None, quality_best: -inf, coverage_best: (p=0, n=0, P=0, N=0), p_value: 0
2026-04-14 12:20:58,003 - INFO - Regula po iteracji 0: IF  THEN class = {58.14} [12.12, 104.16], (p=513, n=182, P=513, N=182)
2026-04-14 12:20:58,003 - INFO - *****STOP GROWING RR RULE*****
2026-04-14 12:20:58,003 - INFO - ***RR NOT FOUND***
2026-04-14 12:20:58,042 - INFO - Iteracja 1: condition_best: Input4 <= 199.00, quality_best: 0.691, coverage_best: (p=217, n=18, P=345, N=350)
2026-04-14 12:20:58,042 - INFO - Regula po iteracji 1: IF Input1 <= 28.50 AND Input4 <= 199.00 THEN class = {22.91} [2.69, 43.14], (p=217, n=18, P=345, N=350)
2026-04-14 12:20:58,042 - INFO - *****GROWING RR RULE*****
2026-04-14 12:20:58,240 - INFO - Iteracja 0: condition_best: None, quality_best: -inf, coverage_best: (p=0, n=0, P=0, N=0), p_value: 0
2026-04-14 12:20:58,240 - INFO - Regula po iteracji 0: IF  THEN class = {58.14} [12.12, 104.16], (p=513, n=182, P=513, N=182)
2026-04-14 12:20:58,240 - INFO - *****STOP GROWING RR RULE*****
2026-04-14 12:20:58,240 - INFO - ***RR NOT FOUND***
2026-04-14 12:20:58,278 - INFO - Iteracja 2: condition_best: Input2 >= 3.50, quality_best: 0.689, coverage_best: (p=213, n=20, P=329, N=366)
2026-04-14 12:20:58,279 - INFO - Regula po iteracji 2: IF Input1 <= 28.50 AND Input4 <= 199.00 AND Input2 >= 3.50 THEN class = {22.48} [3.30, 41.65], (p=213, n=20, P=329, N=366)
2026-04-14 12:20:58,279 - INFO - *****GROWING RR RULE*****
2026-04-14 12:20:58,477 - INFO - Iteracja 0: condition_best: None, quality_best: -inf, coverage_best: (p=0, n=0, P=0, N=0), p_value: 0
2026-04-14 12:20:58,477 - INFO - Regula po iteracji 0: IF  THEN class = {58.14} [12.12, 104.16], (p=513, n=182, P=513, N=182)
2026-04-14 12:20:58,477 - INFO - *****STOP GROWING RR RULE*****
2026-04-14 12:20:58,477 - INFO - ***RR NOT FOUND***
2026-04-14 12:20:58,515 - INFO - Iteracja 3: condition_best: Input3 >= 5.50, quality_best: 0.696, coverage_best: (p=213, n=19, P=329, N=366)
2026-04-14 12:20:58,515 - INFO - Regula po iteracji 3: IF Input1 <= 28.50 AND Input4 <= 199.00 AND Input2 >= 3.50 AND Input3 >= 5.50 THEN class = {22.56} [3.39, 41.73], (p=213, n=19, P=329, N=366)
2026-04-14 12:20:58,515 - INFO - *****GROWING RR RULE*****
2026-04-14 12:20:58,713 - INFO - Iteracja 0: condition_best: None, quality_best: -inf, coverage_best: (p=0, n=0, P=0, N=0), p_value: 0
2026-04-14 12:20:58,713 - INFO - Regula po iteracji 0: IF  THEN class = {58.14} [12.12, 104.16], (p=513, n=182, P=513, N=182)
2026-04-14 12:20:58,713 - INFO - *****STOP GROWING RR RULE*****
2026-04-14 12:20:58,713 - INFO - ***RR NOT FOUND***
2026-04-14 12:20:58,751 - INFO - Iteracja 4: condition_best: Input1 >= 2.50, quality_best: 0.7, coverage_best: (p=212, n=18, P=329, N=366)
2026-04-14 12:20:58,751 - INFO - Regula po iteracji 4: IF Input1 <= 28.50 AND Input4 <= 199.00 AND Input2 >= 3.50 AND Input3 >= 5.50 AND Input1 >= 2.50 THEN class = {22.37} [3.26, 41.47], (p=212, n=18, P=329, N=366)
2026-04-14 12:20:58,751 - INFO - *****GROWING RR RULE*****
2026-04-14 12:20:58,950 - INFO - Iteracja 0: condition_best: None, quality_best: -inf, coverage_best: (p=0, n=0, P=0, N=0), p_value: 0
2026-04-14 12:20:58,950 - INFO - Regula po iteracji 0: IF  THEN class = {58.14} [12.12, 104.16], (p=513, n=182, P=513, N=182)
2026-04-14 12:20:58,950 - INFO - *****STOP GROWING RR RULE*****
2026-04-14 12:20:58,950 - INFO - ***RR NOT FOUND***
2026-04-14 12:20:58,950 - INFO - *******STOP GROWING CR RULE*******
2026-04-14 12:20:58,954 - INFO - *******GROWING CR RULE*******
2026-04-14 12:20:59,079 - INFO - Iteracja 0: condition_best: Input1 <= 29.50, quality_best: 0.677, coverage_best: (p=222, n=22, P=343, N=352)
2026-04-14 12:20:59,079 - INFO - Regula po iteracji 0: IF Input1 <= 29.50 THEN class = {23.29} [3.17, 43.41], (p=222, n=22, P=343, N=352)
2026-04-14 12:20:59,079 - INFO - *****GROWING RR RULE*****
2026-04-14 12:20:59,277 - INFO - Iteracja 0: condition_best: None, quality_best: -inf, coverage_best: (p=0, n=0, P=0, N=0), p_value: 0
2026-04-14 12:20:59,277 - INFO - Regula po iteracji 0: IF  THEN class = {58.14} [12.12, 104.16], (p=513, n=182, P=513, N=182)
2026-04-14 12:20:59,277 - INFO - *****STOP GROWING RR RULE*****
2026-04-14 12:20:59,277 - INFO - ***RR NOT FOUND***
2026-04-14 12:20:59,316 - INFO - Iteracja 1: condition_best: Input1 >= 3.50, quality_best: 0.683, coverage_best: (p=220, n=20, P=345, N=350)
2026-04-14 12:20:59,317 - INFO - Regula po iteracji 1: IF Input1 <= 29.50 AND Input1 >= 3.50 THEN class = {23.07} [2.95, 43.19], (p=220, n=20, P=345, N=350)
2026-04-14 12:20:59,317 - INFO - *****GROWING RR RULE*****
2026-04-14 12:20:59,514 - INFO - Iteracja 0: condition_best: None, quality_best: -inf, coverage_best: (p=0, n=0, P=0, N=0), p_value: 0
2026-04-14 12:20:59,515 - INFO - Regula po iteracji 0: IF  THEN class = {58.14} [12.12, 104.16], (p=513, n=182, P=513, N=182)
2026-04-14 12:20:59,515 - INFO - *****STOP GROWING RR RULE*****
2026-04-14 12:20:59,515 - INFO - ***RR NOT FOUND***
2026-04-14 12:20:59,553 - INFO - Iteracja 2: condition_best: Input4 <= 199.00, quality_best: 0.69, coverage_best: (p=220, n=19, P=345, N=350)
2026-04-14 12:20:59,553 - INFO - Regula po iteracji 2: IF Input1 <= 29.50 AND Input1 >= 3.50 AND Input4 <= 199.00 THEN class = {22.95} [2.87, 43.03], (p=220, n=19, P=345, N=350)
2026-04-14 12:20:59,554 - INFO - *****GROWING RR RULE*****
2026-04-14 12:20:59,767 - INFO - Iteracja 0: condition_best: None, quality_best: -inf, coverage_best: (p=0, n=0, P=0, N=0), p_value: 0
2026-04-14 12:20:59,767 - INFO - Regula po iteracji 0: IF  THEN class = {58.14} [12.12, 104.16], (p=513, n=182, P=513, N=182)
2026-04-14 12:20:59,767 - INFO - *****STOP GROWING RR RULE*****
2026-04-14 12:20:59,767 - INFO - ***RR NOT FOUND***
2026-04-14 12:20:59,807 - INFO - Iteracja 3: condition_best: Input2 >= 3.50, quality_best: 0.689, coverage_best: (p=216, n=21, P=329, N=366)
2026-04-14 12:20:59,807 - INFO - Regula po iteracji 3: IF Input1 <= 29.50 AND Input1 >= 3.50 AND Input4 <= 199.00 AND Input2 >= 3.50 THEN class = {22.52} [3.48, 41.56], (p=216, n=21, P=329, N=366)
2026-04-14 12:20:59,808 - INFO - *****GROWING RR RULE*****
2026-04-14 12:21:00,005 - INFO - Iteracja 0: condition_best: None, quality_best: -inf, coverage_best: (p=0, n=0, P=0, N=0), p_value: 0
2026-04-14 12:21:00,005 - INFO - Regula po iteracji 0: IF  THEN class = {58.14} [12.12, 104.16], (p=513, n=182, P=513, N=182)
2026-04-14 12:21:00,006 - INFO - *****STOP GROWING RR RULE*****
2026-04-14 12:21:00,006 - INFO - ***RR NOT FOUND***
2026-04-14 12:21:00,044 - INFO - Iteracja 4: condition_best: Input3 >= 5.50, quality_best: 0.695, coverage_best: (p=216, n=20, P=329, N=366)
2026-04-14 12:21:00,045 - INFO - Regula po iteracji 4: IF Input1 <= 29.50 AND Input1 >= 3.50 AND Input4 <= 199.00 AND Input2 >= 3.50 AND Input3 >= 5.50 THEN class = {22.60} [3.56, 41.64], (p=216, n=20, P=329, N=366)
2026-04-14 12:21:00,045 - INFO - *****GROWING RR RULE*****
2026-04-14 12:21:00,243 - INFO - Iteracja 0: condition_best: None, quality_best: -inf, coverage_best: (p=0, n=0, P=0, N=0), p_value: 0
2026-04-14 12:21:00,243 - INFO - Regula po iteracji 0: IF  THEN class = {58.14} [12.12, 104.16], (p=513, n=182, P=513, N=182)
2026-04-14 12:21:00,244 - INFO - *****STOP GROWING RR RULE*****
2026-04-14 12:21:00,244 - INFO - ***RR NOT FOUND***
2026-04-14 12:21:00,244 - INFO - *******STOP GROWING CR RULE*******
2026-04-14 12:21:00,247 - INFO - *******GROWING CR RULE*******
2026-04-14 12:21:00,371 - INFO - Iteracja 0: condition_best: Input1 <= 30.50, quality_best: 0.666, coverage_best: (p=229, n=26, P=343, N=352)
2026-04-14 12:21:00,371 - INFO - Regula po iteracji 0: IF Input1 <= 30.50 THEN class = {23.78} [3.78, 43.78], (p=229, n=26, P=343, N=352)
2026-04-14 12:21:00,371 - INFO - *****GROWING RR RULE*****
2026-04-14 12:21:00,569 - INFO - Iteracja 0: condition_best: None, quality_best: -inf, coverage_best: (p=0, n=0, P=0, N=0), p_value: 0
2026-04-14 12:21:00,570 - INFO - Regula po iteracji 0: IF  THEN class = {58.14} [12.12, 104.16], (p=513, n=182, P=513, N=182)
2026-04-14 12:21:00,570 - INFO - *****STOP GROWING RR RULE*****
2026-04-14 12:21:00,570 - INFO - ***RR NOT FOUND***
2026-04-14 12:21:00,612 - INFO - Iteracja 1: condition_best: Input4 <= 202.50, quality_best: 0.672, coverage_best: (p=229, n=25, P=343, N=352)
2026-04-14 12:21:00,612 - INFO - Regula po iteracji 1: IF Input1 <= 30.50 AND Input4 <= 202.50 THEN class = {23.67} [3.70, 43.63], (p=229, n=25, P=343, N=352)
2026-04-14 12:21:00,612 - INFO - *****GROWING RR RULE*****
2026-04-14 12:21:00,810 - INFO - Iteracja 0: condition_best: None, quality_best: -inf, coverage_best: (p=0, n=0, P=0, N=0), p_value: 0
2026-04-14 12:21:00,810 - INFO - Regula po iteracji 0: IF  THEN class = {58.14} [12.12, 104.16], (p=513, n=182, P=513, N=182)
2026-04-14 12:21:00,810 - INFO - *****STOP GROWING RR RULE*****
2026-04-14 12:21:00,811 - INFO - ***RR NOT FOUND***
2026-04-14 12:21:00,851 - INFO - Iteracja 2: condition_best: Input4 >= 4.50, quality_best: 0.678, coverage_best: (p=229, n=24, P=343, N=352)
2026-04-14 12:21:00,851 - INFO - Regula po iteracji 2: IF Input1 <= 30.50 AND Input4 <= 202.50 AND Input4 >= 4.50 THEN class = {23.75} [3.79, 43.71], (p=229, n=24, P=343, N=352)
2026-04-14 12:21:00,851 - INFO - *****GROWING RR RULE*****
2026-04-14 12:21:01,049 - INFO - Iteracja 0: condition_best: None, quality_best: -inf, coverage_best: (p=0, n=0, P=0, N=0), p_value: 0
2026-04-14 12:21:01,049 - INFO - Regula po iteracji 0: IF  THEN class = {58.14} [12.12, 104.16], (p=513, n=182, P=513, N=182)
2026-04-14 12:21:01,049 - INFO - *****STOP GROWING RR RULE*****
2026-04-14 12:21:01,049 - INFO - ***RR NOT FOUND***
2026-04-14 12:21:01,089 - INFO - Iteracja 3: condition_best: Input1 >= 2.50, quality_best: 0.682, coverage_best: (p=228, n=23, P=343, N=352)
2026-04-14 12:21:01,090 - INFO - Regula po iteracji 3: IF Input1 <= 30.50 AND Input4 <= 202.50 AND Input4 >= 4.50 AND Input1 >= 2.50 THEN class = {23.58} [3.66, 43.50], (p=228, n=23, P=343, N=352)
2026-04-14 12:21:01,090 - INFO - *****GROWING RR RULE*****
2026-04-14 12:21:01,287 - INFO - Iteracja 0: condition_best: None, quality_best: -inf, coverage_best: (p=0, n=0, P=0, N=0), p_value: 0
2026-04-14 12:21:01,287 - INFO - Regula po iteracji 0: IF  THEN class = {58.14} [12.12, 104.16], (p=513, n=182, P=513, N=182)
2026-04-14 12:21:01,287 - INFO - *****STOP GROWING RR RULE*****
2026-04-14 12:21:01,288 - INFO - ***RR NOT FOUND***
2026-04-14 12:21:01,328 - INFO - Iteracja 4: condition_best: Input2 <= 244.50, quality_best: 0.68, coverage_best: (p=227, n=23, P=343, N=352)
2026-04-14 12:21:01,328 - INFO - Regula po iteracji 4: IF Input1 <= 30.50 AND Input4 <= 202.50 AND Input4 >= 4.50 AND Input1 >= 2.50 AND Input2 <= 244.50 THEN class = {23.66} [3.73, 43.58], (p=227, n=23, P=343, N=352)
2026-04-14 12:21:01,328 - INFO - *****GROWING RR RULE*****
2026-04-14 12:21:01,526 - INFO - Iteracja 0: condition_best: None, quality_best: -inf, coverage_best: (p=0, n=0, P=0, N=0), p_value: 0
2026-04-14 12:21:01,526 - INFO - Regula po iteracji 0: IF  THEN class = {58.14} [12.12, 104.16], (p=513, n=182, P=513, N=182)
2026-04-14 12:21:01,527 - INFO - *****STOP GROWING RR RULE*****
2026-04-14 12:21:01,527 - INFO - ***RR NOT FOUND***
2026-04-14 12:21:01,527 - INFO - *******STOP GROWING CR RULE*******
2026-04-14 12:21:01,530 - INFO - *******GROWING CR RULE*******
2026-04-14 12:21:01,654 - INFO - Iteracja 0: condition_best: Input1 <= 31.50, quality_best: 0.644, coverage_best: (p=231, n=30, P=345, N=350)
2026-04-14 12:21:01,654 - INFO - Regula po iteracji 0: IF Input1 <= 31.50 THEN class = {24.20} [4.16, 44.25], (p=231, n=30, P=345, N=350)
2026-04-14 12:21:01,654 - INFO - *****GROWING RR RULE*****
2026-04-14 12:21:01,852 - INFO - Iteracja 0: condition_best: None, quality_best: -inf, coverage_best: (p=0, n=0, P=0, N=0), p_value: 0
2026-04-14 12:21:01,852 - INFO - Regula po iteracji 0: IF  THEN class = {58.14} [12.12, 104.16], (p=513, n=182, P=513, N=182)
2026-04-14 12:21:01,853 - INFO - *****STOP GROWING RR RULE*****
2026-04-14 12:21:01,853 - INFO - ***RR NOT FOUND***
2026-04-14 12:21:01,893 - INFO - Iteracja 1: condition_best: Input4 >= 5.50, quality_best: 0.656, coverage_best: (p=231, n=28, P=345, N=350)
2026-04-14 12:21:01,893 - INFO - Regula po iteracji 1: IF Input1 <= 31.50 AND Input4 >= 5.50 THEN class = {24.36} [4.32, 44.40], (p=231, n=28, P=345, N=350)
2026-04-14 12:21:01,894 - INFO - *****GROWING RR RULE*****
2026-04-14 12:21:02,092 - INFO - Iteracja 0: condition_best: None, quality_best: -inf, coverage_best: (p=0, n=0, P=0, N=0), p_value: 0
2026-04-14 12:21:02,092 - INFO - Regula po iteracji 0: IF  THEN class = {58.14} [12.12, 104.16], (p=513, n=182, P=513, N=182)
2026-04-14 12:21:02,092 - INFO - *****STOP GROWING RR RULE*****
2026-04-14 12:21:02,092 - INFO - ***RR NOT FOUND***
2026-04-14 12:21:02,132 - INFO - Iteracja 2: condition_best: Input4 <= 202.50, quality_best: 0.661, coverage_best: (p=231, n=27, P=345, N=350)
2026-04-14 12:21:02,133 - INFO - Regula po iteracji 2: IF Input1 <= 31.50 AND Input4 >= 5.50 AND Input4 <= 202.50 THEN class = {24.26} [4.25, 44.27], (p=231, n=27, P=345, N=350)
2026-04-14 12:21:02,133 - INFO - *****GROWING RR RULE*****
2026-04-14 12:21:02,331 - INFO - Iteracja 0: condition_best: None, quality_best: -inf, coverage_best: (p=0, n=0, P=0, N=0), p_value: 0
2026-04-14 12:21:02,332 - INFO - Regula po iteracji 0: IF  THEN class = {58.14} [12.12, 104.16], (p=513, n=182, P=513, N=182)
2026-04-14 12:21:02,332 - INFO - *****STOP GROWING RR RULE*****
2026-04-14 12:21:02,332 - INFO - ***RR NOT FOUND***
2026-04-14 12:21:02,373 - INFO - Iteracja 3: condition_best: Input1 >= 2.50, quality_best: 0.665, coverage_best: (p=230, n=26, P=345, N=350)
2026-04-14 12:21:02,373 - INFO - Regula po iteracji 3: IF Input1 <= 31.50 AND Input4 >= 5.50 AND Input4 <= 202.50 AND Input1 >= 2.50 THEN class = {24.10} [4.12, 44.07], (p=230, n=26, P=345, N=350)
2026-04-14 12:21:02,373 - INFO - *****GROWING RR RULE*****
2026-04-14 12:21:02,571 - INFO - Iteracja 0: condition_best: None, quality_best: -inf, coverage_best: (p=0, n=0, P=0, N=0), p_value: 0
2026-04-14 12:21:02,571 - INFO - Regula po iteracji 0: IF  THEN class = {58.14} [12.12, 104.16], (p=513, n=182, P=513, N=182)
2026-04-14 12:21:02,572 - INFO - *****STOP GROWING RR RULE*****
2026-04-14 12:21:02,572 - INFO - ***RR NOT FOUND***
2026-04-14 12:21:02,612 - INFO - Iteracja 4: condition_best: Input2 <= 244.50, quality_best: 0.663, coverage_best: (p=229, n=26, P=345, N=350)
2026-04-14 12:21:02,612 - INFO - Regula po iteracji 4: IF Input1 <= 31.50 AND Input4 >= 5.50 AND Input4 <= 202.50 AND Input1 >= 2.50 AND Input2 <= 244.50 THEN class = {24.17} [4.19, 44.15], (p=229, n=26, P=345, N=350)
2026-04-14 12:21:02,613 - INFO - *****GROWING RR RULE*****
2026-04-14 12:21:02,810 - INFO - Iteracja 0: condition_best: None, quality_best: -inf, coverage_best: (p=0, n=0, P=0, N=0), p_value: 0
2026-04-14 12:21:02,811 - INFO - Regula po iteracji 0: IF  THEN class = {58.14} [12.12, 104.16], (p=513, n=182, P=513, N=182)
2026-04-14 12:21:02,811 - INFO - *****STOP GROWING RR RULE*****
2026-04-14 12:21:02,811 - INFO - ***RR NOT FOUND***
2026-04-14 12:21:02,811 - INFO - *******STOP GROWING CR RULE*******
2026-04-14 12:21:02,814 - INFO - *******GROWING CR RULE*******
2026-04-14 12:21:02,938 - INFO - Iteracja 0: condition_best: Input1 <= 32.50, quality_best: 0.637, coverage_best: (p=239, n=34, P=345, N=350)
2026-04-14 12:21:02,938 - INFO - Regula po iteracji 0: IF Input1 <= 32.50 THEN class = {24.78} [4.70, 44.86], (p=239, n=34, P=345, N=350)
2026-04-14 12:21:02,938 - INFO - *****GROWING RR RULE*****
2026-04-14 12:21:03,137 - INFO - Iteracja 0: condition_best: None, quality_best: -inf, coverage_best: (p=0, n=0, P=0, N=0), p_value: 0
2026-04-14 12:21:03,137 - INFO - Regula po iteracji 0: IF  THEN class = {58.14} [12.12, 104.16], (p=513, n=182, P=513, N=182)
2026-04-14 12:21:03,137 - INFO - *****STOP GROWING RR RULE*****
2026-04-14 12:21:03,137 - INFO - ***RR NOT FOUND***
2026-04-14 12:21:03,180 - INFO - Iteracja 1: condition_best: Input4 >= 9.50, quality_best: 0.655, coverage_best: (p=222, n=22, P=362, N=333)
2026-04-14 12:21:03,180 - INFO - Regula po iteracji 1: IF Input1 <= 32.50 AND Input4 >= 9.50 THEN class = {26.53} [6.06, 47.00], (p=222, n=22, P=362, N=333)
2026-04-14 12:21:03,180 - INFO - *****GROWING RR RULE*****
2026-04-14 12:21:03,378 - INFO - Iteracja 0: condition_best: None, quality_best: -inf, coverage_best: (p=0, n=0, P=0, N=0), p_value: 0
2026-04-14 12:21:03,379 - INFO - Regula po iteracji 0: IF  THEN class = {58.14} [12.12, 104.16], (p=513, n=182, P=513, N=182)
2026-04-14 12:21:03,379 - INFO - *****STOP GROWING RR RULE*****
2026-04-14 12:21:03,379 - INFO - ***RR NOT FOUND***
2026-04-14 12:21:03,418 - INFO - Iteracja 2: condition_best: Input2 <= 211.00, quality_best: 0.653, coverage_best: (p=221, n=22, P=362, N=333)
2026-04-14 12:21:03,418 - INFO - Regula po iteracji 2: IF Input1 <= 32.50 AND Input4 >= 9.50 AND Input2 <= 211.00 THEN class = {26.60} [6.12, 47.09], (p=221, n=22, P=362, N=333)
2026-04-14 12:21:03,419 - INFO - *****GROWING RR RULE*****
2026-04-14 12:21:03,617 - INFO - Iteracja 0: condition_best: None, quality_best: -inf, coverage_best: (p=0, n=0, P=0, N=0), p_value: 0
2026-04-14 12:21:03,617 - INFO - Regula po iteracji 0: IF  THEN class = {58.14} [12.12, 104.16], (p=513, n=182, P=513, N=182)
2026-04-14 12:21:03,617 - INFO - *****STOP GROWING RR RULE*****
2026-04-14 12:21:03,617 - INFO - ***RR NOT FOUND***
2026-04-14 12:21:03,657 - INFO - Iteracja 3: condition_best: Input2 <= 206.50, quality_best: 0.651, coverage_best: (p=220, n=22, P=362, N=333)
2026-04-14 12:21:03,657 - INFO - Regula po iteracji 3: IF Input1 <= 32.50 AND Input4 >= 9.50 AND Input2 <= 211.00 AND Input2 <= 206.50 THEN class = {26.69} [6.20, 47.17], (p=220, n=22, P=362, N=333)
2026-04-14 12:21:03,658 - INFO - *****GROWING RR RULE*****
2026-04-14 12:21:03,858 - INFO - Iteracja 0: condition_best: None, quality_best: -inf, coverage_best: (p=0, n=0, P=0, N=0), p_value: 0
2026-04-14 12:21:03,858 - INFO - Regula po iteracji 0: IF  THEN class = {58.14} [12.12, 104.16], (p=513, n=182, P=513, N=182)
2026-04-14 12:21:03,858 - INFO - *****STOP GROWING RR RULE*****
2026-04-14 12:21:03,858 - INFO - ***RR NOT FOUND***
2026-04-14 12:21:03,898 - INFO - Iteracja 4: condition_best: Input4 <= 202.50, quality_best: 0.658, coverage_best: (p=220, n=21, P=362, N=333)
2026-04-14 12:21:03,898 - INFO - Regula po iteracji 4: IF Input1 <= 32.50 AND Input4 >= 9.50 AND Input2 <= 211.00 AND Input2 <= 206.50 AND Input4 <= 202.50 THEN class = {26.59} [6.12, 47.05], (p=220, n=21, P=362, N=333)
2026-04-14 12:21:03,898 - INFO - *****GROWING RR RULE*****
2026-04-14 12:21:04,096 - INFO - Iteracja 0: condition_best: None, quality_best: -inf, coverage_best: (p=0, n=0, P=0, N=0), p_value: 0
2026-04-14 12:21:04,096 - INFO - Regula po iteracji 0: IF  THEN class = {58.14} [12.12, 104.16], (p=513, n=182, P=513, N=182)
2026-04-14 12:21:04,097 - INFO - *****STOP GROWING RR RULE*****
2026-04-14 12:21:04,097 - INFO - ***RR NOT FOUND***
2026-04-14 12:21:04,097 - INFO - *******STOP GROWING CR RULE*******
2026-04-14 12:21:04,100 - INFO - *******GROWING CR RULE*******
2026-04-14 12:21:04,223 - INFO - Iteracja 0: condition_best: Input1 <= 34.50, quality_best: 0.603, coverage_best: (p=246, n=43, P=345, N=350)
2026-04-14 12:21:04,223 - INFO - Regula po iteracji 0: IF Input1 <= 34.50 THEN class = {25.60} [5.50, 45.69], (p=246, n=43, P=345, N=350)
2026-04-14 12:21:04,223 - INFO - *****GROWING RR RULE*****
2026-04-14 12:21:04,423 - INFO - Iteracja 0: condition_best: None, quality_best: -inf, coverage_best: (p=0, n=0, P=0, N=0), p_value: 0
2026-04-14 12:21:04,423 - INFO - Regula po iteracji 0: IF  THEN class = {58.14} [12.12, 104.16], (p=513, n=182, P=513, N=182)
2026-04-14 12:21:04,423 - INFO - *****STOP GROWING RR RULE*****
2026-04-14 12:21:04,423 - INFO - ***RR NOT FOUND***
2026-04-14 12:21:04,467 - INFO - Iteracja 1: condition_best: Input4 >= 8.50, quality_best: 0.639, coverage_best: (p=237, n=29, P=362, N=333)
2026-04-14 12:21:04,467 - INFO - Regula po iteracji 1: IF Input1 <= 34.50 AND Input4 >= 8.50 THEN class = {27.00} [6.71, 47.29], (p=237, n=29, P=362, N=333)
2026-04-14 12:21:04,467 - INFO - *****GROWING RR RULE*****
2026-04-14 12:21:04,664 - INFO - Iteracja 0: condition_best: None, quality_best: -inf, coverage_best: (p=0, n=0, P=0, N=0), p_value: 0
2026-04-14 12:21:04,665 - INFO - Regula po iteracji 0: IF  THEN class = {58.14} [12.12, 104.16], (p=513, n=182, P=513, N=182)
2026-04-14 12:21:04,665 - INFO - *****STOP GROWING RR RULE*****
2026-04-14 12:21:04,665 - INFO - ***RR NOT FOUND***
2026-04-14 12:21:04,707 - INFO - Iteracja 2: condition_best: Input4 <= 202.50, quality_best: 0.645, coverage_best: (p=237, n=28, P=362, N=333)
2026-04-14 12:21:04,707 - INFO - Regula po iteracji 2: IF Input1 <= 34.50 AND Input4 >= 8.50 AND Input4 <= 202.50 THEN class = {26.91} [6.64, 47.18], (p=237, n=28, P=362, N=333)
2026-04-14 12:21:04,707 - INFO - *****GROWING RR RULE*****
2026-04-14 12:21:04,905 - INFO - Iteracja 0: condition_best: None, quality_best: -inf, coverage_best: (p=0, n=0, P=0, N=0), p_value: 0
2026-04-14 12:21:04,905 - INFO - Regula po iteracji 0: IF  THEN class = {58.14} [12.12, 104.16], (p=513, n=182, P=513, N=182)
2026-04-14 12:21:04,906 - INFO - *****STOP GROWING RR RULE*****
2026-04-14 12:21:04,906 - INFO - ***RR NOT FOUND***
2026-04-14 12:21:04,947 - INFO - Iteracja 3: condition_best: Input1 >= 2.50, quality_best: 0.649, coverage_best: (p=236, n=27, P=362, N=333)
2026-04-14 12:21:04,947 - INFO - Regula po iteracji 3: IF Input1 <= 34.50 AND Input4 >= 8.50 AND Input4 <= 202.50 AND Input1 >= 2.50 THEN class = {26.77} [6.51, 47.03], (p=236, n=27, P=362, N=333)
2026-04-14 12:21:04,948 - INFO - *****GROWING RR RULE*****
2026-04-14 12:21:05,145 - INFO - Iteracja 0: condition_best: None, quality_best: -inf, coverage_best: (p=0, n=0, P=0, N=0), p_value: 0
2026-04-14 12:21:05,146 - INFO - Regula po iteracji 0: IF  THEN class = {58.14} [12.12, 104.16], (p=513, n=182, P=513, N=182)
2026-04-14 12:21:05,146 - INFO - *****STOP GROWING RR RULE*****
2026-04-14 12:21:05,146 - INFO - ***RR NOT FOUND***
2026-04-14 12:21:05,188 - INFO - Iteracja 4: condition_best: Input2 <= 224.50, quality_best: 0.647, coverage_best: (p=235, n=27, P=362, N=333)
2026-04-14 12:21:05,188 - INFO - Regula po iteracji 4: IF Input1 <= 34.50 AND Input4 >= 8.50 AND Input4 <= 202.50 AND Input1 >= 2.50 AND Input2 <= 224.50 THEN class = {26.84} [6.58, 47.11], (p=235, n=27, P=362, N=333)
2026-04-14 12:21:05,188 - INFO - *****GROWING RR RULE*****
2026-04-14 12:21:05,386 - INFO - Iteracja 0: condition_best: None, quality_best: -inf, coverage_best: (p=0, n=0, P=0, N=0), p_value: 0
2026-04-14 12:21:05,386 - INFO - Regula po iteracji 0: IF  THEN class = {58.14} [12.12, 104.16], (p=513, n=182, P=513, N=182)
2026-04-14 12:21:05,386 - INFO - *****STOP GROWING RR RULE*****
2026-04-14 12:21:05,386 - INFO - ***RR NOT FOUND***
2026-04-14 12:21:05,386 - INFO - *******STOP GROWING CR RULE*******
2026-04-14 12:21:05,389 - INFO - *******GROWING CR RULE*******
2026-04-14 12:21:05,512 - INFO - Iteracja 0: condition_best: Input1 <= 36.50, quality_best: 0.597, coverage_best: (p=255, n=45, P=354, N=341)
2026-04-14 12:21:05,512 - INFO - Regula po iteracji 0: IF Input1 <= 36.50 THEN class = {26.17} [5.81, 46.52], (p=255, n=45, P=354, N=341)
2026-04-14 12:21:05,512 - INFO - *****GROWING RR RULE*****
2026-04-14 12:21:05,710 - INFO - Iteracja 0: condition_best: None, quality_best: -inf, coverage_best: (p=0, n=0, P=0, N=0), p_value: 0
2026-04-14 12:21:05,710 - INFO - Regula po iteracji 0: IF  THEN class = {58.14} [12.12, 104.16], (p=513, n=182, P=513, N=182)
2026-04-14 12:21:05,711 - INFO - *****STOP GROWING RR RULE*****
2026-04-14 12:21:05,711 - INFO - ***RR NOT FOUND***
2026-04-14 12:21:05,756 - INFO - Iteracja 1: condition_best: Input4 >= 10.50, quality_best: 0.624, coverage_best: (p=234, n=30, P=365, N=330)
2026-04-14 12:21:05,756 - INFO - Regula po iteracji 1: IF Input1 <= 36.50 AND Input4 >= 10.50 THEN class = {28.39} [7.74, 49.03], (p=234, n=30, P=365, N=330)
2026-04-14 12:21:05,756 - INFO - *****GROWING RR RULE*****
2026-04-14 12:21:05,954 - INFO - Iteracja 0: condition_best: None, quality_best: -inf, coverage_best: (p=0, n=0, P=0, N=0), p_value: 0
2026-04-14 12:21:05,954 - INFO - Regula po iteracji 0: IF  THEN class = {58.14} [12.12, 104.16], (p=513, n=182, P=513, N=182)
2026-04-14 12:21:05,954 - INFO - *****STOP GROWING RR RULE*****
2026-04-14 12:21:05,954 - INFO - ***RR NOT FOUND***
2026-04-14 12:21:05,995 - INFO - Iteracja 2: condition_best: Input1 >= 9.50, quality_best: 0.631, coverage_best: (p=221, n=25, P=365, N=330)
2026-04-14 12:21:05,995 - INFO - Regula po iteracji 2: IF Input1 <= 36.50 AND Input4 >= 10.50 AND Input1 >= 9.50 THEN class = {28.44} [7.79, 49.10], (p=221, n=25, P=365, N=330)
2026-04-14 12:21:05,996 - INFO - *****GROWING RR RULE*****
2026-04-14 12:21:06,193 - INFO - Iteracja 0: condition_best: None, quality_best: -inf, coverage_best: (p=0, n=0, P=0, N=0), p_value: 0
2026-04-14 12:21:06,193 - INFO - Regula po iteracji 0: IF  THEN class = {58.14} [12.12, 104.16], (p=513, n=182, P=513, N=182)
2026-04-14 12:21:06,193 - INFO - *****STOP GROWING RR RULE*****
2026-04-14 12:21:06,193 - INFO - ***RR NOT FOUND***
2026-04-14 12:21:06,231 - INFO - Iteracja 3: condition_best: Input2 <= 204.00, quality_best: 0.629, coverage_best: (p=220, n=25, P=365, N=330)
2026-04-14 12:21:06,231 - INFO - Regula po iteracji 3: IF Input1 <= 36.50 AND Input4 >= 10.50 AND Input1 >= 9.50 AND Input2 <= 204.00 THEN class = {28.52} [7.86, 49.18], (p=220, n=25, P=365, N=330)
2026-04-14 12:21:06,232 - INFO - *****GROWING RR RULE*****
2026-04-14 12:21:06,430 - INFO - Iteracja 0: condition_best: None, quality_best: -inf, coverage_best: (p=0, n=0, P=0, N=0), p_value: 0
2026-04-14 12:21:06,430 - INFO - Regula po iteracji 0: IF  THEN class = {58.14} [12.12, 104.16], (p=513, n=182, P=513, N=182)
2026-04-14 12:21:06,430 - INFO - *****STOP GROWING RR RULE*****
2026-04-14 12:21:06,430 - INFO - ***RR NOT FOUND***
2026-04-14 12:21:06,468 - INFO - Iteracja 4: condition_best: Input1 >= 10.50, quality_best: 0.629, coverage_best: (p=214, n=25, P=356, N=339)
2026-04-14 12:21:06,468 - INFO - Regula po iteracji 4: IF Input1 <= 36.50 AND Input4 >= 10.50 AND Input1 >= 9.50 AND Input2 <= 204.00 AND Input1 >= 10.50 THEN class = {29.00} [8.30, 49.69], (p=214, n=25, P=356, N=339)
2026-04-14 12:21:06,468 - INFO - *****GROWING RR RULE*****
2026-04-14 12:21:06,667 - INFO - Iteracja 0: condition_best: None, quality_best: -inf, coverage_best: (p=0, n=0, P=0, N=0), p_value: 0
2026-04-14 12:21:06,667 - INFO - Regula po iteracji 0: IF  THEN class = {58.14} [12.12, 104.16], (p=513, n=182, P=513, N=182)
2026-04-14 12:21:06,667 - INFO - *****STOP GROWING RR RULE*****
2026-04-14 12:21:06,667 - INFO - ***RR NOT FOUND***
2026-04-14 12:21:06,667 - INFO - *******STOP GROWING CR RULE*******
2026-04-14 12:21:06,670 - INFO - *******GROWING CR RULE*******
2026-04-14 12:21:06,792 - INFO - Iteracja 0: condition_best: Input1 <= 37.50, quality_best: 0.576, coverage_best: (p=258, n=48, P=362, N=333)
2026-04-14 12:21:06,792 - INFO - Regula po iteracji 0: IF Input1 <= 37.50 THEN class = {26.77} [6.07, 47.48], (p=258, n=48, P=362, N=333)
2026-04-14 12:21:06,793 - INFO - *****GROWING RR RULE*****
2026-04-14 12:21:06,992 - INFO - Iteracja 0: condition_best: None, quality_best: -inf, coverage_best: (p=0, n=0, P=0, N=0), p_value: 0
2026-04-14 12:21:06,993 - INFO - Regula po iteracji 0: IF  THEN class = {58.14} [12.12, 104.16], (p=513, n=182, P=513, N=182)
2026-04-14 12:21:06,993 - INFO - *****STOP GROWING RR RULE*****
2026-04-14 12:21:06,993 - INFO - ***RR NOT FOUND***
2026-04-14 12:21:07,039 - INFO - Iteracja 1: condition_best: Input4 >= 8.50, quality_best: 0.612, coverage_best: (p=246, n=36, P=365, N=330)
2026-04-14 12:21:07,040 - INFO - Regula po iteracji 1: IF Input1 <= 37.50 AND Input4 >= 8.50 THEN class = {28.28} [7.44, 49.12], (p=246, n=36, P=365, N=330)
2026-04-14 12:21:07,040 - INFO - *****GROWING RR RULE*****
2026-04-14 12:21:07,239 - INFO - Iteracja 0: condition_best: None, quality_best: -inf, coverage_best: (p=0, n=0, P=0, N=0), p_value: 0
2026-04-14 12:21:07,239 - INFO - Regula po iteracji 0: IF  THEN class = {58.14} [12.12, 104.16], (p=513, n=182, P=513, N=182)
2026-04-14 12:21:07,239 - INFO - *****STOP GROWING RR RULE*****
2026-04-14 12:21:07,239 - INFO - ***RR NOT FOUND***
2026-04-14 12:21:07,283 - INFO - Iteracja 2: condition_best: Input1 >= 7.50, quality_best: 0.62, coverage_best: (p=238, n=32, P=365, N=330)
2026-04-14 12:21:07,283 - INFO - Regula po iteracji 2: IF Input1 <= 37.50 AND Input4 >= 8.50 AND Input1 >= 7.50 THEN class = {28.19} [7.36, 49.02], (p=238, n=32, P=365, N=330)
2026-04-14 12:21:07,283 - INFO - *****GROWING RR RULE*****
2026-04-14 12:21:07,482 - INFO - Iteracja 0: condition_best: None, quality_best: -inf, coverage_best: (p=0, n=0, P=0, N=0), p_value: 0
2026-04-14 12:21:07,482 - INFO - Regula po iteracji 0: IF  THEN class = {58.14} [12.12, 104.16], (p=513, n=182, P=513, N=182)
2026-04-14 12:21:07,482 - INFO - *****STOP GROWING RR RULE*****
2026-04-14 12:21:07,482 - INFO - ***RR NOT FOUND***
2026-04-14 12:21:07,523 - INFO - Iteracja 3: condition_best: Input2 <= 206.50, quality_best: 0.622, coverage_best: (p=236, n=31, P=365, N=330)
2026-04-14 12:21:07,523 - INFO - Regula po iteracji 3: IF Input1 <= 37.50 AND Input4 >= 8.50 AND Input1 >= 7.50 AND Input2 <= 206.50 THEN class = {28.42} [7.59, 49.25], (p=236, n=31, P=365, N=330)
2026-04-14 12:21:07,524 - INFO - *****GROWING RR RULE*****
2026-04-14 12:21:07,723 - INFO - Iteracja 0: condition_best: None, quality_best: -inf, coverage_best: (p=0, n=0, P=0, N=0), p_value: 0
2026-04-14 12:21:07,723 - INFO - Regula po iteracji 0: IF  THEN class = {58.14} [12.12, 104.16], (p=513, n=182, P=513, N=182)
2026-04-14 12:21:07,723 - INFO - *****STOP GROWING RR RULE*****
2026-04-14 12:21:07,723 - INFO - ***RR NOT FOUND***
2026-04-14 12:21:07,764 - INFO - Iteracja 4: condition_best: Input4 <= 202.50, quality_best: 0.628, coverage_best: (p=236, n=30, P=365, N=330)
2026-04-14 12:21:07,764 - INFO - Regula po iteracji 4: IF Input1 <= 37.50 AND Input4 >= 8.50 AND Input1 >= 7.50 AND Input2 <= 206.50 AND Input4 <= 202.50 THEN class = {28.33} [7.51, 49.16], (p=236, n=30, P=365, N=330)
2026-04-14 12:21:07,764 - INFO - *****GROWING RR RULE*****
2026-04-14 12:21:07,963 - INFO - Iteracja 0: condition_best: None, quality_best: -inf, coverage_best: (p=0, n=0, P=0, N=0), p_value: 0
2026-04-14 12:21:07,963 - INFO - Regula po iteracji 0: IF  THEN class = {58.14} [12.12, 104.16], (p=513, n=182, P=513, N=182)
2026-04-14 12:21:07,963 - INFO - *****STOP GROWING RR RULE*****
2026-04-14 12:21:07,963 - INFO - ***RR NOT FOUND***
2026-04-14 12:21:07,963 - INFO - *******STOP GROWING CR RULE*******
2026-04-14 12:21:07,966 - INFO - *******GROWING CR RULE*******
2026-04-14 12:21:08,089 - INFO - Iteracja 0: condition_best: Input4 <= 21.50, quality_best: 0.57, coverage_best: (p=147, n=22, P=304, N=391)
2026-04-14 12:21:08,089 - INFO - Regula po iteracji 0: IF Input4 <= 21.50 THEN class = {21.76} [4.73, 38.80], (p=147, n=22, P=304, N=391)
2026-04-14 12:21:08,089 - INFO - *****GROWING RR RULE*****
2026-04-14 12:21:08,286 - INFO - Iteracja 0: condition_best: None, quality_best: -inf, coverage_best: (p=0, n=0, P=0, N=0), p_value: 0
2026-04-14 12:21:08,286 - INFO - Regula po iteracji 0: IF  THEN class = {58.14} [12.12, 104.16], (p=513, n=182, P=513, N=182)
2026-04-14 12:21:08,286 - INFO - *****STOP GROWING RR RULE*****
2026-04-14 12:21:08,287 - INFO - ***RR NOT FOUND***
2026-04-14 12:21:08,314 - INFO - Iteracja 1: condition_best: Input4 >= 5.50, quality_best: 0.579, coverage_best: (p=142, n=19, P=305, N=390)
2026-04-14 12:21:08,314 - INFO - Regula po iteracji 1: IF Input4 <= 21.50 AND Input4 >= 5.50 THEN class = {22.66} [5.70, 39.61], (p=142, n=19, P=305, N=390)
2026-04-14 12:21:08,314 - INFO - *****GROWING RR RULE*****
2026-04-14 12:21:08,512 - INFO - Iteracja 0: condition_best: None, quality_best: -inf, coverage_best: (p=0, n=0, P=0, N=0), p_value: 0
2026-04-14 12:21:08,512 - INFO - Regula po iteracji 0: IF  THEN class = {58.14} [12.12, 104.16], (p=513, n=182, P=513, N=182)
2026-04-14 12:21:08,513 - INFO - *****STOP GROWING RR RULE*****
2026-04-14 12:21:08,513 - INFO - ***RR NOT FOUND***
2026-04-14 12:21:08,538 - INFO - Iteracja 2: condition_best: Input4 <= 19.50, quality_best: 0.587, coverage_best: (p=127, n=14, P=300, N=395)
2026-04-14 12:21:08,538 - INFO - Regula po iteracji 2: IF Input4 <= 21.50 AND Input4 >= 5.50 AND Input4 <= 19.50 THEN class = {21.80} [5.60, 38.00], (p=127, n=14, P=300, N=395)
2026-04-14 12:21:08,538 - INFO - *****GROWING RR RULE*****
2026-04-14 12:21:08,735 - INFO - Iteracja 0: condition_best: None, quality_best: -inf, coverage_best: (p=0, n=0, P=0, N=0), p_value: 0
2026-04-14 12:21:08,735 - INFO - Regula po iteracji 0: IF  THEN class = {58.14} [12.12, 104.16], (p=513, n=182, P=513, N=182)
2026-04-14 12:21:08,736 - INFO - *****STOP GROWING RR RULE*****
2026-04-14 12:21:08,736 - INFO - ***RR NOT FOUND***
2026-04-14 12:21:08,758 - INFO - Iteracja 3: condition_best: Input2 <= 244.50, quality_best: 0.595, coverage_best: (p=127, n=13, P=300, N=395)
2026-04-14 12:21:08,758 - INFO - Regula po iteracji 3: IF Input4 <= 21.50 AND Input4 >= 5.50 AND Input4 <= 19.50 AND Input2 <= 244.50 THEN class = {21.92} [5.73, 38.12], (p=127, n=13, P=300, N=395)
2026-04-14 12:21:08,759 - INFO - *****GROWING RR RULE*****
2026-04-14 12:21:08,956 - INFO - Iteracja 0: condition_best: None, quality_best: -inf, coverage_best: (p=0, n=0, P=0, N=0), p_value: 0
2026-04-14 12:21:08,957 - INFO - Regula po iteracji 0: IF  THEN class = {58.14} [12.12, 104.16], (p=513, n=182, P=513, N=182)
2026-04-14 12:21:08,957 - INFO - *****STOP GROWING RR RULE*****
2026-04-14 12:21:08,957 - INFO - ***RR NOT FOUND***
2026-04-14 12:21:08,979 - INFO - Iteracja 4: condition_best: Input1 >= 2.50, quality_best: 0.593, coverage_best: (p=126, n=13, P=300, N=395)
2026-04-14 12:21:08,979 - INFO - Regula po iteracji 4: IF Input4 <= 21.50 AND Input4 >= 5.50 AND Input4 <= 19.50 AND Input2 <= 244.50 AND Input1 >= 2.50 THEN class = {21.84} [5.61, 38.07], (p=126, n=13, P=300, N=395)
2026-04-14 12:21:08,980 - INFO - *****GROWING RR RULE*****
2026-04-14 12:21:09,178 - INFO - Iteracja 0: condition_best: None, quality_best: -inf, coverage_best: (p=0, n=0, P=0, N=0), p_value: 0
2026-04-14 12:21:09,178 - INFO - Regula po iteracji 0: IF  THEN class = {58.14} [12.12, 104.16], (p=513, n=182, P=513, N=182)
2026-04-14 12:21:09,178 - INFO - *****STOP GROWING RR RULE*****
2026-04-14 12:21:09,178 - INFO - ***RR NOT FOUND***
2026-04-14 12:21:09,178 - INFO - *******STOP GROWING CR RULE*******
2026-04-14 12:21:09,181 - INFO - *******GROWING CR RULE*******
2026-04-14 12:21:09,304 - INFO - Iteracja 0: condition_best: Input4 <= 21.50, quality_best: 0.57, coverage_best: (p=147, n=22, P=304, N=391)
2026-04-14 12:21:09,304 - INFO - Regula po iteracji 0: IF Input4 <= 21.50 THEN class = {21.76} [4.73, 38.80], (p=147, n=22, P=304, N=391)
2026-04-14 12:21:09,304 - INFO - *****GROWING RR RULE*****
2026-04-14 12:21:09,499 - INFO - Iteracja 0: condition_best: None, quality_best: -inf, coverage_best: (p=0, n=0, P=0, N=0), p_value: 0
2026-04-14 12:21:09,500 - INFO - Regula po iteracji 0: IF  THEN class = {58.14} [12.12, 104.16], (p=513, n=182, P=513, N=182)
2026-04-14 12:21:09,500 - INFO - *****STOP GROWING RR RULE*****
2026-04-14 12:21:09,500 - INFO - ***RR NOT FOUND***
2026-04-14 12:21:09,526 - INFO - Iteracja 1: condition_best: Input1 <= 224.00, quality_best: 0.577, coverage_best: (p=147, n=21, P=304, N=391)
2026-04-14 12:21:09,526 - INFO - Regula po iteracji 1: IF Input4 <= 21.50 AND Input1 <= 224.00 THEN class = {21.88} [4.87, 38.90], (p=147, n=21, P=304, N=391)
2026-04-14 12:21:09,527 - INFO - *****GROWING RR RULE*****
2026-04-14 12:21:09,721 - INFO - Iteracja 0: condition_best: None, quality_best: -inf, coverage_best: (p=0, n=0, P=0, N=0), p_value: 0
2026-04-14 12:21:09,721 - INFO - Regula po iteracji 0: IF  THEN class = {58.14} [12.12, 104.16], (p=513, n=182, P=513, N=182)
2026-04-14 12:21:09,722 - INFO - *****STOP GROWING RR RULE*****
2026-04-14 12:21:09,722 - INFO - ***RR NOT FOUND***
2026-04-14 12:21:09,748 - INFO - Iteracja 2: condition_best: Input4 <= 5.50, quality_best: 0.578, coverage_best: (p=5, n=2, P=8, N=687)
2026-04-14 12:21:09,748 - INFO - Regula po iteracji 2: IF Input4 <= 21.50 AND Input1 <= 224.00 AND Input4 <= 5.50 THEN class = {4.00} [2.49, 5.51], (p=5, n=2, P=8, N=687)
2026-04-14 12:21:09,748 - INFO - *****GROWING RR RULE*****
2026-04-14 12:21:09,937 - INFO - Iteracja 0: condition_best: None, quality_best: -inf, coverage_best: (p=0, n=0, P=0, N=0), p_value: 0
2026-04-14 12:21:09,937 - INFO - Regula po iteracji 0: IF  THEN class = {58.14} [12.12, 104.16], (p=513, n=182, P=513, N=182)
2026-04-14 12:21:09,937 - INFO - *****STOP GROWING RR RULE*****
2026-04-14 12:21:09,937 - INFO - ***RR NOT FOUND***
2026-04-14 12:21:09,939 - INFO - Iteracja 3: condition_best: Input1 >= 15.00, quality_best: 0.497, coverage_best: (p=4, n=2, P=8, N=687)
2026-04-14 12:21:09,939 - INFO - Regula po iteracji 3: IF Input4 <= 21.50 AND Input1 <= 224.00 AND Input4 <= 5.50 AND Input1 >= 15.00 THEN class = {4.00} [2.37, 5.63], (p=4, n=2, P=8, N=687)
2026-04-14 12:21:09,939 - INFO - *****GROWING RR RULE*****
2026-04-14 12:21:10,127 - INFO - Iteracja 0: condition_best: None, quality_best: -inf, coverage_best: (p=0, n=0, P=0, N=0), p_value: 0
2026-04-14 12:21:10,127 - INFO - Regula po iteracji 0: IF  THEN class = {58.14} [12.12, 104.16], (p=513, n=182, P=513, N=182)
2026-04-14 12:21:10,127 - INFO - *****STOP GROWING RR RULE*****
2026-04-14 12:21:10,127 - INFO - ***RR NOT FOUND***
2026-04-14 12:21:10,129 - INFO - Iteracja 4: condition_best: Input1 >= 25.50, quality_best: 0.409, coverage_best: (p=3, n=2, P=8, N=687)
2026-04-14 12:21:10,129 - INFO - Regula po iteracji 4: IF Input4 <= 21.50 AND Input1 <= 224.00 AND Input4 <= 5.50 AND Input1 >= 15.00 AND Input1 >= 25.50 THEN class = {4.20} [2.48, 5.92], (p=3, n=2, P=8, N=687)
2026-04-14 12:21:10,129 - INFO - *****GROWING RR RULE*****
2026-04-14 12:21:10,316 - INFO - Iteracja 0: condition_best: None, quality_best: -inf, coverage_best: (p=0, n=0, P=0, N=0), p_value: 0
2026-04-14 12:21:10,317 - INFO - Regula po iteracji 0: IF  THEN class = {58.14} [12.12, 104.16], (p=513, n=182, P=513, N=182)
2026-04-14 12:21:10,317 - INFO - *****STOP GROWING RR RULE*****
2026-04-14 12:21:10,317 - INFO - ***RR NOT FOUND***
2026-04-14 12:21:10,317 - INFO - *******STOP GROWING CR RULE*******
2026-04-14 12:21:10,320 - INFO - *******GROWING CR RULE*******
2026-04-14 12:21:10,441 - INFO - Iteracja 0: condition_best: Input1 <= 41.50, quality_best: 0.562, coverage_best: (p=278, n=55, P=373, N=322)
2026-04-14 12:21:10,441 - INFO - Regula po iteracji 0: IF Input1 <= 41.50 THEN class = {28.32} [6.98, 49.65], (p=278, n=55, P=373, N=322)
2026-04-14 12:21:10,441 - INFO - *****GROWING RR RULE*****
2026-04-14 12:21:10,641 - INFO - Iteracja 0: condition_best: None, quality_best: -inf, coverage_best: (p=0, n=0, P=0, N=0), p_value: 0
2026-04-14 12:21:10,641 - INFO - Regula po iteracji 0: IF  THEN class = {58.14} [12.12, 104.16], (p=513, n=182, P=513, N=182)
2026-04-14 12:21:10,641 - INFO - *****STOP GROWING RR RULE*****
2026-04-14 12:21:10,641 - INFO - ***RR NOT FOUND***
2026-04-14 12:21:10,692 - INFO - Iteracja 1: condition_best: Input1 >= 15.50, quality_best: 0.6, coverage_best: (p=213, n=29, P=358, N=337)
2026-04-14 12:21:10,692 - INFO - Regula po iteracji 1: IF Input1 <= 41.50 AND Input1 >= 15.50 THEN class = {32.95} [11.86, 54.04], (p=213, n=29, P=358, N=337)
2026-04-14 12:21:10,692 - INFO - *****GROWING RR RULE*****
2026-04-14 12:21:10,892 - INFO - Iteracja 0: condition_best: None, quality_best: -inf, coverage_best: (p=0, n=0, P=0, N=0), p_value: 0
2026-04-14 12:21:10,892 - INFO - Regula po iteracji 0: IF  THEN class = {58.14} [12.12, 104.16], (p=513, n=182, P=513, N=182)
2026-04-14 12:21:10,892 - INFO - *****STOP GROWING RR RULE*****
2026-04-14 12:21:10,892 - INFO - ***RR NOT FOUND***
2026-04-14 12:21:10,930 - INFO - Iteracja 2: condition_best: Input4 >= 6.50, quality_best: 0.616, coverage_best: (p=211, n=28, P=347, N=348)
2026-04-14 12:21:10,930 - INFO - Regula po iteracji 2: IF Input1 <= 41.50 AND Input1 >= 15.50 AND Input4 >= 6.50 THEN class = {33.29} [12.29, 54.28], (p=211, n=28, P=347, N=348)
2026-04-14 12:21:10,930 - INFO - *****GROWING RR RULE*****
2026-04-14 12:21:11,129 - INFO - Iteracja 0: condition_best: None, quality_best: -inf, coverage_best: (p=0, n=0, P=0, N=0), p_value: 0
2026-04-14 12:21:11,129 - INFO - Regula po iteracji 0: IF  THEN class = {58.14} [12.12, 104.16], (p=513, n=182, P=513, N=182)
2026-04-14 12:21:11,129 - INFO - *****STOP GROWING RR RULE*****
2026-04-14 12:21:11,130 - INFO - ***RR NOT FOUND***
2026-04-14 12:21:11,166 - INFO - Iteracja 3: condition_best: Input4 >= 8.00, quality_best: 0.614, coverage_best: (p=207, n=27, P=347, N=348)
2026-04-14 12:21:11,167 - INFO - Regula po iteracji 3: IF Input1 <= 41.50 AND Input1 >= 15.50 AND Input4 >= 6.50 AND Input4 >= 8.00 THEN class = {33.65} [12.60, 54.71], (p=207, n=27, P=347, N=348)
2026-04-14 12:21:11,167 - INFO - *****GROWING RR RULE*****
2026-04-14 12:21:11,365 - INFO - Iteracja 0: condition_best: None, quality_best: -inf, coverage_best: (p=0, n=0, P=0, N=0), p_value: 0
2026-04-14 12:21:11,365 - INFO - Regula po iteracji 0: IF  THEN class = {58.14} [12.12, 104.16], (p=513, n=182, P=513, N=182)
2026-04-14 12:21:11,365 - INFO - *****STOP GROWING RR RULE*****
2026-04-14 12:21:11,365 - INFO - ***RR NOT FOUND***
2026-04-14 12:21:11,401 - INFO - Iteracja 4: condition_best: Input2 <= 164.50, quality_best: 0.612, coverage_best: (p=206, n=27, P=347, N=348)
2026-04-14 12:21:11,401 - INFO - Regula po iteracji 4: IF Input1 <= 41.50 AND Input1 >= 15.50 AND Input4 >= 6.50 AND Input4 >= 8.00 AND Input2 <= 164.50 THEN class = {33.74} [12.68, 54.80], (p=206, n=27, P=347, N=348)
2026-04-14 12:21:11,402 - INFO - *****GROWING RR RULE*****
2026-04-14 12:21:11,600 - INFO - Iteracja 0: condition_best: None, quality_best: -inf, coverage_best: (p=0, n=0, P=0, N=0), p_value: 0
2026-04-14 12:21:11,600 - INFO - Regula po iteracji 0: IF  THEN class = {58.14} [12.12, 104.16], (p=513, n=182, P=513, N=182)
2026-04-14 12:21:11,600 - INFO - *****STOP GROWING RR RULE*****
2026-04-14 12:21:11,600 - INFO - ***RR NOT FOUND***
2026-04-14 12:21:11,600 - INFO - *******STOP GROWING CR RULE*******
2026-04-14 12:21:11,603 - INFO - *******GROWING CR RULE*******
2026-04-14 12:21:11,723 - INFO - Iteracja 0: condition_best: Input1 <= 45.50, quality_best: 0.546, coverage_best: (p=293, n=65, P=371, N=324)
2026-04-14 12:21:11,723 - INFO - Regula po iteracji 0: IF Input1 <= 45.50 THEN class = {29.19} [7.78, 50.61], (p=293, n=65, P=371, N=324)
2026-04-14 12:21:11,723 - INFO - *****GROWING RR RULE*****
2026-04-14 12:21:11,923 - INFO - Iteracja 0: condition_best: None, quality_best: -inf, coverage_best: (p=0, n=0, P=0, N=0), p_value: 0
2026-04-14 12:21:11,923 - INFO - Regula po iteracji 0: IF  THEN class = {58.14} [12.12, 104.16], (p=513, n=182, P=513, N=182)
2026-04-14 12:21:11,923 - INFO - *****STOP GROWING RR RULE*****
2026-04-14 12:21:11,923 - INFO - ***RR NOT FOUND***
2026-04-14 12:21:11,977 - INFO - Iteracja 1: condition_best: Input1 >= 15.50, quality_best: 0.616, coverage_best: (p=232, n=35, P=347, N=348)
2026-04-14 12:21:11,977 - INFO - Regula po iteracji 1: IF Input1 <= 45.50 AND Input1 >= 15.50 THEN class = {33.69} [12.67, 54.72], (p=232, n=35, P=347, N=348)
2026-04-14 12:21:11,978 - INFO - *****GROWING RR RULE*****
2026-04-14 12:21:12,177 - INFO - Iteracja 0: condition_best: None, quality_best: -inf, coverage_best: (p=0, n=0, P=0, N=0), p_value: 0
2026-04-14 12:21:12,177 - INFO - Regula po iteracji 0: IF  THEN class = {58.14} [12.12, 104.16], (p=513, n=182, P=513, N=182)
2026-04-14 12:21:12,177 - INFO - *****STOP GROWING RR RULE*****
2026-04-14 12:21:12,177 - INFO - ***RR NOT FOUND***
2026-04-14 12:21:12,220 - INFO - Iteracja 2: condition_best: Input3 >= 11.50, quality_best: 0.628, coverage_best: (p=216, n=27, P=350, N=345)
2026-04-14 12:21:12,220 - INFO - Regula po iteracji 2: IF Input1 <= 45.50 AND Input1 >= 15.50 AND Input3 >= 11.50 THEN class = {34.21} [12.96, 55.46], (p=216, n=27, P=350, N=345)
2026-04-14 12:21:12,220 - INFO - *****GROWING RR RULE*****
2026-04-14 12:21:12,420 - INFO - Iteracja 0: condition_best: None, quality_best: -inf, coverage_best: (p=0, n=0, P=0, N=0), p_value: 0
2026-04-14 12:21:12,420 - INFO - Regula po iteracji 0: IF  THEN class = {58.14} [12.12, 104.16], (p=513, n=182, P=513, N=182)
2026-04-14 12:21:12,420 - INFO - *****STOP GROWING RR RULE*****
2026-04-14 12:21:12,420 - INFO - ***RR NOT FOUND***
2026-04-14 12:21:12,458 - INFO - Iteracja 3: condition_best: Input3 <= 227.00, quality_best: 0.626, coverage_best: (p=215, n=27, P=350, N=345)
2026-04-14 12:21:12,458 - INFO - Regula po iteracji 3: IF Input1 <= 45.50 AND Input1 >= 15.50 AND Input3 >= 11.50 AND Input3 <= 227.00 THEN class = {34.26} [12.98, 55.54], (p=215, n=27, P=350, N=345)
2026-04-14 12:21:12,458 - INFO - *****GROWING RR RULE*****
2026-04-14 12:21:12,656 - INFO - Iteracja 0: condition_best: None, quality_best: -inf, coverage_best: (p=0, n=0, P=0, N=0), p_value: 0
2026-04-14 12:21:12,657 - INFO - Regula po iteracji 0: IF  THEN class = {58.14} [12.12, 104.16], (p=513, n=182, P=513, N=182)
2026-04-14 12:21:12,657 - INFO - *****STOP GROWING RR RULE*****
2026-04-14 12:21:12,657 - INFO - ***RR NOT FOUND***
2026-04-14 12:21:12,694 - INFO - Iteracja 4: condition_best: Input4 <= 168.50, quality_best: 0.624, coverage_best: (p=214, n=27, P=350, N=345)
2026-04-14 12:21:12,694 - INFO - Regula po iteracji 4: IF Input1 <= 45.50 AND Input1 >= 15.50 AND Input3 >= 11.50 AND Input3 <= 227.00 AND Input4 <= 168.50 THEN class = {34.24} [12.92, 55.57], (p=214, n=27, P=350, N=345)
2026-04-14 12:21:12,695 - INFO - *****GROWING RR RULE*****
2026-04-14 12:21:12,893 - INFO - Iteracja 0: condition_best: None, quality_best: -inf, coverage_best: (p=0, n=0, P=0, N=0), p_value: 0
2026-04-14 12:21:12,893 - INFO - Regula po iteracji 0: IF  THEN class = {58.14} [12.12, 104.16], (p=513, n=182, P=513, N=182)
2026-04-14 12:21:12,893 - INFO - *****STOP GROWING RR RULE*****
2026-04-14 12:21:12,893 - INFO - ***RR NOT FOUND***
2026-04-14 12:21:12,893 - INFO - *******STOP GROWING CR RULE*******
2026-04-14 12:21:12,896 - INFO - *******GROWING CR RULE*******
2026-04-14 12:21:13,014 - INFO - Iteracja 0: condition_best: Input1 <= 48.50, quality_best: 0.524, coverage_best: (p=313, n=73, P=384, N=311)
2026-04-14 12:21:13,014 - INFO - Regula po iteracji 0: IF Input1 <= 48.50 THEN class = {31.19} [8.38, 54.00], (p=313, n=73, P=384, N=311)
2026-04-14 12:21:13,014 - INFO - *****GROWING RR RULE*****
2026-04-14 12:21:13,213 - INFO - Iteracja 0: condition_best: None, quality_best: -inf, coverage_best: (p=0, n=0, P=0, N=0), p_value: 0
2026-04-14 12:21:13,213 - INFO - Regula po iteracji 0: IF  THEN class = {58.14} [12.12, 104.16], (p=513, n=182, P=513, N=182)
2026-04-14 12:21:13,214 - INFO - *****STOP GROWING RR RULE*****
2026-04-14 12:21:13,214 - INFO - ***RR NOT FOUND***
2026-04-14 12:21:13,270 - INFO - Iteracja 1: condition_best: Input1 >= 15.50, quality_best: 0.592, coverage_best: (p=250, n=45, P=351, N=344)
2026-04-14 12:21:13,270 - INFO - Regula po iteracji 1: IF Input1 <= 48.50 AND Input1 >= 15.50 THEN class = {35.88} [13.45, 58.32], (p=250, n=45, P=351, N=344)
2026-04-14 12:21:13,270 - INFO - *****GROWING RR RULE*****
2026-04-14 12:21:13,470 - INFO - Iteracja 0: condition_best: None, quality_best: -inf, coverage_best: (p=0, n=0, P=0, N=0), p_value: 0
2026-04-14 12:21:13,470 - INFO - Regula po iteracji 0: IF  THEN class = {58.14} [12.12, 104.16], (p=513, n=182, P=513, N=182)
2026-04-14 12:21:13,470 - INFO - *****STOP GROWING RR RULE*****
2026-04-14 12:21:13,470 - INFO - ***RR NOT FOUND***
2026-04-14 12:21:13,513 - INFO - Iteracja 2: condition_best: Input4 >= 6.50, quality_best: 0.605, coverage_best: (p=249, n=42, P=351, N=344)
2026-04-14 12:21:13,513 - INFO - Regula po iteracji 2: IF Input1 <= 48.50 AND Input1 >= 15.50 AND Input4 >= 6.50 THEN class = {36.26} [13.92, 58.60], (p=249, n=42, P=351, N=344)
2026-04-14 12:21:13,514 - INFO - *****GROWING RR RULE*****
2026-04-14 12:21:13,716 - INFO - Iteracja 0: condition_best: None, quality_best: -inf, coverage_best: (p=0, n=0, P=0, N=0), p_value: 0
2026-04-14 12:21:13,716 - INFO - Regula po iteracji 0: IF  THEN class = {58.14} [12.12, 104.16], (p=513, n=182, P=513, N=182)
2026-04-14 12:21:13,716 - INFO - *****STOP GROWING RR RULE*****
2026-04-14 12:21:13,716 - INFO - ***RR NOT FOUND***
2026-04-14 12:21:13,759 - INFO - Iteracja 3: condition_best: Input1 <= 46.50, quality_best: 0.615, coverage_best: (p=238, n=38, P=344, N=351)
2026-04-14 12:21:13,759 - INFO - Regula po iteracji 3: IF Input1 <= 48.50 AND Input1 >= 15.50 AND Input4 >= 6.50 AND Input1 <= 46.50 THEN class = {35.09} [13.45, 56.72], (p=238, n=38, P=344, N=351)
2026-04-14 12:21:13,759 - INFO - *****GROWING RR RULE*****
2026-04-14 12:21:13,961 - INFO - Iteracja 0: condition_best: None, quality_best: -inf, coverage_best: (p=0, n=0, P=0, N=0), p_value: 0
2026-04-14 12:21:13,962 - INFO - Regula po iteracji 0: IF  THEN class = {58.14} [12.12, 104.16], (p=513, n=182, P=513, N=182)
2026-04-14 12:21:13,962 - INFO - *****STOP GROWING RR RULE*****
2026-04-14 12:21:13,962 - INFO - ***RR NOT FOUND***
2026-04-14 12:21:14,003 - INFO - Iteracja 4: condition_best: Input3 >= 5.00, quality_best: 0.619, coverage_best: (p=237, n=37, P=344, N=351)
2026-04-14 12:21:14,003 - INFO - Regula po iteracji 4: IF Input1 <= 48.50 AND Input1 >= 15.50 AND Input4 >= 6.50 AND Input1 <= 46.50 AND Input3 >= 5.00 THEN class = {34.88} [13.59, 56.16], (p=237, n=37, P=344, N=351)
2026-04-14 12:21:14,003 - INFO - *****GROWING RR RULE*****
2026-04-14 12:21:14,203 - INFO - Iteracja 0: condition_best: None, quality_best: -inf, coverage_best: (p=0, n=0, P=0, N=0), p_value: 0
2026-04-14 12:21:14,203 - INFO - Regula po iteracji 0: IF  THEN class = {58.14} [12.12, 104.16], (p=513, n=182, P=513, N=182)
2026-04-14 12:21:14,203 - INFO - *****STOP GROWING RR RULE*****
2026-04-14 12:21:14,203 - INFO - ***RR NOT FOUND***
2026-04-14 12:21:14,203 - INFO - *******STOP GROWING CR RULE*******
2026-04-14 12:21:14,206 - INFO - *******GROWING CR RULE*******
2026-04-14 12:21:14,324 - INFO - Iteracja 0: condition_best: Input1 <= 48.50, quality_best: 0.524, coverage_best: (p=313, n=73, P=384, N=311)
2026-04-14 12:21:14,324 - INFO - Regula po iteracji 0: IF Input1 <= 48.50 THEN class = {31.19} [8.38, 54.00], (p=313, n=73, P=384, N=311)
2026-04-14 12:21:14,325 - INFO - *****GROWING RR RULE*****
2026-04-14 12:21:14,524 - INFO - Iteracja 0: condition_best: None, quality_best: -inf, coverage_best: (p=0, n=0, P=0, N=0), p_value: 0
2026-04-14 12:21:14,524 - INFO - Regula po iteracji 0: IF  THEN class = {58.14} [12.12, 104.16], (p=513, n=182, P=513, N=182)
2026-04-14 12:21:14,524 - INFO - *****STOP GROWING RR RULE*****
2026-04-14 12:21:14,524 - INFO - ***RR NOT FOUND***
2026-04-14 12:21:14,587 - INFO - Iteracja 1: condition_best: Input1 >= 15.50, quality_best: 0.592, coverage_best: (p=250, n=45, P=351, N=344)
2026-04-14 12:21:14,587 - INFO - Regula po iteracji 1: IF Input1 <= 48.50 AND Input1 >= 15.50 THEN class = {35.88} [13.45, 58.32], (p=250, n=45, P=351, N=344)
2026-04-14 12:21:14,587 - INFO - *****GROWING RR RULE*****
2026-04-14 12:21:14,792 - INFO - Iteracja 0: condition_best: None, quality_best: -inf, coverage_best: (p=0, n=0, P=0, N=0), p_value: 0
2026-04-14 12:21:14,792 - INFO - Regula po iteracji 0: IF  THEN class = {58.14} [12.12, 104.16], (p=513, n=182, P=513, N=182)
2026-04-14 12:21:14,792 - INFO - *****STOP GROWING RR RULE*****
2026-04-14 12:21:14,792 - INFO - ***RR NOT FOUND***
2026-04-14 12:21:14,835 - INFO - Iteracja 2: condition_best: Input4 >= 6.50, quality_best: 0.605, coverage_best: (p=249, n=42, P=351, N=344)
2026-04-14 12:21:14,835 - INFO - Regula po iteracji 2: IF Input1 <= 48.50 AND Input1 >= 15.50 AND Input4 >= 6.50 THEN class = {36.26} [13.92, 58.60], (p=249, n=42, P=351, N=344)
2026-04-14 12:21:14,836 - INFO - *****GROWING RR RULE*****
2026-04-14 12:21:15,038 - INFO - Iteracja 0: condition_best: None, quality_best: -inf, coverage_best: (p=0, n=0, P=0, N=0), p_value: 0
2026-04-14 12:21:15,038 - INFO - Regula po iteracji 0: IF  THEN class = {58.14} [12.12, 104.16], (p=513, n=182, P=513, N=182)
2026-04-14 12:21:15,038 - INFO - *****STOP GROWING RR RULE*****
2026-04-14 12:21:15,038 - INFO - ***RR NOT FOUND***
2026-04-14 12:21:15,080 - INFO - Iteracja 3: condition_best: Input1 <= 47.50, quality_best: 0.605, coverage_best: (p=246, n=41, P=351, N=344)
2026-04-14 12:21:15,080 - INFO - Regula po iteracji 3: IF Input1 <= 48.50 AND Input1 >= 15.50 AND Input4 >= 6.50 AND Input1 <= 47.50 THEN class = {36.19} [13.75, 58.63], (p=246, n=41, P=351, N=344)
2026-04-14 12:21:15,081 - INFO - *****GROWING RR RULE*****
2026-04-14 12:21:15,283 - INFO - Iteracja 0: condition_best: None, quality_best: -inf, coverage_best: (p=0, n=0, P=0, N=0), p_value: 0
2026-04-14 12:21:15,283 - INFO - Regula po iteracji 0: IF  THEN class = {58.14} [12.12, 104.16], (p=513, n=182, P=513, N=182)
2026-04-14 12:21:15,283 - INFO - *****STOP GROWING RR RULE*****
2026-04-14 12:21:15,283 - INFO - ***RR NOT FOUND***
2026-04-14 12:21:15,325 - INFO - Iteracja 4: condition_best: Input3 <= 196.00, quality_best: 0.609, coverage_best: (p=243, n=38, P=355, N=340)
2026-04-14 12:21:15,325 - INFO - Regula po iteracji 4: IF Input1 <= 48.50 AND Input1 >= 15.50 AND Input4 >= 6.50 AND Input1 <= 47.50 AND Input3 <= 196.00 THEN class = {36.47} [13.89, 59.06], (p=243, n=38, P=355, N=340)
2026-04-14 12:21:15,325 - INFO - *****GROWING RR RULE*****
2026-04-14 12:21:15,527 - INFO - Iteracja 0: condition_best: None, quality_best: -inf, coverage_best: (p=0, n=0, P=0, N=0), p_value: 0
2026-04-14 12:21:15,527 - INFO - Regula po iteracji 0: IF  THEN class = {58.14} [12.12, 104.16], (p=513, n=182, P=513, N=182)
2026-04-14 12:21:15,527 - INFO - *****STOP GROWING RR RULE*****
2026-04-14 12:21:15,527 - INFO - ***RR NOT FOUND***
2026-04-14 12:21:15,527 - INFO - *******STOP GROWING CR RULE*******
2026-04-14 12:21:15,530 - INFO - *******GROWING CR RULE*******
2026-04-14 12:21:15,646 - INFO - Iteracja 0: condition_best: Input1 <= 48.50, quality_best: 0.524, coverage_best: (p=313, n=73, P=384, N=311)
2026-04-14 12:21:15,646 - INFO - Regula po iteracji 0: IF Input1 <= 48.50 THEN class = {31.19} [8.38, 54.00], (p=313, n=73, P=384, N=311)
2026-04-14 12:21:15,647 - INFO - *****GROWING RR RULE*****
2026-04-14 12:21:15,845 - INFO - Iteracja 0: condition_best: None, quality_best: -inf, coverage_best: (p=0, n=0, P=0, N=0), p_value: 0
2026-04-14 12:21:15,846 - INFO - Regula po iteracji 0: IF  THEN class = {58.14} [12.12, 104.16], (p=513, n=182, P=513, N=182)
2026-04-14 12:21:15,846 - INFO - *****STOP GROWING RR RULE*****
2026-04-14 12:21:15,846 - INFO - ***RR NOT FOUND***
2026-04-14 12:21:15,902 - INFO - Iteracja 1: condition_best: Input1 >= 7.50, quality_best: 0.568, coverage_best: (p=305, n=60, P=384, N=311)
2026-04-14 12:21:15,902 - INFO - Regula po iteracji 1: IF Input1 <= 48.50 AND Input1 >= 7.50 THEN class = {31.81} [8.99, 54.64], (p=305, n=60, P=384, N=311)
2026-04-14 12:21:15,902 - INFO - *****GROWING RR RULE*****
2026-04-14 12:21:16,101 - INFO - Iteracja 0: condition_best: None, quality_best: -inf, coverage_best: (p=0, n=0, P=0, N=0), p_value: 0
2026-04-14 12:21:16,101 - INFO - Regula po iteracji 0: IF  THEN class = {58.14} [12.12, 104.16], (p=513, n=182, P=513, N=182)
2026-04-14 12:21:16,101 - INFO - *****STOP GROWING RR RULE*****
2026-04-14 12:21:16,101 - INFO - ***RR NOT FOUND***
2026-04-14 12:21:16,154 - INFO - Iteracja 2: condition_best: Input2 <= 187.00, quality_best: 0.576, coverage_best: (p=297, n=57, P=379, N=316)
2026-04-14 12:21:16,154 - INFO - Regula po iteracji 2: IF Input1 <= 48.50 AND Input1 >= 7.50 AND Input2 <= 187.00 THEN class = {32.55} [9.76, 55.34], (p=297, n=57, P=379, N=316)
2026-04-14 12:21:16,155 - INFO - *****GROWING RR RULE*****
2026-04-14 12:21:16,355 - INFO - Iteracja 0: condition_best: None, quality_best: -inf, coverage_best: (p=0, n=0, P=0, N=0), p_value: 0
2026-04-14 12:21:16,355 - INFO - Regula po iteracji 0: IF  THEN class = {58.14} [12.12, 104.16], (p=513, n=182, P=513, N=182)
2026-04-14 12:21:16,355 - INFO - *****STOP GROWING RR RULE*****
2026-04-14 12:21:16,355 - INFO - ***RR NOT FOUND***
2026-04-14 12:21:16,407 - INFO - Iteracja 3: condition_best: Input4 >= 4.50, quality_best: 0.585, coverage_best: (p=297, n=55, P=379, N=316)
2026-04-14 12:21:16,407 - INFO - Regula po iteracji 3: IF Input1 <= 48.50 AND Input1 >= 7.50 AND Input2 <= 187.00 AND Input4 >= 4.50 THEN class = {32.72} [9.97, 55.46], (p=297, n=55, P=379, N=316)
2026-04-14 12:21:16,407 - INFO - *****GROWING RR RULE*****
2026-04-14 12:21:16,609 - INFO - Iteracja 0: condition_best: None, quality_best: -inf, coverage_best: (p=0, n=0, P=0, N=0), p_value: 0
2026-04-14 12:21:16,609 - INFO - Regula po iteracji 0: IF  THEN class = {58.14} [12.12, 104.16], (p=513, n=182, P=513, N=182)
2026-04-14 12:21:16,610 - INFO - *****STOP GROWING RR RULE*****
2026-04-14 12:21:16,610 - INFO - ***RR NOT FOUND***
2026-04-14 12:21:17,167 - INFO - Iteracja 4: condition_best: Input1 >= 8.50, quality_best: 0.588, coverage_best: (p=296, n=54, P=379, N=316)
2026-04-14 12:21:17,167 - INFO - Regula po iteracji 4: IF Input1 <= 48.50 AND Input1 >= 7.50 AND Input2 <= 187.00 AND Input4 >= 4.50 AND Input1 >= 8.50 THEN class = {32.75} [9.98, 55.51], (p=296, n=54, P=379, N=316)
2026-04-14 12:21:17,168 - INFO - *****GROWING RR RULE*****
2026-04-14 12:21:17,370 - INFO - Iteracja 0: condition_best: None, quality_best: -inf, coverage_best: (p=0, n=0, P=0, N=0), p_value: 0
2026-04-14 12:21:17,371 - INFO - Regula po iteracji 0: IF  THEN class = {58.14} [12.12, 104.16], (p=513, n=182, P=513, N=182)
2026-04-14 12:21:17,371 - INFO - *****STOP GROWING RR RULE*****
2026-04-14 12:21:17,371 - INFO - ***RR NOT FOUND***
2026-04-14 12:21:17,371 - INFO - *******STOP GROWING CR RULE*******
2026-04-14 12:21:17,373 - INFO - *******GROWING CR RULE*******
2026-04-14 12:21:17,490 - INFO - Iteracja 0: condition_best: Input1 <= 49.50, quality_best: 0.511, coverage_best: (p=316, n=76, P=387, N=308)
2026-04-14 12:21:17,490 - INFO - Regula po iteracji 0: IF Input1 <= 49.50 THEN class = {31.94} [8.46, 55.42], (p=316, n=76, P=387, N=308)
2026-04-14 12:21:17,490 - INFO - *****GROWING RR RULE*****
2026-04-14 12:21:17,688 - INFO - Iteracja 0: condition_best: None, quality_best: -inf, coverage_best: (p=0, n=0, P=0, N=0), p_value: 0
2026-04-14 12:21:17,688 - INFO - Regula po iteracji 0: IF  THEN class = {58.14} [12.12, 104.16], (p=513, n=182, P=513, N=182)
2026-04-14 12:21:17,688 - INFO - *****STOP GROWING RR RULE*****
2026-04-14 12:21:17,688 - INFO - ***RR NOT FOUND***
2026-04-14 12:21:17,744 - INFO - Iteracja 1: condition_best: Input1 >= 15.50, quality_best: 0.584, coverage_best: (p=254, n=47, P=355, N=340)
2026-04-14 12:21:17,744 - INFO - Regula po iteracji 1: IF Input1 <= 49.50 AND Input1 >= 15.50 THEN class = {36.76} [13.62, 59.89], (p=254, n=47, P=355, N=340)
2026-04-14 12:21:17,745 - INFO - *****GROWING RR RULE*****
2026-04-14 12:21:17,945 - INFO - Iteracja 0: condition_best: None, quality_best: -inf, coverage_best: (p=0, n=0, P=0, N=0), p_value: 0
2026-04-14 12:21:17,945 - INFO - Regula po iteracji 0: IF  THEN class = {58.14} [12.12, 104.16], (p=513, n=182, P=513, N=182)
2026-04-14 12:21:17,945 - INFO - *****STOP GROWING RR RULE*****
2026-04-14 12:21:17,945 - INFO - ***RR NOT FOUND***
2026-04-14 12:21:17,989 - INFO - Iteracja 2: condition_best: Input4 >= 5.00, quality_best: 0.596, coverage_best: (p=255, n=44, P=358, N=337)
2026-04-14 12:21:17,989 - INFO - Regula po iteracji 2: IF Input1 <= 49.50 AND Input1 >= 15.50 AND Input4 >= 5.00 THEN class = {36.98} [13.94, 60.03], (p=255, n=44, P=358, N=337)
2026-04-14 12:21:17,989 - INFO - *****GROWING RR RULE*****
2026-04-14 12:21:18,191 - INFO - Iteracja 0: condition_best: None, quality_best: -inf, coverage_best: (p=0, n=0, P=0, N=0), p_value: 0
2026-04-14 12:21:18,192 - INFO - Regula po iteracji 0: IF  THEN class = {58.14} [12.12, 104.16], (p=513, n=182, P=513, N=182)
2026-04-14 12:21:18,192 - INFO - *****STOP GROWING RR RULE*****
2026-04-14 12:21:18,192 - INFO - ***RR NOT FOUND***
2026-04-14 12:21:18,235 - INFO - Iteracja 3: condition_best: Input2 >= 3.50, quality_best: 0.594, coverage_best: (p=254, n=44, P=358, N=337)
2026-04-14 12:21:18,236 - INFO - Regula po iteracji 3: IF Input1 <= 49.50 AND Input1 >= 15.50 AND Input4 >= 5.00 AND Input2 >= 3.50 THEN class = {37.03} [13.96, 60.10], (p=254, n=44, P=358, N=337)
2026-04-14 12:21:18,236 - INFO - *****GROWING RR RULE*****
2026-04-14 12:21:18,440 - INFO - Iteracja 0: condition_best: None, quality_best: -inf, coverage_best: (p=0, n=0, P=0, N=0), p_value: 0
2026-04-14 12:21:18,440 - INFO - Regula po iteracji 0: IF  THEN class = {58.14} [12.12, 104.16], (p=513, n=182, P=513, N=182)
2026-04-14 12:21:18,440 - INFO - *****STOP GROWING RR RULE*****
2026-04-14 12:21:18,440 - INFO - ***RR NOT FOUND***
2026-04-14 12:21:18,484 - INFO - Iteracja 4: condition_best: Input3 <= 227.00, quality_best: 0.593, coverage_best: (p=253, n=44, P=358, N=337)
2026-04-14 12:21:18,484 - INFO - Regula po iteracji 4: IF Input1 <= 49.50 AND Input1 >= 15.50 AND Input4 >= 5.00 AND Input2 >= 3.50 AND Input3 <= 227.00 THEN class = {37.08} [13.99, 60.17], (p=253, n=44, P=358, N=337)
2026-04-14 12:21:18,484 - INFO - *****GROWING RR RULE*****
2026-04-14 12:21:18,688 - INFO - Iteracja 0: condition_best: None, quality_best: -inf, coverage_best: (p=0, n=0, P=0, N=0), p_value: 0
2026-04-14 12:21:18,689 - INFO - Regula po iteracji 0: IF  THEN class = {58.14} [12.12, 104.16], (p=513, n=182, P=513, N=182)
2026-04-14 12:21:18,689 - INFO - *****STOP GROWING RR RULE*****
2026-04-14 12:21:18,689 - INFO - ***RR NOT FOUND***
2026-04-14 12:21:18,689 - INFO - *******STOP GROWING CR RULE*******
2026-04-14 12:21:18,691 - INFO - *******GROWING CR RULE*******
2026-04-14 12:21:18,808 - INFO - Iteracja 0: condition_best: Input1 <= 50.50, quality_best: 0.51, coverage_best: (p=322, n=77, P=391, N=304)
2026-04-14 12:21:18,808 - INFO - Regula po iteracji 0: IF Input1 <= 50.50 THEN class = {32.41} [8.66, 56.16], (p=322, n=77, P=391, N=304)
2026-04-14 12:21:18,808 - INFO - *****GROWING RR RULE*****
2026-04-14 12:21:19,007 - INFO - Iteracja 0: condition_best: None, quality_best: -inf, coverage_best: (p=0, n=0, P=0, N=0), p_value: 0
2026-04-14 12:21:19,007 - INFO - Regula po iteracji 0: IF  THEN class = {58.14} [12.12, 104.16], (p=513, n=182, P=513, N=182)
2026-04-14 12:21:19,007 - INFO - *****STOP GROWING RR RULE*****
2026-04-14 12:21:19,007 - INFO - ***RR NOT FOUND***
2026-04-14 12:21:19,064 - INFO - Iteracja 1: condition_best: Input1 >= 13.50, quality_best: 0.583, coverage_best: (p=275, n=52, P=365, N=330)
2026-04-14 12:21:19,065 - INFO - Regula po iteracji 1: IF Input1 <= 50.50 AND Input1 >= 13.50 THEN class = {35.98} [12.68, 59.28], (p=275, n=52, P=365, N=330)
2026-04-14 12:21:19,065 - INFO - *****GROWING RR RULE*****
2026-04-14 12:21:19,266 - INFO - Iteracja 0: condition_best: None, quality_best: -inf, coverage_best: (p=0, n=0, P=0, N=0), p_value: 0
2026-04-14 12:21:19,266 - INFO - Regula po iteracji 0: IF  THEN class = {58.14} [12.12, 104.16], (p=513, n=182, P=513, N=182)
2026-04-14 12:21:19,266 - INFO - *****STOP GROWING RR RULE*****
2026-04-14 12:21:19,266 - INFO - ***RR NOT FOUND***
2026-04-14 12:21:19,313 - INFO - Iteracja 2: condition_best: Input4 >= 4.50, quality_best: 0.593, coverage_best: (p=275, n=50, P=365, N=330)
2026-04-14 12:21:19,313 - INFO - Regula po iteracji 2: IF Input1 <= 50.50 AND Input1 >= 13.50 AND Input4 >= 4.50 THEN class = {36.18} [12.95, 59.41], (p=275, n=50, P=365, N=330)
2026-04-14 12:21:19,313 - INFO - *****GROWING RR RULE*****
2026-04-14 12:21:19,515 - INFO - Iteracja 0: condition_best: None, quality_best: -inf, coverage_best: (p=0, n=0, P=0, N=0), p_value: 0
2026-04-14 12:21:19,515 - INFO - Regula po iteracji 0: IF  THEN class = {58.14} [12.12, 104.16], (p=513, n=182, P=513, N=182)
2026-04-14 12:21:19,515 - INFO - *****STOP GROWING RR RULE*****
2026-04-14 12:21:19,515 - INFO - ***RR NOT FOUND***
2026-04-14 12:21:19,562 - INFO - Iteracja 3: condition_best: Input2 >= 3.50, quality_best: 0.591, coverage_best: (p=274, n=50, P=365, N=330)
2026-04-14 12:21:19,562 - INFO - Regula po iteracji 3: IF Input1 <= 50.50 AND Input1 >= 13.50 AND Input4 >= 4.50 AND Input2 >= 3.50 THEN class = {36.23} [12.97, 59.48], (p=274, n=50, P=365, N=330)
2026-04-14 12:21:19,562 - INFO - *****GROWING RR RULE*****
2026-04-14 12:21:19,765 - INFO - Iteracja 0: condition_best: None, quality_best: -inf, coverage_best: (p=0, n=0, P=0, N=0), p_value: 0
2026-04-14 12:21:19,766 - INFO - Regula po iteracji 0: IF  THEN class = {58.14} [12.12, 104.16], (p=513, n=182, P=513, N=182)
2026-04-14 12:21:19,766 - INFO - *****STOP GROWING RR RULE*****
2026-04-14 12:21:19,766 - INFO - ***RR NOT FOUND***
2026-04-14 12:21:19,812 - INFO - Iteracja 4: condition_best: Input3 <= 235.50, quality_best: 0.589, coverage_best: (p=273, n=50, P=365, N=330)
2026-04-14 12:21:19,812 - INFO - Regula po iteracji 4: IF Input1 <= 50.50 AND Input1 >= 13.50 AND Input4 >= 4.50 AND Input2 >= 3.50 AND Input3 <= 235.50 THEN class = {36.26} [12.98, 59.54], (p=273, n=50, P=365, N=330)
2026-04-14 12:21:19,813 - INFO - *****GROWING RR RULE*****
2026-04-14 12:21:20,016 - INFO - Iteracja 0: condition_best: None, quality_best: -inf, coverage_best: (p=0, n=0, P=0, N=0), p_value: 0
2026-04-14 12:21:20,016 - INFO - Regula po iteracji 0: IF  THEN class = {58.14} [12.12, 104.16], (p=513, n=182, P=513, N=182)
2026-04-14 12:21:20,016 - INFO - *****STOP GROWING RR RULE*****
2026-04-14 12:21:20,016 - INFO - ***RR NOT FOUND***
2026-04-14 12:21:20,016 - INFO - *******STOP GROWING CR RULE*******
2026-04-14 12:21:20,018 - INFO - *******GROWING CR RULE*******
2026-04-14 12:21:20,135 - INFO - Iteracja 0: condition_best: Input1 <= 51.50, quality_best: 0.498, coverage_best: (p=325, n=80, P=393, N=302)
2026-04-14 12:21:20,135 - INFO - Regula po iteracji 0: IF Input1 <= 51.50 THEN class = {33.07} [8.77, 57.37], (p=325, n=80, P=393, N=302)
2026-04-14 12:21:20,135 - INFO - *****GROWING RR RULE*****
2026-04-14 12:21:20,333 - INFO - Iteracja 0: condition_best: None, quality_best: -inf, coverage_best: (p=0, n=0, P=0, N=0), p_value: 0
2026-04-14 12:21:20,333 - INFO - Regula po iteracji 0: IF  THEN class = {58.14} [12.12, 104.16], (p=513, n=182, P=513, N=182)
2026-04-14 12:21:20,333 - INFO - *****STOP GROWING RR RULE*****
2026-04-14 12:21:20,334 - INFO - ***RR NOT FOUND***
2026-04-14 12:21:20,391 - INFO - Iteracja 1: condition_best: Input1 >= 11.50, quality_best: 0.57, coverage_best: (p=291, n=57, P=376, N=319)
2026-04-14 12:21:20,391 - INFO - Regula po iteracji 1: IF Input1 <= 51.50 AND Input1 >= 11.50 THEN class = {35.72} [11.87, 59.56], (p=291, n=57, P=376, N=319)
2026-04-14 12:21:20,391 - INFO - *****GROWING RR RULE*****
2026-04-14 12:21:20,591 - INFO - Iteracja 0: condition_best: None, quality_best: -inf, coverage_best: (p=0, n=0, P=0, N=0), p_value: 0
2026-04-14 12:21:20,591 - INFO - Regula po iteracji 0: IF  THEN class = {58.14} [12.12, 104.16], (p=513, n=182, P=513, N=182)
2026-04-14 12:21:20,591 - INFO - *****STOP GROWING RR RULE*****
2026-04-14 12:21:20,591 - INFO - ***RR NOT FOUND***
2026-04-14 12:21:20,640 - INFO - Iteracja 2: condition_best: Input3 >= 4.50, quality_best: 0.573, coverage_best: (p=290, n=56, P=376, N=319)
2026-04-14 12:21:20,640 - INFO - Regula po iteracji 2: IF Input1 <= 51.50 AND Input1 >= 11.50 AND Input3 >= 4.50 THEN class = {35.55} [11.94, 59.17], (p=290, n=56, P=376, N=319)
2026-04-14 12:21:20,640 - INFO - *****GROWING RR RULE*****
2026-04-14 12:21:20,842 - INFO - Iteracja 0: condition_best: None, quality_best: -inf, coverage_best: (p=0, n=0, P=0, N=0), p_value: 0
2026-04-14 12:21:20,842 - INFO - Regula po iteracji 0: IF  THEN class = {58.14} [12.12, 104.16], (p=513, n=182, P=513, N=182)
2026-04-14 12:21:20,843 - INFO - *****STOP GROWING RR RULE*****
2026-04-14 12:21:20,843 - INFO - ***RR NOT FOUND***
2026-04-14 12:21:20,892 - INFO - Iteracja 3: condition_best: Input3 <= 235.50, quality_best: 0.572, coverage_best: (p=289, n=56, P=376, N=319)
2026-04-14 12:21:20,892 - INFO - Regula po iteracji 3: IF Input1 <= 51.50 AND Input1 >= 11.50 AND Input3 >= 4.50 AND Input3 <= 235.50 THEN class = {35.59} [11.95, 59.22], (p=289, n=56, P=376, N=319)
2026-04-14 12:21:20,892 - INFO - *****GROWING RR RULE*****
2026-04-14 12:21:21,092 - INFO - Iteracja 0: condition_best: None, quality_best: -inf, coverage_best: (p=0, n=0, P=0, N=0), p_value: 0
2026-04-14 12:21:21,092 - INFO - Regula po iteracji 0: IF  THEN class = {58.14} [12.12, 104.16], (p=513, n=182, P=513, N=182)
2026-04-14 12:21:21,092 - INFO - *****STOP GROWING RR RULE*****
2026-04-14 12:21:21,092 - INFO - ***RR NOT FOUND***
2026-04-14 12:21:21,141 - INFO - Iteracja 4: condition_best: Input3 <= 227.00, quality_best: 0.57, coverage_best: (p=288, n=56, P=376, N=319)
2026-04-14 12:21:21,141 - INFO - Regula po iteracji 4: IF Input1 <= 51.50 AND Input1 >= 11.50 AND Input3 >= 4.50 AND Input3 <= 235.50 AND Input3 <= 227.00 THEN class = {35.62} [11.96, 59.29], (p=288, n=56, P=376, N=319)
2026-04-14 12:21:21,141 - INFO - *****GROWING RR RULE*****
2026-04-14 12:21:21,341 - INFO - Iteracja 0: condition_best: None, quality_best: -inf, coverage_best: (p=0, n=0, P=0, N=0), p_value: 0
2026-04-14 12:21:21,341 - INFO - Regula po iteracji 0: IF  THEN class = {58.14} [12.12, 104.16], (p=513, n=182, P=513, N=182)
2026-04-14 12:21:21,341 - INFO - *****STOP GROWING RR RULE*****
2026-04-14 12:21:21,341 - INFO - ***RR NOT FOUND***
2026-04-14 12:21:21,341 - INFO - *******STOP GROWING CR RULE*******
2026-04-14 12:21:21,343 - INFO - *******GROWING CR RULE*******
2026-04-14 12:21:21,459 - INFO - Iteracja 0: condition_best: Input1 >= 194.00, quality_best: 0.498, coverage_best: (p=9, n=1, P=74, N=621)
2026-04-14 12:21:21,459 - INFO - Regula po iteracji 0: IF Input1 >= 194.00 THEN class = {189.00} [124.29, 253.71], (p=9, n=1, P=74, N=621)
2026-04-14 12:21:21,459 - INFO - *****GROWING RR RULE*****
2026-04-14 12:21:21,648 - INFO - Iteracja 0: condition_best: None, quality_best: -inf, coverage_best: (p=0, n=0, P=0, N=0), p_value: 0
2026-04-14 12:21:21,648 - INFO - Regula po iteracji 0: IF  THEN class = {58.14} [12.12, 104.16], (p=513, n=182, P=513, N=182)
2026-04-14 12:21:21,648 - INFO - *****STOP GROWING RR RULE*****
2026-04-14 12:21:21,648 - INFO - ***RR NOT FOUND***
2026-04-14 12:21:21,651 - INFO - Iteracja 1: condition_best: Input3 >= 15.50, quality_best: 0.712, coverage_best: (p=5, n=2, P=5, N=690)
2026-04-14 12:21:21,651 - INFO - Regula po iteracji 1: IF Input1 >= 194.00 AND Input3 >= 15.50 THEN class = {210.71} [198.02, 223.41], (p=5, n=2, P=5, N=690)
2026-04-14 12:21:21,652 - INFO - *****GROWING RR RULE*****
2026-04-14 12:21:21,840 - INFO - Iteracja 0: condition_best: None, quality_best: -inf, coverage_best: (p=0, n=0, P=0, N=0), p_value: 0
2026-04-14 12:21:21,840 - INFO - Regula po iteracji 0: IF  THEN class = {58.14} [12.12, 104.16], (p=513, n=182, P=513, N=182)
2026-04-14 12:21:21,840 - INFO - *****STOP GROWING RR RULE*****
2026-04-14 12:21:21,840 - INFO - ***RR NOT FOUND***
2026-04-14 12:21:21,842 - INFO - Iteracja 2: condition_best: Input4 <= 126.00, quality_best: 0.719, coverage_best: (p=4, n=1, P=5, N=690)
2026-04-14 12:21:21,842 - INFO - Regula po iteracji 2: IF Input1 >= 194.00 AND Input3 >= 15.50 AND Input4 <= 126.00 THEN class = {212.60} [201.00, 224.20], (p=4, n=1, P=5, N=690)
2026-04-14 12:21:21,842 - INFO - *****GROWING RR RULE*****
2026-04-14 12:21:22,029 - INFO - Iteracja 0: condition_best: None, quality_best: -inf, coverage_best: (p=0, n=0, P=0, N=0), p_value: 0
2026-04-14 12:21:22,029 - INFO - Regula po iteracji 0: IF  THEN class = {58.14} [12.12, 104.16], (p=513, n=182, P=513, N=182)
2026-04-14 12:21:22,029 - INFO - *****STOP GROWING RR RULE*****
2026-04-14 12:21:22,029 - INFO - ***RR NOT FOUND***
2026-04-14 12:21:22,031 - INFO - Iteracja 3: condition_best: None, quality_best: -inf, coverage_best: (p=0, n=0, P=0, N=0)
2026-04-14 12:21:22,031 - INFO - Regula po iteracji 3: IF Input1 >= 194.00 AND Input3 >= 15.50 AND Input4 <= 126.00 THEN class = {212.60} [201.00, 224.20], (p=4, n=1, P=5, N=690)
2026-04-14 12:21:22,031 - INFO - *******STOP GROWING CR RULE*******
2026-04-14 12:21:22,033 - INFO - *******GROWING CR RULE*******
2026-04-14 12:21:22,147 - INFO - Iteracja 0: condition_best: Input1 >= 194.00, quality_best: 0.498, coverage_best: (p=9, n=1, P=74, N=621)
2026-04-14 12:21:22,147 - INFO - Regula po iteracji 0: IF Input1 >= 194.00 THEN class = {189.00} [124.29, 253.71], (p=9, n=1, P=74, N=621)
2026-04-14 12:21:22,148 - INFO - *****GROWING RR RULE*****
2026-04-14 12:21:22,336 - INFO - Iteracja 0: condition_best: None, quality_best: -inf, coverage_best: (p=0, n=0, P=0, N=0), p_value: 0
2026-04-14 12:21:22,336 - INFO - Regula po iteracji 0: IF  THEN class = {58.14} [12.12, 104.16], (p=513, n=182, P=513, N=182)
2026-04-14 12:21:22,336 - INFO - *****STOP GROWING RR RULE*****
2026-04-14 12:21:22,336 - INFO - ***RR NOT FOUND***
2026-04-14 12:21:22,339 - INFO - Iteracja 1: condition_best: Input2 <= 9.50, quality_best: 0.479, coverage_best: (p=8, n=1, P=83, N=612)
2026-04-14 12:21:22,339 - INFO - Regula po iteracji 1: IF Input1 >= 194.00 AND Input2 <= 9.50 THEN class = {187.11} [119.17, 255.06], (p=8, n=1, P=83, N=612)
2026-04-14 12:21:22,339 - INFO - *****GROWING RR RULE*****
2026-04-14 12:21:22,528 - INFO - Iteracja 0: condition_best: None, quality_best: -inf, coverage_best: (p=0, n=0, P=0, N=0), p_value: 0
2026-04-14 12:21:22,528 - INFO - Regula po iteracji 0: IF  THEN class = {58.14} [12.12, 104.16], (p=513, n=182, P=513, N=182)
2026-04-14 12:21:22,528 - INFO - *****STOP GROWING RR RULE*****
2026-04-14 12:21:22,528 - INFO - ***RR NOT FOUND***
2026-04-14 12:21:22,531 - INFO - Iteracja 2: condition_best: None, quality_best: -inf, coverage_best: (p=0, n=0, P=0, N=0)
2026-04-14 12:21:22,531 - INFO - Regula po iteracji 2: IF Input1 >= 194.00 AND Input2 <= 9.50 THEN class = {187.11} [119.17, 255.06], (p=8, n=1, P=83, N=612)
2026-04-14 12:21:22,531 - INFO - *******STOP GROWING CR RULE*******
2026-04-14 12:21:22,533 - INFO - *******GROWING CR RULE*******
2026-04-14 12:21:22,647 - INFO - Iteracja 0: condition_best: Input1 <= 52.50, quality_best: 0.497, coverage_best: (p=330, n=80, P=398, N=297)
2026-04-14 12:21:22,648 - INFO - Regula po iteracji 0: IF Input1 <= 52.50 THEN class = {33.46} [8.82, 58.09], (p=330, n=80, P=398, N=297)
2026-04-14 12:21:22,648 - INFO - *****GROWING RR RULE*****
2026-04-14 12:21:22,845 - INFO - Iteracja 0: condition_best: None, quality_best: -inf, coverage_best: (p=0, n=0, P=0, N=0), p_value: 0
2026-04-14 12:21:22,845 - INFO - Regula po iteracji 0: IF  THEN class = {58.14} [12.12, 104.16], (p=513, n=182, P=513, N=182)
2026-04-14 12:21:22,845 - INFO - *****STOP GROWING RR RULE*****
2026-04-14 12:21:22,846 - INFO - ***RR NOT FOUND***
2026-04-14 12:21:22,903 - INFO - Iteracja 1: condition_best: Input1 >= 11.50, quality_best: 0.561, coverage_best: (p=294, n=59, P=379, N=316)
2026-04-14 12:21:22,903 - INFO - Regula po iteracji 1: IF Input1 <= 52.50 AND Input1 >= 11.50 THEN class = {36.12} [11.92, 60.33], (p=294, n=59, P=379, N=316)
2026-04-14 12:21:22,903 - INFO - *****GROWING RR RULE*****
2026-04-14 12:21:23,103 - INFO - Iteracja 0: condition_best: None, quality_best: -inf, coverage_best: (p=0, n=0, P=0, N=0), p_value: 0
2026-04-14 12:21:23,103 - INFO - Regula po iteracji 0: IF  THEN class = {58.14} [12.12, 104.16], (p=513, n=182, P=513, N=182)
2026-04-14 12:21:23,103 - INFO - *****STOP GROWING RR RULE*****
2026-04-14 12:21:23,103 - INFO - ***RR NOT FOUND***
2026-04-14 12:21:23,153 - INFO - Iteracja 2: condition_best: Input3 >= 4.50, quality_best: 0.563, coverage_best: (p=292, n=59, P=376, N=319)
2026-04-14 12:21:23,153 - INFO - Regula po iteracji 2: IF Input1 <= 52.50 AND Input1 >= 11.50 AND Input3 >= 4.50 THEN class = {35.97} [11.98, 59.95], (p=292, n=59, P=376, N=319)
2026-04-14 12:21:23,153 - INFO - *****GROWING RR RULE*****
2026-04-14 12:21:23,352 - INFO - Iteracja 0: condition_best: None, quality_best: -inf, coverage_best: (p=0, n=0, P=0, N=0), p_value: 0
2026-04-14 12:21:23,353 - INFO - Regula po iteracji 0: IF  THEN class = {58.14} [12.12, 104.16], (p=513, n=182, P=513, N=182)
2026-04-14 12:21:23,353 - INFO - *****STOP GROWING RR RULE*****
2026-04-14 12:21:23,353 - INFO - ***RR NOT FOUND***
2026-04-14 12:21:23,402 - INFO - Iteracja 3: condition_best: Input3 <= 235.50, quality_best: 0.563, coverage_best: (p=292, n=58, P=379, N=316)
2026-04-14 12:21:23,402 - INFO - Regula po iteracji 3: IF Input1 <= 52.50 AND Input1 >= 11.50 AND Input3 >= 4.50 AND Input3 <= 235.50 THEN class = {36.00} [11.99, 60.01], (p=292, n=58, P=379, N=316)
2026-04-14 12:21:23,403 - INFO - *****GROWING RR RULE*****
2026-04-14 12:21:23,603 - INFO - Iteracja 0: condition_best: None, quality_best: -inf, coverage_best: (p=0, n=0, P=0, N=0), p_value: 0
2026-04-14 12:21:23,603 - INFO - Regula po iteracji 0: IF  THEN class = {58.14} [12.12, 104.16], (p=513, n=182, P=513, N=182)
2026-04-14 12:21:23,603 - INFO - *****STOP GROWING RR RULE*****
2026-04-14 12:21:23,603 - INFO - ***RR NOT FOUND***
2026-04-14 12:21:23,653 - INFO - Iteracja 4: condition_best: Input1 >= 13.50, quality_best: 0.562, coverage_best: (p=279, n=56, P=371, N=324)
2026-04-14 12:21:23,653 - INFO - Regula po iteracji 4: IF Input1 <= 52.50 AND Input1 >= 11.50 AND Input3 >= 4.50 AND Input3 <= 235.50 AND Input1 >= 13.50 THEN class = {37.01} [12.98, 61.04], (p=279, n=56, P=371, N=324)
2026-04-14 12:21:23,653 - INFO - *****GROWING RR RULE*****
2026-04-14 12:21:23,854 - INFO - Iteracja 0: condition_best: None, quality_best: -inf, coverage_best: (p=0, n=0, P=0, N=0), p_value: 0
2026-04-14 12:21:23,854 - INFO - Regula po iteracji 0: IF  THEN class = {58.14} [12.12, 104.16], (p=513, n=182, P=513, N=182)
2026-04-14 12:21:23,854 - INFO - *****STOP GROWING RR RULE*****
2026-04-14 12:21:23,854 - INFO - ***RR NOT FOUND***
2026-04-14 12:21:23,854 - INFO - *******STOP GROWING CR RULE*******
2026-04-14 12:21:23,856 - INFO - *******GROWING CR RULE*******
2026-04-14 12:21:23,971 - INFO - Iteracja 0: condition_best: Input4 <= 31.50, quality_best: 0.488, coverage_best: (p=213, n=43, P=382, N=313)
2026-04-14 12:21:23,972 - INFO - Regula po iteracji 0: IF Input4 <= 31.50 THEN class = {28.16} [5.57, 50.74], (p=213, n=43, P=382, N=313)
2026-04-14 12:21:23,972 - INFO - *****GROWING RR RULE*****
2026-04-14 12:21:24,169 - INFO - Iteracja 0: condition_best: None, quality_best: -inf, coverage_best: (p=0, n=0, P=0, N=0), p_value: 0
2026-04-14 12:21:24,170 - INFO - Regula po iteracji 0: IF  THEN class = {58.14} [12.12, 104.16], (p=513, n=182, P=513, N=182)
2026-04-14 12:21:24,170 - INFO - *****STOP GROWING RR RULE*****
2026-04-14 12:21:24,170 - INFO - ***RR NOT FOUND***
2026-04-14 12:21:24,208 - INFO - Iteracja 1: condition_best: Input3 >= 7.50, quality_best: 0.529, coverage_best: (p=201, n=34, P=373, N=322)
2026-04-14 12:21:24,208 - INFO - Regula po iteracji 1: IF Input4 <= 31.50 AND Input3 >= 7.50 THEN class = {28.23} [6.64, 49.82], (p=201, n=34, P=373, N=322)
2026-04-14 12:21:24,208 - INFO - *****GROWING RR RULE*****
2026-04-14 12:21:24,406 - INFO - Iteracja 0: condition_best: None, quality_best: -inf, coverage_best: (p=0, n=0, P=0, N=0), p_value: 0
2026-04-14 12:21:24,406 - INFO - Regula po iteracji 0: IF  THEN class = {58.14} [12.12, 104.16], (p=513, n=182, P=513, N=182)
2026-04-14 12:21:24,407 - INFO - *****STOP GROWING RR RULE*****
2026-04-14 12:21:24,407 - INFO - ***RR NOT FOUND***
2026-04-14 12:21:24,441 - INFO - Iteracja 2: condition_best: Input2 <= 244.50, quality_best: 0.535, coverage_best: (p=201, n=33, P=373, N=322)
2026-04-14 12:21:24,441 - INFO - Regula po iteracji 2: IF Input4 <= 31.50 AND Input3 >= 7.50 AND Input2 <= 244.50 THEN class = {28.33} [6.74, 49.91], (p=201, n=33, P=373, N=322)
2026-04-14 12:21:24,441 - INFO - *****GROWING RR RULE*****
2026-04-14 12:21:24,639 - INFO - Iteracja 0: condition_best: None, quality_best: -inf, coverage_best: (p=0, n=0, P=0, N=0), p_value: 0
2026-04-14 12:21:24,639 - INFO - Regula po iteracji 0: IF  THEN class = {58.14} [12.12, 104.16], (p=513, n=182, P=513, N=182)
2026-04-14 12:21:24,639 - INFO - *****STOP GROWING RR RULE*****
2026-04-14 12:21:24,639 - INFO - ***RR NOT FOUND***
2026-04-14 12:21:24,674 - INFO - Iteracja 3: condition_best: Input1 >= 9.50, quality_best: 0.534, coverage_best: (p=182, n=27, P=375, N=320)
2026-04-14 12:21:24,674 - INFO - Regula po iteracji 3: IF Input4 <= 31.50 AND Input3 >= 7.50 AND Input2 <= 244.50 AND Input1 >= 9.50 THEN class = {30.43} [8.73, 52.13], (p=182, n=27, P=375, N=320)
2026-04-14 12:21:24,674 - INFO - *****GROWING RR RULE*****
2026-04-14 12:21:24,871 - INFO - Iteracja 0: condition_best: None, quality_best: -inf, coverage_best: (p=0, n=0, P=0, N=0), p_value: 0
2026-04-14 12:21:24,871 - INFO - Regula po iteracji 0: IF  THEN class = {58.14} [12.12, 104.16], (p=513, n=182, P=513, N=182)
2026-04-14 12:21:24,872 - INFO - *****STOP GROWING RR RULE*****
2026-04-14 12:21:24,872 - INFO - ***RR NOT FOUND***
2026-04-14 12:21:24,902 - INFO - Iteracja 4: condition_best: Input4 >= 6.50, quality_best: 0.541, coverage_best: (p=182, n=26, P=375, N=320)
2026-04-14 12:21:24,902 - INFO - Regula po iteracji 4: IF Input4 <= 31.50 AND Input3 >= 7.50 AND Input2 <= 244.50 AND Input1 >= 9.50 AND Input4 >= 6.50 THEN class = {30.54} [8.85, 52.23], (p=182, n=26, P=375, N=320)
2026-04-14 12:21:24,902 - INFO - *****GROWING RR RULE*****
2026-04-14 12:21:25,099 - INFO - Iteracja 0: condition_best: None, quality_best: -inf, coverage_best: (p=0, n=0, P=0, N=0), p_value: 0
2026-04-14 12:21:25,099 - INFO - Regula po iteracji 0: IF  THEN class = {58.14} [12.12, 104.16], (p=513, n=182, P=513, N=182)
2026-04-14 12:21:25,099 - INFO - *****STOP GROWING RR RULE*****
2026-04-14 12:21:25,099 - INFO - ***RR NOT FOUND***
2026-04-14 12:21:25,100 - INFO - *******STOP GROWING CR RULE*******
2026-04-14 12:21:25,102 - INFO - *******GROWING CR RULE*******
2026-04-14 12:21:25,217 - INFO - Iteracja 0: condition_best: Input4 <= 46.50, quality_best: 0.465, coverage_best: (p=305, n=63, P=433, N=262)
2026-04-14 12:21:25,217 - INFO - Regula po iteracji 0: IF Input4 <= 46.50 THEN class = {35.09} [6.32, 63.86], (p=305, n=63, P=433, N=262)
2026-04-14 12:21:25,217 - INFO - *****GROWING RR RULE*****
2026-04-14 12:21:25,416 - INFO - Iteracja 0: condition_best: None, quality_best: -inf, coverage_best: (p=0, n=0, P=0, N=0), p_value: 0
2026-04-14 12:21:25,416 - INFO - Regula po iteracji 0: IF  THEN class = {58.14} [12.12, 104.16], (p=513, n=182, P=513, N=182)
2026-04-14 12:21:25,416 - INFO - *****STOP GROWING RR RULE*****
2026-04-14 12:21:25,416 - INFO - ***RR NOT FOUND***
2026-04-14 12:21:25,468 - INFO - Iteracja 1: condition_best: Input2 >= 12.50, quality_best: 0.512, coverage_best: (p=288, n=56, P=411, N=284)
2026-04-14 12:21:25,469 - INFO - Regula po iteracji 1: IF Input4 <= 46.50 AND Input2 >= 12.50 THEN class = {33.49} [7.80, 59.17], (p=288, n=56, P=411, N=284)
2026-04-14 12:21:25,469 - INFO - *****GROWING RR RULE*****
2026-04-14 12:21:25,668 - INFO - Iteracja 0: condition_best: None, quality_best: -inf, coverage_best: (p=0, n=0, P=0, N=0), p_value: 0
2026-04-14 12:21:25,669 - INFO - Regula po iteracji 0: IF  THEN class = {58.14} [12.12, 104.16], (p=513, n=182, P=513, N=182)
2026-04-14 12:21:25,669 - INFO - *****STOP GROWING RR RULE*****
2026-04-14 12:21:25,669 - INFO - ***RR NOT FOUND***
2026-04-14 12:21:25,715 - INFO - Iteracja 2: condition_best: Input1 >= 11.50, quality_best: 0.531, coverage_best: (p=250, n=47, P=386, N=309)
2026-04-14 12:21:25,715 - INFO - Regula po iteracji 2: IF Input4 <= 46.50 AND Input2 >= 12.50 AND Input1 >= 11.50 THEN class = {37.00} [11.39, 62.61], (p=250, n=47, P=386, N=309)
2026-04-14 12:21:25,715 - INFO - *****GROWING RR RULE*****
2026-04-14 12:21:25,915 - INFO - Iteracja 0: condition_best: None, quality_best: -inf, coverage_best: (p=0, n=0, P=0, N=0), p_value: 0
2026-04-14 12:21:25,915 - INFO - Regula po iteracji 0: IF  THEN class = {58.14} [12.12, 104.16], (p=513, n=182, P=513, N=182)
2026-04-14 12:21:25,916 - INFO - *****STOP GROWING RR RULE*****
2026-04-14 12:21:25,916 - INFO - ***RR NOT FOUND***
2026-04-14 12:21:25,957 - INFO - Iteracja 3: condition_best: Input2 >= 14.50, quality_best: 0.557, coverage_best: (p=248, n=44, P=376, N=319)
2026-04-14 12:21:25,957 - INFO - Regula po iteracji 3: IF Input4 <= 46.50 AND Input2 >= 12.50 AND Input1 >= 11.50 AND Input2 >= 14.50 THEN class = {35.78} [11.96, 59.61], (p=248, n=44, P=376, N=319)
2026-04-14 12:21:25,957 - INFO - *****GROWING RR RULE*****
2026-04-14 12:21:26,157 - INFO - Iteracja 0: condition_best: None, quality_best: -inf, coverage_best: (p=0, n=0, P=0, N=0), p_value: 0
2026-04-14 12:21:26,157 - INFO - Regula po iteracji 0: IF  THEN class = {58.14} [12.12, 104.16], (p=513, n=182, P=513, N=182)
2026-04-14 12:21:26,157 - INFO - *****STOP GROWING RR RULE*****
2026-04-14 12:21:26,157 - INFO - ***RR NOT FOUND***
2026-04-14 12:21:26,197 - INFO - Iteracja 4: condition_best: Input4 <= 45.50, quality_best: 0.541, coverage_best: (p=239, n=44, P=376, N=319)
2026-04-14 12:21:26,197 - INFO - Regula po iteracji 4: IF Input4 <= 46.50 AND Input2 >= 12.50 AND Input1 >= 11.50 AND Input2 >= 14.50 AND Input4 <= 45.50 THEN class = {35.66} [11.62, 59.71], (p=239, n=44, P=376, N=319)
2026-04-14 12:21:26,198 - INFO - *****GROWING RR RULE*****
2026-04-14 12:21:26,397 - INFO - Iteracja 0: condition_best: None, quality_best: -inf, coverage_best: (p=0, n=0, P=0, N=0), p_value: 0
2026-04-14 12:21:26,397 - INFO - Regula po iteracji 0: IF  THEN class = {58.14} [12.12, 104.16], (p=513, n=182, P=513, N=182)
2026-04-14 12:21:26,398 - INFO - *****STOP GROWING RR RULE*****
2026-04-14 12:21:26,398 - INFO - ***RR NOT FOUND***
2026-04-14 12:21:26,398 - INFO - *******STOP GROWING CR RULE*******
2026-04-14 12:21:26,400 - INFO - *******GROWING CR RULE*******
2026-04-14 12:21:26,514 - INFO - Iteracja 0: condition_best: Input1 <= 58.50, quality_best: 0.458, coverage_best: (p=339, n=94, P=397, N=298)
2026-04-14 12:21:26,514 - INFO - Regula po iteracji 0: IF Input1 <= 58.50 THEN class = {34.83} [9.43, 60.23], (p=339, n=94, P=397, N=298)
2026-04-14 12:21:26,515 - INFO - *****GROWING RR RULE*****
2026-04-14 12:21:26,713 - INFO - Iteracja 0: condition_best: None, quality_best: -inf, coverage_best: (p=0, n=0, P=0, N=0), p_value: 0
2026-04-14 12:21:26,713 - INFO - Regula po iteracji 0: IF  THEN class = {58.14} [12.12, 104.16], (p=513, n=182, P=513, N=182)
2026-04-14 12:21:26,713 - INFO - *****STOP GROWING RR RULE*****
2026-04-14 12:21:26,713 - INFO - ***RR NOT FOUND***
2026-04-14 12:21:26,774 - INFO - Iteracja 1: condition_best: Input1 >= 12.50, quality_best: 0.52, coverage_best: (p=299, n=72, P=375, N=320)
2026-04-14 12:21:26,775 - INFO - Regula po iteracji 1: IF Input1 <= 58.50 AND Input1 >= 12.50 THEN class = {37.84} [12.84, 62.83], (p=299, n=72, P=375, N=320)
2026-04-14 12:21:26,775 - INFO - *****GROWING RR RULE*****
2026-04-14 12:21:26,974 - INFO - Iteracja 0: condition_best: None, quality_best: -inf, coverage_best: (p=0, n=0, P=0, N=0), p_value: 0
2026-04-14 12:21:26,975 - INFO - Regula po iteracji 0: IF  THEN class = {58.14} [12.12, 104.16], (p=513, n=182, P=513, N=182)
2026-04-14 12:21:26,975 - INFO - *****STOP GROWING RR RULE*****
2026-04-14 12:21:26,975 - INFO - ***RR NOT FOUND***
2026-04-14 12:21:27,027 - INFO - Iteracja 2: condition_best: Input3 >= 24.50, quality_best: 0.531, coverage_best: (p=211, n=35, P=382, N=313)
2026-04-14 12:21:27,027 - INFO - Regula po iteracji 2: IF Input1 <= 58.50 AND Input1 >= 12.50 AND Input3 >= 24.50 THEN class = {36.46} [11.70, 61.21], (p=211, n=35, P=382, N=313)
2026-04-14 12:21:27,028 - INFO - *****GROWING RR RULE*****
2026-04-14 12:21:27,229 - INFO - Iteracja 0: condition_best: None, quality_best: -inf, coverage_best: (p=0, n=0, P=0, N=0), p_value: 0
2026-04-14 12:21:27,229 - INFO - Regula po iteracji 0: IF  THEN class = {58.14} [12.12, 104.16], (p=513, n=182, P=513, N=182)
2026-04-14 12:21:27,229 - INFO - *****STOP GROWING RR RULE*****
2026-04-14 12:21:27,229 - INFO - ***RR NOT FOUND***
2026-04-14 12:21:27,271 - INFO - Iteracja 3: condition_best: Input1 >= 15.50, quality_best: 0.541, coverage_best: (p=202, n=32, P=375, N=320)
2026-04-14 12:21:27,271 - INFO - Regula po iteracji 3: IF Input1 <= 58.50 AND Input1 >= 12.50 AND Input3 >= 24.50 AND Input1 >= 15.50 THEN class = {37.65} [12.87, 62.43], (p=202, n=32, P=375, N=320)
2026-04-14 12:21:27,271 - INFO - *****GROWING RR RULE*****
2026-04-14 12:21:27,472 - INFO - Iteracja 0: condition_best: None, quality_best: -inf, coverage_best: (p=0, n=0, P=0, N=0), p_value: 0
2026-04-14 12:21:27,472 - INFO - Regula po iteracji 0: IF  THEN class = {58.14} [12.12, 104.16], (p=513, n=182, P=513, N=182)
2026-04-14 12:21:27,472 - INFO - *****STOP GROWING RR RULE*****
2026-04-14 12:21:27,472 - INFO - ***RR NOT FOUND***
2026-04-14 12:21:27,512 - INFO - Iteracja 4: condition_best: Input2 <= 164.50, quality_best: 0.539, coverage_best: (p=201, n=32, P=375, N=320)
2026-04-14 12:21:27,512 - INFO - Regula po iteracji 4: IF Input1 <= 58.50 AND Input1 >= 12.50 AND Input3 >= 24.50 AND Input1 >= 15.50 AND Input2 <= 164.50 THEN class = {37.76} [12.97, 62.54], (p=201, n=32, P=375, N=320)
2026-04-14 12:21:27,512 - INFO - *****GROWING RR RULE*****
2026-04-14 12:21:27,713 - INFO - Iteracja 0: condition_best: None, quality_best: -inf, coverage_best: (p=0, n=0, P=0, N=0), p_value: 0
2026-04-14 12:21:27,713 - INFO - Regula po iteracji 0: IF  THEN class = {58.14} [12.12, 104.16], (p=513, n=182, P=513, N=182)
2026-04-14 12:21:27,714 - INFO - *****STOP GROWING RR RULE*****
2026-04-14 12:21:27,714 - INFO - ***RR NOT FOUND***
2026-04-14 12:21:27,714 - INFO - *******STOP GROWING CR RULE*******
2026-04-14 12:21:27,716 - INFO - *******GROWING CR RULE*******
2026-04-14 12:21:27,830 - INFO - Iteracja 0: condition_best: Input1 <= 60.50, quality_best: 0.455, coverage_best: (p=342, n=96, P=397, N=298)
2026-04-14 12:21:27,830 - INFO - Regula po iteracji 0: IF Input1 <= 60.50 THEN class = {35.05} [9.64, 60.47], (p=342, n=96, P=397, N=298)
2026-04-14 12:21:27,830 - INFO - *****GROWING RR RULE*****
2026-04-14 12:21:28,029 - INFO - Iteracja 0: condition_best: None, quality_best: -inf, coverage_best: (p=0, n=0, P=0, N=0), p_value: 0
2026-04-14 12:21:28,029 - INFO - Regula po iteracji 0: IF  THEN class = {58.14} [12.12, 104.16], (p=513, n=182, P=513, N=182)
2026-04-14 12:21:28,029 - INFO - *****STOP GROWING RR RULE*****
2026-04-14 12:21:28,029 - INFO - ***RR NOT FOUND***
2026-04-14 12:21:28,091 - INFO - Iteracja 1: condition_best: Input1 >= 11.50, quality_best: 0.514, coverage_best: (p=305, n=76, P=375, N=320)
2026-04-14 12:21:28,091 - INFO - Regula po iteracji 1: IF Input1 <= 60.50 AND Input1 >= 11.50 THEN class = {37.77} [12.81, 62.72], (p=305, n=76, P=375, N=320)
2026-04-14 12:21:28,091 - INFO - *****GROWING RR RULE*****
2026-04-14 12:21:28,291 - INFO - Iteracja 0: condition_best: None, quality_best: -inf, coverage_best: (p=0, n=0, P=0, N=0), p_value: 0
2026-04-14 12:21:28,291 - INFO - Regula po iteracji 0: IF  THEN class = {58.14} [12.12, 104.16], (p=513, n=182, P=513, N=182)
2026-04-14 12:21:28,291 - INFO - *****STOP GROWING RR RULE*****
2026-04-14 12:21:28,291 - INFO - ***RR NOT FOUND***
2026-04-14 12:21:28,345 - INFO - Iteracja 2: condition_best: Input3 >= 24.50, quality_best: 0.529, coverage_best: (p=216, n=37, P=382, N=313)
2026-04-14 12:21:28,345 - INFO - Regula po iteracji 2: IF Input1 <= 60.50 AND Input1 >= 11.50 AND Input3 >= 24.50 THEN class = {36.69} [11.97, 61.40], (p=216, n=37, P=382, N=313)
2026-04-14 12:21:28,345 - INFO - *****GROWING RR RULE*****
2026-04-14 12:21:28,546 - INFO - Iteracja 0: condition_best: None, quality_best: -inf, coverage_best: (p=0, n=0, P=0, N=0), p_value: 0
2026-04-14 12:21:28,546 - INFO - Regula po iteracji 0: IF  THEN class = {58.14} [12.12, 104.16], (p=513, n=182, P=513, N=182)
2026-04-14 12:21:28,546 - INFO - *****STOP GROWING RR RULE*****
2026-04-14 12:21:28,546 - INFO - ***RR NOT FOUND***
2026-04-14 12:21:28,589 - INFO - Iteracja 3: condition_best: Input1 >= 14.50, quality_best: 0.528, coverage_best: (p=208, n=36, P=375, N=320)
2026-04-14 12:21:28,589 - INFO - Regula po iteracji 3: IF Input1 <= 60.50 AND Input1 >= 11.50 AND Input3 >= 24.50 AND Input1 >= 14.50 THEN class = {37.54} [12.81, 62.28], (p=208, n=36, P=375, N=320)
2026-04-14 12:21:28,589 - INFO - *****GROWING RR RULE*****
2026-04-14 12:21:28,789 - INFO - Iteracja 0: condition_best: None, quality_best: -inf, coverage_best: (p=0, n=0, P=0, N=0), p_value: 0
2026-04-14 12:21:28,789 - INFO - Regula po iteracji 0: IF  THEN class = {58.14} [12.12, 104.16], (p=513, n=182, P=513, N=182)
2026-04-14 12:21:28,789 - INFO - *****STOP GROWING RR RULE*****
2026-04-14 12:21:28,789 - INFO - ***RR NOT FOUND***
2026-04-14 12:21:28,830 - INFO - Iteracja 4: condition_best: Input2 <= 171.00, quality_best: 0.526, coverage_best: (p=207, n=36, P=375, N=320)
2026-04-14 12:21:28,830 - INFO - Regula po iteracji 4: IF Input1 <= 60.50 AND Input1 >= 11.50 AND Input3 >= 24.50 AND Input1 >= 14.50 AND Input2 <= 171.00 THEN class = {37.64} [12.91, 62.38], (p=207, n=36, P=375, N=320)
2026-04-14 12:21:28,831 - INFO - *****GROWING RR RULE*****
2026-04-14 12:21:29,031 - INFO - Iteracja 0: condition_best: None, quality_best: -inf, coverage_best: (p=0, n=0, P=0, N=0), p_value: 0
2026-04-14 12:21:29,031 - INFO - Regula po iteracji 0: IF  THEN class = {58.14} [12.12, 104.16], (p=513, n=182, P=513, N=182)
2026-04-14 12:21:29,031 - INFO - *****STOP GROWING RR RULE*****
2026-04-14 12:21:29,031 - INFO - ***RR NOT FOUND***
2026-04-14 12:21:29,031 - INFO - *******STOP GROWING CR RULE*******
2026-04-14 12:21:29,033 - INFO - *******GROWING CR RULE*******
2026-04-14 12:21:29,147 - INFO - Iteracja 0: condition_best: Input4 <= 47.50, quality_best: 0.455, coverage_best: (p=313, n=65, P=440, N=255)
2026-04-14 12:21:29,147 - INFO - Regula po iteracji 0: IF Input4 <= 47.50 THEN class = {35.95} [6.50, 65.41], (p=313, n=65, P=440, N=255)
2026-04-14 12:21:29,147 - INFO - *****GROWING RR RULE*****
2026-04-14 12:21:29,348 - INFO - Iteracja 0: condition_best: None, quality_best: -inf, coverage_best: (p=0, n=0, P=0, N=0), p_value: 0
2026-04-14 12:21:29,348 - INFO - Regula po iteracji 0: IF  THEN class = {58.14} [12.12, 104.16], (p=513, n=182, P=513, N=182)
2026-04-14 12:21:29,348 - INFO - *****STOP GROWING RR RULE*****
2026-04-14 12:21:29,348 - INFO - ***RR NOT FOUND***
2026-04-14 12:21:29,402 - INFO - Iteracja 1: condition_best: Input3 >= 7.50, quality_best: 0.476, coverage_best: (p=298, n=59, P=432, N=263)
2026-04-14 12:21:29,402 - INFO - Regula po iteracji 1: IF Input4 <= 47.50 AND Input3 >= 7.50 THEN class = {36.46} [7.21, 65.70], (p=298, n=59, P=432, N=263)
2026-04-14 12:21:29,402 - INFO - *****GROWING RR RULE*****
2026-04-14 12:21:29,602 - INFO - Iteracja 0: condition_best: None, quality_best: -inf, coverage_best: (p=0, n=0, P=0, N=0), p_value: 0
2026-04-14 12:21:29,602 - INFO - Regula po iteracji 0: IF  THEN class = {58.14} [12.12, 104.16], (p=513, n=182, P=513, N=182)
2026-04-14 12:21:29,602 - INFO - *****STOP GROWING RR RULE*****
2026-04-14 12:21:29,602 - INFO - ***RR NOT FOUND***
2026-04-14 12:21:29,651 - INFO - Iteracja 2: condition_best: Input1 >= 10.50, quality_best: 0.501, coverage_best: (p=273, n=47, P=431, N=264)
2026-04-14 12:21:29,651 - INFO - Regula po iteracji 2: IF Input4 <= 47.50 AND Input3 >= 7.50 AND Input1 >= 10.50 THEN class = {39.15} [9.82, 68.49], (p=273, n=47, P=431, N=264)
2026-04-14 12:21:29,651 - INFO - *****GROWING RR RULE*****
2026-04-14 12:21:29,850 - INFO - Iteracja 0: condition_best: None, quality_best: -inf, coverage_best: (p=0, n=0, P=0, N=0), p_value: 0
2026-04-14 12:21:29,850 - INFO - Regula po iteracji 0: IF  THEN class = {58.14} [12.12, 104.16], (p=513, n=182, P=513, N=182)
2026-04-14 12:21:29,851 - INFO - *****STOP GROWING RR RULE*****
2026-04-14 12:21:29,851 - INFO - ***RR NOT FOUND***
2026-04-14 12:21:29,894 - INFO - Iteracja 3: condition_best: Input4 >= 7.50, quality_best: 0.505, coverage_best: (p=272, n=46, P=431, N=264)
2026-04-14 12:21:29,894 - INFO - Regula po iteracji 3: IF Input4 <= 47.50 AND Input3 >= 7.50 AND Input1 >= 10.50 AND Input4 >= 7.50 THEN class = {39.32} [9.97, 68.67], (p=272, n=46, P=431, N=264)
2026-04-14 12:21:29,894 - INFO - *****GROWING RR RULE*****
2026-04-14 12:21:30,094 - INFO - Iteracja 0: condition_best: None, quality_best: -inf, coverage_best: (p=0, n=0, P=0, N=0), p_value: 0
2026-04-14 12:21:30,094 - INFO - Regula po iteracji 0: IF  THEN class = {58.14} [12.12, 104.16], (p=513, n=182, P=513, N=182)
2026-04-14 12:21:30,094 - INFO - *****STOP GROWING RR RULE*****
2026-04-14 12:21:30,094 - INFO - ***RR NOT FOUND***
2026-04-14 12:21:30,138 - INFO - Iteracja 4: condition_best: Input1 <= 107.00, quality_best: 0.502, coverage_best: (p=263, n=51, P=406, N=289)
2026-04-14 12:21:30,138 - INFO - Regula po iteracji 4: IF Input4 <= 47.50 AND Input3 >= 7.50 AND Input1 >= 10.50 AND Input4 >= 7.50 AND Input1 <= 107.00 THEN class = {38.15} [10.70, 65.60], (p=263, n=51, P=406, N=289)
2026-04-14 12:21:30,138 - INFO - *****GROWING RR RULE*****
2026-04-14 12:21:30,338 - INFO - Iteracja 0: condition_best: None, quality_best: -inf, coverage_best: (p=0, n=0, P=0, N=0), p_value: 0
2026-04-14 12:21:30,339 - INFO - Regula po iteracji 0: IF  THEN class = {58.14} [12.12, 104.16], (p=513, n=182, P=513, N=182)
2026-04-14 12:21:30,339 - INFO - *****STOP GROWING RR RULE*****
2026-04-14 12:21:30,339 - INFO - ***RR NOT FOUND***
2026-04-14 12:21:30,339 - INFO - *******STOP GROWING CR RULE*******
2026-04-14 12:21:30,340 - INFO - *******GROWING CR RULE*******
2026-04-14 12:21:30,454 - INFO - Iteracja 0: condition_best: Input1 <= 63.50, quality_best: 0.447, coverage_best: (p=348, n=99, P=400, N=295)
2026-04-14 12:21:30,454 - INFO - Regula po iteracji 0: IF Input1 <= 63.50 THEN class = {35.78} [9.67, 61.89], (p=348, n=99, P=400, N=295)
2026-04-14 12:21:30,455 - INFO - *****GROWING RR RULE*****
2026-04-14 12:21:30,652 - INFO - Iteracja 0: condition_best: None, quality_best: -inf, coverage_best: (p=0, n=0, P=0, N=0), p_value: 0
2026-04-14 12:21:30,653 - INFO - Regula po iteracji 0: IF  THEN class = {58.14} [12.12, 104.16], (p=513, n=182, P=513, N=182)
2026-04-14 12:21:30,653 - INFO - *****STOP GROWING RR RULE*****
2026-04-14 12:21:30,653 - INFO - ***RR NOT FOUND***
2026-04-14 12:21:30,716 - INFO - Iteracja 1: condition_best: Input1 >= 13.50, quality_best: 0.501, coverage_best: (p=299, n=76, P=376, N=319)
2026-04-14 12:21:30,716 - INFO - Regula po iteracji 1: IF Input1 <= 63.50 AND Input1 >= 13.50 THEN class = {39.54} [13.85, 65.23], (p=299, n=76, P=376, N=319)
2026-04-14 12:21:30,716 - INFO - *****GROWING RR RULE*****
2026-04-14 12:21:30,916 - INFO - Iteracja 0: condition_best: None, quality_best: -inf, coverage_best: (p=0, n=0, P=0, N=0), p_value: 0
2026-04-14 12:21:30,916 - INFO - Regula po iteracji 0: IF  THEN class = {58.14} [12.12, 104.16], (p=513, n=182, P=513, N=182)
2026-04-14 12:21:30,916 - INFO - *****STOP GROWING RR RULE*****
2026-04-14 12:21:30,916 - INFO - ***RR NOT FOUND***
2026-04-14 12:21:30,969 - INFO - Iteracja 2: condition_best: Input3 >= 24.50, quality_best: 0.517, coverage_best: (p=214, n=40, P=375, N=320)
2026-04-14 12:21:30,970 - INFO - Regula po iteracji 2: IF Input1 <= 63.50 AND Input1 >= 13.50 AND Input3 >= 24.50 THEN class = {37.43} [12.72, 62.13], (p=214, n=40, P=375, N=320)
2026-04-14 12:21:30,970 - INFO - *****GROWING RR RULE*****
2026-04-14 12:21:31,170 - INFO - Iteracja 0: condition_best: None, quality_best: -inf, coverage_best: (p=0, n=0, P=0, N=0), p_value: 0
2026-04-14 12:21:31,170 - INFO - Regula po iteracji 0: IF  THEN class = {58.14} [12.12, 104.16], (p=513, n=182, P=513, N=182)
2026-04-14 12:21:31,170 - INFO - *****STOP GROWING RR RULE*****
2026-04-14 12:21:31,170 - INFO - ***RR NOT FOUND***
2026-04-14 12:21:31,213 - INFO - Iteracja 3: condition_best: Input2 <= 174.50, quality_best: 0.515, coverage_best: (p=213, n=40, P=375, N=320)
2026-04-14 12:21:31,213 - INFO - Regula po iteracji 3: IF Input1 <= 63.50 AND Input1 >= 13.50 AND Input3 >= 24.50 AND Input2 <= 174.50 THEN class = {37.52} [12.82, 62.23], (p=213, n=40, P=375, N=320)
2026-04-14 12:21:31,213 - INFO - *****GROWING RR RULE*****
2026-04-14 12:21:31,417 - INFO - Iteracja 0: condition_best: None, quality_best: -inf, coverage_best: (p=0, n=0, P=0, N=0), p_value: 0
2026-04-14 12:21:31,417 - INFO - Regula po iteracji 0: IF  THEN class = {58.14} [12.12, 104.16], (p=513, n=182, P=513, N=182)
2026-04-14 12:21:31,417 - INFO - *****STOP GROWING RR RULE*****
2026-04-14 12:21:31,417 - INFO - ***RR NOT FOUND***
2026-04-14 12:21:31,460 - INFO - Iteracja 4: condition_best: Input1 >= 15.50, quality_best: 0.515, coverage_best: (p=206, n=39, P=369, N=326)
2026-04-14 12:21:31,460 - INFO - Regula po iteracji 4: IF Input1 <= 63.50 AND Input1 >= 13.50 AND Input3 >= 24.50 AND Input2 <= 174.50 AND Input1 >= 15.50 THEN class = {38.29} [13.58, 63.01], (p=206, n=39, P=369, N=326)
2026-04-14 12:21:31,461 - INFO - *****GROWING RR RULE*****
2026-04-14 12:21:31,662 - INFO - Iteracja 0: condition_best: None, quality_best: -inf, coverage_best: (p=0, n=0, P=0, N=0), p_value: 0
2026-04-14 12:21:31,663 - INFO - Regula po iteracji 0: IF  THEN class = {58.14} [12.12, 104.16], (p=513, n=182, P=513, N=182)
2026-04-14 12:21:31,663 - INFO - *****STOP GROWING RR RULE*****
2026-04-14 12:21:31,663 - INFO - ***RR NOT FOUND***
2026-04-14 12:21:31,663 - INFO - *******STOP GROWING CR RULE*******
2026-04-14 12:21:31,665 - INFO - *******GROWING CR RULE*******
2026-04-14 12:21:31,778 - INFO - Iteracja 0: condition_best: Input1 <= 64.50, quality_best: 0.432, coverage_best: (p=351, n=102, P=404, N=291)
2026-04-14 12:21:31,778 - INFO - Regula po iteracji 0: IF Input1 <= 64.50 THEN class = {36.27} [9.78, 62.76], (p=351, n=102, P=404, N=291)
2026-04-14 12:21:31,778 - INFO - *****GROWING RR RULE*****
2026-04-14 12:21:31,977 - INFO - Iteracja 0: condition_best: None, quality_best: -inf, coverage_best: (p=0, n=0, P=0, N=0), p_value: 0
2026-04-14 12:21:31,977 - INFO - Regula po iteracji 0: IF  THEN class = {58.14} [12.12, 104.16], (p=513, n=182, P=513, N=182)
2026-04-14 12:21:31,977 - INFO - *****STOP GROWING RR RULE*****
2026-04-14 12:21:31,977 - INFO - ***RR NOT FOUND***
2026-04-14 12:21:32,040 - INFO - Iteracja 1: condition_best: Input1 >= 14.50, quality_best: 0.491, coverage_best: (p=293, n=75, P=378, N=317)
2026-04-14 12:21:32,040 - INFO - Regula po iteracji 1: IF Input1 <= 64.50 AND Input1 >= 14.50 THEN class = {40.95} [14.87, 67.03], (p=293, n=75, P=378, N=317)
2026-04-14 12:21:32,040 - INFO - *****GROWING RR RULE*****
2026-04-14 12:21:32,240 - INFO - Iteracja 0: condition_best: None, quality_best: -inf, coverage_best: (p=0, n=0, P=0, N=0), p_value: 0
2026-04-14 12:21:32,240 - INFO - Regula po iteracji 0: IF  THEN class = {58.14} [12.12, 104.16], (p=513, n=182, P=513, N=182)
2026-04-14 12:21:32,240 - INFO - *****STOP GROWING RR RULE*****
2026-04-14 12:21:32,240 - INFO - ***RR NOT FOUND***
2026-04-14 12:21:32,293 - INFO - Iteracja 2: condition_best: Input2 <= 171.00, quality_best: 0.495, coverage_best: (p=293, n=74, P=378, N=317)
2026-04-14 12:21:32,293 - INFO - Regula po iteracji 2: IF Input1 <= 64.50 AND Input1 >= 14.50 AND Input2 <= 171.00 THEN class = {41.02} [14.95, 67.10], (p=293, n=74, P=378, N=317)
2026-04-14 12:21:32,293 - INFO - *****GROWING RR RULE*****
2026-04-14 12:21:32,493 - INFO - Iteracja 0: condition_best: None, quality_best: -inf, coverage_best: (p=0, n=0, P=0, N=0), p_value: 0
2026-04-14 12:21:32,493 - INFO - Regula po iteracji 0: IF  THEN class = {58.14} [12.12, 104.16], (p=513, n=182, P=513, N=182)
2026-04-14 12:21:32,493 - INFO - *****STOP GROWING RR RULE*****
2026-04-14 12:21:32,493 - INFO - ***RR NOT FOUND***
2026-04-14 12:21:32,546 - INFO - Iteracja 3: condition_best: Input3 >= 24.50, quality_best: 0.495, coverage_best: (p=210, n=44, P=369, N=326)
2026-04-14 12:21:32,546 - INFO - Regula po iteracji 3: IF Input1 <= 64.50 AND Input1 >= 14.50 AND Input2 <= 171.00 AND Input3 >= 24.50 THEN class = {38.51} [13.40, 63.62], (p=210, n=44, P=369, N=326)
2026-04-14 12:21:32,546 - INFO - *****GROWING RR RULE*****
2026-04-14 12:21:32,747 - INFO - Iteracja 0: condition_best: None, quality_best: -inf, coverage_best: (p=0, n=0, P=0, N=0), p_value: 0
2026-04-14 12:21:32,747 - INFO - Regula po iteracji 0: IF  THEN class = {58.14} [12.12, 104.16], (p=513, n=182, P=513, N=182)
2026-04-14 12:21:32,747 - INFO - *****STOP GROWING RR RULE*****
2026-04-14 12:21:32,747 - INFO - ***RR NOT FOUND***
2026-04-14 12:21:32,790 - INFO - Iteracja 4: condition_best: Input1 >= 15.50, quality_best: 0.503, coverage_best: (p=209, n=41, P=374, N=321)
2026-04-14 12:21:32,790 - INFO - Regula po iteracji 4: IF Input1 <= 64.50 AND Input1 >= 14.50 AND Input2 <= 171.00 AND Input3 >= 24.50 AND Input1 >= 15.50 THEN class = {38.87} [13.74, 64.00], (p=209, n=41, P=374, N=321)
2026-04-14 12:21:32,790 - INFO - *****GROWING RR RULE*****
2026-04-14 12:21:32,991 - INFO - Iteracja 0: condition_best: None, quality_best: -inf, coverage_best: (p=0, n=0, P=0, N=0), p_value: 0
2026-04-14 12:21:32,991 - INFO - Regula po iteracji 0: IF  THEN class = {58.14} [12.12, 104.16], (p=513, n=182, P=513, N=182)
2026-04-14 12:21:32,991 - INFO - *****STOP GROWING RR RULE*****
2026-04-14 12:21:32,991 - INFO - ***RR NOT FOUND***
2026-04-14 12:21:32,991 - INFO - *******STOP GROWING CR RULE*******
2026-04-14 12:21:32,993 - INFO - *******GROWING CR RULE*******
2026-04-14 12:21:33,106 - INFO - Iteracja 0: condition_best: Input1 >= 152.00, quality_best: 0.43, coverage_best: (p=26, n=8, P=126, N=569)
2026-04-14 12:21:33,106 - INFO - Regula po iteracji 0: IF Input1 >= 152.00 THEN class = {152.32} [96.66, 207.98], (p=26, n=8, P=126, N=569)
2026-04-14 12:21:33,106 - INFO - *****GROWING RR RULE*****
2026-04-14 12:21:33,296 - INFO - Iteracja 0: condition_best: None, quality_best: -inf, coverage_best: (p=0, n=0, P=0, N=0), p_value: 0
2026-04-14 12:21:33,296 - INFO - Regula po iteracji 0: IF  THEN class = {58.14} [12.12, 104.16], (p=513, n=182, P=513, N=182)
2026-04-14 12:21:33,296 - INFO - *****STOP GROWING RR RULE*****
2026-04-14 12:21:33,296 - INFO - ***RR NOT FOUND***
2026-04-14 12:21:33,306 - INFO - Iteracja 1: condition_best: Input3 <= 63.00, quality_best: 0.424, coverage_best: (p=20, n=6, P=116, N=579)
2026-04-14 12:21:33,306 - INFO - Regula po iteracji 1: IF Input1 >= 152.00 AND Input3 <= 63.00 THEN class = {162.50} [102.75, 222.25], (p=20, n=6, P=116, N=579)
2026-04-14 12:21:33,306 - INFO - *****GROWING RR RULE*****
2026-04-14 12:21:33,495 - INFO - Iteracja 0: condition_best: None, quality_best: -inf, coverage_best: (p=0, n=0, P=0, N=0), p_value: 0
2026-04-14 12:21:33,496 - INFO - Regula po iteracji 0: IF  THEN class = {58.14} [12.12, 104.16], (p=513, n=182, P=513, N=182)
2026-04-14 12:21:33,496 - INFO - *****STOP GROWING RR RULE*****
2026-04-14 12:21:33,496 - INFO - ***RR NOT FOUND***
2026-04-14 12:21:33,503 - INFO - Iteracja 2: condition_best: Input3 >= 6.50, quality_best: 0.52, coverage_best: (p=17, n=6, P=39, N=656)
2026-04-14 12:21:33,503 - INFO - Regula po iteracji 2: IF Input1 >= 152.00 AND Input3 <= 63.00 AND Input3 >= 6.50 THEN class = {179.70} [144.00, 215.39], (p=17, n=6, P=39, N=656)
2026-04-14 12:21:33,504 - INFO - *****GROWING RR RULE*****
2026-04-14 12:21:33,693 - INFO - Iteracja 0: condition_best: None, quality_best: -inf, coverage_best: (p=0, n=0, P=0, N=0), p_value: 0
2026-04-14 12:21:33,693 - INFO - Regula po iteracji 0: IF  THEN class = {58.14} [12.12, 104.16], (p=513, n=182, P=513, N=182)
2026-04-14 12:21:33,693 - INFO - *****STOP GROWING RR RULE*****
2026-04-14 12:21:33,693 - INFO - ***RR NOT FOUND***
2026-04-14 12:21:33,700 - INFO - Iteracja 3: condition_best: Input3 <= 46.00, quality_best: 0.637, coverage_best: (p=14, n=3, P=25, N=670)
2026-04-14 12:21:33,700 - INFO - Regula po iteracji 3: IF Input1 >= 152.00 AND Input3 <= 63.00 AND Input3 >= 6.50 AND Input3 <= 46.00 THEN class = {191.29} [156.90, 225.69], (p=14, n=3, P=25, N=670)
2026-04-14 12:21:33,700 - INFO - *****GROWING RR RULE*****
2026-04-14 12:21:33,890 - INFO - Iteracja 0: condition_best: None, quality_best: -inf, coverage_best: (p=0, n=0, P=0, N=0), p_value: 0
2026-04-14 12:21:33,890 - INFO - Regula po iteracji 0: IF  THEN class = {58.14} [12.12, 104.16], (p=513, n=182, P=513, N=182)
2026-04-14 12:21:33,890 - INFO - *****STOP GROWING RR RULE*****
2026-04-14 12:21:33,890 - INFO - ***RR NOT FOUND***
2026-04-14 12:21:33,895 - INFO - Iteracja 4: condition_best: Input2 >= 6.50, quality_best: 0.661, coverage_best: (p=14, n=2, P=27, N=668)
2026-04-14 12:21:33,895 - INFO - Regula po iteracji 4: IF Input1 >= 152.00 AND Input3 <= 63.00 AND Input3 >= 6.50 AND Input3 <= 46.00 AND Input2 >= 6.50 THEN class = {188.44} [154.99, 221.88], (p=14, n=2, P=27, N=668)
2026-04-14 12:21:33,896 - INFO - *****GROWING RR RULE*****
2026-04-14 12:21:34,084 - INFO - Iteracja 0: condition_best: None, quality_best: -inf, coverage_best: (p=0, n=0, P=0, N=0), p_value: 0
2026-04-14 12:21:34,085 - INFO - Regula po iteracji 0: IF  THEN class = {58.14} [12.12, 104.16], (p=513, n=182, P=513, N=182)
2026-04-14 12:21:34,085 - INFO - *****STOP GROWING RR RULE*****
2026-04-14 12:21:34,085 - INFO - ***RR NOT FOUND***
2026-04-14 12:21:34,085 - INFO - *******STOP GROWING CR RULE*******
2026-04-14 12:21:34,086 - INFO - *******GROWING CR RULE*******
2026-04-14 12:21:34,198 - INFO - Iteracja 0: condition_best: Input1 >= 152.00, quality_best: 0.43, coverage_best: (p=26, n=8, P=126, N=569)
2026-04-14 12:21:34,198 - INFO - Regula po iteracji 0: IF Input1 >= 152.00 THEN class = {152.32} [96.66, 207.98], (p=26, n=8, P=126, N=569)
2026-04-14 12:21:34,199 - INFO - *****GROWING RR RULE*****
2026-04-14 12:21:34,388 - INFO - Iteracja 0: condition_best: None, quality_best: -inf, coverage_best: (p=0, n=0, P=0, N=0), p_value: 0
2026-04-14 12:21:34,389 - INFO - Regula po iteracji 0: IF  THEN class = {58.14} [12.12, 104.16], (p=513, n=182, P=513, N=182)
2026-04-14 12:21:34,389 - INFO - *****STOP GROWING RR RULE*****
2026-04-14 12:21:34,389 - INFO - ***RR NOT FOUND***
2026-04-14 12:21:34,398 - INFO - Iteracja 1: condition_best: Input3 <= 63.00, quality_best: 0.424, coverage_best: (p=20, n=6, P=116, N=579)
2026-04-14 12:21:34,398 - INFO - Regula po iteracji 1: IF Input1 >= 152.00 AND Input3 <= 63.00 THEN class = {162.50} [102.75, 222.25], (p=20, n=6, P=116, N=579)
2026-04-14 12:21:34,398 - INFO - *****GROWING RR RULE*****
2026-04-14 12:21:34,588 - INFO - Iteracja 0: condition_best: None, quality_best: -inf, coverage_best: (p=0, n=0, P=0, N=0), p_value: 0
2026-04-14 12:21:34,588 - INFO - Regula po iteracji 0: IF  THEN class = {58.14} [12.12, 104.16], (p=513, n=182, P=513, N=182)
2026-04-14 12:21:34,588 - INFO - *****STOP GROWING RR RULE*****
2026-04-14 12:21:34,588 - INFO - ***RR NOT FOUND***
2026-04-14 12:21:34,596 - INFO - Iteracja 2: condition_best: Input3 >= 6.50, quality_best: 0.52, coverage_best: (p=17, n=6, P=39, N=656)
2026-04-14 12:21:34,596 - INFO - Regula po iteracji 2: IF Input1 >= 152.00 AND Input3 <= 63.00 AND Input3 >= 6.50 THEN class = {179.70} [144.00, 215.39], (p=17, n=6, P=39, N=656)
2026-04-14 12:21:34,596 - INFO - *****GROWING RR RULE*****
2026-04-14 12:21:34,785 - INFO - Iteracja 0: condition_best: None, quality_best: -inf, coverage_best: (p=0, n=0, P=0, N=0), p_value: 0
2026-04-14 12:21:34,785 - INFO - Regula po iteracji 0: IF  THEN class = {58.14} [12.12, 104.16], (p=513, n=182, P=513, N=182)
2026-04-14 12:21:34,785 - INFO - *****STOP GROWING RR RULE*****
2026-04-14 12:21:34,786 - INFO - ***RR NOT FOUND***
2026-04-14 12:21:34,792 - INFO - Iteracja 3: condition_best: Input2 <= 15.50, quality_best: 0.56, coverage_best: (p=17, n=5, P=36, N=659)
2026-04-14 12:21:34,792 - INFO - Regula po iteracji 3: IF Input1 >= 152.00 AND Input3 <= 63.00 AND Input3 >= 6.50 AND Input2 <= 15.50 THEN class = {181.86} [146.88, 216.84], (p=17, n=5, P=36, N=659)
2026-04-14 12:21:34,792 - INFO - *****GROWING RR RULE*****
2026-04-14 12:21:34,982 - INFO - Iteracja 0: condition_best: None, quality_best: -inf, coverage_best: (p=0, n=0, P=0, N=0), p_value: 0
2026-04-14 12:21:34,982 - INFO - Regula po iteracji 0: IF  THEN class = {58.14} [12.12, 104.16], (p=513, n=182, P=513, N=182)
2026-04-14 12:21:34,982 - INFO - *****STOP GROWING RR RULE*****
2026-04-14 12:21:34,982 - INFO - ***RR NOT FOUND***
2026-04-14 12:21:34,988 - INFO - Iteracja 4: condition_best: Input1 >= 153.50, quality_best: 0.546, coverage_best: (p=16, n=5, P=35, N=660)
2026-04-14 12:21:34,988 - INFO - Regula po iteracji 4: IF Input1 >= 152.00 AND Input3 <= 63.00 AND Input3 >= 6.50 AND Input2 <= 15.50 AND Input1 >= 153.50 THEN class = {182.67} [147.06, 218.27], (p=16, n=5, P=35, N=660)
2026-04-14 12:21:34,989 - INFO - *****GROWING RR RULE*****
2026-04-14 12:21:35,178 - INFO - Iteracja 0: condition_best: None, quality_best: -inf, coverage_best: (p=0, n=0, P=0, N=0), p_value: 0
2026-04-14 12:21:35,178 - INFO - Regula po iteracji 0: IF  THEN class = {58.14} [12.12, 104.16], (p=513, n=182, P=513, N=182)
2026-04-14 12:21:35,178 - INFO - *****STOP GROWING RR RULE*****
2026-04-14 12:21:35,178 - INFO - ***RR NOT FOUND***
2026-04-14 12:21:35,178 - INFO - *******STOP GROWING CR RULE*******
2026-04-14 12:21:35,180 - INFO - *******GROWING CR RULE*******
2026-04-14 12:21:35,291 - INFO - Iteracja 0: condition_best: Input1 >= 152.00, quality_best: 0.43, coverage_best: (p=26, n=8, P=126, N=569)
2026-04-14 12:21:35,291 - INFO - Regula po iteracji 0: IF Input1 >= 152.00 THEN class = {152.32} [96.66, 207.98], (p=26, n=8, P=126, N=569)
2026-04-14 12:21:35,292 - INFO - *****GROWING RR RULE*****
2026-04-14 12:21:35,481 - INFO - Iteracja 0: condition_best: None, quality_best: -inf, coverage_best: (p=0, n=0, P=0, N=0), p_value: 0
2026-04-14 12:21:35,481 - INFO - Regula po iteracji 0: IF  THEN class = {58.14} [12.12, 104.16], (p=513, n=182, P=513, N=182)
2026-04-14 12:21:35,482 - INFO - *****STOP GROWING RR RULE*****
2026-04-14 12:21:35,482 - INFO - ***RR NOT FOUND***
2026-04-14 12:21:35,491 - INFO - Iteracja 1: condition_best: Input2 <= 16.50, quality_best: 0.422, coverage_best: (p=25, n=8, P=126, N=569)
2026-04-14 12:21:35,491 - INFO - Regula po iteracji 1: IF Input1 >= 152.00 AND Input2 <= 16.50 THEN class = {153.36} [97.19, 209.53], (p=25, n=8, P=126, N=569)
2026-04-14 12:21:35,491 - INFO - *****GROWING RR RULE*****
2026-04-14 12:21:35,681 - INFO - Iteracja 0: condition_best: None, quality_best: -inf, coverage_best: (p=0, n=0, P=0, N=0), p_value: 0
2026-04-14 12:21:35,681 - INFO - Regula po iteracji 0: IF  THEN class = {58.14} [12.12, 104.16], (p=513, n=182, P=513, N=182)
2026-04-14 12:21:35,682 - INFO - *****STOP GROWING RR RULE*****
2026-04-14 12:21:35,682 - INFO - ***RR NOT FOUND***
2026-04-14 12:21:35,690 - INFO - Iteracja 2: condition_best: Input3 >= 11.50, quality_best: 0.433, coverage_best: (p=19, n=9, P=57, N=638)
2026-04-14 12:21:35,690 - INFO - Regula po iteracji 2: IF Input1 >= 152.00 AND Input2 <= 16.50 AND Input3 >= 11.50 THEN class = {168.32} [129.50, 207.14], (p=19, n=9, P=57, N=638)
2026-04-14 12:21:35,691 - INFO - *****GROWING RR RULE*****
2026-04-14 12:21:35,881 - INFO - Iteracja 0: condition_best: None, quality_best: -inf, coverage_best: (p=0, n=0, P=0, N=0), p_value: 0
2026-04-14 12:21:35,881 - INFO - Regula po iteracji 0: IF  THEN class = {58.14} [12.12, 104.16], (p=513, n=182, P=513, N=182)
2026-04-14 12:21:35,881 - INFO - *****STOP GROWING RR RULE*****
2026-04-14 12:21:35,881 - INFO - ***RR NOT FOUND***
2026-04-14 12:21:35,888 - INFO - Iteracja 3: condition_best: Input1 >= 153.50, quality_best: 0.445, coverage_best: (p=19, n=8, P=60, N=635)
2026-04-14 12:21:35,888 - INFO - Regula po iteracji 3: IF Input1 >= 152.00 AND Input2 <= 16.50 AND Input3 >= 11.50 AND Input1 >= 153.50 THEN class = {168.44} [128.92, 207.97], (p=19, n=8, P=60, N=635)
2026-04-14 12:21:35,889 - INFO - *****GROWING RR RULE*****
2026-04-14 12:21:36,078 - INFO - Iteracja 0: condition_best: None, quality_best: -inf, coverage_best: (p=0, n=0, P=0, N=0), p_value: 0
2026-04-14 12:21:36,079 - INFO - Regula po iteracji 0: IF  THEN class = {58.14} [12.12, 104.16], (p=513, n=182, P=513, N=182)
2026-04-14 12:21:36,079 - INFO - *****STOP GROWING RR RULE*****
2026-04-14 12:21:36,079 - INFO - ***RR NOT FOUND***
2026-04-14 12:21:36,086 - INFO - Iteracja 4: condition_best: Input3 >= 17.50, quality_best: 0.411, coverage_best: (p=17, n=8, P=63, N=632)
2026-04-14 12:21:36,086 - INFO - Regula po iteracji 4: IF Input1 >= 152.00 AND Input2 <= 16.50 AND Input3 >= 11.50 AND Input1 >= 153.50 AND Input3 >= 17.50 THEN class = {164.16} [126.46, 201.86], (p=17, n=8, P=63, N=632)
2026-04-14 12:21:36,087 - INFO - *****GROWING RR RULE*****
2026-04-14 12:21:36,276 - INFO - Iteracja 0: condition_best: None, quality_best: -inf, coverage_best: (p=0, n=0, P=0, N=0), p_value: 0
2026-04-14 12:21:36,276 - INFO - Regula po iteracji 0: IF  THEN class = {58.14} [12.12, 104.16], (p=513, n=182, P=513, N=182)
2026-04-14 12:21:36,277 - INFO - *****STOP GROWING RR RULE*****
2026-04-14 12:21:36,277 - INFO - ***RR NOT FOUND***
2026-04-14 12:21:36,277 - INFO - *******STOP GROWING CR RULE*******
2026-04-14 12:21:36,278 - INFO - *******GROWING CR RULE*******
2026-04-14 12:21:36,390 - INFO - Iteracja 0: condition_best: Input1 >= 79.50, quality_best: 0.429, coverage_best: (p=122, n=51, P=229, N=466)
2026-04-14 12:21:36,390 - INFO - Regula po iteracji 0: IF Input1 >= 79.50 THEN class = {109.10} [61.52, 156.68], (p=122, n=51, P=229, N=466)
2026-04-14 12:21:36,390 - INFO - *****GROWING RR RULE*****
2026-04-14 12:21:36,588 - INFO - Iteracja 0: condition_best: None, quality_best: -inf, coverage_best: (p=0, n=0, P=0, N=0), p_value: 0
2026-04-14 12:21:36,588 - INFO - Regula po iteracji 0: IF  THEN class = {58.14} [12.12, 104.16], (p=513, n=182, P=513, N=182)
2026-04-14 12:21:36,589 - INFO - *****STOP GROWING RR RULE*****
2026-04-14 12:21:36,589 - INFO - ***RR NOT FOUND***
2026-04-14 12:21:36,631 - INFO - Iteracja 1: condition_best: Input3 <= 77.50, quality_best: 0.579, coverage_best: (p=83, n=24, P=137, N=558)
2026-04-14 12:21:36,631 - INFO - Regula po iteracji 1: IF Input1 >= 79.50 AND Input3 <= 77.50 THEN class = {133.38} [89.40, 177.37], (p=83, n=24, P=137, N=558)
2026-04-14 12:21:36,631 - INFO - *****GROWING RR RULE*****
2026-04-14 12:21:36,827 - INFO - Iteracja 0: condition_best: None, quality_best: -inf, coverage_best: (p=0, n=0, P=0, N=0), p_value: 0
2026-04-14 12:21:36,827 - INFO - Regula po iteracji 0: IF  THEN class = {58.14} [12.12, 104.16], (p=513, n=182, P=513, N=182)
2026-04-14 12:21:36,827 - INFO - *****STOP GROWING RR RULE*****
2026-04-14 12:21:36,827 - INFO - ***RR NOT FOUND***
2026-04-14 12:21:36,854 - INFO - Iteracja 2: condition_best: Input2 >= 5.50, quality_best: 0.619, coverage_best: (p=82, n=23, P=120, N=575)
2026-04-14 12:21:36,854 - INFO - Regula po iteracji 2: IF Input1 >= 79.50 AND Input3 <= 77.50 AND Input2 >= 5.50 THEN class = {135.84} [95.23, 176.45], (p=82, n=23, P=120, N=575)
2026-04-14 12:21:36,854 - INFO - *****GROWING RR RULE*****
2026-04-14 12:21:37,050 - INFO - Iteracja 0: condition_best: None, quality_best: -inf, coverage_best: (p=0, n=0, P=0, N=0), p_value: 0
2026-04-14 12:21:37,050 - INFO - Regula po iteracji 0: IF  THEN class = {58.14} [12.12, 104.16], (p=513, n=182, P=513, N=182)
2026-04-14 12:21:37,050 - INFO - *****STOP GROWING RR RULE*****
2026-04-14 12:21:37,050 - INFO - ***RR NOT FOUND***
2026-04-14 12:21:37,076 - INFO - Iteracja 3: condition_best: Input2 <= 38.50, quality_best: 0.629, coverage_best: (p=81, n=22, P=117, N=578)
2026-04-14 12:21:37,076 - INFO - Regula po iteracji 3: IF Input1 >= 79.50 AND Input3 <= 77.50 AND Input2 >= 5.50 AND Input2 <= 38.50 THEN class = {136.94} [96.73, 177.16], (p=81, n=22, P=117, N=578)
2026-04-14 12:21:37,077 - INFO - *****GROWING RR RULE*****
2026-04-14 12:21:37,272 - INFO - Iteracja 0: condition_best: None, quality_best: -inf, coverage_best: (p=0, n=0, P=0, N=0), p_value: 0
2026-04-14 12:21:37,272 - INFO - Regula po iteracji 0: IF  THEN class = {58.14} [12.12, 104.16], (p=513, n=182, P=513, N=182)
2026-04-14 12:21:37,272 - INFO - *****STOP GROWING RR RULE*****
2026-04-14 12:21:37,272 - INFO - ***RR NOT FOUND***
2026-04-14 12:21:37,298 - INFO - Iteracja 4: condition_best: Input3 <= 74.50, quality_best: 0.631, coverage_best: (p=80, n=21, P=117, N=578)
2026-04-14 12:21:37,298 - INFO - Regula po iteracji 4: IF Input1 >= 79.50 AND Input3 <= 77.50 AND Input2 >= 5.50 AND Input2 <= 38.50 AND Input3 <= 74.50 THEN class = {137.57} [97.24, 177.91], (p=80, n=21, P=117, N=578)
2026-04-14 12:21:37,299 - INFO - *****GROWING RR RULE*****
2026-04-14 12:21:37,491 - INFO - Iteracja 0: condition_best: None, quality_best: -inf, coverage_best: (p=0, n=0, P=0, N=0), p_value: 0
2026-04-14 12:21:37,492 - INFO - Regula po iteracji 0: IF  THEN class = {58.14} [12.12, 104.16], (p=513, n=182, P=513, N=182)
2026-04-14 12:21:37,492 - INFO - *****STOP GROWING RR RULE*****
2026-04-14 12:21:37,492 - INFO - ***RR NOT FOUND***
2026-04-14 12:21:37,492 - INFO - *******STOP GROWING CR RULE*******
2026-04-14 12:21:37,493 - INFO - *******GROWING CR RULE*******
2026-04-14 12:21:37,602 - INFO - Iteracja 0: condition_best: Input1 >= 79.50, quality_best: 0.429, coverage_best: (p=122, n=51, P=229, N=466)
2026-04-14 12:21:37,602 - INFO - Regula po iteracji 0: IF Input1 >= 79.50 THEN class = {109.10} [61.52, 156.68], (p=122, n=51, P=229, N=466)
2026-04-14 12:21:37,602 - INFO - *****GROWING RR RULE*****
2026-04-14 12:21:37,799 - INFO - Iteracja 0: condition_best: None, quality_best: -inf, coverage_best: (p=0, n=0, P=0, N=0), p_value: 0
2026-04-14 12:21:37,799 - INFO - Regula po iteracji 0: IF  THEN class = {58.14} [12.12, 104.16], (p=513, n=182, P=513, N=182)
2026-04-14 12:21:37,800 - INFO - *****STOP GROWING RR RULE*****
2026-04-14 12:21:37,800 - INFO - ***RR NOT FOUND***
2026-04-14 12:21:37,839 - INFO - Iteracja 1: condition_best: Input3 <= 79.50, quality_best: 0.562, coverage_best: (p=83, n=26, P=138, N=557)
2026-04-14 12:21:37,839 - INFO - Regula po iteracji 1: IF Input1 >= 79.50 AND Input3 <= 79.50 THEN class = {132.32} [88.05, 176.59], (p=83, n=26, P=138, N=557)
2026-04-14 12:21:37,840 - INFO - *****GROWING RR RULE*****
2026-04-14 12:21:38,034 - INFO - Iteracja 0: condition_best: None, quality_best: -inf, coverage_best: (p=0, n=0, P=0, N=0), p_value: 0
2026-04-14 12:21:38,035 - INFO - Regula po iteracji 0: IF  THEN class = {58.14} [12.12, 104.16], (p=513, n=182, P=513, N=182)
2026-04-14 12:21:38,035 - INFO - *****STOP GROWING RR RULE*****
2026-04-14 12:21:38,035 - INFO - ***RR NOT FOUND***
2026-04-14 12:21:38,061 - INFO - Iteracja 2: condition_best: Input4 >= 32.50, quality_best: 0.604, coverage_best: (p=72, n=25, P=99, N=596)
2026-04-14 12:21:38,061 - INFO - Regula po iteracji 2: IF Input1 >= 79.50 AND Input3 <= 79.50 AND Input4 >= 32.50 THEN class = {141.03} [105.94, 176.13], (p=72, n=25, P=99, N=596)
2026-04-14 12:21:38,061 - INFO - *****GROWING RR RULE*****
2026-04-14 12:21:38,256 - INFO - Iteracja 0: condition_best: None, quality_best: -inf, coverage_best: (p=0, n=0, P=0, N=0), p_value: 0
2026-04-14 12:21:38,257 - INFO - Regula po iteracji 0: IF  THEN class = {58.14} [12.12, 104.16], (p=513, n=182, P=513, N=182)
2026-04-14 12:21:38,257 - INFO - *****STOP GROWING RR RULE*****
2026-04-14 12:21:38,257 - INFO - ***RR NOT FOUND***
2026-04-14 12:21:38,281 - INFO - Iteracja 3: condition_best: Input1 >= 83.50, quality_best: 0.608, coverage_best: (p=68, n=24, P=92, N=603)
2026-04-14 12:21:38,281 - INFO - Regula po iteracji 3: IF Input1 >= 79.50 AND Input3 <= 79.50 AND Input4 >= 32.50 AND Input1 >= 83.50 THEN class = {142.95} [108.00, 177.89], (p=68, n=24, P=92, N=603)
2026-04-14 12:21:38,281 - INFO - *****GROWING RR RULE*****
2026-04-14 12:21:38,475 - INFO - Iteracja 0: condition_best: None, quality_best: -inf, coverage_best: (p=0, n=0, P=0, N=0), p_value: 0
2026-04-14 12:21:38,476 - INFO - Regula po iteracji 0: IF  THEN class = {58.14} [12.12, 104.16], (p=513, n=182, P=513, N=182)
2026-04-14 12:21:38,476 - INFO - *****STOP GROWING RR RULE*****
2026-04-14 12:21:38,476 - INFO - ***RR NOT FOUND***
2026-04-14 12:21:38,499 - INFO - Iteracja 4: condition_best: Input3 >= 23.50, quality_best: 0.62, coverage_best: (p=60, n=16, P=94, N=601)
2026-04-14 12:21:38,499 - INFO - Regula po iteracji 4: IF Input1 >= 79.50 AND Input3 <= 79.50 AND Input4 >= 32.50 AND Input1 >= 83.50 AND Input3 >= 23.50 THEN class = {135.45} [104.41, 166.48], (p=60, n=16, P=94, N=601)
2026-04-14 12:21:38,499 - INFO - *****GROWING RR RULE*****
2026-04-14 12:21:38,692 - INFO - Iteracja 0: condition_best: None, quality_best: -inf, coverage_best: (p=0, n=0, P=0, N=0), p_value: 0
2026-04-14 12:21:38,692 - INFO - Regula po iteracji 0: IF  THEN class = {58.14} [12.12, 104.16], (p=513, n=182, P=513, N=182)
2026-04-14 12:21:38,692 - INFO - *****STOP GROWING RR RULE*****
2026-04-14 12:21:38,692 - INFO - ***RR NOT FOUND***
2026-04-14 12:21:38,692 - INFO - *******STOP GROWING CR RULE*******
2026-04-14 12:21:38,693 - INFO - *******GROWING CR RULE*******
2026-04-14 12:21:38,802 - INFO - Iteracja 0: condition_best: Input1 >= 79.50, quality_best: 0.429, coverage_best: (p=122, n=51, P=229, N=466)
2026-04-14 12:21:38,802 - INFO - Regula po iteracji 0: IF Input1 >= 79.50 THEN class = {109.10} [61.52, 156.68], (p=122, n=51, P=229, N=466)
2026-04-14 12:21:38,802 - INFO - *****GROWING RR RULE*****
2026-04-14 12:21:39,000 - INFO - Iteracja 0: condition_best: None, quality_best: -inf, coverage_best: (p=0, n=0, P=0, N=0), p_value: 0
2026-04-14 12:21:39,000 - INFO - Regula po iteracji 0: IF  THEN class = {58.14} [12.12, 104.16], (p=513, n=182, P=513, N=182)
2026-04-14 12:21:39,000 - INFO - *****STOP GROWING RR RULE*****
2026-04-14 12:21:39,000 - INFO - ***RR NOT FOUND***
2026-04-14 12:21:39,039 - INFO - Iteracja 1: condition_best: Input3 <= 84.00, quality_best: 0.52, coverage_best: (p=83, n=31, P=143, N=552)
2026-04-14 12:21:39,039 - INFO - Regula po iteracji 1: IF Input1 >= 79.50 AND Input3 <= 84.00 THEN class = {130.37} [86.07, 174.66], (p=83, n=31, P=143, N=552)
2026-04-14 12:21:39,039 - INFO - *****GROWING RR RULE*****
2026-04-14 12:21:39,234 - INFO - Iteracja 0: condition_best: None, quality_best: -inf, coverage_best: (p=0, n=0, P=0, N=0), p_value: 0
2026-04-14 12:21:39,234 - INFO - Regula po iteracji 0: IF  THEN class = {58.14} [12.12, 104.16], (p=513, n=182, P=513, N=182)
2026-04-14 12:21:39,234 - INFO - *****STOP GROWING RR RULE*****
2026-04-14 12:21:39,235 - INFO - ***RR NOT FOUND***
2026-04-14 12:21:39,262 - INFO - Iteracja 2: condition_best: Input2 <= 34.50, quality_best: 0.586, coverage_best: (p=85, n=24, P=138, N=557)
2026-04-14 12:21:39,262 - INFO - Regula po iteracji 2: IF Input1 >= 79.50 AND Input3 <= 84.00 AND Input2 <= 34.50 THEN class = {132.61} [88.64, 176.59], (p=85, n=24, P=138, N=557)
2026-04-14 12:21:39,263 - INFO - *****GROWING RR RULE*****
2026-04-14 12:21:39,457 - INFO - Iteracja 0: condition_best: None, quality_best: -inf, coverage_best: (p=0, n=0, P=0, N=0), p_value: 0
2026-04-14 12:21:39,457 - INFO - Regula po iteracji 0: IF  THEN class = {58.14} [12.12, 104.16], (p=513, n=182, P=513, N=182)
2026-04-14 12:21:39,457 - INFO - *****STOP GROWING RR RULE*****
2026-04-14 12:21:39,457 - INFO - ***RR NOT FOUND***
2026-04-14 12:21:39,484 - INFO - Iteracja 3: condition_best: Input2 >= 7.50, quality_best: 0.604, coverage_best: (p=76, n=24, P=110, N=585)
2026-04-14 12:21:39,484 - INFO - Regula po iteracji 3: IF Input1 >= 79.50 AND Input3 <= 84.00 AND Input2 <= 34.50 AND Input2 >= 7.50 THEN class = {135.35} [98.12, 172.58], (p=76, n=24, P=110, N=585)
2026-04-14 12:21:39,484 - INFO - *****GROWING RR RULE*****
2026-04-14 12:21:39,677 - INFO - Iteracja 0: condition_best: None, quality_best: -inf, coverage_best: (p=0, n=0, P=0, N=0), p_value: 0
2026-04-14 12:21:39,677 - INFO - Regula po iteracji 0: IF  THEN class = {58.14} [12.12, 104.16], (p=513, n=182, P=513, N=182)
2026-04-14 12:21:39,677 - INFO - *****STOP GROWING RR RULE*****
2026-04-14 12:21:39,677 - INFO - ***RR NOT FOUND***
2026-04-14 12:21:39,702 - INFO - Iteracja 4: condition_best: Input1 <= 210.50, quality_best: 0.615, coverage_best: (p=76, n=22, P=112, N=583)
2026-04-14 12:21:39,702 - INFO - Regula po iteracji 4: IF Input1 >= 79.50 AND Input3 <= 84.00 AND Input2 <= 34.50 AND Input2 >= 7.50 AND Input1 <= 210.50 THEN class = {133.93} [97.93, 169.93], (p=76, n=22, P=112, N=583)
2026-04-14 12:21:39,702 - INFO - *****GROWING RR RULE*****
2026-04-14 12:21:39,895 - INFO - Iteracja 0: condition_best: None, quality_best: -inf, coverage_best: (p=0, n=0, P=0, N=0), p_value: 0
2026-04-14 12:21:39,896 - INFO - Regula po iteracji 0: IF  THEN class = {58.14} [12.12, 104.16], (p=513, n=182, P=513, N=182)
2026-04-14 12:21:39,896 - INFO - *****STOP GROWING RR RULE*****
2026-04-14 12:21:39,896 - INFO - ***RR NOT FOUND***
2026-04-14 12:21:39,896 - INFO - *******STOP GROWING CR RULE*******
2026-04-14 12:21:39,897 - INFO - *******GROWING CR RULE*******
2026-04-14 12:21:40,006 - INFO - Iteracja 0: condition_best: Input1 >= 79.50, quality_best: 0.429, coverage_best: (p=122, n=51, P=229, N=466)
2026-04-14 12:21:40,007 - INFO - Regula po iteracji 0: IF Input1 >= 79.50 THEN class = {109.10} [61.52, 156.68], (p=122, n=51, P=229, N=466)
2026-04-14 12:21:40,007 - INFO - *****GROWING RR RULE*****
2026-04-14 12:21:40,204 - INFO - Iteracja 0: condition_best: None, quality_best: -inf, coverage_best: (p=0, n=0, P=0, N=0), p_value: 0
2026-04-14 12:21:40,204 - INFO - Regula po iteracji 0: IF  THEN class = {58.14} [12.12, 104.16], (p=513, n=182, P=513, N=182)
2026-04-14 12:21:40,204 - INFO - *****STOP GROWING RR RULE*****
2026-04-14 12:21:40,204 - INFO - ***RR NOT FOUND***
2026-04-14 12:21:40,243 - INFO - Iteracja 1: condition_best: Input3 <= 120.50, quality_best: 0.515, coverage_best: (p=110, n=38, P=187, N=508)
2026-04-14 12:21:40,243 - INFO - Regula po iteracji 1: IF Input1 >= 79.50 AND Input3 <= 120.50 THEN class = {118.66} [73.89, 163.42], (p=110, n=38, P=187, N=508)
2026-04-14 12:21:40,244 - INFO - *****GROWING RR RULE*****
2026-04-14 12:21:40,440 - INFO - Iteracja 0: condition_best: None, quality_best: -inf, coverage_best: (p=0, n=0, P=0, N=0), p_value: 0
2026-04-14 12:21:40,440 - INFO - Regula po iteracji 0: IF  THEN class = {58.14} [12.12, 104.16], (p=513, n=182, P=513, N=182)
2026-04-14 12:21:40,440 - INFO - *****STOP GROWING RR RULE*****
2026-04-14 12:21:40,441 - INFO - ***RR NOT FOUND***
2026-04-14 12:21:40,476 - INFO - Iteracja 2: condition_best: Input1 >= 80.50, quality_best: 0.512, coverage_best: (p=109, n=38, P=187, N=508)
2026-04-14 12:21:40,476 - INFO - Regula po iteracji 2: IF Input1 >= 79.50 AND Input3 <= 120.50 AND Input1 >= 80.50 THEN class = {118.80} [73.91, 163.68], (p=109, n=38, P=187, N=508)
2026-04-14 12:21:40,476 - INFO - *****GROWING RR RULE*****
2026-04-14 12:21:40,673 - INFO - Iteracja 0: condition_best: None, quality_best: -inf, coverage_best: (p=0, n=0, P=0, N=0), p_value: 0
2026-04-14 12:21:40,673 - INFO - Regula po iteracji 0: IF  THEN class = {58.14} [12.12, 104.16], (p=513, n=182, P=513, N=182)
2026-04-14 12:21:40,673 - INFO - *****STOP GROWING RR RULE*****
2026-04-14 12:21:40,673 - INFO - ***RR NOT FOUND***
2026-04-14 12:21:40,709 - INFO - Iteracja 3: condition_best: Input1 >= 81.50, quality_best: 0.508, coverage_best: (p=108, n=38, P=187, N=508)
2026-04-14 12:21:40,709 - INFO - Regula po iteracji 3: IF Input1 >= 79.50 AND Input3 <= 120.50 AND Input1 >= 80.50 AND Input1 >= 81.50 THEN class = {118.92} [73.90, 163.93], (p=108, n=38, P=187, N=508)
2026-04-14 12:21:40,709 - INFO - *****GROWING RR RULE*****
2026-04-14 12:21:40,906 - INFO - Iteracja 0: condition_best: None, quality_best: -inf, coverage_best: (p=0, n=0, P=0, N=0), p_value: 0
2026-04-14 12:21:40,906 - INFO - Regula po iteracji 0: IF  THEN class = {58.14} [12.12, 104.16], (p=513, n=182, P=513, N=182)
2026-04-14 12:21:40,907 - INFO - *****STOP GROWING RR RULE*****
2026-04-14 12:21:40,907 - INFO - ***RR NOT FOUND***
2026-04-14 12:21:40,943 - INFO - Iteracja 4: condition_best: Input4 <= 166.00, quality_best: 0.502, coverage_best: (p=101, n=33, P=193, N=502)
2026-04-14 12:21:40,943 - INFO - Regula po iteracji 4: IF Input1 >= 79.50 AND Input3 <= 120.50 AND Input1 >= 80.50 AND Input1 >= 81.50 AND Input4 <= 166.00 THEN class = {119.13} [72.86, 165.39], (p=101, n=33, P=193, N=502)
2026-04-14 12:21:40,943 - INFO - *****GROWING RR RULE*****
2026-04-14 12:21:41,139 - INFO - Iteracja 0: condition_best: None, quality_best: -inf, coverage_best: (p=0, n=0, P=0, N=0), p_value: 0
2026-04-14 12:21:41,139 - INFO - Regula po iteracji 0: IF  THEN class = {58.14} [12.12, 104.16], (p=513, n=182, P=513, N=182)
2026-04-14 12:21:41,139 - INFO - *****STOP GROWING RR RULE*****
2026-04-14 12:21:41,139 - INFO - ***RR NOT FOUND***
2026-04-14 12:21:41,139 - INFO - *******STOP GROWING CR RULE*******
2026-04-14 12:21:41,140 - INFO - *******GROWING CR RULE*******
2026-04-14 12:21:41,248 - INFO - Iteracja 0: condition_best: Input1 >= 79.50, quality_best: 0.429, coverage_best: (p=122, n=51, P=229, N=466)
2026-04-14 12:21:41,248 - INFO - Regula po iteracji 0: IF Input1 >= 79.50 THEN class = {109.10} [61.52, 156.68], (p=122, n=51, P=229, N=466)
2026-04-14 12:21:41,248 - INFO - *****GROWING RR RULE*****
2026-04-14 12:21:41,446 - INFO - Iteracja 0: condition_best: None, quality_best: -inf, coverage_best: (p=0, n=0, P=0, N=0), p_value: 0
2026-04-14 12:21:41,446 - INFO - Regula po iteracji 0: IF  THEN class = {58.14} [12.12, 104.16], (p=513, n=182, P=513, N=182)
2026-04-14 12:21:41,446 - INFO - *****STOP GROWING RR RULE*****
2026-04-14 12:21:41,446 - INFO - ***RR NOT FOUND***
2026-04-14 12:21:41,485 - INFO - Iteracja 1: condition_best: Input3 <= 122.50, quality_best: 0.511, coverage_best: (p=112, n=39, P=191, N=504)
2026-04-14 12:21:41,485 - INFO - Regula po iteracji 1: IF Input1 >= 79.50 AND Input3 <= 122.50 THEN class = {117.44} [72.28, 162.60], (p=112, n=39, P=191, N=504)
2026-04-14 12:21:41,485 - INFO - *****GROWING RR RULE*****
2026-04-14 12:21:41,681 - INFO - Iteracja 0: condition_best: None, quality_best: -inf, coverage_best: (p=0, n=0, P=0, N=0), p_value: 0
2026-04-14 12:21:41,681 - INFO - Regula po iteracji 0: IF  THEN class = {58.14} [12.12, 104.16], (p=513, n=182, P=513, N=182)
2026-04-14 12:21:41,682 - INFO - *****STOP GROWING RR RULE*****
2026-04-14 12:21:41,682 - INFO - ***RR NOT FOUND***
2026-04-14 12:21:41,717 - INFO - Iteracja 2: condition_best: Input1 >= 81.50, quality_best: 0.511, coverage_best: (p=111, n=38, P=192, N=503)
2026-04-14 12:21:41,717 - INFO - Regula po iteracji 2: IF Input1 >= 79.50 AND Input3 <= 122.50 AND Input1 >= 81.50 THEN class = {117.68} [72.26, 163.09], (p=111, n=38, P=192, N=503)
2026-04-14 12:21:41,717 - INFO - *****GROWING RR RULE*****
2026-04-14 12:21:41,914 - INFO - Iteracja 0: condition_best: None, quality_best: -inf, coverage_best: (p=0, n=0, P=0, N=0), p_value: 0
2026-04-14 12:21:41,914 - INFO - Regula po iteracji 0: IF  THEN class = {58.14} [12.12, 104.16], (p=513, n=182, P=513, N=182)
2026-04-14 12:21:41,914 - INFO - *****STOP GROWING RR RULE*****
2026-04-14 12:21:41,914 - INFO - ***RR NOT FOUND***
2026-04-14 12:21:41,949 - INFO - Iteracja 3: condition_best: Input4 <= 211.00, quality_best: 0.507, coverage_best: (p=110, n=38, P=192, N=503)
2026-04-14 12:21:41,949 - INFO - Regula po iteracji 3: IF Input1 >= 79.50 AND Input3 <= 122.50 AND Input1 >= 81.50 AND Input4 <= 211.00 THEN class = {117.95} [72.51, 163.40], (p=110, n=38, P=192, N=503)
2026-04-14 12:21:41,949 - INFO - *****GROWING RR RULE*****
2026-04-14 12:21:42,146 - INFO - Iteracja 0: condition_best: None, quality_best: -inf, coverage_best: (p=0, n=0, P=0, N=0), p_value: 0
2026-04-14 12:21:42,146 - INFO - Regula po iteracji 0: IF  THEN class = {58.14} [12.12, 104.16], (p=513, n=182, P=513, N=182)
2026-04-14 12:21:42,146 - INFO - *****STOP GROWING RR RULE*****
2026-04-14 12:21:42,146 - INFO - ***RR NOT FOUND***
2026-04-14 12:21:42,182 - INFO - Iteracja 4: condition_best: Input4 <= 189.00, quality_best: 0.504, coverage_best: (p=108, n=36, P=197, N=498)
2026-04-14 12:21:42,182 - INFO - Regula po iteracji 4: IF Input1 >= 79.50 AND Input3 <= 122.50 AND Input1 >= 81.50 AND Input4 <= 211.00 AND Input4 <= 189.00 THEN class = {117.53} [71.73, 163.33], (p=108, n=36, P=197, N=498)
2026-04-14 12:21:42,182 - INFO - *****GROWING RR RULE*****
2026-04-14 12:21:42,378 - INFO - Iteracja 0: condition_best: None, quality_best: -inf, coverage_best: (p=0, n=0, P=0, N=0), p_value: 0
2026-04-14 12:21:42,378 - INFO - Regula po iteracji 0: IF  THEN class = {58.14} [12.12, 104.16], (p=513, n=182, P=513, N=182)
2026-04-14 12:21:42,378 - INFO - *****STOP GROWING RR RULE*****
2026-04-14 12:21:42,379 - INFO - ***RR NOT FOUND***
2026-04-14 12:21:42,379 - INFO - *******STOP GROWING CR RULE*******
2026-04-14 12:21:42,379 - INFO - *******GROWING CR RULE*******
2026-04-14 12:21:42,486 - INFO - Iteracja 0: condition_best: Input1 >= 79.50, quality_best: 0.429, coverage_best: (p=122, n=51, P=229, N=466)
2026-04-14 12:21:42,486 - INFO - Regula po iteracji 0: IF Input1 >= 79.50 THEN class = {109.10} [61.52, 156.68], (p=122, n=51, P=229, N=466)
2026-04-14 12:21:42,487 - INFO - *****GROWING RR RULE*****
2026-04-14 12:21:42,685 - INFO - Iteracja 0: condition_best: None, quality_best: -inf, coverage_best: (p=0, n=0, P=0, N=0), p_value: 0
2026-04-14 12:21:42,685 - INFO - Regula po iteracji 0: IF  THEN class = {58.14} [12.12, 104.16], (p=513, n=182, P=513, N=182)
2026-04-14 12:21:42,685 - INFO - *****STOP GROWING RR RULE*****
2026-04-14 12:21:42,685 - INFO - ***RR NOT FOUND***
2026-04-14 12:21:42,724 - INFO - Iteracja 1: condition_best: Input3 <= 123.50, quality_best: 0.497, coverage_best: (p=114, n=40, P=201, N=494)
2026-04-14 12:21:42,724 - INFO - Regula po iteracji 1: IF Input1 >= 79.50 AND Input3 <= 123.50 THEN class = {116.14} [70.47, 161.80], (p=114, n=40, P=201, N=494)
2026-04-14 12:21:42,724 - INFO - *****GROWING RR RULE*****
2026-04-14 12:21:42,922 - INFO - Iteracja 0: condition_best: None, quality_best: -inf, coverage_best: (p=0, n=0, P=0, N=0), p_value: 0
2026-04-14 12:21:42,922 - INFO - Regula po iteracji 0: IF  THEN class = {58.14} [12.12, 104.16], (p=513, n=182, P=513, N=182)
2026-04-14 12:21:42,922 - INFO - *****STOP GROWING RR RULE*****
2026-04-14 12:21:42,922 - INFO - ***RR NOT FOUND***
2026-04-14 12:21:42,957 - INFO - Iteracja 2: condition_best: Input1 <= 233.50, quality_best: 0.507, coverage_best: (p=113, n=39, P=196, N=499)
2026-04-14 12:21:42,957 - INFO - Regula po iteracji 2: IF Input1 >= 79.50 AND Input3 <= 123.50 AND Input1 <= 233.50 THEN class = {116.49} [71.74, 161.25], (p=113, n=39, P=196, N=499)
2026-04-14 12:21:42,957 - INFO - *****GROWING RR RULE*****
2026-04-14 12:21:43,155 - INFO - Iteracja 0: condition_best: None, quality_best: -inf, coverage_best: (p=0, n=0, P=0, N=0), p_value: 0
2026-04-14 12:21:43,155 - INFO - Regula po iteracji 0: IF  THEN class = {58.14} [12.12, 104.16], (p=513, n=182, P=513, N=182)
2026-04-14 12:21:43,155 - INFO - *****STOP GROWING RR RULE*****
2026-04-14 12:21:43,155 - INFO - ***RR NOT FOUND***
2026-04-14 12:21:43,190 - INFO - Iteracja 3: condition_best: Input2 <= 42.50, quality_best: 0.511, coverage_best: (p=112, n=39, P=191, N=504)
2026-04-14 12:21:43,190 - INFO - Regula po iteracji 3: IF Input1 >= 79.50 AND Input3 <= 123.50 AND Input1 <= 233.50 AND Input2 <= 42.50 THEN class = {116.99} [72.49, 161.48], (p=112, n=39, P=191, N=504)
2026-04-14 12:21:43,191 - INFO - *****GROWING RR RULE*****
2026-04-14 12:21:43,387 - INFO - Iteracja 0: condition_best: None, quality_best: -inf, coverage_best: (p=0, n=0, P=0, N=0), p_value: 0
2026-04-14 12:21:43,388 - INFO - Regula po iteracji 0: IF  THEN class = {58.14} [12.12, 104.16], (p=513, n=182, P=513, N=182)
2026-04-14 12:21:43,388 - INFO - *****STOP GROWING RR RULE*****
2026-04-14 12:21:43,388 - INFO - ***RR NOT FOUND***
2026-04-14 12:21:43,422 - INFO - Iteracja 4: condition_best: Input1 <= 226.50, quality_best: 0.509, coverage_best: (p=111, n=39, P=190, N=505)
2026-04-14 12:21:43,423 - INFO - Regula po iteracji 4: IF Input1 >= 79.50 AND Input3 <= 123.50 AND Input1 <= 233.50 AND Input2 <= 42.50 AND Input1 <= 226.50 THEN class = {116.43} [72.32, 160.53], (p=111, n=39, P=190, N=505)
2026-04-14 12:21:43,423 - INFO - *****GROWING RR RULE*****
2026-04-14 12:21:43,620 - INFO - Iteracja 0: condition_best: None, quality_best: -inf, coverage_best: (p=0, n=0, P=0, N=0), p_value: 0
2026-04-14 12:21:43,620 - INFO - Regula po iteracji 0: IF  THEN class = {58.14} [12.12, 104.16], (p=513, n=182, P=513, N=182)
2026-04-14 12:21:43,620 - INFO - *****STOP GROWING RR RULE*****
2026-04-14 12:21:43,620 - INFO - ***RR NOT FOUND***
2026-04-14 12:21:43,620 - INFO - *******STOP GROWING CR RULE*******
2026-04-14 12:21:43,621 - INFO - *******GROWING CR RULE*******
2026-04-14 12:21:43,729 - INFO - Iteracja 0: condition_best: Input1 >= 79.50, quality_best: 0.429, coverage_best: (p=122, n=51, P=229, N=466)
2026-04-14 12:21:43,729 - INFO - Regula po iteracji 0: IF Input1 >= 79.50 THEN class = {109.10} [61.52, 156.68], (p=122, n=51, P=229, N=466)
2026-04-14 12:21:43,729 - INFO - *****GROWING RR RULE*****
2026-04-14 12:21:43,926 - INFO - Iteracja 0: condition_best: None, quality_best: -inf, coverage_best: (p=0, n=0, P=0, N=0), p_value: 0
2026-04-14 12:21:43,927 - INFO - Regula po iteracji 0: IF  THEN class = {58.14} [12.12, 104.16], (p=513, n=182, P=513, N=182)
2026-04-14 12:21:43,927 - INFO - *****STOP GROWING RR RULE*****
2026-04-14 12:21:43,927 - INFO - ***RR NOT FOUND***
2026-04-14 12:21:43,965 - INFO - Iteracja 1: condition_best: Input3 <= 128.50, quality_best: 0.471, coverage_best: (p=115, n=45, P=204, N=491)
2026-04-14 12:21:43,965 - INFO - Regula po iteracji 1: IF Input1 >= 79.50 AND Input3 <= 128.50 THEN class = {113.83} [67.51, 160.16], (p=115, n=45, P=204, N=491)
2026-04-14 12:21:43,965 - INFO - *****GROWING RR RULE*****
2026-04-14 12:21:44,162 - INFO - Iteracja 0: condition_best: None, quality_best: -inf, coverage_best: (p=0, n=0, P=0, N=0), p_value: 0
2026-04-14 12:21:44,162 - INFO - Regula po iteracji 0: IF  THEN class = {58.14} [12.12, 104.16], (p=513, n=182, P=513, N=182)
2026-04-14 12:21:44,162 - INFO - *****STOP GROWING RR RULE*****
2026-04-14 12:21:44,162 - INFO - ***RR NOT FOUND***
2026-04-14 12:21:44,198 - INFO - Iteracja 2: condition_best: Input2 <= 42.50, quality_best: 0.47, coverage_best: (p=113, n=45, P=200, N=495)
2026-04-14 12:21:44,198 - INFO - Regula po iteracji 2: IF Input1 >= 79.50 AND Input3 <= 128.50 AND Input2 <= 42.50 THEN class = {114.73} [68.82, 160.65], (p=113, n=45, P=200, N=495)
2026-04-14 12:21:44,199 - INFO - *****GROWING RR RULE*****
2026-04-14 12:21:44,396 - INFO - Iteracja 0: condition_best: None, quality_best: -inf, coverage_best: (p=0, n=0, P=0, N=0), p_value: 0
2026-04-14 12:21:44,396 - INFO - Regula po iteracji 0: IF  THEN class = {58.14} [12.12, 104.16], (p=513, n=182, P=513, N=182)
2026-04-14 12:21:44,396 - INFO - *****STOP GROWING RR RULE*****
2026-04-14 12:21:44,396 - INFO - ***RR NOT FOUND***
2026-04-14 12:21:44,432 - INFO - Iteracja 3: condition_best: Input2 >= 6.50, quality_best: 0.482, coverage_best: (p=111, n=43, P=194, N=501)
2026-04-14 12:21:44,432 - INFO - Regula po iteracji 3: IF Input1 >= 79.50 AND Input3 <= 128.50 AND Input2 <= 42.50 AND Input2 >= 6.50 THEN class = {115.00} [71.57, 158.43], (p=111, n=43, P=194, N=501)
2026-04-14 12:21:44,432 - INFO - *****GROWING RR RULE*****
2026-04-14 12:21:44,627 - INFO - Iteracja 0: condition_best: None, quality_best: -inf, coverage_best: (p=0, n=0, P=0, N=0), p_value: 0
2026-04-14 12:21:44,628 - INFO - Regula po iteracji 0: IF  THEN class = {58.14} [12.12, 104.16], (p=513, n=182, P=513, N=182)
2026-04-14 12:21:44,628 - INFO - *****STOP GROWING RR RULE*****
2026-04-14 12:21:44,628 - INFO - ***RR NOT FOUND***
2026-04-14 12:21:44,663 - INFO - Iteracja 4: condition_best: Input1 <= 224.00, quality_best: 0.485, coverage_best: (p=110, n=42, P=193, N=502)
2026-04-14 12:21:44,663 - INFO - Regula po iteracji 4: IF Input1 >= 79.50 AND Input3 <= 128.50 AND Input2 <= 42.50 AND Input2 >= 6.50 AND Input1 <= 224.00 THEN class = {114.03} [71.17, 156.90], (p=110, n=42, P=193, N=502)
2026-04-14 12:21:44,663 - INFO - *****GROWING RR RULE*****
2026-04-14 12:21:44,858 - INFO - Iteracja 0: condition_best: None, quality_best: -inf, coverage_best: (p=0, n=0, P=0, N=0), p_value: 0
2026-04-14 12:21:44,858 - INFO - Regula po iteracji 0: IF  THEN class = {58.14} [12.12, 104.16], (p=513, n=182, P=513, N=182)
2026-04-14 12:21:44,858 - INFO - *****STOP GROWING RR RULE*****
2026-04-14 12:21:44,858 - INFO - ***RR NOT FOUND***
2026-04-14 12:21:44,858 - INFO - *******STOP GROWING CR RULE*******
2026-04-14 12:21:44,859 - INFO - *******GROWING CR RULE*******
2026-04-14 12:21:44,965 - INFO - Iteracja 0: condition_best: Input1 >= 79.50, quality_best: 0.429, coverage_best: (p=122, n=51, P=229, N=466)
2026-04-14 12:21:44,965 - INFO - Regula po iteracji 0: IF Input1 >= 79.50 THEN class = {109.10} [61.52, 156.68], (p=122, n=51, P=229, N=466)
2026-04-14 12:21:44,966 - INFO - *****GROWING RR RULE*****
2026-04-14 12:21:45,163 - INFO - Iteracja 0: condition_best: None, quality_best: -inf, coverage_best: (p=0, n=0, P=0, N=0), p_value: 0
2026-04-14 12:21:45,163 - INFO - Regula po iteracji 0: IF  THEN class = {58.14} [12.12, 104.16], (p=513, n=182, P=513, N=182)
2026-04-14 12:21:45,163 - INFO - *****STOP GROWING RR RULE*****
2026-04-14 12:21:45,163 - INFO - ***RR NOT FOUND***
2026-04-14 12:21:45,201 - INFO - Iteracja 1: condition_best: Input3 <= 134.50, quality_best: 0.444, coverage_best: (p=116, n=48, P=215, N=480)
2026-04-14 12:21:45,201 - INFO - Regula po iteracji 1: IF Input1 >= 79.50 AND Input3 <= 134.50 THEN class = {112.51} [66.00, 159.03], (p=116, n=48, P=215, N=480)
2026-04-14 12:21:45,201 - INFO - *****GROWING RR RULE*****
2026-04-14 12:21:45,398 - INFO - Iteracja 0: condition_best: None, quality_best: -inf, coverage_best: (p=0, n=0, P=0, N=0), p_value: 0
2026-04-14 12:21:45,398 - INFO - Regula po iteracji 0: IF  THEN class = {58.14} [12.12, 104.16], (p=513, n=182, P=513, N=182)
2026-04-14 12:21:45,399 - INFO - *****STOP GROWING RR RULE*****
2026-04-14 12:21:45,399 - INFO - ***RR NOT FOUND***
2026-04-14 12:21:45,436 - INFO - Iteracja 2: condition_best: Input4 >= 15.00, quality_best: 0.461, coverage_best: (p=110, n=48, P=189, N=506)
2026-04-14 12:21:45,436 - INFO - Regula po iteracji 2: IF Input1 >= 79.50 AND Input3 <= 134.50 AND Input4 >= 15.00 THEN class = {116.05} [72.67, 159.43], (p=110, n=48, P=189, N=506)
2026-04-14 12:21:45,436 - INFO - *****GROWING RR RULE*****
2026-04-14 12:21:45,633 - INFO - Iteracja 0: condition_best: None, quality_best: -inf, coverage_best: (p=0, n=0, P=0, N=0), p_value: 0
2026-04-14 12:21:45,633 - INFO - Regula po iteracji 0: IF  THEN class = {58.14} [12.12, 104.16], (p=513, n=182, P=513, N=182)
2026-04-14 12:21:45,633 - INFO - *****STOP GROWING RR RULE*****
2026-04-14 12:21:45,633 - INFO - ***RR NOT FOUND***
2026-04-14 12:21:45,669 - INFO - Iteracja 3: condition_best: Input1 <= 217.50, quality_best: 0.469, coverage_best: (p=109, n=46, P=188, N=507)
2026-04-14 12:21:45,669 - INFO - Regula po iteracji 3: IF Input1 >= 79.50 AND Input3 <= 134.50 AND Input4 >= 15.00 AND Input1 <= 217.50 THEN class = {114.34} [72.49, 156.18], (p=109, n=46, P=188, N=507)
2026-04-14 12:21:45,669 - INFO - *****GROWING RR RULE*****
2026-04-14 12:21:45,864 - INFO - Iteracja 0: condition_best: None, quality_best: -inf, coverage_best: (p=0, n=0, P=0, N=0), p_value: 0
2026-04-14 12:21:45,864 - INFO - Regula po iteracji 0: IF  THEN class = {58.14} [12.12, 104.16], (p=513, n=182, P=513, N=182)
2026-04-14 12:21:45,864 - INFO - *****STOP GROWING RR RULE*****
2026-04-14 12:21:45,864 - INFO - ***RR NOT FOUND***
2026-04-14 12:21:45,900 - INFO - Iteracja 4: condition_best: Input1 >= 80.50, quality_best: 0.465, coverage_best: (p=108, n=46, P=188, N=507)
2026-04-14 12:21:45,900 - INFO - Regula po iteracji 4: IF Input1 >= 79.50 AND Input3 <= 134.50 AND Input4 >= 15.00 AND Input1 <= 217.50 AND Input1 >= 80.50 THEN class = {114.44} [72.48, 156.41], (p=108, n=46, P=188, N=507)
2026-04-14 12:21:45,900 - INFO - *****GROWING RR RULE*****
2026-04-14 12:21:46,095 - INFO - Iteracja 0: condition_best: None, quality_best: -inf, coverage_best: (p=0, n=0, P=0, N=0), p_value: 0
2026-04-14 12:21:46,095 - INFO - Regula po iteracji 0: IF  THEN class = {58.14} [12.12, 104.16], (p=513, n=182, P=513, N=182)
2026-04-14 12:21:46,095 - INFO - *****STOP GROWING RR RULE*****
2026-04-14 12:21:46,095 - INFO - ***RR NOT FOUND***
2026-04-14 12:21:46,095 - INFO - *******STOP GROWING CR RULE*******
2026-04-14 12:21:46,096 - INFO - *******GROWING CR RULE*******
2026-04-14 12:21:46,201 - INFO - Iteracja 0: condition_best: Input1 >= 79.50, quality_best: 0.429, coverage_best: (p=122, n=51, P=229, N=466)
2026-04-14 12:21:46,201 - INFO - Regula po iteracji 0: IF Input1 >= 79.50 THEN class = {109.10} [61.52, 156.68], (p=122, n=51, P=229, N=466)
2026-04-14 12:21:46,201 - INFO - *****GROWING RR RULE*****
2026-04-14 12:21:46,398 - INFO - Iteracja 0: condition_best: None, quality_best: -inf, coverage_best: (p=0, n=0, P=0, N=0), p_value: 0
2026-04-14 12:21:46,398 - INFO - Regula po iteracji 0: IF  THEN class = {58.14} [12.12, 104.16], (p=513, n=182, P=513, N=182)
2026-04-14 12:21:46,398 - INFO - *****STOP GROWING RR RULE*****
2026-04-14 12:21:46,398 - INFO - ***RR NOT FOUND***
2026-04-14 12:21:46,436 - INFO - Iteracja 1: condition_best: Input3 >= 133.00, quality_best: 0.429, coverage_best: (p=8, n=2, P=76, N=619)
2026-04-14 12:21:46,436 - INFO - Regula po iteracji 1: IF Input1 >= 79.50 AND Input3 >= 133.00 THEN class = {48.60} [42.51, 54.69], (p=8, n=2, P=76, N=619)
2026-04-14 12:21:46,436 - INFO - *****GROWING RR RULE*****
2026-04-14 12:21:46,626 - INFO - Iteracja 0: condition_best: None, quality_best: -inf, coverage_best: (p=0, n=0, P=0, N=0), p_value: 0
2026-04-14 12:21:46,626 - INFO - Regula po iteracji 0: IF  THEN class = {58.14} [12.12, 104.16], (p=513, n=182, P=513, N=182)
2026-04-14 12:21:46,626 - INFO - *****STOP GROWING RR RULE*****
2026-04-14 12:21:46,626 - INFO - ***RR NOT FOUND***
2026-04-14 12:21:46,630 - INFO - Iteracja 2: condition_best: Input1 <= 99.50, quality_best: 0.48, coverage_best: (p=8, n=1, P=81, N=614)
2026-04-14 12:21:46,630 - INFO - Regula po iteracji 2: IF Input1 >= 79.50 AND Input3 >= 133.00 AND Input1 <= 99.50 THEN class = {48.22} [41.92, 54.53], (p=8, n=1, P=81, N=614)
2026-04-14 12:21:46,630 - INFO - *****GROWING RR RULE*****
2026-04-14 12:21:46,820 - INFO - Iteracja 0: condition_best: None, quality_best: -inf, coverage_best: (p=0, n=0, P=0, N=0), p_value: 0
2026-04-14 12:21:46,820 - INFO - Regula po iteracji 0: IF  THEN class = {58.14} [12.12, 104.16], (p=513, n=182, P=513, N=182)
2026-04-14 12:21:46,820 - INFO - *****STOP GROWING RR RULE*****
2026-04-14 12:21:46,820 - INFO - ***RR NOT FOUND***
2026-04-14 12:21:46,823 - INFO - Iteracja 3: condition_best: Input2 <= 33.50, quality_best: 0.468, coverage_best: (p=7, n=1, P=79, N=616)
2026-04-14 12:21:46,823 - INFO - Regula po iteracji 3: IF Input1 >= 79.50 AND Input3 >= 133.00 AND Input1 <= 99.50 AND Input2 <= 33.50 THEN class = {49.00} [42.74, 55.26], (p=7, n=1, P=79, N=616)
2026-04-14 12:21:46,823 - INFO - *****GROWING RR RULE*****
2026-04-14 12:21:47,012 - INFO - Iteracja 0: condition_best: None, quality_best: -inf, coverage_best: (p=0, n=0, P=0, N=0), p_value: 0
2026-04-14 12:21:47,012 - INFO - Regula po iteracji 0: IF  THEN class = {58.14} [12.12, 104.16], (p=513, n=182, P=513, N=182)
2026-04-14 12:21:47,012 - INFO - *****STOP GROWING RR RULE*****
2026-04-14 12:21:47,012 - INFO - ***RR NOT FOUND***
2026-04-14 12:21:47,015 - INFO - Iteracja 4: condition_best: Input3 <= 153.50, quality_best: 0.454, coverage_best: (p=6, n=1, P=74, N=621)
2026-04-14 12:21:47,015 - INFO - Regula po iteracji 4: IF Input1 >= 79.50 AND Input3 >= 133.00 AND Input1 <= 99.50 AND Input2 <= 33.50 AND Input3 <= 153.50 THEN class = {49.86} [43.61, 56.10], (p=6, n=1, P=74, N=621)
2026-04-14 12:21:47,015 - INFO - *****GROWING RR RULE*****
2026-04-14 12:21:47,203 - INFO - Iteracja 0: condition_best: None, quality_best: -inf, coverage_best: (p=0, n=0, P=0, N=0), p_value: 0
2026-04-14 12:21:47,204 - INFO - Regula po iteracji 0: IF  THEN class = {58.14} [12.12, 104.16], (p=513, n=182, P=513, N=182)
2026-04-14 12:21:47,204 - INFO - *****STOP GROWING RR RULE*****
2026-04-14 12:21:47,204 - INFO - ***RR NOT FOUND***
2026-04-14 12:21:47,204 - INFO - *******STOP GROWING CR RULE*******
2026-04-14 12:21:47,204 - INFO - *******GROWING CR RULE*******
2026-04-14 12:21:47,308 - INFO - Iteracja 0: condition_best: Input1 <= 66.50, quality_best: 0.414, coverage_best: (p=357, n=104, P=413, N=282)
2026-04-14 12:21:47,308 - INFO - Regula po iteracji 0: IF Input1 <= 66.50 THEN class = {36.91} [9.78, 64.04], (p=357, n=104, P=413, N=282)
2026-04-14 12:21:47,309 - INFO - *****GROWING RR RULE*****
2026-04-14 12:21:47,507 - INFO - Iteracja 0: condition_best: None, quality_best: -inf, coverage_best: (p=0, n=0, P=0, N=0), p_value: 0
2026-04-14 12:21:47,508 - INFO - Regula po iteracji 0: IF  THEN class = {58.14} [12.12, 104.16], (p=513, n=182, P=513, N=182)
2026-04-14 12:21:47,508 - INFO - *****STOP GROWING RR RULE*****
2026-04-14 12:21:47,508 - INFO - ***RR NOT FOUND***
2026-04-14 12:21:47,571 - INFO - Iteracja 1: condition_best: Input1 >= 11.50, quality_best: 0.477, coverage_best: (p=320, n=84, P=391, N=304)
2026-04-14 12:21:47,571 - INFO - Regula po iteracji 1: IF Input1 <= 66.50 AND Input1 >= 11.50 THEN class = {39.73} [12.97, 66.49], (p=320, n=84, P=391, N=304)
2026-04-14 12:21:47,571 - INFO - *****GROWING RR RULE*****
2026-04-14 12:21:47,770 - INFO - Iteracja 0: condition_best: None, quality_best: -inf, coverage_best: (p=0, n=0, P=0, N=0), p_value: 0
2026-04-14 12:21:47,770 - INFO - Regula po iteracji 0: IF  THEN class = {58.14} [12.12, 104.16], (p=513, n=182, P=513, N=182)
2026-04-14 12:21:47,770 - INFO - *****STOP GROWING RR RULE*****
2026-04-14 12:21:47,770 - INFO - ***RR NOT FOUND***
2026-04-14 12:21:47,825 - INFO - Iteracja 2: condition_best: Input2 <= 163.50, quality_best: 0.483, coverage_best: (p=313, n=81, P=388, N=307)
2026-04-14 12:21:47,826 - INFO - Regula po iteracji 2: IF Input1 <= 66.50 AND Input1 >= 11.50 AND Input2 <= 163.50 THEN class = {40.42} [13.67, 67.16], (p=313, n=81, P=388, N=307)
2026-04-14 12:21:47,826 - INFO - *****GROWING RR RULE*****
2026-04-14 12:21:48,025 - INFO - Iteracja 0: condition_best: None, quality_best: -inf, coverage_best: (p=0, n=0, P=0, N=0), p_value: 0
2026-04-14 12:21:48,025 - INFO - Regula po iteracji 0: IF  THEN class = {58.14} [12.12, 104.16], (p=513, n=182, P=513, N=182)
2026-04-14 12:21:48,025 - INFO - *****STOP GROWING RR RULE*****
2026-04-14 12:21:48,025 - INFO - ***RR NOT FOUND***
2026-04-14 12:21:48,080 - INFO - Iteracja 3: condition_best: Input1 >= 13.50, quality_best: 0.49, coverage_best: (p=304, n=80, P=378, N=317)
2026-04-14 12:21:48,080 - INFO - Regula po iteracji 3: IF Input1 <= 66.50 AND Input1 >= 11.50 AND Input2 <= 163.50 AND Input1 >= 13.50 THEN class = {41.10} [14.37, 67.84], (p=304, n=80, P=378, N=317)
2026-04-14 12:21:48,080 - INFO - *****GROWING RR RULE*****
2026-04-14 12:21:48,280 - INFO - Iteracja 0: condition_best: None, quality_best: -inf, coverage_best: (p=0, n=0, P=0, N=0), p_value: 0
2026-04-14 12:21:48,281 - INFO - Regula po iteracji 0: IF  THEN class = {58.14} [12.12, 104.16], (p=513, n=182, P=513, N=182)
2026-04-14 12:21:48,281 - INFO - *****STOP GROWING RR RULE*****
2026-04-14 12:21:48,281 - INFO - ***RR NOT FOUND***
2026-04-14 12:21:48,338 - INFO - Iteracja 4: condition_best: Input3 >= 5.50, quality_best: 0.505, coverage_best: (p=303, n=76, P=378, N=317)
2026-04-14 12:21:48,338 - INFO - Regula po iteracji 4: IF Input1 <= 66.50 AND Input1 >= 11.50 AND Input2 <= 163.50 AND Input1 >= 13.50 AND Input3 >= 5.50 THEN class = {41.28} [14.80, 67.76], (p=303, n=76, P=378, N=317)
2026-04-14 12:21:48,339 - INFO - *****GROWING RR RULE*****
2026-04-14 12:21:48,542 - INFO - Iteracja 0: condition_best: None, quality_best: -inf, coverage_best: (p=0, n=0, P=0, N=0), p_value: 0
2026-04-14 12:21:48,542 - INFO - Regula po iteracji 0: IF  THEN class = {58.14} [12.12, 104.16], (p=513, n=182, P=513, N=182)
2026-04-14 12:21:48,543 - INFO - *****STOP GROWING RR RULE*****
2026-04-14 12:21:48,543 - INFO - ***RR NOT FOUND***
2026-04-14 12:21:48,543 - INFO - *******STOP GROWING CR RULE*******
2026-04-14 12:21:48,543 - INFO - *******GROWING CR RULE*******
2026-04-14 12:21:48,650 - INFO - Iteracja 0: condition_best: Input1 >= 76.50, quality_best: 0.41, coverage_best: (p=128, n=59, P=231, N=464)
2026-04-14 12:21:48,650 - INFO - Regula po iteracji 0: IF Input1 >= 76.50 THEN class = {106.67} [59.41, 153.92], (p=128, n=59, P=231, N=464)
2026-04-14 12:21:48,651 - INFO - *****GROWING RR RULE*****
2026-04-14 12:21:48,850 - INFO - Iteracja 0: condition_best: None, quality_best: -inf, coverage_best: (p=0, n=0, P=0, N=0), p_value: 0
2026-04-14 12:21:48,850 - INFO - Regula po iteracji 0: IF  THEN class = {58.14} [12.12, 104.16], (p=513, n=182, P=513, N=182)
2026-04-14 12:21:48,850 - INFO - *****STOP GROWING RR RULE*****
2026-04-14 12:21:48,850 - INFO - ***RR NOT FOUND***
2026-04-14 12:21:48,891 - INFO - Iteracja 1: condition_best: Input3 <= 115.00, quality_best: 0.528, coverage_best: (p=117, n=39, P=191, N=504)
2026-04-14 12:21:48,891 - INFO - Regula po iteracji 1: IF Input1 >= 76.50 AND Input3 <= 115.00 THEN class = {117.30} [72.86, 161.75], (p=117, n=39, P=191, N=504)
2026-04-14 12:21:48,891 - INFO - *****GROWING RR RULE*****
2026-04-14 12:21:49,088 - INFO - Iteracja 0: condition_best: None, quality_best: -inf, coverage_best: (p=0, n=0, P=0, N=0), p_value: 0
2026-04-14 12:21:49,088 - INFO - Regula po iteracji 0: IF  THEN class = {58.14} [12.12, 104.16], (p=513, n=182, P=513, N=182)
2026-04-14 12:21:49,088 - INFO - *****STOP GROWING RR RULE*****
2026-04-14 12:21:49,088 - INFO - ***RR NOT FOUND***
2026-04-14 12:21:49,124 - INFO - Iteracja 2: condition_best: Input4 <= 220.50, quality_best: 0.525, coverage_best: (p=116, n=39, P=191, N=504)
2026-04-14 12:21:49,124 - INFO - Regula po iteracji 2: IF Input1 >= 76.50 AND Input3 <= 115.00 AND Input4 <= 220.50 THEN class = {117.42} [72.85, 161.98], (p=116, n=39, P=191, N=504)
2026-04-14 12:21:49,124 - INFO - *****GROWING RR RULE*****
2026-04-14 12:21:49,321 - INFO - Iteracja 0: condition_best: None, quality_best: -inf, coverage_best: (p=0, n=0, P=0, N=0), p_value: 0
2026-04-14 12:21:49,322 - INFO - Regula po iteracji 0: IF  THEN class = {58.14} [12.12, 104.16], (p=513, n=182, P=513, N=182)
2026-04-14 12:21:49,322 - INFO - *****STOP GROWING RR RULE*****
2026-04-14 12:21:49,322 - INFO - ***RR NOT FOUND***
2026-04-14 12:21:49,358 - INFO - Iteracja 3: condition_best: Input3 <= 78.50, quality_best: 0.524, coverage_best: (p=84, n=31, P=143, N=552)
2026-04-14 12:21:49,358 - INFO - Regula po iteracji 3: IF Input1 >= 76.50 AND Input3 <= 115.00 AND Input4 <= 220.50 AND Input3 <= 78.50 THEN class = {130.58} [86.43, 174.74], (p=84, n=31, P=143, N=552)
2026-04-14 12:21:49,358 - INFO - *****GROWING RR RULE*****
2026-04-14 12:21:49,554 - INFO - Iteracja 0: condition_best: None, quality_best: -inf, coverage_best: (p=0, n=0, P=0, N=0), p_value: 0
2026-04-14 12:21:49,554 - INFO - Regula po iteracji 0: IF  THEN class = {58.14} [12.12, 104.16], (p=513, n=182, P=513, N=182)
2026-04-14 12:21:49,554 - INFO - *****STOP GROWING RR RULE*****
2026-04-14 12:21:49,554 - INFO - ***RR NOT FOUND***
2026-04-14 12:21:49,581 - INFO - Iteracja 4: condition_best: Input3 >= 9.50, quality_best: 0.616, coverage_best: (p=78, n=27, P=102, N=593)
2026-04-14 12:21:49,581 - INFO - Regula po iteracji 4: IF Input1 >= 76.50 AND Input3 <= 115.00 AND Input4 <= 220.50 AND Input3 <= 78.50 AND Input3 >= 9.50 THEN class = {137.75} [102.13, 173.38], (p=78, n=27, P=102, N=593)
2026-04-14 12:21:49,582 - INFO - *****GROWING RR RULE*****
2026-04-14 12:21:49,777 - INFO - Iteracja 0: condition_best: None, quality_best: -inf, coverage_best: (p=0, n=0, P=0, N=0), p_value: 0
2026-04-14 12:21:49,777 - INFO - Regula po iteracji 0: IF  THEN class = {58.14} [12.12, 104.16], (p=513, n=182, P=513, N=182)
2026-04-14 12:21:49,777 - INFO - *****STOP GROWING RR RULE*****
2026-04-14 12:21:49,777 - INFO - ***RR NOT FOUND***
2026-04-14 12:21:49,777 - INFO - *******STOP GROWING CR RULE*******
2026-04-14 12:21:49,778 - INFO - *******GROWING CR RULE*******
2026-04-14 12:21:49,882 - INFO - Iteracja 0: condition_best: Input1 >= 76.50, quality_best: 0.41, coverage_best: (p=128, n=59, P=231, N=464)
2026-04-14 12:21:49,882 - INFO - Regula po iteracji 0: IF Input1 >= 76.50 THEN class = {106.67} [59.41, 153.92], (p=128, n=59, P=231, N=464)
2026-04-14 12:21:49,883 - INFO - *****GROWING RR RULE*****
2026-04-14 12:21:50,080 - INFO - Iteracja 0: condition_best: None, quality_best: -inf, coverage_best: (p=0, n=0, P=0, N=0), p_value: 0
2026-04-14 12:21:50,081 - INFO - Regula po iteracji 0: IF  THEN class = {58.14} [12.12, 104.16], (p=513, n=182, P=513, N=182)
2026-04-14 12:21:50,081 - INFO - *****STOP GROWING RR RULE*****
2026-04-14 12:21:50,081 - INFO - ***RR NOT FOUND***
2026-04-14 12:21:50,121 - INFO - Iteracja 1: condition_best: Input3 <= 115.00, quality_best: 0.528, coverage_best: (p=117, n=39, P=191, N=504)
2026-04-14 12:21:50,121 - INFO - Regula po iteracji 1: IF Input1 >= 76.50 AND Input3 <= 115.00 THEN class = {117.30} [72.86, 161.75], (p=117, n=39, P=191, N=504)
2026-04-14 12:21:50,121 - INFO - *****GROWING RR RULE*****
2026-04-14 12:21:50,318 - INFO - Iteracja 0: condition_best: None, quality_best: -inf, coverage_best: (p=0, n=0, P=0, N=0), p_value: 0
2026-04-14 12:21:50,318 - INFO - Regula po iteracji 0: IF  THEN class = {58.14} [12.12, 104.16], (p=513, n=182, P=513, N=182)
2026-04-14 12:21:50,319 - INFO - *****STOP GROWING RR RULE*****
2026-04-14 12:21:50,319 - INFO - ***RR NOT FOUND***
2026-04-14 12:21:50,354 - INFO - Iteracja 2: condition_best: Input3 <= 113.50, quality_best: 0.515, coverage_best: (p=114, n=41, P=186, N=509)
2026-04-14 12:21:50,354 - INFO - Regula po iteracji 2: IF Input1 >= 76.50 AND Input3 <= 115.00 AND Input3 <= 113.50 THEN class = {117.62} [73.21, 162.03], (p=114, n=41, P=186, N=509)
2026-04-14 12:21:50,354 - INFO - *****GROWING RR RULE*****
2026-04-14 12:21:50,552 - INFO - Iteracja 0: condition_best: None, quality_best: -inf, coverage_best: (p=0, n=0, P=0, N=0), p_value: 0
2026-04-14 12:21:50,552 - INFO - Regula po iteracji 0: IF  THEN class = {58.14} [12.12, 104.16], (p=513, n=182, P=513, N=182)
2026-04-14 12:21:50,552 - INFO - *****STOP GROWING RR RULE*****
2026-04-14 12:21:50,552 - INFO - ***RR NOT FOUND***
2026-04-14 12:21:50,588 - INFO - Iteracja 3: condition_best: Input3 <= 112.50, quality_best: 0.508, coverage_best: (p=112, n=41, P=186, N=509)
2026-04-14 12:21:50,588 - INFO - Regula po iteracji 3: IF Input1 >= 76.50 AND Input3 <= 115.00 AND Input3 <= 113.50 AND Input3 <= 112.50 THEN class = {118.17} [73.73, 162.61], (p=112, n=41, P=186, N=509)
2026-04-14 12:21:50,589 - INFO - *****GROWING RR RULE*****
2026-04-14 12:21:50,786 - INFO - Iteracja 0: condition_best: None, quality_best: -inf, coverage_best: (p=0, n=0, P=0, N=0), p_value: 0
2026-04-14 12:21:50,786 - INFO - Regula po iteracji 0: IF  THEN class = {58.14} [12.12, 104.16], (p=513, n=182, P=513, N=182)
2026-04-14 12:21:50,786 - INFO - *****STOP GROWING RR RULE*****
2026-04-14 12:21:50,786 - INFO - ***RR NOT FOUND***
2026-04-14 12:21:50,822 - INFO - Iteracja 4: condition_best: Input3 <= 105.50, quality_best: 0.492, coverage_best: (p=107, n=42, P=181, N=514)
2026-04-14 12:21:50,822 - INFO - Regula po iteracji 4: IF Input1 >= 76.50 AND Input3 <= 115.00 AND Input3 <= 113.50 AND Input3 <= 112.50 AND Input3 <= 105.50 THEN class = {119.36} [74.93, 163.78], (p=107, n=42, P=181, N=514)
2026-04-14 12:21:50,823 - INFO - *****GROWING RR RULE*****
2026-04-14 12:21:51,020 - INFO - Iteracja 0: condition_best: None, quality_best: -inf, coverage_best: (p=0, n=0, P=0, N=0), p_value: 0
2026-04-14 12:21:51,020 - INFO - Regula po iteracji 0: IF  THEN class = {58.14} [12.12, 104.16], (p=513, n=182, P=513, N=182)
2026-04-14 12:21:51,020 - INFO - *****STOP GROWING RR RULE*****
2026-04-14 12:21:51,020 - INFO - ***RR NOT FOUND***
2026-04-14 12:21:51,020 - INFO - *******STOP GROWING CR RULE*******
2026-04-14 12:21:51,021 - INFO - *******GROWING CR RULE*******
2026-04-14 12:21:51,126 - INFO - Iteracja 0: condition_best: Input1 >= 76.50, quality_best: 0.41, coverage_best: (p=128, n=59, P=231, N=464)
2026-04-14 12:21:51,126 - INFO - Regula po iteracji 0: IF Input1 >= 76.50 THEN class = {106.67} [59.41, 153.92], (p=128, n=59, P=231, N=464)
2026-04-14 12:21:51,126 - INFO - *****GROWING RR RULE*****
2026-04-14 12:21:51,324 - INFO - Iteracja 0: condition_best: None, quality_best: -inf, coverage_best: (p=0, n=0, P=0, N=0), p_value: 0
2026-04-14 12:21:51,324 - INFO - Regula po iteracji 0: IF  THEN class = {58.14} [12.12, 104.16], (p=513, n=182, P=513, N=182)
2026-04-14 12:21:51,324 - INFO - *****STOP GROWING RR RULE*****
2026-04-14 12:21:51,324 - INFO - ***RR NOT FOUND***
2026-04-14 12:21:51,364 - INFO - Iteracja 1: condition_best: Input2 <= 50.00, quality_best: 0.426, coverage_best: (p=130, n=56, P=233, N=462)
2026-04-14 12:21:51,364 - INFO - Regula po iteracji 1: IF Input1 >= 76.50 AND Input2 <= 50.00 THEN class = {106.95} [59.73, 154.17], (p=130, n=56, P=233, N=462)
2026-04-14 12:21:51,364 - INFO - *****GROWING RR RULE*****
2026-04-14 12:21:51,563 - INFO - Iteracja 0: condition_best: None, quality_best: -inf, coverage_best: (p=0, n=0, P=0, N=0), p_value: 0
2026-04-14 12:21:51,563 - INFO - Regula po iteracji 0: IF  THEN class = {58.14} [12.12, 104.16], (p=513, n=182, P=513, N=182)
2026-04-14 12:21:51,563 - INFO - *****STOP GROWING RR RULE*****
2026-04-14 12:21:51,563 - INFO - ***RR NOT FOUND***
2026-04-14 12:21:51,603 - INFO - Iteracja 2: condition_best: Input2 >= 5.50, quality_best: 0.429, coverage_best: (p=128, n=56, P=227, N=468)
2026-04-14 12:21:51,604 - INFO - Regula po iteracji 2: IF Input1 >= 76.50 AND Input2 <= 50.00 AND Input2 >= 5.50 THEN class = {108.07} [61.82, 154.31], (p=128, n=56, P=227, N=468)
2026-04-14 12:21:51,604 - INFO - *****GROWING RR RULE*****
2026-04-14 12:21:51,801 - INFO - Iteracja 0: condition_best: None, quality_best: -inf, coverage_best: (p=0, n=0, P=0, N=0), p_value: 0
2026-04-14 12:21:51,802 - INFO - Regula po iteracji 0: IF  THEN class = {58.14} [12.12, 104.16], (p=513, n=182, P=513, N=182)
2026-04-14 12:21:51,802 - INFO - *****STOP GROWING RR RULE*****
2026-04-14 12:21:51,802 - INFO - ***RR NOT FOUND***
2026-04-14 12:21:51,842 - INFO - Iteracja 3: condition_best: Input4 <= 224.50, quality_best: 0.425, coverage_best: (p=127, n=56, P=227, N=468)
2026-04-14 12:21:51,842 - INFO - Regula po iteracji 3: IF Input1 >= 76.50 AND Input2 <= 50.00 AND Input2 >= 5.50 AND Input4 <= 224.50 THEN class = {108.11} [61.75, 154.48], (p=127, n=56, P=227, N=468)
2026-04-14 12:21:51,842 - INFO - *****GROWING RR RULE*****
2026-04-14 12:21:52,040 - INFO - Iteracja 0: condition_best: None, quality_best: -inf, coverage_best: (p=0, n=0, P=0, N=0), p_value: 0
2026-04-14 12:21:52,040 - INFO - Regula po iteracji 0: IF  THEN class = {58.14} [12.12, 104.16], (p=513, n=182, P=513, N=182)
2026-04-14 12:21:52,040 - INFO - *****STOP GROWING RR RULE*****
2026-04-14 12:21:52,040 - INFO - ***RR NOT FOUND***
2026-04-14 12:21:52,080 - INFO - Iteracja 4: condition_best: Input4 <= 211.00, quality_best: 0.422, coverage_best: (p=126, n=56, P=227, N=468)
2026-04-14 12:21:52,081 - INFO - Regula po iteracji 4: IF Input1 >= 76.50 AND Input2 <= 50.00 AND Input2 >= 5.50 AND Input4 <= 224.50 AND Input4 <= 211.00 THEN class = {108.29} [61.85, 154.72], (p=126, n=56, P=227, N=468)
2026-04-14 12:21:52,081 - INFO - *****GROWING RR RULE*****
2026-04-14 12:21:52,279 - INFO - Iteracja 0: condition_best: None, quality_best: -inf, coverage_best: (p=0, n=0, P=0, N=0), p_value: 0
2026-04-14 12:21:52,279 - INFO - Regula po iteracji 0: IF  THEN class = {58.14} [12.12, 104.16], (p=513, n=182, P=513, N=182)
2026-04-14 12:21:52,279 - INFO - *****STOP GROWING RR RULE*****
2026-04-14 12:21:52,279 - INFO - ***RR NOT FOUND***
2026-04-14 12:21:52,279 - INFO - *******STOP GROWING CR RULE*******
2026-04-14 12:21:52,280 - INFO - *******GROWING CR RULE*******
2026-04-14 12:21:52,384 - INFO - Iteracja 0: condition_best: Input1 <= 67.50, quality_best: 0.397, coverage_best: (p=359, n=108, P=415, N=280)
2026-04-14 12:21:52,384 - INFO - Regula po iteracji 0: IF Input1 <= 67.50 THEN class = {37.53} [9.77, 65.28], (p=359, n=108, P=415, N=280)
2026-04-14 12:21:52,384 - INFO - *****GROWING RR RULE*****
2026-04-14 12:21:52,584 - INFO - Iteracja 0: condition_best: None, quality_best: -inf, coverage_best: (p=0, n=0, P=0, N=0), p_value: 0
2026-04-14 12:21:52,585 - INFO - Regula po iteracji 0: IF  THEN class = {58.14} [12.12, 104.16], (p=513, n=182, P=513, N=182)
2026-04-14 12:21:52,585 - INFO - *****STOP GROWING RR RULE*****
2026-04-14 12:21:52,585 - INFO - ***RR NOT FOUND***
2026-04-14 12:21:52,650 - INFO - Iteracja 1: condition_best: Input1 >= 11.50, quality_best: 0.479, coverage_best: (p=327, n=83, P=398, N=297)
2026-04-14 12:21:52,650 - INFO - Regula po iteracji 1: IF Input1 <= 67.50 AND Input1 >= 11.50 THEN class = {40.39} [12.98, 67.81], (p=327, n=83, P=398, N=297)
2026-04-14 12:21:52,650 - INFO - *****GROWING RR RULE*****
2026-04-14 12:21:52,850 - INFO - Iteracja 0: condition_best: None, quality_best: -inf, coverage_best: (p=0, n=0, P=0, N=0), p_value: 0
2026-04-14 12:21:52,850 - INFO - Regula po iteracji 0: IF  THEN class = {58.14} [12.12, 104.16], (p=513, n=182, P=513, N=182)
2026-04-14 12:21:52,850 - INFO - *****STOP GROWING RR RULE*****
2026-04-14 12:21:52,850 - INFO - ***RR NOT FOUND***
2026-04-14 12:21:52,907 - INFO - Iteracja 2: condition_best: Input3 >= 4.50, quality_best: 0.482, coverage_best: (p=326, n=82, P=398, N=297)
2026-04-14 12:21:52,907 - INFO - Regula po iteracji 2: IF Input1 <= 67.50 AND Input1 >= 11.50 AND Input3 >= 4.50 THEN class = {40.27} [12.99, 67.56], (p=326, n=82, P=398, N=297)
2026-04-14 12:21:52,907 - INFO - *****GROWING RR RULE*****
2026-04-14 12:21:53,105 - INFO - Iteracja 0: condition_best: None, quality_best: -inf, coverage_best: (p=0, n=0, P=0, N=0), p_value: 0
2026-04-14 12:21:53,105 - INFO - Regula po iteracji 0: IF  THEN class = {58.14} [12.12, 104.16], (p=513, n=182, P=513, N=182)
2026-04-14 12:21:53,106 - INFO - *****STOP GROWING RR RULE*****
2026-04-14 12:21:53,106 - INFO - ***RR NOT FOUND***
2026-04-14 12:21:53,162 - INFO - Iteracja 3: condition_best: Input2 <= 163.50, quality_best: 0.47, coverage_best: (p=315, n=83, P=392, N=303)
2026-04-14 12:21:53,162 - INFO - Regula po iteracji 3: IF Input1 <= 67.50 AND Input1 >= 11.50 AND Input3 >= 4.50 AND Input2 <= 163.50 THEN class = {40.96} [13.70, 68.23], (p=315, n=83, P=392, N=303)
2026-04-14 12:21:53,163 - INFO - *****GROWING RR RULE*****
2026-04-14 12:21:53,360 - INFO - Iteracja 0: condition_best: None, quality_best: -inf, coverage_best: (p=0, n=0, P=0, N=0), p_value: 0
2026-04-14 12:21:53,361 - INFO - Regula po iteracji 0: IF  THEN class = {58.14} [12.12, 104.16], (p=513, n=182, P=513, N=182)
2026-04-14 12:21:53,361 - INFO - *****STOP GROWING RR RULE*****
2026-04-14 12:21:53,361 - INFO - ***RR NOT FOUND***
2026-04-14 12:21:53,416 - INFO - Iteracja 4: condition_best: Input4 >= 9.50, quality_best: 0.481, coverage_best: (p=303, n=80, P=382, N=313)
2026-04-14 12:21:53,416 - INFO - Regula po iteracji 4: IF Input1 <= 67.50 AND Input1 >= 11.50 AND Input3 >= 4.50 AND Input2 <= 163.50 AND Input4 >= 9.50 THEN class = {42.12} [14.99, 69.25], (p=303, n=80, P=382, N=313)
2026-04-14 12:21:53,416 - INFO - *****GROWING RR RULE*****
2026-04-14 12:21:53,616 - INFO - Iteracja 0: condition_best: None, quality_best: -inf, coverage_best: (p=0, n=0, P=0, N=0), p_value: 0
2026-04-14 12:21:53,616 - INFO - Regula po iteracji 0: IF  THEN class = {58.14} [12.12, 104.16], (p=513, n=182, P=513, N=182)
2026-04-14 12:21:53,616 - INFO - *****STOP GROWING RR RULE*****
2026-04-14 12:21:53,616 - INFO - ***RR NOT FOUND***
2026-04-14 12:21:53,616 - INFO - *******STOP GROWING CR RULE*******
2026-04-14 12:21:53,617 - INFO - *******GROWING CR RULE*******
2026-04-14 12:21:53,721 - INFO - Iteracja 0: condition_best: Input1 <= 69.50, quality_best: 0.391, coverage_best: (p=362, n=111, P=415, N=280)
2026-04-14 12:21:53,721 - INFO - Regula po iteracji 0: IF Input1 <= 69.50 THEN class = {37.90} [9.93, 65.87], (p=362, n=111, P=415, N=280)
2026-04-14 12:21:53,721 - INFO - *****GROWING RR RULE*****
2026-04-14 12:21:53,921 - INFO - Iteracja 0: condition_best: None, quality_best: -inf, coverage_best: (p=0, n=0, P=0, N=0), p_value: 0
2026-04-14 12:21:53,921 - INFO - Regula po iteracji 0: IF  THEN class = {58.14} [12.12, 104.16], (p=513, n=182, P=513, N=182)
2026-04-14 12:21:53,921 - INFO - *****STOP GROWING RR RULE*****
2026-04-14 12:21:53,921 - INFO - ***RR NOT FOUND***
2026-04-14 12:21:53,985 - INFO - Iteracja 1: condition_best: Input1 >= 13.50, quality_best: 0.455, coverage_best: (p=311, n=90, P=382, N=313)
2026-04-14 12:21:53,986 - INFO - Regula po iteracji 1: IF Input1 <= 69.50 AND Input1 >= 13.50 THEN class = {41.79} [14.19, 69.40], (p=311, n=90, P=382, N=313)
2026-04-14 12:21:53,986 - INFO - *****GROWING RR RULE*****
2026-04-14 12:21:54,184 - INFO - Iteracja 0: condition_best: None, quality_best: -inf, coverage_best: (p=0, n=0, P=0, N=0), p_value: 0
2026-04-14 12:21:54,184 - INFO - Regula po iteracji 0: IF  THEN class = {58.14} [12.12, 104.16], (p=513, n=182, P=513, N=182)
2026-04-14 12:21:54,184 - INFO - *****STOP GROWING RR RULE*****
2026-04-14 12:21:54,184 - INFO - ***RR NOT FOUND***
2026-04-14 12:21:54,240 - INFO - Iteracja 2: condition_best: Input3 >= 48.50, quality_best: 0.49, coverage_best: (p=127, n=26, P=309, N=386)
2026-04-14 12:21:54,240 - INFO - Regula po iteracji 2: IF Input1 <= 69.50 AND Input1 >= 13.50 AND Input3 >= 48.50 THEN class = {31.73} [13.71, 49.76], (p=127, n=26, P=309, N=386)
2026-04-14 12:21:54,240 - INFO - *****GROWING RR RULE*****
2026-04-14 12:21:54,436 - INFO - Iteracja 0: condition_best: None, quality_best: -inf, coverage_best: (p=0, n=0, P=0, N=0), p_value: 0
2026-04-14 12:21:54,436 - INFO - Regula po iteracji 0: IF  THEN class = {58.14} [12.12, 104.16], (p=513, n=182, P=513, N=182)
2026-04-14 12:21:54,436 - INFO - *****STOP GROWING RR RULE*****
2026-04-14 12:21:54,436 - INFO - ***RR NOT FOUND***
2026-04-14 12:21:54,468 - INFO - Iteracja 3: condition_best: Input1 >= 26.50, quality_best: 0.54, coverage_best: (p=104, n=15, P=281, N=414)
2026-04-14 12:21:54,469 - INFO - Regula po iteracji 3: IF Input1 <= 69.50 AND Input1 >= 13.50 AND Input3 >= 48.50 AND Input1 >= 26.50 THEN class = {36.03} [18.16, 53.89], (p=104, n=15, P=281, N=414)
2026-04-14 12:21:54,469 - INFO - *****GROWING RR RULE*****
2026-04-14 12:21:54,663 - INFO - Iteracja 0: condition_best: None, quality_best: -inf, coverage_best: (p=0, n=0, P=0, N=0), p_value: 0
2026-04-14 12:21:54,663 - INFO - Regula po iteracji 0: IF  THEN class = {58.14} [12.12, 104.16], (p=513, n=182, P=513, N=182)
2026-04-14 12:21:54,663 - INFO - *****STOP GROWING RR RULE*****
2026-04-14 12:21:54,663 - INFO - ***RR NOT FOUND***
2026-04-14 12:21:54,689 - INFO - Iteracja 4: condition_best: Input3 >= 49.50, quality_best: 0.537, coverage_best: (p=103, n=15, P=281, N=414)
2026-04-14 12:21:54,689 - INFO - Regula po iteracji 4: IF Input1 <= 69.50 AND Input1 >= 13.50 AND Input3 >= 48.50 AND Input1 >= 26.50 AND Input3 >= 49.50 THEN class = {35.93} [18.02, 53.84], (p=103, n=15, P=281, N=414)
2026-04-14 12:21:54,689 - INFO - *****GROWING RR RULE*****
2026-04-14 12:21:54,884 - INFO - Iteracja 0: condition_best: None, quality_best: -inf, coverage_best: (p=0, n=0, P=0, N=0), p_value: 0
2026-04-14 12:21:54,884 - INFO - Regula po iteracji 0: IF  THEN class = {58.14} [12.12, 104.16], (p=513, n=182, P=513, N=182)
2026-04-14 12:21:54,884 - INFO - *****STOP GROWING RR RULE*****
2026-04-14 12:21:54,884 - INFO - ***RR NOT FOUND***
2026-04-14 12:21:54,884 - INFO - *******STOP GROWING CR RULE*******
2026-04-14 12:21:54,885 - INFO - *******GROWING CR RULE*******
2026-04-14 12:21:54,988 - INFO - Iteracja 0: condition_best: Input1 >= 75.50, quality_best: 0.388, coverage_best: (p=130, n=63, P=239, N=456)
2026-04-14 12:21:54,988 - INFO - Regula po iteracji 0: IF Input1 >= 75.50 THEN class = {105.24} [57.78, 152.71], (p=130, n=63, P=239, N=456)
2026-04-14 12:21:54,988 - INFO - *****GROWING RR RULE*****
2026-04-14 12:21:55,186 - INFO - Iteracja 0: condition_best: None, quality_best: -inf, coverage_best: (p=0, n=0, P=0, N=0), p_value: 0
2026-04-14 12:21:55,187 - INFO - Regula po iteracji 0: IF  THEN class = {58.14} [12.12, 104.16], (p=513, n=182, P=513, N=182)
2026-04-14 12:21:55,187 - INFO - *****STOP GROWING RR RULE*****
2026-04-14 12:21:55,187 - INFO - ***RR NOT FOUND***
2026-04-14 12:21:55,228 - INFO - Iteracja 1: condition_best: Input3 <= 116.50, quality_best: 0.5, coverage_best: (p=119, n=43, P=200, N=495)
2026-04-14 12:21:55,228 - INFO - Regula po iteracji 1: IF Input1 >= 75.50 AND Input3 <= 116.50 THEN class = {115.41} [70.43, 160.39], (p=119, n=43, P=200, N=495)
2026-04-14 12:21:55,228 - INFO - *****GROWING RR RULE*****
2026-04-14 12:21:55,425 - INFO - Iteracja 0: condition_best: None, quality_best: -inf, coverage_best: (p=0, n=0, P=0, N=0), p_value: 0
2026-04-14 12:21:55,425 - INFO - Regula po iteracji 0: IF  THEN class = {58.14} [12.12, 104.16], (p=513, n=182, P=513, N=182)
2026-04-14 12:21:55,425 - INFO - *****STOP GROWING RR RULE*****
2026-04-14 12:21:55,425 - INFO - ***RR NOT FOUND***
2026-04-14 12:21:55,462 - INFO - Iteracja 2: condition_best: Input1 <= 226.50, quality_best: 0.508, coverage_best: (p=117, n=42, P=194, N=501)
2026-04-14 12:21:55,462 - INFO - Regula po iteracji 2: IF Input1 >= 75.50 AND Input3 <= 116.50 AND Input1 <= 226.50 THEN class = {115.20} [71.48, 158.92], (p=117, n=42, P=194, N=501)
2026-04-14 12:21:55,462 - INFO - *****GROWING RR RULE*****
2026-04-14 12:21:55,660 - INFO - Iteracja 0: condition_best: None, quality_best: -inf, coverage_best: (p=0, n=0, P=0, N=0), p_value: 0
2026-04-14 12:21:55,660 - INFO - Regula po iteracji 0: IF  THEN class = {58.14} [12.12, 104.16], (p=513, n=182, P=513, N=182)
2026-04-14 12:21:55,661 - INFO - *****STOP GROWING RR RULE*****
2026-04-14 12:21:55,661 - INFO - ***RR NOT FOUND***
2026-04-14 12:21:55,697 - INFO - Iteracja 3: condition_best: Input2 >= 6.50, quality_best: 0.516, coverage_best: (p=115, n=41, P=188, N=507)
2026-04-14 12:21:55,697 - INFO - Regula po iteracji 3: IF Input1 >= 75.50 AND Input3 <= 116.50 AND Input1 <= 226.50 AND Input2 >= 6.50 THEN class = {114.75} [72.83, 156.67], (p=115, n=41, P=188, N=507)
2026-04-14 12:21:55,697 - INFO - *****GROWING RR RULE*****
2026-04-14 12:21:55,893 - INFO - Iteracja 0: condition_best: None, quality_best: -inf, coverage_best: (p=0, n=0, P=0, N=0), p_value: 0
2026-04-14 12:21:55,893 - INFO - Regula po iteracji 0: IF  THEN class = {58.14} [12.12, 104.16], (p=513, n=182, P=513, N=182)
2026-04-14 12:21:55,893 - INFO - *****STOP GROWING RR RULE*****
2026-04-14 12:21:55,893 - INFO - ***RR NOT FOUND***
2026-04-14 12:21:55,928 - INFO - Iteracja 4: condition_best: Input4 <= 220.50, quality_best: 0.512, coverage_best: (p=114, n=41, P=188, N=507)
2026-04-14 12:21:55,929 - INFO - Regula po iteracji 4: IF Input1 >= 75.50 AND Input3 <= 116.50 AND Input1 <= 226.50 AND Input2 >= 6.50 AND Input4 <= 220.50 THEN class = {114.85} [72.82, 156.89], (p=114, n=41, P=188, N=507)
2026-04-14 12:21:55,929 - INFO - *****GROWING RR RULE*****
2026-04-14 12:21:56,124 - INFO - Iteracja 0: condition_best: None, quality_best: -inf, coverage_best: (p=0, n=0, P=0, N=0), p_value: 0
2026-04-14 12:21:56,124 - INFO - Regula po iteracji 0: IF  THEN class = {58.14} [12.12, 104.16], (p=513, n=182, P=513, N=182)
2026-04-14 12:21:56,124 - INFO - *****STOP GROWING RR RULE*****
2026-04-14 12:21:56,124 - INFO - ***RR NOT FOUND***
2026-04-14 12:21:56,124 - INFO - *******STOP GROWING CR RULE*******
2026-04-14 12:21:56,125 - INFO - *******GROWING CR RULE*******
2026-04-14 12:21:56,228 - INFO - Iteracja 0: condition_best: Input1 <= 72.50, quality_best: 0.388, coverage_best: (p=377, n=108, P=431, N=264)
2026-04-14 12:21:56,228 - INFO - Regula po iteracji 0: IF Input1 <= 72.50 THEN class = {39.01} [9.96, 68.06], (p=377, n=108, P=431, N=264)
2026-04-14 12:21:56,228 - INFO - *****GROWING RR RULE*****
2026-04-14 12:21:56,427 - INFO - Iteracja 0: condition_best: None, quality_best: -inf, coverage_best: (p=0, n=0, P=0, N=0), p_value: 0
2026-04-14 12:21:56,427 - INFO - Regula po iteracji 0: IF  THEN class = {58.14} [12.12, 104.16], (p=513, n=182, P=513, N=182)
2026-04-14 12:21:56,428 - INFO - *****STOP GROWING RR RULE*****
2026-04-14 12:21:56,428 - INFO - ***RR NOT FOUND***
2026-04-14 12:21:56,493 - INFO - Iteracja 1: condition_best: Input1 >= 13.50, quality_best: 0.444, coverage_best: (p=319, n=94, P=387, N=308)
2026-04-14 12:21:56,493 - INFO - Regula po iteracji 1: IF Input1 <= 72.50 AND Input1 >= 13.50 THEN class = {42.99} [14.26, 71.72], (p=319, n=94, P=387, N=308)
2026-04-14 12:21:56,494 - INFO - *****GROWING RR RULE*****
2026-04-14 12:21:56,693 - INFO - Iteracja 0: condition_best: None, quality_best: -inf, coverage_best: (p=0, n=0, P=0, N=0), p_value: 0
2026-04-14 12:21:56,693 - INFO - Regula po iteracji 0: IF  THEN class = {58.14} [12.12, 104.16], (p=513, n=182, P=513, N=182)
2026-04-14 12:21:56,693 - INFO - *****STOP GROWING RR RULE*****
2026-04-14 12:21:56,693 - INFO - ***RR NOT FOUND***
2026-04-14 12:21:56,750 - INFO - Iteracja 2: condition_best: Input3 >= 60.50, quality_best: 0.502, coverage_best: (p=108, n=22, P=274, N=421)
2026-04-14 12:21:56,750 - INFO - Regula po iteracji 2: IF Input1 <= 72.50 AND Input1 >= 13.50 AND Input3 >= 60.50 THEN class = {28.85} [13.69, 44.01], (p=108, n=22, P=274, N=421)
2026-04-14 12:21:56,750 - INFO - *****GROWING RR RULE*****
2026-04-14 12:21:56,945 - INFO - Iteracja 0: condition_best: None, quality_best: -inf, coverage_best: (p=0, n=0, P=0, N=0), p_value: 0
2026-04-14 12:21:56,945 - INFO - Regula po iteracji 0: IF  THEN class = {58.14} [12.12, 104.16], (p=513, n=182, P=513, N=182)
2026-04-14 12:21:56,945 - INFO - *****STOP GROWING RR RULE*****
2026-04-14 12:21:56,945 - INFO - ***RR NOT FOUND***
2026-04-14 12:21:56,975 - INFO - Iteracja 3: condition_best: Input1 >= 26.50, quality_best: 0.574, coverage_best: (p=91, n=10, P=253, N=442)
2026-04-14 12:21:56,975 - INFO - Regula po iteracji 3: IF Input1 <= 72.50 AND Input1 >= 13.50 AND Input3 >= 60.50 AND Input1 >= 26.50 THEN class = {32.70} [17.65, 47.76], (p=91, n=10, P=253, N=442)
2026-04-14 12:21:56,975 - INFO - *****GROWING RR RULE*****
2026-04-14 12:21:57,168 - INFO - Iteracja 0: condition_best: None, quality_best: -inf, coverage_best: (p=0, n=0, P=0, N=0), p_value: 0
2026-04-14 12:21:57,168 - INFO - Regula po iteracji 0: IF  THEN class = {58.14} [12.12, 104.16], (p=513, n=182, P=513, N=182)
2026-04-14 12:21:57,168 - INFO - *****STOP GROWING RR RULE*****
2026-04-14 12:21:57,168 - INFO - ***RR NOT FOUND***
2026-04-14 12:21:57,192 - INFO - Iteracja 4: condition_best: Input3 >= 62.50, quality_best: 0.581, coverage_best: (p=90, n=9, P=253, N=442)
2026-04-14 12:21:57,192 - INFO - Regula po iteracji 4: IF Input1 <= 72.50 AND Input1 >= 13.50 AND Input3 >= 60.50 AND Input1 >= 26.50 AND Input3 >= 62.50 THEN class = {32.25} [17.50, 47.00], (p=90, n=9, P=253, N=442)
2026-04-14 12:21:57,192 - INFO - *****GROWING RR RULE*****
2026-04-14 12:21:57,385 - INFO - Iteracja 0: condition_best: None, quality_best: -inf, coverage_best: (p=0, n=0, P=0, N=0), p_value: 0
2026-04-14 12:21:57,385 - INFO - Regula po iteracji 0: IF  THEN class = {58.14} [12.12, 104.16], (p=513, n=182, P=513, N=182)
2026-04-14 12:21:57,386 - INFO - *****STOP GROWING RR RULE*****
2026-04-14 12:21:57,386 - INFO - ***RR NOT FOUND***
2026-04-14 12:21:57,386 - INFO - *******STOP GROWING CR RULE*******
2026-04-14 12:21:57,386 - INFO - *******GROWING CR RULE*******
2026-04-14 12:21:57,489 - INFO - Iteracja 0: condition_best: Input1 <= 72.50, quality_best: 0.388, coverage_best: (p=377, n=108, P=431, N=264)
2026-04-14 12:21:57,489 - INFO - Regula po iteracji 0: IF Input1 <= 72.50 THEN class = {39.01} [9.96, 68.06], (p=377, n=108, P=431, N=264)
2026-04-14 12:21:57,490 - INFO - *****GROWING RR RULE*****
2026-04-14 12:21:57,688 - INFO - Iteracja 0: condition_best: None, quality_best: -inf, coverage_best: (p=0, n=0, P=0, N=0), p_value: 0
2026-04-14 12:21:57,688 - INFO - Regula po iteracji 0: IF  THEN class = {58.14} [12.12, 104.16], (p=513, n=182, P=513, N=182)
2026-04-14 12:21:57,688 - INFO - *****STOP GROWING RR RULE*****
2026-04-14 12:21:57,688 - INFO - ***RR NOT FOUND***
2026-04-14 12:21:57,754 - INFO - Iteracja 1: condition_best: Input1 >= 13.50, quality_best: 0.444, coverage_best: (p=319, n=94, P=387, N=308)
2026-04-14 12:21:57,754 - INFO - Regula po iteracji 1: IF Input1 <= 72.50 AND Input1 >= 13.50 THEN class = {42.99} [14.26, 71.72], (p=319, n=94, P=387, N=308)
2026-04-14 12:21:57,754 - INFO - *****GROWING RR RULE*****
2026-04-14 12:21:57,953 - INFO - Iteracja 0: condition_best: None, quality_best: -inf, coverage_best: (p=0, n=0, P=0, N=0), p_value: 0
2026-04-14 12:21:57,953 - INFO - Regula po iteracji 0: IF  THEN class = {58.14} [12.12, 104.16], (p=513, n=182, P=513, N=182)
2026-04-14 12:21:57,953 - INFO - *****STOP GROWING RR RULE*****
2026-04-14 12:21:57,953 - INFO - ***RR NOT FOUND***
2026-04-14 12:21:58,010 - INFO - Iteracja 2: condition_best: Input3 >= 7.50, quality_best: 0.477, coverage_best: (p=319, n=83, P=392, N=303)
2026-04-14 12:21:58,010 - INFO - Regula po iteracji 2: IF Input1 <= 72.50 AND Input1 >= 13.50 AND Input3 >= 7.50 THEN class = {43.49} [14.98, 72.00], (p=319, n=83, P=392, N=303)
2026-04-14 12:21:58,010 - INFO - *****GROWING RR RULE*****
2026-04-14 12:21:58,208 - INFO - Iteracja 0: condition_best: None, quality_best: -inf, coverage_best: (p=0, n=0, P=0, N=0), p_value: 0
2026-04-14 12:21:58,208 - INFO - Regula po iteracji 0: IF  THEN class = {58.14} [12.12, 104.16], (p=513, n=182, P=513, N=182)
2026-04-14 12:21:58,209 - INFO - *****STOP GROWING RR RULE*****
2026-04-14 12:21:58,209 - INFO - ***RR NOT FOUND***
2026-04-14 12:21:58,264 - INFO - Iteracja 3: condition_best: Input2 <= 152.50, quality_best: 0.472, coverage_best: (p=306, n=83, P=383, N=312)
2026-04-14 12:21:58,264 - INFO - Regula po iteracji 3: IF Input1 <= 72.50 AND Input1 >= 13.50 AND Input3 >= 7.50 AND Input2 <= 152.50 THEN class = {44.46} [15.98, 72.94], (p=306, n=83, P=383, N=312)
2026-04-14 12:21:58,264 - INFO - *****GROWING RR RULE*****
2026-04-14 12:21:58,462 - INFO - Iteracja 0: condition_best: None, quality_best: -inf, coverage_best: (p=0, n=0, P=0, N=0), p_value: 0
2026-04-14 12:21:58,462 - INFO - Regula po iteracji 0: IF  THEN class = {58.14} [12.12, 104.16], (p=513, n=182, P=513, N=182)
2026-04-14 12:21:58,462 - INFO - *****STOP GROWING RR RULE*****
2026-04-14 12:21:58,462 - INFO - ***RR NOT FOUND***
2026-04-14 12:21:58,516 - INFO - Iteracja 4: condition_best: Input1 >= 14.50, quality_best: 0.463, coverage_best: (p=295, n=84, P=375, N=320)
2026-04-14 12:21:58,516 - INFO - Regula po iteracji 4: IF Input1 <= 72.50 AND Input1 >= 13.50 AND Input3 >= 7.50 AND Input2 <= 152.50 AND Input1 >= 14.50 THEN class = {45.19} [16.71, 73.67], (p=295, n=84, P=375, N=320)
2026-04-14 12:21:58,517 - INFO - *****GROWING RR RULE*****
2026-04-14 12:21:58,717 - INFO - Iteracja 0: condition_best: None, quality_best: -inf, coverage_best: (p=0, n=0, P=0, N=0), p_value: 0
2026-04-14 12:21:58,717 - INFO - Regula po iteracji 0: IF  THEN class = {58.14} [12.12, 104.16], (p=513, n=182, P=513, N=182)
2026-04-14 12:21:58,717 - INFO - *****STOP GROWING RR RULE*****
2026-04-14 12:21:58,717 - INFO - ***RR NOT FOUND***
2026-04-14 12:21:58,717 - INFO - *******STOP GROWING CR RULE*******
2026-04-14 12:21:58,717 - INFO - *******GROWING CR RULE*******
2026-04-14 12:21:58,820 - INFO - Iteracja 0: condition_best: Input1 >= 74.50, quality_best: 0.386, coverage_best: (p=133, n=66, P=238, N=457)
2026-04-14 12:21:58,820 - INFO - Regula po iteracji 0: IF Input1 >= 74.50 THEN class = {104.50} [57.22, 151.77], (p=133, n=66, P=238, N=457)
2026-04-14 12:21:58,820 - INFO - *****GROWING RR RULE*****
2026-04-14 12:21:59,019 - INFO - Iteracja 0: condition_best: None, quality_best: -inf, coverage_best: (p=0, n=0, P=0, N=0), p_value: 0
2026-04-14 12:21:59,019 - INFO - Regula po iteracji 0: IF  THEN class = {58.14} [12.12, 104.16], (p=513, n=182, P=513, N=182)
2026-04-14 12:21:59,020 - INFO - *****STOP GROWING RR RULE*****
2026-04-14 12:21:59,020 - INFO - ***RR NOT FOUND***
2026-04-14 12:21:59,061 - INFO - Iteracja 1: condition_best: Input3 <= 118.50, quality_best: 0.497, coverage_best: (p=122, n=46, P=199, N=496)
2026-04-14 12:21:59,061 - INFO - Regula po iteracji 1: IF Input1 >= 74.50 AND Input3 <= 118.50 THEN class = {114.30} [69.44, 159.17], (p=122, n=46, P=199, N=496)
2026-04-14 12:21:59,061 - INFO - *****GROWING RR RULE*****
2026-04-14 12:21:59,259 - INFO - Iteracja 0: condition_best: None, quality_best: -inf, coverage_best: (p=0, n=0, P=0, N=0), p_value: 0
2026-04-14 12:21:59,259 - INFO - Regula po iteracji 0: IF  THEN class = {58.14} [12.12, 104.16], (p=513, n=182, P=513, N=182)
2026-04-14 12:21:59,259 - INFO - *****STOP GROWING RR RULE*****
2026-04-14 12:21:59,259 - INFO - ***RR NOT FOUND***
2026-04-14 12:21:59,296 - INFO - Iteracja 2: condition_best: Input1 <= 217.50, quality_best: 0.51, coverage_best: (p=121, n=43, P=198, N=497)
2026-04-14 12:21:59,296 - INFO - Regula po iteracji 2: IF Input1 >= 74.50 AND Input3 <= 118.50 AND Input1 <= 217.50 THEN class = {113.34} [70.64, 156.04], (p=121, n=43, P=198, N=497)
2026-04-14 12:21:59,296 - INFO - *****GROWING RR RULE*****
2026-04-14 12:21:59,494 - INFO - Iteracja 0: condition_best: None, quality_best: -inf, coverage_best: (p=0, n=0, P=0, N=0), p_value: 0
2026-04-14 12:21:59,494 - INFO - Regula po iteracji 0: IF  THEN class = {58.14} [12.12, 104.16], (p=513, n=182, P=513, N=182)
2026-04-14 12:21:59,494 - INFO - *****STOP GROWING RR RULE*****
2026-04-14 12:21:59,494 - INFO - ***RR NOT FOUND***
2026-04-14 12:21:59,530 - INFO - Iteracja 3: condition_best: Input2 <= 50.50, quality_best: 0.52, coverage_best: (p=120, n=42, P=193, N=502)
2026-04-14 12:21:59,530 - INFO - Regula po iteracji 3: IF Input1 >= 74.50 AND Input3 <= 118.50 AND Input1 <= 217.50 AND Input2 <= 50.50 THEN class = {114.09} [71.68, 156.50], (p=120, n=42, P=193, N=502)
2026-04-14 12:21:59,531 - INFO - *****GROWING RR RULE*****
2026-04-14 12:21:59,728 - INFO - Iteracja 0: condition_best: None, quality_best: -inf, coverage_best: (p=0, n=0, P=0, N=0), p_value: 0
2026-04-14 12:21:59,728 - INFO - Regula po iteracji 0: IF  THEN class = {58.14} [12.12, 104.16], (p=513, n=182, P=513, N=182)
2026-04-14 12:21:59,728 - INFO - *****STOP GROWING RR RULE*****
2026-04-14 12:21:59,729 - INFO - ***RR NOT FOUND***
2026-04-14 12:21:59,765 - INFO - Iteracja 4: condition_best: Input4 <= 220.50, quality_best: 0.516, coverage_best: (p=119, n=42, P=193, N=502)
2026-04-14 12:21:59,765 - INFO - Regula po iteracji 4: IF Input1 >= 74.50 AND Input3 <= 118.50 AND Input1 <= 217.50 AND Input2 <= 50.50 AND Input4 <= 220.50 THEN class = {114.19} [71.66, 156.71], (p=119, n=42, P=193, N=502)
2026-04-14 12:21:59,765 - INFO - *****GROWING RR RULE*****
2026-04-14 12:21:59,963 - INFO - Iteracja 0: condition_best: None, quality_best: -inf, coverage_best: (p=0, n=0, P=0, N=0), p_value: 0
2026-04-14 12:21:59,963 - INFO - Regula po iteracji 0: IF  THEN class = {58.14} [12.12, 104.16], (p=513, n=182, P=513, N=182)
2026-04-14 12:21:59,963 - INFO - *****STOP GROWING RR RULE*****
2026-04-14 12:21:59,963 - INFO - ***RR NOT FOUND***
2026-04-14 12:21:59,963 - INFO - *******STOP GROWING CR RULE*******
2026-04-14 12:21:59,964 - INFO - *******GROWING CR RULE*******
2026-04-14 12:22:00,066 - INFO - Iteracja 0: condition_best: Input1 >= 43.50, quality_best: 0.381, coverage_best: (p=235, n=111, P=304, N=391)
2026-04-14 12:22:00,066 - INFO - Regula po iteracji 0: IF Input1 >= 43.50 THEN class = {87.67} [42.31, 133.03], (p=235, n=111, P=304, N=391)
2026-04-14 12:22:00,066 - INFO - *****GROWING RR RULE*****
2026-04-14 12:22:00,265 - INFO - Iteracja 0: condition_best: None, quality_best: -inf, coverage_best: (p=0, n=0, P=0, N=0), p_value: 0
2026-04-14 12:22:00,265 - INFO - Regula po iteracji 0: IF  THEN class = {58.14} [12.12, 104.16], (p=513, n=182, P=513, N=182)
2026-04-14 12:22:00,265 - INFO - *****STOP GROWING RR RULE*****
2026-04-14 12:22:00,265 - INFO - ***RR NOT FOUND***
2026-04-14 12:22:00,328 - INFO - Iteracja 1: condition_best: Input3 <= 104.50, quality_best: 0.465, coverage_best: (p=187, n=86, P=238, N=457)
2026-04-14 12:22:00,328 - INFO - Regula po iteracji 1: IF Input1 >= 43.50 AND Input3 <= 104.50 THEN class = {98.80} [54.50, 143.09], (p=187, n=86, P=238, N=457)
2026-04-14 12:22:00,328 - INFO - *****GROWING RR RULE*****
2026-04-14 12:22:00,527 - INFO - Iteracja 0: condition_best: None, quality_best: -inf, coverage_best: (p=0, n=0, P=0, N=0), p_value: 0
2026-04-14 12:22:00,527 - INFO - Regula po iteracji 0: IF  THEN class = {58.14} [12.12, 104.16], (p=513, n=182, P=513, N=182)
2026-04-14 12:22:00,527 - INFO - *****STOP GROWING RR RULE*****
2026-04-14 12:22:00,527 - INFO - ***RR NOT FOUND***
2026-04-14 12:22:00,578 - INFO - Iteracja 2: condition_best: Input2 <= 57.00, quality_best: 0.586, coverage_best: (p=172, n=62, P=199, N=496)
2026-04-14 12:22:00,578 - INFO - Regula po iteracji 2: IF Input1 >= 43.50 AND Input3 <= 104.50 AND Input2 <= 57.00 THEN class = {107.64} [66.15, 149.13], (p=172, n=62, P=199, N=496)
2026-04-14 12:22:00,578 - INFO - *****GROWING RR RULE*****
2026-04-14 12:22:00,776 - INFO - Iteracja 0: condition_best: None, quality_best: -inf, coverage_best: (p=0, n=0, P=0, N=0), p_value: 0
2026-04-14 12:22:00,776 - INFO - Regula po iteracji 0: IF  THEN class = {58.14} [12.12, 104.16], (p=513, n=182, P=513, N=182)
2026-04-14 12:22:00,776 - INFO - *****STOP GROWING RR RULE*****
2026-04-14 12:22:00,776 - INFO - ***RR NOT FOUND***
2026-04-14 12:22:00,822 - INFO - Iteracja 3: condition_best: Input4 <= 235.50, quality_best: 0.594, coverage_best: (p=174, n=59, P=204, N=491)
2026-04-14 12:22:00,822 - INFO - Regula po iteracji 3: IF Input1 >= 43.50 AND Input3 <= 104.50 AND Input2 <= 57.00 AND Input4 <= 235.50 THEN class = {107.52} [65.98, 149.05], (p=174, n=59, P=204, N=491)
2026-04-14 12:22:00,822 - INFO - *****GROWING RR RULE*****
2026-04-14 12:22:01,020 - INFO - Iteracja 0: condition_best: None, quality_best: -inf, coverage_best: (p=0, n=0, P=0, N=0), p_value: 0
2026-04-14 12:22:01,020 - INFO - Regula po iteracji 0: IF  THEN class = {58.14} [12.12, 104.16], (p=513, n=182, P=513, N=182)
2026-04-14 12:22:01,020 - INFO - *****STOP GROWING RR RULE*****
2026-04-14 12:22:01,020 - INFO - ***RR NOT FOUND***
2026-04-14 12:22:01,066 - INFO - Iteracja 4: condition_best: Input1 >= 45.00, quality_best: 0.591, coverage_best: (p=173, n=59, P=204, N=491)
2026-04-14 12:22:01,066 - INFO - Regula po iteracji 4: IF Input1 >= 43.50 AND Input3 <= 104.50 AND Input2 <= 57.00 AND Input4 <= 235.50 AND Input1 >= 45.00 THEN class = {107.60} [65.99, 149.20], (p=173, n=59, P=204, N=491)
2026-04-14 12:22:01,066 - INFO - *****GROWING RR RULE*****
2026-04-14 12:22:01,264 - INFO - Iteracja 0: condition_best: None, quality_best: -inf, coverage_best: (p=0, n=0, P=0, N=0), p_value: 0
2026-04-14 12:22:01,264 - INFO - Regula po iteracji 0: IF  THEN class = {58.14} [12.12, 104.16], (p=513, n=182, P=513, N=182)
2026-04-14 12:22:01,264 - INFO - *****STOP GROWING RR RULE*****
2026-04-14 12:22:01,264 - INFO - ***RR NOT FOUND***
2026-04-14 12:22:01,264 - INFO - *******STOP GROWING CR RULE*******
2026-04-14 12:22:01,265 - INFO - *******GROWING CR RULE*******
2026-04-14 12:22:01,366 - INFO - Iteracja 0: condition_best: Input1 >= 43.50, quality_best: 0.381, coverage_best: (p=235, n=111, P=304, N=391)
2026-04-14 12:22:01,366 - INFO - Regula po iteracji 0: IF Input1 >= 43.50 THEN class = {87.67} [42.31, 133.03], (p=235, n=111, P=304, N=391)
2026-04-14 12:22:01,366 - INFO - *****GROWING RR RULE*****
2026-04-14 12:22:01,566 - INFO - Iteracja 0: condition_best: None, quality_best: -inf, coverage_best: (p=0, n=0, P=0, N=0), p_value: 0
2026-04-14 12:22:01,566 - INFO - Regula po iteracji 0: IF  THEN class = {58.14} [12.12, 104.16], (p=513, n=182, P=513, N=182)
2026-04-14 12:22:01,566 - INFO - *****STOP GROWING RR RULE*****
2026-04-14 12:22:01,566 - INFO - ***RR NOT FOUND***
2026-04-14 12:22:01,628 - INFO - Iteracja 1: condition_best: Input2 <= 49.50, quality_best: 0.437, coverage_best: (p=195, n=91, P=256, N=439)
2026-04-14 12:22:01,628 - INFO - Regula po iteracji 1: IF Input1 >= 43.50 AND Input2 <= 49.50 THEN class = {96.34} [51.44, 141.23], (p=195, n=91, P=256, N=439)
2026-04-14 12:22:01,629 - INFO - *****GROWING RR RULE*****
2026-04-14 12:22:01,827 - INFO - Iteracja 0: condition_best: None, quality_best: -inf, coverage_best: (p=0, n=0, P=0, N=0), p_value: 0
2026-04-14 12:22:01,827 - INFO - Regula po iteracji 0: IF  THEN class = {58.14} [12.12, 104.16], (p=513, n=182, P=513, N=182)
2026-04-14 12:22:01,827 - INFO - *****STOP GROWING RR RULE*****
2026-04-14 12:22:01,827 - INFO - ***RR NOT FOUND***
2026-04-14 12:22:01,882 - INFO - Iteracja 2: condition_best: Input4 >= 11.50, quality_best: 0.474, coverage_best: (p=191, n=88, P=235, N=460)
2026-04-14 12:22:01,882 - INFO - Regula po iteracji 2: IF Input1 >= 43.50 AND Input2 <= 49.50 AND Input4 >= 11.50 THEN class = {98.50} [55.23, 141.76], (p=191, n=88, P=235, N=460)
2026-04-14 12:22:01,882 - INFO - *****GROWING RR RULE*****
2026-04-14 12:22:02,081 - INFO - Iteracja 0: condition_best: None, quality_best: -inf, coverage_best: (p=0, n=0, P=0, N=0), p_value: 0
2026-04-14 12:22:02,081 - INFO - Regula po iteracji 0: IF  THEN class = {58.14} [12.12, 104.16], (p=513, n=182, P=513, N=182)
2026-04-14 12:22:02,081 - INFO - *****STOP GROWING RR RULE*****
2026-04-14 12:22:02,081 - INFO - ***RR NOT FOUND***
2026-04-14 12:22:02,134 - INFO - Iteracja 3: condition_best: Input3 <= 165.50, quality_best: 0.504, coverage_best: (p=190, n=82, P=229, N=466)
2026-04-14 12:22:02,134 - INFO - Regula po iteracji 3: IF Input1 >= 43.50 AND Input2 <= 49.50 AND Input4 >= 11.50 AND Input3 <= 165.50 THEN class = {100.10} [57.47, 142.73], (p=190, n=82, P=229, N=466)
2026-04-14 12:22:02,135 - INFO - *****GROWING RR RULE*****
2026-04-14 12:22:02,333 - INFO - Iteracja 0: condition_best: None, quality_best: -inf, coverage_best: (p=0, n=0, P=0, N=0), p_value: 0
2026-04-14 12:22:02,333 - INFO - Regula po iteracji 0: IF  THEN class = {58.14} [12.12, 104.16], (p=513, n=182, P=513, N=182)
2026-04-14 12:22:02,333 - INFO - *****STOP GROWING RR RULE*****
2026-04-14 12:22:02,334 - INFO - ***RR NOT FOUND***
2026-04-14 12:22:02,385 - INFO - Iteracja 4: condition_best: Input1 <= 226.50, quality_best: 0.511, coverage_best: (p=190, n=80, P=229, N=466)
2026-04-14 12:22:02,385 - INFO - Regula po iteracji 4: IF Input1 >= 43.50 AND Input2 <= 49.50 AND Input4 >= 11.50 AND Input3 <= 165.50 AND Input1 <= 226.50 THEN class = {99.44} [57.35, 141.53], (p=190, n=80, P=229, N=466)
2026-04-14 12:22:02,386 - INFO - *****GROWING RR RULE*****
2026-04-14 12:22:02,584 - INFO - Iteracja 0: condition_best: None, quality_best: -inf, coverage_best: (p=0, n=0, P=0, N=0), p_value: 0
2026-04-14 12:22:02,584 - INFO - Regula po iteracji 0: IF  THEN class = {58.14} [12.12, 104.16], (p=513, n=182, P=513, N=182)
2026-04-14 12:22:02,584 - INFO - *****STOP GROWING RR RULE*****
2026-04-14 12:22:02,584 - INFO - ***RR NOT FOUND***
2026-04-14 12:22:02,584 - INFO - *******STOP GROWING CR RULE*******
2026-04-14 12:22:02,585 - INFO - *******GROWING CR RULE*******
2026-04-14 12:22:02,686 - INFO - Iteracja 0: condition_best: Input1 >= 244.50, quality_best: 0.75, coverage_best: (p=1, n=0, P=2, N=693)
2026-04-14 12:22:02,686 - INFO - Regula po iteracji 0: IF Input1 >= 244.50 THEN class = {2.00} [2.00, 2.00], (p=1, n=0, P=2, N=693)
2026-04-14 12:22:02,686 - INFO - *****GROWING RR RULE*****
2026-04-14 12:22:02,874 - INFO - Iteracja 0: condition_best: None, quality_best: -inf, coverage_best: (p=0, n=0, P=0, N=0), p_value: 0
2026-04-14 12:22:02,875 - INFO - Regula po iteracji 0: IF  THEN class = {58.14} [12.12, 104.16], (p=513, n=182, P=513, N=182)
2026-04-14 12:22:02,875 - INFO - *****STOP GROWING RR RULE*****
2026-04-14 12:22:02,875 - INFO - ***RR NOT FOUND***
2026-04-14 12:22:02,875 - INFO - Iteracja 1: condition_best: None, quality_best: -inf, coverage_best: (p=0, n=0, P=0, N=0)
2026-04-14 12:22:02,875 - INFO - Regula po iteracji 1: IF Input1 >= 244.50 THEN class = {2.00} [2.00, 2.00], (p=1, n=0, P=2, N=693)
2026-04-14 12:22:02,875 - INFO - *******STOP GROWING CR RULE*******
2026-04-14 12:22:02,897 - INFO - ************************Finished experiment for laser.arff with algorithm_rer_with_exceptions************************
2026-04-14 12:22:02,897 - INFO - *************************************************************************************************************************
2026-04-14 12:22:02,897 - INFO - *************************************************************************************************************************
2026-04-14 12:22:02,897 - INFO - *************************************************************************************************************************
2026-04-14 12:22:02,898 - INFO - **********Starting experiment for laser.arff with decision_tree**********
2026-04-14 12:22:02,920 - INFO - ************************Finished experiment for laser.arff with decision_tree************************
2026-04-14 12:22:02,920 - INFO - *************************************************************************************************************************
2026-04-14 12:22:02,920 - INFO - *************************************************************************************************************************
2026-04-14 12:22:02,920 - INFO - *************************************************************************************************************************
