2026-04-14 12:39:33,308 - INFO - **********Starting experiment for plastic.arff with algorithm_rulekit**********
2026-04-14 12:39:34,750 - INFO - ************************Finished experiment for plastic.arff with algorithm_rulekit************************
2026-04-14 12:39:34,750 - INFO - *************************************************************************************************************************
2026-04-14 12:39:34,750 - INFO - *************************************************************************************************************************
2026-04-14 12:39:34,750 - INFO - *************************************************************************************************************************
2026-04-14 12:39:34,751 - INFO - **********Starting experiment for plastic.arff with algorithm_rer**********
2026-04-14 12:39:34,766 - INFO - *******GROWING CR RULE*******
2026-04-14 12:39:34,840 - INFO - Iteracja 0: condition_best: Strength <= 14.30, quality_best: 0.519, coverage_best: (p=7, n=0, P=183, N=972)
2026-04-14 12:39:34,841 - INFO - Regula po iteracji 0: IF Strength <= 14.30 THEN class = {20.00} [20.00, 20.00], (p=7, n=0, P=183, N=972)
2026-04-14 12:39:34,841 - INFO - Iteracja 1: condition_best: Strength >= 12.55, quality_best: 0.516, coverage_best: (p=6, n=0, P=183, N=972)
2026-04-14 12:39:34,841 - INFO - Regula po iteracji 1: IF Strength <= 14.30 AND Strength >= 12.55 THEN class = {20.00} [20.00, 20.00], (p=6, n=0, P=183, N=972)
2026-04-14 12:39:34,842 - INFO - Iteracja 2: condition_best: Strength >= 12.95, quality_best: 0.514, coverage_best: (p=5, n=0, P=183, N=972)
2026-04-14 12:39:34,842 - INFO - Regula po iteracji 2: IF Strength <= 14.30 AND Strength >= 12.55 AND Strength >= 12.95 THEN class = {20.00} [20.00, 20.00], (p=5, n=0, P=183, N=972)
2026-04-14 12:39:34,842 - INFO - Iteracja 3: condition_best: None, quality_best: -inf, coverage_best: (p=0, n=0, P=0, N=0)
2026-04-14 12:39:34,842 - INFO - Regula po iteracji 3: IF Strength <= 14.30 AND Strength >= 12.55 AND Strength >= 12.95 THEN class = {20.00} [20.00, 20.00], (p=5, n=0, P=183, N=972)
2026-04-14 12:39:34,843 - INFO - *******STOP GROWING CR RULE*******
2026-04-14 12:39:34,850 - INFO - *******GROWING CR RULE*******
2026-04-14 12:39:34,916 - INFO - Iteracja 0: condition_best: Strength <= 17.10, quality_best: 0.503, coverage_best: (p=42, n=3, P=365, N=790)
2026-04-14 12:39:34,916 - INFO - Regula po iteracji 0: IF Strength <= 17.10 THEN class = {19.07} [17.83, 20.30], (p=42, n=3, P=365, N=790)
2026-04-14 12:39:34,918 - INFO - Iteracja 1: condition_best: Strength <= 16.90, quality_best: 0.501, coverage_best: (p=41, n=3, P=365, N=790)
2026-04-14 12:39:34,918 - INFO - Regula po iteracji 1: IF Strength <= 17.10 AND Strength <= 16.90 THEN class = {19.05} [17.80, 20.29], (p=41, n=3, P=365, N=790)
2026-04-14 12:39:34,921 - INFO - Iteracja 2: condition_best: Strength >= 12.55, quality_best: 0.498, coverage_best: (p=40, n=3, P=365, N=790)
2026-04-14 12:39:34,921 - INFO - Regula po iteracji 2: IF Strength <= 17.10 AND Strength <= 16.90 AND Strength >= 12.55 THEN class = {19.02} [17.78, 20.27], (p=40, n=3, P=365, N=790)
2026-04-14 12:39:34,923 - INFO - Iteracja 3: condition_best: Strength >= 12.95, quality_best: 0.496, coverage_best: (p=39, n=3, P=365, N=790)
2026-04-14 12:39:34,924 - INFO - Regula po iteracji 3: IF Strength <= 17.10 AND Strength <= 16.90 AND Strength >= 12.55 AND Strength >= 12.95 THEN class = {19.00} [17.75, 20.25], (p=39, n=3, P=365, N=790)
2026-04-14 12:39:34,926 - INFO - Iteracja 4: condition_best: Strength >= 13.45, quality_best: 0.493, coverage_best: (p=38, n=3, P=365, N=790)
2026-04-14 12:39:34,926 - INFO - Regula po iteracji 4: IF Strength <= 17.10 AND Strength <= 16.90 AND Strength >= 12.55 AND Strength >= 12.95 AND Strength >= 13.45 THEN class = {18.98} [17.72, 20.23], (p=38, n=3, P=365, N=790)
2026-04-14 12:39:34,926 - INFO - *******STOP GROWING CR RULE*******
2026-04-14 12:39:34,934 - INFO - *******GROWING CR RULE*******
2026-04-14 12:39:34,998 - INFO - Iteracja 0: condition_best: Strength >= 38.65, quality_best: 0.501, coverage_best: (p=139, n=14, P=593, N=562)
2026-04-14 12:39:34,998 - INFO - Regula po iteracji 0: IF Strength >= 38.65 THEN class = {11.93} [9.80, 14.07], (p=139, n=14, P=593, N=562)
2026-04-14 12:39:35,005 - INFO - Iteracja 1: condition_best: Strength <= 47.85, quality_best: 0.5, coverage_best: (p=138, n=14, P=593, N=562)
2026-04-14 12:39:35,005 - INFO - Regula po iteracji 1: IF Strength >= 38.65 AND Strength <= 47.85 THEN class = {11.95} [9.81, 14.09], (p=138, n=14, P=593, N=562)
2026-04-14 12:39:35,013 - INFO - Iteracja 2: condition_best: Strength <= 46.85, quality_best: 0.498, coverage_best: (p=137, n=14, P=593, N=562)
2026-04-14 12:39:35,013 - INFO - Regula po iteracji 2: IF Strength >= 38.65 AND Strength <= 47.85 AND Strength <= 46.85 THEN class = {11.96} [9.82, 14.10], (p=137, n=14, P=593, N=562)
2026-04-14 12:39:35,020 - INFO - Iteracja 3: condition_best: Temperature >= 255.00, quality_best: 0.497, coverage_best: (p=136, n=14, P=593, N=562)
2026-04-14 12:39:35,020 - INFO - Regula po iteracji 3: IF Strength >= 38.65 AND Strength <= 47.85 AND Strength <= 46.85 AND Temperature >= 255.00 THEN class = {11.97} [9.83, 14.11], (p=136, n=14, P=593, N=562)
2026-04-14 12:39:35,028 - INFO - Iteracja 4: condition_best: Strength <= 46.60, quality_best: 0.494, coverage_best: (p=134, n=14, P=593, N=562)
2026-04-14 12:39:35,028 - INFO - Regula po iteracji 4: IF Strength >= 38.65 AND Strength <= 47.85 AND Strength <= 46.85 AND Temperature >= 255.00 AND Strength <= 46.60 THEN class = {11.99} [9.84, 14.14], (p=134, n=14, P=593, N=562)
2026-04-14 12:39:35,028 - INFO - *******STOP GROWING CR RULE*******
2026-04-14 12:39:35,035 - INFO - *******GROWING CR RULE*******
2026-04-14 12:39:35,097 - INFO - Iteracja 0: condition_best: Strength >= 38.65, quality_best: 0.501, coverage_best: (p=139, n=14, P=593, N=562)
2026-04-14 12:39:35,097 - INFO - Regula po iteracji 0: IF Strength >= 38.65 THEN class = {11.93} [9.80, 14.07], (p=139, n=14, P=593, N=562)
2026-04-14 12:39:35,104 - INFO - Iteracja 1: condition_best: None, quality_best: -inf, coverage_best: (p=0, n=0, P=0, N=0)
2026-04-14 12:39:35,104 - INFO - Regula po iteracji 1: IF Strength >= 38.65 THEN class = {11.93} [9.80, 14.07], (p=139, n=14, P=593, N=562)
2026-04-14 12:39:35,104 - INFO - *******STOP GROWING CR RULE*******
2026-04-14 12:39:35,111 - INFO - *******GROWING CR RULE*******
2026-04-14 12:39:35,173 - INFO - Iteracja 0: condition_best: Strength >= 38.55, quality_best: 0.501, coverage_best: (p=144, n=15, P=593, N=562)
2026-04-14 12:39:35,173 - INFO - Regula po iteracji 0: IF Strength >= 38.55 THEN class = {11.95} [9.81, 14.09], (p=144, n=15, P=593, N=562)
2026-04-14 12:39:35,180 - INFO - Iteracja 1: condition_best: Strength <= 47.85, quality_best: 0.499, coverage_best: (p=143, n=15, P=593, N=562)
2026-04-14 12:39:35,180 - INFO - Regula po iteracji 1: IF Strength >= 38.55 AND Strength <= 47.85 THEN class = {11.96} [9.82, 14.10], (p=143, n=15, P=593, N=562)
2026-04-14 12:39:35,187 - INFO - Iteracja 2: condition_best: Strength <= 46.85, quality_best: 0.498, coverage_best: (p=142, n=15, P=593, N=562)
2026-04-14 12:39:35,187 - INFO - Regula po iteracji 2: IF Strength >= 38.55 AND Strength <= 47.85 AND Strength <= 46.85 THEN class = {11.97} [9.83, 14.12], (p=142, n=15, P=593, N=562)
2026-04-14 12:39:35,194 - INFO - Iteracja 3: condition_best: Temperature >= 255.00, quality_best: 0.497, coverage_best: (p=141, n=15, P=593, N=562)
2026-04-14 12:39:35,194 - INFO - Regula po iteracji 3: IF Strength >= 38.55 AND Strength <= 47.85 AND Strength <= 46.85 AND Temperature >= 255.00 THEN class = {11.99} [9.84, 14.13], (p=141, n=15, P=593, N=562)
2026-04-14 12:39:35,201 - INFO - Iteracja 4: condition_best: Strength <= 46.60, quality_best: 0.494, coverage_best: (p=139, n=15, P=593, N=562)
2026-04-14 12:39:35,201 - INFO - Regula po iteracji 4: IF Strength >= 38.55 AND Strength <= 47.85 AND Strength <= 46.85 AND Temperature >= 255.00 AND Strength <= 46.60 THEN class = {12.00} [9.85, 14.15], (p=139, n=15, P=593, N=562)
2026-04-14 12:39:35,201 - INFO - *******STOP GROWING CR RULE*******
2026-04-14 12:39:35,207 - INFO - *******GROWING CR RULE*******
2026-04-14 12:39:35,270 - INFO - Iteracja 0: condition_best: Strength <= 17.40, quality_best: 0.497, coverage_best: (p=46, n=4, P=365, N=790)
2026-04-14 12:39:35,270 - INFO - Regula po iteracji 0: IF Strength <= 17.40 THEN class = {19.00} [17.72, 20.28], (p=46, n=4, P=365, N=790)
2026-04-14 12:39:35,273 - INFO - Iteracja 1: condition_best: Strength >= 12.55, quality_best: 0.495, coverage_best: (p=45, n=4, P=365, N=790)
2026-04-14 12:39:35,273 - INFO - Regula po iteracji 1: IF Strength <= 17.40 AND Strength >= 12.55 THEN class = {18.98} [17.69, 20.27], (p=45, n=4, P=365, N=790)
2026-04-14 12:39:35,275 - INFO - Iteracja 2: condition_best: Strength >= 12.95, quality_best: 0.492, coverage_best: (p=44, n=4, P=365, N=790)
2026-04-14 12:39:35,276 - INFO - Regula po iteracji 2: IF Strength <= 17.40 AND Strength >= 12.55 AND Strength >= 12.95 THEN class = {18.96} [17.67, 20.25], (p=44, n=4, P=365, N=790)
2026-04-14 12:39:35,278 - INFO - Iteracja 3: condition_best: Strength >= 13.45, quality_best: 0.489, coverage_best: (p=43, n=4, P=365, N=790)
2026-04-14 12:39:35,278 - INFO - Regula po iteracji 3: IF Strength <= 17.40 AND Strength >= 12.55 AND Strength >= 12.95 AND Strength >= 13.45 THEN class = {18.94} [17.64, 20.23], (p=43, n=4, P=365, N=790)
2026-04-14 12:39:35,281 - INFO - Iteracja 4: condition_best: Strength >= 13.95, quality_best: 0.487, coverage_best: (p=42, n=4, P=365, N=790)
2026-04-14 12:39:35,281 - INFO - Regula po iteracji 4: IF Strength <= 17.40 AND Strength >= 12.55 AND Strength >= 12.95 AND Strength >= 13.45 AND Strength >= 13.95 THEN class = {18.91} [17.61, 20.21], (p=42, n=4, P=365, N=790)
2026-04-14 12:39:35,281 - INFO - *******STOP GROWING CR RULE*******
2026-04-14 12:39:35,287 - INFO - *******GROWING CR RULE*******
2026-04-14 12:39:35,350 - INFO - Iteracja 0: condition_best: Strength >= 38.35, quality_best: 0.497, coverage_best: (p=151, n=17, P=593, N=562)
2026-04-14 12:39:35,350 - INFO - Regula po iteracji 0: IF Strength >= 38.35 THEN class = {12.04} [9.86, 14.21], (p=151, n=17, P=593, N=562)
2026-04-14 12:39:35,357 - INFO - Iteracja 1: condition_best: Strength <= 47.85, quality_best: 0.495, coverage_best: (p=150, n=17, P=593, N=562)
2026-04-14 12:39:35,358 - INFO - Regula po iteracji 1: IF Strength >= 38.35 AND Strength <= 47.85 THEN class = {12.05} [9.87, 14.23], (p=150, n=17, P=593, N=562)
2026-04-14 12:39:35,365 - INFO - Iteracja 2: condition_best: Strength <= 46.85, quality_best: 0.494, coverage_best: (p=149, n=17, P=593, N=562)
2026-04-14 12:39:35,365 - INFO - Regula po iteracji 2: IF Strength >= 38.35 AND Strength <= 47.85 AND Strength <= 46.85 THEN class = {12.06} [9.88, 14.24], (p=149, n=17, P=593, N=562)
2026-04-14 12:39:35,372 - INFO - Iteracja 3: condition_best: Temperature >= 255.00, quality_best: 0.492, coverage_best: (p=148, n=17, P=593, N=562)
2026-04-14 12:39:35,372 - INFO - Regula po iteracji 3: IF Strength >= 38.35 AND Strength <= 47.85 AND Strength <= 46.85 AND Temperature >= 255.00 THEN class = {12.07} [9.89, 14.25], (p=148, n=17, P=593, N=562)
2026-04-14 12:39:35,379 - INFO - Iteracja 4: condition_best: Strength <= 46.60, quality_best: 0.49, coverage_best: (p=146, n=17, P=593, N=562)
2026-04-14 12:39:35,379 - INFO - Regula po iteracji 4: IF Strength >= 38.35 AND Strength <= 47.85 AND Strength <= 46.85 AND Temperature >= 255.00 AND Strength <= 46.60 THEN class = {12.09} [9.90, 14.27], (p=146, n=17, P=593, N=562)
2026-04-14 12:39:35,379 - INFO - *******STOP GROWING CR RULE*******
2026-04-14 12:39:35,386 - INFO - *******GROWING CR RULE*******
2026-04-14 12:39:35,450 - INFO - Iteracja 0: condition_best: Strength <= 17.60, quality_best: 0.488, coverage_best: (p=48, n=5, P=365, N=790)
2026-04-14 12:39:35,450 - INFO - Regula po iteracji 0: IF Strength <= 17.60 THEN class = {18.94} [17.62, 20.27], (p=48, n=5, P=365, N=790)
2026-04-14 12:39:35,453 - INFO - Iteracja 1: condition_best: None, quality_best: -inf, coverage_best: (p=0, n=0, P=0, N=0)
2026-04-14 12:39:35,453 - INFO - Regula po iteracji 1: IF Strength <= 17.60 THEN class = {18.94} [17.62, 20.27], (p=48, n=5, P=365, N=790)
2026-04-14 12:39:35,453 - INFO - *******STOP GROWING CR RULE*******
2026-04-14 12:39:35,459 - INFO - *******GROWING CR RULE*******
2026-04-14 12:39:35,521 - INFO - Iteracja 0: condition_best: Strength <= 18.15, quality_best: 0.475, coverage_best: (p=53, n=7, P=365, N=790)
2026-04-14 12:39:35,521 - INFO - Regula po iteracji 0: IF Strength <= 18.15 THEN class = {18.83} [17.45, 20.21], (p=53, n=7, P=365, N=790)
2026-04-14 12:39:35,524 - INFO - Iteracja 1: condition_best: Strength >= 12.55, quality_best: 0.472, coverage_best: (p=52, n=7, P=365, N=790)
2026-04-14 12:39:35,524 - INFO - Regula po iteracji 1: IF Strength <= 18.15 AND Strength >= 12.55 THEN class = {18.81} [17.43, 20.20], (p=52, n=7, P=365, N=790)
2026-04-14 12:39:35,527 - INFO - Iteracja 2: condition_best: Strength >= 12.95, quality_best: 0.469, coverage_best: (p=51, n=7, P=365, N=790)
2026-04-14 12:39:35,527 - INFO - Regula po iteracji 2: IF Strength <= 18.15 AND Strength >= 12.55 AND Strength >= 12.95 THEN class = {18.79} [17.41, 20.18], (p=51, n=7, P=365, N=790)
2026-04-14 12:39:35,530 - INFO - Iteracja 3: condition_best: Strength >= 13.45, quality_best: 0.466, coverage_best: (p=50, n=7, P=365, N=790)
2026-04-14 12:39:35,531 - INFO - Regula po iteracji 3: IF Strength <= 18.15 AND Strength >= 12.55 AND Strength >= 12.95 AND Strength >= 13.45 THEN class = {18.77} [17.38, 20.16], (p=50, n=7, P=365, N=790)
2026-04-14 12:39:35,533 - INFO - Iteracja 4: condition_best: Strength >= 13.95, quality_best: 0.463, coverage_best: (p=49, n=7, P=365, N=790)
2026-04-14 12:39:35,534 - INFO - Regula po iteracji 4: IF Strength <= 18.15 AND Strength >= 12.55 AND Strength >= 12.95 AND Strength >= 13.45 AND Strength >= 13.95 THEN class = {18.75} [17.36, 20.14], (p=49, n=7, P=365, N=790)
2026-04-14 12:39:35,534 - INFO - *******STOP GROWING CR RULE*******
2026-04-14 12:39:35,541 - INFO - *******GROWING CR RULE*******
2026-04-14 12:39:35,609 - INFO - Iteracja 0: condition_best: Strength >= 38.15, quality_best: 0.474, coverage_best: (p=158, n=22, P=593, N=562)
2026-04-14 12:39:35,609 - INFO - Regula po iteracji 0: IF Strength >= 38.15 THEN class = {12.13} [9.91, 14.36], (p=158, n=22, P=593, N=562)
2026-04-14 12:39:35,616 - INFO - Iteracja 1: condition_best: Strength <= 47.85, quality_best: 0.473, coverage_best: (p=157, n=22, P=593, N=562)
2026-04-14 12:39:35,616 - INFO - Regula po iteracji 1: IF Strength >= 38.15 AND Strength <= 47.85 THEN class = {12.15} [9.92, 14.37], (p=157, n=22, P=593, N=562)
2026-04-14 12:39:35,624 - INFO - Iteracja 2: condition_best: Strength <= 46.85, quality_best: 0.471, coverage_best: (p=156, n=22, P=593, N=562)
2026-04-14 12:39:35,624 - INFO - Regula po iteracji 2: IF Strength >= 38.15 AND Strength <= 47.85 AND Strength <= 46.85 THEN class = {12.16} [9.93, 14.39], (p=156, n=22, P=593, N=562)
2026-04-14 12:39:35,631 - INFO - Iteracja 3: condition_best: Temperature >= 255.00, quality_best: 0.47, coverage_best: (p=155, n=22, P=593, N=562)
2026-04-14 12:39:35,631 - INFO - Regula po iteracji 3: IF Strength >= 38.15 AND Strength <= 47.85 AND Strength <= 46.85 AND Temperature >= 255.00 THEN class = {12.17} [9.94, 14.40], (p=155, n=22, P=593, N=562)
2026-04-14 12:39:35,639 - INFO - Iteracja 4: condition_best: Strength <= 46.60, quality_best: 0.466, coverage_best: (p=153, n=22, P=593, N=562)
2026-04-14 12:39:35,639 - INFO - Regula po iteracji 4: IF Strength >= 38.15 AND Strength <= 47.85 AND Strength <= 46.85 AND Temperature >= 255.00 AND Strength <= 46.60 THEN class = {12.18} [9.95, 14.42], (p=153, n=22, P=593, N=562)
2026-04-14 12:39:35,639 - INFO - *******STOP GROWING CR RULE*******
2026-04-14 12:39:35,645 - INFO - *******GROWING CR RULE*******
2026-04-14 12:39:35,707 - INFO - Iteracja 0: condition_best: Strength >= 37.40, quality_best: 0.461, coverage_best: (p=173, n=28, P=593, N=562)
2026-04-14 12:39:35,707 - INFO - Regula po iteracji 0: IF Strength >= 37.40 THEN class = {12.27} [9.97, 14.57], (p=173, n=28, P=593, N=562)
2026-04-14 12:39:35,715 - INFO - Iteracja 1: condition_best: Temperature <= 275.00, quality_best: 0.471, coverage_best: (p=32, n=3, P=389, N=766)
2026-04-14 12:39:35,715 - INFO - Regula po iteracji 1: IF Strength >= 37.40 AND Temperature <= 275.00 THEN class = {10.80} [9.52, 12.08], (p=32, n=3, P=389, N=766)
2026-04-14 12:39:35,718 - INFO - Iteracja 2: condition_best: Strength <= 42.60, quality_best: 0.468, coverage_best: (p=31, n=3, P=389, N=766)
2026-04-14 12:39:35,718 - INFO - Regula po iteracji 2: IF Strength >= 37.40 AND Temperature <= 275.00 AND Strength <= 42.60 THEN class = {10.82} [9.53, 12.12], (p=31, n=3, P=389, N=766)
2026-04-14 12:39:35,720 - INFO - Iteracja 3: condition_best: Strength <= 42.15, quality_best: 0.465, coverage_best: (p=30, n=3, P=389, N=766)
2026-04-14 12:39:35,720 - INFO - Regula po iteracji 3: IF Strength >= 37.40 AND Temperature <= 275.00 AND Strength <= 42.60 AND Strength <= 42.15 THEN class = {10.85} [9.54, 12.15], (p=30, n=3, P=389, N=766)
2026-04-14 12:39:35,722 - INFO - Iteracja 4: condition_best: Strength <= 41.40, quality_best: 0.461, coverage_best: (p=29, n=3, P=389, N=766)
2026-04-14 12:39:35,722 - INFO - Regula po iteracji 4: IF Strength >= 37.40 AND Temperature <= 275.00 AND Strength <= 42.60 AND Strength <= 42.15 AND Strength <= 41.40 THEN class = {10.88} [9.56, 12.19], (p=29, n=3, P=389, N=766)
2026-04-14 12:39:35,722 - INFO - *******STOP GROWING CR RULE*******
2026-04-14 12:39:35,729 - INFO - *******GROWING CR RULE*******
2026-04-14 12:39:35,790 - INFO - Iteracja 0: condition_best: Strength >= 37.40, quality_best: 0.461, coverage_best: (p=173, n=28, P=593, N=562)
2026-04-14 12:39:35,790 - INFO - Regula po iteracji 0: IF Strength >= 37.40 THEN class = {12.27} [9.97, 14.57], (p=173, n=28, P=593, N=562)
2026-04-14 12:39:35,798 - INFO - Iteracja 1: condition_best: Strength <= 47.85, quality_best: 0.459, coverage_best: (p=172, n=28, P=593, N=562)
2026-04-14 12:39:35,798 - INFO - Regula po iteracji 1: IF Strength >= 37.40 AND Strength <= 47.85 THEN class = {12.28} [9.98, 14.58], (p=172, n=28, P=593, N=562)
2026-04-14 12:39:35,807 - INFO - Iteracja 2: condition_best: Strength <= 46.85, quality_best: 0.458, coverage_best: (p=171, n=28, P=593, N=562)
2026-04-14 12:39:35,807 - INFO - Regula po iteracji 2: IF Strength >= 37.40 AND Strength <= 47.85 AND Strength <= 46.85 THEN class = {12.29} [9.99, 14.59], (p=171, n=28, P=593, N=562)
2026-04-14 12:39:35,815 - INFO - Iteracja 3: condition_best: Strength >= 37.75, quality_best: 0.454, coverage_best: (p=161, n=26, P=593, N=562)
2026-04-14 12:39:35,815 - INFO - Regula po iteracji 3: IF Strength >= 37.40 AND Strength <= 47.85 AND Strength <= 46.85 AND Strength >= 37.75 THEN class = {12.26} [9.95, 14.56], (p=161, n=26, P=593, N=562)
2026-04-14 12:39:35,823 - INFO - Iteracja 4: condition_best: Temperature >= 255.00, quality_best: 0.453, coverage_best: (p=160, n=26, P=593, N=562)
2026-04-14 12:39:35,823 - INFO - Regula po iteracji 4: IF Strength >= 37.40 AND Strength <= 47.85 AND Strength <= 46.85 AND Strength >= 37.75 AND Temperature >= 255.00 THEN class = {12.27} [9.96, 14.58], (p=160, n=26, P=593, N=562)
2026-04-14 12:39:35,823 - INFO - *******STOP GROWING CR RULE*******
2026-04-14 12:39:35,829 - INFO - *******GROWING CR RULE*******
2026-04-14 12:39:35,890 - INFO - Iteracja 0: condition_best: Strength >= 37.40, quality_best: 0.461, coverage_best: (p=173, n=28, P=593, N=562)
2026-04-14 12:39:35,890 - INFO - Regula po iteracji 0: IF Strength >= 37.40 THEN class = {12.27} [9.97, 14.57], (p=173, n=28, P=593, N=562)
2026-04-14 12:39:35,899 - INFO - Iteracja 1: condition_best: Strength <= 47.85, quality_best: 0.459, coverage_best: (p=172, n=28, P=593, N=562)
2026-04-14 12:39:35,899 - INFO - Regula po iteracji 1: IF Strength >= 37.40 AND Strength <= 47.85 THEN class = {12.28} [9.98, 14.58], (p=172, n=28, P=593, N=562)
2026-04-14 12:39:35,907 - INFO - Iteracja 2: condition_best: Strength <= 46.85, quality_best: 0.458, coverage_best: (p=171, n=28, P=593, N=562)
2026-04-14 12:39:35,907 - INFO - Regula po iteracji 2: IF Strength >= 37.40 AND Strength <= 47.85 AND Strength <= 46.85 THEN class = {12.29} [9.99, 14.59], (p=171, n=28, P=593, N=562)
2026-04-14 12:39:35,915 - INFO - Iteracja 3: condition_best: Strength >= 37.60, quality_best: 0.449, coverage_best: (p=165, n=28, P=593, N=562)
2026-04-14 12:39:35,915 - INFO - Regula po iteracji 3: IF Strength >= 37.40 AND Strength <= 47.85 AND Strength <= 46.85 AND Strength >= 37.60 THEN class = {12.30} [9.99, 14.62], (p=165, n=28, P=593, N=562)
2026-04-14 12:39:35,923 - INFO - Iteracja 4: condition_best: Temperature >= 255.00, quality_best: 0.447, coverage_best: (p=164, n=28, P=593, N=562)
2026-04-14 12:39:35,923 - INFO - Regula po iteracji 4: IF Strength >= 37.40 AND Strength <= 47.85 AND Strength <= 46.85 AND Strength >= 37.60 AND Temperature >= 255.00 THEN class = {12.31} [10.00, 14.63], (p=164, n=28, P=593, N=562)
2026-04-14 12:39:35,923 - INFO - *******STOP GROWING CR RULE*******
2026-04-14 12:39:35,929 - INFO - *******GROWING CR RULE*******
2026-04-14 12:39:35,991 - INFO - Iteracja 0: condition_best: Strength <= 18.25, quality_best: 0.461, coverage_best: (p=60, n=10, P=365, N=790)
2026-04-14 12:39:35,991 - INFO - Regula po iteracji 0: IF Strength <= 18.25 THEN class = {18.74} [17.30, 20.18], (p=60, n=10, P=365, N=790)
2026-04-14 12:39:35,994 - INFO - Iteracja 1: condition_best: Strength >= 12.55, quality_best: 0.458, coverage_best: (p=59, n=10, P=365, N=790)
2026-04-14 12:39:35,994 - INFO - Regula po iteracji 1: IF Strength <= 18.25 AND Strength >= 12.55 THEN class = {18.72} [17.28, 20.17], (p=59, n=10, P=365, N=790)
2026-04-14 12:39:35,997 - INFO - Iteracja 2: condition_best: Strength >= 12.95, quality_best: 0.455, coverage_best: (p=58, n=10, P=365, N=790)
2026-04-14 12:39:35,997 - INFO - Regula po iteracji 2: IF Strength <= 18.25 AND Strength >= 12.55 AND Strength >= 12.95 THEN class = {18.71} [17.26, 20.15], (p=58, n=10, P=365, N=790)
2026-04-14 12:39:36,000 - INFO - Iteracja 3: condition_best: Strength >= 13.45, quality_best: 0.452, coverage_best: (p=57, n=10, P=365, N=790)
2026-04-14 12:39:36,001 - INFO - Regula po iteracji 3: IF Strength <= 18.25 AND Strength >= 12.55 AND Strength >= 12.95 AND Strength >= 13.45 THEN class = {18.69} [17.24, 20.13], (p=57, n=10, P=365, N=790)
2026-04-14 12:39:36,004 - INFO - Iteracja 4: condition_best: Strength >= 13.95, quality_best: 0.449, coverage_best: (p=56, n=10, P=365, N=790)
2026-04-14 12:39:36,004 - INFO - Regula po iteracji 4: IF Strength <= 18.25 AND Strength >= 12.55 AND Strength >= 12.95 AND Strength >= 13.45 AND Strength >= 13.95 THEN class = {18.67} [17.22, 20.12], (p=56, n=10, P=365, N=790)
2026-04-14 12:39:36,004 - INFO - *******STOP GROWING CR RULE*******
2026-04-14 12:39:36,010 - INFO - *******GROWING CR RULE*******
2026-04-14 12:39:36,071 - INFO - Iteracja 0: condition_best: Strength >= 37.25, quality_best: 0.46, coverage_best: (p=176, n=29, P=593, N=562)
2026-04-14 12:39:36,071 - INFO - Regula po iteracji 0: IF Strength >= 37.25 THEN class = {12.28} [9.98, 14.58], (p=176, n=29, P=593, N=562)
2026-04-14 12:39:36,079 - INFO - Iteracja 1: condition_best: Strength <= 47.85, quality_best: 0.458, coverage_best: (p=175, n=29, P=593, N=562)
2026-04-14 12:39:36,079 - INFO - Regula po iteracji 1: IF Strength >= 37.25 AND Strength <= 47.85 THEN class = {12.29} [9.99, 14.59], (p=175, n=29, P=593, N=562)
2026-04-14 12:39:36,088 - INFO - Iteracja 2: condition_best: Temperature <= 285.00, quality_best: 0.434, coverage_best: (p=64, n=13, P=389, N=766)
2026-04-14 12:39:36,088 - INFO - Regula po iteracji 2: IF Strength >= 37.25 AND Strength <= 47.85 AND Temperature <= 285.00 THEN class = {11.30} [9.66, 12.93], (p=64, n=13, P=389, N=766)
2026-04-14 12:39:36,092 - INFO - Iteracja 3: condition_best: Strength <= 43.75, quality_best: 0.431, coverage_best: (p=63, n=13, P=389, N=766)
2026-04-14 12:39:36,092 - INFO - Regula po iteracji 3: IF Strength >= 37.25 AND Strength <= 47.85 AND Temperature <= 285.00 AND Strength <= 43.75 THEN class = {11.32} [9.68, 12.96], (p=63, n=13, P=389, N=766)
2026-04-14 12:39:36,096 - INFO - Iteracja 4: condition_best: Strength <= 42.85, quality_best: 0.428, coverage_best: (p=62, n=13, P=389, N=766)
2026-04-14 12:39:36,096 - INFO - Regula po iteracji 4: IF Strength >= 37.25 AND Strength <= 47.85 AND Temperature <= 285.00 AND Strength <= 43.75 AND Strength <= 42.85 THEN class = {11.33} [9.69, 12.98], (p=62, n=13, P=389, N=766)
2026-04-14 12:39:36,096 - INFO - *******STOP GROWING CR RULE*******
2026-04-14 12:39:36,102 - INFO - *******GROWING CR RULE*******
2026-04-14 12:39:36,163 - INFO - Iteracja 0: condition_best: Strength >= 37.10, quality_best: 0.459, coverage_best: (p=179, n=30, P=593, N=562)
2026-04-14 12:39:36,163 - INFO - Regula po iteracji 0: IF Strength >= 37.10 THEN class = {12.30} [10.00, 14.60], (p=179, n=30, P=593, N=562)
2026-04-14 12:39:36,172 - INFO - Iteracja 1: condition_best: Temperature <= 295.00, quality_best: 0.398, coverage_best: (p=104, n=34, P=389, N=766)
2026-04-14 12:39:36,172 - INFO - Regula po iteracji 1: IF Strength >= 37.10 AND Temperature <= 295.00 THEN class = {11.72} [9.81, 13.64], (p=104, n=34, P=389, N=766)
2026-04-14 12:39:36,179 - INFO - Iteracja 2: condition_best: Strength <= 46.60, quality_best: 0.396, coverage_best: (p=103, n=34, P=389, N=766)
2026-04-14 12:39:36,179 - INFO - Regula po iteracji 2: IF Strength >= 37.10 AND Temperature <= 295.00 AND Strength <= 46.60 THEN class = {11.74} [9.82, 13.65], (p=103, n=34, P=389, N=766)
2026-04-14 12:39:36,185 - INFO - Iteracja 3: condition_best: Strength <= 46.15, quality_best: 0.393, coverage_best: (p=102, n=34, P=389, N=766)
2026-04-14 12:39:36,185 - INFO - Regula po iteracji 3: IF Strength >= 37.10 AND Temperature <= 295.00 AND Strength <= 46.60 AND Strength <= 46.15 THEN class = {11.75} [9.83, 13.67], (p=102, n=34, P=389, N=766)
2026-04-14 12:39:36,192 - INFO - Iteracja 4: condition_best: Strength <= 45.40, quality_best: 0.391, coverage_best: (p=101, n=34, P=389, N=766)
2026-04-14 12:39:36,192 - INFO - Regula po iteracji 4: IF Strength >= 37.10 AND Temperature <= 295.00 AND Strength <= 46.60 AND Strength <= 46.15 AND Strength <= 45.40 THEN class = {11.76} [9.85, 13.68], (p=101, n=34, P=389, N=766)
2026-04-14 12:39:36,192 - INFO - *******STOP GROWING CR RULE*******
2026-04-14 12:39:36,198 - INFO - *******GROWING CR RULE*******
2026-04-14 12:39:36,259 - INFO - Iteracja 0: condition_best: Strength <= 18.55, quality_best: 0.452, coverage_best: (p=64, n=12, P=365, N=790)
2026-04-14 12:39:36,259 - INFO - Regula po iteracji 0: IF Strength <= 18.55 THEN class = {18.68} [17.21, 20.16], (p=64, n=12, P=365, N=790)
2026-04-14 12:39:36,263 - INFO - Iteracja 1: condition_best: Strength <= 18.45, quality_best: 0.449, coverage_best: (p=63, n=12, P=365, N=790)
2026-04-14 12:39:36,263 - INFO - Regula po iteracji 1: IF Strength <= 18.55 AND Strength <= 18.45 THEN class = {18.67} [17.19, 20.14], (p=63, n=12, P=365, N=790)
2026-04-14 12:39:36,267 - INFO - Iteracja 2: condition_best: Strength >= 12.55, quality_best: 0.446, coverage_best: (p=62, n=12, P=365, N=790)
2026-04-14 12:39:36,267 - INFO - Regula po iteracji 2: IF Strength <= 18.55 AND Strength <= 18.45 AND Strength >= 12.55 THEN class = {18.65} [17.17, 20.12], (p=62, n=12, P=365, N=790)
2026-04-14 12:39:36,270 - INFO - Iteracja 3: condition_best: Strength >= 12.95, quality_best: 0.443, coverage_best: (p=61, n=12, P=365, N=790)
2026-04-14 12:39:36,270 - INFO - Regula po iteracji 3: IF Strength <= 18.55 AND Strength <= 18.45 AND Strength >= 12.55 AND Strength >= 12.95 THEN class = {18.63} [17.15, 20.11], (p=61, n=12, P=365, N=790)
2026-04-14 12:39:36,274 - INFO - Iteracja 4: condition_best: Strength >= 13.45, quality_best: 0.44, coverage_best: (p=60, n=12, P=365, N=790)
2026-04-14 12:39:36,274 - INFO - Regula po iteracji 4: IF Strength <= 18.55 AND Strength <= 18.45 AND Strength >= 12.55 AND Strength >= 12.95 AND Strength >= 13.45 THEN class = {18.61} [17.13, 20.09], (p=60, n=12, P=365, N=790)
2026-04-14 12:39:36,274 - INFO - *******STOP GROWING CR RULE*******
2026-04-14 12:39:36,280 - INFO - *******GROWING CR RULE*******
2026-04-14 12:39:36,341 - INFO - Iteracja 0: condition_best: Strength >= 36.90, quality_best: 0.451, coverage_best: (p=181, n=32, P=593, N=562)
2026-04-14 12:39:36,341 - INFO - Regula po iteracji 0: IF Strength >= 36.90 THEN class = {12.35} [9.97, 14.72], (p=181, n=32, P=593, N=562)
2026-04-14 12:39:36,350 - INFO - Iteracja 1: condition_best: Strength <= 47.85, quality_best: 0.45, coverage_best: (p=180, n=32, P=593, N=562)
2026-04-14 12:39:36,350 - INFO - Regula po iteracji 1: IF Strength >= 36.90 AND Strength <= 47.85 THEN class = {12.36} [9.98, 14.73], (p=180, n=32, P=593, N=562)
2026-04-14 12:39:36,359 - INFO - Iteracja 2: condition_best: Strength <= 46.85, quality_best: 0.448, coverage_best: (p=179, n=32, P=593, N=562)
2026-04-14 12:39:36,359 - INFO - Regula po iteracji 2: IF Strength >= 36.90 AND Strength <= 47.85 AND Strength <= 46.85 THEN class = {12.37} [9.99, 14.75], (p=179, n=32, P=593, N=562)
2026-04-14 12:39:36,368 - INFO - Iteracja 3: condition_best: Strength <= 38.55, quality_best: 0.192, coverage_best: (p=37, n=17, P=585, N=570)
2026-04-14 12:39:36,368 - INFO - Regula po iteracji 3: IF Strength >= 36.90 AND Strength <= 47.85 AND Strength <= 46.85 AND Strength <= 38.55 THEN class = {13.52} [10.88, 16.16], (p=37, n=17, P=585, N=570)
2026-04-14 12:39:36,370 - INFO - Iteracja 4: condition_best: Strength <= 38.45, quality_best: 0.186, coverage_best: (p=32, n=15, P=585, N=570)
2026-04-14 12:39:36,370 - INFO - Regula po iteracji 4: IF Strength >= 36.90 AND Strength <= 47.85 AND Strength <= 46.85 AND Strength <= 38.55 AND Strength <= 38.45 THEN class = {13.49} [10.83, 16.15], (p=32, n=15, P=585, N=570)
2026-04-14 12:39:36,370 - INFO - *******STOP GROWING CR RULE*******
2026-04-14 12:39:36,376 - INFO - *******GROWING CR RULE*******
2026-04-14 12:39:36,438 - INFO - Iteracja 0: condition_best: Strength <= 19.10, quality_best: 0.418, coverage_best: (p=70, n=18, P=365, N=790)
2026-04-14 12:39:36,439 - INFO - Regula po iteracji 0: IF Strength <= 19.10 THEN class = {18.48} [16.83, 20.13], (p=70, n=18, P=365, N=790)
2026-04-14 12:39:36,443 - INFO - Iteracja 1: condition_best: Temperature >= 205.00, quality_best: 0.498, coverage_best: (p=40, n=3, P=365, N=790)
2026-04-14 12:39:36,443 - INFO - Regula po iteracji 1: IF Strength <= 19.10 AND Temperature >= 205.00 THEN class = {19.12} [17.87, 20.36], (p=40, n=3, P=365, N=790)
2026-04-14 12:39:36,446 - INFO - Iteracja 2: condition_best: Strength <= 18.75, quality_best: 0.496, coverage_best: (p=39, n=3, P=365, N=790)
2026-04-14 12:39:36,446 - INFO - Regula po iteracji 2: IF Strength <= 19.10 AND Temperature >= 205.00 AND Strength <= 18.75 THEN class = {19.10} [17.85, 20.35], (p=39, n=3, P=365, N=790)
2026-04-14 12:39:36,448 - INFO - Iteracja 3: condition_best: Strength >= 14.55, quality_best: 0.493, coverage_best: (p=38, n=3, P=365, N=790)
2026-04-14 12:39:36,448 - INFO - Regula po iteracji 3: IF Strength <= 19.10 AND Temperature >= 205.00 AND Strength <= 18.75 AND Strength >= 14.55 THEN class = {19.07} [17.82, 20.33], (p=38, n=3, P=365, N=790)
2026-04-14 12:39:36,451 - INFO - Iteracja 4: condition_best: Strength >= 14.95, quality_best: 0.49, coverage_best: (p=37, n=3, P=365, N=790)
2026-04-14 12:39:36,451 - INFO - Regula po iteracji 4: IF Strength <= 19.10 AND Temperature >= 205.00 AND Strength <= 18.75 AND Strength >= 14.55 AND Strength >= 14.95 THEN class = {19.05} [17.79, 20.31], (p=37, n=3, P=365, N=790)
2026-04-14 12:39:36,451 - INFO - *******STOP GROWING CR RULE*******
2026-04-14 12:39:36,457 - INFO - *******GROWING CR RULE*******
2026-04-14 12:39:36,518 - INFO - Iteracja 0: condition_best: Strength <= 19.10, quality_best: 0.418, coverage_best: (p=70, n=18, P=365, N=790)
2026-04-14 12:39:36,518 - INFO - Regula po iteracji 0: IF Strength <= 19.10 THEN class = {18.48} [16.83, 20.13], (p=70, n=18, P=365, N=790)
2026-04-14 12:39:36,522 - INFO - Iteracja 1: condition_best: Strength <= 18.90, quality_best: 0.415, coverage_best: (p=69, n=18, P=365, N=790)
2026-04-14 12:39:36,522 - INFO - Regula po iteracji 1: IF Strength <= 19.10 AND Strength <= 18.90 THEN class = {18.48} [16.82, 20.14], (p=69, n=18, P=365, N=790)
2026-04-14 12:39:36,526 - INFO - Iteracja 2: condition_best: Strength >= 12.55, quality_best: 0.412, coverage_best: (p=68, n=18, P=365, N=790)
2026-04-14 12:39:36,527 - INFO - Regula po iteracji 2: IF Strength <= 19.10 AND Strength <= 18.90 AND Strength >= 12.55 THEN class = {18.47} [16.80, 20.13], (p=68, n=18, P=365, N=790)
2026-04-14 12:39:36,531 - INFO - Iteracja 3: condition_best: Strength >= 12.95, quality_best: 0.409, coverage_best: (p=67, n=18, P=365, N=790)
2026-04-14 12:39:36,531 - INFO - Regula po iteracji 3: IF Strength <= 19.10 AND Strength <= 18.90 AND Strength >= 12.55 AND Strength >= 12.95 THEN class = {18.45} [16.78, 20.11], (p=67, n=18, P=365, N=790)
2026-04-14 12:39:36,535 - INFO - Iteracja 4: condition_best: Strength >= 13.45, quality_best: 0.405, coverage_best: (p=66, n=18, P=365, N=790)
2026-04-14 12:39:36,535 - INFO - Regula po iteracji 4: IF Strength <= 19.10 AND Strength <= 18.90 AND Strength >= 12.55 AND Strength >= 12.95 AND Strength >= 13.45 THEN class = {18.43} [16.76, 20.09], (p=66, n=18, P=365, N=790)
2026-04-14 12:39:36,535 - INFO - *******STOP GROWING CR RULE*******
2026-04-14 12:39:36,541 - INFO - *******GROWING CR RULE*******
2026-04-14 12:39:36,602 - INFO - Iteracja 0: condition_best: Strength <= 19.40, quality_best: 0.408, coverage_best: (p=72, n=20, P=365, N=790)
2026-04-14 12:39:36,602 - INFO - Regula po iteracji 0: IF Strength <= 19.40 THEN class = {18.41} [16.71, 20.12], (p=72, n=20, P=365, N=790)
2026-04-14 12:39:36,607 - INFO - Iteracja 1: condition_best: Strength >= 12.55, quality_best: 0.405, coverage_best: (p=71, n=20, P=365, N=790)
2026-04-14 12:39:36,607 - INFO - Regula po iteracji 1: IF Strength <= 19.40 AND Strength >= 12.55 THEN class = {18.40} [16.69, 20.10], (p=71, n=20, P=365, N=790)
2026-04-14 12:39:36,611 - INFO - Iteracja 2: condition_best: Strength >= 12.95, quality_best: 0.402, coverage_best: (p=70, n=20, P=365, N=790)
2026-04-14 12:39:36,611 - INFO - Regula po iteracji 2: IF Strength <= 19.40 AND Strength >= 12.55 AND Strength >= 12.95 THEN class = {18.38} [16.67, 20.09], (p=70, n=20, P=365, N=790)
2026-04-14 12:39:36,615 - INFO - Iteracja 3: condition_best: Strength >= 13.45, quality_best: 0.399, coverage_best: (p=69, n=20, P=365, N=790)
2026-04-14 12:39:36,615 - INFO - Regula po iteracji 3: IF Strength <= 19.40 AND Strength >= 12.55 AND Strength >= 12.95 AND Strength >= 13.45 THEN class = {18.36} [16.65, 20.07], (p=69, n=20, P=365, N=790)
2026-04-14 12:39:36,620 - INFO - Iteracja 4: condition_best: Strength >= 13.95, quality_best: 0.396, coverage_best: (p=68, n=20, P=365, N=790)
2026-04-14 12:39:36,620 - INFO - Regula po iteracji 4: IF Strength <= 19.40 AND Strength >= 12.55 AND Strength >= 12.95 AND Strength >= 13.45 AND Strength >= 13.95 THEN class = {18.34} [16.63, 20.05], (p=68, n=20, P=365, N=790)
2026-04-14 12:39:36,620 - INFO - *******STOP GROWING CR RULE*******
2026-04-14 12:39:36,626 - INFO - *******GROWING CR RULE*******
2026-04-14 12:39:36,687 - INFO - Iteracja 0: condition_best: Strength <= 19.60, quality_best: 0.403, coverage_best: (p=75, n=22, P=365, N=790)
2026-04-14 12:39:36,687 - INFO - Regula po iteracji 0: IF Strength <= 19.60 THEN class = {18.37} [16.66, 20.08], (p=75, n=22, P=365, N=790)
2026-04-14 12:39:36,692 - INFO - Iteracja 1: condition_best: Strength >= 12.55, quality_best: 0.4, coverage_best: (p=74, n=22, P=365, N=790)
2026-04-14 12:39:36,692 - INFO - Regula po iteracji 1: IF Strength <= 19.60 AND Strength >= 12.55 THEN class = {18.35} [16.65, 20.06], (p=74, n=22, P=365, N=790)
2026-04-14 12:39:36,696 - INFO - Iteracja 2: condition_best: Strength >= 12.95, quality_best: 0.397, coverage_best: (p=73, n=22, P=365, N=790)
2026-04-14 12:39:36,696 - INFO - Regula po iteracji 2: IF Strength <= 19.60 AND Strength >= 12.55 AND Strength >= 12.95 THEN class = {18.34} [16.63, 20.05], (p=73, n=22, P=365, N=790)
2026-04-14 12:39:36,701 - INFO - Iteracja 3: condition_best: Strength >= 13.45, quality_best: 0.394, coverage_best: (p=72, n=22, P=365, N=790)
2026-04-14 12:39:36,701 - INFO - Regula po iteracji 3: IF Strength <= 19.60 AND Strength >= 12.55 AND Strength >= 12.95 AND Strength >= 13.45 THEN class = {18.32} [16.61, 20.03], (p=72, n=22, P=365, N=790)
2026-04-14 12:39:36,705 - INFO - Iteracja 4: condition_best: Strength >= 13.95, quality_best: 0.391, coverage_best: (p=71, n=22, P=365, N=790)
2026-04-14 12:39:36,705 - INFO - Regula po iteracji 4: IF Strength <= 19.60 AND Strength >= 12.55 AND Strength >= 12.95 AND Strength >= 13.45 AND Strength >= 13.95 THEN class = {18.30} [16.59, 20.01], (p=71, n=22, P=365, N=790)
2026-04-14 12:39:36,705 - INFO - *******STOP GROWING CR RULE*******
2026-04-14 12:39:36,711 - INFO - *******GROWING CR RULE*******
2026-04-14 12:39:36,773 - INFO - Iteracja 0: condition_best: Strength <= 19.85, quality_best: 0.389, coverage_best: (p=77, n=25, P=365, N=790)
2026-04-14 12:39:36,773 - INFO - Regula po iteracji 0: IF Strength <= 19.85 THEN class = {18.27} [16.48, 20.07], (p=77, n=25, P=365, N=790)
2026-04-14 12:39:36,777 - INFO - Iteracja 1: condition_best: Strength >= 12.55, quality_best: 0.385, coverage_best: (p=76, n=25, P=365, N=790)
2026-04-14 12:39:36,778 - INFO - Regula po iteracji 1: IF Strength <= 19.85 AND Strength >= 12.55 THEN class = {18.26} [16.46, 20.05], (p=76, n=25, P=365, N=790)
2026-04-14 12:39:36,782 - INFO - Iteracja 2: condition_best: Strength >= 12.95, quality_best: 0.382, coverage_best: (p=75, n=25, P=365, N=790)
2026-04-14 12:39:36,782 - INFO - Regula po iteracji 2: IF Strength <= 19.85 AND Strength >= 12.55 AND Strength >= 12.95 THEN class = {18.24} [16.44, 20.04], (p=75, n=25, P=365, N=790)
2026-04-14 12:39:36,787 - INFO - Iteracja 3: condition_best: Strength >= 13.45, quality_best: 0.379, coverage_best: (p=74, n=25, P=365, N=790)
2026-04-14 12:39:36,787 - INFO - Regula po iteracji 3: IF Strength <= 19.85 AND Strength >= 12.55 AND Strength >= 12.95 AND Strength >= 13.45 THEN class = {18.22} [16.43, 20.02], (p=74, n=25, P=365, N=790)
2026-04-14 12:39:36,792 - INFO - Iteracja 4: condition_best: Strength >= 19.25, quality_best: 0.257, coverage_best: (p=8, n=4, P=379, N=776)
2026-04-14 12:39:36,792 - INFO - Regula po iteracji 4: IF Strength <= 19.85 AND Strength >= 12.55 AND Strength >= 12.95 AND Strength >= 13.45 AND Strength >= 19.25 THEN class = {17.00} [15.09, 18.91], (p=8, n=4, P=379, N=776)
2026-04-14 12:39:36,792 - INFO - *******STOP GROWING CR RULE*******
2026-04-14 12:39:36,798 - INFO - *******GROWING CR RULE*******
2026-04-14 12:39:36,859 - INFO - Iteracja 0: condition_best: Strength <= 20.25, quality_best: 0.373, coverage_best: (p=84, n=31, P=365, N=790)
2026-04-14 12:39:36,859 - INFO - Regula po iteracji 0: IF Strength <= 20.25 THEN class = {18.16} [16.31, 20.01], (p=84, n=31, P=365, N=790)
2026-04-14 12:39:36,864 - INFO - Iteracja 1: condition_best: Temperature >= 205.00, quality_best: 0.487, coverage_best: (p=53, n=6, P=365, N=790)
2026-04-14 12:39:36,865 - INFO - Regula po iteracji 1: IF Strength <= 20.25 AND Temperature >= 205.00 THEN class = {18.92} [17.57, 20.26], (p=53, n=6, P=365, N=790)
2026-04-14 12:39:36,868 - INFO - Iteracja 2: condition_best: Strength >= 14.55, quality_best: 0.485, coverage_best: (p=52, n=6, P=365, N=790)
2026-04-14 12:39:36,868 - INFO - Regula po iteracji 2: IF Strength <= 20.25 AND Temperature >= 205.00 AND Strength >= 14.55 THEN class = {18.90} [17.55, 20.24], (p=52, n=6, P=365, N=790)
2026-04-14 12:39:36,871 - INFO - Iteracja 3: condition_best: Strength >= 14.95, quality_best: 0.482, coverage_best: (p=51, n=6, P=365, N=790)
2026-04-14 12:39:36,871 - INFO - Regula po iteracji 3: IF Strength <= 20.25 AND Temperature >= 205.00 AND Strength >= 14.55 AND Strength >= 14.95 THEN class = {18.88} [17.53, 20.23], (p=51, n=6, P=365, N=790)
2026-04-14 12:39:36,875 - INFO - Iteracja 4: condition_best: Strength >= 15.35, quality_best: 0.479, coverage_best: (p=50, n=6, P=365, N=790)
2026-04-14 12:39:36,875 - INFO - Regula po iteracji 4: IF Strength <= 20.25 AND Temperature >= 205.00 AND Strength >= 14.55 AND Strength >= 14.95 AND Strength >= 15.35 THEN class = {18.86} [17.50, 20.21], (p=50, n=6, P=365, N=790)
2026-04-14 12:39:36,875 - INFO - *******STOP GROWING CR RULE*******
2026-04-14 12:39:36,880 - INFO - *******GROWING CR RULE*******
2026-04-14 12:39:36,942 - INFO - Iteracja 0: condition_best: Strength <= 20.25, quality_best: 0.373, coverage_best: (p=84, n=31, P=365, N=790)
2026-04-14 12:39:36,942 - INFO - Regula po iteracji 0: IF Strength <= 20.25 THEN class = {18.16} [16.31, 20.01], (p=84, n=31, P=365, N=790)
2026-04-14 12:39:36,947 - INFO - Iteracja 1: condition_best: Strength >= 19.25, quality_best: 0.242, coverage_best: (p=16, n=9, P=379, N=776)
2026-04-14 12:39:36,947 - INFO - Regula po iteracji 1: IF Strength <= 20.25 AND Strength >= 19.25 THEN class = {17.12} [15.15, 19.09], (p=16, n=9, P=379, N=776)
2026-04-14 12:39:36,948 - INFO - Iteracja 2: condition_best: Temperature <= 215.00, quality_best: 0.303, coverage_best: (p=13, n=5, P=379, N=776)
2026-04-14 12:39:36,948 - INFO - Regula po iteracji 2: IF Strength <= 20.25 AND Strength >= 19.25 AND Temperature <= 215.00 THEN class = {16.33} [14.67, 18.00], (p=13, n=5, P=379, N=776)
2026-04-14 12:39:36,949 - INFO - Iteracja 3: condition_best: Strength >= 19.75, quality_best: 0.282, coverage_best: (p=7, n=3, P=379, N=776)
2026-04-14 12:39:36,949 - INFO - Regula po iteracji 3: IF Strength <= 20.25 AND Strength >= 19.25 AND Temperature <= 215.00 AND Strength >= 19.75 THEN class = {16.60} [14.80, 18.40], (p=7, n=3, P=379, N=776)
2026-04-14 12:39:36,950 - INFO - Iteracja 4: condition_best: Strength >= 19.85, quality_best: 0.203, coverage_best: (p=4, n=4, P=197, N=958)
2026-04-14 12:39:36,950 - INFO - Regula po iteracji 4: IF Strength <= 20.25 AND Strength >= 19.25 AND Temperature <= 215.00 AND Strength >= 19.75 AND Strength >= 19.85 THEN class = {16.00} [14.59, 17.41], (p=4, n=4, P=197, N=958)
2026-04-14 12:39:36,950 - INFO - *******STOP GROWING CR RULE*******
2026-04-14 12:39:36,956 - INFO - *******GROWING CR RULE*******
2026-04-14 12:39:37,017 - INFO - Iteracja 0: condition_best: Strength <= 20.55, quality_best: 0.371, coverage_best: (p=91, n=35, P=365, N=790)
2026-04-14 12:39:37,017 - INFO - Regula po iteracji 0: IF Strength <= 20.55 THEN class = {18.10} [16.16, 20.03], (p=91, n=35, P=365, N=790)
2026-04-14 12:39:37,022 - INFO - Iteracja 1: condition_best: Temperature >= 205.00, quality_best: 0.468, coverage_best: (p=59, n=9, P=365, N=790)
2026-04-14 12:39:37,022 - INFO - Regula po iteracji 1: IF Strength <= 20.55 AND Temperature >= 205.00 THEN class = {18.79} [17.29, 20.29], (p=59, n=9, P=365, N=790)
2026-04-14 12:39:37,026 - INFO - Iteracja 2: condition_best: Strength >= 14.55, quality_best: 0.466, coverage_best: (p=58, n=9, P=365, N=790)
2026-04-14 12:39:37,026 - INFO - Regula po iteracji 2: IF Strength <= 20.55 AND Temperature >= 205.00 AND Strength >= 14.55 THEN class = {18.78} [17.27, 20.28], (p=58, n=9, P=365, N=790)
2026-04-14 12:39:37,030 - INFO - Iteracja 3: condition_best: Strength >= 14.95, quality_best: 0.463, coverage_best: (p=57, n=9, P=365, N=790)
2026-04-14 12:39:37,030 - INFO - Regula po iteracji 3: IF Strength <= 20.55 AND Temperature >= 205.00 AND Strength >= 14.55 AND Strength >= 14.95 THEN class = {18.76} [17.25, 20.27], (p=57, n=9, P=365, N=790)
2026-04-14 12:39:37,034 - INFO - Iteracja 4: condition_best: Strength >= 15.35, quality_best: 0.46, coverage_best: (p=56, n=9, P=365, N=790)
2026-04-14 12:39:37,034 - INFO - Regula po iteracji 4: IF Strength <= 20.55 AND Temperature >= 205.00 AND Strength >= 14.55 AND Strength >= 14.95 AND Strength >= 15.35 THEN class = {18.74} [17.23, 20.25], (p=56, n=9, P=365, N=790)
2026-04-14 12:39:37,034 - INFO - *******STOP GROWING CR RULE*******
2026-04-14 12:39:37,040 - INFO - *******GROWING CR RULE*******
2026-04-14 12:39:37,100 - INFO - Iteracja 0: condition_best: Strength <= 21.10, quality_best: 0.182, coverage_best: (p=78, n=69, P=379, N=776)
2026-04-14 12:39:37,100 - INFO - Regula po iteracji 0: IF Strength <= 21.10 THEN class = {17.89} [15.85, 19.94], (p=78, n=69, P=379, N=776)
2026-04-14 12:39:37,106 - INFO - Iteracja 1: condition_best: Temperature >= 215.00, quality_best: 0.476, coverage_best: (p=32, n=3, P=365, N=790)
2026-04-14 12:39:37,106 - INFO - Regula po iteracji 1: IF Strength <= 21.10 AND Temperature >= 215.00 THEN class = {19.09} [17.79, 20.38], (p=32, n=3, P=365, N=790)
2026-04-14 12:39:37,109 - INFO - Iteracja 2: condition_best: Strength >= 16.95, quality_best: 0.472, coverage_best: (p=31, n=3, P=365, N=790)
2026-04-14 12:39:37,109 - INFO - Regula po iteracji 2: IF Strength <= 21.10 AND Temperature >= 215.00 AND Strength >= 16.95 THEN class = {19.06} [17.75, 20.36], (p=31, n=3, P=365, N=790)
2026-04-14 12:39:37,111 - INFO - Iteracja 3: condition_best: Strength >= 17.35, quality_best: 0.469, coverage_best: (p=30, n=3, P=365, N=790)
2026-04-14 12:39:37,111 - INFO - Regula po iteracji 3: IF Strength <= 21.10 AND Temperature >= 215.00 AND Strength >= 16.95 AND Strength >= 17.35 THEN class = {19.03} [17.72, 20.34], (p=30, n=3, P=365, N=790)
2026-04-14 12:39:37,113 - INFO - Iteracja 4: condition_best: Strength >= 17.60, quality_best: 0.466, coverage_best: (p=29, n=3, P=365, N=790)
2026-04-14 12:39:37,113 - INFO - Regula po iteracji 4: IF Strength <= 21.10 AND Temperature >= 215.00 AND Strength >= 16.95 AND Strength >= 17.35 AND Strength >= 17.60 THEN class = {19.00} [17.68, 20.32], (p=29, n=3, P=365, N=790)
2026-04-14 12:39:37,113 - INFO - *******STOP GROWING CR RULE*******
2026-04-14 12:39:37,119 - INFO - *******GROWING CR RULE*******
2026-04-14 12:39:37,179 - INFO - Iteracja 0: condition_best: Strength <= 21.10, quality_best: 0.182, coverage_best: (p=78, n=69, P=379, N=776)
2026-04-14 12:39:37,179 - INFO - Regula po iteracji 0: IF Strength <= 21.10 THEN class = {17.89} [15.85, 19.94], (p=78, n=69, P=379, N=776)
2026-04-14 12:39:37,186 - INFO - Iteracja 1: condition_best: Temperature >= 205.00, quality_best: 0.425, coverage_best: (p=67, n=16, P=365, N=790)
2026-04-14 12:39:37,186 - INFO - Regula po iteracji 1: IF Strength <= 21.10 AND Temperature >= 205.00 THEN class = {18.55} [16.90, 20.21], (p=67, n=16, P=365, N=790)
2026-04-14 12:39:37,190 - INFO - Iteracja 2: condition_best: Strength <= 20.75, quality_best: 0.428, coverage_best: (p=65, n=15, P=365, N=790)
2026-04-14 12:39:37,190 - INFO - Regula po iteracji 2: IF Strength <= 21.10 AND Temperature >= 205.00 AND Strength <= 20.75 THEN class = {18.57} [16.93, 20.22], (p=65, n=15, P=365, N=790)
2026-04-14 12:39:37,194 - INFO - Iteracja 3: condition_best: Strength >= 14.55, quality_best: 0.425, coverage_best: (p=64, n=15, P=365, N=790)
2026-04-14 12:39:37,194 - INFO - Regula po iteracji 3: IF Strength <= 21.10 AND Temperature >= 205.00 AND Strength <= 20.75 AND Strength >= 14.55 THEN class = {18.56} [16.91, 20.21], (p=64, n=15, P=365, N=790)
2026-04-14 12:39:37,198 - INFO - Iteracja 4: condition_best: Strength >= 14.95, quality_best: 0.421, coverage_best: (p=63, n=15, P=365, N=790)
2026-04-14 12:39:37,198 - INFO - Regula po iteracji 4: IF Strength <= 21.10 AND Temperature >= 205.00 AND Strength <= 20.75 AND Strength >= 14.55 AND Strength >= 14.95 THEN class = {18.54} [16.88, 20.19], (p=63, n=15, P=365, N=790)
2026-04-14 12:39:37,198 - INFO - *******STOP GROWING CR RULE*******
2026-04-14 12:39:37,204 - INFO - *******GROWING CR RULE*******
2026-04-14 12:39:37,264 - INFO - Iteracja 0: condition_best: Strength <= 21.10, quality_best: 0.182, coverage_best: (p=78, n=69, P=379, N=776)
2026-04-14 12:39:37,264 - INFO - Regula po iteracji 0: IF Strength <= 21.10 THEN class = {17.89} [15.85, 19.94], (p=78, n=69, P=379, N=776)
2026-04-14 12:39:37,271 - INFO - Iteracja 1: condition_best: Strength >= 16.25, quality_best: 0.229, coverage_best: (p=70, n=49, P=379, N=776)
2026-04-14 12:39:37,271 - INFO - Regula po iteracji 1: IF Strength <= 21.10 AND Strength >= 16.25 THEN class = {17.53} [15.46, 19.60], (p=70, n=49, P=379, N=776)
2026-04-14 12:39:37,275 - INFO - Iteracja 2: condition_best: Temperature <= 215.00, quality_best: 0.3, coverage_best: (p=57, n=27, P=379, N=776)
2026-04-14 12:39:37,275 - INFO - Regula po iteracji 2: IF Strength <= 21.10 AND Strength >= 16.25 AND Temperature <= 215.00 THEN class = {16.88} [14.90, 18.87], (p=57, n=27, P=379, N=776)
2026-04-14 12:39:37,279 - INFO - Iteracja 3: condition_best: Strength >= 19.10, quality_best: 0.384, coverage_best: (p=32, n=5, P=583, N=572)
2026-04-14 12:39:37,280 - INFO - Regula po iteracji 3: IF Strength <= 21.10 AND Strength >= 16.25 AND Temperature <= 215.00 AND Strength >= 19.10 THEN class = {16.00} [13.97, 18.03], (p=32, n=5, P=583, N=572)
2026-04-14 12:39:37,281 - INFO - Iteracja 4: condition_best: Strength <= 20.90, quality_best: 0.379, coverage_best: (p=31, n=5, P=583, N=572)
2026-04-14 12:39:37,281 - INFO - Regula po iteracji 4: IF Strength <= 21.10 AND Strength >= 16.25 AND Temperature <= 215.00 AND Strength >= 19.10 AND Strength <= 20.90 THEN class = {16.00} [13.95, 18.05], (p=31, n=5, P=583, N=572)
2026-04-14 12:39:37,282 - INFO - *******STOP GROWING CR RULE*******
2026-04-14 12:39:37,287 - INFO - *******GROWING CR RULE*******
2026-04-14 12:39:37,350 - INFO - Iteracja 0: condition_best: Strength <= 21.40, quality_best: 0.179, coverage_best: (p=80, n=72, P=379, N=776)
2026-04-14 12:39:37,350 - INFO - Regula po iteracji 0: IF Strength <= 21.40 THEN class = {17.83} [15.73, 19.93], (p=80, n=72, P=379, N=776)
2026-04-14 12:39:37,356 - INFO - Iteracja 1: condition_best: Strength >= 16.25, quality_best: 0.224, coverage_best: (p=72, n=52, P=379, N=776)
2026-04-14 12:39:37,356 - INFO - Regula po iteracji 1: IF Strength <= 21.40 AND Strength >= 16.25 THEN class = {17.47} [15.34, 19.59], (p=72, n=52, P=379, N=776)
2026-04-14 12:39:37,361 - INFO - Iteracja 2: condition_best: Temperature <= 225.00, quality_best: 0.267, coverage_best: (p=70, n=41, P=379, N=776)
2026-04-14 12:39:37,361 - INFO - Regula po iteracji 2: IF Strength <= 21.40 AND Strength >= 16.25 AND Temperature <= 225.00 THEN class = {17.21} [15.12, 19.29], (p=70, n=41, P=379, N=776)
2026-04-14 12:39:37,366 - INFO - Iteracja 3: condition_best: Strength >= 20.15, quality_best: 0.325, coverage_best: (p=30, n=7, P=583, N=572)
2026-04-14 12:39:37,366 - INFO - Regula po iteracji 3: IF Strength <= 21.40 AND Strength >= 16.25 AND Temperature <= 225.00 AND Strength >= 20.15 THEN class = {16.22} [14.00, 18.44], (p=30, n=7, P=583, N=572)
2026-04-14 12:39:37,367 - INFO - Iteracja 4: condition_best: Strength >= 20.25, quality_best: 0.303, coverage_best: (p=23, n=6, P=583, N=572)
2026-04-14 12:39:37,367 - INFO - Regula po iteracji 4: IF Strength <= 21.40 AND Strength >= 16.25 AND Temperature <= 225.00 AND Strength >= 20.15 AND Strength >= 20.25 THEN class = {16.07} [13.81, 18.33], (p=23, n=6, P=583, N=572)
2026-04-14 12:39:37,367 - INFO - *******STOP GROWING CR RULE*******
2026-04-14 12:39:37,373 - INFO - *******GROWING CR RULE*******
2026-04-14 12:39:37,434 - INFO - Iteracja 0: condition_best: Strength <= 22.90, quality_best: 0.175, coverage_best: (p=115, n=111, P=379, N=776)
2026-04-14 12:39:37,434 - INFO - Regula po iteracji 0: IF Strength <= 22.90 THEN class = {17.40} [14.99, 19.81], (p=115, n=111, P=379, N=776)
2026-04-14 12:39:37,442 - INFO - Iteracja 1: condition_best: Temperature >= 225.00, quality_best: 0.518, coverage_best: (p=41, n=2, P=365, N=790)
2026-04-14 12:39:37,442 - INFO - Regula po iteracji 1: IF Strength <= 22.90 AND Temperature >= 225.00 THEN class = {19.07} [17.90, 20.24], (p=41, n=2, P=365, N=790)
2026-04-14 12:39:37,445 - INFO - Iteracja 2: condition_best: Strength <= 22.75, quality_best: 0.516, coverage_best: (p=40, n=2, P=365, N=790)
2026-04-14 12:39:37,445 - INFO - Regula po iteracji 2: IF Strength <= 22.90 AND Temperature >= 225.00 AND Strength <= 22.75 THEN class = {19.10} [17.92, 20.27], (p=40, n=2, P=365, N=790)
2026-04-14 12:39:37,448 - INFO - Iteracja 3: condition_best: Strength >= 18.55, quality_best: 0.514, coverage_best: (p=39, n=2, P=365, N=790)
2026-04-14 12:39:37,448 - INFO - Regula po iteracji 3: IF Strength <= 22.90 AND Temperature >= 225.00 AND Strength <= 22.75 AND Strength >= 18.55 THEN class = {19.07} [17.90, 20.25], (p=39, n=2, P=365, N=790)
2026-04-14 12:39:37,450 - INFO - Iteracja 4: condition_best: Strength >= 18.95, quality_best: 0.512, coverage_best: (p=38, n=2, P=365, N=790)
2026-04-14 12:39:37,450 - INFO - Regula po iteracji 4: IF Strength <= 22.90 AND Temperature >= 225.00 AND Strength <= 22.75 AND Strength >= 18.55 AND Strength >= 18.95 THEN class = {19.05} [17.87, 20.23], (p=38, n=2, P=365, N=790)
2026-04-14 12:39:37,450 - INFO - *******STOP GROWING CR RULE*******
2026-04-14 12:39:37,456 - INFO - *******GROWING CR RULE*******
2026-04-14 12:39:37,516 - INFO - Iteracja 0: condition_best: Strength <= 22.90, quality_best: 0.175, coverage_best: (p=115, n=111, P=379, N=776)
2026-04-14 12:39:37,516 - INFO - Regula po iteracji 0: IF Strength <= 22.90 THEN class = {17.40} [14.99, 19.81], (p=115, n=111, P=379, N=776)
2026-04-14 12:39:37,525 - INFO - Iteracja 1: condition_best: Temperature >= 205.00, quality_best: 0.495, coverage_best: (p=132, n=15, P=562, N=593)
2026-04-14 12:39:37,525 - INFO - Regula po iteracji 1: IF Strength <= 22.90 AND Temperature >= 205.00 THEN class = {17.99} [15.91, 20.07], (p=132, n=15, P=562, N=593)
2026-04-14 12:39:37,532 - INFO - Iteracja 2: condition_best: Strength <= 22.75, quality_best: 0.499, coverage_best: (p=130, n=14, P=562, N=593)
2026-04-14 12:39:37,532 - INFO - Regula po iteracji 2: IF Strength <= 22.90 AND Temperature >= 205.00 AND Strength <= 22.75 THEN class = {18.03} [15.96, 20.10], (p=130, n=14, P=562, N=593)
2026-04-14 12:39:37,538 - INFO - Iteracja 3: condition_best: Strength >= 14.55, quality_best: 0.498, coverage_best: (p=129, n=14, P=562, N=593)
2026-04-14 12:39:37,539 - INFO - Regula po iteracji 3: IF Strength <= 22.90 AND Temperature >= 205.00 AND Strength <= 22.75 AND Strength >= 14.55 THEN class = {18.01} [15.95, 20.08], (p=129, n=14, P=562, N=593)
2026-04-14 12:39:37,545 - INFO - Iteracja 4: condition_best: Strength >= 14.95, quality_best: 0.496, coverage_best: (p=128, n=14, P=562, N=593)
2026-04-14 12:39:37,545 - INFO - Regula po iteracji 4: IF Strength <= 22.90 AND Temperature >= 205.00 AND Strength <= 22.75 AND Strength >= 14.55 AND Strength >= 14.95 THEN class = {18.00} [15.93, 20.07], (p=128, n=14, P=562, N=593)
2026-04-14 12:39:37,545 - INFO - *******STOP GROWING CR RULE*******
2026-04-14 12:39:37,551 - INFO - *******GROWING CR RULE*******
2026-04-14 12:39:37,612 - INFO - Iteracja 0: condition_best: Strength <= 22.90, quality_best: 0.175, coverage_best: (p=115, n=111, P=379, N=776)
2026-04-14 12:39:37,612 - INFO - Regula po iteracji 0: IF Strength <= 22.90 THEN class = {17.40} [14.99, 19.81], (p=115, n=111, P=379, N=776)
2026-04-14 12:39:37,621 - INFO - Iteracja 1: condition_best: Temperature <= 205.00, quality_best: 0.212, coverage_best: (p=55, n=24, P=583, N=572)
2026-04-14 12:39:37,621 - INFO - Regula po iteracji 1: IF Strength <= 22.90 AND Temperature <= 205.00 THEN class = {16.30} [13.72, 18.89], (p=55, n=24, P=583, N=572)
2026-04-14 12:39:37,627 - INFO - Iteracja 2: condition_best: Strength >= 19.85, quality_best: 0.408, coverage_best: (p=25, n=3, P=585, N=570)
2026-04-14 12:39:37,627 - INFO - Regula po iteracji 2: IF Strength <= 22.90 AND Temperature <= 205.00 AND Strength >= 19.85 THEN class = {14.00} [12.00, 16.00], (p=25, n=3, P=585, N=570)
2026-04-14 12:39:37,629 - INFO - Iteracja 3: condition_best: Strength >= 21.10, quality_best: 0.308, coverage_best: (p=11, n=4, P=388, N=767)
2026-04-14 12:39:37,629 - INFO - Regula po iteracji 3: IF Strength <= 22.90 AND Temperature <= 205.00 AND Strength >= 19.85 AND Strength >= 21.10 THEN class = {13.20} [11.44, 14.96], (p=11, n=4, P=388, N=767)
2026-04-14 12:39:37,630 - INFO - Iteracja 4: condition_best: Strength <= 22.35, quality_best: 0.425, coverage_best: (p=8, n=1, P=388, N=767)
2026-04-14 12:39:37,631 - INFO - Regula po iteracji 4: IF Strength <= 22.90 AND Temperature <= 205.00 AND Strength >= 19.85 AND Strength >= 21.10 AND Strength <= 22.35 THEN class = {13.11} [11.74, 14.48], (p=8, n=1, P=388, N=767)
2026-04-14 12:39:37,631 - INFO - *******STOP GROWING CR RULE*******
2026-04-14 12:39:37,636 - INFO - *******GROWING CR RULE*******
2026-04-14 12:39:37,695 - INFO - Iteracja 0: condition_best: Strength <= 22.90, quality_best: 0.175, coverage_best: (p=115, n=111, P=379, N=776)
2026-04-14 12:39:37,695 - INFO - Regula po iteracji 0: IF Strength <= 22.90 THEN class = {17.40} [14.99, 19.81], (p=115, n=111, P=379, N=776)
2026-04-14 12:39:37,703 - INFO - Iteracja 1: condition_best: Temperature <= 205.00, quality_best: 0.212, coverage_best: (p=55, n=24, P=583, N=572)
2026-04-14 12:39:37,703 - INFO - Regula po iteracji 1: IF Strength <= 22.90 AND Temperature <= 205.00 THEN class = {16.30} [13.72, 18.89], (p=55, n=24, P=583, N=572)
2026-04-14 12:39:37,709 - INFO - Iteracja 2: condition_best: Strength >= 19.85, quality_best: 0.408, coverage_best: (p=25, n=3, P=585, N=570)
2026-04-14 12:39:37,709 - INFO - Regula po iteracji 2: IF Strength <= 22.90 AND Temperature <= 205.00 AND Strength >= 19.85 THEN class = {14.00} [12.00, 16.00], (p=25, n=3, P=585, N=570)
2026-04-14 12:39:37,711 - INFO - Iteracja 3: condition_best: Strength >= 21.10, quality_best: 0.308, coverage_best: (p=11, n=4, P=388, N=767)
2026-04-14 12:39:37,711 - INFO - Regula po iteracji 3: IF Strength <= 22.90 AND Temperature <= 205.00 AND Strength >= 19.85 AND Strength >= 21.10 THEN class = {13.20} [11.44, 14.96], (p=11, n=4, P=388, N=767)
2026-04-14 12:39:37,712 - INFO - Iteracja 4: condition_best: Strength <= 22.75, quality_best: 0.292, coverage_best: (p=10, n=4, P=388, N=767)
2026-04-14 12:39:37,712 - INFO - Regula po iteracji 4: IF Strength <= 22.90 AND Temperature <= 205.00 AND Strength >= 19.85 AND Strength >= 21.10 AND Strength <= 22.75 THEN class = {13.29} [11.50, 15.08], (p=10, n=4, P=388, N=767)
2026-04-14 12:39:37,713 - INFO - *******STOP GROWING CR RULE*******
2026-04-14 12:39:37,717 - INFO - *******GROWING CR RULE*******
2026-04-14 12:39:37,777 - INFO - Iteracja 0: condition_best: Strength <= 23.10, quality_best: 0.173, coverage_best: (p=115, n=112, P=379, N=776)
2026-04-14 12:39:37,777 - INFO - Regula po iteracji 0: IF Strength <= 23.10 THEN class = {17.38} [14.97, 19.80], (p=115, n=112, P=379, N=776)
2026-04-14 12:39:37,785 - INFO - Iteracja 1: condition_best: Strength >= 16.25, quality_best: 0.2, coverage_best: (p=107, n=92, P=379, N=776)
2026-04-14 12:39:37,785 - INFO - Regula po iteracji 1: IF Strength <= 23.10 AND Strength >= 16.25 THEN class = {17.10} [14.68, 19.52], (p=107, n=92, P=379, N=776)
2026-04-14 12:39:37,792 - INFO - Iteracja 2: condition_best: Temperature <= 235.00, quality_best: 0.225, coverage_best: (p=104, n=80, P=379, N=776)
2026-04-14 12:39:37,792 - INFO - Regula po iteracji 2: IF Strength <= 23.10 AND Strength >= 16.25 AND Temperature <= 235.00 THEN class = {16.89} [14.50, 19.28], (p=104, n=80, P=379, N=776)
2026-04-14 12:39:37,799 - INFO - Iteracja 3: condition_best: Strength >= 18.65, quality_best: 0.286, coverage_best: (p=100, n=34, P=583, N=572)
2026-04-14 12:39:37,799 - INFO - Regula po iteracji 3: IF Strength <= 23.10 AND Strength >= 16.25 AND Temperature <= 235.00 AND Strength >= 18.65 THEN class = {16.39} [13.94, 18.84], (p=100, n=34, P=583, N=572)
2026-04-14 12:39:37,803 - INFO - Iteracja 4: condition_best: Strength >= 19.25, quality_best: 0.281, coverage_best: (p=91, n=31, P=583, N=572)
2026-04-14 12:39:37,803 - INFO - Regula po iteracji 4: IF Strength <= 23.10 AND Strength >= 16.25 AND Temperature <= 235.00 AND Strength >= 18.65 AND Strength >= 19.25 THEN class = {16.33} [13.87, 18.79], (p=91, n=31, P=583, N=572)
2026-04-14 12:39:37,803 - INFO - *******STOP GROWING CR RULE*******
2026-04-14 12:39:37,808 - INFO - *******GROWING CR RULE*******
2026-04-14 12:39:37,867 - INFO - Iteracja 0: condition_best: Strength <= 23.40, quality_best: 0.17, coverage_best: (p=118, n=117, P=379, N=776)
2026-04-14 12:39:37,867 - INFO - Regula po iteracji 0: IF Strength <= 23.40 THEN class = {17.32} [14.87, 19.77], (p=118, n=117, P=379, N=776)
2026-04-14 12:39:37,876 - INFO - Iteracja 1: condition_best: Temperature >= 205.00, quality_best: 0.48, coverage_best: (p=136, n=18, P=562, N=593)
2026-04-14 12:39:37,876 - INFO - Regula po iteracji 1: IF Strength <= 23.40 AND Temperature >= 205.00 THEN class = {17.90} [15.75, 20.04], (p=136, n=18, P=562, N=593)
2026-04-14 12:39:37,883 - INFO - Iteracja 2: condition_best: Strength >= 14.55, quality_best: 0.478, coverage_best: (p=135, n=18, P=562, N=593)
2026-04-14 12:39:37,883 - INFO - Regula po iteracji 2: IF Strength <= 23.40 AND Temperature >= 205.00 AND Strength >= 14.55 THEN class = {17.88} [15.73, 20.03], (p=135, n=18, P=562, N=593)
2026-04-14 12:39:37,889 - INFO - Iteracja 3: condition_best: Strength >= 14.95, quality_best: 0.476, coverage_best: (p=134, n=18, P=562, N=593)
2026-04-14 12:39:37,889 - INFO - Regula po iteracji 3: IF Strength <= 23.40 AND Temperature >= 205.00 AND Strength >= 14.55 AND Strength >= 14.95 THEN class = {17.87} [15.72, 20.02], (p=134, n=18, P=562, N=593)
2026-04-14 12:39:37,895 - INFO - Iteracja 4: condition_best: Strength >= 15.35, quality_best: 0.475, coverage_best: (p=133, n=18, P=562, N=593)
2026-04-14 12:39:37,895 - INFO - Regula po iteracji 4: IF Strength <= 23.40 AND Temperature >= 205.00 AND Strength >= 14.55 AND Strength >= 14.95 AND Strength >= 15.35 THEN class = {17.85} [15.71, 20.00], (p=133, n=18, P=562, N=593)
2026-04-14 12:39:37,896 - INFO - *******STOP GROWING CR RULE*******
2026-04-14 12:39:37,900 - INFO - *******GROWING CR RULE*******
2026-04-14 12:39:37,960 - INFO - Iteracja 0: condition_best: Strength <= 23.75, quality_best: 0.164, coverage_best: (p=124, n=127, P=379, N=776)
2026-04-14 12:39:37,960 - INFO - Regula po iteracji 0: IF Strength <= 23.75 THEN class = {17.15} [14.55, 19.74], (p=124, n=127, P=379, N=776)
2026-04-14 12:39:37,969 - INFO - Iteracja 1: condition_best: Temperature >= 225.00, quality_best: 0.488, coverage_best: (p=48, n=5, P=365, N=790)
2026-04-14 12:39:37,969 - INFO - Regula po iteracji 1: IF Strength <= 23.75 AND Temperature >= 225.00 THEN class = {18.87} [17.55, 20.19], (p=48, n=5, P=365, N=790)
2026-04-14 12:39:37,972 - INFO - Iteracja 2: condition_best: Strength >= 18.55, quality_best: 0.485, coverage_best: (p=47, n=5, P=365, N=790)
2026-04-14 12:39:37,972 - INFO - Regula po iteracji 2: IF Strength <= 23.75 AND Temperature >= 225.00 AND Strength >= 18.55 THEN class = {18.85} [17.52, 20.17], (p=47, n=5, P=365, N=790)
2026-04-14 12:39:37,975 - INFO - Iteracja 3: condition_best: Strength >= 18.95, quality_best: 0.482, coverage_best: (p=46, n=5, P=365, N=790)
2026-04-14 12:39:37,975 - INFO - Regula po iteracji 3: IF Strength <= 23.75 AND Temperature >= 225.00 AND Strength >= 18.55 AND Strength >= 18.95 THEN class = {18.82} [17.50, 20.15], (p=46, n=5, P=365, N=790)
2026-04-14 12:39:37,978 - INFO - Iteracja 4: condition_best: Strength >= 19.35, quality_best: 0.48, coverage_best: (p=45, n=5, P=365, N=790)
2026-04-14 12:39:37,978 - INFO - Regula po iteracji 4: IF Strength <= 23.75 AND Temperature >= 225.00 AND Strength >= 18.55 AND Strength >= 18.95 AND Strength >= 19.35 THEN class = {18.80} [17.47, 20.13], (p=45, n=5, P=365, N=790)
2026-04-14 12:39:37,978 - INFO - *******STOP GROWING CR RULE*******
2026-04-14 12:39:37,983 - INFO - *******GROWING CR RULE*******
2026-04-14 12:39:38,041 - INFO - Iteracja 0: condition_best: Strength <= 23.75, quality_best: 0.164, coverage_best: (p=124, n=127, P=379, N=776)
2026-04-14 12:39:38,041 - INFO - Regula po iteracji 0: IF Strength <= 23.75 THEN class = {17.15} [14.55, 19.74], (p=124, n=127, P=379, N=776)
2026-04-14 12:39:38,050 - INFO - Iteracja 1: condition_best: Strength >= 18.65, quality_best: 0.201, coverage_best: (p=116, n=57, P=583, N=572)
2026-04-14 12:39:38,051 - INFO - Regula po iteracji 1: IF Strength <= 23.75 AND Strength >= 18.65 THEN class = {16.46} [13.76, 19.16], (p=116, n=57, P=583, N=572)
2026-04-14 12:39:38,056 - INFO - Iteracja 2: condition_best: Temperature <= 205.00, quality_best: 0.335, coverage_best: (p=36, n=8, P=585, N=570)
2026-04-14 12:39:38,056 - INFO - Regula po iteracji 2: IF Strength <= 23.75 AND Strength >= 18.65 AND Temperature <= 205.00 THEN class = {13.95} [11.76, 16.15], (p=36, n=8, P=585, N=570)
2026-04-14 12:39:38,059 - INFO - Iteracja 3: condition_best: Strength >= 22.90, quality_best: 0.379, coverage_best: (p=5, n=1, P=389, N=766)
2026-04-14 12:39:38,059 - INFO - Regula po iteracji 3: IF Strength <= 23.75 AND Strength >= 18.65 AND Temperature <= 205.00 AND Strength >= 22.90 THEN class = {11.33} [9.84, 12.82], (p=5, n=1, P=389, N=766)
2026-04-14 12:39:38,060 - INFO - Iteracja 4: condition_best: Strength >= 23.15, quality_best: 0.261, coverage_best: (p=3, n=2, P=205, N=950)
2026-04-14 12:39:38,060 - INFO - Regula po iteracji 4: IF Strength <= 23.75 AND Strength >= 18.65 AND Temperature <= 205.00 AND Strength >= 22.90 AND Strength >= 23.15 THEN class = {10.80} [9.82, 11.78], (p=3, n=2, P=205, N=950)
2026-04-14 12:39:38,060 - INFO - *******STOP GROWING CR RULE*******
2026-04-14 12:39:38,064 - INFO - *******GROWING CR RULE*******
2026-04-14 12:39:38,124 - INFO - Iteracja 0: condition_best: Strength <= 23.75, quality_best: 0.164, coverage_best: (p=124, n=127, P=379, N=776)
2026-04-14 12:39:38,124 - INFO - Regula po iteracji 0: IF Strength <= 23.75 THEN class = {17.15} [14.55, 19.74], (p=124, n=127, P=379, N=776)
2026-04-14 12:39:38,133 - INFO - Iteracja 1: condition_best: Strength >= 18.65, quality_best: 0.201, coverage_best: (p=116, n=57, P=583, N=572)
2026-04-14 12:39:38,133 - INFO - Regula po iteracji 1: IF Strength <= 23.75 AND Strength >= 18.65 THEN class = {16.46} [13.76, 19.16], (p=116, n=57, P=583, N=572)
2026-04-14 12:39:38,138 - INFO - Iteracja 2: condition_best: Temperature <= 235.00, quality_best: 0.265, coverage_best: (p=111, n=42, P=583, N=572)
2026-04-14 12:39:38,138 - INFO - Regula po iteracji 2: IF Strength <= 23.75 AND Strength >= 18.65 AND Temperature <= 235.00 THEN class = {16.07} [13.46, 18.67], (p=111, n=42, P=583, N=572)
2026-04-14 12:39:38,143 - INFO - Iteracja 3: condition_best: Strength >= 19.25, quality_best: 0.259, coverage_best: (p=102, n=39, P=583, N=572)
2026-04-14 12:39:38,143 - INFO - Regula po iteracji 3: IF Strength <= 23.75 AND Strength >= 18.65 AND Temperature <= 235.00 AND Strength >= 19.25 THEN class = {15.99} [13.37, 18.60], (p=102, n=39, P=583, N=572)
2026-04-14 12:39:38,147 - INFO - Iteracja 4: condition_best: Strength >= 22.75, quality_best: 0.254, coverage_best: (p=18, n=6, P=585, N=570)
2026-04-14 12:39:38,147 - INFO - Regula po iteracji 4: IF Strength <= 23.75 AND Strength >= 18.65 AND Temperature <= 235.00 AND Strength >= 19.25 AND Strength >= 22.75 THEN class = {14.00} [11.55, 16.45], (p=18, n=6, P=585, N=570)
2026-04-14 12:39:38,147 - INFO - *******STOP GROWING CR RULE*******
2026-04-14 12:39:38,152 - INFO - *******GROWING CR RULE*******
2026-04-14 12:39:38,211 - INFO - Iteracja 0: condition_best: Strength <= 24.15, quality_best: 0.161, coverage_best: (p=127, n=132, P=379, N=776)
2026-04-14 12:39:38,211 - INFO - Regula po iteracji 0: IF Strength <= 24.15 THEN class = {17.14} [14.53, 19.74], (p=127, n=132, P=379, N=776)
2026-04-14 12:39:38,221 - INFO - Iteracja 1: condition_best: Temperature >= 215.00, quality_best: 0.404, coverage_best: (p=80, n=24, P=365, N=790)
2026-04-14 12:39:38,221 - INFO - Regula po iteracji 1: IF Strength <= 24.15 AND Temperature >= 215.00 THEN class = {18.29} [16.53, 20.05], (p=80, n=24, P=365, N=790)
2026-04-14 12:39:38,225 - INFO - Iteracja 2: condition_best: Strength >= 16.95, quality_best: 0.401, coverage_best: (p=79, n=24, P=365, N=790)
2026-04-14 12:39:38,226 - INFO - Regula po iteracji 2: IF Strength <= 24.15 AND Temperature >= 215.00 AND Strength >= 16.95 THEN class = {18.27} [16.51, 20.04], (p=79, n=24, P=365, N=790)
2026-04-14 12:39:38,230 - INFO - Iteracja 3: condition_best: Strength >= 17.35, quality_best: 0.398, coverage_best: (p=78, n=24, P=365, N=790)
2026-04-14 12:39:38,230 - INFO - Regula po iteracji 3: IF Strength <= 24.15 AND Temperature >= 215.00 AND Strength >= 16.95 AND Strength >= 17.35 THEN class = {18.25} [16.49, 20.02], (p=78, n=24, P=365, N=790)
2026-04-14 12:39:38,235 - INFO - Iteracja 4: condition_best: Strength >= 17.60, quality_best: 0.395, coverage_best: (p=77, n=24, P=365, N=790)
2026-04-14 12:39:38,235 - INFO - Regula po iteracji 4: IF Strength <= 24.15 AND Temperature >= 215.00 AND Strength >= 16.95 AND Strength >= 17.35 AND Strength >= 17.60 THEN class = {18.24} [16.47, 20.00], (p=77, n=24, P=365, N=790)
2026-04-14 12:39:38,235 - INFO - *******STOP GROWING CR RULE*******
2026-04-14 12:39:38,240 - INFO - *******GROWING CR RULE*******
2026-04-14 12:39:38,299 - INFO - Iteracja 0: condition_best: Strength <= 24.25, quality_best: 0.143, coverage_best: (p=130, n=146, P=379, N=776)
2026-04-14 12:39:38,299 - INFO - Regula po iteracji 0: IF Strength <= 24.25 THEN class = {17.00} [14.27, 19.73], (p=130, n=146, P=379, N=776)
2026-04-14 12:39:38,309 - INFO - Iteracja 1: condition_best: Temperature >= 225.00, quality_best: 0.5, coverage_best: (p=58, n=6, P=365, N=790)
2026-04-14 12:39:38,309 - INFO - Regula po iteracji 1: IF Strength <= 24.25 AND Temperature >= 225.00 THEN class = {18.88} [17.56, 20.19], (p=58, n=6, P=365, N=790)
2026-04-14 12:39:38,312 - INFO - Iteracja 2: condition_best: Strength >= 18.55, quality_best: 0.498, coverage_best: (p=57, n=6, P=365, N=790)
2026-04-14 12:39:38,312 - INFO - Regula po iteracji 2: IF Strength <= 24.25 AND Temperature >= 225.00 AND Strength >= 18.55 THEN class = {18.86} [17.54, 20.18], (p=57, n=6, P=365, N=790)
2026-04-14 12:39:38,316 - INFO - Iteracja 3: condition_best: Strength >= 18.95, quality_best: 0.495, coverage_best: (p=56, n=6, P=365, N=790)
2026-04-14 12:39:38,316 - INFO - Regula po iteracji 3: IF Strength <= 24.25 AND Temperature >= 225.00 AND Strength >= 18.55 AND Strength >= 18.95 THEN class = {18.84} [17.52, 20.16], (p=56, n=6, P=365, N=790)
2026-04-14 12:39:38,319 - INFO - Iteracja 4: condition_best: Strength >= 19.35, quality_best: 0.493, coverage_best: (p=55, n=6, P=365, N=790)
2026-04-14 12:39:38,319 - INFO - Regula po iteracji 4: IF Strength <= 24.25 AND Temperature >= 225.00 AND Strength >= 18.55 AND Strength >= 18.95 AND Strength >= 19.35 THEN class = {18.82} [17.50, 20.14], (p=55, n=6, P=365, N=790)
2026-04-14 12:39:38,319 - INFO - *******STOP GROWING CR RULE*******
2026-04-14 12:39:38,324 - INFO - *******GROWING CR RULE*******
2026-04-14 12:39:38,385 - INFO - Iteracja 0: condition_best: Strength <= 24.25, quality_best: 0.143, coverage_best: (p=130, n=146, P=379, N=776)
2026-04-14 12:39:38,385 - INFO - Regula po iteracji 0: IF Strength <= 24.25 THEN class = {17.00} [14.27, 19.73], (p=130, n=146, P=379, N=776)
2026-04-14 12:39:38,395 - INFO - Iteracja 1: condition_best: Strength >= 17.40, quality_best: 0.178, coverage_best: (p=146, n=80, P=583, N=572)
2026-04-14 12:39:38,395 - INFO - Regula po iteracji 1: IF Strength <= 24.25 AND Strength >= 17.40 THEN class = {16.56} [13.79, 19.33], (p=146, n=80, P=583, N=572)
2026-04-14 12:39:38,402 - INFO - Iteracja 2: condition_best: Temperature <= 205.00, quality_best: 0.303, coverage_best: (p=47, n=13, P=585, N=570)
2026-04-14 12:39:38,402 - INFO - Regula po iteracji 2: IF Strength <= 24.25 AND Strength >= 17.40 AND Temperature <= 205.00 THEN class = {14.10} [11.75, 16.45], (p=47, n=13, P=585, N=570)
2026-04-14 12:39:38,406 - INFO - Iteracja 3: condition_best: Strength >= 23.15, quality_best: 0.443, coverage_best: (p=10, n=1, P=389, N=766)
2026-04-14 12:39:38,406 - INFO - Regula po iteracji 3: IF Strength <= 24.25 AND Strength >= 17.40 AND Temperature <= 205.00 AND Strength >= 23.15 THEN class = {11.09} [9.78, 12.40], (p=10, n=1, P=389, N=766)
2026-04-14 12:39:38,407 - INFO - Iteracja 4: condition_best: Strength >= 23.40, quality_best: 0.434, coverage_best: (p=9, n=1, P=389, N=766)
2026-04-14 12:39:38,407 - INFO - Regula po iteracji 4: IF Strength <= 24.25 AND Strength >= 17.40 AND Temperature <= 205.00 AND Strength >= 23.15 AND Strength >= 23.40 THEN class = {11.00} [9.66, 12.34], (p=9, n=1, P=389, N=766)
2026-04-14 12:39:38,407 - INFO - *******STOP GROWING CR RULE*******
2026-04-14 12:39:38,412 - INFO - *******GROWING CR RULE*******
2026-04-14 12:39:38,471 - INFO - Iteracja 0: condition_best: Strength <= 24.25, quality_best: 0.143, coverage_best: (p=130, n=146, P=379, N=776)
2026-04-14 12:39:38,471 - INFO - Regula po iteracji 0: IF Strength <= 24.25 THEN class = {17.00} [14.27, 19.73], (p=130, n=146, P=379, N=776)
2026-04-14 12:39:38,481 - INFO - Iteracja 1: condition_best: Strength >= 17.40, quality_best: 0.178, coverage_best: (p=146, n=80, P=583, N=572)
2026-04-14 12:39:38,481 - INFO - Regula po iteracji 1: IF Strength <= 24.25 AND Strength >= 17.40 THEN class = {16.56} [13.79, 19.33], (p=146, n=80, P=583, N=572)
2026-04-14 12:39:38,488 - INFO - Iteracja 2: condition_best: Temperature <= 225.00, quality_best: 0.256, coverage_best: (p=116, n=46, P=583, N=572)
2026-04-14 12:39:38,488 - INFO - Regula po iteracji 2: IF Strength <= 24.25 AND Strength >= 17.40 AND Temperature <= 225.00 THEN class = {15.64} [12.99, 18.30], (p=116, n=46, P=583, N=572)
2026-04-14 12:39:38,494 - INFO - Iteracja 3: condition_best: Strength >= 20.90, quality_best: 0.293, coverage_best: (p=60, n=18, P=585, N=570)
2026-04-14 12:39:38,494 - INFO - Regula po iteracji 3: IF Strength <= 24.25 AND Strength >= 17.40 AND Temperature <= 225.00 AND Strength >= 20.90 THEN class = {14.18} [11.74, 16.62], (p=60, n=18, P=585, N=570)
2026-04-14 12:39:38,497 - INFO - Iteracja 4: condition_best: Strength >= 21.60, quality_best: 0.293, coverage_best: (p=54, n=16, P=585, N=570)
2026-04-14 12:39:38,497 - INFO - Regula po iteracji 4: IF Strength <= 24.25 AND Strength >= 17.40 AND Temperature <= 225.00 AND Strength >= 20.90 AND Strength >= 21.60 THEN class = {14.06} [11.60, 16.52], (p=54, n=16, P=585, N=570)
2026-04-14 12:39:38,497 - INFO - *******STOP GROWING CR RULE*******
2026-04-14 12:39:38,501 - INFO - *******GROWING CR RULE*******
2026-04-14 12:39:38,560 - INFO - Iteracja 0: condition_best: Strength <= 24.55, quality_best: 0.138, coverage_best: (p=133, n=153, P=379, N=776)
2026-04-14 12:39:38,560 - INFO - Regula po iteracji 0: IF Strength <= 24.55 THEN class = {16.93} [14.17, 19.69], (p=133, n=153, P=379, N=776)
2026-04-14 12:39:38,571 - INFO - Iteracja 1: condition_best: Temperature >= 215.00, quality_best: 0.381, coverage_best: (p=89, n=32, P=365, N=790)
2026-04-14 12:39:38,571 - INFO - Regula po iteracji 1: IF Strength <= 24.55 AND Temperature >= 215.00 THEN class = {18.08} [16.10, 20.06], (p=89, n=32, P=365, N=790)
2026-04-14 12:39:38,576 - INFO - Iteracja 2: condition_best: Strength >= 16.95, quality_best: 0.379, coverage_best: (p=88, n=32, P=365, N=790)
2026-04-14 12:39:38,576 - INFO - Regula po iteracji 2: IF Strength <= 24.55 AND Temperature >= 215.00 AND Strength >= 16.95 THEN class = {18.07} [16.08, 20.05], (p=88, n=32, P=365, N=790)
2026-04-14 12:39:38,581 - INFO - Iteracja 3: condition_best: Strength >= 17.35, quality_best: 0.376, coverage_best: (p=87, n=32, P=365, N=790)
2026-04-14 12:39:38,581 - INFO - Regula po iteracji 3: IF Strength <= 24.55 AND Temperature >= 215.00 AND Strength >= 16.95 AND Strength >= 17.35 THEN class = {18.05} [16.07, 20.03], (p=87, n=32, P=365, N=790)
2026-04-14 12:39:38,586 - INFO - Iteracja 4: condition_best: Strength >= 17.60, quality_best: 0.373, coverage_best: (p=86, n=32, P=365, N=790)
2026-04-14 12:39:38,586 - INFO - Regula po iteracji 4: IF Strength <= 24.55 AND Temperature >= 215.00 AND Strength >= 16.95 AND Strength >= 17.35 AND Strength >= 17.60 THEN class = {18.03} [16.05, 20.02], (p=86, n=32, P=365, N=790)
2026-04-14 12:39:38,586 - INFO - *******STOP GROWING CR RULE*******
2026-04-14 12:39:38,591 - INFO - *******GROWING CR RULE*******
2026-04-14 12:39:38,650 - INFO - Iteracja 0: condition_best: Strength <= 24.65, quality_best: 0.129, coverage_best: (p=135, n=161, P=379, N=776)
2026-04-14 12:39:38,650 - INFO - Regula po iteracji 0: IF Strength <= 24.65 THEN class = {16.86} [14.03, 19.68], (p=135, n=161, P=379, N=776)
2026-04-14 12:39:38,660 - INFO - Iteracja 1: condition_best: Temperature >= 215.00, quality_best: 0.382, coverage_best: (p=93, n=34, P=365, N=790)
2026-04-14 12:39:38,661 - INFO - Regula po iteracji 1: IF Strength <= 24.65 AND Temperature >= 215.00 THEN class = {18.05} [16.03, 20.06], (p=93, n=34, P=365, N=790)
2026-04-14 12:39:38,666 - INFO - Iteracja 2: condition_best: Strength >= 17.60, quality_best: 0.476, coverage_best: (p=111, n=13, P=562, N=593)
2026-04-14 12:39:38,666 - INFO - Regula po iteracji 2: IF Strength <= 24.65 AND Temperature >= 215.00 AND Strength >= 17.60 THEN class = {18.00} [15.98, 20.02], (p=111, n=13, P=562, N=593)
2026-04-14 12:39:38,671 - INFO - Iteracja 3: condition_best: Strength >= 20.55, quality_best: 0.193, coverage_best: (p=56, n=45, P=379, N=776)
2026-04-14 12:39:38,671 - INFO - Regula po iteracji 3: IF Strength <= 24.65 AND Temperature >= 215.00 AND Strength >= 17.60 AND Strength >= 20.55 THEN class = {17.70} [15.65, 19.76], (p=56, n=45, P=379, N=776)
2026-04-14 12:39:38,674 - INFO - Iteracja 4: condition_best: Strength >= 24.25, quality_best: 0.192, coverage_best: (p=9, n=4, P=583, N=572)
2026-04-14 12:39:38,674 - INFO - Regula po iteracji 4: IF Strength <= 24.65 AND Temperature >= 215.00 AND Strength >= 17.60 AND Strength >= 20.55 AND Strength >= 24.25 THEN class = {16.62} [13.97, 19.26], (p=9, n=4, P=583, N=572)
2026-04-14 12:39:38,675 - INFO - *******STOP GROWING CR RULE*******
2026-04-14 12:39:38,679 - INFO - *******GROWING CR RULE*******
2026-04-14 12:39:38,738 - INFO - Iteracja 0: condition_best: Strength <= 24.65, quality_best: 0.129, coverage_best: (p=135, n=161, P=379, N=776)
2026-04-14 12:39:38,738 - INFO - Regula po iteracji 0: IF Strength <= 24.65 THEN class = {16.86} [14.03, 19.68], (p=135, n=161, P=379, N=776)
2026-04-14 12:39:38,748 - INFO - Iteracja 1: condition_best: Temperature <= 235.00, quality_best: 0.175, coverage_best: (p=170, n=96, P=583, N=572)
2026-04-14 12:39:38,748 - INFO - Regula po iteracji 1: IF Strength <= 24.65 AND Temperature <= 235.00 THEN class = {16.56} [13.75, 19.38], (p=170, n=96, P=583, N=572)
2026-04-14 12:39:38,758 - INFO - Iteracja 2: condition_best: Strength >= 18.65, quality_best: 0.237, coverage_best: (p=131, n=57, P=583, N=572)
2026-04-14 12:39:38,758 - INFO - Regula po iteracji 2: IF Strength <= 24.65 AND Temperature <= 235.00 AND Strength >= 18.65 THEN class = {15.69} [12.91, 18.47], (p=131, n=57, P=583, N=572)
2026-04-14 12:39:38,764 - INFO - Iteracja 3: condition_best: Temperature <= 215.00, quality_best: 0.27, coverage_best: (p=75, n=26, P=585, N=570)
2026-04-14 12:39:38,764 - INFO - Regula po iteracji 3: IF Strength <= 24.65 AND Temperature <= 235.00 AND Strength >= 18.65 AND Temperature <= 215.00 THEN class = {14.26} [11.73, 16.79], (p=75, n=26, P=585, N=570)
2026-04-14 12:39:38,769 - INFO - Iteracja 4: condition_best: Strength >= 21.10, quality_best: 0.304, coverage_best: (p=40, n=17, P=388, N=767)
2026-04-14 12:39:38,769 - INFO - Regula po iteracji 4: IF Strength <= 24.65 AND Temperature <= 235.00 AND Strength >= 18.65 AND Temperature <= 215.00 AND Strength >= 21.10 THEN class = {12.91} [10.86, 14.97], (p=40, n=17, P=388, N=767)
2026-04-14 12:39:38,769 - INFO - *******STOP GROWING CR RULE*******
2026-04-14 12:39:38,773 - INFO - *******GROWING CR RULE*******
2026-04-14 12:39:38,832 - INFO - Iteracja 0: condition_best: Strength <= 24.75, quality_best: 0.126, coverage_best: (p=187, n=125, P=583, N=572)
2026-04-14 12:39:38,832 - INFO - Regula po iteracji 0: IF Strength <= 24.75 THEN class = {16.80} [13.94, 19.66], (p=187, n=125, P=583, N=572)
2026-04-14 12:39:38,843 - INFO - Iteracja 1: condition_best: Temperature >= 225.00, quality_best: 0.475, coverage_best: (p=69, n=11, P=365, N=790)
2026-04-14 12:39:38,843 - INFO - Regula po iteracji 1: IF Strength <= 24.75 AND Temperature >= 225.00 THEN class = {18.68} [17.06, 20.29], (p=69, n=11, P=365, N=790)
2026-04-14 12:39:38,847 - INFO - Iteracja 2: condition_best: Strength >= 18.55, quality_best: 0.472, coverage_best: (p=68, n=11, P=365, N=790)
2026-04-14 12:39:38,847 - INFO - Regula po iteracji 2: IF Strength <= 24.75 AND Temperature >= 225.00 AND Strength >= 18.55 THEN class = {18.66} [17.04, 20.27], (p=68, n=11, P=365, N=790)
2026-04-14 12:39:38,851 - INFO - Iteracja 3: condition_best: Strength >= 18.95, quality_best: 0.47, coverage_best: (p=67, n=11, P=365, N=790)
2026-04-14 12:39:38,851 - INFO - Regula po iteracji 3: IF Strength <= 24.75 AND Temperature >= 225.00 AND Strength >= 18.55 AND Strength >= 18.95 THEN class = {18.64} [17.02, 20.26], (p=67, n=11, P=365, N=790)
2026-04-14 12:39:38,855 - INFO - Iteracja 4: condition_best: Strength >= 19.35, quality_best: 0.467, coverage_best: (p=66, n=11, P=365, N=790)
2026-04-14 12:39:38,855 - INFO - Regula po iteracji 4: IF Strength <= 24.75 AND Temperature >= 225.00 AND Strength >= 18.55 AND Strength >= 18.95 AND Strength >= 19.35 THEN class = {18.62} [17.00, 20.24], (p=66, n=11, P=365, N=790)
2026-04-14 12:39:38,855 - INFO - *******STOP GROWING CR RULE*******
2026-04-14 12:39:38,859 - INFO - *******GROWING CR RULE*******
2026-04-14 12:39:38,918 - INFO - Iteracja 0: condition_best: Strength <= 24.75, quality_best: 0.126, coverage_best: (p=187, n=125, P=583, N=572)
2026-04-14 12:39:38,918 - INFO - Regula po iteracji 0: IF Strength <= 24.75 THEN class = {16.80} [13.94, 19.66], (p=187, n=125, P=583, N=572)
2026-04-14 12:39:38,928 - INFO - Iteracja 1: condition_best: Temperature <= 235.00, quality_best: 0.175, coverage_best: (p=176, n=100, P=583, N=572)
2026-04-14 12:39:38,929 - INFO - Regula po iteracji 1: IF Strength <= 24.75 AND Temperature <= 235.00 THEN class = {16.48} [13.62, 19.34], (p=176, n=100, P=583, N=572)
2026-04-14 12:39:38,939 - INFO - Iteracja 2: condition_best: Strength >= 18.65, quality_best: 0.233, coverage_best: (p=137, n=61, P=583, N=572)
2026-04-14 12:39:38,939 - INFO - Regula po iteracji 2: IF Strength <= 24.75 AND Temperature <= 235.00 AND Strength >= 18.65 THEN class = {15.62} [12.81, 18.43], (p=137, n=61, P=583, N=572)
2026-04-14 12:39:38,945 - INFO - Iteracja 3: condition_best: Strength >= 18.90, quality_best: 0.226, coverage_best: (p=130, n=59, P=583, N=572)
2026-04-14 12:39:38,945 - INFO - Regula po iteracji 3: IF Strength <= 24.75 AND Temperature <= 235.00 AND Strength >= 18.65 AND Strength >= 18.90 THEN class = {15.56} [12.73, 18.38], (p=130, n=59, P=583, N=572)
2026-04-14 12:39:38,951 - INFO - Iteracja 4: condition_best: Temperature >= 205.00, quality_best: 0.282, coverage_best: (p=101, n=35, P=583, N=572)
2026-04-14 12:39:38,951 - INFO - Regula po iteracji 4: IF Strength <= 24.75 AND Temperature <= 235.00 AND Strength >= 18.65 AND Strength >= 18.90 AND Temperature >= 205.00 THEN class = {16.43} [13.95, 18.90], (p=101, n=35, P=583, N=572)
2026-04-14 12:39:38,951 - INFO - *******STOP GROWING CR RULE*******
2026-04-14 12:39:38,955 - INFO - *******GROWING CR RULE*******
2026-04-14 12:39:39,014 - INFO - Iteracja 0: condition_best: Strength <= 25.25, quality_best: 0.125, coverage_best: (p=192, n=129, P=583, N=572)
2026-04-14 12:39:39,014 - INFO - Regula po iteracji 0: IF Strength <= 25.25 THEN class = {16.72} [13.82, 19.61], (p=192, n=129, P=583, N=572)
2026-04-14 12:39:39,025 - INFO - Iteracja 1: condition_best: Temperature >= 215.00, quality_best: 0.454, coverage_best: (p=125, n=19, P=562, N=593)
2026-04-14 12:39:39,025 - INFO - Regula po iteracji 1: IF Strength <= 25.25 AND Temperature >= 215.00 THEN class = {17.85} [15.67, 20.02], (p=125, n=19, P=562, N=593)
2026-04-14 12:39:39,031 - INFO - Iteracja 2: condition_best: Strength >= 16.95, quality_best: 0.452, coverage_best: (p=124, n=19, P=562, N=593)
2026-04-14 12:39:39,031 - INFO - Regula po iteracji 2: IF Strength <= 25.25 AND Temperature >= 215.00 AND Strength >= 16.95 THEN class = {17.83} [15.66, 20.01], (p=124, n=19, P=562, N=593)
2026-04-14 12:39:39,037 - INFO - Iteracja 3: condition_best: Strength >= 24.85, quality_best: 0.195, coverage_best: (p=3, n=2, P=401, N=754)
2026-04-14 12:39:39,037 - INFO - Regula po iteracji 3: IF Strength <= 25.25 AND Temperature >= 215.00 AND Strength >= 16.95 AND Strength >= 24.85 THEN class = {15.20} [13.16, 17.24], (p=3, n=2, P=401, N=754)
2026-04-14 12:39:39,038 - INFO - Iteracja 4: condition_best: None, quality_best: -inf, coverage_best: (p=0, n=0, P=0, N=0)
2026-04-14 12:39:39,038 - INFO - Regula po iteracji 4: IF Strength <= 25.25 AND Temperature >= 215.00 AND Strength >= 16.95 AND Strength >= 24.85 THEN class = {15.20} [13.16, 17.24], (p=3, n=2, P=401, N=754)
2026-04-14 12:39:39,038 - INFO - *******STOP GROWING CR RULE*******
2026-04-14 12:39:39,042 - INFO - *******GROWING CR RULE*******
2026-04-14 12:39:39,101 - INFO - Iteracja 0: condition_best: Strength <= 25.25, quality_best: 0.125, coverage_best: (p=192, n=129, P=583, N=572)
2026-04-14 12:39:39,101 - INFO - Regula po iteracji 0: IF Strength <= 25.25 THEN class = {16.72} [13.82, 19.61], (p=192, n=129, P=583, N=572)
2026-04-14 12:39:39,112 - INFO - Iteracja 1: condition_best: Temperature <= 235.00, quality_best: 0.169, coverage_best: (p=179, n=104, P=583, N=572)
2026-04-14 12:39:39,112 - INFO - Regula po iteracji 1: IF Strength <= 25.25 AND Temperature <= 235.00 THEN class = {16.39} [13.50, 19.28], (p=179, n=104, P=583, N=572)
2026-04-14 12:39:39,123 - INFO - Iteracja 2: condition_best: Strength >= 18.65, quality_best: 0.223, coverage_best: (p=140, n=65, P=583, N=572)
2026-04-14 12:39:39,123 - INFO - Regula po iteracji 2: IF Strength <= 25.25 AND Temperature <= 235.00 AND Strength >= 18.65 THEN class = {15.52} [12.70, 18.35], (p=140, n=65, P=583, N=572)
2026-04-14 12:39:39,129 - INFO - Iteracja 3: condition_best: Temperature <= 215.00, quality_best: 0.262, coverage_best: (p=80, n=29, P=585, N=570)
2026-04-14 12:39:39,129 - INFO - Regula po iteracji 3: IF Strength <= 25.25 AND Temperature <= 235.00 AND Strength >= 18.65 AND Temperature <= 215.00 THEN class = {14.11} [11.56, 16.66], (p=80, n=29, P=585, N=570)
2026-04-14 12:39:39,134 - INFO - Iteracja 4: condition_best: Strength >= 24.55, quality_best: 0.319, coverage_best: (p=9, n=3, P=389, N=766)
2026-04-14 12:39:39,134 - INFO - Regula po iteracji 4: IF Strength <= 25.25 AND Temperature <= 235.00 AND Strength >= 18.65 AND Temperature <= 215.00 AND Strength >= 24.55 THEN class = {11.83} [9.93, 13.74], (p=9, n=3, P=389, N=766)
2026-04-14 12:39:39,134 - INFO - *******STOP GROWING CR RULE*******
2026-04-14 12:39:39,139 - INFO - *******GROWING CR RULE*******
2026-04-14 12:39:39,197 - INFO - Iteracja 0: condition_best: Strength >= 36.25, quality_best: 0.124, coverage_best: (p=114, n=132, P=388, N=767)
2026-04-14 12:39:39,197 - INFO - Regula po iteracji 0: IF Strength >= 36.25 THEN class = {12.53} [10.06, 14.99], (p=114, n=132, P=388, N=767)
2026-04-14 12:39:39,206 - INFO - Iteracja 1: condition_best: Temperature <= 295.00, quality_best: 0.498, coverage_best: (p=152, n=17, P=593, N=562)
2026-04-14 12:39:39,207 - INFO - Regula po iteracji 1: IF Strength >= 36.25 AND Temperature <= 295.00 THEN class = {11.99} [9.85, 14.13], (p=152, n=17, P=593, N=562)
2026-04-14 12:39:39,214 - INFO - Iteracja 2: condition_best: Strength >= 36.65, quality_best: 0.505, coverage_best: (p=142, n=14, P=593, N=562)
2026-04-14 12:39:39,214 - INFO - Regula po iteracji 2: IF Strength >= 36.25 AND Temperature <= 295.00 AND Strength >= 36.65 THEN class = {11.90} [9.79, 14.01], (p=142, n=14, P=593, N=562)
2026-04-14 12:39:39,221 - INFO - Iteracja 3: condition_best: Strength <= 46.60, quality_best: 0.504, coverage_best: (p=141, n=14, P=593, N=562)
2026-04-14 12:39:39,221 - INFO - Regula po iteracji 3: IF Strength >= 36.25 AND Temperature <= 295.00 AND Strength >= 36.65 AND Strength <= 46.60 THEN class = {11.91} [9.80, 14.02], (p=141, n=14, P=593, N=562)
2026-04-14 12:39:39,229 - INFO - Iteracja 4: condition_best: Strength <= 46.15, quality_best: 0.503, coverage_best: (p=140, n=14, P=593, N=562)
2026-04-14 12:39:39,229 - INFO - Regula po iteracji 4: IF Strength >= 36.25 AND Temperature <= 295.00 AND Strength >= 36.65 AND Strength <= 46.60 AND Strength <= 46.15 THEN class = {11.92} [9.81, 14.03], (p=140, n=14, P=593, N=562)
2026-04-14 12:39:39,229 - INFO - *******STOP GROWING CR RULE*******
2026-04-14 12:39:39,233 - INFO - *******GROWING CR RULE*******
2026-04-14 12:39:39,291 - INFO - Iteracja 0: condition_best: Strength >= 36.25, quality_best: 0.124, coverage_best: (p=114, n=132, P=388, N=767)
2026-04-14 12:39:39,291 - INFO - Regula po iteracji 0: IF Strength >= 36.25 THEN class = {12.53} [10.06, 14.99], (p=114, n=132, P=388, N=767)
2026-04-14 12:39:39,301 - INFO - Iteracja 1: condition_best: Temperature <= 295.00, quality_best: 0.498, coverage_best: (p=152, n=17, P=593, N=562)
2026-04-14 12:39:39,301 - INFO - Regula po iteracji 1: IF Strength >= 36.25 AND Temperature <= 295.00 THEN class = {11.99} [9.85, 14.13], (p=152, n=17, P=593, N=562)
2026-04-14 12:39:39,308 - INFO - Iteracja 2: condition_best: Strength >= 36.35, quality_best: 0.504, coverage_best: (p=151, n=16, P=593, N=562)
2026-04-14 12:39:39,309 - INFO - Regula po iteracji 2: IF Strength >= 36.25 AND Temperature <= 295.00 AND Strength >= 36.35 THEN class = {11.95} [9.83, 14.07], (p=151, n=16, P=593, N=562)
2026-04-14 12:39:39,316 - INFO - Iteracja 3: condition_best: Strength <= 46.60, quality_best: 0.502, coverage_best: (p=150, n=16, P=593, N=562)
2026-04-14 12:39:39,316 - INFO - Regula po iteracji 3: IF Strength >= 36.25 AND Temperature <= 295.00 AND Strength >= 36.35 AND Strength <= 46.60 THEN class = {11.96} [9.84, 14.09], (p=150, n=16, P=593, N=562)
2026-04-14 12:39:39,324 - INFO - Iteracja 4: condition_best: Strength <= 46.15, quality_best: 0.501, coverage_best: (p=149, n=16, P=593, N=562)
2026-04-14 12:39:39,324 - INFO - Regula po iteracji 4: IF Strength >= 36.25 AND Temperature <= 295.00 AND Strength >= 36.35 AND Strength <= 46.60 AND Strength <= 46.15 THEN class = {11.98} [9.85, 14.10], (p=149, n=16, P=593, N=562)
2026-04-14 12:39:39,324 - INFO - *******STOP GROWING CR RULE*******
2026-04-14 12:39:39,328 - INFO - *******GROWING CR RULE*******
2026-04-14 12:39:39,387 - INFO - Iteracja 0: condition_best: Strength >= 36.25, quality_best: 0.124, coverage_best: (p=114, n=132, P=388, N=767)
2026-04-14 12:39:39,387 - INFO - Regula po iteracji 0: IF Strength >= 36.25 THEN class = {12.53} [10.06, 14.99], (p=114, n=132, P=388, N=767)
2026-04-14 12:39:39,396 - INFO - Iteracja 1: condition_best: Strength <= 39.60, quality_best: 0.218, coverage_best: (p=84, n=37, P=585, N=570)
2026-04-14 12:39:39,397 - INFO - Regula po iteracji 1: IF Strength >= 36.25 AND Strength <= 39.60 THEN class = {13.44} [10.81, 16.06], (p=84, n=37, P=585, N=570)
2026-04-14 12:39:39,400 - INFO - Iteracja 2: condition_best: Temperature >= 285.00, quality_best: 0.31, coverage_best: (p=38, n=15, P=401, N=754)
2026-04-14 12:39:39,400 - INFO - Regula po iteracji 2: IF Strength >= 36.25 AND Strength <= 39.60 AND Temperature >= 285.00 THEN class = {15.55} [13.58, 17.51], (p=38, n=15, P=401, N=754)
2026-04-14 12:39:39,403 - INFO - Iteracja 3: condition_best: Strength <= 39.10, quality_best: 0.313, coverage_best: (p=34, n=13, P=401, N=754)
2026-04-14 12:39:39,403 - INFO - Regula po iteracji 3: IF Strength >= 36.25 AND Strength <= 39.60 AND Temperature >= 285.00 AND Strength <= 39.10 THEN class = {15.79} [13.89, 17.69], (p=34, n=13, P=401, N=754)
2026-04-14 12:39:39,405 - INFO - Iteracja 4: condition_best: Temperature >= 295.00, quality_best: 0.354, coverage_best: (p=18, n=5, P=379, N=776)
2026-04-14 12:39:39,405 - INFO - Regula po iteracji 4: IF Strength >= 36.25 AND Strength <= 39.60 AND Temperature >= 285.00 AND Strength <= 39.10 AND Temperature >= 295.00 THEN class = {16.52} [14.94, 18.11], (p=18, n=5, P=379, N=776)
2026-04-14 12:39:39,405 - INFO - *******STOP GROWING CR RULE*******
2026-04-14 12:39:39,410 - INFO - *******GROWING CR RULE*******
2026-04-14 12:39:39,469 - INFO - Iteracja 0: condition_best: Strength >= 36.15, quality_best: 0.124, coverage_best: (p=120, n=140, P=388, N=767)
2026-04-14 12:39:39,469 - INFO - Regula po iteracji 0: IF Strength >= 36.15 THEN class = {12.60} [10.09, 15.11], (p=120, n=140, P=388, N=767)
2026-04-14 12:39:39,479 - INFO - Iteracja 1: condition_best: Temperature <= 295.00, quality_best: 0.485, coverage_best: (p=161, n=21, P=593, N=562)
2026-04-14 12:39:39,479 - INFO - Regula po iteracji 1: IF Strength >= 36.15 AND Temperature <= 295.00 THEN class = {12.09} [9.89, 14.29], (p=161, n=21, P=593, N=562)
2026-04-14 12:39:39,487 - INFO - Iteracja 2: condition_best: Strength <= 46.60, quality_best: 0.484, coverage_best: (p=160, n=21, P=593, N=562)
2026-04-14 12:39:39,487 - INFO - Regula po iteracji 2: IF Strength >= 36.15 AND Temperature <= 295.00 AND Strength <= 46.60 THEN class = {12.10} [9.90, 14.30], (p=160, n=21, P=593, N=562)
2026-04-14 12:39:39,494 - INFO - Iteracja 3: condition_best: Strength <= 46.15, quality_best: 0.482, coverage_best: (p=159, n=21, P=593, N=562)
2026-04-14 12:39:39,494 - INFO - Regula po iteracji 3: IF Strength >= 36.15 AND Temperature <= 295.00 AND Strength <= 46.60 AND Strength <= 46.15 THEN class = {12.11} [9.91, 14.31], (p=159, n=21, P=593, N=562)
2026-04-14 12:39:39,502 - INFO - Iteracja 4: condition_best: Strength <= 45.40, quality_best: 0.481, coverage_best: (p=158, n=21, P=593, N=562)
2026-04-14 12:39:39,502 - INFO - Regula po iteracji 4: IF Strength >= 36.15 AND Temperature <= 295.00 AND Strength <= 46.60 AND Strength <= 46.15 AND Strength <= 45.40 THEN class = {12.12} [9.92, 14.32], (p=158, n=21, P=593, N=562)
2026-04-14 12:39:39,502 - INFO - *******STOP GROWING CR RULE*******
2026-04-14 12:39:39,506 - INFO - *******GROWING CR RULE*******
2026-04-14 12:39:39,564 - INFO - Iteracja 0: condition_best: Strength <= 25.40, quality_best: 0.123, coverage_best: (p=195, n=132, P=583, N=572)
2026-04-14 12:39:39,564 - INFO - Regula po iteracji 0: IF Strength <= 25.40 THEN class = {16.69} [13.77, 19.60], (p=195, n=132, P=583, N=572)
2026-04-14 12:39:39,576 - INFO - Iteracja 1: condition_best: Strength >= 25.10, quality_best: 0.204, coverage_best: (p=8, n=2, P=767, N=388)
2026-04-14 12:39:39,576 - INFO - Regula po iteracji 1: IF Strength <= 25.40 AND Strength >= 25.10 THEN class = {15.00} [12.00, 18.00], (p=8, n=2, P=767, N=388)
2026-04-14 12:39:39,577 - INFO - Iteracja 2: condition_best: Temperature <= 245.00, quality_best: 0.249, coverage_best: (p=6, n=2, P=585, N=570)
2026-04-14 12:39:39,577 - INFO - Regula po iteracji 2: IF Strength <= 25.40 AND Strength >= 25.10 AND Temperature <= 245.00 THEN class = {14.00} [11.55, 16.45], (p=6, n=2, P=585, N=570)
2026-04-14 12:39:39,578 - INFO - Iteracja 3: condition_best: Strength >= 25.25, quality_best: 0.095, coverage_best: (p=3, n=2, P=585, N=570)
2026-04-14 12:39:39,578 - INFO - Regula po iteracji 3: IF Strength <= 25.40 AND Strength >= 25.10 AND Temperature <= 245.00 AND Strength >= 25.25 THEN class = {14.00} [11.17, 16.83], (p=3, n=2, P=585, N=570)
2026-04-14 12:39:39,578 - INFO - Iteracja 4: condition_best: None, quality_best: -inf, coverage_best: (p=0, n=0, P=0, N=0)
2026-04-14 12:39:39,578 - INFO - Regula po iteracji 4: IF Strength <= 25.40 AND Strength >= 25.10 AND Temperature <= 245.00 AND Strength >= 25.25 THEN class = {14.00} [11.17, 16.83], (p=3, n=2, P=585, N=570)
2026-04-14 12:39:39,578 - INFO - *******STOP GROWING CR RULE*******
2026-04-14 12:39:39,582 - INFO - *******GROWING CR RULE*******
2026-04-14 12:39:39,640 - INFO - Iteracja 0: condition_best: Strength <= 25.75, quality_best: 0.123, coverage_best: (p=204, n=139, P=583, N=572)
2026-04-14 12:39:39,640 - INFO - Regula po iteracji 0: IF Strength <= 25.75 THEN class = {16.57} [13.59, 19.54], (p=204, n=139, P=583, N=572)
2026-04-14 12:39:39,652 - INFO - Iteracja 1: condition_best: Temperature >= 235.00, quality_best: 0.449, coverage_best: (p=40, n=6, P=365, N=790)
2026-04-14 12:39:39,652 - INFO - Regula po iteracji 1: IF Strength <= 25.75 AND Temperature >= 235.00 THEN class = {18.91} [17.49, 20.34], (p=40, n=6, P=365, N=790)
2026-04-14 12:39:39,655 - INFO - Iteracja 2: condition_best: Strength >= 20.55, quality_best: 0.446, coverage_best: (p=39, n=6, P=365, N=790)
2026-04-14 12:39:39,655 - INFO - Regula po iteracji 2: IF Strength <= 25.75 AND Temperature >= 235.00 AND Strength >= 20.55 THEN class = {18.89} [17.46, 20.32], (p=39, n=6, P=365, N=790)
2026-04-14 12:39:39,658 - INFO - Iteracja 3: condition_best: Strength >= 20.95, quality_best: 0.442, coverage_best: (p=38, n=6, P=365, N=790)
2026-04-14 12:39:39,658 - INFO - Regula po iteracji 3: IF Strength <= 25.75 AND Temperature >= 235.00 AND Strength >= 20.55 AND Strength >= 20.95 THEN class = {18.86} [17.42, 20.30], (p=38, n=6, P=365, N=790)
2026-04-14 12:39:39,660 - INFO - Iteracja 4: condition_best: Strength >= 21.35, quality_best: 0.438, coverage_best: (p=37, n=6, P=365, N=790)
2026-04-14 12:39:39,660 - INFO - Regula po iteracji 4: IF Strength <= 25.75 AND Temperature >= 235.00 AND Strength >= 20.55 AND Strength >= 20.95 AND Strength >= 21.35 THEN class = {18.84} [17.39, 20.28], (p=37, n=6, P=365, N=790)
2026-04-14 12:39:39,660 - INFO - *******STOP GROWING CR RULE*******
2026-04-14 12:39:39,665 - INFO - *******GROWING CR RULE*******
2026-04-14 12:39:39,724 - INFO - Iteracja 0: condition_best: Strength <= 25.75, quality_best: 0.123, coverage_best: (p=204, n=139, P=583, N=572)
2026-04-14 12:39:39,725 - INFO - Regula po iteracji 0: IF Strength <= 25.75 THEN class = {16.57} [13.59, 19.54], (p=204, n=139, P=583, N=572)
2026-04-14 12:39:39,737 - INFO - Iteracja 1: condition_best: Strength >= 16.65, quality_best: 0.159, coverage_best: (p=192, n=116, P=583, N=572)
2026-04-14 12:39:39,737 - INFO - Regula po iteracji 1: IF Strength <= 25.75 AND Strength >= 16.65 THEN class = {16.26} [13.30, 19.22], (p=192, n=116, P=583, N=572)
2026-04-14 12:39:39,747 - INFO - Iteracja 2: condition_best: Temperature <= 235.00, quality_best: 0.204, coverage_best: (p=173, n=89, P=583, N=572)
2026-04-14 12:39:39,747 - INFO - Regula po iteracji 2: IF Strength <= 25.75 AND Strength >= 16.65 AND Temperature <= 235.00 THEN class = {15.79} [12.87, 18.71], (p=173, n=89, P=583, N=572)
2026-04-14 12:39:39,756 - INFO - Iteracja 3: condition_best: Temperature >= 205.00, quality_best: 0.21, coverage_best: (p=125, n=60, P=583, N=572)
2026-04-14 12:39:39,756 - INFO - Regula po iteracji 3: IF Strength <= 25.75 AND Strength >= 16.65 AND Temperature <= 235.00 AND Temperature >= 205.00 THEN class = {16.54} [13.85, 19.23], (p=125, n=60, P=583, N=572)
2026-04-14 12:39:39,763 - INFO - Iteracja 4: condition_best: Strength >= 24.15, quality_best: 0.291, coverage_best: (p=35, n=10, P=585, N=570)
2026-04-14 12:39:39,763 - INFO - Regula po iteracji 4: IF Strength <= 25.75 AND Strength >= 16.65 AND Temperature <= 235.00 AND Temperature >= 205.00 AND Strength >= 24.15 THEN class = {14.04} [11.60, 16.48], (p=35, n=10, P=585, N=570)
2026-04-14 12:39:39,763 - INFO - *******STOP GROWING CR RULE*******
2026-04-14 12:39:39,767 - INFO - *******GROWING CR RULE*******
2026-04-14 12:39:39,827 - INFO - Iteracja 0: condition_best: Strength <= 26.00, quality_best: 0.122, coverage_best: (p=209, n=143, P=583, N=572)
2026-04-14 12:39:39,827 - INFO - Regula po iteracji 0: IF Strength <= 26.00 THEN class = {16.53} [13.54, 19.51], (p=209, n=143, P=583, N=572)
2026-04-14 12:39:39,840 - INFO - Iteracja 1: condition_best: Strength >= 25.75, quality_best: 0.171, coverage_best: (p=7, n=2, P=767, N=388)
2026-04-14 12:39:39,840 - INFO - Regula po iteracji 1: IF Strength <= 26.00 AND Strength >= 25.75 THEN class = {15.11} [11.97, 18.25], (p=7, n=2, P=767, N=388)
2026-04-14 12:39:39,840 - INFO - Iteracja 2: condition_best: Temperature >= 215.00, quality_best: 0.255, coverage_best: (p=4, n=2, P=379, N=776)
2026-04-14 12:39:39,841 - INFO - Regula po iteracji 2: IF Strength <= 26.00 AND Strength >= 25.75 AND Temperature >= 215.00 THEN class = {17.00} [15.09, 18.91], (p=4, n=2, P=379, N=776)
2026-04-14 12:39:39,841 - INFO - Iteracja 3: condition_best: None, quality_best: -inf, coverage_best: (p=0, n=0, P=0, N=0)
2026-04-14 12:39:39,841 - INFO - Regula po iteracji 3: IF Strength <= 26.00 AND Strength >= 25.75 AND Temperature >= 215.00 THEN class = {17.00} [15.09, 18.91], (p=4, n=2, P=379, N=776)
2026-04-14 12:39:39,841 - INFO - *******STOP GROWING CR RULE*******
2026-04-14 12:39:39,845 - INFO - *******GROWING CR RULE*******
2026-04-14 12:39:39,902 - INFO - Iteracja 0: condition_best: Strength <= 26.15, quality_best: 0.119, coverage_best: (p=211, n=146, P=583, N=572)
2026-04-14 12:39:39,902 - INFO - Regula po iteracji 0: IF Strength <= 26.15 THEN class = {16.50} [13.50, 19.50], (p=211, n=146, P=583, N=572)
2026-04-14 12:39:39,915 - INFO - Iteracja 1: condition_best: Temperature <= 235.00, quality_best: 0.155, coverage_best: (p=191, n=117, P=583, N=572)
2026-04-14 12:39:39,915 - INFO - Regula po iteracji 1: IF Strength <= 26.15 AND Temperature <= 235.00 THEN class = {16.11} [13.10, 19.12], (p=191, n=117, P=583, N=572)
2026-04-14 12:39:39,926 - INFO - Iteracja 2: condition_best: Strength >= 25.75, quality_best: 0.227, coverage_best: (p=8, n=3, P=585, N=570)
2026-04-14 12:39:39,926 - INFO - Regula po iteracji 2: IF Strength <= 26.15 AND Temperature <= 235.00 AND Strength >= 25.75 THEN class = {13.64} [11.10, 16.17], (p=8, n=3, P=585, N=570)
2026-04-14 12:39:39,927 - INFO - Iteracja 3: condition_best: Temperature <= 215.00, quality_best: 0.266, coverage_best: (p=3, n=2, P=184, N=971)
2026-04-14 12:39:39,927 - INFO - Regula po iteracji 3: IF Strength <= 26.15 AND Temperature <= 235.00 AND Strength >= 25.75 AND Temperature <= 215.00 THEN class = {11.20} [10.22, 12.18], (p=3, n=2, P=184, N=971)
2026-04-14 12:39:39,928 - INFO - Iteracja 4: condition_best: None, quality_best: -inf, coverage_best: (p=0, n=0, P=0, N=0)
2026-04-14 12:39:39,928 - INFO - Regula po iteracji 4: IF Strength <= 26.15 AND Temperature <= 235.00 AND Strength >= 25.75 AND Temperature <= 215.00 THEN class = {11.20} [10.22, 12.18], (p=3, n=2, P=184, N=971)
2026-04-14 12:39:39,928 - INFO - *******STOP GROWING CR RULE*******
2026-04-14 12:39:39,932 - INFO - *******GROWING CR RULE*******
2026-04-14 12:39:39,989 - INFO - Iteracja 0: condition_best: Strength >= 35.85, quality_best: 0.118, coverage_best: (p=122, n=146, P=388, N=767)
2026-04-14 12:39:39,989 - INFO - Regula po iteracji 0: IF Strength >= 35.85 THEN class = {12.70} [10.09, 15.31], (p=122, n=146, P=388, N=767)
2026-04-14 12:39:39,999 - INFO - Iteracja 1: condition_best: Temperature <= 295.00, quality_best: 0.471, coverage_best: (p=164, n=24, P=593, N=562)
2026-04-14 12:39:39,999 - INFO - Regula po iteracji 1: IF Strength >= 35.85 AND Temperature <= 295.00 THEN class = {12.17} [9.90, 14.44], (p=164, n=24, P=593, N=562)
2026-04-14 12:39:40,007 - INFO - Iteracja 2: condition_best: Strength <= 46.60, quality_best: 0.469, coverage_best: (p=163, n=24, P=593, N=562)
2026-04-14 12:39:40,007 - INFO - Regula po iteracji 2: IF Strength >= 35.85 AND Temperature <= 295.00 AND Strength <= 46.60 THEN class = {12.18} [9.91, 14.45], (p=163, n=24, P=593, N=562)
2026-04-14 12:39:40,015 - INFO - Iteracja 3: condition_best: Strength <= 46.15, quality_best: 0.468, coverage_best: (p=162, n=24, P=593, N=562)
2026-04-14 12:39:40,015 - INFO - Regula po iteracji 3: IF Strength >= 35.85 AND Temperature <= 295.00 AND Strength <= 46.60 AND Strength <= 46.15 THEN class = {12.19} [9.92, 14.47], (p=162, n=24, P=593, N=562)
2026-04-14 12:39:40,024 - INFO - Iteracja 4: condition_best: Strength <= 45.40, quality_best: 0.466, coverage_best: (p=161, n=24, P=593, N=562)
2026-04-14 12:39:40,024 - INFO - Regula po iteracji 4: IF Strength >= 35.85 AND Temperature <= 295.00 AND Strength <= 46.60 AND Strength <= 46.15 AND Strength <= 45.40 THEN class = {12.21} [9.93, 14.48], (p=161, n=24, P=593, N=562)
2026-04-14 12:39:40,024 - INFO - *******STOP GROWING CR RULE*******
2026-04-14 12:39:40,028 - INFO - *******GROWING CR RULE*******
2026-04-14 12:39:40,085 - INFO - Iteracja 0: condition_best: Strength >= 35.60, quality_best: 0.116, coverage_best: (p=127, n=154, P=388, N=767)
2026-04-14 12:39:40,085 - INFO - Regula po iteracji 0: IF Strength >= 35.60 THEN class = {12.75} [10.12, 15.38], (p=127, n=154, P=388, N=767)
2026-04-14 12:39:40,096 - INFO - Iteracja 1: condition_best: Temperature <= 295.00, quality_best: 0.459, coverage_best: (p=172, n=28, P=593, N=562)
2026-04-14 12:39:40,096 - INFO - Regula po iteracji 1: IF Strength >= 35.60 AND Temperature <= 295.00 THEN class = {12.25} [9.94, 14.56], (p=172, n=28, P=593, N=562)
2026-04-14 12:39:40,104 - INFO - Iteracja 2: condition_best: Strength <= 46.60, quality_best: 0.458, coverage_best: (p=171, n=28, P=593, N=562)
2026-04-14 12:39:40,104 - INFO - Regula po iteracji 2: IF Strength >= 35.60 AND Temperature <= 295.00 AND Strength <= 46.60 THEN class = {12.26} [9.95, 14.58], (p=171, n=28, P=593, N=562)
2026-04-14 12:39:40,112 - INFO - Iteracja 3: condition_best: Strength <= 46.15, quality_best: 0.456, coverage_best: (p=170, n=28, P=593, N=562)
2026-04-14 12:39:40,112 - INFO - Regula po iteracji 3: IF Strength >= 35.60 AND Temperature <= 295.00 AND Strength <= 46.60 AND Strength <= 46.15 THEN class = {12.27} [9.96, 14.59], (p=170, n=28, P=593, N=562)
2026-04-14 12:39:40,120 - INFO - Iteracja 4: condition_best: Temperature <= 275.00, quality_best: 0.456, coverage_best: (p=61, n=10, P=389, N=766)
2026-04-14 12:39:40,120 - INFO - Regula po iteracji 4: IF Strength >= 35.60 AND Temperature <= 295.00 AND Strength <= 46.60 AND Strength <= 46.15 AND Temperature <= 275.00 THEN class = {11.18} [9.59, 12.78], (p=61, n=10, P=389, N=766)
2026-04-14 12:39:40,120 - INFO - *******STOP GROWING CR RULE*******
2026-04-14 12:39:40,124 - INFO - *******GROWING CR RULE*******
2026-04-14 12:39:40,181 - INFO - Iteracja 0: condition_best: Strength >= 35.60, quality_best: 0.116, coverage_best: (p=127, n=154, P=388, N=767)
2026-04-14 12:39:40,181 - INFO - Regula po iteracji 0: IF Strength >= 35.60 THEN class = {12.75} [10.12, 15.38], (p=127, n=154, P=388, N=767)
2026-04-14 12:39:40,192 - INFO - Iteracja 1: condition_best: Temperature <= 295.00, quality_best: 0.459, coverage_best: (p=172, n=28, P=593, N=562)
2026-04-14 12:39:40,192 - INFO - Regula po iteracji 1: IF Strength >= 35.60 AND Temperature <= 295.00 THEN class = {12.25} [9.94, 14.56], (p=172, n=28, P=593, N=562)
2026-04-14 12:39:40,200 - INFO - Iteracja 2: condition_best: Strength <= 46.60, quality_best: 0.458, coverage_best: (p=171, n=28, P=593, N=562)
2026-04-14 12:39:40,200 - INFO - Regula po iteracji 2: IF Strength >= 35.60 AND Temperature <= 295.00 AND Strength <= 46.60 THEN class = {12.26} [9.95, 14.58], (p=171, n=28, P=593, N=562)
2026-04-14 12:39:40,208 - INFO - Iteracja 3: condition_best: Strength <= 46.15, quality_best: 0.456, coverage_best: (p=170, n=28, P=593, N=562)
2026-04-14 12:39:40,208 - INFO - Regula po iteracji 3: IF Strength >= 35.60 AND Temperature <= 295.00 AND Strength <= 46.60 AND Strength <= 46.15 THEN class = {12.27} [9.96, 14.59], (p=170, n=28, P=593, N=562)
2026-04-14 12:39:40,216 - INFO - Iteracja 4: condition_best: Strength <= 45.40, quality_best: 0.455, coverage_best: (p=169, n=28, P=593, N=562)
2026-04-14 12:39:40,217 - INFO - Regula po iteracji 4: IF Strength >= 35.60 AND Temperature <= 295.00 AND Strength <= 46.60 AND Strength <= 46.15 AND Strength <= 45.40 THEN class = {12.28} [9.97, 14.60], (p=169, n=28, P=593, N=562)
2026-04-14 12:39:40,217 - INFO - *******STOP GROWING CR RULE*******
2026-04-14 12:39:40,220 - INFO - *******GROWING CR RULE*******
2026-04-14 12:39:40,277 - INFO - Iteracja 0: condition_best: Strength >= 35.10, quality_best: 0.114, coverage_best: (p=134, n=165, P=388, N=767)
2026-04-14 12:39:40,277 - INFO - Regula po iteracji 0: IF Strength >= 35.10 THEN class = {12.84} [10.15, 15.53], (p=134, n=165, P=388, N=767)
2026-04-14 12:39:40,288 - INFO - Iteracja 1: condition_best: Temperature <= 265.00, quality_best: 0.483, coverage_best: (p=36, n=3, P=389, N=766)
2026-04-14 12:39:40,289 - INFO - Regula po iteracji 1: IF Strength >= 35.10 AND Temperature <= 265.00 THEN class = {10.77} [9.52, 12.02], (p=36, n=3, P=389, N=766)
2026-04-14 12:39:40,291 - INFO - Iteracja 2: condition_best: Strength <= 40.25, quality_best: 0.48, coverage_best: (p=35, n=3, P=389, N=766)
2026-04-14 12:39:40,291 - INFO - Regula po iteracji 2: IF Strength >= 35.10 AND Temperature <= 265.00 AND Strength <= 40.25 THEN class = {10.79} [9.53, 12.05], (p=35, n=3, P=389, N=766)
2026-04-14 12:39:40,294 - INFO - Iteracja 3: condition_best: Strength <= 39.40, quality_best: 0.477, coverage_best: (p=34, n=3, P=389, N=766)
2026-04-14 12:39:40,294 - INFO - Regula po iteracji 3: IF Strength >= 35.10 AND Temperature <= 265.00 AND Strength <= 40.25 AND Strength <= 39.40 THEN class = {10.81} [9.54, 12.08], (p=34, n=3, P=389, N=766)
2026-04-14 12:39:40,297 - INFO - Iteracja 4: condition_best: Strength <= 38.85, quality_best: 0.474, coverage_best: (p=33, n=3, P=389, N=766)
2026-04-14 12:39:40,297 - INFO - Regula po iteracji 4: IF Strength >= 35.10 AND Temperature <= 265.00 AND Strength <= 40.25 AND Strength <= 39.40 AND Strength <= 38.85 THEN class = {10.83} [9.55, 12.11], (p=33, n=3, P=389, N=766)
2026-04-14 12:39:40,297 - INFO - *******STOP GROWING CR RULE*******
2026-04-14 12:39:40,300 - INFO - *******GROWING CR RULE*******
2026-04-14 12:39:40,357 - INFO - Iteracja 0: condition_best: Strength >= 35.10, quality_best: 0.114, coverage_best: (p=134, n=165, P=388, N=767)
2026-04-14 12:39:40,357 - INFO - Regula po iteracji 0: IF Strength >= 35.10 THEN class = {12.84} [10.15, 15.53], (p=134, n=165, P=388, N=767)
2026-04-14 12:39:40,368 - INFO - Iteracja 1: condition_best: Temperature <= 295.00, quality_best: 0.454, coverage_best: (p=183, n=32, P=593, N=562)
2026-04-14 12:39:40,368 - INFO - Regula po iteracji 1: IF Strength >= 35.10 AND Temperature <= 295.00 THEN class = {12.32} [9.96, 14.67], (p=183, n=32, P=593, N=562)
2026-04-14 12:39:40,377 - INFO - Iteracja 2: condition_best: Strength <= 46.60, quality_best: 0.453, coverage_best: (p=182, n=32, P=593, N=562)
2026-04-14 12:39:40,377 - INFO - Regula po iteracji 2: IF Strength >= 35.10 AND Temperature <= 295.00 AND Strength <= 46.60 THEN class = {12.33} [9.97, 14.68], (p=182, n=32, P=593, N=562)
2026-04-14 12:39:40,386 - INFO - Iteracja 3: condition_best: Strength <= 46.15, quality_best: 0.451, coverage_best: (p=181, n=32, P=593, N=562)
2026-04-14 12:39:40,386 - INFO - Regula po iteracji 3: IF Strength >= 35.10 AND Temperature <= 295.00 AND Strength <= 46.60 AND Strength <= 46.15 THEN class = {12.34} [9.98, 14.70], (p=181, n=32, P=593, N=562)
2026-04-14 12:39:40,395 - INFO - Iteracja 4: condition_best: Strength <= 45.40, quality_best: 0.45, coverage_best: (p=180, n=32, P=593, N=562)
2026-04-14 12:39:40,395 - INFO - Regula po iteracji 4: IF Strength >= 35.10 AND Temperature <= 295.00 AND Strength <= 46.60 AND Strength <= 46.15 AND Strength <= 45.40 THEN class = {12.35} [9.99, 14.71], (p=180, n=32, P=593, N=562)
2026-04-14 12:39:40,395 - INFO - *******STOP GROWING CR RULE*******
2026-04-14 12:39:40,398 - INFO - *******GROWING CR RULE*******
2026-04-14 12:39:40,457 - INFO - Iteracja 0: condition_best: Strength >= 35.10, quality_best: 0.114, coverage_best: (p=134, n=165, P=388, N=767)
2026-04-14 12:39:40,457 - INFO - Regula po iteracji 0: IF Strength >= 35.10 THEN class = {12.84} [10.15, 15.53], (p=134, n=165, P=388, N=767)
2026-04-14 12:39:40,468 - INFO - Iteracja 1: condition_best: Strength <= 40.25, quality_best: 0.178, coverage_best: (p=130, n=70, P=585, N=570)
2026-04-14 12:39:40,468 - INFO - Regula po iteracji 1: IF Strength >= 35.10 AND Strength <= 40.25 THEN class = {13.50} [10.72, 16.28], (p=130, n=70, P=585, N=570)
2026-04-14 12:39:40,473 - INFO - Iteracja 2: condition_best: Temperature >= 265.00, quality_best: 0.27, coverage_best: (p=118, n=44, P=585, N=570)
2026-04-14 12:39:40,473 - INFO - Regula po iteracji 2: IF Strength >= 35.10 AND Strength <= 40.25 AND Temperature >= 265.00 THEN class = {14.14} [11.49, 16.79], (p=118, n=44, P=585, N=570)
2026-04-14 12:39:40,478 - INFO - Iteracja 3: condition_best: Strength <= 39.85, quality_best: 0.277, coverage_best: (p=107, n=38, P=585, N=570)
2026-04-14 12:39:40,478 - INFO - Regula po iteracji 3: IF Strength >= 35.10 AND Strength <= 40.25 AND Temperature >= 265.00 AND Strength <= 39.85 THEN class = {14.34} [11.72, 16.97], (p=107, n=38, P=585, N=570)
2026-04-14 12:39:40,483 - INFO - Iteracja 4: condition_best: Temperature >= 285.00, quality_best: 0.337, coverage_best: (p=59, n=14, P=583, N=572)
2026-04-14 12:39:40,483 - INFO - Regula po iteracji 4: IF Strength >= 35.10 AND Strength <= 40.25 AND Temperature >= 265.00 AND Strength <= 39.85 AND Temperature >= 285.00 THEN class = {15.95} [13.75, 18.14], (p=59, n=14, P=583, N=572)
2026-04-14 12:39:40,483 - INFO - *******STOP GROWING CR RULE*******
2026-04-14 12:39:40,486 - INFO - *******GROWING CR RULE*******
2026-04-14 12:39:40,543 - INFO - Iteracja 0: condition_best: Strength <= 26.35, quality_best: 0.112, coverage_best: (p=219, n=155, P=583, N=572)
2026-04-14 12:39:40,543 - INFO - Regula po iteracji 0: IF Strength <= 26.35 THEN class = {16.40} [13.34, 19.45], (p=219, n=155, P=583, N=572)
2026-04-14 12:39:40,556 - INFO - Iteracja 1: condition_best: Temperature >= 235.00, quality_best: 0.432, coverage_best: (p=47, n=9, P=365, N=790)
2026-04-14 12:39:40,556 - INFO - Regula po iteracji 1: IF Strength <= 26.35 AND Temperature >= 235.00 THEN class = {18.79} [17.29, 20.28], (p=47, n=9, P=365, N=790)
2026-04-14 12:39:40,559 - INFO - Iteracja 2: condition_best: Strength <= 26.25, quality_best: 0.444, coverage_best: (p=47, n=8, P=365, N=790)
2026-04-14 12:39:40,559 - INFO - Regula po iteracji 2: IF Strength <= 26.35 AND Temperature >= 235.00 AND Strength <= 26.25 THEN class = {18.84} [17.37, 20.30], (p=47, n=8, P=365, N=790)
2026-04-14 12:39:40,562 - INFO - Iteracja 3: condition_best: Strength >= 20.55, quality_best: 0.441, coverage_best: (p=46, n=8, P=365, N=790)
2026-04-14 12:39:40,562 - INFO - Regula po iteracji 3: IF Strength <= 26.35 AND Temperature >= 235.00 AND Strength <= 26.25 AND Strength >= 20.55 THEN class = {18.81} [17.35, 20.28], (p=46, n=8, P=365, N=790)
2026-04-14 12:39:40,565 - INFO - Iteracja 4: condition_best: Strength >= 20.95, quality_best: 0.438, coverage_best: (p=45, n=8, P=365, N=790)
2026-04-14 12:39:40,565 - INFO - Regula po iteracji 4: IF Strength <= 26.35 AND Temperature >= 235.00 AND Strength <= 26.25 AND Strength >= 20.55 AND Strength >= 20.95 THEN class = {18.79} [17.32, 20.26], (p=45, n=8, P=365, N=790)
2026-04-14 12:39:40,565 - INFO - *******STOP GROWING CR RULE*******
2026-04-14 12:39:40,569 - INFO - *******GROWING CR RULE*******
2026-04-14 12:39:40,625 - INFO - Iteracja 0: condition_best: Strength <= 26.35, quality_best: 0.112, coverage_best: (p=219, n=155, P=583, N=572)
2026-04-14 12:39:40,625 - INFO - Regula po iteracji 0: IF Strength <= 26.35 THEN class = {16.40} [13.34, 19.45], (p=219, n=155, P=583, N=572)
2026-04-14 12:39:40,638 - INFO - Iteracja 1: condition_best: Temperature >= 215.00, quality_best: 0.145, coverage_best: (p=88, n=93, P=379, N=776)
2026-04-14 12:39:40,638 - INFO - Regula po iteracji 1: IF Strength <= 26.35 AND Temperature >= 215.00 THEN class = {17.49} [15.15, 19.83], (p=88, n=93, P=379, N=776)
2026-04-14 12:39:40,645 - INFO - Iteracja 2: condition_best: Strength >= 24.85, quality_best: 0.248, coverage_best: (p=31, n=11, P=583, N=572)
2026-04-14 12:39:40,645 - INFO - Regula po iteracji 2: IF Strength <= 26.35 AND Temperature >= 215.00 AND Strength >= 24.85 THEN class = {16.00} [13.57, 18.43], (p=31, n=11, P=583, N=572)
2026-04-14 12:39:40,647 - INFO - Iteracja 3: condition_best: Temperature <= 225.00, quality_best: 0.372, coverage_best: (p=9, n=2, P=388, N=767)
2026-04-14 12:39:40,647 - INFO - Regula po iteracji 3: IF Strength <= 26.35 AND Temperature >= 215.00 AND Strength >= 24.85 AND Temperature <= 225.00 THEN class = {13.45} [11.96, 14.95], (p=9, n=2, P=388, N=767)
2026-04-14 12:39:40,648 - INFO - Iteracja 4: condition_best: Strength >= 25.85, quality_best: 0.508, coverage_best: (p=6, n=0, P=388, N=767)
2026-04-14 12:39:40,648 - INFO - Regula po iteracji 4: IF Strength <= 26.35 AND Temperature >= 215.00 AND Strength >= 24.85 AND Temperature <= 225.00 AND Strength >= 25.85 THEN class = {13.00} [12.00, 14.00], (p=6, n=0, P=388, N=767)
2026-04-14 12:39:40,648 - INFO - *******STOP GROWING CR RULE*******
2026-04-14 12:39:40,652 - INFO - *******GROWING CR RULE*******
2026-04-14 12:39:40,709 - INFO - Iteracja 0: condition_best: Strength <= 26.35, quality_best: 0.112, coverage_best: (p=219, n=155, P=583, N=572)
2026-04-14 12:39:40,710 - INFO - Regula po iteracji 0: IF Strength <= 26.35 THEN class = {16.40} [13.34, 19.45], (p=219, n=155, P=583, N=572)
2026-04-14 12:39:40,723 - INFO - Iteracja 1: condition_best: Strength >= 16.65, quality_best: 0.145, coverage_best: (p=207, n=132, P=583, N=572)
2026-04-14 12:39:40,723 - INFO - Regula po iteracji 1: IF Strength <= 26.35 AND Strength >= 16.65 THEN class = {16.10} [13.06, 19.14], (p=207, n=132, P=583, N=572)
2026-04-14 12:39:40,734 - INFO - Iteracja 2: condition_best: Temperature <= 235.00, quality_best: 0.183, coverage_best: (p=182, n=101, P=583, N=572)
2026-04-14 12:39:40,734 - INFO - Regula po iteracji 2: IF Strength <= 26.35 AND Strength >= 16.65 AND Temperature <= 235.00 THEN class = {15.57} [12.58, 18.56], (p=182, n=101, P=583, N=572)
2026-04-14 12:39:40,743 - INFO - Iteracja 3: condition_best: Temperature >= 205.00, quality_best: 0.193, coverage_best: (p=134, n=69, P=583, N=572)
2026-04-14 12:39:40,743 - INFO - Regula po iteracji 3: IF Strength <= 26.35 AND Strength >= 16.65 AND Temperature <= 235.00 AND Temperature >= 205.00 THEN class = {16.24} [13.40, 19.07], (p=134, n=69, P=583, N=572)
2026-04-14 12:39:40,752 - INFO - Iteracja 4: condition_best: Strength >= 24.15, quality_best: 0.28, coverage_best: (p=48, n=15, P=585, N=570)
2026-04-14 12:39:40,752 - INFO - Regula po iteracji 4: IF Strength <= 26.35 AND Strength >= 16.65 AND Temperature <= 235.00 AND Temperature >= 205.00 AND Strength >= 24.15 THEN class = {13.78} [11.33, 16.22], (p=48, n=15, P=585, N=570)
2026-04-14 12:39:40,752 - INFO - *******STOP GROWING CR RULE*******
2026-04-14 12:39:40,755 - INFO - *******GROWING CR RULE*******
2026-04-14 12:39:40,815 - INFO - Iteracja 0: condition_best: Strength <= 26.45, quality_best: 0.11, coverage_best: (p=220, n=157, P=583, N=572)
2026-04-14 12:39:40,815 - INFO - Regula po iteracji 0: IF Strength <= 26.45 THEN class = {16.39} [13.32, 19.46], (p=220, n=157, P=583, N=572)
2026-04-14 12:39:40,828 - INFO - Iteracja 1: condition_best: Strength >= 16.65, quality_best: 0.142, coverage_best: (p=208, n=134, P=583, N=572)
2026-04-14 12:39:40,828 - INFO - Regula po iteracji 1: IF Strength <= 26.45 AND Strength >= 16.65 THEN class = {16.10} [13.04, 19.15], (p=208, n=134, P=583, N=572)
2026-04-14 12:39:40,839 - INFO - Iteracja 2: condition_best: Strength >= 17.10, quality_best: 0.141, coverage_best: (p=202, n=130, P=583, N=572)
2026-04-14 12:39:40,839 - INFO - Regula po iteracji 2: IF Strength <= 26.45 AND Strength >= 16.65 AND Strength >= 17.10 THEN class = {16.03} [12.97, 19.09], (p=202, n=130, P=583, N=572)
2026-04-14 12:39:40,849 - INFO - Iteracja 3: condition_best: Strength >= 17.40, quality_best: 0.141, coverage_best: (p=199, n=128, P=583, N=572)
2026-04-14 12:39:40,849 - INFO - Regula po iteracji 3: IF Strength <= 26.45 AND Strength >= 16.65 AND Strength >= 17.10 AND Strength >= 17.40 THEN class = {15.99} [12.93, 19.06], (p=199, n=128, P=583, N=572)
2026-04-14 12:39:40,859 - INFO - Iteracja 4: condition_best: Strength >= 17.60, quality_best: 0.139, coverage_best: (p=197, n=127, P=583, N=572)
2026-04-14 12:39:40,859 - INFO - Regula po iteracji 4: IF Strength <= 26.45 AND Strength >= 16.65 AND Strength >= 17.10 AND Strength >= 17.40 AND Strength >= 17.60 THEN class = {15.98} [12.90, 19.05], (p=197, n=127, P=583, N=572)
2026-04-14 12:39:40,859 - INFO - *******STOP GROWING CR RULE*******
2026-04-14 12:39:40,863 - INFO - *******GROWING CR RULE*******
2026-04-14 12:39:40,920 - INFO - Iteracja 0: condition_best: Strength >= 34.75, quality_best: 0.109, coverage_best: (p=136, n=171, P=388, N=767)
2026-04-14 12:39:40,920 - INFO - Regula po iteracji 0: IF Strength >= 34.75 THEN class = {12.90} [10.14, 15.66], (p=136, n=171, P=388, N=767)
2026-04-14 12:39:40,932 - INFO - Iteracja 1: condition_best: Temperature <= 295.00, quality_best: 0.445, coverage_best: (p=187, n=35, P=593, N=562)
2026-04-14 12:39:40,932 - INFO - Regula po iteracji 1: IF Strength >= 34.75 AND Temperature <= 295.00 THEN class = {12.39} [9.94, 14.84], (p=187, n=35, P=593, N=562)
2026-04-14 12:39:40,941 - INFO - Iteracja 2: condition_best: Strength <= 46.60, quality_best: 0.443, coverage_best: (p=186, n=35, P=593, N=562)
2026-04-14 12:39:40,941 - INFO - Regula po iteracji 2: IF Strength >= 34.75 AND Temperature <= 295.00 AND Strength <= 46.60 THEN class = {12.40} [9.95, 14.85], (p=186, n=35, P=593, N=562)
2026-04-14 12:39:40,950 - INFO - Iteracja 3: condition_best: Strength <= 46.15, quality_best: 0.442, coverage_best: (p=185, n=35, P=593, N=562)
2026-04-14 12:39:40,950 - INFO - Regula po iteracji 3: IF Strength >= 34.75 AND Temperature <= 295.00 AND Strength <= 46.60 AND Strength <= 46.15 THEN class = {12.41} [9.96, 14.86], (p=185, n=35, P=593, N=562)
2026-04-14 12:39:40,959 - INFO - Iteracja 4: condition_best: Strength <= 45.40, quality_best: 0.44, coverage_best: (p=184, n=35, P=593, N=562)
2026-04-14 12:39:40,959 - INFO - Regula po iteracji 4: IF Strength >= 34.75 AND Temperature <= 295.00 AND Strength <= 46.60 AND Strength <= 46.15 AND Strength <= 45.40 THEN class = {12.42} [9.97, 14.87], (p=184, n=35, P=593, N=562)
2026-04-14 12:39:40,959 - INFO - *******STOP GROWING CR RULE*******
2026-04-14 12:39:40,963 - INFO - *******GROWING CR RULE*******
2026-04-14 12:39:41,019 - INFO - Iteracja 0: condition_best: Strength <= 26.55, quality_best: 0.107, coverage_best: (p=225, n=162, P=583, N=572)
2026-04-14 12:39:41,019 - INFO - Regula po iteracji 0: IF Strength <= 26.55 THEN class = {16.36} [13.28, 19.44], (p=225, n=162, P=583, N=572)
2026-04-14 12:39:41,032 - INFO - Iteracja 1: condition_best: Temperature >= 215.00, quality_best: 0.144, coverage_best: (p=92, n=98, P=379, N=776)
2026-04-14 12:39:41,033 - INFO - Regula po iteracji 1: IF Strength <= 26.55 AND Temperature >= 215.00 THEN class = {17.46} [15.07, 19.85], (p=92, n=98, P=379, N=776)
2026-04-14 12:39:41,040 - INFO - Iteracja 2: condition_best: Strength >= 26.35, quality_best: 0.339, coverage_best: (p=8, n=1, P=766, N=389)
2026-04-14 12:39:41,040 - INFO - Regula po iteracji 2: IF Strength <= 26.55 AND Temperature >= 215.00 AND Strength >= 26.35 THEN class = {16.89} [13.75, 20.03], (p=8, n=1, P=766, N=389)
2026-04-14 12:39:41,041 - INFO - Iteracja 3: condition_best: Temperature <= 245.00, quality_best: 0.165, coverage_best: (p=4, n=2, P=583, N=572)
2026-04-14 12:39:41,041 - INFO - Regula po iteracji 3: IF Strength <= 26.55 AND Temperature >= 215.00 AND Strength >= 26.35 AND Temperature <= 245.00 THEN class = {15.67} [12.52, 18.81], (p=4, n=2, P=583, N=572)
2026-04-14 12:39:41,042 - INFO - Iteracja 4: condition_best: Strength >= 26.45, quality_best: 0.204, coverage_best: (p=3, n=2, P=379, N=776)
2026-04-14 12:39:41,042 - INFO - Regula po iteracji 4: IF Strength <= 26.55 AND Temperature >= 215.00 AND Strength >= 26.35 AND Temperature <= 245.00 AND Strength >= 26.45 THEN class = {16.80} [14.76, 18.84], (p=3, n=2, P=379, N=776)
2026-04-14 12:39:41,042 - INFO - *******STOP GROWING CR RULE*******
2026-04-14 12:39:41,045 - INFO - *******GROWING CR RULE*******
2026-04-14 12:39:41,101 - INFO - Iteracja 0: condition_best: Strength <= 26.55, quality_best: 0.107, coverage_best: (p=225, n=162, P=583, N=572)
2026-04-14 12:39:41,101 - INFO - Regula po iteracji 0: IF Strength <= 26.55 THEN class = {16.36} [13.28, 19.44], (p=225, n=162, P=583, N=572)
2026-04-14 12:39:41,114 - INFO - Iteracja 1: condition_best: Strength >= 16.65, quality_best: 0.138, coverage_best: (p=213, n=139, P=583, N=572)
2026-04-14 12:39:41,114 - INFO - Regula po iteracji 1: IF Strength <= 26.55 AND Strength >= 16.65 THEN class = {16.07} [13.01, 19.14], (p=213, n=139, P=583, N=572)
2026-04-14 12:39:41,125 - INFO - Iteracja 2: condition_best: Temperature <= 255.00, quality_best: 0.151, coverage_best: (p=212, n=133, P=583, N=572)
2026-04-14 12:39:41,125 - INFO - Regula po iteracji 2: IF Strength <= 26.55 AND Strength >= 16.65 AND Temperature <= 255.00 THEN class = {16.00} [12.95, 19.05], (p=212, n=133, P=583, N=572)
2026-04-14 12:39:41,136 - INFO - Iteracja 3: condition_best: Strength >= 17.10, quality_best: 0.151, coverage_best: (p=206, n=129, P=583, N=572)
2026-04-14 12:39:41,136 - INFO - Regula po iteracji 3: IF Strength <= 26.55 AND Strength >= 16.65 AND Temperature <= 255.00 AND Strength >= 17.10 THEN class = {15.93} [12.87, 18.98], (p=206, n=129, P=583, N=572)
2026-04-14 12:39:41,146 - INFO - Iteracja 4: condition_best: Strength >= 17.40, quality_best: 0.15, coverage_best: (p=203, n=127, P=583, N=572)
2026-04-14 12:39:41,146 - INFO - Regula po iteracji 4: IF Strength <= 26.55 AND Strength >= 16.65 AND Temperature <= 255.00 AND Strength >= 17.10 AND Strength >= 17.40 THEN class = {15.89} [12.83, 18.95], (p=203, n=127, P=583, N=572)
2026-04-14 12:39:41,146 - INFO - *******STOP GROWING CR RULE*******
2026-04-14 12:39:41,150 - INFO - *******GROWING CR RULE*******
2026-04-14 12:39:41,205 - INFO - Iteracja 0: condition_best: Strength >= 34.55, quality_best: 0.106, coverage_best: (p=146, n=187, P=388, N=767)
2026-04-14 12:39:41,205 - INFO - Regula po iteracji 0: IF Strength >= 34.55 THEN class = {13.04} [10.20, 15.87], (p=146, n=187, P=388, N=767)
2026-04-14 12:39:41,218 - INFO - Iteracja 1: condition_best: Temperature <= 265.00, quality_best: 0.476, coverage_best: (p=46, n=5, P=389, N=766)
2026-04-14 12:39:41,218 - INFO - Regula po iteracji 1: IF Strength >= 34.55 AND Temperature <= 265.00 THEN class = {10.94} [9.49, 12.39], (p=46, n=5, P=389, N=766)
2026-04-14 12:39:41,221 - INFO - Iteracja 2: condition_best: Strength <= 40.25, quality_best: 0.474, coverage_best: (p=45, n=5, P=389, N=766)
2026-04-14 12:39:41,221 - INFO - Regula po iteracji 2: IF Strength >= 34.55 AND Temperature <= 265.00 AND Strength <= 40.25 THEN class = {10.96} [9.50, 12.42], (p=45, n=5, P=389, N=766)
2026-04-14 12:39:41,224 - INFO - Iteracja 3: condition_best: Strength <= 39.40, quality_best: 0.471, coverage_best: (p=44, n=5, P=389, N=766)
2026-04-14 12:39:41,224 - INFO - Regula po iteracji 3: IF Strength >= 34.55 AND Temperature <= 265.00 AND Strength <= 40.25 AND Strength <= 39.40 THEN class = {10.98} [9.52, 12.44], (p=44, n=5, P=389, N=766)
2026-04-14 12:39:41,227 - INFO - Iteracja 4: condition_best: Strength <= 38.85, quality_best: 0.468, coverage_best: (p=43, n=5, P=389, N=766)
2026-04-14 12:39:41,227 - INFO - Regula po iteracji 4: IF Strength >= 34.55 AND Temperature <= 265.00 AND Strength <= 40.25 AND Strength <= 39.40 AND Strength <= 38.85 THEN class = {11.00} [9.53, 12.47], (p=43, n=5, P=389, N=766)
2026-04-14 12:39:41,227 - INFO - *******STOP GROWING CR RULE*******
2026-04-14 12:39:41,231 - INFO - *******GROWING CR RULE*******
2026-04-14 12:39:41,287 - INFO - Iteracja 0: condition_best: Strength >= 34.55, quality_best: 0.106, coverage_best: (p=146, n=187, P=388, N=767)
2026-04-14 12:39:41,287 - INFO - Regula po iteracji 0: IF Strength >= 34.55 THEN class = {13.04} [10.20, 15.87], (p=146, n=187, P=388, N=767)
2026-04-14 12:39:41,299 - INFO - Iteracja 1: condition_best: Temperature <= 275.00, quality_best: 0.446, coverage_best: (p=81, n=17, P=389, N=766)
2026-04-14 12:39:41,299 - INFO - Regula po iteracji 1: IF Strength >= 34.55 AND Temperature <= 275.00 THEN class = {11.41} [9.64, 13.17], (p=81, n=17, P=389, N=766)
2026-04-14 12:39:41,303 - INFO - Iteracja 2: condition_best: Strength <= 42.60, quality_best: 0.444, coverage_best: (p=80, n=17, P=389, N=766)
2026-04-14 12:39:41,303 - INFO - Regula po iteracji 2: IF Strength >= 34.55 AND Temperature <= 275.00 AND Strength <= 42.60 THEN class = {11.42} [9.65, 13.19], (p=80, n=17, P=389, N=766)
2026-04-14 12:39:41,308 - INFO - Iteracja 3: condition_best: Strength <= 35.60, quality_best: 0.442, coverage_best: (p=25, n=2, P=593, N=562)
2026-04-14 12:39:41,308 - INFO - Regula po iteracji 3: IF Strength >= 34.55 AND Temperature <= 275.00 AND Strength <= 42.60 AND Strength <= 35.60 THEN class = {12.00} [9.96, 14.04], (p=25, n=2, P=593, N=562)
2026-04-14 12:39:41,309 - INFO - Iteracja 4: condition_best: Temperature >= 265.00, quality_best: 0.425, coverage_best: (p=8, n=1, P=388, N=767)
2026-04-14 12:39:41,309 - INFO - Regula po iteracji 4: IF Strength >= 34.55 AND Temperature <= 275.00 AND Strength <= 42.60 AND Strength <= 35.60 AND Temperature >= 265.00 THEN class = {13.56} [11.72, 15.39], (p=8, n=1, P=388, N=767)
2026-04-14 12:39:41,309 - INFO - *******STOP GROWING CR RULE*******
2026-04-14 12:39:41,313 - INFO - *******GROWING CR RULE*******
2026-04-14 12:39:41,368 - INFO - Iteracja 0: condition_best: Strength >= 34.55, quality_best: 0.106, coverage_best: (p=146, n=187, P=388, N=767)
2026-04-14 12:39:41,368 - INFO - Regula po iteracji 0: IF Strength >= 34.55 THEN class = {13.04} [10.20, 15.87], (p=146, n=187, P=388, N=767)
2026-04-14 12:39:41,380 - INFO - Iteracja 1: condition_best: Strength <= 41.25, quality_best: 0.155, coverage_best: (p=161, n=96, P=585, N=570)
2026-04-14 12:39:41,381 - INFO - Regula po iteracji 1: IF Strength >= 34.55 AND Strength <= 41.25 THEN class = {13.58} [10.69, 16.47], (p=161, n=96, P=585, N=570)
2026-04-14 12:39:41,388 - INFO - Iteracja 2: condition_best: Temperature >= 285.00, quality_best: 0.268, coverage_best: (p=79, n=28, P=583, N=572)
2026-04-14 12:39:41,388 - INFO - Regula po iteracji 2: IF Strength >= 34.55 AND Strength <= 41.25 AND Temperature >= 285.00 THEN class = {15.72} [13.24, 18.20], (p=79, n=28, P=583, N=572)
2026-04-14 12:39:41,393 - INFO - Iteracja 3: condition_best: Strength <= 35.10, quality_best: 0.376, coverage_best: (p=9, n=2, P=365, N=790)
2026-04-14 12:39:41,393 - INFO - Regula po iteracji 3: IF Strength >= 34.55 AND Strength <= 41.25 AND Temperature >= 285.00 AND Strength <= 35.10 THEN class = {18.55} [17.05, 20.04], (p=9, n=2, P=365, N=790)
2026-04-14 12:39:41,394 - INFO - Iteracja 4: condition_best: Temperature >= 295.00, quality_best: 0.39, coverage_best: (p=4, n=1, P=183, N=972)
2026-04-14 12:39:41,394 - INFO - Regula po iteracji 4: IF Strength >= 34.55 AND Strength <= 41.25 AND Temperature >= 285.00 AND Strength <= 35.10 AND Temperature >= 295.00 THEN class = {19.60} [18.80, 20.40], (p=4, n=1, P=183, N=972)
2026-04-14 12:39:41,394 - INFO - *******STOP GROWING CR RULE*******
2026-04-14 12:39:41,397 - INFO - *******GROWING CR RULE*******
2026-04-14 12:39:41,453 - INFO - Iteracja 0: condition_best: Strength >= 34.55, quality_best: 0.106, coverage_best: (p=146, n=187, P=388, N=767)
2026-04-14 12:39:41,453 - INFO - Regula po iteracji 0: IF Strength >= 34.55 THEN class = {13.04} [10.20, 15.87], (p=146, n=187, P=388, N=767)
2026-04-14 12:39:41,466 - INFO - Iteracja 1: condition_best: Strength <= 41.25, quality_best: 0.155, coverage_best: (p=161, n=96, P=585, N=570)
2026-04-14 12:39:41,466 - INFO - Regula po iteracji 1: IF Strength >= 34.55 AND Strength <= 41.25 THEN class = {13.58} [10.69, 16.47], (p=161, n=96, P=585, N=570)
2026-04-14 12:39:41,473 - INFO - Iteracja 2: condition_best: Temperature >= 265.00, quality_best: 0.237, coverage_best: (p=143, n=63, P=585, N=570)
2026-04-14 12:39:41,473 - INFO - Regula po iteracji 2: IF Strength >= 34.55 AND Strength <= 41.25 AND Temperature >= 265.00 THEN class = {14.23} [11.45, 17.02], (p=143, n=63, P=585, N=570)
2026-04-14 12:39:41,480 - INFO - Iteracja 3: condition_best: Strength <= 39.85, quality_best: 0.244, coverage_best: (p=118, n=49, P=585, N=570)
2026-04-14 12:39:41,480 - INFO - Regula po iteracji 3: IF Strength >= 34.55 AND Strength <= 41.25 AND Temperature >= 265.00 AND Strength <= 39.85 THEN class = {14.65} [11.91, 17.38], (p=118, n=49, P=585, N=570)
2026-04-14 12:39:41,485 - INFO - Iteracja 4: condition_best: Temperature <= 295.00, quality_best: 0.304, coverage_best: (p=97, n=30, P=585, N=570)
2026-04-14 12:39:41,485 - INFO - Regula po iteracji 4: IF Strength >= 34.55 AND Strength <= 41.25 AND Temperature >= 265.00 AND Strength <= 39.85 AND Temperature <= 295.00 THEN class = {13.87} [11.43, 16.32], (p=97, n=30, P=585, N=570)
2026-04-14 12:39:41,485 - INFO - *******STOP GROWING CR RULE*******
2026-04-14 12:39:41,488 - INFO - *******GROWING CR RULE*******
2026-04-14 12:39:41,545 - INFO - Iteracja 0: condition_best: Strength >= 34.35, quality_best: 0.106, coverage_best: (p=152, n=196, P=388, N=767)
2026-04-14 12:39:41,545 - INFO - Regula po iteracji 0: IF Strength >= 34.35 THEN class = {13.10} [10.22, 15.97], (p=152, n=196, P=388, N=767)
2026-04-14 12:39:41,558 - INFO - Iteracja 1: condition_best: Temperature <= 285.00, quality_best: 0.497, coverage_best: (p=156, n=18, P=593, N=562)
2026-04-14 12:39:41,558 - INFO - Regula po iteracji 1: IF Strength >= 34.35 AND Temperature <= 285.00 THEN class = {12.07} [9.87, 14.27], (p=156, n=18, P=593, N=562)
2026-04-14 12:39:41,565 - INFO - Iteracja 2: condition_best: Strength <= 43.75, quality_best: 0.496, coverage_best: (p=155, n=18, P=593, N=562)
2026-04-14 12:39:41,565 - INFO - Regula po iteracji 2: IF Strength >= 34.35 AND Temperature <= 285.00 AND Strength <= 43.75 THEN class = {12.08} [9.88, 14.28], (p=155, n=18, P=593, N=562)
2026-04-14 12:39:41,572 - INFO - Iteracja 3: condition_best: Strength <= 42.85, quality_best: 0.494, coverage_best: (p=154, n=18, P=593, N=562)
2026-04-14 12:39:41,572 - INFO - Regula po iteracji 3: IF Strength >= 34.35 AND Temperature <= 285.00 AND Strength <= 43.75 AND Strength <= 42.85 THEN class = {12.09} [9.90, 14.29], (p=154, n=18, P=593, N=562)
2026-04-14 12:39:41,578 - INFO - Iteracja 4: condition_best: Strength <= 42.60, quality_best: 0.491, coverage_best: (p=152, n=18, P=593, N=562)
2026-04-14 12:39:41,578 - INFO - Regula po iteracji 4: IF Strength >= 34.35 AND Temperature <= 285.00 AND Strength <= 43.75 AND Strength <= 42.85 AND Strength <= 42.60 THEN class = {12.11} [9.90, 14.31], (p=152, n=18, P=593, N=562)
2026-04-14 12:39:41,578 - INFO - *******STOP GROWING CR RULE*******
2026-04-14 12:39:41,582 - INFO - *******GROWING CR RULE*******
2026-04-14 12:39:41,637 - INFO - Iteracja 0: condition_best: Strength <= 26.65, quality_best: 0.1, coverage_best: (p=228, n=168, P=583, N=572)
2026-04-14 12:39:41,637 - INFO - Regula po iteracji 0: IF Strength <= 26.65 THEN class = {16.33} [13.22, 19.44], (p=228, n=168, P=583, N=572)
2026-04-14 12:39:41,651 - INFO - Iteracja 1: condition_best: Temperature >= 225.00, quality_best: 0.401, coverage_best: (p=92, n=30, P=365, N=790)
2026-04-14 12:39:41,651 - INFO - Regula po iteracji 1: IF Strength <= 26.65 AND Temperature >= 225.00 THEN class = {18.20} [16.29, 20.10], (p=92, n=30, P=365, N=790)
2026-04-14 12:39:41,656 - INFO - Iteracja 2: condition_best: Strength >= 18.55, quality_best: 0.398, coverage_best: (p=91, n=30, P=365, N=790)
2026-04-14 12:39:41,656 - INFO - Regula po iteracji 2: IF Strength <= 26.65 AND Temperature >= 225.00 AND Strength >= 18.55 THEN class = {18.18} [16.27, 20.09], (p=91, n=30, P=365, N=790)
2026-04-14 12:39:41,662 - INFO - Iteracja 3: condition_best: Strength >= 18.95, quality_best: 0.395, coverage_best: (p=90, n=30, P=365, N=790)
2026-04-14 12:39:41,662 - INFO - Regula po iteracji 3: IF Strength <= 26.65 AND Temperature >= 225.00 AND Strength >= 18.55 AND Strength >= 18.95 THEN class = {18.17} [16.26, 20.07], (p=90, n=30, P=365, N=790)
2026-04-14 12:39:41,667 - INFO - Iteracja 4: condition_best: Strength >= 19.35, quality_best: 0.393, coverage_best: (p=89, n=30, P=365, N=790)
2026-04-14 12:39:41,667 - INFO - Regula po iteracji 4: IF Strength <= 26.65 AND Temperature >= 225.00 AND Strength >= 18.55 AND Strength >= 18.95 AND Strength >= 19.35 THEN class = {18.15} [16.24, 20.06], (p=89, n=30, P=365, N=790)
2026-04-14 12:39:41,667 - INFO - *******STOP GROWING CR RULE*******
2026-04-14 12:39:41,670 - INFO - *******GROWING CR RULE*******
2026-04-14 12:39:41,725 - INFO - Iteracja 0: condition_best: Strength <= 26.75, quality_best: 0.097, coverage_best: (p=235, n=175, P=583, N=572)
2026-04-14 12:39:41,726 - INFO - Regula po iteracji 0: IF Strength <= 26.75 THEN class = {16.33} [13.21, 19.44], (p=235, n=175, P=583, N=572)
2026-04-14 12:39:41,740 - INFO - Iteracja 1: condition_best: Temperature >= 235.00, quality_best: 0.443, coverage_best: (p=61, n=12, P=365, N=790)
2026-04-14 12:39:41,740 - INFO - Regula po iteracji 1: IF Strength <= 26.75 AND Temperature >= 235.00 THEN class = {18.74} [17.17, 20.31], (p=61, n=12, P=365, N=790)
2026-04-14 12:39:41,743 - INFO - Iteracja 2: condition_best: Strength >= 20.55, quality_best: 0.44, coverage_best: (p=60, n=12, P=365, N=790)
2026-04-14 12:39:41,743 - INFO - Regula po iteracji 2: IF Strength <= 26.75 AND Temperature >= 235.00 AND Strength >= 20.55 THEN class = {18.72} [17.15, 20.30], (p=60, n=12, P=365, N=790)
2026-04-14 12:39:41,747 - INFO - Iteracja 3: condition_best: Strength >= 20.95, quality_best: 0.437, coverage_best: (p=59, n=12, P=365, N=790)
2026-04-14 12:39:41,747 - INFO - Regula po iteracji 3: IF Strength <= 26.75 AND Temperature >= 235.00 AND Strength >= 20.55 AND Strength >= 20.95 THEN class = {18.70} [17.13, 20.28], (p=59, n=12, P=365, N=790)
2026-04-14 12:39:41,750 - INFO - Iteracja 4: condition_best: Strength >= 21.35, quality_best: 0.434, coverage_best: (p=58, n=12, P=365, N=790)
2026-04-14 12:39:41,750 - INFO - Regula po iteracji 4: IF Strength <= 26.75 AND Temperature >= 235.00 AND Strength >= 20.55 AND Strength >= 20.95 AND Strength >= 21.35 THEN class = {18.69} [17.10, 20.27], (p=58, n=12, P=365, N=790)
2026-04-14 12:39:41,750 - INFO - *******STOP GROWING CR RULE*******
2026-04-14 12:39:41,753 - INFO - *******GROWING CR RULE*******
2026-04-14 12:39:41,809 - INFO - Iteracja 0: condition_best: Strength <= 26.75, quality_best: 0.097, coverage_best: (p=235, n=175, P=583, N=572)
2026-04-14 12:39:41,809 - INFO - Regula po iteracji 0: IF Strength <= 26.75 THEN class = {16.33} [13.21, 19.44], (p=235, n=175, P=583, N=572)
2026-04-14 12:39:41,823 - INFO - Iteracja 1: condition_best: Temperature >= 215.00, quality_best: 0.137, coverage_best: (p=99, n=110, P=379, N=776)
2026-04-14 12:39:41,823 - INFO - Regula po iteracji 1: IF Strength <= 26.75 AND Temperature >= 215.00 THEN class = {17.39} [14.90, 19.88], (p=99, n=110, P=379, N=776)
2026-04-14 12:39:41,831 - INFO - Iteracja 2: condition_best: Strength >= 23.00, quality_best: 0.171, coverage_best: (p=81, n=43, P=583, N=572)
2026-04-14 12:39:41,831 - INFO - Regula po iteracji 2: IF Strength <= 26.75 AND Temperature >= 215.00 AND Strength >= 23.00 THEN class = {16.66} [13.98, 19.35], (p=81, n=43, P=583, N=572)
2026-04-14 12:39:41,834 - INFO - Iteracja 3: condition_best: Temperature <= 245.00, quality_best: 0.293, coverage_best: (p=71, n=22, P=583, N=572)
2026-04-14 12:39:41,834 - INFO - Regula po iteracji 3: IF Strength <= 26.75 AND Temperature >= 215.00 AND Strength >= 23.00 AND Temperature <= 245.00 THEN class = {15.78} [13.31, 18.26], (p=71, n=22, P=583, N=572)
2026-04-14 12:39:41,838 - INFO - Iteracja 4: condition_best: Strength >= 23.40, quality_best: 0.289, coverage_best: (p=67, n=21, P=583, N=572)
2026-04-14 12:39:41,838 - INFO - Regula po iteracji 4: IF Strength <= 26.75 AND Temperature >= 215.00 AND Strength >= 23.00 AND Temperature <= 245.00 AND Strength >= 23.40 THEN class = {15.70} [13.23, 18.18], (p=67, n=21, P=583, N=572)
2026-04-14 12:39:41,838 - INFO - *******STOP GROWING CR RULE*******
2026-04-14 12:39:41,841 - INFO - *******GROWING CR RULE*******
2026-04-14 12:39:41,896 - INFO - Iteracja 0: condition_best: Strength <= 26.90, quality_best: 0.096, coverage_best: (p=237, n=177, P=583, N=572)
2026-04-14 12:39:41,896 - INFO - Regula po iteracji 0: IF Strength <= 26.90 THEN class = {16.29} [13.17, 19.42], (p=237, n=177, P=583, N=572)
2026-04-14 12:39:41,911 - INFO - Iteracja 1: condition_best: Temperature <= 245.00, quality_best: 0.13, coverage_best: (p=227, n=153, P=583, N=572)
2026-04-14 12:39:41,911 - INFO - Regula po iteracji 1: IF Strength <= 26.90 AND Temperature <= 245.00 THEN class = {16.02} [12.92, 19.12], (p=227, n=153, P=583, N=572)
2026-04-14 12:39:41,924 - INFO - Iteracja 2: condition_best: Strength >= 20.55, quality_best: 0.201, coverage_best: (p=196, n=58, P=767, N=388)
2026-04-14 12:39:41,924 - INFO - Regula po iteracji 2: IF Strength <= 26.90 AND Temperature <= 245.00 AND Strength >= 20.55 THEN class = {14.99} [11.93, 18.05], (p=196, n=58, P=767, N=388)
2026-04-14 12:39:41,931 - INFO - Iteracja 3: condition_best: Temperature <= 225.00, quality_best: 0.236, coverage_best: (p=113, n=48, P=585, N=570)
2026-04-14 12:39:41,931 - INFO - Regula po iteracji 3: IF Strength <= 26.90 AND Temperature <= 245.00 AND Strength >= 20.55 AND Temperature <= 225.00 THEN class = {13.55} [10.97, 16.13], (p=113, n=48, P=585, N=570)
2026-04-14 12:39:41,937 - INFO - Iteracja 4: condition_best: Strength >= 25.40, quality_best: 0.368, coverage_best: (p=30, n=8, P=389, N=766)
2026-04-14 12:39:41,937 - INFO - Regula po iteracji 4: IF Strength <= 26.90 AND Temperature <= 245.00 AND Strength >= 20.55 AND Temperature <= 225.00 AND Strength >= 25.40 THEN class = {11.68} [9.94, 13.43], (p=30, n=8, P=389, N=766)
2026-04-14 12:39:41,937 - INFO - *******STOP GROWING CR RULE*******
2026-04-14 12:39:41,940 - INFO - *******GROWING CR RULE*******
2026-04-14 12:39:41,994 - INFO - Iteracja 0: condition_best: Strength <= 28.00, quality_best: 0.095, coverage_best: (p=257, n=194, P=583, N=572)
2026-04-14 12:39:41,994 - INFO - Regula po iteracji 0: IF Strength <= 28.00 THEN class = {16.20} [13.05, 19.35], (p=257, n=194, P=583, N=572)
2026-04-14 12:39:42,010 - INFO - Iteracja 1: condition_best: Temperature >= 225.00, quality_best: 0.474, coverage_best: (p=141, n=20, P=562, N=593)
2026-04-14 12:39:42,010 - INFO - Regula po iteracji 1: IF Strength <= 28.00 AND Temperature >= 225.00 THEN class = {17.86} [15.71, 20.01], (p=141, n=20, P=562, N=593)
2026-04-14 12:39:42,017 - INFO - Iteracja 2: condition_best: Strength <= 27.60, quality_best: 0.489, coverage_best: (p=133, n=16, P=562, N=593)
2026-04-14 12:39:42,017 - INFO - Regula po iteracji 2: IF Strength <= 28.00 AND Temperature >= 225.00 AND Strength <= 27.60 THEN class = {17.99} [15.91, 20.07], (p=133, n=16, P=562, N=593)
2026-04-14 12:39:42,024 - INFO - Iteracja 3: condition_best: Temperature >= 245.00, quality_best: 0.496, coverage_best: (p=39, n=3, P=365, N=790)
2026-04-14 12:39:42,024 - INFO - Regula po iteracji 3: IF Strength <= 28.00 AND Temperature >= 225.00 AND Strength <= 27.60 AND Temperature >= 245.00 THEN class = {19.19} [17.95, 20.43], (p=39, n=3, P=365, N=790)
2026-04-14 12:39:42,026 - INFO - Iteracja 4: condition_best: Strength >= 22.55, quality_best: 0.493, coverage_best: (p=38, n=3, P=365, N=790)
2026-04-14 12:39:42,026 - INFO - Regula po iteracji 4: IF Strength <= 28.00 AND Temperature >= 225.00 AND Strength <= 27.60 AND Temperature >= 245.00 AND Strength >= 22.55 THEN class = {19.17} [17.92, 20.42], (p=38, n=3, P=365, N=790)
2026-04-14 12:39:42,026 - INFO - *******STOP GROWING CR RULE*******
2026-04-14 12:39:42,029 - INFO - *******GROWING CR RULE*******
2026-04-14 12:39:42,084 - INFO - Iteracja 0: condition_best: Strength <= 28.00, quality_best: 0.095, coverage_best: (p=257, n=194, P=583, N=572)
2026-04-14 12:39:42,084 - INFO - Regula po iteracji 0: IF Strength <= 28.00 THEN class = {16.20} [13.05, 19.35], (p=257, n=194, P=583, N=572)
2026-04-14 12:39:42,100 - INFO - Iteracja 1: condition_best: Temperature >= 225.00, quality_best: 0.474, coverage_best: (p=141, n=20, P=562, N=593)
2026-04-14 12:39:42,100 - INFO - Regula po iteracji 1: IF Strength <= 28.00 AND Temperature >= 225.00 THEN class = {17.86} [15.71, 20.01], (p=141, n=20, P=562, N=593)
2026-04-14 12:39:42,107 - INFO - Iteracja 2: condition_best: Strength <= 27.60, quality_best: 0.489, coverage_best: (p=133, n=16, P=562, N=593)
2026-04-14 12:39:42,107 - INFO - Regula po iteracji 2: IF Strength <= 28.00 AND Temperature >= 225.00 AND Strength <= 27.60 THEN class = {17.99} [15.91, 20.07], (p=133, n=16, P=562, N=593)
2026-04-14 12:39:42,113 - INFO - Iteracja 3: condition_best: Strength >= 18.55, quality_best: 0.487, coverage_best: (p=132, n=16, P=562, N=593)
2026-04-14 12:39:42,113 - INFO - Regula po iteracji 3: IF Strength <= 28.00 AND Temperature >= 225.00 AND Strength <= 27.60 AND Strength >= 18.55 THEN class = {17.97} [15.89, 20.05], (p=132, n=16, P=562, N=593)
2026-04-14 12:39:42,119 - INFO - Iteracja 4: condition_best: Strength >= 18.95, quality_best: 0.486, coverage_best: (p=131, n=16, P=562, N=593)
2026-04-14 12:39:42,119 - INFO - Regula po iteracji 4: IF Strength <= 28.00 AND Temperature >= 225.00 AND Strength <= 27.60 AND Strength >= 18.55 AND Strength >= 18.95 THEN class = {17.96} [15.88, 20.04], (p=131, n=16, P=562, N=593)
2026-04-14 12:39:42,119 - INFO - *******STOP GROWING CR RULE*******
2026-04-14 12:39:42,122 - INFO - *******GROWING CR RULE*******
2026-04-14 12:39:42,177 - INFO - Iteracja 0: condition_best: Strength <= 28.00, quality_best: 0.095, coverage_best: (p=257, n=194, P=583, N=572)
2026-04-14 12:39:42,177 - INFO - Regula po iteracji 0: IF Strength <= 28.00 THEN class = {16.20} [13.05, 19.35], (p=257, n=194, P=583, N=572)
2026-04-14 12:39:42,193 - INFO - Iteracja 1: condition_best: Temperature >= 225.00, quality_best: 0.474, coverage_best: (p=141, n=20, P=562, N=593)
2026-04-14 12:39:42,193 - INFO - Regula po iteracji 1: IF Strength <= 28.00 AND Temperature >= 225.00 THEN class = {17.86} [15.71, 20.01], (p=141, n=20, P=562, N=593)
2026-04-14 12:39:42,200 - INFO - Iteracja 2: condition_best: Strength <= 27.85, quality_best: 0.479, coverage_best: (p=140, n=19, P=562, N=593)
2026-04-14 12:39:42,200 - INFO - Regula po iteracji 2: IF Strength <= 28.00 AND Temperature >= 225.00 AND Strength <= 27.85 THEN class = {17.89} [15.74, 20.03], (p=140, n=19, P=562, N=593)
2026-04-14 12:39:42,206 - INFO - Iteracja 3: condition_best: Strength >= 18.55, quality_best: 0.478, coverage_best: (p=139, n=19, P=562, N=593)
2026-04-14 12:39:42,206 - INFO - Regula po iteracji 3: IF Strength <= 28.00 AND Temperature >= 225.00 AND Strength <= 27.85 AND Strength >= 18.55 THEN class = {17.87} [15.73, 20.02], (p=139, n=19, P=562, N=593)
2026-04-14 12:39:42,213 - INFO - Iteracja 4: condition_best: Strength >= 18.95, quality_best: 0.476, coverage_best: (p=138, n=19, P=562, N=593)
2026-04-14 12:39:42,213 - INFO - Regula po iteracji 4: IF Strength <= 28.00 AND Temperature >= 225.00 AND Strength <= 27.85 AND Strength >= 18.55 AND Strength >= 18.95 THEN class = {17.86} [15.72, 20.00], (p=138, n=19, P=562, N=593)
2026-04-14 12:39:42,213 - INFO - *******STOP GROWING CR RULE*******
2026-04-14 12:39:42,216 - INFO - *******GROWING CR RULE*******
2026-04-14 12:39:42,272 - INFO - Iteracja 0: condition_best: Strength <= 28.00, quality_best: 0.095, coverage_best: (p=257, n=194, P=583, N=572)
2026-04-14 12:39:42,272 - INFO - Regula po iteracji 0: IF Strength <= 28.00 THEN class = {16.20} [13.05, 19.35], (p=257, n=194, P=583, N=572)
2026-04-14 12:39:42,288 - INFO - Iteracja 1: condition_best: Strength >= 27.60, quality_best: 0.166, coverage_best: (p=10, n=5, P=583, N=572)
2026-04-14 12:39:42,288 - INFO - Regula po iteracji 1: IF Strength <= 28.00 AND Strength >= 27.60 THEN class = {15.47} [12.59, 18.34], (p=10, n=5, P=583, N=572)
2026-04-14 12:39:42,289 - INFO - Iteracja 2: condition_best: Temperature <= 255.00, quality_best: 0.149, coverage_best: (p=7, n=6, P=401, N=754)
2026-04-14 12:39:42,289 - INFO - Regula po iteracji 2: IF Strength <= 28.00 AND Strength >= 27.60 AND Temperature <= 255.00 THEN class = {14.92} [12.25, 17.60], (p=7, n=6, P=401, N=754)
2026-04-14 12:39:42,290 - INFO - Iteracja 3: condition_best: Strength >= 27.75, quality_best: 0.122, coverage_best: (p=5, n=3, P=583, N=572)
2026-04-14 12:39:42,290 - INFO - Regula po iteracji 3: IF Strength <= 28.00 AND Strength >= 27.60 AND Temperature <= 255.00 AND Strength >= 27.75 THEN class = {15.25} [12.10, 18.40], (p=5, n=3, P=583, N=572)
2026-04-14 12:39:42,291 - INFO - Iteracja 4: condition_best: None, quality_best: -inf, coverage_best: (p=0, n=0, P=0, N=0)
2026-04-14 12:39:42,291 - INFO - Regula po iteracji 4: IF Strength <= 28.00 AND Strength >= 27.60 AND Temperature <= 255.00 AND Strength >= 27.75 THEN class = {15.25} [12.10, 18.40], (p=5, n=3, P=583, N=572)
2026-04-14 12:39:42,291 - INFO - *******STOP GROWING CR RULE*******
2026-04-14 12:39:42,293 - INFO - *******GROWING CR RULE*******
2026-04-14 12:39:42,348 - INFO - Iteracja 0: condition_best: Strength <= 28.00, quality_best: 0.095, coverage_best: (p=257, n=194, P=583, N=572)
2026-04-14 12:39:42,348 - INFO - Regula po iteracji 0: IF Strength <= 28.00 THEN class = {16.20} [13.05, 19.35], (p=257, n=194, P=583, N=572)
2026-04-14 12:39:42,364 - INFO - Iteracja 1: condition_best: Temperature >= 215.00, quality_best: 0.13, coverage_best: (p=113, n=131, P=379, N=776)
2026-04-14 12:39:42,364 - INFO - Regula po iteracji 1: IF Strength <= 28.00 AND Temperature >= 215.00 THEN class = {17.14} [14.51, 19.77], (p=113, n=131, P=379, N=776)
2026-04-14 12:39:42,373 - INFO - Iteracja 2: condition_best: Temperature <= 235.00, quality_best: 0.197, coverage_best: (p=100, n=49, P=583, N=572)
2026-04-14 12:39:42,373 - INFO - Regula po iteracji 2: IF Strength <= 28.00 AND Temperature >= 215.00 AND Temperature <= 235.00 THEN class = {16.32} [13.57, 19.07], (p=100, n=49, P=583, N=572)
2026-04-14 12:39:42,381 - INFO - Iteracja 3: condition_best: Strength >= 24.55, quality_best: 0.357, coverage_best: (p=45, n=9, P=585, N=570)
2026-04-14 12:39:42,381 - INFO - Regula po iteracji 3: IF Strength <= 28.00 AND Temperature >= 215.00 AND Temperature <= 235.00 AND Strength >= 24.55 THEN class = {13.93} [11.75, 16.10], (p=45, n=9, P=585, N=570)
2026-04-14 12:39:42,383 - INFO - Iteracja 4: condition_best: Strength <= 27.85, quality_best: 0.353, coverage_best: (p=44, n=9, P=585, N=570)
2026-04-14 12:39:42,384 - INFO - Regula po iteracji 4: IF Strength <= 28.00 AND Temperature >= 215.00 AND Temperature <= 235.00 AND Strength >= 24.55 AND Strength <= 27.85 THEN class = {13.92} [11.73, 16.12], (p=44, n=9, P=585, N=570)
2026-04-14 12:39:42,384 - INFO - *******STOP GROWING CR RULE*******
2026-04-14 12:39:42,386 - INFO - *******GROWING CR RULE*******
2026-04-14 12:39:42,443 - INFO - Iteracja 0: condition_best: Strength <= 28.15, quality_best: 0.094, coverage_best: (p=259, n=196, P=583, N=572)
2026-04-14 12:39:42,443 - INFO - Regula po iteracji 0: IF Strength <= 28.15 THEN class = {16.19} [13.04, 19.34], (p=259, n=196, P=583, N=572)
2026-04-14 12:39:42,459 - INFO - Iteracja 1: condition_best: Temperature <= 245.00, quality_best: 0.127, coverage_best: (p=241, n=165, P=583, N=572)
2026-04-14 12:39:42,459 - INFO - Regula po iteracji 1: IF Strength <= 28.15 AND Temperature <= 245.00 THEN class = {15.85} [12.72, 18.98], (p=241, n=165, P=583, N=572)
2026-04-14 12:39:42,474 - INFO - Iteracja 2: condition_best: Strength >= 26.65, quality_best: 0.216, coverage_best: (p=27, n=11, P=585, N=570)
2026-04-14 12:39:42,474 - INFO - Regula po iteracji 2: IF Strength <= 28.15 AND Temperature <= 245.00 AND Strength >= 26.65 THEN class = {13.53} [10.95, 16.10], (p=27, n=11, P=585, N=570)
2026-04-14 12:39:42,475 - INFO - Iteracja 3: condition_best: Temperature <= 235.00, quality_best: 0.25, coverage_best: (p=17, n=9, P=388, N=767)
2026-04-14 12:39:42,475 - INFO - Regula po iteracji 3: IF Strength <= 28.15 AND Temperature <= 245.00 AND Strength >= 26.65 AND Temperature <= 235.00 THEN class = {12.38} [10.38, 14.39], (p=17, n=9, P=388, N=767)
2026-04-14 12:39:42,477 - INFO - Iteracja 4: condition_best: Strength >= 26.90, quality_best: 0.142, coverage_best: (p=7, n=11, P=184, N=971)
2026-04-14 12:39:42,477 - INFO - Regula po iteracji 4: IF Strength <= 28.15 AND Temperature <= 245.00 AND Strength >= 26.65 AND Temperature <= 235.00 AND Strength >= 26.90 THEN class = {12.22} [10.47, 13.97], (p=7, n=11, P=184, N=971)
2026-04-14 12:39:42,477 - INFO - *******STOP GROWING CR RULE*******
2026-04-14 12:39:42,480 - INFO - *******GROWING CR RULE*******
2026-04-14 12:39:42,534 - INFO - Iteracja 0: condition_best: Strength <= 28.35, quality_best: 0.094, coverage_best: (p=271, n=206, P=583, N=572)
2026-04-14 12:39:42,534 - INFO - Regula po iteracji 0: IF Strength <= 28.35 THEN class = {16.16} [13.00, 19.33], (p=271, n=206, P=583, N=572)
2026-04-14 12:39:42,551 - INFO - Iteracja 1: condition_best: Temperature >= 245.00, quality_best: 0.46, coverage_best: (p=52, n=8, P=365, N=790)
2026-04-14 12:39:42,551 - INFO - Regula po iteracji 1: IF Strength <= 28.35 AND Temperature >= 245.00 THEN class = {18.93} [17.50, 20.37], (p=52, n=8, P=365, N=790)
2026-04-14 12:39:42,554 - INFO - Iteracja 2: condition_best: Strength <= 28.25, quality_best: 0.469, coverage_best: (p=51, n=7, P=365, N=790)
2026-04-14 12:39:42,554 - INFO - Regula po iteracji 2: IF Strength <= 28.35 AND Temperature >= 245.00 AND Strength <= 28.25 THEN class = {18.97} [17.56, 20.37], (p=51, n=7, P=365, N=790)
2026-04-14 12:39:42,556 - INFO - Iteracja 3: condition_best: Strength >= 22.55, quality_best: 0.466, coverage_best: (p=50, n=7, P=365, N=790)
2026-04-14 12:39:42,556 - INFO - Regula po iteracji 3: IF Strength <= 28.35 AND Temperature >= 245.00 AND Strength <= 28.25 AND Strength >= 22.55 THEN class = {18.95} [17.54, 20.35], (p=50, n=7, P=365, N=790)
2026-04-14 12:39:42,559 - INFO - Iteracja 4: condition_best: Strength >= 23.10, quality_best: 0.46, coverage_best: (p=48, n=7, P=365, N=790)
2026-04-14 12:39:42,559 - INFO - Regula po iteracji 4: IF Strength <= 28.35 AND Temperature >= 245.00 AND Strength <= 28.25 AND Strength >= 22.55 AND Strength >= 23.10 THEN class = {18.91} [17.49, 20.33], (p=48, n=7, P=365, N=790)
2026-04-14 12:39:42,559 - INFO - *******STOP GROWING CR RULE*******
2026-04-14 12:39:42,562 - INFO - *******GROWING CR RULE*******
2026-04-14 12:39:42,616 - INFO - Iteracja 0: condition_best: Strength <= 28.35, quality_best: 0.094, coverage_best: (p=271, n=206, P=583, N=572)
2026-04-14 12:39:42,616 - INFO - Regula po iteracji 0: IF Strength <= 28.35 THEN class = {16.16} [13.00, 19.33], (p=271, n=206, P=583, N=572)
2026-04-14 12:39:42,632 - INFO - Iteracja 1: condition_best: Temperature >= 235.00, quality_best: 0.367, coverage_best: (p=82, n=31, P=365, N=790)
2026-04-14 12:39:42,632 - INFO - Regula po iteracji 1: IF Strength <= 28.35 AND Temperature >= 235.00 THEN class = {18.23} [16.30, 20.16], (p=82, n=31, P=365, N=790)
2026-04-14 12:39:42,637 - INFO - Iteracja 2: condition_best: Strength <= 28.25, quality_best: 0.375, coverage_best: (p=81, n=29, P=365, N=790)
2026-04-14 12:39:42,637 - INFO - Regula po iteracji 2: IF Strength <= 28.35 AND Temperature >= 235.00 AND Strength <= 28.25 THEN class = {18.27} [16.38, 20.17], (p=81, n=29, P=365, N=790)
2026-04-14 12:39:42,642 - INFO - Iteracja 3: condition_best: Strength >= 20.55, quality_best: 0.372, coverage_best: (p=80, n=29, P=365, N=790)
2026-04-14 12:39:42,642 - INFO - Regula po iteracji 3: IF Strength <= 28.35 AND Temperature >= 235.00 AND Strength <= 28.25 AND Strength >= 20.55 THEN class = {18.26} [16.36, 20.16], (p=80, n=29, P=365, N=790)
2026-04-14 12:39:42,647 - INFO - Iteracja 4: condition_best: Strength >= 20.95, quality_best: 0.369, coverage_best: (p=79, n=29, P=365, N=790)
2026-04-14 12:39:42,647 - INFO - Regula po iteracji 4: IF Strength <= 28.35 AND Temperature >= 235.00 AND Strength <= 28.25 AND Strength >= 20.55 AND Strength >= 20.95 THEN class = {18.24} [16.34, 20.14], (p=79, n=29, P=365, N=790)
2026-04-14 12:39:42,647 - INFO - *******STOP GROWING CR RULE*******
2026-04-14 12:39:42,649 - INFO - *******GROWING CR RULE*******
2026-04-14 12:39:42,703 - INFO - Iteracja 0: condition_best: Strength <= 28.35, quality_best: 0.094, coverage_best: (p=271, n=206, P=583, N=572)
2026-04-14 12:39:42,703 - INFO - Regula po iteracji 0: IF Strength <= 28.35 THEN class = {16.16} [13.00, 19.33], (p=271, n=206, P=583, N=572)
2026-04-14 12:39:42,719 - INFO - Iteracja 1: condition_best: Temperature >= 225.00, quality_best: 0.137, coverage_best: (p=87, n=95, P=379, N=776)
2026-04-14 12:39:42,720 - INFO - Regula po iteracji 1: IF Strength <= 28.35 AND Temperature >= 225.00 THEN class = {17.73} [15.49, 19.96], (p=87, n=95, P=379, N=776)
2026-04-14 12:39:42,727 - INFO - Iteracja 2: condition_best: Strength >= 27.40, quality_best: 0.18, coverage_best: (p=27, n=13, P=583, N=572)
2026-04-14 12:39:42,727 - INFO - Regula po iteracji 2: IF Strength <= 28.35 AND Temperature >= 225.00 AND Strength >= 27.40 THEN class = {16.55} [13.98, 19.12], (p=27, n=13, P=583, N=572)
2026-04-14 12:39:42,728 - INFO - Iteracja 3: condition_best: Strength >= 27.60, quality_best: 0.074, coverage_best: (p=14, n=19, P=379, N=776)
2026-04-14 12:39:42,728 - INFO - Regula po iteracji 3: IF Strength <= 28.35 AND Temperature >= 225.00 AND Strength >= 27.40 AND Strength >= 27.60 THEN class = {16.55} [14.02, 19.07], (p=14, n=19, P=379, N=776)
2026-04-14 12:39:42,729 - INFO - Iteracja 4: condition_best: Strength >= 27.75, quality_best: 0.073, coverage_best: (p=11, n=15, P=379, N=776)
2026-04-14 12:39:42,730 - INFO - Regula po iteracji 4: IF Strength <= 28.35 AND Temperature >= 225.00 AND Strength >= 27.40 AND Strength >= 27.60 AND Strength >= 27.75 THEN class = {16.77} [14.28, 19.25], (p=11, n=15, P=379, N=776)
2026-04-14 12:39:42,730 - INFO - *******STOP GROWING CR RULE*******
2026-04-14 12:39:42,732 - INFO - *******GROWING CR RULE*******
2026-04-14 12:39:42,786 - INFO - Iteracja 0: condition_best: Strength <= 28.45, quality_best: 0.093, coverage_best: (p=274, n=209, P=583, N=572)
2026-04-14 12:39:42,786 - INFO - Regula po iteracji 0: IF Strength <= 28.45 THEN class = {16.15} [12.98, 19.32], (p=274, n=209, P=583, N=572)
2026-04-14 12:39:42,803 - INFO - Iteracja 1: condition_best: Temperature >= 235.00, quality_best: 0.356, coverage_best: (p=84, n=34, P=365, N=790)
2026-04-14 12:39:42,803 - INFO - Regula po iteracji 1: IF Strength <= 28.45 AND Temperature >= 235.00 THEN class = {18.14} [16.11, 20.16], (p=84, n=34, P=365, N=790)
2026-04-14 12:39:42,808 - INFO - Iteracja 2: condition_best: Strength >= 22.30, quality_best: 0.485, coverage_best: (p=100, n=10, P=562, N=593)
2026-04-14 12:39:42,808 - INFO - Regula po iteracji 2: IF Strength <= 28.45 AND Temperature >= 235.00 AND Strength >= 22.30 THEN class = {18.00} [15.96, 20.04], (p=100, n=10, P=562, N=593)
2026-04-14 12:39:42,812 - INFO - Iteracja 3: condition_best: Strength >= 22.50, quality_best: 0.481, coverage_best: (p=98, n=10, P=562, N=593)
2026-04-14 12:39:42,812 - INFO - Regula po iteracji 3: IF Strength <= 28.45 AND Temperature >= 235.00 AND Strength >= 22.30 AND Strength >= 22.50 THEN class = {17.98} [15.94, 20.03], (p=98, n=10, P=562, N=593)
2026-04-14 12:39:42,817 - INFO - Iteracja 4: condition_best: Strength >= 22.65, quality_best: 0.48, coverage_best: (p=97, n=10, P=562, N=593)
2026-04-14 12:39:42,817 - INFO - Regula po iteracji 4: IF Strength <= 28.45 AND Temperature >= 235.00 AND Strength >= 22.30 AND Strength >= 22.50 AND Strength >= 22.65 THEN class = {17.96} [15.92, 20.01], (p=97, n=10, P=562, N=593)
2026-04-14 12:39:42,817 - INFO - *******STOP GROWING CR RULE*******
2026-04-14 12:39:42,820 - INFO - *******GROWING CR RULE*******
2026-04-14 12:39:42,874 - INFO - Iteracja 0: condition_best: Strength <= 28.45, quality_best: 0.093, coverage_best: (p=274, n=209, P=583, N=572)
2026-04-14 12:39:42,875 - INFO - Regula po iteracji 0: IF Strength <= 28.45 THEN class = {16.15} [12.98, 19.32], (p=274, n=209, P=583, N=572)
2026-04-14 12:39:42,891 - INFO - Iteracja 1: condition_best: Temperature <= 245.00, quality_best: 0.122, coverage_best: (p=247, n=172, P=583, N=572)
2026-04-14 12:39:42,891 - INFO - Regula po iteracji 1: IF Strength <= 28.45 AND Temperature <= 245.00 THEN class = {15.74} [12.59, 18.90], (p=247, n=172, P=583, N=572)
2026-04-14 12:39:42,907 - INFO - Iteracja 2: condition_best: Strength >= 27.60, quality_best: 0.238, coverage_best: (p=16, n=9, P=388, N=767)
2026-04-14 12:39:42,907 - INFO - Regula po iteracji 2: IF Strength <= 28.45 AND Temperature <= 245.00 AND Strength >= 27.60 THEN class = {13.12} [11.00, 15.24], (p=16, n=9, P=388, N=767)
2026-04-14 12:39:42,908 - INFO - Iteracja 3: condition_best: Temperature >= 215.00, quality_best: 0.247, coverage_best: (p=15, n=8, P=388, N=767)
2026-04-14 12:39:42,908 - INFO - Regula po iteracji 3: IF Strength <= 28.45 AND Temperature <= 245.00 AND Strength >= 27.60 AND Temperature >= 215.00 THEN class = {13.30} [11.21, 15.40], (p=15, n=8, P=388, N=767)
2026-04-14 12:39:42,909 - INFO - Iteracja 4: condition_best: Strength >= 27.85, quality_best: 0.241, coverage_best: (p=11, n=6, P=388, N=767)
2026-04-14 12:39:42,909 - INFO - Regula po iteracji 4: IF Strength <= 28.45 AND Temperature <= 245.00 AND Strength >= 27.60 AND Temperature >= 215.00 AND Strength >= 27.85 THEN class = {12.82} [10.88, 14.77], (p=11, n=6, P=388, N=767)
2026-04-14 12:39:42,909 - INFO - *******STOP GROWING CR RULE*******
2026-04-14 12:39:42,912 - INFO - *******GROWING CR RULE*******
2026-04-14 12:39:42,967 - INFO - Iteracja 0: condition_best: Strength >= 34.25, quality_best: 0.092, coverage_best: (p=202, n=150, P=585, N=570)
2026-04-14 12:39:42,967 - INFO - Regula po iteracji 0: IF Strength >= 34.25 THEN class = {13.12} [10.23, 16.02], (p=202, n=150, P=585, N=570)
2026-04-14 12:39:42,980 - INFO - Iteracja 1: condition_best: Strength <= 42.15, quality_best: 0.144, coverage_best: (p=179, n=112, P=585, N=570)
2026-04-14 12:39:42,980 - INFO - Regula po iteracji 1: IF Strength >= 34.25 AND Strength <= 42.15 THEN class = {13.56} [10.63, 16.49], (p=179, n=112, P=585, N=570)
2026-04-14 12:39:42,989 - INFO - Iteracja 2: condition_best: Temperature >= 265.00, quality_best: 0.217, coverage_best: (p=156, n=75, P=585, N=570)
2026-04-14 12:39:42,989 - INFO - Regula po iteracji 2: IF Strength >= 34.25 AND Strength <= 42.15 AND Temperature >= 265.00 THEN class = {14.20} [11.34, 17.05], (p=156, n=75, P=585, N=570)
2026-04-14 12:39:42,996 - INFO - Iteracja 3: condition_best: Strength <= 40.00, quality_best: 0.224, coverage_best: (p=124, n=56, P=585, N=570)
2026-04-14 12:39:42,996 - INFO - Regula po iteracji 3: IF Strength >= 34.25 AND Strength <= 42.15 AND Temperature >= 265.00 AND Strength <= 40.00 THEN class = {14.73} [11.94, 17.53], (p=124, n=56, P=585, N=570)
2026-04-14 12:39:43,002 - INFO - Iteracja 4: condition_best: Strength <= 39.85, quality_best: 0.224, coverage_best: (p=122, n=55, P=585, N=570)
2026-04-14 12:39:43,002 - INFO - Regula po iteracji 4: IF Strength >= 34.25 AND Strength <= 42.15 AND Temperature >= 265.00 AND Strength <= 40.00 AND Strength <= 39.85 THEN class = {14.78} [11.99, 17.57], (p=122, n=55, P=585, N=570)
2026-04-14 12:39:43,002 - INFO - *******STOP GROWING CR RULE*******
2026-04-14 12:39:43,004 - INFO - *******GROWING CR RULE*******
2026-04-14 12:39:43,058 - INFO - Iteracja 0: condition_best: Strength <= 28.65, quality_best: 0.091, coverage_best: (p=280, n=215, P=583, N=572)
2026-04-14 12:39:43,058 - INFO - Regula po iteracji 0: IF Strength <= 28.65 THEN class = {16.12} [12.94, 19.30], (p=280, n=215, P=583, N=572)
2026-04-14 12:39:43,075 - INFO - Iteracja 1: condition_best: Temperature >= 245.00, quality_best: 0.431, coverage_best: (p=57, n=12, P=365, N=790)
2026-04-14 12:39:43,075 - INFO - Regula po iteracji 1: IF Strength <= 28.65 AND Temperature >= 245.00 THEN class = {18.75} [17.15, 20.35], (p=57, n=12, P=365, N=790)
2026-04-14 12:39:43,078 - INFO - Iteracja 2: condition_best: Strength >= 22.55, quality_best: 0.428, coverage_best: (p=56, n=12, P=365, N=790)
2026-04-14 12:39:43,079 - INFO - Regula po iteracji 2: IF Strength <= 28.65 AND Temperature >= 245.00 AND Strength >= 22.55 THEN class = {18.74} [17.13, 20.34], (p=56, n=12, P=365, N=790)
2026-04-14 12:39:43,082 - INFO - Iteracja 3: condition_best: Temperature <= 275.00, quality_best: 0.425, coverage_best: (p=55, n=12, P=365, N=790)
2026-04-14 12:39:43,082 - INFO - Regula po iteracji 3: IF Strength <= 28.65 AND Temperature >= 245.00 AND Strength >= 22.55 AND Temperature <= 275.00 THEN class = {18.72} [17.11, 20.33], (p=55, n=12, P=365, N=790)
2026-04-14 12:39:43,085 - INFO - Iteracja 4: condition_best: Strength >= 23.10, quality_best: 0.418, coverage_best: (p=53, n=12, P=365, N=790)
2026-04-14 12:39:43,085 - INFO - Regula po iteracji 4: IF Strength <= 28.65 AND Temperature >= 245.00 AND Strength >= 22.55 AND Temperature <= 275.00 AND Strength >= 23.10 THEN class = {18.68} [17.06, 20.30], (p=53, n=12, P=365, N=790)
2026-04-14 12:39:43,085 - INFO - *******STOP GROWING CR RULE*******
2026-04-14 12:39:43,088 - INFO - *******GROWING CR RULE*******
2026-04-14 12:39:43,141 - INFO - Iteracja 0: condition_best: Strength <= 28.65, quality_best: 0.091, coverage_best: (p=280, n=215, P=583, N=572)
2026-04-14 12:39:43,142 - INFO - Regula po iteracji 0: IF Strength <= 28.65 THEN class = {16.12} [12.94, 19.30], (p=280, n=215, P=583, N=572)
2026-04-14 12:39:43,159 - INFO - Iteracja 1: condition_best: Temperature <= 255.00, quality_best: 0.121, coverage_best: (p=271, n=191, P=583, N=572)
2026-04-14 12:39:43,159 - INFO - Regula po iteracji 1: IF Strength <= 28.65 AND Temperature <= 255.00 THEN class = {15.88} [12.73, 19.04], (p=271, n=191, P=583, N=572)
2026-04-14 12:39:43,175 - INFO - Iteracja 2: condition_best: Strength >= 27.25, quality_best: 0.254, coverage_best: (p=40, n=14, P=585, N=570)
2026-04-14 12:39:43,175 - INFO - Regula po iteracji 2: IF Strength <= 28.65 AND Temperature <= 255.00 AND Strength >= 27.25 THEN class = {13.85} [11.33, 16.37], (p=40, n=14, P=585, N=570)
2026-04-14 12:39:43,177 - INFO - Iteracja 3: condition_best: Temperature >= 215.00, quality_best: 0.313, coverage_best: (p=39, n=10, P=585, N=570)
2026-04-14 12:39:43,177 - INFO - Regula po iteracji 3: IF Strength <= 28.65 AND Temperature <= 255.00 AND Strength >= 27.25 AND Temperature >= 215.00 THEN class = {14.20} [11.84, 16.57], (p=39, n=10, P=585, N=570)
2026-04-14 12:39:43,179 - INFO - Iteracja 4: condition_best: Strength >= 28.35, quality_best: 0.321, coverage_best: (p=9, n=2, P=585, N=570)
2026-04-14 12:39:43,179 - INFO - Regula po iteracji 4: IF Strength <= 28.65 AND Temperature <= 255.00 AND Strength >= 27.25 AND Temperature >= 215.00 AND Strength >= 28.35 THEN class = {14.00} [11.74, 16.26], (p=9, n=2, P=585, N=570)
2026-04-14 12:39:43,179 - INFO - *******STOP GROWING CR RULE*******
2026-04-14 12:39:43,181 - INFO - *******GROWING CR RULE*******
2026-04-14 12:39:43,235 - INFO - Iteracja 0: condition_best: Strength <= 30.00, quality_best: 0.089, coverage_best: (p=313, n=244, P=583, N=572)
2026-04-14 12:39:43,235 - INFO - Regula po iteracji 0: IF Strength <= 30.00 THEN class = {16.00} [12.79, 19.21], (p=313, n=244, P=583, N=572)
2026-04-14 12:39:43,255 - INFO - Iteracja 1: condition_best: Temperature >= 255.00, quality_best: 0.457, coverage_best: (p=47, n=7, P=365, N=790)
2026-04-14 12:39:43,255 - INFO - Regula po iteracji 1: IF Strength <= 30.00 AND Temperature >= 255.00 THEN class = {18.96} [17.54, 20.39], (p=47, n=7, P=365, N=790)
2026-04-14 12:39:43,258 - INFO - Iteracja 2: condition_best: Strength <= 29.00, quality_best: 0.493, coverage_best: (p=38, n=3, P=365, N=790)
2026-04-14 12:39:43,258 - INFO - Regula po iteracji 2: IF Strength <= 30.00 AND Temperature >= 255.00 AND Strength <= 29.00 THEN class = {19.22} [17.98, 20.46], (p=38, n=3, P=365, N=790)
2026-04-14 12:39:43,260 - INFO - Iteracja 3: condition_best: Strength <= 28.75, quality_best: 0.488, coverage_best: (p=36, n=3, P=365, N=790)
2026-04-14 12:39:43,260 - INFO - Regula po iteracji 3: IF Strength <= 30.00 AND Temperature >= 255.00 AND Strength <= 29.00 AND Strength <= 28.75 THEN class = {19.23} [17.98, 20.48], (p=36, n=3, P=365, N=790)
2026-04-14 12:39:43,262 - INFO - Iteracja 4: condition_best: Strength >= 25.20, quality_best: 0.482, coverage_best: (p=34, n=3, P=365, N=790)
2026-04-14 12:39:43,262 - INFO - Regula po iteracji 4: IF Strength <= 30.00 AND Temperature >= 255.00 AND Strength <= 29.00 AND Strength <= 28.75 AND Strength >= 25.20 THEN class = {19.19} [17.92, 20.46], (p=34, n=3, P=365, N=790)
2026-04-14 12:39:43,262 - INFO - *******STOP GROWING CR RULE*******
2026-04-14 12:39:43,265 - INFO - *******GROWING CR RULE*******
2026-04-14 12:39:43,317 - INFO - Iteracja 0: condition_best: Strength <= 30.00, quality_best: 0.089, coverage_best: (p=313, n=244, P=583, N=572)
2026-04-14 12:39:43,317 - INFO - Regula po iteracji 0: IF Strength <= 30.00 THEN class = {16.00} [12.79, 19.21], (p=313, n=244, P=583, N=572)
2026-04-14 12:39:43,337 - INFO - Iteracja 1: condition_best: Temperature >= 255.00, quality_best: 0.457, coverage_best: (p=47, n=7, P=365, N=790)
2026-04-14 12:39:43,337 - INFO - Regula po iteracji 1: IF Strength <= 30.00 AND Temperature >= 255.00 THEN class = {18.96} [17.54, 20.39], (p=47, n=7, P=365, N=790)
2026-04-14 12:39:43,340 - INFO - Iteracja 2: condition_best: Strength <= 29.40, quality_best: 0.487, coverage_best: (p=42, n=4, P=365, N=790)
2026-04-14 12:39:43,340 - INFO - Regula po iteracji 2: IF Strength <= 30.00 AND Temperature >= 255.00 AND Strength <= 29.40 THEN class = {19.13} [17.83, 20.43], (p=42, n=4, P=365, N=790)
2026-04-14 12:39:43,342 - INFO - Iteracja 3: condition_best: Strength <= 29.25, quality_best: 0.481, coverage_best: (p=40, n=4, P=365, N=790)
2026-04-14 12:39:43,342 - INFO - Regula po iteracji 3: IF Strength <= 30.00 AND Temperature >= 255.00 AND Strength <= 29.40 AND Strength <= 29.25 THEN class = {19.14} [17.83, 20.44], (p=40, n=4, P=365, N=790)
2026-04-14 12:39:43,345 - INFO - Iteracja 4: condition_best: Strength >= 25.20, quality_best: 0.475, coverage_best: (p=38, n=4, P=365, N=790)
2026-04-14 12:39:43,345 - INFO - Regula po iteracji 4: IF Strength <= 30.00 AND Temperature >= 255.00 AND Strength <= 29.40 AND Strength <= 29.25 AND Strength >= 25.20 THEN class = {19.10} [17.77, 20.42], (p=38, n=4, P=365, N=790)
2026-04-14 12:39:43,345 - INFO - *******STOP GROWING CR RULE*******
2026-04-14 12:39:43,347 - INFO - *******GROWING CR RULE*******
2026-04-14 12:39:43,401 - INFO - Iteracja 0: condition_best: Strength <= 30.00, quality_best: 0.089, coverage_best: (p=313, n=244, P=583, N=572)
2026-04-14 12:39:43,401 - INFO - Regula po iteracji 0: IF Strength <= 30.00 THEN class = {16.00} [12.79, 19.21], (p=313, n=244, P=583, N=572)
2026-04-14 12:39:43,420 - INFO - Iteracja 1: condition_best: Temperature >= 255.00, quality_best: 0.457, coverage_best: (p=47, n=7, P=365, N=790)
2026-04-14 12:39:43,420 - INFO - Regula po iteracji 1: IF Strength <= 30.00 AND Temperature >= 255.00 THEN class = {18.96} [17.54, 20.39], (p=47, n=7, P=365, N=790)
2026-04-14 12:39:43,423 - INFO - Iteracja 2: condition_best: Strength <= 29.60, quality_best: 0.477, coverage_best: (p=44, n=5, P=365, N=790)
2026-04-14 12:39:43,423 - INFO - Regula po iteracji 2: IF Strength <= 30.00 AND Temperature >= 255.00 AND Strength <= 29.60 THEN class = {19.06} [17.71, 20.41], (p=44, n=5, P=365, N=790)
2026-04-14 12:39:43,426 - INFO - Iteracja 3: condition_best: Strength >= 25.20, quality_best: 0.471, coverage_best: (p=42, n=5, P=365, N=790)
2026-04-14 12:39:43,426 - INFO - Regula po iteracji 3: IF Strength <= 30.00 AND Temperature >= 255.00 AND Strength <= 29.60 AND Strength >= 25.20 THEN class = {19.02} [17.66, 20.38], (p=42, n=5, P=365, N=790)
2026-04-14 12:39:43,428 - INFO - Iteracja 4: condition_best: Strength >= 25.95, quality_best: 0.468, coverage_best: (p=41, n=5, P=365, N=790)
2026-04-14 12:39:43,429 - INFO - Regula po iteracji 4: IF Strength <= 30.00 AND Temperature >= 255.00 AND Strength <= 29.60 AND Strength >= 25.20 AND Strength >= 25.95 THEN class = {19.00} [17.63, 20.37], (p=41, n=5, P=365, N=790)
2026-04-14 12:39:43,429 - INFO - *******STOP GROWING CR RULE*******
2026-04-14 12:39:43,431 - INFO - *******GROWING CR RULE*******
2026-04-14 12:39:43,483 - INFO - Iteracja 0: condition_best: Strength <= 30.00, quality_best: 0.089, coverage_best: (p=313, n=244, P=583, N=572)
2026-04-14 12:39:43,483 - INFO - Regula po iteracji 0: IF Strength <= 30.00 THEN class = {16.00} [12.79, 19.21], (p=313, n=244, P=583, N=572)
2026-04-14 12:39:43,502 - INFO - Iteracja 1: condition_best: Temperature >= 255.00, quality_best: 0.457, coverage_best: (p=47, n=7, P=365, N=790)
2026-04-14 12:39:43,502 - INFO - Regula po iteracji 1: IF Strength <= 30.00 AND Temperature >= 255.00 THEN class = {18.96} [17.54, 20.39], (p=47, n=7, P=365, N=790)
2026-04-14 12:39:43,505 - INFO - Iteracja 2: condition_best: Strength >= 25.20, quality_best: 0.451, coverage_best: (p=45, n=7, P=365, N=790)
2026-04-14 12:39:43,505 - INFO - Regula po iteracji 2: IF Strength <= 30.00 AND Temperature >= 255.00 AND Strength >= 25.20 THEN class = {18.92} [17.48, 20.36], (p=45, n=7, P=365, N=790)
2026-04-14 12:39:43,508 - INFO - Iteracja 3: condition_best: Strength >= 25.95, quality_best: 0.448, coverage_best: (p=44, n=7, P=365, N=790)
2026-04-14 12:39:43,508 - INFO - Regula po iteracji 3: IF Strength <= 30.00 AND Temperature >= 255.00 AND Strength >= 25.20 AND Strength >= 25.95 THEN class = {18.90} [17.46, 20.35], (p=44, n=7, P=365, N=790)
2026-04-14 12:39:43,511 - INFO - Iteracja 4: condition_best: Strength >= 26.30, quality_best: 0.441, coverage_best: (p=42, n=7, P=365, N=790)
2026-04-14 12:39:43,511 - INFO - Regula po iteracji 4: IF Strength <= 30.00 AND Temperature >= 255.00 AND Strength >= 25.20 AND Strength >= 25.95 AND Strength >= 26.30 THEN class = {18.86} [17.40, 20.31], (p=42, n=7, P=365, N=790)
2026-04-14 12:39:43,511 - INFO - *******STOP GROWING CR RULE*******
2026-04-14 12:39:43,513 - INFO - *******GROWING CR RULE*******
2026-04-14 12:39:43,565 - INFO - Iteracja 0: condition_best: Strength <= 30.00, quality_best: 0.089, coverage_best: (p=313, n=244, P=583, N=572)
2026-04-14 12:39:43,565 - INFO - Regula po iteracji 0: IF Strength <= 30.00 THEN class = {16.00} [12.79, 19.21], (p=313, n=244, P=583, N=572)
2026-04-14 12:39:43,584 - INFO - Iteracja 1: condition_best: Temperature >= 245.00, quality_best: 0.369, coverage_best: (p=75, n=27, P=365, N=790)
2026-04-14 12:39:43,584 - INFO - Regula po iteracji 1: IF Strength <= 30.00 AND Temperature >= 245.00 THEN class = {18.29} [16.37, 20.22], (p=75, n=27, P=365, N=790)
2026-04-14 12:39:43,589 - INFO - Iteracja 2: condition_best: Strength <= 29.10, quality_best: 0.411, coverage_best: (p=65, n=17, P=365, N=790)
2026-04-14 12:39:43,589 - INFO - Regula po iteracji 2: IF Strength <= 30.00 AND Temperature >= 245.00 AND Strength <= 29.10 THEN class = {18.59} [16.83, 20.34], (p=65, n=17, P=365, N=790)
2026-04-14 12:39:43,593 - INFO - Iteracja 3: condition_best: Strength >= 27.75, quality_best: 0.443, coverage_best: (p=33, n=3, P=562, N=593)
2026-04-14 12:39:43,593 - INFO - Regula po iteracji 3: IF Strength <= 30.00 AND Temperature >= 245.00 AND Strength <= 29.10 AND Strength >= 27.75 THEN class = {18.00} [16.00, 20.00], (p=33, n=3, P=562, N=593)
2026-04-14 12:39:43,594 - INFO - Iteracja 4: condition_best: Temperature <= 265.00, quality_best: 0.263, coverage_best: (p=16, n=8, P=379, N=776)
2026-04-14 12:39:43,594 - INFO - Regula po iteracji 4: IF Strength <= 30.00 AND Temperature >= 245.00 AND Strength <= 29.10 AND Strength >= 27.75 AND Temperature <= 265.00 THEN class = {17.17} [15.26, 19.07], (p=16, n=8, P=379, N=776)
2026-04-14 12:39:43,594 - INFO - *******STOP GROWING CR RULE*******
2026-04-14 12:39:43,597 - INFO - *******GROWING CR RULE*******
2026-04-14 12:39:43,649 - INFO - Iteracja 0: condition_best: Strength <= 30.00, quality_best: 0.089, coverage_best: (p=313, n=244, P=583, N=572)
2026-04-14 12:39:43,649 - INFO - Regula po iteracji 0: IF Strength <= 30.00 THEN class = {16.00} [12.79, 19.21], (p=313, n=244, P=583, N=572)
2026-04-14 12:39:43,668 - INFO - Iteracja 1: condition_best: Temperature >= 245.00, quality_best: 0.369, coverage_best: (p=75, n=27, P=365, N=790)
2026-04-14 12:39:43,668 - INFO - Regula po iteracji 1: IF Strength <= 30.00 AND Temperature >= 245.00 THEN class = {18.29} [16.37, 20.22], (p=75, n=27, P=365, N=790)
2026-04-14 12:39:43,672 - INFO - Iteracja 2: condition_best: Strength <= 29.85, quality_best: 0.373, coverage_best: (p=74, n=26, P=365, N=790)
2026-04-14 12:39:43,672 - INFO - Regula po iteracji 2: IF Strength <= 30.00 AND Temperature >= 245.00 AND Strength <= 29.85 THEN class = {18.32} [16.39, 20.25], (p=74, n=26, P=365, N=790)
2026-04-14 12:39:43,677 - INFO - Iteracja 3: condition_best: Strength >= 22.55, quality_best: 0.37, coverage_best: (p=73, n=26, P=365, N=790)
2026-04-14 12:39:43,677 - INFO - Regula po iteracji 3: IF Strength <= 30.00 AND Temperature >= 245.00 AND Strength <= 29.85 AND Strength >= 22.55 THEN class = {18.30} [16.37, 20.24], (p=73, n=26, P=365, N=790)
2026-04-14 12:39:43,681 - INFO - Iteracja 4: condition_best: Strength <= 29.75, quality_best: 0.363, coverage_best: (p=71, n=26, P=365, N=790)
2026-04-14 12:39:43,681 - INFO - Regula po iteracji 4: IF Strength <= 30.00 AND Temperature >= 245.00 AND Strength <= 29.85 AND Strength >= 22.55 AND Strength <= 29.75 THEN class = {18.29} [16.34, 20.24], (p=71, n=26, P=365, N=790)
2026-04-14 12:39:43,681 - INFO - *******STOP GROWING CR RULE*******
2026-04-14 12:39:43,683 - INFO - *******GROWING CR RULE*******
2026-04-14 12:39:43,735 - INFO - Iteracja 0: condition_best: Strength <= 30.00, quality_best: 0.089, coverage_best: (p=313, n=244, P=583, N=572)
2026-04-14 12:39:43,735 - INFO - Regula po iteracji 0: IF Strength <= 30.00 THEN class = {16.00} [12.79, 19.21], (p=313, n=244, P=583, N=572)
2026-04-14 12:39:43,755 - INFO - Iteracja 1: condition_best: Strength >= 29.75, quality_best: 0.204, coverage_best: (p=8, n=2, P=767, N=388)
2026-04-14 12:39:43,755 - INFO - Regula po iteracji 1: IF Strength <= 30.00 AND Strength >= 29.75 THEN class = {15.00} [12.00, 18.00], (p=8, n=2, P=767, N=388)
2026-04-14 12:39:43,755 - INFO - Iteracja 2: condition_best: Temperature <= 245.00, quality_best: 0.252, coverage_best: (p=4, n=2, P=388, N=767)
2026-04-14 12:39:43,755 - INFO - Regula po iteracji 2: IF Strength <= 30.00 AND Strength >= 29.75 AND Temperature <= 245.00 THEN class = {13.00} [11.09, 14.91], (p=4, n=2, P=388, N=767)
2026-04-14 12:39:43,756 - INFO - Iteracja 3: condition_best: None, quality_best: -inf, coverage_best: (p=0, n=0, P=0, N=0)
2026-04-14 12:39:43,756 - INFO - Regula po iteracji 3: IF Strength <= 30.00 AND Strength >= 29.75 AND Temperature <= 245.00 THEN class = {13.00} [11.09, 14.91], (p=4, n=2, P=388, N=767)
2026-04-14 12:39:43,756 - INFO - *******STOP GROWING CR RULE*******
2026-04-14 12:39:43,758 - INFO - *******GROWING CR RULE*******
2026-04-14 12:39:43,810 - INFO - Iteracja 0: condition_best: Strength <= 30.00, quality_best: 0.089, coverage_best: (p=313, n=244, P=583, N=572)
2026-04-14 12:39:43,810 - INFO - Regula po iteracji 0: IF Strength <= 30.00 THEN class = {16.00} [12.79, 19.21], (p=313, n=244, P=583, N=572)
2026-04-14 12:39:43,829 - INFO - Iteracja 1: condition_best: Strength >= 29.40, quality_best: 0.154, coverage_best: (p=17, n=9, P=585, N=570)
2026-04-14 12:39:43,829 - INFO - Regula po iteracji 1: IF Strength <= 30.00 AND Strength >= 29.40 THEN class = {14.77} [11.78, 17.76], (p=17, n=9, P=585, N=570)
2026-04-14 12:39:43,830 - INFO - Iteracja 2: condition_best: Temperature <= 245.00, quality_best: 0.254, coverage_best: (p=8, n=4, P=388, N=767)
2026-04-14 12:39:43,830 - INFO - Regula po iteracji 2: IF Strength <= 30.00 AND Strength >= 29.40 AND Temperature <= 245.00 THEN class = {12.33} [10.54, 14.13], (p=8, n=4, P=388, N=767)
2026-04-14 12:39:43,831 - INFO - Iteracja 3: condition_best: Temperature >= 225.00, quality_best: 0.279, coverage_best: (p=7, n=3, P=388, N=767)
2026-04-14 12:39:43,831 - INFO - Regula po iteracji 3: IF Strength <= 30.00 AND Strength >= 29.40 AND Temperature <= 245.00 AND Temperature >= 225.00 THEN class = {12.60} [10.80, 14.40], (p=7, n=3, P=388, N=767)
2026-04-14 12:39:43,832 - INFO - Iteracja 4: condition_best: Strength <= 29.85, quality_best: 0.22, coverage_best: (p=5, n=3, P=388, N=767)
2026-04-14 12:39:43,832 - INFO - Regula po iteracji 4: IF Strength <= 30.00 AND Strength >= 29.40 AND Temperature <= 245.00 AND Temperature >= 225.00 AND Strength <= 29.85 THEN class = {12.50} [10.56, 14.44], (p=5, n=3, P=388, N=767)
2026-04-14 12:39:43,832 - INFO - *******STOP GROWING CR RULE*******
2026-04-14 12:39:43,834 - INFO - *******GROWING CR RULE*******
2026-04-14 12:39:43,886 - INFO - Iteracja 0: condition_best: Strength <= 30.00, quality_best: 0.089, coverage_best: (p=313, n=244, P=583, N=572)
2026-04-14 12:39:43,886 - INFO - Regula po iteracji 0: IF Strength <= 30.00 THEN class = {16.00} [12.79, 19.21], (p=313, n=244, P=583, N=572)
2026-04-14 12:39:43,905 - INFO - Iteracja 1: condition_best: Strength >= 29.10, quality_best: 0.132, coverage_best: (p=27, n=9, P=767, N=388)
2026-04-14 12:39:43,905 - INFO - Regula po iteracji 1: IF Strength <= 30.00 AND Strength >= 29.10 THEN class = {14.94} [11.84, 18.05], (p=27, n=9, P=767, N=388)
2026-04-14 12:39:43,907 - INFO - Iteracja 2: condition_best: Temperature <= 255.00, quality_best: 0.247, coverage_best: (p=15, n=8, P=388, N=767)
2026-04-14 12:39:43,907 - INFO - Regula po iteracji 2: IF Strength <= 30.00 AND Strength >= 29.10 AND Temperature <= 255.00 THEN class = {13.13} [11.02, 15.24], (p=15, n=8, P=388, N=767)
2026-04-14 12:39:43,908 - INFO - Iteracja 3: condition_best: Strength <= 29.85, quality_best: 0.271, coverage_best: (p=13, n=6, P=388, N=767)
2026-04-14 12:39:43,908 - INFO - Regula po iteracji 3: IF Strength <= 30.00 AND Strength >= 29.10 AND Temperature <= 255.00 AND Strength <= 29.85 THEN class = {13.16} [11.07, 15.24], (p=13, n=6, P=388, N=767)
2026-04-14 12:39:43,909 - INFO - Iteracja 4: condition_best: Temperature >= 225.00, quality_best: 0.257, coverage_best: (p=12, n=6, P=388, N=767)
2026-04-14 12:39:43,909 - INFO - Regula po iteracji 4: IF Strength <= 30.00 AND Strength >= 29.10 AND Temperature <= 255.00 AND Strength <= 29.85 AND Temperature >= 225.00 THEN class = {13.22} [11.10, 15.34], (p=12, n=6, P=388, N=767)
2026-04-14 12:39:43,909 - INFO - *******STOP GROWING CR RULE*******
2026-04-14 12:39:43,911 - INFO - *******GROWING CR RULE*******
2026-04-14 12:39:43,963 - INFO - Iteracja 0: condition_best: Strength <= 30.00, quality_best: 0.089, coverage_best: (p=313, n=244, P=583, N=572)
2026-04-14 12:39:43,963 - INFO - Regula po iteracji 0: IF Strength <= 30.00 THEN class = {16.00} [12.79, 19.21], (p=313, n=244, P=583, N=572)
2026-04-14 12:39:43,982 - INFO - Iteracja 1: condition_best: Temperature >= 235.00, quality_best: 0.125, coverage_best: (p=79, n=90, P=379, N=776)
2026-04-14 12:39:43,982 - INFO - Regula po iteracji 1: IF Strength <= 30.00 AND Temperature >= 235.00 THEN class = {17.67} [15.37, 19.97], (p=79, n=90, P=379, N=776)
2026-04-14 12:39:43,988 - INFO - Iteracja 2: condition_best: Strength >= 28.55, quality_best: 0.195, coverage_best: (p=33, n=15, P=583, N=572)
2026-04-14 12:39:43,989 - INFO - Regula po iteracji 2: IF Strength <= 30.00 AND Temperature >= 235.00 AND Strength >= 28.55 THEN class = {16.50} [13.97, 19.03], (p=33, n=15, P=583, N=572)
2026-04-14 12:39:43,990 - INFO - Iteracja 3: condition_best: Temperature <= 255.00, quality_best: 0.276, coverage_best: (p=18, n=8, P=401, N=754)
2026-04-14 12:39:43,990 - INFO - Regula po iteracji 3: IF Strength <= 30.00 AND Temperature >= 235.00 AND Strength >= 28.55 AND Temperature <= 255.00 THEN class = {14.92} [12.91, 16.94], (p=18, n=8, P=401, N=754)
2026-04-14 12:39:43,992 - INFO - Iteracja 4: condition_best: Strength >= 28.65, quality_best: 0.242, coverage_best: (p=15, n=8, P=401, N=754)
2026-04-14 12:39:43,992 - INFO - Regula po iteracji 4: IF Strength <= 30.00 AND Temperature >= 235.00 AND Strength >= 28.55 AND Temperature <= 255.00 AND Strength >= 28.65 THEN class = {14.87} [12.76, 16.98], (p=15, n=8, P=401, N=754)
2026-04-14 12:39:43,992 - INFO - *******STOP GROWING CR RULE*******
2026-04-14 12:39:43,994 - INFO - *******GROWING CR RULE*******
2026-04-14 12:39:44,045 - INFO - Iteracja 0: condition_best: Strength <= 30.00, quality_best: 0.089, coverage_best: (p=313, n=244, P=583, N=572)
2026-04-14 12:39:44,045 - INFO - Regula po iteracji 0: IF Strength <= 30.00 THEN class = {16.00} [12.79, 19.21], (p=313, n=244, P=583, N=572)
2026-04-14 12:39:44,064 - INFO - Iteracja 1: condition_best: Temperature >= 215.00, quality_best: 0.12, coverage_best: (p=205, n=141, P=583, N=572)
2026-04-14 12:39:44,064 - INFO - Regula po iteracji 1: IF Strength <= 30.00 AND Temperature >= 215.00 THEN class = {16.61} [13.68, 19.54], (p=205, n=141, P=583, N=572)
2026-04-14 12:39:44,076 - INFO - Iteracja 2: condition_best: Temperature <= 255.00, quality_best: 0.167, coverage_best: (p=184, n=108, P=583, N=572)
2026-04-14 12:39:44,076 - INFO - Regula po iteracji 2: IF Strength <= 30.00 AND Temperature >= 215.00 AND Temperature <= 255.00 THEN class = {16.17} [13.24, 19.10], (p=184, n=108, P=583, N=572)
2026-04-14 12:39:44,087 - INFO - Iteracja 3: condition_best: Strength >= 27.25, quality_best: 0.288, coverage_best: (p=67, n=21, P=585, N=570)
2026-04-14 12:39:44,087 - INFO - Regula po iteracji 3: IF Strength <= 30.00 AND Temperature >= 215.00 AND Temperature <= 255.00 AND Strength >= 27.25 THEN class = {13.91} [11.44, 16.38], (p=67, n=21, P=585, N=570)
2026-04-14 12:39:44,090 - INFO - Iteracja 4: condition_best: Strength <= 29.85, quality_best: 0.287, coverage_best: (p=64, n=20, P=585, N=570)
2026-04-14 12:39:44,090 - INFO - Regula po iteracji 4: IF Strength <= 30.00 AND Temperature >= 215.00 AND Temperature <= 255.00 AND Strength >= 27.25 AND Strength <= 29.85 THEN class = {13.95} [11.48, 16.42], (p=64, n=20, P=585, N=570)
2026-04-14 12:39:44,090 - INFO - *******STOP GROWING CR RULE*******
2026-04-14 12:39:44,092 - INFO - *******GROWING CR RULE*******
2026-04-14 12:39:44,143 - INFO - Iteracja 0: condition_best: Strength <= 30.65, quality_best: 0.087, coverage_best: (p=339, n=267, P=583, N=572)
2026-04-14 12:39:44,143 - INFO - Regula po iteracji 0: IF Strength <= 30.65 THEN class = {15.93} [12.69, 19.17], (p=339, n=267, P=583, N=572)
2026-04-14 12:39:44,164 - INFO - Iteracja 1: condition_best: Temperature >= 275.00, quality_best: 0.478, coverage_best: (p=11, n=1, P=183, N=972)
2026-04-14 12:39:44,164 - INFO - Regula po iteracji 1: IF Strength <= 30.65 AND Temperature >= 275.00 THEN class = {19.83} [19.28, 20.39], (p=11, n=1, P=183, N=972)
2026-04-14 12:39:44,165 - INFO - Iteracja 2: condition_best: Strength >= 28.55, quality_best: 0.47, coverage_best: (p=10, n=1, P=183, N=972)
2026-04-14 12:39:44,166 - INFO - Regula po iteracji 2: IF Strength <= 30.65 AND Temperature >= 275.00 AND Strength >= 28.55 THEN class = {19.82} [19.24, 20.39], (p=10, n=1, P=183, N=972)
2026-04-14 12:39:44,167 - INFO - Iteracja 3: condition_best: Temperature <= 285.00, quality_best: 0.462, coverage_best: (p=9, n=1, P=183, N=972)
2026-04-14 12:39:44,167 - INFO - Regula po iteracji 3: IF Strength <= 30.65 AND Temperature >= 275.00 AND Strength >= 28.55 AND Temperature <= 285.00 THEN class = {19.80} [19.20, 20.40], (p=9, n=1, P=183, N=972)
2026-04-14 12:39:44,168 - INFO - Iteracja 4: condition_best: Strength >= 28.95, quality_best: 0.442, coverage_best: (p=7, n=1, P=183, N=972)
2026-04-14 12:39:44,168 - INFO - Regula po iteracji 4: IF Strength <= 30.65 AND Temperature >= 275.00 AND Strength >= 28.55 AND Temperature <= 285.00 AND Strength >= 28.95 THEN class = {19.75} [19.09, 20.41], (p=7, n=1, P=183, N=972)
2026-04-14 12:39:44,168 - INFO - *******STOP GROWING CR RULE*******
2026-04-14 12:39:44,170 - INFO - *******GROWING CR RULE*******
2026-04-14 12:39:44,221 - INFO - Iteracja 0: condition_best: Strength <= 30.65, quality_best: 0.087, coverage_best: (p=339, n=267, P=583, N=572)
2026-04-14 12:39:44,221 - INFO - Regula po iteracji 0: IF Strength <= 30.65 THEN class = {15.93} [12.69, 19.17], (p=339, n=267, P=583, N=572)
2026-04-14 12:39:44,242 - INFO - Iteracja 1: condition_best: Temperature >= 255.00, quality_best: 0.421, coverage_best: (p=63, n=15, P=365, N=790)
2026-04-14 12:39:44,242 - INFO - Regula po iteracji 1: IF Strength <= 30.65 AND Temperature >= 255.00 THEN class = {18.67} [17.04, 20.29], (p=63, n=15, P=365, N=790)
2026-04-14 12:39:44,246 - INFO - Iteracja 2: condition_best: Strength <= 30.25, quality_best: 0.44, coverage_best: (p=53, n=10, P=365, N=790)
2026-04-14 12:39:44,246 - INFO - Regula po iteracji 2: IF Strength <= 30.65 AND Temperature >= 255.00 AND Strength <= 30.25 THEN class = {18.86} [17.36, 20.36], (p=53, n=10, P=365, N=790)
2026-04-14 12:39:44,249 - INFO - Iteracja 3: condition_best: Strength >= 25.20, quality_best: 0.433, coverage_best: (p=51, n=10, P=365, N=790)
2026-04-14 12:39:44,249 - INFO - Regula po iteracji 3: IF Strength <= 30.65 AND Temperature >= 255.00 AND Strength <= 30.25 AND Strength >= 25.20 THEN class = {18.82} [17.31, 20.33], (p=51, n=10, P=365, N=790)
2026-04-14 12:39:44,252 - INFO - Iteracja 4: condition_best: Strength >= 25.95, quality_best: 0.43, coverage_best: (p=50, n=10, P=365, N=790)
2026-04-14 12:39:44,252 - INFO - Regula po iteracji 4: IF Strength <= 30.65 AND Temperature >= 255.00 AND Strength <= 30.25 AND Strength >= 25.20 AND Strength >= 25.95 THEN class = {18.80} [17.29, 20.31], (p=50, n=10, P=365, N=790)
2026-04-14 12:39:44,252 - INFO - *******STOP GROWING CR RULE*******
2026-04-14 12:39:44,254 - INFO - *******GROWING CR RULE*******
2026-04-14 12:39:44,305 - INFO - Iteracja 0: condition_best: Strength <= 30.65, quality_best: 0.087, coverage_best: (p=339, n=267, P=583, N=572)
2026-04-14 12:39:44,305 - INFO - Regula po iteracji 0: IF Strength <= 30.65 THEN class = {15.93} [12.69, 19.17], (p=339, n=267, P=583, N=572)
2026-04-14 12:39:44,326 - INFO - Iteracja 1: condition_best: Temperature >= 255.00, quality_best: 0.421, coverage_best: (p=63, n=15, P=365, N=790)
2026-04-14 12:39:44,326 - INFO - Regula po iteracji 1: IF Strength <= 30.65 AND Temperature >= 255.00 THEN class = {18.67} [17.04, 20.29], (p=63, n=15, P=365, N=790)
2026-04-14 12:39:44,329 - INFO - Iteracja 2: condition_best: Strength <= 30.55, quality_best: 0.427, coverage_best: (p=59, n=13, P=365, N=790)
2026-04-14 12:39:44,329 - INFO - Regula po iteracji 2: IF Strength <= 30.65 AND Temperature >= 255.00 AND Strength <= 30.55 THEN class = {18.72} [17.11, 20.33], (p=59, n=13, P=365, N=790)
2026-04-14 12:39:44,333 - INFO - Iteracja 3: condition_best: Temperature <= 285.00, quality_best: 0.424, coverage_best: (p=58, n=13, P=365, N=790)
2026-04-14 12:39:44,333 - INFO - Regula po iteracji 3: IF Strength <= 30.65 AND Temperature >= 255.00 AND Strength <= 30.55 AND Temperature <= 285.00 THEN class = {18.70} [17.09, 20.32], (p=58, n=13, P=365, N=790)
2026-04-14 12:39:44,336 - INFO - Iteracja 4: condition_best: Strength >= 25.20, quality_best: 0.418, coverage_best: (p=56, n=13, P=365, N=790)
2026-04-14 12:39:44,337 - INFO - Regula po iteracji 4: IF Strength <= 30.65 AND Temperature >= 255.00 AND Strength <= 30.55 AND Temperature <= 285.00 AND Strength >= 25.20 THEN class = {18.67} [17.05, 20.29], (p=56, n=13, P=365, N=790)
2026-04-14 12:39:44,337 - INFO - *******STOP GROWING CR RULE*******
2026-04-14 12:39:44,338 - INFO - *******GROWING CR RULE*******
2026-04-14 12:39:44,390 - INFO - Iteracja 0: condition_best: Strength <= 30.65, quality_best: 0.087, coverage_best: (p=339, n=267, P=583, N=572)
2026-04-14 12:39:44,390 - INFO - Regula po iteracji 0: IF Strength <= 30.65 THEN class = {15.93} [12.69, 19.17], (p=339, n=267, P=583, N=572)
2026-04-14 12:39:44,411 - INFO - Iteracja 1: condition_best: Temperature >= 255.00, quality_best: 0.421, coverage_best: (p=63, n=15, P=365, N=790)
2026-04-14 12:39:44,411 - INFO - Regula po iteracji 1: IF Strength <= 30.65 AND Temperature >= 255.00 THEN class = {18.67} [17.04, 20.29], (p=63, n=15, P=365, N=790)
2026-04-14 12:39:44,415 - INFO - Iteracja 2: condition_best: Strength >= 25.20, quality_best: 0.415, coverage_best: (p=61, n=15, P=365, N=790)
2026-04-14 12:39:44,415 - INFO - Regula po iteracji 2: IF Strength <= 30.65 AND Temperature >= 255.00 AND Strength >= 25.20 THEN class = {18.63} [17.00, 20.26], (p=61, n=15, P=365, N=790)
2026-04-14 12:39:44,418 - INFO - Iteracja 3: condition_best: Strength >= 25.95, quality_best: 0.412, coverage_best: (p=60, n=15, P=365, N=790)
2026-04-14 12:39:44,418 - INFO - Regula po iteracji 3: IF Strength <= 30.65 AND Temperature >= 255.00 AND Strength >= 25.20 AND Strength >= 25.95 THEN class = {18.61} [16.98, 20.25], (p=60, n=15, P=365, N=790)
2026-04-14 12:39:44,422 - INFO - Iteracja 4: condition_best: Strength >= 26.30, quality_best: 0.405, coverage_best: (p=58, n=15, P=365, N=790)
2026-04-14 12:39:44,422 - INFO - Regula po iteracji 4: IF Strength <= 30.65 AND Temperature >= 255.00 AND Strength >= 25.20 AND Strength >= 25.95 AND Strength >= 26.30 THEN class = {18.58} [16.94, 20.21], (p=58, n=15, P=365, N=790)
2026-04-14 12:39:44,422 - INFO - *******STOP GROWING CR RULE*******
2026-04-14 12:39:44,424 - INFO - *******GROWING CR RULE*******
2026-04-14 12:39:44,477 - INFO - Iteracja 0: condition_best: Strength <= 30.65, quality_best: 0.087, coverage_best: (p=339, n=267, P=583, N=572)
2026-04-14 12:39:44,477 - INFO - Regula po iteracji 0: IF Strength <= 30.65 THEN class = {15.93} [12.69, 19.17], (p=339, n=267, P=583, N=572)
2026-04-14 12:39:44,497 - INFO - Iteracja 1: condition_best: Temperature >= 245.00, quality_best: 0.344, coverage_best: (p=92, n=41, P=365, N=790)
2026-04-14 12:39:44,498 - INFO - Regula po iteracji 1: IF Strength <= 30.65 AND Temperature >= 245.00 THEN class = {18.06} [16.01, 20.11], (p=92, n=41, P=365, N=790)
2026-04-14 12:39:44,503 - INFO - Iteracja 2: condition_best: Strength >= 22.55, quality_best: 0.499, coverage_best: (p=120, n=12, P=562, N=593)
2026-04-14 12:39:44,503 - INFO - Regula po iteracji 2: IF Strength <= 30.65 AND Temperature >= 245.00 AND Strength >= 22.55 THEN class = {18.05} [15.99, 20.10], (p=120, n=12, P=562, N=593)
2026-04-14 12:39:44,508 - INFO - Iteracja 3: condition_best: Temperature <= 285.00, quality_best: 0.498, coverage_best: (p=119, n=12, P=562, N=593)
2026-04-14 12:39:44,508 - INFO - Regula po iteracji 3: IF Strength <= 30.65 AND Temperature >= 245.00 AND Strength >= 22.55 AND Temperature <= 285.00 THEN class = {18.03} [15.98, 20.08], (p=119, n=12, P=562, N=593)
2026-04-14 12:39:44,514 - INFO - Iteracja 4: condition_best: Strength >= 23.10, quality_best: 0.495, coverage_best: (p=117, n=12, P=562, N=593)
2026-04-14 12:39:44,514 - INFO - Regula po iteracji 4: IF Strength <= 30.65 AND Temperature >= 245.00 AND Strength >= 22.55 AND Temperature <= 285.00 AND Strength >= 23.10 THEN class = {18.00} [15.95, 20.05], (p=117, n=12, P=562, N=593)
2026-04-14 12:39:44,514 - INFO - *******STOP GROWING CR RULE*******
2026-04-14 12:39:44,516 - INFO - *******GROWING CR RULE*******
2026-04-14 12:39:44,566 - INFO - Iteracja 0: condition_best: Strength <= 30.65, quality_best: 0.087, coverage_best: (p=339, n=267, P=583, N=572)
2026-04-14 12:39:44,566 - INFO - Regula po iteracji 0: IF Strength <= 30.65 THEN class = {15.93} [12.69, 19.17], (p=339, n=267, P=583, N=572)
2026-04-14 12:39:44,587 - INFO - Iteracja 1: condition_best: Temperature >= 235.00, quality_best: 0.131, coverage_best: (p=97, n=110, P=379, N=776)
2026-04-14 12:39:44,587 - INFO - Regula po iteracji 1: IF Strength <= 30.65 AND Temperature >= 235.00 THEN class = {17.46} [15.04, 19.88], (p=97, n=110, P=379, N=776)
2026-04-14 12:39:44,595 - INFO - Iteracja 2: condition_best: Strength >= 28.90, quality_best: 0.198, coverage_best: (p=46, n=21, P=583, N=572)
2026-04-14 12:39:44,595 - INFO - Regula po iteracji 2: IF Strength <= 30.65 AND Temperature >= 235.00 AND Strength >= 28.90 THEN class = {16.39} [13.77, 19.00], (p=46, n=21, P=583, N=572)
2026-04-14 12:39:44,597 - INFO - Iteracja 3: condition_best: Temperature <= 245.00, quality_best: 0.308, coverage_best: (p=11, n=4, P=388, N=767)
2026-04-14 12:39:44,597 - INFO - Regula po iteracji 3: IF Strength <= 30.65 AND Temperature >= 235.00 AND Strength >= 28.90 AND Temperature <= 245.00 THEN class = {13.47} [11.76, 15.17], (p=11, n=4, P=388, N=767)
2026-04-14 12:39:44,598 - INFO - Iteracja 4: condition_best: Strength >= 29.10, quality_best: 0.348, coverage_best: (p=11, n=3, P=388, N=767)
2026-04-14 12:39:44,598 - INFO - Regula po iteracji 4: IF Strength <= 30.65 AND Temperature >= 235.00 AND Strength >= 28.90 AND Temperature <= 245.00 AND Strength >= 29.10 THEN class = {13.29} [11.66, 14.91], (p=11, n=3, P=388, N=767)
2026-04-14 12:39:44,598 - INFO - *******STOP GROWING CR RULE*******
2026-04-14 12:39:44,600 - INFO - *******GROWING CR RULE*******
2026-04-14 12:39:44,651 - INFO - Iteracja 0: condition_best: Strength <= 30.65, quality_best: 0.087, coverage_best: (p=339, n=267, P=583, N=572)
2026-04-14 12:39:44,651 - INFO - Regula po iteracji 0: IF Strength <= 30.65 THEN class = {15.93} [12.69, 19.17], (p=339, n=267, P=583, N=572)
2026-04-14 12:39:44,671 - INFO - Iteracja 1: condition_best: Temperature >= 225.00, quality_best: 0.118, coverage_best: (p=132, n=164, P=379, N=776)
2026-04-14 12:39:44,672 - INFO - Regula po iteracji 1: IF Strength <= 30.65 AND Temperature >= 225.00 THEN class = {16.93} [14.12, 19.73], (p=132, n=164, P=379, N=776)
2026-04-14 12:39:44,682 - INFO - Iteracja 2: condition_best: Temperature <= 265.00, quality_best: 0.183, coverage_best: (p=166, n=91, P=583, N=572)
2026-04-14 12:39:44,682 - INFO - Regula po iteracji 2: IF Strength <= 30.65 AND Temperature >= 225.00 AND Temperature <= 265.00 THEN class = {16.55} [13.75, 19.36], (p=166, n=91, P=583, N=572)
2026-04-14 12:39:44,692 - INFO - Iteracja 3: condition_best: Strength >= 24.95, quality_best: 0.262, coverage_best: (p=127, n=50, P=583, N=572)
2026-04-14 12:39:44,692 - INFO - Regula po iteracji 3: IF Strength <= 30.65 AND Temperature >= 225.00 AND Temperature <= 265.00 AND Strength >= 24.95 THEN class = {15.59} [12.89, 18.29], (p=127, n=50, P=583, N=572)
2026-04-14 12:39:44,697 - INFO - Iteracja 4: condition_best: Temperature <= 245.00, quality_best: 0.277, coverage_best: (p=72, n=24, P=585, N=570)
2026-04-14 12:39:44,697 - INFO - Regula po iteracji 4: IF Strength <= 30.65 AND Temperature >= 225.00 AND Temperature <= 265.00 AND Strength >= 24.95 AND Temperature <= 245.00 THEN class = {14.29} [11.79, 16.79], (p=72, n=24, P=585, N=570)
2026-04-14 12:39:44,697 - INFO - *******STOP GROWING CR RULE*******
2026-04-14 12:39:44,699 - INFO - *******GROWING CR RULE*******
2026-04-14 12:39:44,750 - INFO - Iteracja 0: condition_best: Strength <= 30.65, quality_best: 0.087, coverage_best: (p=339, n=267, P=583, N=572)
2026-04-14 12:39:44,750 - INFO - Regula po iteracji 0: IF Strength <= 30.65 THEN class = {15.93} [12.69, 19.17], (p=339, n=267, P=583, N=572)
2026-04-14 12:39:44,770 - INFO - Iteracja 1: condition_best: Temperature <= 265.00, quality_best: 0.116, coverage_best: (p=328, n=239, P=583, N=572)
2026-04-14 12:39:44,770 - INFO - Regula po iteracji 1: IF Strength <= 30.65 AND Temperature <= 265.00 THEN class = {15.69} [12.49, 18.90], (p=328, n=239, P=583, N=572)
2026-04-14 12:39:44,790 - INFO - Iteracja 2: condition_best: Strength >= 28.55, quality_best: 0.183, coverage_best: (p=59, n=29, P=585, N=570)
2026-04-14 12:39:44,790 - INFO - Regula po iteracji 2: IF Strength <= 30.65 AND Temperature <= 265.00 AND Strength >= 28.55 THEN class = {13.82} [11.09, 16.54], (p=59, n=29, P=585, N=570)
2026-04-14 12:39:44,793 - INFO - Iteracja 3: condition_best: Temperature <= 235.00, quality_best: 0.426, coverage_best: (p=26, n=4, P=389, N=766)
2026-04-14 12:39:44,793 - INFO - Regula po iteracji 3: IF Strength <= 30.65 AND Temperature <= 265.00 AND Strength >= 28.55 AND Temperature <= 235.00 THEN class = {11.13} [9.53, 12.74], (p=26, n=4, P=389, N=766)
2026-04-14 12:39:44,795 - INFO - Iteracja 4: condition_best: Strength >= 28.75, quality_best: 0.458, coverage_best: (p=21, n=2, P=389, N=766)
2026-04-14 12:39:44,795 - INFO - Regula po iteracji 4: IF Strength <= 30.65 AND Temperature <= 265.00 AND Strength >= 28.55 AND Temperature <= 235.00 AND Strength >= 28.75 THEN class = {10.87} [9.57, 12.17], (p=21, n=2, P=389, N=766)
2026-04-14 12:39:44,795 - INFO - *******STOP GROWING CR RULE*******
2026-04-14 12:39:44,797 - INFO - *******GROWING CR RULE*******
2026-04-14 12:39:44,849 - INFO - Iteracja 0: condition_best: Strength >= 33.75, quality_best: 0.087, coverage_best: (p=218, n=165, P=585, N=570)
2026-04-14 12:39:44,849 - INFO - Regula po iteracji 0: IF Strength >= 33.75 THEN class = {13.27} [10.30, 16.24], (p=218, n=165, P=585, N=570)
2026-04-14 12:39:44,862 - INFO - Iteracja 1: condition_best: Temperature <= 255.00, quality_best: 0.468, coverage_best: (p=31, n=3, P=389, N=766)
2026-04-14 12:39:44,862 - INFO - Regula po iteracji 1: IF Strength >= 33.75 AND Temperature <= 255.00 THEN class = {10.94} [9.64, 12.25], (p=31, n=3, P=389, N=766)
2026-04-14 12:39:44,865 - INFO - Iteracja 2: condition_best: Strength >= 33.85, quality_best: 0.485, coverage_best: (p=29, n=2, P=389, N=766)
2026-04-14 12:39:44,865 - INFO - Regula po iteracji 2: IF Strength >= 33.75 AND Temperature <= 255.00 AND Strength >= 33.85 THEN class = {10.84} [9.62, 12.06], (p=29, n=2, P=389, N=766)
2026-04-14 12:39:44,867 - INFO - Iteracja 3: condition_best: Strength <= 37.85, quality_best: 0.482, coverage_best: (p=28, n=2, P=389, N=766)
2026-04-14 12:39:44,867 - INFO - Regula po iteracji 3: IF Strength >= 33.75 AND Temperature <= 255.00 AND Strength >= 33.85 AND Strength <= 37.85 THEN class = {10.87} [9.64, 12.10], (p=28, n=2, P=389, N=766)
2026-04-14 12:39:44,869 - INFO - Iteracja 4: condition_best: Strength <= 36.85, quality_best: 0.479, coverage_best: (p=27, n=2, P=389, N=766)
2026-04-14 12:39:44,869 - INFO - Regula po iteracji 4: IF Strength >= 33.75 AND Temperature <= 255.00 AND Strength >= 33.85 AND Strength <= 37.85 AND Strength <= 36.85 THEN class = {10.90} [9.66, 12.14], (p=27, n=2, P=389, N=766)
2026-04-14 12:39:44,869 - INFO - *******STOP GROWING CR RULE*******
2026-04-14 12:39:44,871 - INFO - *******GROWING CR RULE*******
2026-04-14 12:39:44,922 - INFO - Iteracja 0: condition_best: Strength >= 33.75, quality_best: 0.087, coverage_best: (p=218, n=165, P=585, N=570)
2026-04-14 12:39:44,922 - INFO - Regula po iteracji 0: IF Strength >= 33.75 THEN class = {13.27} [10.30, 16.24], (p=218, n=165, P=585, N=570)
2026-04-14 12:39:44,935 - INFO - Iteracja 1: condition_best: Temperature <= 285.00, quality_best: 0.467, coverage_best: (p=173, n=27, P=593, N=562)
2026-04-14 12:39:44,935 - INFO - Regula po iteracji 1: IF Strength >= 33.75 AND Temperature <= 285.00 THEN class = {12.26} [9.94, 14.58], (p=173, n=27, P=593, N=562)
2026-04-14 12:39:44,943 - INFO - Iteracja 2: condition_best: Strength >= 34.15, quality_best: 0.488, coverage_best: (p=167, n=22, P=593, N=562)
2026-04-14 12:39:44,943 - INFO - Regula po iteracji 2: IF Strength >= 33.75 AND Temperature <= 285.00 AND Strength >= 34.15 THEN class = {12.14} [9.89, 14.38], (p=167, n=22, P=593, N=562)
2026-04-14 12:39:44,950 - INFO - Iteracja 3: condition_best: Strength <= 43.75, quality_best: 0.486, coverage_best: (p=166, n=22, P=593, N=562)
2026-04-14 12:39:44,950 - INFO - Regula po iteracji 3: IF Strength >= 33.75 AND Temperature <= 285.00 AND Strength >= 34.15 AND Strength <= 43.75 THEN class = {12.15} [9.90, 14.39], (p=166, n=22, P=593, N=562)
2026-04-14 12:39:44,958 - INFO - Iteracja 4: condition_best: Strength <= 42.85, quality_best: 0.485, coverage_best: (p=165, n=22, P=593, N=562)
2026-04-14 12:39:44,958 - INFO - Regula po iteracji 4: IF Strength >= 33.75 AND Temperature <= 285.00 AND Strength >= 34.15 AND Strength <= 43.75 AND Strength <= 42.85 THEN class = {12.16} [9.91, 14.41], (p=165, n=22, P=593, N=562)
2026-04-14 12:39:44,958 - INFO - *******STOP GROWING CR RULE*******
2026-04-14 12:39:44,959 - INFO - *******GROWING CR RULE*******
2026-04-14 12:39:45,014 - INFO - Iteracja 0: condition_best: Strength >= 33.75, quality_best: 0.087, coverage_best: (p=218, n=165, P=585, N=570)
2026-04-14 12:39:45,014 - INFO - Regula po iteracji 0: IF Strength >= 33.75 THEN class = {13.27} [10.30, 16.24], (p=218, n=165, P=585, N=570)
2026-04-14 12:39:45,027 - INFO - Iteracja 1: condition_best: Temperature <= 285.00, quality_best: 0.467, coverage_best: (p=173, n=27, P=593, N=562)
2026-04-14 12:39:45,027 - INFO - Regula po iteracji 1: IF Strength >= 33.75 AND Temperature <= 285.00 THEN class = {12.26} [9.94, 14.58], (p=173, n=27, P=593, N=562)
2026-04-14 12:39:45,035 - INFO - Iteracja 2: condition_best: Strength <= 43.75, quality_best: 0.465, coverage_best: (p=172, n=27, P=593, N=562)
2026-04-14 12:39:45,035 - INFO - Regula po iteracji 2: IF Strength >= 33.75 AND Temperature <= 285.00 AND Strength <= 43.75 THEN class = {12.27} [9.95, 14.59], (p=172, n=27, P=593, N=562)
2026-04-14 12:39:45,043 - INFO - Iteracja 3: condition_best: Strength <= 42.85, quality_best: 0.464, coverage_best: (p=171, n=27, P=593, N=562)
2026-04-14 12:39:45,043 - INFO - Regula po iteracji 3: IF Strength >= 33.75 AND Temperature <= 285.00 AND Strength <= 43.75 AND Strength <= 42.85 THEN class = {12.28} [9.96, 14.60], (p=171, n=27, P=593, N=562)
2026-04-14 12:39:45,050 - INFO - Iteracja 4: condition_best: Strength <= 42.60, quality_best: 0.461, coverage_best: (p=169, n=27, P=593, N=562)
2026-04-14 12:39:45,051 - INFO - Regula po iteracji 4: IF Strength >= 33.75 AND Temperature <= 285.00 AND Strength <= 43.75 AND Strength <= 42.85 AND Strength <= 42.60 THEN class = {12.30} [9.97, 14.62], (p=169, n=27, P=593, N=562)
2026-04-14 12:39:45,051 - INFO - *******STOP GROWING CR RULE*******
2026-04-14 12:39:45,052 - INFO - *******GROWING CR RULE*******
2026-04-14 12:39:45,104 - INFO - Iteracja 0: condition_best: Strength >= 33.75, quality_best: 0.087, coverage_best: (p=218, n=165, P=585, N=570)
2026-04-14 12:39:45,104 - INFO - Regula po iteracji 0: IF Strength >= 33.75 THEN class = {13.27} [10.30, 16.24], (p=218, n=165, P=585, N=570)
2026-04-14 12:39:45,117 - INFO - Iteracja 1: condition_best: Strength <= 42.15, quality_best: 0.134, coverage_best: (p=195, n=127, P=585, N=570)
2026-04-14 12:39:45,118 - INFO - Regula po iteracji 1: IF Strength >= 33.75 AND Strength <= 42.15 THEN class = {13.69} [10.69, 16.68], (p=195, n=127, P=585, N=570)
2026-04-14 12:39:45,127 - INFO - Iteracja 2: condition_best: Temperature >= 285.00, quality_best: 0.206, coverage_best: (p=88, n=41, P=583, N=572)
2026-04-14 12:39:45,127 - INFO - Regula po iteracji 2: IF Strength >= 33.75 AND Strength <= 42.15 AND Temperature >= 285.00 THEN class = {15.74} [13.04, 18.43], (p=88, n=41, P=583, N=572)
2026-04-14 12:39:45,134 - INFO - Iteracja 3: condition_best: Strength <= 34.45, quality_best: 0.514, coverage_best: (p=10, n=0, P=365, N=790)
2026-04-14 12:39:45,134 - INFO - Regula po iteracji 3: IF Strength >= 33.75 AND Strength <= 42.15 AND Temperature >= 285.00 AND Strength <= 34.45 THEN class = {19.00} [18.00, 20.00], (p=10, n=0, P=365, N=790)
2026-04-14 12:39:45,135 - INFO - Iteracja 4: condition_best: Strength >= 34.15, quality_best: 0.285, coverage_best: (p=5, n=3, P=182, N=973)
2026-04-14 12:39:45,135 - INFO - Regula po iteracji 4: IF Strength >= 33.75 AND Strength <= 42.15 AND Temperature >= 285.00 AND Strength <= 34.45 AND Strength >= 34.15 THEN class = {18.75} [17.78, 19.72], (p=5, n=3, P=182, N=973)
2026-04-14 12:39:45,135 - INFO - *******STOP GROWING CR RULE*******
2026-04-14 12:39:45,136 - INFO - *******GROWING CR RULE*******
2026-04-14 12:39:45,187 - INFO - Iteracja 0: condition_best: Strength >= 33.10, quality_best: 0.084, coverage_best: (p=232, n=178, P=585, N=570)
2026-04-14 12:39:45,187 - INFO - Regula po iteracji 0: IF Strength >= 33.10 THEN class = {13.39} [10.35, 16.43], (p=232, n=178, P=585, N=570)
2026-04-14 12:39:45,201 - INFO - Iteracja 1: condition_best: Temperature <= 255.00, quality_best: 0.486, coverage_best: (p=37, n=3, P=389, N=766)
2026-04-14 12:39:45,201 - INFO - Regula po iteracji 1: IF Strength >= 33.10 AND Temperature <= 255.00 THEN class = {10.90} [9.64, 12.16], (p=37, n=3, P=389, N=766)
2026-04-14 12:39:45,203 - INFO - Iteracja 2: condition_best: Strength <= 37.85, quality_best: 0.483, coverage_best: (p=36, n=3, P=389, N=766)
2026-04-14 12:39:45,203 - INFO - Regula po iteracji 2: IF Strength >= 33.10 AND Temperature <= 255.00 AND Strength <= 37.85 THEN class = {10.92} [9.65, 12.19], (p=36, n=3, P=389, N=766)
2026-04-14 12:39:45,206 - INFO - Iteracja 3: condition_best: Strength <= 36.85, quality_best: 0.48, coverage_best: (p=35, n=3, P=389, N=766)
2026-04-14 12:39:45,206 - INFO - Regula po iteracji 3: IF Strength >= 33.10 AND Temperature <= 255.00 AND Strength <= 37.85 AND Strength <= 36.85 THEN class = {10.95} [9.67, 12.22], (p=35, n=3, P=389, N=766)
2026-04-14 12:39:45,208 - INFO - Iteracja 4: condition_best: Strength >= 33.40, quality_best: 0.477, coverage_best: (p=34, n=3, P=389, N=766)
2026-04-14 12:39:45,208 - INFO - Regula po iteracji 4: IF Strength >= 33.10 AND Temperature <= 255.00 AND Strength <= 37.85 AND Strength <= 36.85 AND Strength >= 33.40 THEN class = {10.92} [9.64, 12.20], (p=34, n=3, P=389, N=766)
2026-04-14 12:39:45,208 - INFO - *******STOP GROWING CR RULE*******
2026-04-14 12:39:45,210 - INFO - *******GROWING CR RULE*******
2026-04-14 12:39:45,260 - INFO - Iteracja 0: condition_best: Strength >= 33.10, quality_best: 0.084, coverage_best: (p=232, n=178, P=585, N=570)
2026-04-14 12:39:45,260 - INFO - Regula po iteracji 0: IF Strength >= 33.10 THEN class = {13.39} [10.35, 16.43], (p=232, n=178, P=585, N=570)
2026-04-14 12:39:45,274 - INFO - Iteracja 1: condition_best: Temperature <= 265.00, quality_best: 0.465, coverage_best: (p=72, n=12, P=389, N=766)
2026-04-14 12:39:45,275 - INFO - Regula po iteracji 1: IF Strength >= 33.10 AND Temperature <= 265.00 THEN class = {11.26} [9.64, 12.89], (p=72, n=12, P=389, N=766)
2026-04-14 12:39:45,279 - INFO - Iteracja 2: condition_best: Strength <= 40.25, quality_best: 0.462, coverage_best: (p=71, n=12, P=389, N=766)
2026-04-14 12:39:45,279 - INFO - Regula po iteracji 2: IF Strength >= 33.10 AND Temperature <= 265.00 AND Strength <= 40.25 THEN class = {11.28} [9.65, 12.91], (p=71, n=12, P=389, N=766)
2026-04-14 12:39:45,283 - INFO - Iteracja 3: condition_best: Strength <= 39.40, quality_best: 0.46, coverage_best: (p=70, n=12, P=389, N=766)
2026-04-14 12:39:45,284 - INFO - Regula po iteracji 3: IF Strength >= 33.10 AND Temperature <= 265.00 AND Strength <= 40.25 AND Strength <= 39.40 THEN class = {11.29} [9.66, 12.93], (p=70, n=12, P=389, N=766)
2026-04-14 12:39:45,288 - INFO - Iteracja 4: condition_best: Strength <= 38.85, quality_best: 0.457, coverage_best: (p=69, n=12, P=389, N=766)
2026-04-14 12:39:45,288 - INFO - Regula po iteracji 4: IF Strength >= 33.10 AND Temperature <= 265.00 AND Strength <= 40.25 AND Strength <= 39.40 AND Strength <= 38.85 THEN class = {11.31} [9.67, 12.95], (p=69, n=12, P=389, N=766)
2026-04-14 12:39:45,288 - INFO - *******STOP GROWING CR RULE*******
2026-04-14 12:39:45,289 - INFO - *******GROWING CR RULE*******
2026-04-14 12:39:45,340 - INFO - Iteracja 0: condition_best: Strength >= 33.10, quality_best: 0.084, coverage_best: (p=232, n=178, P=585, N=570)
2026-04-14 12:39:45,340 - INFO - Regula po iteracji 0: IF Strength >= 33.10 THEN class = {13.39} [10.35, 16.43], (p=232, n=178, P=585, N=570)
2026-04-14 12:39:45,354 - INFO - Iteracja 1: condition_best: Temperature <= 275.00, quality_best: 0.388, coverage_best: (p=108, n=38, P=389, N=766)
2026-04-14 12:39:45,354 - INFO - Regula po iteracji 1: IF Strength >= 33.10 AND Temperature <= 275.00 THEN class = {11.88} [9.79, 13.96], (p=108, n=38, P=389, N=766)
2026-04-14 12:39:45,360 - INFO - Iteracja 2: condition_best: Strength <= 41.40, quality_best: 0.486, coverage_best: (p=129, n=14, P=593, N=562)
2026-04-14 12:39:45,360 - INFO - Regula po iteracji 2: IF Strength >= 33.10 AND Temperature <= 275.00 AND Strength <= 41.40 THEN class = {11.92} [9.83, 14.00], (p=129, n=14, P=593, N=562)
2026-04-14 12:39:45,366 - INFO - Iteracja 3: condition_best: Strength <= 40.85, quality_best: 0.485, coverage_best: (p=128, n=14, P=593, N=562)
2026-04-14 12:39:45,366 - INFO - Regula po iteracji 3: IF Strength >= 33.10 AND Temperature <= 275.00 AND Strength <= 41.40 AND Strength <= 40.85 THEN class = {11.93} [9.84, 14.02], (p=128, n=14, P=593, N=562)
2026-04-14 12:39:45,372 - INFO - Iteracja 4: condition_best: Strength <= 40.60, quality_best: 0.482, coverage_best: (p=126, n=14, P=593, N=562)
2026-04-14 12:39:45,372 - INFO - Regula po iteracji 4: IF Strength >= 33.10 AND Temperature <= 275.00 AND Strength <= 41.40 AND Strength <= 40.85 AND Strength <= 40.60 THEN class = {11.94} [9.85, 14.04], (p=126, n=14, P=593, N=562)
2026-04-14 12:39:45,372 - INFO - *******STOP GROWING CR RULE*******
2026-04-14 12:39:45,374 - INFO - *******GROWING CR RULE*******
2026-04-14 12:39:45,424 - INFO - Iteracja 0: condition_best: Strength >= 33.10, quality_best: 0.084, coverage_best: (p=232, n=178, P=585, N=570)
2026-04-14 12:39:45,425 - INFO - Regula po iteracji 0: IF Strength >= 33.10 THEN class = {13.39} [10.35, 16.43], (p=232, n=178, P=585, N=570)
2026-04-14 12:39:45,439 - INFO - Iteracja 1: condition_best: Temperature <= 285.00, quality_best: 0.135, coverage_best: (p=105, n=115, P=388, N=767)
2026-04-14 12:39:45,439 - INFO - Regula po iteracji 1: IF Strength >= 33.10 AND Temperature <= 285.00 THEN class = {12.38} [10.01, 14.76], (p=105, n=115, P=388, N=767)
2026-04-14 12:39:45,447 - INFO - Iteracja 2: condition_best: Strength <= 34.15, quality_best: 0.214, coverage_best: (p=22, n=9, P=585, N=570)
2026-04-14 12:39:45,447 - INFO - Regula po iteracji 2: IF Strength >= 33.10 AND Temperature <= 285.00 AND Strength <= 34.15 THEN class = {13.87} [11.28, 16.46], (p=22, n=9, P=585, N=570)
2026-04-14 12:39:45,449 - INFO - Iteracja 3: condition_best: Temperature >= 275.00, quality_best: 0.508, coverage_best: (p=6, n=0, P=379, N=776)
2026-04-14 12:39:45,449 - INFO - Regula po iteracji 3: IF Strength >= 33.10 AND Temperature <= 285.00 AND Strength <= 34.15 AND Temperature >= 275.00 THEN class = {17.00} [16.00, 18.00], (p=6, n=0, P=379, N=776)
2026-04-14 12:39:45,449 - INFO - Iteracja 4: condition_best: Strength <= 33.80, quality_best: 0.263, coverage_best: (p=3, n=2, P=197, N=958)
2026-04-14 12:39:45,450 - INFO - Regula po iteracji 4: IF Strength >= 33.10 AND Temperature <= 285.00 AND Strength <= 34.15 AND Temperature >= 275.00 AND Strength <= 33.80 THEN class = {16.80} [15.82, 17.78], (p=3, n=2, P=197, N=958)
2026-04-14 12:39:45,450 - INFO - *******STOP GROWING CR RULE*******
2026-04-14 12:39:45,451 - INFO - *******GROWING CR RULE*******
2026-04-14 12:39:45,503 - INFO - Iteracja 0: condition_best: Strength >= 33.10, quality_best: 0.084, coverage_best: (p=232, n=178, P=585, N=570)
2026-04-14 12:39:45,503 - INFO - Regula po iteracji 0: IF Strength >= 33.10 THEN class = {13.39} [10.35, 16.43], (p=232, n=178, P=585, N=570)
2026-04-14 12:39:45,517 - INFO - Iteracja 1: condition_best: Strength <= 42.15, quality_best: 0.127, coverage_best: (p=209, n=140, P=585, N=570)
2026-04-14 12:39:45,517 - INFO - Regula po iteracji 1: IF Strength >= 33.10 AND Strength <= 42.15 THEN class = {13.80} [10.75, 16.85], (p=209, n=140, P=585, N=570)
2026-04-14 12:39:45,527 - INFO - Iteracja 2: condition_best: Temperature >= 285.00, quality_best: 0.183, coverage_best: (p=90, n=46, P=583, N=572)
2026-04-14 12:39:45,527 - INFO - Regula po iteracji 2: IF Strength >= 33.10 AND Strength <= 42.15 AND Temperature >= 285.00 THEN class = {15.93} [13.17, 18.69], (p=90, n=46, P=583, N=572)
2026-04-14 12:39:45,534 - INFO - Iteracja 3: condition_best: Strength <= 35.60, quality_best: 0.497, coverage_best: (p=32, n=2, P=365, N=790)
2026-04-14 12:39:45,534 - INFO - Regula po iteracji 3: IF Strength >= 33.10 AND Strength <= 42.15 AND Temperature >= 285.00 AND Strength <= 35.60 THEN class = {18.88} [17.68, 20.09], (p=32, n=2, P=365, N=790)
2026-04-14 12:39:45,536 - INFO - Iteracja 4: condition_best: Strength >= 33.25, quality_best: 0.492, coverage_best: (p=30, n=2, P=365, N=790)
2026-04-14 12:39:45,536 - INFO - Regula po iteracji 4: IF Strength >= 33.10 AND Strength <= 42.15 AND Temperature >= 285.00 AND Strength <= 35.60 AND Strength >= 33.25 THEN class = {18.88} [17.66, 20.09], (p=30, n=2, P=365, N=790)
2026-04-14 12:39:45,537 - INFO - *******STOP GROWING CR RULE*******
2026-04-14 12:39:45,538 - INFO - *******GROWING CR RULE*******
2026-04-14 12:39:45,588 - INFO - Iteracja 0: condition_best: Strength <= 30.75, quality_best: 0.083, coverage_best: (p=347, n=277, P=583, N=572)
2026-04-14 12:39:45,588 - INFO - Regula po iteracji 0: IF Strength <= 30.75 THEN class = {15.89} [12.63, 19.15], (p=347, n=277, P=583, N=572)
2026-04-14 12:39:45,609 - INFO - Iteracja 1: condition_best: Temperature >= 245.00, quality_best: 0.481, coverage_best: (p=128, n=16, P=562, N=593)
2026-04-14 12:39:45,609 - INFO - Regula po iteracji 1: IF Strength <= 30.75 AND Temperature >= 245.00 THEN class = {17.94} [15.77, 20.12], (p=128, n=16, P=562, N=593)
2026-04-14 12:39:45,614 - INFO - Iteracja 2: condition_best: Strength >= 22.55, quality_best: 0.479, coverage_best: (p=127, n=16, P=562, N=593)
2026-04-14 12:39:45,614 - INFO - Regula po iteracji 2: IF Strength <= 30.75 AND Temperature >= 245.00 AND Strength >= 22.55 THEN class = {17.93} [15.76, 20.10], (p=127, n=16, P=562, N=593)
2026-04-14 12:39:45,620 - INFO - Iteracja 3: condition_best: Strength >= 23.10, quality_best: 0.476, coverage_best: (p=125, n=16, P=562, N=593)
2026-04-14 12:39:45,620 - INFO - Regula po iteracji 3: IF Strength <= 30.75 AND Temperature >= 245.00 AND Strength >= 22.55 AND Strength >= 23.10 THEN class = {17.90} [15.73, 20.08], (p=125, n=16, P=562, N=593)
2026-04-14 12:39:45,625 - INFO - Iteracja 4: condition_best: Strength >= 23.85, quality_best: 0.474, coverage_best: (p=124, n=16, P=562, N=593)
2026-04-14 12:39:45,625 - INFO - Regula po iteracji 4: IF Strength <= 30.75 AND Temperature >= 245.00 AND Strength >= 22.55 AND Strength >= 23.10 AND Strength >= 23.85 THEN class = {17.89} [15.71, 20.06], (p=124, n=16, P=562, N=593)
2026-04-14 12:39:45,625 - INFO - *******STOP GROWING CR RULE*******
2026-04-14 12:39:45,627 - INFO - *******GROWING CR RULE*******
2026-04-14 12:39:45,676 - INFO - Iteracja 0: condition_best: Strength <= 30.75, quality_best: 0.083, coverage_best: (p=347, n=277, P=583, N=572)
2026-04-14 12:39:45,677 - INFO - Regula po iteracji 0: IF Strength <= 30.75 THEN class = {15.89} [12.63, 19.15], (p=347, n=277, P=583, N=572)
2026-04-14 12:39:45,697 - INFO - Iteracja 1: condition_best: Temperature >= 225.00, quality_best: 0.117, coverage_best: (p=185, n=127, P=583, N=572)
2026-04-14 12:39:45,697 - INFO - Regula po iteracji 1: IF Strength <= 30.75 AND Temperature >= 225.00 THEN class = {16.83} [13.96, 19.71], (p=185, n=127, P=583, N=572)
2026-04-14 12:39:45,708 - INFO - Iteracja 2: condition_best: Temperature <= 265.00, quality_best: 0.174, coverage_best: (p=171, n=97, P=583, N=572)
2026-04-14 12:39:45,708 - INFO - Regula po iteracji 2: IF Strength <= 30.75 AND Temperature >= 225.00 AND Temperature <= 265.00 THEN class = {16.43} [13.55, 19.31], (p=171, n=97, P=583, N=572)
2026-04-14 12:39:45,718 - INFO - Iteracja 3: condition_best: Strength >= 24.95, quality_best: 0.244, coverage_best: (p=132, n=56, P=583, N=572)
2026-04-14 12:39:45,718 - INFO - Regula po iteracji 3: IF Strength <= 30.75 AND Temperature >= 225.00 AND Temperature <= 265.00 AND Strength >= 24.95 THEN class = {15.48} [12.71, 18.25], (p=132, n=56, P=583, N=572)
2026-04-14 12:39:45,723 - INFO - Iteracja 4: condition_best: Temperature <= 245.00, quality_best: 0.258, coverage_best: (p=74, n=27, P=585, N=570)
2026-04-14 12:39:45,723 - INFO - Regula po iteracji 4: IF Strength <= 30.75 AND Temperature >= 225.00 AND Temperature <= 265.00 AND Strength >= 24.95 AND Temperature <= 245.00 THEN class = {14.18} [11.63, 16.73], (p=74, n=27, P=585, N=570)
2026-04-14 12:39:45,723 - INFO - *******STOP GROWING CR RULE*******
2026-04-14 12:39:45,725 - INFO - *******GROWING CR RULE*******
2026-04-14 12:39:45,774 - INFO - Iteracja 0: condition_best: Strength <= 30.75, quality_best: 0.083, coverage_best: (p=347, n=277, P=583, N=572)
2026-04-14 12:39:45,774 - INFO - Regula po iteracji 0: IF Strength <= 30.75 THEN class = {15.89} [12.63, 19.15], (p=347, n=277, P=583, N=572)
2026-04-14 12:39:45,795 - INFO - Iteracja 1: condition_best: Temperature <= 265.00, quality_best: 0.11, coverage_best: (p=333, n=247, P=583, N=572)
2026-04-14 12:39:45,795 - INFO - Regula po iteracji 1: IF Strength <= 30.75 AND Temperature <= 265.00 THEN class = {15.64} [12.41, 18.86], (p=333, n=247, P=583, N=572)
2026-04-14 12:39:45,815 - INFO - Iteracja 2: condition_best: Strength >= 28.25, quality_best: 0.163, coverage_best: (p=74, n=40, P=585, N=570)
2026-04-14 12:39:45,815 - INFO - Regula po iteracji 2: IF Strength <= 30.75 AND Temperature <= 265.00 AND Strength >= 28.25 THEN class = {13.77} [10.96, 16.58], (p=74, n=40, P=585, N=570)
2026-04-14 12:39:45,818 - INFO - Iteracja 3: condition_best: Temperature <= 245.00, quality_best: 0.425, coverage_best: (p=57, n=7, P=593, N=562)
2026-04-14 12:39:45,818 - INFO - Regula po iteracji 3: IF Strength <= 30.75 AND Temperature <= 265.00 AND Strength >= 28.25 AND Temperature <= 245.00 THEN class = {12.09} [9.96, 14.23], (p=57, n=7, P=593, N=562)
2026-04-14 12:39:45,821 - INFO - Iteracja 4: condition_best: Strength >= 28.35, quality_best: 0.422, coverage_best: (p=56, n=7, P=593, N=562)
2026-04-14 12:39:45,821 - INFO - Regula po iteracji 4: IF Strength <= 30.75 AND Temperature <= 265.00 AND Strength >= 28.25 AND Temperature <= 245.00 AND Strength >= 28.35 THEN class = {12.06} [9.93, 14.20], (p=56, n=7, P=593, N=562)
2026-04-14 12:39:45,821 - INFO - *******STOP GROWING CR RULE*******
2026-04-14 12:39:45,822 - INFO - *******GROWING CR RULE*******
2026-04-14 12:39:45,871 - INFO - Iteracja 0: condition_best: Strength >= 32.55, quality_best: 0.082, coverage_best: (p=250, n=194, P=585, N=570)
2026-04-14 12:39:45,872 - INFO - Regula po iteracji 0: IF Strength >= 32.55 THEN class = {13.52} [10.43, 16.61], (p=250, n=194, P=585, N=570)
2026-04-14 12:39:45,887 - INFO - Iteracja 1: condition_best: Temperature <= 275.00, quality_best: 0.46, coverage_best: (p=149, n=22, P=593, N=562)
2026-04-14 12:39:45,887 - INFO - Regula po iteracji 1: IF Strength >= 32.55 AND Temperature <= 275.00 THEN class = {12.15} [9.86, 14.44], (p=149, n=22, P=593, N=562)
2026-04-14 12:39:45,894 - INFO - Iteracja 2: condition_best: Strength >= 32.75, quality_best: 0.482, coverage_best: (p=136, n=16, P=593, N=562)
2026-04-14 12:39:45,894 - INFO - Regula po iteracji 2: IF Strength >= 32.55 AND Temperature <= 275.00 AND Strength >= 32.75 THEN class = {11.95} [9.80, 14.10], (p=136, n=16, P=593, N=562)
2026-04-14 12:39:45,900 - INFO - Iteracja 3: condition_best: Strength <= 42.60, quality_best: 0.48, coverage_best: (p=135, n=16, P=593, N=562)
2026-04-14 12:39:45,900 - INFO - Regula po iteracji 3: IF Strength >= 32.55 AND Temperature <= 275.00 AND Strength >= 32.75 AND Strength <= 42.60 THEN class = {11.96} [9.81, 14.11], (p=135, n=16, P=593, N=562)
2026-04-14 12:39:45,907 - INFO - Iteracja 4: condition_best: Strength <= 42.15, quality_best: 0.479, coverage_best: (p=134, n=16, P=593, N=562)
2026-04-14 12:39:45,907 - INFO - Regula po iteracji 4: IF Strength >= 32.55 AND Temperature <= 275.00 AND Strength >= 32.75 AND Strength <= 42.60 AND Strength <= 42.15 THEN class = {11.97} [9.82, 14.13], (p=134, n=16, P=593, N=562)
2026-04-14 12:39:45,907 - INFO - *******STOP GROWING CR RULE*******
2026-04-14 12:39:45,908 - INFO - *******GROWING CR RULE*******
2026-04-14 12:39:45,958 - INFO - Iteracja 0: condition_best: Strength >= 32.55, quality_best: 0.082, coverage_best: (p=250, n=194, P=585, N=570)
2026-04-14 12:39:45,958 - INFO - Regula po iteracji 0: IF Strength >= 32.55 THEN class = {13.52} [10.43, 16.61], (p=250, n=194, P=585, N=570)
2026-04-14 12:39:45,973 - INFO - Iteracja 1: condition_best: Temperature <= 275.00, quality_best: 0.46, coverage_best: (p=149, n=22, P=593, N=562)
2026-04-14 12:39:45,973 - INFO - Regula po iteracji 1: IF Strength >= 32.55 AND Temperature <= 275.00 THEN class = {12.15} [9.86, 14.44], (p=149, n=22, P=593, N=562)
2026-04-14 12:39:45,980 - INFO - Iteracja 2: condition_best: Strength >= 32.65, quality_best: 0.464, coverage_best: (p=143, n=20, P=593, N=562)
2026-04-14 12:39:45,980 - INFO - Regula po iteracji 2: IF Strength >= 32.55 AND Temperature <= 275.00 AND Strength >= 32.65 THEN class = {12.11} [9.83, 14.39], (p=143, n=20, P=593, N=562)
2026-04-14 12:39:45,986 - INFO - Iteracja 3: condition_best: Strength <= 42.60, quality_best: 0.462, coverage_best: (p=142, n=20, P=593, N=562)
2026-04-14 12:39:45,986 - INFO - Regula po iteracji 3: IF Strength >= 32.55 AND Temperature <= 275.00 AND Strength >= 32.65 AND Strength <= 42.60 THEN class = {12.12} [9.84, 14.41], (p=142, n=20, P=593, N=562)
2026-04-14 12:39:45,993 - INFO - Iteracja 4: condition_best: Strength <= 42.15, quality_best: 0.461, coverage_best: (p=141, n=20, P=593, N=562)
2026-04-14 12:39:45,993 - INFO - Regula po iteracji 4: IF Strength >= 32.55 AND Temperature <= 275.00 AND Strength >= 32.65 AND Strength <= 42.60 AND Strength <= 42.15 THEN class = {12.14} [9.85, 14.42], (p=141, n=20, P=593, N=562)
2026-04-14 12:39:45,993 - INFO - *******STOP GROWING CR RULE*******
2026-04-14 12:39:45,994 - INFO - *******GROWING CR RULE*******
2026-04-14 12:39:46,044 - INFO - Iteracja 0: condition_best: Strength >= 32.55, quality_best: 0.082, coverage_best: (p=250, n=194, P=585, N=570)
2026-04-14 12:39:46,044 - INFO - Regula po iteracji 0: IF Strength >= 32.55 THEN class = {13.52} [10.43, 16.61], (p=250, n=194, P=585, N=570)
2026-04-14 12:39:46,059 - INFO - Iteracja 1: condition_best: Temperature <= 275.00, quality_best: 0.46, coverage_best: (p=149, n=22, P=593, N=562)
2026-04-14 12:39:46,060 - INFO - Regula po iteracji 1: IF Strength >= 32.55 AND Temperature <= 275.00 THEN class = {12.15} [9.86, 14.44], (p=149, n=22, P=593, N=562)
2026-04-14 12:39:46,066 - INFO - Iteracja 2: condition_best: Strength <= 42.60, quality_best: 0.459, coverage_best: (p=148, n=22, P=593, N=562)
2026-04-14 12:39:46,066 - INFO - Regula po iteracji 2: IF Strength >= 32.55 AND Temperature <= 275.00 AND Strength <= 42.60 THEN class = {12.16} [9.87, 14.45], (p=148, n=22, P=593, N=562)
2026-04-14 12:39:46,073 - INFO - Iteracja 3: condition_best: Strength <= 42.15, quality_best: 0.457, coverage_best: (p=147, n=22, P=593, N=562)
2026-04-14 12:39:46,073 - INFO - Regula po iteracji 3: IF Strength >= 32.55 AND Temperature <= 275.00 AND Strength <= 42.60 AND Strength <= 42.15 THEN class = {12.18} [9.89, 14.47], (p=147, n=22, P=593, N=562)
2026-04-14 12:39:46,080 - INFO - Iteracja 4: condition_best: Strength <= 41.40, quality_best: 0.455, coverage_best: (p=146, n=22, P=593, N=562)
2026-04-14 12:39:46,080 - INFO - Regula po iteracji 4: IF Strength >= 32.55 AND Temperature <= 275.00 AND Strength <= 42.60 AND Strength <= 42.15 AND Strength <= 41.40 THEN class = {12.19} [9.90, 14.48], (p=146, n=22, P=593, N=562)
2026-04-14 12:39:46,080 - INFO - *******STOP GROWING CR RULE*******
2026-04-14 12:39:46,081 - INFO - *******GROWING CR RULE*******
2026-04-14 12:39:46,133 - INFO - Iteracja 0: condition_best: Strength >= 32.55, quality_best: 0.082, coverage_best: (p=250, n=194, P=585, N=570)
2026-04-14 12:39:46,133 - INFO - Regula po iteracji 0: IF Strength >= 32.55 THEN class = {13.52} [10.43, 16.61], (p=250, n=194, P=585, N=570)
2026-04-14 12:39:46,148 - INFO - Iteracja 1: condition_best: Temperature <= 285.00, quality_best: 0.129, coverage_best: (p=117, n=133, P=388, N=767)
2026-04-14 12:39:46,148 - INFO - Regula po iteracji 1: IF Strength >= 32.55 AND Temperature <= 285.00 THEN class = {12.63} [10.08, 15.18], (p=117, n=133, P=388, N=767)
2026-04-14 12:39:46,157 - INFO - Iteracja 2: condition_best: Strength <= 36.45, quality_best: 0.177, coverage_best: (p=99, n=52, P=585, N=570)
2026-04-14 12:39:46,157 - INFO - Regula po iteracji 2: IF Strength >= 32.55 AND Temperature <= 285.00 AND Strength <= 36.45 THEN class = {13.44} [10.75, 16.14], (p=99, n=52, P=585, N=570)
2026-04-14 12:39:46,161 - INFO - Iteracja 3: condition_best: Temperature >= 255.00, quality_best: 0.278, coverage_best: (p=80, n=27, P=585, N=570)
2026-04-14 12:39:46,161 - INFO - Regula po iteracji 3: IF Strength >= 32.55 AND Temperature <= 285.00 AND Strength <= 36.45 AND Temperature >= 255.00 THEN class = {14.37} [11.87, 16.88], (p=80, n=27, P=585, N=570)
2026-04-14 12:39:46,165 - INFO - Iteracja 4: condition_best: Strength <= 33.40, quality_best: 0.299, coverage_best: (p=19, n=5, P=583, N=572)
2026-04-14 12:39:46,165 - INFO - Regula po iteracji 4: IF Strength >= 32.55 AND Temperature <= 285.00 AND Strength <= 36.45 AND Temperature >= 255.00 AND Strength <= 33.40 THEN class = {15.83} [13.53, 18.14], (p=19, n=5, P=583, N=572)
2026-04-14 12:39:46,165 - INFO - *******STOP GROWING CR RULE*******
2026-04-14 12:39:46,166 - INFO - *******GROWING CR RULE*******
2026-04-14 12:39:46,215 - INFO - Iteracja 0: condition_best: Strength >= 32.55, quality_best: 0.082, coverage_best: (p=250, n=194, P=585, N=570)
2026-04-14 12:39:46,215 - INFO - Regula po iteracji 0: IF Strength >= 32.55 THEN class = {13.52} [10.43, 16.61], (p=250, n=194, P=585, N=570)
2026-04-14 12:39:46,230 - INFO - Iteracja 1: condition_best: Strength <= 42.25, quality_best: 0.121, coverage_best: (p=231, n=159, P=585, N=570)
2026-04-14 12:39:46,230 - INFO - Regula po iteracji 1: IF Strength >= 32.55 AND Strength <= 42.25 THEN class = {13.87} [10.78, 16.96], (p=231, n=159, P=585, N=570)
2026-04-14 12:39:46,241 - INFO - Iteracja 2: condition_best: Temperature >= 265.00, quality_best: 0.162, coverage_best: (p=181, n=107, P=585, N=570)
2026-04-14 12:39:46,241 - INFO - Regula po iteracji 2: IF Strength >= 32.55 AND Strength <= 42.25 AND Temperature >= 265.00 THEN class = {14.70} [11.69, 17.71], (p=181, n=107, P=585, N=570)
2026-04-14 12:39:46,250 - INFO - Iteracja 3: condition_best: Strength <= 36.75, quality_best: 0.224, coverage_best: (p=98, n=43, P=583, N=572)
2026-04-14 12:39:46,250 - INFO - Regula po iteracji 3: IF Strength >= 32.55 AND Strength <= 42.25 AND Temperature >= 265.00 AND Strength <= 36.75 THEN class = {16.38} [13.79, 18.98], (p=98, n=43, P=583, N=572)
2026-04-14 12:39:46,254 - INFO - Iteracja 4: condition_best: Strength <= 34.25, quality_best: 0.218, coverage_best: (p=30, n=20, P=379, N=776)
2026-04-14 12:39:46,254 - INFO - Regula po iteracji 4: IF Strength >= 32.55 AND Strength <= 42.25 AND Temperature >= 265.00 AND Strength <= 36.75 AND Strength <= 34.25 THEN class = {17.48} [15.49, 19.47], (p=30, n=20, P=379, N=776)
2026-04-14 12:39:46,254 - INFO - *******STOP GROWING CR RULE*******
2026-04-14 12:39:46,255 - INFO - *******GROWING CR RULE*******
2026-04-14 12:39:46,304 - INFO - Iteracja 0: condition_best: Strength <= 30.90, quality_best: 0.081, coverage_best: (p=349, n=280, P=583, N=572)
2026-04-14 12:39:46,304 - INFO - Regula po iteracji 0: IF Strength <= 30.90 THEN class = {15.88} [12.62, 19.15], (p=349, n=280, P=583, N=572)
2026-04-14 12:39:46,325 - INFO - Iteracja 1: condition_best: Temperature >= 225.00, quality_best: 0.114, coverage_best: (p=187, n=130, P=583, N=572)
2026-04-14 12:39:46,325 - INFO - Regula po iteracji 1: IF Strength <= 30.90 AND Temperature >= 225.00 THEN class = {16.79} [13.89, 19.70], (p=187, n=130, P=583, N=572)
2026-04-14 12:39:46,336 - INFO - Iteracja 2: condition_best: Strength >= 24.95, quality_best: 0.152, coverage_best: (p=148, n=89, P=583, N=572)
2026-04-14 12:39:46,336 - INFO - Regula po iteracji 2: IF Strength <= 30.90 AND Temperature >= 225.00 AND Strength >= 24.95 THEN class = {16.16} [13.19, 19.13], (p=148, n=89, P=583, N=572)
2026-04-14 12:39:46,342 - INFO - Iteracja 3: condition_best: Temperature <= 285.00, quality_best: 0.158, coverage_best: (p=148, n=87, P=583, N=572)
2026-04-14 12:39:46,342 - INFO - Regula po iteracji 3: IF Strength <= 30.90 AND Temperature >= 225.00 AND Strength >= 24.95 AND Temperature <= 285.00 THEN class = {16.13} [13.17, 19.09], (p=148, n=87, P=583, N=572)
2026-04-14 12:39:46,349 - INFO - Iteracja 4: condition_best: Strength >= 25.25, quality_best: 0.152, coverage_best: (p=145, n=87, P=583, N=572)
2026-04-14 12:39:46,349 - INFO - Regula po iteracji 4: IF Strength <= 30.90 AND Temperature >= 225.00 AND Strength >= 24.95 AND Temperature <= 285.00 AND Strength >= 25.25 THEN class = {16.13} [13.16, 19.10], (p=145, n=87, P=583, N=572)
2026-04-14 12:39:46,349 - INFO - *******STOP GROWING CR RULE*******
2026-04-14 12:39:46,350 - INFO - *******GROWING CR RULE*******
2026-04-14 12:39:46,398 - INFO - Iteracja 0: condition_best: Strength >= 32.25, quality_best: 0.079, coverage_best: (p=259, n=203, P=585, N=570)
2026-04-14 12:39:46,398 - INFO - Regula po iteracji 0: IF Strength >= 32.25 THEN class = {13.56} [10.45, 16.67], (p=259, n=203, P=585, N=570)
2026-04-14 12:39:46,414 - INFO - Iteracja 1: condition_best: Temperature <= 275.00, quality_best: 0.451, coverage_best: (p=159, n=26, P=593, N=562)
2026-04-14 12:39:46,414 - INFO - Regula po iteracji 1: IF Strength >= 32.25 AND Temperature <= 275.00 THEN class = {12.25} [9.87, 14.63], (p=159, n=26, P=593, N=562)
2026-04-14 12:39:46,422 - INFO - Iteracja 2: condition_best: Strength >= 32.35, quality_best: 0.452, coverage_best: (p=156, n=25, P=593, N=562)
2026-04-14 12:39:46,422 - INFO - Regula po iteracji 2: IF Strength >= 32.25 AND Temperature <= 275.00 AND Strength >= 32.35 THEN class = {12.23} [9.85, 14.61], (p=156, n=25, P=593, N=562)
2026-04-14 12:39:46,429 - INFO - Iteracja 3: condition_best: Strength <= 42.60, quality_best: 0.451, coverage_best: (p=155, n=25, P=593, N=562)
2026-04-14 12:39:46,429 - INFO - Regula po iteracji 3: IF Strength >= 32.25 AND Temperature <= 275.00 AND Strength >= 32.35 AND Strength <= 42.60 THEN class = {12.24} [9.86, 14.63], (p=155, n=25, P=593, N=562)
2026-04-14 12:39:46,436 - INFO - Iteracja 4: condition_best: Strength <= 42.15, quality_best: 0.449, coverage_best: (p=154, n=25, P=593, N=562)
2026-04-14 12:39:46,436 - INFO - Regula po iteracji 4: IF Strength >= 32.25 AND Temperature <= 275.00 AND Strength >= 32.35 AND Strength <= 42.60 AND Strength <= 42.15 THEN class = {12.26} [9.87, 14.64], (p=154, n=25, P=593, N=562)
2026-04-14 12:39:46,436 - INFO - *******STOP GROWING CR RULE*******
2026-04-14 12:39:46,437 - INFO - *******GROWING CR RULE*******
2026-04-14 12:39:46,487 - INFO - Iteracja 0: condition_best: Strength >= 32.25, quality_best: 0.079, coverage_best: (p=259, n=203, P=585, N=570)
2026-04-14 12:39:46,488 - INFO - Regula po iteracji 0: IF Strength >= 32.25 THEN class = {13.56} [10.45, 16.67], (p=259, n=203, P=585, N=570)
2026-04-14 12:39:46,503 - INFO - Iteracja 1: condition_best: Temperature <= 285.00, quality_best: 0.124, coverage_best: (p=123, n=144, P=388, N=767)
2026-04-14 12:39:46,503 - INFO - Regula po iteracji 1: IF Strength >= 32.25 AND Temperature <= 285.00 THEN class = {12.73} [10.10, 15.37], (p=123, n=144, P=388, N=767)
2026-04-14 12:39:46,513 - INFO - Iteracja 2: condition_best: Strength <= 32.45, quality_best: 0.164, coverage_best: (p=6, n=3, P=585, N=570)
2026-04-14 12:39:46,513 - INFO - Regula po iteracji 2: IF Strength >= 32.25 AND Temperature <= 285.00 AND Strength <= 32.45 THEN class = {13.56} [10.93, 16.18], (p=6, n=3, P=585, N=570)
2026-04-14 12:39:46,514 - INFO - Iteracja 3: condition_best: Temperature >= 245.00, quality_best: 0.249, coverage_best: (p=6, n=2, P=585, N=570)
2026-04-14 12:39:46,514 - INFO - Regula po iteracji 3: IF Strength >= 32.25 AND Temperature <= 285.00 AND Strength <= 32.45 AND Temperature >= 245.00 THEN class = {14.00} [11.55, 16.45], (p=6, n=2, P=585, N=570)
2026-04-14 12:39:46,514 - INFO - Iteracja 4: condition_best: None, quality_best: -inf, coverage_best: (p=0, n=0, P=0, N=0)
2026-04-14 12:39:46,514 - INFO - Regula po iteracji 4: IF Strength >= 32.25 AND Temperature <= 285.00 AND Strength <= 32.45 AND Temperature >= 245.00 THEN class = {14.00} [11.55, 16.45], (p=6, n=2, P=585, N=570)
2026-04-14 12:39:46,514 - INFO - *******STOP GROWING CR RULE*******
2026-04-14 12:39:46,515 - INFO - *******GROWING CR RULE*******
2026-04-14 12:39:46,564 - INFO - Iteracja 0: condition_best: Strength <= 32.00, quality_best: 0.079, coverage_best: (p=369, n=299, P=583, N=572)
2026-04-14 12:39:46,564 - INFO - Regula po iteracji 0: IF Strength <= 32.00 THEN class = {15.81} [12.52, 19.09], (p=369, n=299, P=583, N=572)
2026-04-14 12:39:46,588 - INFO - Iteracja 1: condition_best: Temperature >= 265.00, quality_best: 0.485, coverage_best: (p=52, n=6, P=365, N=790)
2026-04-14 12:39:46,588 - INFO - Regula po iteracji 1: IF Strength <= 32.00 AND Temperature >= 265.00 THEN class = {19.03} [17.68, 20.39], (p=52, n=6, P=365, N=790)
2026-04-14 12:39:46,591 - INFO - Iteracja 2: condition_best: Strength <= 31.60, quality_best: 0.505, coverage_best: (p=49, n=4, P=365, N=790)
2026-04-14 12:39:46,591 - INFO - Regula po iteracji 2: IF Strength <= 32.00 AND Temperature >= 265.00 AND Strength <= 31.60 THEN class = {19.13} [17.87, 20.39], (p=49, n=4, P=365, N=790)
2026-04-14 12:39:46,594 - INFO - Iteracja 3: condition_best: Strength >= 26.55, quality_best: 0.502, coverage_best: (p=48, n=4, P=365, N=790)
2026-04-14 12:39:46,594 - INFO - Regula po iteracji 3: IF Strength <= 32.00 AND Temperature >= 265.00 AND Strength <= 31.60 AND Strength >= 26.55 THEN class = {19.12} [17.85, 20.38], (p=48, n=4, P=365, N=790)
2026-04-14 12:39:46,597 - INFO - Iteracja 4: condition_best: Strength >= 27.10, quality_best: 0.497, coverage_best: (p=46, n=4, P=365, N=790)
2026-04-14 12:39:46,597 - INFO - Regula po iteracji 4: IF Strength <= 32.00 AND Temperature >= 265.00 AND Strength <= 31.60 AND Strength >= 26.55 AND Strength >= 27.10 THEN class = {19.08} [17.80, 20.36], (p=46, n=4, P=365, N=790)
2026-04-14 12:39:46,597 - INFO - *******STOP GROWING CR RULE*******
2026-04-14 12:39:46,598 - INFO - *******GROWING CR RULE*******
2026-04-14 12:39:46,647 - INFO - Iteracja 0: condition_best: Strength <= 32.00, quality_best: 0.079, coverage_best: (p=369, n=299, P=583, N=572)
2026-04-14 12:39:46,647 - INFO - Regula po iteracji 0: IF Strength <= 32.00 THEN class = {15.81} [12.52, 19.09], (p=369, n=299, P=583, N=572)
2026-04-14 12:39:46,671 - INFO - Iteracja 1: condition_best: Temperature >= 265.00, quality_best: 0.485, coverage_best: (p=52, n=6, P=365, N=790)
2026-04-14 12:39:46,671 - INFO - Regula po iteracji 1: IF Strength <= 32.00 AND Temperature >= 265.00 THEN class = {19.03} [17.68, 20.39], (p=52, n=6, P=365, N=790)
2026-04-14 12:39:46,675 - INFO - Iteracja 2: condition_best: Strength >= 26.55, quality_best: 0.482, coverage_best: (p=51, n=6, P=365, N=790)
2026-04-14 12:39:46,675 - INFO - Regula po iteracji 2: IF Strength <= 32.00 AND Temperature >= 265.00 AND Strength >= 26.55 THEN class = {19.02} [17.66, 20.37], (p=51, n=6, P=365, N=790)
2026-04-14 12:39:46,678 - INFO - Iteracja 3: condition_best: Strength >= 27.10, quality_best: 0.477, coverage_best: (p=49, n=6, P=365, N=790)
2026-04-14 12:39:46,678 - INFO - Regula po iteracji 3: IF Strength <= 32.00 AND Temperature >= 265.00 AND Strength >= 26.55 AND Strength >= 27.10 THEN class = {18.98} [17.61, 20.35], (p=49, n=6, P=365, N=790)
2026-04-14 12:39:46,681 - INFO - Iteracja 4: condition_best: Strength >= 27.60, quality_best: 0.474, coverage_best: (p=48, n=6, P=365, N=790)
2026-04-14 12:39:46,681 - INFO - Regula po iteracji 4: IF Strength <= 32.00 AND Temperature >= 265.00 AND Strength >= 26.55 AND Strength >= 27.10 AND Strength >= 27.60 THEN class = {18.96} [17.59, 20.34], (p=48, n=6, P=365, N=790)
2026-04-14 12:39:46,681 - INFO - *******STOP GROWING CR RULE*******
2026-04-14 12:39:46,682 - INFO - *******GROWING CR RULE*******
2026-04-14 12:39:46,730 - INFO - Iteracja 0: condition_best: Strength <= 32.00, quality_best: 0.079, coverage_best: (p=369, n=299, P=583, N=572)
2026-04-14 12:39:46,730 - INFO - Regula po iteracji 0: IF Strength <= 32.00 THEN class = {15.81} [12.52, 19.09], (p=369, n=299, P=583, N=572)
2026-04-14 12:39:46,754 - INFO - Iteracja 1: condition_best: Temperature >= 255.00, quality_best: 0.372, coverage_best: (p=80, n=29, P=365, N=790)
2026-04-14 12:39:46,754 - INFO - Regula po iteracji 1: IF Strength <= 32.00 AND Temperature >= 255.00 THEN class = {18.29} [16.42, 20.17], (p=80, n=29, P=365, N=790)
2026-04-14 12:39:46,758 - INFO - Iteracja 2: condition_best: Strength <= 31.60, quality_best: 0.392, coverage_best: (p=76, n=24, P=365, N=790)
2026-04-14 12:39:46,758 - INFO - Regula po iteracji 2: IF Strength <= 32.00 AND Temperature >= 255.00 AND Strength <= 31.60 THEN class = {18.42} [16.62, 20.22], (p=76, n=24, P=365, N=790)
2026-04-14 12:39:46,763 - INFO - Iteracja 3: condition_best: Strength >= 25.20, quality_best: 0.386, coverage_best: (p=74, n=24, P=365, N=790)
2026-04-14 12:39:46,763 - INFO - Regula po iteracji 3: IF Strength <= 32.00 AND Temperature >= 255.00 AND Strength <= 31.60 AND Strength >= 25.20 THEN class = {18.39} [16.59, 20.19], (p=74, n=24, P=365, N=790)
2026-04-14 12:39:46,767 - INFO - Iteracja 4: condition_best: Strength >= 25.95, quality_best: 0.383, coverage_best: (p=73, n=24, P=365, N=790)
2026-04-14 12:39:46,767 - INFO - Regula po iteracji 4: IF Strength <= 32.00 AND Temperature >= 255.00 AND Strength <= 31.60 AND Strength >= 25.20 AND Strength >= 25.95 THEN class = {18.37} [16.57, 20.17], (p=73, n=24, P=365, N=790)
2026-04-14 12:39:46,767 - INFO - *******STOP GROWING CR RULE*******
2026-04-14 12:39:46,768 - INFO - *******GROWING CR RULE*******
2026-04-14 12:39:46,816 - INFO - Iteracja 0: condition_best: Strength <= 32.00, quality_best: 0.079, coverage_best: (p=369, n=299, P=583, N=572)
2026-04-14 12:39:46,816 - INFO - Regula po iteracji 0: IF Strength <= 32.00 THEN class = {15.81} [12.52, 19.09], (p=369, n=299, P=583, N=572)
2026-04-14 12:39:46,839 - INFO - Iteracja 1: condition_best: Temperature >= 245.00, quality_best: 0.124, coverage_best: (p=81, n=93, P=379, N=776)
2026-04-14 12:39:46,839 - INFO - Regula po iteracji 1: IF Strength <= 32.00 AND Temperature >= 245.00 THEN class = {17.67} [15.35, 19.99], (p=81, n=93, P=379, N=776)
2026-04-14 12:39:46,846 - INFO - Iteracja 2: condition_best: Strength <= 31.85, quality_best: 0.451, coverage_best: (p=146, n=25, P=562, N=593)
2026-04-14 12:39:46,846 - INFO - Regula po iteracji 2: IF Strength <= 32.00 AND Temperature >= 245.00 AND Strength <= 31.85 THEN class = {17.70} [15.38, 20.02], (p=146, n=25, P=562, N=593)
2026-04-14 12:39:46,852 - INFO - Iteracja 3: condition_best: Strength >= 22.55, quality_best: 0.449, coverage_best: (p=145, n=25, P=562, N=593)
2026-04-14 12:39:46,852 - INFO - Regula po iteracji 3: IF Strength <= 32.00 AND Temperature >= 245.00 AND Strength <= 31.85 AND Strength >= 22.55 THEN class = {17.68} [15.36, 20.00], (p=145, n=25, P=562, N=593)
2026-04-14 12:39:46,859 - INFO - Iteracja 4: condition_best: Strength >= 31.25, quality_best: 0.207, coverage_best: (p=12, n=5, P=583, N=572)
2026-04-14 12:39:46,859 - INFO - Regula po iteracji 4: IF Strength <= 32.00 AND Temperature >= 245.00 AND Strength <= 31.85 AND Strength >= 22.55 AND Strength >= 31.25 THEN class = {16.12} [13.60, 18.64], (p=12, n=5, P=583, N=572)
2026-04-14 12:39:46,859 - INFO - *******STOP GROWING CR RULE*******
2026-04-14 12:39:46,859 - INFO - *******GROWING CR RULE*******
2026-04-14 12:39:46,907 - INFO - Iteracja 0: condition_best: Strength <= 32.00, quality_best: 0.079, coverage_best: (p=369, n=299, P=583, N=572)
2026-04-14 12:39:46,907 - INFO - Regula po iteracji 0: IF Strength <= 32.00 THEN class = {15.81} [12.52, 19.09], (p=369, n=299, P=583, N=572)
2026-04-14 12:39:46,930 - INFO - Iteracja 1: condition_best: Temperature >= 235.00, quality_best: 0.118, coverage_best: (p=116, n=142, P=379, N=776)
2026-04-14 12:39:46,931 - INFO - Regula po iteracji 1: IF Strength <= 32.00 AND Temperature >= 235.00 THEN class = {17.05} [14.33, 19.78], (p=116, n=142, P=379, N=776)
2026-04-14 12:39:46,939 - INFO - Iteracja 2: condition_best: Temperature <= 265.00, quality_best: 0.186, coverage_best: (p=131, n=69, P=583, N=572)
2026-04-14 12:39:46,939 - INFO - Regula po iteracji 2: IF Strength <= 32.00 AND Temperature >= 235.00 AND Temperature <= 265.00 THEN class = {16.48} [13.73, 19.23], (p=131, n=69, P=583, N=572)
2026-04-14 12:39:46,948 - INFO - Iteracja 3: condition_best: Strength >= 29.40, quality_best: 0.293, coverage_best: (p=54, n=16, P=585, N=570)
2026-04-14 12:39:46,948 - INFO - Regula po iteracji 3: IF Strength <= 32.00 AND Temperature >= 235.00 AND Temperature <= 265.00 AND Strength >= 29.40 THEN class = {14.40} [11.97, 16.83], (p=54, n=16, P=585, N=570)
2026-04-14 12:39:46,950 - INFO - Iteracja 4: condition_best: Strength <= 31.75, quality_best: 0.293, coverage_best: (p=51, n=15, P=585, N=570)
2026-04-14 12:39:46,950 - INFO - Regula po iteracji 4: IF Strength <= 32.00 AND Temperature >= 235.00 AND Temperature <= 265.00 AND Strength >= 29.40 AND Strength <= 31.75 THEN class = {14.33} [11.88, 16.78], (p=51, n=15, P=585, N=570)
2026-04-14 12:39:46,950 - INFO - *******STOP GROWING CR RULE*******
2026-04-14 12:39:46,951 - INFO - *******GROWING CR RULE*******
2026-04-14 12:39:46,998 - INFO - Iteracja 0: condition_best: Strength <= 32.00, quality_best: 0.079, coverage_best: (p=369, n=299, P=583, N=572)
2026-04-14 12:39:46,998 - INFO - Regula po iteracji 0: IF Strength <= 32.00 THEN class = {15.81} [12.52, 19.09], (p=369, n=299, P=583, N=572)
2026-04-14 12:39:47,021 - INFO - Iteracja 1: condition_best: Temperature >= 225.00, quality_best: 0.109, coverage_best: (p=207, n=147, P=583, N=572)
2026-04-14 12:39:47,021 - INFO - Regula po iteracji 1: IF Strength <= 32.00 AND Temperature >= 225.00 THEN class = {16.59} [13.57, 19.60], (p=207, n=147, P=583, N=572)
2026-04-14 12:39:47,033 - INFO - Iteracja 2: condition_best: Temperature <= 265.00, quality_best: 0.16, coverage_best: (p=185, n=111, P=583, N=572)
2026-04-14 12:39:47,033 - INFO - Regula po iteracji 2: IF Strength <= 32.00 AND Temperature >= 225.00 AND Temperature <= 265.00 THEN class = {16.11} [13.09, 19.12], (p=185, n=111, P=583, N=572)
2026-04-14 12:39:47,044 - INFO - Iteracja 3: condition_best: Strength >= 28.25, quality_best: 0.221, coverage_best: (p=87, n=38, P=585, N=570)
2026-04-14 12:39:47,044 - INFO - Regula po iteracji 3: IF Strength <= 32.00 AND Temperature >= 225.00 AND Temperature <= 265.00 AND Strength >= 28.25 THEN class = {14.02} [11.33, 16.70], (p=87, n=38, P=585, N=570)
2026-04-14 12:39:47,048 - INFO - Iteracja 4: condition_best: Strength >= 28.55, quality_best: 0.218, coverage_best: (p=80, n=35, P=585, N=570)
2026-04-14 12:39:47,048 - INFO - Regula po iteracji 4: IF Strength <= 32.00 AND Temperature >= 225.00 AND Temperature <= 265.00 AND Strength >= 28.25 AND Strength >= 28.55 THEN class = {13.93} [11.27, 16.59], (p=80, n=35, P=585, N=570)
2026-04-14 12:39:47,048 - INFO - *******STOP GROWING CR RULE*******
2026-04-14 12:39:47,049 - INFO - *******GROWING CR RULE*******
2026-04-14 12:39:47,098 - INFO - Iteracja 0: condition_best: Strength <= 32.15, quality_best: 0.077, coverage_best: (p=371, n=302, P=583, N=572)
2026-04-14 12:39:47,098 - INFO - Regula po iteracji 0: IF Strength <= 32.15 THEN class = {15.79} [12.50, 19.09], (p=371, n=302, P=583, N=572)
2026-04-14 12:39:47,123 - INFO - Iteracja 1: condition_best: Temperature >= 225.00, quality_best: 0.106, coverage_best: (p=209, n=150, P=583, N=572)
2026-04-14 12:39:47,124 - INFO - Regula po iteracji 1: IF Strength <= 32.15 AND Temperature >= 225.00 THEN class = {16.56} [13.53, 19.59], (p=209, n=150, P=583, N=572)
2026-04-14 12:39:47,135 - INFO - Iteracja 2: condition_best: Strength >= 22.25, quality_best: 0.139, coverage_best: (p=201, n=130, P=583, N=572)
2026-04-14 12:39:47,136 - INFO - Regula po iteracji 2: IF Strength <= 32.15 AND Temperature >= 225.00 AND Strength >= 22.25 THEN class = {16.31} [13.29, 19.34], (p=201, n=130, P=583, N=572)
2026-04-14 12:39:47,145 - INFO - Iteracja 3: condition_best: Temperature <= 285.00, quality_best: 0.152, coverage_best: (p=201, n=125, P=583, N=572)
2026-04-14 12:39:47,145 - INFO - Regula po iteracji 3: IF Strength <= 32.15 AND Temperature >= 225.00 AND Strength >= 22.25 AND Temperature <= 285.00 THEN class = {16.26} [13.25, 19.27], (p=201, n=125, P=583, N=572)
2026-04-14 12:39:47,155 - INFO - Iteracja 4: condition_best: Strength >= 22.55, quality_best: 0.152, coverage_best: (p=198, n=123, P=583, N=572)
2026-04-14 12:39:47,155 - INFO - Regula po iteracji 4: IF Strength <= 32.15 AND Temperature >= 225.00 AND Strength >= 22.25 AND Temperature <= 285.00 AND Strength >= 22.55 THEN class = {16.22} [13.21, 19.24], (p=198, n=123, P=583, N=572)
2026-04-14 12:39:47,155 - INFO - *******STOP GROWING CR RULE*******
2026-04-14 12:39:47,156 - INFO - *******GROWING CR RULE*******
2026-04-14 12:39:47,204 - INFO - Iteracja 0: condition_best: Strength <= 32.35, quality_best: 0.076, coverage_best: (p=384, n=314, P=583, N=572)
2026-04-14 12:39:47,204 - INFO - Regula po iteracji 0: IF Strength <= 32.35 THEN class = {15.77} [12.47, 19.07], (p=384, n=314, P=583, N=572)
2026-04-14 12:39:47,228 - INFO - Iteracja 1: condition_best: Temperature >= 265.00, quality_best: 0.477, coverage_best: (p=62, n=9, P=365, N=790)
2026-04-14 12:39:47,228 - INFO - Regula po iteracji 1: IF Strength <= 32.35 AND Temperature >= 265.00 THEN class = {18.90} [17.49, 20.32], (p=62, n=9, P=365, N=790)
2026-04-14 12:39:47,231 - INFO - Iteracja 2: condition_best: Strength <= 32.25, quality_best: 0.485, coverage_best: (p=61, n=8, P=365, N=790)
2026-04-14 12:39:47,232 - INFO - Regula po iteracji 2: IF Strength <= 32.35 AND Temperature >= 265.00 AND Strength <= 32.25 THEN class = {18.96} [17.57, 20.34], (p=61, n=8, P=365, N=790)
2026-04-14 12:39:47,235 - INFO - Iteracja 3: condition_best: Strength >= 26.55, quality_best: 0.482, coverage_best: (p=60, n=8, P=365, N=790)
2026-04-14 12:39:47,235 - INFO - Regula po iteracji 3: IF Strength <= 32.35 AND Temperature >= 265.00 AND Strength <= 32.25 AND Strength >= 26.55 THEN class = {18.94} [17.55, 20.33], (p=60, n=8, P=365, N=790)
2026-04-14 12:39:47,238 - INFO - Iteracja 4: condition_best: Strength >= 27.10, quality_best: 0.477, coverage_best: (p=58, n=8, P=365, N=790)
2026-04-14 12:39:47,238 - INFO - Regula po iteracji 4: IF Strength <= 32.35 AND Temperature >= 265.00 AND Strength <= 32.25 AND Strength >= 26.55 AND Strength >= 27.10 THEN class = {18.91} [17.51, 20.31], (p=58, n=8, P=365, N=790)
2026-04-14 12:39:47,239 - INFO - *******STOP GROWING CR RULE*******
2026-04-14 12:39:47,239 - INFO - *******GROWING CR RULE*******
2026-04-14 12:39:47,286 - INFO - Iteracja 0: condition_best: Strength <= 32.35, quality_best: 0.076, coverage_best: (p=384, n=314, P=583, N=572)
2026-04-14 12:39:47,286 - INFO - Regula po iteracji 0: IF Strength <= 32.35 THEN class = {15.77} [12.47, 19.07], (p=384, n=314, P=583, N=572)
2026-04-14 12:39:47,310 - INFO - Iteracja 1: condition_best: Temperature >= 245.00, quality_best: 0.123, coverage_best: (p=91, n=106, P=379, N=776)
2026-04-14 12:39:47,310 - INFO - Regula po iteracji 1: IF Strength <= 32.35 AND Temperature >= 245.00 THEN class = {17.51} [15.11, 19.92], (p=91, n=106, P=379, N=776)
2026-04-14 12:39:47,317 - INFO - Iteracja 2: condition_best: Strength >= 31.25, quality_best: 0.205, coverage_best: (p=30, n=13, P=583, N=572)
2026-04-14 12:39:47,317 - INFO - Regula po iteracji 2: IF Strength <= 32.35 AND Temperature >= 245.00 AND Strength >= 31.25 THEN class = {16.23} [13.67, 18.79], (p=30, n=13, P=583, N=572)
2026-04-14 12:39:47,318 - INFO - Iteracja 3: condition_best: Temperature <= 285.00, quality_best: 0.302, coverage_best: (p=30, n=8, P=583, N=572)
2026-04-14 12:39:47,318 - INFO - Regula po iteracji 3: IF Strength <= 32.35 AND Temperature >= 245.00 AND Strength >= 31.25 AND Temperature <= 285.00 THEN class = {15.74} [13.43, 18.04], (p=30, n=8, P=583, N=572)
2026-04-14 12:39:47,320 - INFO - Iteracja 4: condition_best: Strength <= 32.25, quality_best: 0.306, coverage_best: (p=27, n=7, P=583, N=572)
2026-04-14 12:39:47,320 - INFO - Regula po iteracji 4: IF Strength <= 32.35 AND Temperature >= 245.00 AND Strength >= 31.25 AND Temperature <= 285.00 AND Strength <= 32.25 THEN class = {15.82} [13.53, 18.12], (p=27, n=7, P=583, N=572)
2026-04-14 12:39:47,320 - INFO - *******STOP GROWING CR RULE*******
2026-04-14 12:39:47,320 - INFO - *******GROWING CR RULE*******
2026-04-14 12:39:47,367 - INFO - Iteracja 0: condition_best: Strength <= 32.35, quality_best: 0.076, coverage_best: (p=384, n=314, P=583, N=572)
2026-04-14 12:39:47,367 - INFO - Regula po iteracji 0: IF Strength <= 32.35 THEN class = {15.77} [12.47, 19.07], (p=384, n=314, P=583, N=572)
2026-04-14 12:39:47,393 - INFO - Iteracja 1: condition_best: Temperature >= 225.00, quality_best: 0.102, coverage_best: (p=222, n=162, P=583, N=572)
2026-04-14 12:39:47,393 - INFO - Regula po iteracji 1: IF Strength <= 32.35 AND Temperature >= 225.00 THEN class = {16.46} [13.39, 19.54], (p=222, n=162, P=583, N=572)
2026-04-14 12:39:47,406 - INFO - Iteracja 2: condition_best: Temperature <= 265.00, quality_best: 0.146, coverage_best: (p=192, n=121, P=583, N=572)
2026-04-14 12:39:47,406 - INFO - Regula po iteracji 2: IF Strength <= 32.35 AND Temperature >= 225.00 AND Temperature <= 265.00 THEN class = {15.91} [12.83, 18.99], (p=192, n=121, P=583, N=572)
2026-04-14 12:39:47,417 - INFO - Iteracja 3: condition_best: Strength >= 28.25, quality_best: 0.226, coverage_best: (p=99, n=43, P=585, N=570)
2026-04-14 12:39:47,417 - INFO - Regula po iteracji 3: IF Strength <= 32.35 AND Temperature >= 225.00 AND Temperature <= 265.00 AND Strength >= 28.25 THEN class = {13.83} [11.17, 16.49], (p=99, n=43, P=585, N=570)
2026-04-14 12:39:47,421 - INFO - Iteracja 4: condition_best: Temperature <= 245.00, quality_best: 0.43, coverage_best: (p=59, n=7, P=593, N=562)
2026-04-14 12:39:47,421 - INFO - Regula po iteracji 4: IF Strength <= 32.35 AND Temperature >= 225.00 AND Temperature <= 265.00 AND Strength >= 28.25 AND Temperature <= 245.00 THEN class = {12.06} [9.94, 14.18], (p=59, n=7, P=593, N=562)
2026-04-14 12:39:47,421 - INFO - *******STOP GROWING CR RULE*******
2026-04-14 12:39:47,422 - INFO - *******GROWING CR RULE*******
2026-04-14 12:39:47,468 - INFO - Iteracja 0: condition_best: Strength <= 14.30, quality_best: 0.519, coverage_best: (p=7, n=0, P=183, N=972)
2026-04-14 12:39:47,468 - INFO - Regula po iteracji 0: IF Strength <= 14.30 THEN class = {20.00} [20.00, 20.00], (p=7, n=0, P=183, N=972)
2026-04-14 12:39:47,469 - INFO - Iteracja 1: condition_best: Strength >= 12.55, quality_best: 0.516, coverage_best: (p=6, n=0, P=183, N=972)
2026-04-14 12:39:47,469 - INFO - Regula po iteracji 1: IF Strength <= 14.30 AND Strength >= 12.55 THEN class = {20.00} [20.00, 20.00], (p=6, n=0, P=183, N=972)
2026-04-14 12:39:47,470 - INFO - Iteracja 2: condition_best: Strength >= 12.95, quality_best: 0.514, coverage_best: (p=5, n=0, P=183, N=972)
2026-04-14 12:39:47,470 - INFO - Regula po iteracji 2: IF Strength <= 14.30 AND Strength >= 12.55 AND Strength >= 12.95 THEN class = {20.00} [20.00, 20.00], (p=5, n=0, P=183, N=972)
2026-04-14 12:39:47,470 - INFO - Iteracja 3: condition_best: Strength >= 13.45, quality_best: 0.511, coverage_best: (p=4, n=0, P=183, N=972)
2026-04-14 12:39:47,470 - INFO - Regula po iteracji 3: IF Strength <= 14.30 AND Strength >= 12.55 AND Strength >= 12.95 AND Strength >= 13.45 THEN class = {20.00} [20.00, 20.00], (p=4, n=0, P=183, N=972)
2026-04-14 12:39:47,471 - INFO - Iteracja 4: condition_best: Strength >= 13.95, quality_best: 0.508, coverage_best: (p=3, n=0, P=183, N=972)
2026-04-14 12:39:47,471 - INFO - Regula po iteracji 4: IF Strength <= 14.30 AND Strength >= 12.55 AND Strength >= 12.95 AND Strength >= 13.45 AND Strength >= 13.95 THEN class = {20.00} [20.00, 20.00], (p=3, n=0, P=183, N=972)
2026-04-14 12:39:47,471 - INFO - *******STOP GROWING CR RULE*******
2026-04-14 12:39:47,519 - INFO - ************************Finished experiment for plastic.arff with algorithm_rer************************
2026-04-14 12:39:47,519 - INFO - *************************************************************************************************************************
2026-04-14 12:39:47,519 - INFO - *************************************************************************************************************************
2026-04-14 12:39:47,519 - INFO - *************************************************************************************************************************
2026-04-14 12:39:47,519 - INFO - **********Starting experiment for plastic.arff with algorithm_rer_with_exceptions**********
2026-04-14 12:39:47,531 - INFO - *******GROWING CR RULE*******
2026-04-14 12:39:47,607 - INFO - Iteracja 0: condition_best: Strength <= 14.30, quality_best: 0.519, coverage_best: (p=7, n=0, P=183, N=972)
2026-04-14 12:39:47,607 - INFO - Regula po iteracji 0: IF Strength <= 14.30 THEN class = {20.00} [20.00, 20.00], (p=7, n=0, P=183, N=972)
2026-04-14 12:39:47,607 - INFO - *****GROWING RR RULE*****
2026-04-14 12:39:47,692 - INFO - Iteracja 0: condition_best: None, quality_best: -inf, coverage_best: (p=0, n=0, P=0, N=0), p_value: 0
2026-04-14 12:39:47,692 - INFO - Regula po iteracji 0: IF  THEN class = {14.89} [11.49, 18.30], (p=767, n=388, P=767, N=388)
2026-04-14 12:39:47,693 - INFO - *****STOP GROWING RR RULE*****
2026-04-14 12:39:47,693 - INFO - ***RR NOT FOUND***
2026-04-14 12:39:47,693 - INFO - Iteracja 1: condition_best: Strength >= 12.55, quality_best: 0.516, coverage_best: (p=6, n=0, P=183, N=972)
2026-04-14 12:39:47,693 - INFO - Regula po iteracji 1: IF Strength <= 14.30 AND Strength >= 12.55 THEN class = {20.00} [20.00, 20.00], (p=6, n=0, P=183, N=972)
2026-04-14 12:39:47,694 - INFO - *****GROWING RR RULE*****
2026-04-14 12:39:47,779 - INFO - Iteracja 0: condition_best: None, quality_best: -inf, coverage_best: (p=0, n=0, P=0, N=0), p_value: 0
2026-04-14 12:39:47,779 - INFO - Regula po iteracji 0: IF  THEN class = {14.89} [11.49, 18.30], (p=767, n=388, P=767, N=388)
2026-04-14 12:39:47,779 - INFO - *****STOP GROWING RR RULE*****
2026-04-14 12:39:47,779 - INFO - ***RR NOT FOUND***
2026-04-14 12:39:47,780 - INFO - Iteracja 2: condition_best: Strength >= 12.95, quality_best: 0.514, coverage_best: (p=5, n=0, P=183, N=972)
2026-04-14 12:39:47,780 - INFO - Regula po iteracji 2: IF Strength <= 14.30 AND Strength >= 12.55 AND Strength >= 12.95 THEN class = {20.00} [20.00, 20.00], (p=5, n=0, P=183, N=972)
2026-04-14 12:39:47,780 - INFO - *****GROWING RR RULE*****
2026-04-14 12:39:47,865 - INFO - Iteracja 0: condition_best: None, quality_best: -inf, coverage_best: (p=0, n=0, P=0, N=0), p_value: 0
2026-04-14 12:39:47,865 - INFO - Regula po iteracji 0: IF  THEN class = {14.89} [11.49, 18.30], (p=767, n=388, P=767, N=388)
2026-04-14 12:39:47,866 - INFO - *****STOP GROWING RR RULE*****
2026-04-14 12:39:47,866 - INFO - ***RR NOT FOUND***
2026-04-14 12:39:47,866 - INFO - Iteracja 3: condition_best: None, quality_best: -inf, coverage_best: (p=0, n=0, P=0, N=0)
2026-04-14 12:39:47,866 - INFO - Regula po iteracji 3: IF Strength <= 14.30 AND Strength >= 12.55 AND Strength >= 12.95 THEN class = {20.00} [20.00, 20.00], (p=5, n=0, P=183, N=972)
2026-04-14 12:39:47,866 - INFO - *******STOP GROWING CR RULE*******
2026-04-14 12:39:47,874 - INFO - *******GROWING CR RULE*******
2026-04-14 12:39:47,938 - INFO - Iteracja 0: condition_best: Strength <= 17.10, quality_best: 0.503, coverage_best: (p=42, n=3, P=365, N=790)
2026-04-14 12:39:47,939 - INFO - Regula po iteracji 0: IF Strength <= 17.10 THEN class = {19.07} [17.83, 20.30], (p=42, n=3, P=365, N=790)
2026-04-14 12:39:47,939 - INFO - *****GROWING RR RULE*****
2026-04-14 12:39:48,025 - INFO - Iteracja 0: condition_best: None, quality_best: -inf, coverage_best: (p=0, n=0, P=0, N=0), p_value: 0
2026-04-14 12:39:48,026 - INFO - Regula po iteracji 0: IF  THEN class = {14.89} [11.49, 18.30], (p=767, n=388, P=767, N=388)
2026-04-14 12:39:48,026 - INFO - *****STOP GROWING RR RULE*****
2026-04-14 12:39:48,026 - INFO - ***RR NOT FOUND***
2026-04-14 12:39:48,028 - INFO - Iteracja 1: condition_best: Strength <= 16.90, quality_best: 0.501, coverage_best: (p=41, n=3, P=365, N=790)
2026-04-14 12:39:48,028 - INFO - Regula po iteracji 1: IF Strength <= 17.10 AND Strength <= 16.90 THEN class = {19.05} [17.80, 20.29], (p=41, n=3, P=365, N=790)
2026-04-14 12:39:48,029 - INFO - *****GROWING RR RULE*****
2026-04-14 12:39:48,115 - INFO - Iteracja 0: condition_best: None, quality_best: -inf, coverage_best: (p=0, n=0, P=0, N=0), p_value: 0
2026-04-14 12:39:48,115 - INFO - Regula po iteracji 0: IF  THEN class = {14.89} [11.49, 18.30], (p=767, n=388, P=767, N=388)
2026-04-14 12:39:48,115 - INFO - *****STOP GROWING RR RULE*****
2026-04-14 12:39:48,115 - INFO - ***RR NOT FOUND***
2026-04-14 12:39:48,118 - INFO - Iteracja 2: condition_best: Strength >= 12.55, quality_best: 0.498, coverage_best: (p=40, n=3, P=365, N=790)
2026-04-14 12:39:48,118 - INFO - Regula po iteracji 2: IF Strength <= 17.10 AND Strength <= 16.90 AND Strength >= 12.55 THEN class = {19.02} [17.78, 20.27], (p=40, n=3, P=365, N=790)
2026-04-14 12:39:48,118 - INFO - *****GROWING RR RULE*****
2026-04-14 12:39:48,205 - INFO - Iteracja 0: condition_best: None, quality_best: -inf, coverage_best: (p=0, n=0, P=0, N=0), p_value: 0
2026-04-14 12:39:48,205 - INFO - Regula po iteracji 0: IF  THEN class = {14.89} [11.49, 18.30], (p=767, n=388, P=767, N=388)
2026-04-14 12:39:48,205 - INFO - *****STOP GROWING RR RULE*****
2026-04-14 12:39:48,205 - INFO - ***RR NOT FOUND***
2026-04-14 12:39:48,208 - INFO - Iteracja 3: condition_best: Strength >= 12.95, quality_best: 0.496, coverage_best: (p=39, n=3, P=365, N=790)
2026-04-14 12:39:48,208 - INFO - Regula po iteracji 3: IF Strength <= 17.10 AND Strength <= 16.90 AND Strength >= 12.55 AND Strength >= 12.95 THEN class = {19.00} [17.75, 20.25], (p=39, n=3, P=365, N=790)
2026-04-14 12:39:48,208 - INFO - *****GROWING RR RULE*****
2026-04-14 12:39:48,296 - INFO - Iteracja 0: condition_best: None, quality_best: -inf, coverage_best: (p=0, n=0, P=0, N=0), p_value: 0
2026-04-14 12:39:48,296 - INFO - Regula po iteracji 0: IF  THEN class = {14.89} [11.49, 18.30], (p=767, n=388, P=767, N=388)
2026-04-14 12:39:48,296 - INFO - *****STOP GROWING RR RULE*****
2026-04-14 12:39:48,296 - INFO - ***RR NOT FOUND***
2026-04-14 12:39:48,298 - INFO - Iteracja 4: condition_best: Strength >= 13.45, quality_best: 0.493, coverage_best: (p=38, n=3, P=365, N=790)
2026-04-14 12:39:48,298 - INFO - Regula po iteracji 4: IF Strength <= 17.10 AND Strength <= 16.90 AND Strength >= 12.55 AND Strength >= 12.95 AND Strength >= 13.45 THEN class = {18.98} [17.72, 20.23], (p=38, n=3, P=365, N=790)
2026-04-14 12:39:48,299 - INFO - *****GROWING RR RULE*****
2026-04-14 12:39:48,385 - INFO - Iteracja 0: condition_best: None, quality_best: -inf, coverage_best: (p=0, n=0, P=0, N=0), p_value: 0
2026-04-14 12:39:48,385 - INFO - Regula po iteracji 0: IF  THEN class = {14.89} [11.49, 18.30], (p=767, n=388, P=767, N=388)
2026-04-14 12:39:48,385 - INFO - *****STOP GROWING RR RULE*****
2026-04-14 12:39:48,386 - INFO - ***RR NOT FOUND***
2026-04-14 12:39:48,386 - INFO - *******STOP GROWING CR RULE*******
2026-04-14 12:39:48,393 - INFO - *******GROWING CR RULE*******
2026-04-14 12:39:48,461 - INFO - Iteracja 0: condition_best: Strength >= 38.65, quality_best: 0.501, coverage_best: (p=139, n=14, P=593, N=562)
2026-04-14 12:39:48,461 - INFO - Regula po iteracji 0: IF Strength >= 38.65 THEN class = {11.93} [9.80, 14.07], (p=139, n=14, P=593, N=562)
2026-04-14 12:39:48,461 - INFO - *****GROWING RR RULE*****
2026-04-14 12:39:48,550 - INFO - Iteracja 0: condition_best: None, quality_best: -inf, coverage_best: (p=0, n=0, P=0, N=0), p_value: 0
2026-04-14 12:39:48,550 - INFO - Regula po iteracji 0: IF  THEN class = {14.89} [11.49, 18.30], (p=767, n=388, P=767, N=388)
2026-04-14 12:39:48,550 - INFO - *****STOP GROWING RR RULE*****
2026-04-14 12:39:48,550 - INFO - ***RR NOT FOUND***
2026-04-14 12:39:48,557 - INFO - Iteracja 1: condition_best: Strength <= 47.85, quality_best: 0.5, coverage_best: (p=138, n=14, P=593, N=562)
2026-04-14 12:39:48,557 - INFO - Regula po iteracji 1: IF Strength >= 38.65 AND Strength <= 47.85 THEN class = {11.95} [9.81, 14.09], (p=138, n=14, P=593, N=562)
2026-04-14 12:39:48,558 - INFO - *****GROWING RR RULE*****
2026-04-14 12:39:48,646 - INFO - Iteracja 0: condition_best: None, quality_best: -inf, coverage_best: (p=0, n=0, P=0, N=0), p_value: 0
2026-04-14 12:39:48,647 - INFO - Regula po iteracji 0: IF  THEN class = {14.89} [11.49, 18.30], (p=767, n=388, P=767, N=388)
2026-04-14 12:39:48,647 - INFO - *****STOP GROWING RR RULE*****
2026-04-14 12:39:48,647 - INFO - ***RR NOT FOUND***
2026-04-14 12:39:48,654 - INFO - Iteracja 2: condition_best: Strength <= 46.85, quality_best: 0.498, coverage_best: (p=137, n=14, P=593, N=562)
2026-04-14 12:39:48,654 - INFO - Regula po iteracji 2: IF Strength >= 38.65 AND Strength <= 47.85 AND Strength <= 46.85 THEN class = {11.96} [9.82, 14.10], (p=137, n=14, P=593, N=562)
2026-04-14 12:39:48,655 - INFO - *****GROWING RR RULE*****
2026-04-14 12:39:48,743 - INFO - Iteracja 0: condition_best: None, quality_best: -inf, coverage_best: (p=0, n=0, P=0, N=0), p_value: 0
2026-04-14 12:39:48,743 - INFO - Regula po iteracji 0: IF  THEN class = {14.89} [11.49, 18.30], (p=767, n=388, P=767, N=388)
2026-04-14 12:39:48,743 - INFO - *****STOP GROWING RR RULE*****
2026-04-14 12:39:48,743 - INFO - ***RR NOT FOUND***
2026-04-14 12:39:48,751 - INFO - Iteracja 3: condition_best: Temperature >= 255.00, quality_best: 0.497, coverage_best: (p=136, n=14, P=593, N=562)
2026-04-14 12:39:48,751 - INFO - Regula po iteracji 3: IF Strength >= 38.65 AND Strength <= 47.85 AND Strength <= 46.85 AND Temperature >= 255.00 THEN class = {11.97} [9.83, 14.11], (p=136, n=14, P=593, N=562)
2026-04-14 12:39:48,751 - INFO - *****GROWING RR RULE*****
2026-04-14 12:39:48,840 - INFO - Iteracja 0: condition_best: None, quality_best: -inf, coverage_best: (p=0, n=0, P=0, N=0), p_value: 0
2026-04-14 12:39:48,840 - INFO - Regula po iteracji 0: IF  THEN class = {14.89} [11.49, 18.30], (p=767, n=388, P=767, N=388)
2026-04-14 12:39:48,840 - INFO - *****STOP GROWING RR RULE*****
2026-04-14 12:39:48,840 - INFO - ***RR NOT FOUND***
2026-04-14 12:39:48,847 - INFO - Iteracja 4: condition_best: Strength <= 46.60, quality_best: 0.494, coverage_best: (p=134, n=14, P=593, N=562)
2026-04-14 12:39:48,847 - INFO - Regula po iteracji 4: IF Strength >= 38.65 AND Strength <= 47.85 AND Strength <= 46.85 AND Temperature >= 255.00 AND Strength <= 46.60 THEN class = {11.99} [9.84, 14.14], (p=134, n=14, P=593, N=562)
2026-04-14 12:39:48,848 - INFO - *****GROWING RR RULE*****
2026-04-14 12:39:48,936 - INFO - Iteracja 0: condition_best: None, quality_best: -inf, coverage_best: (p=0, n=0, P=0, N=0), p_value: 0
2026-04-14 12:39:48,937 - INFO - Regula po iteracji 0: IF  THEN class = {14.89} [11.49, 18.30], (p=767, n=388, P=767, N=388)
2026-04-14 12:39:48,937 - INFO - *****STOP GROWING RR RULE*****
2026-04-14 12:39:48,937 - INFO - ***RR NOT FOUND***
2026-04-14 12:39:48,937 - INFO - *******STOP GROWING CR RULE*******
2026-04-14 12:39:48,944 - INFO - *******GROWING CR RULE*******
2026-04-14 12:39:49,006 - INFO - Iteracja 0: condition_best: Strength >= 38.65, quality_best: 0.501, coverage_best: (p=139, n=14, P=593, N=562)
2026-04-14 12:39:49,006 - INFO - Regula po iteracji 0: IF Strength >= 38.65 THEN class = {11.93} [9.80, 14.07], (p=139, n=14, P=593, N=562)
2026-04-14 12:39:49,006 - INFO - *****GROWING RR RULE*****
2026-04-14 12:39:49,095 - INFO - Iteracja 0: condition_best: None, quality_best: -inf, coverage_best: (p=0, n=0, P=0, N=0), p_value: 0
2026-04-14 12:39:49,095 - INFO - Regula po iteracji 0: IF  THEN class = {14.89} [11.49, 18.30], (p=767, n=388, P=767, N=388)
2026-04-14 12:39:49,095 - INFO - *****STOP GROWING RR RULE*****
2026-04-14 12:39:49,095 - INFO - ***RR NOT FOUND***
2026-04-14 12:39:49,102 - INFO - Iteracja 1: condition_best: None, quality_best: -inf, coverage_best: (p=0, n=0, P=0, N=0)
2026-04-14 12:39:49,102 - INFO - Regula po iteracji 1: IF Strength >= 38.65 THEN class = {11.93} [9.80, 14.07], (p=139, n=14, P=593, N=562)
2026-04-14 12:39:49,102 - INFO - *******STOP GROWING CR RULE*******
2026-04-14 12:39:49,108 - INFO - *******GROWING CR RULE*******
2026-04-14 12:39:49,171 - INFO - Iteracja 0: condition_best: Strength >= 38.55, quality_best: 0.501, coverage_best: (p=144, n=15, P=593, N=562)
2026-04-14 12:39:49,171 - INFO - Regula po iteracji 0: IF Strength >= 38.55 THEN class = {11.95} [9.81, 14.09], (p=144, n=15, P=593, N=562)
2026-04-14 12:39:49,171 - INFO - *****GROWING RR RULE*****
2026-04-14 12:39:49,262 - INFO - Iteracja 0: condition_best: None, quality_best: -inf, coverage_best: (p=0, n=0, P=0, N=0), p_value: 0
2026-04-14 12:39:49,262 - INFO - Regula po iteracji 0: IF  THEN class = {14.89} [11.49, 18.30], (p=767, n=388, P=767, N=388)
2026-04-14 12:39:49,262 - INFO - *****STOP GROWING RR RULE*****
2026-04-14 12:39:49,262 - INFO - ***RR NOT FOUND***
2026-04-14 12:39:49,269 - INFO - Iteracja 1: condition_best: Strength <= 47.85, quality_best: 0.499, coverage_best: (p=143, n=15, P=593, N=562)
2026-04-14 12:39:49,269 - INFO - Regula po iteracji 1: IF Strength >= 38.55 AND Strength <= 47.85 THEN class = {11.96} [9.82, 14.10], (p=143, n=15, P=593, N=562)
2026-04-14 12:39:49,270 - INFO - *****GROWING RR RULE*****
2026-04-14 12:39:49,360 - INFO - Iteracja 0: condition_best: None, quality_best: -inf, coverage_best: (p=0, n=0, P=0, N=0), p_value: 0
2026-04-14 12:39:49,360 - INFO - Regula po iteracji 0: IF  THEN class = {14.89} [11.49, 18.30], (p=767, n=388, P=767, N=388)
2026-04-14 12:39:49,360 - INFO - *****STOP GROWING RR RULE*****
2026-04-14 12:39:49,361 - INFO - ***RR NOT FOUND***
2026-04-14 12:39:49,367 - INFO - Iteracja 2: condition_best: Strength <= 46.85, quality_best: 0.498, coverage_best: (p=142, n=15, P=593, N=562)
2026-04-14 12:39:49,367 - INFO - Regula po iteracji 2: IF Strength >= 38.55 AND Strength <= 47.85 AND Strength <= 46.85 THEN class = {11.97} [9.83, 14.12], (p=142, n=15, P=593, N=562)
2026-04-14 12:39:49,368 - INFO - *****GROWING RR RULE*****
2026-04-14 12:39:49,457 - INFO - Iteracja 0: condition_best: None, quality_best: -inf, coverage_best: (p=0, n=0, P=0, N=0), p_value: 0
2026-04-14 12:39:49,457 - INFO - Regula po iteracji 0: IF  THEN class = {14.89} [11.49, 18.30], (p=767, n=388, P=767, N=388)
2026-04-14 12:39:49,457 - INFO - *****STOP GROWING RR RULE*****
2026-04-14 12:39:49,457 - INFO - ***RR NOT FOUND***
2026-04-14 12:39:49,464 - INFO - Iteracja 3: condition_best: Temperature >= 255.00, quality_best: 0.497, coverage_best: (p=141, n=15, P=593, N=562)
2026-04-14 12:39:49,464 - INFO - Regula po iteracji 3: IF Strength >= 38.55 AND Strength <= 47.85 AND Strength <= 46.85 AND Temperature >= 255.00 THEN class = {11.99} [9.84, 14.13], (p=141, n=15, P=593, N=562)
2026-04-14 12:39:49,465 - INFO - *****GROWING RR RULE*****
2026-04-14 12:39:49,555 - INFO - Iteracja 0: condition_best: None, quality_best: -inf, coverage_best: (p=0, n=0, P=0, N=0), p_value: 0
2026-04-14 12:39:49,555 - INFO - Regula po iteracji 0: IF  THEN class = {14.89} [11.49, 18.30], (p=767, n=388, P=767, N=388)
2026-04-14 12:39:49,555 - INFO - *****STOP GROWING RR RULE*****
2026-04-14 12:39:49,555 - INFO - ***RR NOT FOUND***
2026-04-14 12:39:49,562 - INFO - Iteracja 4: condition_best: Strength <= 46.60, quality_best: 0.494, coverage_best: (p=139, n=15, P=593, N=562)
2026-04-14 12:39:49,562 - INFO - Regula po iteracji 4: IF Strength >= 38.55 AND Strength <= 47.85 AND Strength <= 46.85 AND Temperature >= 255.00 AND Strength <= 46.60 THEN class = {12.00} [9.85, 14.15], (p=139, n=15, P=593, N=562)
2026-04-14 12:39:49,563 - INFO - *****GROWING RR RULE*****
2026-04-14 12:39:49,651 - INFO - Iteracja 0: condition_best: None, quality_best: -inf, coverage_best: (p=0, n=0, P=0, N=0), p_value: 0
2026-04-14 12:39:49,652 - INFO - Regula po iteracji 0: IF  THEN class = {14.89} [11.49, 18.30], (p=767, n=388, P=767, N=388)
2026-04-14 12:39:49,652 - INFO - *****STOP GROWING RR RULE*****
2026-04-14 12:39:49,652 - INFO - ***RR NOT FOUND***
2026-04-14 12:39:49,652 - INFO - *******STOP GROWING CR RULE*******
2026-04-14 12:39:49,658 - INFO - *******GROWING CR RULE*******
2026-04-14 12:39:49,721 - INFO - Iteracja 0: condition_best: Strength <= 17.40, quality_best: 0.497, coverage_best: (p=46, n=4, P=365, N=790)
2026-04-14 12:39:49,721 - INFO - Regula po iteracji 0: IF Strength <= 17.40 THEN class = {19.00} [17.72, 20.28], (p=46, n=4, P=365, N=790)
2026-04-14 12:39:49,721 - INFO - *****GROWING RR RULE*****
2026-04-14 12:39:49,807 - INFO - Iteracja 0: condition_best: None, quality_best: -inf, coverage_best: (p=0, n=0, P=0, N=0), p_value: 0
2026-04-14 12:39:49,808 - INFO - Regula po iteracji 0: IF  THEN class = {14.89} [11.49, 18.30], (p=767, n=388, P=767, N=388)
2026-04-14 12:39:49,808 - INFO - *****STOP GROWING RR RULE*****
2026-04-14 12:39:49,808 - INFO - ***RR NOT FOUND***
2026-04-14 12:39:49,810 - INFO - Iteracja 1: condition_best: Strength >= 12.55, quality_best: 0.495, coverage_best: (p=45, n=4, P=365, N=790)
2026-04-14 12:39:49,811 - INFO - Regula po iteracji 1: IF Strength <= 17.40 AND Strength >= 12.55 THEN class = {18.98} [17.69, 20.27], (p=45, n=4, P=365, N=790)
2026-04-14 12:39:49,811 - INFO - *****GROWING RR RULE*****
2026-04-14 12:39:49,899 - INFO - Iteracja 0: condition_best: None, quality_best: -inf, coverage_best: (p=0, n=0, P=0, N=0), p_value: 0
2026-04-14 12:39:49,900 - INFO - Regula po iteracji 0: IF  THEN class = {14.89} [11.49, 18.30], (p=767, n=388, P=767, N=388)
2026-04-14 12:39:49,900 - INFO - *****STOP GROWING RR RULE*****
2026-04-14 12:39:49,900 - INFO - ***RR NOT FOUND***
2026-04-14 12:39:49,903 - INFO - Iteracja 2: condition_best: Strength >= 12.95, quality_best: 0.492, coverage_best: (p=44, n=4, P=365, N=790)
2026-04-14 12:39:49,903 - INFO - Regula po iteracji 2: IF Strength <= 17.40 AND Strength >= 12.55 AND Strength >= 12.95 THEN class = {18.96} [17.67, 20.25], (p=44, n=4, P=365, N=790)
2026-04-14 12:39:49,903 - INFO - *****GROWING RR RULE*****
2026-04-14 12:39:49,989 - INFO - Iteracja 0: condition_best: None, quality_best: -inf, coverage_best: (p=0, n=0, P=0, N=0), p_value: 0
2026-04-14 12:39:49,990 - INFO - Regula po iteracji 0: IF  THEN class = {14.89} [11.49, 18.30], (p=767, n=388, P=767, N=388)
2026-04-14 12:39:49,990 - INFO - *****STOP GROWING RR RULE*****
2026-04-14 12:39:49,990 - INFO - ***RR NOT FOUND***
2026-04-14 12:39:49,992 - INFO - Iteracja 3: condition_best: Strength >= 13.45, quality_best: 0.489, coverage_best: (p=43, n=4, P=365, N=790)
2026-04-14 12:39:49,992 - INFO - Regula po iteracji 3: IF Strength <= 17.40 AND Strength >= 12.55 AND Strength >= 12.95 AND Strength >= 13.45 THEN class = {18.94} [17.64, 20.23], (p=43, n=4, P=365, N=790)
2026-04-14 12:39:49,993 - INFO - *****GROWING RR RULE*****
2026-04-14 12:39:50,079 - INFO - Iteracja 0: condition_best: None, quality_best: -inf, coverage_best: (p=0, n=0, P=0, N=0), p_value: 0
2026-04-14 12:39:50,079 - INFO - Regula po iteracji 0: IF  THEN class = {14.89} [11.49, 18.30], (p=767, n=388, P=767, N=388)
2026-04-14 12:39:50,080 - INFO - *****STOP GROWING RR RULE*****
2026-04-14 12:39:50,080 - INFO - ***RR NOT FOUND***
2026-04-14 12:39:50,082 - INFO - Iteracja 4: condition_best: Strength >= 13.95, quality_best: 0.487, coverage_best: (p=42, n=4, P=365, N=790)
2026-04-14 12:39:50,082 - INFO - Regula po iteracji 4: IF Strength <= 17.40 AND Strength >= 12.55 AND Strength >= 12.95 AND Strength >= 13.45 AND Strength >= 13.95 THEN class = {18.91} [17.61, 20.21], (p=42, n=4, P=365, N=790)
2026-04-14 12:39:50,083 - INFO - *****GROWING RR RULE*****
2026-04-14 12:39:50,169 - INFO - Iteracja 0: condition_best: None, quality_best: -inf, coverage_best: (p=0, n=0, P=0, N=0), p_value: 0
2026-04-14 12:39:50,169 - INFO - Regula po iteracji 0: IF  THEN class = {14.89} [11.49, 18.30], (p=767, n=388, P=767, N=388)
2026-04-14 12:39:50,169 - INFO - *****STOP GROWING RR RULE*****
2026-04-14 12:39:50,169 - INFO - ***RR NOT FOUND***
2026-04-14 12:39:50,169 - INFO - *******STOP GROWING CR RULE*******
2026-04-14 12:39:50,176 - INFO - *******GROWING CR RULE*******
2026-04-14 12:39:50,238 - INFO - Iteracja 0: condition_best: Strength >= 38.35, quality_best: 0.497, coverage_best: (p=151, n=17, P=593, N=562)
2026-04-14 12:39:50,239 - INFO - Regula po iteracji 0: IF Strength >= 38.35 THEN class = {12.04} [9.86, 14.21], (p=151, n=17, P=593, N=562)
2026-04-14 12:39:50,239 - INFO - *****GROWING RR RULE*****
2026-04-14 12:39:50,331 - INFO - Iteracja 0: condition_best: None, quality_best: -inf, coverage_best: (p=0, n=0, P=0, N=0), p_value: 0
2026-04-14 12:39:50,332 - INFO - Regula po iteracji 0: IF  THEN class = {14.89} [11.49, 18.30], (p=767, n=388, P=767, N=388)
2026-04-14 12:39:50,332 - INFO - *****STOP GROWING RR RULE*****
2026-04-14 12:39:50,332 - INFO - ***RR NOT FOUND***
2026-04-14 12:39:50,339 - INFO - Iteracja 1: condition_best: Strength <= 47.85, quality_best: 0.495, coverage_best: (p=150, n=17, P=593, N=562)
2026-04-14 12:39:50,339 - INFO - Regula po iteracji 1: IF Strength >= 38.35 AND Strength <= 47.85 THEN class = {12.05} [9.87, 14.23], (p=150, n=17, P=593, N=562)
2026-04-14 12:39:50,340 - INFO - *****GROWING RR RULE*****
2026-04-14 12:39:50,431 - INFO - Iteracja 0: condition_best: None, quality_best: -inf, coverage_best: (p=0, n=0, P=0, N=0), p_value: 0
2026-04-14 12:39:50,431 - INFO - Regula po iteracji 0: IF  THEN class = {14.89} [11.49, 18.30], (p=767, n=388, P=767, N=388)
2026-04-14 12:39:50,431 - INFO - *****STOP GROWING RR RULE*****
2026-04-14 12:39:50,431 - INFO - ***RR NOT FOUND***
2026-04-14 12:39:50,438 - INFO - Iteracja 2: condition_best: Strength <= 46.85, quality_best: 0.494, coverage_best: (p=149, n=17, P=593, N=562)
2026-04-14 12:39:50,438 - INFO - Regula po iteracji 2: IF Strength >= 38.35 AND Strength <= 47.85 AND Strength <= 46.85 THEN class = {12.06} [9.88, 14.24], (p=149, n=17, P=593, N=562)
2026-04-14 12:39:50,439 - INFO - *****GROWING RR RULE*****
2026-04-14 12:39:50,528 - INFO - Iteracja 0: condition_best: None, quality_best: -inf, coverage_best: (p=0, n=0, P=0, N=0), p_value: 0
2026-04-14 12:39:50,528 - INFO - Regula po iteracji 0: IF  THEN class = {14.89} [11.49, 18.30], (p=767, n=388, P=767, N=388)
2026-04-14 12:39:50,528 - INFO - *****STOP GROWING RR RULE*****
2026-04-14 12:39:50,528 - INFO - ***RR NOT FOUND***
2026-04-14 12:39:50,535 - INFO - Iteracja 3: condition_best: Temperature >= 255.00, quality_best: 0.492, coverage_best: (p=148, n=17, P=593, N=562)
2026-04-14 12:39:50,535 - INFO - Regula po iteracji 3: IF Strength >= 38.35 AND Strength <= 47.85 AND Strength <= 46.85 AND Temperature >= 255.00 THEN class = {12.07} [9.89, 14.25], (p=148, n=17, P=593, N=562)
2026-04-14 12:39:50,536 - INFO - *****GROWING RR RULE*****
2026-04-14 12:39:50,625 - INFO - Iteracja 0: condition_best: None, quality_best: -inf, coverage_best: (p=0, n=0, P=0, N=0), p_value: 0
2026-04-14 12:39:50,625 - INFO - Regula po iteracji 0: IF  THEN class = {14.89} [11.49, 18.30], (p=767, n=388, P=767, N=388)
2026-04-14 12:39:50,625 - INFO - *****STOP GROWING RR RULE*****
2026-04-14 12:39:50,625 - INFO - ***RR NOT FOUND***
2026-04-14 12:39:50,632 - INFO - Iteracja 4: condition_best: Strength <= 46.60, quality_best: 0.49, coverage_best: (p=146, n=17, P=593, N=562)
2026-04-14 12:39:50,632 - INFO - Regula po iteracji 4: IF Strength >= 38.35 AND Strength <= 47.85 AND Strength <= 46.85 AND Temperature >= 255.00 AND Strength <= 46.60 THEN class = {12.09} [9.90, 14.27], (p=146, n=17, P=593, N=562)
2026-04-14 12:39:50,633 - INFO - *****GROWING RR RULE*****
2026-04-14 12:39:50,722 - INFO - Iteracja 0: condition_best: None, quality_best: -inf, coverage_best: (p=0, n=0, P=0, N=0), p_value: 0
2026-04-14 12:39:50,722 - INFO - Regula po iteracji 0: IF  THEN class = {14.89} [11.49, 18.30], (p=767, n=388, P=767, N=388)
2026-04-14 12:39:50,722 - INFO - *****STOP GROWING RR RULE*****
2026-04-14 12:39:50,722 - INFO - ***RR NOT FOUND***
2026-04-14 12:39:50,722 - INFO - *******STOP GROWING CR RULE*******
2026-04-14 12:39:50,729 - INFO - *******GROWING CR RULE*******
2026-04-14 12:39:50,791 - INFO - Iteracja 0: condition_best: Strength <= 17.60, quality_best: 0.488, coverage_best: (p=48, n=5, P=365, N=790)
2026-04-14 12:39:50,791 - INFO - Regula po iteracji 0: IF Strength <= 17.60 THEN class = {18.94} [17.62, 20.27], (p=48, n=5, P=365, N=790)
2026-04-14 12:39:50,792 - INFO - *****GROWING RR RULE*****
2026-04-14 12:39:50,879 - INFO - Iteracja 0: condition_best: None, quality_best: -inf, coverage_best: (p=0, n=0, P=0, N=0), p_value: 0
2026-04-14 12:39:50,880 - INFO - Regula po iteracji 0: IF  THEN class = {14.89} [11.49, 18.30], (p=767, n=388, P=767, N=388)
2026-04-14 12:39:50,880 - INFO - *****STOP GROWING RR RULE*****
2026-04-14 12:39:50,880 - INFO - ***RR NOT FOUND***
2026-04-14 12:39:50,883 - INFO - Iteracja 1: condition_best: None, quality_best: -inf, coverage_best: (p=0, n=0, P=0, N=0)
2026-04-14 12:39:50,883 - INFO - Regula po iteracji 1: IF Strength <= 17.60 THEN class = {18.94} [17.62, 20.27], (p=48, n=5, P=365, N=790)
2026-04-14 12:39:50,883 - INFO - *******STOP GROWING CR RULE*******
2026-04-14 12:39:50,889 - INFO - *******GROWING CR RULE*******
2026-04-14 12:39:50,953 - INFO - Iteracja 0: condition_best: Strength <= 18.15, quality_best: 0.475, coverage_best: (p=53, n=7, P=365, N=790)
2026-04-14 12:39:50,953 - INFO - Regula po iteracji 0: IF Strength <= 18.15 THEN class = {18.83} [17.45, 20.21], (p=53, n=7, P=365, N=790)
2026-04-14 12:39:50,954 - INFO - *****GROWING RR RULE*****
2026-04-14 12:39:51,040 - INFO - Iteracja 0: condition_best: None, quality_best: -inf, coverage_best: (p=0, n=0, P=0, N=0), p_value: 0
2026-04-14 12:39:51,040 - INFO - Regula po iteracji 0: IF  THEN class = {14.89} [11.49, 18.30], (p=767, n=388, P=767, N=388)
2026-04-14 12:39:51,040 - INFO - *****STOP GROWING RR RULE*****
2026-04-14 12:39:51,040 - INFO - ***RR NOT FOUND***
2026-04-14 12:39:51,043 - INFO - Iteracja 1: condition_best: Strength >= 12.55, quality_best: 0.472, coverage_best: (p=52, n=7, P=365, N=790)
2026-04-14 12:39:51,043 - INFO - Regula po iteracji 1: IF Strength <= 18.15 AND Strength >= 12.55 THEN class = {18.81} [17.43, 20.20], (p=52, n=7, P=365, N=790)
2026-04-14 12:39:51,044 - INFO - *****GROWING RR RULE*****
2026-04-14 12:39:51,130 - INFO - Iteracja 0: condition_best: None, quality_best: -inf, coverage_best: (p=0, n=0, P=0, N=0), p_value: 0
2026-04-14 12:39:51,130 - INFO - Regula po iteracji 0: IF  THEN class = {14.89} [11.49, 18.30], (p=767, n=388, P=767, N=388)
2026-04-14 12:39:51,130 - INFO - *****STOP GROWING RR RULE*****
2026-04-14 12:39:51,130 - INFO - ***RR NOT FOUND***
2026-04-14 12:39:51,133 - INFO - Iteracja 2: condition_best: Strength >= 12.95, quality_best: 0.469, coverage_best: (p=51, n=7, P=365, N=790)
2026-04-14 12:39:51,133 - INFO - Regula po iteracji 2: IF Strength <= 18.15 AND Strength >= 12.55 AND Strength >= 12.95 THEN class = {18.79} [17.41, 20.18], (p=51, n=7, P=365, N=790)
2026-04-14 12:39:51,134 - INFO - *****GROWING RR RULE*****
2026-04-14 12:39:51,220 - INFO - Iteracja 0: condition_best: None, quality_best: -inf, coverage_best: (p=0, n=0, P=0, N=0), p_value: 0
2026-04-14 12:39:51,220 - INFO - Regula po iteracji 0: IF  THEN class = {14.89} [11.49, 18.30], (p=767, n=388, P=767, N=388)
2026-04-14 12:39:51,220 - INFO - *****STOP GROWING RR RULE*****
2026-04-14 12:39:51,220 - INFO - ***RR NOT FOUND***
2026-04-14 12:39:51,224 - INFO - Iteracja 3: condition_best: Strength >= 13.45, quality_best: 0.466, coverage_best: (p=50, n=7, P=365, N=790)
2026-04-14 12:39:51,224 - INFO - Regula po iteracji 3: IF Strength <= 18.15 AND Strength >= 12.55 AND Strength >= 12.95 AND Strength >= 13.45 THEN class = {18.77} [17.38, 20.16], (p=50, n=7, P=365, N=790)
2026-04-14 12:39:51,224 - INFO - *****GROWING RR RULE*****
2026-04-14 12:39:51,310 - INFO - Iteracja 0: condition_best: None, quality_best: -inf, coverage_best: (p=0, n=0, P=0, N=0), p_value: 0
2026-04-14 12:39:51,310 - INFO - Regula po iteracji 0: IF  THEN class = {14.89} [11.49, 18.30], (p=767, n=388, P=767, N=388)
2026-04-14 12:39:51,310 - INFO - *****STOP GROWING RR RULE*****
2026-04-14 12:39:51,310 - INFO - ***RR NOT FOUND***
2026-04-14 12:39:51,313 - INFO - Iteracja 4: condition_best: Strength >= 13.95, quality_best: 0.463, coverage_best: (p=49, n=7, P=365, N=790)
2026-04-14 12:39:51,313 - INFO - Regula po iteracji 4: IF Strength <= 18.15 AND Strength >= 12.55 AND Strength >= 12.95 AND Strength >= 13.45 AND Strength >= 13.95 THEN class = {18.75} [17.36, 20.14], (p=49, n=7, P=365, N=790)
2026-04-14 12:39:51,314 - INFO - *****GROWING RR RULE*****
2026-04-14 12:39:51,401 - INFO - Iteracja 0: condition_best: None, quality_best: -inf, coverage_best: (p=0, n=0, P=0, N=0), p_value: 0
2026-04-14 12:39:51,401 - INFO - Regula po iteracji 0: IF  THEN class = {14.89} [11.49, 18.30], (p=767, n=388, P=767, N=388)
2026-04-14 12:39:51,401 - INFO - *****STOP GROWING RR RULE*****
2026-04-14 12:39:51,401 - INFO - ***RR NOT FOUND***
2026-04-14 12:39:51,402 - INFO - *******STOP GROWING CR RULE*******
2026-04-14 12:39:51,408 - INFO - *******GROWING CR RULE*******
2026-04-14 12:39:51,470 - INFO - Iteracja 0: condition_best: Strength >= 38.15, quality_best: 0.474, coverage_best: (p=158, n=22, P=593, N=562)
2026-04-14 12:39:51,471 - INFO - Regula po iteracji 0: IF Strength >= 38.15 THEN class = {12.13} [9.91, 14.36], (p=158, n=22, P=593, N=562)
2026-04-14 12:39:51,471 - INFO - *****GROWING RR RULE*****
2026-04-14 12:39:51,560 - INFO - Iteracja 0: condition_best: None, quality_best: -inf, coverage_best: (p=0, n=0, P=0, N=0), p_value: 0
2026-04-14 12:39:51,560 - INFO - Regula po iteracji 0: IF  THEN class = {14.89} [11.49, 18.30], (p=767, n=388, P=767, N=388)
2026-04-14 12:39:51,560 - INFO - *****STOP GROWING RR RULE*****
2026-04-14 12:39:51,561 - INFO - ***RR NOT FOUND***
2026-04-14 12:39:51,568 - INFO - Iteracja 1: condition_best: Strength <= 47.85, quality_best: 0.473, coverage_best: (p=157, n=22, P=593, N=562)
2026-04-14 12:39:51,568 - INFO - Regula po iteracji 1: IF Strength >= 38.15 AND Strength <= 47.85 THEN class = {12.15} [9.92, 14.37], (p=157, n=22, P=593, N=562)
2026-04-14 12:39:51,568 - INFO - *****GROWING RR RULE*****
2026-04-14 12:39:51,657 - INFO - Iteracja 0: condition_best: None, quality_best: -inf, coverage_best: (p=0, n=0, P=0, N=0), p_value: 0
2026-04-14 12:39:51,657 - INFO - Regula po iteracji 0: IF  THEN class = {14.89} [11.49, 18.30], (p=767, n=388, P=767, N=388)
2026-04-14 12:39:51,658 - INFO - *****STOP GROWING RR RULE*****
2026-04-14 12:39:51,658 - INFO - ***RR NOT FOUND***
2026-04-14 12:39:51,665 - INFO - Iteracja 2: condition_best: Strength <= 46.85, quality_best: 0.471, coverage_best: (p=156, n=22, P=593, N=562)
2026-04-14 12:39:51,665 - INFO - Regula po iteracji 2: IF Strength >= 38.15 AND Strength <= 47.85 AND Strength <= 46.85 THEN class = {12.16} [9.93, 14.39], (p=156, n=22, P=593, N=562)
2026-04-14 12:39:51,665 - INFO - *****GROWING RR RULE*****
2026-04-14 12:39:51,755 - INFO - Iteracja 0: condition_best: None, quality_best: -inf, coverage_best: (p=0, n=0, P=0, N=0), p_value: 0
2026-04-14 12:39:51,755 - INFO - Regula po iteracji 0: IF  THEN class = {14.89} [11.49, 18.30], (p=767, n=388, P=767, N=388)
2026-04-14 12:39:51,755 - INFO - *****STOP GROWING RR RULE*****
2026-04-14 12:39:51,755 - INFO - ***RR NOT FOUND***
2026-04-14 12:39:51,762 - INFO - Iteracja 3: condition_best: Temperature >= 255.00, quality_best: 0.47, coverage_best: (p=155, n=22, P=593, N=562)
2026-04-14 12:39:51,763 - INFO - Regula po iteracji 3: IF Strength >= 38.15 AND Strength <= 47.85 AND Strength <= 46.85 AND Temperature >= 255.00 THEN class = {12.17} [9.94, 14.40], (p=155, n=22, P=593, N=562)
2026-04-14 12:39:51,763 - INFO - *****GROWING RR RULE*****
2026-04-14 12:39:51,852 - INFO - Iteracja 0: condition_best: None, quality_best: -inf, coverage_best: (p=0, n=0, P=0, N=0), p_value: 0
2026-04-14 12:39:51,853 - INFO - Regula po iteracji 0: IF  THEN class = {14.89} [11.49, 18.30], (p=767, n=388, P=767, N=388)
2026-04-14 12:39:51,853 - INFO - *****STOP GROWING RR RULE*****
2026-04-14 12:39:51,853 - INFO - ***RR NOT FOUND***
2026-04-14 12:39:51,860 - INFO - Iteracja 4: condition_best: Strength <= 46.60, quality_best: 0.466, coverage_best: (p=153, n=22, P=593, N=562)
2026-04-14 12:39:51,860 - INFO - Regula po iteracji 4: IF Strength >= 38.15 AND Strength <= 47.85 AND Strength <= 46.85 AND Temperature >= 255.00 AND Strength <= 46.60 THEN class = {12.18} [9.95, 14.42], (p=153, n=22, P=593, N=562)
2026-04-14 12:39:51,861 - INFO - *****GROWING RR RULE*****
2026-04-14 12:39:51,951 - INFO - Iteracja 0: condition_best: None, quality_best: -inf, coverage_best: (p=0, n=0, P=0, N=0), p_value: 0
2026-04-14 12:39:51,952 - INFO - Regula po iteracji 0: IF  THEN class = {14.89} [11.49, 18.30], (p=767, n=388, P=767, N=388)
2026-04-14 12:39:51,952 - INFO - *****STOP GROWING RR RULE*****
2026-04-14 12:39:51,952 - INFO - ***RR NOT FOUND***
2026-04-14 12:39:51,952 - INFO - *******STOP GROWING CR RULE*******
2026-04-14 12:39:51,958 - INFO - *******GROWING CR RULE*******
2026-04-14 12:39:52,020 - INFO - Iteracja 0: condition_best: Strength >= 37.40, quality_best: 0.461, coverage_best: (p=173, n=28, P=593, N=562)
2026-04-14 12:39:52,020 - INFO - Regula po iteracji 0: IF Strength >= 37.40 THEN class = {12.27} [9.97, 14.57], (p=173, n=28, P=593, N=562)
2026-04-14 12:39:52,020 - INFO - *****GROWING RR RULE*****
2026-04-14 12:39:52,110 - INFO - Iteracja 0: condition_best: None, quality_best: -inf, coverage_best: (p=0, n=0, P=0, N=0), p_value: 0
2026-04-14 12:39:52,110 - INFO - Regula po iteracji 0: IF  THEN class = {14.89} [11.49, 18.30], (p=767, n=388, P=767, N=388)
2026-04-14 12:39:52,110 - INFO - *****STOP GROWING RR RULE*****
2026-04-14 12:39:52,110 - INFO - ***RR NOT FOUND***
2026-04-14 12:39:52,118 - INFO - Iteracja 1: condition_best: Temperature <= 275.00, quality_best: 0.471, coverage_best: (p=32, n=3, P=389, N=766)
2026-04-14 12:39:52,118 - INFO - Regula po iteracji 1: IF Strength >= 37.40 AND Temperature <= 275.00 THEN class = {10.80} [9.52, 12.08], (p=32, n=3, P=389, N=766)
2026-04-14 12:39:52,118 - INFO - *****GROWING RR RULE*****
2026-04-14 12:39:52,205 - INFO - Iteracja 0: condition_best: None, quality_best: -inf, coverage_best: (p=0, n=0, P=0, N=0), p_value: 0
2026-04-14 12:39:52,205 - INFO - Regula po iteracji 0: IF  THEN class = {14.89} [11.49, 18.30], (p=767, n=388, P=767, N=388)
2026-04-14 12:39:52,205 - INFO - *****STOP GROWING RR RULE*****
2026-04-14 12:39:52,205 - INFO - ***RR NOT FOUND***
2026-04-14 12:39:52,208 - INFO - Iteracja 2: condition_best: Strength <= 42.60, quality_best: 0.468, coverage_best: (p=31, n=3, P=389, N=766)
2026-04-14 12:39:52,208 - INFO - Regula po iteracji 2: IF Strength >= 37.40 AND Temperature <= 275.00 AND Strength <= 42.60 THEN class = {10.82} [9.53, 12.12], (p=31, n=3, P=389, N=766)
2026-04-14 12:39:52,208 - INFO - *****GROWING RR RULE*****
2026-04-14 12:39:52,295 - INFO - Iteracja 0: condition_best: None, quality_best: -inf, coverage_best: (p=0, n=0, P=0, N=0), p_value: 0
2026-04-14 12:39:52,295 - INFO - Regula po iteracji 0: IF  THEN class = {14.89} [11.49, 18.30], (p=767, n=388, P=767, N=388)
2026-04-14 12:39:52,295 - INFO - *****STOP GROWING RR RULE*****
2026-04-14 12:39:52,295 - INFO - ***RR NOT FOUND***
2026-04-14 12:39:52,297 - INFO - Iteracja 3: condition_best: Strength <= 42.15, quality_best: 0.465, coverage_best: (p=30, n=3, P=389, N=766)
2026-04-14 12:39:52,297 - INFO - Regula po iteracji 3: IF Strength >= 37.40 AND Temperature <= 275.00 AND Strength <= 42.60 AND Strength <= 42.15 THEN class = {10.85} [9.54, 12.15], (p=30, n=3, P=389, N=766)
2026-04-14 12:39:52,298 - INFO - *****GROWING RR RULE*****
2026-04-14 12:39:52,384 - INFO - Iteracja 0: condition_best: None, quality_best: -inf, coverage_best: (p=0, n=0, P=0, N=0), p_value: 0
2026-04-14 12:39:52,384 - INFO - Regula po iteracji 0: IF  THEN class = {14.89} [11.49, 18.30], (p=767, n=388, P=767, N=388)
2026-04-14 12:39:52,385 - INFO - *****STOP GROWING RR RULE*****
2026-04-14 12:39:52,385 - INFO - ***RR NOT FOUND***
2026-04-14 12:39:52,387 - INFO - Iteracja 4: condition_best: Strength <= 41.40, quality_best: 0.461, coverage_best: (p=29, n=3, P=389, N=766)
2026-04-14 12:39:52,387 - INFO - Regula po iteracji 4: IF Strength >= 37.40 AND Temperature <= 275.00 AND Strength <= 42.60 AND Strength <= 42.15 AND Strength <= 41.40 THEN class = {10.88} [9.56, 12.19], (p=29, n=3, P=389, N=766)
2026-04-14 12:39:52,387 - INFO - *****GROWING RR RULE*****
2026-04-14 12:39:52,476 - INFO - Iteracja 0: condition_best: None, quality_best: -inf, coverage_best: (p=0, n=0, P=0, N=0), p_value: 0
2026-04-14 12:39:52,477 - INFO - Regula po iteracji 0: IF  THEN class = {14.89} [11.49, 18.30], (p=767, n=388, P=767, N=388)
2026-04-14 12:39:52,477 - INFO - *****STOP GROWING RR RULE*****
2026-04-14 12:39:52,477 - INFO - ***RR NOT FOUND***
2026-04-14 12:39:52,477 - INFO - *******STOP GROWING CR RULE*******
2026-04-14 12:39:52,484 - INFO - *******GROWING CR RULE*******
2026-04-14 12:39:52,547 - INFO - Iteracja 0: condition_best: Strength >= 37.40, quality_best: 0.461, coverage_best: (p=173, n=28, P=593, N=562)
2026-04-14 12:39:52,548 - INFO - Regula po iteracji 0: IF Strength >= 37.40 THEN class = {12.27} [9.97, 14.57], (p=173, n=28, P=593, N=562)
2026-04-14 12:39:52,548 - INFO - *****GROWING RR RULE*****
2026-04-14 12:39:52,637 - INFO - Iteracja 0: condition_best: None, quality_best: -inf, coverage_best: (p=0, n=0, P=0, N=0), p_value: 0
2026-04-14 12:39:52,637 - INFO - Regula po iteracji 0: IF  THEN class = {14.89} [11.49, 18.30], (p=767, n=388, P=767, N=388)
2026-04-14 12:39:52,637 - INFO - *****STOP GROWING RR RULE*****
2026-04-14 12:39:52,637 - INFO - ***RR NOT FOUND***
2026-04-14 12:39:52,646 - INFO - Iteracja 1: condition_best: Strength <= 47.85, quality_best: 0.459, coverage_best: (p=172, n=28, P=593, N=562)
2026-04-14 12:39:52,646 - INFO - Regula po iteracji 1: IF Strength >= 37.40 AND Strength <= 47.85 THEN class = {12.28} [9.98, 14.58], (p=172, n=28, P=593, N=562)
2026-04-14 12:39:52,646 - INFO - *****GROWING RR RULE*****
2026-04-14 12:39:52,735 - INFO - Iteracja 0: condition_best: None, quality_best: -inf, coverage_best: (p=0, n=0, P=0, N=0), p_value: 0
2026-04-14 12:39:52,735 - INFO - Regula po iteracji 0: IF  THEN class = {14.89} [11.49, 18.30], (p=767, n=388, P=767, N=388)
2026-04-14 12:39:52,736 - INFO - *****STOP GROWING RR RULE*****
2026-04-14 12:39:52,736 - INFO - ***RR NOT FOUND***
2026-04-14 12:39:52,744 - INFO - Iteracja 2: condition_best: Strength <= 46.85, quality_best: 0.458, coverage_best: (p=171, n=28, P=593, N=562)
2026-04-14 12:39:52,744 - INFO - Regula po iteracji 2: IF Strength >= 37.40 AND Strength <= 47.85 AND Strength <= 46.85 THEN class = {12.29} [9.99, 14.59], (p=171, n=28, P=593, N=562)
2026-04-14 12:39:52,744 - INFO - *****GROWING RR RULE*****
2026-04-14 12:39:52,833 - INFO - Iteracja 0: condition_best: None, quality_best: -inf, coverage_best: (p=0, n=0, P=0, N=0), p_value: 0
2026-04-14 12:39:52,834 - INFO - Regula po iteracji 0: IF  THEN class = {14.89} [11.49, 18.30], (p=767, n=388, P=767, N=388)
2026-04-14 12:39:52,834 - INFO - *****STOP GROWING RR RULE*****
2026-04-14 12:39:52,834 - INFO - ***RR NOT FOUND***
2026-04-14 12:39:52,842 - INFO - Iteracja 3: condition_best: Strength >= 37.75, quality_best: 0.454, coverage_best: (p=161, n=26, P=593, N=562)
2026-04-14 12:39:52,842 - INFO - Regula po iteracji 3: IF Strength >= 37.40 AND Strength <= 47.85 AND Strength <= 46.85 AND Strength >= 37.75 THEN class = {12.26} [9.95, 14.56], (p=161, n=26, P=593, N=562)
2026-04-14 12:39:52,842 - INFO - *****GROWING RR RULE*****
2026-04-14 12:39:52,932 - INFO - Iteracja 0: condition_best: None, quality_best: -inf, coverage_best: (p=0, n=0, P=0, N=0), p_value: 0
2026-04-14 12:39:52,932 - INFO - Regula po iteracji 0: IF  THEN class = {14.89} [11.49, 18.30], (p=767, n=388, P=767, N=388)
2026-04-14 12:39:52,932 - INFO - *****STOP GROWING RR RULE*****
2026-04-14 12:39:52,932 - INFO - ***RR NOT FOUND***
2026-04-14 12:39:52,940 - INFO - Iteracja 4: condition_best: Temperature >= 255.00, quality_best: 0.453, coverage_best: (p=160, n=26, P=593, N=562)
2026-04-14 12:39:52,940 - INFO - Regula po iteracji 4: IF Strength >= 37.40 AND Strength <= 47.85 AND Strength <= 46.85 AND Strength >= 37.75 AND Temperature >= 255.00 THEN class = {12.27} [9.96, 14.58], (p=160, n=26, P=593, N=562)
2026-04-14 12:39:52,940 - INFO - *****GROWING RR RULE*****
2026-04-14 12:39:53,030 - INFO - Iteracja 0: condition_best: None, quality_best: -inf, coverage_best: (p=0, n=0, P=0, N=0), p_value: 0
2026-04-14 12:39:53,030 - INFO - Regula po iteracji 0: IF  THEN class = {14.89} [11.49, 18.30], (p=767, n=388, P=767, N=388)
2026-04-14 12:39:53,030 - INFO - *****STOP GROWING RR RULE*****
2026-04-14 12:39:53,030 - INFO - ***RR NOT FOUND***
2026-04-14 12:39:53,030 - INFO - *******STOP GROWING CR RULE*******
2026-04-14 12:39:53,036 - INFO - *******GROWING CR RULE*******
2026-04-14 12:39:53,098 - INFO - Iteracja 0: condition_best: Strength >= 37.40, quality_best: 0.461, coverage_best: (p=173, n=28, P=593, N=562)
2026-04-14 12:39:53,098 - INFO - Regula po iteracji 0: IF Strength >= 37.40 THEN class = {12.27} [9.97, 14.57], (p=173, n=28, P=593, N=562)
2026-04-14 12:39:53,098 - INFO - *****GROWING RR RULE*****
2026-04-14 12:39:53,187 - INFO - Iteracja 0: condition_best: None, quality_best: -inf, coverage_best: (p=0, n=0, P=0, N=0), p_value: 0
2026-04-14 12:39:53,187 - INFO - Regula po iteracji 0: IF  THEN class = {14.89} [11.49, 18.30], (p=767, n=388, P=767, N=388)
2026-04-14 12:39:53,187 - INFO - *****STOP GROWING RR RULE*****
2026-04-14 12:39:53,187 - INFO - ***RR NOT FOUND***
2026-04-14 12:39:53,195 - INFO - Iteracja 1: condition_best: Strength <= 47.85, quality_best: 0.459, coverage_best: (p=172, n=28, P=593, N=562)
2026-04-14 12:39:53,195 - INFO - Regula po iteracji 1: IF Strength >= 37.40 AND Strength <= 47.85 THEN class = {12.28} [9.98, 14.58], (p=172, n=28, P=593, N=562)
2026-04-14 12:39:53,196 - INFO - *****GROWING RR RULE*****
2026-04-14 12:39:53,284 - INFO - Iteracja 0: condition_best: None, quality_best: -inf, coverage_best: (p=0, n=0, P=0, N=0), p_value: 0
2026-04-14 12:39:53,284 - INFO - Regula po iteracji 0: IF  THEN class = {14.89} [11.49, 18.30], (p=767, n=388, P=767, N=388)
2026-04-14 12:39:53,285 - INFO - *****STOP GROWING RR RULE*****
2026-04-14 12:39:53,285 - INFO - ***RR NOT FOUND***
2026-04-14 12:39:53,293 - INFO - Iteracja 2: condition_best: Strength <= 46.85, quality_best: 0.458, coverage_best: (p=171, n=28, P=593, N=562)
2026-04-14 12:39:53,293 - INFO - Regula po iteracji 2: IF Strength >= 37.40 AND Strength <= 47.85 AND Strength <= 46.85 THEN class = {12.29} [9.99, 14.59], (p=171, n=28, P=593, N=562)
2026-04-14 12:39:53,293 - INFO - *****GROWING RR RULE*****
2026-04-14 12:39:53,382 - INFO - Iteracja 0: condition_best: None, quality_best: -inf, coverage_best: (p=0, n=0, P=0, N=0), p_value: 0
2026-04-14 12:39:53,382 - INFO - Regula po iteracji 0: IF  THEN class = {14.89} [11.49, 18.30], (p=767, n=388, P=767, N=388)
2026-04-14 12:39:53,382 - INFO - *****STOP GROWING RR RULE*****
2026-04-14 12:39:53,383 - INFO - ***RR NOT FOUND***
2026-04-14 12:39:53,391 - INFO - Iteracja 3: condition_best: Strength >= 37.60, quality_best: 0.449, coverage_best: (p=165, n=28, P=593, N=562)
2026-04-14 12:39:53,391 - INFO - Regula po iteracji 3: IF Strength >= 37.40 AND Strength <= 47.85 AND Strength <= 46.85 AND Strength >= 37.60 THEN class = {12.30} [9.99, 14.62], (p=165, n=28, P=593, N=562)
2026-04-14 12:39:53,391 - INFO - *****GROWING RR RULE*****
2026-04-14 12:39:53,483 - INFO - Iteracja 0: condition_best: None, quality_best: -inf, coverage_best: (p=0, n=0, P=0, N=0), p_value: 0
2026-04-14 12:39:53,483 - INFO - Regula po iteracji 0: IF  THEN class = {14.89} [11.49, 18.30], (p=767, n=388, P=767, N=388)
2026-04-14 12:39:53,483 - INFO - *****STOP GROWING RR RULE*****
2026-04-14 12:39:53,483 - INFO - ***RR NOT FOUND***
2026-04-14 12:39:53,493 - INFO - Iteracja 4: condition_best: Temperature >= 255.00, quality_best: 0.447, coverage_best: (p=164, n=28, P=593, N=562)
2026-04-14 12:39:53,493 - INFO - Regula po iteracji 4: IF Strength >= 37.40 AND Strength <= 47.85 AND Strength <= 46.85 AND Strength >= 37.60 AND Temperature >= 255.00 THEN class = {12.31} [10.00, 14.63], (p=164, n=28, P=593, N=562)
2026-04-14 12:39:53,493 - INFO - *****GROWING RR RULE*****
2026-04-14 12:39:53,585 - INFO - Iteracja 0: condition_best: None, quality_best: -inf, coverage_best: (p=0, n=0, P=0, N=0), p_value: 0
2026-04-14 12:39:53,585 - INFO - Regula po iteracji 0: IF  THEN class = {14.89} [11.49, 18.30], (p=767, n=388, P=767, N=388)
2026-04-14 12:39:53,585 - INFO - *****STOP GROWING RR RULE*****
2026-04-14 12:39:53,585 - INFO - ***RR NOT FOUND***
2026-04-14 12:39:53,585 - INFO - *******STOP GROWING CR RULE*******
2026-04-14 12:39:53,591 - INFO - *******GROWING CR RULE*******
2026-04-14 12:39:53,654 - INFO - Iteracja 0: condition_best: Strength <= 18.25, quality_best: 0.461, coverage_best: (p=60, n=10, P=365, N=790)
2026-04-14 12:39:53,655 - INFO - Regula po iteracji 0: IF Strength <= 18.25 THEN class = {18.74} [17.30, 20.18], (p=60, n=10, P=365, N=790)
2026-04-14 12:39:53,655 - INFO - *****GROWING RR RULE*****
2026-04-14 12:39:53,741 - INFO - Iteracja 0: condition_best: None, quality_best: -inf, coverage_best: (p=0, n=0, P=0, N=0), p_value: 0
2026-04-14 12:39:53,742 - INFO - Regula po iteracji 0: IF  THEN class = {14.89} [11.49, 18.30], (p=767, n=388, P=767, N=388)
2026-04-14 12:39:53,742 - INFO - *****STOP GROWING RR RULE*****
2026-04-14 12:39:53,742 - INFO - ***RR NOT FOUND***
2026-04-14 12:39:53,745 - INFO - Iteracja 1: condition_best: Strength >= 12.55, quality_best: 0.458, coverage_best: (p=59, n=10, P=365, N=790)
2026-04-14 12:39:53,745 - INFO - Regula po iteracji 1: IF Strength <= 18.25 AND Strength >= 12.55 THEN class = {18.72} [17.28, 20.17], (p=59, n=10, P=365, N=790)
2026-04-14 12:39:53,745 - INFO - *****GROWING RR RULE*****
2026-04-14 12:39:53,832 - INFO - Iteracja 0: condition_best: None, quality_best: -inf, coverage_best: (p=0, n=0, P=0, N=0), p_value: 0
2026-04-14 12:39:53,832 - INFO - Regula po iteracji 0: IF  THEN class = {14.89} [11.49, 18.30], (p=767, n=388, P=767, N=388)
2026-04-14 12:39:53,833 - INFO - *****STOP GROWING RR RULE*****
2026-04-14 12:39:53,833 - INFO - ***RR NOT FOUND***
2026-04-14 12:39:53,836 - INFO - Iteracja 2: condition_best: Strength >= 12.95, quality_best: 0.455, coverage_best: (p=58, n=10, P=365, N=790)
2026-04-14 12:39:53,836 - INFO - Regula po iteracji 2: IF Strength <= 18.25 AND Strength >= 12.55 AND Strength >= 12.95 THEN class = {18.71} [17.26, 20.15], (p=58, n=10, P=365, N=790)
2026-04-14 12:39:53,836 - INFO - *****GROWING RR RULE*****
2026-04-14 12:39:53,924 - INFO - Iteracja 0: condition_best: None, quality_best: -inf, coverage_best: (p=0, n=0, P=0, N=0), p_value: 0
2026-04-14 12:39:53,924 - INFO - Regula po iteracji 0: IF  THEN class = {14.89} [11.49, 18.30], (p=767, n=388, P=767, N=388)
2026-04-14 12:39:53,924 - INFO - *****STOP GROWING RR RULE*****
2026-04-14 12:39:53,924 - INFO - ***RR NOT FOUND***
2026-04-14 12:39:53,927 - INFO - Iteracja 3: condition_best: Strength >= 13.45, quality_best: 0.452, coverage_best: (p=57, n=10, P=365, N=790)
2026-04-14 12:39:53,927 - INFO - Regula po iteracji 3: IF Strength <= 18.25 AND Strength >= 12.55 AND Strength >= 12.95 AND Strength >= 13.45 THEN class = {18.69} [17.24, 20.13], (p=57, n=10, P=365, N=790)
2026-04-14 12:39:53,928 - INFO - *****GROWING RR RULE*****
2026-04-14 12:39:54,014 - INFO - Iteracja 0: condition_best: None, quality_best: -inf, coverage_best: (p=0, n=0, P=0, N=0), p_value: 0
2026-04-14 12:39:54,015 - INFO - Regula po iteracji 0: IF  THEN class = {14.89} [11.49, 18.30], (p=767, n=388, P=767, N=388)
2026-04-14 12:39:54,015 - INFO - *****STOP GROWING RR RULE*****
2026-04-14 12:39:54,015 - INFO - ***RR NOT FOUND***
2026-04-14 12:39:54,018 - INFO - Iteracja 4: condition_best: Strength >= 13.95, quality_best: 0.449, coverage_best: (p=56, n=10, P=365, N=790)
2026-04-14 12:39:54,018 - INFO - Regula po iteracji 4: IF Strength <= 18.25 AND Strength >= 12.55 AND Strength >= 12.95 AND Strength >= 13.45 AND Strength >= 13.95 THEN class = {18.67} [17.22, 20.12], (p=56, n=10, P=365, N=790)
2026-04-14 12:39:54,018 - INFO - *****GROWING RR RULE*****
2026-04-14 12:39:54,105 - INFO - Iteracja 0: condition_best: None, quality_best: -inf, coverage_best: (p=0, n=0, P=0, N=0), p_value: 0
2026-04-14 12:39:54,105 - INFO - Regula po iteracji 0: IF  THEN class = {14.89} [11.49, 18.30], (p=767, n=388, P=767, N=388)
2026-04-14 12:39:54,105 - INFO - *****STOP GROWING RR RULE*****
2026-04-14 12:39:54,106 - INFO - ***RR NOT FOUND***
2026-04-14 12:39:54,106 - INFO - *******STOP GROWING CR RULE*******
2026-04-14 12:39:54,112 - INFO - *******GROWING CR RULE*******
2026-04-14 12:39:54,173 - INFO - Iteracja 0: condition_best: Strength >= 37.25, quality_best: 0.46, coverage_best: (p=176, n=29, P=593, N=562)
2026-04-14 12:39:54,173 - INFO - Regula po iteracji 0: IF Strength >= 37.25 THEN class = {12.28} [9.98, 14.58], (p=176, n=29, P=593, N=562)
2026-04-14 12:39:54,174 - INFO - *****GROWING RR RULE*****
2026-04-14 12:39:54,263 - INFO - Iteracja 0: condition_best: None, quality_best: -inf, coverage_best: (p=0, n=0, P=0, N=0), p_value: 0
2026-04-14 12:39:54,263 - INFO - Regula po iteracji 0: IF  THEN class = {14.89} [11.49, 18.30], (p=767, n=388, P=767, N=388)
2026-04-14 12:39:54,263 - INFO - *****STOP GROWING RR RULE*****
2026-04-14 12:39:54,263 - INFO - ***RR NOT FOUND***
2026-04-14 12:39:54,272 - INFO - Iteracja 1: condition_best: Strength <= 47.85, quality_best: 0.458, coverage_best: (p=175, n=29, P=593, N=562)
2026-04-14 12:39:54,272 - INFO - Regula po iteracji 1: IF Strength >= 37.25 AND Strength <= 47.85 THEN class = {12.29} [9.99, 14.59], (p=175, n=29, P=593, N=562)
2026-04-14 12:39:54,272 - INFO - *****GROWING RR RULE*****
2026-04-14 12:39:54,362 - INFO - Iteracja 0: condition_best: None, quality_best: -inf, coverage_best: (p=0, n=0, P=0, N=0), p_value: 0
2026-04-14 12:39:54,362 - INFO - Regula po iteracji 0: IF  THEN class = {14.89} [11.49, 18.30], (p=767, n=388, P=767, N=388)
2026-04-14 12:39:54,362 - INFO - *****STOP GROWING RR RULE*****
2026-04-14 12:39:54,362 - INFO - ***RR NOT FOUND***
2026-04-14 12:39:54,370 - INFO - Iteracja 2: condition_best: Temperature <= 285.00, quality_best: 0.434, coverage_best: (p=64, n=13, P=389, N=766)
2026-04-14 12:39:54,370 - INFO - Regula po iteracji 2: IF Strength >= 37.25 AND Strength <= 47.85 AND Temperature <= 285.00 THEN class = {11.30} [9.66, 12.93], (p=64, n=13, P=389, N=766)
2026-04-14 12:39:54,371 - INFO - *****GROWING RR RULE*****
2026-04-14 12:39:54,458 - INFO - Iteracja 0: condition_best: None, quality_best: -inf, coverage_best: (p=0, n=0, P=0, N=0), p_value: 0
2026-04-14 12:39:54,458 - INFO - Regula po iteracji 0: IF  THEN class = {14.89} [11.49, 18.30], (p=767, n=388, P=767, N=388)
2026-04-14 12:39:54,458 - INFO - *****STOP GROWING RR RULE*****
2026-04-14 12:39:54,459 - INFO - ***RR NOT FOUND***
2026-04-14 12:39:54,463 - INFO - Iteracja 3: condition_best: Strength <= 43.75, quality_best: 0.431, coverage_best: (p=63, n=13, P=389, N=766)
2026-04-14 12:39:54,463 - INFO - Regula po iteracji 3: IF Strength >= 37.25 AND Strength <= 47.85 AND Temperature <= 285.00 AND Strength <= 43.75 THEN class = {11.32} [9.68, 12.96], (p=63, n=13, P=389, N=766)
2026-04-14 12:39:54,463 - INFO - *****GROWING RR RULE*****
2026-04-14 12:39:54,553 - INFO - Iteracja 0: condition_best: None, quality_best: -inf, coverage_best: (p=0, n=0, P=0, N=0), p_value: 0
2026-04-14 12:39:54,554 - INFO - Regula po iteracji 0: IF  THEN class = {14.89} [11.49, 18.30], (p=767, n=388, P=767, N=388)
2026-04-14 12:39:54,554 - INFO - *****STOP GROWING RR RULE*****
2026-04-14 12:39:54,554 - INFO - ***RR NOT FOUND***
2026-04-14 12:39:54,558 - INFO - Iteracja 4: condition_best: Strength <= 42.85, quality_best: 0.428, coverage_best: (p=62, n=13, P=389, N=766)
2026-04-14 12:39:54,558 - INFO - Regula po iteracji 4: IF Strength >= 37.25 AND Strength <= 47.85 AND Temperature <= 285.00 AND Strength <= 43.75 AND Strength <= 42.85 THEN class = {11.33} [9.69, 12.98], (p=62, n=13, P=389, N=766)
2026-04-14 12:39:54,558 - INFO - *****GROWING RR RULE*****
2026-04-14 12:39:54,648 - INFO - Iteracja 0: condition_best: None, quality_best: -inf, coverage_best: (p=0, n=0, P=0, N=0), p_value: 0
2026-04-14 12:39:54,648 - INFO - Regula po iteracji 0: IF  THEN class = {14.89} [11.49, 18.30], (p=767, n=388, P=767, N=388)
2026-04-14 12:39:54,648 - INFO - *****STOP GROWING RR RULE*****
2026-04-14 12:39:54,648 - INFO - ***RR NOT FOUND***
2026-04-14 12:39:54,648 - INFO - *******STOP GROWING CR RULE*******
2026-04-14 12:39:54,654 - INFO - *******GROWING CR RULE*******
2026-04-14 12:39:54,717 - INFO - Iteracja 0: condition_best: Strength >= 37.10, quality_best: 0.459, coverage_best: (p=179, n=30, P=593, N=562)
2026-04-14 12:39:54,717 - INFO - Regula po iteracji 0: IF Strength >= 37.10 THEN class = {12.30} [10.00, 14.60], (p=179, n=30, P=593, N=562)
2026-04-14 12:39:54,717 - INFO - *****GROWING RR RULE*****
2026-04-14 12:39:54,807 - INFO - Iteracja 0: condition_best: None, quality_best: -inf, coverage_best: (p=0, n=0, P=0, N=0), p_value: 0
2026-04-14 12:39:54,807 - INFO - Regula po iteracji 0: IF  THEN class = {14.89} [11.49, 18.30], (p=767, n=388, P=767, N=388)
2026-04-14 12:39:54,807 - INFO - *****STOP GROWING RR RULE*****
2026-04-14 12:39:54,807 - INFO - ***RR NOT FOUND***
2026-04-14 12:39:54,816 - INFO - Iteracja 1: condition_best: Temperature <= 295.00, quality_best: 0.398, coverage_best: (p=104, n=34, P=389, N=766)
2026-04-14 12:39:54,816 - INFO - Regula po iteracji 1: IF Strength >= 37.10 AND Temperature <= 295.00 THEN class = {11.72} [9.81, 13.64], (p=104, n=34, P=389, N=766)
2026-04-14 12:39:54,816 - INFO - *****GROWING RR RULE*****
2026-04-14 12:39:54,905 - INFO - Iteracja 0: condition_best: None, quality_best: -inf, coverage_best: (p=0, n=0, P=0, N=0), p_value: 0
2026-04-14 12:39:54,905 - INFO - Regula po iteracji 0: IF  THEN class = {14.89} [11.49, 18.30], (p=767, n=388, P=767, N=388)
2026-04-14 12:39:54,905 - INFO - *****STOP GROWING RR RULE*****
2026-04-14 12:39:54,905 - INFO - ***RR NOT FOUND***
2026-04-14 12:39:54,912 - INFO - Iteracja 2: condition_best: Strength <= 46.60, quality_best: 0.396, coverage_best: (p=103, n=34, P=389, N=766)
2026-04-14 12:39:54,912 - INFO - Regula po iteracji 2: IF Strength >= 37.10 AND Temperature <= 295.00 AND Strength <= 46.60 THEN class = {11.74} [9.82, 13.65], (p=103, n=34, P=389, N=766)
2026-04-14 12:39:54,913 - INFO - *****GROWING RR RULE*****
2026-04-14 12:39:55,002 - INFO - Iteracja 0: condition_best: None, quality_best: -inf, coverage_best: (p=0, n=0, P=0, N=0), p_value: 0
2026-04-14 12:39:55,002 - INFO - Regula po iteracji 0: IF  THEN class = {14.89} [11.49, 18.30], (p=767, n=388, P=767, N=388)
2026-04-14 12:39:55,002 - INFO - *****STOP GROWING RR RULE*****
2026-04-14 12:39:55,003 - INFO - ***RR NOT FOUND***
2026-04-14 12:39:55,009 - INFO - Iteracja 3: condition_best: Strength <= 46.15, quality_best: 0.393, coverage_best: (p=102, n=34, P=389, N=766)
2026-04-14 12:39:55,009 - INFO - Regula po iteracji 3: IF Strength >= 37.10 AND Temperature <= 295.00 AND Strength <= 46.60 AND Strength <= 46.15 THEN class = {11.75} [9.83, 13.67], (p=102, n=34, P=389, N=766)
2026-04-14 12:39:55,009 - INFO - *****GROWING RR RULE*****
2026-04-14 12:39:55,099 - INFO - Iteracja 0: condition_best: None, quality_best: -inf, coverage_best: (p=0, n=0, P=0, N=0), p_value: 0
2026-04-14 12:39:55,099 - INFO - Regula po iteracji 0: IF  THEN class = {14.89} [11.49, 18.30], (p=767, n=388, P=767, N=388)
2026-04-14 12:39:55,099 - INFO - *****STOP GROWING RR RULE*****
2026-04-14 12:39:55,099 - INFO - ***RR NOT FOUND***
2026-04-14 12:39:55,105 - INFO - Iteracja 4: condition_best: Strength <= 45.40, quality_best: 0.391, coverage_best: (p=101, n=34, P=389, N=766)
2026-04-14 12:39:55,105 - INFO - Regula po iteracji 4: IF Strength >= 37.10 AND Temperature <= 295.00 AND Strength <= 46.60 AND Strength <= 46.15 AND Strength <= 45.40 THEN class = {11.76} [9.85, 13.68], (p=101, n=34, P=389, N=766)
2026-04-14 12:39:55,106 - INFO - *****GROWING RR RULE*****
2026-04-14 12:39:55,195 - INFO - Iteracja 0: condition_best: None, quality_best: -inf, coverage_best: (p=0, n=0, P=0, N=0), p_value: 0
2026-04-14 12:39:55,195 - INFO - Regula po iteracji 0: IF  THEN class = {14.89} [11.49, 18.30], (p=767, n=388, P=767, N=388)
2026-04-14 12:39:55,195 - INFO - *****STOP GROWING RR RULE*****
2026-04-14 12:39:55,195 - INFO - ***RR NOT FOUND***
2026-04-14 12:39:55,195 - INFO - *******STOP GROWING CR RULE*******
2026-04-14 12:39:55,201 - INFO - *******GROWING CR RULE*******
2026-04-14 12:39:55,263 - INFO - Iteracja 0: condition_best: Strength <= 18.55, quality_best: 0.452, coverage_best: (p=64, n=12, P=365, N=790)
2026-04-14 12:39:55,263 - INFO - Regula po iteracji 0: IF Strength <= 18.55 THEN class = {18.68} [17.21, 20.16], (p=64, n=12, P=365, N=790)
2026-04-14 12:39:55,264 - INFO - *****GROWING RR RULE*****
2026-04-14 12:39:55,351 - INFO - Iteracja 0: condition_best: None, quality_best: -inf, coverage_best: (p=0, n=0, P=0, N=0), p_value: 0
2026-04-14 12:39:55,351 - INFO - Regula po iteracji 0: IF  THEN class = {14.89} [11.49, 18.30], (p=767, n=388, P=767, N=388)
2026-04-14 12:39:55,351 - INFO - *****STOP GROWING RR RULE*****
2026-04-14 12:39:55,351 - INFO - ***RR NOT FOUND***
2026-04-14 12:39:55,355 - INFO - Iteracja 1: condition_best: Strength <= 18.45, quality_best: 0.449, coverage_best: (p=63, n=12, P=365, N=790)
2026-04-14 12:39:55,355 - INFO - Regula po iteracji 1: IF Strength <= 18.55 AND Strength <= 18.45 THEN class = {18.67} [17.19, 20.14], (p=63, n=12, P=365, N=790)
2026-04-14 12:39:55,355 - INFO - *****GROWING RR RULE*****
2026-04-14 12:39:55,443 - INFO - Iteracja 0: condition_best: None, quality_best: -inf, coverage_best: (p=0, n=0, P=0, N=0), p_value: 0
2026-04-14 12:39:55,443 - INFO - Regula po iteracji 0: IF  THEN class = {14.89} [11.49, 18.30], (p=767, n=388, P=767, N=388)
2026-04-14 12:39:55,443 - INFO - *****STOP GROWING RR RULE*****
2026-04-14 12:39:55,443 - INFO - ***RR NOT FOUND***
2026-04-14 12:39:55,447 - INFO - Iteracja 2: condition_best: Strength >= 12.55, quality_best: 0.446, coverage_best: (p=62, n=12, P=365, N=790)
2026-04-14 12:39:55,447 - INFO - Regula po iteracji 2: IF Strength <= 18.55 AND Strength <= 18.45 AND Strength >= 12.55 THEN class = {18.65} [17.17, 20.12], (p=62, n=12, P=365, N=790)
2026-04-14 12:39:55,448 - INFO - *****GROWING RR RULE*****
2026-04-14 12:39:55,536 - INFO - Iteracja 0: condition_best: None, quality_best: -inf, coverage_best: (p=0, n=0, P=0, N=0), p_value: 0
2026-04-14 12:39:55,537 - INFO - Regula po iteracji 0: IF  THEN class = {14.89} [11.49, 18.30], (p=767, n=388, P=767, N=388)
2026-04-14 12:39:55,537 - INFO - *****STOP GROWING RR RULE*****
2026-04-14 12:39:55,537 - INFO - ***RR NOT FOUND***
2026-04-14 12:39:55,540 - INFO - Iteracja 3: condition_best: Strength >= 12.95, quality_best: 0.443, coverage_best: (p=61, n=12, P=365, N=790)
2026-04-14 12:39:55,540 - INFO - Regula po iteracji 3: IF Strength <= 18.55 AND Strength <= 18.45 AND Strength >= 12.55 AND Strength >= 12.95 THEN class = {18.63} [17.15, 20.11], (p=61, n=12, P=365, N=790)
2026-04-14 12:39:55,541 - INFO - *****GROWING RR RULE*****
2026-04-14 12:39:55,631 - INFO - Iteracja 0: condition_best: None, quality_best: -inf, coverage_best: (p=0, n=0, P=0, N=0), p_value: 0
2026-04-14 12:39:55,631 - INFO - Regula po iteracji 0: IF  THEN class = {14.89} [11.49, 18.30], (p=767, n=388, P=767, N=388)
2026-04-14 12:39:55,632 - INFO - *****STOP GROWING RR RULE*****
2026-04-14 12:39:55,632 - INFO - ***RR NOT FOUND***
2026-04-14 12:39:55,635 - INFO - Iteracja 4: condition_best: Strength >= 13.45, quality_best: 0.44, coverage_best: (p=60, n=12, P=365, N=790)
2026-04-14 12:39:55,635 - INFO - Regula po iteracji 4: IF Strength <= 18.55 AND Strength <= 18.45 AND Strength >= 12.55 AND Strength >= 12.95 AND Strength >= 13.45 THEN class = {18.61} [17.13, 20.09], (p=60, n=12, P=365, N=790)
2026-04-14 12:39:55,636 - INFO - *****GROWING RR RULE*****
2026-04-14 12:39:55,725 - INFO - Iteracja 0: condition_best: None, quality_best: -inf, coverage_best: (p=0, n=0, P=0, N=0), p_value: 0
2026-04-14 12:39:55,725 - INFO - Regula po iteracji 0: IF  THEN class = {14.89} [11.49, 18.30], (p=767, n=388, P=767, N=388)
2026-04-14 12:39:55,725 - INFO - *****STOP GROWING RR RULE*****
2026-04-14 12:39:55,725 - INFO - ***RR NOT FOUND***
2026-04-14 12:39:55,725 - INFO - *******STOP GROWING CR RULE*******
2026-04-14 12:39:55,731 - INFO - *******GROWING CR RULE*******
2026-04-14 12:39:55,793 - INFO - Iteracja 0: condition_best: Strength >= 36.90, quality_best: 0.451, coverage_best: (p=181, n=32, P=593, N=562)
2026-04-14 12:39:55,793 - INFO - Regula po iteracji 0: IF Strength >= 36.90 THEN class = {12.35} [9.97, 14.72], (p=181, n=32, P=593, N=562)
2026-04-14 12:39:55,793 - INFO - *****GROWING RR RULE*****
2026-04-14 12:39:55,883 - INFO - Iteracja 0: condition_best: None, quality_best: -inf, coverage_best: (p=0, n=0, P=0, N=0), p_value: 0
2026-04-14 12:39:55,883 - INFO - Regula po iteracji 0: IF  THEN class = {14.89} [11.49, 18.30], (p=767, n=388, P=767, N=388)
2026-04-14 12:39:55,883 - INFO - *****STOP GROWING RR RULE*****
2026-04-14 12:39:55,883 - INFO - ***RR NOT FOUND***
2026-04-14 12:39:55,892 - INFO - Iteracja 1: condition_best: Strength <= 47.85, quality_best: 0.45, coverage_best: (p=180, n=32, P=593, N=562)
2026-04-14 12:39:55,892 - INFO - Regula po iteracji 1: IF Strength >= 36.90 AND Strength <= 47.85 THEN class = {12.36} [9.98, 14.73], (p=180, n=32, P=593, N=562)
2026-04-14 12:39:55,892 - INFO - *****GROWING RR RULE*****
2026-04-14 12:39:55,982 - INFO - Iteracja 0: condition_best: None, quality_best: -inf, coverage_best: (p=0, n=0, P=0, N=0), p_value: 0
2026-04-14 12:39:55,982 - INFO - Regula po iteracji 0: IF  THEN class = {14.89} [11.49, 18.30], (p=767, n=388, P=767, N=388)
2026-04-14 12:39:55,982 - INFO - *****STOP GROWING RR RULE*****
2026-04-14 12:39:55,982 - INFO - ***RR NOT FOUND***
2026-04-14 12:39:55,991 - INFO - Iteracja 2: condition_best: Strength <= 46.85, quality_best: 0.448, coverage_best: (p=179, n=32, P=593, N=562)
2026-04-14 12:39:55,991 - INFO - Regula po iteracji 2: IF Strength >= 36.90 AND Strength <= 47.85 AND Strength <= 46.85 THEN class = {12.37} [9.99, 14.75], (p=179, n=32, P=593, N=562)
2026-04-14 12:39:55,991 - INFO - *****GROWING RR RULE*****
2026-04-14 12:39:56,081 - INFO - Iteracja 0: condition_best: None, quality_best: -inf, coverage_best: (p=0, n=0, P=0, N=0), p_value: 0
2026-04-14 12:39:56,081 - INFO - Regula po iteracji 0: IF  THEN class = {14.89} [11.49, 18.30], (p=767, n=388, P=767, N=388)
2026-04-14 12:39:56,081 - INFO - *****STOP GROWING RR RULE*****
2026-04-14 12:39:56,081 - INFO - ***RR NOT FOUND***
2026-04-14 12:39:56,090 - INFO - Iteracja 3: condition_best: Strength <= 38.55, quality_best: 0.192, coverage_best: (p=37, n=17, P=585, N=570)
2026-04-14 12:39:56,090 - INFO - Regula po iteracji 3: IF Strength >= 36.90 AND Strength <= 47.85 AND Strength <= 46.85 AND Strength <= 38.55 THEN class = {13.52} [10.88, 16.16], (p=37, n=17, P=585, N=570)
2026-04-14 12:39:56,090 - INFO - *****GROWING RR RULE*****
2026-04-14 12:39:56,182 - INFO - Iteracja 0: condition_best: Temperature <= 265.00, quality_best: 0.014, coverage_best: (p=493, n=243, P=767, N=388), p_value: 10
2026-04-14 12:39:56,183 - INFO - Regula po iteracji 0: IF Temperature <= 265.00 THEN class = {14.89} [11.49, 18.30], (p=493, n=243, P=767, N=388)
2026-04-14 12:39:56,240 - INFO - Iteracja 1: condition_best: None, quality_best: -inf, coverage_best: (p=0, n=0, P=0, N=0), p_value: 10
2026-04-14 12:39:56,240 - INFO - Regula po iteracji 1: IF Temperature <= 265.00 THEN class = {14.84} [11.46, 18.23], (p=493, n=243, P=767, N=388)
2026-04-14 12:39:56,241 - INFO - *****STOP GROWING RR RULE*****
2026-04-14 12:39:56,241 - INFO - ***RR FOUND***
2026-04-14 12:39:56,241 - INFO - Reference rule: IF Temperature <= 265.00 THEN class = {14.84} [11.46, 18.23]
2026-04-14 12:39:56,241 - INFO - ***CHECKING EXCEPTION***
2026-04-14 12:39:56,242 - INFO - *******STOP GROWING CR RULE*******
2026-04-14 12:39:56,248 - INFO - *******GROWING CR RULE*******
2026-04-14 12:39:56,310 - INFO - Iteracja 0: condition_best: Strength <= 19.10, quality_best: 0.418, coverage_best: (p=70, n=18, P=365, N=790)
2026-04-14 12:39:56,310 - INFO - Regula po iteracji 0: IF Strength <= 19.10 THEN class = {18.48} [16.83, 20.13], (p=70, n=18, P=365, N=790)
2026-04-14 12:39:56,310 - INFO - *****GROWING RR RULE*****
2026-04-14 12:39:56,398 - INFO - Iteracja 0: condition_best: None, quality_best: -inf, coverage_best: (p=0, n=0, P=0, N=0), p_value: 0
2026-04-14 12:39:56,398 - INFO - Regula po iteracji 0: IF  THEN class = {14.89} [11.49, 18.30], (p=767, n=388, P=767, N=388)
2026-04-14 12:39:56,398 - INFO - *****STOP GROWING RR RULE*****
2026-04-14 12:39:56,398 - INFO - ***RR NOT FOUND***
2026-04-14 12:39:56,402 - INFO - Iteracja 1: condition_best: Temperature >= 205.00, quality_best: 0.498, coverage_best: (p=40, n=3, P=365, N=790)
2026-04-14 12:39:56,402 - INFO - Regula po iteracji 1: IF Strength <= 19.10 AND Temperature >= 205.00 THEN class = {19.12} [17.87, 20.36], (p=40, n=3, P=365, N=790)
2026-04-14 12:39:56,403 - INFO - *****GROWING RR RULE*****
2026-04-14 12:39:56,490 - INFO - Iteracja 0: condition_best: None, quality_best: -inf, coverage_best: (p=0, n=0, P=0, N=0), p_value: 0
2026-04-14 12:39:56,490 - INFO - Regula po iteracji 0: IF  THEN class = {14.89} [11.49, 18.30], (p=767, n=388, P=767, N=388)
2026-04-14 12:39:56,490 - INFO - *****STOP GROWING RR RULE*****
2026-04-14 12:39:56,490 - INFO - ***RR NOT FOUND***
2026-04-14 12:39:56,493 - INFO - Iteracja 2: condition_best: Strength <= 18.75, quality_best: 0.496, coverage_best: (p=39, n=3, P=365, N=790)
2026-04-14 12:39:56,493 - INFO - Regula po iteracji 2: IF Strength <= 19.10 AND Temperature >= 205.00 AND Strength <= 18.75 THEN class = {19.10} [17.85, 20.35], (p=39, n=3, P=365, N=790)
2026-04-14 12:39:56,493 - INFO - *****GROWING RR RULE*****
2026-04-14 12:39:56,582 - INFO - Iteracja 0: condition_best: None, quality_best: -inf, coverage_best: (p=0, n=0, P=0, N=0), p_value: 0
2026-04-14 12:39:56,582 - INFO - Regula po iteracji 0: IF  THEN class = {14.89} [11.49, 18.30], (p=767, n=388, P=767, N=388)
2026-04-14 12:39:56,582 - INFO - *****STOP GROWING RR RULE*****
2026-04-14 12:39:56,582 - INFO - ***RR NOT FOUND***
2026-04-14 12:39:56,584 - INFO - Iteracja 3: condition_best: Strength >= 14.55, quality_best: 0.493, coverage_best: (p=38, n=3, P=365, N=790)
2026-04-14 12:39:56,584 - INFO - Regula po iteracji 3: IF Strength <= 19.10 AND Temperature >= 205.00 AND Strength <= 18.75 AND Strength >= 14.55 THEN class = {19.07} [17.82, 20.33], (p=38, n=3, P=365, N=790)
2026-04-14 12:39:56,585 - INFO - *****GROWING RR RULE*****
2026-04-14 12:39:56,673 - INFO - Iteracja 0: condition_best: None, quality_best: -inf, coverage_best: (p=0, n=0, P=0, N=0), p_value: 0
2026-04-14 12:39:56,674 - INFO - Regula po iteracji 0: IF  THEN class = {14.89} [11.49, 18.30], (p=767, n=388, P=767, N=388)
2026-04-14 12:39:56,674 - INFO - *****STOP GROWING RR RULE*****
2026-04-14 12:39:56,674 - INFO - ***RR NOT FOUND***
2026-04-14 12:39:56,676 - INFO - Iteracja 4: condition_best: Strength >= 14.95, quality_best: 0.49, coverage_best: (p=37, n=3, P=365, N=790)
2026-04-14 12:39:56,676 - INFO - Regula po iteracji 4: IF Strength <= 19.10 AND Temperature >= 205.00 AND Strength <= 18.75 AND Strength >= 14.55 AND Strength >= 14.95 THEN class = {19.05} [17.79, 20.31], (p=37, n=3, P=365, N=790)
2026-04-14 12:39:56,677 - INFO - *****GROWING RR RULE*****
2026-04-14 12:39:56,766 - INFO - Iteracja 0: condition_best: None, quality_best: -inf, coverage_best: (p=0, n=0, P=0, N=0), p_value: 0
2026-04-14 12:39:56,766 - INFO - Regula po iteracji 0: IF  THEN class = {14.89} [11.49, 18.30], (p=767, n=388, P=767, N=388)
2026-04-14 12:39:56,766 - INFO - *****STOP GROWING RR RULE*****
2026-04-14 12:39:56,766 - INFO - ***RR NOT FOUND***
2026-04-14 12:39:56,766 - INFO - *******STOP GROWING CR RULE*******
2026-04-14 12:39:56,772 - INFO - *******GROWING CR RULE*******
2026-04-14 12:39:56,835 - INFO - Iteracja 0: condition_best: Strength <= 19.10, quality_best: 0.418, coverage_best: (p=70, n=18, P=365, N=790)
2026-04-14 12:39:56,835 - INFO - Regula po iteracji 0: IF Strength <= 19.10 THEN class = {18.48} [16.83, 20.13], (p=70, n=18, P=365, N=790)
2026-04-14 12:39:56,836 - INFO - *****GROWING RR RULE*****
2026-04-14 12:39:56,923 - INFO - Iteracja 0: condition_best: None, quality_best: -inf, coverage_best: (p=0, n=0, P=0, N=0), p_value: 0
2026-04-14 12:39:56,923 - INFO - Regula po iteracji 0: IF  THEN class = {14.89} [11.49, 18.30], (p=767, n=388, P=767, N=388)
2026-04-14 12:39:56,923 - INFO - *****STOP GROWING RR RULE*****
2026-04-14 12:39:56,923 - INFO - ***RR NOT FOUND***
2026-04-14 12:39:56,927 - INFO - Iteracja 1: condition_best: Strength <= 18.90, quality_best: 0.415, coverage_best: (p=69, n=18, P=365, N=790)
2026-04-14 12:39:56,927 - INFO - Regula po iteracji 1: IF Strength <= 19.10 AND Strength <= 18.90 THEN class = {18.48} [16.82, 20.14], (p=69, n=18, P=365, N=790)
2026-04-14 12:39:56,928 - INFO - *****GROWING RR RULE*****
2026-04-14 12:39:57,014 - INFO - Iteracja 0: condition_best: None, quality_best: -inf, coverage_best: (p=0, n=0, P=0, N=0), p_value: 0
2026-04-14 12:39:57,014 - INFO - Regula po iteracji 0: IF  THEN class = {14.89} [11.49, 18.30], (p=767, n=388, P=767, N=388)
2026-04-14 12:39:57,015 - INFO - *****STOP GROWING RR RULE*****
2026-04-14 12:39:57,015 - INFO - ***RR NOT FOUND***
2026-04-14 12:39:57,019 - INFO - Iteracja 2: condition_best: Strength >= 12.55, quality_best: 0.412, coverage_best: (p=68, n=18, P=365, N=790)
2026-04-14 12:39:57,019 - INFO - Regula po iteracji 2: IF Strength <= 19.10 AND Strength <= 18.90 AND Strength >= 12.55 THEN class = {18.47} [16.80, 20.13], (p=68, n=18, P=365, N=790)
2026-04-14 12:39:57,019 - INFO - *****GROWING RR RULE*****
2026-04-14 12:39:57,107 - INFO - Iteracja 0: condition_best: None, quality_best: -inf, coverage_best: (p=0, n=0, P=0, N=0), p_value: 0
2026-04-14 12:39:57,107 - INFO - Regula po iteracji 0: IF  THEN class = {14.89} [11.49, 18.30], (p=767, n=388, P=767, N=388)
2026-04-14 12:39:57,107 - INFO - *****STOP GROWING RR RULE*****
2026-04-14 12:39:57,107 - INFO - ***RR NOT FOUND***
2026-04-14 12:39:57,111 - INFO - Iteracja 3: condition_best: Strength >= 12.95, quality_best: 0.409, coverage_best: (p=67, n=18, P=365, N=790)
2026-04-14 12:39:57,111 - INFO - Regula po iteracji 3: IF Strength <= 19.10 AND Strength <= 18.90 AND Strength >= 12.55 AND Strength >= 12.95 THEN class = {18.45} [16.78, 20.11], (p=67, n=18, P=365, N=790)
2026-04-14 12:39:57,112 - INFO - *****GROWING RR RULE*****
2026-04-14 12:39:57,199 - INFO - Iteracja 0: condition_best: None, quality_best: -inf, coverage_best: (p=0, n=0, P=0, N=0), p_value: 0
2026-04-14 12:39:57,199 - INFO - Regula po iteracji 0: IF  THEN class = {14.89} [11.49, 18.30], (p=767, n=388, P=767, N=388)
2026-04-14 12:39:57,199 - INFO - *****STOP GROWING RR RULE*****
2026-04-14 12:39:57,199 - INFO - ***RR NOT FOUND***
2026-04-14 12:39:57,203 - INFO - Iteracja 4: condition_best: Strength >= 13.45, quality_best: 0.405, coverage_best: (p=66, n=18, P=365, N=790)
2026-04-14 12:39:57,203 - INFO - Regula po iteracji 4: IF Strength <= 19.10 AND Strength <= 18.90 AND Strength >= 12.55 AND Strength >= 12.95 AND Strength >= 13.45 THEN class = {18.43} [16.76, 20.09], (p=66, n=18, P=365, N=790)
2026-04-14 12:39:57,204 - INFO - *****GROWING RR RULE*****
2026-04-14 12:39:57,291 - INFO - Iteracja 0: condition_best: None, quality_best: -inf, coverage_best: (p=0, n=0, P=0, N=0), p_value: 0
2026-04-14 12:39:57,291 - INFO - Regula po iteracji 0: IF  THEN class = {14.89} [11.49, 18.30], (p=767, n=388, P=767, N=388)
2026-04-14 12:39:57,292 - INFO - *****STOP GROWING RR RULE*****
2026-04-14 12:39:57,292 - INFO - ***RR NOT FOUND***
2026-04-14 12:39:57,292 - INFO - *******STOP GROWING CR RULE*******
2026-04-14 12:39:57,297 - INFO - *******GROWING CR RULE*******
2026-04-14 12:39:57,359 - INFO - Iteracja 0: condition_best: Strength <= 19.40, quality_best: 0.408, coverage_best: (p=72, n=20, P=365, N=790)
2026-04-14 12:39:57,359 - INFO - Regula po iteracji 0: IF Strength <= 19.40 THEN class = {18.41} [16.71, 20.12], (p=72, n=20, P=365, N=790)
2026-04-14 12:39:57,359 - INFO - *****GROWING RR RULE*****
2026-04-14 12:39:57,447 - INFO - Iteracja 0: condition_best: None, quality_best: -inf, coverage_best: (p=0, n=0, P=0, N=0), p_value: 0
2026-04-14 12:39:57,447 - INFO - Regula po iteracji 0: IF  THEN class = {14.89} [11.49, 18.30], (p=767, n=388, P=767, N=388)
2026-04-14 12:39:57,447 - INFO - *****STOP GROWING RR RULE*****
2026-04-14 12:39:57,447 - INFO - ***RR NOT FOUND***
2026-04-14 12:39:57,452 - INFO - Iteracja 1: condition_best: Strength >= 12.55, quality_best: 0.405, coverage_best: (p=71, n=20, P=365, N=790)
2026-04-14 12:39:57,452 - INFO - Regula po iteracji 1: IF Strength <= 19.40 AND Strength >= 12.55 THEN class = {18.40} [16.69, 20.10], (p=71, n=20, P=365, N=790)
2026-04-14 12:39:57,452 - INFO - *****GROWING RR RULE*****
2026-04-14 12:39:57,541 - INFO - Iteracja 0: condition_best: None, quality_best: -inf, coverage_best: (p=0, n=0, P=0, N=0), p_value: 0
2026-04-14 12:39:57,541 - INFO - Regula po iteracji 0: IF  THEN class = {14.89} [11.49, 18.30], (p=767, n=388, P=767, N=388)
2026-04-14 12:39:57,541 - INFO - *****STOP GROWING RR RULE*****
2026-04-14 12:39:57,541 - INFO - ***RR NOT FOUND***
2026-04-14 12:39:57,546 - INFO - Iteracja 2: condition_best: Strength >= 12.95, quality_best: 0.402, coverage_best: (p=70, n=20, P=365, N=790)
2026-04-14 12:39:57,546 - INFO - Regula po iteracji 2: IF Strength <= 19.40 AND Strength >= 12.55 AND Strength >= 12.95 THEN class = {18.38} [16.67, 20.09], (p=70, n=20, P=365, N=790)
2026-04-14 12:39:57,546 - INFO - *****GROWING RR RULE*****
2026-04-14 12:39:57,633 - INFO - Iteracja 0: condition_best: None, quality_best: -inf, coverage_best: (p=0, n=0, P=0, N=0), p_value: 0
2026-04-14 12:39:57,633 - INFO - Regula po iteracji 0: IF  THEN class = {14.89} [11.49, 18.30], (p=767, n=388, P=767, N=388)
2026-04-14 12:39:57,633 - INFO - *****STOP GROWING RR RULE*****
2026-04-14 12:39:57,633 - INFO - ***RR NOT FOUND***
2026-04-14 12:39:57,638 - INFO - Iteracja 3: condition_best: Strength >= 13.45, quality_best: 0.399, coverage_best: (p=69, n=20, P=365, N=790)
2026-04-14 12:39:57,638 - INFO - Regula po iteracji 3: IF Strength <= 19.40 AND Strength >= 12.55 AND Strength >= 12.95 AND Strength >= 13.45 THEN class = {18.36} [16.65, 20.07], (p=69, n=20, P=365, N=790)
2026-04-14 12:39:57,638 - INFO - *****GROWING RR RULE*****
2026-04-14 12:39:57,725 - INFO - Iteracja 0: condition_best: None, quality_best: -inf, coverage_best: (p=0, n=0, P=0, N=0), p_value: 0
2026-04-14 12:39:57,725 - INFO - Regula po iteracji 0: IF  THEN class = {14.89} [11.49, 18.30], (p=767, n=388, P=767, N=388)
2026-04-14 12:39:57,726 - INFO - *****STOP GROWING RR RULE*****
2026-04-14 12:39:57,726 - INFO - ***RR NOT FOUND***
2026-04-14 12:39:57,730 - INFO - Iteracja 4: condition_best: Strength >= 13.95, quality_best: 0.396, coverage_best: (p=68, n=20, P=365, N=790)
2026-04-14 12:39:57,730 - INFO - Regula po iteracji 4: IF Strength <= 19.40 AND Strength >= 12.55 AND Strength >= 12.95 AND Strength >= 13.45 AND Strength >= 13.95 THEN class = {18.34} [16.63, 20.05], (p=68, n=20, P=365, N=790)
2026-04-14 12:39:57,730 - INFO - *****GROWING RR RULE*****
2026-04-14 12:39:57,819 - INFO - Iteracja 0: condition_best: None, quality_best: -inf, coverage_best: (p=0, n=0, P=0, N=0), p_value: 0
2026-04-14 12:39:57,819 - INFO - Regula po iteracji 0: IF  THEN class = {14.89} [11.49, 18.30], (p=767, n=388, P=767, N=388)
2026-04-14 12:39:57,819 - INFO - *****STOP GROWING RR RULE*****
2026-04-14 12:39:57,819 - INFO - ***RR NOT FOUND***
2026-04-14 12:39:57,819 - INFO - *******STOP GROWING CR RULE*******
2026-04-14 12:39:57,825 - INFO - *******GROWING CR RULE*******
2026-04-14 12:39:57,888 - INFO - Iteracja 0: condition_best: Strength <= 19.60, quality_best: 0.403, coverage_best: (p=75, n=22, P=365, N=790)
2026-04-14 12:39:57,888 - INFO - Regula po iteracji 0: IF Strength <= 19.60 THEN class = {18.37} [16.66, 20.08], (p=75, n=22, P=365, N=790)
2026-04-14 12:39:57,888 - INFO - *****GROWING RR RULE*****
2026-04-14 12:39:57,976 - INFO - Iteracja 0: condition_best: None, quality_best: -inf, coverage_best: (p=0, n=0, P=0, N=0), p_value: 0
2026-04-14 12:39:57,976 - INFO - Regula po iteracji 0: IF  THEN class = {14.89} [11.49, 18.30], (p=767, n=388, P=767, N=388)
2026-04-14 12:39:57,976 - INFO - *****STOP GROWING RR RULE*****
2026-04-14 12:39:57,976 - INFO - ***RR NOT FOUND***
2026-04-14 12:39:57,981 - INFO - Iteracja 1: condition_best: Strength >= 12.55, quality_best: 0.4, coverage_best: (p=74, n=22, P=365, N=790)
2026-04-14 12:39:57,981 - INFO - Regula po iteracji 1: IF Strength <= 19.60 AND Strength >= 12.55 THEN class = {18.35} [16.65, 20.06], (p=74, n=22, P=365, N=790)
2026-04-14 12:39:57,981 - INFO - *****GROWING RR RULE*****
2026-04-14 12:39:58,068 - INFO - Iteracja 0: condition_best: None, quality_best: -inf, coverage_best: (p=0, n=0, P=0, N=0), p_value: 0
2026-04-14 12:39:58,069 - INFO - Regula po iteracji 0: IF  THEN class = {14.89} [11.49, 18.30], (p=767, n=388, P=767, N=388)
2026-04-14 12:39:58,069 - INFO - *****STOP GROWING RR RULE*****
2026-04-14 12:39:58,069 - INFO - ***RR NOT FOUND***
2026-04-14 12:39:58,073 - INFO - Iteracja 2: condition_best: Strength >= 12.95, quality_best: 0.397, coverage_best: (p=73, n=22, P=365, N=790)
2026-04-14 12:39:58,073 - INFO - Regula po iteracji 2: IF Strength <= 19.60 AND Strength >= 12.55 AND Strength >= 12.95 THEN class = {18.34} [16.63, 20.05], (p=73, n=22, P=365, N=790)
2026-04-14 12:39:58,074 - INFO - *****GROWING RR RULE*****
2026-04-14 12:39:58,161 - INFO - Iteracja 0: condition_best: None, quality_best: -inf, coverage_best: (p=0, n=0, P=0, N=0), p_value: 0
2026-04-14 12:39:58,161 - INFO - Regula po iteracji 0: IF  THEN class = {14.89} [11.49, 18.30], (p=767, n=388, P=767, N=388)
2026-04-14 12:39:58,161 - INFO - *****STOP GROWING RR RULE*****
2026-04-14 12:39:58,161 - INFO - ***RR NOT FOUND***
2026-04-14 12:39:58,166 - INFO - Iteracja 3: condition_best: Strength >= 13.45, quality_best: 0.394, coverage_best: (p=72, n=22, P=365, N=790)
2026-04-14 12:39:58,166 - INFO - Regula po iteracji 3: IF Strength <= 19.60 AND Strength >= 12.55 AND Strength >= 12.95 AND Strength >= 13.45 THEN class = {18.32} [16.61, 20.03], (p=72, n=22, P=365, N=790)
2026-04-14 12:39:58,166 - INFO - *****GROWING RR RULE*****
2026-04-14 12:39:58,253 - INFO - Iteracja 0: condition_best: None, quality_best: -inf, coverage_best: (p=0, n=0, P=0, N=0), p_value: 0
2026-04-14 12:39:58,253 - INFO - Regula po iteracji 0: IF  THEN class = {14.89} [11.49, 18.30], (p=767, n=388, P=767, N=388)
2026-04-14 12:39:58,253 - INFO - *****STOP GROWING RR RULE*****
2026-04-14 12:39:58,254 - INFO - ***RR NOT FOUND***
2026-04-14 12:39:58,258 - INFO - Iteracja 4: condition_best: Strength >= 13.95, quality_best: 0.391, coverage_best: (p=71, n=22, P=365, N=790)
2026-04-14 12:39:58,258 - INFO - Regula po iteracji 4: IF Strength <= 19.60 AND Strength >= 12.55 AND Strength >= 12.95 AND Strength >= 13.45 AND Strength >= 13.95 THEN class = {18.30} [16.59, 20.01], (p=71, n=22, P=365, N=790)
2026-04-14 12:39:58,258 - INFO - *****GROWING RR RULE*****
2026-04-14 12:39:58,346 - INFO - Iteracja 0: condition_best: None, quality_best: -inf, coverage_best: (p=0, n=0, P=0, N=0), p_value: 0
2026-04-14 12:39:58,346 - INFO - Regula po iteracji 0: IF  THEN class = {14.89} [11.49, 18.30], (p=767, n=388, P=767, N=388)
2026-04-14 12:39:58,346 - INFO - *****STOP GROWING RR RULE*****
2026-04-14 12:39:58,346 - INFO - ***RR NOT FOUND***
2026-04-14 12:39:58,346 - INFO - *******STOP GROWING CR RULE*******
2026-04-14 12:39:58,352 - INFO - *******GROWING CR RULE*******
2026-04-14 12:39:58,413 - INFO - Iteracja 0: condition_best: Strength <= 19.85, quality_best: 0.389, coverage_best: (p=77, n=25, P=365, N=790)
2026-04-14 12:39:58,414 - INFO - Regula po iteracji 0: IF Strength <= 19.85 THEN class = {18.27} [16.48, 20.07], (p=77, n=25, P=365, N=790)
2026-04-14 12:39:58,414 - INFO - *****GROWING RR RULE*****
2026-04-14 12:39:58,501 - INFO - Iteracja 0: condition_best: None, quality_best: -inf, coverage_best: (p=0, n=0, P=0, N=0), p_value: 0
2026-04-14 12:39:58,502 - INFO - Regula po iteracji 0: IF  THEN class = {14.89} [11.49, 18.30], (p=767, n=388, P=767, N=388)
2026-04-14 12:39:58,502 - INFO - *****STOP GROWING RR RULE*****
2026-04-14 12:39:58,502 - INFO - ***RR NOT FOUND***
2026-04-14 12:39:58,507 - INFO - Iteracja 1: condition_best: Strength >= 12.55, quality_best: 0.385, coverage_best: (p=76, n=25, P=365, N=790)
2026-04-14 12:39:58,507 - INFO - Regula po iteracji 1: IF Strength <= 19.85 AND Strength >= 12.55 THEN class = {18.26} [16.46, 20.05], (p=76, n=25, P=365, N=790)
2026-04-14 12:39:58,507 - INFO - *****GROWING RR RULE*****
2026-04-14 12:39:58,596 - INFO - Iteracja 0: condition_best: None, quality_best: -inf, coverage_best: (p=0, n=0, P=0, N=0), p_value: 0
2026-04-14 12:39:58,596 - INFO - Regula po iteracji 0: IF  THEN class = {14.89} [11.49, 18.30], (p=767, n=388, P=767, N=388)
2026-04-14 12:39:58,596 - INFO - *****STOP GROWING RR RULE*****
2026-04-14 12:39:58,596 - INFO - ***RR NOT FOUND***
2026-04-14 12:39:58,601 - INFO - Iteracja 2: condition_best: Strength >= 12.95, quality_best: 0.382, coverage_best: (p=75, n=25, P=365, N=790)
2026-04-14 12:39:58,601 - INFO - Regula po iteracji 2: IF Strength <= 19.85 AND Strength >= 12.55 AND Strength >= 12.95 THEN class = {18.24} [16.44, 20.04], (p=75, n=25, P=365, N=790)
2026-04-14 12:39:58,601 - INFO - *****GROWING RR RULE*****
2026-04-14 12:39:58,689 - INFO - Iteracja 0: condition_best: None, quality_best: -inf, coverage_best: (p=0, n=0, P=0, N=0), p_value: 0
2026-04-14 12:39:58,689 - INFO - Regula po iteracji 0: IF  THEN class = {14.89} [11.49, 18.30], (p=767, n=388, P=767, N=388)
2026-04-14 12:39:58,689 - INFO - *****STOP GROWING RR RULE*****
2026-04-14 12:39:58,689 - INFO - ***RR NOT FOUND***
2026-04-14 12:39:58,694 - INFO - Iteracja 3: condition_best: Strength >= 13.45, quality_best: 0.379, coverage_best: (p=74, n=25, P=365, N=790)
2026-04-14 12:39:58,694 - INFO - Regula po iteracji 3: IF Strength <= 19.85 AND Strength >= 12.55 AND Strength >= 12.95 AND Strength >= 13.45 THEN class = {18.22} [16.43, 20.02], (p=74, n=25, P=365, N=790)
2026-04-14 12:39:58,694 - INFO - *****GROWING RR RULE*****
2026-04-14 12:39:58,782 - INFO - Iteracja 0: condition_best: None, quality_best: -inf, coverage_best: (p=0, n=0, P=0, N=0), p_value: 0
2026-04-14 12:39:58,782 - INFO - Regula po iteracji 0: IF  THEN class = {14.89} [11.49, 18.30], (p=767, n=388, P=767, N=388)
2026-04-14 12:39:58,782 - INFO - *****STOP GROWING RR RULE*****
2026-04-14 12:39:58,782 - INFO - ***RR NOT FOUND***
2026-04-14 12:39:58,787 - INFO - Iteracja 4: condition_best: Strength >= 19.25, quality_best: 0.257, coverage_best: (p=8, n=4, P=379, N=776)
2026-04-14 12:39:58,787 - INFO - Regula po iteracji 4: IF Strength <= 19.85 AND Strength >= 12.55 AND Strength >= 12.95 AND Strength >= 13.45 AND Strength >= 19.25 THEN class = {17.00} [15.09, 18.91], (p=8, n=4, P=379, N=776)
2026-04-14 12:39:58,788 - INFO - *****GROWING RR RULE*****
2026-04-14 12:39:58,875 - INFO - Iteracja 0: condition_best: None, quality_best: -inf, coverage_best: (p=0, n=0, P=0, N=0), p_value: 0
2026-04-14 12:39:58,875 - INFO - Regula po iteracji 0: IF  THEN class = {14.89} [11.49, 18.30], (p=767, n=388, P=767, N=388)
2026-04-14 12:39:58,875 - INFO - *****STOP GROWING RR RULE*****
2026-04-14 12:39:58,875 - INFO - ***RR NOT FOUND***
2026-04-14 12:39:58,875 - INFO - *******STOP GROWING CR RULE*******
2026-04-14 12:39:58,881 - INFO - *******GROWING CR RULE*******
2026-04-14 12:39:58,942 - INFO - Iteracja 0: condition_best: Strength <= 20.25, quality_best: 0.373, coverage_best: (p=84, n=31, P=365, N=790)
2026-04-14 12:39:58,942 - INFO - Regula po iteracji 0: IF Strength <= 20.25 THEN class = {18.16} [16.31, 20.01], (p=84, n=31, P=365, N=790)
2026-04-14 12:39:58,943 - INFO - *****GROWING RR RULE*****
2026-04-14 12:39:59,030 - INFO - Iteracja 0: condition_best: None, quality_best: -inf, coverage_best: (p=0, n=0, P=0, N=0), p_value: 0
2026-04-14 12:39:59,030 - INFO - Regula po iteracji 0: IF  THEN class = {14.89} [11.49, 18.30], (p=767, n=388, P=767, N=388)
2026-04-14 12:39:59,030 - INFO - *****STOP GROWING RR RULE*****
2026-04-14 12:39:59,030 - INFO - ***RR NOT FOUND***
2026-04-14 12:39:59,035 - INFO - Iteracja 1: condition_best: Temperature >= 205.00, quality_best: 0.487, coverage_best: (p=53, n=6, P=365, N=790)
2026-04-14 12:39:59,035 - INFO - Regula po iteracji 1: IF Strength <= 20.25 AND Temperature >= 205.00 THEN class = {18.92} [17.57, 20.26], (p=53, n=6, P=365, N=790)
2026-04-14 12:39:59,036 - INFO - *****GROWING RR RULE*****
2026-04-14 12:39:59,123 - INFO - Iteracja 0: condition_best: None, quality_best: -inf, coverage_best: (p=0, n=0, P=0, N=0), p_value: 0
2026-04-14 12:39:59,123 - INFO - Regula po iteracji 0: IF  THEN class = {14.89} [11.49, 18.30], (p=767, n=388, P=767, N=388)
2026-04-14 12:39:59,123 - INFO - *****STOP GROWING RR RULE*****
2026-04-14 12:39:59,123 - INFO - ***RR NOT FOUND***
2026-04-14 12:39:59,126 - INFO - Iteracja 2: condition_best: Strength >= 14.55, quality_best: 0.485, coverage_best: (p=52, n=6, P=365, N=790)
2026-04-14 12:39:59,127 - INFO - Regula po iteracji 2: IF Strength <= 20.25 AND Temperature >= 205.00 AND Strength >= 14.55 THEN class = {18.90} [17.55, 20.24], (p=52, n=6, P=365, N=790)
2026-04-14 12:39:59,127 - INFO - *****GROWING RR RULE*****
2026-04-14 12:39:59,214 - INFO - Iteracja 0: condition_best: None, quality_best: -inf, coverage_best: (p=0, n=0, P=0, N=0), p_value: 0
2026-04-14 12:39:59,214 - INFO - Regula po iteracji 0: IF  THEN class = {14.89} [11.49, 18.30], (p=767, n=388, P=767, N=388)
2026-04-14 12:39:59,214 - INFO - *****STOP GROWING RR RULE*****
2026-04-14 12:39:59,214 - INFO - ***RR NOT FOUND***
2026-04-14 12:39:59,218 - INFO - Iteracja 3: condition_best: Strength >= 14.95, quality_best: 0.482, coverage_best: (p=51, n=6, P=365, N=790)
2026-04-14 12:39:59,218 - INFO - Regula po iteracji 3: IF Strength <= 20.25 AND Temperature >= 205.00 AND Strength >= 14.55 AND Strength >= 14.95 THEN class = {18.88} [17.53, 20.23], (p=51, n=6, P=365, N=790)
2026-04-14 12:39:59,218 - INFO - *****GROWING RR RULE*****
2026-04-14 12:39:59,305 - INFO - Iteracja 0: condition_best: None, quality_best: -inf, coverage_best: (p=0, n=0, P=0, N=0), p_value: 0
2026-04-14 12:39:59,305 - INFO - Regula po iteracji 0: IF  THEN class = {14.89} [11.49, 18.30], (p=767, n=388, P=767, N=388)
2026-04-14 12:39:59,305 - INFO - *****STOP GROWING RR RULE*****
2026-04-14 12:39:59,305 - INFO - ***RR NOT FOUND***
2026-04-14 12:39:59,308 - INFO - Iteracja 4: condition_best: Strength >= 15.35, quality_best: 0.479, coverage_best: (p=50, n=6, P=365, N=790)
2026-04-14 12:39:59,308 - INFO - Regula po iteracji 4: IF Strength <= 20.25 AND Temperature >= 205.00 AND Strength >= 14.55 AND Strength >= 14.95 AND Strength >= 15.35 THEN class = {18.86} [17.50, 20.21], (p=50, n=6, P=365, N=790)
2026-04-14 12:39:59,309 - INFO - *****GROWING RR RULE*****
2026-04-14 12:39:59,396 - INFO - Iteracja 0: condition_best: None, quality_best: -inf, coverage_best: (p=0, n=0, P=0, N=0), p_value: 0
2026-04-14 12:39:59,396 - INFO - Regula po iteracji 0: IF  THEN class = {14.89} [11.49, 18.30], (p=767, n=388, P=767, N=388)
2026-04-14 12:39:59,396 - INFO - *****STOP GROWING RR RULE*****
2026-04-14 12:39:59,396 - INFO - ***RR NOT FOUND***
2026-04-14 12:39:59,396 - INFO - *******STOP GROWING CR RULE*******
2026-04-14 12:39:59,402 - INFO - *******GROWING CR RULE*******
2026-04-14 12:39:59,463 - INFO - Iteracja 0: condition_best: Strength <= 20.25, quality_best: 0.373, coverage_best: (p=84, n=31, P=365, N=790)
2026-04-14 12:39:59,463 - INFO - Regula po iteracji 0: IF Strength <= 20.25 THEN class = {18.16} [16.31, 20.01], (p=84, n=31, P=365, N=790)
2026-04-14 12:39:59,463 - INFO - *****GROWING RR RULE*****
2026-04-14 12:39:59,552 - INFO - Iteracja 0: condition_best: None, quality_best: -inf, coverage_best: (p=0, n=0, P=0, N=0), p_value: 0
2026-04-14 12:39:59,552 - INFO - Regula po iteracji 0: IF  THEN class = {14.89} [11.49, 18.30], (p=767, n=388, P=767, N=388)
2026-04-14 12:39:59,553 - INFO - *****STOP GROWING RR RULE*****
2026-04-14 12:39:59,553 - INFO - ***RR NOT FOUND***
2026-04-14 12:39:59,558 - INFO - Iteracja 1: condition_best: Strength >= 19.25, quality_best: 0.242, coverage_best: (p=16, n=9, P=379, N=776)
2026-04-14 12:39:59,558 - INFO - Regula po iteracji 1: IF Strength <= 20.25 AND Strength >= 19.25 THEN class = {17.12} [15.15, 19.09], (p=16, n=9, P=379, N=776)
2026-04-14 12:39:59,558 - INFO - *****GROWING RR RULE*****
2026-04-14 12:39:59,645 - INFO - Iteracja 0: condition_best: None, quality_best: -inf, coverage_best: (p=0, n=0, P=0, N=0), p_value: 0
2026-04-14 12:39:59,646 - INFO - Regula po iteracji 0: IF  THEN class = {14.89} [11.49, 18.30], (p=767, n=388, P=767, N=388)
2026-04-14 12:39:59,646 - INFO - *****STOP GROWING RR RULE*****
2026-04-14 12:39:59,646 - INFO - ***RR NOT FOUND***
2026-04-14 12:39:59,647 - INFO - Iteracja 2: condition_best: Temperature <= 215.00, quality_best: 0.303, coverage_best: (p=13, n=5, P=379, N=776)
2026-04-14 12:39:59,647 - INFO - Regula po iteracji 2: IF Strength <= 20.25 AND Strength >= 19.25 AND Temperature <= 215.00 THEN class = {16.33} [14.67, 18.00], (p=13, n=5, P=379, N=776)
2026-04-14 12:39:59,647 - INFO - *****GROWING RR RULE*****
2026-04-14 12:39:59,734 - INFO - Iteracja 0: condition_best: None, quality_best: -inf, coverage_best: (p=0, n=0, P=0, N=0), p_value: 0
2026-04-14 12:39:59,734 - INFO - Regula po iteracji 0: IF  THEN class = {14.89} [11.49, 18.30], (p=767, n=388, P=767, N=388)
2026-04-14 12:39:59,734 - INFO - *****STOP GROWING RR RULE*****
2026-04-14 12:39:59,734 - INFO - ***RR NOT FOUND***
2026-04-14 12:39:59,735 - INFO - Iteracja 3: condition_best: Strength >= 19.75, quality_best: 0.282, coverage_best: (p=7, n=3, P=379, N=776)
2026-04-14 12:39:59,735 - INFO - Regula po iteracji 3: IF Strength <= 20.25 AND Strength >= 19.25 AND Temperature <= 215.00 AND Strength >= 19.75 THEN class = {16.60} [14.80, 18.40], (p=7, n=3, P=379, N=776)
2026-04-14 12:39:59,736 - INFO - *****GROWING RR RULE*****
2026-04-14 12:39:59,822 - INFO - Iteracja 0: condition_best: None, quality_best: -inf, coverage_best: (p=0, n=0, P=0, N=0), p_value: 0
2026-04-14 12:39:59,822 - INFO - Regula po iteracji 0: IF  THEN class = {14.89} [11.49, 18.30], (p=767, n=388, P=767, N=388)
2026-04-14 12:39:59,822 - INFO - *****STOP GROWING RR RULE*****
2026-04-14 12:39:59,822 - INFO - ***RR NOT FOUND***
2026-04-14 12:39:59,823 - INFO - Iteracja 4: condition_best: Strength >= 19.85, quality_best: 0.203, coverage_best: (p=4, n=4, P=197, N=958)
2026-04-14 12:39:59,823 - INFO - Regula po iteracji 4: IF Strength <= 20.25 AND Strength >= 19.25 AND Temperature <= 215.00 AND Strength >= 19.75 AND Strength >= 19.85 THEN class = {16.00} [14.59, 17.41], (p=4, n=4, P=197, N=958)
2026-04-14 12:39:59,824 - INFO - *****GROWING RR RULE*****
2026-04-14 12:39:59,911 - INFO - Iteracja 0: condition_best: None, quality_best: -inf, coverage_best: (p=0, n=0, P=0, N=0), p_value: 0
2026-04-14 12:39:59,911 - INFO - Regula po iteracji 0: IF  THEN class = {14.89} [11.49, 18.30], (p=767, n=388, P=767, N=388)
2026-04-14 12:39:59,911 - INFO - *****STOP GROWING RR RULE*****
2026-04-14 12:39:59,911 - INFO - ***RR NOT FOUND***
2026-04-14 12:39:59,911 - INFO - *******STOP GROWING CR RULE*******
2026-04-14 12:39:59,917 - INFO - *******GROWING CR RULE*******
2026-04-14 12:39:59,979 - INFO - Iteracja 0: condition_best: Strength <= 20.55, quality_best: 0.371, coverage_best: (p=91, n=35, P=365, N=790)
2026-04-14 12:39:59,979 - INFO - Regula po iteracji 0: IF Strength <= 20.55 THEN class = {18.10} [16.16, 20.03], (p=91, n=35, P=365, N=790)
2026-04-14 12:39:59,979 - INFO - *****GROWING RR RULE*****
2026-04-14 12:40:00,067 - INFO - Iteracja 0: condition_best: None, quality_best: -inf, coverage_best: (p=0, n=0, P=0, N=0), p_value: 0
2026-04-14 12:40:00,067 - INFO - Regula po iteracji 0: IF  THEN class = {14.89} [11.49, 18.30], (p=767, n=388, P=767, N=388)
2026-04-14 12:40:00,067 - INFO - *****STOP GROWING RR RULE*****
2026-04-14 12:40:00,067 - INFO - ***RR NOT FOUND***
2026-04-14 12:40:00,073 - INFO - Iteracja 1: condition_best: Temperature >= 205.00, quality_best: 0.468, coverage_best: (p=59, n=9, P=365, N=790)
2026-04-14 12:40:00,073 - INFO - Regula po iteracji 1: IF Strength <= 20.55 AND Temperature >= 205.00 THEN class = {18.79} [17.29, 20.29], (p=59, n=9, P=365, N=790)
2026-04-14 12:40:00,073 - INFO - *****GROWING RR RULE*****
2026-04-14 12:40:00,160 - INFO - Iteracja 0: condition_best: None, quality_best: -inf, coverage_best: (p=0, n=0, P=0, N=0), p_value: 0
2026-04-14 12:40:00,161 - INFO - Regula po iteracji 0: IF  THEN class = {14.89} [11.49, 18.30], (p=767, n=388, P=767, N=388)
2026-04-14 12:40:00,161 - INFO - *****STOP GROWING RR RULE*****
2026-04-14 12:40:00,161 - INFO - ***RR NOT FOUND***
2026-04-14 12:40:00,165 - INFO - Iteracja 2: condition_best: Strength >= 14.55, quality_best: 0.466, coverage_best: (p=58, n=9, P=365, N=790)
2026-04-14 12:40:00,165 - INFO - Regula po iteracji 2: IF Strength <= 20.55 AND Temperature >= 205.00 AND Strength >= 14.55 THEN class = {18.78} [17.27, 20.28], (p=58, n=9, P=365, N=790)
2026-04-14 12:40:00,165 - INFO - *****GROWING RR RULE*****
2026-04-14 12:40:00,252 - INFO - Iteracja 0: condition_best: None, quality_best: -inf, coverage_best: (p=0, n=0, P=0, N=0), p_value: 0
2026-04-14 12:40:00,252 - INFO - Regula po iteracji 0: IF  THEN class = {14.89} [11.49, 18.30], (p=767, n=388, P=767, N=388)
2026-04-14 12:40:00,253 - INFO - *****STOP GROWING RR RULE*****
2026-04-14 12:40:00,253 - INFO - ***RR NOT FOUND***
2026-04-14 12:40:00,256 - INFO - Iteracja 3: condition_best: Strength >= 14.95, quality_best: 0.463, coverage_best: (p=57, n=9, P=365, N=790)
2026-04-14 12:40:00,256 - INFO - Regula po iteracji 3: IF Strength <= 20.55 AND Temperature >= 205.00 AND Strength >= 14.55 AND Strength >= 14.95 THEN class = {18.76} [17.25, 20.27], (p=57, n=9, P=365, N=790)
2026-04-14 12:40:00,257 - INFO - *****GROWING RR RULE*****
2026-04-14 12:40:00,344 - INFO - Iteracja 0: condition_best: None, quality_best: -inf, coverage_best: (p=0, n=0, P=0, N=0), p_value: 0
2026-04-14 12:40:00,344 - INFO - Regula po iteracji 0: IF  THEN class = {14.89} [11.49, 18.30], (p=767, n=388, P=767, N=388)
2026-04-14 12:40:00,344 - INFO - *****STOP GROWING RR RULE*****
2026-04-14 12:40:00,344 - INFO - ***RR NOT FOUND***
2026-04-14 12:40:00,348 - INFO - Iteracja 4: condition_best: Strength >= 15.35, quality_best: 0.46, coverage_best: (p=56, n=9, P=365, N=790)
2026-04-14 12:40:00,348 - INFO - Regula po iteracji 4: IF Strength <= 20.55 AND Temperature >= 205.00 AND Strength >= 14.55 AND Strength >= 14.95 AND Strength >= 15.35 THEN class = {18.74} [17.23, 20.25], (p=56, n=9, P=365, N=790)
2026-04-14 12:40:00,348 - INFO - *****GROWING RR RULE*****
2026-04-14 12:40:00,435 - INFO - Iteracja 0: condition_best: None, quality_best: -inf, coverage_best: (p=0, n=0, P=0, N=0), p_value: 0
2026-04-14 12:40:00,435 - INFO - Regula po iteracji 0: IF  THEN class = {14.89} [11.49, 18.30], (p=767, n=388, P=767, N=388)
2026-04-14 12:40:00,436 - INFO - *****STOP GROWING RR RULE*****
2026-04-14 12:40:00,436 - INFO - ***RR NOT FOUND***
2026-04-14 12:40:00,436 - INFO - *******STOP GROWING CR RULE*******
2026-04-14 12:40:00,441 - INFO - *******GROWING CR RULE*******
2026-04-14 12:40:00,502 - INFO - Iteracja 0: condition_best: Strength <= 21.10, quality_best: 0.182, coverage_best: (p=78, n=69, P=379, N=776)
2026-04-14 12:40:00,502 - INFO - Regula po iteracji 0: IF Strength <= 21.10 THEN class = {17.89} [15.85, 19.94], (p=78, n=69, P=379, N=776)
2026-04-14 12:40:00,502 - INFO - *****GROWING RR RULE*****
2026-04-14 12:40:00,591 - INFO - Iteracja 0: condition_best: None, quality_best: -inf, coverage_best: (p=0, n=0, P=0, N=0), p_value: 0
2026-04-14 12:40:00,591 - INFO - Regula po iteracji 0: IF  THEN class = {14.89} [11.49, 18.30], (p=767, n=388, P=767, N=388)
2026-04-14 12:40:00,591 - INFO - *****STOP GROWING RR RULE*****
2026-04-14 12:40:00,591 - INFO - ***RR NOT FOUND***
2026-04-14 12:40:00,597 - INFO - Iteracja 1: condition_best: Temperature >= 215.00, quality_best: 0.476, coverage_best: (p=32, n=3, P=365, N=790)
2026-04-14 12:40:00,597 - INFO - Regula po iteracji 1: IF Strength <= 21.10 AND Temperature >= 215.00 THEN class = {19.09} [17.79, 20.38], (p=32, n=3, P=365, N=790)
2026-04-14 12:40:00,598 - INFO - *****GROWING RR RULE*****
2026-04-14 12:40:00,684 - INFO - Iteracja 0: condition_best: None, quality_best: -inf, coverage_best: (p=0, n=0, P=0, N=0), p_value: 0
2026-04-14 12:40:00,684 - INFO - Regula po iteracji 0: IF  THEN class = {14.89} [11.49, 18.30], (p=767, n=388, P=767, N=388)
2026-04-14 12:40:00,684 - INFO - *****STOP GROWING RR RULE*****
2026-04-14 12:40:00,684 - INFO - ***RR NOT FOUND***
2026-04-14 12:40:00,687 - INFO - Iteracja 2: condition_best: Strength >= 16.95, quality_best: 0.472, coverage_best: (p=31, n=3, P=365, N=790)
2026-04-14 12:40:00,687 - INFO - Regula po iteracji 2: IF Strength <= 21.10 AND Temperature >= 215.00 AND Strength >= 16.95 THEN class = {19.06} [17.75, 20.36], (p=31, n=3, P=365, N=790)
2026-04-14 12:40:00,687 - INFO - *****GROWING RR RULE*****
2026-04-14 12:40:00,773 - INFO - Iteracja 0: condition_best: None, quality_best: -inf, coverage_best: (p=0, n=0, P=0, N=0), p_value: 0
2026-04-14 12:40:00,773 - INFO - Regula po iteracji 0: IF  THEN class = {14.89} [11.49, 18.30], (p=767, n=388, P=767, N=388)
2026-04-14 12:40:00,774 - INFO - *****STOP GROWING RR RULE*****
2026-04-14 12:40:00,774 - INFO - ***RR NOT FOUND***
2026-04-14 12:40:00,776 - INFO - Iteracja 3: condition_best: Strength >= 17.35, quality_best: 0.469, coverage_best: (p=30, n=3, P=365, N=790)
2026-04-14 12:40:00,776 - INFO - Regula po iteracji 3: IF Strength <= 21.10 AND Temperature >= 215.00 AND Strength >= 16.95 AND Strength >= 17.35 THEN class = {19.03} [17.72, 20.34], (p=30, n=3, P=365, N=790)
2026-04-14 12:40:00,776 - INFO - *****GROWING RR RULE*****
2026-04-14 12:40:00,863 - INFO - Iteracja 0: condition_best: None, quality_best: -inf, coverage_best: (p=0, n=0, P=0, N=0), p_value: 0
2026-04-14 12:40:00,863 - INFO - Regula po iteracji 0: IF  THEN class = {14.89} [11.49, 18.30], (p=767, n=388, P=767, N=388)
2026-04-14 12:40:00,864 - INFO - *****STOP GROWING RR RULE*****
2026-04-14 12:40:00,864 - INFO - ***RR NOT FOUND***
2026-04-14 12:40:00,866 - INFO - Iteracja 4: condition_best: Strength >= 17.60, quality_best: 0.466, coverage_best: (p=29, n=3, P=365, N=790)
2026-04-14 12:40:00,866 - INFO - Regula po iteracji 4: IF Strength <= 21.10 AND Temperature >= 215.00 AND Strength >= 16.95 AND Strength >= 17.35 AND Strength >= 17.60 THEN class = {19.00} [17.68, 20.32], (p=29, n=3, P=365, N=790)
2026-04-14 12:40:00,866 - INFO - *****GROWING RR RULE*****
2026-04-14 12:40:00,955 - INFO - Iteracja 0: condition_best: None, quality_best: -inf, coverage_best: (p=0, n=0, P=0, N=0), p_value: 0
2026-04-14 12:40:00,955 - INFO - Regula po iteracji 0: IF  THEN class = {14.89} [11.49, 18.30], (p=767, n=388, P=767, N=388)
2026-04-14 12:40:00,955 - INFO - *****STOP GROWING RR RULE*****
2026-04-14 12:40:00,955 - INFO - ***RR NOT FOUND***
2026-04-14 12:40:00,955 - INFO - *******STOP GROWING CR RULE*******
2026-04-14 12:40:00,961 - INFO - *******GROWING CR RULE*******
2026-04-14 12:40:01,023 - INFO - Iteracja 0: condition_best: Strength <= 21.10, quality_best: 0.182, coverage_best: (p=78, n=69, P=379, N=776)
2026-04-14 12:40:01,023 - INFO - Regula po iteracji 0: IF Strength <= 21.10 THEN class = {17.89} [15.85, 19.94], (p=78, n=69, P=379, N=776)
2026-04-14 12:40:01,023 - INFO - *****GROWING RR RULE*****
2026-04-14 12:40:01,112 - INFO - Iteracja 0: condition_best: None, quality_best: -inf, coverage_best: (p=0, n=0, P=0, N=0), p_value: 0
2026-04-14 12:40:01,112 - INFO - Regula po iteracji 0: IF  THEN class = {14.89} [11.49, 18.30], (p=767, n=388, P=767, N=388)
2026-04-14 12:40:01,112 - INFO - *****STOP GROWING RR RULE*****
2026-04-14 12:40:01,112 - INFO - ***RR NOT FOUND***
2026-04-14 12:40:01,118 - INFO - Iteracja 1: condition_best: Temperature >= 205.00, quality_best: 0.425, coverage_best: (p=67, n=16, P=365, N=790)
2026-04-14 12:40:01,118 - INFO - Regula po iteracji 1: IF Strength <= 21.10 AND Temperature >= 205.00 THEN class = {18.55} [16.90, 20.21], (p=67, n=16, P=365, N=790)
2026-04-14 12:40:01,119 - INFO - *****GROWING RR RULE*****
2026-04-14 12:40:01,206 - INFO - Iteracja 0: condition_best: None, quality_best: -inf, coverage_best: (p=0, n=0, P=0, N=0), p_value: 0
2026-04-14 12:40:01,206 - INFO - Regula po iteracji 0: IF  THEN class = {14.89} [11.49, 18.30], (p=767, n=388, P=767, N=388)
2026-04-14 12:40:01,206 - INFO - *****STOP GROWING RR RULE*****
2026-04-14 12:40:01,206 - INFO - ***RR NOT FOUND***
2026-04-14 12:40:01,211 - INFO - Iteracja 2: condition_best: Strength <= 20.75, quality_best: 0.428, coverage_best: (p=65, n=15, P=365, N=790)
2026-04-14 12:40:01,211 - INFO - Regula po iteracji 2: IF Strength <= 21.10 AND Temperature >= 205.00 AND Strength <= 20.75 THEN class = {18.57} [16.93, 20.22], (p=65, n=15, P=365, N=790)
2026-04-14 12:40:01,211 - INFO - *****GROWING RR RULE*****
2026-04-14 12:40:01,299 - INFO - Iteracja 0: condition_best: None, quality_best: -inf, coverage_best: (p=0, n=0, P=0, N=0), p_value: 0
2026-04-14 12:40:01,299 - INFO - Regula po iteracji 0: IF  THEN class = {14.89} [11.49, 18.30], (p=767, n=388, P=767, N=388)
2026-04-14 12:40:01,299 - INFO - *****STOP GROWING RR RULE*****
2026-04-14 12:40:01,299 - INFO - ***RR NOT FOUND***
2026-04-14 12:40:01,303 - INFO - Iteracja 3: condition_best: Strength >= 14.55, quality_best: 0.425, coverage_best: (p=64, n=15, P=365, N=790)
2026-04-14 12:40:01,303 - INFO - Regula po iteracji 3: IF Strength <= 21.10 AND Temperature >= 205.00 AND Strength <= 20.75 AND Strength >= 14.55 THEN class = {18.56} [16.91, 20.21], (p=64, n=15, P=365, N=790)
2026-04-14 12:40:01,303 - INFO - *****GROWING RR RULE*****
2026-04-14 12:40:01,391 - INFO - Iteracja 0: condition_best: None, quality_best: -inf, coverage_best: (p=0, n=0, P=0, N=0), p_value: 0
2026-04-14 12:40:01,391 - INFO - Regula po iteracji 0: IF  THEN class = {14.89} [11.49, 18.30], (p=767, n=388, P=767, N=388)
2026-04-14 12:40:01,391 - INFO - *****STOP GROWING RR RULE*****
2026-04-14 12:40:01,391 - INFO - ***RR NOT FOUND***
2026-04-14 12:40:01,395 - INFO - Iteracja 4: condition_best: Strength >= 14.95, quality_best: 0.421, coverage_best: (p=63, n=15, P=365, N=790)
2026-04-14 12:40:01,395 - INFO - Regula po iteracji 4: IF Strength <= 21.10 AND Temperature >= 205.00 AND Strength <= 20.75 AND Strength >= 14.55 AND Strength >= 14.95 THEN class = {18.54} [16.88, 20.19], (p=63, n=15, P=365, N=790)
2026-04-14 12:40:01,396 - INFO - *****GROWING RR RULE*****
2026-04-14 12:40:01,483 - INFO - Iteracja 0: condition_best: None, quality_best: -inf, coverage_best: (p=0, n=0, P=0, N=0), p_value: 0
2026-04-14 12:40:01,483 - INFO - Regula po iteracji 0: IF  THEN class = {14.89} [11.49, 18.30], (p=767, n=388, P=767, N=388)
2026-04-14 12:40:01,483 - INFO - *****STOP GROWING RR RULE*****
2026-04-14 12:40:01,483 - INFO - ***RR NOT FOUND***
2026-04-14 12:40:01,483 - INFO - *******STOP GROWING CR RULE*******
2026-04-14 12:40:01,489 - INFO - *******GROWING CR RULE*******
2026-04-14 12:40:01,550 - INFO - Iteracja 0: condition_best: Strength <= 21.10, quality_best: 0.182, coverage_best: (p=78, n=69, P=379, N=776)
2026-04-14 12:40:01,550 - INFO - Regula po iteracji 0: IF Strength <= 21.10 THEN class = {17.89} [15.85, 19.94], (p=78, n=69, P=379, N=776)
2026-04-14 12:40:01,550 - INFO - *****GROWING RR RULE*****
2026-04-14 12:40:01,638 - INFO - Iteracja 0: condition_best: None, quality_best: -inf, coverage_best: (p=0, n=0, P=0, N=0), p_value: 0
2026-04-14 12:40:01,639 - INFO - Regula po iteracji 0: IF  THEN class = {14.89} [11.49, 18.30], (p=767, n=388, P=767, N=388)
2026-04-14 12:40:01,639 - INFO - *****STOP GROWING RR RULE*****
2026-04-14 12:40:01,639 - INFO - ***RR NOT FOUND***
2026-04-14 12:40:01,645 - INFO - Iteracja 1: condition_best: Strength >= 16.25, quality_best: 0.229, coverage_best: (p=70, n=49, P=379, N=776)
2026-04-14 12:40:01,645 - INFO - Regula po iteracji 1: IF Strength <= 21.10 AND Strength >= 16.25 THEN class = {17.53} [15.46, 19.60], (p=70, n=49, P=379, N=776)
2026-04-14 12:40:01,645 - INFO - *****GROWING RR RULE*****
2026-04-14 12:40:01,734 - INFO - Iteracja 0: condition_best: None, quality_best: -inf, coverage_best: (p=0, n=0, P=0, N=0), p_value: 0
2026-04-14 12:40:01,734 - INFO - Regula po iteracji 0: IF  THEN class = {14.89} [11.49, 18.30], (p=767, n=388, P=767, N=388)
2026-04-14 12:40:01,734 - INFO - *****STOP GROWING RR RULE*****
2026-04-14 12:40:01,734 - INFO - ***RR NOT FOUND***
2026-04-14 12:40:01,739 - INFO - Iteracja 2: condition_best: Temperature <= 215.00, quality_best: 0.3, coverage_best: (p=57, n=27, P=379, N=776)
2026-04-14 12:40:01,739 - INFO - Regula po iteracji 2: IF Strength <= 21.10 AND Strength >= 16.25 AND Temperature <= 215.00 THEN class = {16.88} [14.90, 18.87], (p=57, n=27, P=379, N=776)
2026-04-14 12:40:01,739 - INFO - *****GROWING RR RULE*****
2026-04-14 12:40:01,828 - INFO - Iteracja 0: condition_best: None, quality_best: -inf, coverage_best: (p=0, n=0, P=0, N=0), p_value: 0
2026-04-14 12:40:01,828 - INFO - Regula po iteracji 0: IF  THEN class = {14.89} [11.49, 18.30], (p=767, n=388, P=767, N=388)
2026-04-14 12:40:01,828 - INFO - *****STOP GROWING RR RULE*****
2026-04-14 12:40:01,828 - INFO - ***RR NOT FOUND***
2026-04-14 12:40:01,832 - INFO - Iteracja 3: condition_best: Strength >= 19.10, quality_best: 0.384, coverage_best: (p=32, n=5, P=583, N=572)
2026-04-14 12:40:01,832 - INFO - Regula po iteracji 3: IF Strength <= 21.10 AND Strength >= 16.25 AND Temperature <= 215.00 AND Strength >= 19.10 THEN class = {16.00} [13.97, 18.03], (p=32, n=5, P=583, N=572)
2026-04-14 12:40:01,833 - INFO - *****GROWING RR RULE*****
2026-04-14 12:40:01,922 - INFO - Iteracja 0: condition_best: None, quality_best: -inf, coverage_best: (p=0, n=0, P=0, N=0), p_value: 0
2026-04-14 12:40:01,922 - INFO - Regula po iteracji 0: IF  THEN class = {14.89} [11.49, 18.30], (p=767, n=388, P=767, N=388)
2026-04-14 12:40:01,922 - INFO - *****STOP GROWING RR RULE*****
2026-04-14 12:40:01,922 - INFO - ***RR NOT FOUND***
2026-04-14 12:40:01,924 - INFO - Iteracja 4: condition_best: Strength <= 20.90, quality_best: 0.379, coverage_best: (p=31, n=5, P=583, N=572)
2026-04-14 12:40:01,924 - INFO - Regula po iteracji 4: IF Strength <= 21.10 AND Strength >= 16.25 AND Temperature <= 215.00 AND Strength >= 19.10 AND Strength <= 20.90 THEN class = {16.00} [13.95, 18.05], (p=31, n=5, P=583, N=572)
2026-04-14 12:40:01,925 - INFO - *****GROWING RR RULE*****
2026-04-14 12:40:02,015 - INFO - Iteracja 0: condition_best: None, quality_best: -inf, coverage_best: (p=0, n=0, P=0, N=0), p_value: 0
2026-04-14 12:40:02,015 - INFO - Regula po iteracji 0: IF  THEN class = {14.89} [11.49, 18.30], (p=767, n=388, P=767, N=388)
2026-04-14 12:40:02,016 - INFO - *****STOP GROWING RR RULE*****
2026-04-14 12:40:02,016 - INFO - ***RR NOT FOUND***
2026-04-14 12:40:02,016 - INFO - *******STOP GROWING CR RULE*******
2026-04-14 12:40:02,021 - INFO - *******GROWING CR RULE*******
2026-04-14 12:40:02,084 - INFO - Iteracja 0: condition_best: Strength <= 21.40, quality_best: 0.179, coverage_best: (p=80, n=72, P=379, N=776)
2026-04-14 12:40:02,084 - INFO - Regula po iteracji 0: IF Strength <= 21.40 THEN class = {17.83} [15.73, 19.93], (p=80, n=72, P=379, N=776)
2026-04-14 12:40:02,084 - INFO - *****GROWING RR RULE*****
2026-04-14 12:40:02,173 - INFO - Iteracja 0: condition_best: None, quality_best: -inf, coverage_best: (p=0, n=0, P=0, N=0), p_value: 0
2026-04-14 12:40:02,173 - INFO - Regula po iteracji 0: IF  THEN class = {14.89} [11.49, 18.30], (p=767, n=388, P=767, N=388)
2026-04-14 12:40:02,173 - INFO - *****STOP GROWING RR RULE*****
2026-04-14 12:40:02,173 - INFO - ***RR NOT FOUND***
2026-04-14 12:40:02,180 - INFO - Iteracja 1: condition_best: Strength >= 16.25, quality_best: 0.224, coverage_best: (p=72, n=52, P=379, N=776)
2026-04-14 12:40:02,180 - INFO - Regula po iteracji 1: IF Strength <= 21.40 AND Strength >= 16.25 THEN class = {17.47} [15.34, 19.59], (p=72, n=52, P=379, N=776)
2026-04-14 12:40:02,180 - INFO - *****GROWING RR RULE*****
2026-04-14 12:40:02,268 - INFO - Iteracja 0: condition_best: None, quality_best: -inf, coverage_best: (p=0, n=0, P=0, N=0), p_value: 0
2026-04-14 12:40:02,268 - INFO - Regula po iteracji 0: IF  THEN class = {14.89} [11.49, 18.30], (p=767, n=388, P=767, N=388)
2026-04-14 12:40:02,268 - INFO - *****STOP GROWING RR RULE*****
2026-04-14 12:40:02,269 - INFO - ***RR NOT FOUND***
2026-04-14 12:40:02,273 - INFO - Iteracja 2: condition_best: Temperature <= 225.00, quality_best: 0.267, coverage_best: (p=70, n=41, P=379, N=776)
2026-04-14 12:40:02,273 - INFO - Regula po iteracji 2: IF Strength <= 21.40 AND Strength >= 16.25 AND Temperature <= 225.00 THEN class = {17.21} [15.12, 19.29], (p=70, n=41, P=379, N=776)
2026-04-14 12:40:02,274 - INFO - *****GROWING RR RULE*****
2026-04-14 12:40:02,361 - INFO - Iteracja 0: condition_best: None, quality_best: -inf, coverage_best: (p=0, n=0, P=0, N=0), p_value: 0
2026-04-14 12:40:02,362 - INFO - Regula po iteracji 0: IF  THEN class = {14.89} [11.49, 18.30], (p=767, n=388, P=767, N=388)
2026-04-14 12:40:02,362 - INFO - *****STOP GROWING RR RULE*****
2026-04-14 12:40:02,362 - INFO - ***RR NOT FOUND***
2026-04-14 12:40:02,366 - INFO - Iteracja 3: condition_best: Strength >= 20.15, quality_best: 0.325, coverage_best: (p=30, n=7, P=583, N=572)
2026-04-14 12:40:02,366 - INFO - Regula po iteracji 3: IF Strength <= 21.40 AND Strength >= 16.25 AND Temperature <= 225.00 AND Strength >= 20.15 THEN class = {16.22} [14.00, 18.44], (p=30, n=7, P=583, N=572)
2026-04-14 12:40:02,367 - INFO - *****GROWING RR RULE*****
2026-04-14 12:40:02,453 - INFO - Iteracja 0: condition_best: None, quality_best: -inf, coverage_best: (p=0, n=0, P=0, N=0), p_value: 0
2026-04-14 12:40:02,453 - INFO - Regula po iteracji 0: IF  THEN class = {14.89} [11.49, 18.30], (p=767, n=388, P=767, N=388)
2026-04-14 12:40:02,453 - INFO - *****STOP GROWING RR RULE*****
2026-04-14 12:40:02,453 - INFO - ***RR NOT FOUND***
2026-04-14 12:40:02,455 - INFO - Iteracja 4: condition_best: Strength >= 20.25, quality_best: 0.303, coverage_best: (p=23, n=6, P=583, N=572)
2026-04-14 12:40:02,455 - INFO - Regula po iteracji 4: IF Strength <= 21.40 AND Strength >= 16.25 AND Temperature <= 225.00 AND Strength >= 20.15 AND Strength >= 20.25 THEN class = {16.07} [13.81, 18.33], (p=23, n=6, P=583, N=572)
2026-04-14 12:40:02,455 - INFO - *****GROWING RR RULE*****
2026-04-14 12:40:02,544 - INFO - Iteracja 0: condition_best: None, quality_best: -inf, coverage_best: (p=0, n=0, P=0, N=0), p_value: 0
2026-04-14 12:40:02,544 - INFO - Regula po iteracji 0: IF  THEN class = {14.89} [11.49, 18.30], (p=767, n=388, P=767, N=388)
2026-04-14 12:40:02,544 - INFO - *****STOP GROWING RR RULE*****
2026-04-14 12:40:02,545 - INFO - ***RR NOT FOUND***
2026-04-14 12:40:02,545 - INFO - *******STOP GROWING CR RULE*******
2026-04-14 12:40:02,550 - INFO - *******GROWING CR RULE*******
2026-04-14 12:40:02,611 - INFO - Iteracja 0: condition_best: Strength <= 22.90, quality_best: 0.175, coverage_best: (p=115, n=111, P=379, N=776)
2026-04-14 12:40:02,611 - INFO - Regula po iteracji 0: IF Strength <= 22.90 THEN class = {17.40} [14.99, 19.81], (p=115, n=111, P=379, N=776)
2026-04-14 12:40:02,611 - INFO - *****GROWING RR RULE*****
2026-04-14 12:40:02,700 - INFO - Iteracja 0: condition_best: None, quality_best: -inf, coverage_best: (p=0, n=0, P=0, N=0), p_value: 0
2026-04-14 12:40:02,701 - INFO - Regula po iteracji 0: IF  THEN class = {14.89} [11.49, 18.30], (p=767, n=388, P=767, N=388)
2026-04-14 12:40:02,701 - INFO - *****STOP GROWING RR RULE*****
2026-04-14 12:40:02,701 - INFO - ***RR NOT FOUND***
2026-04-14 12:40:02,710 - INFO - Iteracja 1: condition_best: Temperature >= 225.00, quality_best: 0.518, coverage_best: (p=41, n=2, P=365, N=790)
2026-04-14 12:40:02,710 - INFO - Regula po iteracji 1: IF Strength <= 22.90 AND Temperature >= 225.00 THEN class = {19.07} [17.90, 20.24], (p=41, n=2, P=365, N=790)
2026-04-14 12:40:02,710 - INFO - *****GROWING RR RULE*****
2026-04-14 12:40:02,796 - INFO - Iteracja 0: condition_best: None, quality_best: -inf, coverage_best: (p=0, n=0, P=0, N=0), p_value: 0
2026-04-14 12:40:02,796 - INFO - Regula po iteracji 0: IF  THEN class = {14.89} [11.49, 18.30], (p=767, n=388, P=767, N=388)
2026-04-14 12:40:02,796 - INFO - *****STOP GROWING RR RULE*****
2026-04-14 12:40:02,796 - INFO - ***RR NOT FOUND***
2026-04-14 12:40:02,799 - INFO - Iteracja 2: condition_best: Strength <= 22.75, quality_best: 0.516, coverage_best: (p=40, n=2, P=365, N=790)
2026-04-14 12:40:02,799 - INFO - Regula po iteracji 2: IF Strength <= 22.90 AND Temperature >= 225.00 AND Strength <= 22.75 THEN class = {19.10} [17.92, 20.27], (p=40, n=2, P=365, N=790)
2026-04-14 12:40:02,799 - INFO - *****GROWING RR RULE*****
2026-04-14 12:40:02,886 - INFO - Iteracja 0: condition_best: None, quality_best: -inf, coverage_best: (p=0, n=0, P=0, N=0), p_value: 0
2026-04-14 12:40:02,886 - INFO - Regula po iteracji 0: IF  THEN class = {14.89} [11.49, 18.30], (p=767, n=388, P=767, N=388)
2026-04-14 12:40:02,886 - INFO - *****STOP GROWING RR RULE*****
2026-04-14 12:40:02,886 - INFO - ***RR NOT FOUND***
2026-04-14 12:40:02,888 - INFO - Iteracja 3: condition_best: Strength >= 18.55, quality_best: 0.514, coverage_best: (p=39, n=2, P=365, N=790)
2026-04-14 12:40:02,888 - INFO - Regula po iteracji 3: IF Strength <= 22.90 AND Temperature >= 225.00 AND Strength <= 22.75 AND Strength >= 18.55 THEN class = {19.07} [17.90, 20.25], (p=39, n=2, P=365, N=790)
2026-04-14 12:40:02,889 - INFO - *****GROWING RR RULE*****
2026-04-14 12:40:02,975 - INFO - Iteracja 0: condition_best: None, quality_best: -inf, coverage_best: (p=0, n=0, P=0, N=0), p_value: 0
2026-04-14 12:40:02,975 - INFO - Regula po iteracji 0: IF  THEN class = {14.89} [11.49, 18.30], (p=767, n=388, P=767, N=388)
2026-04-14 12:40:02,975 - INFO - *****STOP GROWING RR RULE*****
2026-04-14 12:40:02,975 - INFO - ***RR NOT FOUND***
2026-04-14 12:40:02,978 - INFO - Iteracja 4: condition_best: Strength >= 18.95, quality_best: 0.512, coverage_best: (p=38, n=2, P=365, N=790)
2026-04-14 12:40:02,978 - INFO - Regula po iteracji 4: IF Strength <= 22.90 AND Temperature >= 225.00 AND Strength <= 22.75 AND Strength >= 18.55 AND Strength >= 18.95 THEN class = {19.05} [17.87, 20.23], (p=38, n=2, P=365, N=790)
2026-04-14 12:40:02,978 - INFO - *****GROWING RR RULE*****
2026-04-14 12:40:03,065 - INFO - Iteracja 0: condition_best: None, quality_best: -inf, coverage_best: (p=0, n=0, P=0, N=0), p_value: 0
2026-04-14 12:40:03,065 - INFO - Regula po iteracji 0: IF  THEN class = {14.89} [11.49, 18.30], (p=767, n=388, P=767, N=388)
2026-04-14 12:40:03,065 - INFO - *****STOP GROWING RR RULE*****
2026-04-14 12:40:03,065 - INFO - ***RR NOT FOUND***
2026-04-14 12:40:03,065 - INFO - *******STOP GROWING CR RULE*******
2026-04-14 12:40:03,071 - INFO - *******GROWING CR RULE*******
2026-04-14 12:40:03,131 - INFO - Iteracja 0: condition_best: Strength <= 22.90, quality_best: 0.175, coverage_best: (p=115, n=111, P=379, N=776)
2026-04-14 12:40:03,131 - INFO - Regula po iteracji 0: IF Strength <= 22.90 THEN class = {17.40} [14.99, 19.81], (p=115, n=111, P=379, N=776)
2026-04-14 12:40:03,132 - INFO - *****GROWING RR RULE*****
2026-04-14 12:40:03,221 - INFO - Iteracja 0: condition_best: None, quality_best: -inf, coverage_best: (p=0, n=0, P=0, N=0), p_value: 0
2026-04-14 12:40:03,221 - INFO - Regula po iteracji 0: IF  THEN class = {14.89} [11.49, 18.30], (p=767, n=388, P=767, N=388)
2026-04-14 12:40:03,222 - INFO - *****STOP GROWING RR RULE*****
2026-04-14 12:40:03,222 - INFO - ***RR NOT FOUND***
2026-04-14 12:40:03,230 - INFO - Iteracja 1: condition_best: Temperature >= 205.00, quality_best: 0.495, coverage_best: (p=132, n=15, P=562, N=593)
2026-04-14 12:40:03,230 - INFO - Regula po iteracji 1: IF Strength <= 22.90 AND Temperature >= 205.00 THEN class = {17.99} [15.91, 20.07], (p=132, n=15, P=562, N=593)
2026-04-14 12:40:03,231 - INFO - *****GROWING RR RULE*****
2026-04-14 12:40:03,319 - INFO - Iteracja 0: condition_best: None, quality_best: -inf, coverage_best: (p=0, n=0, P=0, N=0), p_value: 0
2026-04-14 12:40:03,319 - INFO - Regula po iteracji 0: IF  THEN class = {14.89} [11.49, 18.30], (p=767, n=388, P=767, N=388)
2026-04-14 12:40:03,319 - INFO - *****STOP GROWING RR RULE*****
2026-04-14 12:40:03,319 - INFO - ***RR NOT FOUND***
2026-04-14 12:40:03,325 - INFO - Iteracja 2: condition_best: Strength <= 22.75, quality_best: 0.499, coverage_best: (p=130, n=14, P=562, N=593)
2026-04-14 12:40:03,325 - INFO - Regula po iteracji 2: IF Strength <= 22.90 AND Temperature >= 205.00 AND Strength <= 22.75 THEN class = {18.03} [15.96, 20.10], (p=130, n=14, P=562, N=593)
2026-04-14 12:40:03,326 - INFO - *****GROWING RR RULE*****
2026-04-14 12:40:03,414 - INFO - Iteracja 0: condition_best: None, quality_best: -inf, coverage_best: (p=0, n=0, P=0, N=0), p_value: 0
2026-04-14 12:40:03,414 - INFO - Regula po iteracji 0: IF  THEN class = {14.89} [11.49, 18.30], (p=767, n=388, P=767, N=388)
2026-04-14 12:40:03,414 - INFO - *****STOP GROWING RR RULE*****
2026-04-14 12:40:03,415 - INFO - ***RR NOT FOUND***
2026-04-14 12:40:03,421 - INFO - Iteracja 3: condition_best: Strength >= 14.55, quality_best: 0.498, coverage_best: (p=129, n=14, P=562, N=593)
2026-04-14 12:40:03,421 - INFO - Regula po iteracji 3: IF Strength <= 22.90 AND Temperature >= 205.00 AND Strength <= 22.75 AND Strength >= 14.55 THEN class = {18.01} [15.95, 20.08], (p=129, n=14, P=562, N=593)
2026-04-14 12:40:03,421 - INFO - *****GROWING RR RULE*****
2026-04-14 12:40:03,510 - INFO - Iteracja 0: condition_best: None, quality_best: -inf, coverage_best: (p=0, n=0, P=0, N=0), p_value: 0
2026-04-14 12:40:03,510 - INFO - Regula po iteracji 0: IF  THEN class = {14.89} [11.49, 18.30], (p=767, n=388, P=767, N=388)
2026-04-14 12:40:03,510 - INFO - *****STOP GROWING RR RULE*****
2026-04-14 12:40:03,510 - INFO - ***RR NOT FOUND***
2026-04-14 12:40:03,516 - INFO - Iteracja 4: condition_best: Strength >= 14.95, quality_best: 0.496, coverage_best: (p=128, n=14, P=562, N=593)
2026-04-14 12:40:03,517 - INFO - Regula po iteracji 4: IF Strength <= 22.90 AND Temperature >= 205.00 AND Strength <= 22.75 AND Strength >= 14.55 AND Strength >= 14.95 THEN class = {18.00} [15.93, 20.07], (p=128, n=14, P=562, N=593)
2026-04-14 12:40:03,517 - INFO - *****GROWING RR RULE*****
2026-04-14 12:40:03,607 - INFO - Iteracja 0: condition_best: None, quality_best: -inf, coverage_best: (p=0, n=0, P=0, N=0), p_value: 0
2026-04-14 12:40:03,607 - INFO - Regula po iteracji 0: IF  THEN class = {14.89} [11.49, 18.30], (p=767, n=388, P=767, N=388)
2026-04-14 12:40:03,607 - INFO - *****STOP GROWING RR RULE*****
2026-04-14 12:40:03,607 - INFO - ***RR NOT FOUND***
2026-04-14 12:40:03,607 - INFO - *******STOP GROWING CR RULE*******
2026-04-14 12:40:03,612 - INFO - *******GROWING CR RULE*******
2026-04-14 12:40:03,672 - INFO - Iteracja 0: condition_best: Strength <= 22.90, quality_best: 0.175, coverage_best: (p=115, n=111, P=379, N=776)
2026-04-14 12:40:03,672 - INFO - Regula po iteracji 0: IF Strength <= 22.90 THEN class = {17.40} [14.99, 19.81], (p=115, n=111, P=379, N=776)
2026-04-14 12:40:03,672 - INFO - *****GROWING RR RULE*****
2026-04-14 12:40:03,762 - INFO - Iteracja 0: condition_best: None, quality_best: -inf, coverage_best: (p=0, n=0, P=0, N=0), p_value: 0
2026-04-14 12:40:03,762 - INFO - Regula po iteracji 0: IF  THEN class = {14.89} [11.49, 18.30], (p=767, n=388, P=767, N=388)
2026-04-14 12:40:03,762 - INFO - *****STOP GROWING RR RULE*****
2026-04-14 12:40:03,762 - INFO - ***RR NOT FOUND***
2026-04-14 12:40:03,771 - INFO - Iteracja 1: condition_best: Temperature <= 205.00, quality_best: 0.212, coverage_best: (p=55, n=24, P=583, N=572)
2026-04-14 12:40:03,771 - INFO - Regula po iteracji 1: IF Strength <= 22.90 AND Temperature <= 205.00 THEN class = {16.30} [13.72, 18.89], (p=55, n=24, P=583, N=572)
2026-04-14 12:40:03,771 - INFO - *****GROWING RR RULE*****
2026-04-14 12:40:03,858 - INFO - Iteracja 0: condition_best: None, quality_best: -inf, coverage_best: (p=0, n=0, P=0, N=0), p_value: 0
2026-04-14 12:40:03,858 - INFO - Regula po iteracji 0: IF  THEN class = {14.89} [11.49, 18.30], (p=767, n=388, P=767, N=388)
2026-04-14 12:40:03,858 - INFO - *****STOP GROWING RR RULE*****
2026-04-14 12:40:03,858 - INFO - ***RR NOT FOUND***
2026-04-14 12:40:03,864 - INFO - Iteracja 2: condition_best: Strength >= 19.85, quality_best: 0.408, coverage_best: (p=25, n=3, P=585, N=570)
2026-04-14 12:40:03,864 - INFO - Regula po iteracji 2: IF Strength <= 22.90 AND Temperature <= 205.00 AND Strength >= 19.85 THEN class = {14.00} [12.00, 16.00], (p=25, n=3, P=585, N=570)
2026-04-14 12:40:03,865 - INFO - *****GROWING RR RULE*****
2026-04-14 12:40:03,951 - INFO - Iteracja 0: condition_best: None, quality_best: -inf, coverage_best: (p=0, n=0, P=0, N=0), p_value: 0
2026-04-14 12:40:03,951 - INFO - Regula po iteracji 0: IF  THEN class = {14.89} [11.49, 18.30], (p=767, n=388, P=767, N=388)
2026-04-14 12:40:03,951 - INFO - *****STOP GROWING RR RULE*****
2026-04-14 12:40:03,951 - INFO - ***RR NOT FOUND***
2026-04-14 12:40:03,953 - INFO - Iteracja 3: condition_best: Strength >= 21.10, quality_best: 0.308, coverage_best: (p=11, n=4, P=388, N=767)
2026-04-14 12:40:03,953 - INFO - Regula po iteracji 3: IF Strength <= 22.90 AND Temperature <= 205.00 AND Strength >= 19.85 AND Strength >= 21.10 THEN class = {13.20} [11.44, 14.96], (p=11, n=4, P=388, N=767)
2026-04-14 12:40:03,954 - INFO - *****GROWING RR RULE*****
2026-04-14 12:40:04,039 - INFO - Iteracja 0: condition_best: None, quality_best: -inf, coverage_best: (p=0, n=0, P=0, N=0), p_value: 0
2026-04-14 12:40:04,040 - INFO - Regula po iteracji 0: IF  THEN class = {14.89} [11.49, 18.30], (p=767, n=388, P=767, N=388)
2026-04-14 12:40:04,040 - INFO - *****STOP GROWING RR RULE*****
2026-04-14 12:40:04,040 - INFO - ***RR NOT FOUND***
2026-04-14 12:40:04,041 - INFO - Iteracja 4: condition_best: Strength <= 22.35, quality_best: 0.425, coverage_best: (p=8, n=1, P=388, N=767)
2026-04-14 12:40:04,041 - INFO - Regula po iteracji 4: IF Strength <= 22.90 AND Temperature <= 205.00 AND Strength >= 19.85 AND Strength >= 21.10 AND Strength <= 22.35 THEN class = {13.11} [11.74, 14.48], (p=8, n=1, P=388, N=767)
2026-04-14 12:40:04,041 - INFO - *****GROWING RR RULE*****
2026-04-14 12:40:04,128 - INFO - Iteracja 0: condition_best: None, quality_best: -inf, coverage_best: (p=0, n=0, P=0, N=0), p_value: 0
2026-04-14 12:40:04,128 - INFO - Regula po iteracji 0: IF  THEN class = {14.89} [11.49, 18.30], (p=767, n=388, P=767, N=388)
2026-04-14 12:40:04,128 - INFO - *****STOP GROWING RR RULE*****
2026-04-14 12:40:04,128 - INFO - ***RR NOT FOUND***
2026-04-14 12:40:04,128 - INFO - *******STOP GROWING CR RULE*******
2026-04-14 12:40:04,133 - INFO - *******GROWING CR RULE*******
2026-04-14 12:40:04,194 - INFO - Iteracja 0: condition_best: Strength <= 22.90, quality_best: 0.175, coverage_best: (p=115, n=111, P=379, N=776)
2026-04-14 12:40:04,194 - INFO - Regula po iteracji 0: IF Strength <= 22.90 THEN class = {17.40} [14.99, 19.81], (p=115, n=111, P=379, N=776)
2026-04-14 12:40:04,194 - INFO - *****GROWING RR RULE*****
2026-04-14 12:40:04,284 - INFO - Iteracja 0: condition_best: None, quality_best: -inf, coverage_best: (p=0, n=0, P=0, N=0), p_value: 0
2026-04-14 12:40:04,285 - INFO - Regula po iteracji 0: IF  THEN class = {14.89} [11.49, 18.30], (p=767, n=388, P=767, N=388)
2026-04-14 12:40:04,285 - INFO - *****STOP GROWING RR RULE*****
2026-04-14 12:40:04,285 - INFO - ***RR NOT FOUND***
2026-04-14 12:40:04,293 - INFO - Iteracja 1: condition_best: Temperature <= 205.00, quality_best: 0.212, coverage_best: (p=55, n=24, P=583, N=572)
2026-04-14 12:40:04,293 - INFO - Regula po iteracji 1: IF Strength <= 22.90 AND Temperature <= 205.00 THEN class = {16.30} [13.72, 18.89], (p=55, n=24, P=583, N=572)
2026-04-14 12:40:04,294 - INFO - *****GROWING RR RULE*****
2026-04-14 12:40:04,380 - INFO - Iteracja 0: condition_best: None, quality_best: -inf, coverage_best: (p=0, n=0, P=0, N=0), p_value: 0
2026-04-14 12:40:04,381 - INFO - Regula po iteracji 0: IF  THEN class = {14.89} [11.49, 18.30], (p=767, n=388, P=767, N=388)
2026-04-14 12:40:04,381 - INFO - *****STOP GROWING RR RULE*****
2026-04-14 12:40:04,381 - INFO - ***RR NOT FOUND***
2026-04-14 12:40:04,387 - INFO - Iteracja 2: condition_best: Strength >= 19.85, quality_best: 0.408, coverage_best: (p=25, n=3, P=585, N=570)
2026-04-14 12:40:04,387 - INFO - Regula po iteracji 2: IF Strength <= 22.90 AND Temperature <= 205.00 AND Strength >= 19.85 THEN class = {14.00} [12.00, 16.00], (p=25, n=3, P=585, N=570)
2026-04-14 12:40:04,387 - INFO - *****GROWING RR RULE*****
2026-04-14 12:40:04,473 - INFO - Iteracja 0: condition_best: None, quality_best: -inf, coverage_best: (p=0, n=0, P=0, N=0), p_value: 0
2026-04-14 12:40:04,473 - INFO - Regula po iteracji 0: IF  THEN class = {14.89} [11.49, 18.30], (p=767, n=388, P=767, N=388)
2026-04-14 12:40:04,474 - INFO - *****STOP GROWING RR RULE*****
2026-04-14 12:40:04,474 - INFO - ***RR NOT FOUND***
2026-04-14 12:40:04,476 - INFO - Iteracja 3: condition_best: Strength >= 21.10, quality_best: 0.308, coverage_best: (p=11, n=4, P=388, N=767)
2026-04-14 12:40:04,476 - INFO - Regula po iteracji 3: IF Strength <= 22.90 AND Temperature <= 205.00 AND Strength >= 19.85 AND Strength >= 21.10 THEN class = {13.20} [11.44, 14.96], (p=11, n=4, P=388, N=767)
2026-04-14 12:40:04,476 - INFO - *****GROWING RR RULE*****
2026-04-14 12:40:04,563 - INFO - Iteracja 0: condition_best: None, quality_best: -inf, coverage_best: (p=0, n=0, P=0, N=0), p_value: 0
2026-04-14 12:40:04,563 - INFO - Regula po iteracji 0: IF  THEN class = {14.89} [11.49, 18.30], (p=767, n=388, P=767, N=388)
2026-04-14 12:40:04,563 - INFO - *****STOP GROWING RR RULE*****
2026-04-14 12:40:04,563 - INFO - ***RR NOT FOUND***
2026-04-14 12:40:04,564 - INFO - Iteracja 4: condition_best: Strength <= 22.75, quality_best: 0.292, coverage_best: (p=10, n=4, P=388, N=767)
2026-04-14 12:40:04,564 - INFO - Regula po iteracji 4: IF Strength <= 22.90 AND Temperature <= 205.00 AND Strength >= 19.85 AND Strength >= 21.10 AND Strength <= 22.75 THEN class = {13.29} [11.50, 15.08], (p=10, n=4, P=388, N=767)
2026-04-14 12:40:04,565 - INFO - *****GROWING RR RULE*****
2026-04-14 12:40:04,652 - INFO - Iteracja 0: condition_best: None, quality_best: -inf, coverage_best: (p=0, n=0, P=0, N=0), p_value: 0
2026-04-14 12:40:04,652 - INFO - Regula po iteracji 0: IF  THEN class = {14.89} [11.49, 18.30], (p=767, n=388, P=767, N=388)
2026-04-14 12:40:04,653 - INFO - *****STOP GROWING RR RULE*****
2026-04-14 12:40:04,653 - INFO - ***RR NOT FOUND***
2026-04-14 12:40:04,653 - INFO - *******STOP GROWING CR RULE*******
2026-04-14 12:40:04,658 - INFO - *******GROWING CR RULE*******
2026-04-14 12:40:04,717 - INFO - Iteracja 0: condition_best: Strength <= 23.10, quality_best: 0.173, coverage_best: (p=115, n=112, P=379, N=776)
2026-04-14 12:40:04,718 - INFO - Regula po iteracji 0: IF Strength <= 23.10 THEN class = {17.38} [14.97, 19.80], (p=115, n=112, P=379, N=776)
2026-04-14 12:40:04,718 - INFO - *****GROWING RR RULE*****
2026-04-14 12:40:04,807 - INFO - Iteracja 0: condition_best: None, quality_best: -inf, coverage_best: (p=0, n=0, P=0, N=0), p_value: 0
2026-04-14 12:40:04,807 - INFO - Regula po iteracji 0: IF  THEN class = {14.89} [11.49, 18.30], (p=767, n=388, P=767, N=388)
2026-04-14 12:40:04,807 - INFO - *****STOP GROWING RR RULE*****
2026-04-14 12:40:04,807 - INFO - ***RR NOT FOUND***
2026-04-14 12:40:04,816 - INFO - Iteracja 1: condition_best: Strength >= 16.25, quality_best: 0.2, coverage_best: (p=107, n=92, P=379, N=776)
2026-04-14 12:40:04,816 - INFO - Regula po iteracji 1: IF Strength <= 23.10 AND Strength >= 16.25 THEN class = {17.10} [14.68, 19.52], (p=107, n=92, P=379, N=776)
2026-04-14 12:40:04,816 - INFO - *****GROWING RR RULE*****
2026-04-14 12:40:04,911 - INFO - Iteracja 0: condition_best: None, quality_best: -inf, coverage_best: (p=0, n=0, P=0, N=0), p_value: 0
2026-04-14 12:40:04,911 - INFO - Regula po iteracji 0: IF  THEN class = {14.89} [11.49, 18.30], (p=767, n=388, P=767, N=388)
2026-04-14 12:40:04,911 - INFO - *****STOP GROWING RR RULE*****
2026-04-14 12:40:04,912 - INFO - ***RR NOT FOUND***
2026-04-14 12:40:04,918 - INFO - Iteracja 2: condition_best: Temperature <= 235.00, quality_best: 0.225, coverage_best: (p=104, n=80, P=379, N=776)
2026-04-14 12:40:04,918 - INFO - Regula po iteracji 2: IF Strength <= 23.10 AND Strength >= 16.25 AND Temperature <= 235.00 THEN class = {16.89} [14.50, 19.28], (p=104, n=80, P=379, N=776)
2026-04-14 12:40:04,919 - INFO - *****GROWING RR RULE*****
2026-04-14 12:40:05,008 - INFO - Iteracja 0: condition_best: None, quality_best: -inf, coverage_best: (p=0, n=0, P=0, N=0), p_value: 0
2026-04-14 12:40:05,008 - INFO - Regula po iteracji 0: IF  THEN class = {14.89} [11.49, 18.30], (p=767, n=388, P=767, N=388)
2026-04-14 12:40:05,008 - INFO - *****STOP GROWING RR RULE*****
2026-04-14 12:40:05,008 - INFO - ***RR NOT FOUND***
2026-04-14 12:40:05,015 - INFO - Iteracja 3: condition_best: Strength >= 18.65, quality_best: 0.286, coverage_best: (p=100, n=34, P=583, N=572)
2026-04-14 12:40:05,015 - INFO - Regula po iteracji 3: IF Strength <= 23.10 AND Strength >= 16.25 AND Temperature <= 235.00 AND Strength >= 18.65 THEN class = {16.39} [13.94, 18.84], (p=100, n=34, P=583, N=572)
2026-04-14 12:40:05,015 - INFO - *****GROWING RR RULE*****
2026-04-14 12:40:05,104 - INFO - Iteracja 0: condition_best: None, quality_best: -inf, coverage_best: (p=0, n=0, P=0, N=0), p_value: 0
2026-04-14 12:40:05,104 - INFO - Regula po iteracji 0: IF  THEN class = {14.89} [11.49, 18.30], (p=767, n=388, P=767, N=388)
2026-04-14 12:40:05,104 - INFO - *****STOP GROWING RR RULE*****
2026-04-14 12:40:05,104 - INFO - ***RR NOT FOUND***
2026-04-14 12:40:05,109 - INFO - Iteracja 4: condition_best: Strength >= 19.25, quality_best: 0.281, coverage_best: (p=91, n=31, P=583, N=572)
2026-04-14 12:40:05,109 - INFO - Regula po iteracji 4: IF Strength <= 23.10 AND Strength >= 16.25 AND Temperature <= 235.00 AND Strength >= 18.65 AND Strength >= 19.25 THEN class = {16.33} [13.87, 18.79], (p=91, n=31, P=583, N=572)
2026-04-14 12:40:05,109 - INFO - *****GROWING RR RULE*****
2026-04-14 12:40:05,198 - INFO - Iteracja 0: condition_best: None, quality_best: -inf, coverage_best: (p=0, n=0, P=0, N=0), p_value: 0
2026-04-14 12:40:05,198 - INFO - Regula po iteracji 0: IF  THEN class = {14.89} [11.49, 18.30], (p=767, n=388, P=767, N=388)
2026-04-14 12:40:05,198 - INFO - *****STOP GROWING RR RULE*****
2026-04-14 12:40:05,198 - INFO - ***RR NOT FOUND***
2026-04-14 12:40:05,198 - INFO - *******STOP GROWING CR RULE*******
2026-04-14 12:40:05,203 - INFO - *******GROWING CR RULE*******
2026-04-14 12:40:05,265 - INFO - Iteracja 0: condition_best: Strength <= 23.40, quality_best: 0.17, coverage_best: (p=118, n=117, P=379, N=776)
2026-04-14 12:40:05,265 - INFO - Regula po iteracji 0: IF Strength <= 23.40 THEN class = {17.32} [14.87, 19.77], (p=118, n=117, P=379, N=776)
2026-04-14 12:40:05,266 - INFO - *****GROWING RR RULE*****
2026-04-14 12:40:05,359 - INFO - Iteracja 0: condition_best: None, quality_best: -inf, coverage_best: (p=0, n=0, P=0, N=0), p_value: 0
2026-04-14 12:40:05,360 - INFO - Regula po iteracji 0: IF  THEN class = {14.89} [11.49, 18.30], (p=767, n=388, P=767, N=388)
2026-04-14 12:40:05,360 - INFO - *****STOP GROWING RR RULE*****
2026-04-14 12:40:05,360 - INFO - ***RR NOT FOUND***
2026-04-14 12:40:05,369 - INFO - Iteracja 1: condition_best: Temperature >= 205.00, quality_best: 0.48, coverage_best: (p=136, n=18, P=562, N=593)
2026-04-14 12:40:05,369 - INFO - Regula po iteracji 1: IF Strength <= 23.40 AND Temperature >= 205.00 THEN class = {17.90} [15.75, 20.04], (p=136, n=18, P=562, N=593)
2026-04-14 12:40:05,369 - INFO - *****GROWING RR RULE*****
2026-04-14 12:40:05,458 - INFO - Iteracja 0: condition_best: None, quality_best: -inf, coverage_best: (p=0, n=0, P=0, N=0), p_value: 0
2026-04-14 12:40:05,458 - INFO - Regula po iteracji 0: IF  THEN class = {14.89} [11.49, 18.30], (p=767, n=388, P=767, N=388)
2026-04-14 12:40:05,458 - INFO - *****STOP GROWING RR RULE*****
2026-04-14 12:40:05,458 - INFO - ***RR NOT FOUND***
2026-04-14 12:40:05,465 - INFO - Iteracja 2: condition_best: Strength >= 14.55, quality_best: 0.478, coverage_best: (p=135, n=18, P=562, N=593)
2026-04-14 12:40:05,465 - INFO - Regula po iteracji 2: IF Strength <= 23.40 AND Temperature >= 205.00 AND Strength >= 14.55 THEN class = {17.88} [15.73, 20.03], (p=135, n=18, P=562, N=593)
2026-04-14 12:40:05,465 - INFO - *****GROWING RR RULE*****
2026-04-14 12:40:05,555 - INFO - Iteracja 0: condition_best: None, quality_best: -inf, coverage_best: (p=0, n=0, P=0, N=0), p_value: 0
2026-04-14 12:40:05,555 - INFO - Regula po iteracji 0: IF  THEN class = {14.89} [11.49, 18.30], (p=767, n=388, P=767, N=388)
2026-04-14 12:40:05,555 - INFO - *****STOP GROWING RR RULE*****
2026-04-14 12:40:05,555 - INFO - ***RR NOT FOUND***
2026-04-14 12:40:05,562 - INFO - Iteracja 3: condition_best: Strength >= 14.95, quality_best: 0.476, coverage_best: (p=134, n=18, P=562, N=593)
2026-04-14 12:40:05,562 - INFO - Regula po iteracji 3: IF Strength <= 23.40 AND Temperature >= 205.00 AND Strength >= 14.55 AND Strength >= 14.95 THEN class = {17.87} [15.72, 20.02], (p=134, n=18, P=562, N=593)
2026-04-14 12:40:05,562 - INFO - *****GROWING RR RULE*****
2026-04-14 12:40:05,653 - INFO - Iteracja 0: condition_best: None, quality_best: -inf, coverage_best: (p=0, n=0, P=0, N=0), p_value: 0
2026-04-14 12:40:05,653 - INFO - Regula po iteracji 0: IF  THEN class = {14.89} [11.49, 18.30], (p=767, n=388, P=767, N=388)
2026-04-14 12:40:05,653 - INFO - *****STOP GROWING RR RULE*****
2026-04-14 12:40:05,653 - INFO - ***RR NOT FOUND***
2026-04-14 12:40:05,659 - INFO - Iteracja 4: condition_best: Strength >= 15.35, quality_best: 0.475, coverage_best: (p=133, n=18, P=562, N=593)
2026-04-14 12:40:05,659 - INFO - Regula po iteracji 4: IF Strength <= 23.40 AND Temperature >= 205.00 AND Strength >= 14.55 AND Strength >= 14.95 AND Strength >= 15.35 THEN class = {17.85} [15.71, 20.00], (p=133, n=18, P=562, N=593)
2026-04-14 12:40:05,660 - INFO - *****GROWING RR RULE*****
2026-04-14 12:40:05,749 - INFO - Iteracja 0: condition_best: None, quality_best: -inf, coverage_best: (p=0, n=0, P=0, N=0), p_value: 0
2026-04-14 12:40:05,749 - INFO - Regula po iteracji 0: IF  THEN class = {14.89} [11.49, 18.30], (p=767, n=388, P=767, N=388)
2026-04-14 12:40:05,749 - INFO - *****STOP GROWING RR RULE*****
2026-04-14 12:40:05,749 - INFO - ***RR NOT FOUND***
2026-04-14 12:40:05,749 - INFO - *******STOP GROWING CR RULE*******
2026-04-14 12:40:05,754 - INFO - *******GROWING CR RULE*******
2026-04-14 12:40:05,814 - INFO - Iteracja 0: condition_best: Strength <= 23.75, quality_best: 0.164, coverage_best: (p=124, n=127, P=379, N=776)
2026-04-14 12:40:05,814 - INFO - Regula po iteracji 0: IF Strength <= 23.75 THEN class = {17.15} [14.55, 19.74], (p=124, n=127, P=379, N=776)
2026-04-14 12:40:05,814 - INFO - *****GROWING RR RULE*****
2026-04-14 12:40:05,907 - INFO - Iteracja 0: condition_best: None, quality_best: -inf, coverage_best: (p=0, n=0, P=0, N=0), p_value: 0
2026-04-14 12:40:05,907 - INFO - Regula po iteracji 0: IF  THEN class = {14.89} [11.49, 18.30], (p=767, n=388, P=767, N=388)
2026-04-14 12:40:05,907 - INFO - *****STOP GROWING RR RULE*****
2026-04-14 12:40:05,907 - INFO - ***RR NOT FOUND***
2026-04-14 12:40:05,917 - INFO - Iteracja 1: condition_best: Temperature >= 225.00, quality_best: 0.488, coverage_best: (p=48, n=5, P=365, N=790)
2026-04-14 12:40:05,917 - INFO - Regula po iteracji 1: IF Strength <= 23.75 AND Temperature >= 225.00 THEN class = {18.87} [17.55, 20.19], (p=48, n=5, P=365, N=790)
2026-04-14 12:40:05,917 - INFO - *****GROWING RR RULE*****
2026-04-14 12:40:06,004 - INFO - Iteracja 0: condition_best: None, quality_best: -inf, coverage_best: (p=0, n=0, P=0, N=0), p_value: 0
2026-04-14 12:40:06,004 - INFO - Regula po iteracji 0: IF  THEN class = {14.89} [11.49, 18.30], (p=767, n=388, P=767, N=388)
2026-04-14 12:40:06,004 - INFO - *****STOP GROWING RR RULE*****
2026-04-14 12:40:06,004 - INFO - ***RR NOT FOUND***
2026-04-14 12:40:06,007 - INFO - Iteracja 2: condition_best: Strength >= 18.55, quality_best: 0.485, coverage_best: (p=47, n=5, P=365, N=790)
2026-04-14 12:40:06,007 - INFO - Regula po iteracji 2: IF Strength <= 23.75 AND Temperature >= 225.00 AND Strength >= 18.55 THEN class = {18.85} [17.52, 20.17], (p=47, n=5, P=365, N=790)
2026-04-14 12:40:06,008 - INFO - *****GROWING RR RULE*****
2026-04-14 12:40:06,095 - INFO - Iteracja 0: condition_best: None, quality_best: -inf, coverage_best: (p=0, n=0, P=0, N=0), p_value: 0
2026-04-14 12:40:06,095 - INFO - Regula po iteracji 0: IF  THEN class = {14.89} [11.49, 18.30], (p=767, n=388, P=767, N=388)
2026-04-14 12:40:06,095 - INFO - *****STOP GROWING RR RULE*****
2026-04-14 12:40:06,095 - INFO - ***RR NOT FOUND***
2026-04-14 12:40:06,098 - INFO - Iteracja 3: condition_best: Strength >= 18.95, quality_best: 0.482, coverage_best: (p=46, n=5, P=365, N=790)
2026-04-14 12:40:06,098 - INFO - Regula po iteracji 3: IF Strength <= 23.75 AND Temperature >= 225.00 AND Strength >= 18.55 AND Strength >= 18.95 THEN class = {18.82} [17.50, 20.15], (p=46, n=5, P=365, N=790)
2026-04-14 12:40:06,098 - INFO - *****GROWING RR RULE*****
2026-04-14 12:40:06,185 - INFO - Iteracja 0: condition_best: None, quality_best: -inf, coverage_best: (p=0, n=0, P=0, N=0), p_value: 0
2026-04-14 12:40:06,185 - INFO - Regula po iteracji 0: IF  THEN class = {14.89} [11.49, 18.30], (p=767, n=388, P=767, N=388)
2026-04-14 12:40:06,185 - INFO - *****STOP GROWING RR RULE*****
2026-04-14 12:40:06,185 - INFO - ***RR NOT FOUND***
2026-04-14 12:40:06,188 - INFO - Iteracja 4: condition_best: Strength >= 19.35, quality_best: 0.48, coverage_best: (p=45, n=5, P=365, N=790)
2026-04-14 12:40:06,188 - INFO - Regula po iteracji 4: IF Strength <= 23.75 AND Temperature >= 225.00 AND Strength >= 18.55 AND Strength >= 18.95 AND Strength >= 19.35 THEN class = {18.80} [17.47, 20.13], (p=45, n=5, P=365, N=790)
2026-04-14 12:40:06,189 - INFO - *****GROWING RR RULE*****
2026-04-14 12:40:06,277 - INFO - Iteracja 0: condition_best: None, quality_best: -inf, coverage_best: (p=0, n=0, P=0, N=0), p_value: 0
2026-04-14 12:40:06,278 - INFO - Regula po iteracji 0: IF  THEN class = {14.89} [11.49, 18.30], (p=767, n=388, P=767, N=388)
2026-04-14 12:40:06,278 - INFO - *****STOP GROWING RR RULE*****
2026-04-14 12:40:06,278 - INFO - ***RR NOT FOUND***
2026-04-14 12:40:06,278 - INFO - *******STOP GROWING CR RULE*******
2026-04-14 12:40:06,283 - INFO - *******GROWING CR RULE*******
2026-04-14 12:40:06,344 - INFO - Iteracja 0: condition_best: Strength <= 23.75, quality_best: 0.164, coverage_best: (p=124, n=127, P=379, N=776)
2026-04-14 12:40:06,344 - INFO - Regula po iteracji 0: IF Strength <= 23.75 THEN class = {17.15} [14.55, 19.74], (p=124, n=127, P=379, N=776)
2026-04-14 12:40:06,344 - INFO - *****GROWING RR RULE*****
2026-04-14 12:40:06,437 - INFO - Iteracja 0: condition_best: None, quality_best: -inf, coverage_best: (p=0, n=0, P=0, N=0), p_value: 0
2026-04-14 12:40:06,437 - INFO - Regula po iteracji 0: IF  THEN class = {14.89} [11.49, 18.30], (p=767, n=388, P=767, N=388)
2026-04-14 12:40:06,437 - INFO - *****STOP GROWING RR RULE*****
2026-04-14 12:40:06,437 - INFO - ***RR NOT FOUND***
2026-04-14 12:40:06,447 - INFO - Iteracja 1: condition_best: Strength >= 18.65, quality_best: 0.201, coverage_best: (p=116, n=57, P=583, N=572)
2026-04-14 12:40:06,447 - INFO - Regula po iteracji 1: IF Strength <= 23.75 AND Strength >= 18.65 THEN class = {16.46} [13.76, 19.16], (p=116, n=57, P=583, N=572)
2026-04-14 12:40:06,447 - INFO - *****GROWING RR RULE*****
2026-04-14 12:40:06,542 - INFO - Iteracja 0: condition_best: None, quality_best: -inf, coverage_best: (p=0, n=0, P=0, N=0), p_value: 0
2026-04-14 12:40:06,542 - INFO - Regula po iteracji 0: IF  THEN class = {14.89} [11.49, 18.30], (p=767, n=388, P=767, N=388)
2026-04-14 12:40:06,543 - INFO - *****STOP GROWING RR RULE*****
2026-04-14 12:40:06,543 - INFO - ***RR NOT FOUND***
2026-04-14 12:40:06,548 - INFO - Iteracja 2: condition_best: Temperature <= 205.00, quality_best: 0.335, coverage_best: (p=36, n=8, P=585, N=570)
2026-04-14 12:40:06,548 - INFO - Regula po iteracji 2: IF Strength <= 23.75 AND Strength >= 18.65 AND Temperature <= 205.00 THEN class = {13.95} [11.76, 16.15], (p=36, n=8, P=585, N=570)
2026-04-14 12:40:06,548 - INFO - *****GROWING RR RULE*****
2026-04-14 12:40:06,640 - INFO - Iteracja 0: condition_best: Strength >= 23.10, quality_best: 0.057, coverage_best: (p=498, n=430, P=585, N=570), p_value: 5
2026-04-14 12:40:06,640 - INFO - Regula po iteracji 0: IF Strength >= 23.10 THEN class = {14.89} [11.49, 18.30], (p=498, n=430, P=585, N=570)
2026-04-14 12:40:06,701 - INFO - Iteracja 1: condition_best: None, quality_best: -inf, coverage_best: (p=0, n=0, P=0, N=0), p_value: 5
2026-04-14 12:40:06,701 - INFO - Regula po iteracji 1: IF Strength >= 23.10 THEN class = {14.28} [10.95, 17.62], (p=498, n=430, P=585, N=570)
2026-04-14 12:40:06,701 - INFO - *****STOP GROWING RR RULE*****
2026-04-14 12:40:06,701 - INFO - ***RR FOUND***
2026-04-14 12:40:06,701 - INFO - Reference rule: IF Strength >= 23.10 THEN class = {14.28} [10.95, 17.62]
2026-04-14 12:40:06,701 - INFO - ***CHECKING EXCEPTION***
2026-04-14 12:40:06,703 - INFO - *******STOP GROWING CR RULE*******
2026-04-14 12:40:06,707 - INFO - *******GROWING CR RULE*******
2026-04-14 12:40:06,767 - INFO - Iteracja 0: condition_best: Strength <= 23.75, quality_best: 0.164, coverage_best: (p=124, n=127, P=379, N=776)
2026-04-14 12:40:06,767 - INFO - Regula po iteracji 0: IF Strength <= 23.75 THEN class = {17.15} [14.55, 19.74], (p=124, n=127, P=379, N=776)
2026-04-14 12:40:06,768 - INFO - *****GROWING RR RULE*****
2026-04-14 12:40:06,861 - INFO - Iteracja 0: condition_best: None, quality_best: -inf, coverage_best: (p=0, n=0, P=0, N=0), p_value: 0
2026-04-14 12:40:06,862 - INFO - Regula po iteracji 0: IF  THEN class = {14.89} [11.49, 18.30], (p=767, n=388, P=767, N=388)
2026-04-14 12:40:06,862 - INFO - *****STOP GROWING RR RULE*****
2026-04-14 12:40:06,862 - INFO - ***RR NOT FOUND***
2026-04-14 12:40:06,871 - INFO - Iteracja 1: condition_best: Strength >= 18.65, quality_best: 0.201, coverage_best: (p=116, n=57, P=583, N=572)
2026-04-14 12:40:06,871 - INFO - Regula po iteracji 1: IF Strength <= 23.75 AND Strength >= 18.65 THEN class = {16.46} [13.76, 19.16], (p=116, n=57, P=583, N=572)
2026-04-14 12:40:06,872 - INFO - *****GROWING RR RULE*****
2026-04-14 12:40:06,977 - INFO - Iteracja 0: condition_best: None, quality_best: -inf, coverage_best: (p=0, n=0, P=0, N=0), p_value: 0
2026-04-14 12:40:06,977 - INFO - Regula po iteracji 0: IF  THEN class = {14.89} [11.49, 18.30], (p=767, n=388, P=767, N=388)
2026-04-14 12:40:06,977 - INFO - *****STOP GROWING RR RULE*****
2026-04-14 12:40:06,977 - INFO - ***RR NOT FOUND***
2026-04-14 12:40:06,982 - INFO - Iteracja 2: condition_best: Temperature <= 235.00, quality_best: 0.265, coverage_best: (p=111, n=42, P=583, N=572)
2026-04-14 12:40:06,983 - INFO - Regula po iteracji 2: IF Strength <= 23.75 AND Strength >= 18.65 AND Temperature <= 235.00 THEN class = {16.07} [13.46, 18.67], (p=111, n=42, P=583, N=572)
2026-04-14 12:40:06,983 - INFO - *****GROWING RR RULE*****
2026-04-14 12:40:07,073 - INFO - Iteracja 0: condition_best: None, quality_best: -inf, coverage_best: (p=0, n=0, P=0, N=0), p_value: 0
2026-04-14 12:40:07,073 - INFO - Regula po iteracji 0: IF  THEN class = {14.89} [11.49, 18.30], (p=767, n=388, P=767, N=388)
2026-04-14 12:40:07,073 - INFO - *****STOP GROWING RR RULE*****
2026-04-14 12:40:07,073 - INFO - ***RR NOT FOUND***
2026-04-14 12:40:07,078 - INFO - Iteracja 3: condition_best: Strength >= 19.25, quality_best: 0.259, coverage_best: (p=102, n=39, P=583, N=572)
2026-04-14 12:40:07,078 - INFO - Regula po iteracji 3: IF Strength <= 23.75 AND Strength >= 18.65 AND Temperature <= 235.00 AND Strength >= 19.25 THEN class = {15.99} [13.37, 18.60], (p=102, n=39, P=583, N=572)
2026-04-14 12:40:07,078 - INFO - *****GROWING RR RULE*****
2026-04-14 12:40:07,168 - INFO - Iteracja 0: condition_best: None, quality_best: -inf, coverage_best: (p=0, n=0, P=0, N=0), p_value: 0
2026-04-14 12:40:07,168 - INFO - Regula po iteracji 0: IF  THEN class = {14.89} [11.49, 18.30], (p=767, n=388, P=767, N=388)
2026-04-14 12:40:07,168 - INFO - *****STOP GROWING RR RULE*****
2026-04-14 12:40:07,168 - INFO - ***RR NOT FOUND***
2026-04-14 12:40:07,172 - INFO - Iteracja 4: condition_best: Strength >= 22.75, quality_best: 0.254, coverage_best: (p=18, n=6, P=585, N=570)
2026-04-14 12:40:07,172 - INFO - Regula po iteracji 4: IF Strength <= 23.75 AND Strength >= 18.65 AND Temperature <= 235.00 AND Strength >= 19.25 AND Strength >= 22.75 THEN class = {14.00} [11.55, 16.45], (p=18, n=6, P=585, N=570)
2026-04-14 12:40:07,173 - INFO - *****GROWING RR RULE*****
2026-04-14 12:40:07,262 - INFO - Iteracja 0: condition_best: Temperature <= 205.00, quality_best: 0.044, coverage_best: (p=76, n=34, P=767, N=388), p_value: 7
2026-04-14 12:40:07,262 - INFO - Regula po iteracji 0: IF Temperature <= 205.00 THEN class = {14.89} [11.49, 18.30], (p=76, n=34, P=767, N=388)
2026-04-14 12:40:07,279 - INFO - Iteracja 1: condition_best: None, quality_best: -inf, coverage_best: (p=0, n=0, P=0, N=0), p_value: 7
2026-04-14 12:40:07,279 - INFO - Regula po iteracji 1: IF Temperature <= 205.00 THEN class = {14.82} [11.50, 18.14], (p=76, n=34, P=767, N=388)
2026-04-14 12:40:07,279 - INFO - *****STOP GROWING RR RULE*****
2026-04-14 12:40:07,279 - INFO - ***RR FOUND***
2026-04-14 12:40:07,280 - INFO - Reference rule: IF Temperature <= 205.00 THEN class = {14.82} [11.50, 18.14]
2026-04-14 12:40:07,280 - INFO - ***CHECKING EXCEPTION***
2026-04-14 12:40:07,281 - INFO - *******STOP GROWING CR RULE*******
2026-04-14 12:40:07,286 - INFO - *******GROWING CR RULE*******
2026-04-14 12:40:07,348 - INFO - Iteracja 0: condition_best: Strength <= 24.15, quality_best: 0.161, coverage_best: (p=127, n=132, P=379, N=776)
2026-04-14 12:40:07,348 - INFO - Regula po iteracji 0: IF Strength <= 24.15 THEN class = {17.14} [14.53, 19.74], (p=127, n=132, P=379, N=776)
2026-04-14 12:40:07,349 - INFO - *****GROWING RR RULE*****
2026-04-14 12:40:07,441 - INFO - Iteracja 0: condition_best: None, quality_best: -inf, coverage_best: (p=0, n=0, P=0, N=0), p_value: 0
2026-04-14 12:40:07,442 - INFO - Regula po iteracji 0: IF  THEN class = {14.89} [11.49, 18.30], (p=767, n=388, P=767, N=388)
2026-04-14 12:40:07,442 - INFO - *****STOP GROWING RR RULE*****
2026-04-14 12:40:07,442 - INFO - ***RR NOT FOUND***
2026-04-14 12:40:07,451 - INFO - Iteracja 1: condition_best: Temperature >= 215.00, quality_best: 0.404, coverage_best: (p=80, n=24, P=365, N=790)
2026-04-14 12:40:07,452 - INFO - Regula po iteracji 1: IF Strength <= 24.15 AND Temperature >= 215.00 THEN class = {18.29} [16.53, 20.05], (p=80, n=24, P=365, N=790)
2026-04-14 12:40:07,452 - INFO - *****GROWING RR RULE*****
2026-04-14 12:40:07,543 - INFO - Iteracja 0: condition_best: None, quality_best: -inf, coverage_best: (p=0, n=0, P=0, N=0), p_value: 0
2026-04-14 12:40:07,543 - INFO - Regula po iteracji 0: IF  THEN class = {14.89} [11.49, 18.30], (p=767, n=388, P=767, N=388)
2026-04-14 12:40:07,544 - INFO - *****STOP GROWING RR RULE*****
2026-04-14 12:40:07,544 - INFO - ***RR NOT FOUND***
2026-04-14 12:40:07,548 - INFO - Iteracja 2: condition_best: Strength >= 16.95, quality_best: 0.401, coverage_best: (p=79, n=24, P=365, N=790)
2026-04-14 12:40:07,548 - INFO - Regula po iteracji 2: IF Strength <= 24.15 AND Temperature >= 215.00 AND Strength >= 16.95 THEN class = {18.27} [16.51, 20.04], (p=79, n=24, P=365, N=790)
2026-04-14 12:40:07,549 - INFO - *****GROWING RR RULE*****
2026-04-14 12:40:07,638 - INFO - Iteracja 0: condition_best: None, quality_best: -inf, coverage_best: (p=0, n=0, P=0, N=0), p_value: 0
2026-04-14 12:40:07,638 - INFO - Regula po iteracji 0: IF  THEN class = {14.89} [11.49, 18.30], (p=767, n=388, P=767, N=388)
2026-04-14 12:40:07,638 - INFO - *****STOP GROWING RR RULE*****
2026-04-14 12:40:07,638 - INFO - ***RR NOT FOUND***
2026-04-14 12:40:07,643 - INFO - Iteracja 3: condition_best: Strength >= 17.35, quality_best: 0.398, coverage_best: (p=78, n=24, P=365, N=790)
2026-04-14 12:40:07,643 - INFO - Regula po iteracji 3: IF Strength <= 24.15 AND Temperature >= 215.00 AND Strength >= 16.95 AND Strength >= 17.35 THEN class = {18.25} [16.49, 20.02], (p=78, n=24, P=365, N=790)
2026-04-14 12:40:07,643 - INFO - *****GROWING RR RULE*****
2026-04-14 12:40:07,731 - INFO - Iteracja 0: condition_best: None, quality_best: -inf, coverage_best: (p=0, n=0, P=0, N=0), p_value: 0
2026-04-14 12:40:07,731 - INFO - Regula po iteracji 0: IF  THEN class = {14.89} [11.49, 18.30], (p=767, n=388, P=767, N=388)
2026-04-14 12:40:07,731 - INFO - *****STOP GROWING RR RULE*****
2026-04-14 12:40:07,731 - INFO - ***RR NOT FOUND***
2026-04-14 12:40:07,736 - INFO - Iteracja 4: condition_best: Strength >= 17.60, quality_best: 0.395, coverage_best: (p=77, n=24, P=365, N=790)
2026-04-14 12:40:07,736 - INFO - Regula po iteracji 4: IF Strength <= 24.15 AND Temperature >= 215.00 AND Strength >= 16.95 AND Strength >= 17.35 AND Strength >= 17.60 THEN class = {18.24} [16.47, 20.00], (p=77, n=24, P=365, N=790)
2026-04-14 12:40:07,736 - INFO - *****GROWING RR RULE*****
2026-04-14 12:40:07,824 - INFO - Iteracja 0: condition_best: None, quality_best: -inf, coverage_best: (p=0, n=0, P=0, N=0), p_value: 0
2026-04-14 12:40:07,824 - INFO - Regula po iteracji 0: IF  THEN class = {14.89} [11.49, 18.30], (p=767, n=388, P=767, N=388)
2026-04-14 12:40:07,824 - INFO - *****STOP GROWING RR RULE*****
2026-04-14 12:40:07,824 - INFO - ***RR NOT FOUND***
2026-04-14 12:40:07,824 - INFO - *******STOP GROWING CR RULE*******
2026-04-14 12:40:07,829 - INFO - *******GROWING CR RULE*******
2026-04-14 12:40:07,889 - INFO - Iteracja 0: condition_best: Strength <= 24.25, quality_best: 0.143, coverage_best: (p=130, n=146, P=379, N=776)
2026-04-14 12:40:07,889 - INFO - Regula po iteracji 0: IF Strength <= 24.25 THEN class = {17.00} [14.27, 19.73], (p=130, n=146, P=379, N=776)
2026-04-14 12:40:07,889 - INFO - *****GROWING RR RULE*****
2026-04-14 12:40:07,982 - INFO - Iteracja 0: condition_best: None, quality_best: -inf, coverage_best: (p=0, n=0, P=0, N=0), p_value: 0
2026-04-14 12:40:07,982 - INFO - Regula po iteracji 0: IF  THEN class = {14.89} [11.49, 18.30], (p=767, n=388, P=767, N=388)
2026-04-14 12:40:07,982 - INFO - *****STOP GROWING RR RULE*****
2026-04-14 12:40:07,982 - INFO - ***RR NOT FOUND***
2026-04-14 12:40:07,992 - INFO - Iteracja 1: condition_best: Temperature >= 225.00, quality_best: 0.5, coverage_best: (p=58, n=6, P=365, N=790)
2026-04-14 12:40:07,992 - INFO - Regula po iteracji 1: IF Strength <= 24.25 AND Temperature >= 225.00 THEN class = {18.88} [17.56, 20.19], (p=58, n=6, P=365, N=790)
2026-04-14 12:40:07,993 - INFO - *****GROWING RR RULE*****
2026-04-14 12:40:08,080 - INFO - Iteracja 0: condition_best: None, quality_best: -inf, coverage_best: (p=0, n=0, P=0, N=0), p_value: 0
2026-04-14 12:40:08,080 - INFO - Regula po iteracji 0: IF  THEN class = {14.89} [11.49, 18.30], (p=767, n=388, P=767, N=388)
2026-04-14 12:40:08,080 - INFO - *****STOP GROWING RR RULE*****
2026-04-14 12:40:08,080 - INFO - ***RR NOT FOUND***
2026-04-14 12:40:08,083 - INFO - Iteracja 2: condition_best: Strength >= 18.55, quality_best: 0.498, coverage_best: (p=57, n=6, P=365, N=790)
2026-04-14 12:40:08,083 - INFO - Regula po iteracji 2: IF Strength <= 24.25 AND Temperature >= 225.00 AND Strength >= 18.55 THEN class = {18.86} [17.54, 20.18], (p=57, n=6, P=365, N=790)
2026-04-14 12:40:08,084 - INFO - *****GROWING RR RULE*****
2026-04-14 12:40:08,170 - INFO - Iteracja 0: condition_best: None, quality_best: -inf, coverage_best: (p=0, n=0, P=0, N=0), p_value: 0
2026-04-14 12:40:08,171 - INFO - Regula po iteracji 0: IF  THEN class = {14.89} [11.49, 18.30], (p=767, n=388, P=767, N=388)
2026-04-14 12:40:08,171 - INFO - *****STOP GROWING RR RULE*****
2026-04-14 12:40:08,171 - INFO - ***RR NOT FOUND***
2026-04-14 12:40:08,174 - INFO - Iteracja 3: condition_best: Strength >= 18.95, quality_best: 0.495, coverage_best: (p=56, n=6, P=365, N=790)
2026-04-14 12:40:08,174 - INFO - Regula po iteracji 3: IF Strength <= 24.25 AND Temperature >= 225.00 AND Strength >= 18.55 AND Strength >= 18.95 THEN class = {18.84} [17.52, 20.16], (p=56, n=6, P=365, N=790)
2026-04-14 12:40:08,175 - INFO - *****GROWING RR RULE*****
2026-04-14 12:40:08,261 - INFO - Iteracja 0: condition_best: None, quality_best: -inf, coverage_best: (p=0, n=0, P=0, N=0), p_value: 0
2026-04-14 12:40:08,262 - INFO - Regula po iteracji 0: IF  THEN class = {14.89} [11.49, 18.30], (p=767, n=388, P=767, N=388)
2026-04-14 12:40:08,262 - INFO - *****STOP GROWING RR RULE*****
2026-04-14 12:40:08,262 - INFO - ***RR NOT FOUND***
2026-04-14 12:40:08,265 - INFO - Iteracja 4: condition_best: Strength >= 19.35, quality_best: 0.493, coverage_best: (p=55, n=6, P=365, N=790)
2026-04-14 12:40:08,265 - INFO - Regula po iteracji 4: IF Strength <= 24.25 AND Temperature >= 225.00 AND Strength >= 18.55 AND Strength >= 18.95 AND Strength >= 19.35 THEN class = {18.82} [17.50, 20.14], (p=55, n=6, P=365, N=790)
2026-04-14 12:40:08,265 - INFO - *****GROWING RR RULE*****
2026-04-14 12:40:08,353 - INFO - Iteracja 0: condition_best: None, quality_best: -inf, coverage_best: (p=0, n=0, P=0, N=0), p_value: 0
2026-04-14 12:40:08,353 - INFO - Regula po iteracji 0: IF  THEN class = {14.89} [11.49, 18.30], (p=767, n=388, P=767, N=388)
2026-04-14 12:40:08,353 - INFO - *****STOP GROWING RR RULE*****
2026-04-14 12:40:08,353 - INFO - ***RR NOT FOUND***
2026-04-14 12:40:08,353 - INFO - *******STOP GROWING CR RULE*******
2026-04-14 12:40:08,358 - INFO - *******GROWING CR RULE*******
2026-04-14 12:40:08,417 - INFO - Iteracja 0: condition_best: Strength <= 24.25, quality_best: 0.143, coverage_best: (p=130, n=146, P=379, N=776)
2026-04-14 12:40:08,417 - INFO - Regula po iteracji 0: IF Strength <= 24.25 THEN class = {17.00} [14.27, 19.73], (p=130, n=146, P=379, N=776)
2026-04-14 12:40:08,418 - INFO - *****GROWING RR RULE*****
2026-04-14 12:40:08,515 - INFO - Iteracja 0: condition_best: None, quality_best: -inf, coverage_best: (p=0, n=0, P=0, N=0), p_value: 0
2026-04-14 12:40:08,515 - INFO - Regula po iteracji 0: IF  THEN class = {14.89} [11.49, 18.30], (p=767, n=388, P=767, N=388)
2026-04-14 12:40:08,515 - INFO - *****STOP GROWING RR RULE*****
2026-04-14 12:40:08,515 - INFO - ***RR NOT FOUND***
2026-04-14 12:40:08,525 - INFO - Iteracja 1: condition_best: Strength >= 17.40, quality_best: 0.178, coverage_best: (p=146, n=80, P=583, N=572)
2026-04-14 12:40:08,526 - INFO - Regula po iteracji 1: IF Strength <= 24.25 AND Strength >= 17.40 THEN class = {16.56} [13.79, 19.33], (p=146, n=80, P=583, N=572)
2026-04-14 12:40:08,526 - INFO - *****GROWING RR RULE*****
2026-04-14 12:40:08,621 - INFO - Iteracja 0: condition_best: None, quality_best: -inf, coverage_best: (p=0, n=0, P=0, N=0), p_value: 0
2026-04-14 12:40:08,621 - INFO - Regula po iteracji 0: IF  THEN class = {14.89} [11.49, 18.30], (p=767, n=388, P=767, N=388)
2026-04-14 12:40:08,621 - INFO - *****STOP GROWING RR RULE*****
2026-04-14 12:40:08,621 - INFO - ***RR NOT FOUND***
2026-04-14 12:40:08,628 - INFO - Iteracja 2: condition_best: Temperature <= 205.00, quality_best: 0.303, coverage_best: (p=47, n=13, P=585, N=570)
2026-04-14 12:40:08,628 - INFO - Regula po iteracji 2: IF Strength <= 24.25 AND Strength >= 17.40 AND Temperature <= 205.00 THEN class = {14.10} [11.75, 16.45], (p=47, n=13, P=585, N=570)
2026-04-14 12:40:08,628 - INFO - *****GROWING RR RULE*****
2026-04-14 12:40:08,718 - INFO - Iteracja 0: condition_best: Strength >= 23.85, quality_best: 0.055, coverage_best: (p=483, n=418, P=585, N=570), p_value: 5
2026-04-14 12:40:08,719 - INFO - Regula po iteracji 0: IF Strength >= 23.85 THEN class = {14.89} [11.49, 18.30], (p=483, n=418, P=585, N=570)
2026-04-14 12:40:08,777 - INFO - Iteracja 1: condition_best: None, quality_best: -inf, coverage_best: (p=0, n=0, P=0, N=0), p_value: 5
2026-04-14 12:40:08,777 - INFO - Regula po iteracji 1: IF Strength >= 23.85 THEN class = {14.26} [10.92, 17.59], (p=483, n=418, P=585, N=570)
2026-04-14 12:40:08,777 - INFO - *****STOP GROWING RR RULE*****
2026-04-14 12:40:08,777 - INFO - ***RR FOUND***
2026-04-14 12:40:08,777 - INFO - Reference rule: IF Strength >= 23.85 THEN class = {14.26} [10.92, 17.59]
2026-04-14 12:40:08,777 - INFO - ***CHECKING EXCEPTION***
2026-04-14 12:40:08,779 - INFO - *******STOP GROWING CR RULE*******
2026-04-14 12:40:08,783 - INFO - *******GROWING CR RULE*******
2026-04-14 12:40:08,843 - INFO - Iteracja 0: condition_best: Strength <= 24.25, quality_best: 0.143, coverage_best: (p=130, n=146, P=379, N=776)
2026-04-14 12:40:08,843 - INFO - Regula po iteracji 0: IF Strength <= 24.25 THEN class = {17.00} [14.27, 19.73], (p=130, n=146, P=379, N=776)
2026-04-14 12:40:08,843 - INFO - *****GROWING RR RULE*****
2026-04-14 12:40:08,937 - INFO - Iteracja 0: condition_best: None, quality_best: -inf, coverage_best: (p=0, n=0, P=0, N=0), p_value: 0
2026-04-14 12:40:08,937 - INFO - Regula po iteracji 0: IF  THEN class = {14.89} [11.49, 18.30], (p=767, n=388, P=767, N=388)
2026-04-14 12:40:08,937 - INFO - *****STOP GROWING RR RULE*****
2026-04-14 12:40:08,937 - INFO - ***RR NOT FOUND***
2026-04-14 12:40:08,947 - INFO - Iteracja 1: condition_best: Strength >= 17.40, quality_best: 0.178, coverage_best: (p=146, n=80, P=583, N=572)
2026-04-14 12:40:08,947 - INFO - Regula po iteracji 1: IF Strength <= 24.25 AND Strength >= 17.40 THEN class = {16.56} [13.79, 19.33], (p=146, n=80, P=583, N=572)
2026-04-14 12:40:08,947 - INFO - *****GROWING RR RULE*****
2026-04-14 12:40:09,042 - INFO - Iteracja 0: condition_best: None, quality_best: -inf, coverage_best: (p=0, n=0, P=0, N=0), p_value: 0
2026-04-14 12:40:09,042 - INFO - Regula po iteracji 0: IF  THEN class = {14.89} [11.49, 18.30], (p=767, n=388, P=767, N=388)
2026-04-14 12:40:09,042 - INFO - *****STOP GROWING RR RULE*****
2026-04-14 12:40:09,042 - INFO - ***RR NOT FOUND***
2026-04-14 12:40:09,049 - INFO - Iteracja 2: condition_best: Temperature <= 225.00, quality_best: 0.256, coverage_best: (p=116, n=46, P=583, N=572)
2026-04-14 12:40:09,049 - INFO - Regula po iteracji 2: IF Strength <= 24.25 AND Strength >= 17.40 AND Temperature <= 225.00 THEN class = {15.64} [12.99, 18.30], (p=116, n=46, P=583, N=572)
2026-04-14 12:40:09,049 - INFO - *****GROWING RR RULE*****
2026-04-14 12:40:09,138 - INFO - Iteracja 0: condition_best: None, quality_best: -inf, coverage_best: (p=0, n=0, P=0, N=0), p_value: 0
2026-04-14 12:40:09,139 - INFO - Regula po iteracji 0: IF  THEN class = {14.89} [11.49, 18.30], (p=767, n=388, P=767, N=388)
2026-04-14 12:40:09,139 - INFO - *****STOP GROWING RR RULE*****
2026-04-14 12:40:09,139 - INFO - ***RR NOT FOUND***
2026-04-14 12:40:09,145 - INFO - Iteracja 3: condition_best: Strength >= 20.90, quality_best: 0.293, coverage_best: (p=60, n=18, P=585, N=570)
2026-04-14 12:40:09,145 - INFO - Regula po iteracji 3: IF Strength <= 24.25 AND Strength >= 17.40 AND Temperature <= 225.00 AND Strength >= 20.90 THEN class = {14.18} [11.74, 16.62], (p=60, n=18, P=585, N=570)
2026-04-14 12:40:09,145 - INFO - *****GROWING RR RULE*****
2026-04-14 12:40:09,233 - INFO - Iteracja 0: condition_best: None, quality_best: -inf, coverage_best: (p=0, n=0, P=0, N=0), p_value: 0
2026-04-14 12:40:09,233 - INFO - Regula po iteracji 0: IF  THEN class = {14.89} [11.49, 18.30], (p=767, n=388, P=767, N=388)
2026-04-14 12:40:09,233 - INFO - *****STOP GROWING RR RULE*****
2026-04-14 12:40:09,233 - INFO - ***RR NOT FOUND***
2026-04-14 12:40:09,236 - INFO - Iteracja 4: condition_best: Strength >= 21.60, quality_best: 0.293, coverage_best: (p=54, n=16, P=585, N=570)
2026-04-14 12:40:09,236 - INFO - Regula po iteracji 4: IF Strength <= 24.25 AND Strength >= 17.40 AND Temperature <= 225.00 AND Strength >= 20.90 AND Strength >= 21.60 THEN class = {14.06} [11.60, 16.52], (p=54, n=16, P=585, N=570)
2026-04-14 12:40:09,237 - INFO - *****GROWING RR RULE*****
2026-04-14 12:40:09,324 - INFO - Iteracja 0: condition_best: None, quality_best: -inf, coverage_best: (p=0, n=0, P=0, N=0), p_value: 0
2026-04-14 12:40:09,324 - INFO - Regula po iteracji 0: IF  THEN class = {14.89} [11.49, 18.30], (p=767, n=388, P=767, N=388)
2026-04-14 12:40:09,324 - INFO - *****STOP GROWING RR RULE*****
2026-04-14 12:40:09,324 - INFO - ***RR NOT FOUND***
2026-04-14 12:40:09,324 - INFO - *******STOP GROWING CR RULE*******
2026-04-14 12:40:09,329 - INFO - *******GROWING CR RULE*******
2026-04-14 12:40:09,388 - INFO - Iteracja 0: condition_best: Strength <= 24.55, quality_best: 0.138, coverage_best: (p=133, n=153, P=379, N=776)
2026-04-14 12:40:09,388 - INFO - Regula po iteracji 0: IF Strength <= 24.55 THEN class = {16.93} [14.17, 19.69], (p=133, n=153, P=379, N=776)
2026-04-14 12:40:09,388 - INFO - *****GROWING RR RULE*****
2026-04-14 12:40:09,483 - INFO - Iteracja 0: condition_best: None, quality_best: -inf, coverage_best: (p=0, n=0, P=0, N=0), p_value: 0
2026-04-14 12:40:09,483 - INFO - Regula po iteracji 0: IF  THEN class = {14.89} [11.49, 18.30], (p=767, n=388, P=767, N=388)
2026-04-14 12:40:09,484 - INFO - *****STOP GROWING RR RULE*****
2026-04-14 12:40:09,484 - INFO - ***RR NOT FOUND***
2026-04-14 12:40:09,494 - INFO - Iteracja 1: condition_best: Temperature >= 215.00, quality_best: 0.381, coverage_best: (p=89, n=32, P=365, N=790)
2026-04-14 12:40:09,494 - INFO - Regula po iteracji 1: IF Strength <= 24.55 AND Temperature >= 215.00 THEN class = {18.08} [16.10, 20.06], (p=89, n=32, P=365, N=790)
2026-04-14 12:40:09,495 - INFO - *****GROWING RR RULE*****
2026-04-14 12:40:09,586 - INFO - Iteracja 0: condition_best: None, quality_best: -inf, coverage_best: (p=0, n=0, P=0, N=0), p_value: 0
2026-04-14 12:40:09,586 - INFO - Regula po iteracji 0: IF  THEN class = {14.89} [11.49, 18.30], (p=767, n=388, P=767, N=388)
2026-04-14 12:40:09,586 - INFO - *****STOP GROWING RR RULE*****
2026-04-14 12:40:09,586 - INFO - ***RR NOT FOUND***
2026-04-14 12:40:09,591 - INFO - Iteracja 2: condition_best: Strength >= 16.95, quality_best: 0.379, coverage_best: (p=88, n=32, P=365, N=790)
2026-04-14 12:40:09,591 - INFO - Regula po iteracji 2: IF Strength <= 24.55 AND Temperature >= 215.00 AND Strength >= 16.95 THEN class = {18.07} [16.08, 20.05], (p=88, n=32, P=365, N=790)
2026-04-14 12:40:09,592 - INFO - *****GROWING RR RULE*****
2026-04-14 12:40:09,681 - INFO - Iteracja 0: condition_best: None, quality_best: -inf, coverage_best: (p=0, n=0, P=0, N=0), p_value: 0
2026-04-14 12:40:09,682 - INFO - Regula po iteracji 0: IF  THEN class = {14.89} [11.49, 18.30], (p=767, n=388, P=767, N=388)
2026-04-14 12:40:09,682 - INFO - *****STOP GROWING RR RULE*****
2026-04-14 12:40:09,682 - INFO - ***RR NOT FOUND***
2026-04-14 12:40:09,687 - INFO - Iteracja 3: condition_best: Strength >= 17.35, quality_best: 0.376, coverage_best: (p=87, n=32, P=365, N=790)
2026-04-14 12:40:09,687 - INFO - Regula po iteracji 3: IF Strength <= 24.55 AND Temperature >= 215.00 AND Strength >= 16.95 AND Strength >= 17.35 THEN class = {18.05} [16.07, 20.03], (p=87, n=32, P=365, N=790)
2026-04-14 12:40:09,687 - INFO - *****GROWING RR RULE*****
2026-04-14 12:40:09,776 - INFO - Iteracja 0: condition_best: None, quality_best: -inf, coverage_best: (p=0, n=0, P=0, N=0), p_value: 0
2026-04-14 12:40:09,776 - INFO - Regula po iteracji 0: IF  THEN class = {14.89} [11.49, 18.30], (p=767, n=388, P=767, N=388)
2026-04-14 12:40:09,776 - INFO - *****STOP GROWING RR RULE*****
2026-04-14 12:40:09,776 - INFO - ***RR NOT FOUND***
2026-04-14 12:40:09,781 - INFO - Iteracja 4: condition_best: Strength >= 17.60, quality_best: 0.373, coverage_best: (p=86, n=32, P=365, N=790)
2026-04-14 12:40:09,781 - INFO - Regula po iteracji 4: IF Strength <= 24.55 AND Temperature >= 215.00 AND Strength >= 16.95 AND Strength >= 17.35 AND Strength >= 17.60 THEN class = {18.03} [16.05, 20.02], (p=86, n=32, P=365, N=790)
2026-04-14 12:40:09,782 - INFO - *****GROWING RR RULE*****
2026-04-14 12:40:09,873 - INFO - Iteracja 0: condition_best: None, quality_best: -inf, coverage_best: (p=0, n=0, P=0, N=0), p_value: 0
2026-04-14 12:40:09,873 - INFO - Regula po iteracji 0: IF  THEN class = {14.89} [11.49, 18.30], (p=767, n=388, P=767, N=388)
2026-04-14 12:40:09,874 - INFO - *****STOP GROWING RR RULE*****
2026-04-14 12:40:09,874 - INFO - ***RR NOT FOUND***
2026-04-14 12:40:09,874 - INFO - *******STOP GROWING CR RULE*******
2026-04-14 12:40:09,878 - INFO - *******GROWING CR RULE*******
2026-04-14 12:40:09,939 - INFO - Iteracja 0: condition_best: Strength <= 24.65, quality_best: 0.129, coverage_best: (p=135, n=161, P=379, N=776)
2026-04-14 12:40:09,939 - INFO - Regula po iteracji 0: IF Strength <= 24.65 THEN class = {16.86} [14.03, 19.68], (p=135, n=161, P=379, N=776)
2026-04-14 12:40:09,939 - INFO - *****GROWING RR RULE*****
2026-04-14 12:40:10,032 - INFO - Iteracja 0: condition_best: None, quality_best: -inf, coverage_best: (p=0, n=0, P=0, N=0), p_value: 0
2026-04-14 12:40:10,032 - INFO - Regula po iteracji 0: IF  THEN class = {14.89} [11.49, 18.30], (p=767, n=388, P=767, N=388)
2026-04-14 12:40:10,032 - INFO - *****STOP GROWING RR RULE*****
2026-04-14 12:40:10,032 - INFO - ***RR NOT FOUND***
2026-04-14 12:40:10,043 - INFO - Iteracja 1: condition_best: Temperature >= 215.00, quality_best: 0.382, coverage_best: (p=93, n=34, P=365, N=790)
2026-04-14 12:40:10,043 - INFO - Regula po iteracji 1: IF Strength <= 24.65 AND Temperature >= 215.00 THEN class = {18.05} [16.03, 20.06], (p=93, n=34, P=365, N=790)
2026-04-14 12:40:10,043 - INFO - *****GROWING RR RULE*****
2026-04-14 12:40:10,131 - INFO - Iteracja 0: condition_best: None, quality_best: -inf, coverage_best: (p=0, n=0, P=0, N=0), p_value: 0
2026-04-14 12:40:10,131 - INFO - Regula po iteracji 0: IF  THEN class = {14.89} [11.49, 18.30], (p=767, n=388, P=767, N=388)
2026-04-14 12:40:10,132 - INFO - *****STOP GROWING RR RULE*****
2026-04-14 12:40:10,132 - INFO - ***RR NOT FOUND***
2026-04-14 12:40:10,137 - INFO - Iteracja 2: condition_best: Strength >= 17.60, quality_best: 0.476, coverage_best: (p=111, n=13, P=562, N=593)
2026-04-14 12:40:10,137 - INFO - Regula po iteracji 2: IF Strength <= 24.65 AND Temperature >= 215.00 AND Strength >= 17.60 THEN class = {18.00} [15.98, 20.02], (p=111, n=13, P=562, N=593)
2026-04-14 12:40:10,137 - INFO - *****GROWING RR RULE*****
2026-04-14 12:40:10,225 - INFO - Iteracja 0: condition_best: None, quality_best: -inf, coverage_best: (p=0, n=0, P=0, N=0), p_value: 0
2026-04-14 12:40:10,225 - INFO - Regula po iteracji 0: IF  THEN class = {14.89} [11.49, 18.30], (p=767, n=388, P=767, N=388)
2026-04-14 12:40:10,225 - INFO - *****STOP GROWING RR RULE*****
2026-04-14 12:40:10,225 - INFO - ***RR NOT FOUND***
2026-04-14 12:40:10,230 - INFO - Iteracja 3: condition_best: Strength >= 20.55, quality_best: 0.193, coverage_best: (p=56, n=45, P=379, N=776)
2026-04-14 12:40:10,230 - INFO - Regula po iteracji 3: IF Strength <= 24.65 AND Temperature >= 215.00 AND Strength >= 17.60 AND Strength >= 20.55 THEN class = {17.70} [15.65, 19.76], (p=56, n=45, P=379, N=776)
2026-04-14 12:40:10,231 - INFO - *****GROWING RR RULE*****
2026-04-14 12:40:10,319 - INFO - Iteracja 0: condition_best: None, quality_best: -inf, coverage_best: (p=0, n=0, P=0, N=0), p_value: 0
2026-04-14 12:40:10,319 - INFO - Regula po iteracji 0: IF  THEN class = {14.89} [11.49, 18.30], (p=767, n=388, P=767, N=388)
2026-04-14 12:40:10,319 - INFO - *****STOP GROWING RR RULE*****
2026-04-14 12:40:10,319 - INFO - ***RR NOT FOUND***
2026-04-14 12:40:10,323 - INFO - Iteracja 4: condition_best: Strength >= 24.25, quality_best: 0.192, coverage_best: (p=9, n=4, P=583, N=572)
2026-04-14 12:40:10,323 - INFO - Regula po iteracji 4: IF Strength <= 24.65 AND Temperature >= 215.00 AND Strength >= 17.60 AND Strength >= 20.55 AND Strength >= 24.25 THEN class = {16.62} [13.97, 19.26], (p=9, n=4, P=583, N=572)
2026-04-14 12:40:10,323 - INFO - *****GROWING RR RULE*****
2026-04-14 12:40:10,411 - INFO - Iteracja 0: condition_best: Strength <= 24.45, quality_best: 0.136, coverage_best: (p=130, n=150, P=379, N=776), p_value: 3
2026-04-14 12:40:10,412 - INFO - Regula po iteracji 0: IF Strength <= 24.45 THEN class = {14.89} [11.49, 18.30], (p=130, n=150, P=379, N=776)
2026-04-14 12:40:10,430 - INFO - Iteracja 1: condition_best: None, quality_best: -inf, coverage_best: (p=0, n=0, P=0, N=0), p_value: 3
2026-04-14 12:40:10,430 - INFO - Regula po iteracji 1: IF Strength <= 24.45 THEN class = {16.94} [14.16, 19.71], (p=130, n=150, P=379, N=776)
2026-04-14 12:40:10,430 - INFO - *****STOP GROWING RR RULE*****
2026-04-14 12:40:10,431 - INFO - ***RR FOUND***
2026-04-14 12:40:10,431 - INFO - Reference rule: IF Strength <= 24.45 THEN class = {16.94} [14.16, 19.71]
2026-04-14 12:40:10,431 - INFO - ***CHECKING EXCEPTION***
2026-04-14 12:40:10,432 - INFO - *******STOP GROWING CR RULE*******
2026-04-14 12:40:10,437 - INFO - *******GROWING CR RULE*******
2026-04-14 12:40:10,500 - INFO - Iteracja 0: condition_best: Strength <= 24.65, quality_best: 0.129, coverage_best: (p=135, n=161, P=379, N=776)
2026-04-14 12:40:10,501 - INFO - Regula po iteracji 0: IF Strength <= 24.65 THEN class = {16.86} [14.03, 19.68], (p=135, n=161, P=379, N=776)
2026-04-14 12:40:10,501 - INFO - *****GROWING RR RULE*****
2026-04-14 12:40:10,596 - INFO - Iteracja 0: condition_best: None, quality_best: -inf, coverage_best: (p=0, n=0, P=0, N=0), p_value: 0
2026-04-14 12:40:10,596 - INFO - Regula po iteracji 0: IF  THEN class = {14.89} [11.49, 18.30], (p=767, n=388, P=767, N=388)
2026-04-14 12:40:10,596 - INFO - *****STOP GROWING RR RULE*****
2026-04-14 12:40:10,596 - INFO - ***RR NOT FOUND***
2026-04-14 12:40:10,607 - INFO - Iteracja 1: condition_best: Temperature <= 235.00, quality_best: 0.175, coverage_best: (p=170, n=96, P=583, N=572)
2026-04-14 12:40:10,607 - INFO - Regula po iteracji 1: IF Strength <= 24.65 AND Temperature <= 235.00 THEN class = {16.56} [13.75, 19.38], (p=170, n=96, P=583, N=572)
2026-04-14 12:40:10,607 - INFO - *****GROWING RR RULE*****
2026-04-14 12:40:10,697 - INFO - Iteracja 0: condition_best: None, quality_best: -inf, coverage_best: (p=0, n=0, P=0, N=0), p_value: 0
2026-04-14 12:40:10,697 - INFO - Regula po iteracji 0: IF  THEN class = {14.89} [11.49, 18.30], (p=767, n=388, P=767, N=388)
2026-04-14 12:40:10,697 - INFO - *****STOP GROWING RR RULE*****
2026-04-14 12:40:10,697 - INFO - ***RR NOT FOUND***
2026-04-14 12:40:10,708 - INFO - Iteracja 2: condition_best: Strength >= 18.65, quality_best: 0.237, coverage_best: (p=131, n=57, P=583, N=572)
2026-04-14 12:40:10,708 - INFO - Regula po iteracji 2: IF Strength <= 24.65 AND Temperature <= 235.00 AND Strength >= 18.65 THEN class = {15.69} [12.91, 18.47], (p=131, n=57, P=583, N=572)
2026-04-14 12:40:10,708 - INFO - *****GROWING RR RULE*****
2026-04-14 12:40:10,797 - INFO - Iteracja 0: condition_best: None, quality_best: -inf, coverage_best: (p=0, n=0, P=0, N=0), p_value: 0
2026-04-14 12:40:10,798 - INFO - Regula po iteracji 0: IF  THEN class = {14.89} [11.49, 18.30], (p=767, n=388, P=767, N=388)
2026-04-14 12:40:10,822 - INFO - *****STOP GROWING RR RULE*****
2026-04-14 12:40:10,822 - INFO - ***RR NOT FOUND***
2026-04-14 12:40:10,828 - INFO - Iteracja 3: condition_best: Temperature <= 215.00, quality_best: 0.27, coverage_best: (p=75, n=26, P=585, N=570)
2026-04-14 12:40:10,828 - INFO - Regula po iteracji 3: IF Strength <= 24.65 AND Temperature <= 235.00 AND Strength >= 18.65 AND Temperature <= 215.00 THEN class = {14.26} [11.73, 16.79], (p=75, n=26, P=585, N=570)
2026-04-14 12:40:10,828 - INFO - *****GROWING RR RULE*****
2026-04-14 12:40:10,916 - INFO - Iteracja 0: condition_best: None, quality_best: -inf, coverage_best: (p=0, n=0, P=0, N=0), p_value: 0
2026-04-14 12:40:10,916 - INFO - Regula po iteracji 0: IF  THEN class = {14.89} [11.49, 18.30], (p=767, n=388, P=767, N=388)
2026-04-14 12:40:10,916 - INFO - *****STOP GROWING RR RULE*****
2026-04-14 12:40:10,917 - INFO - ***RR NOT FOUND***
2026-04-14 12:40:10,921 - INFO - Iteracja 4: condition_best: Strength >= 21.10, quality_best: 0.304, coverage_best: (p=40, n=17, P=388, N=767)
2026-04-14 12:40:10,921 - INFO - Regula po iteracji 4: IF Strength <= 24.65 AND Temperature <= 235.00 AND Strength >= 18.65 AND Temperature <= 215.00 AND Strength >= 21.10 THEN class = {12.91} [10.86, 14.97], (p=40, n=17, P=388, N=767)
2026-04-14 12:40:10,922 - INFO - *****GROWING RR RULE*****
2026-04-14 12:40:11,009 - INFO - Iteracja 0: condition_best: None, quality_best: -inf, coverage_best: (p=0, n=0, P=0, N=0), p_value: 0
2026-04-14 12:40:11,009 - INFO - Regula po iteracji 0: IF  THEN class = {14.89} [11.49, 18.30], (p=767, n=388, P=767, N=388)
2026-04-14 12:40:11,009 - INFO - *****STOP GROWING RR RULE*****
2026-04-14 12:40:11,009 - INFO - ***RR NOT FOUND***
2026-04-14 12:40:11,009 - INFO - *******STOP GROWING CR RULE*******
2026-04-14 12:40:11,014 - INFO - *******GROWING CR RULE*******
2026-04-14 12:40:11,073 - INFO - Iteracja 0: condition_best: Strength <= 24.75, quality_best: 0.126, coverage_best: (p=187, n=125, P=583, N=572)
2026-04-14 12:40:11,073 - INFO - Regula po iteracji 0: IF Strength <= 24.75 THEN class = {16.80} [13.94, 19.66], (p=187, n=125, P=583, N=572)
2026-04-14 12:40:11,073 - INFO - *****GROWING RR RULE*****
2026-04-14 12:40:11,169 - INFO - Iteracja 0: condition_best: None, quality_best: -inf, coverage_best: (p=0, n=0, P=0, N=0), p_value: 0
2026-04-14 12:40:11,169 - INFO - Regula po iteracji 0: IF  THEN class = {14.89} [11.49, 18.30], (p=767, n=388, P=767, N=388)
2026-04-14 12:40:11,169 - INFO - *****STOP GROWING RR RULE*****
2026-04-14 12:40:11,169 - INFO - ***RR NOT FOUND***
2026-04-14 12:40:11,180 - INFO - Iteracja 1: condition_best: Temperature >= 225.00, quality_best: 0.475, coverage_best: (p=69, n=11, P=365, N=790)
2026-04-14 12:40:11,180 - INFO - Regula po iteracji 1: IF Strength <= 24.75 AND Temperature >= 225.00 THEN class = {18.68} [17.06, 20.29], (p=69, n=11, P=365, N=790)
2026-04-14 12:40:11,181 - INFO - *****GROWING RR RULE*****
2026-04-14 12:40:11,268 - INFO - Iteracja 0: condition_best: None, quality_best: -inf, coverage_best: (p=0, n=0, P=0, N=0), p_value: 0
2026-04-14 12:40:11,269 - INFO - Regula po iteracji 0: IF  THEN class = {14.89} [11.49, 18.30], (p=767, n=388, P=767, N=388)
2026-04-14 12:40:11,269 - INFO - *****STOP GROWING RR RULE*****
2026-04-14 12:40:11,269 - INFO - ***RR NOT FOUND***
2026-04-14 12:40:11,273 - INFO - Iteracja 2: condition_best: Strength >= 18.55, quality_best: 0.472, coverage_best: (p=68, n=11, P=365, N=790)
2026-04-14 12:40:11,273 - INFO - Regula po iteracji 2: IF Strength <= 24.75 AND Temperature >= 225.00 AND Strength >= 18.55 THEN class = {18.66} [17.04, 20.27], (p=68, n=11, P=365, N=790)
2026-04-14 12:40:11,273 - INFO - *****GROWING RR RULE*****
2026-04-14 12:40:11,361 - INFO - Iteracja 0: condition_best: None, quality_best: -inf, coverage_best: (p=0, n=0, P=0, N=0), p_value: 0
2026-04-14 12:40:11,361 - INFO - Regula po iteracji 0: IF  THEN class = {14.89} [11.49, 18.30], (p=767, n=388, P=767, N=388)
2026-04-14 12:40:11,361 - INFO - *****STOP GROWING RR RULE*****
2026-04-14 12:40:11,361 - INFO - ***RR NOT FOUND***
2026-04-14 12:40:11,365 - INFO - Iteracja 3: condition_best: Strength >= 18.95, quality_best: 0.47, coverage_best: (p=67, n=11, P=365, N=790)
2026-04-14 12:40:11,365 - INFO - Regula po iteracji 3: IF Strength <= 24.75 AND Temperature >= 225.00 AND Strength >= 18.55 AND Strength >= 18.95 THEN class = {18.64} [17.02, 20.26], (p=67, n=11, P=365, N=790)
2026-04-14 12:40:11,366 - INFO - *****GROWING RR RULE*****
2026-04-14 12:40:11,454 - INFO - Iteracja 0: condition_best: None, quality_best: -inf, coverage_best: (p=0, n=0, P=0, N=0), p_value: 0
2026-04-14 12:40:11,454 - INFO - Regula po iteracji 0: IF  THEN class = {14.89} [11.49, 18.30], (p=767, n=388, P=767, N=388)
2026-04-14 12:40:11,454 - INFO - *****STOP GROWING RR RULE*****
2026-04-14 12:40:11,454 - INFO - ***RR NOT FOUND***
2026-04-14 12:40:11,458 - INFO - Iteracja 4: condition_best: Strength >= 19.35, quality_best: 0.467, coverage_best: (p=66, n=11, P=365, N=790)
2026-04-14 12:40:11,458 - INFO - Regula po iteracji 4: IF Strength <= 24.75 AND Temperature >= 225.00 AND Strength >= 18.55 AND Strength >= 18.95 AND Strength >= 19.35 THEN class = {18.62} [17.00, 20.24], (p=66, n=11, P=365, N=790)
2026-04-14 12:40:11,458 - INFO - *****GROWING RR RULE*****
2026-04-14 12:40:11,550 - INFO - Iteracja 0: condition_best: None, quality_best: -inf, coverage_best: (p=0, n=0, P=0, N=0), p_value: 0
2026-04-14 12:40:11,550 - INFO - Regula po iteracji 0: IF  THEN class = {14.89} [11.49, 18.30], (p=767, n=388, P=767, N=388)
2026-04-14 12:40:11,550 - INFO - *****STOP GROWING RR RULE*****
2026-04-14 12:40:11,550 - INFO - ***RR NOT FOUND***
2026-04-14 12:40:11,551 - INFO - *******STOP GROWING CR RULE*******
2026-04-14 12:40:11,555 - INFO - *******GROWING CR RULE*******
2026-04-14 12:40:11,618 - INFO - Iteracja 0: condition_best: Strength <= 24.75, quality_best: 0.126, coverage_best: (p=187, n=125, P=583, N=572)
2026-04-14 12:40:11,619 - INFO - Regula po iteracji 0: IF Strength <= 24.75 THEN class = {16.80} [13.94, 19.66], (p=187, n=125, P=583, N=572)
2026-04-14 12:40:11,619 - INFO - *****GROWING RR RULE*****
2026-04-14 12:40:11,715 - INFO - Iteracja 0: condition_best: None, quality_best: -inf, coverage_best: (p=0, n=0, P=0, N=0), p_value: 0
2026-04-14 12:40:11,715 - INFO - Regula po iteracji 0: IF  THEN class = {14.89} [11.49, 18.30], (p=767, n=388, P=767, N=388)
2026-04-14 12:40:11,715 - INFO - *****STOP GROWING RR RULE*****
2026-04-14 12:40:11,715 - INFO - ***RR NOT FOUND***
2026-04-14 12:40:11,726 - INFO - Iteracja 1: condition_best: Temperature <= 235.00, quality_best: 0.175, coverage_best: (p=176, n=100, P=583, N=572)
2026-04-14 12:40:11,726 - INFO - Regula po iteracji 1: IF Strength <= 24.75 AND Temperature <= 235.00 THEN class = {16.48} [13.62, 19.34], (p=176, n=100, P=583, N=572)
2026-04-14 12:40:11,727 - INFO - *****GROWING RR RULE*****
2026-04-14 12:40:11,817 - INFO - Iteracja 0: condition_best: None, quality_best: -inf, coverage_best: (p=0, n=0, P=0, N=0), p_value: 0
2026-04-14 12:40:11,817 - INFO - Regula po iteracji 0: IF  THEN class = {14.89} [11.49, 18.30], (p=767, n=388, P=767, N=388)
2026-04-14 12:40:11,817 - INFO - *****STOP GROWING RR RULE*****
2026-04-14 12:40:11,817 - INFO - ***RR NOT FOUND***
2026-04-14 12:40:11,827 - INFO - Iteracja 2: condition_best: Strength >= 18.65, quality_best: 0.233, coverage_best: (p=137, n=61, P=583, N=572)
2026-04-14 12:40:11,827 - INFO - Regula po iteracji 2: IF Strength <= 24.75 AND Temperature <= 235.00 AND Strength >= 18.65 THEN class = {15.62} [12.81, 18.43], (p=137, n=61, P=583, N=572)
2026-04-14 12:40:11,828 - INFO - *****GROWING RR RULE*****
2026-04-14 12:40:11,918 - INFO - Iteracja 0: condition_best: None, quality_best: -inf, coverage_best: (p=0, n=0, P=0, N=0), p_value: 0
2026-04-14 12:40:11,918 - INFO - Regula po iteracji 0: IF  THEN class = {14.89} [11.49, 18.30], (p=767, n=388, P=767, N=388)
2026-04-14 12:40:11,918 - INFO - *****STOP GROWING RR RULE*****
2026-04-14 12:40:11,918 - INFO - ***RR NOT FOUND***
2026-04-14 12:40:11,924 - INFO - Iteracja 3: condition_best: Strength >= 18.90, quality_best: 0.226, coverage_best: (p=130, n=59, P=583, N=572)
2026-04-14 12:40:11,924 - INFO - Regula po iteracji 3: IF Strength <= 24.75 AND Temperature <= 235.00 AND Strength >= 18.65 AND Strength >= 18.90 THEN class = {15.56} [12.73, 18.38], (p=130, n=59, P=583, N=572)
2026-04-14 12:40:11,924 - INFO - *****GROWING RR RULE*****
2026-04-14 12:40:12,014 - INFO - Iteracja 0: condition_best: None, quality_best: -inf, coverage_best: (p=0, n=0, P=0, N=0), p_value: 0
2026-04-14 12:40:12,015 - INFO - Regula po iteracji 0: IF  THEN class = {14.89} [11.49, 18.30], (p=767, n=388, P=767, N=388)
2026-04-14 12:40:12,015 - INFO - *****STOP GROWING RR RULE*****
2026-04-14 12:40:12,015 - INFO - ***RR NOT FOUND***
2026-04-14 12:40:12,021 - INFO - Iteracja 4: condition_best: Temperature >= 205.00, quality_best: 0.282, coverage_best: (p=101, n=35, P=583, N=572)
2026-04-14 12:40:12,021 - INFO - Regula po iteracji 4: IF Strength <= 24.75 AND Temperature <= 235.00 AND Strength >= 18.65 AND Strength >= 18.90 AND Temperature >= 205.00 THEN class = {16.43} [13.95, 18.90], (p=101, n=35, P=583, N=572)
2026-04-14 12:40:12,021 - INFO - *****GROWING RR RULE*****
2026-04-14 12:40:12,110 - INFO - Iteracja 0: condition_best: None, quality_best: -inf, coverage_best: (p=0, n=0, P=0, N=0), p_value: 0
2026-04-14 12:40:12,110 - INFO - Regula po iteracji 0: IF  THEN class = {14.89} [11.49, 18.30], (p=767, n=388, P=767, N=388)
2026-04-14 12:40:12,110 - INFO - *****STOP GROWING RR RULE*****
2026-04-14 12:40:12,110 - INFO - ***RR NOT FOUND***
2026-04-14 12:40:12,110 - INFO - *******STOP GROWING CR RULE*******
2026-04-14 12:40:12,115 - INFO - *******GROWING CR RULE*******
2026-04-14 12:40:12,174 - INFO - Iteracja 0: condition_best: Strength <= 25.25, quality_best: 0.125, coverage_best: (p=192, n=129, P=583, N=572)
2026-04-14 12:40:12,174 - INFO - Regula po iteracji 0: IF Strength <= 25.25 THEN class = {16.72} [13.82, 19.61], (p=192, n=129, P=583, N=572)
2026-04-14 12:40:12,174 - INFO - *****GROWING RR RULE*****
2026-04-14 12:40:12,269 - INFO - Iteracja 0: condition_best: None, quality_best: -inf, coverage_best: (p=0, n=0, P=0, N=0), p_value: 0
2026-04-14 12:40:12,270 - INFO - Regula po iteracji 0: IF  THEN class = {14.89} [11.49, 18.30], (p=767, n=388, P=767, N=388)
2026-04-14 12:40:12,270 - INFO - *****STOP GROWING RR RULE*****
2026-04-14 12:40:12,270 - INFO - ***RR NOT FOUND***
2026-04-14 12:40:12,281 - INFO - Iteracja 1: condition_best: Temperature >= 215.00, quality_best: 0.454, coverage_best: (p=125, n=19, P=562, N=593)
2026-04-14 12:40:12,281 - INFO - Regula po iteracji 1: IF Strength <= 25.25 AND Temperature >= 215.00 THEN class = {17.85} [15.67, 20.02], (p=125, n=19, P=562, N=593)
2026-04-14 12:40:12,282 - INFO - *****GROWING RR RULE*****
2026-04-14 12:40:12,371 - INFO - Iteracja 0: condition_best: None, quality_best: -inf, coverage_best: (p=0, n=0, P=0, N=0), p_value: 0
2026-04-14 12:40:12,371 - INFO - Regula po iteracji 0: IF  THEN class = {14.89} [11.49, 18.30], (p=767, n=388, P=767, N=388)
2026-04-14 12:40:12,371 - INFO - *****STOP GROWING RR RULE*****
2026-04-14 12:40:12,371 - INFO - ***RR NOT FOUND***
2026-04-14 12:40:12,377 - INFO - Iteracja 2: condition_best: Strength >= 16.95, quality_best: 0.452, coverage_best: (p=124, n=19, P=562, N=593)
2026-04-14 12:40:12,377 - INFO - Regula po iteracji 2: IF Strength <= 25.25 AND Temperature >= 215.00 AND Strength >= 16.95 THEN class = {17.83} [15.66, 20.01], (p=124, n=19, P=562, N=593)
2026-04-14 12:40:12,377 - INFO - *****GROWING RR RULE*****
2026-04-14 12:40:12,466 - INFO - Iteracja 0: condition_best: None, quality_best: -inf, coverage_best: (p=0, n=0, P=0, N=0), p_value: 0
2026-04-14 12:40:12,466 - INFO - Regula po iteracji 0: IF  THEN class = {14.89} [11.49, 18.30], (p=767, n=388, P=767, N=388)
2026-04-14 12:40:12,466 - INFO - *****STOP GROWING RR RULE*****
2026-04-14 12:40:12,466 - INFO - ***RR NOT FOUND***
2026-04-14 12:40:12,472 - INFO - Iteracja 3: condition_best: Strength >= 24.85, quality_best: 0.195, coverage_best: (p=3, n=2, P=401, N=754)
2026-04-14 12:40:12,472 - INFO - Regula po iteracji 3: IF Strength <= 25.25 AND Temperature >= 215.00 AND Strength >= 16.95 AND Strength >= 24.85 THEN class = {15.20} [13.16, 17.24], (p=3, n=2, P=401, N=754)
2026-04-14 12:40:12,473 - INFO - *****GROWING RR RULE*****
2026-04-14 12:40:12,559 - INFO - Iteracja 0: condition_best: None, quality_best: -inf, coverage_best: (p=0, n=0, P=0, N=0), p_value: 0
2026-04-14 12:40:12,559 - INFO - Regula po iteracji 0: IF  THEN class = {14.89} [11.49, 18.30], (p=767, n=388, P=767, N=388)
2026-04-14 12:40:12,559 - INFO - *****STOP GROWING RR RULE*****
2026-04-14 12:40:12,559 - INFO - ***RR NOT FOUND***
2026-04-14 12:40:12,560 - INFO - Iteracja 4: condition_best: None, quality_best: -inf, coverage_best: (p=0, n=0, P=0, N=0)
2026-04-14 12:40:12,560 - INFO - Regula po iteracji 4: IF Strength <= 25.25 AND Temperature >= 215.00 AND Strength >= 16.95 AND Strength >= 24.85 THEN class = {15.20} [13.16, 17.24], (p=3, n=2, P=401, N=754)
2026-04-14 12:40:12,560 - INFO - *******STOP GROWING CR RULE*******
2026-04-14 12:40:12,565 - INFO - *******GROWING CR RULE*******
2026-04-14 12:40:12,626 - INFO - Iteracja 0: condition_best: Strength <= 25.25, quality_best: 0.125, coverage_best: (p=192, n=129, P=583, N=572)
2026-04-14 12:40:12,626 - INFO - Regula po iteracji 0: IF Strength <= 25.25 THEN class = {16.72} [13.82, 19.61], (p=192, n=129, P=583, N=572)
2026-04-14 12:40:12,627 - INFO - *****GROWING RR RULE*****
2026-04-14 12:40:12,725 - INFO - Iteracja 0: condition_best: None, quality_best: -inf, coverage_best: (p=0, n=0, P=0, N=0), p_value: 0
2026-04-14 12:40:12,725 - INFO - Regula po iteracji 0: IF  THEN class = {14.89} [11.49, 18.30], (p=767, n=388, P=767, N=388)
2026-04-14 12:40:12,725 - INFO - *****STOP GROWING RR RULE*****
2026-04-14 12:40:12,725 - INFO - ***RR NOT FOUND***
2026-04-14 12:40:12,737 - INFO - Iteracja 1: condition_best: Temperature <= 235.00, quality_best: 0.169, coverage_best: (p=179, n=104, P=583, N=572)
2026-04-14 12:40:12,737 - INFO - Regula po iteracji 1: IF Strength <= 25.25 AND Temperature <= 235.00 THEN class = {16.39} [13.50, 19.28], (p=179, n=104, P=583, N=572)
2026-04-14 12:40:12,737 - INFO - *****GROWING RR RULE*****
2026-04-14 12:40:12,828 - INFO - Iteracja 0: condition_best: None, quality_best: -inf, coverage_best: (p=0, n=0, P=0, N=0), p_value: 0
2026-04-14 12:40:12,828 - INFO - Regula po iteracji 0: IF  THEN class = {14.89} [11.49, 18.30], (p=767, n=388, P=767, N=388)
2026-04-14 12:40:12,828 - INFO - *****STOP GROWING RR RULE*****
2026-04-14 12:40:12,828 - INFO - ***RR NOT FOUND***
2026-04-14 12:40:12,839 - INFO - Iteracja 2: condition_best: Strength >= 18.65, quality_best: 0.223, coverage_best: (p=140, n=65, P=583, N=572)
2026-04-14 12:40:12,839 - INFO - Regula po iteracji 2: IF Strength <= 25.25 AND Temperature <= 235.00 AND Strength >= 18.65 THEN class = {15.52} [12.70, 18.35], (p=140, n=65, P=583, N=572)
2026-04-14 12:40:12,840 - INFO - *****GROWING RR RULE*****
2026-04-14 12:40:12,929 - INFO - Iteracja 0: condition_best: None, quality_best: -inf, coverage_best: (p=0, n=0, P=0, N=0), p_value: 0
2026-04-14 12:40:12,929 - INFO - Regula po iteracji 0: IF  THEN class = {14.89} [11.49, 18.30], (p=767, n=388, P=767, N=388)
2026-04-14 12:40:12,929 - INFO - *****STOP GROWING RR RULE*****
2026-04-14 12:40:12,930 - INFO - ***RR NOT FOUND***
2026-04-14 12:40:12,936 - INFO - Iteracja 3: condition_best: Temperature <= 215.00, quality_best: 0.262, coverage_best: (p=80, n=29, P=585, N=570)
2026-04-14 12:40:12,936 - INFO - Regula po iteracji 3: IF Strength <= 25.25 AND Temperature <= 235.00 AND Strength >= 18.65 AND Temperature <= 215.00 THEN class = {14.11} [11.56, 16.66], (p=80, n=29, P=585, N=570)
2026-04-14 12:40:12,936 - INFO - *****GROWING RR RULE*****
2026-04-14 12:40:13,024 - INFO - Iteracja 0: condition_best: None, quality_best: -inf, coverage_best: (p=0, n=0, P=0, N=0), p_value: 0
2026-04-14 12:40:13,024 - INFO - Regula po iteracji 0: IF  THEN class = {14.89} [11.49, 18.30], (p=767, n=388, P=767, N=388)
2026-04-14 12:40:13,024 - INFO - *****STOP GROWING RR RULE*****
2026-04-14 12:40:13,024 - INFO - ***RR NOT FOUND***
2026-04-14 12:40:13,029 - INFO - Iteracja 4: condition_best: Strength >= 24.55, quality_best: 0.319, coverage_best: (p=9, n=3, P=389, N=766)
2026-04-14 12:40:13,030 - INFO - Regula po iteracji 4: IF Strength <= 25.25 AND Temperature <= 235.00 AND Strength >= 18.65 AND Temperature <= 215.00 AND Strength >= 24.55 THEN class = {11.83} [9.93, 13.74], (p=9, n=3, P=389, N=766)
2026-04-14 12:40:13,030 - INFO - *****GROWING RR RULE*****
2026-04-14 12:40:13,118 - INFO - Iteracja 0: condition_best: None, quality_best: -inf, coverage_best: (p=0, n=0, P=0, N=0), p_value: 0
2026-04-14 12:40:13,119 - INFO - Regula po iteracji 0: IF  THEN class = {14.89} [11.49, 18.30], (p=767, n=388, P=767, N=388)
2026-04-14 12:40:13,119 - INFO - *****STOP GROWING RR RULE*****
2026-04-14 12:40:13,119 - INFO - ***RR NOT FOUND***
2026-04-14 12:40:13,119 - INFO - *******STOP GROWING CR RULE*******
2026-04-14 12:40:13,123 - INFO - *******GROWING CR RULE*******
2026-04-14 12:40:13,185 - INFO - Iteracja 0: condition_best: Strength >= 36.25, quality_best: 0.124, coverage_best: (p=114, n=132, P=388, N=767)
2026-04-14 12:40:13,185 - INFO - Regula po iteracji 0: IF Strength >= 36.25 THEN class = {12.53} [10.06, 14.99], (p=114, n=132, P=388, N=767)
2026-04-14 12:40:13,186 - INFO - *****GROWING RR RULE*****
2026-04-14 12:40:13,282 - INFO - Iteracja 0: condition_best: None, quality_best: -inf, coverage_best: (p=0, n=0, P=0, N=0), p_value: 0
2026-04-14 12:40:13,282 - INFO - Regula po iteracji 0: IF  THEN class = {14.89} [11.49, 18.30], (p=767, n=388, P=767, N=388)
2026-04-14 12:40:13,283 - INFO - *****STOP GROWING RR RULE*****
2026-04-14 12:40:13,283 - INFO - ***RR NOT FOUND***
2026-04-14 12:40:13,293 - INFO - Iteracja 1: condition_best: Temperature <= 295.00, quality_best: 0.498, coverage_best: (p=152, n=17, P=593, N=562)
2026-04-14 12:40:13,293 - INFO - Regula po iteracji 1: IF Strength >= 36.25 AND Temperature <= 295.00 THEN class = {11.99} [9.85, 14.13], (p=152, n=17, P=593, N=562)
2026-04-14 12:40:13,293 - INFO - *****GROWING RR RULE*****
2026-04-14 12:40:13,383 - INFO - Iteracja 0: condition_best: None, quality_best: -inf, coverage_best: (p=0, n=0, P=0, N=0), p_value: 0
2026-04-14 12:40:13,383 - INFO - Regula po iteracji 0: IF  THEN class = {14.89} [11.49, 18.30], (p=767, n=388, P=767, N=388)
2026-04-14 12:40:13,383 - INFO - *****STOP GROWING RR RULE*****
2026-04-14 12:40:13,383 - INFO - ***RR NOT FOUND***
2026-04-14 12:40:13,391 - INFO - Iteracja 2: condition_best: Strength >= 36.65, quality_best: 0.505, coverage_best: (p=142, n=14, P=593, N=562)
2026-04-14 12:40:13,391 - INFO - Regula po iteracji 2: IF Strength >= 36.25 AND Temperature <= 295.00 AND Strength >= 36.65 THEN class = {11.90} [9.79, 14.01], (p=142, n=14, P=593, N=562)
2026-04-14 12:40:13,391 - INFO - *****GROWING RR RULE*****
2026-04-14 12:40:13,480 - INFO - Iteracja 0: condition_best: None, quality_best: -inf, coverage_best: (p=0, n=0, P=0, N=0), p_value: 0
2026-04-14 12:40:13,480 - INFO - Regula po iteracji 0: IF  THEN class = {14.89} [11.49, 18.30], (p=767, n=388, P=767, N=388)
2026-04-14 12:40:13,480 - INFO - *****STOP GROWING RR RULE*****
2026-04-14 12:40:13,480 - INFO - ***RR NOT FOUND***
2026-04-14 12:40:13,488 - INFO - Iteracja 3: condition_best: Strength <= 46.60, quality_best: 0.504, coverage_best: (p=141, n=14, P=593, N=562)
2026-04-14 12:40:13,488 - INFO - Regula po iteracji 3: IF Strength >= 36.25 AND Temperature <= 295.00 AND Strength >= 36.65 AND Strength <= 46.60 THEN class = {11.91} [9.80, 14.02], (p=141, n=14, P=593, N=562)
2026-04-14 12:40:13,488 - INFO - *****GROWING RR RULE*****
2026-04-14 12:40:13,576 - INFO - Iteracja 0: condition_best: None, quality_best: -inf, coverage_best: (p=0, n=0, P=0, N=0), p_value: 0
2026-04-14 12:40:13,577 - INFO - Regula po iteracji 0: IF  THEN class = {14.89} [11.49, 18.30], (p=767, n=388, P=767, N=388)
2026-04-14 12:40:13,577 - INFO - *****STOP GROWING RR RULE*****
2026-04-14 12:40:13,577 - INFO - ***RR NOT FOUND***
2026-04-14 12:40:13,584 - INFO - Iteracja 4: condition_best: Strength <= 46.15, quality_best: 0.503, coverage_best: (p=140, n=14, P=593, N=562)
2026-04-14 12:40:13,584 - INFO - Regula po iteracji 4: IF Strength >= 36.25 AND Temperature <= 295.00 AND Strength >= 36.65 AND Strength <= 46.60 AND Strength <= 46.15 THEN class = {11.92} [9.81, 14.03], (p=140, n=14, P=593, N=562)
2026-04-14 12:40:13,584 - INFO - *****GROWING RR RULE*****
2026-04-14 12:40:13,673 - INFO - Iteracja 0: condition_best: None, quality_best: -inf, coverage_best: (p=0, n=0, P=0, N=0), p_value: 0
2026-04-14 12:40:13,673 - INFO - Regula po iteracji 0: IF  THEN class = {14.89} [11.49, 18.30], (p=767, n=388, P=767, N=388)
2026-04-14 12:40:13,673 - INFO - *****STOP GROWING RR RULE*****
2026-04-14 12:40:13,674 - INFO - ***RR NOT FOUND***
2026-04-14 12:40:13,674 - INFO - *******STOP GROWING CR RULE*******
2026-04-14 12:40:13,678 - INFO - *******GROWING CR RULE*******
2026-04-14 12:40:13,736 - INFO - Iteracja 0: condition_best: Strength >= 36.25, quality_best: 0.124, coverage_best: (p=114, n=132, P=388, N=767)
2026-04-14 12:40:13,736 - INFO - Regula po iteracji 0: IF Strength >= 36.25 THEN class = {12.53} [10.06, 14.99], (p=114, n=132, P=388, N=767)
2026-04-14 12:40:13,736 - INFO - *****GROWING RR RULE*****
2026-04-14 12:40:13,829 - INFO - Iteracja 0: condition_best: None, quality_best: -inf, coverage_best: (p=0, n=0, P=0, N=0), p_value: 0
2026-04-14 12:40:13,829 - INFO - Regula po iteracji 0: IF  THEN class = {14.89} [11.49, 18.30], (p=767, n=388, P=767, N=388)
2026-04-14 12:40:13,829 - INFO - *****STOP GROWING RR RULE*****
2026-04-14 12:40:13,829 - INFO - ***RR NOT FOUND***
2026-04-14 12:40:13,839 - INFO - Iteracja 1: condition_best: Temperature <= 295.00, quality_best: 0.498, coverage_best: (p=152, n=17, P=593, N=562)
2026-04-14 12:40:13,839 - INFO - Regula po iteracji 1: IF Strength >= 36.25 AND Temperature <= 295.00 THEN class = {11.99} [9.85, 14.13], (p=152, n=17, P=593, N=562)
2026-04-14 12:40:13,839 - INFO - *****GROWING RR RULE*****
2026-04-14 12:40:13,928 - INFO - Iteracja 0: condition_best: None, quality_best: -inf, coverage_best: (p=0, n=0, P=0, N=0), p_value: 0
2026-04-14 12:40:13,928 - INFO - Regula po iteracji 0: IF  THEN class = {14.89} [11.49, 18.30], (p=767, n=388, P=767, N=388)
2026-04-14 12:40:13,929 - INFO - *****STOP GROWING RR RULE*****
2026-04-14 12:40:13,929 - INFO - ***RR NOT FOUND***
2026-04-14 12:40:13,936 - INFO - Iteracja 2: condition_best: Strength >= 36.35, quality_best: 0.504, coverage_best: (p=151, n=16, P=593, N=562)
2026-04-14 12:40:13,936 - INFO - Regula po iteracji 2: IF Strength >= 36.25 AND Temperature <= 295.00 AND Strength >= 36.35 THEN class = {11.95} [9.83, 14.07], (p=151, n=16, P=593, N=562)
2026-04-14 12:40:13,937 - INFO - *****GROWING RR RULE*****
2026-04-14 12:40:14,025 - INFO - Iteracja 0: condition_best: None, quality_best: -inf, coverage_best: (p=0, n=0, P=0, N=0), p_value: 0
2026-04-14 12:40:14,026 - INFO - Regula po iteracji 0: IF  THEN class = {14.89} [11.49, 18.30], (p=767, n=388, P=767, N=388)
2026-04-14 12:40:14,026 - INFO - *****STOP GROWING RR RULE*****
2026-04-14 12:40:14,026 - INFO - ***RR NOT FOUND***
2026-04-14 12:40:14,033 - INFO - Iteracja 3: condition_best: Strength <= 46.60, quality_best: 0.502, coverage_best: (p=150, n=16, P=593, N=562)
2026-04-14 12:40:14,033 - INFO - Regula po iteracji 3: IF Strength >= 36.25 AND Temperature <= 295.00 AND Strength >= 36.35 AND Strength <= 46.60 THEN class = {11.96} [9.84, 14.09], (p=150, n=16, P=593, N=562)
2026-04-14 12:40:14,034 - INFO - *****GROWING RR RULE*****
2026-04-14 12:40:14,123 - INFO - Iteracja 0: condition_best: None, quality_best: -inf, coverage_best: (p=0, n=0, P=0, N=0), p_value: 0
2026-04-14 12:40:14,123 - INFO - Regula po iteracji 0: IF  THEN class = {14.89} [11.49, 18.30], (p=767, n=388, P=767, N=388)
2026-04-14 12:40:14,123 - INFO - *****STOP GROWING RR RULE*****
2026-04-14 12:40:14,123 - INFO - ***RR NOT FOUND***
2026-04-14 12:40:14,130 - INFO - Iteracja 4: condition_best: Strength <= 46.15, quality_best: 0.501, coverage_best: (p=149, n=16, P=593, N=562)
2026-04-14 12:40:14,130 - INFO - Regula po iteracji 4: IF Strength >= 36.25 AND Temperature <= 295.00 AND Strength >= 36.35 AND Strength <= 46.60 AND Strength <= 46.15 THEN class = {11.98} [9.85, 14.10], (p=149, n=16, P=593, N=562)
2026-04-14 12:40:14,131 - INFO - *****GROWING RR RULE*****
2026-04-14 12:40:14,221 - INFO - Iteracja 0: condition_best: None, quality_best: -inf, coverage_best: (p=0, n=0, P=0, N=0), p_value: 0
2026-04-14 12:40:14,222 - INFO - Regula po iteracji 0: IF  THEN class = {14.89} [11.49, 18.30], (p=767, n=388, P=767, N=388)
2026-04-14 12:40:14,222 - INFO - *****STOP GROWING RR RULE*****
2026-04-14 12:40:14,222 - INFO - ***RR NOT FOUND***
2026-04-14 12:40:14,222 - INFO - *******STOP GROWING CR RULE*******
2026-04-14 12:40:14,226 - INFO - *******GROWING CR RULE*******
2026-04-14 12:40:14,286 - INFO - Iteracja 0: condition_best: Strength >= 36.25, quality_best: 0.124, coverage_best: (p=114, n=132, P=388, N=767)
2026-04-14 12:40:14,286 - INFO - Regula po iteracji 0: IF Strength >= 36.25 THEN class = {12.53} [10.06, 14.99], (p=114, n=132, P=388, N=767)
2026-04-14 12:40:14,286 - INFO - *****GROWING RR RULE*****
2026-04-14 12:40:14,379 - INFO - Iteracja 0: condition_best: None, quality_best: -inf, coverage_best: (p=0, n=0, P=0, N=0), p_value: 0
2026-04-14 12:40:14,379 - INFO - Regula po iteracji 0: IF  THEN class = {14.89} [11.49, 18.30], (p=767, n=388, P=767, N=388)
2026-04-14 12:40:14,379 - INFO - *****STOP GROWING RR RULE*****
2026-04-14 12:40:14,379 - INFO - ***RR NOT FOUND***
2026-04-14 12:40:14,389 - INFO - Iteracja 1: condition_best: Strength <= 39.60, quality_best: 0.218, coverage_best: (p=84, n=37, P=585, N=570)
2026-04-14 12:40:14,389 - INFO - Regula po iteracji 1: IF Strength >= 36.25 AND Strength <= 39.60 THEN class = {13.44} [10.81, 16.06], (p=84, n=37, P=585, N=570)
2026-04-14 12:40:14,389 - INFO - *****GROWING RR RULE*****
2026-04-14 12:40:14,482 - INFO - Iteracja 0: condition_best: None, quality_best: -inf, coverage_best: (p=0, n=0, P=0, N=0), p_value: 0
2026-04-14 12:40:14,482 - INFO - Regula po iteracji 0: IF  THEN class = {14.89} [11.49, 18.30], (p=767, n=388, P=767, N=388)
2026-04-14 12:40:14,482 - INFO - *****STOP GROWING RR RULE*****
2026-04-14 12:40:14,482 - INFO - ***RR NOT FOUND***
2026-04-14 12:40:14,486 - INFO - Iteracja 2: condition_best: Temperature >= 285.00, quality_best: 0.31, coverage_best: (p=38, n=15, P=401, N=754)
2026-04-14 12:40:14,486 - INFO - Regula po iteracji 2: IF Strength >= 36.25 AND Strength <= 39.60 AND Temperature >= 285.00 THEN class = {15.55} [13.58, 17.51], (p=38, n=15, P=401, N=754)
2026-04-14 12:40:14,487 - INFO - *****GROWING RR RULE*****
2026-04-14 12:40:14,573 - INFO - Iteracja 0: condition_best: None, quality_best: -inf, coverage_best: (p=0, n=0, P=0, N=0), p_value: 0
2026-04-14 12:40:14,573 - INFO - Regula po iteracji 0: IF  THEN class = {14.89} [11.49, 18.30], (p=767, n=388, P=767, N=388)
2026-04-14 12:40:14,574 - INFO - *****STOP GROWING RR RULE*****
2026-04-14 12:40:14,574 - INFO - ***RR NOT FOUND***
2026-04-14 12:40:14,576 - INFO - Iteracja 3: condition_best: Strength <= 39.10, quality_best: 0.313, coverage_best: (p=34, n=13, P=401, N=754)
2026-04-14 12:40:14,576 - INFO - Regula po iteracji 3: IF Strength >= 36.25 AND Strength <= 39.60 AND Temperature >= 285.00 AND Strength <= 39.10 THEN class = {15.79} [13.89, 17.69], (p=34, n=13, P=401, N=754)
2026-04-14 12:40:14,577 - INFO - *****GROWING RR RULE*****
2026-04-14 12:40:14,663 - INFO - Iteracja 0: condition_best: None, quality_best: -inf, coverage_best: (p=0, n=0, P=0, N=0), p_value: 0
2026-04-14 12:40:14,664 - INFO - Regula po iteracji 0: IF  THEN class = {14.89} [11.49, 18.30], (p=767, n=388, P=767, N=388)
2026-04-14 12:40:14,664 - INFO - *****STOP GROWING RR RULE*****
2026-04-14 12:40:14,664 - INFO - ***RR NOT FOUND***
2026-04-14 12:40:14,666 - INFO - Iteracja 4: condition_best: Temperature >= 295.00, quality_best: 0.354, coverage_best: (p=18, n=5, P=379, N=776)
2026-04-14 12:40:14,666 - INFO - Regula po iteracji 4: IF Strength >= 36.25 AND Strength <= 39.60 AND Temperature >= 285.00 AND Strength <= 39.10 AND Temperature >= 295.00 THEN class = {16.52} [14.94, 18.11], (p=18, n=5, P=379, N=776)
2026-04-14 12:40:14,667 - INFO - *****GROWING RR RULE*****
2026-04-14 12:40:14,753 - INFO - Iteracja 0: condition_best: None, quality_best: -inf, coverage_best: (p=0, n=0, P=0, N=0), p_value: 0
2026-04-14 12:40:14,753 - INFO - Regula po iteracji 0: IF  THEN class = {14.89} [11.49, 18.30], (p=767, n=388, P=767, N=388)
2026-04-14 12:40:14,754 - INFO - *****STOP GROWING RR RULE*****
2026-04-14 12:40:14,754 - INFO - ***RR NOT FOUND***
2026-04-14 12:40:14,754 - INFO - *******STOP GROWING CR RULE*******
2026-04-14 12:40:14,758 - INFO - *******GROWING CR RULE*******
2026-04-14 12:40:14,816 - INFO - Iteracja 0: condition_best: Strength >= 36.15, quality_best: 0.124, coverage_best: (p=120, n=140, P=388, N=767)
2026-04-14 12:40:14,816 - INFO - Regula po iteracji 0: IF Strength >= 36.15 THEN class = {12.60} [10.09, 15.11], (p=120, n=140, P=388, N=767)
2026-04-14 12:40:14,816 - INFO - *****GROWING RR RULE*****
2026-04-14 12:40:14,909 - INFO - Iteracja 0: condition_best: None, quality_best: -inf, coverage_best: (p=0, n=0, P=0, N=0), p_value: 0
2026-04-14 12:40:14,910 - INFO - Regula po iteracji 0: IF  THEN class = {14.89} [11.49, 18.30], (p=767, n=388, P=767, N=388)
2026-04-14 12:40:14,910 - INFO - *****STOP GROWING RR RULE*****
2026-04-14 12:40:14,910 - INFO - ***RR NOT FOUND***
2026-04-14 12:40:14,920 - INFO - Iteracja 1: condition_best: Temperature <= 295.00, quality_best: 0.485, coverage_best: (p=161, n=21, P=593, N=562)
2026-04-14 12:40:14,920 - INFO - Regula po iteracji 1: IF Strength >= 36.15 AND Temperature <= 295.00 THEN class = {12.09} [9.89, 14.29], (p=161, n=21, P=593, N=562)
2026-04-14 12:40:14,920 - INFO - *****GROWING RR RULE*****
2026-04-14 12:40:15,009 - INFO - Iteracja 0: condition_best: None, quality_best: -inf, coverage_best: (p=0, n=0, P=0, N=0), p_value: 0
2026-04-14 12:40:15,009 - INFO - Regula po iteracji 0: IF  THEN class = {14.89} [11.49, 18.30], (p=767, n=388, P=767, N=388)
2026-04-14 12:40:15,009 - INFO - *****STOP GROWING RR RULE*****
2026-04-14 12:40:15,009 - INFO - ***RR NOT FOUND***
2026-04-14 12:40:15,017 - INFO - Iteracja 2: condition_best: Strength <= 46.60, quality_best: 0.484, coverage_best: (p=160, n=21, P=593, N=562)
2026-04-14 12:40:15,017 - INFO - Regula po iteracji 2: IF Strength >= 36.15 AND Temperature <= 295.00 AND Strength <= 46.60 THEN class = {12.10} [9.90, 14.30], (p=160, n=21, P=593, N=562)
2026-04-14 12:40:15,017 - INFO - *****GROWING RR RULE*****
2026-04-14 12:40:15,107 - INFO - Iteracja 0: condition_best: None, quality_best: -inf, coverage_best: (p=0, n=0, P=0, N=0), p_value: 0
2026-04-14 12:40:15,107 - INFO - Regula po iteracji 0: IF  THEN class = {14.89} [11.49, 18.30], (p=767, n=388, P=767, N=388)
2026-04-14 12:40:15,107 - INFO - *****STOP GROWING RR RULE*****
2026-04-14 12:40:15,107 - INFO - ***RR NOT FOUND***
2026-04-14 12:40:15,115 - INFO - Iteracja 3: condition_best: Strength <= 46.15, quality_best: 0.482, coverage_best: (p=159, n=21, P=593, N=562)
2026-04-14 12:40:15,115 - INFO - Regula po iteracji 3: IF Strength >= 36.15 AND Temperature <= 295.00 AND Strength <= 46.60 AND Strength <= 46.15 THEN class = {12.11} [9.91, 14.31], (p=159, n=21, P=593, N=562)
2026-04-14 12:40:15,115 - INFO - *****GROWING RR RULE*****
2026-04-14 12:40:15,205 - INFO - Iteracja 0: condition_best: None, quality_best: -inf, coverage_best: (p=0, n=0, P=0, N=0), p_value: 0
2026-04-14 12:40:15,205 - INFO - Regula po iteracji 0: IF  THEN class = {14.89} [11.49, 18.30], (p=767, n=388, P=767, N=388)
2026-04-14 12:40:15,205 - INFO - *****STOP GROWING RR RULE*****
2026-04-14 12:40:15,205 - INFO - ***RR NOT FOUND***
2026-04-14 12:40:15,213 - INFO - Iteracja 4: condition_best: Strength <= 45.40, quality_best: 0.481, coverage_best: (p=158, n=21, P=593, N=562)
2026-04-14 12:40:15,214 - INFO - Regula po iteracji 4: IF Strength >= 36.15 AND Temperature <= 295.00 AND Strength <= 46.60 AND Strength <= 46.15 AND Strength <= 45.40 THEN class = {12.12} [9.92, 14.32], (p=158, n=21, P=593, N=562)
2026-04-14 12:40:15,214 - INFO - *****GROWING RR RULE*****
2026-04-14 12:40:15,305 - INFO - Iteracja 0: condition_best: None, quality_best: -inf, coverage_best: (p=0, n=0, P=0, N=0), p_value: 0
2026-04-14 12:40:15,305 - INFO - Regula po iteracji 0: IF  THEN class = {14.89} [11.49, 18.30], (p=767, n=388, P=767, N=388)
2026-04-14 12:40:15,305 - INFO - *****STOP GROWING RR RULE*****
2026-04-14 12:40:15,305 - INFO - ***RR NOT FOUND***
2026-04-14 12:40:15,306 - INFO - *******STOP GROWING CR RULE*******
2026-04-14 12:40:15,310 - INFO - *******GROWING CR RULE*******
2026-04-14 12:40:15,368 - INFO - Iteracja 0: condition_best: Strength <= 25.40, quality_best: 0.123, coverage_best: (p=195, n=132, P=583, N=572)
2026-04-14 12:40:15,368 - INFO - Regula po iteracji 0: IF Strength <= 25.40 THEN class = {16.69} [13.77, 19.60], (p=195, n=132, P=583, N=572)
2026-04-14 12:40:15,368 - INFO - *****GROWING RR RULE*****
2026-04-14 12:40:15,464 - INFO - Iteracja 0: condition_best: None, quality_best: -inf, coverage_best: (p=0, n=0, P=0, N=0), p_value: 0
2026-04-14 12:40:15,464 - INFO - Regula po iteracji 0: IF  THEN class = {14.89} [11.49, 18.30], (p=767, n=388, P=767, N=388)
2026-04-14 12:40:15,464 - INFO - *****STOP GROWING RR RULE*****
2026-04-14 12:40:15,464 - INFO - ***RR NOT FOUND***
2026-04-14 12:40:15,476 - INFO - Iteracja 1: condition_best: Strength >= 25.10, quality_best: 0.204, coverage_best: (p=8, n=2, P=767, N=388)
2026-04-14 12:40:15,476 - INFO - Regula po iteracji 1: IF Strength <= 25.40 AND Strength >= 25.10 THEN class = {15.00} [12.00, 18.00], (p=8, n=2, P=767, N=388)
2026-04-14 12:40:15,476 - INFO - *****GROWING RR RULE*****
2026-04-14 12:40:15,568 - INFO - Iteracja 0: condition_best: None, quality_best: -inf, coverage_best: (p=0, n=0, P=0, N=0), p_value: 0
2026-04-14 12:40:15,569 - INFO - Regula po iteracji 0: IF  THEN class = {14.89} [11.49, 18.30], (p=767, n=388, P=767, N=388)
2026-04-14 12:40:15,569 - INFO - *****STOP GROWING RR RULE*****
2026-04-14 12:40:15,569 - INFO - ***RR NOT FOUND***
2026-04-14 12:40:15,570 - INFO - Iteracja 2: condition_best: Temperature <= 245.00, quality_best: 0.249, coverage_best: (p=6, n=2, P=585, N=570)
2026-04-14 12:40:15,570 - INFO - Regula po iteracji 2: IF Strength <= 25.40 AND Strength >= 25.10 AND Temperature <= 245.00 THEN class = {14.00} [11.55, 16.45], (p=6, n=2, P=585, N=570)
2026-04-14 12:40:15,570 - INFO - *****GROWING RR RULE*****
2026-04-14 12:40:15,660 - INFO - Iteracja 0: condition_best: None, quality_best: -inf, coverage_best: (p=0, n=0, P=0, N=0), p_value: 0
2026-04-14 12:40:15,660 - INFO - Regula po iteracji 0: IF  THEN class = {14.89} [11.49, 18.30], (p=767, n=388, P=767, N=388)
2026-04-14 12:40:15,660 - INFO - *****STOP GROWING RR RULE*****
2026-04-14 12:40:15,660 - INFO - ***RR NOT FOUND***
2026-04-14 12:40:15,661 - INFO - Iteracja 3: condition_best: Strength >= 25.25, quality_best: 0.095, coverage_best: (p=3, n=2, P=585, N=570)
2026-04-14 12:40:15,661 - INFO - Regula po iteracji 3: IF Strength <= 25.40 AND Strength >= 25.10 AND Temperature <= 245.00 AND Strength >= 25.25 THEN class = {14.00} [11.17, 16.83], (p=3, n=2, P=585, N=570)
2026-04-14 12:40:15,661 - INFO - *****GROWING RR RULE*****
2026-04-14 12:40:15,751 - INFO - Iteracja 0: condition_best: None, quality_best: -inf, coverage_best: (p=0, n=0, P=0, N=0), p_value: 0
2026-04-14 12:40:15,751 - INFO - Regula po iteracji 0: IF  THEN class = {14.89} [11.49, 18.30], (p=767, n=388, P=767, N=388)
2026-04-14 12:40:15,751 - INFO - *****STOP GROWING RR RULE*****
2026-04-14 12:40:15,751 - INFO - ***RR NOT FOUND***
2026-04-14 12:40:15,752 - INFO - Iteracja 4: condition_best: None, quality_best: -inf, coverage_best: (p=0, n=0, P=0, N=0)
2026-04-14 12:40:15,752 - INFO - Regula po iteracji 4: IF Strength <= 25.40 AND Strength >= 25.10 AND Temperature <= 245.00 AND Strength >= 25.25 THEN class = {14.00} [11.17, 16.83], (p=3, n=2, P=585, N=570)
2026-04-14 12:40:15,752 - INFO - *******STOP GROWING CR RULE*******
2026-04-14 12:40:15,756 - INFO - *******GROWING CR RULE*******
2026-04-14 12:40:15,814 - INFO - Iteracja 0: condition_best: Strength <= 25.75, quality_best: 0.123, coverage_best: (p=204, n=139, P=583, N=572)
2026-04-14 12:40:15,814 - INFO - Regula po iteracji 0: IF Strength <= 25.75 THEN class = {16.57} [13.59, 19.54], (p=204, n=139, P=583, N=572)
2026-04-14 12:40:15,814 - INFO - *****GROWING RR RULE*****
2026-04-14 12:40:15,909 - INFO - Iteracja 0: condition_best: None, quality_best: -inf, coverage_best: (p=0, n=0, P=0, N=0), p_value: 0
2026-04-14 12:40:15,909 - INFO - Regula po iteracji 0: IF  THEN class = {14.89} [11.49, 18.30], (p=767, n=388, P=767, N=388)
2026-04-14 12:40:15,909 - INFO - *****STOP GROWING RR RULE*****
2026-04-14 12:40:15,909 - INFO - ***RR NOT FOUND***
2026-04-14 12:40:15,921 - INFO - Iteracja 1: condition_best: Temperature >= 235.00, quality_best: 0.449, coverage_best: (p=40, n=6, P=365, N=790)
2026-04-14 12:40:15,921 - INFO - Regula po iteracji 1: IF Strength <= 25.75 AND Temperature >= 235.00 THEN class = {18.91} [17.49, 20.34], (p=40, n=6, P=365, N=790)
2026-04-14 12:40:15,922 - INFO - *****GROWING RR RULE*****
2026-04-14 12:40:16,008 - INFO - Iteracja 0: condition_best: None, quality_best: -inf, coverage_best: (p=0, n=0, P=0, N=0), p_value: 0
2026-04-14 12:40:16,008 - INFO - Regula po iteracji 0: IF  THEN class = {14.89} [11.49, 18.30], (p=767, n=388, P=767, N=388)
2026-04-14 12:40:16,009 - INFO - *****STOP GROWING RR RULE*****
2026-04-14 12:40:16,009 - INFO - ***RR NOT FOUND***
2026-04-14 12:40:16,011 - INFO - Iteracja 2: condition_best: Strength >= 20.55, quality_best: 0.446, coverage_best: (p=39, n=6, P=365, N=790)
2026-04-14 12:40:16,011 - INFO - Regula po iteracji 2: IF Strength <= 25.75 AND Temperature >= 235.00 AND Strength >= 20.55 THEN class = {18.89} [17.46, 20.32], (p=39, n=6, P=365, N=790)
2026-04-14 12:40:16,012 - INFO - *****GROWING RR RULE*****
2026-04-14 12:40:16,099 - INFO - Iteracja 0: condition_best: None, quality_best: -inf, coverage_best: (p=0, n=0, P=0, N=0), p_value: 0
2026-04-14 12:40:16,099 - INFO - Regula po iteracji 0: IF  THEN class = {14.89} [11.49, 18.30], (p=767, n=388, P=767, N=388)
2026-04-14 12:40:16,099 - INFO - *****STOP GROWING RR RULE*****
2026-04-14 12:40:16,099 - INFO - ***RR NOT FOUND***
2026-04-14 12:40:16,101 - INFO - Iteracja 3: condition_best: Strength >= 20.95, quality_best: 0.442, coverage_best: (p=38, n=6, P=365, N=790)
2026-04-14 12:40:16,101 - INFO - Regula po iteracji 3: IF Strength <= 25.75 AND Temperature >= 235.00 AND Strength >= 20.55 AND Strength >= 20.95 THEN class = {18.86} [17.42, 20.30], (p=38, n=6, P=365, N=790)
2026-04-14 12:40:16,102 - INFO - *****GROWING RR RULE*****
2026-04-14 12:40:16,188 - INFO - Iteracja 0: condition_best: None, quality_best: -inf, coverage_best: (p=0, n=0, P=0, N=0), p_value: 0
2026-04-14 12:40:16,189 - INFO - Regula po iteracji 0: IF  THEN class = {14.89} [11.49, 18.30], (p=767, n=388, P=767, N=388)
2026-04-14 12:40:16,189 - INFO - *****STOP GROWING RR RULE*****
2026-04-14 12:40:16,189 - INFO - ***RR NOT FOUND***
2026-04-14 12:40:16,191 - INFO - Iteracja 4: condition_best: Strength >= 21.35, quality_best: 0.438, coverage_best: (p=37, n=6, P=365, N=790)
2026-04-14 12:40:16,191 - INFO - Regula po iteracji 4: IF Strength <= 25.75 AND Temperature >= 235.00 AND Strength >= 20.55 AND Strength >= 20.95 AND Strength >= 21.35 THEN class = {18.84} [17.39, 20.28], (p=37, n=6, P=365, N=790)
2026-04-14 12:40:16,192 - INFO - *****GROWING RR RULE*****
2026-04-14 12:40:16,279 - INFO - Iteracja 0: condition_best: None, quality_best: -inf, coverage_best: (p=0, n=0, P=0, N=0), p_value: 0
2026-04-14 12:40:16,280 - INFO - Regula po iteracji 0: IF  THEN class = {14.89} [11.49, 18.30], (p=767, n=388, P=767, N=388)
2026-04-14 12:40:16,280 - INFO - *****STOP GROWING RR RULE*****
2026-04-14 12:40:16,280 - INFO - ***RR NOT FOUND***
2026-04-14 12:40:16,280 - INFO - *******STOP GROWING CR RULE*******
2026-04-14 12:40:16,284 - INFO - *******GROWING CR RULE*******
2026-04-14 12:40:16,342 - INFO - Iteracja 0: condition_best: Strength <= 25.75, quality_best: 0.123, coverage_best: (p=204, n=139, P=583, N=572)
2026-04-14 12:40:16,342 - INFO - Regula po iteracji 0: IF Strength <= 25.75 THEN class = {16.57} [13.59, 19.54], (p=204, n=139, P=583, N=572)
2026-04-14 12:40:16,342 - INFO - *****GROWING RR RULE*****
2026-04-14 12:40:16,438 - INFO - Iteracja 0: condition_best: None, quality_best: -inf, coverage_best: (p=0, n=0, P=0, N=0), p_value: 0
2026-04-14 12:40:16,438 - INFO - Regula po iteracji 0: IF  THEN class = {14.89} [11.49, 18.30], (p=767, n=388, P=767, N=388)
2026-04-14 12:40:16,438 - INFO - *****STOP GROWING RR RULE*****
2026-04-14 12:40:16,438 - INFO - ***RR NOT FOUND***
2026-04-14 12:40:16,450 - INFO - Iteracja 1: condition_best: Strength >= 16.65, quality_best: 0.159, coverage_best: (p=192, n=116, P=583, N=572)
2026-04-14 12:40:16,450 - INFO - Regula po iteracji 1: IF Strength <= 25.75 AND Strength >= 16.65 THEN class = {16.26} [13.30, 19.22], (p=192, n=116, P=583, N=572)
2026-04-14 12:40:16,450 - INFO - *****GROWING RR RULE*****
2026-04-14 12:40:16,546 - INFO - Iteracja 0: condition_best: None, quality_best: -inf, coverage_best: (p=0, n=0, P=0, N=0), p_value: 0
2026-04-14 12:40:16,546 - INFO - Regula po iteracji 0: IF  THEN class = {14.89} [11.49, 18.30], (p=767, n=388, P=767, N=388)
2026-04-14 12:40:16,546 - INFO - *****STOP GROWING RR RULE*****
2026-04-14 12:40:16,546 - INFO - ***RR NOT FOUND***
2026-04-14 12:40:16,555 - INFO - Iteracja 2: condition_best: Temperature <= 235.00, quality_best: 0.204, coverage_best: (p=173, n=89, P=583, N=572)
2026-04-14 12:40:16,555 - INFO - Regula po iteracji 2: IF Strength <= 25.75 AND Strength >= 16.65 AND Temperature <= 235.00 THEN class = {15.79} [12.87, 18.71], (p=173, n=89, P=583, N=572)
2026-04-14 12:40:16,556 - INFO - *****GROWING RR RULE*****
2026-04-14 12:40:16,646 - INFO - Iteracja 0: condition_best: None, quality_best: -inf, coverage_best: (p=0, n=0, P=0, N=0), p_value: 0
2026-04-14 12:40:16,646 - INFO - Regula po iteracji 0: IF  THEN class = {14.89} [11.49, 18.30], (p=767, n=388, P=767, N=388)
2026-04-14 12:40:16,646 - INFO - *****STOP GROWING RR RULE*****
2026-04-14 12:40:16,646 - INFO - ***RR NOT FOUND***
2026-04-14 12:40:16,655 - INFO - Iteracja 3: condition_best: Temperature >= 205.00, quality_best: 0.21, coverage_best: (p=125, n=60, P=583, N=572)
2026-04-14 12:40:16,655 - INFO - Regula po iteracji 3: IF Strength <= 25.75 AND Strength >= 16.65 AND Temperature <= 235.00 AND Temperature >= 205.00 THEN class = {16.54} [13.85, 19.23], (p=125, n=60, P=583, N=572)
2026-04-14 12:40:16,655 - INFO - *****GROWING RR RULE*****
2026-04-14 12:40:16,745 - INFO - Iteracja 0: condition_best: None, quality_best: -inf, coverage_best: (p=0, n=0, P=0, N=0), p_value: 0
2026-04-14 12:40:16,745 - INFO - Regula po iteracji 0: IF  THEN class = {14.89} [11.49, 18.30], (p=767, n=388, P=767, N=388)
2026-04-14 12:40:16,745 - INFO - *****STOP GROWING RR RULE*****
2026-04-14 12:40:16,745 - INFO - ***RR NOT FOUND***
2026-04-14 12:40:16,753 - INFO - Iteracja 4: condition_best: Strength >= 24.15, quality_best: 0.291, coverage_best: (p=35, n=10, P=585, N=570)
2026-04-14 12:40:16,753 - INFO - Regula po iteracji 4: IF Strength <= 25.75 AND Strength >= 16.65 AND Temperature <= 235.00 AND Temperature >= 205.00 AND Strength >= 24.15 THEN class = {14.04} [11.60, 16.48], (p=35, n=10, P=585, N=570)
2026-04-14 12:40:16,753 - INFO - *****GROWING RR RULE*****
2026-04-14 12:40:16,840 - INFO - Iteracja 0: condition_best: None, quality_best: -inf, coverage_best: (p=0, n=0, P=0, N=0), p_value: 0
2026-04-14 12:40:16,840 - INFO - Regula po iteracji 0: IF  THEN class = {14.89} [11.49, 18.30], (p=767, n=388, P=767, N=388)
2026-04-14 12:40:16,840 - INFO - *****STOP GROWING RR RULE*****
2026-04-14 12:40:16,840 - INFO - ***RR NOT FOUND***
2026-04-14 12:40:16,840 - INFO - *******STOP GROWING CR RULE*******
2026-04-14 12:40:16,844 - INFO - *******GROWING CR RULE*******
2026-04-14 12:40:16,904 - INFO - Iteracja 0: condition_best: Strength <= 26.00, quality_best: 0.122, coverage_best: (p=209, n=143, P=583, N=572)
2026-04-14 12:40:16,904 - INFO - Regula po iteracji 0: IF Strength <= 26.00 THEN class = {16.53} [13.54, 19.51], (p=209, n=143, P=583, N=572)
2026-04-14 12:40:16,904 - INFO - *****GROWING RR RULE*****
2026-04-14 12:40:17,002 - INFO - Iteracja 0: condition_best: None, quality_best: -inf, coverage_best: (p=0, n=0, P=0, N=0), p_value: 0
2026-04-14 12:40:17,002 - INFO - Regula po iteracji 0: IF  THEN class = {14.89} [11.49, 18.30], (p=767, n=388, P=767, N=388)
2026-04-14 12:40:17,002 - INFO - *****STOP GROWING RR RULE*****
2026-04-14 12:40:17,002 - INFO - ***RR NOT FOUND***
2026-04-14 12:40:17,015 - INFO - Iteracja 1: condition_best: Strength >= 25.75, quality_best: 0.171, coverage_best: (p=7, n=2, P=767, N=388)
2026-04-14 12:40:17,015 - INFO - Regula po iteracji 1: IF Strength <= 26.00 AND Strength >= 25.75 THEN class = {15.11} [11.97, 18.25], (p=7, n=2, P=767, N=388)
2026-04-14 12:40:17,015 - INFO - *****GROWING RR RULE*****
2026-04-14 12:40:17,107 - INFO - Iteracja 0: condition_best: None, quality_best: -inf, coverage_best: (p=0, n=0, P=0, N=0), p_value: 0
2026-04-14 12:40:17,107 - INFO - Regula po iteracji 0: IF  THEN class = {14.89} [11.49, 18.30], (p=767, n=388, P=767, N=388)
2026-04-14 12:40:17,107 - INFO - *****STOP GROWING RR RULE*****
2026-04-14 12:40:17,107 - INFO - ***RR NOT FOUND***
2026-04-14 12:40:17,108 - INFO - Iteracja 2: condition_best: Temperature >= 215.00, quality_best: 0.255, coverage_best: (p=4, n=2, P=379, N=776)
2026-04-14 12:40:17,108 - INFO - Regula po iteracji 2: IF Strength <= 26.00 AND Strength >= 25.75 AND Temperature >= 215.00 THEN class = {17.00} [15.09, 18.91], (p=4, n=2, P=379, N=776)
2026-04-14 12:40:17,108 - INFO - *****GROWING RR RULE*****
2026-04-14 12:40:17,193 - INFO - Iteracja 0: condition_best: None, quality_best: -inf, coverage_best: (p=0, n=0, P=0, N=0), p_value: 0
2026-04-14 12:40:17,193 - INFO - Regula po iteracji 0: IF  THEN class = {14.89} [11.49, 18.30], (p=767, n=388, P=767, N=388)
2026-04-14 12:40:17,193 - INFO - *****STOP GROWING RR RULE*****
2026-04-14 12:40:17,193 - INFO - ***RR NOT FOUND***
2026-04-14 12:40:17,194 - INFO - Iteracja 3: condition_best: None, quality_best: -inf, coverage_best: (p=0, n=0, P=0, N=0)
2026-04-14 12:40:17,194 - INFO - Regula po iteracji 3: IF Strength <= 26.00 AND Strength >= 25.75 AND Temperature >= 215.00 THEN class = {17.00} [15.09, 18.91], (p=4, n=2, P=379, N=776)
2026-04-14 12:40:17,194 - INFO - *******STOP GROWING CR RULE*******
2026-04-14 12:40:17,197 - INFO - *******GROWING CR RULE*******
2026-04-14 12:40:17,256 - INFO - Iteracja 0: condition_best: Strength <= 26.15, quality_best: 0.119, coverage_best: (p=211, n=146, P=583, N=572)
2026-04-14 12:40:17,256 - INFO - Regula po iteracji 0: IF Strength <= 26.15 THEN class = {16.50} [13.50, 19.50], (p=211, n=146, P=583, N=572)
2026-04-14 12:40:17,257 - INFO - *****GROWING RR RULE*****
2026-04-14 12:40:17,354 - INFO - Iteracja 0: condition_best: None, quality_best: -inf, coverage_best: (p=0, n=0, P=0, N=0), p_value: 0
2026-04-14 12:40:17,355 - INFO - Regula po iteracji 0: IF  THEN class = {14.89} [11.49, 18.30], (p=767, n=388, P=767, N=388)
2026-04-14 12:40:17,355 - INFO - *****STOP GROWING RR RULE*****
2026-04-14 12:40:17,355 - INFO - ***RR NOT FOUND***
2026-04-14 12:40:17,367 - INFO - Iteracja 1: condition_best: Temperature <= 235.00, quality_best: 0.155, coverage_best: (p=191, n=117, P=583, N=572)
2026-04-14 12:40:17,368 - INFO - Regula po iteracji 1: IF Strength <= 26.15 AND Temperature <= 235.00 THEN class = {16.11} [13.10, 19.12], (p=191, n=117, P=583, N=572)
2026-04-14 12:40:17,368 - INFO - *****GROWING RR RULE*****
2026-04-14 12:40:17,458 - INFO - Iteracja 0: condition_best: None, quality_best: -inf, coverage_best: (p=0, n=0, P=0, N=0), p_value: 0
2026-04-14 12:40:17,458 - INFO - Regula po iteracji 0: IF  THEN class = {14.89} [11.49, 18.30], (p=767, n=388, P=767, N=388)
2026-04-14 12:40:17,458 - INFO - *****STOP GROWING RR RULE*****
2026-04-14 12:40:17,458 - INFO - ***RR NOT FOUND***
2026-04-14 12:40:17,470 - INFO - Iteracja 2: condition_best: Strength >= 25.75, quality_best: 0.227, coverage_best: (p=8, n=3, P=585, N=570)
2026-04-14 12:40:17,470 - INFO - Regula po iteracji 2: IF Strength <= 26.15 AND Temperature <= 235.00 AND Strength >= 25.75 THEN class = {13.64} [11.10, 16.17], (p=8, n=3, P=585, N=570)
2026-04-14 12:40:17,470 - INFO - *****GROWING RR RULE*****
2026-04-14 12:40:17,559 - INFO - Iteracja 0: condition_best: Temperature <= 205.00, quality_best: 0.044, coverage_best: (p=76, n=34, P=767, N=388), p_value: 3
2026-04-14 12:40:17,559 - INFO - Regula po iteracji 0: IF Temperature <= 205.00 THEN class = {14.89} [11.49, 18.30], (p=76, n=34, P=767, N=388)
2026-04-14 12:40:17,575 - INFO - Iteracja 1: condition_best: None, quality_best: -inf, coverage_best: (p=0, n=0, P=0, N=0), p_value: 3
2026-04-14 12:40:17,575 - INFO - Regula po iteracji 1: IF Temperature <= 205.00 THEN class = {14.82} [11.50, 18.14], (p=76, n=34, P=767, N=388)
2026-04-14 12:40:17,576 - INFO - *****STOP GROWING RR RULE*****
2026-04-14 12:40:17,576 - INFO - ***RR FOUND***
2026-04-14 12:40:17,576 - INFO - Reference rule: IF Temperature <= 205.00 THEN class = {14.82} [11.50, 18.14]
2026-04-14 12:40:17,576 - INFO - ***CHECKING EXCEPTION***
2026-04-14 12:40:17,577 - INFO - *******STOP GROWING CR RULE*******
2026-04-14 12:40:17,581 - INFO - *******GROWING CR RULE*******
2026-04-14 12:40:17,638 - INFO - Iteracja 0: condition_best: Strength >= 35.85, quality_best: 0.118, coverage_best: (p=122, n=146, P=388, N=767)
2026-04-14 12:40:17,638 - INFO - Regula po iteracji 0: IF Strength >= 35.85 THEN class = {12.70} [10.09, 15.31], (p=122, n=146, P=388, N=767)
2026-04-14 12:40:17,639 - INFO - *****GROWING RR RULE*****
2026-04-14 12:40:17,732 - INFO - Iteracja 0: condition_best: None, quality_best: -inf, coverage_best: (p=0, n=0, P=0, N=0), p_value: 0
2026-04-14 12:40:17,732 - INFO - Regula po iteracji 0: IF  THEN class = {14.89} [11.49, 18.30], (p=767, n=388, P=767, N=388)
2026-04-14 12:40:17,732 - INFO - *****STOP GROWING RR RULE*****
2026-04-14 12:40:17,732 - INFO - ***RR NOT FOUND***
2026-04-14 12:40:17,742 - INFO - Iteracja 1: condition_best: Temperature <= 295.00, quality_best: 0.471, coverage_best: (p=164, n=24, P=593, N=562)
2026-04-14 12:40:17,742 - INFO - Regula po iteracji 1: IF Strength >= 35.85 AND Temperature <= 295.00 THEN class = {12.17} [9.90, 14.44], (p=164, n=24, P=593, N=562)
2026-04-14 12:40:17,743 - INFO - *****GROWING RR RULE*****
2026-04-14 12:40:17,832 - INFO - Iteracja 0: condition_best: None, quality_best: -inf, coverage_best: (p=0, n=0, P=0, N=0), p_value: 0
2026-04-14 12:40:17,832 - INFO - Regula po iteracji 0: IF  THEN class = {14.89} [11.49, 18.30], (p=767, n=388, P=767, N=388)
2026-04-14 12:40:17,833 - INFO - *****STOP GROWING RR RULE*****
2026-04-14 12:40:17,833 - INFO - ***RR NOT FOUND***
2026-04-14 12:40:17,841 - INFO - Iteracja 2: condition_best: Strength <= 46.60, quality_best: 0.469, coverage_best: (p=163, n=24, P=593, N=562)
2026-04-14 12:40:17,841 - INFO - Regula po iteracji 2: IF Strength >= 35.85 AND Temperature <= 295.00 AND Strength <= 46.60 THEN class = {12.18} [9.91, 14.45], (p=163, n=24, P=593, N=562)
2026-04-14 12:40:17,841 - INFO - *****GROWING RR RULE*****
2026-04-14 12:40:17,931 - INFO - Iteracja 0: condition_best: None, quality_best: -inf, coverage_best: (p=0, n=0, P=0, N=0), p_value: 0
2026-04-14 12:40:17,931 - INFO - Regula po iteracji 0: IF  THEN class = {14.89} [11.49, 18.30], (p=767, n=388, P=767, N=388)
2026-04-14 12:40:17,931 - INFO - *****STOP GROWING RR RULE*****
2026-04-14 12:40:17,931 - INFO - ***RR NOT FOUND***
2026-04-14 12:40:17,939 - INFO - Iteracja 3: condition_best: Strength <= 46.15, quality_best: 0.468, coverage_best: (p=162, n=24, P=593, N=562)
2026-04-14 12:40:17,939 - INFO - Regula po iteracji 3: IF Strength >= 35.85 AND Temperature <= 295.00 AND Strength <= 46.60 AND Strength <= 46.15 THEN class = {12.19} [9.92, 14.47], (p=162, n=24, P=593, N=562)
2026-04-14 12:40:17,940 - INFO - *****GROWING RR RULE*****
2026-04-14 12:40:18,029 - INFO - Iteracja 0: condition_best: None, quality_best: -inf, coverage_best: (p=0, n=0, P=0, N=0), p_value: 0
2026-04-14 12:40:18,029 - INFO - Regula po iteracji 0: IF  THEN class = {14.89} [11.49, 18.30], (p=767, n=388, P=767, N=388)
2026-04-14 12:40:18,030 - INFO - *****STOP GROWING RR RULE*****
2026-04-14 12:40:18,030 - INFO - ***RR NOT FOUND***
2026-04-14 12:40:18,038 - INFO - Iteracja 4: condition_best: Strength <= 45.40, quality_best: 0.466, coverage_best: (p=161, n=24, P=593, N=562)
2026-04-14 12:40:18,038 - INFO - Regula po iteracji 4: IF Strength >= 35.85 AND Temperature <= 295.00 AND Strength <= 46.60 AND Strength <= 46.15 AND Strength <= 45.40 THEN class = {12.21} [9.93, 14.48], (p=161, n=24, P=593, N=562)
2026-04-14 12:40:18,038 - INFO - *****GROWING RR RULE*****
2026-04-14 12:40:18,127 - INFO - Iteracja 0: condition_best: None, quality_best: -inf, coverage_best: (p=0, n=0, P=0, N=0), p_value: 0
2026-04-14 12:40:18,127 - INFO - Regula po iteracji 0: IF  THEN class = {14.89} [11.49, 18.30], (p=767, n=388, P=767, N=388)
2026-04-14 12:40:18,127 - INFO - *****STOP GROWING RR RULE*****
2026-04-14 12:40:18,127 - INFO - ***RR NOT FOUND***
2026-04-14 12:40:18,127 - INFO - *******STOP GROWING CR RULE*******
2026-04-14 12:40:18,131 - INFO - *******GROWING CR RULE*******
2026-04-14 12:40:18,189 - INFO - Iteracja 0: condition_best: Strength >= 35.60, quality_best: 0.116, coverage_best: (p=127, n=154, P=388, N=767)
2026-04-14 12:40:18,189 - INFO - Regula po iteracji 0: IF Strength >= 35.60 THEN class = {12.75} [10.12, 15.38], (p=127, n=154, P=388, N=767)
2026-04-14 12:40:18,189 - INFO - *****GROWING RR RULE*****
2026-04-14 12:40:18,284 - INFO - Iteracja 0: condition_best: None, quality_best: -inf, coverage_best: (p=0, n=0, P=0, N=0), p_value: 0
2026-04-14 12:40:18,285 - INFO - Regula po iteracji 0: IF  THEN class = {14.89} [11.49, 18.30], (p=767, n=388, P=767, N=388)
2026-04-14 12:40:18,285 - INFO - *****STOP GROWING RR RULE*****
2026-04-14 12:40:18,285 - INFO - ***RR NOT FOUND***
2026-04-14 12:40:18,296 - INFO - Iteracja 1: condition_best: Temperature <= 295.00, quality_best: 0.459, coverage_best: (p=172, n=28, P=593, N=562)
2026-04-14 12:40:18,296 - INFO - Regula po iteracji 1: IF Strength >= 35.60 AND Temperature <= 295.00 THEN class = {12.25} [9.94, 14.56], (p=172, n=28, P=593, N=562)
2026-04-14 12:40:18,296 - INFO - *****GROWING RR RULE*****
2026-04-14 12:40:18,386 - INFO - Iteracja 0: condition_best: None, quality_best: -inf, coverage_best: (p=0, n=0, P=0, N=0), p_value: 0
2026-04-14 12:40:18,386 - INFO - Regula po iteracji 0: IF  THEN class = {14.89} [11.49, 18.30], (p=767, n=388, P=767, N=388)
2026-04-14 12:40:18,386 - INFO - *****STOP GROWING RR RULE*****
2026-04-14 12:40:18,386 - INFO - ***RR NOT FOUND***
2026-04-14 12:40:18,395 - INFO - Iteracja 2: condition_best: Strength <= 46.60, quality_best: 0.458, coverage_best: (p=171, n=28, P=593, N=562)
2026-04-14 12:40:18,395 - INFO - Regula po iteracji 2: IF Strength >= 35.60 AND Temperature <= 295.00 AND Strength <= 46.60 THEN class = {12.26} [9.95, 14.58], (p=171, n=28, P=593, N=562)
2026-04-14 12:40:18,395 - INFO - *****GROWING RR RULE*****
2026-04-14 12:40:18,485 - INFO - Iteracja 0: condition_best: None, quality_best: -inf, coverage_best: (p=0, n=0, P=0, N=0), p_value: 0
2026-04-14 12:40:18,485 - INFO - Regula po iteracji 0: IF  THEN class = {14.89} [11.49, 18.30], (p=767, n=388, P=767, N=388)
2026-04-14 12:40:18,485 - INFO - *****STOP GROWING RR RULE*****
2026-04-14 12:40:18,485 - INFO - ***RR NOT FOUND***
2026-04-14 12:40:18,493 - INFO - Iteracja 3: condition_best: Strength <= 46.15, quality_best: 0.456, coverage_best: (p=170, n=28, P=593, N=562)
2026-04-14 12:40:18,493 - INFO - Regula po iteracji 3: IF Strength >= 35.60 AND Temperature <= 295.00 AND Strength <= 46.60 AND Strength <= 46.15 THEN class = {12.27} [9.96, 14.59], (p=170, n=28, P=593, N=562)
2026-04-14 12:40:18,494 - INFO - *****GROWING RR RULE*****
2026-04-14 12:40:18,585 - INFO - Iteracja 0: condition_best: None, quality_best: -inf, coverage_best: (p=0, n=0, P=0, N=0), p_value: 0
2026-04-14 12:40:18,586 - INFO - Regula po iteracji 0: IF  THEN class = {14.89} [11.49, 18.30], (p=767, n=388, P=767, N=388)
2026-04-14 12:40:18,586 - INFO - *****STOP GROWING RR RULE*****
2026-04-14 12:40:18,586 - INFO - ***RR NOT FOUND***
2026-04-14 12:40:18,594 - INFO - Iteracja 4: condition_best: Temperature <= 275.00, quality_best: 0.456, coverage_best: (p=61, n=10, P=389, N=766)
2026-04-14 12:40:18,594 - INFO - Regula po iteracji 4: IF Strength >= 35.60 AND Temperature <= 295.00 AND Strength <= 46.60 AND Strength <= 46.15 AND Temperature <= 275.00 THEN class = {11.18} [9.59, 12.78], (p=61, n=10, P=389, N=766)
2026-04-14 12:40:18,595 - INFO - *****GROWING RR RULE*****
2026-04-14 12:40:18,685 - INFO - Iteracja 0: condition_best: None, quality_best: -inf, coverage_best: (p=0, n=0, P=0, N=0), p_value: 0
2026-04-14 12:40:18,685 - INFO - Regula po iteracji 0: IF  THEN class = {14.89} [11.49, 18.30], (p=767, n=388, P=767, N=388)
2026-04-14 12:40:18,685 - INFO - *****STOP GROWING RR RULE*****
2026-04-14 12:40:18,685 - INFO - ***RR NOT FOUND***
2026-04-14 12:40:18,685 - INFO - *******STOP GROWING CR RULE*******
2026-04-14 12:40:18,689 - INFO - *******GROWING CR RULE*******
2026-04-14 12:40:18,747 - INFO - Iteracja 0: condition_best: Strength >= 35.60, quality_best: 0.116, coverage_best: (p=127, n=154, P=388, N=767)
2026-04-14 12:40:18,747 - INFO - Regula po iteracji 0: IF Strength >= 35.60 THEN class = {12.75} [10.12, 15.38], (p=127, n=154, P=388, N=767)
2026-04-14 12:40:18,747 - INFO - *****GROWING RR RULE*****
2026-04-14 12:40:18,842 - INFO - Iteracja 0: condition_best: None, quality_best: -inf, coverage_best: (p=0, n=0, P=0, N=0), p_value: 0
2026-04-14 12:40:18,842 - INFO - Regula po iteracji 0: IF  THEN class = {14.89} [11.49, 18.30], (p=767, n=388, P=767, N=388)
2026-04-14 12:40:18,842 - INFO - *****STOP GROWING RR RULE*****
2026-04-14 12:40:18,842 - INFO - ***RR NOT FOUND***
2026-04-14 12:40:18,853 - INFO - Iteracja 1: condition_best: Temperature <= 295.00, quality_best: 0.459, coverage_best: (p=172, n=28, P=593, N=562)
2026-04-14 12:40:18,853 - INFO - Regula po iteracji 1: IF Strength >= 35.60 AND Temperature <= 295.00 THEN class = {12.25} [9.94, 14.56], (p=172, n=28, P=593, N=562)
2026-04-14 12:40:18,854 - INFO - *****GROWING RR RULE*****
2026-04-14 12:40:18,943 - INFO - Iteracja 0: condition_best: None, quality_best: -inf, coverage_best: (p=0, n=0, P=0, N=0), p_value: 0
2026-04-14 12:40:18,944 - INFO - Regula po iteracji 0: IF  THEN class = {14.89} [11.49, 18.30], (p=767, n=388, P=767, N=388)
2026-04-14 12:40:18,944 - INFO - *****STOP GROWING RR RULE*****
2026-04-14 12:40:18,944 - INFO - ***RR NOT FOUND***
2026-04-14 12:40:18,952 - INFO - Iteracja 2: condition_best: Strength <= 46.60, quality_best: 0.458, coverage_best: (p=171, n=28, P=593, N=562)
2026-04-14 12:40:18,952 - INFO - Regula po iteracji 2: IF Strength >= 35.60 AND Temperature <= 295.00 AND Strength <= 46.60 THEN class = {12.26} [9.95, 14.58], (p=171, n=28, P=593, N=562)
2026-04-14 12:40:18,952 - INFO - *****GROWING RR RULE*****
2026-04-14 12:40:19,042 - INFO - Iteracja 0: condition_best: None, quality_best: -inf, coverage_best: (p=0, n=0, P=0, N=0), p_value: 0
2026-04-14 12:40:19,043 - INFO - Regula po iteracji 0: IF  THEN class = {14.89} [11.49, 18.30], (p=767, n=388, P=767, N=388)
2026-04-14 12:40:19,043 - INFO - *****STOP GROWING RR RULE*****
2026-04-14 12:40:19,043 - INFO - ***RR NOT FOUND***
2026-04-14 12:40:19,051 - INFO - Iteracja 3: condition_best: Strength <= 46.15, quality_best: 0.456, coverage_best: (p=170, n=28, P=593, N=562)
2026-04-14 12:40:19,051 - INFO - Regula po iteracji 3: IF Strength >= 35.60 AND Temperature <= 295.00 AND Strength <= 46.60 AND Strength <= 46.15 THEN class = {12.27} [9.96, 14.59], (p=170, n=28, P=593, N=562)
2026-04-14 12:40:19,051 - INFO - *****GROWING RR RULE*****
2026-04-14 12:40:19,142 - INFO - Iteracja 0: condition_best: None, quality_best: -inf, coverage_best: (p=0, n=0, P=0, N=0), p_value: 0
2026-04-14 12:40:19,142 - INFO - Regula po iteracji 0: IF  THEN class = {14.89} [11.49, 18.30], (p=767, n=388, P=767, N=388)
2026-04-14 12:40:19,142 - INFO - *****STOP GROWING RR RULE*****
2026-04-14 12:40:19,142 - INFO - ***RR NOT FOUND***
2026-04-14 12:40:19,151 - INFO - Iteracja 4: condition_best: Strength <= 45.40, quality_best: 0.455, coverage_best: (p=169, n=28, P=593, N=562)
2026-04-14 12:40:19,151 - INFO - Regula po iteracji 4: IF Strength >= 35.60 AND Temperature <= 295.00 AND Strength <= 46.60 AND Strength <= 46.15 AND Strength <= 45.40 THEN class = {12.28} [9.97, 14.60], (p=169, n=28, P=593, N=562)
2026-04-14 12:40:19,151 - INFO - *****GROWING RR RULE*****
2026-04-14 12:40:19,241 - INFO - Iteracja 0: condition_best: None, quality_best: -inf, coverage_best: (p=0, n=0, P=0, N=0), p_value: 0
2026-04-14 12:40:19,242 - INFO - Regula po iteracji 0: IF  THEN class = {14.89} [11.49, 18.30], (p=767, n=388, P=767, N=388)
2026-04-14 12:40:19,242 - INFO - *****STOP GROWING RR RULE*****
2026-04-14 12:40:19,242 - INFO - ***RR NOT FOUND***
2026-04-14 12:40:19,242 - INFO - *******STOP GROWING CR RULE*******
2026-04-14 12:40:19,246 - INFO - *******GROWING CR RULE*******
2026-04-14 12:40:19,303 - INFO - Iteracja 0: condition_best: Strength >= 35.10, quality_best: 0.114, coverage_best: (p=134, n=165, P=388, N=767)
2026-04-14 12:40:19,303 - INFO - Regula po iteracji 0: IF Strength >= 35.10 THEN class = {12.84} [10.15, 15.53], (p=134, n=165, P=388, N=767)
2026-04-14 12:40:19,303 - INFO - *****GROWING RR RULE*****
2026-04-14 12:40:19,398 - INFO - Iteracja 0: condition_best: None, quality_best: -inf, coverage_best: (p=0, n=0, P=0, N=0), p_value: 0
2026-04-14 12:40:19,398 - INFO - Regula po iteracji 0: IF  THEN class = {14.89} [11.49, 18.30], (p=767, n=388, P=767, N=388)
2026-04-14 12:40:19,398 - INFO - *****STOP GROWING RR RULE*****
2026-04-14 12:40:19,398 - INFO - ***RR NOT FOUND***
2026-04-14 12:40:19,410 - INFO - Iteracja 1: condition_best: Temperature <= 265.00, quality_best: 0.483, coverage_best: (p=36, n=3, P=389, N=766)
2026-04-14 12:40:19,410 - INFO - Regula po iteracji 1: IF Strength >= 35.10 AND Temperature <= 265.00 THEN class = {10.77} [9.52, 12.02], (p=36, n=3, P=389, N=766)
2026-04-14 12:40:19,410 - INFO - *****GROWING RR RULE*****
2026-04-14 12:40:19,498 - INFO - Iteracja 0: condition_best: None, quality_best: -inf, coverage_best: (p=0, n=0, P=0, N=0), p_value: 0
2026-04-14 12:40:19,498 - INFO - Regula po iteracji 0: IF  THEN class = {14.89} [11.49, 18.30], (p=767, n=388, P=767, N=388)
2026-04-14 12:40:19,498 - INFO - *****STOP GROWING RR RULE*****
2026-04-14 12:40:19,498 - INFO - ***RR NOT FOUND***
2026-04-14 12:40:19,501 - INFO - Iteracja 2: condition_best: Strength <= 40.25, quality_best: 0.48, coverage_best: (p=35, n=3, P=389, N=766)
2026-04-14 12:40:19,501 - INFO - Regula po iteracji 2: IF Strength >= 35.10 AND Temperature <= 265.00 AND Strength <= 40.25 THEN class = {10.79} [9.53, 12.05], (p=35, n=3, P=389, N=766)
2026-04-14 12:40:19,501 - INFO - *****GROWING RR RULE*****
2026-04-14 12:40:19,589 - INFO - Iteracja 0: condition_best: None, quality_best: -inf, coverage_best: (p=0, n=0, P=0, N=0), p_value: 0
2026-04-14 12:40:19,589 - INFO - Regula po iteracji 0: IF  THEN class = {14.89} [11.49, 18.30], (p=767, n=388, P=767, N=388)
2026-04-14 12:40:19,590 - INFO - *****STOP GROWING RR RULE*****
2026-04-14 12:40:19,590 - INFO - ***RR NOT FOUND***
2026-04-14 12:40:19,592 - INFO - Iteracja 3: condition_best: Strength <= 39.40, quality_best: 0.477, coverage_best: (p=34, n=3, P=389, N=766)
2026-04-14 12:40:19,592 - INFO - Regula po iteracji 3: IF Strength >= 35.10 AND Temperature <= 265.00 AND Strength <= 40.25 AND Strength <= 39.40 THEN class = {10.81} [9.54, 12.08], (p=34, n=3, P=389, N=766)
2026-04-14 12:40:19,593 - INFO - *****GROWING RR RULE*****
2026-04-14 12:40:19,680 - INFO - Iteracja 0: condition_best: None, quality_best: -inf, coverage_best: (p=0, n=0, P=0, N=0), p_value: 0
2026-04-14 12:40:19,680 - INFO - Regula po iteracji 0: IF  THEN class = {14.89} [11.49, 18.30], (p=767, n=388, P=767, N=388)
2026-04-14 12:40:19,680 - INFO - *****STOP GROWING RR RULE*****
2026-04-14 12:40:19,680 - INFO - ***RR NOT FOUND***
2026-04-14 12:40:19,682 - INFO - Iteracja 4: condition_best: Strength <= 38.85, quality_best: 0.474, coverage_best: (p=33, n=3, P=389, N=766)
2026-04-14 12:40:19,683 - INFO - Regula po iteracji 4: IF Strength >= 35.10 AND Temperature <= 265.00 AND Strength <= 40.25 AND Strength <= 39.40 AND Strength <= 38.85 THEN class = {10.83} [9.55, 12.11], (p=33, n=3, P=389, N=766)
2026-04-14 12:40:19,683 - INFO - *****GROWING RR RULE*****
2026-04-14 12:40:19,770 - INFO - Iteracja 0: condition_best: None, quality_best: -inf, coverage_best: (p=0, n=0, P=0, N=0), p_value: 0
2026-04-14 12:40:19,770 - INFO - Regula po iteracji 0: IF  THEN class = {14.89} [11.49, 18.30], (p=767, n=388, P=767, N=388)
2026-04-14 12:40:19,771 - INFO - *****STOP GROWING RR RULE*****
2026-04-14 12:40:19,771 - INFO - ***RR NOT FOUND***
2026-04-14 12:40:19,771 - INFO - *******STOP GROWING CR RULE*******
2026-04-14 12:40:19,774 - INFO - *******GROWING CR RULE*******
2026-04-14 12:40:19,832 - INFO - Iteracja 0: condition_best: Strength >= 35.10, quality_best: 0.114, coverage_best: (p=134, n=165, P=388, N=767)
2026-04-14 12:40:19,832 - INFO - Regula po iteracji 0: IF Strength >= 35.10 THEN class = {12.84} [10.15, 15.53], (p=134, n=165, P=388, N=767)
2026-04-14 12:40:19,833 - INFO - *****GROWING RR RULE*****
2026-04-14 12:40:19,927 - INFO - Iteracja 0: condition_best: None, quality_best: -inf, coverage_best: (p=0, n=0, P=0, N=0), p_value: 0
2026-04-14 12:40:19,927 - INFO - Regula po iteracji 0: IF  THEN class = {14.89} [11.49, 18.30], (p=767, n=388, P=767, N=388)
2026-04-14 12:40:19,927 - INFO - *****STOP GROWING RR RULE*****
2026-04-14 12:40:19,927 - INFO - ***RR NOT FOUND***
2026-04-14 12:40:19,938 - INFO - Iteracja 1: condition_best: Temperature <= 295.00, quality_best: 0.454, coverage_best: (p=183, n=32, P=593, N=562)
2026-04-14 12:40:19,938 - INFO - Regula po iteracji 1: IF Strength >= 35.10 AND Temperature <= 295.00 THEN class = {12.32} [9.96, 14.67], (p=183, n=32, P=593, N=562)
2026-04-14 12:40:19,939 - INFO - *****GROWING RR RULE*****
2026-04-14 12:40:20,029 - INFO - Iteracja 0: condition_best: None, quality_best: -inf, coverage_best: (p=0, n=0, P=0, N=0), p_value: 0
2026-04-14 12:40:20,029 - INFO - Regula po iteracji 0: IF  THEN class = {14.89} [11.49, 18.30], (p=767, n=388, P=767, N=388)
2026-04-14 12:40:20,029 - INFO - *****STOP GROWING RR RULE*****
2026-04-14 12:40:20,029 - INFO - ***RR NOT FOUND***
2026-04-14 12:40:20,038 - INFO - Iteracja 2: condition_best: Strength <= 46.60, quality_best: 0.453, coverage_best: (p=182, n=32, P=593, N=562)
2026-04-14 12:40:20,038 - INFO - Regula po iteracji 2: IF Strength >= 35.10 AND Temperature <= 295.00 AND Strength <= 46.60 THEN class = {12.33} [9.97, 14.68], (p=182, n=32, P=593, N=562)
2026-04-14 12:40:20,038 - INFO - *****GROWING RR RULE*****
2026-04-14 12:40:20,129 - INFO - Iteracja 0: condition_best: None, quality_best: -inf, coverage_best: (p=0, n=0, P=0, N=0), p_value: 0
2026-04-14 12:40:20,129 - INFO - Regula po iteracji 0: IF  THEN class = {14.89} [11.49, 18.30], (p=767, n=388, P=767, N=388)
2026-04-14 12:40:20,129 - INFO - *****STOP GROWING RR RULE*****
2026-04-14 12:40:20,129 - INFO - ***RR NOT FOUND***
2026-04-14 12:40:20,138 - INFO - Iteracja 3: condition_best: Strength <= 46.15, quality_best: 0.451, coverage_best: (p=181, n=32, P=593, N=562)
2026-04-14 12:40:20,138 - INFO - Regula po iteracji 3: IF Strength >= 35.10 AND Temperature <= 295.00 AND Strength <= 46.60 AND Strength <= 46.15 THEN class = {12.34} [9.98, 14.70], (p=181, n=32, P=593, N=562)
2026-04-14 12:40:20,138 - INFO - *****GROWING RR RULE*****
2026-04-14 12:40:20,228 - INFO - Iteracja 0: condition_best: None, quality_best: -inf, coverage_best: (p=0, n=0, P=0, N=0), p_value: 0
2026-04-14 12:40:20,228 - INFO - Regula po iteracji 0: IF  THEN class = {14.89} [11.49, 18.30], (p=767, n=388, P=767, N=388)
2026-04-14 12:40:20,228 - INFO - *****STOP GROWING RR RULE*****
2026-04-14 12:40:20,228 - INFO - ***RR NOT FOUND***
2026-04-14 12:40:20,237 - INFO - Iteracja 4: condition_best: Strength <= 45.40, quality_best: 0.45, coverage_best: (p=180, n=32, P=593, N=562)
2026-04-14 12:40:20,237 - INFO - Regula po iteracji 4: IF Strength >= 35.10 AND Temperature <= 295.00 AND Strength <= 46.60 AND Strength <= 46.15 AND Strength <= 45.40 THEN class = {12.35} [9.99, 14.71], (p=180, n=32, P=593, N=562)
2026-04-14 12:40:20,238 - INFO - *****GROWING RR RULE*****
2026-04-14 12:40:20,328 - INFO - Iteracja 0: condition_best: None, quality_best: -inf, coverage_best: (p=0, n=0, P=0, N=0), p_value: 0
2026-04-14 12:40:20,328 - INFO - Regula po iteracji 0: IF  THEN class = {14.89} [11.49, 18.30], (p=767, n=388, P=767, N=388)
2026-04-14 12:40:20,328 - INFO - *****STOP GROWING RR RULE*****
2026-04-14 12:40:20,328 - INFO - ***RR NOT FOUND***
2026-04-14 12:40:20,328 - INFO - *******STOP GROWING CR RULE*******
2026-04-14 12:40:20,332 - INFO - *******GROWING CR RULE*******
2026-04-14 12:40:20,390 - INFO - Iteracja 0: condition_best: Strength >= 35.10, quality_best: 0.114, coverage_best: (p=134, n=165, P=388, N=767)
2026-04-14 12:40:20,390 - INFO - Regula po iteracji 0: IF Strength >= 35.10 THEN class = {12.84} [10.15, 15.53], (p=134, n=165, P=388, N=767)
2026-04-14 12:40:20,391 - INFO - *****GROWING RR RULE*****
2026-04-14 12:40:20,485 - INFO - Iteracja 0: condition_best: None, quality_best: -inf, coverage_best: (p=0, n=0, P=0, N=0), p_value: 0
2026-04-14 12:40:20,485 - INFO - Regula po iteracji 0: IF  THEN class = {14.89} [11.49, 18.30], (p=767, n=388, P=767, N=388)
2026-04-14 12:40:20,485 - INFO - *****STOP GROWING RR RULE*****
2026-04-14 12:40:20,485 - INFO - ***RR NOT FOUND***
2026-04-14 12:40:20,496 - INFO - Iteracja 1: condition_best: Strength <= 40.25, quality_best: 0.178, coverage_best: (p=130, n=70, P=585, N=570)
2026-04-14 12:40:20,496 - INFO - Regula po iteracji 1: IF Strength >= 35.10 AND Strength <= 40.25 THEN class = {13.50} [10.72, 16.28], (p=130, n=70, P=585, N=570)
2026-04-14 12:40:20,497 - INFO - *****GROWING RR RULE*****
2026-04-14 12:40:20,592 - INFO - Iteracja 0: condition_best: None, quality_best: -inf, coverage_best: (p=0, n=0, P=0, N=0), p_value: 0
2026-04-14 12:40:20,592 - INFO - Regula po iteracji 0: IF  THEN class = {14.89} [11.49, 18.30], (p=767, n=388, P=767, N=388)
2026-04-14 12:40:20,592 - INFO - *****STOP GROWING RR RULE*****
2026-04-14 12:40:20,592 - INFO - ***RR NOT FOUND***
2026-04-14 12:40:20,597 - INFO - Iteracja 2: condition_best: Temperature >= 265.00, quality_best: 0.27, coverage_best: (p=118, n=44, P=585, N=570)
2026-04-14 12:40:20,598 - INFO - Regula po iteracji 2: IF Strength >= 35.10 AND Strength <= 40.25 AND Temperature >= 265.00 THEN class = {14.14} [11.49, 16.79], (p=118, n=44, P=585, N=570)
2026-04-14 12:40:20,598 - INFO - *****GROWING RR RULE*****
2026-04-14 12:40:20,688 - INFO - Iteracja 0: condition_best: None, quality_best: -inf, coverage_best: (p=0, n=0, P=0, N=0), p_value: 0
2026-04-14 12:40:20,688 - INFO - Regula po iteracji 0: IF  THEN class = {14.89} [11.49, 18.30], (p=767, n=388, P=767, N=388)
2026-04-14 12:40:20,688 - INFO - *****STOP GROWING RR RULE*****
2026-04-14 12:40:20,688 - INFO - ***RR NOT FOUND***
2026-04-14 12:40:20,693 - INFO - Iteracja 3: condition_best: Strength <= 39.85, quality_best: 0.277, coverage_best: (p=107, n=38, P=585, N=570)
2026-04-14 12:40:20,693 - INFO - Regula po iteracji 3: IF Strength >= 35.10 AND Strength <= 40.25 AND Temperature >= 265.00 AND Strength <= 39.85 THEN class = {14.34} [11.72, 16.97], (p=107, n=38, P=585, N=570)
2026-04-14 12:40:20,693 - INFO - *****GROWING RR RULE*****
2026-04-14 12:40:20,783 - INFO - Iteracja 0: condition_best: None, quality_best: -inf, coverage_best: (p=0, n=0, P=0, N=0), p_value: 0
2026-04-14 12:40:20,783 - INFO - Regula po iteracji 0: IF  THEN class = {14.89} [11.49, 18.30], (p=767, n=388, P=767, N=388)
2026-04-14 12:40:20,783 - INFO - *****STOP GROWING RR RULE*****
2026-04-14 12:40:20,783 - INFO - ***RR NOT FOUND***
2026-04-14 12:40:20,788 - INFO - Iteracja 4: condition_best: Temperature >= 285.00, quality_best: 0.337, coverage_best: (p=59, n=14, P=583, N=572)
2026-04-14 12:40:20,788 - INFO - Regula po iteracji 4: IF Strength >= 35.10 AND Strength <= 40.25 AND Temperature >= 265.00 AND Strength <= 39.85 AND Temperature >= 285.00 THEN class = {15.95} [13.75, 18.14], (p=59, n=14, P=583, N=572)
2026-04-14 12:40:20,788 - INFO - *****GROWING RR RULE*****
2026-04-14 12:40:20,876 - INFO - Iteracja 0: condition_best: None, quality_best: -inf, coverage_best: (p=0, n=0, P=0, N=0), p_value: 0
2026-04-14 12:40:20,876 - INFO - Regula po iteracji 0: IF  THEN class = {14.89} [11.49, 18.30], (p=767, n=388, P=767, N=388)
2026-04-14 12:40:20,876 - INFO - *****STOP GROWING RR RULE*****
2026-04-14 12:40:20,876 - INFO - ***RR NOT FOUND***
2026-04-14 12:40:20,876 - INFO - *******STOP GROWING CR RULE*******
2026-04-14 12:40:20,880 - INFO - *******GROWING CR RULE*******
2026-04-14 12:40:20,937 - INFO - Iteracja 0: condition_best: Strength <= 26.35, quality_best: 0.112, coverage_best: (p=219, n=155, P=583, N=572)
2026-04-14 12:40:20,937 - INFO - Regula po iteracji 0: IF Strength <= 26.35 THEN class = {16.40} [13.34, 19.45], (p=219, n=155, P=583, N=572)
2026-04-14 12:40:20,938 - INFO - *****GROWING RR RULE*****
2026-04-14 12:40:21,034 - INFO - Iteracja 0: condition_best: None, quality_best: -inf, coverage_best: (p=0, n=0, P=0, N=0), p_value: 0
2026-04-14 12:40:21,034 - INFO - Regula po iteracji 0: IF  THEN class = {14.89} [11.49, 18.30], (p=767, n=388, P=767, N=388)
2026-04-14 12:40:21,035 - INFO - *****STOP GROWING RR RULE*****
2026-04-14 12:40:21,035 - INFO - ***RR NOT FOUND***
2026-04-14 12:40:21,048 - INFO - Iteracja 1: condition_best: Temperature >= 235.00, quality_best: 0.432, coverage_best: (p=47, n=9, P=365, N=790)
2026-04-14 12:40:21,048 - INFO - Regula po iteracji 1: IF Strength <= 26.35 AND Temperature >= 235.00 THEN class = {18.79} [17.29, 20.28], (p=47, n=9, P=365, N=790)
2026-04-14 12:40:21,048 - INFO - *****GROWING RR RULE*****
2026-04-14 12:40:21,135 - INFO - Iteracja 0: condition_best: None, quality_best: -inf, coverage_best: (p=0, n=0, P=0, N=0), p_value: 0
2026-04-14 12:40:21,136 - INFO - Regula po iteracji 0: IF  THEN class = {14.89} [11.49, 18.30], (p=767, n=388, P=767, N=388)
2026-04-14 12:40:21,136 - INFO - *****STOP GROWING RR RULE*****
2026-04-14 12:40:21,136 - INFO - ***RR NOT FOUND***
2026-04-14 12:40:21,139 - INFO - Iteracja 2: condition_best: Strength <= 26.25, quality_best: 0.444, coverage_best: (p=47, n=8, P=365, N=790)
2026-04-14 12:40:21,139 - INFO - Regula po iteracji 2: IF Strength <= 26.35 AND Temperature >= 235.00 AND Strength <= 26.25 THEN class = {18.84} [17.37, 20.30], (p=47, n=8, P=365, N=790)
2026-04-14 12:40:21,139 - INFO - *****GROWING RR RULE*****
2026-04-14 12:40:21,227 - INFO - Iteracja 0: condition_best: None, quality_best: -inf, coverage_best: (p=0, n=0, P=0, N=0), p_value: 0
2026-04-14 12:40:21,228 - INFO - Regula po iteracji 0: IF  THEN class = {14.89} [11.49, 18.30], (p=767, n=388, P=767, N=388)
2026-04-14 12:40:21,228 - INFO - *****STOP GROWING RR RULE*****
2026-04-14 12:40:21,228 - INFO - ***RR NOT FOUND***
2026-04-14 12:40:21,231 - INFO - Iteracja 3: condition_best: Strength >= 20.55, quality_best: 0.441, coverage_best: (p=46, n=8, P=365, N=790)
2026-04-14 12:40:21,231 - INFO - Regula po iteracji 3: IF Strength <= 26.35 AND Temperature >= 235.00 AND Strength <= 26.25 AND Strength >= 20.55 THEN class = {18.81} [17.35, 20.28], (p=46, n=8, P=365, N=790)
2026-04-14 12:40:21,231 - INFO - *****GROWING RR RULE*****
2026-04-14 12:40:21,318 - INFO - Iteracja 0: condition_best: None, quality_best: -inf, coverage_best: (p=0, n=0, P=0, N=0), p_value: 0
2026-04-14 12:40:21,319 - INFO - Regula po iteracji 0: IF  THEN class = {14.89} [11.49, 18.30], (p=767, n=388, P=767, N=388)
2026-04-14 12:40:21,319 - INFO - *****STOP GROWING RR RULE*****
2026-04-14 12:40:21,319 - INFO - ***RR NOT FOUND***
2026-04-14 12:40:21,322 - INFO - Iteracja 4: condition_best: Strength >= 20.95, quality_best: 0.438, coverage_best: (p=45, n=8, P=365, N=790)
2026-04-14 12:40:21,322 - INFO - Regula po iteracji 4: IF Strength <= 26.35 AND Temperature >= 235.00 AND Strength <= 26.25 AND Strength >= 20.55 AND Strength >= 20.95 THEN class = {18.79} [17.32, 20.26], (p=45, n=8, P=365, N=790)
2026-04-14 12:40:21,322 - INFO - *****GROWING RR RULE*****
2026-04-14 12:40:21,410 - INFO - Iteracja 0: condition_best: None, quality_best: -inf, coverage_best: (p=0, n=0, P=0, N=0), p_value: 0
2026-04-14 12:40:21,410 - INFO - Regula po iteracji 0: IF  THEN class = {14.89} [11.49, 18.30], (p=767, n=388, P=767, N=388)
2026-04-14 12:40:21,410 - INFO - *****STOP GROWING RR RULE*****
2026-04-14 12:40:21,410 - INFO - ***RR NOT FOUND***
2026-04-14 12:40:21,410 - INFO - *******STOP GROWING CR RULE*******
2026-04-14 12:40:21,413 - INFO - *******GROWING CR RULE*******
2026-04-14 12:40:21,470 - INFO - Iteracja 0: condition_best: Strength <= 26.35, quality_best: 0.112, coverage_best: (p=219, n=155, P=583, N=572)
2026-04-14 12:40:21,470 - INFO - Regula po iteracji 0: IF Strength <= 26.35 THEN class = {16.40} [13.34, 19.45], (p=219, n=155, P=583, N=572)
2026-04-14 12:40:21,471 - INFO - *****GROWING RR RULE*****
2026-04-14 12:40:21,568 - INFO - Iteracja 0: condition_best: None, quality_best: -inf, coverage_best: (p=0, n=0, P=0, N=0), p_value: 0
2026-04-14 12:40:21,568 - INFO - Regula po iteracji 0: IF  THEN class = {14.89} [11.49, 18.30], (p=767, n=388, P=767, N=388)
2026-04-14 12:40:21,568 - INFO - *****STOP GROWING RR RULE*****
2026-04-14 12:40:21,568 - INFO - ***RR NOT FOUND***
2026-04-14 12:40:21,581 - INFO - Iteracja 1: condition_best: Temperature >= 215.00, quality_best: 0.145, coverage_best: (p=88, n=93, P=379, N=776)
2026-04-14 12:40:21,581 - INFO - Regula po iteracji 1: IF Strength <= 26.35 AND Temperature >= 215.00 THEN class = {17.49} [15.15, 19.83], (p=88, n=93, P=379, N=776)
2026-04-14 12:40:21,581 - INFO - *****GROWING RR RULE*****
2026-04-14 12:40:21,671 - INFO - Iteracja 0: condition_best: None, quality_best: -inf, coverage_best: (p=0, n=0, P=0, N=0), p_value: 0
2026-04-14 12:40:21,671 - INFO - Regula po iteracji 0: IF  THEN class = {14.89} [11.49, 18.30], (p=767, n=388, P=767, N=388)
2026-04-14 12:40:21,671 - INFO - *****STOP GROWING RR RULE*****
2026-04-14 12:40:21,671 - INFO - ***RR NOT FOUND***
2026-04-14 12:40:21,678 - INFO - Iteracja 2: condition_best: Strength >= 24.85, quality_best: 0.248, coverage_best: (p=31, n=11, P=583, N=572)
2026-04-14 12:40:21,678 - INFO - Regula po iteracji 2: IF Strength <= 26.35 AND Temperature >= 215.00 AND Strength >= 24.85 THEN class = {16.00} [13.57, 18.43], (p=31, n=11, P=583, N=572)
2026-04-14 12:40:21,679 - INFO - *****GROWING RR RULE*****
2026-04-14 12:40:21,769 - INFO - Iteracja 0: condition_best: Temperature >= 245.00, quality_best: -0.006, coverage_best: (p=418, n=214, P=767, N=388), p_value: 8
2026-04-14 12:40:21,769 - INFO - Regula po iteracji 0: IF Temperature >= 245.00 THEN class = {14.89} [11.49, 18.30], (p=418, n=214, P=767, N=388)
2026-04-14 12:40:21,818 - INFO - Iteracja 1: condition_best: None, quality_best: -inf, coverage_best: (p=0, n=0, P=0, N=0), p_value: 8
2026-04-14 12:40:21,818 - INFO - Regula po iteracji 1: IF Temperature >= 245.00 THEN class = {14.89} [11.49, 18.29], (p=418, n=214, P=767, N=388)
2026-04-14 12:40:21,818 - INFO - *****STOP GROWING RR RULE*****
2026-04-14 12:40:21,818 - INFO - ***RR FOUND***
2026-04-14 12:40:21,818 - INFO - Reference rule: IF Temperature >= 245.00 THEN class = {14.89} [11.49, 18.29]
2026-04-14 12:40:21,818 - INFO - ***CHECKING EXCEPTION***
2026-04-14 12:40:21,820 - INFO - *******STOP GROWING CR RULE*******
2026-04-14 12:40:21,823 - INFO - *******GROWING CR RULE*******
2026-04-14 12:40:21,881 - INFO - Iteracja 0: condition_best: Strength <= 26.35, quality_best: 0.112, coverage_best: (p=219, n=155, P=583, N=572)
2026-04-14 12:40:21,881 - INFO - Regula po iteracji 0: IF Strength <= 26.35 THEN class = {16.40} [13.34, 19.45], (p=219, n=155, P=583, N=572)
2026-04-14 12:40:21,881 - INFO - *****GROWING RR RULE*****
2026-04-14 12:40:21,978 - INFO - Iteracja 0: condition_best: None, quality_best: -inf, coverage_best: (p=0, n=0, P=0, N=0), p_value: 0
2026-04-14 12:40:21,978 - INFO - Regula po iteracji 0: IF  THEN class = {14.89} [11.49, 18.30], (p=767, n=388, P=767, N=388)
2026-04-14 12:40:21,979 - INFO - *****STOP GROWING RR RULE*****
2026-04-14 12:40:21,979 - INFO - ***RR NOT FOUND***
2026-04-14 12:40:21,992 - INFO - Iteracja 1: condition_best: Strength >= 16.65, quality_best: 0.145, coverage_best: (p=207, n=132, P=583, N=572)
2026-04-14 12:40:21,992 - INFO - Regula po iteracji 1: IF Strength <= 26.35 AND Strength >= 16.65 THEN class = {16.10} [13.06, 19.14], (p=207, n=132, P=583, N=572)
2026-04-14 12:40:21,992 - INFO - *****GROWING RR RULE*****
2026-04-14 12:40:22,088 - INFO - Iteracja 0: condition_best: None, quality_best: -inf, coverage_best: (p=0, n=0, P=0, N=0), p_value: 0
2026-04-14 12:40:22,088 - INFO - Regula po iteracji 0: IF  THEN class = {14.89} [11.49, 18.30], (p=767, n=388, P=767, N=388)
2026-04-14 12:40:22,088 - INFO - *****STOP GROWING RR RULE*****
2026-04-14 12:40:22,088 - INFO - ***RR NOT FOUND***
2026-04-14 12:40:22,098 - INFO - Iteracja 2: condition_best: Temperature <= 235.00, quality_best: 0.183, coverage_best: (p=182, n=101, P=583, N=572)
2026-04-14 12:40:22,099 - INFO - Regula po iteracji 2: IF Strength <= 26.35 AND Strength >= 16.65 AND Temperature <= 235.00 THEN class = {15.57} [12.58, 18.56], (p=182, n=101, P=583, N=572)
2026-04-14 12:40:22,099 - INFO - *****GROWING RR RULE*****
2026-04-14 12:40:22,190 - INFO - Iteracja 0: condition_best: None, quality_best: -inf, coverage_best: (p=0, n=0, P=0, N=0), p_value: 0
2026-04-14 12:40:22,190 - INFO - Regula po iteracji 0: IF  THEN class = {14.89} [11.49, 18.30], (p=767, n=388, P=767, N=388)
2026-04-14 12:40:22,190 - INFO - *****STOP GROWING RR RULE*****
2026-04-14 12:40:22,190 - INFO - ***RR NOT FOUND***
2026-04-14 12:40:22,200 - INFO - Iteracja 3: condition_best: Strength >= 17.40, quality_best: 0.184, coverage_best: (p=173, n=95, P=583, N=572)
2026-04-14 12:40:22,200 - INFO - Regula po iteracji 3: IF Strength <= 26.35 AND Strength >= 16.65 AND Temperature <= 235.00 AND Strength >= 17.40 THEN class = {15.41} [12.44, 18.38], (p=173, n=95, P=583, N=572)
2026-04-14 12:40:22,200 - INFO - *****GROWING RR RULE*****
2026-04-14 12:40:22,291 - INFO - Iteracja 0: condition_best: None, quality_best: -inf, coverage_best: (p=0, n=0, P=0, N=0), p_value: 0
2026-04-14 12:40:22,291 - INFO - Regula po iteracji 0: IF  THEN class = {14.89} [11.49, 18.30], (p=767, n=388, P=767, N=388)
2026-04-14 12:40:22,291 - INFO - *****STOP GROWING RR RULE*****
2026-04-14 12:40:22,291 - INFO - ***RR NOT FOUND***
2026-04-14 12:40:22,300 - INFO - Iteracja 4: condition_best: Strength >= 17.60, quality_best: 0.183, coverage_best: (p=171, n=94, P=583, N=572)
2026-04-14 12:40:22,300 - INFO - Regula po iteracji 4: IF Strength <= 26.35 AND Strength >= 16.65 AND Temperature <= 235.00 AND Strength >= 17.40 AND Strength >= 17.60 THEN class = {15.38} [12.41, 18.35], (p=171, n=94, P=583, N=572)
2026-04-14 12:40:22,301 - INFO - *****GROWING RR RULE*****
2026-04-14 12:40:22,392 - INFO - Iteracja 0: condition_best: None, quality_best: -inf, coverage_best: (p=0, n=0, P=0, N=0), p_value: 0
2026-04-14 12:40:22,392 - INFO - Regula po iteracji 0: IF  THEN class = {14.89} [11.49, 18.30], (p=767, n=388, P=767, N=388)
2026-04-14 12:40:22,392 - INFO - *****STOP GROWING RR RULE*****
2026-04-14 12:40:22,392 - INFO - ***RR NOT FOUND***
2026-04-14 12:40:22,392 - INFO - *******STOP GROWING CR RULE*******
2026-04-14 12:40:22,396 - INFO - *******GROWING CR RULE*******
2026-04-14 12:40:22,453 - INFO - Iteracja 0: condition_best: Strength >= 34.75, quality_best: 0.109, coverage_best: (p=136, n=171, P=388, N=767)
2026-04-14 12:40:22,453 - INFO - Regula po iteracji 0: IF Strength >= 34.75 THEN class = {12.90} [10.14, 15.66], (p=136, n=171, P=388, N=767)
2026-04-14 12:40:22,453 - INFO - *****GROWING RR RULE*****
2026-04-14 12:40:22,548 - INFO - Iteracja 0: condition_best: None, quality_best: -inf, coverage_best: (p=0, n=0, P=0, N=0), p_value: 0
2026-04-14 12:40:22,548 - INFO - Regula po iteracji 0: IF  THEN class = {14.89} [11.49, 18.30], (p=767, n=388, P=767, N=388)
2026-04-14 12:40:22,548 - INFO - *****STOP GROWING RR RULE*****
2026-04-14 12:40:22,548 - INFO - ***RR NOT FOUND***
2026-04-14 12:40:22,560 - INFO - Iteracja 1: condition_best: Temperature <= 295.00, quality_best: 0.445, coverage_best: (p=187, n=35, P=593, N=562)
2026-04-14 12:40:22,560 - INFO - Regula po iteracji 1: IF Strength >= 34.75 AND Temperature <= 295.00 THEN class = {12.39} [9.94, 14.84], (p=187, n=35, P=593, N=562)
2026-04-14 12:40:22,560 - INFO - *****GROWING RR RULE*****
2026-04-14 12:40:22,651 - INFO - Iteracja 0: condition_best: None, quality_best: -inf, coverage_best: (p=0, n=0, P=0, N=0), p_value: 0
2026-04-14 12:40:22,651 - INFO - Regula po iteracji 0: IF  THEN class = {14.89} [11.49, 18.30], (p=767, n=388, P=767, N=388)
2026-04-14 12:40:22,651 - INFO - *****STOP GROWING RR RULE*****
2026-04-14 12:40:22,651 - INFO - ***RR NOT FOUND***
2026-04-14 12:40:22,660 - INFO - Iteracja 2: condition_best: Strength <= 46.60, quality_best: 0.443, coverage_best: (p=186, n=35, P=593, N=562)
2026-04-14 12:40:22,660 - INFO - Regula po iteracji 2: IF Strength >= 34.75 AND Temperature <= 295.00 AND Strength <= 46.60 THEN class = {12.40} [9.95, 14.85], (p=186, n=35, P=593, N=562)
2026-04-14 12:40:22,661 - INFO - *****GROWING RR RULE*****
2026-04-14 12:40:22,751 - INFO - Iteracja 0: condition_best: None, quality_best: -inf, coverage_best: (p=0, n=0, P=0, N=0), p_value: 0
2026-04-14 12:40:22,751 - INFO - Regula po iteracji 0: IF  THEN class = {14.89} [11.49, 18.30], (p=767, n=388, P=767, N=388)
2026-04-14 12:40:22,751 - INFO - *****STOP GROWING RR RULE*****
2026-04-14 12:40:22,751 - INFO - ***RR NOT FOUND***
2026-04-14 12:40:22,761 - INFO - Iteracja 3: condition_best: Strength <= 46.15, quality_best: 0.442, coverage_best: (p=185, n=35, P=593, N=562)
2026-04-14 12:40:22,761 - INFO - Regula po iteracji 3: IF Strength >= 34.75 AND Temperature <= 295.00 AND Strength <= 46.60 AND Strength <= 46.15 THEN class = {12.41} [9.96, 14.86], (p=185, n=35, P=593, N=562)
2026-04-14 12:40:22,761 - INFO - *****GROWING RR RULE*****
2026-04-14 12:40:22,852 - INFO - Iteracja 0: condition_best: None, quality_best: -inf, coverage_best: (p=0, n=0, P=0, N=0), p_value: 0
2026-04-14 12:40:22,852 - INFO - Regula po iteracji 0: IF  THEN class = {14.89} [11.49, 18.30], (p=767, n=388, P=767, N=388)
2026-04-14 12:40:22,852 - INFO - *****STOP GROWING RR RULE*****
2026-04-14 12:40:22,853 - INFO - ***RR NOT FOUND***
2026-04-14 12:40:22,862 - INFO - Iteracja 4: condition_best: Strength <= 45.40, quality_best: 0.44, coverage_best: (p=184, n=35, P=593, N=562)
2026-04-14 12:40:22,862 - INFO - Regula po iteracji 4: IF Strength >= 34.75 AND Temperature <= 295.00 AND Strength <= 46.60 AND Strength <= 46.15 AND Strength <= 45.40 THEN class = {12.42} [9.97, 14.87], (p=184, n=35, P=593, N=562)
2026-04-14 12:40:22,862 - INFO - *****GROWING RR RULE*****
2026-04-14 12:40:22,952 - INFO - Iteracja 0: condition_best: None, quality_best: -inf, coverage_best: (p=0, n=0, P=0, N=0), p_value: 0
2026-04-14 12:40:22,952 - INFO - Regula po iteracji 0: IF  THEN class = {14.89} [11.49, 18.30], (p=767, n=388, P=767, N=388)
2026-04-14 12:40:22,952 - INFO - *****STOP GROWING RR RULE*****
2026-04-14 12:40:22,952 - INFO - ***RR NOT FOUND***
2026-04-14 12:40:22,952 - INFO - *******STOP GROWING CR RULE*******
2026-04-14 12:40:22,956 - INFO - *******GROWING CR RULE*******
2026-04-14 12:40:23,013 - INFO - Iteracja 0: condition_best: Strength <= 26.55, quality_best: 0.107, coverage_best: (p=225, n=162, P=583, N=572)
2026-04-14 12:40:23,013 - INFO - Regula po iteracji 0: IF Strength <= 26.55 THEN class = {16.36} [13.28, 19.44], (p=225, n=162, P=583, N=572)
2026-04-14 12:40:23,014 - INFO - *****GROWING RR RULE*****
2026-04-14 12:40:23,112 - INFO - Iteracja 0: condition_best: None, quality_best: -inf, coverage_best: (p=0, n=0, P=0, N=0), p_value: 0
2026-04-14 12:40:23,112 - INFO - Regula po iteracji 0: IF  THEN class = {14.89} [11.49, 18.30], (p=767, n=388, P=767, N=388)
2026-04-14 12:40:23,112 - INFO - *****STOP GROWING RR RULE*****
2026-04-14 12:40:23,113 - INFO - ***RR NOT FOUND***
2026-04-14 12:40:23,126 - INFO - Iteracja 1: condition_best: Temperature >= 225.00, quality_best: 0.396, coverage_best: (p=88, n=29, P=365, N=790)
2026-04-14 12:40:23,126 - INFO - Regula po iteracji 1: IF Strength <= 26.55 AND Temperature >= 225.00 THEN class = {18.21} [16.31, 20.10], (p=88, n=29, P=365, N=790)
2026-04-14 12:40:23,127 - INFO - *****GROWING RR RULE*****
2026-04-14 12:40:23,216 - INFO - Iteracja 0: condition_best: None, quality_best: -inf, coverage_best: (p=0, n=0, P=0, N=0), p_value: 0
2026-04-14 12:40:23,216 - INFO - Regula po iteracji 0: IF  THEN class = {14.89} [11.49, 18.30], (p=767, n=388, P=767, N=388)
2026-04-14 12:40:23,216 - INFO - *****STOP GROWING RR RULE*****
2026-04-14 12:40:23,216 - INFO - ***RR NOT FOUND***
2026-04-14 12:40:23,221 - INFO - Iteracja 2: condition_best: Strength >= 18.55, quality_best: 0.393, coverage_best: (p=87, n=29, P=365, N=790)
2026-04-14 12:40:23,221 - INFO - Regula po iteracji 2: IF Strength <= 26.55 AND Temperature >= 225.00 AND Strength >= 18.55 THEN class = {18.19} [16.30, 20.08], (p=87, n=29, P=365, N=790)
2026-04-14 12:40:23,222 - INFO - *****GROWING RR RULE*****
2026-04-14 12:40:23,310 - INFO - Iteracja 0: condition_best: None, quality_best: -inf, coverage_best: (p=0, n=0, P=0, N=0), p_value: 0
2026-04-14 12:40:23,311 - INFO - Regula po iteracji 0: IF  THEN class = {14.89} [11.49, 18.30], (p=767, n=388, P=767, N=388)
2026-04-14 12:40:23,311 - INFO - *****STOP GROWING RR RULE*****
2026-04-14 12:40:23,311 - INFO - ***RR NOT FOUND***
2026-04-14 12:40:23,316 - INFO - Iteracja 3: condition_best: Strength >= 18.95, quality_best: 0.39, coverage_best: (p=86, n=29, P=365, N=790)
2026-04-14 12:40:23,316 - INFO - Regula po iteracji 3: IF Strength <= 26.55 AND Temperature >= 225.00 AND Strength >= 18.55 AND Strength >= 18.95 THEN class = {18.17} [16.28, 20.07], (p=86, n=29, P=365, N=790)
2026-04-14 12:40:23,317 - INFO - *****GROWING RR RULE*****
2026-04-14 12:40:23,407 - INFO - Iteracja 0: condition_best: None, quality_best: -inf, coverage_best: (p=0, n=0, P=0, N=0), p_value: 0
2026-04-14 12:40:23,407 - INFO - Regula po iteracji 0: IF  THEN class = {14.89} [11.49, 18.30], (p=767, n=388, P=767, N=388)
2026-04-14 12:40:23,407 - INFO - *****STOP GROWING RR RULE*****
2026-04-14 12:40:23,407 - INFO - ***RR NOT FOUND***
2026-04-14 12:40:23,413 - INFO - Iteracja 4: condition_best: Strength >= 19.35, quality_best: 0.387, coverage_best: (p=85, n=29, P=365, N=790)
2026-04-14 12:40:23,413 - INFO - Regula po iteracji 4: IF Strength <= 26.55 AND Temperature >= 225.00 AND Strength >= 18.55 AND Strength >= 18.95 AND Strength >= 19.35 THEN class = {18.16} [16.26, 20.05], (p=85, n=29, P=365, N=790)
2026-04-14 12:40:23,413 - INFO - *****GROWING RR RULE*****
2026-04-14 12:40:23,502 - INFO - Iteracja 0: condition_best: None, quality_best: -inf, coverage_best: (p=0, n=0, P=0, N=0), p_value: 0
2026-04-14 12:40:23,503 - INFO - Regula po iteracji 0: IF  THEN class = {14.89} [11.49, 18.30], (p=767, n=388, P=767, N=388)
2026-04-14 12:40:23,503 - INFO - *****STOP GROWING RR RULE*****
2026-04-14 12:40:23,503 - INFO - ***RR NOT FOUND***
2026-04-14 12:40:23,503 - INFO - *******STOP GROWING CR RULE*******
2026-04-14 12:40:23,506 - INFO - *******GROWING CR RULE*******
2026-04-14 12:40:23,564 - INFO - Iteracja 0: condition_best: Strength <= 26.55, quality_best: 0.107, coverage_best: (p=225, n=162, P=583, N=572)
2026-04-14 12:40:23,564 - INFO - Regula po iteracji 0: IF Strength <= 26.55 THEN class = {16.36} [13.28, 19.44], (p=225, n=162, P=583, N=572)
2026-04-14 12:40:23,564 - INFO - *****GROWING RR RULE*****
2026-04-14 12:40:23,662 - INFO - Iteracja 0: condition_best: None, quality_best: -inf, coverage_best: (p=0, n=0, P=0, N=0), p_value: 0
2026-04-14 12:40:23,662 - INFO - Regula po iteracji 0: IF  THEN class = {14.89} [11.49, 18.30], (p=767, n=388, P=767, N=388)
2026-04-14 12:40:23,663 - INFO - *****STOP GROWING RR RULE*****
2026-04-14 12:40:23,663 - INFO - ***RR NOT FOUND***
2026-04-14 12:40:23,677 - INFO - Iteracja 1: condition_best: Temperature <= 245.00, quality_best: 0.141, coverage_best: (p=220, n=143, P=583, N=572)
2026-04-14 12:40:23,677 - INFO - Regula po iteracji 1: IF Strength <= 26.55 AND Temperature <= 245.00 THEN class = {16.15} [13.09, 19.20], (p=220, n=143, P=583, N=572)
2026-04-14 12:40:23,677 - INFO - *****GROWING RR RULE*****
2026-04-14 12:40:23,769 - INFO - Iteracja 0: condition_best: None, quality_best: -inf, coverage_best: (p=0, n=0, P=0, N=0), p_value: 0
2026-04-14 12:40:23,769 - INFO - Regula po iteracji 0: IF  THEN class = {14.89} [11.49, 18.30], (p=767, n=388, P=767, N=388)
2026-04-14 12:40:23,769 - INFO - *****STOP GROWING RR RULE*****
2026-04-14 12:40:23,769 - INFO - ***RR NOT FOUND***
2026-04-14 12:40:23,782 - INFO - Iteracja 2: condition_best: Strength >= 20.90, quality_best: 0.2, coverage_best: (p=168, n=49, P=767, N=388)
2026-04-14 12:40:23,782 - INFO - Regula po iteracji 2: IF Strength <= 26.55 AND Temperature <= 245.00 AND Strength >= 20.90 THEN class = {14.97} [11.91, 18.02], (p=168, n=49, P=767, N=388)
2026-04-14 12:40:23,783 - INFO - *****GROWING RR RULE*****
2026-04-14 12:40:23,873 - INFO - Iteracja 0: condition_best: None, quality_best: -inf, coverage_best: (p=0, n=0, P=0, N=0), p_value: 0
2026-04-14 12:40:23,874 - INFO - Regula po iteracji 0: IF  THEN class = {14.89} [11.49, 18.30], (p=767, n=388, P=767, N=388)
2026-04-14 12:40:23,874 - INFO - *****STOP GROWING RR RULE*****
2026-04-14 12:40:23,874 - INFO - ***RR NOT FOUND***
2026-04-14 12:40:23,880 - INFO - Iteracja 3: condition_best: Temperature >= 205.00, quality_best: 0.218, coverage_best: (p=119, n=55, P=583, N=572)
2026-04-14 12:40:23,880 - INFO - Regula po iteracji 3: IF Strength <= 26.55 AND Temperature <= 245.00 AND Strength >= 20.90 AND Temperature >= 205.00 THEN class = {15.71} [12.90, 18.52], (p=119, n=55, P=583, N=572)
2026-04-14 12:40:23,880 - INFO - *****GROWING RR RULE*****
2026-04-14 12:40:23,971 - INFO - Iteracja 0: condition_best: None, quality_best: -inf, coverage_best: (p=0, n=0, P=0, N=0), p_value: 0
2026-04-14 12:40:23,971 - INFO - Regula po iteracji 0: IF  THEN class = {14.89} [11.49, 18.30], (p=767, n=388, P=767, N=388)
2026-04-14 12:40:23,971 - INFO - *****STOP GROWING RR RULE*****
2026-04-14 12:40:23,971 - INFO - ***RR NOT FOUND***
2026-04-14 12:40:23,976 - INFO - Iteracja 4: condition_best: Temperature <= 225.00, quality_best: 0.292, coverage_best: (p=71, n=22, P=585, N=570)
2026-04-14 12:40:23,976 - INFO - Regula po iteracji 4: IF Strength <= 26.55 AND Temperature <= 245.00 AND Strength >= 20.90 AND Temperature >= 205.00 AND Temperature <= 225.00 THEN class = {14.09} [11.65, 16.52], (p=71, n=22, P=585, N=570)
2026-04-14 12:40:23,977 - INFO - *****GROWING RR RULE*****
2026-04-14 12:40:24,066 - INFO - Iteracja 0: condition_best: None, quality_best: -inf, coverage_best: (p=0, n=0, P=0, N=0), p_value: 0
2026-04-14 12:40:24,066 - INFO - Regula po iteracji 0: IF  THEN class = {14.89} [11.49, 18.30], (p=767, n=388, P=767, N=388)
2026-04-14 12:40:24,066 - INFO - *****STOP GROWING RR RULE*****
2026-04-14 12:40:24,066 - INFO - ***RR NOT FOUND***
2026-04-14 12:40:24,066 - INFO - *******STOP GROWING CR RULE*******
2026-04-14 12:40:24,070 - INFO - *******GROWING CR RULE*******
2026-04-14 12:40:24,126 - INFO - Iteracja 0: condition_best: Strength >= 34.55, quality_best: 0.106, coverage_best: (p=146, n=187, P=388, N=767)
2026-04-14 12:40:24,126 - INFO - Regula po iteracji 0: IF Strength >= 34.55 THEN class = {13.04} [10.20, 15.87], (p=146, n=187, P=388, N=767)
2026-04-14 12:40:24,127 - INFO - *****GROWING RR RULE*****
2026-04-14 12:40:24,221 - INFO - Iteracja 0: condition_best: None, quality_best: -inf, coverage_best: (p=0, n=0, P=0, N=0), p_value: 0
2026-04-14 12:40:24,221 - INFO - Regula po iteracji 0: IF  THEN class = {14.89} [11.49, 18.30], (p=767, n=388, P=767, N=388)
2026-04-14 12:40:24,221 - INFO - *****STOP GROWING RR RULE*****
2026-04-14 12:40:24,221 - INFO - ***RR NOT FOUND***
2026-04-14 12:40:24,234 - INFO - Iteracja 1: condition_best: Temperature <= 265.00, quality_best: 0.476, coverage_best: (p=46, n=5, P=389, N=766)
2026-04-14 12:40:24,234 - INFO - Regula po iteracji 1: IF Strength >= 34.55 AND Temperature <= 265.00 THEN class = {10.94} [9.49, 12.39], (p=46, n=5, P=389, N=766)
2026-04-14 12:40:24,235 - INFO - *****GROWING RR RULE*****
2026-04-14 12:40:24,322 - INFO - Iteracja 0: condition_best: None, quality_best: -inf, coverage_best: (p=0, n=0, P=0, N=0), p_value: 0
2026-04-14 12:40:24,322 - INFO - Regula po iteracji 0: IF  THEN class = {14.89} [11.49, 18.30], (p=767, n=388, P=767, N=388)
2026-04-14 12:40:24,322 - INFO - *****STOP GROWING RR RULE*****
2026-04-14 12:40:24,322 - INFO - ***RR NOT FOUND***
2026-04-14 12:40:24,325 - INFO - Iteracja 2: condition_best: Strength <= 40.25, quality_best: 0.474, coverage_best: (p=45, n=5, P=389, N=766)
2026-04-14 12:40:24,325 - INFO - Regula po iteracji 2: IF Strength >= 34.55 AND Temperature <= 265.00 AND Strength <= 40.25 THEN class = {10.96} [9.50, 12.42], (p=45, n=5, P=389, N=766)
2026-04-14 12:40:24,326 - INFO - *****GROWING RR RULE*****
2026-04-14 12:40:24,414 - INFO - Iteracja 0: condition_best: None, quality_best: -inf, coverage_best: (p=0, n=0, P=0, N=0), p_value: 0
2026-04-14 12:40:24,414 - INFO - Regula po iteracji 0: IF  THEN class = {14.89} [11.49, 18.30], (p=767, n=388, P=767, N=388)
2026-04-14 12:40:24,414 - INFO - *****STOP GROWING RR RULE*****
2026-04-14 12:40:24,414 - INFO - ***RR NOT FOUND***
2026-04-14 12:40:24,417 - INFO - Iteracja 3: condition_best: Strength <= 39.40, quality_best: 0.471, coverage_best: (p=44, n=5, P=389, N=766)
2026-04-14 12:40:24,417 - INFO - Regula po iteracji 3: IF Strength >= 34.55 AND Temperature <= 265.00 AND Strength <= 40.25 AND Strength <= 39.40 THEN class = {10.98} [9.52, 12.44], (p=44, n=5, P=389, N=766)
2026-04-14 12:40:24,418 - INFO - *****GROWING RR RULE*****
2026-04-14 12:40:24,506 - INFO - Iteracja 0: condition_best: None, quality_best: -inf, coverage_best: (p=0, n=0, P=0, N=0), p_value: 0
2026-04-14 12:40:24,506 - INFO - Regula po iteracji 0: IF  THEN class = {14.89} [11.49, 18.30], (p=767, n=388, P=767, N=388)
2026-04-14 12:40:24,506 - INFO - *****STOP GROWING RR RULE*****
2026-04-14 12:40:24,506 - INFO - ***RR NOT FOUND***
2026-04-14 12:40:24,509 - INFO - Iteracja 4: condition_best: Strength <= 38.85, quality_best: 0.468, coverage_best: (p=43, n=5, P=389, N=766)
2026-04-14 12:40:24,509 - INFO - Regula po iteracji 4: IF Strength >= 34.55 AND Temperature <= 265.00 AND Strength <= 40.25 AND Strength <= 39.40 AND Strength <= 38.85 THEN class = {11.00} [9.53, 12.47], (p=43, n=5, P=389, N=766)
2026-04-14 12:40:24,510 - INFO - *****GROWING RR RULE*****
2026-04-14 12:40:24,598 - INFO - Iteracja 0: condition_best: None, quality_best: -inf, coverage_best: (p=0, n=0, P=0, N=0), p_value: 0
2026-04-14 12:40:24,598 - INFO - Regula po iteracji 0: IF  THEN class = {14.89} [11.49, 18.30], (p=767, n=388, P=767, N=388)
2026-04-14 12:40:24,598 - INFO - *****STOP GROWING RR RULE*****
2026-04-14 12:40:24,598 - INFO - ***RR NOT FOUND***
2026-04-14 12:40:24,598 - INFO - *******STOP GROWING CR RULE*******
2026-04-14 12:40:24,602 - INFO - *******GROWING CR RULE*******
2026-04-14 12:40:24,658 - INFO - Iteracja 0: condition_best: Strength >= 34.55, quality_best: 0.106, coverage_best: (p=146, n=187, P=388, N=767)
2026-04-14 12:40:24,658 - INFO - Regula po iteracji 0: IF Strength >= 34.55 THEN class = {13.04} [10.20, 15.87], (p=146, n=187, P=388, N=767)
2026-04-14 12:40:24,658 - INFO - *****GROWING RR RULE*****
2026-04-14 12:40:24,753 - INFO - Iteracja 0: condition_best: None, quality_best: -inf, coverage_best: (p=0, n=0, P=0, N=0), p_value: 0
2026-04-14 12:40:24,753 - INFO - Regula po iteracji 0: IF  THEN class = {14.89} [11.49, 18.30], (p=767, n=388, P=767, N=388)
2026-04-14 12:40:24,753 - INFO - *****STOP GROWING RR RULE*****
2026-04-14 12:40:24,753 - INFO - ***RR NOT FOUND***
2026-04-14 12:40:24,766 - INFO - Iteracja 1: condition_best: Temperature <= 275.00, quality_best: 0.446, coverage_best: (p=81, n=17, P=389, N=766)
2026-04-14 12:40:24,766 - INFO - Regula po iteracji 1: IF Strength >= 34.55 AND Temperature <= 275.00 THEN class = {11.41} [9.64, 13.17], (p=81, n=17, P=389, N=766)
2026-04-14 12:40:24,766 - INFO - *****GROWING RR RULE*****
2026-04-14 12:40:24,854 - INFO - Iteracja 0: condition_best: None, quality_best: -inf, coverage_best: (p=0, n=0, P=0, N=0), p_value: 0
2026-04-14 12:40:24,854 - INFO - Regula po iteracji 0: IF  THEN class = {14.89} [11.49, 18.30], (p=767, n=388, P=767, N=388)
2026-04-14 12:40:24,854 - INFO - *****STOP GROWING RR RULE*****
2026-04-14 12:40:24,855 - INFO - ***RR NOT FOUND***
2026-04-14 12:40:24,859 - INFO - Iteracja 2: condition_best: Strength <= 42.60, quality_best: 0.444, coverage_best: (p=80, n=17, P=389, N=766)
2026-04-14 12:40:24,859 - INFO - Regula po iteracji 2: IF Strength >= 34.55 AND Temperature <= 275.00 AND Strength <= 42.60 THEN class = {11.42} [9.65, 13.19], (p=80, n=17, P=389, N=766)
2026-04-14 12:40:24,860 - INFO - *****GROWING RR RULE*****
2026-04-14 12:40:24,948 - INFO - Iteracja 0: condition_best: None, quality_best: -inf, coverage_best: (p=0, n=0, P=0, N=0), p_value: 0
2026-04-14 12:40:24,948 - INFO - Regula po iteracji 0: IF  THEN class = {14.89} [11.49, 18.30], (p=767, n=388, P=767, N=388)
2026-04-14 12:40:24,948 - INFO - *****STOP GROWING RR RULE*****
2026-04-14 12:40:24,948 - INFO - ***RR NOT FOUND***
2026-04-14 12:40:24,953 - INFO - Iteracja 3: condition_best: Strength <= 35.60, quality_best: 0.442, coverage_best: (p=25, n=2, P=593, N=562)
2026-04-14 12:40:24,953 - INFO - Regula po iteracji 3: IF Strength >= 34.55 AND Temperature <= 275.00 AND Strength <= 42.60 AND Strength <= 35.60 THEN class = {12.00} [9.96, 14.04], (p=25, n=2, P=593, N=562)
2026-04-14 12:40:24,954 - INFO - *****GROWING RR RULE*****
2026-04-14 12:40:25,040 - INFO - Iteracja 0: condition_best: None, quality_best: -inf, coverage_best: (p=0, n=0, P=0, N=0), p_value: 0
2026-04-14 12:40:25,040 - INFO - Regula po iteracji 0: IF  THEN class = {14.89} [11.49, 18.30], (p=767, n=388, P=767, N=388)
2026-04-14 12:40:25,041 - INFO - *****STOP GROWING RR RULE*****
2026-04-14 12:40:25,041 - INFO - ***RR NOT FOUND***
2026-04-14 12:40:25,042 - INFO - Iteracja 4: condition_best: Temperature >= 265.00, quality_best: 0.425, coverage_best: (p=8, n=1, P=388, N=767)
2026-04-14 12:40:25,042 - INFO - Regula po iteracji 4: IF Strength >= 34.55 AND Temperature <= 275.00 AND Strength <= 42.60 AND Strength <= 35.60 AND Temperature >= 265.00 THEN class = {13.56} [11.72, 15.39], (p=8, n=1, P=388, N=767)
2026-04-14 12:40:25,043 - INFO - *****GROWING RR RULE*****
2026-04-14 12:40:25,128 - INFO - Iteracja 0: condition_best: None, quality_best: -inf, coverage_best: (p=0, n=0, P=0, N=0), p_value: 0
2026-04-14 12:40:25,128 - INFO - Regula po iteracji 0: IF  THEN class = {14.89} [11.49, 18.30], (p=767, n=388, P=767, N=388)
2026-04-14 12:40:25,129 - INFO - *****STOP GROWING RR RULE*****
2026-04-14 12:40:25,129 - INFO - ***RR NOT FOUND***
2026-04-14 12:40:25,129 - INFO - *******STOP GROWING CR RULE*******
2026-04-14 12:40:25,132 - INFO - *******GROWING CR RULE*******
2026-04-14 12:40:25,189 - INFO - Iteracja 0: condition_best: Strength >= 34.55, quality_best: 0.106, coverage_best: (p=146, n=187, P=388, N=767)
2026-04-14 12:40:25,189 - INFO - Regula po iteracji 0: IF Strength >= 34.55 THEN class = {13.04} [10.20, 15.87], (p=146, n=187, P=388, N=767)
2026-04-14 12:40:25,190 - INFO - *****GROWING RR RULE*****
2026-04-14 12:40:25,284 - INFO - Iteracja 0: condition_best: None, quality_best: -inf, coverage_best: (p=0, n=0, P=0, N=0), p_value: 0
2026-04-14 12:40:25,284 - INFO - Regula po iteracji 0: IF  THEN class = {14.89} [11.49, 18.30], (p=767, n=388, P=767, N=388)
2026-04-14 12:40:25,284 - INFO - *****STOP GROWING RR RULE*****
2026-04-14 12:40:25,284 - INFO - ***RR NOT FOUND***
2026-04-14 12:40:25,297 - INFO - Iteracja 1: condition_best: Strength <= 41.25, quality_best: 0.155, coverage_best: (p=161, n=96, P=585, N=570)
2026-04-14 12:40:25,297 - INFO - Regula po iteracji 1: IF Strength >= 34.55 AND Strength <= 41.25 THEN class = {13.58} [10.69, 16.47], (p=161, n=96, P=585, N=570)
2026-04-14 12:40:25,297 - INFO - *****GROWING RR RULE*****
2026-04-14 12:40:25,395 - INFO - Iteracja 0: condition_best: None, quality_best: -inf, coverage_best: (p=0, n=0, P=0, N=0), p_value: 0
2026-04-14 12:40:25,395 - INFO - Regula po iteracji 0: IF  THEN class = {14.89} [11.49, 18.30], (p=767, n=388, P=767, N=388)
2026-04-14 12:40:25,395 - INFO - *****STOP GROWING RR RULE*****
2026-04-14 12:40:25,395 - INFO - ***RR NOT FOUND***
2026-04-14 12:40:25,403 - INFO - Iteracja 2: condition_best: Temperature >= 285.00, quality_best: 0.268, coverage_best: (p=79, n=28, P=583, N=572)
2026-04-14 12:40:25,403 - INFO - Regula po iteracji 2: IF Strength >= 34.55 AND Strength <= 41.25 AND Temperature >= 285.00 THEN class = {15.72} [13.24, 18.20], (p=79, n=28, P=583, N=572)
2026-04-14 12:40:25,403 - INFO - *****GROWING RR RULE*****
2026-04-14 12:40:25,494 - INFO - Iteracja 0: condition_best: Strength <= 34.65, quality_best: 0.066, coverage_best: (p=450, n=381, P=583, N=572), p_value: 3
2026-04-14 12:40:25,495 - INFO - Regula po iteracji 0: IF Strength <= 34.65 THEN class = {14.89} [11.49, 18.30], (p=450, n=381, P=583, N=572)
2026-04-14 12:40:25,549 - INFO - Iteracja 1: condition_best: None, quality_best: -inf, coverage_best: (p=0, n=0, P=0, N=0), p_value: 3
2026-04-14 12:40:25,549 - INFO - Regula po iteracji 1: IF Strength <= 34.65 THEN class = {15.64} [12.31, 18.97], (p=450, n=381, P=583, N=572)
2026-04-14 12:40:25,549 - INFO - *****STOP GROWING RR RULE*****
2026-04-14 12:40:25,549 - INFO - ***RR FOUND***
2026-04-14 12:40:25,549 - INFO - Reference rule: IF Strength <= 34.65 THEN class = {15.64} [12.31, 18.97]
2026-04-14 12:40:25,549 - INFO - ***CHECKING EXCEPTION***
2026-04-14 12:40:25,551 - INFO - *******STOP GROWING CR RULE*******
2026-04-14 12:40:25,554 - INFO - *******GROWING CR RULE*******
2026-04-14 12:40:25,610 - INFO - Iteracja 0: condition_best: Strength >= 34.35, quality_best: 0.106, coverage_best: (p=152, n=196, P=388, N=767)
2026-04-14 12:40:25,611 - INFO - Regula po iteracji 0: IF Strength >= 34.35 THEN class = {13.10} [10.22, 15.97], (p=152, n=196, P=388, N=767)
2026-04-14 12:40:25,611 - INFO - *****GROWING RR RULE*****
2026-04-14 12:40:25,705 - INFO - Iteracja 0: condition_best: None, quality_best: -inf, coverage_best: (p=0, n=0, P=0, N=0), p_value: 0
2026-04-14 12:40:25,705 - INFO - Regula po iteracji 0: IF  THEN class = {14.89} [11.49, 18.30], (p=767, n=388, P=767, N=388)
2026-04-14 12:40:25,705 - INFO - *****STOP GROWING RR RULE*****
2026-04-14 12:40:25,705 - INFO - ***RR NOT FOUND***
2026-04-14 12:40:25,718 - INFO - Iteracja 1: condition_best: Temperature <= 285.00, quality_best: 0.497, coverage_best: (p=156, n=18, P=593, N=562)
2026-04-14 12:40:25,718 - INFO - Regula po iteracji 1: IF Strength >= 34.35 AND Temperature <= 285.00 THEN class = {12.07} [9.87, 14.27], (p=156, n=18, P=593, N=562)
2026-04-14 12:40:25,719 - INFO - *****GROWING RR RULE*****
2026-04-14 12:40:25,809 - INFO - Iteracja 0: condition_best: None, quality_best: -inf, coverage_best: (p=0, n=0, P=0, N=0), p_value: 0
2026-04-14 12:40:25,809 - INFO - Regula po iteracji 0: IF  THEN class = {14.89} [11.49, 18.30], (p=767, n=388, P=767, N=388)
2026-04-14 12:40:25,809 - INFO - *****STOP GROWING RR RULE*****
2026-04-14 12:40:25,809 - INFO - ***RR NOT FOUND***
2026-04-14 12:40:25,816 - INFO - Iteracja 2: condition_best: Strength <= 43.75, quality_best: 0.496, coverage_best: (p=155, n=18, P=593, N=562)
2026-04-14 12:40:25,816 - INFO - Regula po iteracji 2: IF Strength >= 34.35 AND Temperature <= 285.00 AND Strength <= 43.75 THEN class = {12.08} [9.88, 14.28], (p=155, n=18, P=593, N=562)
2026-04-14 12:40:25,816 - INFO - *****GROWING RR RULE*****
2026-04-14 12:40:25,906 - INFO - Iteracja 0: condition_best: None, quality_best: -inf, coverage_best: (p=0, n=0, P=0, N=0), p_value: 0
2026-04-14 12:40:25,907 - INFO - Regula po iteracji 0: IF  THEN class = {14.89} [11.49, 18.30], (p=767, n=388, P=767, N=388)
2026-04-14 12:40:25,907 - INFO - *****STOP GROWING RR RULE*****
2026-04-14 12:40:25,907 - INFO - ***RR NOT FOUND***
2026-04-14 12:40:25,914 - INFO - Iteracja 3: condition_best: Strength <= 42.85, quality_best: 0.494, coverage_best: (p=154, n=18, P=593, N=562)
2026-04-14 12:40:25,914 - INFO - Regula po iteracji 3: IF Strength >= 34.35 AND Temperature <= 285.00 AND Strength <= 43.75 AND Strength <= 42.85 THEN class = {12.09} [9.90, 14.29], (p=154, n=18, P=593, N=562)
2026-04-14 12:40:25,914 - INFO - *****GROWING RR RULE*****
2026-04-14 12:40:26,004 - INFO - Iteracja 0: condition_best: None, quality_best: -inf, coverage_best: (p=0, n=0, P=0, N=0), p_value: 0
2026-04-14 12:40:26,004 - INFO - Regula po iteracji 0: IF  THEN class = {14.89} [11.49, 18.30], (p=767, n=388, P=767, N=388)
2026-04-14 12:40:26,004 - INFO - *****STOP GROWING RR RULE*****
2026-04-14 12:40:26,004 - INFO - ***RR NOT FOUND***
2026-04-14 12:40:26,011 - INFO - Iteracja 4: condition_best: Strength <= 42.60, quality_best: 0.491, coverage_best: (p=152, n=18, P=593, N=562)
2026-04-14 12:40:26,011 - INFO - Regula po iteracji 4: IF Strength >= 34.35 AND Temperature <= 285.00 AND Strength <= 43.75 AND Strength <= 42.85 AND Strength <= 42.60 THEN class = {12.11} [9.90, 14.31], (p=152, n=18, P=593, N=562)
2026-04-14 12:40:26,012 - INFO - *****GROWING RR RULE*****
2026-04-14 12:40:26,102 - INFO - Iteracja 0: condition_best: None, quality_best: -inf, coverage_best: (p=0, n=0, P=0, N=0), p_value: 0
2026-04-14 12:40:26,102 - INFO - Regula po iteracji 0: IF  THEN class = {14.89} [11.49, 18.30], (p=767, n=388, P=767, N=388)
2026-04-14 12:40:26,102 - INFO - *****STOP GROWING RR RULE*****
2026-04-14 12:40:26,102 - INFO - ***RR NOT FOUND***
2026-04-14 12:40:26,102 - INFO - *******STOP GROWING CR RULE*******
2026-04-14 12:40:26,106 - INFO - *******GROWING CR RULE*******
2026-04-14 12:40:26,163 - INFO - Iteracja 0: condition_best: Strength <= 26.65, quality_best: 0.1, coverage_best: (p=228, n=168, P=583, N=572)
2026-04-14 12:40:26,163 - INFO - Regula po iteracji 0: IF Strength <= 26.65 THEN class = {16.33} [13.22, 19.44], (p=228, n=168, P=583, N=572)
2026-04-14 12:40:26,163 - INFO - *****GROWING RR RULE*****
2026-04-14 12:40:26,261 - INFO - Iteracja 0: condition_best: None, quality_best: -inf, coverage_best: (p=0, n=0, P=0, N=0), p_value: 0
2026-04-14 12:40:26,261 - INFO - Regula po iteracji 0: IF  THEN class = {14.89} [11.49, 18.30], (p=767, n=388, P=767, N=388)
2026-04-14 12:40:26,261 - INFO - *****STOP GROWING RR RULE*****
2026-04-14 12:40:26,261 - INFO - ***RR NOT FOUND***
2026-04-14 12:40:26,276 - INFO - Iteracja 1: condition_best: Temperature >= 225.00, quality_best: 0.401, coverage_best: (p=92, n=30, P=365, N=790)
2026-04-14 12:40:26,276 - INFO - Regula po iteracji 1: IF Strength <= 26.65 AND Temperature >= 225.00 THEN class = {18.20} [16.29, 20.10], (p=92, n=30, P=365, N=790)
2026-04-14 12:40:26,276 - INFO - *****GROWING RR RULE*****
2026-04-14 12:40:26,364 - INFO - Iteracja 0: condition_best: None, quality_best: -inf, coverage_best: (p=0, n=0, P=0, N=0), p_value: 0
2026-04-14 12:40:26,364 - INFO - Regula po iteracji 0: IF  THEN class = {14.89} [11.49, 18.30], (p=767, n=388, P=767, N=388)
2026-04-14 12:40:26,365 - INFO - *****STOP GROWING RR RULE*****
2026-04-14 12:40:26,365 - INFO - ***RR NOT FOUND***
2026-04-14 12:40:26,370 - INFO - Iteracja 2: condition_best: Strength >= 18.55, quality_best: 0.398, coverage_best: (p=91, n=30, P=365, N=790)
2026-04-14 12:40:26,370 - INFO - Regula po iteracji 2: IF Strength <= 26.65 AND Temperature >= 225.00 AND Strength >= 18.55 THEN class = {18.18} [16.27, 20.09], (p=91, n=30, P=365, N=790)
2026-04-14 12:40:26,371 - INFO - *****GROWING RR RULE*****
2026-04-14 12:40:26,460 - INFO - Iteracja 0: condition_best: None, quality_best: -inf, coverage_best: (p=0, n=0, P=0, N=0), p_value: 0
2026-04-14 12:40:26,460 - INFO - Regula po iteracji 0: IF  THEN class = {14.89} [11.49, 18.30], (p=767, n=388, P=767, N=388)
2026-04-14 12:40:26,460 - INFO - *****STOP GROWING RR RULE*****
2026-04-14 12:40:26,460 - INFO - ***RR NOT FOUND***
2026-04-14 12:40:26,465 - INFO - Iteracja 3: condition_best: Strength >= 18.95, quality_best: 0.395, coverage_best: (p=90, n=30, P=365, N=790)
2026-04-14 12:40:26,466 - INFO - Regula po iteracji 3: IF Strength <= 26.65 AND Temperature >= 225.00 AND Strength >= 18.55 AND Strength >= 18.95 THEN class = {18.17} [16.26, 20.07], (p=90, n=30, P=365, N=790)
2026-04-14 12:40:26,466 - INFO - *****GROWING RR RULE*****
2026-04-14 12:40:26,554 - INFO - Iteracja 0: condition_best: None, quality_best: -inf, coverage_best: (p=0, n=0, P=0, N=0), p_value: 0
2026-04-14 12:40:26,555 - INFO - Regula po iteracji 0: IF  THEN class = {14.89} [11.49, 18.30], (p=767, n=388, P=767, N=388)
2026-04-14 12:40:26,555 - INFO - *****STOP GROWING RR RULE*****
2026-04-14 12:40:26,555 - INFO - ***RR NOT FOUND***
2026-04-14 12:40:26,560 - INFO - Iteracja 4: condition_best: Strength >= 19.35, quality_best: 0.393, coverage_best: (p=89, n=30, P=365, N=790)
2026-04-14 12:40:26,560 - INFO - Regula po iteracji 4: IF Strength <= 26.65 AND Temperature >= 225.00 AND Strength >= 18.55 AND Strength >= 18.95 AND Strength >= 19.35 THEN class = {18.15} [16.24, 20.06], (p=89, n=30, P=365, N=790)
2026-04-14 12:40:26,561 - INFO - *****GROWING RR RULE*****
2026-04-14 12:40:26,649 - INFO - Iteracja 0: condition_best: None, quality_best: -inf, coverage_best: (p=0, n=0, P=0, N=0), p_value: 0
2026-04-14 12:40:26,650 - INFO - Regula po iteracji 0: IF  THEN class = {14.89} [11.49, 18.30], (p=767, n=388, P=767, N=388)
2026-04-14 12:40:26,650 - INFO - *****STOP GROWING RR RULE*****
2026-04-14 12:40:26,650 - INFO - ***RR NOT FOUND***
2026-04-14 12:40:26,650 - INFO - *******STOP GROWING CR RULE*******
2026-04-14 12:40:26,653 - INFO - *******GROWING CR RULE*******
2026-04-14 12:40:26,709 - INFO - Iteracja 0: condition_best: Strength <= 26.65, quality_best: 0.1, coverage_best: (p=228, n=168, P=583, N=572)
2026-04-14 12:40:26,709 - INFO - Regula po iteracji 0: IF Strength <= 26.65 THEN class = {16.33} [13.22, 19.44], (p=228, n=168, P=583, N=572)
2026-04-14 12:40:26,710 - INFO - *****GROWING RR RULE*****
2026-04-14 12:40:26,808 - INFO - Iteracja 0: condition_best: None, quality_best: -inf, coverage_best: (p=0, n=0, P=0, N=0), p_value: 0
2026-04-14 12:40:26,808 - INFO - Regula po iteracji 0: IF  THEN class = {14.89} [11.49, 18.30], (p=767, n=388, P=767, N=388)
2026-04-14 12:40:26,808 - INFO - *****STOP GROWING RR RULE*****
2026-04-14 12:40:26,808 - INFO - ***RR NOT FOUND***
2026-04-14 12:40:26,822 - INFO - Iteracja 1: condition_best: Temperature <= 245.00, quality_best: 0.133, coverage_best: (p=221, n=147, P=583, N=572)
2026-04-14 12:40:26,822 - INFO - Regula po iteracji 1: IF Strength <= 26.65 AND Temperature <= 245.00 THEN class = {16.09} [13.00, 19.17], (p=221, n=147, P=583, N=572)
2026-04-14 12:40:26,822 - INFO - *****GROWING RR RULE*****
2026-04-14 12:40:26,913 - INFO - Iteracja 0: condition_best: None, quality_best: -inf, coverage_best: (p=0, n=0, P=0, N=0), p_value: 0
2026-04-14 12:40:26,913 - INFO - Regula po iteracji 0: IF  THEN class = {14.89} [11.49, 18.30], (p=767, n=388, P=767, N=388)
2026-04-14 12:40:26,914 - INFO - *****STOP GROWING RR RULE*****
2026-04-14 12:40:26,914 - INFO - ***RR NOT FOUND***
2026-04-14 12:40:26,927 - INFO - Iteracja 2: condition_best: Strength >= 20.55, quality_best: 0.201, coverage_best: (p=187, n=55, P=767, N=388)
2026-04-14 12:40:26,927 - INFO - Regula po iteracji 2: IF Strength <= 26.65 AND Temperature <= 245.00 AND Strength >= 20.55 THEN class = {15.04} [11.99, 18.10], (p=187, n=55, P=767, N=388)
2026-04-14 12:40:26,927 - INFO - *****GROWING RR RULE*****
2026-04-14 12:40:27,018 - INFO - Iteracja 0: condition_best: None, quality_best: -inf, coverage_best: (p=0, n=0, P=0, N=0), p_value: 0
2026-04-14 12:40:27,019 - INFO - Regula po iteracji 0: IF  THEN class = {14.89} [11.49, 18.30], (p=767, n=388, P=767, N=388)
2026-04-14 12:40:27,019 - INFO - *****STOP GROWING RR RULE*****
2026-04-14 12:40:27,019 - INFO - ***RR NOT FOUND***
2026-04-14 12:40:27,025 - INFO - Iteracja 3: condition_best: Temperature <= 225.00, quality_best: 0.239, coverage_best: (p=110, n=46, P=585, N=570)
2026-04-14 12:40:27,025 - INFO - Regula po iteracji 3: IF Strength <= 26.65 AND Temperature <= 245.00 AND Strength >= 20.55 AND Temperature <= 225.00 THEN class = {13.62} [11.03, 16.20], (p=110, n=46, P=585, N=570)
2026-04-14 12:40:27,026 - INFO - *****GROWING RR RULE*****
2026-04-14 12:40:27,116 - INFO - Iteracja 0: condition_best: None, quality_best: -inf, coverage_best: (p=0, n=0, P=0, N=0), p_value: 0
2026-04-14 12:40:27,117 - INFO - Regula po iteracji 0: IF  THEN class = {14.89} [11.49, 18.30], (p=767, n=388, P=767, N=388)
2026-04-14 12:40:27,117 - INFO - *****STOP GROWING RR RULE*****
2026-04-14 12:40:27,117 - INFO - ***RR NOT FOUND***
2026-04-14 12:40:27,122 - INFO - Iteracja 4: condition_best: Strength >= 25.40, quality_best: 0.363, coverage_best: (p=26, n=7, P=389, N=766)
2026-04-14 12:40:27,123 - INFO - Regula po iteracji 4: IF Strength <= 26.65 AND Temperature <= 245.00 AND Strength >= 20.55 AND Temperature <= 225.00 AND Strength >= 25.40 THEN class = {11.70} [9.91, 13.48], (p=26, n=7, P=389, N=766)
2026-04-14 12:40:27,123 - INFO - *****GROWING RR RULE*****
2026-04-14 12:40:27,210 - INFO - Iteracja 0: condition_best: None, quality_best: -inf, coverage_best: (p=0, n=0, P=0, N=0), p_value: 0
2026-04-14 12:40:27,210 - INFO - Regula po iteracji 0: IF  THEN class = {14.89} [11.49, 18.30], (p=767, n=388, P=767, N=388)
2026-04-14 12:40:27,210 - INFO - *****STOP GROWING RR RULE*****
2026-04-14 12:40:27,210 - INFO - ***RR NOT FOUND***
2026-04-14 12:40:27,210 - INFO - *******STOP GROWING CR RULE*******
2026-04-14 12:40:27,213 - INFO - *******GROWING CR RULE*******
2026-04-14 12:40:27,270 - INFO - Iteracja 0: condition_best: Strength <= 26.75, quality_best: 0.097, coverage_best: (p=235, n=175, P=583, N=572)
2026-04-14 12:40:27,270 - INFO - Regula po iteracji 0: IF Strength <= 26.75 THEN class = {16.33} [13.21, 19.44], (p=235, n=175, P=583, N=572)
2026-04-14 12:40:27,270 - INFO - *****GROWING RR RULE*****
2026-04-14 12:40:27,367 - INFO - Iteracja 0: condition_best: None, quality_best: -inf, coverage_best: (p=0, n=0, P=0, N=0), p_value: 0
2026-04-14 12:40:27,367 - INFO - Regula po iteracji 0: IF  THEN class = {14.89} [11.49, 18.30], (p=767, n=388, P=767, N=388)
2026-04-14 12:40:27,368 - INFO - *****STOP GROWING RR RULE*****
2026-04-14 12:40:27,368 - INFO - ***RR NOT FOUND***
2026-04-14 12:40:27,382 - INFO - Iteracja 1: condition_best: Temperature >= 235.00, quality_best: 0.443, coverage_best: (p=61, n=12, P=365, N=790)
2026-04-14 12:40:27,382 - INFO - Regula po iteracji 1: IF Strength <= 26.75 AND Temperature >= 235.00 THEN class = {18.74} [17.17, 20.31], (p=61, n=12, P=365, N=790)
2026-04-14 12:40:27,382 - INFO - *****GROWING RR RULE*****
2026-04-14 12:40:27,470 - INFO - Iteracja 0: condition_best: None, quality_best: -inf, coverage_best: (p=0, n=0, P=0, N=0), p_value: 0
2026-04-14 12:40:27,470 - INFO - Regula po iteracji 0: IF  THEN class = {14.89} [11.49, 18.30], (p=767, n=388, P=767, N=388)
2026-04-14 12:40:27,471 - INFO - *****STOP GROWING RR RULE*****
2026-04-14 12:40:27,471 - INFO - ***RR NOT FOUND***
2026-04-14 12:40:27,474 - INFO - Iteracja 2: condition_best: Strength >= 20.55, quality_best: 0.44, coverage_best: (p=60, n=12, P=365, N=790)
2026-04-14 12:40:27,474 - INFO - Regula po iteracji 2: IF Strength <= 26.75 AND Temperature >= 235.00 AND Strength >= 20.55 THEN class = {18.72} [17.15, 20.30], (p=60, n=12, P=365, N=790)
2026-04-14 12:40:27,475 - INFO - *****GROWING RR RULE*****
2026-04-14 12:40:27,563 - INFO - Iteracja 0: condition_best: None, quality_best: -inf, coverage_best: (p=0, n=0, P=0, N=0), p_value: 0
2026-04-14 12:40:27,563 - INFO - Regula po iteracji 0: IF  THEN class = {14.89} [11.49, 18.30], (p=767, n=388, P=767, N=388)
2026-04-14 12:40:27,563 - INFO - *****STOP GROWING RR RULE*****
2026-04-14 12:40:27,563 - INFO - ***RR NOT FOUND***
2026-04-14 12:40:27,567 - INFO - Iteracja 3: condition_best: Strength >= 20.95, quality_best: 0.437, coverage_best: (p=59, n=12, P=365, N=790)
2026-04-14 12:40:27,567 - INFO - Regula po iteracji 3: IF Strength <= 26.75 AND Temperature >= 235.00 AND Strength >= 20.55 AND Strength >= 20.95 THEN class = {18.70} [17.13, 20.28], (p=59, n=12, P=365, N=790)
2026-04-14 12:40:27,567 - INFO - *****GROWING RR RULE*****
2026-04-14 12:40:27,655 - INFO - Iteracja 0: condition_best: None, quality_best: -inf, coverage_best: (p=0, n=0, P=0, N=0), p_value: 0
2026-04-14 12:40:27,655 - INFO - Regula po iteracji 0: IF  THEN class = {14.89} [11.49, 18.30], (p=767, n=388, P=767, N=388)
2026-04-14 12:40:27,655 - INFO - *****STOP GROWING RR RULE*****
2026-04-14 12:40:27,656 - INFO - ***RR NOT FOUND***
2026-04-14 12:40:27,659 - INFO - Iteracja 4: condition_best: Strength >= 21.35, quality_best: 0.434, coverage_best: (p=58, n=12, P=365, N=790)
2026-04-14 12:40:27,659 - INFO - Regula po iteracji 4: IF Strength <= 26.75 AND Temperature >= 235.00 AND Strength >= 20.55 AND Strength >= 20.95 AND Strength >= 21.35 THEN class = {18.69} [17.10, 20.27], (p=58, n=12, P=365, N=790)
2026-04-14 12:40:27,660 - INFO - *****GROWING RR RULE*****
2026-04-14 12:40:27,747 - INFO - Iteracja 0: condition_best: None, quality_best: -inf, coverage_best: (p=0, n=0, P=0, N=0), p_value: 0
2026-04-14 12:40:27,747 - INFO - Regula po iteracji 0: IF  THEN class = {14.89} [11.49, 18.30], (p=767, n=388, P=767, N=388)
2026-04-14 12:40:27,748 - INFO - *****STOP GROWING RR RULE*****
2026-04-14 12:40:27,748 - INFO - ***RR NOT FOUND***
2026-04-14 12:40:27,748 - INFO - *******STOP GROWING CR RULE*******
2026-04-14 12:40:27,751 - INFO - *******GROWING CR RULE*******
2026-04-14 12:40:27,807 - INFO - Iteracja 0: condition_best: Strength <= 26.75, quality_best: 0.097, coverage_best: (p=235, n=175, P=583, N=572)
2026-04-14 12:40:27,807 - INFO - Regula po iteracji 0: IF Strength <= 26.75 THEN class = {16.33} [13.21, 19.44], (p=235, n=175, P=583, N=572)
2026-04-14 12:40:27,807 - INFO - *****GROWING RR RULE*****
2026-04-14 12:40:27,904 - INFO - Iteracja 0: condition_best: None, quality_best: -inf, coverage_best: (p=0, n=0, P=0, N=0), p_value: 0
2026-04-14 12:40:27,904 - INFO - Regula po iteracji 0: IF  THEN class = {14.89} [11.49, 18.30], (p=767, n=388, P=767, N=388)
2026-04-14 12:40:27,904 - INFO - *****STOP GROWING RR RULE*****
2026-04-14 12:40:27,904 - INFO - ***RR NOT FOUND***
2026-04-14 12:40:27,919 - INFO - Iteracja 1: condition_best: Temperature <= 245.00, quality_best: 0.131, coverage_best: (p=225, n=151, P=583, N=572)
2026-04-14 12:40:27,919 - INFO - Regula po iteracji 1: IF Strength <= 26.75 AND Temperature <= 245.00 THEN class = {16.05} [12.96, 19.15], (p=225, n=151, P=583, N=572)
2026-04-14 12:40:27,919 - INFO - *****GROWING RR RULE*****
2026-04-14 12:40:28,011 - INFO - Iteracja 0: condition_best: None, quality_best: -inf, coverage_best: (p=0, n=0, P=0, N=0), p_value: 0
2026-04-14 12:40:28,011 - INFO - Regula po iteracji 0: IF  THEN class = {14.89} [11.49, 18.30], (p=767, n=388, P=767, N=388)
2026-04-14 12:40:28,011 - INFO - *****STOP GROWING RR RULE*****
2026-04-14 12:40:28,011 - INFO - ***RR NOT FOUND***
2026-04-14 12:40:28,024 - INFO - Iteracja 2: condition_best: Strength >= 20.55, quality_best: 0.201, coverage_best: (p=193, n=57, P=767, N=388)
2026-04-14 12:40:28,024 - INFO - Regula po iteracji 2: IF Strength <= 26.75 AND Temperature <= 245.00 AND Strength >= 20.55 THEN class = {15.02} [11.97, 18.08], (p=193, n=57, P=767, N=388)
2026-04-14 12:40:28,025 - INFO - *****GROWING RR RULE*****
2026-04-14 12:40:28,116 - INFO - Iteracja 0: condition_best: None, quality_best: -inf, coverage_best: (p=0, n=0, P=0, N=0), p_value: 0
2026-04-14 12:40:28,116 - INFO - Regula po iteracji 0: IF  THEN class = {14.89} [11.49, 18.30], (p=767, n=388, P=767, N=388)
2026-04-14 12:40:28,116 - INFO - *****STOP GROWING RR RULE*****
2026-04-14 12:40:28,116 - INFO - ***RR NOT FOUND***
2026-04-14 12:40:28,122 - INFO - Iteracja 3: condition_best: Strength >= 20.65, quality_best: 0.193, coverage_best: (p=189, n=57, P=767, N=388)
2026-04-14 12:40:28,123 - INFO - Regula po iteracji 3: IF Strength <= 26.75 AND Temperature <= 245.00 AND Strength >= 20.55 AND Strength >= 20.65 THEN class = {15.01} [11.93, 18.08], (p=189, n=57, P=767, N=388)
2026-04-14 12:40:28,123 - INFO - *****GROWING RR RULE*****
2026-04-14 12:40:28,214 - INFO - Iteracja 0: condition_best: None, quality_best: -inf, coverage_best: (p=0, n=0, P=0, N=0), p_value: 0
2026-04-14 12:40:28,214 - INFO - Regula po iteracji 0: IF  THEN class = {14.89} [11.49, 18.30], (p=767, n=388, P=767, N=388)
2026-04-14 12:40:28,214 - INFO - *****STOP GROWING RR RULE*****
2026-04-14 12:40:28,214 - INFO - ***RR NOT FOUND***
2026-04-14 12:40:28,221 - INFO - Iteracja 4: condition_best: Strength >= 24.65, quality_best: 0.162, coverage_best: (p=58, n=31, P=585, N=570)
2026-04-14 12:40:28,221 - INFO - Regula po iteracji 4: IF Strength <= 26.75 AND Temperature <= 245.00 AND Strength >= 20.55 AND Strength >= 20.65 AND Strength >= 24.65 THEN class = {13.78} [10.92, 16.63], (p=58, n=31, P=585, N=570)
2026-04-14 12:40:28,222 - INFO - *****GROWING RR RULE*****
2026-04-14 12:40:28,310 - INFO - Iteracja 0: condition_best: None, quality_best: -inf, coverage_best: (p=0, n=0, P=0, N=0), p_value: 0
2026-04-14 12:40:28,311 - INFO - Regula po iteracji 0: IF  THEN class = {14.89} [11.49, 18.30], (p=767, n=388, P=767, N=388)
2026-04-14 12:40:28,311 - INFO - *****STOP GROWING RR RULE*****
2026-04-14 12:40:28,311 - INFO - ***RR NOT FOUND***
2026-04-14 12:40:28,311 - INFO - *******STOP GROWING CR RULE*******
2026-04-14 12:40:28,314 - INFO - *******GROWING CR RULE*******
2026-04-14 12:40:28,369 - INFO - Iteracja 0: condition_best: Strength <= 28.00, quality_best: 0.095, coverage_best: (p=257, n=194, P=583, N=572)
2026-04-14 12:40:28,369 - INFO - Regula po iteracji 0: IF Strength <= 28.00 THEN class = {16.20} [13.05, 19.35], (p=257, n=194, P=583, N=572)
2026-04-14 12:40:28,370 - INFO - *****GROWING RR RULE*****
2026-04-14 12:40:28,467 - INFO - Iteracja 0: condition_best: None, quality_best: -inf, coverage_best: (p=0, n=0, P=0, N=0), p_value: 0
2026-04-14 12:40:28,467 - INFO - Regula po iteracji 0: IF  THEN class = {14.89} [11.49, 18.30], (p=767, n=388, P=767, N=388)
2026-04-14 12:40:28,468 - INFO - *****STOP GROWING RR RULE*****
2026-04-14 12:40:28,468 - INFO - ***RR NOT FOUND***
2026-04-14 12:40:28,484 - INFO - Iteracja 1: condition_best: Temperature >= 225.00, quality_best: 0.474, coverage_best: (p=141, n=20, P=562, N=593)
2026-04-14 12:40:28,484 - INFO - Regula po iteracji 1: IF Strength <= 28.00 AND Temperature >= 225.00 THEN class = {17.86} [15.71, 20.01], (p=141, n=20, P=562, N=593)
2026-04-14 12:40:28,484 - INFO - *****GROWING RR RULE*****
2026-04-14 12:40:28,574 - INFO - Iteracja 0: condition_best: None, quality_best: -inf, coverage_best: (p=0, n=0, P=0, N=0), p_value: 0
2026-04-14 12:40:28,574 - INFO - Regula po iteracji 0: IF  THEN class = {14.89} [11.49, 18.30], (p=767, n=388, P=767, N=388)
2026-04-14 12:40:28,575 - INFO - *****STOP GROWING RR RULE*****
2026-04-14 12:40:28,575 - INFO - ***RR NOT FOUND***
2026-04-14 12:40:28,582 - INFO - Iteracja 2: condition_best: Strength <= 27.60, quality_best: 0.489, coverage_best: (p=133, n=16, P=562, N=593)
2026-04-14 12:40:28,582 - INFO - Regula po iteracji 2: IF Strength <= 28.00 AND Temperature >= 225.00 AND Strength <= 27.60 THEN class = {17.99} [15.91, 20.07], (p=133, n=16, P=562, N=593)
2026-04-14 12:40:28,582 - INFO - *****GROWING RR RULE*****
2026-04-14 12:40:28,672 - INFO - Iteracja 0: condition_best: None, quality_best: -inf, coverage_best: (p=0, n=0, P=0, N=0), p_value: 0
2026-04-14 12:40:28,672 - INFO - Regula po iteracji 0: IF  THEN class = {14.89} [11.49, 18.30], (p=767, n=388, P=767, N=388)
2026-04-14 12:40:28,672 - INFO - *****STOP GROWING RR RULE*****
2026-04-14 12:40:28,672 - INFO - ***RR NOT FOUND***
2026-04-14 12:40:28,678 - INFO - Iteracja 3: condition_best: Temperature >= 245.00, quality_best: 0.496, coverage_best: (p=39, n=3, P=365, N=790)
2026-04-14 12:40:28,678 - INFO - Regula po iteracji 3: IF Strength <= 28.00 AND Temperature >= 225.00 AND Strength <= 27.60 AND Temperature >= 245.00 THEN class = {19.19} [17.95, 20.43], (p=39, n=3, P=365, N=790)
2026-04-14 12:40:28,679 - INFO - *****GROWING RR RULE*****
2026-04-14 12:40:28,766 - INFO - Iteracja 0: condition_best: None, quality_best: -inf, coverage_best: (p=0, n=0, P=0, N=0), p_value: 0
2026-04-14 12:40:28,766 - INFO - Regula po iteracji 0: IF  THEN class = {14.89} [11.49, 18.30], (p=767, n=388, P=767, N=388)
2026-04-14 12:40:28,766 - INFO - *****STOP GROWING RR RULE*****
2026-04-14 12:40:28,766 - INFO - ***RR NOT FOUND***
2026-04-14 12:40:28,769 - INFO - Iteracja 4: condition_best: Strength >= 22.55, quality_best: 0.493, coverage_best: (p=38, n=3, P=365, N=790)
2026-04-14 12:40:28,769 - INFO - Regula po iteracji 4: IF Strength <= 28.00 AND Temperature >= 225.00 AND Strength <= 27.60 AND Temperature >= 245.00 AND Strength >= 22.55 THEN class = {19.17} [17.92, 20.42], (p=38, n=3, P=365, N=790)
2026-04-14 12:40:28,769 - INFO - *****GROWING RR RULE*****
2026-04-14 12:40:28,856 - INFO - Iteracja 0: condition_best: None, quality_best: -inf, coverage_best: (p=0, n=0, P=0, N=0), p_value: 0
2026-04-14 12:40:28,856 - INFO - Regula po iteracji 0: IF  THEN class = {14.89} [11.49, 18.30], (p=767, n=388, P=767, N=388)
2026-04-14 12:40:28,856 - INFO - *****STOP GROWING RR RULE*****
2026-04-14 12:40:28,856 - INFO - ***RR NOT FOUND***
2026-04-14 12:40:28,856 - INFO - *******STOP GROWING CR RULE*******
2026-04-14 12:40:28,859 - INFO - *******GROWING CR RULE*******
2026-04-14 12:40:28,914 - INFO - Iteracja 0: condition_best: Strength <= 28.00, quality_best: 0.095, coverage_best: (p=257, n=194, P=583, N=572)
2026-04-14 12:40:28,914 - INFO - Regula po iteracji 0: IF Strength <= 28.00 THEN class = {16.20} [13.05, 19.35], (p=257, n=194, P=583, N=572)
2026-04-14 12:40:28,915 - INFO - *****GROWING RR RULE*****
2026-04-14 12:40:29,012 - INFO - Iteracja 0: condition_best: None, quality_best: -inf, coverage_best: (p=0, n=0, P=0, N=0), p_value: 0
2026-04-14 12:40:29,012 - INFO - Regula po iteracji 0: IF  THEN class = {14.89} [11.49, 18.30], (p=767, n=388, P=767, N=388)
2026-04-14 12:40:29,012 - INFO - *****STOP GROWING RR RULE*****
2026-04-14 12:40:29,012 - INFO - ***RR NOT FOUND***
2026-04-14 12:40:29,028 - INFO - Iteracja 1: condition_best: Temperature >= 225.00, quality_best: 0.474, coverage_best: (p=141, n=20, P=562, N=593)
2026-04-14 12:40:29,028 - INFO - Regula po iteracji 1: IF Strength <= 28.00 AND Temperature >= 225.00 THEN class = {17.86} [15.71, 20.01], (p=141, n=20, P=562, N=593)
2026-04-14 12:40:29,029 - INFO - *****GROWING RR RULE*****
2026-04-14 12:40:29,118 - INFO - Iteracja 0: condition_best: None, quality_best: -inf, coverage_best: (p=0, n=0, P=0, N=0), p_value: 0
2026-04-14 12:40:29,118 - INFO - Regula po iteracji 0: IF  THEN class = {14.89} [11.49, 18.30], (p=767, n=388, P=767, N=388)
2026-04-14 12:40:29,118 - INFO - *****STOP GROWING RR RULE*****
2026-04-14 12:40:29,118 - INFO - ***RR NOT FOUND***
2026-04-14 12:40:29,125 - INFO - Iteracja 2: condition_best: Strength <= 27.60, quality_best: 0.489, coverage_best: (p=133, n=16, P=562, N=593)
2026-04-14 12:40:29,125 - INFO - Regula po iteracji 2: IF Strength <= 28.00 AND Temperature >= 225.00 AND Strength <= 27.60 THEN class = {17.99} [15.91, 20.07], (p=133, n=16, P=562, N=593)
2026-04-14 12:40:29,126 - INFO - *****GROWING RR RULE*****
2026-04-14 12:40:29,214 - INFO - Iteracja 0: condition_best: None, quality_best: -inf, coverage_best: (p=0, n=0, P=0, N=0), p_value: 0
2026-04-14 12:40:29,215 - INFO - Regula po iteracji 0: IF  THEN class = {14.89} [11.49, 18.30], (p=767, n=388, P=767, N=388)
2026-04-14 12:40:29,215 - INFO - *****STOP GROWING RR RULE*****
2026-04-14 12:40:29,215 - INFO - ***RR NOT FOUND***
2026-04-14 12:40:29,221 - INFO - Iteracja 3: condition_best: Strength >= 18.55, quality_best: 0.487, coverage_best: (p=132, n=16, P=562, N=593)
2026-04-14 12:40:29,221 - INFO - Regula po iteracji 3: IF Strength <= 28.00 AND Temperature >= 225.00 AND Strength <= 27.60 AND Strength >= 18.55 THEN class = {17.97} [15.89, 20.05], (p=132, n=16, P=562, N=593)
2026-04-14 12:40:29,222 - INFO - *****GROWING RR RULE*****
2026-04-14 12:40:29,311 - INFO - Iteracja 0: condition_best: None, quality_best: -inf, coverage_best: (p=0, n=0, P=0, N=0), p_value: 0
2026-04-14 12:40:29,311 - INFO - Regula po iteracji 0: IF  THEN class = {14.89} [11.49, 18.30], (p=767, n=388, P=767, N=388)
2026-04-14 12:40:29,311 - INFO - *****STOP GROWING RR RULE*****
2026-04-14 12:40:29,311 - INFO - ***RR NOT FOUND***
2026-04-14 12:40:29,318 - INFO - Iteracja 4: condition_best: Strength >= 18.95, quality_best: 0.486, coverage_best: (p=131, n=16, P=562, N=593)
2026-04-14 12:40:29,318 - INFO - Regula po iteracji 4: IF Strength <= 28.00 AND Temperature >= 225.00 AND Strength <= 27.60 AND Strength >= 18.55 AND Strength >= 18.95 THEN class = {17.96} [15.88, 20.04], (p=131, n=16, P=562, N=593)
2026-04-14 12:40:29,318 - INFO - *****GROWING RR RULE*****
2026-04-14 12:40:29,408 - INFO - Iteracja 0: condition_best: None, quality_best: -inf, coverage_best: (p=0, n=0, P=0, N=0), p_value: 0
2026-04-14 12:40:29,408 - INFO - Regula po iteracji 0: IF  THEN class = {14.89} [11.49, 18.30], (p=767, n=388, P=767, N=388)
2026-04-14 12:40:29,409 - INFO - *****STOP GROWING RR RULE*****
2026-04-14 12:40:29,409 - INFO - ***RR NOT FOUND***
2026-04-14 12:40:29,409 - INFO - *******STOP GROWING CR RULE*******
2026-04-14 12:40:29,412 - INFO - *******GROWING CR RULE*******
2026-04-14 12:40:29,467 - INFO - Iteracja 0: condition_best: Strength <= 28.00, quality_best: 0.095, coverage_best: (p=257, n=194, P=583, N=572)
2026-04-14 12:40:29,467 - INFO - Regula po iteracji 0: IF Strength <= 28.00 THEN class = {16.20} [13.05, 19.35], (p=257, n=194, P=583, N=572)
2026-04-14 12:40:29,467 - INFO - *****GROWING RR RULE*****
2026-04-14 12:40:29,563 - INFO - Iteracja 0: condition_best: None, quality_best: -inf, coverage_best: (p=0, n=0, P=0, N=0), p_value: 0
2026-04-14 12:40:29,563 - INFO - Regula po iteracji 0: IF  THEN class = {14.89} [11.49, 18.30], (p=767, n=388, P=767, N=388)
2026-04-14 12:40:29,564 - INFO - *****STOP GROWING RR RULE*****
2026-04-14 12:40:29,564 - INFO - ***RR NOT FOUND***
2026-04-14 12:40:29,580 - INFO - Iteracja 1: condition_best: Temperature >= 225.00, quality_best: 0.474, coverage_best: (p=141, n=20, P=562, N=593)
2026-04-14 12:40:29,580 - INFO - Regula po iteracji 1: IF Strength <= 28.00 AND Temperature >= 225.00 THEN class = {17.86} [15.71, 20.01], (p=141, n=20, P=562, N=593)
2026-04-14 12:40:29,580 - INFO - *****GROWING RR RULE*****
2026-04-14 12:40:29,669 - INFO - Iteracja 0: condition_best: None, quality_best: -inf, coverage_best: (p=0, n=0, P=0, N=0), p_value: 0
2026-04-14 12:40:29,670 - INFO - Regula po iteracji 0: IF  THEN class = {14.89} [11.49, 18.30], (p=767, n=388, P=767, N=388)
2026-04-14 12:40:29,670 - INFO - *****STOP GROWING RR RULE*****
2026-04-14 12:40:29,670 - INFO - ***RR NOT FOUND***
2026-04-14 12:40:29,677 - INFO - Iteracja 2: condition_best: Strength <= 27.85, quality_best: 0.479, coverage_best: (p=140, n=19, P=562, N=593)
2026-04-14 12:40:29,677 - INFO - Regula po iteracji 2: IF Strength <= 28.00 AND Temperature >= 225.00 AND Strength <= 27.85 THEN class = {17.89} [15.74, 20.03], (p=140, n=19, P=562, N=593)
2026-04-14 12:40:29,677 - INFO - *****GROWING RR RULE*****
2026-04-14 12:40:29,767 - INFO - Iteracja 0: condition_best: None, quality_best: -inf, coverage_best: (p=0, n=0, P=0, N=0), p_value: 0
2026-04-14 12:40:29,767 - INFO - Regula po iteracji 0: IF  THEN class = {14.89} [11.49, 18.30], (p=767, n=388, P=767, N=388)
2026-04-14 12:40:29,767 - INFO - *****STOP GROWING RR RULE*****
2026-04-14 12:40:29,767 - INFO - ***RR NOT FOUND***
2026-04-14 12:40:29,774 - INFO - Iteracja 3: condition_best: Strength >= 18.55, quality_best: 0.478, coverage_best: (p=139, n=19, P=562, N=593)
2026-04-14 12:40:29,774 - INFO - Regula po iteracji 3: IF Strength <= 28.00 AND Temperature >= 225.00 AND Strength <= 27.85 AND Strength >= 18.55 THEN class = {17.87} [15.73, 20.02], (p=139, n=19, P=562, N=593)
2026-04-14 12:40:29,774 - INFO - *****GROWING RR RULE*****
2026-04-14 12:40:29,864 - INFO - Iteracja 0: condition_best: None, quality_best: -inf, coverage_best: (p=0, n=0, P=0, N=0), p_value: 0
2026-04-14 12:40:29,864 - INFO - Regula po iteracji 0: IF  THEN class = {14.89} [11.49, 18.30], (p=767, n=388, P=767, N=388)
2026-04-14 12:40:29,864 - INFO - *****STOP GROWING RR RULE*****
2026-04-14 12:40:29,864 - INFO - ***RR NOT FOUND***
2026-04-14 12:40:29,871 - INFO - Iteracja 4: condition_best: Strength >= 18.95, quality_best: 0.476, coverage_best: (p=138, n=19, P=562, N=593)
2026-04-14 12:40:29,871 - INFO - Regula po iteracji 4: IF Strength <= 28.00 AND Temperature >= 225.00 AND Strength <= 27.85 AND Strength >= 18.55 AND Strength >= 18.95 THEN class = {17.86} [15.72, 20.00], (p=138, n=19, P=562, N=593)
2026-04-14 12:40:29,871 - INFO - *****GROWING RR RULE*****
2026-04-14 12:40:29,961 - INFO - Iteracja 0: condition_best: None, quality_best: -inf, coverage_best: (p=0, n=0, P=0, N=0), p_value: 0
2026-04-14 12:40:29,961 - INFO - Regula po iteracji 0: IF  THEN class = {14.89} [11.49, 18.30], (p=767, n=388, P=767, N=388)
2026-04-14 12:40:29,961 - INFO - *****STOP GROWING RR RULE*****
2026-04-14 12:40:29,961 - INFO - ***RR NOT FOUND***
2026-04-14 12:40:29,961 - INFO - *******STOP GROWING CR RULE*******
2026-04-14 12:40:29,964 - INFO - *******GROWING CR RULE*******
2026-04-14 12:40:30,020 - INFO - Iteracja 0: condition_best: Strength <= 28.00, quality_best: 0.095, coverage_best: (p=257, n=194, P=583, N=572)
2026-04-14 12:40:30,021 - INFO - Regula po iteracji 0: IF Strength <= 28.00 THEN class = {16.20} [13.05, 19.35], (p=257, n=194, P=583, N=572)
2026-04-14 12:40:30,021 - INFO - *****GROWING RR RULE*****
2026-04-14 12:40:30,118 - INFO - Iteracja 0: condition_best: None, quality_best: -inf, coverage_best: (p=0, n=0, P=0, N=0), p_value: 0
2026-04-14 12:40:30,118 - INFO - Regula po iteracji 0: IF  THEN class = {14.89} [11.49, 18.30], (p=767, n=388, P=767, N=388)
2026-04-14 12:40:30,118 - INFO - *****STOP GROWING RR RULE*****
2026-04-14 12:40:30,118 - INFO - ***RR NOT FOUND***
2026-04-14 12:40:30,134 - INFO - Iteracja 1: condition_best: Strength >= 27.60, quality_best: 0.166, coverage_best: (p=10, n=5, P=583, N=572)
2026-04-14 12:40:30,134 - INFO - Regula po iteracji 1: IF Strength <= 28.00 AND Strength >= 27.60 THEN class = {15.47} [12.59, 18.34], (p=10, n=5, P=583, N=572)
2026-04-14 12:40:30,134 - INFO - *****GROWING RR RULE*****
2026-04-14 12:40:30,226 - INFO - Iteracja 0: condition_best: None, quality_best: -inf, coverage_best: (p=0, n=0, P=0, N=0), p_value: 0
2026-04-14 12:40:30,226 - INFO - Regula po iteracji 0: IF  THEN class = {14.89} [11.49, 18.30], (p=767, n=388, P=767, N=388)
2026-04-14 12:40:30,227 - INFO - *****STOP GROWING RR RULE*****
2026-04-14 12:40:30,227 - INFO - ***RR NOT FOUND***
2026-04-14 12:40:30,228 - INFO - Iteracja 2: condition_best: Temperature <= 255.00, quality_best: 0.149, coverage_best: (p=7, n=6, P=401, N=754)
2026-04-14 12:40:30,228 - INFO - Regula po iteracji 2: IF Strength <= 28.00 AND Strength >= 27.60 AND Temperature <= 255.00 THEN class = {14.92} [12.25, 17.60], (p=7, n=6, P=401, N=754)
2026-04-14 12:40:30,228 - INFO - *****GROWING RR RULE*****
2026-04-14 12:40:30,318 - INFO - Iteracja 0: condition_best: None, quality_best: -inf, coverage_best: (p=0, n=0, P=0, N=0), p_value: 0
2026-04-14 12:40:30,318 - INFO - Regula po iteracji 0: IF  THEN class = {14.89} [11.49, 18.30], (p=767, n=388, P=767, N=388)
2026-04-14 12:40:30,318 - INFO - *****STOP GROWING RR RULE*****
2026-04-14 12:40:30,318 - INFO - ***RR NOT FOUND***
2026-04-14 12:40:30,319 - INFO - Iteracja 3: condition_best: Strength >= 27.75, quality_best: 0.122, coverage_best: (p=5, n=3, P=583, N=572)
2026-04-14 12:40:30,319 - INFO - Regula po iteracji 3: IF Strength <= 28.00 AND Strength >= 27.60 AND Temperature <= 255.00 AND Strength >= 27.75 THEN class = {15.25} [12.10, 18.40], (p=5, n=3, P=583, N=572)
2026-04-14 12:40:30,320 - INFO - *****GROWING RR RULE*****
2026-04-14 12:40:30,411 - INFO - Iteracja 0: condition_best: None, quality_best: -inf, coverage_best: (p=0, n=0, P=0, N=0), p_value: 0
2026-04-14 12:40:30,411 - INFO - Regula po iteracji 0: IF  THEN class = {14.89} [11.49, 18.30], (p=767, n=388, P=767, N=388)
2026-04-14 12:40:30,412 - INFO - *****STOP GROWING RR RULE*****
2026-04-14 12:40:30,412 - INFO - ***RR NOT FOUND***
2026-04-14 12:40:30,413 - INFO - Iteracja 4: condition_best: None, quality_best: -inf, coverage_best: (p=0, n=0, P=0, N=0)
2026-04-14 12:40:30,413 - INFO - Regula po iteracji 4: IF Strength <= 28.00 AND Strength >= 27.60 AND Temperature <= 255.00 AND Strength >= 27.75 THEN class = {15.25} [12.10, 18.40], (p=5, n=3, P=583, N=572)
2026-04-14 12:40:30,413 - INFO - *******STOP GROWING CR RULE*******
2026-04-14 12:40:30,415 - INFO - *******GROWING CR RULE*******
2026-04-14 12:40:30,470 - INFO - Iteracja 0: condition_best: Strength <= 28.00, quality_best: 0.095, coverage_best: (p=257, n=194, P=583, N=572)
2026-04-14 12:40:30,470 - INFO - Regula po iteracji 0: IF Strength <= 28.00 THEN class = {16.20} [13.05, 19.35], (p=257, n=194, P=583, N=572)
2026-04-14 12:40:30,470 - INFO - *****GROWING RR RULE*****
2026-04-14 12:40:30,567 - INFO - Iteracja 0: condition_best: None, quality_best: -inf, coverage_best: (p=0, n=0, P=0, N=0), p_value: 0
2026-04-14 12:40:30,567 - INFO - Regula po iteracji 0: IF  THEN class = {14.89} [11.49, 18.30], (p=767, n=388, P=767, N=388)
2026-04-14 12:40:30,567 - INFO - *****STOP GROWING RR RULE*****
2026-04-14 12:40:30,567 - INFO - ***RR NOT FOUND***
2026-04-14 12:40:30,583 - INFO - Iteracja 1: condition_best: Temperature >= 215.00, quality_best: 0.13, coverage_best: (p=113, n=131, P=379, N=776)
2026-04-14 12:40:30,583 - INFO - Regula po iteracji 1: IF Strength <= 28.00 AND Temperature >= 215.00 THEN class = {17.14} [14.51, 19.77], (p=113, n=131, P=379, N=776)
2026-04-14 12:40:30,584 - INFO - *****GROWING RR RULE*****
2026-04-14 12:40:30,676 - INFO - Iteracja 0: condition_best: None, quality_best: -inf, coverage_best: (p=0, n=0, P=0, N=0), p_value: 0
2026-04-14 12:40:30,676 - INFO - Regula po iteracji 0: IF  THEN class = {14.89} [11.49, 18.30], (p=767, n=388, P=767, N=388)
2026-04-14 12:40:30,677 - INFO - *****STOP GROWING RR RULE*****
2026-04-14 12:40:30,677 - INFO - ***RR NOT FOUND***
2026-04-14 12:40:30,686 - INFO - Iteracja 2: condition_best: Temperature <= 235.00, quality_best: 0.197, coverage_best: (p=100, n=49, P=583, N=572)
2026-04-14 12:40:30,686 - INFO - Regula po iteracji 2: IF Strength <= 28.00 AND Temperature >= 215.00 AND Temperature <= 235.00 THEN class = {16.32} [13.57, 19.07], (p=100, n=49, P=583, N=572)
2026-04-14 12:40:30,686 - INFO - *****GROWING RR RULE*****
2026-04-14 12:40:30,775 - INFO - Iteracja 0: condition_best: None, quality_best: -inf, coverage_best: (p=0, n=0, P=0, N=0), p_value: 0
2026-04-14 12:40:30,775 - INFO - Regula po iteracji 0: IF  THEN class = {14.89} [11.49, 18.30], (p=767, n=388, P=767, N=388)
2026-04-14 12:40:30,776 - INFO - *****STOP GROWING RR RULE*****
2026-04-14 12:40:30,776 - INFO - ***RR NOT FOUND***
2026-04-14 12:40:30,783 - INFO - Iteracja 3: condition_best: Strength >= 24.55, quality_best: 0.357, coverage_best: (p=45, n=9, P=585, N=570)
2026-04-14 12:40:30,784 - INFO - Regula po iteracji 3: IF Strength <= 28.00 AND Temperature >= 215.00 AND Temperature <= 235.00 AND Strength >= 24.55 THEN class = {13.93} [11.75, 16.10], (p=45, n=9, P=585, N=570)
2026-04-14 12:40:30,784 - INFO - *****GROWING RR RULE*****
2026-04-14 12:40:30,871 - INFO - Iteracja 0: condition_best: None, quality_best: -inf, coverage_best: (p=0, n=0, P=0, N=0), p_value: 0
2026-04-14 12:40:30,872 - INFO - Regula po iteracji 0: IF  THEN class = {14.89} [11.49, 18.30], (p=767, n=388, P=767, N=388)
2026-04-14 12:40:30,872 - INFO - *****STOP GROWING RR RULE*****
2026-04-14 12:40:30,872 - INFO - ***RR NOT FOUND***
2026-04-14 12:40:30,875 - INFO - Iteracja 4: condition_best: Strength <= 27.85, quality_best: 0.353, coverage_best: (p=44, n=9, P=585, N=570)
2026-04-14 12:40:30,875 - INFO - Regula po iteracji 4: IF Strength <= 28.00 AND Temperature >= 215.00 AND Temperature <= 235.00 AND Strength >= 24.55 AND Strength <= 27.85 THEN class = {13.92} [11.73, 16.12], (p=44, n=9, P=585, N=570)
2026-04-14 12:40:30,875 - INFO - *****GROWING RR RULE*****
2026-04-14 12:40:30,963 - INFO - Iteracja 0: condition_best: None, quality_best: -inf, coverage_best: (p=0, n=0, P=0, N=0), p_value: 0
2026-04-14 12:40:30,963 - INFO - Regula po iteracji 0: IF  THEN class = {14.89} [11.49, 18.30], (p=767, n=388, P=767, N=388)
2026-04-14 12:40:30,963 - INFO - *****STOP GROWING RR RULE*****
2026-04-14 12:40:30,963 - INFO - ***RR NOT FOUND***
2026-04-14 12:40:30,963 - INFO - *******STOP GROWING CR RULE*******
2026-04-14 12:40:30,966 - INFO - *******GROWING CR RULE*******
2026-04-14 12:40:31,022 - INFO - Iteracja 0: condition_best: Strength <= 28.15, quality_best: 0.094, coverage_best: (p=259, n=196, P=583, N=572)
2026-04-14 12:40:31,022 - INFO - Regula po iteracji 0: IF Strength <= 28.15 THEN class = {16.19} [13.04, 19.34], (p=259, n=196, P=583, N=572)
2026-04-14 12:40:31,022 - INFO - *****GROWING RR RULE*****
2026-04-14 12:40:31,119 - INFO - Iteracja 0: condition_best: None, quality_best: -inf, coverage_best: (p=0, n=0, P=0, N=0), p_value: 0
2026-04-14 12:40:31,119 - INFO - Regula po iteracji 0: IF  THEN class = {14.89} [11.49, 18.30], (p=767, n=388, P=767, N=388)
2026-04-14 12:40:31,119 - INFO - *****STOP GROWING RR RULE*****
2026-04-14 12:40:31,119 - INFO - ***RR NOT FOUND***
2026-04-14 12:40:31,135 - INFO - Iteracja 1: condition_best: Temperature <= 245.00, quality_best: 0.127, coverage_best: (p=241, n=165, P=583, N=572)
2026-04-14 12:40:31,135 - INFO - Regula po iteracji 1: IF Strength <= 28.15 AND Temperature <= 245.00 THEN class = {15.85} [12.72, 18.98], (p=241, n=165, P=583, N=572)
2026-04-14 12:40:31,136 - INFO - *****GROWING RR RULE*****
2026-04-14 12:40:31,227 - INFO - Iteracja 0: condition_best: None, quality_best: -inf, coverage_best: (p=0, n=0, P=0, N=0), p_value: 0
2026-04-14 12:40:31,227 - INFO - Regula po iteracji 0: IF  THEN class = {14.89} [11.49, 18.30], (p=767, n=388, P=767, N=388)
2026-04-14 12:40:31,227 - INFO - *****STOP GROWING RR RULE*****
2026-04-14 12:40:31,227 - INFO - ***RR NOT FOUND***
2026-04-14 12:40:31,242 - INFO - Iteracja 2: condition_best: Strength >= 26.65, quality_best: 0.216, coverage_best: (p=27, n=11, P=585, N=570)
2026-04-14 12:40:31,243 - INFO - Regula po iteracji 2: IF Strength <= 28.15 AND Temperature <= 245.00 AND Strength >= 26.65 THEN class = {13.53} [10.95, 16.10], (p=27, n=11, P=585, N=570)
2026-04-14 12:40:31,243 - INFO - *****GROWING RR RULE*****
2026-04-14 12:40:31,330 - INFO - Iteracja 0: condition_best: None, quality_best: -inf, coverage_best: (p=0, n=0, P=0, N=0), p_value: 0
2026-04-14 12:40:31,330 - INFO - Regula po iteracji 0: IF  THEN class = {14.89} [11.49, 18.30], (p=767, n=388, P=767, N=388)
2026-04-14 12:40:31,330 - INFO - *****STOP GROWING RR RULE*****
2026-04-14 12:40:31,330 - INFO - ***RR NOT FOUND***
2026-04-14 12:40:31,332 - INFO - Iteracja 3: condition_best: Temperature <= 235.00, quality_best: 0.25, coverage_best: (p=17, n=9, P=388, N=767)
2026-04-14 12:40:31,332 - INFO - Regula po iteracji 3: IF Strength <= 28.15 AND Temperature <= 245.00 AND Strength >= 26.65 AND Temperature <= 235.00 THEN class = {12.38} [10.38, 14.39], (p=17, n=9, P=388, N=767)
2026-04-14 12:40:31,333 - INFO - *****GROWING RR RULE*****
2026-04-14 12:40:31,419 - INFO - Iteracja 0: condition_best: None, quality_best: -inf, coverage_best: (p=0, n=0, P=0, N=0), p_value: 0
2026-04-14 12:40:31,419 - INFO - Regula po iteracji 0: IF  THEN class = {14.89} [11.49, 18.30], (p=767, n=388, P=767, N=388)
2026-04-14 12:40:31,420 - INFO - *****STOP GROWING RR RULE*****
2026-04-14 12:40:31,420 - INFO - ***RR NOT FOUND***
2026-04-14 12:40:31,421 - INFO - Iteracja 4: condition_best: Temperature >= 205.00, quality_best: 0.259, coverage_best: (p=16, n=8, P=388, N=767)
2026-04-14 12:40:31,421 - INFO - Regula po iteracji 4: IF Strength <= 28.15 AND Temperature <= 245.00 AND Strength >= 26.65 AND Temperature <= 235.00 AND Temperature >= 205.00 THEN class = {12.50} [10.48, 14.52], (p=16, n=8, P=388, N=767)
2026-04-14 12:40:31,422 - INFO - *****GROWING RR RULE*****
2026-04-14 12:40:31,508 - INFO - Iteracja 0: condition_best: None, quality_best: -inf, coverage_best: (p=0, n=0, P=0, N=0), p_value: 0
2026-04-14 12:40:31,508 - INFO - Regula po iteracji 0: IF  THEN class = {14.89} [11.49, 18.30], (p=767, n=388, P=767, N=388)
2026-04-14 12:40:31,508 - INFO - *****STOP GROWING RR RULE*****
2026-04-14 12:40:31,508 - INFO - ***RR NOT FOUND***
2026-04-14 12:40:31,508 - INFO - *******STOP GROWING CR RULE*******
2026-04-14 12:40:31,511 - INFO - *******GROWING CR RULE*******
2026-04-14 12:40:31,566 - INFO - Iteracja 0: condition_best: Strength <= 28.35, quality_best: 0.094, coverage_best: (p=271, n=206, P=583, N=572)
2026-04-14 12:40:31,566 - INFO - Regula po iteracji 0: IF Strength <= 28.35 THEN class = {16.16} [13.00, 19.33], (p=271, n=206, P=583, N=572)
2026-04-14 12:40:31,567 - INFO - *****GROWING RR RULE*****
2026-04-14 12:40:31,663 - INFO - Iteracja 0: condition_best: None, quality_best: -inf, coverage_best: (p=0, n=0, P=0, N=0), p_value: 0
2026-04-14 12:40:31,664 - INFO - Regula po iteracji 0: IF  THEN class = {14.89} [11.49, 18.30], (p=767, n=388, P=767, N=388)
2026-04-14 12:40:31,664 - INFO - *****STOP GROWING RR RULE*****
2026-04-14 12:40:31,664 - INFO - ***RR NOT FOUND***
2026-04-14 12:40:31,680 - INFO - Iteracja 1: condition_best: Temperature >= 245.00, quality_best: 0.46, coverage_best: (p=52, n=8, P=365, N=790)
2026-04-14 12:40:31,680 - INFO - Regula po iteracji 1: IF Strength <= 28.35 AND Temperature >= 245.00 THEN class = {18.93} [17.50, 20.37], (p=52, n=8, P=365, N=790)
2026-04-14 12:40:31,681 - INFO - *****GROWING RR RULE*****
2026-04-14 12:40:31,768 - INFO - Iteracja 0: condition_best: None, quality_best: -inf, coverage_best: (p=0, n=0, P=0, N=0), p_value: 0
2026-04-14 12:40:31,768 - INFO - Regula po iteracji 0: IF  THEN class = {14.89} [11.49, 18.30], (p=767, n=388, P=767, N=388)
2026-04-14 12:40:31,768 - INFO - *****STOP GROWING RR RULE*****
2026-04-14 12:40:31,769 - INFO - ***RR NOT FOUND***
2026-04-14 12:40:31,772 - INFO - Iteracja 2: condition_best: Strength <= 28.25, quality_best: 0.469, coverage_best: (p=51, n=7, P=365, N=790)
2026-04-14 12:40:31,772 - INFO - Regula po iteracji 2: IF Strength <= 28.35 AND Temperature >= 245.00 AND Strength <= 28.25 THEN class = {18.97} [17.56, 20.37], (p=51, n=7, P=365, N=790)
2026-04-14 12:40:31,772 - INFO - *****GROWING RR RULE*****
2026-04-14 12:40:31,862 - INFO - Iteracja 0: condition_best: None, quality_best: -inf, coverage_best: (p=0, n=0, P=0, N=0), p_value: 0
2026-04-14 12:40:31,862 - INFO - Regula po iteracji 0: IF  THEN class = {14.89} [11.49, 18.30], (p=767, n=388, P=767, N=388)
2026-04-14 12:40:31,862 - INFO - *****STOP GROWING RR RULE*****
2026-04-14 12:40:31,863 - INFO - ***RR NOT FOUND***
2026-04-14 12:40:31,866 - INFO - Iteracja 3: condition_best: Strength >= 22.55, quality_best: 0.466, coverage_best: (p=50, n=7, P=365, N=790)
2026-04-14 12:40:31,866 - INFO - Regula po iteracji 3: IF Strength <= 28.35 AND Temperature >= 245.00 AND Strength <= 28.25 AND Strength >= 22.55 THEN class = {18.95} [17.54, 20.35], (p=50, n=7, P=365, N=790)
2026-04-14 12:40:31,866 - INFO - *****GROWING RR RULE*****
2026-04-14 12:40:31,956 - INFO - Iteracja 0: condition_best: None, quality_best: -inf, coverage_best: (p=0, n=0, P=0, N=0), p_value: 0
2026-04-14 12:40:31,956 - INFO - Regula po iteracji 0: IF  THEN class = {14.89} [11.49, 18.30], (p=767, n=388, P=767, N=388)
2026-04-14 12:40:31,956 - INFO - *****STOP GROWING RR RULE*****
2026-04-14 12:40:31,956 - INFO - ***RR NOT FOUND***
2026-04-14 12:40:31,959 - INFO - Iteracja 4: condition_best: Strength >= 23.10, quality_best: 0.46, coverage_best: (p=48, n=7, P=365, N=790)
2026-04-14 12:40:31,959 - INFO - Regula po iteracji 4: IF Strength <= 28.35 AND Temperature >= 245.00 AND Strength <= 28.25 AND Strength >= 22.55 AND Strength >= 23.10 THEN class = {18.91} [17.49, 20.33], (p=48, n=7, P=365, N=790)
2026-04-14 12:40:31,959 - INFO - *****GROWING RR RULE*****
2026-04-14 12:40:32,046 - INFO - Iteracja 0: condition_best: None, quality_best: -inf, coverage_best: (p=0, n=0, P=0, N=0), p_value: 0
2026-04-14 12:40:32,047 - INFO - Regula po iteracji 0: IF  THEN class = {14.89} [11.49, 18.30], (p=767, n=388, P=767, N=388)
2026-04-14 12:40:32,047 - INFO - *****STOP GROWING RR RULE*****
2026-04-14 12:40:32,047 - INFO - ***RR NOT FOUND***
2026-04-14 12:40:32,047 - INFO - *******STOP GROWING CR RULE*******
2026-04-14 12:40:32,050 - INFO - *******GROWING CR RULE*******
2026-04-14 12:40:32,104 - INFO - Iteracja 0: condition_best: Strength <= 28.35, quality_best: 0.094, coverage_best: (p=271, n=206, P=583, N=572)
2026-04-14 12:40:32,104 - INFO - Regula po iteracji 0: IF Strength <= 28.35 THEN class = {16.16} [13.00, 19.33], (p=271, n=206, P=583, N=572)
2026-04-14 12:40:32,104 - INFO - *****GROWING RR RULE*****
2026-04-14 12:40:32,201 - INFO - Iteracja 0: condition_best: None, quality_best: -inf, coverage_best: (p=0, n=0, P=0, N=0), p_value: 0
2026-04-14 12:40:32,202 - INFO - Regula po iteracji 0: IF  THEN class = {14.89} [11.49, 18.30], (p=767, n=388, P=767, N=388)
2026-04-14 12:40:32,202 - INFO - *****STOP GROWING RR RULE*****
2026-04-14 12:40:32,202 - INFO - ***RR NOT FOUND***
2026-04-14 12:40:32,218 - INFO - Iteracja 1: condition_best: Temperature >= 235.00, quality_best: 0.367, coverage_best: (p=82, n=31, P=365, N=790)
2026-04-14 12:40:32,218 - INFO - Regula po iteracji 1: IF Strength <= 28.35 AND Temperature >= 235.00 THEN class = {18.23} [16.30, 20.16], (p=82, n=31, P=365, N=790)
2026-04-14 12:40:32,219 - INFO - *****GROWING RR RULE*****
2026-04-14 12:40:32,307 - INFO - Iteracja 0: condition_best: None, quality_best: -inf, coverage_best: (p=0, n=0, P=0, N=0), p_value: 0
2026-04-14 12:40:32,307 - INFO - Regula po iteracji 0: IF  THEN class = {14.89} [11.49, 18.30], (p=767, n=388, P=767, N=388)
2026-04-14 12:40:32,307 - INFO - *****STOP GROWING RR RULE*****
2026-04-14 12:40:32,307 - INFO - ***RR NOT FOUND***
2026-04-14 12:40:32,312 - INFO - Iteracja 2: condition_best: Strength <= 28.25, quality_best: 0.375, coverage_best: (p=81, n=29, P=365, N=790)
2026-04-14 12:40:32,312 - INFO - Regula po iteracji 2: IF Strength <= 28.35 AND Temperature >= 235.00 AND Strength <= 28.25 THEN class = {18.27} [16.38, 20.17], (p=81, n=29, P=365, N=790)
2026-04-14 12:40:32,313 - INFO - *****GROWING RR RULE*****
2026-04-14 12:40:32,401 - INFO - Iteracja 0: condition_best: None, quality_best: -inf, coverage_best: (p=0, n=0, P=0, N=0), p_value: 0
2026-04-14 12:40:32,401 - INFO - Regula po iteracji 0: IF  THEN class = {14.89} [11.49, 18.30], (p=767, n=388, P=767, N=388)
2026-04-14 12:40:32,401 - INFO - *****STOP GROWING RR RULE*****
2026-04-14 12:40:32,401 - INFO - ***RR NOT FOUND***
2026-04-14 12:40:32,406 - INFO - Iteracja 3: condition_best: Strength >= 20.55, quality_best: 0.372, coverage_best: (p=80, n=29, P=365, N=790)
2026-04-14 12:40:32,406 - INFO - Regula po iteracji 3: IF Strength <= 28.35 AND Temperature >= 235.00 AND Strength <= 28.25 AND Strength >= 20.55 THEN class = {18.26} [16.36, 20.16], (p=80, n=29, P=365, N=790)
2026-04-14 12:40:32,407 - INFO - *****GROWING RR RULE*****
2026-04-14 12:40:32,495 - INFO - Iteracja 0: condition_best: None, quality_best: -inf, coverage_best: (p=0, n=0, P=0, N=0), p_value: 0
2026-04-14 12:40:32,495 - INFO - Regula po iteracji 0: IF  THEN class = {14.89} [11.49, 18.30], (p=767, n=388, P=767, N=388)
2026-04-14 12:40:32,495 - INFO - *****STOP GROWING RR RULE*****
2026-04-14 12:40:32,495 - INFO - ***RR NOT FOUND***
2026-04-14 12:40:32,500 - INFO - Iteracja 4: condition_best: Strength >= 20.95, quality_best: 0.369, coverage_best: (p=79, n=29, P=365, N=790)
2026-04-14 12:40:32,500 - INFO - Regula po iteracji 4: IF Strength <= 28.35 AND Temperature >= 235.00 AND Strength <= 28.25 AND Strength >= 20.55 AND Strength >= 20.95 THEN class = {18.24} [16.34, 20.14], (p=79, n=29, P=365, N=790)
2026-04-14 12:40:32,501 - INFO - *****GROWING RR RULE*****
2026-04-14 12:40:32,589 - INFO - Iteracja 0: condition_best: None, quality_best: -inf, coverage_best: (p=0, n=0, P=0, N=0), p_value: 0
2026-04-14 12:40:32,589 - INFO - Regula po iteracji 0: IF  THEN class = {14.89} [11.49, 18.30], (p=767, n=388, P=767, N=388)
2026-04-14 12:40:32,589 - INFO - *****STOP GROWING RR RULE*****
2026-04-14 12:40:32,589 - INFO - ***RR NOT FOUND***
2026-04-14 12:40:32,589 - INFO - *******STOP GROWING CR RULE*******
2026-04-14 12:40:32,591 - INFO - *******GROWING CR RULE*******
2026-04-14 12:40:32,646 - INFO - Iteracja 0: condition_best: Strength <= 28.35, quality_best: 0.094, coverage_best: (p=271, n=206, P=583, N=572)
2026-04-14 12:40:32,646 - INFO - Regula po iteracji 0: IF Strength <= 28.35 THEN class = {16.16} [13.00, 19.33], (p=271, n=206, P=583, N=572)
2026-04-14 12:40:32,646 - INFO - *****GROWING RR RULE*****
2026-04-14 12:40:32,743 - INFO - Iteracja 0: condition_best: None, quality_best: -inf, coverage_best: (p=0, n=0, P=0, N=0), p_value: 0
2026-04-14 12:40:32,743 - INFO - Regula po iteracji 0: IF  THEN class = {14.89} [11.49, 18.30], (p=767, n=388, P=767, N=388)
2026-04-14 12:40:32,743 - INFO - *****STOP GROWING RR RULE*****
2026-04-14 12:40:32,744 - INFO - ***RR NOT FOUND***
2026-04-14 12:40:32,760 - INFO - Iteracja 1: condition_best: Temperature >= 225.00, quality_best: 0.137, coverage_best: (p=87, n=95, P=379, N=776)
2026-04-14 12:40:32,760 - INFO - Regula po iteracji 1: IF Strength <= 28.35 AND Temperature >= 225.00 THEN class = {17.73} [15.49, 19.96], (p=87, n=95, P=379, N=776)
2026-04-14 12:40:32,760 - INFO - *****GROWING RR RULE*****
2026-04-14 12:40:32,850 - INFO - Iteracja 0: condition_best: None, quality_best: -inf, coverage_best: (p=0, n=0, P=0, N=0), p_value: 0
2026-04-14 12:40:32,850 - INFO - Regula po iteracji 0: IF  THEN class = {14.89} [11.49, 18.30], (p=767, n=388, P=767, N=388)
2026-04-14 12:40:32,850 - INFO - *****STOP GROWING RR RULE*****
2026-04-14 12:40:32,850 - INFO - ***RR NOT FOUND***
2026-04-14 12:40:32,858 - INFO - Iteracja 2: condition_best: Strength >= 27.40, quality_best: 0.18, coverage_best: (p=27, n=13, P=583, N=572)
2026-04-14 12:40:32,858 - INFO - Regula po iteracji 2: IF Strength <= 28.35 AND Temperature >= 225.00 AND Strength >= 27.40 THEN class = {16.55} [13.98, 19.12], (p=27, n=13, P=583, N=572)
2026-04-14 12:40:32,858 - INFO - *****GROWING RR RULE*****
2026-04-14 12:40:32,948 - INFO - Iteracja 0: condition_best: Temperature >= 255.00, quality_best: -0.015, coverage_best: (p=347, n=181, P=767, N=388), p_value: 13
2026-04-14 12:40:32,948 - INFO - Regula po iteracji 0: IF Temperature >= 255.00 THEN class = {14.89} [11.49, 18.30], (p=347, n=181, P=767, N=388)
2026-04-14 12:40:32,990 - INFO - Iteracja 1: condition_best: None, quality_best: -inf, coverage_best: (p=0, n=0, P=0, N=0), p_value: 13
2026-04-14 12:40:32,990 - INFO - Regula po iteracji 1: IF Temperature >= 255.00 THEN class = {14.92} [11.50, 18.33], (p=347, n=181, P=767, N=388)
2026-04-14 12:40:32,990 - INFO - *****STOP GROWING RR RULE*****
2026-04-14 12:40:32,990 - INFO - ***RR FOUND***
2026-04-14 12:40:32,990 - INFO - Reference rule: IF Temperature >= 255.00 THEN class = {14.92} [11.50, 18.33]
2026-04-14 12:40:32,990 - INFO - ***CHECKING EXCEPTION***
2026-04-14 12:40:32,992 - INFO - *******STOP GROWING CR RULE*******
2026-04-14 12:40:32,995 - INFO - *******GROWING CR RULE*******
2026-04-14 12:40:33,049 - INFO - Iteracja 0: condition_best: Strength <= 28.35, quality_best: 0.094, coverage_best: (p=271, n=206, P=583, N=572)
2026-04-14 12:40:33,049 - INFO - Regula po iteracji 0: IF Strength <= 28.35 THEN class = {16.16} [13.00, 19.33], (p=271, n=206, P=583, N=572)
2026-04-14 12:40:33,049 - INFO - *****GROWING RR RULE*****
2026-04-14 12:40:33,145 - INFO - Iteracja 0: condition_best: None, quality_best: -inf, coverage_best: (p=0, n=0, P=0, N=0), p_value: 0
2026-04-14 12:40:33,146 - INFO - Regula po iteracji 0: IF  THEN class = {14.89} [11.49, 18.30], (p=767, n=388, P=767, N=388)
2026-04-14 12:40:33,146 - INFO - *****STOP GROWING RR RULE*****
2026-04-14 12:40:33,146 - INFO - ***RR NOT FOUND***
2026-04-14 12:40:33,162 - INFO - Iteracja 1: condition_best: Temperature <= 245.00, quality_best: 0.126, coverage_best: (p=247, n=170, P=583, N=572)
2026-04-14 12:40:33,162 - INFO - Regula po iteracji 1: IF Strength <= 28.35 AND Temperature <= 245.00 THEN class = {15.76} [12.62, 18.91], (p=247, n=170, P=583, N=572)
2026-04-14 12:40:33,163 - INFO - *****GROWING RR RULE*****
2026-04-14 12:40:33,254 - INFO - Iteracja 0: condition_best: None, quality_best: -inf, coverage_best: (p=0, n=0, P=0, N=0), p_value: 0
2026-04-14 12:40:33,255 - INFO - Regula po iteracji 0: IF  THEN class = {14.89} [11.49, 18.30], (p=767, n=388, P=767, N=388)
2026-04-14 12:40:33,255 - INFO - *****STOP GROWING RR RULE*****
2026-04-14 12:40:33,255 - INFO - ***RR NOT FOUND***
2026-04-14 12:40:33,270 - INFO - Iteracja 2: condition_best: Strength >= 19.25, quality_best: 0.211, coverage_best: (p=252, n=75, P=767, N=388)
2026-04-14 12:40:33,270 - INFO - Regula po iteracji 2: IF Strength <= 28.35 AND Temperature <= 245.00 AND Strength >= 19.25 THEN class = {15.03} [11.98, 18.08], (p=252, n=75, P=767, N=388)
2026-04-14 12:40:33,271 - INFO - *****GROWING RR RULE*****
2026-04-14 12:40:33,362 - INFO - Iteracja 0: condition_best: None, quality_best: -inf, coverage_best: (p=0, n=0, P=0, N=0), p_value: 0
2026-04-14 12:40:33,362 - INFO - Regula po iteracji 0: IF  THEN class = {14.89} [11.49, 18.30], (p=767, n=388, P=767, N=388)
2026-04-14 12:40:33,362 - INFO - *****STOP GROWING RR RULE*****
2026-04-14 12:40:33,363 - INFO - ***RR NOT FOUND***
2026-04-14 12:40:33,372 - INFO - Iteracja 3: condition_best: Strength <= 28.25, quality_best: 0.209, coverage_best: (p=251, n=75, P=767, N=388)
2026-04-14 12:40:33,372 - INFO - Regula po iteracji 3: IF Strength <= 28.35 AND Temperature <= 245.00 AND Strength >= 19.25 AND Strength <= 28.25 THEN class = {15.03} [11.98, 18.08], (p=251, n=75, P=767, N=388)
2026-04-14 12:40:33,373 - INFO - *****GROWING RR RULE*****
2026-04-14 12:40:33,464 - INFO - Iteracja 0: condition_best: None, quality_best: -inf, coverage_best: (p=0, n=0, P=0, N=0), p_value: 0
2026-04-14 12:40:33,465 - INFO - Regula po iteracji 0: IF  THEN class = {14.89} [11.49, 18.30], (p=767, n=388, P=767, N=388)
2026-04-14 12:40:33,465 - INFO - *****STOP GROWING RR RULE*****
2026-04-14 12:40:33,465 - INFO - ***RR NOT FOUND***
2026-04-14 12:40:33,474 - INFO - Iteracja 4: condition_best: Strength >= 19.40, quality_best: 0.206, coverage_best: (p=249, n=75, P=767, N=388)
2026-04-14 12:40:33,474 - INFO - Regula po iteracji 4: IF Strength <= 28.35 AND Temperature <= 245.00 AND Strength >= 19.25 AND Strength <= 28.25 AND Strength >= 19.40 THEN class = {15.02} [11.96, 18.08], (p=249, n=75, P=767, N=388)
2026-04-14 12:40:33,475 - INFO - *****GROWING RR RULE*****
2026-04-14 12:40:33,567 - INFO - Iteracja 0: condition_best: None, quality_best: -inf, coverage_best: (p=0, n=0, P=0, N=0), p_value: 0
2026-04-14 12:40:33,567 - INFO - Regula po iteracji 0: IF  THEN class = {14.89} [11.49, 18.30], (p=767, n=388, P=767, N=388)
2026-04-14 12:40:33,567 - INFO - *****STOP GROWING RR RULE*****
2026-04-14 12:40:33,567 - INFO - ***RR NOT FOUND***
2026-04-14 12:40:33,567 - INFO - *******STOP GROWING CR RULE*******
2026-04-14 12:40:33,570 - INFO - *******GROWING CR RULE*******
2026-04-14 12:40:33,624 - INFO - Iteracja 0: condition_best: Strength <= 28.45, quality_best: 0.093, coverage_best: (p=274, n=209, P=583, N=572)
2026-04-14 12:40:33,624 - INFO - Regula po iteracji 0: IF Strength <= 28.45 THEN class = {16.15} [12.98, 19.32], (p=274, n=209, P=583, N=572)
2026-04-14 12:40:33,624 - INFO - *****GROWING RR RULE*****
2026-04-14 12:40:33,723 - INFO - Iteracja 0: condition_best: None, quality_best: -inf, coverage_best: (p=0, n=0, P=0, N=0), p_value: 0
2026-04-14 12:40:33,723 - INFO - Regula po iteracji 0: IF  THEN class = {14.89} [11.49, 18.30], (p=767, n=388, P=767, N=388)
2026-04-14 12:40:33,723 - INFO - *****STOP GROWING RR RULE*****
2026-04-14 12:40:33,723 - INFO - ***RR NOT FOUND***
2026-04-14 12:40:33,740 - INFO - Iteracja 1: condition_best: Temperature >= 235.00, quality_best: 0.356, coverage_best: (p=84, n=34, P=365, N=790)
2026-04-14 12:40:33,740 - INFO - Regula po iteracji 1: IF Strength <= 28.45 AND Temperature >= 235.00 THEN class = {18.14} [16.11, 20.16], (p=84, n=34, P=365, N=790)
2026-04-14 12:40:33,740 - INFO - *****GROWING RR RULE*****
2026-04-14 12:40:33,829 - INFO - Iteracja 0: condition_best: None, quality_best: -inf, coverage_best: (p=0, n=0, P=0, N=0), p_value: 0
2026-04-14 12:40:33,829 - INFO - Regula po iteracji 0: IF  THEN class = {14.89} [11.49, 18.30], (p=767, n=388, P=767, N=388)
2026-04-14 12:40:33,829 - INFO - *****STOP GROWING RR RULE*****
2026-04-14 12:40:33,829 - INFO - ***RR NOT FOUND***
2026-04-14 12:40:33,834 - INFO - Iteracja 2: condition_best: Strength >= 22.30, quality_best: 0.485, coverage_best: (p=100, n=10, P=562, N=593)
2026-04-14 12:40:33,834 - INFO - Regula po iteracji 2: IF Strength <= 28.45 AND Temperature >= 235.00 AND Strength >= 22.30 THEN class = {18.00} [15.96, 20.04], (p=100, n=10, P=562, N=593)
2026-04-14 12:40:33,835 - INFO - *****GROWING RR RULE*****
2026-04-14 12:40:33,923 - INFO - Iteracja 0: condition_best: None, quality_best: -inf, coverage_best: (p=0, n=0, P=0, N=0), p_value: 0
2026-04-14 12:40:33,923 - INFO - Regula po iteracji 0: IF  THEN class = {14.89} [11.49, 18.30], (p=767, n=388, P=767, N=388)
2026-04-14 12:40:33,923 - INFO - *****STOP GROWING RR RULE*****
2026-04-14 12:40:33,923 - INFO - ***RR NOT FOUND***
2026-04-14 12:40:33,928 - INFO - Iteracja 3: condition_best: Strength >= 22.50, quality_best: 0.481, coverage_best: (p=98, n=10, P=562, N=593)
2026-04-14 12:40:33,928 - INFO - Regula po iteracji 3: IF Strength <= 28.45 AND Temperature >= 235.00 AND Strength >= 22.30 AND Strength >= 22.50 THEN class = {17.98} [15.94, 20.03], (p=98, n=10, P=562, N=593)
2026-04-14 12:40:33,928 - INFO - *****GROWING RR RULE*****
2026-04-14 12:40:34,017 - INFO - Iteracja 0: condition_best: None, quality_best: -inf, coverage_best: (p=0, n=0, P=0, N=0), p_value: 0
2026-04-14 12:40:34,017 - INFO - Regula po iteracji 0: IF  THEN class = {14.89} [11.49, 18.30], (p=767, n=388, P=767, N=388)
2026-04-14 12:40:34,017 - INFO - *****STOP GROWING RR RULE*****
2026-04-14 12:40:34,017 - INFO - ***RR NOT FOUND***
2026-04-14 12:40:34,021 - INFO - Iteracja 4: condition_best: Strength >= 22.65, quality_best: 0.48, coverage_best: (p=97, n=10, P=562, N=593)
2026-04-14 12:40:34,021 - INFO - Regula po iteracji 4: IF Strength <= 28.45 AND Temperature >= 235.00 AND Strength >= 22.30 AND Strength >= 22.50 AND Strength >= 22.65 THEN class = {17.96} [15.92, 20.01], (p=97, n=10, P=562, N=593)
2026-04-14 12:40:34,022 - INFO - *****GROWING RR RULE*****
2026-04-14 12:40:34,110 - INFO - Iteracja 0: condition_best: None, quality_best: -inf, coverage_best: (p=0, n=0, P=0, N=0), p_value: 0
2026-04-14 12:40:34,110 - INFO - Regula po iteracji 0: IF  THEN class = {14.89} [11.49, 18.30], (p=767, n=388, P=767, N=388)
2026-04-14 12:40:34,110 - INFO - *****STOP GROWING RR RULE*****
2026-04-14 12:40:34,111 - INFO - ***RR NOT FOUND***
2026-04-14 12:40:34,111 - INFO - *******STOP GROWING CR RULE*******
2026-04-14 12:40:34,113 - INFO - *******GROWING CR RULE*******
2026-04-14 12:40:34,167 - INFO - Iteracja 0: condition_best: Strength >= 34.25, quality_best: 0.092, coverage_best: (p=202, n=150, P=585, N=570)
2026-04-14 12:40:34,167 - INFO - Regula po iteracji 0: IF Strength >= 34.25 THEN class = {13.12} [10.23, 16.02], (p=202, n=150, P=585, N=570)
2026-04-14 12:40:34,167 - INFO - *****GROWING RR RULE*****
2026-04-14 12:40:34,261 - INFO - Iteracja 0: condition_best: None, quality_best: -inf, coverage_best: (p=0, n=0, P=0, N=0), p_value: 0
2026-04-14 12:40:34,262 - INFO - Regula po iteracji 0: IF  THEN class = {14.89} [11.49, 18.30], (p=767, n=388, P=767, N=388)
2026-04-14 12:40:34,262 - INFO - *****STOP GROWING RR RULE*****
2026-04-14 12:40:34,262 - INFO - ***RR NOT FOUND***
2026-04-14 12:40:34,275 - INFO - Iteracja 1: condition_best: Strength <= 42.15, quality_best: 0.144, coverage_best: (p=179, n=112, P=585, N=570)
2026-04-14 12:40:34,275 - INFO - Regula po iteracji 1: IF Strength >= 34.25 AND Strength <= 42.15 THEN class = {13.56} [10.63, 16.49], (p=179, n=112, P=585, N=570)
2026-04-14 12:40:34,275 - INFO - *****GROWING RR RULE*****
2026-04-14 12:40:34,370 - INFO - Iteracja 0: condition_best: None, quality_best: -inf, coverage_best: (p=0, n=0, P=0, N=0), p_value: 0
2026-04-14 12:40:34,371 - INFO - Regula po iteracji 0: IF  THEN class = {14.89} [11.49, 18.30], (p=767, n=388, P=767, N=388)
2026-04-14 12:40:34,371 - INFO - *****STOP GROWING RR RULE*****
2026-04-14 12:40:34,371 - INFO - ***RR NOT FOUND***
2026-04-14 12:40:34,379 - INFO - Iteracja 2: condition_best: Temperature >= 265.00, quality_best: 0.217, coverage_best: (p=156, n=75, P=585, N=570)
2026-04-14 12:40:34,379 - INFO - Regula po iteracji 2: IF Strength >= 34.25 AND Strength <= 42.15 AND Temperature >= 265.00 THEN class = {14.20} [11.34, 17.05], (p=156, n=75, P=585, N=570)
2026-04-14 12:40:34,380 - INFO - *****GROWING RR RULE*****
2026-04-14 12:40:34,470 - INFO - Iteracja 0: condition_best: None, quality_best: -inf, coverage_best: (p=0, n=0, P=0, N=0), p_value: 0
2026-04-14 12:40:34,470 - INFO - Regula po iteracji 0: IF  THEN class = {14.89} [11.49, 18.30], (p=767, n=388, P=767, N=388)
2026-04-14 12:40:34,471 - INFO - *****STOP GROWING RR RULE*****
2026-04-14 12:40:34,471 - INFO - ***RR NOT FOUND***
2026-04-14 12:40:34,478 - INFO - Iteracja 3: condition_best: Strength <= 40.00, quality_best: 0.224, coverage_best: (p=124, n=56, P=585, N=570)
2026-04-14 12:40:34,478 - INFO - Regula po iteracji 3: IF Strength >= 34.25 AND Strength <= 42.15 AND Temperature >= 265.00 AND Strength <= 40.00 THEN class = {14.73} [11.94, 17.53], (p=124, n=56, P=585, N=570)
2026-04-14 12:40:34,479 - INFO - *****GROWING RR RULE*****
2026-04-14 12:40:34,569 - INFO - Iteracja 0: condition_best: None, quality_best: -inf, coverage_best: (p=0, n=0, P=0, N=0), p_value: 0
2026-04-14 12:40:34,569 - INFO - Regula po iteracji 0: IF  THEN class = {14.89} [11.49, 18.30], (p=767, n=388, P=767, N=388)
2026-04-14 12:40:34,569 - INFO - *****STOP GROWING RR RULE*****
2026-04-14 12:40:34,569 - INFO - ***RR NOT FOUND***
2026-04-14 12:40:34,574 - INFO - Iteracja 4: condition_best: Strength <= 39.85, quality_best: 0.224, coverage_best: (p=122, n=55, P=585, N=570)
2026-04-14 12:40:34,575 - INFO - Regula po iteracji 4: IF Strength >= 34.25 AND Strength <= 42.15 AND Temperature >= 265.00 AND Strength <= 40.00 AND Strength <= 39.85 THEN class = {14.78} [11.99, 17.57], (p=122, n=55, P=585, N=570)
2026-04-14 12:40:34,575 - INFO - *****GROWING RR RULE*****
2026-04-14 12:40:34,665 - INFO - Iteracja 0: condition_best: None, quality_best: -inf, coverage_best: (p=0, n=0, P=0, N=0), p_value: 0
2026-04-14 12:40:34,665 - INFO - Regula po iteracji 0: IF  THEN class = {14.89} [11.49, 18.30], (p=767, n=388, P=767, N=388)
2026-04-14 12:40:34,665 - INFO - *****STOP GROWING RR RULE*****
2026-04-14 12:40:34,665 - INFO - ***RR NOT FOUND***
2026-04-14 12:40:34,665 - INFO - *******STOP GROWING CR RULE*******
2026-04-14 12:40:34,667 - INFO - *******GROWING CR RULE*******
2026-04-14 12:40:34,721 - INFO - Iteracja 0: condition_best: Strength <= 28.65, quality_best: 0.091, coverage_best: (p=280, n=215, P=583, N=572)
2026-04-14 12:40:34,721 - INFO - Regula po iteracji 0: IF Strength <= 28.65 THEN class = {16.12} [12.94, 19.30], (p=280, n=215, P=583, N=572)
2026-04-14 12:40:34,722 - INFO - *****GROWING RR RULE*****
2026-04-14 12:40:34,820 - INFO - Iteracja 0: condition_best: None, quality_best: -inf, coverage_best: (p=0, n=0, P=0, N=0), p_value: 0
2026-04-14 12:40:34,820 - INFO - Regula po iteracji 0: IF  THEN class = {14.89} [11.49, 18.30], (p=767, n=388, P=767, N=388)
2026-04-14 12:40:34,820 - INFO - *****STOP GROWING RR RULE*****
2026-04-14 12:40:34,820 - INFO - ***RR NOT FOUND***
2026-04-14 12:40:34,838 - INFO - Iteracja 1: condition_best: Temperature >= 245.00, quality_best: 0.431, coverage_best: (p=57, n=12, P=365, N=790)
2026-04-14 12:40:34,838 - INFO - Regula po iteracji 1: IF Strength <= 28.65 AND Temperature >= 245.00 THEN class = {18.75} [17.15, 20.35], (p=57, n=12, P=365, N=790)
2026-04-14 12:40:34,838 - INFO - *****GROWING RR RULE*****
2026-04-14 12:40:34,925 - INFO - Iteracja 0: condition_best: None, quality_best: -inf, coverage_best: (p=0, n=0, P=0, N=0), p_value: 0
2026-04-14 12:40:34,926 - INFO - Regula po iteracji 0: IF  THEN class = {14.89} [11.49, 18.30], (p=767, n=388, P=767, N=388)
2026-04-14 12:40:34,926 - INFO - *****STOP GROWING RR RULE*****
2026-04-14 12:40:34,926 - INFO - ***RR NOT FOUND***
2026-04-14 12:40:34,929 - INFO - Iteracja 2: condition_best: Strength >= 22.55, quality_best: 0.428, coverage_best: (p=56, n=12, P=365, N=790)
2026-04-14 12:40:34,929 - INFO - Regula po iteracji 2: IF Strength <= 28.65 AND Temperature >= 245.00 AND Strength >= 22.55 THEN class = {18.74} [17.13, 20.34], (p=56, n=12, P=365, N=790)
2026-04-14 12:40:34,929 - INFO - *****GROWING RR RULE*****
2026-04-14 12:40:35,017 - INFO - Iteracja 0: condition_best: None, quality_best: -inf, coverage_best: (p=0, n=0, P=0, N=0), p_value: 0
2026-04-14 12:40:35,017 - INFO - Regula po iteracji 0: IF  THEN class = {14.89} [11.49, 18.30], (p=767, n=388, P=767, N=388)
2026-04-14 12:40:35,017 - INFO - *****STOP GROWING RR RULE*****
2026-04-14 12:40:35,017 - INFO - ***RR NOT FOUND***
2026-04-14 12:40:35,021 - INFO - Iteracja 3: condition_best: Temperature <= 275.00, quality_best: 0.425, coverage_best: (p=55, n=12, P=365, N=790)
2026-04-14 12:40:35,021 - INFO - Regula po iteracji 3: IF Strength <= 28.65 AND Temperature >= 245.00 AND Strength >= 22.55 AND Temperature <= 275.00 THEN class = {18.72} [17.11, 20.33], (p=55, n=12, P=365, N=790)
2026-04-14 12:40:35,021 - INFO - *****GROWING RR RULE*****
2026-04-14 12:40:35,109 - INFO - Iteracja 0: condition_best: None, quality_best: -inf, coverage_best: (p=0, n=0, P=0, N=0), p_value: 0
2026-04-14 12:40:35,109 - INFO - Regula po iteracji 0: IF  THEN class = {14.89} [11.49, 18.30], (p=767, n=388, P=767, N=388)
2026-04-14 12:40:35,109 - INFO - *****STOP GROWING RR RULE*****
2026-04-14 12:40:35,109 - INFO - ***RR NOT FOUND***
2026-04-14 12:40:35,112 - INFO - Iteracja 4: condition_best: Strength >= 23.10, quality_best: 0.418, coverage_best: (p=53, n=12, P=365, N=790)
2026-04-14 12:40:35,112 - INFO - Regula po iteracji 4: IF Strength <= 28.65 AND Temperature >= 245.00 AND Strength >= 22.55 AND Temperature <= 275.00 AND Strength >= 23.10 THEN class = {18.68} [17.06, 20.30], (p=53, n=12, P=365, N=790)
2026-04-14 12:40:35,113 - INFO - *****GROWING RR RULE*****
2026-04-14 12:40:35,200 - INFO - Iteracja 0: condition_best: None, quality_best: -inf, coverage_best: (p=0, n=0, P=0, N=0), p_value: 0
2026-04-14 12:40:35,201 - INFO - Regula po iteracji 0: IF  THEN class = {14.89} [11.49, 18.30], (p=767, n=388, P=767, N=388)
2026-04-14 12:40:35,201 - INFO - *****STOP GROWING RR RULE*****
2026-04-14 12:40:35,201 - INFO - ***RR NOT FOUND***
2026-04-14 12:40:35,201 - INFO - *******STOP GROWING CR RULE*******
2026-04-14 12:40:35,203 - INFO - *******GROWING CR RULE*******
2026-04-14 12:40:35,257 - INFO - Iteracja 0: condition_best: Strength <= 28.65, quality_best: 0.091, coverage_best: (p=280, n=215, P=583, N=572)
2026-04-14 12:40:35,257 - INFO - Regula po iteracji 0: IF Strength <= 28.65 THEN class = {16.12} [12.94, 19.30], (p=280, n=215, P=583, N=572)
2026-04-14 12:40:35,257 - INFO - *****GROWING RR RULE*****
2026-04-14 12:40:35,356 - INFO - Iteracja 0: condition_best: None, quality_best: -inf, coverage_best: (p=0, n=0, P=0, N=0), p_value: 0
2026-04-14 12:40:35,356 - INFO - Regula po iteracji 0: IF  THEN class = {14.89} [11.49, 18.30], (p=767, n=388, P=767, N=388)
2026-04-14 12:40:35,356 - INFO - *****STOP GROWING RR RULE*****
2026-04-14 12:40:35,356 - INFO - ***RR NOT FOUND***
2026-04-14 12:40:35,373 - INFO - Iteracja 1: condition_best: Temperature >= 225.00, quality_best: 0.133, coverage_best: (p=93, n=104, P=379, N=776)
2026-04-14 12:40:35,373 - INFO - Regula po iteracji 1: IF Strength <= 28.65 AND Temperature >= 225.00 THEN class = {17.57} [15.21, 19.94], (p=93, n=104, P=379, N=776)
2026-04-14 12:40:35,373 - INFO - *****GROWING RR RULE*****
2026-04-14 12:40:35,464 - INFO - Iteracja 0: condition_best: None, quality_best: -inf, coverage_best: (p=0, n=0, P=0, N=0), p_value: 0
2026-04-14 12:40:35,464 - INFO - Regula po iteracji 0: IF  THEN class = {14.89} [11.49, 18.30], (p=767, n=388, P=767, N=388)
2026-04-14 12:40:35,464 - INFO - *****STOP GROWING RR RULE*****
2026-04-14 12:40:35,464 - INFO - ***RR NOT FOUND***
2026-04-14 12:40:35,472 - INFO - Iteracja 2: condition_best: Strength >= 26.75, quality_best: 0.181, coverage_best: (p=43, n=21, P=583, N=572)
2026-04-14 12:40:35,472 - INFO - Regula po iteracji 2: IF Strength <= 28.65 AND Temperature >= 225.00 AND Strength >= 26.75 THEN class = {16.41} [13.76, 19.06], (p=43, n=21, P=583, N=572)
2026-04-14 12:40:35,472 - INFO - *****GROWING RR RULE*****
2026-04-14 12:40:35,563 - INFO - Iteracja 0: condition_best: Temperature >= 255.00, quality_best: -0.015, coverage_best: (p=347, n=181, P=767, N=388), p_value: 20
2026-04-14 12:40:35,563 - INFO - Regula po iteracji 0: IF Temperature >= 255.00 THEN class = {14.89} [11.49, 18.30], (p=347, n=181, P=767, N=388)
2026-04-14 12:40:35,605 - INFO - Iteracja 1: condition_best: None, quality_best: -inf, coverage_best: (p=0, n=0, P=0, N=0), p_value: 20
2026-04-14 12:40:35,605 - INFO - Regula po iteracji 1: IF Temperature >= 255.00 THEN class = {14.92} [11.50, 18.33], (p=347, n=181, P=767, N=388)
2026-04-14 12:40:35,605 - INFO - *****STOP GROWING RR RULE*****
2026-04-14 12:40:35,605 - INFO - ***RR FOUND***
2026-04-14 12:40:35,606 - INFO - Reference rule: IF Temperature >= 255.00 THEN class = {14.92} [11.50, 18.33]
2026-04-14 12:40:35,606 - INFO - ***CHECKING EXCEPTION***
2026-04-14 12:40:35,607 - INFO - *******STOP GROWING CR RULE*******
2026-04-14 12:40:35,609 - INFO - *******GROWING CR RULE*******
2026-04-14 12:40:35,663 - INFO - Iteracja 0: condition_best: Strength <= 30.00, quality_best: 0.089, coverage_best: (p=313, n=244, P=583, N=572)
2026-04-14 12:40:35,664 - INFO - Regula po iteracji 0: IF Strength <= 30.00 THEN class = {16.00} [12.79, 19.21], (p=313, n=244, P=583, N=572)
2026-04-14 12:40:35,664 - INFO - *****GROWING RR RULE*****
2026-04-14 12:40:35,761 - INFO - Iteracja 0: condition_best: None, quality_best: -inf, coverage_best: (p=0, n=0, P=0, N=0), p_value: 0
2026-04-14 12:40:35,762 - INFO - Regula po iteracji 0: IF  THEN class = {14.89} [11.49, 18.30], (p=767, n=388, P=767, N=388)
2026-04-14 12:40:35,762 - INFO - *****STOP GROWING RR RULE*****
2026-04-14 12:40:35,762 - INFO - ***RR NOT FOUND***
2026-04-14 12:40:35,781 - INFO - Iteracja 1: condition_best: Temperature >= 255.00, quality_best: 0.457, coverage_best: (p=47, n=7, P=365, N=790)
2026-04-14 12:40:35,781 - INFO - Regula po iteracji 1: IF Strength <= 30.00 AND Temperature >= 255.00 THEN class = {18.96} [17.54, 20.39], (p=47, n=7, P=365, N=790)
2026-04-14 12:40:35,782 - INFO - *****GROWING RR RULE*****
2026-04-14 12:40:35,869 - INFO - Iteracja 0: condition_best: None, quality_best: -inf, coverage_best: (p=0, n=0, P=0, N=0), p_value: 0
2026-04-14 12:40:35,869 - INFO - Regula po iteracji 0: IF  THEN class = {14.89} [11.49, 18.30], (p=767, n=388, P=767, N=388)
2026-04-14 12:40:35,869 - INFO - *****STOP GROWING RR RULE*****
2026-04-14 12:40:35,869 - INFO - ***RR NOT FOUND***
2026-04-14 12:40:35,872 - INFO - Iteracja 2: condition_best: Strength <= 29.00, quality_best: 0.493, coverage_best: (p=38, n=3, P=365, N=790)
2026-04-14 12:40:35,872 - INFO - Regula po iteracji 2: IF Strength <= 30.00 AND Temperature >= 255.00 AND Strength <= 29.00 THEN class = {19.22} [17.98, 20.46], (p=38, n=3, P=365, N=790)
2026-04-14 12:40:35,872 - INFO - *****GROWING RR RULE*****
2026-04-14 12:40:35,959 - INFO - Iteracja 0: condition_best: None, quality_best: -inf, coverage_best: (p=0, n=0, P=0, N=0), p_value: 0
2026-04-14 12:40:35,960 - INFO - Regula po iteracji 0: IF  THEN class = {14.89} [11.49, 18.30], (p=767, n=388, P=767, N=388)
2026-04-14 12:40:35,960 - INFO - *****STOP GROWING RR RULE*****
2026-04-14 12:40:35,960 - INFO - ***RR NOT FOUND***
2026-04-14 12:40:35,962 - INFO - Iteracja 3: condition_best: Strength <= 28.75, quality_best: 0.488, coverage_best: (p=36, n=3, P=365, N=790)
2026-04-14 12:40:35,962 - INFO - Regula po iteracji 3: IF Strength <= 30.00 AND Temperature >= 255.00 AND Strength <= 29.00 AND Strength <= 28.75 THEN class = {19.23} [17.98, 20.48], (p=36, n=3, P=365, N=790)
2026-04-14 12:40:35,962 - INFO - *****GROWING RR RULE*****
2026-04-14 12:40:36,049 - INFO - Iteracja 0: condition_best: None, quality_best: -inf, coverage_best: (p=0, n=0, P=0, N=0), p_value: 0
2026-04-14 12:40:36,049 - INFO - Regula po iteracji 0: IF  THEN class = {14.89} [11.49, 18.30], (p=767, n=388, P=767, N=388)
2026-04-14 12:40:36,050 - INFO - *****STOP GROWING RR RULE*****
2026-04-14 12:40:36,050 - INFO - ***RR NOT FOUND***
2026-04-14 12:40:36,052 - INFO - Iteracja 4: condition_best: Strength >= 25.20, quality_best: 0.482, coverage_best: (p=34, n=3, P=365, N=790)
2026-04-14 12:40:36,052 - INFO - Regula po iteracji 4: IF Strength <= 30.00 AND Temperature >= 255.00 AND Strength <= 29.00 AND Strength <= 28.75 AND Strength >= 25.20 THEN class = {19.19} [17.92, 20.46], (p=34, n=3, P=365, N=790)
2026-04-14 12:40:36,052 - INFO - *****GROWING RR RULE*****
2026-04-14 12:40:36,139 - INFO - Iteracja 0: condition_best: None, quality_best: -inf, coverage_best: (p=0, n=0, P=0, N=0), p_value: 0
2026-04-14 12:40:36,139 - INFO - Regula po iteracji 0: IF  THEN class = {14.89} [11.49, 18.30], (p=767, n=388, P=767, N=388)
2026-04-14 12:40:36,140 - INFO - *****STOP GROWING RR RULE*****
2026-04-14 12:40:36,140 - INFO - ***RR NOT FOUND***
2026-04-14 12:40:36,140 - INFO - *******STOP GROWING CR RULE*******
2026-04-14 12:40:36,142 - INFO - *******GROWING CR RULE*******
2026-04-14 12:40:36,195 - INFO - Iteracja 0: condition_best: Strength <= 30.00, quality_best: 0.089, coverage_best: (p=313, n=244, P=583, N=572)
2026-04-14 12:40:36,195 - INFO - Regula po iteracji 0: IF Strength <= 30.00 THEN class = {16.00} [12.79, 19.21], (p=313, n=244, P=583, N=572)
2026-04-14 12:40:36,195 - INFO - *****GROWING RR RULE*****
2026-04-14 12:40:36,292 - INFO - Iteracja 0: condition_best: None, quality_best: -inf, coverage_best: (p=0, n=0, P=0, N=0), p_value: 0
2026-04-14 12:40:36,292 - INFO - Regula po iteracji 0: IF  THEN class = {14.89} [11.49, 18.30], (p=767, n=388, P=767, N=388)
2026-04-14 12:40:36,292 - INFO - *****STOP GROWING RR RULE*****
2026-04-14 12:40:36,293 - INFO - ***RR NOT FOUND***
2026-04-14 12:40:36,312 - INFO - Iteracja 1: condition_best: Temperature >= 255.00, quality_best: 0.457, coverage_best: (p=47, n=7, P=365, N=790)
2026-04-14 12:40:36,312 - INFO - Regula po iteracji 1: IF Strength <= 30.00 AND Temperature >= 255.00 THEN class = {18.96} [17.54, 20.39], (p=47, n=7, P=365, N=790)
2026-04-14 12:40:36,312 - INFO - *****GROWING RR RULE*****
2026-04-14 12:40:36,400 - INFO - Iteracja 0: condition_best: None, quality_best: -inf, coverage_best: (p=0, n=0, P=0, N=0), p_value: 0
2026-04-14 12:40:36,400 - INFO - Regula po iteracji 0: IF  THEN class = {14.89} [11.49, 18.30], (p=767, n=388, P=767, N=388)
2026-04-14 12:40:36,400 - INFO - *****STOP GROWING RR RULE*****
2026-04-14 12:40:36,400 - INFO - ***RR NOT FOUND***
2026-04-14 12:40:36,403 - INFO - Iteracja 2: condition_best: Strength <= 29.40, quality_best: 0.487, coverage_best: (p=42, n=4, P=365, N=790)
2026-04-14 12:40:36,403 - INFO - Regula po iteracji 2: IF Strength <= 30.00 AND Temperature >= 255.00 AND Strength <= 29.40 THEN class = {19.13} [17.83, 20.43], (p=42, n=4, P=365, N=790)
2026-04-14 12:40:36,403 - INFO - *****GROWING RR RULE*****
2026-04-14 12:40:36,490 - INFO - Iteracja 0: condition_best: None, quality_best: -inf, coverage_best: (p=0, n=0, P=0, N=0), p_value: 0
2026-04-14 12:40:36,490 - INFO - Regula po iteracji 0: IF  THEN class = {14.89} [11.49, 18.30], (p=767, n=388, P=767, N=388)
2026-04-14 12:40:36,490 - INFO - *****STOP GROWING RR RULE*****
2026-04-14 12:40:36,491 - INFO - ***RR NOT FOUND***
2026-04-14 12:40:36,493 - INFO - Iteracja 3: condition_best: Strength <= 29.25, quality_best: 0.481, coverage_best: (p=40, n=4, P=365, N=790)
2026-04-14 12:40:36,493 - INFO - Regula po iteracji 3: IF Strength <= 30.00 AND Temperature >= 255.00 AND Strength <= 29.40 AND Strength <= 29.25 THEN class = {19.14} [17.83, 20.44], (p=40, n=4, P=365, N=790)
2026-04-14 12:40:36,493 - INFO - *****GROWING RR RULE*****
2026-04-14 12:40:36,580 - INFO - Iteracja 0: condition_best: None, quality_best: -inf, coverage_best: (p=0, n=0, P=0, N=0), p_value: 0
2026-04-14 12:40:36,580 - INFO - Regula po iteracji 0: IF  THEN class = {14.89} [11.49, 18.30], (p=767, n=388, P=767, N=388)
2026-04-14 12:40:36,581 - INFO - *****STOP GROWING RR RULE*****
2026-04-14 12:40:36,581 - INFO - ***RR NOT FOUND***
2026-04-14 12:40:36,583 - INFO - Iteracja 4: condition_best: Strength >= 25.20, quality_best: 0.475, coverage_best: (p=38, n=4, P=365, N=790)
2026-04-14 12:40:36,583 - INFO - Regula po iteracji 4: IF Strength <= 30.00 AND Temperature >= 255.00 AND Strength <= 29.40 AND Strength <= 29.25 AND Strength >= 25.20 THEN class = {19.10} [17.77, 20.42], (p=38, n=4, P=365, N=790)
2026-04-14 12:40:36,583 - INFO - *****GROWING RR RULE*****
2026-04-14 12:40:36,670 - INFO - Iteracja 0: condition_best: None, quality_best: -inf, coverage_best: (p=0, n=0, P=0, N=0), p_value: 0
2026-04-14 12:40:36,670 - INFO - Regula po iteracji 0: IF  THEN class = {14.89} [11.49, 18.30], (p=767, n=388, P=767, N=388)
2026-04-14 12:40:36,671 - INFO - *****STOP GROWING RR RULE*****
2026-04-14 12:40:36,671 - INFO - ***RR NOT FOUND***
2026-04-14 12:40:36,671 - INFO - *******STOP GROWING CR RULE*******
2026-04-14 12:40:36,673 - INFO - *******GROWING CR RULE*******
2026-04-14 12:40:36,728 - INFO - Iteracja 0: condition_best: Strength <= 30.00, quality_best: 0.089, coverage_best: (p=313, n=244, P=583, N=572)
2026-04-14 12:40:36,728 - INFO - Regula po iteracji 0: IF Strength <= 30.00 THEN class = {16.00} [12.79, 19.21], (p=313, n=244, P=583, N=572)
2026-04-14 12:40:36,728 - INFO - *****GROWING RR RULE*****
2026-04-14 12:40:36,826 - INFO - Iteracja 0: condition_best: None, quality_best: -inf, coverage_best: (p=0, n=0, P=0, N=0), p_value: 0
2026-04-14 12:40:36,827 - INFO - Regula po iteracji 0: IF  THEN class = {14.89} [11.49, 18.30], (p=767, n=388, P=767, N=388)
2026-04-14 12:40:36,827 - INFO - *****STOP GROWING RR RULE*****
2026-04-14 12:40:36,827 - INFO - ***RR NOT FOUND***
2026-04-14 12:40:36,846 - INFO - Iteracja 1: condition_best: Temperature >= 255.00, quality_best: 0.457, coverage_best: (p=47, n=7, P=365, N=790)
2026-04-14 12:40:36,846 - INFO - Regula po iteracji 1: IF Strength <= 30.00 AND Temperature >= 255.00 THEN class = {18.96} [17.54, 20.39], (p=47, n=7, P=365, N=790)
2026-04-14 12:40:36,847 - INFO - *****GROWING RR RULE*****
2026-04-14 12:40:36,935 - INFO - Iteracja 0: condition_best: None, quality_best: -inf, coverage_best: (p=0, n=0, P=0, N=0), p_value: 0
2026-04-14 12:40:36,935 - INFO - Regula po iteracji 0: IF  THEN class = {14.89} [11.49, 18.30], (p=767, n=388, P=767, N=388)
2026-04-14 12:40:36,935 - INFO - *****STOP GROWING RR RULE*****
2026-04-14 12:40:36,935 - INFO - ***RR NOT FOUND***
2026-04-14 12:40:36,939 - INFO - Iteracja 2: condition_best: Strength <= 29.60, quality_best: 0.477, coverage_best: (p=44, n=5, P=365, N=790)
2026-04-14 12:40:36,939 - INFO - Regula po iteracji 2: IF Strength <= 30.00 AND Temperature >= 255.00 AND Strength <= 29.60 THEN class = {19.06} [17.71, 20.41], (p=44, n=5, P=365, N=790)
2026-04-14 12:40:36,939 - INFO - *****GROWING RR RULE*****
2026-04-14 12:40:37,028 - INFO - Iteracja 0: condition_best: None, quality_best: -inf, coverage_best: (p=0, n=0, P=0, N=0), p_value: 0
2026-04-14 12:40:37,028 - INFO - Regula po iteracji 0: IF  THEN class = {14.89} [11.49, 18.30], (p=767, n=388, P=767, N=388)
2026-04-14 12:40:37,028 - INFO - *****STOP GROWING RR RULE*****
2026-04-14 12:40:37,028 - INFO - ***RR NOT FOUND***
2026-04-14 12:40:37,031 - INFO - Iteracja 3: condition_best: Strength >= 25.20, quality_best: 0.471, coverage_best: (p=42, n=5, P=365, N=790)
2026-04-14 12:40:37,031 - INFO - Regula po iteracji 3: IF Strength <= 30.00 AND Temperature >= 255.00 AND Strength <= 29.60 AND Strength >= 25.20 THEN class = {19.02} [17.66, 20.38], (p=42, n=5, P=365, N=790)
2026-04-14 12:40:37,031 - INFO - *****GROWING RR RULE*****
2026-04-14 12:40:37,118 - INFO - Iteracja 0: condition_best: None, quality_best: -inf, coverage_best: (p=0, n=0, P=0, N=0), p_value: 0
2026-04-14 12:40:37,118 - INFO - Regula po iteracji 0: IF  THEN class = {14.89} [11.49, 18.30], (p=767, n=388, P=767, N=388)
2026-04-14 12:40:37,118 - INFO - *****STOP GROWING RR RULE*****
2026-04-14 12:40:37,118 - INFO - ***RR NOT FOUND***
2026-04-14 12:40:37,120 - INFO - Iteracja 4: condition_best: Strength >= 25.95, quality_best: 0.468, coverage_best: (p=41, n=5, P=365, N=790)
2026-04-14 12:40:37,121 - INFO - Regula po iteracji 4: IF Strength <= 30.00 AND Temperature >= 255.00 AND Strength <= 29.60 AND Strength >= 25.20 AND Strength >= 25.95 THEN class = {19.00} [17.63, 20.37], (p=41, n=5, P=365, N=790)
2026-04-14 12:40:37,121 - INFO - *****GROWING RR RULE*****
2026-04-14 12:40:37,208 - INFO - Iteracja 0: condition_best: None, quality_best: -inf, coverage_best: (p=0, n=0, P=0, N=0), p_value: 0
2026-04-14 12:40:37,208 - INFO - Regula po iteracji 0: IF  THEN class = {14.89} [11.49, 18.30], (p=767, n=388, P=767, N=388)
2026-04-14 12:40:37,208 - INFO - *****STOP GROWING RR RULE*****
2026-04-14 12:40:37,208 - INFO - ***RR NOT FOUND***
2026-04-14 12:40:37,208 - INFO - *******STOP GROWING CR RULE*******
2026-04-14 12:40:37,210 - INFO - *******GROWING CR RULE*******
2026-04-14 12:40:37,263 - INFO - Iteracja 0: condition_best: Strength <= 30.00, quality_best: 0.089, coverage_best: (p=313, n=244, P=583, N=572)
2026-04-14 12:40:37,263 - INFO - Regula po iteracji 0: IF Strength <= 30.00 THEN class = {16.00} [12.79, 19.21], (p=313, n=244, P=583, N=572)
2026-04-14 12:40:37,263 - INFO - *****GROWING RR RULE*****
2026-04-14 12:40:37,361 - INFO - Iteracja 0: condition_best: None, quality_best: -inf, coverage_best: (p=0, n=0, P=0, N=0), p_value: 0
2026-04-14 12:40:37,361 - INFO - Regula po iteracji 0: IF  THEN class = {14.89} [11.49, 18.30], (p=767, n=388, P=767, N=388)
2026-04-14 12:40:37,361 - INFO - *****STOP GROWING RR RULE*****
2026-04-14 12:40:37,361 - INFO - ***RR NOT FOUND***
2026-04-14 12:40:37,380 - INFO - Iteracja 1: condition_best: Temperature >= 255.00, quality_best: 0.457, coverage_best: (p=47, n=7, P=365, N=790)
2026-04-14 12:40:37,380 - INFO - Regula po iteracji 1: IF Strength <= 30.00 AND Temperature >= 255.00 THEN class = {18.96} [17.54, 20.39], (p=47, n=7, P=365, N=790)
2026-04-14 12:40:37,381 - INFO - *****GROWING RR RULE*****
2026-04-14 12:40:37,468 - INFO - Iteracja 0: condition_best: None, quality_best: -inf, coverage_best: (p=0, n=0, P=0, N=0), p_value: 0
2026-04-14 12:40:37,468 - INFO - Regula po iteracji 0: IF  THEN class = {14.89} [11.49, 18.30], (p=767, n=388, P=767, N=388)
2026-04-14 12:40:37,468 - INFO - *****STOP GROWING RR RULE*****
2026-04-14 12:40:37,468 - INFO - ***RR NOT FOUND***
2026-04-14 12:40:37,471 - INFO - Iteracja 2: condition_best: Strength >= 25.20, quality_best: 0.451, coverage_best: (p=45, n=7, P=365, N=790)
2026-04-14 12:40:37,471 - INFO - Regula po iteracji 2: IF Strength <= 30.00 AND Temperature >= 255.00 AND Strength >= 25.20 THEN class = {18.92} [17.48, 20.36], (p=45, n=7, P=365, N=790)
2026-04-14 12:40:37,472 - INFO - *****GROWING RR RULE*****
2026-04-14 12:40:37,558 - INFO - Iteracja 0: condition_best: None, quality_best: -inf, coverage_best: (p=0, n=0, P=0, N=0), p_value: 0
2026-04-14 12:40:37,558 - INFO - Regula po iteracji 0: IF  THEN class = {14.89} [11.49, 18.30], (p=767, n=388, P=767, N=388)
2026-04-14 12:40:37,559 - INFO - *****STOP GROWING RR RULE*****
2026-04-14 12:40:37,559 - INFO - ***RR NOT FOUND***
2026-04-14 12:40:37,561 - INFO - Iteracja 3: condition_best: Strength >= 25.95, quality_best: 0.448, coverage_best: (p=44, n=7, P=365, N=790)
2026-04-14 12:40:37,562 - INFO - Regula po iteracji 3: IF Strength <= 30.00 AND Temperature >= 255.00 AND Strength >= 25.20 AND Strength >= 25.95 THEN class = {18.90} [17.46, 20.35], (p=44, n=7, P=365, N=790)
2026-04-14 12:40:37,562 - INFO - *****GROWING RR RULE*****
2026-04-14 12:40:37,649 - INFO - Iteracja 0: condition_best: None, quality_best: -inf, coverage_best: (p=0, n=0, P=0, N=0), p_value: 0
2026-04-14 12:40:37,649 - INFO - Regula po iteracji 0: IF  THEN class = {14.89} [11.49, 18.30], (p=767, n=388, P=767, N=388)
2026-04-14 12:40:37,649 - INFO - *****STOP GROWING RR RULE*****
2026-04-14 12:40:37,649 - INFO - ***RR NOT FOUND***
2026-04-14 12:40:37,652 - INFO - Iteracja 4: condition_best: Strength >= 26.30, quality_best: 0.441, coverage_best: (p=42, n=7, P=365, N=790)
2026-04-14 12:40:37,652 - INFO - Regula po iteracji 4: IF Strength <= 30.00 AND Temperature >= 255.00 AND Strength >= 25.20 AND Strength >= 25.95 AND Strength >= 26.30 THEN class = {18.86} [17.40, 20.31], (p=42, n=7, P=365, N=790)
2026-04-14 12:40:37,652 - INFO - *****GROWING RR RULE*****
2026-04-14 12:40:37,740 - INFO - Iteracja 0: condition_best: None, quality_best: -inf, coverage_best: (p=0, n=0, P=0, N=0), p_value: 0
2026-04-14 12:40:37,740 - INFO - Regula po iteracji 0: IF  THEN class = {14.89} [11.49, 18.30], (p=767, n=388, P=767, N=388)
2026-04-14 12:40:37,740 - INFO - *****STOP GROWING RR RULE*****
2026-04-14 12:40:37,740 - INFO - ***RR NOT FOUND***
2026-04-14 12:40:37,740 - INFO - *******STOP GROWING CR RULE*******
2026-04-14 12:40:37,742 - INFO - *******GROWING CR RULE*******
2026-04-14 12:40:37,794 - INFO - Iteracja 0: condition_best: Strength <= 30.00, quality_best: 0.089, coverage_best: (p=313, n=244, P=583, N=572)
2026-04-14 12:40:37,794 - INFO - Regula po iteracji 0: IF Strength <= 30.00 THEN class = {16.00} [12.79, 19.21], (p=313, n=244, P=583, N=572)
2026-04-14 12:40:37,795 - INFO - *****GROWING RR RULE*****
2026-04-14 12:40:37,892 - INFO - Iteracja 0: condition_best: None, quality_best: -inf, coverage_best: (p=0, n=0, P=0, N=0), p_value: 0
2026-04-14 12:40:37,892 - INFO - Regula po iteracji 0: IF  THEN class = {14.89} [11.49, 18.30], (p=767, n=388, P=767, N=388)
2026-04-14 12:40:37,892 - INFO - *****STOP GROWING RR RULE*****
2026-04-14 12:40:37,892 - INFO - ***RR NOT FOUND***
2026-04-14 12:40:37,912 - INFO - Iteracja 1: condition_best: Temperature >= 245.00, quality_best: 0.369, coverage_best: (p=75, n=27, P=365, N=790)
2026-04-14 12:40:37,912 - INFO - Regula po iteracji 1: IF Strength <= 30.00 AND Temperature >= 245.00 THEN class = {18.29} [16.37, 20.22], (p=75, n=27, P=365, N=790)
2026-04-14 12:40:37,912 - INFO - *****GROWING RR RULE*****
2026-04-14 12:40:38,000 - INFO - Iteracja 0: condition_best: None, quality_best: -inf, coverage_best: (p=0, n=0, P=0, N=0), p_value: 0
2026-04-14 12:40:38,001 - INFO - Regula po iteracji 0: IF  THEN class = {14.89} [11.49, 18.30], (p=767, n=388, P=767, N=388)
2026-04-14 12:40:38,001 - INFO - *****STOP GROWING RR RULE*****
2026-04-14 12:40:38,001 - INFO - ***RR NOT FOUND***
2026-04-14 12:40:38,005 - INFO - Iteracja 2: condition_best: Strength <= 29.10, quality_best: 0.411, coverage_best: (p=65, n=17, P=365, N=790)
2026-04-14 12:40:38,005 - INFO - Regula po iteracji 2: IF Strength <= 30.00 AND Temperature >= 245.00 AND Strength <= 29.10 THEN class = {18.59} [16.83, 20.34], (p=65, n=17, P=365, N=790)
2026-04-14 12:40:38,006 - INFO - *****GROWING RR RULE*****
2026-04-14 12:40:38,093 - INFO - Iteracja 0: condition_best: None, quality_best: -inf, coverage_best: (p=0, n=0, P=0, N=0), p_value: 0
2026-04-14 12:40:38,094 - INFO - Regula po iteracji 0: IF  THEN class = {14.89} [11.49, 18.30], (p=767, n=388, P=767, N=388)
2026-04-14 12:40:38,094 - INFO - *****STOP GROWING RR RULE*****
2026-04-14 12:40:38,094 - INFO - ***RR NOT FOUND***
2026-04-14 12:40:38,098 - INFO - Iteracja 3: condition_best: Strength >= 27.75, quality_best: 0.443, coverage_best: (p=33, n=3, P=562, N=593)
2026-04-14 12:40:38,098 - INFO - Regula po iteracji 3: IF Strength <= 30.00 AND Temperature >= 245.00 AND Strength <= 29.10 AND Strength >= 27.75 THEN class = {18.00} [16.00, 20.00], (p=33, n=3, P=562, N=593)
2026-04-14 12:40:38,098 - INFO - *****GROWING RR RULE*****
2026-04-14 12:40:38,185 - INFO - Iteracja 0: condition_best: None, quality_best: -inf, coverage_best: (p=0, n=0, P=0, N=0), p_value: 0
2026-04-14 12:40:38,185 - INFO - Regula po iteracji 0: IF  THEN class = {14.89} [11.49, 18.30], (p=767, n=388, P=767, N=388)
2026-04-14 12:40:38,185 - INFO - *****STOP GROWING RR RULE*****
2026-04-14 12:40:38,185 - INFO - ***RR NOT FOUND***
2026-04-14 12:40:38,187 - INFO - Iteracja 4: condition_best: Temperature <= 265.00, quality_best: 0.263, coverage_best: (p=16, n=8, P=379, N=776)
2026-04-14 12:40:38,187 - INFO - Regula po iteracji 4: IF Strength <= 30.00 AND Temperature >= 245.00 AND Strength <= 29.10 AND Strength >= 27.75 AND Temperature <= 265.00 THEN class = {17.17} [15.26, 19.07], (p=16, n=8, P=379, N=776)
2026-04-14 12:40:38,187 - INFO - *****GROWING RR RULE*****
2026-04-14 12:40:38,276 - INFO - Iteracja 0: condition_best: None, quality_best: -inf, coverage_best: (p=0, n=0, P=0, N=0), p_value: 0
2026-04-14 12:40:38,276 - INFO - Regula po iteracji 0: IF  THEN class = {14.89} [11.49, 18.30], (p=767, n=388, P=767, N=388)
2026-04-14 12:40:38,277 - INFO - *****STOP GROWING RR RULE*****
2026-04-14 12:40:38,277 - INFO - ***RR NOT FOUND***
2026-04-14 12:40:38,277 - INFO - *******STOP GROWING CR RULE*******
2026-04-14 12:40:38,279 - INFO - *******GROWING CR RULE*******
2026-04-14 12:40:38,331 - INFO - Iteracja 0: condition_best: Strength <= 30.00, quality_best: 0.089, coverage_best: (p=313, n=244, P=583, N=572)
2026-04-14 12:40:38,331 - INFO - Regula po iteracji 0: IF Strength <= 30.00 THEN class = {16.00} [12.79, 19.21], (p=313, n=244, P=583, N=572)
2026-04-14 12:40:38,332 - INFO - *****GROWING RR RULE*****
2026-04-14 12:40:38,429 - INFO - Iteracja 0: condition_best: None, quality_best: -inf, coverage_best: (p=0, n=0, P=0, N=0), p_value: 0
2026-04-14 12:40:38,429 - INFO - Regula po iteracji 0: IF  THEN class = {14.89} [11.49, 18.30], (p=767, n=388, P=767, N=388)
2026-04-14 12:40:38,429 - INFO - *****STOP GROWING RR RULE*****
2026-04-14 12:40:38,429 - INFO - ***RR NOT FOUND***
2026-04-14 12:40:38,449 - INFO - Iteracja 1: condition_best: Temperature >= 245.00, quality_best: 0.369, coverage_best: (p=75, n=27, P=365, N=790)
2026-04-14 12:40:38,449 - INFO - Regula po iteracji 1: IF Strength <= 30.00 AND Temperature >= 245.00 THEN class = {18.29} [16.37, 20.22], (p=75, n=27, P=365, N=790)
2026-04-14 12:40:38,449 - INFO - *****GROWING RR RULE*****
2026-04-14 12:40:38,537 - INFO - Iteracja 0: condition_best: None, quality_best: -inf, coverage_best: (p=0, n=0, P=0, N=0), p_value: 0
2026-04-14 12:40:38,537 - INFO - Regula po iteracji 0: IF  THEN class = {14.89} [11.49, 18.30], (p=767, n=388, P=767, N=388)
2026-04-14 12:40:38,538 - INFO - *****STOP GROWING RR RULE*****
2026-04-14 12:40:38,538 - INFO - ***RR NOT FOUND***
2026-04-14 12:40:38,542 - INFO - Iteracja 2: condition_best: Strength <= 29.85, quality_best: 0.373, coverage_best: (p=74, n=26, P=365, N=790)
2026-04-14 12:40:38,542 - INFO - Regula po iteracji 2: IF Strength <= 30.00 AND Temperature >= 245.00 AND Strength <= 29.85 THEN class = {18.32} [16.39, 20.25], (p=74, n=26, P=365, N=790)
2026-04-14 12:40:38,542 - INFO - *****GROWING RR RULE*****
2026-04-14 12:40:38,630 - INFO - Iteracja 0: condition_best: None, quality_best: -inf, coverage_best: (p=0, n=0, P=0, N=0), p_value: 0
2026-04-14 12:40:38,631 - INFO - Regula po iteracji 0: IF  THEN class = {14.89} [11.49, 18.30], (p=767, n=388, P=767, N=388)
2026-04-14 12:40:38,631 - INFO - *****STOP GROWING RR RULE*****
2026-04-14 12:40:38,631 - INFO - ***RR NOT FOUND***
2026-04-14 12:40:38,635 - INFO - Iteracja 3: condition_best: Strength >= 22.55, quality_best: 0.37, coverage_best: (p=73, n=26, P=365, N=790)
2026-04-14 12:40:38,635 - INFO - Regula po iteracji 3: IF Strength <= 30.00 AND Temperature >= 245.00 AND Strength <= 29.85 AND Strength >= 22.55 THEN class = {18.30} [16.37, 20.24], (p=73, n=26, P=365, N=790)
2026-04-14 12:40:38,636 - INFO - *****GROWING RR RULE*****
2026-04-14 12:40:38,724 - INFO - Iteracja 0: condition_best: None, quality_best: -inf, coverage_best: (p=0, n=0, P=0, N=0), p_value: 0
2026-04-14 12:40:38,724 - INFO - Regula po iteracji 0: IF  THEN class = {14.89} [11.49, 18.30], (p=767, n=388, P=767, N=388)
2026-04-14 12:40:38,724 - INFO - *****STOP GROWING RR RULE*****
2026-04-14 12:40:38,724 - INFO - ***RR NOT FOUND***
2026-04-14 12:40:38,728 - INFO - Iteracja 4: condition_best: Strength <= 29.75, quality_best: 0.363, coverage_best: (p=71, n=26, P=365, N=790)
2026-04-14 12:40:38,728 - INFO - Regula po iteracji 4: IF Strength <= 30.00 AND Temperature >= 245.00 AND Strength <= 29.85 AND Strength >= 22.55 AND Strength <= 29.75 THEN class = {18.29} [16.34, 20.24], (p=71, n=26, P=365, N=790)
2026-04-14 12:40:38,729 - INFO - *****GROWING RR RULE*****
2026-04-14 12:40:38,817 - INFO - Iteracja 0: condition_best: None, quality_best: -inf, coverage_best: (p=0, n=0, P=0, N=0), p_value: 0
2026-04-14 12:40:38,817 - INFO - Regula po iteracji 0: IF  THEN class = {14.89} [11.49, 18.30], (p=767, n=388, P=767, N=388)
2026-04-14 12:40:38,817 - INFO - *****STOP GROWING RR RULE*****
2026-04-14 12:40:38,817 - INFO - ***RR NOT FOUND***
2026-04-14 12:40:38,817 - INFO - *******STOP GROWING CR RULE*******
2026-04-14 12:40:38,820 - INFO - *******GROWING CR RULE*******
2026-04-14 12:40:38,872 - INFO - Iteracja 0: condition_best: Strength <= 30.00, quality_best: 0.089, coverage_best: (p=313, n=244, P=583, N=572)
2026-04-14 12:40:38,872 - INFO - Regula po iteracji 0: IF Strength <= 30.00 THEN class = {16.00} [12.79, 19.21], (p=313, n=244, P=583, N=572)
2026-04-14 12:40:38,872 - INFO - *****GROWING RR RULE*****
2026-04-14 12:40:38,969 - INFO - Iteracja 0: condition_best: None, quality_best: -inf, coverage_best: (p=0, n=0, P=0, N=0), p_value: 0
2026-04-14 12:40:38,969 - INFO - Regula po iteracji 0: IF  THEN class = {14.89} [11.49, 18.30], (p=767, n=388, P=767, N=388)
2026-04-14 12:40:38,969 - INFO - *****STOP GROWING RR RULE*****
2026-04-14 12:40:38,970 - INFO - ***RR NOT FOUND***
2026-04-14 12:40:38,989 - INFO - Iteracja 1: condition_best: Strength >= 29.75, quality_best: 0.204, coverage_best: (p=8, n=2, P=767, N=388)
2026-04-14 12:40:38,989 - INFO - Regula po iteracji 1: IF Strength <= 30.00 AND Strength >= 29.75 THEN class = {15.00} [12.00, 18.00], (p=8, n=2, P=767, N=388)
2026-04-14 12:40:38,989 - INFO - *****GROWING RR RULE*****
2026-04-14 12:40:39,080 - INFO - Iteracja 0: condition_best: None, quality_best: -inf, coverage_best: (p=0, n=0, P=0, N=0), p_value: 0
2026-04-14 12:40:39,080 - INFO - Regula po iteracji 0: IF  THEN class = {14.89} [11.49, 18.30], (p=767, n=388, P=767, N=388)
2026-04-14 12:40:39,080 - INFO - *****STOP GROWING RR RULE*****
2026-04-14 12:40:39,080 - INFO - ***RR NOT FOUND***
2026-04-14 12:40:39,081 - INFO - Iteracja 2: condition_best: Temperature <= 245.00, quality_best: 0.252, coverage_best: (p=4, n=2, P=388, N=767)
2026-04-14 12:40:39,081 - INFO - Regula po iteracji 2: IF Strength <= 30.00 AND Strength >= 29.75 AND Temperature <= 245.00 THEN class = {13.00} [11.09, 14.91], (p=4, n=2, P=388, N=767)
2026-04-14 12:40:39,081 - INFO - *****GROWING RR RULE*****
2026-04-14 12:40:39,169 - INFO - Iteracja 0: condition_best: None, quality_best: -inf, coverage_best: (p=0, n=0, P=0, N=0), p_value: 0
2026-04-14 12:40:39,169 - INFO - Regula po iteracji 0: IF  THEN class = {14.89} [11.49, 18.30], (p=767, n=388, P=767, N=388)
2026-04-14 12:40:39,169 - INFO - *****STOP GROWING RR RULE*****
2026-04-14 12:40:39,169 - INFO - ***RR NOT FOUND***
2026-04-14 12:40:39,170 - INFO - Iteracja 3: condition_best: None, quality_best: -inf, coverage_best: (p=0, n=0, P=0, N=0)
2026-04-14 12:40:39,170 - INFO - Regula po iteracji 3: IF Strength <= 30.00 AND Strength >= 29.75 AND Temperature <= 245.00 THEN class = {13.00} [11.09, 14.91], (p=4, n=2, P=388, N=767)
2026-04-14 12:40:39,170 - INFO - *******STOP GROWING CR RULE*******
2026-04-14 12:40:39,172 - INFO - *******GROWING CR RULE*******
2026-04-14 12:40:39,223 - INFO - Iteracja 0: condition_best: Strength <= 30.00, quality_best: 0.089, coverage_best: (p=313, n=244, P=583, N=572)
2026-04-14 12:40:39,224 - INFO - Regula po iteracji 0: IF Strength <= 30.00 THEN class = {16.00} [12.79, 19.21], (p=313, n=244, P=583, N=572)
2026-04-14 12:40:39,224 - INFO - *****GROWING RR RULE*****
2026-04-14 12:40:39,321 - INFO - Iteracja 0: condition_best: None, quality_best: -inf, coverage_best: (p=0, n=0, P=0, N=0), p_value: 0
2026-04-14 12:40:39,321 - INFO - Regula po iteracji 0: IF  THEN class = {14.89} [11.49, 18.30], (p=767, n=388, P=767, N=388)
2026-04-14 12:40:39,321 - INFO - *****STOP GROWING RR RULE*****
2026-04-14 12:40:39,321 - INFO - ***RR NOT FOUND***
2026-04-14 12:40:39,340 - INFO - Iteracja 1: condition_best: Strength >= 29.40, quality_best: 0.154, coverage_best: (p=17, n=9, P=585, N=570)
2026-04-14 12:40:39,341 - INFO - Regula po iteracji 1: IF Strength <= 30.00 AND Strength >= 29.40 THEN class = {14.77} [11.78, 17.76], (p=17, n=9, P=585, N=570)
2026-04-14 12:40:39,341 - INFO - *****GROWING RR RULE*****
2026-04-14 12:40:39,432 - INFO - Iteracja 0: condition_best: Temperature <= 235.00, quality_best: 0.015, coverage_best: (p=282, n=138, P=767, N=388), p_value: 7
2026-04-14 12:40:39,432 - INFO - Regula po iteracji 0: IF Temperature <= 235.00 THEN class = {14.89} [11.49, 18.30], (p=282, n=138, P=767, N=388)
2026-04-14 12:40:39,468 - INFO - Iteracja 1: condition_best: None, quality_best: -inf, coverage_best: (p=0, n=0, P=0, N=0), p_value: 7
2026-04-14 12:40:39,469 - INFO - Regula po iteracji 1: IF Temperature <= 235.00 THEN class = {14.91} [11.51, 18.31], (p=282, n=138, P=767, N=388)
2026-04-14 12:40:39,469 - INFO - *****STOP GROWING RR RULE*****
2026-04-14 12:40:39,469 - INFO - ***RR FOUND***
2026-04-14 12:40:39,469 - INFO - Reference rule: IF Temperature <= 235.00 THEN class = {14.91} [11.51, 18.31]
2026-04-14 12:40:39,469 - INFO - ***CHECKING EXCEPTION***
2026-04-14 12:40:39,470 - INFO - *******STOP GROWING CR RULE*******
2026-04-14 12:40:39,472 - INFO - *******GROWING CR RULE*******
2026-04-14 12:40:39,525 - INFO - Iteracja 0: condition_best: Strength <= 30.00, quality_best: 0.089, coverage_best: (p=313, n=244, P=583, N=572)
2026-04-14 12:40:39,525 - INFO - Regula po iteracji 0: IF Strength <= 30.00 THEN class = {16.00} [12.79, 19.21], (p=313, n=244, P=583, N=572)
2026-04-14 12:40:39,525 - INFO - *****GROWING RR RULE*****
2026-04-14 12:40:39,623 - INFO - Iteracja 0: condition_best: None, quality_best: -inf, coverage_best: (p=0, n=0, P=0, N=0), p_value: 0
2026-04-14 12:40:39,623 - INFO - Regula po iteracji 0: IF  THEN class = {14.89} [11.49, 18.30], (p=767, n=388, P=767, N=388)
2026-04-14 12:40:39,623 - INFO - *****STOP GROWING RR RULE*****
2026-04-14 12:40:39,623 - INFO - ***RR NOT FOUND***
2026-04-14 12:40:39,642 - INFO - Iteracja 1: condition_best: Temperature >= 235.00, quality_best: 0.125, coverage_best: (p=79, n=90, P=379, N=776)
2026-04-14 12:40:39,642 - INFO - Regula po iteracji 1: IF Strength <= 30.00 AND Temperature >= 235.00 THEN class = {17.67} [15.37, 19.97], (p=79, n=90, P=379, N=776)
2026-04-14 12:40:39,643 - INFO - *****GROWING RR RULE*****
2026-04-14 12:40:39,748 - INFO - Iteracja 0: condition_best: Strength <= 22.25, quality_best: 0.17, coverage_best: (p=95, n=91, P=379, N=776), p_value: 8
2026-04-14 12:40:39,748 - INFO - Regula po iteracji 0: IF Strength <= 22.25 THEN class = {14.89} [11.49, 18.30], (p=95, n=91, P=379, N=776)
2026-04-14 12:40:39,762 - INFO - Iteracja 1: condition_best: None, quality_best: -inf, coverage_best: (p=0, n=0, P=0, N=0), p_value: 8
2026-04-14 12:40:39,763 - INFO - Regula po iteracji 1: IF Strength <= 22.25 THEN class = {17.65} [15.39, 19.90], (p=95, n=91, P=379, N=776)
2026-04-14 12:40:39,763 - INFO - *****STOP GROWING RR RULE*****
2026-04-14 12:40:39,763 - INFO - ***RR FOUND***
2026-04-14 12:40:39,763 - INFO - Reference rule: IF Strength <= 22.25 THEN class = {17.65} [15.39, 19.90]
2026-04-14 12:40:39,763 - INFO - ***CHECKING EXCEPTION***
2026-04-14 12:40:39,764 - INFO - *******STOP GROWING CR RULE*******
2026-04-14 12:40:39,766 - INFO - *******GROWING CR RULE*******
2026-04-14 12:40:39,818 - INFO - Iteracja 0: condition_best: Strength <= 30.00, quality_best: 0.089, coverage_best: (p=313, n=244, P=583, N=572)
2026-04-14 12:40:39,818 - INFO - Regula po iteracji 0: IF Strength <= 30.00 THEN class = {16.00} [12.79, 19.21], (p=313, n=244, P=583, N=572)
2026-04-14 12:40:39,818 - INFO - *****GROWING RR RULE*****
2026-04-14 12:40:39,916 - INFO - Iteracja 0: condition_best: None, quality_best: -inf, coverage_best: (p=0, n=0, P=0, N=0), p_value: 0
2026-04-14 12:40:39,916 - INFO - Regula po iteracji 0: IF  THEN class = {14.89} [11.49, 18.30], (p=767, n=388, P=767, N=388)
2026-04-14 12:40:39,916 - INFO - *****STOP GROWING RR RULE*****
2026-04-14 12:40:39,916 - INFO - ***RR NOT FOUND***
2026-04-14 12:40:39,935 - INFO - Iteracja 1: condition_best: Temperature >= 225.00, quality_best: 0.122, coverage_best: (p=114, n=137, P=379, N=776)
2026-04-14 12:40:39,935 - INFO - Regula po iteracji 1: IF Strength <= 30.00 AND Temperature >= 225.00 THEN class = {17.16} [14.50, 19.81], (p=114, n=137, P=379, N=776)
2026-04-14 12:40:39,935 - INFO - *****GROWING RR RULE*****
2026-04-14 12:40:40,029 - INFO - Iteracja 0: condition_best: None, quality_best: -inf, coverage_best: (p=0, n=0, P=0, N=0), p_value: 0
2026-04-14 12:40:40,029 - INFO - Regula po iteracji 0: IF  THEN class = {14.89} [11.49, 18.30], (p=767, n=388, P=767, N=388)
2026-04-14 12:40:40,029 - INFO - *****STOP GROWING RR RULE*****
2026-04-14 12:40:40,029 - INFO - ***RR NOT FOUND***
2026-04-14 12:40:40,039 - INFO - Iteracja 2: condition_best: Temperature <= 255.00, quality_best: 0.192, coverage_best: (p=130, n=67, P=583, N=572)
2026-04-14 12:40:40,039 - INFO - Regula po iteracji 2: IF Strength <= 30.00 AND Temperature >= 225.00 AND Temperature <= 255.00 THEN class = {16.66} [13.97, 19.35], (p=130, n=67, P=583, N=572)
2026-04-14 12:40:40,039 - INFO - *****GROWING RR RULE*****
2026-04-14 12:40:40,129 - INFO - Iteracja 0: condition_best: None, quality_best: -inf, coverage_best: (p=0, n=0, P=0, N=0), p_value: 0
2026-04-14 12:40:40,130 - INFO - Regula po iteracji 0: IF  THEN class = {14.89} [11.49, 18.30], (p=767, n=388, P=767, N=388)
2026-04-14 12:40:40,130 - INFO - *****STOP GROWING RR RULE*****
2026-04-14 12:40:40,130 - INFO - ***RR NOT FOUND***
2026-04-14 12:40:40,138 - INFO - Iteracja 3: condition_best: Strength >= 28.00, quality_best: 0.324, coverage_best: (p=45, n=11, P=585, N=570)
2026-04-14 12:40:40,138 - INFO - Regula po iteracji 3: IF Strength <= 30.00 AND Temperature >= 225.00 AND Temperature <= 255.00 AND Strength >= 28.00 THEN class = {14.21} [11.93, 16.50], (p=45, n=11, P=585, N=570)
2026-04-14 12:40:40,139 - INFO - *****GROWING RR RULE*****
2026-04-14 12:40:40,226 - INFO - Iteracja 0: condition_best: None, quality_best: -inf, coverage_best: (p=0, n=0, P=0, N=0), p_value: 0
2026-04-14 12:40:40,226 - INFO - Regula po iteracji 0: IF  THEN class = {14.89} [11.49, 18.30], (p=767, n=388, P=767, N=388)
2026-04-14 12:40:40,226 - INFO - *****STOP GROWING RR RULE*****
2026-04-14 12:40:40,226 - INFO - ***RR NOT FOUND***
2026-04-14 12:40:40,228 - INFO - Iteracja 4: condition_best: Strength <= 29.60, quality_best: 0.321, coverage_best: (p=37, n=9, P=585, N=570)
2026-04-14 12:40:40,228 - INFO - Regula po iteracji 4: IF Strength <= 30.00 AND Temperature >= 225.00 AND Temperature <= 255.00 AND Strength >= 28.00 AND Strength <= 29.60 THEN class = {14.26} [11.95, 16.57], (p=37, n=9, P=585, N=570)
2026-04-14 12:40:40,228 - INFO - *****GROWING RR RULE*****
2026-04-14 12:40:40,316 - INFO - Iteracja 0: condition_best: None, quality_best: -inf, coverage_best: (p=0, n=0, P=0, N=0), p_value: 0
2026-04-14 12:40:40,316 - INFO - Regula po iteracji 0: IF  THEN class = {14.89} [11.49, 18.30], (p=767, n=388, P=767, N=388)
2026-04-14 12:40:40,316 - INFO - *****STOP GROWING RR RULE*****
2026-04-14 12:40:40,316 - INFO - ***RR NOT FOUND***
2026-04-14 12:40:40,316 - INFO - *******STOP GROWING CR RULE*******
2026-04-14 12:40:40,318 - INFO - *******GROWING CR RULE*******
2026-04-14 12:40:40,370 - INFO - Iteracja 0: condition_best: Strength <= 30.00, quality_best: 0.089, coverage_best: (p=313, n=244, P=583, N=572)
2026-04-14 12:40:40,370 - INFO - Regula po iteracji 0: IF Strength <= 30.00 THEN class = {16.00} [12.79, 19.21], (p=313, n=244, P=583, N=572)
2026-04-14 12:40:40,370 - INFO - *****GROWING RR RULE*****
2026-04-14 12:40:40,468 - INFO - Iteracja 0: condition_best: None, quality_best: -inf, coverage_best: (p=0, n=0, P=0, N=0), p_value: 0
2026-04-14 12:40:40,468 - INFO - Regula po iteracji 0: IF  THEN class = {14.89} [11.49, 18.30], (p=767, n=388, P=767, N=388)
2026-04-14 12:40:40,468 - INFO - *****STOP GROWING RR RULE*****
2026-04-14 12:40:40,468 - INFO - ***RR NOT FOUND***
2026-04-14 12:40:40,488 - INFO - Iteracja 1: condition_best: Temperature >= 215.00, quality_best: 0.12, coverage_best: (p=205, n=141, P=583, N=572)
2026-04-14 12:40:40,488 - INFO - Regula po iteracji 1: IF Strength <= 30.00 AND Temperature >= 215.00 THEN class = {16.61} [13.68, 19.54], (p=205, n=141, P=583, N=572)
2026-04-14 12:40:40,488 - INFO - *****GROWING RR RULE*****
2026-04-14 12:40:40,593 - INFO - Iteracja 0: condition_best: None, quality_best: -inf, coverage_best: (p=0, n=0, P=0, N=0), p_value: 0
2026-04-14 12:40:40,593 - INFO - Regula po iteracji 0: IF  THEN class = {14.89} [11.49, 18.30], (p=767, n=388, P=767, N=388)
2026-04-14 12:40:40,593 - INFO - *****STOP GROWING RR RULE*****
2026-04-14 12:40:40,593 - INFO - ***RR NOT FOUND***
2026-04-14 12:40:40,605 - INFO - Iteracja 2: condition_best: Temperature <= 255.00, quality_best: 0.167, coverage_best: (p=184, n=108, P=583, N=572)
2026-04-14 12:40:40,605 - INFO - Regula po iteracji 2: IF Strength <= 30.00 AND Temperature >= 215.00 AND Temperature <= 255.00 THEN class = {16.17} [13.24, 19.10], (p=184, n=108, P=583, N=572)
2026-04-14 12:40:40,606 - INFO - *****GROWING RR RULE*****
2026-04-14 12:40:40,698 - INFO - Iteracja 0: condition_best: None, quality_best: -inf, coverage_best: (p=0, n=0, P=0, N=0), p_value: 0
2026-04-14 12:40:40,698 - INFO - Regula po iteracji 0: IF  THEN class = {14.89} [11.49, 18.30], (p=767, n=388, P=767, N=388)
2026-04-14 12:40:40,698 - INFO - *****STOP GROWING RR RULE*****
2026-04-14 12:40:40,698 - INFO - ***RR NOT FOUND***
2026-04-14 12:40:40,709 - INFO - Iteracja 3: condition_best: Strength >= 27.25, quality_best: 0.288, coverage_best: (p=67, n=21, P=585, N=570)
2026-04-14 12:40:40,709 - INFO - Regula po iteracji 3: IF Strength <= 30.00 AND Temperature >= 215.00 AND Temperature <= 255.00 AND Strength >= 27.25 THEN class = {13.91} [11.44, 16.38], (p=67, n=21, P=585, N=570)
2026-04-14 12:40:40,709 - INFO - *****GROWING RR RULE*****
2026-04-14 12:40:40,800 - INFO - Iteracja 0: condition_best: Temperature <= 225.00, quality_best: 0.035, coverage_best: (p=215, n=100, P=767, N=388), p_value: 16
2026-04-14 12:40:40,800 - INFO - Regula po iteracji 0: IF Temperature <= 225.00 THEN class = {14.89} [11.49, 18.30], (p=215, n=100, P=767, N=388)
2026-04-14 12:40:40,828 - INFO - Iteracja 1: condition_best: None, quality_best: -inf, coverage_best: (p=0, n=0, P=0, N=0), p_value: 16
2026-04-14 12:40:40,828 - INFO - Regula po iteracji 1: IF Temperature <= 225.00 THEN class = {14.91} [11.54, 18.27], (p=215, n=100, P=767, N=388)
2026-04-14 12:40:40,829 - INFO - *****STOP GROWING RR RULE*****
2026-04-14 12:40:40,829 - INFO - ***RR FOUND***
2026-04-14 12:40:40,829 - INFO - Reference rule: IF Temperature <= 225.00 THEN class = {14.91} [11.54, 18.27]
2026-04-14 12:40:40,829 - INFO - ***CHECKING EXCEPTION***
2026-04-14 12:40:40,830 - INFO - *******STOP GROWING CR RULE*******
2026-04-14 12:40:40,832 - INFO - *******GROWING CR RULE*******
2026-04-14 12:40:40,884 - INFO - Iteracja 0: condition_best: Strength <= 30.65, quality_best: 0.087, coverage_best: (p=339, n=267, P=583, N=572)
2026-04-14 12:40:40,884 - INFO - Regula po iteracji 0: IF Strength <= 30.65 THEN class = {15.93} [12.69, 19.17], (p=339, n=267, P=583, N=572)
2026-04-14 12:40:40,884 - INFO - *****GROWING RR RULE*****
2026-04-14 12:40:40,984 - INFO - Iteracja 0: condition_best: None, quality_best: -inf, coverage_best: (p=0, n=0, P=0, N=0), p_value: 0
2026-04-14 12:40:40,984 - INFO - Regula po iteracji 0: IF  THEN class = {14.89} [11.49, 18.30], (p=767, n=388, P=767, N=388)
2026-04-14 12:40:40,984 - INFO - *****STOP GROWING RR RULE*****
2026-04-14 12:40:40,984 - INFO - ***RR NOT FOUND***
2026-04-14 12:40:41,005 - INFO - Iteracja 1: condition_best: Temperature >= 275.00, quality_best: 0.478, coverage_best: (p=11, n=1, P=183, N=972)
2026-04-14 12:40:41,005 - INFO - Regula po iteracji 1: IF Strength <= 30.65 AND Temperature >= 275.00 THEN class = {19.83} [19.28, 20.39], (p=11, n=1, P=183, N=972)
2026-04-14 12:40:41,006 - INFO - *****GROWING RR RULE*****
2026-04-14 12:40:41,092 - INFO - Iteracja 0: condition_best: None, quality_best: -inf, coverage_best: (p=0, n=0, P=0, N=0), p_value: 0
2026-04-14 12:40:41,092 - INFO - Regula po iteracji 0: IF  THEN class = {14.89} [11.49, 18.30], (p=767, n=388, P=767, N=388)
2026-04-14 12:40:41,092 - INFO - *****STOP GROWING RR RULE*****
2026-04-14 12:40:41,092 - INFO - ***RR NOT FOUND***
2026-04-14 12:40:41,093 - INFO - Iteracja 2: condition_best: Strength >= 28.55, quality_best: 0.47, coverage_best: (p=10, n=1, P=183, N=972)
2026-04-14 12:40:41,093 - INFO - Regula po iteracji 2: IF Strength <= 30.65 AND Temperature >= 275.00 AND Strength >= 28.55 THEN class = {19.82} [19.24, 20.39], (p=10, n=1, P=183, N=972)
2026-04-14 12:40:41,094 - INFO - *****GROWING RR RULE*****
2026-04-14 12:40:41,179 - INFO - Iteracja 0: condition_best: None, quality_best: -inf, coverage_best: (p=0, n=0, P=0, N=0), p_value: 0
2026-04-14 12:40:41,179 - INFO - Regula po iteracji 0: IF  THEN class = {14.89} [11.49, 18.30], (p=767, n=388, P=767, N=388)
2026-04-14 12:40:41,179 - INFO - *****STOP GROWING RR RULE*****
2026-04-14 12:40:41,179 - INFO - ***RR NOT FOUND***
2026-04-14 12:40:41,180 - INFO - Iteracja 3: condition_best: Temperature <= 285.00, quality_best: 0.462, coverage_best: (p=9, n=1, P=183, N=972)
2026-04-14 12:40:41,180 - INFO - Regula po iteracji 3: IF Strength <= 30.65 AND Temperature >= 275.00 AND Strength >= 28.55 AND Temperature <= 285.00 THEN class = {19.80} [19.20, 20.40], (p=9, n=1, P=183, N=972)
2026-04-14 12:40:41,181 - INFO - *****GROWING RR RULE*****
2026-04-14 12:40:41,267 - INFO - Iteracja 0: condition_best: None, quality_best: -inf, coverage_best: (p=0, n=0, P=0, N=0), p_value: 0
2026-04-14 12:40:41,267 - INFO - Regula po iteracji 0: IF  THEN class = {14.89} [11.49, 18.30], (p=767, n=388, P=767, N=388)
2026-04-14 12:40:41,267 - INFO - *****STOP GROWING RR RULE*****
2026-04-14 12:40:41,267 - INFO - ***RR NOT FOUND***
2026-04-14 12:40:41,268 - INFO - Iteracja 4: condition_best: Strength >= 28.95, quality_best: 0.442, coverage_best: (p=7, n=1, P=183, N=972)
2026-04-14 12:40:41,268 - INFO - Regula po iteracji 4: IF Strength <= 30.65 AND Temperature >= 275.00 AND Strength >= 28.55 AND Temperature <= 285.00 AND Strength >= 28.95 THEN class = {19.75} [19.09, 20.41], (p=7, n=1, P=183, N=972)
2026-04-14 12:40:41,268 - INFO - *****GROWING RR RULE*****
2026-04-14 12:40:41,354 - INFO - Iteracja 0: condition_best: None, quality_best: -inf, coverage_best: (p=0, n=0, P=0, N=0), p_value: 0
2026-04-14 12:40:41,355 - INFO - Regula po iteracji 0: IF  THEN class = {14.89} [11.49, 18.30], (p=767, n=388, P=767, N=388)
2026-04-14 12:40:41,355 - INFO - *****STOP GROWING RR RULE*****
2026-04-14 12:40:41,355 - INFO - ***RR NOT FOUND***
2026-04-14 12:40:41,355 - INFO - *******STOP GROWING CR RULE*******
2026-04-14 12:40:41,357 - INFO - *******GROWING CR RULE*******
2026-04-14 12:40:41,409 - INFO - Iteracja 0: condition_best: Strength <= 30.65, quality_best: 0.087, coverage_best: (p=339, n=267, P=583, N=572)
2026-04-14 12:40:41,409 - INFO - Regula po iteracji 0: IF Strength <= 30.65 THEN class = {15.93} [12.69, 19.17], (p=339, n=267, P=583, N=572)
2026-04-14 12:40:41,409 - INFO - *****GROWING RR RULE*****
2026-04-14 12:40:41,509 - INFO - Iteracja 0: condition_best: None, quality_best: -inf, coverage_best: (p=0, n=0, P=0, N=0), p_value: 0
2026-04-14 12:40:41,509 - INFO - Regula po iteracji 0: IF  THEN class = {14.89} [11.49, 18.30], (p=767, n=388, P=767, N=388)
2026-04-14 12:40:41,509 - INFO - *****STOP GROWING RR RULE*****
2026-04-14 12:40:41,509 - INFO - ***RR NOT FOUND***
2026-04-14 12:40:41,530 - INFO - Iteracja 1: condition_best: Temperature >= 255.00, quality_best: 0.421, coverage_best: (p=63, n=15, P=365, N=790)
2026-04-14 12:40:41,530 - INFO - Regula po iteracji 1: IF Strength <= 30.65 AND Temperature >= 255.00 THEN class = {18.67} [17.04, 20.29], (p=63, n=15, P=365, N=790)
2026-04-14 12:40:41,530 - INFO - *****GROWING RR RULE*****
2026-04-14 12:40:41,619 - INFO - Iteracja 0: condition_best: None, quality_best: -inf, coverage_best: (p=0, n=0, P=0, N=0), p_value: 0
2026-04-14 12:40:41,619 - INFO - Regula po iteracji 0: IF  THEN class = {14.89} [11.49, 18.30], (p=767, n=388, P=767, N=388)
2026-04-14 12:40:41,619 - INFO - *****STOP GROWING RR RULE*****
2026-04-14 12:40:41,619 - INFO - ***RR NOT FOUND***
2026-04-14 12:40:41,623 - INFO - Iteracja 2: condition_best: Strength <= 30.25, quality_best: 0.44, coverage_best: (p=53, n=10, P=365, N=790)
2026-04-14 12:40:41,623 - INFO - Regula po iteracji 2: IF Strength <= 30.65 AND Temperature >= 255.00 AND Strength <= 30.25 THEN class = {18.86} [17.36, 20.36], (p=53, n=10, P=365, N=790)
2026-04-14 12:40:41,623 - INFO - *****GROWING RR RULE*****
2026-04-14 12:40:41,710 - INFO - Iteracja 0: condition_best: None, quality_best: -inf, coverage_best: (p=0, n=0, P=0, N=0), p_value: 0
2026-04-14 12:40:41,711 - INFO - Regula po iteracji 0: IF  THEN class = {14.89} [11.49, 18.30], (p=767, n=388, P=767, N=388)
2026-04-14 12:40:41,711 - INFO - *****STOP GROWING RR RULE*****
2026-04-14 12:40:41,711 - INFO - ***RR NOT FOUND***
2026-04-14 12:40:41,714 - INFO - Iteracja 3: condition_best: Strength >= 25.20, quality_best: 0.433, coverage_best: (p=51, n=10, P=365, N=790)
2026-04-14 12:40:41,714 - INFO - Regula po iteracji 3: IF Strength <= 30.65 AND Temperature >= 255.00 AND Strength <= 30.25 AND Strength >= 25.20 THEN class = {18.82} [17.31, 20.33], (p=51, n=10, P=365, N=790)
2026-04-14 12:40:41,714 - INFO - *****GROWING RR RULE*****
2026-04-14 12:40:41,801 - INFO - Iteracja 0: condition_best: None, quality_best: -inf, coverage_best: (p=0, n=0, P=0, N=0), p_value: 0
2026-04-14 12:40:41,802 - INFO - Regula po iteracji 0: IF  THEN class = {14.89} [11.49, 18.30], (p=767, n=388, P=767, N=388)
2026-04-14 12:40:41,802 - INFO - *****STOP GROWING RR RULE*****
2026-04-14 12:40:41,802 - INFO - ***RR NOT FOUND***
2026-04-14 12:40:41,805 - INFO - Iteracja 4: condition_best: Strength >= 25.95, quality_best: 0.43, coverage_best: (p=50, n=10, P=365, N=790)
2026-04-14 12:40:41,805 - INFO - Regula po iteracji 4: IF Strength <= 30.65 AND Temperature >= 255.00 AND Strength <= 30.25 AND Strength >= 25.20 AND Strength >= 25.95 THEN class = {18.80} [17.29, 20.31], (p=50, n=10, P=365, N=790)
2026-04-14 12:40:41,805 - INFO - *****GROWING RR RULE*****
2026-04-14 12:40:41,892 - INFO - Iteracja 0: condition_best: None, quality_best: -inf, coverage_best: (p=0, n=0, P=0, N=0), p_value: 0
2026-04-14 12:40:41,892 - INFO - Regula po iteracji 0: IF  THEN class = {14.89} [11.49, 18.30], (p=767, n=388, P=767, N=388)
2026-04-14 12:40:41,893 - INFO - *****STOP GROWING RR RULE*****
2026-04-14 12:40:41,893 - INFO - ***RR NOT FOUND***
2026-04-14 12:40:41,893 - INFO - *******STOP GROWING CR RULE*******
2026-04-14 12:40:41,895 - INFO - *******GROWING CR RULE*******
2026-04-14 12:40:41,946 - INFO - Iteracja 0: condition_best: Strength <= 30.65, quality_best: 0.087, coverage_best: (p=339, n=267, P=583, N=572)
2026-04-14 12:40:41,946 - INFO - Regula po iteracji 0: IF Strength <= 30.65 THEN class = {15.93} [12.69, 19.17], (p=339, n=267, P=583, N=572)
2026-04-14 12:40:41,947 - INFO - *****GROWING RR RULE*****
2026-04-14 12:40:42,046 - INFO - Iteracja 0: condition_best: None, quality_best: -inf, coverage_best: (p=0, n=0, P=0, N=0), p_value: 0
2026-04-14 12:40:42,046 - INFO - Regula po iteracji 0: IF  THEN class = {14.89} [11.49, 18.30], (p=767, n=388, P=767, N=388)
2026-04-14 12:40:42,046 - INFO - *****STOP GROWING RR RULE*****
2026-04-14 12:40:42,046 - INFO - ***RR NOT FOUND***
2026-04-14 12:40:42,067 - INFO - Iteracja 1: condition_best: Temperature >= 255.00, quality_best: 0.421, coverage_best: (p=63, n=15, P=365, N=790)
2026-04-14 12:40:42,067 - INFO - Regula po iteracji 1: IF Strength <= 30.65 AND Temperature >= 255.00 THEN class = {18.67} [17.04, 20.29], (p=63, n=15, P=365, N=790)
2026-04-14 12:40:42,067 - INFO - *****GROWING RR RULE*****
2026-04-14 12:40:42,156 - INFO - Iteracja 0: condition_best: None, quality_best: -inf, coverage_best: (p=0, n=0, P=0, N=0), p_value: 0
2026-04-14 12:40:42,156 - INFO - Regula po iteracji 0: IF  THEN class = {14.89} [11.49, 18.30], (p=767, n=388, P=767, N=388)
2026-04-14 12:40:42,156 - INFO - *****STOP GROWING RR RULE*****
2026-04-14 12:40:42,156 - INFO - ***RR NOT FOUND***
2026-04-14 12:40:42,159 - INFO - Iteracja 2: condition_best: Strength <= 30.55, quality_best: 0.427, coverage_best: (p=59, n=13, P=365, N=790)
2026-04-14 12:40:42,159 - INFO - Regula po iteracji 2: IF Strength <= 30.65 AND Temperature >= 255.00 AND Strength <= 30.55 THEN class = {18.72} [17.11, 20.33], (p=59, n=13, P=365, N=790)
2026-04-14 12:40:42,160 - INFO - *****GROWING RR RULE*****
2026-04-14 12:40:42,247 - INFO - Iteracja 0: condition_best: None, quality_best: -inf, coverage_best: (p=0, n=0, P=0, N=0), p_value: 0
2026-04-14 12:40:42,247 - INFO - Regula po iteracji 0: IF  THEN class = {14.89} [11.49, 18.30], (p=767, n=388, P=767, N=388)
2026-04-14 12:40:42,248 - INFO - *****STOP GROWING RR RULE*****
2026-04-14 12:40:42,248 - INFO - ***RR NOT FOUND***
2026-04-14 12:40:42,251 - INFO - Iteracja 3: condition_best: Temperature <= 285.00, quality_best: 0.424, coverage_best: (p=58, n=13, P=365, N=790)
2026-04-14 12:40:42,251 - INFO - Regula po iteracji 3: IF Strength <= 30.65 AND Temperature >= 255.00 AND Strength <= 30.55 AND Temperature <= 285.00 THEN class = {18.70} [17.09, 20.32], (p=58, n=13, P=365, N=790)
2026-04-14 12:40:42,252 - INFO - *****GROWING RR RULE*****
2026-04-14 12:40:42,339 - INFO - Iteracja 0: condition_best: None, quality_best: -inf, coverage_best: (p=0, n=0, P=0, N=0), p_value: 0
2026-04-14 12:40:42,339 - INFO - Regula po iteracji 0: IF  THEN class = {14.89} [11.49, 18.30], (p=767, n=388, P=767, N=388)
2026-04-14 12:40:42,339 - INFO - *****STOP GROWING RR RULE*****
2026-04-14 12:40:42,339 - INFO - ***RR NOT FOUND***
2026-04-14 12:40:42,343 - INFO - Iteracja 4: condition_best: Strength >= 25.20, quality_best: 0.418, coverage_best: (p=56, n=13, P=365, N=790)
2026-04-14 12:40:42,343 - INFO - Regula po iteracji 4: IF Strength <= 30.65 AND Temperature >= 255.00 AND Strength <= 30.55 AND Temperature <= 285.00 AND Strength >= 25.20 THEN class = {18.67} [17.05, 20.29], (p=56, n=13, P=365, N=790)
2026-04-14 12:40:42,343 - INFO - *****GROWING RR RULE*****
2026-04-14 12:40:42,430 - INFO - Iteracja 0: condition_best: None, quality_best: -inf, coverage_best: (p=0, n=0, P=0, N=0), p_value: 0
2026-04-14 12:40:42,430 - INFO - Regula po iteracji 0: IF  THEN class = {14.89} [11.49, 18.30], (p=767, n=388, P=767, N=388)
2026-04-14 12:40:42,431 - INFO - *****STOP GROWING RR RULE*****
2026-04-14 12:40:42,431 - INFO - ***RR NOT FOUND***
2026-04-14 12:40:42,431 - INFO - *******STOP GROWING CR RULE*******
2026-04-14 12:40:42,432 - INFO - *******GROWING CR RULE*******
2026-04-14 12:40:42,484 - INFO - Iteracja 0: condition_best: Strength <= 30.65, quality_best: 0.087, coverage_best: (p=339, n=267, P=583, N=572)
2026-04-14 12:40:42,484 - INFO - Regula po iteracji 0: IF Strength <= 30.65 THEN class = {15.93} [12.69, 19.17], (p=339, n=267, P=583, N=572)
2026-04-14 12:40:42,484 - INFO - *****GROWING RR RULE*****
2026-04-14 12:40:42,584 - INFO - Iteracja 0: condition_best: None, quality_best: -inf, coverage_best: (p=0, n=0, P=0, N=0), p_value: 0
2026-04-14 12:40:42,584 - INFO - Regula po iteracji 0: IF  THEN class = {14.89} [11.49, 18.30], (p=767, n=388, P=767, N=388)
2026-04-14 12:40:42,584 - INFO - *****STOP GROWING RR RULE*****
2026-04-14 12:40:42,584 - INFO - ***RR NOT FOUND***
2026-04-14 12:40:42,605 - INFO - Iteracja 1: condition_best: Temperature >= 255.00, quality_best: 0.421, coverage_best: (p=63, n=15, P=365, N=790)
2026-04-14 12:40:42,605 - INFO - Regula po iteracji 1: IF Strength <= 30.65 AND Temperature >= 255.00 THEN class = {18.67} [17.04, 20.29], (p=63, n=15, P=365, N=790)
2026-04-14 12:40:42,605 - INFO - *****GROWING RR RULE*****
2026-04-14 12:40:42,693 - INFO - Iteracja 0: condition_best: None, quality_best: -inf, coverage_best: (p=0, n=0, P=0, N=0), p_value: 0
2026-04-14 12:40:42,693 - INFO - Regula po iteracji 0: IF  THEN class = {14.89} [11.49, 18.30], (p=767, n=388, P=767, N=388)
2026-04-14 12:40:42,693 - INFO - *****STOP GROWING RR RULE*****
2026-04-14 12:40:42,693 - INFO - ***RR NOT FOUND***
2026-04-14 12:40:42,697 - INFO - Iteracja 2: condition_best: Strength >= 25.20, quality_best: 0.415, coverage_best: (p=61, n=15, P=365, N=790)
2026-04-14 12:40:42,697 - INFO - Regula po iteracji 2: IF Strength <= 30.65 AND Temperature >= 255.00 AND Strength >= 25.20 THEN class = {18.63} [17.00, 20.26], (p=61, n=15, P=365, N=790)
2026-04-14 12:40:42,697 - INFO - *****GROWING RR RULE*****
2026-04-14 12:40:42,785 - INFO - Iteracja 0: condition_best: None, quality_best: -inf, coverage_best: (p=0, n=0, P=0, N=0), p_value: 0
2026-04-14 12:40:42,785 - INFO - Regula po iteracji 0: IF  THEN class = {14.89} [11.49, 18.30], (p=767, n=388, P=767, N=388)
2026-04-14 12:40:42,786 - INFO - *****STOP GROWING RR RULE*****
2026-04-14 12:40:42,786 - INFO - ***RR NOT FOUND***
2026-04-14 12:40:42,789 - INFO - Iteracja 3: condition_best: Strength >= 25.95, quality_best: 0.412, coverage_best: (p=60, n=15, P=365, N=790)
2026-04-14 12:40:42,789 - INFO - Regula po iteracji 3: IF Strength <= 30.65 AND Temperature >= 255.00 AND Strength >= 25.20 AND Strength >= 25.95 THEN class = {18.61} [16.98, 20.25], (p=60, n=15, P=365, N=790)
2026-04-14 12:40:42,790 - INFO - *****GROWING RR RULE*****
2026-04-14 12:40:42,877 - INFO - Iteracja 0: condition_best: None, quality_best: -inf, coverage_best: (p=0, n=0, P=0, N=0), p_value: 0
2026-04-14 12:40:42,877 - INFO - Regula po iteracji 0: IF  THEN class = {14.89} [11.49, 18.30], (p=767, n=388, P=767, N=388)
2026-04-14 12:40:42,877 - INFO - *****STOP GROWING RR RULE*****
2026-04-14 12:40:42,878 - INFO - ***RR NOT FOUND***
2026-04-14 12:40:42,881 - INFO - Iteracja 4: condition_best: Strength >= 26.30, quality_best: 0.405, coverage_best: (p=58, n=15, P=365, N=790)
2026-04-14 12:40:42,881 - INFO - Regula po iteracji 4: IF Strength <= 30.65 AND Temperature >= 255.00 AND Strength >= 25.20 AND Strength >= 25.95 AND Strength >= 26.30 THEN class = {18.58} [16.94, 20.21], (p=58, n=15, P=365, N=790)
2026-04-14 12:40:42,881 - INFO - *****GROWING RR RULE*****
2026-04-14 12:40:42,970 - INFO - Iteracja 0: condition_best: None, quality_best: -inf, coverage_best: (p=0, n=0, P=0, N=0), p_value: 0
2026-04-14 12:40:42,970 - INFO - Regula po iteracji 0: IF  THEN class = {14.89} [11.49, 18.30], (p=767, n=388, P=767, N=388)
2026-04-14 12:40:42,970 - INFO - *****STOP GROWING RR RULE*****
2026-04-14 12:40:42,970 - INFO - ***RR NOT FOUND***
2026-04-14 12:40:42,970 - INFO - *******STOP GROWING CR RULE*******
2026-04-14 12:40:42,972 - INFO - *******GROWING CR RULE*******
2026-04-14 12:40:43,025 - INFO - Iteracja 0: condition_best: Strength <= 30.65, quality_best: 0.087, coverage_best: (p=339, n=267, P=583, N=572)
2026-04-14 12:40:43,025 - INFO - Regula po iteracji 0: IF Strength <= 30.65 THEN class = {15.93} [12.69, 19.17], (p=339, n=267, P=583, N=572)
2026-04-14 12:40:43,025 - INFO - *****GROWING RR RULE*****
2026-04-14 12:40:43,126 - INFO - Iteracja 0: condition_best: None, quality_best: -inf, coverage_best: (p=0, n=0, P=0, N=0), p_value: 0
2026-04-14 12:40:43,126 - INFO - Regula po iteracji 0: IF  THEN class = {14.89} [11.49, 18.30], (p=767, n=388, P=767, N=388)
2026-04-14 12:40:43,126 - INFO - *****STOP GROWING RR RULE*****
2026-04-14 12:40:43,127 - INFO - ***RR NOT FOUND***
2026-04-14 12:40:43,148 - INFO - Iteracja 1: condition_best: Temperature >= 245.00, quality_best: 0.344, coverage_best: (p=92, n=41, P=365, N=790)
2026-04-14 12:40:43,148 - INFO - Regula po iteracji 1: IF Strength <= 30.65 AND Temperature >= 245.00 THEN class = {18.06} [16.01, 20.11], (p=92, n=41, P=365, N=790)
2026-04-14 12:40:43,148 - INFO - *****GROWING RR RULE*****
2026-04-14 12:40:43,237 - INFO - Iteracja 0: condition_best: None, quality_best: -inf, coverage_best: (p=0, n=0, P=0, N=0), p_value: 0
2026-04-14 12:40:43,237 - INFO - Regula po iteracji 0: IF  THEN class = {14.89} [11.49, 18.30], (p=767, n=388, P=767, N=388)
2026-04-14 12:40:43,237 - INFO - *****STOP GROWING RR RULE*****
2026-04-14 12:40:43,237 - INFO - ***RR NOT FOUND***
2026-04-14 12:40:43,243 - INFO - Iteracja 2: condition_best: Strength >= 22.55, quality_best: 0.499, coverage_best: (p=120, n=12, P=562, N=593)
2026-04-14 12:40:43,243 - INFO - Regula po iteracji 2: IF Strength <= 30.65 AND Temperature >= 245.00 AND Strength >= 22.55 THEN class = {18.05} [15.99, 20.10], (p=120, n=12, P=562, N=593)
2026-04-14 12:40:43,243 - INFO - *****GROWING RR RULE*****
2026-04-14 12:40:43,332 - INFO - Iteracja 0: condition_best: None, quality_best: -inf, coverage_best: (p=0, n=0, P=0, N=0), p_value: 0
2026-04-14 12:40:43,332 - INFO - Regula po iteracji 0: IF  THEN class = {14.89} [11.49, 18.30], (p=767, n=388, P=767, N=388)
2026-04-14 12:40:43,332 - INFO - *****STOP GROWING RR RULE*****
2026-04-14 12:40:43,332 - INFO - ***RR NOT FOUND***
2026-04-14 12:40:43,338 - INFO - Iteracja 3: condition_best: Temperature <= 285.00, quality_best: 0.498, coverage_best: (p=119, n=12, P=562, N=593)
2026-04-14 12:40:43,338 - INFO - Regula po iteracji 3: IF Strength <= 30.65 AND Temperature >= 245.00 AND Strength >= 22.55 AND Temperature <= 285.00 THEN class = {18.03} [15.98, 20.08], (p=119, n=12, P=562, N=593)
2026-04-14 12:40:43,338 - INFO - *****GROWING RR RULE*****
2026-04-14 12:40:43,428 - INFO - Iteracja 0: condition_best: None, quality_best: -inf, coverage_best: (p=0, n=0, P=0, N=0), p_value: 0
2026-04-14 12:40:43,428 - INFO - Regula po iteracji 0: IF  THEN class = {14.89} [11.49, 18.30], (p=767, n=388, P=767, N=388)
2026-04-14 12:40:43,428 - INFO - *****STOP GROWING RR RULE*****
2026-04-14 12:40:43,428 - INFO - ***RR NOT FOUND***
2026-04-14 12:40:43,434 - INFO - Iteracja 4: condition_best: Strength >= 23.10, quality_best: 0.495, coverage_best: (p=117, n=12, P=562, N=593)
2026-04-14 12:40:43,434 - INFO - Regula po iteracji 4: IF Strength <= 30.65 AND Temperature >= 245.00 AND Strength >= 22.55 AND Temperature <= 285.00 AND Strength >= 23.10 THEN class = {18.00} [15.95, 20.05], (p=117, n=12, P=562, N=593)
2026-04-14 12:40:43,434 - INFO - *****GROWING RR RULE*****
2026-04-14 12:40:43,524 - INFO - Iteracja 0: condition_best: None, quality_best: -inf, coverage_best: (p=0, n=0, P=0, N=0), p_value: 0
2026-04-14 12:40:43,525 - INFO - Regula po iteracji 0: IF  THEN class = {14.89} [11.49, 18.30], (p=767, n=388, P=767, N=388)
2026-04-14 12:40:43,525 - INFO - *****STOP GROWING RR RULE*****
2026-04-14 12:40:43,525 - INFO - ***RR NOT FOUND***
2026-04-14 12:40:43,525 - INFO - *******STOP GROWING CR RULE*******
2026-04-14 12:40:43,527 - INFO - *******GROWING CR RULE*******
2026-04-14 12:40:43,579 - INFO - Iteracja 0: condition_best: Strength <= 30.65, quality_best: 0.087, coverage_best: (p=339, n=267, P=583, N=572)
2026-04-14 12:40:43,579 - INFO - Regula po iteracji 0: IF Strength <= 30.65 THEN class = {15.93} [12.69, 19.17], (p=339, n=267, P=583, N=572)
2026-04-14 12:40:43,579 - INFO - *****GROWING RR RULE*****
2026-04-14 12:40:43,679 - INFO - Iteracja 0: condition_best: None, quality_best: -inf, coverage_best: (p=0, n=0, P=0, N=0), p_value: 0
2026-04-14 12:40:43,680 - INFO - Regula po iteracji 0: IF  THEN class = {14.89} [11.49, 18.30], (p=767, n=388, P=767, N=388)
2026-04-14 12:40:43,680 - INFO - *****STOP GROWING RR RULE*****
2026-04-14 12:40:43,680 - INFO - ***RR NOT FOUND***
2026-04-14 12:40:43,701 - INFO - Iteracja 1: condition_best: Temperature >= 235.00, quality_best: 0.131, coverage_best: (p=97, n=110, P=379, N=776)
2026-04-14 12:40:43,701 - INFO - Regula po iteracji 1: IF Strength <= 30.65 AND Temperature >= 235.00 THEN class = {17.46} [15.04, 19.88], (p=97, n=110, P=379, N=776)
2026-04-14 12:40:43,701 - INFO - *****GROWING RR RULE*****
2026-04-14 12:40:43,807 - INFO - Iteracja 0: condition_best: Strength <= 22.25, quality_best: 0.17, coverage_best: (p=95, n=91, P=379, N=776), p_value: 8
2026-04-14 12:40:43,807 - INFO - Regula po iteracji 0: IF Strength <= 22.25 THEN class = {14.89} [11.49, 18.30], (p=95, n=91, P=379, N=776)
2026-04-14 12:40:43,822 - INFO - Iteracja 1: condition_best: None, quality_best: -inf, coverage_best: (p=0, n=0, P=0, N=0), p_value: 8
2026-04-14 12:40:43,822 - INFO - Regula po iteracji 1: IF Strength <= 22.25 THEN class = {17.65} [15.39, 19.90], (p=95, n=91, P=379, N=776)
2026-04-14 12:40:43,822 - INFO - *****STOP GROWING RR RULE*****
2026-04-14 12:40:43,822 - INFO - ***RR FOUND***
2026-04-14 12:40:43,822 - INFO - Reference rule: IF Strength <= 22.25 THEN class = {17.65} [15.39, 19.90]
2026-04-14 12:40:43,822 - INFO - ***CHECKING EXCEPTION***
2026-04-14 12:40:43,824 - INFO - *******STOP GROWING CR RULE*******
2026-04-14 12:40:43,825 - INFO - *******GROWING CR RULE*******
2026-04-14 12:40:43,878 - INFO - Iteracja 0: condition_best: Strength <= 30.65, quality_best: 0.087, coverage_best: (p=339, n=267, P=583, N=572)
2026-04-14 12:40:43,878 - INFO - Regula po iteracji 0: IF Strength <= 30.65 THEN class = {15.93} [12.69, 19.17], (p=339, n=267, P=583, N=572)
2026-04-14 12:40:43,878 - INFO - *****GROWING RR RULE*****
2026-04-14 12:40:43,983 - INFO - Iteracja 0: condition_best: None, quality_best: -inf, coverage_best: (p=0, n=0, P=0, N=0), p_value: 0
2026-04-14 12:40:43,984 - INFO - Regula po iteracji 0: IF  THEN class = {14.89} [11.49, 18.30], (p=767, n=388, P=767, N=388)
2026-04-14 12:40:43,984 - INFO - *****STOP GROWING RR RULE*****
2026-04-14 12:40:43,984 - INFO - ***RR NOT FOUND***
2026-04-14 12:40:44,005 - INFO - Iteracja 1: condition_best: Temperature >= 225.00, quality_best: 0.118, coverage_best: (p=132, n=164, P=379, N=776)
2026-04-14 12:40:44,005 - INFO - Regula po iteracji 1: IF Strength <= 30.65 AND Temperature >= 225.00 THEN class = {16.93} [14.12, 19.73], (p=132, n=164, P=379, N=776)
2026-04-14 12:40:44,005 - INFO - *****GROWING RR RULE*****
2026-04-14 12:40:44,101 - INFO - Iteracja 0: condition_best: None, quality_best: -inf, coverage_best: (p=0, n=0, P=0, N=0), p_value: 0
2026-04-14 12:40:44,101 - INFO - Regula po iteracji 0: IF  THEN class = {14.89} [11.49, 18.30], (p=767, n=388, P=767, N=388)
2026-04-14 12:40:44,101 - INFO - *****STOP GROWING RR RULE*****
2026-04-14 12:40:44,101 - INFO - ***RR NOT FOUND***
2026-04-14 12:40:44,112 - INFO - Iteracja 2: condition_best: Temperature <= 265.00, quality_best: 0.183, coverage_best: (p=166, n=91, P=583, N=572)
2026-04-14 12:40:44,112 - INFO - Regula po iteracji 2: IF Strength <= 30.65 AND Temperature >= 225.00 AND Temperature <= 265.00 THEN class = {16.55} [13.75, 19.36], (p=166, n=91, P=583, N=572)
2026-04-14 12:40:44,112 - INFO - *****GROWING RR RULE*****
2026-04-14 12:40:44,203 - INFO - Iteracja 0: condition_best: None, quality_best: -inf, coverage_best: (p=0, n=0, P=0, N=0), p_value: 0
2026-04-14 12:40:44,203 - INFO - Regula po iteracji 0: IF  THEN class = {14.89} [11.49, 18.30], (p=767, n=388, P=767, N=388)
2026-04-14 12:40:44,204 - INFO - *****STOP GROWING RR RULE*****
2026-04-14 12:40:44,204 - INFO - ***RR NOT FOUND***
2026-04-14 12:40:44,214 - INFO - Iteracja 3: condition_best: Strength >= 24.95, quality_best: 0.262, coverage_best: (p=127, n=50, P=583, N=572)
2026-04-14 12:40:44,214 - INFO - Regula po iteracji 3: IF Strength <= 30.65 AND Temperature >= 225.00 AND Temperature <= 265.00 AND Strength >= 24.95 THEN class = {15.59} [12.89, 18.29], (p=127, n=50, P=583, N=572)
2026-04-14 12:40:44,214 - INFO - *****GROWING RR RULE*****
2026-04-14 12:40:44,305 - INFO - Iteracja 0: condition_best: None, quality_best: -inf, coverage_best: (p=0, n=0, P=0, N=0), p_value: 0
2026-04-14 12:40:44,305 - INFO - Regula po iteracji 0: IF  THEN class = {14.89} [11.49, 18.30], (p=767, n=388, P=767, N=388)
2026-04-14 12:40:44,305 - INFO - *****STOP GROWING RR RULE*****
2026-04-14 12:40:44,305 - INFO - ***RR NOT FOUND***
2026-04-14 12:40:44,310 - INFO - Iteracja 4: condition_best: Temperature <= 245.00, quality_best: 0.277, coverage_best: (p=72, n=24, P=585, N=570)
2026-04-14 12:40:44,310 - INFO - Regula po iteracji 4: IF Strength <= 30.65 AND Temperature >= 225.00 AND Temperature <= 265.00 AND Strength >= 24.95 AND Temperature <= 245.00 THEN class = {14.29} [11.79, 16.79], (p=72, n=24, P=585, N=570)
2026-04-14 12:40:44,311 - INFO - *****GROWING RR RULE*****
2026-04-14 12:40:44,399 - INFO - Iteracja 0: condition_best: None, quality_best: -inf, coverage_best: (p=0, n=0, P=0, N=0), p_value: 0
2026-04-14 12:40:44,400 - INFO - Regula po iteracji 0: IF  THEN class = {14.89} [11.49, 18.30], (p=767, n=388, P=767, N=388)
2026-04-14 12:40:44,400 - INFO - *****STOP GROWING RR RULE*****
2026-04-14 12:40:44,400 - INFO - ***RR NOT FOUND***
2026-04-14 12:40:44,400 - INFO - *******STOP GROWING CR RULE*******
2026-04-14 12:40:44,401 - INFO - *******GROWING CR RULE*******
2026-04-14 12:40:44,452 - INFO - Iteracja 0: condition_best: Strength <= 30.65, quality_best: 0.087, coverage_best: (p=339, n=267, P=583, N=572)
2026-04-14 12:40:44,452 - INFO - Regula po iteracji 0: IF Strength <= 30.65 THEN class = {15.93} [12.69, 19.17], (p=339, n=267, P=583, N=572)
2026-04-14 12:40:44,453 - INFO - *****GROWING RR RULE*****
2026-04-14 12:40:44,553 - INFO - Iteracja 0: condition_best: None, quality_best: -inf, coverage_best: (p=0, n=0, P=0, N=0), p_value: 0
2026-04-14 12:40:44,553 - INFO - Regula po iteracji 0: IF  THEN class = {14.89} [11.49, 18.30], (p=767, n=388, P=767, N=388)
2026-04-14 12:40:44,553 - INFO - *****STOP GROWING RR RULE*****
2026-04-14 12:40:44,553 - INFO - ***RR NOT FOUND***
2026-04-14 12:40:44,574 - INFO - Iteracja 1: condition_best: Temperature <= 265.00, quality_best: 0.116, coverage_best: (p=328, n=239, P=583, N=572)
2026-04-14 12:40:44,574 - INFO - Regula po iteracji 1: IF Strength <= 30.65 AND Temperature <= 265.00 THEN class = {15.69} [12.49, 18.90], (p=328, n=239, P=583, N=572)
2026-04-14 12:40:44,574 - INFO - *****GROWING RR RULE*****
2026-04-14 12:40:44,667 - INFO - Iteracja 0: condition_best: None, quality_best: -inf, coverage_best: (p=0, n=0, P=0, N=0), p_value: 0
2026-04-14 12:40:44,668 - INFO - Regula po iteracji 0: IF  THEN class = {14.89} [11.49, 18.30], (p=767, n=388, P=767, N=388)
2026-04-14 12:40:44,668 - INFO - *****STOP GROWING RR RULE*****
2026-04-14 12:40:44,668 - INFO - ***RR NOT FOUND***
2026-04-14 12:40:44,688 - INFO - Iteracja 2: condition_best: Strength >= 28.55, quality_best: 0.183, coverage_best: (p=59, n=29, P=585, N=570)
2026-04-14 12:40:44,688 - INFO - Regula po iteracji 2: IF Strength <= 30.65 AND Temperature <= 265.00 AND Strength >= 28.55 THEN class = {13.82} [11.09, 16.54], (p=59, n=29, P=585, N=570)
2026-04-14 12:40:44,688 - INFO - *****GROWING RR RULE*****
2026-04-14 12:40:44,783 - INFO - Iteracja 0: condition_best: Temperature <= 225.00, quality_best: 0.035, coverage_best: (p=215, n=100, P=767, N=388), p_value: 12
2026-04-14 12:40:44,783 - INFO - Regula po iteracji 0: IF Temperature <= 225.00 THEN class = {14.89} [11.49, 18.30], (p=215, n=100, P=767, N=388)
2026-04-14 12:40:44,811 - INFO - Iteracja 1: condition_best: None, quality_best: -inf, coverage_best: (p=0, n=0, P=0, N=0), p_value: 12
2026-04-14 12:40:44,811 - INFO - Regula po iteracji 1: IF Temperature <= 225.00 THEN class = {14.91} [11.54, 18.27], (p=215, n=100, P=767, N=388)
2026-04-14 12:40:44,811 - INFO - *****STOP GROWING RR RULE*****
2026-04-14 12:40:44,811 - INFO - ***RR FOUND***
2026-04-14 12:40:44,812 - INFO - Reference rule: IF Temperature <= 225.00 THEN class = {14.91} [11.54, 18.27]
2026-04-14 12:40:44,812 - INFO - ***CHECKING EXCEPTION***
2026-04-14 12:40:44,813 - INFO - *******STOP GROWING CR RULE*******
2026-04-14 12:40:44,815 - INFO - *******GROWING CR RULE*******
2026-04-14 12:40:44,866 - INFO - Iteracja 0: condition_best: Strength >= 33.75, quality_best: 0.087, coverage_best: (p=218, n=165, P=585, N=570)
2026-04-14 12:40:44,866 - INFO - Regula po iteracji 0: IF Strength >= 33.75 THEN class = {13.27} [10.30, 16.24], (p=218, n=165, P=585, N=570)
2026-04-14 12:40:44,866 - INFO - *****GROWING RR RULE*****
2026-04-14 12:40:44,961 - INFO - Iteracja 0: condition_best: None, quality_best: -inf, coverage_best: (p=0, n=0, P=0, N=0), p_value: 0
2026-04-14 12:40:44,962 - INFO - Regula po iteracji 0: IF  THEN class = {14.89} [11.49, 18.30], (p=767, n=388, P=767, N=388)
2026-04-14 12:40:44,962 - INFO - *****STOP GROWING RR RULE*****
2026-04-14 12:40:44,962 - INFO - ***RR NOT FOUND***
2026-04-14 12:40:44,976 - INFO - Iteracja 1: condition_best: Temperature <= 255.00, quality_best: 0.468, coverage_best: (p=31, n=3, P=389, N=766)
2026-04-14 12:40:44,976 - INFO - Regula po iteracji 1: IF Strength >= 33.75 AND Temperature <= 255.00 THEN class = {10.94} [9.64, 12.25], (p=31, n=3, P=389, N=766)
2026-04-14 12:40:44,976 - INFO - *****GROWING RR RULE*****
2026-04-14 12:40:45,063 - INFO - Iteracja 0: condition_best: None, quality_best: -inf, coverage_best: (p=0, n=0, P=0, N=0), p_value: 0
2026-04-14 12:40:45,064 - INFO - Regula po iteracji 0: IF  THEN class = {14.89} [11.49, 18.30], (p=767, n=388, P=767, N=388)
2026-04-14 12:40:45,064 - INFO - *****STOP GROWING RR RULE*****
2026-04-14 12:40:45,064 - INFO - ***RR NOT FOUND***
2026-04-14 12:40:45,066 - INFO - Iteracja 2: condition_best: Strength >= 33.85, quality_best: 0.485, coverage_best: (p=29, n=2, P=389, N=766)
2026-04-14 12:40:45,066 - INFO - Regula po iteracji 2: IF Strength >= 33.75 AND Temperature <= 255.00 AND Strength >= 33.85 THEN class = {10.84} [9.62, 12.06], (p=29, n=2, P=389, N=766)
2026-04-14 12:40:45,067 - INFO - *****GROWING RR RULE*****
2026-04-14 12:40:45,154 - INFO - Iteracja 0: condition_best: None, quality_best: -inf, coverage_best: (p=0, n=0, P=0, N=0), p_value: 0
2026-04-14 12:40:45,154 - INFO - Regula po iteracji 0: IF  THEN class = {14.89} [11.49, 18.30], (p=767, n=388, P=767, N=388)
2026-04-14 12:40:45,154 - INFO - *****STOP GROWING RR RULE*****
2026-04-14 12:40:45,154 - INFO - ***RR NOT FOUND***
2026-04-14 12:40:45,156 - INFO - Iteracja 3: condition_best: Strength <= 37.85, quality_best: 0.482, coverage_best: (p=28, n=2, P=389, N=766)
2026-04-14 12:40:45,156 - INFO - Regula po iteracji 3: IF Strength >= 33.75 AND Temperature <= 255.00 AND Strength >= 33.85 AND Strength <= 37.85 THEN class = {10.87} [9.64, 12.10], (p=28, n=2, P=389, N=766)
2026-04-14 12:40:45,157 - INFO - *****GROWING RR RULE*****
2026-04-14 12:40:45,244 - INFO - Iteracja 0: condition_best: None, quality_best: -inf, coverage_best: (p=0, n=0, P=0, N=0), p_value: 0
2026-04-14 12:40:45,244 - INFO - Regula po iteracji 0: IF  THEN class = {14.89} [11.49, 18.30], (p=767, n=388, P=767, N=388)
2026-04-14 12:40:45,244 - INFO - *****STOP GROWING RR RULE*****
2026-04-14 12:40:45,244 - INFO - ***RR NOT FOUND***
2026-04-14 12:40:45,246 - INFO - Iteracja 4: condition_best: Strength <= 36.85, quality_best: 0.479, coverage_best: (p=27, n=2, P=389, N=766)
2026-04-14 12:40:45,246 - INFO - Regula po iteracji 4: IF Strength >= 33.75 AND Temperature <= 255.00 AND Strength >= 33.85 AND Strength <= 37.85 AND Strength <= 36.85 THEN class = {10.90} [9.66, 12.14], (p=27, n=2, P=389, N=766)
2026-04-14 12:40:45,247 - INFO - *****GROWING RR RULE*****
2026-04-14 12:40:45,333 - INFO - Iteracja 0: condition_best: None, quality_best: -inf, coverage_best: (p=0, n=0, P=0, N=0), p_value: 0
2026-04-14 12:40:45,333 - INFO - Regula po iteracji 0: IF  THEN class = {14.89} [11.49, 18.30], (p=767, n=388, P=767, N=388)
2026-04-14 12:40:45,333 - INFO - *****STOP GROWING RR RULE*****
2026-04-14 12:40:45,333 - INFO - ***RR NOT FOUND***
2026-04-14 12:40:45,333 - INFO - *******STOP GROWING CR RULE*******
2026-04-14 12:40:45,335 - INFO - *******GROWING CR RULE*******
2026-04-14 12:40:45,386 - INFO - Iteracja 0: condition_best: Strength >= 33.75, quality_best: 0.087, coverage_best: (p=218, n=165, P=585, N=570)
2026-04-14 12:40:45,386 - INFO - Regula po iteracji 0: IF Strength >= 33.75 THEN class = {13.27} [10.30, 16.24], (p=218, n=165, P=585, N=570)
2026-04-14 12:40:45,386 - INFO - *****GROWING RR RULE*****
2026-04-14 12:40:45,481 - INFO - Iteracja 0: condition_best: None, quality_best: -inf, coverage_best: (p=0, n=0, P=0, N=0), p_value: 0
2026-04-14 12:40:45,481 - INFO - Regula po iteracji 0: IF  THEN class = {14.89} [11.49, 18.30], (p=767, n=388, P=767, N=388)
2026-04-14 12:40:45,481 - INFO - *****STOP GROWING RR RULE*****
2026-04-14 12:40:45,481 - INFO - ***RR NOT FOUND***
2026-04-14 12:40:45,495 - INFO - Iteracja 1: condition_best: Temperature <= 285.00, quality_best: 0.467, coverage_best: (p=173, n=27, P=593, N=562)
2026-04-14 12:40:45,495 - INFO - Regula po iteracji 1: IF Strength >= 33.75 AND Temperature <= 285.00 THEN class = {12.26} [9.94, 14.58], (p=173, n=27, P=593, N=562)
2026-04-14 12:40:45,495 - INFO - *****GROWING RR RULE*****
2026-04-14 12:40:45,586 - INFO - Iteracja 0: condition_best: None, quality_best: -inf, coverage_best: (p=0, n=0, P=0, N=0), p_value: 0
2026-04-14 12:40:45,586 - INFO - Regula po iteracji 0: IF  THEN class = {14.89} [11.49, 18.30], (p=767, n=388, P=767, N=388)
2026-04-14 12:40:45,586 - INFO - *****STOP GROWING RR RULE*****
2026-04-14 12:40:45,586 - INFO - ***RR NOT FOUND***
2026-04-14 12:40:45,594 - INFO - Iteracja 2: condition_best: Strength >= 34.15, quality_best: 0.488, coverage_best: (p=167, n=22, P=593, N=562)
2026-04-14 12:40:45,594 - INFO - Regula po iteracji 2: IF Strength >= 33.75 AND Temperature <= 285.00 AND Strength >= 34.15 THEN class = {12.14} [9.89, 14.38], (p=167, n=22, P=593, N=562)
2026-04-14 12:40:45,594 - INFO - *****GROWING RR RULE*****
2026-04-14 12:40:45,684 - INFO - Iteracja 0: condition_best: None, quality_best: -inf, coverage_best: (p=0, n=0, P=0, N=0), p_value: 0
2026-04-14 12:40:45,684 - INFO - Regula po iteracji 0: IF  THEN class = {14.89} [11.49, 18.30], (p=767, n=388, P=767, N=388)
2026-04-14 12:40:45,684 - INFO - *****STOP GROWING RR RULE*****
2026-04-14 12:40:45,684 - INFO - ***RR NOT FOUND***
2026-04-14 12:40:45,692 - INFO - Iteracja 3: condition_best: Strength <= 43.75, quality_best: 0.486, coverage_best: (p=166, n=22, P=593, N=562)
2026-04-14 12:40:45,692 - INFO - Regula po iteracji 3: IF Strength >= 33.75 AND Temperature <= 285.00 AND Strength >= 34.15 AND Strength <= 43.75 THEN class = {12.15} [9.90, 14.39], (p=166, n=22, P=593, N=562)
2026-04-14 12:40:45,692 - INFO - *****GROWING RR RULE*****
2026-04-14 12:40:45,782 - INFO - Iteracja 0: condition_best: None, quality_best: -inf, coverage_best: (p=0, n=0, P=0, N=0), p_value: 0
2026-04-14 12:40:45,782 - INFO - Regula po iteracji 0: IF  THEN class = {14.89} [11.49, 18.30], (p=767, n=388, P=767, N=388)
2026-04-14 12:40:45,782 - INFO - *****STOP GROWING RR RULE*****
2026-04-14 12:40:45,782 - INFO - ***RR NOT FOUND***
2026-04-14 12:40:45,790 - INFO - Iteracja 4: condition_best: Strength <= 42.85, quality_best: 0.485, coverage_best: (p=165, n=22, P=593, N=562)
2026-04-14 12:40:45,790 - INFO - Regula po iteracji 4: IF Strength >= 33.75 AND Temperature <= 285.00 AND Strength >= 34.15 AND Strength <= 43.75 AND Strength <= 42.85 THEN class = {12.16} [9.91, 14.41], (p=165, n=22, P=593, N=562)
2026-04-14 12:40:45,790 - INFO - *****GROWING RR RULE*****
2026-04-14 12:40:45,880 - INFO - Iteracja 0: condition_best: None, quality_best: -inf, coverage_best: (p=0, n=0, P=0, N=0), p_value: 0
2026-04-14 12:40:45,880 - INFO - Regula po iteracji 0: IF  THEN class = {14.89} [11.49, 18.30], (p=767, n=388, P=767, N=388)
2026-04-14 12:40:45,881 - INFO - *****STOP GROWING RR RULE*****
2026-04-14 12:40:45,881 - INFO - ***RR NOT FOUND***
2026-04-14 12:40:45,881 - INFO - *******STOP GROWING CR RULE*******
2026-04-14 12:40:45,882 - INFO - *******GROWING CR RULE*******
2026-04-14 12:40:45,933 - INFO - Iteracja 0: condition_best: Strength >= 33.75, quality_best: 0.087, coverage_best: (p=218, n=165, P=585, N=570)
2026-04-14 12:40:45,933 - INFO - Regula po iteracji 0: IF Strength >= 33.75 THEN class = {13.27} [10.30, 16.24], (p=218, n=165, P=585, N=570)
2026-04-14 12:40:45,933 - INFO - *****GROWING RR RULE*****
2026-04-14 12:40:46,028 - INFO - Iteracja 0: condition_best: None, quality_best: -inf, coverage_best: (p=0, n=0, P=0, N=0), p_value: 0
2026-04-14 12:40:46,028 - INFO - Regula po iteracji 0: IF  THEN class = {14.89} [11.49, 18.30], (p=767, n=388, P=767, N=388)
2026-04-14 12:40:46,028 - INFO - *****STOP GROWING RR RULE*****
2026-04-14 12:40:46,028 - INFO - ***RR NOT FOUND***
2026-04-14 12:40:46,042 - INFO - Iteracja 1: condition_best: Temperature <= 285.00, quality_best: 0.467, coverage_best: (p=173, n=27, P=593, N=562)
2026-04-14 12:40:46,042 - INFO - Regula po iteracji 1: IF Strength >= 33.75 AND Temperature <= 285.00 THEN class = {12.26} [9.94, 14.58], (p=173, n=27, P=593, N=562)
2026-04-14 12:40:46,042 - INFO - *****GROWING RR RULE*****
2026-04-14 12:40:46,132 - INFO - Iteracja 0: condition_best: None, quality_best: -inf, coverage_best: (p=0, n=0, P=0, N=0), p_value: 0
2026-04-14 12:40:46,132 - INFO - Regula po iteracji 0: IF  THEN class = {14.89} [11.49, 18.30], (p=767, n=388, P=767, N=388)
2026-04-14 12:40:46,132 - INFO - *****STOP GROWING RR RULE*****
2026-04-14 12:40:46,132 - INFO - ***RR NOT FOUND***
2026-04-14 12:40:46,140 - INFO - Iteracja 2: condition_best: Strength <= 43.75, quality_best: 0.465, coverage_best: (p=172, n=27, P=593, N=562)
2026-04-14 12:40:46,140 - INFO - Regula po iteracji 2: IF Strength >= 33.75 AND Temperature <= 285.00 AND Strength <= 43.75 THEN class = {12.27} [9.95, 14.59], (p=172, n=27, P=593, N=562)
2026-04-14 12:40:46,140 - INFO - *****GROWING RR RULE*****
2026-04-14 12:40:46,230 - INFO - Iteracja 0: condition_best: None, quality_best: -inf, coverage_best: (p=0, n=0, P=0, N=0), p_value: 0
2026-04-14 12:40:46,230 - INFO - Regula po iteracji 0: IF  THEN class = {14.89} [11.49, 18.30], (p=767, n=388, P=767, N=388)
2026-04-14 12:40:46,230 - INFO - *****STOP GROWING RR RULE*****
2026-04-14 12:40:46,230 - INFO - ***RR NOT FOUND***
2026-04-14 12:40:46,238 - INFO - Iteracja 3: condition_best: Strength <= 42.85, quality_best: 0.464, coverage_best: (p=171, n=27, P=593, N=562)
2026-04-14 12:40:46,238 - INFO - Regula po iteracji 3: IF Strength >= 33.75 AND Temperature <= 285.00 AND Strength <= 43.75 AND Strength <= 42.85 THEN class = {12.28} [9.96, 14.60], (p=171, n=27, P=593, N=562)
2026-04-14 12:40:46,238 - INFO - *****GROWING RR RULE*****
2026-04-14 12:40:46,328 - INFO - Iteracja 0: condition_best: None, quality_best: -inf, coverage_best: (p=0, n=0, P=0, N=0), p_value: 0
2026-04-14 12:40:46,328 - INFO - Regula po iteracji 0: IF  THEN class = {14.89} [11.49, 18.30], (p=767, n=388, P=767, N=388)
2026-04-14 12:40:46,328 - INFO - *****STOP GROWING RR RULE*****
2026-04-14 12:40:46,328 - INFO - ***RR NOT FOUND***
2026-04-14 12:40:46,336 - INFO - Iteracja 4: condition_best: Strength <= 42.60, quality_best: 0.461, coverage_best: (p=169, n=27, P=593, N=562)
2026-04-14 12:40:46,336 - INFO - Regula po iteracji 4: IF Strength >= 33.75 AND Temperature <= 285.00 AND Strength <= 43.75 AND Strength <= 42.85 AND Strength <= 42.60 THEN class = {12.30} [9.97, 14.62], (p=169, n=27, P=593, N=562)
2026-04-14 12:40:46,336 - INFO - *****GROWING RR RULE*****
2026-04-14 12:40:46,426 - INFO - Iteracja 0: condition_best: None, quality_best: -inf, coverage_best: (p=0, n=0, P=0, N=0), p_value: 0
2026-04-14 12:40:46,426 - INFO - Regula po iteracji 0: IF  THEN class = {14.89} [11.49, 18.30], (p=767, n=388, P=767, N=388)
2026-04-14 12:40:46,426 - INFO - *****STOP GROWING RR RULE*****
2026-04-14 12:40:46,426 - INFO - ***RR NOT FOUND***
2026-04-14 12:40:46,426 - INFO - *******STOP GROWING CR RULE*******
2026-04-14 12:40:46,428 - INFO - *******GROWING CR RULE*******
2026-04-14 12:40:46,479 - INFO - Iteracja 0: condition_best: Strength >= 33.75, quality_best: 0.087, coverage_best: (p=218, n=165, P=585, N=570)
2026-04-14 12:40:46,479 - INFO - Regula po iteracji 0: IF Strength >= 33.75 THEN class = {13.27} [10.30, 16.24], (p=218, n=165, P=585, N=570)
2026-04-14 12:40:46,479 - INFO - *****GROWING RR RULE*****
2026-04-14 12:40:46,573 - INFO - Iteracja 0: condition_best: None, quality_best: -inf, coverage_best: (p=0, n=0, P=0, N=0), p_value: 0
2026-04-14 12:40:46,574 - INFO - Regula po iteracji 0: IF  THEN class = {14.89} [11.49, 18.30], (p=767, n=388, P=767, N=388)
2026-04-14 12:40:46,574 - INFO - *****STOP GROWING RR RULE*****
2026-04-14 12:40:46,574 - INFO - ***RR NOT FOUND***
2026-04-14 12:40:46,587 - INFO - Iteracja 1: condition_best: Strength <= 42.15, quality_best: 0.134, coverage_best: (p=195, n=127, P=585, N=570)
2026-04-14 12:40:46,587 - INFO - Regula po iteracji 1: IF Strength >= 33.75 AND Strength <= 42.15 THEN class = {13.69} [10.69, 16.68], (p=195, n=127, P=585, N=570)
2026-04-14 12:40:46,588 - INFO - *****GROWING RR RULE*****
2026-04-14 12:40:46,683 - INFO - Iteracja 0: condition_best: None, quality_best: -inf, coverage_best: (p=0, n=0, P=0, N=0), p_value: 0
2026-04-14 12:40:46,683 - INFO - Regula po iteracji 0: IF  THEN class = {14.89} [11.49, 18.30], (p=767, n=388, P=767, N=388)
2026-04-14 12:40:46,683 - INFO - *****STOP GROWING RR RULE*****
2026-04-14 12:40:46,683 - INFO - ***RR NOT FOUND***
2026-04-14 12:40:46,693 - INFO - Iteracja 2: condition_best: Temperature >= 285.00, quality_best: 0.206, coverage_best: (p=88, n=41, P=583, N=572)
2026-04-14 12:40:46,693 - INFO - Regula po iteracji 2: IF Strength >= 33.75 AND Strength <= 42.15 AND Temperature >= 285.00 THEN class = {15.74} [13.04, 18.43], (p=88, n=41, P=583, N=572)
2026-04-14 12:40:46,693 - INFO - *****GROWING RR RULE*****
2026-04-14 12:40:46,795 - INFO - Iteracja 0: condition_best: Strength <= 34.65, quality_best: 0.066, coverage_best: (p=450, n=381, P=583, N=572), p_value: 14
2026-04-14 12:40:46,795 - INFO - Regula po iteracji 0: IF Strength <= 34.65 THEN class = {14.89} [11.49, 18.30], (p=450, n=381, P=583, N=572)
2026-04-14 12:40:46,849 - INFO - Iteracja 1: condition_best: None, quality_best: -inf, coverage_best: (p=0, n=0, P=0, N=0), p_value: 14
2026-04-14 12:40:46,849 - INFO - Regula po iteracji 1: IF Strength <= 34.65 THEN class = {15.64} [12.31, 18.97], (p=450, n=381, P=583, N=572)
2026-04-14 12:40:46,849 - INFO - *****STOP GROWING RR RULE*****
2026-04-14 12:40:46,849 - INFO - ***RR FOUND***
2026-04-14 12:40:46,849 - INFO - Reference rule: IF Strength <= 34.65 THEN class = {15.64} [12.31, 18.97]
2026-04-14 12:40:46,849 - INFO - ***CHECKING EXCEPTION***
2026-04-14 12:40:46,851 - INFO - *******STOP GROWING CR RULE*******
2026-04-14 12:40:46,852 - INFO - *******GROWING CR RULE*******
2026-04-14 12:40:46,903 - INFO - Iteracja 0: condition_best: Strength >= 33.10, quality_best: 0.084, coverage_best: (p=232, n=178, P=585, N=570)
2026-04-14 12:40:46,903 - INFO - Regula po iteracji 0: IF Strength >= 33.10 THEN class = {13.39} [10.35, 16.43], (p=232, n=178, P=585, N=570)
2026-04-14 12:40:46,904 - INFO - *****GROWING RR RULE*****
2026-04-14 12:40:46,998 - INFO - Iteracja 0: condition_best: None, quality_best: -inf, coverage_best: (p=0, n=0, P=0, N=0), p_value: 0
2026-04-14 12:40:46,998 - INFO - Regula po iteracji 0: IF  THEN class = {14.89} [11.49, 18.30], (p=767, n=388, P=767, N=388)
2026-04-14 12:40:46,998 - INFO - *****STOP GROWING RR RULE*****
2026-04-14 12:40:46,998 - INFO - ***RR NOT FOUND***
2026-04-14 12:40:47,013 - INFO - Iteracja 1: condition_best: Temperature <= 255.00, quality_best: 0.486, coverage_best: (p=37, n=3, P=389, N=766)
2026-04-14 12:40:47,013 - INFO - Regula po iteracji 1: IF Strength >= 33.10 AND Temperature <= 255.00 THEN class = {10.90} [9.64, 12.16], (p=37, n=3, P=389, N=766)
2026-04-14 12:40:47,013 - INFO - *****GROWING RR RULE*****
2026-04-14 12:40:47,100 - INFO - Iteracja 0: condition_best: None, quality_best: -inf, coverage_best: (p=0, n=0, P=0, N=0), p_value: 0
2026-04-14 12:40:47,100 - INFO - Regula po iteracji 0: IF  THEN class = {14.89} [11.49, 18.30], (p=767, n=388, P=767, N=388)
2026-04-14 12:40:47,100 - INFO - *****STOP GROWING RR RULE*****
2026-04-14 12:40:47,100 - INFO - ***RR NOT FOUND***
2026-04-14 12:40:47,103 - INFO - Iteracja 2: condition_best: Strength <= 37.85, quality_best: 0.483, coverage_best: (p=36, n=3, P=389, N=766)
2026-04-14 12:40:47,103 - INFO - Regula po iteracji 2: IF Strength >= 33.10 AND Temperature <= 255.00 AND Strength <= 37.85 THEN class = {10.92} [9.65, 12.19], (p=36, n=3, P=389, N=766)
2026-04-14 12:40:47,103 - INFO - *****GROWING RR RULE*****
2026-04-14 12:40:47,189 - INFO - Iteracja 0: condition_best: None, quality_best: -inf, coverage_best: (p=0, n=0, P=0, N=0), p_value: 0
2026-04-14 12:40:47,189 - INFO - Regula po iteracji 0: IF  THEN class = {14.89} [11.49, 18.30], (p=767, n=388, P=767, N=388)
2026-04-14 12:40:47,190 - INFO - *****STOP GROWING RR RULE*****
2026-04-14 12:40:47,190 - INFO - ***RR NOT FOUND***
2026-04-14 12:40:47,192 - INFO - Iteracja 3: condition_best: Strength <= 36.85, quality_best: 0.48, coverage_best: (p=35, n=3, P=389, N=766)
2026-04-14 12:40:47,192 - INFO - Regula po iteracji 3: IF Strength >= 33.10 AND Temperature <= 255.00 AND Strength <= 37.85 AND Strength <= 36.85 THEN class = {10.95} [9.67, 12.22], (p=35, n=3, P=389, N=766)
2026-04-14 12:40:47,192 - INFO - *****GROWING RR RULE*****
2026-04-14 12:40:47,279 - INFO - Iteracja 0: condition_best: None, quality_best: -inf, coverage_best: (p=0, n=0, P=0, N=0), p_value: 0
2026-04-14 12:40:47,279 - INFO - Regula po iteracji 0: IF  THEN class = {14.89} [11.49, 18.30], (p=767, n=388, P=767, N=388)
2026-04-14 12:40:47,279 - INFO - *****STOP GROWING RR RULE*****
2026-04-14 12:40:47,279 - INFO - ***RR NOT FOUND***
2026-04-14 12:40:47,282 - INFO - Iteracja 4: condition_best: Strength >= 33.40, quality_best: 0.477, coverage_best: (p=34, n=3, P=389, N=766)
2026-04-14 12:40:47,282 - INFO - Regula po iteracji 4: IF Strength >= 33.10 AND Temperature <= 255.00 AND Strength <= 37.85 AND Strength <= 36.85 AND Strength >= 33.40 THEN class = {10.92} [9.64, 12.20], (p=34, n=3, P=389, N=766)
2026-04-14 12:40:47,282 - INFO - *****GROWING RR RULE*****
2026-04-14 12:40:47,369 - INFO - Iteracja 0: condition_best: None, quality_best: -inf, coverage_best: (p=0, n=0, P=0, N=0), p_value: 0
2026-04-14 12:40:47,369 - INFO - Regula po iteracji 0: IF  THEN class = {14.89} [11.49, 18.30], (p=767, n=388, P=767, N=388)
2026-04-14 12:40:47,369 - INFO - *****STOP GROWING RR RULE*****
2026-04-14 12:40:47,369 - INFO - ***RR NOT FOUND***
2026-04-14 12:40:47,369 - INFO - *******STOP GROWING CR RULE*******
2026-04-14 12:40:47,371 - INFO - *******GROWING CR RULE*******
2026-04-14 12:40:47,421 - INFO - Iteracja 0: condition_best: Strength >= 33.10, quality_best: 0.084, coverage_best: (p=232, n=178, P=585, N=570)
2026-04-14 12:40:47,421 - INFO - Regula po iteracji 0: IF Strength >= 33.10 THEN class = {13.39} [10.35, 16.43], (p=232, n=178, P=585, N=570)
2026-04-14 12:40:47,421 - INFO - *****GROWING RR RULE*****
2026-04-14 12:40:47,516 - INFO - Iteracja 0: condition_best: None, quality_best: -inf, coverage_best: (p=0, n=0, P=0, N=0), p_value: 0
2026-04-14 12:40:47,516 - INFO - Regula po iteracji 0: IF  THEN class = {14.89} [11.49, 18.30], (p=767, n=388, P=767, N=388)
2026-04-14 12:40:47,516 - INFO - *****STOP GROWING RR RULE*****
2026-04-14 12:40:47,516 - INFO - ***RR NOT FOUND***
2026-04-14 12:40:47,531 - INFO - Iteracja 1: condition_best: Temperature <= 265.00, quality_best: 0.465, coverage_best: (p=72, n=12, P=389, N=766)
2026-04-14 12:40:47,531 - INFO - Regula po iteracji 1: IF Strength >= 33.10 AND Temperature <= 265.00 THEN class = {11.26} [9.64, 12.89], (p=72, n=12, P=389, N=766)
2026-04-14 12:40:47,531 - INFO - *****GROWING RR RULE*****
2026-04-14 12:40:47,619 - INFO - Iteracja 0: condition_best: None, quality_best: -inf, coverage_best: (p=0, n=0, P=0, N=0), p_value: 0
2026-04-14 12:40:47,619 - INFO - Regula po iteracji 0: IF  THEN class = {14.89} [11.49, 18.30], (p=767, n=388, P=767, N=388)
2026-04-14 12:40:47,619 - INFO - *****STOP GROWING RR RULE*****
2026-04-14 12:40:47,619 - INFO - ***RR NOT FOUND***
2026-04-14 12:40:47,623 - INFO - Iteracja 2: condition_best: Strength <= 40.25, quality_best: 0.462, coverage_best: (p=71, n=12, P=389, N=766)
2026-04-14 12:40:47,624 - INFO - Regula po iteracji 2: IF Strength >= 33.10 AND Temperature <= 265.00 AND Strength <= 40.25 THEN class = {11.28} [9.65, 12.91], (p=71, n=12, P=389, N=766)
2026-04-14 12:40:47,624 - INFO - *****GROWING RR RULE*****
2026-04-14 12:40:47,712 - INFO - Iteracja 0: condition_best: None, quality_best: -inf, coverage_best: (p=0, n=0, P=0, N=0), p_value: 0
2026-04-14 12:40:47,712 - INFO - Regula po iteracji 0: IF  THEN class = {14.89} [11.49, 18.30], (p=767, n=388, P=767, N=388)
2026-04-14 12:40:47,712 - INFO - *****STOP GROWING RR RULE*****
2026-04-14 12:40:47,712 - INFO - ***RR NOT FOUND***
2026-04-14 12:40:47,716 - INFO - Iteracja 3: condition_best: Strength <= 39.40, quality_best: 0.46, coverage_best: (p=70, n=12, P=389, N=766)
2026-04-14 12:40:47,717 - INFO - Regula po iteracji 3: IF Strength >= 33.10 AND Temperature <= 265.00 AND Strength <= 40.25 AND Strength <= 39.40 THEN class = {11.29} [9.66, 12.93], (p=70, n=12, P=389, N=766)
2026-04-14 12:40:47,717 - INFO - *****GROWING RR RULE*****
2026-04-14 12:40:47,826 - INFO - Iteracja 0: condition_best: None, quality_best: -inf, coverage_best: (p=0, n=0, P=0, N=0), p_value: 0
2026-04-14 12:40:47,827 - INFO - Regula po iteracji 0: IF  THEN class = {14.89} [11.49, 18.30], (p=767, n=388, P=767, N=388)
2026-04-14 12:40:47,827 - INFO - *****STOP GROWING RR RULE*****
2026-04-14 12:40:47,827 - INFO - ***RR NOT FOUND***
2026-04-14 12:40:47,831 - INFO - Iteracja 4: condition_best: Strength <= 38.85, quality_best: 0.457, coverage_best: (p=69, n=12, P=389, N=766)
2026-04-14 12:40:47,831 - INFO - Regula po iteracji 4: IF Strength >= 33.10 AND Temperature <= 265.00 AND Strength <= 40.25 AND Strength <= 39.40 AND Strength <= 38.85 THEN class = {11.31} [9.67, 12.95], (p=69, n=12, P=389, N=766)
2026-04-14 12:40:47,831 - INFO - *****GROWING RR RULE*****
2026-04-14 12:40:47,919 - INFO - Iteracja 0: condition_best: None, quality_best: -inf, coverage_best: (p=0, n=0, P=0, N=0), p_value: 0
2026-04-14 12:40:47,919 - INFO - Regula po iteracji 0: IF  THEN class = {14.89} [11.49, 18.30], (p=767, n=388, P=767, N=388)
2026-04-14 12:40:47,919 - INFO - *****STOP GROWING RR RULE*****
2026-04-14 12:40:47,920 - INFO - ***RR NOT FOUND***
2026-04-14 12:40:47,920 - INFO - *******STOP GROWING CR RULE*******
2026-04-14 12:40:47,921 - INFO - *******GROWING CR RULE*******
2026-04-14 12:40:47,972 - INFO - Iteracja 0: condition_best: Strength >= 33.10, quality_best: 0.084, coverage_best: (p=232, n=178, P=585, N=570)
2026-04-14 12:40:47,972 - INFO - Regula po iteracji 0: IF Strength >= 33.10 THEN class = {13.39} [10.35, 16.43], (p=232, n=178, P=585, N=570)
2026-04-14 12:40:47,972 - INFO - *****GROWING RR RULE*****
2026-04-14 12:40:48,066 - INFO - Iteracja 0: condition_best: None, quality_best: -inf, coverage_best: (p=0, n=0, P=0, N=0), p_value: 0
2026-04-14 12:40:48,066 - INFO - Regula po iteracji 0: IF  THEN class = {14.89} [11.49, 18.30], (p=767, n=388, P=767, N=388)
2026-04-14 12:40:48,067 - INFO - *****STOP GROWING RR RULE*****
2026-04-14 12:40:48,067 - INFO - ***RR NOT FOUND***
2026-04-14 12:40:48,081 - INFO - Iteracja 1: condition_best: Temperature <= 275.00, quality_best: 0.388, coverage_best: (p=108, n=38, P=389, N=766)
2026-04-14 12:40:48,081 - INFO - Regula po iteracji 1: IF Strength >= 33.10 AND Temperature <= 275.00 THEN class = {11.88} [9.79, 13.96], (p=108, n=38, P=389, N=766)
2026-04-14 12:40:48,082 - INFO - *****GROWING RR RULE*****
2026-04-14 12:40:48,171 - INFO - Iteracja 0: condition_best: None, quality_best: -inf, coverage_best: (p=0, n=0, P=0, N=0), p_value: 0
2026-04-14 12:40:48,171 - INFO - Regula po iteracji 0: IF  THEN class = {14.89} [11.49, 18.30], (p=767, n=388, P=767, N=388)
2026-04-14 12:40:48,171 - INFO - *****STOP GROWING RR RULE*****
2026-04-14 12:40:48,171 - INFO - ***RR NOT FOUND***
2026-04-14 12:40:48,177 - INFO - Iteracja 2: condition_best: Strength <= 41.40, quality_best: 0.486, coverage_best: (p=129, n=14, P=593, N=562)
2026-04-14 12:40:48,177 - INFO - Regula po iteracji 2: IF Strength >= 33.10 AND Temperature <= 275.00 AND Strength <= 41.40 THEN class = {11.92} [9.83, 14.00], (p=129, n=14, P=593, N=562)
2026-04-14 12:40:48,178 - INFO - *****GROWING RR RULE*****
2026-04-14 12:40:48,267 - INFO - Iteracja 0: condition_best: None, quality_best: -inf, coverage_best: (p=0, n=0, P=0, N=0), p_value: 0
2026-04-14 12:40:48,267 - INFO - Regula po iteracji 0: IF  THEN class = {14.89} [11.49, 18.30], (p=767, n=388, P=767, N=388)
2026-04-14 12:40:48,267 - INFO - *****STOP GROWING RR RULE*****
2026-04-14 12:40:48,267 - INFO - ***RR NOT FOUND***
2026-04-14 12:40:48,273 - INFO - Iteracja 3: condition_best: Strength <= 40.85, quality_best: 0.485, coverage_best: (p=128, n=14, P=593, N=562)
2026-04-14 12:40:48,273 - INFO - Regula po iteracji 3: IF Strength >= 33.10 AND Temperature <= 275.00 AND Strength <= 41.40 AND Strength <= 40.85 THEN class = {11.93} [9.84, 14.02], (p=128, n=14, P=593, N=562)
2026-04-14 12:40:48,273 - INFO - *****GROWING RR RULE*****
2026-04-14 12:40:48,362 - INFO - Iteracja 0: condition_best: None, quality_best: -inf, coverage_best: (p=0, n=0, P=0, N=0), p_value: 0
2026-04-14 12:40:48,362 - INFO - Regula po iteracji 0: IF  THEN class = {14.89} [11.49, 18.30], (p=767, n=388, P=767, N=388)
2026-04-14 12:40:48,363 - INFO - *****STOP GROWING RR RULE*****
2026-04-14 12:40:48,363 - INFO - ***RR NOT FOUND***
2026-04-14 12:40:48,368 - INFO - Iteracja 4: condition_best: Strength <= 40.60, quality_best: 0.482, coverage_best: (p=126, n=14, P=593, N=562)
2026-04-14 12:40:48,369 - INFO - Regula po iteracji 4: IF Strength >= 33.10 AND Temperature <= 275.00 AND Strength <= 41.40 AND Strength <= 40.85 AND Strength <= 40.60 THEN class = {11.94} [9.85, 14.04], (p=126, n=14, P=593, N=562)
2026-04-14 12:40:48,369 - INFO - *****GROWING RR RULE*****
2026-04-14 12:40:48,457 - INFO - Iteracja 0: condition_best: None, quality_best: -inf, coverage_best: (p=0, n=0, P=0, N=0), p_value: 0
2026-04-14 12:40:48,458 - INFO - Regula po iteracji 0: IF  THEN class = {14.89} [11.49, 18.30], (p=767, n=388, P=767, N=388)
2026-04-14 12:40:48,458 - INFO - *****STOP GROWING RR RULE*****
2026-04-14 12:40:48,458 - INFO - ***RR NOT FOUND***
2026-04-14 12:40:48,458 - INFO - *******STOP GROWING CR RULE*******
2026-04-14 12:40:48,459 - INFO - *******GROWING CR RULE*******
2026-04-14 12:40:48,510 - INFO - Iteracja 0: condition_best: Strength >= 33.10, quality_best: 0.084, coverage_best: (p=232, n=178, P=585, N=570)
2026-04-14 12:40:48,510 - INFO - Regula po iteracji 0: IF Strength >= 33.10 THEN class = {13.39} [10.35, 16.43], (p=232, n=178, P=585, N=570)
2026-04-14 12:40:48,510 - INFO - *****GROWING RR RULE*****
2026-04-14 12:40:48,604 - INFO - Iteracja 0: condition_best: None, quality_best: -inf, coverage_best: (p=0, n=0, P=0, N=0), p_value: 0
2026-04-14 12:40:48,604 - INFO - Regula po iteracji 0: IF  THEN class = {14.89} [11.49, 18.30], (p=767, n=388, P=767, N=388)
2026-04-14 12:40:48,604 - INFO - *****STOP GROWING RR RULE*****
2026-04-14 12:40:48,604 - INFO - ***RR NOT FOUND***
2026-04-14 12:40:48,619 - INFO - Iteracja 1: condition_best: Temperature <= 285.00, quality_best: 0.135, coverage_best: (p=105, n=115, P=388, N=767)
2026-04-14 12:40:48,619 - INFO - Regula po iteracji 1: IF Strength >= 33.10 AND Temperature <= 285.00 THEN class = {12.38} [10.01, 14.76], (p=105, n=115, P=388, N=767)
2026-04-14 12:40:48,619 - INFO - *****GROWING RR RULE*****
2026-04-14 12:40:48,709 - INFO - Iteracja 0: condition_best: None, quality_best: -inf, coverage_best: (p=0, n=0, P=0, N=0), p_value: 0
2026-04-14 12:40:48,709 - INFO - Regula po iteracji 0: IF  THEN class = {14.89} [11.49, 18.30], (p=767, n=388, P=767, N=388)
2026-04-14 12:40:48,710 - INFO - *****STOP GROWING RR RULE*****
2026-04-14 12:40:48,710 - INFO - ***RR NOT FOUND***
2026-04-14 12:40:48,718 - INFO - Iteracja 2: condition_best: Strength <= 34.15, quality_best: 0.214, coverage_best: (p=22, n=9, P=585, N=570)
2026-04-14 12:40:48,718 - INFO - Regula po iteracji 2: IF Strength >= 33.10 AND Temperature <= 285.00 AND Strength <= 34.15 THEN class = {13.87} [11.28, 16.46], (p=22, n=9, P=585, N=570)
2026-04-14 12:40:48,718 - INFO - *****GROWING RR RULE*****
2026-04-14 12:40:48,811 - INFO - Iteracja 0: condition_best: Temperature <= 255.00, quality_best: 0.013, coverage_best: (p=420, n=207, P=767, N=388), p_value: 11
2026-04-14 12:40:48,811 - INFO - Regula po iteracji 0: IF Temperature <= 255.00 THEN class = {14.89} [11.49, 18.30], (p=420, n=207, P=767, N=388)
2026-04-14 12:40:48,861 - INFO - Iteracja 1: condition_best: None, quality_best: -inf, coverage_best: (p=0, n=0, P=0, N=0), p_value: 11
2026-04-14 12:40:48,861 - INFO - Regula po iteracji 1: IF Temperature <= 255.00 THEN class = {14.87} [11.48, 18.27], (p=420, n=207, P=767, N=388)
2026-04-14 12:40:48,861 - INFO - *****STOP GROWING RR RULE*****
2026-04-14 12:40:48,861 - INFO - ***RR FOUND***
2026-04-14 12:40:48,861 - INFO - Reference rule: IF Temperature <= 255.00 THEN class = {14.87} [11.48, 18.27]
2026-04-14 12:40:48,861 - INFO - ***CHECKING EXCEPTION***
2026-04-14 12:40:48,863 - INFO - *******STOP GROWING CR RULE*******
2026-04-14 12:40:48,864 - INFO - *******GROWING CR RULE*******
2026-04-14 12:40:48,914 - INFO - Iteracja 0: condition_best: Strength >= 33.10, quality_best: 0.084, coverage_best: (p=232, n=178, P=585, N=570)
2026-04-14 12:40:48,914 - INFO - Regula po iteracji 0: IF Strength >= 33.10 THEN class = {13.39} [10.35, 16.43], (p=232, n=178, P=585, N=570)
2026-04-14 12:40:48,915 - INFO - *****GROWING RR RULE*****
2026-04-14 12:40:49,009 - INFO - Iteracja 0: condition_best: None, quality_best: -inf, coverage_best: (p=0, n=0, P=0, N=0), p_value: 0
2026-04-14 12:40:49,009 - INFO - Regula po iteracji 0: IF  THEN class = {14.89} [11.49, 18.30], (p=767, n=388, P=767, N=388)
2026-04-14 12:40:49,009 - INFO - *****STOP GROWING RR RULE*****
2026-04-14 12:40:49,009 - INFO - ***RR NOT FOUND***
2026-04-14 12:40:49,023 - INFO - Iteracja 1: condition_best: Strength <= 42.15, quality_best: 0.127, coverage_best: (p=209, n=140, P=585, N=570)
2026-04-14 12:40:49,023 - INFO - Regula po iteracji 1: IF Strength >= 33.10 AND Strength <= 42.15 THEN class = {13.80} [10.75, 16.85], (p=209, n=140, P=585, N=570)
2026-04-14 12:40:49,024 - INFO - *****GROWING RR RULE*****
2026-04-14 12:40:49,119 - INFO - Iteracja 0: condition_best: None, quality_best: -inf, coverage_best: (p=0, n=0, P=0, N=0), p_value: 0
2026-04-14 12:40:49,120 - INFO - Regula po iteracji 0: IF  THEN class = {14.89} [11.49, 18.30], (p=767, n=388, P=767, N=388)
2026-04-14 12:40:49,120 - INFO - *****STOP GROWING RR RULE*****
2026-04-14 12:40:49,120 - INFO - ***RR NOT FOUND***
2026-04-14 12:40:49,130 - INFO - Iteracja 2: condition_best: Temperature >= 285.00, quality_best: 0.183, coverage_best: (p=90, n=46, P=583, N=572)
2026-04-14 12:40:49,130 - INFO - Regula po iteracji 2: IF Strength >= 33.10 AND Strength <= 42.15 AND Temperature >= 285.00 THEN class = {15.93} [13.17, 18.69], (p=90, n=46, P=583, N=572)
2026-04-14 12:40:49,130 - INFO - *****GROWING RR RULE*****
2026-04-14 12:40:49,239 - INFO - Iteracja 0: condition_best: Strength <= 35.10, quality_best: 0.065, coverage_best: (p=463, n=393, P=583, N=572), p_value: 29
2026-04-14 12:40:49,240 - INFO - Regula po iteracji 0: IF Strength <= 35.10 THEN class = {14.89} [11.49, 18.30], (p=463, n=393, P=583, N=572)
2026-04-14 12:40:49,295 - INFO - Iteracja 1: condition_best: None, quality_best: -inf, coverage_best: (p=0, n=0, P=0, N=0), p_value: 29
2026-04-14 12:40:49,295 - INFO - Regula po iteracji 1: IF Strength <= 35.10 THEN class = {15.61} [12.28, 18.95], (p=463, n=393, P=583, N=572)
2026-04-14 12:40:49,295 - INFO - *****STOP GROWING RR RULE*****
2026-04-14 12:40:49,295 - INFO - ***RR FOUND***
2026-04-14 12:40:49,295 - INFO - Reference rule: IF Strength <= 35.10 THEN class = {15.61} [12.28, 18.95]
2026-04-14 12:40:49,295 - INFO - ***CHECKING EXCEPTION***
2026-04-14 12:40:49,296 - INFO - *******STOP GROWING CR RULE*******
2026-04-14 12:40:49,298 - INFO - *******GROWING CR RULE*******
2026-04-14 12:40:49,347 - INFO - Iteracja 0: condition_best: Strength <= 30.75, quality_best: 0.083, coverage_best: (p=347, n=277, P=583, N=572)
2026-04-14 12:40:49,347 - INFO - Regula po iteracji 0: IF Strength <= 30.75 THEN class = {15.89} [12.63, 19.15], (p=347, n=277, P=583, N=572)
2026-04-14 12:40:49,348 - INFO - *****GROWING RR RULE*****
2026-04-14 12:40:49,447 - INFO - Iteracja 0: condition_best: None, quality_best: -inf, coverage_best: (p=0, n=0, P=0, N=0), p_value: 0
2026-04-14 12:40:49,447 - INFO - Regula po iteracji 0: IF  THEN class = {14.89} [11.49, 18.30], (p=767, n=388, P=767, N=388)
2026-04-14 12:40:49,448 - INFO - *****STOP GROWING RR RULE*****
2026-04-14 12:40:49,448 - INFO - ***RR NOT FOUND***
2026-04-14 12:40:49,469 - INFO - Iteracja 1: condition_best: Temperature >= 245.00, quality_best: 0.481, coverage_best: (p=128, n=16, P=562, N=593)
2026-04-14 12:40:49,469 - INFO - Regula po iteracji 1: IF Strength <= 30.75 AND Temperature >= 245.00 THEN class = {17.94} [15.77, 20.12], (p=128, n=16, P=562, N=593)
2026-04-14 12:40:49,469 - INFO - *****GROWING RR RULE*****
2026-04-14 12:40:49,559 - INFO - Iteracja 0: condition_best: None, quality_best: -inf, coverage_best: (p=0, n=0, P=0, N=0), p_value: 0
2026-04-14 12:40:49,559 - INFO - Regula po iteracji 0: IF  THEN class = {14.89} [11.49, 18.30], (p=767, n=388, P=767, N=388)
2026-04-14 12:40:49,559 - INFO - *****STOP GROWING RR RULE*****
2026-04-14 12:40:49,559 - INFO - ***RR NOT FOUND***
2026-04-14 12:40:49,565 - INFO - Iteracja 2: condition_best: Strength >= 22.55, quality_best: 0.479, coverage_best: (p=127, n=16, P=562, N=593)
2026-04-14 12:40:49,565 - INFO - Regula po iteracji 2: IF Strength <= 30.75 AND Temperature >= 245.00 AND Strength >= 22.55 THEN class = {17.93} [15.76, 20.10], (p=127, n=16, P=562, N=593)
2026-04-14 12:40:49,565 - INFO - *****GROWING RR RULE*****
2026-04-14 12:40:49,655 - INFO - Iteracja 0: condition_best: None, quality_best: -inf, coverage_best: (p=0, n=0, P=0, N=0), p_value: 0
2026-04-14 12:40:49,655 - INFO - Regula po iteracji 0: IF  THEN class = {14.89} [11.49, 18.30], (p=767, n=388, P=767, N=388)
2026-04-14 12:40:49,655 - INFO - *****STOP GROWING RR RULE*****
2026-04-14 12:40:49,655 - INFO - ***RR NOT FOUND***
2026-04-14 12:40:49,660 - INFO - Iteracja 3: condition_best: Strength >= 23.10, quality_best: 0.476, coverage_best: (p=125, n=16, P=562, N=593)
2026-04-14 12:40:49,660 - INFO - Regula po iteracji 3: IF Strength <= 30.75 AND Temperature >= 245.00 AND Strength >= 22.55 AND Strength >= 23.10 THEN class = {17.90} [15.73, 20.08], (p=125, n=16, P=562, N=593)
2026-04-14 12:40:49,661 - INFO - *****GROWING RR RULE*****
2026-04-14 12:40:49,750 - INFO - Iteracja 0: condition_best: None, quality_best: -inf, coverage_best: (p=0, n=0, P=0, N=0), p_value: 0
2026-04-14 12:40:49,750 - INFO - Regula po iteracji 0: IF  THEN class = {14.89} [11.49, 18.30], (p=767, n=388, P=767, N=388)
2026-04-14 12:40:49,750 - INFO - *****STOP GROWING RR RULE*****
2026-04-14 12:40:49,750 - INFO - ***RR NOT FOUND***
2026-04-14 12:40:49,756 - INFO - Iteracja 4: condition_best: Strength >= 23.85, quality_best: 0.474, coverage_best: (p=124, n=16, P=562, N=593)
2026-04-14 12:40:49,756 - INFO - Regula po iteracji 4: IF Strength <= 30.75 AND Temperature >= 245.00 AND Strength >= 22.55 AND Strength >= 23.10 AND Strength >= 23.85 THEN class = {17.89} [15.71, 20.06], (p=124, n=16, P=562, N=593)
2026-04-14 12:40:49,756 - INFO - *****GROWING RR RULE*****
2026-04-14 12:40:49,847 - INFO - Iteracja 0: condition_best: None, quality_best: -inf, coverage_best: (p=0, n=0, P=0, N=0), p_value: 0
2026-04-14 12:40:49,847 - INFO - Regula po iteracji 0: IF  THEN class = {14.89} [11.49, 18.30], (p=767, n=388, P=767, N=388)
2026-04-14 12:40:49,847 - INFO - *****STOP GROWING RR RULE*****
2026-04-14 12:40:49,847 - INFO - ***RR NOT FOUND***
2026-04-14 12:40:49,847 - INFO - *******STOP GROWING CR RULE*******
2026-04-14 12:40:49,848 - INFO - *******GROWING CR RULE*******
2026-04-14 12:40:49,898 - INFO - Iteracja 0: condition_best: Strength <= 30.75, quality_best: 0.083, coverage_best: (p=347, n=277, P=583, N=572)
2026-04-14 12:40:49,898 - INFO - Regula po iteracji 0: IF Strength <= 30.75 THEN class = {15.89} [12.63, 19.15], (p=347, n=277, P=583, N=572)
2026-04-14 12:40:49,898 - INFO - *****GROWING RR RULE*****
2026-04-14 12:40:49,997 - INFO - Iteracja 0: condition_best: None, quality_best: -inf, coverage_best: (p=0, n=0, P=0, N=0), p_value: 0
2026-04-14 12:40:49,998 - INFO - Regula po iteracji 0: IF  THEN class = {14.89} [11.49, 18.30], (p=767, n=388, P=767, N=388)
2026-04-14 12:40:49,998 - INFO - *****STOP GROWING RR RULE*****
2026-04-14 12:40:49,998 - INFO - ***RR NOT FOUND***
2026-04-14 12:40:50,019 - INFO - Iteracja 1: condition_best: Temperature >= 225.00, quality_best: 0.117, coverage_best: (p=185, n=127, P=583, N=572)
2026-04-14 12:40:50,019 - INFO - Regula po iteracji 1: IF Strength <= 30.75 AND Temperature >= 225.00 THEN class = {16.83} [13.96, 19.71], (p=185, n=127, P=583, N=572)
2026-04-14 12:40:50,019 - INFO - *****GROWING RR RULE*****
2026-04-14 12:40:50,115 - INFO - Iteracja 0: condition_best: None, quality_best: -inf, coverage_best: (p=0, n=0, P=0, N=0), p_value: 0
2026-04-14 12:40:50,115 - INFO - Regula po iteracji 0: IF  THEN class = {14.89} [11.49, 18.30], (p=767, n=388, P=767, N=388)
2026-04-14 12:40:50,115 - INFO - *****STOP GROWING RR RULE*****
2026-04-14 12:40:50,115 - INFO - ***RR NOT FOUND***
2026-04-14 12:40:50,126 - INFO - Iteracja 2: condition_best: Temperature <= 265.00, quality_best: 0.174, coverage_best: (p=171, n=97, P=583, N=572)
2026-04-14 12:40:50,126 - INFO - Regula po iteracji 2: IF Strength <= 30.75 AND Temperature >= 225.00 AND Temperature <= 265.00 THEN class = {16.43} [13.55, 19.31], (p=171, n=97, P=583, N=572)
2026-04-14 12:40:50,126 - INFO - *****GROWING RR RULE*****
2026-04-14 12:40:50,217 - INFO - Iteracja 0: condition_best: None, quality_best: -inf, coverage_best: (p=0, n=0, P=0, N=0), p_value: 0
2026-04-14 12:40:50,217 - INFO - Regula po iteracji 0: IF  THEN class = {14.89} [11.49, 18.30], (p=767, n=388, P=767, N=388)
2026-04-14 12:40:50,218 - INFO - *****STOP GROWING RR RULE*****
2026-04-14 12:40:50,218 - INFO - ***RR NOT FOUND***
2026-04-14 12:40:50,228 - INFO - Iteracja 3: condition_best: Strength >= 24.95, quality_best: 0.244, coverage_best: (p=132, n=56, P=583, N=572)
2026-04-14 12:40:50,228 - INFO - Regula po iteracji 3: IF Strength <= 30.75 AND Temperature >= 225.00 AND Temperature <= 265.00 AND Strength >= 24.95 THEN class = {15.48} [12.71, 18.25], (p=132, n=56, P=583, N=572)
2026-04-14 12:40:50,228 - INFO - *****GROWING RR RULE*****
2026-04-14 12:40:50,318 - INFO - Iteracja 0: condition_best: None, quality_best: -inf, coverage_best: (p=0, n=0, P=0, N=0), p_value: 0
2026-04-14 12:40:50,318 - INFO - Regula po iteracji 0: IF  THEN class = {14.89} [11.49, 18.30], (p=767, n=388, P=767, N=388)
2026-04-14 12:40:50,319 - INFO - *****STOP GROWING RR RULE*****
2026-04-14 12:40:50,319 - INFO - ***RR NOT FOUND***
2026-04-14 12:40:50,324 - INFO - Iteracja 4: condition_best: Temperature <= 245.00, quality_best: 0.258, coverage_best: (p=74, n=27, P=585, N=570)
2026-04-14 12:40:50,324 - INFO - Regula po iteracji 4: IF Strength <= 30.75 AND Temperature >= 225.00 AND Temperature <= 265.00 AND Strength >= 24.95 AND Temperature <= 245.00 THEN class = {14.18} [11.63, 16.73], (p=74, n=27, P=585, N=570)
2026-04-14 12:40:50,325 - INFO - *****GROWING RR RULE*****
2026-04-14 12:40:50,413 - INFO - Iteracja 0: condition_best: None, quality_best: -inf, coverage_best: (p=0, n=0, P=0, N=0), p_value: 0
2026-04-14 12:40:50,413 - INFO - Regula po iteracji 0: IF  THEN class = {14.89} [11.49, 18.30], (p=767, n=388, P=767, N=388)
2026-04-14 12:40:50,413 - INFO - *****STOP GROWING RR RULE*****
2026-04-14 12:40:50,413 - INFO - ***RR NOT FOUND***
2026-04-14 12:40:50,413 - INFO - *******STOP GROWING CR RULE*******
2026-04-14 12:40:50,415 - INFO - *******GROWING CR RULE*******
2026-04-14 12:40:50,464 - INFO - Iteracja 0: condition_best: Strength >= 32.55, quality_best: 0.082, coverage_best: (p=250, n=194, P=585, N=570)
2026-04-14 12:40:50,464 - INFO - Regula po iteracji 0: IF Strength >= 32.55 THEN class = {13.52} [10.43, 16.61], (p=250, n=194, P=585, N=570)
2026-04-14 12:40:50,464 - INFO - *****GROWING RR RULE*****
2026-04-14 12:40:50,559 - INFO - Iteracja 0: condition_best: None, quality_best: -inf, coverage_best: (p=0, n=0, P=0, N=0), p_value: 0
2026-04-14 12:40:50,559 - INFO - Regula po iteracji 0: IF  THEN class = {14.89} [11.49, 18.30], (p=767, n=388, P=767, N=388)
2026-04-14 12:40:50,559 - INFO - *****STOP GROWING RR RULE*****
2026-04-14 12:40:50,559 - INFO - ***RR NOT FOUND***
2026-04-14 12:40:50,575 - INFO - Iteracja 1: condition_best: Temperature <= 275.00, quality_best: 0.46, coverage_best: (p=149, n=22, P=593, N=562)
2026-04-14 12:40:50,575 - INFO - Regula po iteracji 1: IF Strength >= 32.55 AND Temperature <= 275.00 THEN class = {12.15} [9.86, 14.44], (p=149, n=22, P=593, N=562)
2026-04-14 12:40:50,575 - INFO - *****GROWING RR RULE*****
2026-04-14 12:40:50,664 - INFO - Iteracja 0: condition_best: None, quality_best: -inf, coverage_best: (p=0, n=0, P=0, N=0), p_value: 0
2026-04-14 12:40:50,665 - INFO - Regula po iteracji 0: IF  THEN class = {14.89} [11.49, 18.30], (p=767, n=388, P=767, N=388)
2026-04-14 12:40:50,665 - INFO - *****STOP GROWING RR RULE*****
2026-04-14 12:40:50,665 - INFO - ***RR NOT FOUND***
2026-04-14 12:40:50,672 - INFO - Iteracja 2: condition_best: Strength >= 32.75, quality_best: 0.482, coverage_best: (p=136, n=16, P=593, N=562)
2026-04-14 12:40:50,672 - INFO - Regula po iteracji 2: IF Strength >= 32.55 AND Temperature <= 275.00 AND Strength >= 32.75 THEN class = {11.95} [9.80, 14.10], (p=136, n=16, P=593, N=562)
2026-04-14 12:40:50,672 - INFO - *****GROWING RR RULE*****
2026-04-14 12:40:50,761 - INFO - Iteracja 0: condition_best: None, quality_best: -inf, coverage_best: (p=0, n=0, P=0, N=0), p_value: 0
2026-04-14 12:40:50,761 - INFO - Regula po iteracji 0: IF  THEN class = {14.89} [11.49, 18.30], (p=767, n=388, P=767, N=388)
2026-04-14 12:40:50,762 - INFO - *****STOP GROWING RR RULE*****
2026-04-14 12:40:50,762 - INFO - ***RR NOT FOUND***
2026-04-14 12:40:50,768 - INFO - Iteracja 3: condition_best: Strength <= 42.60, quality_best: 0.48, coverage_best: (p=135, n=16, P=593, N=562)
2026-04-14 12:40:50,768 - INFO - Regula po iteracji 3: IF Strength >= 32.55 AND Temperature <= 275.00 AND Strength >= 32.75 AND Strength <= 42.60 THEN class = {11.96} [9.81, 14.11], (p=135, n=16, P=593, N=562)
2026-04-14 12:40:50,769 - INFO - *****GROWING RR RULE*****
2026-04-14 12:40:50,858 - INFO - Iteracja 0: condition_best: None, quality_best: -inf, coverage_best: (p=0, n=0, P=0, N=0), p_value: 0
2026-04-14 12:40:50,858 - INFO - Regula po iteracji 0: IF  THEN class = {14.89} [11.49, 18.30], (p=767, n=388, P=767, N=388)
2026-04-14 12:40:50,858 - INFO - *****STOP GROWING RR RULE*****
2026-04-14 12:40:50,858 - INFO - ***RR NOT FOUND***
2026-04-14 12:40:50,865 - INFO - Iteracja 4: condition_best: Strength <= 42.15, quality_best: 0.479, coverage_best: (p=134, n=16, P=593, N=562)
2026-04-14 12:40:50,865 - INFO - Regula po iteracji 4: IF Strength >= 32.55 AND Temperature <= 275.00 AND Strength >= 32.75 AND Strength <= 42.60 AND Strength <= 42.15 THEN class = {11.97} [9.82, 14.13], (p=134, n=16, P=593, N=562)
2026-04-14 12:40:50,865 - INFO - *****GROWING RR RULE*****
2026-04-14 12:40:50,954 - INFO - Iteracja 0: condition_best: None, quality_best: -inf, coverage_best: (p=0, n=0, P=0, N=0), p_value: 0
2026-04-14 12:40:50,954 - INFO - Regula po iteracji 0: IF  THEN class = {14.89} [11.49, 18.30], (p=767, n=388, P=767, N=388)
2026-04-14 12:40:50,955 - INFO - *****STOP GROWING RR RULE*****
2026-04-14 12:40:50,955 - INFO - ***RR NOT FOUND***
2026-04-14 12:40:50,955 - INFO - *******STOP GROWING CR RULE*******
2026-04-14 12:40:50,956 - INFO - *******GROWING CR RULE*******
2026-04-14 12:40:51,006 - INFO - Iteracja 0: condition_best: Strength >= 32.55, quality_best: 0.082, coverage_best: (p=250, n=194, P=585, N=570)
2026-04-14 12:40:51,006 - INFO - Regula po iteracji 0: IF Strength >= 32.55 THEN class = {13.52} [10.43, 16.61], (p=250, n=194, P=585, N=570)
2026-04-14 12:40:51,006 - INFO - *****GROWING RR RULE*****
2026-04-14 12:40:51,100 - INFO - Iteracja 0: condition_best: None, quality_best: -inf, coverage_best: (p=0, n=0, P=0, N=0), p_value: 0
2026-04-14 12:40:51,100 - INFO - Regula po iteracji 0: IF  THEN class = {14.89} [11.49, 18.30], (p=767, n=388, P=767, N=388)
2026-04-14 12:40:51,100 - INFO - *****STOP GROWING RR RULE*****
2026-04-14 12:40:51,100 - INFO - ***RR NOT FOUND***
2026-04-14 12:40:51,116 - INFO - Iteracja 1: condition_best: Temperature <= 275.00, quality_best: 0.46, coverage_best: (p=149, n=22, P=593, N=562)
2026-04-14 12:40:51,116 - INFO - Regula po iteracji 1: IF Strength >= 32.55 AND Temperature <= 275.00 THEN class = {12.15} [9.86, 14.44], (p=149, n=22, P=593, N=562)
2026-04-14 12:40:51,116 - INFO - *****GROWING RR RULE*****
2026-04-14 12:40:51,205 - INFO - Iteracja 0: condition_best: None, quality_best: -inf, coverage_best: (p=0, n=0, P=0, N=0), p_value: 0
2026-04-14 12:40:51,205 - INFO - Regula po iteracji 0: IF  THEN class = {14.89} [11.49, 18.30], (p=767, n=388, P=767, N=388)
2026-04-14 12:40:51,205 - INFO - *****STOP GROWING RR RULE*****
2026-04-14 12:40:51,206 - INFO - ***RR NOT FOUND***
2026-04-14 12:40:51,212 - INFO - Iteracja 2: condition_best: Strength >= 32.65, quality_best: 0.464, coverage_best: (p=143, n=20, P=593, N=562)
2026-04-14 12:40:51,212 - INFO - Regula po iteracji 2: IF Strength >= 32.55 AND Temperature <= 275.00 AND Strength >= 32.65 THEN class = {12.11} [9.83, 14.39], (p=143, n=20, P=593, N=562)
2026-04-14 12:40:51,213 - INFO - *****GROWING RR RULE*****
2026-04-14 12:40:51,302 - INFO - Iteracja 0: condition_best: None, quality_best: -inf, coverage_best: (p=0, n=0, P=0, N=0), p_value: 0
2026-04-14 12:40:51,302 - INFO - Regula po iteracji 0: IF  THEN class = {14.89} [11.49, 18.30], (p=767, n=388, P=767, N=388)
2026-04-14 12:40:51,302 - INFO - *****STOP GROWING RR RULE*****
2026-04-14 12:40:51,302 - INFO - ***RR NOT FOUND***
2026-04-14 12:40:51,309 - INFO - Iteracja 3: condition_best: Strength <= 42.60, quality_best: 0.462, coverage_best: (p=142, n=20, P=593, N=562)
2026-04-14 12:40:51,309 - INFO - Regula po iteracji 3: IF Strength >= 32.55 AND Temperature <= 275.00 AND Strength >= 32.65 AND Strength <= 42.60 THEN class = {12.12} [9.84, 14.41], (p=142, n=20, P=593, N=562)
2026-04-14 12:40:51,309 - INFO - *****GROWING RR RULE*****
2026-04-14 12:40:51,399 - INFO - Iteracja 0: condition_best: None, quality_best: -inf, coverage_best: (p=0, n=0, P=0, N=0), p_value: 0
2026-04-14 12:40:51,399 - INFO - Regula po iteracji 0: IF  THEN class = {14.89} [11.49, 18.30], (p=767, n=388, P=767, N=388)
2026-04-14 12:40:51,399 - INFO - *****STOP GROWING RR RULE*****
2026-04-14 12:40:51,399 - INFO - ***RR NOT FOUND***
2026-04-14 12:40:51,406 - INFO - Iteracja 4: condition_best: Strength <= 42.15, quality_best: 0.461, coverage_best: (p=141, n=20, P=593, N=562)
2026-04-14 12:40:51,406 - INFO - Regula po iteracji 4: IF Strength >= 32.55 AND Temperature <= 275.00 AND Strength >= 32.65 AND Strength <= 42.60 AND Strength <= 42.15 THEN class = {12.14} [9.85, 14.42], (p=141, n=20, P=593, N=562)
2026-04-14 12:40:51,406 - INFO - *****GROWING RR RULE*****
2026-04-14 12:40:51,495 - INFO - Iteracja 0: condition_best: None, quality_best: -inf, coverage_best: (p=0, n=0, P=0, N=0), p_value: 0
2026-04-14 12:40:51,496 - INFO - Regula po iteracji 0: IF  THEN class = {14.89} [11.49, 18.30], (p=767, n=388, P=767, N=388)
2026-04-14 12:40:51,496 - INFO - *****STOP GROWING RR RULE*****
2026-04-14 12:40:51,496 - INFO - ***RR NOT FOUND***
2026-04-14 12:40:51,496 - INFO - *******STOP GROWING CR RULE*******
2026-04-14 12:40:51,497 - INFO - *******GROWING CR RULE*******
2026-04-14 12:40:51,547 - INFO - Iteracja 0: condition_best: Strength >= 32.55, quality_best: 0.082, coverage_best: (p=250, n=194, P=585, N=570)
2026-04-14 12:40:51,547 - INFO - Regula po iteracji 0: IF Strength >= 32.55 THEN class = {13.52} [10.43, 16.61], (p=250, n=194, P=585, N=570)
2026-04-14 12:40:51,547 - INFO - *****GROWING RR RULE*****
2026-04-14 12:40:51,642 - INFO - Iteracja 0: condition_best: None, quality_best: -inf, coverage_best: (p=0, n=0, P=0, N=0), p_value: 0
2026-04-14 12:40:51,642 - INFO - Regula po iteracji 0: IF  THEN class = {14.89} [11.49, 18.30], (p=767, n=388, P=767, N=388)
2026-04-14 12:40:51,642 - INFO - *****STOP GROWING RR RULE*****
2026-04-14 12:40:51,642 - INFO - ***RR NOT FOUND***
2026-04-14 12:40:51,658 - INFO - Iteracja 1: condition_best: Temperature <= 275.00, quality_best: 0.46, coverage_best: (p=149, n=22, P=593, N=562)
2026-04-14 12:40:51,658 - INFO - Regula po iteracji 1: IF Strength >= 32.55 AND Temperature <= 275.00 THEN class = {12.15} [9.86, 14.44], (p=149, n=22, P=593, N=562)
2026-04-14 12:40:51,658 - INFO - *****GROWING RR RULE*****
2026-04-14 12:40:51,748 - INFO - Iteracja 0: condition_best: None, quality_best: -inf, coverage_best: (p=0, n=0, P=0, N=0), p_value: 0
2026-04-14 12:40:51,748 - INFO - Regula po iteracji 0: IF  THEN class = {14.89} [11.49, 18.30], (p=767, n=388, P=767, N=388)
2026-04-14 12:40:51,748 - INFO - *****STOP GROWING RR RULE*****
2026-04-14 12:40:51,748 - INFO - ***RR NOT FOUND***
2026-04-14 12:40:51,755 - INFO - Iteracja 2: condition_best: Strength <= 42.60, quality_best: 0.459, coverage_best: (p=148, n=22, P=593, N=562)
2026-04-14 12:40:51,755 - INFO - Regula po iteracji 2: IF Strength >= 32.55 AND Temperature <= 275.00 AND Strength <= 42.60 THEN class = {12.16} [9.87, 14.45], (p=148, n=22, P=593, N=562)
2026-04-14 12:40:51,755 - INFO - *****GROWING RR RULE*****
2026-04-14 12:40:51,845 - INFO - Iteracja 0: condition_best: None, quality_best: -inf, coverage_best: (p=0, n=0, P=0, N=0), p_value: 0
2026-04-14 12:40:51,845 - INFO - Regula po iteracji 0: IF  THEN class = {14.89} [11.49, 18.30], (p=767, n=388, P=767, N=388)
2026-04-14 12:40:51,845 - INFO - *****STOP GROWING RR RULE*****
2026-04-14 12:40:51,845 - INFO - ***RR NOT FOUND***
2026-04-14 12:40:51,852 - INFO - Iteracja 3: condition_best: Strength <= 42.15, quality_best: 0.457, coverage_best: (p=147, n=22, P=593, N=562)
2026-04-14 12:40:51,852 - INFO - Regula po iteracji 3: IF Strength >= 32.55 AND Temperature <= 275.00 AND Strength <= 42.60 AND Strength <= 42.15 THEN class = {12.18} [9.89, 14.47], (p=147, n=22, P=593, N=562)
2026-04-14 12:40:51,852 - INFO - *****GROWING RR RULE*****
2026-04-14 12:40:51,942 - INFO - Iteracja 0: condition_best: None, quality_best: -inf, coverage_best: (p=0, n=0, P=0, N=0), p_value: 0
2026-04-14 12:40:51,942 - INFO - Regula po iteracji 0: IF  THEN class = {14.89} [11.49, 18.30], (p=767, n=388, P=767, N=388)
2026-04-14 12:40:51,942 - INFO - *****STOP GROWING RR RULE*****
2026-04-14 12:40:51,942 - INFO - ***RR NOT FOUND***
2026-04-14 12:40:51,949 - INFO - Iteracja 4: condition_best: Strength <= 41.40, quality_best: 0.455, coverage_best: (p=146, n=22, P=593, N=562)
2026-04-14 12:40:51,949 - INFO - Regula po iteracji 4: IF Strength >= 32.55 AND Temperature <= 275.00 AND Strength <= 42.60 AND Strength <= 42.15 AND Strength <= 41.40 THEN class = {12.19} [9.90, 14.48], (p=146, n=22, P=593, N=562)
2026-04-14 12:40:51,949 - INFO - *****GROWING RR RULE*****
2026-04-14 12:40:52,039 - INFO - Iteracja 0: condition_best: None, quality_best: -inf, coverage_best: (p=0, n=0, P=0, N=0), p_value: 0
2026-04-14 12:40:52,039 - INFO - Regula po iteracji 0: IF  THEN class = {14.89} [11.49, 18.30], (p=767, n=388, P=767, N=388)
2026-04-14 12:40:52,039 - INFO - *****STOP GROWING RR RULE*****
2026-04-14 12:40:52,039 - INFO - ***RR NOT FOUND***
2026-04-14 12:40:52,039 - INFO - *******STOP GROWING CR RULE*******
2026-04-14 12:40:52,040 - INFO - *******GROWING CR RULE*******
2026-04-14 12:40:52,090 - INFO - Iteracja 0: condition_best: Strength >= 32.55, quality_best: 0.082, coverage_best: (p=250, n=194, P=585, N=570)
2026-04-14 12:40:52,090 - INFO - Regula po iteracji 0: IF Strength >= 32.55 THEN class = {13.52} [10.43, 16.61], (p=250, n=194, P=585, N=570)
2026-04-14 12:40:52,090 - INFO - *****GROWING RR RULE*****
2026-04-14 12:40:52,185 - INFO - Iteracja 0: condition_best: None, quality_best: -inf, coverage_best: (p=0, n=0, P=0, N=0), p_value: 0
2026-04-14 12:40:52,185 - INFO - Regula po iteracji 0: IF  THEN class = {14.89} [11.49, 18.30], (p=767, n=388, P=767, N=388)
2026-04-14 12:40:52,185 - INFO - *****STOP GROWING RR RULE*****
2026-04-14 12:40:52,185 - INFO - ***RR NOT FOUND***
2026-04-14 12:40:52,200 - INFO - Iteracja 1: condition_best: Temperature <= 285.00, quality_best: 0.129, coverage_best: (p=117, n=133, P=388, N=767)
2026-04-14 12:40:52,200 - INFO - Regula po iteracji 1: IF Strength >= 32.55 AND Temperature <= 285.00 THEN class = {12.63} [10.08, 15.18], (p=117, n=133, P=388, N=767)
2026-04-14 12:40:52,200 - INFO - *****GROWING RR RULE*****
2026-04-14 12:40:52,293 - INFO - Iteracja 0: condition_best: None, quality_best: -inf, coverage_best: (p=0, n=0, P=0, N=0), p_value: 0
2026-04-14 12:40:52,293 - INFO - Regula po iteracji 0: IF  THEN class = {14.89} [11.49, 18.30], (p=767, n=388, P=767, N=388)
2026-04-14 12:40:52,293 - INFO - *****STOP GROWING RR RULE*****
2026-04-14 12:40:52,293 - INFO - ***RR NOT FOUND***
2026-04-14 12:40:52,302 - INFO - Iteracja 2: condition_best: Strength <= 36.45, quality_best: 0.177, coverage_best: (p=99, n=52, P=585, N=570)
2026-04-14 12:40:52,302 - INFO - Regula po iteracji 2: IF Strength >= 32.55 AND Temperature <= 285.00 AND Strength <= 36.45 THEN class = {13.44} [10.75, 16.14], (p=99, n=52, P=585, N=570)
2026-04-14 12:40:52,303 - INFO - *****GROWING RR RULE*****
2026-04-14 12:40:52,397 - INFO - Iteracja 0: condition_best: None, quality_best: -inf, coverage_best: (p=0, n=0, P=0, N=0), p_value: 0
2026-04-14 12:40:52,397 - INFO - Regula po iteracji 0: IF  THEN class = {14.89} [11.49, 18.30], (p=767, n=388, P=767, N=388)
2026-04-14 12:40:52,397 - INFO - *****STOP GROWING RR RULE*****
2026-04-14 12:40:52,397 - INFO - ***RR NOT FOUND***
2026-04-14 12:40:52,401 - INFO - Iteracja 3: condition_best: Temperature >= 255.00, quality_best: 0.278, coverage_best: (p=80, n=27, P=585, N=570)
2026-04-14 12:40:52,401 - INFO - Regula po iteracji 3: IF Strength >= 32.55 AND Temperature <= 285.00 AND Strength <= 36.45 AND Temperature >= 255.00 THEN class = {14.37} [11.87, 16.88], (p=80, n=27, P=585, N=570)
2026-04-14 12:40:52,402 - INFO - *****GROWING RR RULE*****
2026-04-14 12:40:52,490 - INFO - Iteracja 0: condition_best: None, quality_best: -inf, coverage_best: (p=0, n=0, P=0, N=0), p_value: 0
2026-04-14 12:40:52,490 - INFO - Regula po iteracji 0: IF  THEN class = {14.89} [11.49, 18.30], (p=767, n=388, P=767, N=388)
2026-04-14 12:40:52,491 - INFO - *****STOP GROWING RR RULE*****
2026-04-14 12:40:52,491 - INFO - ***RR NOT FOUND***
2026-04-14 12:40:52,494 - INFO - Iteracja 4: condition_best: Strength <= 33.40, quality_best: 0.299, coverage_best: (p=19, n=5, P=583, N=572)
2026-04-14 12:40:52,494 - INFO - Regula po iteracji 4: IF Strength >= 32.55 AND Temperature <= 285.00 AND Strength <= 36.45 AND Temperature >= 255.00 AND Strength <= 33.40 THEN class = {15.83} [13.53, 18.14], (p=19, n=5, P=583, N=572)
2026-04-14 12:40:52,495 - INFO - *****GROWING RR RULE*****
2026-04-14 12:40:52,582 - INFO - Iteracja 0: condition_best: None, quality_best: -inf, coverage_best: (p=0, n=0, P=0, N=0), p_value: 0
2026-04-14 12:40:52,582 - INFO - Regula po iteracji 0: IF  THEN class = {14.89} [11.49, 18.30], (p=767, n=388, P=767, N=388)
2026-04-14 12:40:52,582 - INFO - *****STOP GROWING RR RULE*****
2026-04-14 12:40:52,582 - INFO - ***RR NOT FOUND***
2026-04-14 12:40:52,582 - INFO - *******STOP GROWING CR RULE*******
2026-04-14 12:40:52,583 - INFO - *******GROWING CR RULE*******
2026-04-14 12:40:52,632 - INFO - Iteracja 0: condition_best: Strength <= 30.90, quality_best: 0.081, coverage_best: (p=349, n=280, P=583, N=572)
2026-04-14 12:40:52,632 - INFO - Regula po iteracji 0: IF Strength <= 30.90 THEN class = {15.88} [12.62, 19.15], (p=349, n=280, P=583, N=572)
2026-04-14 12:40:52,633 - INFO - *****GROWING RR RULE*****
2026-04-14 12:40:52,732 - INFO - Iteracja 0: condition_best: None, quality_best: -inf, coverage_best: (p=0, n=0, P=0, N=0), p_value: 0
2026-04-14 12:40:52,732 - INFO - Regula po iteracji 0: IF  THEN class = {14.89} [11.49, 18.30], (p=767, n=388, P=767, N=388)
2026-04-14 12:40:52,732 - INFO - *****STOP GROWING RR RULE*****
2026-04-14 12:40:52,733 - INFO - ***RR NOT FOUND***
2026-04-14 12:40:52,754 - INFO - Iteracja 1: condition_best: Temperature >= 225.00, quality_best: 0.114, coverage_best: (p=187, n=130, P=583, N=572)
2026-04-14 12:40:52,754 - INFO - Regula po iteracji 1: IF Strength <= 30.90 AND Temperature >= 225.00 THEN class = {16.79} [13.89, 19.70], (p=187, n=130, P=583, N=572)
2026-04-14 12:40:52,754 - INFO - *****GROWING RR RULE*****
2026-04-14 12:40:52,850 - INFO - Iteracja 0: condition_best: None, quality_best: -inf, coverage_best: (p=0, n=0, P=0, N=0), p_value: 0
2026-04-14 12:40:52,850 - INFO - Regula po iteracji 0: IF  THEN class = {14.89} [11.49, 18.30], (p=767, n=388, P=767, N=388)
2026-04-14 12:40:52,850 - INFO - *****STOP GROWING RR RULE*****
2026-04-14 12:40:52,850 - INFO - ***RR NOT FOUND***
2026-04-14 12:40:52,861 - INFO - Iteracja 2: condition_best: Strength >= 24.95, quality_best: 0.152, coverage_best: (p=148, n=89, P=583, N=572)
2026-04-14 12:40:52,861 - INFO - Regula po iteracji 2: IF Strength <= 30.90 AND Temperature >= 225.00 AND Strength >= 24.95 THEN class = {16.16} [13.19, 19.13], (p=148, n=89, P=583, N=572)
2026-04-14 12:40:52,862 - INFO - *****GROWING RR RULE*****
2026-04-14 12:40:52,959 - INFO - Iteracja 0: condition_best: None, quality_best: -inf, coverage_best: (p=0, n=0, P=0, N=0), p_value: 0
2026-04-14 12:40:52,959 - INFO - Regula po iteracji 0: IF  THEN class = {14.89} [11.49, 18.30], (p=767, n=388, P=767, N=388)
2026-04-14 12:40:52,959 - INFO - *****STOP GROWING RR RULE*****
2026-04-14 12:40:52,959 - INFO - ***RR NOT FOUND***
2026-04-14 12:40:52,965 - INFO - Iteracja 3: condition_best: Temperature <= 285.00, quality_best: 0.158, coverage_best: (p=148, n=87, P=583, N=572)
2026-04-14 12:40:52,965 - INFO - Regula po iteracji 3: IF Strength <= 30.90 AND Temperature >= 225.00 AND Strength >= 24.95 AND Temperature <= 285.00 THEN class = {16.13} [13.17, 19.09], (p=148, n=87, P=583, N=572)
2026-04-14 12:40:52,966 - INFO - *****GROWING RR RULE*****
2026-04-14 12:40:53,061 - INFO - Iteracja 0: condition_best: None, quality_best: -inf, coverage_best: (p=0, n=0, P=0, N=0), p_value: 0
2026-04-14 12:40:53,061 - INFO - Regula po iteracji 0: IF  THEN class = {14.89} [11.49, 18.30], (p=767, n=388, P=767, N=388)
2026-04-14 12:40:53,062 - INFO - *****STOP GROWING RR RULE*****
2026-04-14 12:40:53,062 - INFO - ***RR NOT FOUND***
2026-04-14 12:40:53,068 - INFO - Iteracja 4: condition_best: Strength >= 25.25, quality_best: 0.152, coverage_best: (p=145, n=87, P=583, N=572)
2026-04-14 12:40:53,068 - INFO - Regula po iteracji 4: IF Strength <= 30.90 AND Temperature >= 225.00 AND Strength >= 24.95 AND Temperature <= 285.00 AND Strength >= 25.25 THEN class = {16.13} [13.16, 19.10], (p=145, n=87, P=583, N=572)
2026-04-14 12:40:53,069 - INFO - *****GROWING RR RULE*****
2026-04-14 12:40:53,165 - INFO - Iteracja 0: condition_best: None, quality_best: -inf, coverage_best: (p=0, n=0, P=0, N=0), p_value: 0
2026-04-14 12:40:53,165 - INFO - Regula po iteracji 0: IF  THEN class = {14.89} [11.49, 18.30], (p=767, n=388, P=767, N=388)
2026-04-14 12:40:53,165 - INFO - *****STOP GROWING RR RULE*****
2026-04-14 12:40:53,165 - INFO - ***RR NOT FOUND***
2026-04-14 12:40:53,165 - INFO - *******STOP GROWING CR RULE*******
2026-04-14 12:40:53,166 - INFO - *******GROWING CR RULE*******
2026-04-14 12:40:53,215 - INFO - Iteracja 0: condition_best: Strength >= 32.25, quality_best: 0.079, coverage_best: (p=259, n=203, P=585, N=570)
2026-04-14 12:40:53,215 - INFO - Regula po iteracji 0: IF Strength >= 32.25 THEN class = {13.56} [10.45, 16.67], (p=259, n=203, P=585, N=570)
2026-04-14 12:40:53,215 - INFO - *****GROWING RR RULE*****
2026-04-14 12:40:53,310 - INFO - Iteracja 0: condition_best: None, quality_best: -inf, coverage_best: (p=0, n=0, P=0, N=0), p_value: 0
2026-04-14 12:40:53,310 - INFO - Regula po iteracji 0: IF  THEN class = {14.89} [11.49, 18.30], (p=767, n=388, P=767, N=388)
2026-04-14 12:40:53,310 - INFO - *****STOP GROWING RR RULE*****
2026-04-14 12:40:53,311 - INFO - ***RR NOT FOUND***
2026-04-14 12:40:53,327 - INFO - Iteracja 1: condition_best: Temperature <= 275.00, quality_best: 0.451, coverage_best: (p=159, n=26, P=593, N=562)
2026-04-14 12:40:53,327 - INFO - Regula po iteracji 1: IF Strength >= 32.25 AND Temperature <= 275.00 THEN class = {12.25} [9.87, 14.63], (p=159, n=26, P=593, N=562)
2026-04-14 12:40:53,327 - INFO - *****GROWING RR RULE*****
2026-04-14 12:40:53,417 - INFO - Iteracja 0: condition_best: None, quality_best: -inf, coverage_best: (p=0, n=0, P=0, N=0), p_value: 0
2026-04-14 12:40:53,417 - INFO - Regula po iteracji 0: IF  THEN class = {14.89} [11.49, 18.30], (p=767, n=388, P=767, N=388)
2026-04-14 12:40:53,417 - INFO - *****STOP GROWING RR RULE*****
2026-04-14 12:40:53,417 - INFO - ***RR NOT FOUND***
2026-04-14 12:40:53,425 - INFO - Iteracja 2: condition_best: Strength >= 32.35, quality_best: 0.452, coverage_best: (p=156, n=25, P=593, N=562)
2026-04-14 12:40:53,425 - INFO - Regula po iteracji 2: IF Strength >= 32.25 AND Temperature <= 275.00 AND Strength >= 32.35 THEN class = {12.23} [9.85, 14.61], (p=156, n=25, P=593, N=562)
2026-04-14 12:40:53,425 - INFO - *****GROWING RR RULE*****
2026-04-14 12:40:53,515 - INFO - Iteracja 0: condition_best: None, quality_best: -inf, coverage_best: (p=0, n=0, P=0, N=0), p_value: 0
2026-04-14 12:40:53,515 - INFO - Regula po iteracji 0: IF  THEN class = {14.89} [11.49, 18.30], (p=767, n=388, P=767, N=388)
2026-04-14 12:40:53,516 - INFO - *****STOP GROWING RR RULE*****
2026-04-14 12:40:53,516 - INFO - ***RR NOT FOUND***
2026-04-14 12:40:53,523 - INFO - Iteracja 3: condition_best: Strength <= 42.60, quality_best: 0.451, coverage_best: (p=155, n=25, P=593, N=562)
2026-04-14 12:40:53,523 - INFO - Regula po iteracji 3: IF Strength >= 32.25 AND Temperature <= 275.00 AND Strength >= 32.35 AND Strength <= 42.60 THEN class = {12.24} [9.86, 14.63], (p=155, n=25, P=593, N=562)
2026-04-14 12:40:53,523 - INFO - *****GROWING RR RULE*****
2026-04-14 12:40:53,614 - INFO - Iteracja 0: condition_best: None, quality_best: -inf, coverage_best: (p=0, n=0, P=0, N=0), p_value: 0
2026-04-14 12:40:53,614 - INFO - Regula po iteracji 0: IF  THEN class = {14.89} [11.49, 18.30], (p=767, n=388, P=767, N=388)
2026-04-14 12:40:53,614 - INFO - *****STOP GROWING RR RULE*****
2026-04-14 12:40:53,614 - INFO - ***RR NOT FOUND***
2026-04-14 12:40:53,621 - INFO - Iteracja 4: condition_best: Strength <= 42.15, quality_best: 0.449, coverage_best: (p=154, n=25, P=593, N=562)
2026-04-14 12:40:53,621 - INFO - Regula po iteracji 4: IF Strength >= 32.25 AND Temperature <= 275.00 AND Strength >= 32.35 AND Strength <= 42.60 AND Strength <= 42.15 THEN class = {12.26} [9.87, 14.64], (p=154, n=25, P=593, N=562)
2026-04-14 12:40:53,622 - INFO - *****GROWING RR RULE*****
2026-04-14 12:40:53,712 - INFO - Iteracja 0: condition_best: None, quality_best: -inf, coverage_best: (p=0, n=0, P=0, N=0), p_value: 0
2026-04-14 12:40:53,712 - INFO - Regula po iteracji 0: IF  THEN class = {14.89} [11.49, 18.30], (p=767, n=388, P=767, N=388)
2026-04-14 12:40:53,712 - INFO - *****STOP GROWING RR RULE*****
2026-04-14 12:40:53,712 - INFO - ***RR NOT FOUND***
2026-04-14 12:40:53,712 - INFO - *******STOP GROWING CR RULE*******
2026-04-14 12:40:53,713 - INFO - *******GROWING CR RULE*******
2026-04-14 12:40:53,761 - INFO - Iteracja 0: condition_best: Strength >= 32.25, quality_best: 0.079, coverage_best: (p=259, n=203, P=585, N=570)
2026-04-14 12:40:53,762 - INFO - Regula po iteracji 0: IF Strength >= 32.25 THEN class = {13.56} [10.45, 16.67], (p=259, n=203, P=585, N=570)
2026-04-14 12:40:53,762 - INFO - *****GROWING RR RULE*****
2026-04-14 12:40:53,857 - INFO - Iteracja 0: condition_best: None, quality_best: -inf, coverage_best: (p=0, n=0, P=0, N=0), p_value: 0
2026-04-14 12:40:53,857 - INFO - Regula po iteracji 0: IF  THEN class = {14.89} [11.49, 18.30], (p=767, n=388, P=767, N=388)
2026-04-14 12:40:53,857 - INFO - *****STOP GROWING RR RULE*****
2026-04-14 12:40:53,857 - INFO - ***RR NOT FOUND***
2026-04-14 12:40:53,873 - INFO - Iteracja 1: condition_best: Temperature <= 285.00, quality_best: 0.124, coverage_best: (p=123, n=144, P=388, N=767)
2026-04-14 12:40:53,873 - INFO - Regula po iteracji 1: IF Strength >= 32.25 AND Temperature <= 285.00 THEN class = {12.73} [10.10, 15.37], (p=123, n=144, P=388, N=767)
2026-04-14 12:40:53,873 - INFO - *****GROWING RR RULE*****
2026-04-14 12:40:53,967 - INFO - Iteracja 0: condition_best: None, quality_best: -inf, coverage_best: (p=0, n=0, P=0, N=0), p_value: 0
2026-04-14 12:40:53,967 - INFO - Regula po iteracji 0: IF  THEN class = {14.89} [11.49, 18.30], (p=767, n=388, P=767, N=388)
2026-04-14 12:40:53,967 - INFO - *****STOP GROWING RR RULE*****
2026-04-14 12:40:53,967 - INFO - ***RR NOT FOUND***
2026-04-14 12:40:53,976 - INFO - Iteracja 2: condition_best: Strength <= 32.45, quality_best: 0.164, coverage_best: (p=6, n=3, P=585, N=570)
2026-04-14 12:40:53,976 - INFO - Regula po iteracji 2: IF Strength >= 32.25 AND Temperature <= 285.00 AND Strength <= 32.45 THEN class = {13.56} [10.93, 16.18], (p=6, n=3, P=585, N=570)
2026-04-14 12:40:53,977 - INFO - *****GROWING RR RULE*****
2026-04-14 12:40:54,067 - INFO - Iteracja 0: condition_best: Temperature <= 255.00, quality_best: 0.013, coverage_best: (p=420, n=207, P=767, N=388), p_value: 3
2026-04-14 12:40:54,067 - INFO - Regula po iteracji 0: IF Temperature <= 255.00 THEN class = {14.89} [11.49, 18.30], (p=420, n=207, P=767, N=388)
2026-04-14 12:40:54,116 - INFO - Iteracja 1: condition_best: None, quality_best: -inf, coverage_best: (p=0, n=0, P=0, N=0), p_value: 3
2026-04-14 12:40:54,117 - INFO - Regula po iteracji 1: IF Temperature <= 255.00 THEN class = {14.87} [11.48, 18.27], (p=420, n=207, P=767, N=388)
2026-04-14 12:40:54,117 - INFO - *****STOP GROWING RR RULE*****
2026-04-14 12:40:54,117 - INFO - ***RR FOUND***
2026-04-14 12:40:54,117 - INFO - Reference rule: IF Temperature <= 255.00 THEN class = {14.87} [11.48, 18.27]
2026-04-14 12:40:54,117 - INFO - ***CHECKING EXCEPTION***
2026-04-14 12:40:54,118 - INFO - *******STOP GROWING CR RULE*******
2026-04-14 12:40:54,119 - INFO - *******GROWING CR RULE*******
2026-04-14 12:40:54,168 - INFO - Iteracja 0: condition_best: Strength >= 32.25, quality_best: 0.079, coverage_best: (p=259, n=203, P=585, N=570)
2026-04-14 12:40:54,168 - INFO - Regula po iteracji 0: IF Strength >= 32.25 THEN class = {13.56} [10.45, 16.67], (p=259, n=203, P=585, N=570)
2026-04-14 12:40:54,168 - INFO - *****GROWING RR RULE*****
2026-04-14 12:40:54,262 - INFO - Iteracja 0: condition_best: None, quality_best: -inf, coverage_best: (p=0, n=0, P=0, N=0), p_value: 0
2026-04-14 12:40:54,262 - INFO - Regula po iteracji 0: IF  THEN class = {14.89} [11.49, 18.30], (p=767, n=388, P=767, N=388)
2026-04-14 12:40:54,263 - INFO - *****STOP GROWING RR RULE*****
2026-04-14 12:40:54,263 - INFO - ***RR NOT FOUND***
2026-04-14 12:40:54,278 - INFO - Iteracja 1: condition_best: Strength <= 42.25, quality_best: 0.117, coverage_best: (p=240, n=168, P=585, N=570)
2026-04-14 12:40:54,278 - INFO - Regula po iteracji 1: IF Strength >= 32.25 AND Strength <= 42.25 THEN class = {13.90} [10.78, 17.01], (p=240, n=168, P=585, N=570)
2026-04-14 12:40:54,279 - INFO - *****GROWING RR RULE*****
2026-04-14 12:40:54,377 - INFO - Iteracja 0: condition_best: None, quality_best: -inf, coverage_best: (p=0, n=0, P=0, N=0), p_value: 0
2026-04-14 12:40:54,377 - INFO - Regula po iteracji 0: IF  THEN class = {14.89} [11.49, 18.30], (p=767, n=388, P=767, N=388)
2026-04-14 12:40:54,377 - INFO - *****STOP GROWING RR RULE*****
2026-04-14 12:40:54,377 - INFO - ***RR NOT FOUND***
2026-04-14 12:40:54,389 - INFO - Iteracja 2: condition_best: Temperature >= 265.00, quality_best: 0.153, coverage_best: (p=184, n=112, P=585, N=570)
2026-04-14 12:40:54,389 - INFO - Regula po iteracji 2: IF Strength >= 32.25 AND Strength <= 42.25 AND Temperature >= 265.00 THEN class = {14.78} [11.75, 17.82], (p=184, n=112, P=585, N=570)
2026-04-14 12:40:54,389 - INFO - *****GROWING RR RULE*****
2026-04-14 12:40:54,480 - INFO - Iteracja 0: condition_best: None, quality_best: -inf, coverage_best: (p=0, n=0, P=0, N=0), p_value: 0
2026-04-14 12:40:54,480 - INFO - Regula po iteracji 0: IF  THEN class = {14.89} [11.49, 18.30], (p=767, n=388, P=767, N=388)
2026-04-14 12:40:54,481 - INFO - *****STOP GROWING RR RULE*****
2026-04-14 12:40:54,481 - INFO - ***RR NOT FOUND***
2026-04-14 12:40:54,491 - INFO - Iteracja 3: condition_best: Strength <= 38.55, quality_best: 0.222, coverage_best: (p=134, n=62, P=583, N=572)
2026-04-14 12:40:54,491 - INFO - Regula po iteracji 3: IF Strength >= 32.25 AND Strength <= 42.25 AND Temperature >= 265.00 AND Strength <= 38.55 THEN class = {15.93} [13.20, 18.66], (p=134, n=62, P=583, N=572)
2026-04-14 12:40:54,491 - INFO - *****GROWING RR RULE*****
2026-04-14 12:40:54,581 - INFO - Iteracja 0: condition_best: None, quality_best: -inf, coverage_best: (p=0, n=0, P=0, N=0), p_value: 0
2026-04-14 12:40:54,581 - INFO - Regula po iteracji 0: IF  THEN class = {14.89} [11.49, 18.30], (p=767, n=388, P=767, N=388)
2026-04-14 12:40:54,581 - INFO - *****STOP GROWING RR RULE*****
2026-04-14 12:40:54,581 - INFO - ***RR NOT FOUND***
2026-04-14 12:40:54,587 - INFO - Iteracja 4: condition_best: Strength <= 36.90, quality_best: 0.222, coverage_best: (p=105, n=47, P=583, N=572)
2026-04-14 12:40:54,587 - INFO - Regula po iteracji 4: IF Strength >= 32.25 AND Strength <= 42.25 AND Temperature >= 265.00 AND Strength <= 38.55 AND Strength <= 36.90 THEN class = {16.43} [13.84, 19.03], (p=105, n=47, P=583, N=572)
2026-04-14 12:40:54,588 - INFO - *****GROWING RR RULE*****
2026-04-14 12:40:54,677 - INFO - Iteracja 0: condition_best: None, quality_best: -inf, coverage_best: (p=0, n=0, P=0, N=0), p_value: 0
2026-04-14 12:40:54,678 - INFO - Regula po iteracji 0: IF  THEN class = {14.89} [11.49, 18.30], (p=767, n=388, P=767, N=388)
2026-04-14 12:40:54,678 - INFO - *****STOP GROWING RR RULE*****
2026-04-14 12:40:54,678 - INFO - ***RR NOT FOUND***
2026-04-14 12:40:54,678 - INFO - *******STOP GROWING CR RULE*******
2026-04-14 12:40:54,678 - INFO - *******GROWING CR RULE*******
2026-04-14 12:40:54,727 - INFO - Iteracja 0: condition_best: Strength <= 32.00, quality_best: 0.079, coverage_best: (p=369, n=299, P=583, N=572)
2026-04-14 12:40:54,727 - INFO - Regula po iteracji 0: IF Strength <= 32.00 THEN class = {15.81} [12.52, 19.09], (p=369, n=299, P=583, N=572)
2026-04-14 12:40:54,727 - INFO - *****GROWING RR RULE*****
2026-04-14 12:40:54,825 - INFO - Iteracja 0: condition_best: None, quality_best: -inf, coverage_best: (p=0, n=0, P=0, N=0), p_value: 0
2026-04-14 12:40:54,825 - INFO - Regula po iteracji 0: IF  THEN class = {14.89} [11.49, 18.30], (p=767, n=388, P=767, N=388)
2026-04-14 12:40:54,825 - INFO - *****STOP GROWING RR RULE*****
2026-04-14 12:40:54,825 - INFO - ***RR NOT FOUND***
2026-04-14 12:40:54,848 - INFO - Iteracja 1: condition_best: Temperature >= 265.00, quality_best: 0.485, coverage_best: (p=52, n=6, P=365, N=790)
2026-04-14 12:40:54,848 - INFO - Regula po iteracji 1: IF Strength <= 32.00 AND Temperature >= 265.00 THEN class = {19.03} [17.68, 20.39], (p=52, n=6, P=365, N=790)
2026-04-14 12:40:54,848 - INFO - *****GROWING RR RULE*****
2026-04-14 12:40:54,936 - INFO - Iteracja 0: condition_best: None, quality_best: -inf, coverage_best: (p=0, n=0, P=0, N=0), p_value: 0
2026-04-14 12:40:54,936 - INFO - Regula po iteracji 0: IF  THEN class = {14.89} [11.49, 18.30], (p=767, n=388, P=767, N=388)
2026-04-14 12:40:54,936 - INFO - *****STOP GROWING RR RULE*****
2026-04-14 12:40:54,936 - INFO - ***RR NOT FOUND***
2026-04-14 12:40:54,940 - INFO - Iteracja 2: condition_best: Strength <= 31.60, quality_best: 0.505, coverage_best: (p=49, n=4, P=365, N=790)
2026-04-14 12:40:54,940 - INFO - Regula po iteracji 2: IF Strength <= 32.00 AND Temperature >= 265.00 AND Strength <= 31.60 THEN class = {19.13} [17.87, 20.39], (p=49, n=4, P=365, N=790)
2026-04-14 12:40:54,940 - INFO - *****GROWING RR RULE*****
2026-04-14 12:40:55,027 - INFO - Iteracja 0: condition_best: None, quality_best: -inf, coverage_best: (p=0, n=0, P=0, N=0), p_value: 0
2026-04-14 12:40:55,028 - INFO - Regula po iteracji 0: IF  THEN class = {14.89} [11.49, 18.30], (p=767, n=388, P=767, N=388)
2026-04-14 12:40:55,028 - INFO - *****STOP GROWING RR RULE*****
2026-04-14 12:40:55,028 - INFO - ***RR NOT FOUND***
2026-04-14 12:40:55,031 - INFO - Iteracja 3: condition_best: Strength >= 26.55, quality_best: 0.502, coverage_best: (p=48, n=4, P=365, N=790)
2026-04-14 12:40:55,031 - INFO - Regula po iteracji 3: IF Strength <= 32.00 AND Temperature >= 265.00 AND Strength <= 31.60 AND Strength >= 26.55 THEN class = {19.12} [17.85, 20.38], (p=48, n=4, P=365, N=790)
2026-04-14 12:40:55,031 - INFO - *****GROWING RR RULE*****
2026-04-14 12:40:55,118 - INFO - Iteracja 0: condition_best: None, quality_best: -inf, coverage_best: (p=0, n=0, P=0, N=0), p_value: 0
2026-04-14 12:40:55,118 - INFO - Regula po iteracji 0: IF  THEN class = {14.89} [11.49, 18.30], (p=767, n=388, P=767, N=388)
2026-04-14 12:40:55,119 - INFO - *****STOP GROWING RR RULE*****
2026-04-14 12:40:55,119 - INFO - ***RR NOT FOUND***
2026-04-14 12:40:55,122 - INFO - Iteracja 4: condition_best: Strength >= 27.10, quality_best: 0.497, coverage_best: (p=46, n=4, P=365, N=790)
2026-04-14 12:40:55,122 - INFO - Regula po iteracji 4: IF Strength <= 32.00 AND Temperature >= 265.00 AND Strength <= 31.60 AND Strength >= 26.55 AND Strength >= 27.10 THEN class = {19.08} [17.80, 20.36], (p=46, n=4, P=365, N=790)
2026-04-14 12:40:55,122 - INFO - *****GROWING RR RULE*****
2026-04-14 12:40:55,209 - INFO - Iteracja 0: condition_best: None, quality_best: -inf, coverage_best: (p=0, n=0, P=0, N=0), p_value: 0
2026-04-14 12:40:55,209 - INFO - Regula po iteracji 0: IF  THEN class = {14.89} [11.49, 18.30], (p=767, n=388, P=767, N=388)
2026-04-14 12:40:55,210 - INFO - *****STOP GROWING RR RULE*****
2026-04-14 12:40:55,210 - INFO - ***RR NOT FOUND***
2026-04-14 12:40:55,210 - INFO - *******STOP GROWING CR RULE*******
2026-04-14 12:40:55,210 - INFO - *******GROWING CR RULE*******
2026-04-14 12:40:55,259 - INFO - Iteracja 0: condition_best: Strength <= 32.00, quality_best: 0.079, coverage_best: (p=369, n=299, P=583, N=572)
2026-04-14 12:40:55,259 - INFO - Regula po iteracji 0: IF Strength <= 32.00 THEN class = {15.81} [12.52, 19.09], (p=369, n=299, P=583, N=572)
2026-04-14 12:40:55,259 - INFO - *****GROWING RR RULE*****
2026-04-14 12:40:55,357 - INFO - Iteracja 0: condition_best: None, quality_best: -inf, coverage_best: (p=0, n=0, P=0, N=0), p_value: 0
2026-04-14 12:40:55,357 - INFO - Regula po iteracji 0: IF  THEN class = {14.89} [11.49, 18.30], (p=767, n=388, P=767, N=388)
2026-04-14 12:40:55,358 - INFO - *****STOP GROWING RR RULE*****
2026-04-14 12:40:55,358 - INFO - ***RR NOT FOUND***
2026-04-14 12:40:55,380 - INFO - Iteracja 1: condition_best: Temperature >= 265.00, quality_best: 0.485, coverage_best: (p=52, n=6, P=365, N=790)
2026-04-14 12:40:55,380 - INFO - Regula po iteracji 1: IF Strength <= 32.00 AND Temperature >= 265.00 THEN class = {19.03} [17.68, 20.39], (p=52, n=6, P=365, N=790)
2026-04-14 12:40:55,381 - INFO - *****GROWING RR RULE*****
2026-04-14 12:40:55,468 - INFO - Iteracja 0: condition_best: None, quality_best: -inf, coverage_best: (p=0, n=0, P=0, N=0), p_value: 0
2026-04-14 12:40:55,469 - INFO - Regula po iteracji 0: IF  THEN class = {14.89} [11.49, 18.30], (p=767, n=388, P=767, N=388)
2026-04-14 12:40:55,469 - INFO - *****STOP GROWING RR RULE*****
2026-04-14 12:40:55,469 - INFO - ***RR NOT FOUND***
2026-04-14 12:40:55,472 - INFO - Iteracja 2: condition_best: Strength >= 26.55, quality_best: 0.482, coverage_best: (p=51, n=6, P=365, N=790)
2026-04-14 12:40:55,472 - INFO - Regula po iteracji 2: IF Strength <= 32.00 AND Temperature >= 265.00 AND Strength >= 26.55 THEN class = {19.02} [17.66, 20.37], (p=51, n=6, P=365, N=790)
2026-04-14 12:40:55,472 - INFO - *****GROWING RR RULE*****
2026-04-14 12:40:55,560 - INFO - Iteracja 0: condition_best: None, quality_best: -inf, coverage_best: (p=0, n=0, P=0, N=0), p_value: 0
2026-04-14 12:40:55,560 - INFO - Regula po iteracji 0: IF  THEN class = {14.89} [11.49, 18.30], (p=767, n=388, P=767, N=388)
2026-04-14 12:40:55,560 - INFO - *****STOP GROWING RR RULE*****
2026-04-14 12:40:55,560 - INFO - ***RR NOT FOUND***
2026-04-14 12:40:55,563 - INFO - Iteracja 3: condition_best: Strength >= 27.10, quality_best: 0.477, coverage_best: (p=49, n=6, P=365, N=790)
2026-04-14 12:40:55,563 - INFO - Regula po iteracji 3: IF Strength <= 32.00 AND Temperature >= 265.00 AND Strength >= 26.55 AND Strength >= 27.10 THEN class = {18.98} [17.61, 20.35], (p=49, n=6, P=365, N=790)
2026-04-14 12:40:55,564 - INFO - *****GROWING RR RULE*****
2026-04-14 12:40:55,651 - INFO - Iteracja 0: condition_best: None, quality_best: -inf, coverage_best: (p=0, n=0, P=0, N=0), p_value: 0
2026-04-14 12:40:55,651 - INFO - Regula po iteracji 0: IF  THEN class = {14.89} [11.49, 18.30], (p=767, n=388, P=767, N=388)
2026-04-14 12:40:55,651 - INFO - *****STOP GROWING RR RULE*****
2026-04-14 12:40:55,651 - INFO - ***RR NOT FOUND***
2026-04-14 12:40:55,655 - INFO - Iteracja 4: condition_best: Strength >= 27.60, quality_best: 0.474, coverage_best: (p=48, n=6, P=365, N=790)
2026-04-14 12:40:55,655 - INFO - Regula po iteracji 4: IF Strength <= 32.00 AND Temperature >= 265.00 AND Strength >= 26.55 AND Strength >= 27.10 AND Strength >= 27.60 THEN class = {18.96} [17.59, 20.34], (p=48, n=6, P=365, N=790)
2026-04-14 12:40:55,655 - INFO - *****GROWING RR RULE*****
2026-04-14 12:40:55,743 - INFO - Iteracja 0: condition_best: None, quality_best: -inf, coverage_best: (p=0, n=0, P=0, N=0), p_value: 0
2026-04-14 12:40:55,743 - INFO - Regula po iteracji 0: IF  THEN class = {14.89} [11.49, 18.30], (p=767, n=388, P=767, N=388)
2026-04-14 12:40:55,743 - INFO - *****STOP GROWING RR RULE*****
2026-04-14 12:40:55,743 - INFO - ***RR NOT FOUND***
2026-04-14 12:40:55,743 - INFO - *******STOP GROWING CR RULE*******
2026-04-14 12:40:55,744 - INFO - *******GROWING CR RULE*******
2026-04-14 12:40:55,792 - INFO - Iteracja 0: condition_best: Strength <= 32.00, quality_best: 0.079, coverage_best: (p=369, n=299, P=583, N=572)
2026-04-14 12:40:55,792 - INFO - Regula po iteracji 0: IF Strength <= 32.00 THEN class = {15.81} [12.52, 19.09], (p=369, n=299, P=583, N=572)
2026-04-14 12:40:55,792 - INFO - *****GROWING RR RULE*****
2026-04-14 12:40:55,891 - INFO - Iteracja 0: condition_best: None, quality_best: -inf, coverage_best: (p=0, n=0, P=0, N=0), p_value: 0
2026-04-14 12:40:55,891 - INFO - Regula po iteracji 0: IF  THEN class = {14.89} [11.49, 18.30], (p=767, n=388, P=767, N=388)
2026-04-14 12:40:55,891 - INFO - *****STOP GROWING RR RULE*****
2026-04-14 12:40:55,891 - INFO - ***RR NOT FOUND***
2026-04-14 12:40:55,914 - INFO - Iteracja 1: condition_best: Temperature >= 255.00, quality_best: 0.372, coverage_best: (p=80, n=29, P=365, N=790)
2026-04-14 12:40:55,914 - INFO - Regula po iteracji 1: IF Strength <= 32.00 AND Temperature >= 255.00 THEN class = {18.29} [16.42, 20.17], (p=80, n=29, P=365, N=790)
2026-04-14 12:40:55,914 - INFO - *****GROWING RR RULE*****
2026-04-14 12:40:56,003 - INFO - Iteracja 0: condition_best: None, quality_best: -inf, coverage_best: (p=0, n=0, P=0, N=0), p_value: 0
2026-04-14 12:40:56,003 - INFO - Regula po iteracji 0: IF  THEN class = {14.89} [11.49, 18.30], (p=767, n=388, P=767, N=388)
2026-04-14 12:40:56,003 - INFO - *****STOP GROWING RR RULE*****
2026-04-14 12:40:56,003 - INFO - ***RR NOT FOUND***
2026-04-14 12:40:56,008 - INFO - Iteracja 2: condition_best: Strength <= 31.60, quality_best: 0.392, coverage_best: (p=76, n=24, P=365, N=790)
2026-04-14 12:40:56,008 - INFO - Regula po iteracji 2: IF Strength <= 32.00 AND Temperature >= 255.00 AND Strength <= 31.60 THEN class = {18.42} [16.62, 20.22], (p=76, n=24, P=365, N=790)
2026-04-14 12:40:56,008 - INFO - *****GROWING RR RULE*****
2026-04-14 12:40:56,097 - INFO - Iteracja 0: condition_best: None, quality_best: -inf, coverage_best: (p=0, n=0, P=0, N=0), p_value: 0
2026-04-14 12:40:56,097 - INFO - Regula po iteracji 0: IF  THEN class = {14.89} [11.49, 18.30], (p=767, n=388, P=767, N=388)
2026-04-14 12:40:56,097 - INFO - *****STOP GROWING RR RULE*****
2026-04-14 12:40:56,098 - INFO - ***RR NOT FOUND***
2026-04-14 12:40:56,102 - INFO - Iteracja 3: condition_best: Strength >= 25.20, quality_best: 0.386, coverage_best: (p=74, n=24, P=365, N=790)
2026-04-14 12:40:56,102 - INFO - Regula po iteracji 3: IF Strength <= 32.00 AND Temperature >= 255.00 AND Strength <= 31.60 AND Strength >= 25.20 THEN class = {18.39} [16.59, 20.19], (p=74, n=24, P=365, N=790)
2026-04-14 12:40:56,102 - INFO - *****GROWING RR RULE*****
2026-04-14 12:40:56,190 - INFO - Iteracja 0: condition_best: None, quality_best: -inf, coverage_best: (p=0, n=0, P=0, N=0), p_value: 0
2026-04-14 12:40:56,190 - INFO - Regula po iteracji 0: IF  THEN class = {14.89} [11.49, 18.30], (p=767, n=388, P=767, N=388)
2026-04-14 12:40:56,191 - INFO - *****STOP GROWING RR RULE*****
2026-04-14 12:40:56,191 - INFO - ***RR NOT FOUND***
2026-04-14 12:40:56,195 - INFO - Iteracja 4: condition_best: Strength >= 25.95, quality_best: 0.383, coverage_best: (p=73, n=24, P=365, N=790)
2026-04-14 12:40:56,195 - INFO - Regula po iteracji 4: IF Strength <= 32.00 AND Temperature >= 255.00 AND Strength <= 31.60 AND Strength >= 25.20 AND Strength >= 25.95 THEN class = {18.37} [16.57, 20.17], (p=73, n=24, P=365, N=790)
2026-04-14 12:40:56,195 - INFO - *****GROWING RR RULE*****
2026-04-14 12:40:56,284 - INFO - Iteracja 0: condition_best: None, quality_best: -inf, coverage_best: (p=0, n=0, P=0, N=0), p_value: 0
2026-04-14 12:40:56,284 - INFO - Regula po iteracji 0: IF  THEN class = {14.89} [11.49, 18.30], (p=767, n=388, P=767, N=388)
2026-04-14 12:40:56,284 - INFO - *****STOP GROWING RR RULE*****
2026-04-14 12:40:56,284 - INFO - ***RR NOT FOUND***
2026-04-14 12:40:56,284 - INFO - *******STOP GROWING CR RULE*******
2026-04-14 12:40:56,285 - INFO - *******GROWING CR RULE*******
2026-04-14 12:40:56,333 - INFO - Iteracja 0: condition_best: Strength <= 32.00, quality_best: 0.079, coverage_best: (p=369, n=299, P=583, N=572)
2026-04-14 12:40:56,333 - INFO - Regula po iteracji 0: IF Strength <= 32.00 THEN class = {15.81} [12.52, 19.09], (p=369, n=299, P=583, N=572)
2026-04-14 12:40:56,333 - INFO - *****GROWING RR RULE*****
2026-04-14 12:40:56,432 - INFO - Iteracja 0: condition_best: None, quality_best: -inf, coverage_best: (p=0, n=0, P=0, N=0), p_value: 0
2026-04-14 12:40:56,432 - INFO - Regula po iteracji 0: IF  THEN class = {14.89} [11.49, 18.30], (p=767, n=388, P=767, N=388)
2026-04-14 12:40:56,432 - INFO - *****STOP GROWING RR RULE*****
2026-04-14 12:40:56,432 - INFO - ***RR NOT FOUND***
2026-04-14 12:40:56,454 - INFO - Iteracja 1: condition_best: Temperature >= 245.00, quality_best: 0.124, coverage_best: (p=81, n=93, P=379, N=776)
2026-04-14 12:40:56,454 - INFO - Regula po iteracji 1: IF Strength <= 32.00 AND Temperature >= 245.00 THEN class = {17.67} [15.35, 19.99], (p=81, n=93, P=379, N=776)
2026-04-14 12:40:56,455 - INFO - *****GROWING RR RULE*****
2026-04-14 12:40:56,570 - INFO - Iteracja 0: condition_best: Strength <= 23.60, quality_best: 0.163, coverage_best: (p=121, n=124, P=379, N=776), p_value: 4
2026-04-14 12:40:56,570 - INFO - Regula po iteracji 0: IF Strength <= 23.60 THEN class = {14.89} [11.49, 18.30], (p=121, n=124, P=379, N=776)
2026-04-14 12:40:56,587 - INFO - Iteracja 1: condition_best: None, quality_best: -inf, coverage_best: (p=0, n=0, P=0, N=0), p_value: 4
2026-04-14 12:40:56,588 - INFO - Regula po iteracji 1: IF Strength <= 23.60 THEN class = {17.23} [14.71, 19.76], (p=121, n=124, P=379, N=776)
2026-04-14 12:40:56,588 - INFO - *****STOP GROWING RR RULE*****
2026-04-14 12:40:56,588 - INFO - ***RR FOUND***
2026-04-14 12:40:56,588 - INFO - Reference rule: IF Strength <= 23.60 THEN class = {17.23} [14.71, 19.76]
2026-04-14 12:40:56,588 - INFO - ***CHECKING EXCEPTION***
2026-04-14 12:40:56,589 - INFO - *******STOP GROWING CR RULE*******
2026-04-14 12:40:56,590 - INFO - *******GROWING CR RULE*******
2026-04-14 12:40:56,638 - INFO - Iteracja 0: condition_best: Strength <= 32.00, quality_best: 0.079, coverage_best: (p=369, n=299, P=583, N=572)
2026-04-14 12:40:56,638 - INFO - Regula po iteracji 0: IF Strength <= 32.00 THEN class = {15.81} [12.52, 19.09], (p=369, n=299, P=583, N=572)
2026-04-14 12:40:56,638 - INFO - *****GROWING RR RULE*****
2026-04-14 12:40:56,737 - INFO - Iteracja 0: condition_best: None, quality_best: -inf, coverage_best: (p=0, n=0, P=0, N=0), p_value: 0
2026-04-14 12:40:56,737 - INFO - Regula po iteracji 0: IF  THEN class = {14.89} [11.49, 18.30], (p=767, n=388, P=767, N=388)
2026-04-14 12:40:56,737 - INFO - *****STOP GROWING RR RULE*****
2026-04-14 12:40:56,737 - INFO - ***RR NOT FOUND***
2026-04-14 12:40:56,760 - INFO - Iteracja 1: condition_best: Temperature >= 235.00, quality_best: 0.118, coverage_best: (p=116, n=142, P=379, N=776)
2026-04-14 12:40:56,760 - INFO - Regula po iteracji 1: IF Strength <= 32.00 AND Temperature >= 235.00 THEN class = {17.05} [14.33, 19.78], (p=116, n=142, P=379, N=776)
2026-04-14 12:40:56,760 - INFO - *****GROWING RR RULE*****
2026-04-14 12:40:56,873 - INFO - Iteracja 0: condition_best: Strength <= 22.25, quality_best: 0.17, coverage_best: (p=95, n=91, P=379, N=776), p_value: 8
2026-04-14 12:40:56,873 - INFO - Regula po iteracji 0: IF Strength <= 22.25 THEN class = {14.89} [11.49, 18.30], (p=95, n=91, P=379, N=776)
2026-04-14 12:40:56,887 - INFO - Iteracja 1: condition_best: None, quality_best: -inf, coverage_best: (p=0, n=0, P=0, N=0), p_value: 8
2026-04-14 12:40:56,888 - INFO - Regula po iteracji 1: IF Strength <= 22.25 THEN class = {17.65} [15.39, 19.90], (p=95, n=91, P=379, N=776)
2026-04-14 12:40:56,888 - INFO - *****STOP GROWING RR RULE*****
2026-04-14 12:40:56,888 - INFO - ***RR FOUND***
2026-04-14 12:40:56,888 - INFO - Reference rule: IF Strength <= 22.25 THEN class = {17.65} [15.39, 19.90]
2026-04-14 12:40:56,888 - INFO - ***CHECKING EXCEPTION***
2026-04-14 12:40:56,889 - INFO - *******STOP GROWING CR RULE*******
2026-04-14 12:40:56,890 - INFO - *******GROWING CR RULE*******
2026-04-14 12:40:56,938 - INFO - Iteracja 0: condition_best: Strength <= 32.00, quality_best: 0.079, coverage_best: (p=369, n=299, P=583, N=572)
2026-04-14 12:40:56,938 - INFO - Regula po iteracji 0: IF Strength <= 32.00 THEN class = {15.81} [12.52, 19.09], (p=369, n=299, P=583, N=572)
2026-04-14 12:40:56,938 - INFO - *****GROWING RR RULE*****
2026-04-14 12:40:57,036 - INFO - Iteracja 0: condition_best: None, quality_best: -inf, coverage_best: (p=0, n=0, P=0, N=0), p_value: 0
2026-04-14 12:40:57,036 - INFO - Regula po iteracji 0: IF  THEN class = {14.89} [11.49, 18.30], (p=767, n=388, P=767, N=388)
2026-04-14 12:40:57,036 - INFO - *****STOP GROWING RR RULE*****
2026-04-14 12:40:57,036 - INFO - ***RR NOT FOUND***
2026-04-14 12:40:57,059 - INFO - Iteracja 1: condition_best: Temperature <= 265.00, quality_best: 0.103, coverage_best: (p=347, n=263, P=583, N=572)
2026-04-14 12:40:57,059 - INFO - Regula po iteracji 1: IF Strength <= 32.00 AND Temperature <= 265.00 THEN class = {15.50} [12.25, 18.75], (p=347, n=263, P=583, N=572)
2026-04-14 12:40:57,059 - INFO - *****GROWING RR RULE*****
2026-04-14 12:40:57,153 - INFO - Iteracja 0: condition_best: None, quality_best: -inf, coverage_best: (p=0, n=0, P=0, N=0), p_value: 0
2026-04-14 12:40:57,153 - INFO - Regula po iteracji 0: IF  THEN class = {14.89} [11.49, 18.30], (p=767, n=388, P=767, N=388)
2026-04-14 12:40:57,153 - INFO - *****STOP GROWING RR RULE*****
2026-04-14 12:40:57,153 - INFO - ***RR NOT FOUND***
2026-04-14 12:40:57,174 - INFO - Iteracja 2: condition_best: Strength >= 28.55, quality_best: 0.156, coverage_best: (p=84, n=47, P=585, N=570)
2026-04-14 12:40:57,174 - INFO - Regula po iteracji 2: IF Strength <= 32.00 AND Temperature <= 265.00 AND Strength >= 28.55 THEN class = {13.53} [10.78, 16.28], (p=84, n=47, P=585, N=570)
2026-04-14 12:40:57,175 - INFO - *****GROWING RR RULE*****
2026-04-14 12:40:57,270 - INFO - Iteracja 0: condition_best: None, quality_best: -inf, coverage_best: (p=0, n=0, P=0, N=0), p_value: 0
2026-04-14 12:40:57,270 - INFO - Regula po iteracji 0: IF  THEN class = {14.89} [11.49, 18.30], (p=767, n=388, P=767, N=388)
2026-04-14 12:40:57,270 - INFO - *****STOP GROWING RR RULE*****
2026-04-14 12:40:57,270 - INFO - ***RR NOT FOUND***
2026-04-14 12:40:57,274 - INFO - Iteracja 3: condition_best: Temperature <= 235.00, quality_best: 0.446, coverage_best: (p=36, n=5, P=389, N=766)
2026-04-14 12:40:57,274 - INFO - Regula po iteracji 3: IF Strength <= 32.00 AND Temperature <= 265.00 AND Strength >= 28.55 AND Temperature <= 235.00 THEN class = {11.02} [9.49, 12.56], (p=36, n=5, P=389, N=766)
2026-04-14 12:40:57,274 - INFO - *****GROWING RR RULE*****
2026-04-14 12:40:57,361 - INFO - Iteracja 0: condition_best: None, quality_best: -inf, coverage_best: (p=0, n=0, P=0, N=0), p_value: 0
2026-04-14 12:40:57,361 - INFO - Regula po iteracji 0: IF  THEN class = {14.89} [11.49, 18.30], (p=767, n=388, P=767, N=388)
2026-04-14 12:40:57,362 - INFO - *****STOP GROWING RR RULE*****
2026-04-14 12:40:57,362 - INFO - ***RR NOT FOUND***
2026-04-14 12:40:57,364 - INFO - Iteracja 4: condition_best: Strength >= 28.75, quality_best: 0.468, coverage_best: (p=31, n=3, P=389, N=766)
2026-04-14 12:40:57,364 - INFO - Regula po iteracji 4: IF Strength <= 32.00 AND Temperature <= 265.00 AND Strength >= 28.55 AND Temperature <= 235.00 AND Strength >= 28.75 THEN class = {10.82} [9.53, 12.12], (p=31, n=3, P=389, N=766)
2026-04-14 12:40:57,365 - INFO - *****GROWING RR RULE*****
2026-04-14 12:40:57,452 - INFO - Iteracja 0: condition_best: None, quality_best: -inf, coverage_best: (p=0, n=0, P=0, N=0), p_value: 0
2026-04-14 12:40:57,452 - INFO - Regula po iteracji 0: IF  THEN class = {14.89} [11.49, 18.30], (p=767, n=388, P=767, N=388)
2026-04-14 12:40:57,452 - INFO - *****STOP GROWING RR RULE*****
2026-04-14 12:40:57,452 - INFO - ***RR NOT FOUND***
2026-04-14 12:40:57,452 - INFO - *******STOP GROWING CR RULE*******
2026-04-14 12:40:57,453 - INFO - *******GROWING CR RULE*******
2026-04-14 12:40:57,500 - INFO - Iteracja 0: condition_best: Strength <= 32.15, quality_best: 0.077, coverage_best: (p=371, n=302, P=583, N=572)
2026-04-14 12:40:57,501 - INFO - Regula po iteracji 0: IF Strength <= 32.15 THEN class = {15.79} [12.50, 19.09], (p=371, n=302, P=583, N=572)
2026-04-14 12:40:57,501 - INFO - *****GROWING RR RULE*****
2026-04-14 12:40:57,599 - INFO - Iteracja 0: condition_best: None, quality_best: -inf, coverage_best: (p=0, n=0, P=0, N=0), p_value: 0
2026-04-14 12:40:57,599 - INFO - Regula po iteracji 0: IF  THEN class = {14.89} [11.49, 18.30], (p=767, n=388, P=767, N=388)
2026-04-14 12:40:57,599 - INFO - *****STOP GROWING RR RULE*****
2026-04-14 12:40:57,599 - INFO - ***RR NOT FOUND***
2026-04-14 12:40:57,623 - INFO - Iteracja 1: condition_best: Temperature >= 225.00, quality_best: 0.106, coverage_best: (p=209, n=150, P=583, N=572)
2026-04-14 12:40:57,623 - INFO - Regula po iteracji 1: IF Strength <= 32.15 AND Temperature >= 225.00 THEN class = {16.56} [13.53, 19.59], (p=209, n=150, P=583, N=572)
2026-04-14 12:40:57,623 - INFO - *****GROWING RR RULE*****
2026-04-14 12:40:57,720 - INFO - Iteracja 0: condition_best: None, quality_best: -inf, coverage_best: (p=0, n=0, P=0, N=0), p_value: 0
2026-04-14 12:40:57,720 - INFO - Regula po iteracji 0: IF  THEN class = {14.89} [11.49, 18.30], (p=767, n=388, P=767, N=388)
2026-04-14 12:40:57,720 - INFO - *****STOP GROWING RR RULE*****
2026-04-14 12:40:57,720 - INFO - ***RR NOT FOUND***
2026-04-14 12:40:57,733 - INFO - Iteracja 2: condition_best: Strength >= 22.25, quality_best: 0.139, coverage_best: (p=201, n=130, P=583, N=572)
2026-04-14 12:40:57,733 - INFO - Regula po iteracji 2: IF Strength <= 32.15 AND Temperature >= 225.00 AND Strength >= 22.25 THEN class = {16.31} [13.29, 19.34], (p=201, n=130, P=583, N=572)
2026-04-14 12:40:57,733 - INFO - *****GROWING RR RULE*****
2026-04-14 12:40:57,830 - INFO - Iteracja 0: condition_best: None, quality_best: -inf, coverage_best: (p=0, n=0, P=0, N=0), p_value: 0
2026-04-14 12:40:57,830 - INFO - Regula po iteracji 0: IF  THEN class = {14.89} [11.49, 18.30], (p=767, n=388, P=767, N=388)
2026-04-14 12:40:57,831 - INFO - *****STOP GROWING RR RULE*****
2026-04-14 12:40:57,831 - INFO - ***RR NOT FOUND***
2026-04-14 12:40:57,841 - INFO - Iteracja 3: condition_best: Temperature <= 285.00, quality_best: 0.152, coverage_best: (p=201, n=125, P=583, N=572)
2026-04-14 12:40:57,841 - INFO - Regula po iteracji 3: IF Strength <= 32.15 AND Temperature >= 225.00 AND Strength >= 22.25 AND Temperature <= 285.00 THEN class = {16.26} [13.25, 19.27], (p=201, n=125, P=583, N=572)
2026-04-14 12:40:57,841 - INFO - *****GROWING RR RULE*****
2026-04-14 12:40:57,936 - INFO - Iteracja 0: condition_best: None, quality_best: -inf, coverage_best: (p=0, n=0, P=0, N=0), p_value: 0
2026-04-14 12:40:57,936 - INFO - Regula po iteracji 0: IF  THEN class = {14.89} [11.49, 18.30], (p=767, n=388, P=767, N=388)
2026-04-14 12:40:57,936 - INFO - *****STOP GROWING RR RULE*****
2026-04-14 12:40:57,937 - INFO - ***RR NOT FOUND***
2026-04-14 12:40:57,946 - INFO - Iteracja 4: condition_best: Strength >= 22.55, quality_best: 0.152, coverage_best: (p=198, n=123, P=583, N=572)
2026-04-14 12:40:57,947 - INFO - Regula po iteracji 4: IF Strength <= 32.15 AND Temperature >= 225.00 AND Strength >= 22.25 AND Temperature <= 285.00 AND Strength >= 22.55 THEN class = {16.22} [13.21, 19.24], (p=198, n=123, P=583, N=572)
2026-04-14 12:40:57,947 - INFO - *****GROWING RR RULE*****
2026-04-14 12:40:58,042 - INFO - Iteracja 0: condition_best: None, quality_best: -inf, coverage_best: (p=0, n=0, P=0, N=0), p_value: 0
2026-04-14 12:40:58,042 - INFO - Regula po iteracji 0: IF  THEN class = {14.89} [11.49, 18.30], (p=767, n=388, P=767, N=388)
2026-04-14 12:40:58,042 - INFO - *****STOP GROWING RR RULE*****
2026-04-14 12:40:58,042 - INFO - ***RR NOT FOUND***
2026-04-14 12:40:58,042 - INFO - *******STOP GROWING CR RULE*******
2026-04-14 12:40:58,043 - INFO - *******GROWING CR RULE*******
2026-04-14 12:40:58,090 - INFO - Iteracja 0: condition_best: Strength <= 32.35, quality_best: 0.076, coverage_best: (p=384, n=314, P=583, N=572)
2026-04-14 12:40:58,090 - INFO - Regula po iteracji 0: IF Strength <= 32.35 THEN class = {15.77} [12.47, 19.07], (p=384, n=314, P=583, N=572)
2026-04-14 12:40:58,091 - INFO - *****GROWING RR RULE*****
2026-04-14 12:40:58,189 - INFO - Iteracja 0: condition_best: None, quality_best: -inf, coverage_best: (p=0, n=0, P=0, N=0), p_value: 0
2026-04-14 12:40:58,189 - INFO - Regula po iteracji 0: IF  THEN class = {14.89} [11.49, 18.30], (p=767, n=388, P=767, N=388)
2026-04-14 12:40:58,189 - INFO - *****STOP GROWING RR RULE*****
2026-04-14 12:40:58,189 - INFO - ***RR NOT FOUND***
2026-04-14 12:40:58,213 - INFO - Iteracja 1: condition_best: Temperature >= 265.00, quality_best: 0.477, coverage_best: (p=62, n=9, P=365, N=790)
2026-04-14 12:40:58,213 - INFO - Regula po iteracji 1: IF Strength <= 32.35 AND Temperature >= 265.00 THEN class = {18.90} [17.49, 20.32], (p=62, n=9, P=365, N=790)
2026-04-14 12:40:58,214 - INFO - *****GROWING RR RULE*****
2026-04-14 12:40:58,301 - INFO - Iteracja 0: condition_best: None, quality_best: -inf, coverage_best: (p=0, n=0, P=0, N=0), p_value: 0
2026-04-14 12:40:58,302 - INFO - Regula po iteracji 0: IF  THEN class = {14.89} [11.49, 18.30], (p=767, n=388, P=767, N=388)
2026-04-14 12:40:58,302 - INFO - *****STOP GROWING RR RULE*****
2026-04-14 12:40:58,302 - INFO - ***RR NOT FOUND***
2026-04-14 12:40:58,305 - INFO - Iteracja 2: condition_best: Strength <= 32.25, quality_best: 0.485, coverage_best: (p=61, n=8, P=365, N=790)
2026-04-14 12:40:58,305 - INFO - Regula po iteracji 2: IF Strength <= 32.35 AND Temperature >= 265.00 AND Strength <= 32.25 THEN class = {18.96} [17.57, 20.34], (p=61, n=8, P=365, N=790)
2026-04-14 12:40:58,306 - INFO - *****GROWING RR RULE*****
2026-04-14 12:40:58,393 - INFO - Iteracja 0: condition_best: None, quality_best: -inf, coverage_best: (p=0, n=0, P=0, N=0), p_value: 0
2026-04-14 12:40:58,393 - INFO - Regula po iteracji 0: IF  THEN class = {14.89} [11.49, 18.30], (p=767, n=388, P=767, N=388)
2026-04-14 12:40:58,394 - INFO - *****STOP GROWING RR RULE*****
2026-04-14 12:40:58,394 - INFO - ***RR NOT FOUND***
2026-04-14 12:40:58,397 - INFO - Iteracja 3: condition_best: Strength >= 26.55, quality_best: 0.482, coverage_best: (p=60, n=8, P=365, N=790)
2026-04-14 12:40:58,397 - INFO - Regula po iteracji 3: IF Strength <= 32.35 AND Temperature >= 265.00 AND Strength <= 32.25 AND Strength >= 26.55 THEN class = {18.94} [17.55, 20.33], (p=60, n=8, P=365, N=790)
2026-04-14 12:40:58,398 - INFO - *****GROWING RR RULE*****
2026-04-14 12:40:58,485 - INFO - Iteracja 0: condition_best: None, quality_best: -inf, coverage_best: (p=0, n=0, P=0, N=0), p_value: 0
2026-04-14 12:40:58,485 - INFO - Regula po iteracji 0: IF  THEN class = {14.89} [11.49, 18.30], (p=767, n=388, P=767, N=388)
2026-04-14 12:40:58,485 - INFO - *****STOP GROWING RR RULE*****
2026-04-14 12:40:58,485 - INFO - ***RR NOT FOUND***
2026-04-14 12:40:58,489 - INFO - Iteracja 4: condition_best: Strength >= 27.10, quality_best: 0.477, coverage_best: (p=58, n=8, P=365, N=790)
2026-04-14 12:40:58,489 - INFO - Regula po iteracji 4: IF Strength <= 32.35 AND Temperature >= 265.00 AND Strength <= 32.25 AND Strength >= 26.55 AND Strength >= 27.10 THEN class = {18.91} [17.51, 20.31], (p=58, n=8, P=365, N=790)
2026-04-14 12:40:58,489 - INFO - *****GROWING RR RULE*****
2026-04-14 12:40:58,576 - INFO - Iteracja 0: condition_best: None, quality_best: -inf, coverage_best: (p=0, n=0, P=0, N=0), p_value: 0
2026-04-14 12:40:58,577 - INFO - Regula po iteracji 0: IF  THEN class = {14.89} [11.49, 18.30], (p=767, n=388, P=767, N=388)
2026-04-14 12:40:58,577 - INFO - *****STOP GROWING RR RULE*****
2026-04-14 12:40:58,577 - INFO - ***RR NOT FOUND***
2026-04-14 12:40:58,577 - INFO - *******STOP GROWING CR RULE*******
2026-04-14 12:40:58,577 - INFO - *******GROWING CR RULE*******
2026-04-14 12:40:58,625 - INFO - Iteracja 0: condition_best: Strength <= 32.35, quality_best: 0.076, coverage_best: (p=384, n=314, P=583, N=572)
2026-04-14 12:40:58,625 - INFO - Regula po iteracji 0: IF Strength <= 32.35 THEN class = {15.77} [12.47, 19.07], (p=384, n=314, P=583, N=572)
2026-04-14 12:40:58,625 - INFO - *****GROWING RR RULE*****
2026-04-14 12:40:58,723 - INFO - Iteracja 0: condition_best: None, quality_best: -inf, coverage_best: (p=0, n=0, P=0, N=0), p_value: 0
2026-04-14 12:40:58,723 - INFO - Regula po iteracji 0: IF  THEN class = {14.89} [11.49, 18.30], (p=767, n=388, P=767, N=388)
2026-04-14 12:40:58,724 - INFO - *****STOP GROWING RR RULE*****
2026-04-14 12:40:58,724 - INFO - ***RR NOT FOUND***
2026-04-14 12:40:58,748 - INFO - Iteracja 1: condition_best: Temperature >= 245.00, quality_best: 0.123, coverage_best: (p=91, n=106, P=379, N=776)
2026-04-14 12:40:58,748 - INFO - Regula po iteracji 1: IF Strength <= 32.35 AND Temperature >= 245.00 THEN class = {17.51} [15.11, 19.92], (p=91, n=106, P=379, N=776)
2026-04-14 12:40:58,748 - INFO - *****GROWING RR RULE*****
2026-04-14 12:40:58,851 - INFO - Iteracja 0: condition_best: Strength <= 24.25, quality_best: 0.143, coverage_best: (p=130, n=146, P=379, N=776), p_value: 7
2026-04-14 12:40:58,852 - INFO - Regula po iteracji 0: IF Strength <= 24.25 THEN class = {14.89} [11.49, 18.30], (p=130, n=146, P=379, N=776)
2026-04-14 12:40:58,871 - INFO - Iteracja 1: condition_best: None, quality_best: -inf, coverage_best: (p=0, n=0, P=0, N=0), p_value: 7
2026-04-14 12:40:58,871 - INFO - Regula po iteracji 1: IF Strength <= 24.25 THEN class = {17.00} [14.27, 19.73], (p=130, n=146, P=379, N=776)
2026-04-14 12:40:58,871 - INFO - *****STOP GROWING RR RULE*****
2026-04-14 12:40:58,871 - INFO - ***RR FOUND***
2026-04-14 12:40:58,871 - INFO - Reference rule: IF Strength <= 24.25 THEN class = {17.00} [14.27, 19.73]
2026-04-14 12:40:58,871 - INFO - ***CHECKING EXCEPTION***
2026-04-14 12:40:58,872 - INFO - *******STOP GROWING CR RULE*******
2026-04-14 12:40:58,873 - INFO - *******GROWING CR RULE*******
2026-04-14 12:40:58,920 - INFO - Iteracja 0: condition_best: Strength <= 32.35, quality_best: 0.076, coverage_best: (p=384, n=314, P=583, N=572)
2026-04-14 12:40:58,920 - INFO - Regula po iteracji 0: IF Strength <= 32.35 THEN class = {15.77} [12.47, 19.07], (p=384, n=314, P=583, N=572)
2026-04-14 12:40:58,920 - INFO - *****GROWING RR RULE*****
2026-04-14 12:40:59,018 - INFO - Iteracja 0: condition_best: None, quality_best: -inf, coverage_best: (p=0, n=0, P=0, N=0), p_value: 0
2026-04-14 12:40:59,018 - INFO - Regula po iteracji 0: IF  THEN class = {14.89} [11.49, 18.30], (p=767, n=388, P=767, N=388)
2026-04-14 12:40:59,019 - INFO - *****STOP GROWING RR RULE*****
2026-04-14 12:40:59,019 - INFO - ***RR NOT FOUND***
2026-04-14 12:40:59,042 - INFO - Iteracja 1: condition_best: Temperature <= 265.00, quality_best: 0.097, coverage_best: (p=354, n=273, P=583, N=572)
2026-04-14 12:40:59,042 - INFO - Regula po iteracji 1: IF Strength <= 32.35 AND Temperature <= 265.00 THEN class = {15.42} [12.15, 18.68], (p=354, n=273, P=583, N=572)
2026-04-14 12:40:59,043 - INFO - *****GROWING RR RULE*****
2026-04-14 12:40:59,136 - INFO - Iteracja 0: condition_best: None, quality_best: -inf, coverage_best: (p=0, n=0, P=0, N=0), p_value: 0
2026-04-14 12:40:59,136 - INFO - Regula po iteracji 0: IF  THEN class = {14.89} [11.49, 18.30], (p=767, n=388, P=767, N=388)
2026-04-14 12:40:59,136 - INFO - *****STOP GROWING RR RULE*****
2026-04-14 12:40:59,136 - INFO - ***RR NOT FOUND***
2026-04-14 12:40:59,158 - INFO - Iteracja 2: condition_best: Strength >= 28.25, quality_best: 0.166, coverage_best: (p=104, n=57, P=585, N=570)
2026-04-14 12:40:59,158 - INFO - Regula po iteracji 2: IF Strength <= 32.35 AND Temperature <= 265.00 AND Strength >= 28.25 THEN class = {13.45} [10.72, 16.18], (p=104, n=57, P=585, N=570)
2026-04-14 12:40:59,159 - INFO - *****GROWING RR RULE*****
2026-04-14 12:40:59,254 - INFO - Iteracja 0: condition_best: None, quality_best: -inf, coverage_best: (p=0, n=0, P=0, N=0), p_value: 0
2026-04-14 12:40:59,255 - INFO - Regula po iteracji 0: IF  THEN class = {14.89} [11.49, 18.30], (p=767, n=388, P=767, N=388)
2026-04-14 12:40:59,255 - INFO - *****STOP GROWING RR RULE*****
2026-04-14 12:40:59,255 - INFO - ***RR NOT FOUND***
2026-04-14 12:40:59,259 - INFO - Iteracja 3: condition_best: Temperature <= 245.00, quality_best: 0.354, coverage_best: (p=63, n=22, P=389, N=766)
2026-04-14 12:40:59,259 - INFO - Regula po iteracji 3: IF Strength <= 32.35 AND Temperature <= 265.00 AND Strength >= 28.25 AND Temperature <= 245.00 THEN class = {11.74} [9.71, 13.77], (p=63, n=22, P=389, N=766)
2026-04-14 12:40:59,260 - INFO - *****GROWING RR RULE*****
2026-04-14 12:40:59,348 - INFO - Iteracja 0: condition_best: None, quality_best: -inf, coverage_best: (p=0, n=0, P=0, N=0), p_value: 0
2026-04-14 12:40:59,348 - INFO - Regula po iteracji 0: IF  THEN class = {14.89} [11.49, 18.30], (p=767, n=388, P=767, N=388)
2026-04-14 12:40:59,348 - INFO - *****STOP GROWING RR RULE*****
2026-04-14 12:40:59,348 - INFO - ***RR NOT FOUND***
2026-04-14 12:40:59,352 - INFO - Iteracja 4: condition_best: Strength >= 28.35, quality_best: 0.362, coverage_best: (p=63, n=21, P=389, N=766)
2026-04-14 12:40:59,352 - INFO - Regula po iteracji 4: IF Strength <= 32.35 AND Temperature <= 265.00 AND Strength >= 28.25 AND Temperature <= 245.00 AND Strength >= 28.35 THEN class = {11.71} [9.69, 13.74], (p=63, n=21, P=389, N=766)
2026-04-14 12:40:59,352 - INFO - *****GROWING RR RULE*****
2026-04-14 12:40:59,441 - INFO - Iteracja 0: condition_best: None, quality_best: -inf, coverage_best: (p=0, n=0, P=0, N=0), p_value: 0
2026-04-14 12:40:59,441 - INFO - Regula po iteracji 0: IF  THEN class = {14.89} [11.49, 18.30], (p=767, n=388, P=767, N=388)
2026-04-14 12:40:59,441 - INFO - *****STOP GROWING RR RULE*****
2026-04-14 12:40:59,441 - INFO - ***RR NOT FOUND***
2026-04-14 12:40:59,441 - INFO - *******STOP GROWING CR RULE*******
2026-04-14 12:40:59,441 - INFO - *******GROWING CR RULE*******
2026-04-14 12:40:59,489 - INFO - Iteracja 0: condition_best: Strength <= 14.30, quality_best: 0.519, coverage_best: (p=7, n=0, P=183, N=972)
2026-04-14 12:40:59,489 - INFO - Regula po iteracji 0: IF Strength <= 14.30 THEN class = {20.00} [20.00, 20.00], (p=7, n=0, P=183, N=972)
2026-04-14 12:40:59,489 - INFO - *****GROWING RR RULE*****
2026-04-14 12:40:59,574 - INFO - Iteracja 0: condition_best: None, quality_best: -inf, coverage_best: (p=0, n=0, P=0, N=0), p_value: 0
2026-04-14 12:40:59,575 - INFO - Regula po iteracji 0: IF  THEN class = {14.89} [11.49, 18.30], (p=767, n=388, P=767, N=388)
2026-04-14 12:40:59,575 - INFO - *****STOP GROWING RR RULE*****
2026-04-14 12:40:59,575 - INFO - ***RR NOT FOUND***
2026-04-14 12:40:59,575 - INFO - Iteracja 1: condition_best: Strength >= 12.55, quality_best: 0.516, coverage_best: (p=6, n=0, P=183, N=972)
2026-04-14 12:40:59,575 - INFO - Regula po iteracji 1: IF Strength <= 14.30 AND Strength >= 12.55 THEN class = {20.00} [20.00, 20.00], (p=6, n=0, P=183, N=972)
2026-04-14 12:40:59,576 - INFO - *****GROWING RR RULE*****
2026-04-14 12:40:59,661 - INFO - Iteracja 0: condition_best: None, quality_best: -inf, coverage_best: (p=0, n=0, P=0, N=0), p_value: 0
2026-04-14 12:40:59,662 - INFO - Regula po iteracji 0: IF  THEN class = {14.89} [11.49, 18.30], (p=767, n=388, P=767, N=388)
2026-04-14 12:40:59,662 - INFO - *****STOP GROWING RR RULE*****
2026-04-14 12:40:59,662 - INFO - ***RR NOT FOUND***
2026-04-14 12:40:59,662 - INFO - Iteracja 2: condition_best: Strength >= 12.95, quality_best: 0.514, coverage_best: (p=5, n=0, P=183, N=972)
2026-04-14 12:40:59,662 - INFO - Regula po iteracji 2: IF Strength <= 14.30 AND Strength >= 12.55 AND Strength >= 12.95 THEN class = {20.00} [20.00, 20.00], (p=5, n=0, P=183, N=972)
2026-04-14 12:40:59,663 - INFO - *****GROWING RR RULE*****
2026-04-14 12:40:59,748 - INFO - Iteracja 0: condition_best: None, quality_best: -inf, coverage_best: (p=0, n=0, P=0, N=0), p_value: 0
2026-04-14 12:40:59,748 - INFO - Regula po iteracji 0: IF  THEN class = {14.89} [11.49, 18.30], (p=767, n=388, P=767, N=388)
2026-04-14 12:40:59,748 - INFO - *****STOP GROWING RR RULE*****
2026-04-14 12:40:59,748 - INFO - ***RR NOT FOUND***
2026-04-14 12:40:59,749 - INFO - Iteracja 3: condition_best: Strength >= 13.45, quality_best: 0.511, coverage_best: (p=4, n=0, P=183, N=972)
2026-04-14 12:40:59,749 - INFO - Regula po iteracji 3: IF Strength <= 14.30 AND Strength >= 12.55 AND Strength >= 12.95 AND Strength >= 13.45 THEN class = {20.00} [20.00, 20.00], (p=4, n=0, P=183, N=972)
2026-04-14 12:40:59,749 - INFO - *****GROWING RR RULE*****
2026-04-14 12:40:59,834 - INFO - Iteracja 0: condition_best: None, quality_best: -inf, coverage_best: (p=0, n=0, P=0, N=0), p_value: 0
2026-04-14 12:40:59,834 - INFO - Regula po iteracji 0: IF  THEN class = {14.89} [11.49, 18.30], (p=767, n=388, P=767, N=388)
2026-04-14 12:40:59,834 - INFO - *****STOP GROWING RR RULE*****
2026-04-14 12:40:59,834 - INFO - ***RR NOT FOUND***
2026-04-14 12:40:59,835 - INFO - Iteracja 4: condition_best: Strength >= 13.95, quality_best: 0.508, coverage_best: (p=3, n=0, P=183, N=972)
2026-04-14 12:40:59,835 - INFO - Regula po iteracji 4: IF Strength <= 14.30 AND Strength >= 12.55 AND Strength >= 12.95 AND Strength >= 13.45 AND Strength >= 13.95 THEN class = {20.00} [20.00, 20.00], (p=3, n=0, P=183, N=972)
2026-04-14 12:40:59,835 - INFO - *****GROWING RR RULE*****
2026-04-14 12:40:59,920 - INFO - Iteracja 0: condition_best: None, quality_best: -inf, coverage_best: (p=0, n=0, P=0, N=0), p_value: 0
2026-04-14 12:40:59,920 - INFO - Regula po iteracji 0: IF  THEN class = {14.89} [11.49, 18.30], (p=767, n=388, P=767, N=388)
2026-04-14 12:40:59,920 - INFO - *****STOP GROWING RR RULE*****
2026-04-14 12:40:59,920 - INFO - ***RR NOT FOUND***
2026-04-14 12:40:59,920 - INFO - *******STOP GROWING CR RULE*******
2026-04-14 12:41:08,327 - INFO - ************************Finished experiment for plastic.arff with algorithm_rer_with_exceptions************************
2026-04-14 12:41:08,327 - INFO - *************************************************************************************************************************
2026-04-14 12:41:08,327 - INFO - *************************************************************************************************************************
2026-04-14 12:41:08,327 - INFO - *************************************************************************************************************************
2026-04-14 12:41:08,328 - INFO - **********Starting experiment for plastic.arff with decision_tree**********
2026-04-14 12:41:08,355 - INFO - ************************Finished experiment for plastic.arff with decision_tree************************
2026-04-14 12:41:08,355 - INFO - *************************************************************************************************************************
2026-04-14 12:41:08,355 - INFO - *************************************************************************************************************************
2026-04-14 12:41:08,355 - INFO - *************************************************************************************************************************
