2026-04-14 12:44:42,810 - INFO - **********Starting experiment for strike.arff with algorithm_rulekit**********
2026-04-14 12:44:44,117 - INFO - ************************Finished experiment for strike.arff with algorithm_rulekit************************
2026-04-14 12:44:44,118 - INFO - *************************************************************************************************************************
2026-04-14 12:44:44,118 - INFO - *************************************************************************************************************************
2026-04-14 12:44:44,118 - INFO - *************************************************************************************************************************
2026-04-14 12:44:44,118 - INFO - **********Starting experiment for strike.arff with algorithm_rer**********
2026-04-14 12:44:44,129 - INFO - *******GROWING CR RULE*******
2026-04-14 12:44:44,206 - INFO - Iteracja 0: condition_best: unemployment <= 2.45, quality_best: 0.621, coverage_best: (p=220, n=7, P=375, N=62)
2026-04-14 12:44:44,206 - INFO - Regula po iteracji 0: IF unemployment <= 2.45 THEN class = {150.75} [-266.61, 568.10], (p=220, n=7, P=375, N=62)
2026-04-14 12:44:44,235 - INFO - Iteracja 1: condition_best: representation >= 23.50, quality_best: 0.659, coverage_best: (p=214, n=5, P=375, N=62)
2026-04-14 12:44:44,235 - INFO - Regula po iteracji 1: IF unemployment <= 2.45 AND representation >= 23.50 THEN class = {142.67} [-273.55, 558.88], (p=214, n=5, P=375, N=62)
2026-04-14 12:44:44,260 - INFO - Iteracja 2: condition_best: inflation >= -1.45, quality_best: 0.686, coverage_best: (p=214, n=4, P=374, N=63)
2026-04-14 12:44:44,260 - INFO - Regula po iteracji 2: IF unemployment <= 2.45 AND representation >= 23.50 AND inflation >= -1.45 THEN class = {139.62} [-275.11, 554.34], (p=214, n=4, P=374, N=63)
2026-04-14 12:44:44,286 - INFO - Iteracja 3: condition_best: representation <= 52.50, quality_best: 0.688, coverage_best: (p=201, n=3, P=375, N=62)
2026-04-14 12:44:44,286 - INFO - Regula po iteracji 3: IF unemployment <= 2.45 AND representation >= 23.50 AND inflation >= -1.45 AND representation <= 52.50 THEN class = {135.10} [-288.63, 558.82], (p=201, n=3, P=375, N=62)
2026-04-14 12:44:44,310 - INFO - Iteracja 4: condition_best: year <= 1,983.50, quality_best: 0.687, coverage_best: (p=200, n=3, P=375, N=62)
2026-04-14 12:44:44,310 - INFO - Regula po iteracji 4: IF unemployment <= 2.45 AND representation >= 23.50 AND inflation >= -1.45 AND representation <= 52.50 AND year <= 1,983.50 THEN class = {135.76} [-288.90, 560.42], (p=200, n=3, P=375, N=62)
2026-04-14 12:44:44,310 - INFO - *******STOP GROWING CR RULE*******
2026-04-14 12:44:44,313 - INFO - *******GROWING CR RULE*******
2026-04-14 12:44:44,363 - INFO - Iteracja 0: condition_best: unemployment <= 2.45, quality_best: 0.621, coverage_best: (p=220, n=7, P=375, N=62)
2026-04-14 12:44:44,363 - INFO - Regula po iteracji 0: IF unemployment <= 2.45 THEN class = {150.75} [-266.61, 568.10], (p=220, n=7, P=375, N=62)
2026-04-14 12:44:44,386 - INFO - Iteracja 1: condition_best: representation >= 23.50, quality_best: 0.659, coverage_best: (p=214, n=5, P=375, N=62)
2026-04-14 12:44:44,386 - INFO - Regula po iteracji 1: IF unemployment <= 2.45 AND representation >= 23.50 THEN class = {142.67} [-273.55, 558.88], (p=214, n=5, P=375, N=62)
2026-04-14 12:44:44,409 - INFO - Iteracja 2: condition_best: inflation >= -1.45, quality_best: 0.686, coverage_best: (p=214, n=4, P=374, N=63)
2026-04-14 12:44:44,409 - INFO - Regula po iteracji 2: IF unemployment <= 2.45 AND representation >= 23.50 AND inflation >= -1.45 THEN class = {139.62} [-275.11, 554.34], (p=214, n=4, P=374, N=63)
2026-04-14 12:44:44,432 - INFO - Iteracja 3: condition_best: year <= 1,983.50, quality_best: 0.684, coverage_best: (p=213, n=4, P=374, N=63)
2026-04-14 12:44:44,432 - INFO - Regula po iteracji 3: IF unemployment <= 2.45 AND representation >= 23.50 AND inflation >= -1.45 AND year <= 1,983.50 THEN class = {140.26} [-275.31, 555.83], (p=213, n=4, P=374, N=63)
2026-04-14 12:44:44,455 - INFO - Iteracja 4: condition_best: inflation <= 18.80, quality_best: 0.683, coverage_best: (p=212, n=4, P=374, N=63)
2026-04-14 12:44:44,455 - INFO - Regula po iteracji 4: IF unemployment <= 2.45 AND representation >= 23.50 AND inflation >= -1.45 AND year <= 1,983.50 AND inflation <= 18.80 THEN class = {139.54} [-276.85, 555.94], (p=212, n=4, P=374, N=63)
2026-04-14 12:44:44,455 - INFO - *******STOP GROWING CR RULE*******
2026-04-14 12:44:44,457 - INFO - *******GROWING CR RULE*******
2026-04-14 12:44:44,506 - INFO - Iteracja 0: condition_best: unemployment <= 2.45, quality_best: 0.621, coverage_best: (p=220, n=7, P=375, N=62)
2026-04-14 12:44:44,506 - INFO - Regula po iteracji 0: IF unemployment <= 2.45 THEN class = {150.75} [-266.61, 568.10], (p=220, n=7, P=375, N=62)
2026-04-14 12:44:44,529 - INFO - Iteracja 1: condition_best: inflation >= -1.45, quality_best: 0.645, coverage_best: (p=220, n=6, P=375, N=62)
2026-04-14 12:44:44,529 - INFO - Regula po iteracji 1: IF unemployment <= 2.45 AND inflation >= -1.45 THEN class = {147.85} [-268.14, 563.83], (p=220, n=6, P=375, N=62)
2026-04-14 12:44:44,553 - INFO - Iteracja 2: condition_best: representation <= 52.50, quality_best: 0.647, coverage_best: (p=207, n=5, P=375, N=62)
2026-04-14 12:44:44,553 - INFO - Regula po iteracji 2: IF unemployment <= 2.45 AND inflation >= -1.45 AND representation <= 52.50 THEN class = {144.04} [-280.75, 568.83], (p=207, n=5, P=375, N=62)
2026-04-14 12:44:44,575 - INFO - Iteracja 3: condition_best: year >= 1,952.50, quality_best: 0.652, coverage_best: (p=195, n=4, P=375, N=62)
2026-04-14 12:44:44,575 - INFO - Regula po iteracji 3: IF unemployment <= 2.45 AND inflation >= -1.45 AND representation <= 52.50 AND year >= 1,952.50 THEN class = {137.59} [-294.28, 569.45], (p=195, n=4, P=375, N=62)
2026-04-14 12:44:44,596 - INFO - Iteracja 4: condition_best: year <= 1,983.50, quality_best: 0.651, coverage_best: (p=194, n=4, P=375, N=62)
2026-04-14 12:44:44,597 - INFO - Regula po iteracji 4: IF unemployment <= 2.45 AND inflation >= -1.45 AND representation <= 52.50 AND year >= 1,952.50 AND year <= 1,983.50 THEN class = {138.28} [-294.56, 571.13], (p=194, n=4, P=375, N=62)
2026-04-14 12:44:44,597 - INFO - *******STOP GROWING CR RULE*******
2026-04-14 12:44:44,598 - INFO - *******GROWING CR RULE*******
2026-04-14 12:44:44,647 - INFO - Iteracja 0: condition_best: unemployment <= 2.55, quality_best: 0.608, coverage_best: (p=226, n=8, P=375, N=62)
2026-04-14 12:44:44,647 - INFO - Regula po iteracji 0: IF unemployment <= 2.55 THEN class = {154.84} [-267.89, 577.58], (p=226, n=8, P=375, N=62)
2026-04-14 12:44:44,671 - INFO - Iteracja 1: condition_best: representation >= 23.50, quality_best: 0.645, coverage_best: (p=220, n=6, P=375, N=62)
2026-04-14 12:44:44,671 - INFO - Regula po iteracji 1: IF unemployment <= 2.55 AND representation >= 23.50 THEN class = {147.15} [-274.76, 569.07], (p=220, n=6, P=375, N=62)
2026-04-14 12:44:44,694 - INFO - Iteracja 2: condition_best: inflation >= -1.45, quality_best: 0.669, coverage_best: (p=220, n=5, P=375, N=62)
2026-04-14 12:44:44,694 - INFO - Regula po iteracji 2: IF unemployment <= 2.55 AND representation >= 23.50 AND inflation >= -1.45 THEN class = {144.22} [-276.32, 564.77], (p=220, n=5, P=375, N=62)
2026-04-14 12:44:44,717 - INFO - Iteracja 3: condition_best: representation <= 52.50, quality_best: 0.672, coverage_best: (p=207, n=4, P=375, N=62)
2026-04-14 12:44:44,717 - INFO - Regula po iteracji 3: IF unemployment <= 2.55 AND representation >= 23.50 AND inflation >= -1.45 AND representation <= 52.50 THEN class = {140.16} [-289.40, 569.71], (p=207, n=4, P=375, N=62)
2026-04-14 12:44:44,739 - INFO - Iteracja 4: condition_best: year <= 1,984.50, quality_best: 0.671, coverage_best: (p=206, n=4, P=375, N=62)
2026-04-14 12:44:44,739 - INFO - Regula po iteracji 4: IF unemployment <= 2.55 AND representation >= 23.50 AND inflation >= -1.45 AND representation <= 52.50 AND year <= 1,984.50 THEN class = {140.65} [-289.87, 571.17], (p=206, n=4, P=375, N=62)
2026-04-14 12:44:44,739 - INFO - *******STOP GROWING CR RULE*******
2026-04-14 12:44:44,741 - INFO - *******GROWING CR RULE*******
2026-04-14 12:44:44,790 - INFO - Iteracja 0: condition_best: country = {2}, quality_best: 0.528, coverage_best: (p=25, n=1, P=188, N=249)
2026-04-14 12:44:44,790 - INFO - Regula po iteracji 0: IF country = {2} THEN class = {29.77} [-23.23, 82.77], (p=25, n=1, P=188, N=249)
2026-04-14 12:44:44,798 - INFO - Iteracja 1: condition_best: year >= 1,951.50, quality_best: 0.524, coverage_best: (p=24, n=1, P=188, N=249)
2026-04-14 12:44:44,798 - INFO - Regula po iteracji 1: IF country = {2} AND year >= 1,951.50 THEN class = {29.24} [-24.74, 83.22], (p=24, n=1, P=188, N=249)
2026-04-14 12:44:44,804 - INFO - Iteracja 2: condition_best: year >= 1,952.50, quality_best: 0.52, coverage_best: (p=23, n=1, P=188, N=249)
2026-04-14 12:44:44,804 - INFO - Regula po iteracji 2: IF country = {2} AND year >= 1,951.50 AND year >= 1,952.50 THEN class = {28.83} [-26.22, 83.89], (p=23, n=1, P=188, N=249)
2026-04-14 12:44:44,811 - INFO - Iteracja 3: condition_best: unemployment >= 1.05, quality_best: 0.516, coverage_best: (p=22, n=1, P=188, N=249)
2026-04-14 12:44:44,811 - INFO - Regula po iteracji 3: IF country = {2} AND year >= 1,951.50 AND year >= 1,952.50 AND unemployment >= 1.05 THEN class = {27.43} [-28.39, 83.26], (p=22, n=1, P=188, N=249)
2026-04-14 12:44:44,817 - INFO - Iteracja 4: condition_best: year <= 1,984.00, quality_best: 0.511, coverage_best: (p=21, n=1, P=189, N=248)
2026-04-14 12:44:44,817 - INFO - Regula po iteracji 4: IF country = {2} AND year >= 1,951.50 AND year >= 1,952.50 AND unemployment >= 1.05 AND year <= 1,984.00 THEN class = {28.32} [-28.60, 85.24], (p=21, n=1, P=189, N=248)
2026-04-14 12:44:44,817 - INFO - *******STOP GROWING CR RULE*******
2026-04-14 12:44:44,819 - INFO - *******GROWING CR RULE*******
2026-04-14 12:44:44,867 - INFO - Iteracja 0: condition_best: unemployment <= 2.85, quality_best: 0.521, coverage_best: (p=241, n=8, P=397, N=40)
2026-04-14 12:44:44,867 - INFO - Regula po iteracji 0: IF unemployment <= 2.85 THEN class = {182.43} [-415.06, 779.92], (p=241, n=8, P=397, N=40)
2026-04-14 12:44:44,892 - INFO - Iteracja 1: condition_best: representation >= 23.50, quality_best: 0.64, coverage_best: (p=231, n=7, P=375, N=62)
2026-04-14 12:44:44,892 - INFO - Regula po iteracji 1: IF unemployment <= 2.85 AND representation >= 23.50 THEN class = {146.85} [-266.26, 559.97], (p=231, n=7, P=375, N=62)
2026-04-14 12:44:44,916 - INFO - Iteracja 2: condition_best: inflation >= -1.45, quality_best: 0.667, coverage_best: (p=231, n=6, P=374, N=63)
2026-04-14 12:44:44,916 - INFO - Regula po iteracji 2: IF unemployment <= 2.85 AND representation >= 23.50 AND inflation >= -1.45 THEN class = {144.07} [-267.68, 555.82], (p=231, n=6, P=374, N=63)
2026-04-14 12:44:44,940 - INFO - Iteracja 3: condition_best: unemployment <= 2.75, quality_best: 0.688, coverage_best: (p=230, n=5, P=374, N=63)
2026-04-14 12:44:44,940 - INFO - Regula po iteracji 3: IF unemployment <= 2.85 AND representation >= 23.50 AND inflation >= -1.45 AND unemployment <= 2.75 THEN class = {142.15} [-270.21, 554.51], (p=230, n=5, P=374, N=63)
2026-04-14 12:44:44,964 - INFO - Iteracja 4: condition_best: representation <= 52.50, quality_best: 0.687, coverage_best: (p=216, n=4, P=375, N=62)
2026-04-14 12:44:44,964 - INFO - Regula po iteracji 4: IF unemployment <= 2.85 AND representation >= 23.50 AND inflation >= -1.45 AND unemployment <= 2.75 AND representation <= 52.50 THEN class = {136.87} [-284.27, 558.01], (p=216, n=4, P=375, N=62)
2026-04-14 12:44:44,964 - INFO - *******STOP GROWING CR RULE*******
2026-04-14 12:44:44,966 - INFO - *******GROWING CR RULE*******
2026-04-14 12:44:45,014 - INFO - Iteracja 0: condition_best: unemployment <= 2.85, quality_best: 0.521, coverage_best: (p=241, n=8, P=397, N=40)
2026-04-14 12:44:45,015 - INFO - Regula po iteracji 0: IF unemployment <= 2.85 THEN class = {182.43} [-415.06, 779.92], (p=241, n=8, P=397, N=40)
2026-04-14 12:44:45,039 - INFO - Iteracja 1: condition_best: year >= 1,956.50, quality_best: 0.638, coverage_best: (p=202, n=4, P=385, N=52)
2026-04-14 12:44:45,039 - INFO - Regula po iteracji 1: IF unemployment <= 2.85 AND year >= 1,956.50 THEN class = {154.94} [-372.27, 682.16], (p=202, n=4, P=385, N=52)
2026-04-14 12:44:45,061 - INFO - Iteracja 2: condition_best: inflation >= 0.00, quality_best: 0.638, coverage_best: (p=202, n=4, P=385, N=52)
2026-04-14 12:44:45,061 - INFO - Regula po iteracji 2: IF unemployment <= 2.85 AND year >= 1,956.50 AND inflation >= 0.00 THEN class = {154.94} [-372.27, 682.16], (p=202, n=4, P=385, N=52)
2026-04-14 12:44:45,082 - INFO - Iteracja 3: condition_best: inflation <= 17.40, quality_best: 0.636, coverage_best: (p=201, n=4, P=385, N=52)
2026-04-14 12:44:45,082 - INFO - Regula po iteracji 3: IF unemployment <= 2.85 AND year >= 1,956.50 AND inflation >= 0.00 AND inflation <= 17.40 THEN class = {154.94} [-373.56, 683.44], (p=201, n=4, P=385, N=52)
2026-04-14 12:44:45,104 - INFO - Iteracja 4: condition_best: inflation <= 16.85, quality_best: 0.635, coverage_best: (p=200, n=4, P=385, N=52)
2026-04-14 12:44:45,104 - INFO - Regula po iteracji 4: IF unemployment <= 2.85 AND year >= 1,956.50 AND inflation >= 0.00 AND inflation <= 17.40 AND inflation <= 16.85 THEN class = {153.25} [-375.99, 682.48], (p=200, n=4, P=385, N=52)
2026-04-14 12:44:45,104 - INFO - *******STOP GROWING CR RULE*******
2026-04-14 12:44:45,106 - INFO - *******GROWING CR RULE*******
2026-04-14 12:44:45,154 - INFO - Iteracja 0: condition_best: unemployment <= 3.05, quality_best: 0.496, coverage_best: (p=245, n=9, P=397, N=40)
2026-04-14 12:44:45,154 - INFO - Regula po iteracji 0: IF unemployment <= 3.05 THEN class = {186.43} [-408.65, 781.50], (p=245, n=9, P=397, N=40)
2026-04-14 12:44:45,179 - INFO - Iteracja 1: condition_best: representation >= 23.50, quality_best: 0.625, coverage_best: (p=235, n=8, P=375, N=62)
2026-04-14 12:44:45,179 - INFO - Regula po iteracji 1: IF unemployment <= 3.05 AND representation >= 23.50 THEN class = {151.76} [-262.73, 566.25], (p=235, n=8, P=375, N=62)
2026-04-14 12:44:45,204 - INFO - Iteracja 2: condition_best: inflation >= -1.45, quality_best: 0.648, coverage_best: (p=235, n=7, P=375, N=62)
2026-04-14 12:44:45,204 - INFO - Regula po iteracji 2: IF unemployment <= 3.05 AND representation >= 23.50 AND inflation >= -1.45 THEN class = {149.05} [-264.14, 562.24], (p=235, n=7, P=375, N=62)
2026-04-14 12:44:45,228 - INFO - Iteracja 3: condition_best: inflation <= 18.80, quality_best: 0.646, coverage_best: (p=234, n=7, P=375, N=62)
2026-04-14 12:44:45,228 - INFO - Regula po iteracji 3: IF unemployment <= 3.05 AND representation >= 23.50 AND inflation >= -1.45 AND inflation <= 18.80 THEN class = {148.44} [-265.50, 562.38], (p=234, n=7, P=375, N=62)
2026-04-14 12:44:45,253 - INFO - Iteracja 4: condition_best: inflation <= 17.75, quality_best: 0.644, coverage_best: (p=233, n=7, P=375, N=62)
2026-04-14 12:44:45,253 - INFO - Regula po iteracji 4: IF unemployment <= 3.05 AND representation >= 23.50 AND inflation >= -1.45 AND inflation <= 18.80 AND inflation <= 17.75 THEN class = {148.41} [-266.39, 563.22], (p=233, n=7, P=375, N=62)
2026-04-14 12:44:45,253 - INFO - *******STOP GROWING CR RULE*******
2026-04-14 12:44:45,255 - INFO - *******GROWING CR RULE*******
2026-04-14 12:44:45,303 - INFO - Iteracja 0: condition_best: country = {12}, quality_best: 0.479, coverage_best: (p=21, n=2, P=174, N=263)
2026-04-14 12:44:45,303 - INFO - Regula po iteracji 0: IF country = {12} THEN class = {29.87} [-9.21, 68.95], (p=21, n=2, P=174, N=263)
2026-04-14 12:44:45,310 - INFO - Iteracja 1: condition_best: unemployment >= 1.15, quality_best: 0.496, coverage_best: (p=16, n=1, P=166, N=271)
2026-04-14 12:44:45,311 - INFO - Regula po iteracji 1: IF country = {12} AND unemployment >= 1.15 THEN class = {25.65} [-7.94, 59.23], (p=16, n=1, P=166, N=271)
2026-04-14 12:44:45,316 - INFO - Iteracja 2: condition_best: year <= 1,984.50, quality_best: 0.49, coverage_best: (p=15, n=1, P=167, N=270)
2026-04-14 12:44:45,316 - INFO - Regula po iteracji 2: IF country = {12} AND unemployment >= 1.15 AND year <= 1,984.50 THEN class = {26.06} [-8.51, 60.64], (p=15, n=1, P=167, N=270)
2026-04-14 12:44:45,321 - INFO - Iteracja 3: condition_best: year <= 1,983.00, quality_best: 0.482, coverage_best: (p=14, n=1, P=170, N=267)
2026-04-14 12:44:45,321 - INFO - Regula po iteracji 3: IF country = {12} AND unemployment >= 1.15 AND year <= 1,984.50 AND year <= 1,983.00 THEN class = {27.40} [-7.91, 62.71], (p=14, n=1, P=170, N=267)
2026-04-14 12:44:45,326 - INFO - Iteracja 4: condition_best: year >= 1,954.50, quality_best: 0.474, coverage_best: (p=13, n=1, P=173, N=264)
2026-04-14 12:44:45,326 - INFO - Regula po iteracji 4: IF country = {12} AND unemployment >= 1.15 AND year <= 1,984.50 AND year <= 1,983.00 AND year >= 1,954.50 THEN class = {27.93} [-8.56, 64.42], (p=13, n=1, P=173, N=264)
2026-04-14 12:44:45,326 - INFO - *******STOP GROWING CR RULE*******
2026-04-14 12:44:45,327 - INFO - *******GROWING CR RULE*******
2026-04-14 12:44:45,376 - INFO - Iteracja 0: condition_best: unemployment <= 4.15, quality_best: 0.475, coverage_best: (p=273, n=12, P=395, N=42)
2026-04-14 12:44:45,376 - INFO - Regula po iteracji 0: IF unemployment <= 4.15 THEN class = {200.04} [-372.40, 772.49], (p=273, n=12, P=395, N=42)
2026-04-14 12:44:45,404 - INFO - Iteracja 1: condition_best: year >= 1,957.50, quality_best: 0.543, coverage_best: (p=217, n=8, P=386, N=51)
2026-04-14 12:44:45,405 - INFO - Regula po iteracji 1: IF unemployment <= 4.15 AND year >= 1,957.50 THEN class = {174.21} [-343.79, 692.21], (p=217, n=8, P=386, N=51)
2026-04-14 12:44:45,429 - INFO - Iteracja 2: condition_best: representation <= 55.50, quality_best: 0.588, coverage_best: (p=210, n=6, P=386, N=51)
2026-04-14 12:44:45,429 - INFO - Regula po iteracji 2: IF unemployment <= 4.15 AND year >= 1,957.50 AND representation <= 55.50 THEN class = {163.44} [-359.79, 686.67], (p=210, n=6, P=386, N=51)
2026-04-14 12:44:45,452 - INFO - Iteracja 3: condition_best: inflation <= 6.65, quality_best: 0.622, coverage_best: (p=155, n=2, P=387, N=50)
2026-04-14 12:44:45,452 - INFO - Regula po iteracji 3: IF unemployment <= 4.15 AND year >= 1,957.50 AND representation <= 55.50 AND inflation <= 6.65 THEN class = {142.16} [-425.39, 709.71], (p=155, n=2, P=387, N=50)
2026-04-14 12:44:45,470 - INFO - Iteracja 4: condition_best: inflation >= 0.00, quality_best: 0.622, coverage_best: (p=155, n=2, P=387, N=50)
2026-04-14 12:44:45,470 - INFO - Regula po iteracji 4: IF unemployment <= 4.15 AND year >= 1,957.50 AND representation <= 55.50 AND inflation <= 6.65 AND inflation >= 0.00 THEN class = {142.16} [-425.39, 709.71], (p=155, n=2, P=387, N=50)
2026-04-14 12:44:45,470 - INFO - *******STOP GROWING CR RULE*******
2026-04-14 12:44:45,472 - INFO - *******GROWING CR RULE*******
2026-04-14 12:44:45,520 - INFO - Iteracja 0: condition_best: unemployment <= 4.15, quality_best: 0.475, coverage_best: (p=273, n=12, P=395, N=42)
2026-04-14 12:44:45,520 - INFO - Regula po iteracji 0: IF unemployment <= 4.15 THEN class = {200.04} [-372.40, 772.49], (p=273, n=12, P=395, N=42)
2026-04-14 12:44:45,548 - INFO - Iteracja 1: condition_best: year >= 1,957.50, quality_best: 0.543, coverage_best: (p=217, n=8, P=386, N=51)
2026-04-14 12:44:45,548 - INFO - Regula po iteracji 1: IF unemployment <= 4.15 AND year >= 1,957.50 THEN class = {174.21} [-343.79, 692.21], (p=217, n=8, P=386, N=51)
2026-04-14 12:44:45,572 - INFO - Iteracja 2: condition_best: representation <= 55.50, quality_best: 0.588, coverage_best: (p=210, n=6, P=386, N=51)
2026-04-14 12:44:45,572 - INFO - Regula po iteracji 2: IF unemployment <= 4.15 AND year >= 1,957.50 AND representation <= 55.50 THEN class = {163.44} [-359.79, 686.67], (p=210, n=6, P=386, N=51)
2026-04-14 12:44:45,595 - INFO - Iteracja 3: condition_best: unemployment <= 3.75, quality_best: 0.604, coverage_best: (p=202, n=5, P=386, N=51)
2026-04-14 12:44:45,595 - INFO - Regula po iteracji 3: IF unemployment <= 4.15 AND year >= 1,957.50 AND representation <= 55.50 AND unemployment <= 3.75 THEN class = {158.57} [-371.33, 688.46], (p=202, n=5, P=386, N=51)
2026-04-14 12:44:45,617 - INFO - Iteracja 4: condition_best: inflation >= 0.00, quality_best: 0.604, coverage_best: (p=202, n=5, P=386, N=51)
2026-04-14 12:44:45,617 - INFO - Regula po iteracji 4: IF unemployment <= 4.15 AND year >= 1,957.50 AND representation <= 55.50 AND unemployment <= 3.75 AND inflation >= 0.00 THEN class = {158.57} [-371.33, 688.46], (p=202, n=5, P=386, N=51)
2026-04-14 12:44:45,617 - INFO - *******STOP GROWING CR RULE*******
2026-04-14 12:44:45,619 - INFO - *******GROWING CR RULE*******
2026-04-14 12:44:45,667 - INFO - Iteracja 0: condition_best: unemployment <= 4.15, quality_best: 0.475, coverage_best: (p=273, n=12, P=395, N=42)
2026-04-14 12:44:45,667 - INFO - Regula po iteracji 0: IF unemployment <= 4.15 THEN class = {200.04} [-372.40, 772.49], (p=273, n=12, P=395, N=42)
2026-04-14 12:44:45,695 - INFO - Iteracja 1: condition_best: year >= 1,957.50, quality_best: 0.543, coverage_best: (p=217, n=8, P=386, N=51)
2026-04-14 12:44:45,695 - INFO - Regula po iteracji 1: IF unemployment <= 4.15 AND year >= 1,957.50 THEN class = {174.21} [-343.79, 692.21], (p=217, n=8, P=386, N=51)
2026-04-14 12:44:45,718 - INFO - Iteracja 2: condition_best: representation <= 63.50, quality_best: 0.57, coverage_best: (p=216, n=7, P=386, N=51)
2026-04-14 12:44:45,719 - INFO - Regula po iteracji 2: IF unemployment <= 4.15 AND year >= 1,957.50 AND representation <= 63.50 THEN class = {170.74} [-348.04, 689.52], (p=216, n=7, P=386, N=51)
2026-04-14 12:44:45,742 - INFO - Iteracja 3: condition_best: inflation >= 0.00, quality_best: 0.57, coverage_best: (p=216, n=7, P=386, N=51)
2026-04-14 12:44:45,742 - INFO - Regula po iteracji 3: IF unemployment <= 4.15 AND year >= 1,957.50 AND representation <= 63.50 AND inflation >= 0.00 THEN class = {170.74} [-348.04, 689.52], (p=216, n=7, P=386, N=51)
2026-04-14 12:44:45,766 - INFO - Iteracja 4: condition_best: inflation <= 17.40, quality_best: 0.568, coverage_best: (p=215, n=7, P=386, N=51)
2026-04-14 12:44:45,766 - INFO - Regula po iteracji 4: IF unemployment <= 4.15 AND year >= 1,957.50 AND representation <= 63.50 AND inflation >= 0.00 AND inflation <= 17.40 THEN class = {170.81} [-349.14, 690.76], (p=215, n=7, P=386, N=51)
2026-04-14 12:44:45,766 - INFO - *******STOP GROWING CR RULE*******
2026-04-14 12:44:45,768 - INFO - *******GROWING CR RULE*******
2026-04-14 12:44:45,816 - INFO - Iteracja 0: condition_best: unemployment <= 4.15, quality_best: 0.475, coverage_best: (p=273, n=12, P=395, N=42)
2026-04-14 12:44:45,816 - INFO - Regula po iteracji 0: IF unemployment <= 4.15 THEN class = {200.04} [-372.40, 772.49], (p=273, n=12, P=395, N=42)
2026-04-14 12:44:45,844 - INFO - Iteracja 1: condition_best: inflation <= 6.65, quality_best: 0.516, coverage_best: (p=201, n=8, P=385, N=52)
2026-04-14 12:44:45,844 - INFO - Regula po iteracji 1: IF unemployment <= 4.15 AND inflation <= 6.65 THEN class = {165.38} [-350.04, 680.80], (p=201, n=8, P=385, N=52)
2026-04-14 12:44:45,864 - INFO - Iteracja 2: condition_best: year >= 1,953.50, quality_best: 0.595, coverage_best: (p=193, n=5, P=384, N=53)
2026-04-14 12:44:45,864 - INFO - Regula po iteracji 2: IF unemployment <= 4.15 AND inflation <= 6.65 AND year >= 1,953.50 THEN class = {155.03} [-362.76, 672.82], (p=193, n=5, P=384, N=53)
2026-04-14 12:44:45,884 - INFO - Iteracja 3: condition_best: unemployment <= 4.05, quality_best: 0.593, coverage_best: (p=192, n=5, P=384, N=53)
2026-04-14 12:44:45,884 - INFO - Regula po iteracji 3: IF unemployment <= 4.15 AND inflation <= 6.65 AND year >= 1,953.50 AND unemployment <= 4.05 THEN class = {155.78} [-363.22, 674.77], (p=192, n=5, P=384, N=53)
2026-04-14 12:44:45,904 - INFO - Iteracja 4: condition_best: inflation >= -0.85, quality_best: 0.588, coverage_best: (p=191, n=5, P=385, N=52)
2026-04-14 12:44:45,904 - INFO - Regula po iteracji 4: IF unemployment <= 4.15 AND inflation <= 6.65 AND year >= 1,953.50 AND unemployment <= 4.05 AND inflation >= -0.85 THEN class = {155.47} [-364.82, 675.77], (p=191, n=5, P=385, N=52)
2026-04-14 12:44:45,904 - INFO - *******STOP GROWING CR RULE*******
2026-04-14 12:44:45,905 - INFO - *******GROWING CR RULE*******
2026-04-14 12:44:45,953 - INFO - Iteracja 0: condition_best: unemployment <= 4.15, quality_best: 0.475, coverage_best: (p=273, n=12, P=395, N=42)
2026-04-14 12:44:45,953 - INFO - Regula po iteracji 0: IF unemployment <= 4.15 THEN class = {200.04} [-372.40, 772.49], (p=273, n=12, P=395, N=42)
2026-04-14 12:44:45,981 - INFO - Iteracja 1: condition_best: unemployment >= 0.15, quality_best: 0.496, coverage_best: (p=248, n=12, P=386, N=51)
2026-04-14 12:44:45,981 - INFO - Regula po iteracji 1: IF unemployment <= 4.15 AND unemployment >= 0.15 THEN class = {192.25} [-303.74, 688.23], (p=248, n=12, P=386, N=51)
2026-04-14 12:44:46,008 - INFO - Iteracja 2: condition_best: representation <= 52.50, quality_best: 0.535, coverage_best: (p=227, n=9, P=386, N=51)
2026-04-14 12:44:46,008 - INFO - Regula po iteracji 2: IF unemployment <= 4.15 AND unemployment >= 0.15 AND representation <= 52.50 THEN class = {181.83} [-330.12, 693.77], (p=227, n=9, P=386, N=51)
2026-04-14 12:44:46,033 - INFO - Iteracja 3: condition_best: unemployment <= 3.75, quality_best: 0.543, coverage_best: (p=217, n=8, P=386, N=51)
2026-04-14 12:44:46,033 - INFO - Regula po iteracji 3: IF unemployment <= 4.15 AND unemployment >= 0.15 AND representation <= 52.50 AND unemployment <= 3.75 THEN class = {175.16} [-343.96, 694.28], (p=217, n=8, P=386, N=51)
2026-04-14 12:44:46,058 - INFO - Iteracja 4: condition_best: inflation >= 0.00, quality_best: 0.543, coverage_best: (p=217, n=8, P=386, N=51)
2026-04-14 12:44:46,058 - INFO - Regula po iteracji 4: IF unemployment <= 4.15 AND unemployment >= 0.15 AND representation <= 52.50 AND unemployment <= 3.75 AND inflation >= 0.00 THEN class = {175.16} [-343.96, 694.28], (p=217, n=8, P=386, N=51)
2026-04-14 12:44:46,058 - INFO - *******STOP GROWING CR RULE*******
2026-04-14 12:44:46,059 - INFO - *******GROWING CR RULE*******
2026-04-14 12:44:46,107 - INFO - Iteracja 0: condition_best: unemployment <= 4.55, quality_best: 0.454, coverage_best: (p=282, n=13, P=396, N=41)
2026-04-14 12:44:46,107 - INFO - Regula po iteracji 0: IF unemployment <= 4.55 THEN class = {207.38} [-359.89, 774.66], (p=282, n=13, P=396, N=41)
2026-04-14 12:44:46,136 - INFO - Iteracja 1: condition_best: year >= 1,956.50, quality_best: 0.517, coverage_best: (p=232, n=10, P=386, N=51)
2026-04-14 12:44:46,136 - INFO - Regula po iteracji 1: IF unemployment <= 4.55 AND year >= 1,956.50 THEN class = {180.99} [-325.97, 687.95], (p=232, n=10, P=386, N=51)
2026-04-14 12:44:46,161 - INFO - Iteracja 2: condition_best: representation <= 52.50, quality_best: 0.568, coverage_best: (p=215, n=7, P=386, N=51)
2026-04-14 12:44:46,161 - INFO - Regula po iteracji 2: IF unemployment <= 4.55 AND year >= 1,956.50 AND representation <= 52.50 THEN class = {167.95} [-353.17, 689.06], (p=215, n=7, P=386, N=51)
2026-04-14 12:44:46,185 - INFO - Iteracja 3: condition_best: inflation >= 0.00, quality_best: 0.568, coverage_best: (p=215, n=7, P=386, N=51)
2026-04-14 12:44:46,185 - INFO - Regula po iteracji 3: IF unemployment <= 4.55 AND year >= 1,956.50 AND representation <= 52.50 AND inflation >= 0.00 THEN class = {167.95} [-353.17, 689.06], (p=215, n=7, P=386, N=51)
2026-04-14 12:44:46,208 - INFO - Iteracja 4: condition_best: unemployment <= 4.45, quality_best: 0.566, coverage_best: (p=214, n=7, P=386, N=51)
2026-04-14 12:44:46,209 - INFO - Regula po iteracji 4: IF unemployment <= 4.55 AND year >= 1,956.50 AND representation <= 52.50 AND inflation >= 0.00 AND unemployment <= 4.45 THEN class = {167.24} [-354.95, 689.42], (p=214, n=7, P=386, N=51)
2026-04-14 12:44:46,209 - INFO - *******STOP GROWING CR RULE*******
2026-04-14 12:44:46,210 - INFO - *******GROWING CR RULE*******
2026-04-14 12:44:46,257 - INFO - Iteracja 0: condition_best: unemployment <= 4.55, quality_best: 0.454, coverage_best: (p=282, n=13, P=396, N=41)
2026-04-14 12:44:46,257 - INFO - Regula po iteracji 0: IF unemployment <= 4.55 THEN class = {207.38} [-359.89, 774.66], (p=282, n=13, P=396, N=41)
2026-04-14 12:44:46,286 - INFO - Iteracja 1: condition_best: year >= 1,953.50, quality_best: 0.495, coverage_best: (p=261, n=10, P=397, N=40)
2026-04-14 12:44:46,286 - INFO - Regula po iteracji 1: IF unemployment <= 4.55 AND year >= 1,953.50 THEN class = {200.72} [-383.10, 784.54], (p=261, n=10, P=397, N=40)
2026-04-14 12:44:46,313 - INFO - Iteracja 2: condition_best: inflation <= 6.65, quality_best: 0.542, coverage_best: (p=199, n=7, P=385, N=52)
2026-04-14 12:44:46,313 - INFO - Regula po iteracji 2: IF unemployment <= 4.55 AND year >= 1,953.50 AND inflation <= 6.65 THEN class = {167.14} [-348.71, 682.99], (p=199, n=7, P=385, N=52)
2026-04-14 12:44:46,334 - INFO - Iteracja 3: condition_best: inflation <= 6.25, quality_best: 0.541, coverage_best: (p=185, n=6, P=386, N=51)
2026-04-14 12:44:46,334 - INFO - Regula po iteracji 3: IF unemployment <= 4.55 AND year >= 1,953.50 AND inflation <= 6.65 AND inflation <= 6.25 THEN class = {163.96} [-364.43, 692.34], (p=185, n=6, P=386, N=51)
2026-04-14 12:44:46,354 - INFO - Iteracja 4: condition_best: inflation <= 6.15, quality_best: 0.539, coverage_best: (p=184, n=6, P=386, N=51)
2026-04-14 12:44:46,354 - INFO - Regula po iteracji 4: IF unemployment <= 4.55 AND year >= 1,953.50 AND inflation <= 6.65 AND inflation <= 6.25 AND inflation <= 6.15 THEN class = {163.62} [-366.13, 693.37], (p=184, n=6, P=386, N=51)
2026-04-14 12:44:46,354 - INFO - *******STOP GROWING CR RULE*******
2026-04-14 12:44:46,355 - INFO - *******GROWING CR RULE*******
2026-04-14 12:44:46,403 - INFO - Iteracja 0: condition_best: country = {17}, quality_best: 0.448, coverage_best: (p=19, n=2, P=206, N=231)
2026-04-14 12:44:46,403 - INFO - Regula po iteracji 0: IF country = {17} THEN class = {287.81} [59.40, 516.22], (p=19, n=2, P=206, N=231)
2026-04-14 12:44:46,410 - INFO - Iteracja 1: condition_best: year >= 1,964.00, quality_best: 0.469, coverage_best: (p=12, n=1, P=168, N=269)
2026-04-14 12:44:46,410 - INFO - Regula po iteracji 1: IF country = {17} AND year >= 1,964.00 THEN class = {364.08} [112.69, 615.47], (p=12, n=1, P=168, N=269)
2026-04-14 12:44:46,414 - INFO - Iteracja 2: condition_best: year >= 1,967.50, quality_best: 0.463, coverage_best: (p=10, n=1, P=143, N=294)
2026-04-14 12:44:46,414 - INFO - Regula po iteracji 2: IF country = {17} AND year >= 1,964.00 AND year >= 1,967.50 THEN class = {407.64} [157.93, 657.34], (p=10, n=1, P=143, N=294)
2026-04-14 12:44:46,418 - INFO - Iteracja 3: condition_best: inflation >= 4.65, quality_best: 0.457, coverage_best: (p=9, n=1, P=133, N=304)
2026-04-14 12:44:46,418 - INFO - Regula po iteracji 3: IF country = {17} AND year >= 1,964.00 AND year >= 1,967.50 AND inflation >= 4.65 THEN class = {430.60} [180.03, 681.17], (p=9, n=1, P=133, N=304)
2026-04-14 12:44:46,422 - INFO - Iteracja 4: condition_best: year >= 1,970.50, quality_best: 0.432, coverage_best: (p=7, n=1, P=133, N=304)
2026-04-14 12:44:46,422 - INFO - Regula po iteracji 4: IF country = {17} AND year >= 1,964.00 AND year >= 1,967.50 AND inflation >= 4.65 AND year >= 1,970.50 THEN class = {451.38} [184.19, 718.56], (p=7, n=1, P=133, N=304)
2026-04-14 12:44:46,422 - INFO - *******STOP GROWING CR RULE*******
2026-04-14 12:44:46,423 - INFO - *******GROWING CR RULE*******
2026-04-14 12:44:46,470 - INFO - Iteracja 0: condition_best: country = {8}, quality_best: 0.447, coverage_best: (p=20, n=2, P=218, N=219)
2026-04-14 12:44:46,470 - INFO - Regula po iteracji 0: IF country = {8} THEN class = {52.55} [-15.03, 120.12], (p=20, n=2, P=218, N=219)
2026-04-14 12:44:46,477 - INFO - Iteracja 1: condition_best: representation <= 41.50, quality_best: 0.461, coverage_best: (p=14, n=1, P=219, N=218)
2026-04-14 12:44:46,478 - INFO - Regula po iteracji 1: IF country = {8} AND representation <= 41.50 THEN class = {58.20} [-9.43, 125.83], (p=14, n=1, P=219, N=218)
2026-04-14 12:44:46,482 - INFO - Iteracja 2: condition_best: unemployment >= 0.55, quality_best: 0.451, coverage_best: (p=13, n=1, P=226, N=211)
2026-04-14 12:44:46,482 - INFO - Regula po iteracji 2: IF country = {8} AND representation <= 41.50 AND unemployment >= 0.55 THEN class = {62.21} [-6.04, 130.47], (p=13, n=1, P=226, N=211)
2026-04-14 12:44:46,486 - INFO - Iteracja 3: condition_best: unemployment >= 1.40, quality_best: 0.336, coverage_best: (p=6, n=2, P=131, N=306)
2026-04-14 12:44:46,486 - INFO - Regula po iteracji 3: IF country = {8} AND representation <= 41.50 AND unemployment >= 0.55 AND unemployment >= 1.40 THEN class = {93.12} [20.97, 165.28], (p=6, n=2, P=131, N=306)
2026-04-14 12:44:46,489 - INFO - Iteracja 4: condition_best: unemployment >= 2.30, quality_best: 0.324, coverage_best: (p=5, n=2, P=109, N=328)
2026-04-14 12:44:46,489 - INFO - Regula po iteracji 4: IF country = {8} AND representation <= 41.50 AND unemployment >= 0.55 AND unemployment >= 1.40 AND unemployment >= 2.30 THEN class = {106.00} [38.00, 174.00], (p=5, n=2, P=109, N=328)
2026-04-14 12:44:46,489 - INFO - *******STOP GROWING CR RULE*******
2026-04-14 12:44:46,490 - INFO - *******GROWING CR RULE*******
2026-04-14 12:44:46,537 - INFO - Iteracja 0: condition_best: inflation <= 4.65, quality_best: 0.434, coverage_best: (p=208, n=9, P=395, N=42)
2026-04-14 12:44:46,537 - INFO - Regula po iteracji 0: IF inflation <= 4.65 THEN class = {220.38} [-328.22, 768.98], (p=208, n=9, P=395, N=42)
2026-04-14 12:44:46,562 - INFO - Iteracja 1: condition_best: representation <= 48.50, quality_best: 0.552, coverage_best: (p=160, n=3, P=399, N=38)
2026-04-14 12:44:46,562 - INFO - Regula po iteracji 1: IF inflation <= 4.65 AND representation <= 48.50 THEN class = {196.91} [-406.30, 800.13], (p=160, n=3, P=399, N=38)
2026-04-14 12:44:46,582 - INFO - Iteracja 2: condition_best: unemployment <= 13.45, quality_best: 0.55, coverage_best: (p=159, n=3, P=399, N=38)
2026-04-14 12:44:46,582 - INFO - Regula po iteracji 2: IF inflation <= 4.65 AND representation <= 48.50 AND unemployment <= 13.45 THEN class = {198.09} [-406.80, 802.98], (p=159, n=3, P=399, N=38)
2026-04-14 12:44:46,602 - INFO - Iteracja 3: condition_best: unemployment <= 12.65, quality_best: 0.548, coverage_best: (p=158, n=3, P=399, N=38)
2026-04-14 12:44:46,603 - INFO - Regula po iteracji 3: IF inflation <= 4.65 AND representation <= 48.50 AND unemployment <= 13.45 AND unemployment <= 12.65 THEN class = {199.20} [-407.39, 805.80], (p=158, n=3, P=399, N=38)
2026-04-14 12:44:46,623 - INFO - Iteracja 4: condition_best: unemployment <= 11.85, quality_best: 0.542, coverage_best: (p=157, n=3, P=400, N=37)
2026-04-14 12:44:46,623 - INFO - Regula po iteracji 4: IF inflation <= 4.65 AND representation <= 48.50 AND unemployment <= 13.45 AND unemployment <= 12.65 AND unemployment <= 11.85 THEN class = {200.43} [-407.86, 808.72], (p=157, n=3, P=400, N=37)
2026-04-14 12:44:46,623 - INFO - *******STOP GROWING CR RULE*******
2026-04-14 12:44:46,624 - INFO - *******GROWING CR RULE*******
2026-04-14 12:44:46,670 - INFO - Iteracja 0: condition_best: inflation <= 4.65, quality_best: 0.434, coverage_best: (p=208, n=9, P=395, N=42)
2026-04-14 12:44:46,670 - INFO - Regula po iteracji 0: IF inflation <= 4.65 THEN class = {220.38} [-328.22, 768.98], (p=208, n=9, P=395, N=42)
2026-04-14 12:44:46,693 - INFO - Iteracja 1: condition_best: representation <= 52.50, quality_best: 0.54, coverage_best: (p=186, n=5, P=394, N=43)
2026-04-14 12:44:46,693 - INFO - Regula po iteracji 1: IF inflation <= 4.65 AND representation <= 52.50 THEN class = {194.35} [-373.93, 762.62], (p=186, n=5, P=394, N=43)
2026-04-14 12:44:46,714 - INFO - Iteracja 2: condition_best: inflation >= -1.75, quality_best: 0.581, coverage_best: (p=185, n=4, P=393, N=44)
2026-04-14 12:44:46,714 - INFO - Regula po iteracji 2: IF inflation <= 4.65 AND representation <= 52.50 AND inflation >= -1.75 THEN class = {191.63} [-377.85, 761.11], (p=185, n=4, P=393, N=44)
2026-04-14 12:44:46,735 - INFO - Iteracja 3: condition_best: inflation >= -1.30, quality_best: 0.575, coverage_best: (p=184, n=4, P=394, N=43)
2026-04-14 12:44:46,736 - INFO - Regula po iteracji 3: IF inflation <= 4.65 AND representation <= 52.50 AND inflation >= -1.75 AND inflation >= -1.30 THEN class = {192.54} [-378.31, 763.40], (p=184, n=4, P=394, N=43)
2026-04-14 12:44:46,757 - INFO - Iteracja 4: condition_best: inflation >= -0.85, quality_best: 0.573, coverage_best: (p=183, n=4, P=394, N=43)
2026-04-14 12:44:46,757 - INFO - Regula po iteracji 4: IF inflation <= 4.65 AND representation <= 52.50 AND inflation >= -1.75 AND inflation >= -1.30 AND inflation >= -0.85 THEN class = {192.42} [-379.95, 764.80], (p=183, n=4, P=394, N=43)
2026-04-14 12:44:46,757 - INFO - *******STOP GROWING CR RULE*******
2026-04-14 12:44:46,758 - INFO - *******GROWING CR RULE*******
2026-04-14 12:44:46,804 - INFO - Iteracja 0: condition_best: inflation <= 4.65, quality_best: 0.434, coverage_best: (p=208, n=9, P=395, N=42)
2026-04-14 12:44:46,804 - INFO - Regula po iteracji 0: IF inflation <= 4.65 THEN class = {220.38} [-328.22, 768.98], (p=208, n=9, P=395, N=42)
2026-04-14 12:44:46,827 - INFO - Iteracja 1: condition_best: year >= 1,953.50, quality_best: 0.468, coverage_best: (p=197, n=7, P=397, N=40)
2026-04-14 12:44:46,827 - INFO - Regula po iteracji 1: IF inflation <= 4.65 AND year >= 1,953.50 THEN class = {219.63} [-339.10, 778.35], (p=197, n=7, P=397, N=40)
2026-04-14 12:44:46,849 - INFO - Iteracja 2: condition_best: unemployment <= 5.55, quality_best: 0.508, coverage_best: (p=163, n=5, P=391, N=46)
2026-04-14 12:44:46,849 - INFO - Regula po iteracji 2: IF inflation <= 4.65 AND year >= 1,953.50 AND unemployment <= 5.55 THEN class = {183.94} [-381.24, 749.12], (p=163, n=5, P=391, N=46)
2026-04-14 12:44:46,867 - INFO - Iteracja 3: condition_best: year >= 1,959.50, quality_best: 0.566, coverage_best: (p=112, n=1, P=403, N=34)
2026-04-14 12:44:46,867 - INFO - Regula po iteracji 3: IF inflation <= 4.65 AND year >= 1,953.50 AND unemployment <= 5.55 AND year >= 1,959.50 THEN class = {192.24} [-477.41, 861.89], (p=112, n=1, P=403, N=34)
2026-04-14 12:44:46,883 - INFO - Iteracja 4: condition_best: inflation >= 0.45, quality_best: 0.565, coverage_best: (p=111, n=1, P=403, N=34)
2026-04-14 12:44:46,883 - INFO - Regula po iteracji 4: IF inflation <= 4.65 AND year >= 1,953.50 AND unemployment <= 5.55 AND year >= 1,959.50 AND inflation >= 0.45 THEN class = {193.94} [-478.45, 866.33], (p=111, n=1, P=403, N=34)
2026-04-14 12:44:46,883 - INFO - *******STOP GROWING CR RULE*******
2026-04-14 12:44:46,884 - INFO - *******GROWING CR RULE*******
2026-04-14 12:44:46,930 - INFO - Iteracja 0: condition_best: country = {10}, quality_best: 0.416, coverage_best: (p=17, n=6, P=78, N=359)
2026-04-14 12:44:46,930 - INFO - Regula po iteracji 0: IF country = {10} THEN class = {987.17} [409.83, 1,564.51], (p=17, n=6, P=78, N=359)
2026-04-14 12:44:46,937 - INFO - Iteracja 1: condition_best: representation <= 47.50, quality_best: 0.502, coverage_best: (p=17, n=2, P=103, N=334)
2026-04-14 12:44:46,937 - INFO - Regula po iteracji 1: IF country = {10} AND representation <= 47.50 THEN class = {935.79} [343.10, 1,528.48], (p=17, n=2, P=103, N=334)
2026-04-14 12:44:46,942 - INFO - Iteracja 2: condition_best: unemployment >= 4.10, quality_best: 0.532, coverage_best: (p=16, n=1, P=104, N=333)
2026-04-14 12:44:46,942 - INFO - Regula po iteracji 2: IF country = {10} AND representation <= 47.50 AND unemployment >= 4.10 THEN class = {965.24} [349.16, 1,581.31], (p=16, n=1, P=104, N=333)
2026-04-14 12:44:46,947 - INFO - Iteracja 3: condition_best: year <= 1,983.50, quality_best: 0.528, coverage_best: (p=15, n=1, P=100, N=337)
2026-04-14 12:44:46,947 - INFO - Regula po iteracji 3: IF country = {10} AND representation <= 47.50 AND unemployment >= 4.10 AND year <= 1,983.50 THEN class = {988.62} [360.95, 1,616.30], (p=15, n=1, P=100, N=337)
2026-04-14 12:44:46,951 - INFO - Iteracja 4: condition_best: unemployment >= 4.75, quality_best: 0.515, coverage_best: (p=14, n=1, P=108, N=329)
2026-04-14 12:44:46,951 - INFO - Regula po iteracji 4: IF country = {10} AND representation <= 47.50 AND unemployment >= 4.10 AND year <= 1,983.50 AND unemployment >= 4.75 THEN class = {970.80} [326.47, 1,615.13], (p=14, n=1, P=108, N=329)
2026-04-14 12:44:46,951 - INFO - *******STOP GROWING CR RULE*******
2026-04-14 12:44:46,952 - INFO - *******GROWING CR RULE*******
2026-04-14 12:44:46,998 - INFO - Iteracja 0: condition_best: country = {10}, quality_best: 0.416, coverage_best: (p=17, n=6, P=78, N=359)
2026-04-14 12:44:46,998 - INFO - Regula po iteracji 0: IF country = {10} THEN class = {987.17} [409.83, 1,564.51], (p=17, n=6, P=78, N=359)
2026-04-14 12:44:47,004 - INFO - Iteracja 1: condition_best: year >= 1,967.50, quality_best: 0.493, coverage_best: (p=10, n=2, P=47, N=390)
2026-04-14 12:44:47,004 - INFO - Regula po iteracji 1: IF country = {10} AND year >= 1,967.50 THEN class = {1,294.75} [695.73, 1,893.77], (p=10, n=2, P=47, N=390)
2026-04-14 12:44:47,008 - INFO - Iteracja 2: condition_best: unemployment >= 5.45, quality_best: 0.419, coverage_best: (p=7, n=2, P=56, N=381)
2026-04-14 12:44:47,008 - INFO - Regula po iteracji 2: IF country = {10} AND year >= 1,967.50 AND unemployment >= 5.45 THEN class = {1,276.89} [595.12, 1,958.66], (p=7, n=2, P=56, N=381)
2026-04-14 12:44:47,011 - INFO - Iteracja 3: condition_best: year >= 1,968.50, quality_best: 0.402, coverage_best: (p=6, n=2, P=50, N=387)
2026-04-14 12:44:47,011 - INFO - Regula po iteracji 3: IF country = {10} AND year >= 1,967.50 AND unemployment >= 5.45 AND year >= 1,968.50 THEN class = {1,346.62} [654.43, 2,038.82], (p=6, n=2, P=50, N=387)
2026-04-14 12:44:47,013 - INFO - Iteracja 4: condition_best: year >= 1,975.00, quality_best: 0.342, coverage_best: (p=4, n=2, P=45, N=392)
2026-04-14 12:44:47,014 - INFO - Regula po iteracji 4: IF country = {10} AND year >= 1,967.50 AND unemployment >= 5.45 AND year >= 1,968.50 AND year >= 1,975.00 THEN class = {1,076.83} [658.05, 1,495.62], (p=4, n=2, P=45, N=392)
2026-04-14 12:44:47,014 - INFO - *******STOP GROWING CR RULE*******
2026-04-14 12:44:47,015 - INFO - *******GROWING CR RULE*******
2026-04-14 12:44:47,060 - INFO - Iteracja 0: condition_best: unemployment <= 4.75, quality_best: 0.402, coverage_best: (p=285, n=15, P=396, N=41)
2026-04-14 12:44:47,060 - INFO - Regula po iteracji 0: IF unemployment <= 4.75 THEN class = {211.90} [-353.76, 777.56], (p=285, n=15, P=396, N=41)
2026-04-14 12:44:47,090 - INFO - Iteracja 1: condition_best: representation <= 50.50, quality_best: 0.448, coverage_best: (p=235, n=9, P=400, N=37)
2026-04-14 12:44:47,090 - INFO - Regula po iteracji 1: IF unemployment <= 4.75 AND representation <= 50.50 THEN class = {207.91} [-404.97, 820.79], (p=235, n=9, P=400, N=37)
2026-04-14 12:44:47,116 - INFO - Iteracja 2: condition_best: inflation <= 23.65, quality_best: 0.446, coverage_best: (p=234, n=9, P=400, N=37)
2026-04-14 12:44:47,116 - INFO - Regula po iteracji 2: IF unemployment <= 4.75 AND representation <= 50.50 AND inflation <= 23.65 THEN class = {208.59} [-405.46, 822.64], (p=234, n=9, P=400, N=37)
2026-04-14 12:44:47,142 - INFO - Iteracja 3: condition_best: inflation <= 18.80, quality_best: 0.444, coverage_best: (p=233, n=9, P=400, N=37)
2026-04-14 12:44:47,142 - INFO - Regula po iteracji 3: IF unemployment <= 4.75 AND representation <= 50.50 AND inflation <= 23.65 AND inflation <= 18.80 THEN class = {208.23} [-407.06, 823.52], (p=233, n=9, P=400, N=37)
2026-04-14 12:44:47,169 - INFO - Iteracja 4: condition_best: inflation <= 17.75, quality_best: 0.442, coverage_best: (p=232, n=9, P=400, N=37)
2026-04-14 12:44:47,169 - INFO - Regula po iteracji 4: IF unemployment <= 4.75 AND representation <= 50.50 AND inflation <= 23.65 AND inflation <= 18.80 AND inflation <= 17.75 THEN class = {208.45} [-408.11, 825.00], (p=232, n=9, P=400, N=37)
2026-04-14 12:44:47,169 - INFO - *******STOP GROWING CR RULE*******
2026-04-14 12:44:47,170 - INFO - *******GROWING CR RULE*******
2026-04-14 12:44:47,215 - INFO - Iteracja 0: condition_best: inflation <= 4.75, quality_best: 0.392, coverage_best: (p=209, n=10, P=396, N=41)
2026-04-14 12:44:47,215 - INFO - Regula po iteracji 0: IF inflation <= 4.75 THEN class = {224.14} [-324.85, 773.13], (p=209, n=10, P=396, N=41)
2026-04-14 12:44:47,238 - INFO - Iteracja 1: condition_best: inflation >= -1.75, quality_best: 0.434, coverage_best: (p=208, n=9, P=395, N=42)
2026-04-14 12:44:47,238 - INFO - Regula po iteracji 1: IF inflation <= 4.75 AND inflation >= -1.75 THEN class = {222.05} [-327.97, 772.06], (p=208, n=9, P=395, N=42)
2026-04-14 12:44:47,261 - INFO - Iteracja 2: condition_best: year >= 1,952.50, quality_best: 0.451, coverage_best: (p=203, n=8, P=396, N=41)
2026-04-14 12:44:47,261 - INFO - Regula po iteracji 2: IF inflation <= 4.75 AND inflation >= -1.75 AND year >= 1,952.50 THEN class = {220.63} [-332.39, 773.64], (p=203, n=8, P=396, N=41)
2026-04-14 12:44:47,284 - INFO - Iteracja 3: condition_best: unemployment <= 13.45, quality_best: 0.448, coverage_best: (p=202, n=8, P=396, N=41)
2026-04-14 12:44:47,284 - INFO - Regula po iteracji 3: IF inflation <= 4.75 AND inflation >= -1.75 AND year >= 1,952.50 AND unemployment <= 13.45 THEN class = {221.65} [-332.48, 775.78], (p=202, n=8, P=396, N=41)
2026-04-14 12:44:47,308 - INFO - Iteracja 4: condition_best: unemployment <= 12.00, quality_best: 0.446, coverage_best: (p=201, n=8, P=396, N=41)
2026-04-14 12:44:47,308 - INFO - Regula po iteracji 4: IF inflation <= 4.75 AND inflation >= -1.75 AND year >= 1,952.50 AND unemployment <= 13.45 AND unemployment <= 12.00 THEN class = {222.62} [-332.66, 777.90], (p=201, n=8, P=396, N=41)
2026-04-14 12:44:47,308 - INFO - *******STOP GROWING CR RULE*******
2026-04-14 12:44:47,309 - INFO - *******GROWING CR RULE*******
2026-04-14 12:44:47,354 - INFO - Iteracja 0: condition_best: country = {18}, quality_best: 0.385, coverage_best: (p=19, n=5, P=150, N=287)
2026-04-14 12:44:47,354 - INFO - Regula po iteracji 0: IF country = {18} THEN class = {453.71} [156.79, 750.62], (p=19, n=5, P=150, N=287)
2026-04-14 12:44:47,362 - INFO - Iteracja 1: condition_best: year <= 1,981.50, quality_best: 0.456, coverage_best: (p=18, n=3, P=127, N=310)
2026-04-14 12:44:47,362 - INFO - Regula po iteracji 1: IF country = {18} AND year <= 1,981.50 THEN class = {501.67} [215.39, 787.95], (p=18, n=3, P=127, N=310)
2026-04-14 12:44:47,369 - INFO - Iteracja 2: condition_best: inflation >= 1.15, quality_best: 0.482, coverage_best: (p=16, n=2, P=117, N=320)
2026-04-14 12:44:47,369 - INFO - Regula po iteracji 2: IF country = {18} AND year <= 1,981.50 AND inflation >= 1.15 THEN class = {473.67} [222.94, 724.39], (p=16, n=2, P=117, N=320)
2026-04-14 12:44:47,375 - INFO - Iteracja 3: condition_best: year <= 1,978.50, quality_best: 0.475, coverage_best: (p=14, n=2, P=103, N=334)
2026-04-14 12:44:47,375 - INFO - Regula po iteracji 3: IF country = {18} AND year <= 1,981.50 AND inflation >= 1.15 AND year <= 1,978.50 THEN class = {504.12} [254.38, 753.87], (p=14, n=2, P=103, N=334)
2026-04-14 12:44:47,380 - INFO - Iteracja 4: condition_best: unemployment >= 3.60, quality_best: 0.51, coverage_best: (p=12, n=1, P=92, N=345)
2026-04-14 12:44:47,380 - INFO - Regula po iteracji 4: IF country = {18} AND year <= 1,981.50 AND inflation >= 1.15 AND year <= 1,978.50 AND unemployment >= 3.60 THEN class = {437.46} [257.64, 617.29], (p=12, n=1, P=92, N=345)
2026-04-14 12:44:47,380 - INFO - *******STOP GROWING CR RULE*******
2026-04-14 12:44:47,381 - INFO - *******GROWING CR RULE*******
2026-04-14 12:44:47,426 - INFO - Iteracja 0: condition_best: unemployment <= 5.25, quality_best: 0.37, coverage_best: (p=297, n=17, P=396, N=41)
2026-04-14 12:44:47,426 - INFO - Regula po iteracji 0: IF unemployment <= 5.25 THEN class = {217.54} [-341.16, 776.23], (p=297, n=17, P=396, N=41)
2026-04-14 12:44:47,458 - INFO - Iteracja 1: condition_best: representation <= 50.50, quality_best: 0.433, coverage_best: (p=245, n=10, P=400, N=37)
2026-04-14 12:44:47,458 - INFO - Regula po iteracji 1: IF unemployment <= 5.25 AND representation <= 50.50 THEN class = {211.63} [-392.68, 815.94], (p=245, n=10, P=400, N=37)
2026-04-14 12:44:47,485 - INFO - Iteracja 2: condition_best: inflation <= 23.65, quality_best: 0.431, coverage_best: (p=244, n=10, P=400, N=37)
2026-04-14 12:44:47,485 - INFO - Regula po iteracji 2: IF unemployment <= 5.25 AND representation <= 50.50 AND inflation <= 23.65 THEN class = {212.30} [-393.11, 817.70], (p=244, n=10, P=400, N=37)
2026-04-14 12:44:47,512 - INFO - Iteracja 3: condition_best: year >= 1,952.50, quality_best: 0.429, coverage_best: (p=231, n=9, P=401, N=36)
2026-04-14 12:44:47,512 - INFO - Regula po iteracji 3: IF unemployment <= 5.25 AND representation <= 50.50 AND inflation <= 23.65 AND year >= 1,952.50 THEN class = {210.02} [-409.32, 829.36], (p=231, n=9, P=401, N=36)
2026-04-14 12:44:47,538 - INFO - Iteracja 4: condition_best: inflation <= 17.40, quality_best: 0.427, coverage_best: (p=230, n=9, P=401, N=36)
2026-04-14 12:44:47,539 - INFO - Regula po iteracji 4: IF unemployment <= 5.25 AND representation <= 50.50 AND inflation <= 23.65 AND year >= 1,952.50 AND inflation <= 17.40 THEN class = {210.25} [-410.38, 830.87], (p=230, n=9, P=401, N=36)
2026-04-14 12:44:47,539 - INFO - *******STOP GROWING CR RULE*******
2026-04-14 12:44:47,539 - INFO - *******GROWING CR RULE*******
2026-04-14 12:44:47,584 - INFO - Iteracja 0: condition_best: inflation >= 11.85, quality_best: 0.35, coverage_best: (p=31, n=7, P=227, N=210)
2026-04-14 12:44:47,584 - INFO - Regula po iteracji 0: IF inflation >= 11.85 THEN class = {521.50} [77.85, 965.15], (p=31, n=7, P=227, N=210)
2026-04-14 12:44:47,594 - INFO - Iteracja 1: condition_best: representation <= 41.50, quality_best: 0.476, coverage_best: (p=16, n=1, P=213, N=224)
2026-04-14 12:44:47,594 - INFO - Regula po iteracji 1: IF inflation >= 11.85 AND representation <= 41.50 THEN class = {460.88} [83.07, 838.69], (p=16, n=1, P=213, N=224)
2026-04-14 12:44:47,599 - INFO - Iteracja 2: condition_best: unemployment >= 0.15, quality_best: 0.47, coverage_best: (p=15, n=1, P=214, N=223)
2026-04-14 12:44:47,599 - INFO - Regula po iteracji 2: IF inflation >= 11.85 AND representation <= 41.50 AND unemployment >= 0.15 THEN class = {471.69} [84.81, 858.57], (p=15, n=1, P=214, N=223)
2026-04-14 12:44:47,604 - INFO - Iteracja 3: condition_best: inflation >= 12.15, quality_best: 0.463, coverage_best: (p=14, n=1, P=215, N=222)
2026-04-14 12:44:47,604 - INFO - Regula po iteracji 3: IF inflation >= 11.85 AND representation <= 41.50 AND unemployment >= 0.15 AND inflation >= 12.15 THEN class = {480.67} [82.71, 878.62], (p=14, n=1, P=215, N=222)
2026-04-14 12:44:47,609 - INFO - Iteracja 4: condition_best: year >= 1,962.50, quality_best: 0.45, coverage_best: (p=13, n=1, P=227, N=210)
2026-04-14 12:44:47,609 - INFO - Regula po iteracji 4: IF inflation >= 11.85 AND representation <= 41.50 AND unemployment >= 0.15 AND inflation >= 12.15 AND year >= 1,962.50 THEN class = {483.64} [71.89, 895.40], (p=13, n=1, P=227, N=210)
2026-04-14 12:44:47,609 - INFO - *******STOP GROWING CR RULE*******
2026-04-14 12:44:47,610 - INFO - *******GROWING CR RULE*******
2026-04-14 12:44:47,655 - INFO - Iteracja 0: condition_best: country = {4}, quality_best: 0.329, coverage_best: (p=18, n=9, P=105, N=332)
2026-04-14 12:44:47,655 - INFO - Regula po iteracji 0: IF country = {4} THEN class = {632.63} [295.69, 969.57], (p=18, n=9, P=105, N=332)
2026-04-14 12:44:47,664 - INFO - Iteracja 1: condition_best: inflation <= 9.65, quality_best: 0.44, coverage_best: (p=18, n=4, P=110, N=327)
2026-04-14 12:44:47,664 - INFO - Regula po iteracji 1: IF country = {4} AND inflation <= 9.65 THEN class = {572.32} [271.72, 872.92], (p=18, n=4, P=110, N=327)
2026-04-14 12:44:47,671 - INFO - Iteracja 2: condition_best: unemployment <= 10.80, quality_best: 0.431, coverage_best: (p=17, n=4, P=109, N=328)
2026-04-14 12:44:47,671 - INFO - Regula po iteracji 2: IF country = {4} AND inflation <= 9.65 AND unemployment <= 10.80 THEN class = {580.86} [275.80, 885.92], (p=17, n=4, P=109, N=328)
2026-04-14 12:44:47,677 - INFO - Iteracja 3: condition_best: inflation <= 9.00, quality_best: 0.418, coverage_best: (p=16, n=4, P=112, N=325)
2026-04-14 12:44:47,677 - INFO - Regula po iteracji 3: IF country = {4} AND inflation <= 9.65 AND unemployment <= 10.80 AND inflation <= 9.00 THEN class = {567.85} [260.99, 874.71], (p=16, n=4, P=112, N=325)
2026-04-14 12:44:47,684 - INFO - Iteracja 4: condition_best: year <= 1,981.50, quality_best: 0.407, coverage_best: (p=15, n=4, P=111, N=326)
2026-04-14 12:44:47,684 - INFO - Regula po iteracji 4: IF country = {4} AND inflation <= 9.65 AND unemployment <= 10.80 AND inflation <= 9.00 AND year <= 1,981.50 THEN class = {581.16} [272.01, 890.31], (p=15, n=4, P=111, N=326)
2026-04-14 12:44:47,684 - INFO - *******STOP GROWING CR RULE*******
2026-04-14 12:44:47,685 - INFO - *******GROWING CR RULE*******
2026-04-14 12:44:47,729 - INFO - Iteracja 0: condition_best: country = {4}, quality_best: 0.329, coverage_best: (p=18, n=9, P=105, N=332)
2026-04-14 12:44:47,729 - INFO - Regula po iteracji 0: IF country = {4} THEN class = {632.63} [295.69, 969.57], (p=18, n=9, P=105, N=332)
2026-04-14 12:44:47,737 - INFO - Iteracja 1: condition_best: inflation >= 8.45, quality_best: 0.38, coverage_best: (p=5, n=2, P=44, N=393)
2026-04-14 12:44:47,737 - INFO - Regula po iteracji 1: IF country = {4} AND inflation >= 8.45 THEN class = {879.57} [574.57, 1,184.57], (p=5, n=2, P=44, N=393)
2026-04-14 12:44:47,740 - INFO - Iteracja 2: condition_best: year >= 1,962.50, quality_best: 0.528, coverage_best: (p=5, n=1, P=18, N=419)
2026-04-14 12:44:47,740 - INFO - Regula po iteracji 2: IF country = {4} AND inflation >= 8.45 AND year >= 1,962.50 THEN class = {985.83} [814.11, 1,157.56], (p=5, n=1, P=18, N=419)
2026-04-14 12:44:47,742 - INFO - Iteracja 3: condition_best: unemployment <= 7.90, quality_best: 0.343, coverage_best: (p=3, n=2, P=17, N=420)
2026-04-14 12:44:47,742 - INFO - Regula po iteracji 3: IF country = {4} AND inflation >= 8.45 AND year >= 1,962.50 AND unemployment <= 7.90 THEN class = {1,017.80} [846.75, 1,188.85], (p=3, n=2, P=17, N=420)
2026-04-14 12:44:47,744 - INFO - Iteracja 4: condition_best: None, quality_best: -inf, coverage_best: (p=0, n=0, P=0, N=0)
2026-04-14 12:44:47,744 - INFO - Regula po iteracji 4: IF country = {4} AND inflation >= 8.45 AND year >= 1,962.50 AND unemployment <= 7.90 THEN class = {1,017.80} [846.75, 1,188.85], (p=3, n=2, P=17, N=420)
2026-04-14 12:44:47,744 - INFO - *******STOP GROWING CR RULE*******
2026-04-14 12:44:47,745 - INFO - *******GROWING CR RULE*******
2026-04-14 12:44:47,789 - INFO - Iteracja 0: condition_best: country = {9}, quality_best: 0.327, coverage_best: (p=18, n=6, P=170, N=267)
2026-04-14 12:44:47,789 - INFO - Regula po iteracji 0: IF country = {9} THEN class = {575.38} [156.80, 993.95], (p=18, n=6, P=170, N=267)
2026-04-14 12:44:47,797 - INFO - Iteracja 1: condition_best: unemployment >= 6.15, quality_best: 0.455, coverage_best: (p=14, n=1, P=231, N=206)
2026-04-14 12:44:47,797 - INFO - Regula po iteracji 1: IF country = {9} AND unemployment >= 6.15 THEN class = {479.40} [66.81, 891.99], (p=14, n=1, P=231, N=206)
2026-04-14 12:44:47,802 - INFO - Iteracja 2: condition_best: inflation >= 5.20, quality_best: 0.453, coverage_best: (p=8, n=1, P=118, N=319)
2026-04-14 12:44:47,802 - INFO - Regula po iteracji 2: IF country = {9} AND unemployment >= 6.15 AND inflation >= 5.20 THEN class = {689.44} [279.22, 1,099.67], (p=8, n=1, P=118, N=319)
2026-04-14 12:44:47,805 - INFO - Iteracja 3: condition_best: unemployment >= 6.65, quality_best: 0.451, coverage_best: (p=7, n=1, P=95, N=342)
2026-04-14 12:44:47,805 - INFO - Regula po iteracji 3: IF country = {9} AND unemployment >= 6.15 AND inflation >= 5.20 AND unemployment >= 6.65 THEN class = {740.12} [332.44, 1,147.81], (p=7, n=1, P=95, N=342)
2026-04-14 12:44:47,808 - INFO - Iteracja 4: condition_best: year <= 1,984.50, quality_best: 0.435, coverage_best: (p=6, n=1, P=94, N=343)
2026-04-14 12:44:47,808 - INFO - Regula po iteracji 4: IF country = {9} AND unemployment >= 6.15 AND inflation >= 5.20 AND unemployment >= 6.65 AND year <= 1,984.50 THEN class = {771.43} [344.68, 1,198.17], (p=6, n=1, P=94, N=343)
2026-04-14 12:44:47,808 - INFO - *******STOP GROWING CR RULE*******
2026-04-14 12:44:47,809 - INFO - *******GROWING CR RULE*******
2026-04-14 12:44:47,853 - INFO - Iteracja 0: condition_best: country = {9}, quality_best: 0.327, coverage_best: (p=18, n=6, P=170, N=267)
2026-04-14 12:44:47,853 - INFO - Regula po iteracji 0: IF country = {9} THEN class = {575.38} [156.80, 993.95], (p=18, n=6, P=170, N=267)
2026-04-14 12:44:47,860 - INFO - Iteracja 1: condition_best: year >= 1,969.50, quality_best: 0.387, coverage_best: (p=9, n=2, P=145, N=292)
2026-04-14 12:44:47,860 - INFO - Regula po iteracji 1: IF country = {9} AND year >= 1,969.50 THEN class = {678.27} [222.83, 1,133.72], (p=9, n=2, P=145, N=292)
2026-04-14 12:44:47,864 - INFO - Iteracja 2: condition_best: inflation <= 12.30, quality_best: 0.429, coverage_best: (p=7, n=1, P=139, N=298)
2026-04-14 12:44:47,864 - INFO - Regula po iteracji 2: IF country = {9} AND year >= 1,969.50 AND inflation <= 12.30 THEN class = {560.62} [209.55, 911.70], (p=7, n=1, P=139, N=298)
2026-04-14 12:44:47,867 - INFO - Iteracja 3: condition_best: None, quality_best: -inf, coverage_best: (p=0, n=0, P=0, N=0)
2026-04-14 12:44:47,867 - INFO - Regula po iteracji 3: IF country = {9} AND year >= 1,969.50 AND inflation <= 12.30 THEN class = {560.62} [209.55, 911.70], (p=7, n=1, P=139, N=298)
2026-04-14 12:44:47,867 - INFO - *******STOP GROWING CR RULE*******
2026-04-14 12:44:47,867 - INFO - *******GROWING CR RULE*******
2026-04-14 12:44:47,912 - INFO - Iteracja 0: condition_best: representation >= 54.50, quality_best: 0.305, coverage_best: (p=33, n=13, P=182, N=255)
2026-04-14 12:44:47,912 - INFO - Regula po iteracji 0: IF representation >= 54.50 THEN class = {470.07} [121.07, 819.06], (p=33, n=13, P=182, N=255)
2026-04-14 12:44:47,924 - INFO - Iteracja 1: condition_best: representation <= 62.50, quality_best: 0.36, coverage_best: (p=20, n=5, P=187, N=250)
2026-04-14 12:44:47,924 - INFO - Regula po iteracji 1: IF representation >= 54.50 AND representation <= 62.50 THEN class = {486.92} [117.35, 856.49], (p=20, n=5, P=187, N=250)
2026-04-14 12:44:47,932 - INFO - Iteracja 2: condition_best: year >= 1,978.50, quality_best: 0.428, coverage_best: (p=6, n=1, P=107, N=330)
2026-04-14 12:44:47,932 - INFO - Regula po iteracji 2: IF representation >= 54.50 AND representation <= 62.50 AND year >= 1,978.50 THEN class = {319.29} [182.73, 455.84], (p=6, n=1, P=107, N=330)
2026-04-14 12:44:47,934 - INFO - Iteracja 3: condition_best: unemployment >= 4.90, quality_best: 0.448, coverage_best: (p=5, n=1, P=49, N=388)
2026-04-14 12:44:47,934 - INFO - Regula po iteracji 3: IF representation >= 54.50 AND representation <= 62.50 AND year >= 1,978.50 AND unemployment >= 4.90 THEN class = {267.17} [214.83, 319.50], (p=5, n=1, P=49, N=388)
2026-04-14 12:44:47,936 - INFO - Iteracja 4: condition_best: inflation >= 5.10, quality_best: 0.418, coverage_best: (p=4, n=1, P=50, N=387)
2026-04-14 12:44:47,936 - INFO - Regula po iteracji 4: IF representation >= 54.50 AND representation <= 62.50 AND year >= 1,978.50 AND unemployment >= 4.90 AND inflation >= 5.10 THEN class = {272.40} [216.52, 328.28], (p=4, n=1, P=50, N=387)
2026-04-14 12:44:47,936 - INFO - *******STOP GROWING CR RULE*******
2026-04-14 12:44:47,937 - INFO - *******GROWING CR RULE*******
2026-04-14 12:44:47,981 - INFO - Iteracja 0: condition_best: inflation <= 7.05, quality_best: 0.269, coverage_best: (p=282, n=22, P=391, N=46)
2026-04-14 12:44:47,981 - INFO - Regula po iteracji 0: IF inflation <= 7.05 THEN class = {229.93} [-272.96, 732.83], (p=282, n=22, P=391, N=46)
2026-04-14 12:44:48,012 - INFO - Iteracja 1: condition_best: representation <= 52.50, quality_best: 0.395, coverage_best: (p=253, n=15, P=390, N=47)
2026-04-14 12:44:48,012 - INFO - Regula po iteracji 1: IF inflation <= 7.05 AND representation <= 52.50 THEN class = {206.97} [-311.50, 725.43], (p=253, n=15, P=390, N=47)
2026-04-14 12:44:48,039 - INFO - Iteracja 2: condition_best: year >= 1,952.50, quality_best: 0.445, coverage_best: (p=247, n=13, P=389, N=48)
2026-04-14 12:44:48,039 - INFO - Regula po iteracji 2: IF inflation <= 7.05 AND representation <= 52.50 AND year >= 1,952.50 THEN class = {202.96} [-316.43, 722.34], (p=247, n=13, P=389, N=48)
2026-04-14 12:44:48,067 - INFO - Iteracja 3: condition_best: inflation >= -1.75, quality_best: 0.471, coverage_best: (p=246, n=12, P=389, N=48)
2026-04-14 12:44:48,067 - INFO - Regula po iteracji 3: IF inflation <= 7.05 AND representation <= 52.50 AND year >= 1,952.50 AND inflation >= -1.75 THEN class = {201.03} [-318.95, 721.02], (p=246, n=12, P=389, N=48)
2026-04-14 12:44:48,094 - INFO - Iteracja 4: condition_best: year <= 1,984.50, quality_best: 0.472, coverage_best: (p=237, n=11, P=390, N=47)
2026-04-14 12:44:48,094 - INFO - Regula po iteracji 4: IF inflation <= 7.05 AND representation <= 52.50 AND year >= 1,952.50 AND inflation >= -1.75 AND year <= 1,984.50 THEN class = {199.40} [-327.08, 725.87], (p=237, n=11, P=390, N=47)
2026-04-14 12:44:48,094 - INFO - *******STOP GROWING CR RULE*******
2026-04-14 12:44:48,094 - INFO - *******GROWING CR RULE*******
2026-04-14 12:44:48,137 - INFO - Iteracja 0: condition_best: representation <= 39.50, quality_best: 0.264, coverage_best: (p=179, n=7, P=411, N=26)
2026-04-14 12:44:48,138 - INFO - Regula po iteracji 0: IF representation <= 39.50 THEN class = {276.72} [-416.88, 970.31], (p=179, n=7, P=411, N=26)
2026-04-14 12:44:48,163 - INFO - Iteracja 1: condition_best: representation >= 23.50, quality_best: 0.497, coverage_best: (p=144, n=5, P=384, N=53)
2026-04-14 12:44:48,163 - INFO - Regula po iteracji 1: IF representation <= 39.50 AND representation >= 23.50 THEN class = {175.15} [-309.32, 659.61], (p=144, n=5, P=384, N=53)
2026-04-14 12:44:48,184 - INFO - Iteracja 2: condition_best: inflation <= 13.15, quality_best: 0.56, coverage_best: (p=138, n=3, P=384, N=53)
2026-04-14 12:44:48,184 - INFO - Regula po iteracji 2: IF representation <= 39.50 AND representation >= 23.50 AND inflation <= 13.15 THEN class = {161.76} [-330.38, 653.90], (p=138, n=3, P=384, N=53)
2026-04-14 12:44:48,204 - INFO - Iteracja 3: condition_best: unemployment <= 13.45, quality_best: 0.559, coverage_best: (p=137, n=3, P=384, N=53)
2026-04-14 12:44:48,204 - INFO - Regula po iteracji 3: IF representation <= 39.50 AND representation >= 23.50 AND inflation <= 13.15 AND unemployment <= 13.45 THEN class = {162.87} [-330.85, 656.59], (p=137, n=3, P=384, N=53)
2026-04-14 12:44:48,224 - INFO - Iteracja 4: condition_best: unemployment <= 12.15, quality_best: 0.557, coverage_best: (p=136, n=3, P=384, N=53)
2026-04-14 12:44:48,224 - INFO - Regula po iteracji 4: IF representation <= 39.50 AND representation >= 23.50 AND inflation <= 13.15 AND unemployment <= 13.45 AND unemployment <= 12.15 THEN class = {163.91} [-331.43, 659.25], (p=136, n=3, P=384, N=53)
2026-04-14 12:44:48,224 - INFO - *******STOP GROWING CR RULE*******
2026-04-14 12:44:48,225 - INFO - *******GROWING CR RULE*******
2026-04-14 12:44:48,269 - INFO - Iteracja 0: condition_best: country = {5}, quality_best: 0.231, coverage_best: (p=23, n=2, P=375, N=62)
2026-04-14 12:44:48,269 - INFO - Regula po iteracji 0: IF country = {5} THEN class = {159.56} [-267.35, 586.47], (p=23, n=2, P=375, N=62)
2026-04-14 12:44:48,277 - INFO - Iteracja 1: condition_best: unemployment >= 1.05, quality_best: 0.449, coverage_best: (p=21, n=1, P=312, N=125)
2026-04-14 12:44:48,277 - INFO - Regula po iteracji 1: IF country = {5} AND unemployment >= 1.05 THEN class = {87.32} [-127.77, 302.40], (p=21, n=1, P=312, N=125)
2026-04-14 12:44:48,283 - INFO - Iteracja 2: condition_best: year >= 1,953.00, quality_best: 0.443, coverage_best: (p=20, n=1, P=313, N=124)
2026-04-14 12:44:48,283 - INFO - Regula po iteracji 2: IF country = {5} AND unemployment >= 1.05 AND year >= 1,953.00 THEN class = {91.33} [-128.01, 310.67], (p=20, n=1, P=313, N=124)
2026-04-14 12:44:48,289 - INFO - Iteracja 3: condition_best: year >= 1,954.50, quality_best: 0.433, coverage_best: (p=19, n=1, P=318, N=119)
2026-04-14 12:44:48,289 - INFO - Regula po iteracji 3: IF country = {5} AND unemployment >= 1.05 AND year >= 1,953.00 AND year >= 1,954.50 THEN class = {95.05} [-129.06, 319.16], (p=19, n=1, P=318, N=119)
2026-04-14 12:44:48,295 - INFO - Iteracja 4: condition_best: unemployment <= 11.20, quality_best: 0.422, coverage_best: (p=18, n=1, P=322, N=115)
2026-04-14 12:44:48,296 - INFO - Regula po iteracji 4: IF country = {5} AND unemployment >= 1.05 AND year >= 1,953.00 AND year >= 1,954.50 AND unemployment <= 11.20 THEN class = {98.05} [-131.49, 327.59], (p=18, n=1, P=322, N=115)
2026-04-14 12:44:48,296 - INFO - *******STOP GROWING CR RULE*******
2026-04-14 12:44:48,296 - INFO - *******GROWING CR RULE*******
2026-04-14 12:44:48,339 - INFO - Iteracja 0: condition_best: unemployment >= 16.30, quality_best: 1.0, coverage_best: (p=1, n=0, P=1, N=436)
2026-04-14 12:44:48,339 - INFO - Regula po iteracji 0: IF unemployment >= 16.30 THEN class = {521.00} [521.00, 521.00], (p=1, n=0, P=1, N=436)
2026-04-14 12:44:48,340 - INFO - Iteracja 1: condition_best: country = {9}, quality_best: 1.0, coverage_best: (p=1, n=0, P=1, N=436)
2026-04-14 12:44:48,340 - INFO - Regula po iteracji 1: IF unemployment >= 16.30 AND country = {9} THEN class = {521.00} [521.00, 521.00], (p=1, n=0, P=1, N=436)
2026-04-14 12:44:48,340 - INFO - Iteracja 2: condition_best: None, quality_best: -inf, coverage_best: (p=0, n=0, P=0, N=0)
2026-04-14 12:44:48,341 - INFO - Regula po iteracji 2: IF unemployment >= 16.30 AND country = {9} THEN class = {521.00} [521.00, 521.00], (p=1, n=0, P=1, N=436)
2026-04-14 12:44:48,341 - INFO - *******STOP GROWING CR RULE*******
2026-04-14 12:44:48,362 - INFO - ************************Finished experiment for strike.arff with algorithm_rer************************
2026-04-14 12:44:48,362 - INFO - *************************************************************************************************************************
2026-04-14 12:44:48,363 - INFO - *************************************************************************************************************************
2026-04-14 12:44:48,363 - INFO - *************************************************************************************************************************
2026-04-14 12:44:48,363 - INFO - **********Starting experiment for strike.arff with algorithm_rer_with_exceptions**********
2026-04-14 12:44:48,372 - INFO - *******GROWING CR RULE*******
2026-04-14 12:44:48,449 - INFO - Iteracja 0: condition_best: unemployment <= 2.45, quality_best: 0.621, coverage_best: (p=220, n=7, P=375, N=62)
2026-04-14 12:44:48,449 - INFO - Regula po iteracji 0: IF unemployment <= 2.45 THEN class = {150.75} [-266.61, 568.10], (p=220, n=7, P=375, N=62)
2026-04-14 12:44:48,449 - INFO - *****GROWING RR RULE*****
2026-04-14 12:44:48,534 - INFO - Iteracja 0: condition_best: None, quality_best: -inf, coverage_best: (p=0, n=0, P=0, N=0), p_value: 0
2026-04-14 12:44:48,534 - INFO - Regula po iteracji 0: IF  THEN class = {287.81} [-260.18, 835.79], (p=401, n=36, P=401, N=36)
2026-04-14 12:44:48,534 - INFO - *****STOP GROWING RR RULE*****
2026-04-14 12:44:48,534 - INFO - ***RR NOT FOUND***
2026-04-14 12:44:48,562 - INFO - Iteracja 1: condition_best: representation >= 23.50, quality_best: 0.659, coverage_best: (p=214, n=5, P=375, N=62)
2026-04-14 12:44:48,562 - INFO - Regula po iteracji 1: IF unemployment <= 2.45 AND representation >= 23.50 THEN class = {142.67} [-273.55, 558.88], (p=214, n=5, P=375, N=62)
2026-04-14 12:44:48,563 - INFO - *****GROWING RR RULE*****
2026-04-14 12:44:48,648 - INFO - Iteracja 0: condition_best: None, quality_best: -inf, coverage_best: (p=0, n=0, P=0, N=0), p_value: 0
2026-04-14 12:44:48,648 - INFO - Regula po iteracji 0: IF  THEN class = {287.81} [-260.18, 835.79], (p=401, n=36, P=401, N=36)
2026-04-14 12:44:48,648 - INFO - *****STOP GROWING RR RULE*****
2026-04-14 12:44:48,648 - INFO - ***RR NOT FOUND***
2026-04-14 12:44:48,674 - INFO - Iteracja 2: condition_best: inflation >= -1.45, quality_best: 0.686, coverage_best: (p=214, n=4, P=374, N=63)
2026-04-14 12:44:48,674 - INFO - Regula po iteracji 2: IF unemployment <= 2.45 AND representation >= 23.50 AND inflation >= -1.45 THEN class = {139.62} [-275.11, 554.34], (p=214, n=4, P=374, N=63)
2026-04-14 12:44:48,675 - INFO - *****GROWING RR RULE*****
2026-04-14 12:44:48,760 - INFO - Iteracja 0: condition_best: None, quality_best: -inf, coverage_best: (p=0, n=0, P=0, N=0), p_value: 0
2026-04-14 12:44:48,760 - INFO - Regula po iteracji 0: IF  THEN class = {287.81} [-260.18, 835.79], (p=401, n=36, P=401, N=36)
2026-04-14 12:44:48,760 - INFO - *****STOP GROWING RR RULE*****
2026-04-14 12:44:48,760 - INFO - ***RR NOT FOUND***
2026-04-14 12:44:48,786 - INFO - Iteracja 3: condition_best: representation <= 52.50, quality_best: 0.688, coverage_best: (p=201, n=3, P=375, N=62)
2026-04-14 12:44:48,786 - INFO - Regula po iteracji 3: IF unemployment <= 2.45 AND representation >= 23.50 AND inflation >= -1.45 AND representation <= 52.50 THEN class = {135.10} [-288.63, 558.82], (p=201, n=3, P=375, N=62)
2026-04-14 12:44:48,786 - INFO - *****GROWING RR RULE*****
2026-04-14 12:44:48,872 - INFO - Iteracja 0: condition_best: None, quality_best: -inf, coverage_best: (p=0, n=0, P=0, N=0), p_value: 0
2026-04-14 12:44:48,872 - INFO - Regula po iteracji 0: IF  THEN class = {287.81} [-260.18, 835.79], (p=401, n=36, P=401, N=36)
2026-04-14 12:44:48,872 - INFO - *****STOP GROWING RR RULE*****
2026-04-14 12:44:48,872 - INFO - ***RR NOT FOUND***
2026-04-14 12:44:48,896 - INFO - Iteracja 4: condition_best: year <= 1,983.50, quality_best: 0.687, coverage_best: (p=200, n=3, P=375, N=62)
2026-04-14 12:44:48,896 - INFO - Regula po iteracji 4: IF unemployment <= 2.45 AND representation >= 23.50 AND inflation >= -1.45 AND representation <= 52.50 AND year <= 1,983.50 THEN class = {135.76} [-288.90, 560.42], (p=200, n=3, P=375, N=62)
2026-04-14 12:44:48,897 - INFO - *****GROWING RR RULE*****
2026-04-14 12:44:48,982 - INFO - Iteracja 0: condition_best: None, quality_best: -inf, coverage_best: (p=0, n=0, P=0, N=0), p_value: 0
2026-04-14 12:44:48,982 - INFO - Regula po iteracji 0: IF  THEN class = {287.81} [-260.18, 835.79], (p=401, n=36, P=401, N=36)
2026-04-14 12:44:48,982 - INFO - *****STOP GROWING RR RULE*****
2026-04-14 12:44:48,982 - INFO - ***RR NOT FOUND***
2026-04-14 12:44:48,982 - INFO - *******STOP GROWING CR RULE*******
2026-04-14 12:44:48,985 - INFO - *******GROWING CR RULE*******
2026-04-14 12:44:49,035 - INFO - Iteracja 0: condition_best: unemployment <= 2.45, quality_best: 0.621, coverage_best: (p=220, n=7, P=375, N=62)
2026-04-14 12:44:49,035 - INFO - Regula po iteracji 0: IF unemployment <= 2.45 THEN class = {150.75} [-266.61, 568.10], (p=220, n=7, P=375, N=62)
2026-04-14 12:44:49,035 - INFO - *****GROWING RR RULE*****
2026-04-14 12:44:49,120 - INFO - Iteracja 0: condition_best: None, quality_best: -inf, coverage_best: (p=0, n=0, P=0, N=0), p_value: 0
2026-04-14 12:44:49,120 - INFO - Regula po iteracji 0: IF  THEN class = {287.81} [-260.18, 835.79], (p=401, n=36, P=401, N=36)
2026-04-14 12:44:49,120 - INFO - *****STOP GROWING RR RULE*****
2026-04-14 12:44:49,121 - INFO - ***RR NOT FOUND***
2026-04-14 12:44:49,144 - INFO - Iteracja 1: condition_best: representation >= 23.50, quality_best: 0.659, coverage_best: (p=214, n=5, P=375, N=62)
2026-04-14 12:44:49,144 - INFO - Regula po iteracji 1: IF unemployment <= 2.45 AND representation >= 23.50 THEN class = {142.67} [-273.55, 558.88], (p=214, n=5, P=375, N=62)
2026-04-14 12:44:49,145 - INFO - *****GROWING RR RULE*****
2026-04-14 12:44:49,229 - INFO - Iteracja 0: condition_best: None, quality_best: -inf, coverage_best: (p=0, n=0, P=0, N=0), p_value: 0
2026-04-14 12:44:49,230 - INFO - Regula po iteracji 0: IF  THEN class = {287.81} [-260.18, 835.79], (p=401, n=36, P=401, N=36)
2026-04-14 12:44:49,230 - INFO - *****STOP GROWING RR RULE*****
2026-04-14 12:44:49,230 - INFO - ***RR NOT FOUND***
2026-04-14 12:44:49,253 - INFO - Iteracja 2: condition_best: inflation >= -1.45, quality_best: 0.686, coverage_best: (p=214, n=4, P=374, N=63)
2026-04-14 12:44:49,253 - INFO - Regula po iteracji 2: IF unemployment <= 2.45 AND representation >= 23.50 AND inflation >= -1.45 THEN class = {139.62} [-275.11, 554.34], (p=214, n=4, P=374, N=63)
2026-04-14 12:44:49,253 - INFO - *****GROWING RR RULE*****
2026-04-14 12:44:49,338 - INFO - Iteracja 0: condition_best: None, quality_best: -inf, coverage_best: (p=0, n=0, P=0, N=0), p_value: 0
2026-04-14 12:44:49,338 - INFO - Regula po iteracji 0: IF  THEN class = {287.81} [-260.18, 835.79], (p=401, n=36, P=401, N=36)
2026-04-14 12:44:49,339 - INFO - *****STOP GROWING RR RULE*****
2026-04-14 12:44:49,339 - INFO - ***RR NOT FOUND***
2026-04-14 12:44:49,362 - INFO - Iteracja 3: condition_best: year <= 1,983.50, quality_best: 0.684, coverage_best: (p=213, n=4, P=374, N=63)
2026-04-14 12:44:49,362 - INFO - Regula po iteracji 3: IF unemployment <= 2.45 AND representation >= 23.50 AND inflation >= -1.45 AND year <= 1,983.50 THEN class = {140.26} [-275.31, 555.83], (p=213, n=4, P=374, N=63)
2026-04-14 12:44:49,362 - INFO - *****GROWING RR RULE*****
2026-04-14 12:44:49,448 - INFO - Iteracja 0: condition_best: None, quality_best: -inf, coverage_best: (p=0, n=0, P=0, N=0), p_value: 0
2026-04-14 12:44:49,448 - INFO - Regula po iteracji 0: IF  THEN class = {287.81} [-260.18, 835.79], (p=401, n=36, P=401, N=36)
2026-04-14 12:44:49,448 - INFO - *****STOP GROWING RR RULE*****
2026-04-14 12:44:49,448 - INFO - ***RR NOT FOUND***
2026-04-14 12:44:49,471 - INFO - Iteracja 4: condition_best: inflation <= 18.80, quality_best: 0.683, coverage_best: (p=212, n=4, P=374, N=63)
2026-04-14 12:44:49,471 - INFO - Regula po iteracji 4: IF unemployment <= 2.45 AND representation >= 23.50 AND inflation >= -1.45 AND year <= 1,983.50 AND inflation <= 18.80 THEN class = {139.54} [-276.85, 555.94], (p=212, n=4, P=374, N=63)
2026-04-14 12:44:49,471 - INFO - *****GROWING RR RULE*****
2026-04-14 12:44:49,557 - INFO - Iteracja 0: condition_best: None, quality_best: -inf, coverage_best: (p=0, n=0, P=0, N=0), p_value: 0
2026-04-14 12:44:49,557 - INFO - Regula po iteracji 0: IF  THEN class = {287.81} [-260.18, 835.79], (p=401, n=36, P=401, N=36)
2026-04-14 12:44:49,557 - INFO - *****STOP GROWING RR RULE*****
2026-04-14 12:44:49,557 - INFO - ***RR NOT FOUND***
2026-04-14 12:44:49,557 - INFO - *******STOP GROWING CR RULE*******
2026-04-14 12:44:49,559 - INFO - *******GROWING CR RULE*******
2026-04-14 12:44:49,608 - INFO - Iteracja 0: condition_best: unemployment <= 2.45, quality_best: 0.621, coverage_best: (p=220, n=7, P=375, N=62)
2026-04-14 12:44:49,608 - INFO - Regula po iteracji 0: IF unemployment <= 2.45 THEN class = {150.75} [-266.61, 568.10], (p=220, n=7, P=375, N=62)
2026-04-14 12:44:49,609 - INFO - *****GROWING RR RULE*****
2026-04-14 12:44:49,694 - INFO - Iteracja 0: condition_best: None, quality_best: -inf, coverage_best: (p=0, n=0, P=0, N=0), p_value: 0
2026-04-14 12:44:49,694 - INFO - Regula po iteracji 0: IF  THEN class = {287.81} [-260.18, 835.79], (p=401, n=36, P=401, N=36)
2026-04-14 12:44:49,694 - INFO - *****STOP GROWING RR RULE*****
2026-04-14 12:44:49,694 - INFO - ***RR NOT FOUND***
2026-04-14 12:44:49,718 - INFO - Iteracja 1: condition_best: inflation >= -1.45, quality_best: 0.645, coverage_best: (p=220, n=6, P=375, N=62)
2026-04-14 12:44:49,718 - INFO - Regula po iteracji 1: IF unemployment <= 2.45 AND inflation >= -1.45 THEN class = {147.85} [-268.14, 563.83], (p=220, n=6, P=375, N=62)
2026-04-14 12:44:49,718 - INFO - *****GROWING RR RULE*****
2026-04-14 12:44:49,803 - INFO - Iteracja 0: condition_best: None, quality_best: -inf, coverage_best: (p=0, n=0, P=0, N=0), p_value: 0
2026-04-14 12:44:49,803 - INFO - Regula po iteracji 0: IF  THEN class = {287.81} [-260.18, 835.79], (p=401, n=36, P=401, N=36)
2026-04-14 12:44:49,804 - INFO - *****STOP GROWING RR RULE*****
2026-04-14 12:44:49,804 - INFO - ***RR NOT FOUND***
2026-04-14 12:44:49,827 - INFO - Iteracja 2: condition_best: representation <= 52.50, quality_best: 0.647, coverage_best: (p=207, n=5, P=375, N=62)
2026-04-14 12:44:49,827 - INFO - Regula po iteracji 2: IF unemployment <= 2.45 AND inflation >= -1.45 AND representation <= 52.50 THEN class = {144.04} [-280.75, 568.83], (p=207, n=5, P=375, N=62)
2026-04-14 12:44:49,828 - INFO - *****GROWING RR RULE*****
2026-04-14 12:44:49,913 - INFO - Iteracja 0: condition_best: None, quality_best: -inf, coverage_best: (p=0, n=0, P=0, N=0), p_value: 0
2026-04-14 12:44:49,913 - INFO - Regula po iteracji 0: IF  THEN class = {287.81} [-260.18, 835.79], (p=401, n=36, P=401, N=36)
2026-04-14 12:44:49,913 - INFO - *****STOP GROWING RR RULE*****
2026-04-14 12:44:49,913 - INFO - ***RR NOT FOUND***
2026-04-14 12:44:49,936 - INFO - Iteracja 3: condition_best: year >= 1,952.50, quality_best: 0.652, coverage_best: (p=195, n=4, P=375, N=62)
2026-04-14 12:44:49,936 - INFO - Regula po iteracji 3: IF unemployment <= 2.45 AND inflation >= -1.45 AND representation <= 52.50 AND year >= 1,952.50 THEN class = {137.59} [-294.28, 569.45], (p=195, n=4, P=375, N=62)
2026-04-14 12:44:49,937 - INFO - *****GROWING RR RULE*****
2026-04-14 12:44:50,022 - INFO - Iteracja 0: condition_best: None, quality_best: -inf, coverage_best: (p=0, n=0, P=0, N=0), p_value: 0
2026-04-14 12:44:50,022 - INFO - Regula po iteracji 0: IF  THEN class = {287.81} [-260.18, 835.79], (p=401, n=36, P=401, N=36)
2026-04-14 12:44:50,022 - INFO - *****STOP GROWING RR RULE*****
2026-04-14 12:44:50,022 - INFO - ***RR NOT FOUND***
2026-04-14 12:44:50,044 - INFO - Iteracja 4: condition_best: year <= 1,983.50, quality_best: 0.651, coverage_best: (p=194, n=4, P=375, N=62)
2026-04-14 12:44:50,044 - INFO - Regula po iteracji 4: IF unemployment <= 2.45 AND inflation >= -1.45 AND representation <= 52.50 AND year >= 1,952.50 AND year <= 1,983.50 THEN class = {138.28} [-294.56, 571.13], (p=194, n=4, P=375, N=62)
2026-04-14 12:44:50,044 - INFO - *****GROWING RR RULE*****
2026-04-14 12:44:50,130 - INFO - Iteracja 0: condition_best: None, quality_best: -inf, coverage_best: (p=0, n=0, P=0, N=0), p_value: 0
2026-04-14 12:44:50,130 - INFO - Regula po iteracji 0: IF  THEN class = {287.81} [-260.18, 835.79], (p=401, n=36, P=401, N=36)
2026-04-14 12:44:50,130 - INFO - *****STOP GROWING RR RULE*****
2026-04-14 12:44:50,130 - INFO - ***RR NOT FOUND***
2026-04-14 12:44:50,130 - INFO - *******STOP GROWING CR RULE*******
2026-04-14 12:44:50,132 - INFO - *******GROWING CR RULE*******
2026-04-14 12:44:50,181 - INFO - Iteracja 0: condition_best: unemployment <= 2.55, quality_best: 0.608, coverage_best: (p=226, n=8, P=375, N=62)
2026-04-14 12:44:50,181 - INFO - Regula po iteracji 0: IF unemployment <= 2.55 THEN class = {154.84} [-267.89, 577.58], (p=226, n=8, P=375, N=62)
2026-04-14 12:44:50,181 - INFO - *****GROWING RR RULE*****
2026-04-14 12:44:50,266 - INFO - Iteracja 0: condition_best: None, quality_best: -inf, coverage_best: (p=0, n=0, P=0, N=0), p_value: 0
2026-04-14 12:44:50,267 - INFO - Regula po iteracji 0: IF  THEN class = {287.81} [-260.18, 835.79], (p=401, n=36, P=401, N=36)
2026-04-14 12:44:50,267 - INFO - *****STOP GROWING RR RULE*****
2026-04-14 12:44:50,267 - INFO - ***RR NOT FOUND***
2026-04-14 12:44:50,290 - INFO - Iteracja 1: condition_best: representation >= 23.50, quality_best: 0.645, coverage_best: (p=220, n=6, P=375, N=62)
2026-04-14 12:44:50,291 - INFO - Regula po iteracji 1: IF unemployment <= 2.55 AND representation >= 23.50 THEN class = {147.15} [-274.76, 569.07], (p=220, n=6, P=375, N=62)
2026-04-14 12:44:50,291 - INFO - *****GROWING RR RULE*****
2026-04-14 12:44:50,376 - INFO - Iteracja 0: condition_best: None, quality_best: -inf, coverage_best: (p=0, n=0, P=0, N=0), p_value: 0
2026-04-14 12:44:50,376 - INFO - Regula po iteracji 0: IF  THEN class = {287.81} [-260.18, 835.79], (p=401, n=36, P=401, N=36)
2026-04-14 12:44:50,376 - INFO - *****STOP GROWING RR RULE*****
2026-04-14 12:44:50,376 - INFO - ***RR NOT FOUND***
2026-04-14 12:44:50,399 - INFO - Iteracja 2: condition_best: inflation >= -1.45, quality_best: 0.669, coverage_best: (p=220, n=5, P=375, N=62)
2026-04-14 12:44:50,399 - INFO - Regula po iteracji 2: IF unemployment <= 2.55 AND representation >= 23.50 AND inflation >= -1.45 THEN class = {144.22} [-276.32, 564.77], (p=220, n=5, P=375, N=62)
2026-04-14 12:44:50,400 - INFO - *****GROWING RR RULE*****
2026-04-14 12:44:50,485 - INFO - Iteracja 0: condition_best: None, quality_best: -inf, coverage_best: (p=0, n=0, P=0, N=0), p_value: 0
2026-04-14 12:44:50,485 - INFO - Regula po iteracji 0: IF  THEN class = {287.81} [-260.18, 835.79], (p=401, n=36, P=401, N=36)
2026-04-14 12:44:50,486 - INFO - *****STOP GROWING RR RULE*****
2026-04-14 12:44:50,486 - INFO - ***RR NOT FOUND***
2026-04-14 12:44:50,509 - INFO - Iteracja 3: condition_best: representation <= 52.50, quality_best: 0.672, coverage_best: (p=207, n=4, P=375, N=62)
2026-04-14 12:44:50,509 - INFO - Regula po iteracji 3: IF unemployment <= 2.55 AND representation >= 23.50 AND inflation >= -1.45 AND representation <= 52.50 THEN class = {140.16} [-289.40, 569.71], (p=207, n=4, P=375, N=62)
2026-04-14 12:44:50,509 - INFO - *****GROWING RR RULE*****
2026-04-14 12:44:50,595 - INFO - Iteracja 0: condition_best: None, quality_best: -inf, coverage_best: (p=0, n=0, P=0, N=0), p_value: 0
2026-04-14 12:44:50,595 - INFO - Regula po iteracji 0: IF  THEN class = {287.81} [-260.18, 835.79], (p=401, n=36, P=401, N=36)
2026-04-14 12:44:50,595 - INFO - *****STOP GROWING RR RULE*****
2026-04-14 12:44:50,595 - INFO - ***RR NOT FOUND***
2026-04-14 12:44:50,617 - INFO - Iteracja 4: condition_best: year <= 1,984.50, quality_best: 0.671, coverage_best: (p=206, n=4, P=375, N=62)
2026-04-14 12:44:50,617 - INFO - Regula po iteracji 4: IF unemployment <= 2.55 AND representation >= 23.50 AND inflation >= -1.45 AND representation <= 52.50 AND year <= 1,984.50 THEN class = {140.65} [-289.87, 571.17], (p=206, n=4, P=375, N=62)
2026-04-14 12:44:50,618 - INFO - *****GROWING RR RULE*****
2026-04-14 12:44:50,703 - INFO - Iteracja 0: condition_best: None, quality_best: -inf, coverage_best: (p=0, n=0, P=0, N=0), p_value: 0
2026-04-14 12:44:50,703 - INFO - Regula po iteracji 0: IF  THEN class = {287.81} [-260.18, 835.79], (p=401, n=36, P=401, N=36)
2026-04-14 12:44:50,703 - INFO - *****STOP GROWING RR RULE*****
2026-04-14 12:44:50,703 - INFO - ***RR NOT FOUND***
2026-04-14 12:44:50,703 - INFO - *******STOP GROWING CR RULE*******
2026-04-14 12:44:50,705 - INFO - *******GROWING CR RULE*******
2026-04-14 12:44:50,754 - INFO - Iteracja 0: condition_best: country = {2}, quality_best: 0.528, coverage_best: (p=25, n=1, P=188, N=249)
2026-04-14 12:44:50,754 - INFO - Regula po iteracji 0: IF country = {2} THEN class = {29.77} [-23.23, 82.77], (p=25, n=1, P=188, N=249)
2026-04-14 12:44:50,754 - INFO - *****GROWING RR RULE*****
2026-04-14 12:44:50,836 - INFO - Iteracja 0: condition_best: None, quality_best: -inf, coverage_best: (p=0, n=0, P=0, N=0), p_value: 0
2026-04-14 12:44:50,837 - INFO - Regula po iteracji 0: IF  THEN class = {287.81} [-260.18, 835.79], (p=401, n=36, P=401, N=36)
2026-04-14 12:44:50,837 - INFO - *****STOP GROWING RR RULE*****
2026-04-14 12:44:50,837 - INFO - ***RR NOT FOUND***
2026-04-14 12:44:50,845 - INFO - Iteracja 1: condition_best: year >= 1,951.50, quality_best: 0.524, coverage_best: (p=24, n=1, P=188, N=249)
2026-04-14 12:44:50,845 - INFO - Regula po iteracji 1: IF country = {2} AND year >= 1,951.50 THEN class = {29.24} [-24.74, 83.22], (p=24, n=1, P=188, N=249)
2026-04-14 12:44:50,846 - INFO - *****GROWING RR RULE*****
2026-04-14 12:44:50,928 - INFO - Iteracja 0: condition_best: None, quality_best: -inf, coverage_best: (p=0, n=0, P=0, N=0), p_value: 0
2026-04-14 12:44:50,928 - INFO - Regula po iteracji 0: IF  THEN class = {287.81} [-260.18, 835.79], (p=401, n=36, P=401, N=36)
2026-04-14 12:44:50,928 - INFO - *****STOP GROWING RR RULE*****
2026-04-14 12:44:50,928 - INFO - ***RR NOT FOUND***
2026-04-14 12:44:50,935 - INFO - Iteracja 2: condition_best: year >= 1,952.50, quality_best: 0.52, coverage_best: (p=23, n=1, P=188, N=249)
2026-04-14 12:44:50,935 - INFO - Regula po iteracji 2: IF country = {2} AND year >= 1,951.50 AND year >= 1,952.50 THEN class = {28.83} [-26.22, 83.89], (p=23, n=1, P=188, N=249)
2026-04-14 12:44:50,935 - INFO - *****GROWING RR RULE*****
2026-04-14 12:44:51,018 - INFO - Iteracja 0: condition_best: None, quality_best: -inf, coverage_best: (p=0, n=0, P=0, N=0), p_value: 0
2026-04-14 12:44:51,018 - INFO - Regula po iteracji 0: IF  THEN class = {287.81} [-260.18, 835.79], (p=401, n=36, P=401, N=36)
2026-04-14 12:44:51,018 - INFO - *****STOP GROWING RR RULE*****
2026-04-14 12:44:51,018 - INFO - ***RR NOT FOUND***
2026-04-14 12:44:51,024 - INFO - Iteracja 3: condition_best: unemployment >= 1.05, quality_best: 0.516, coverage_best: (p=22, n=1, P=188, N=249)
2026-04-14 12:44:51,024 - INFO - Regula po iteracji 3: IF country = {2} AND year >= 1,951.50 AND year >= 1,952.50 AND unemployment >= 1.05 THEN class = {27.43} [-28.39, 83.26], (p=22, n=1, P=188, N=249)
2026-04-14 12:44:51,025 - INFO - *****GROWING RR RULE*****
2026-04-14 12:44:51,108 - INFO - Iteracja 0: condition_best: None, quality_best: -inf, coverage_best: (p=0, n=0, P=0, N=0), p_value: 0
2026-04-14 12:44:51,108 - INFO - Regula po iteracji 0: IF  THEN class = {287.81} [-260.18, 835.79], (p=401, n=36, P=401, N=36)
2026-04-14 12:44:51,108 - INFO - *****STOP GROWING RR RULE*****
2026-04-14 12:44:51,108 - INFO - ***RR NOT FOUND***
2026-04-14 12:44:51,114 - INFO - Iteracja 4: condition_best: year <= 1,984.00, quality_best: 0.511, coverage_best: (p=21, n=1, P=189, N=248)
2026-04-14 12:44:51,114 - INFO - Regula po iteracji 4: IF country = {2} AND year >= 1,951.50 AND year >= 1,952.50 AND unemployment >= 1.05 AND year <= 1,984.00 THEN class = {28.32} [-28.60, 85.24], (p=21, n=1, P=189, N=248)
2026-04-14 12:44:51,115 - INFO - *****GROWING RR RULE*****
2026-04-14 12:44:51,198 - INFO - Iteracja 0: condition_best: None, quality_best: -inf, coverage_best: (p=0, n=0, P=0, N=0), p_value: 0
2026-04-14 12:44:51,198 - INFO - Regula po iteracji 0: IF  THEN class = {287.81} [-260.18, 835.79], (p=401, n=36, P=401, N=36)
2026-04-14 12:44:51,198 - INFO - *****STOP GROWING RR RULE*****
2026-04-14 12:44:51,198 - INFO - ***RR NOT FOUND***
2026-04-14 12:44:51,198 - INFO - *******STOP GROWING CR RULE*******
2026-04-14 12:44:51,200 - INFO - *******GROWING CR RULE*******
2026-04-14 12:44:51,249 - INFO - Iteracja 0: condition_best: unemployment <= 2.85, quality_best: 0.521, coverage_best: (p=241, n=8, P=397, N=40)
2026-04-14 12:44:51,249 - INFO - Regula po iteracji 0: IF unemployment <= 2.85 THEN class = {182.43} [-415.06, 779.92], (p=241, n=8, P=397, N=40)
2026-04-14 12:44:51,249 - INFO - *****GROWING RR RULE*****
2026-04-14 12:44:51,335 - INFO - Iteracja 0: condition_best: None, quality_best: -inf, coverage_best: (p=0, n=0, P=0, N=0), p_value: 0
2026-04-14 12:44:51,335 - INFO - Regula po iteracji 0: IF  THEN class = {287.81} [-260.18, 835.79], (p=401, n=36, P=401, N=36)
2026-04-14 12:44:51,335 - INFO - *****STOP GROWING RR RULE*****
2026-04-14 12:44:51,335 - INFO - ***RR NOT FOUND***
2026-04-14 12:44:51,360 - INFO - Iteracja 1: condition_best: representation >= 23.50, quality_best: 0.64, coverage_best: (p=231, n=7, P=375, N=62)
2026-04-14 12:44:51,360 - INFO - Regula po iteracji 1: IF unemployment <= 2.85 AND representation >= 23.50 THEN class = {146.85} [-266.26, 559.97], (p=231, n=7, P=375, N=62)
2026-04-14 12:44:51,361 - INFO - *****GROWING RR RULE*****
2026-04-14 12:44:51,446 - INFO - Iteracja 0: condition_best: None, quality_best: -inf, coverage_best: (p=0, n=0, P=0, N=0), p_value: 0
2026-04-14 12:44:51,447 - INFO - Regula po iteracji 0: IF  THEN class = {287.81} [-260.18, 835.79], (p=401, n=36, P=401, N=36)
2026-04-14 12:44:51,447 - INFO - *****STOP GROWING RR RULE*****
2026-04-14 12:44:51,447 - INFO - ***RR NOT FOUND***
2026-04-14 12:44:51,471 - INFO - Iteracja 2: condition_best: inflation >= -1.45, quality_best: 0.667, coverage_best: (p=231, n=6, P=374, N=63)
2026-04-14 12:44:51,471 - INFO - Regula po iteracji 2: IF unemployment <= 2.85 AND representation >= 23.50 AND inflation >= -1.45 THEN class = {144.07} [-267.68, 555.82], (p=231, n=6, P=374, N=63)
2026-04-14 12:44:51,471 - INFO - *****GROWING RR RULE*****
2026-04-14 12:44:51,557 - INFO - Iteracja 0: condition_best: None, quality_best: -inf, coverage_best: (p=0, n=0, P=0, N=0), p_value: 0
2026-04-14 12:44:51,557 - INFO - Regula po iteracji 0: IF  THEN class = {287.81} [-260.18, 835.79], (p=401, n=36, P=401, N=36)
2026-04-14 12:44:51,557 - INFO - *****STOP GROWING RR RULE*****
2026-04-14 12:44:51,557 - INFO - ***RR NOT FOUND***
2026-04-14 12:44:51,581 - INFO - Iteracja 3: condition_best: unemployment <= 2.75, quality_best: 0.688, coverage_best: (p=230, n=5, P=374, N=63)
2026-04-14 12:44:51,581 - INFO - Regula po iteracji 3: IF unemployment <= 2.85 AND representation >= 23.50 AND inflation >= -1.45 AND unemployment <= 2.75 THEN class = {142.15} [-270.21, 554.51], (p=230, n=5, P=374, N=63)
2026-04-14 12:44:51,582 - INFO - *****GROWING RR RULE*****
2026-04-14 12:44:51,667 - INFO - Iteracja 0: condition_best: None, quality_best: -inf, coverage_best: (p=0, n=0, P=0, N=0), p_value: 0
2026-04-14 12:44:51,667 - INFO - Regula po iteracji 0: IF  THEN class = {287.81} [-260.18, 835.79], (p=401, n=36, P=401, N=36)
2026-04-14 12:44:51,667 - INFO - *****STOP GROWING RR RULE*****
2026-04-14 12:44:51,667 - INFO - ***RR NOT FOUND***
2026-04-14 12:44:51,692 - INFO - Iteracja 4: condition_best: representation <= 52.50, quality_best: 0.687, coverage_best: (p=216, n=4, P=375, N=62)
2026-04-14 12:44:51,692 - INFO - Regula po iteracji 4: IF unemployment <= 2.85 AND representation >= 23.50 AND inflation >= -1.45 AND unemployment <= 2.75 AND representation <= 52.50 THEN class = {136.87} [-284.27, 558.01], (p=216, n=4, P=375, N=62)
2026-04-14 12:44:51,692 - INFO - *****GROWING RR RULE*****
2026-04-14 12:44:51,778 - INFO - Iteracja 0: condition_best: None, quality_best: -inf, coverage_best: (p=0, n=0, P=0, N=0), p_value: 0
2026-04-14 12:44:51,778 - INFO - Regula po iteracji 0: IF  THEN class = {287.81} [-260.18, 835.79], (p=401, n=36, P=401, N=36)
2026-04-14 12:44:51,778 - INFO - *****STOP GROWING RR RULE*****
2026-04-14 12:44:51,778 - INFO - ***RR NOT FOUND***
2026-04-14 12:44:51,778 - INFO - *******STOP GROWING CR RULE*******
2026-04-14 12:44:51,780 - INFO - *******GROWING CR RULE*******
2026-04-14 12:44:51,829 - INFO - Iteracja 0: condition_best: unemployment <= 2.85, quality_best: 0.521, coverage_best: (p=241, n=8, P=397, N=40)
2026-04-14 12:44:51,829 - INFO - Regula po iteracji 0: IF unemployment <= 2.85 THEN class = {182.43} [-415.06, 779.92], (p=241, n=8, P=397, N=40)
2026-04-14 12:44:51,829 - INFO - *****GROWING RR RULE*****
2026-04-14 12:44:51,915 - INFO - Iteracja 0: condition_best: None, quality_best: -inf, coverage_best: (p=0, n=0, P=0, N=0), p_value: 0
2026-04-14 12:44:51,915 - INFO - Regula po iteracji 0: IF  THEN class = {287.81} [-260.18, 835.79], (p=401, n=36, P=401, N=36)
2026-04-14 12:44:51,915 - INFO - *****STOP GROWING RR RULE*****
2026-04-14 12:44:51,915 - INFO - ***RR NOT FOUND***
2026-04-14 12:44:51,940 - INFO - Iteracja 1: condition_best: year >= 1,956.50, quality_best: 0.638, coverage_best: (p=202, n=4, P=385, N=52)
2026-04-14 12:44:51,940 - INFO - Regula po iteracji 1: IF unemployment <= 2.85 AND year >= 1,956.50 THEN class = {154.94} [-372.27, 682.16], (p=202, n=4, P=385, N=52)
2026-04-14 12:44:51,940 - INFO - *****GROWING RR RULE*****
2026-04-14 12:44:52,026 - INFO - Iteracja 0: condition_best: None, quality_best: -inf, coverage_best: (p=0, n=0, P=0, N=0), p_value: 0
2026-04-14 12:44:52,026 - INFO - Regula po iteracji 0: IF  THEN class = {287.81} [-260.18, 835.79], (p=401, n=36, P=401, N=36)
2026-04-14 12:44:52,026 - INFO - *****STOP GROWING RR RULE*****
2026-04-14 12:44:52,026 - INFO - ***RR NOT FOUND***
2026-04-14 12:44:52,048 - INFO - Iteracja 2: condition_best: inflation >= 0.00, quality_best: 0.638, coverage_best: (p=202, n=4, P=385, N=52)
2026-04-14 12:44:52,048 - INFO - Regula po iteracji 2: IF unemployment <= 2.85 AND year >= 1,956.50 AND inflation >= 0.00 THEN class = {154.94} [-372.27, 682.16], (p=202, n=4, P=385, N=52)
2026-04-14 12:44:52,048 - INFO - *****GROWING RR RULE*****
2026-04-14 12:44:52,134 - INFO - Iteracja 0: condition_best: None, quality_best: -inf, coverage_best: (p=0, n=0, P=0, N=0), p_value: 0
2026-04-14 12:44:52,134 - INFO - Regula po iteracji 0: IF  THEN class = {287.81} [-260.18, 835.79], (p=401, n=36, P=401, N=36)
2026-04-14 12:44:52,134 - INFO - *****STOP GROWING RR RULE*****
2026-04-14 12:44:52,134 - INFO - ***RR NOT FOUND***
2026-04-14 12:44:52,156 - INFO - Iteracja 3: condition_best: inflation <= 17.40, quality_best: 0.636, coverage_best: (p=201, n=4, P=385, N=52)
2026-04-14 12:44:52,156 - INFO - Regula po iteracji 3: IF unemployment <= 2.85 AND year >= 1,956.50 AND inflation >= 0.00 AND inflation <= 17.40 THEN class = {154.94} [-373.56, 683.44], (p=201, n=4, P=385, N=52)
2026-04-14 12:44:52,156 - INFO - *****GROWING RR RULE*****
2026-04-14 12:44:52,242 - INFO - Iteracja 0: condition_best: None, quality_best: -inf, coverage_best: (p=0, n=0, P=0, N=0), p_value: 0
2026-04-14 12:44:52,242 - INFO - Regula po iteracji 0: IF  THEN class = {287.81} [-260.18, 835.79], (p=401, n=36, P=401, N=36)
2026-04-14 12:44:52,242 - INFO - *****STOP GROWING RR RULE*****
2026-04-14 12:44:52,242 - INFO - ***RR NOT FOUND***
2026-04-14 12:44:52,264 - INFO - Iteracja 4: condition_best: inflation <= 16.85, quality_best: 0.635, coverage_best: (p=200, n=4, P=385, N=52)
2026-04-14 12:44:52,264 - INFO - Regula po iteracji 4: IF unemployment <= 2.85 AND year >= 1,956.50 AND inflation >= 0.00 AND inflation <= 17.40 AND inflation <= 16.85 THEN class = {153.25} [-375.99, 682.48], (p=200, n=4, P=385, N=52)
2026-04-14 12:44:52,265 - INFO - *****GROWING RR RULE*****
2026-04-14 12:44:52,350 - INFO - Iteracja 0: condition_best: None, quality_best: -inf, coverage_best: (p=0, n=0, P=0, N=0), p_value: 0
2026-04-14 12:44:52,350 - INFO - Regula po iteracji 0: IF  THEN class = {287.81} [-260.18, 835.79], (p=401, n=36, P=401, N=36)
2026-04-14 12:44:52,350 - INFO - *****STOP GROWING RR RULE*****
2026-04-14 12:44:52,350 - INFO - ***RR NOT FOUND***
2026-04-14 12:44:52,350 - INFO - *******STOP GROWING CR RULE*******
2026-04-14 12:44:52,352 - INFO - *******GROWING CR RULE*******
2026-04-14 12:44:52,401 - INFO - Iteracja 0: condition_best: unemployment <= 3.05, quality_best: 0.496, coverage_best: (p=245, n=9, P=397, N=40)
2026-04-14 12:44:52,401 - INFO - Regula po iteracji 0: IF unemployment <= 3.05 THEN class = {186.43} [-408.65, 781.50], (p=245, n=9, P=397, N=40)
2026-04-14 12:44:52,401 - INFO - *****GROWING RR RULE*****
2026-04-14 12:44:52,490 - INFO - Iteracja 0: condition_best: None, quality_best: -inf, coverage_best: (p=0, n=0, P=0, N=0), p_value: 0
2026-04-14 12:44:52,490 - INFO - Regula po iteracji 0: IF  THEN class = {287.81} [-260.18, 835.79], (p=401, n=36, P=401, N=36)
2026-04-14 12:44:52,490 - INFO - *****STOP GROWING RR RULE*****
2026-04-14 12:44:52,490 - INFO - ***RR NOT FOUND***
2026-04-14 12:44:52,515 - INFO - Iteracja 1: condition_best: representation >= 23.50, quality_best: 0.625, coverage_best: (p=235, n=8, P=375, N=62)
2026-04-14 12:44:52,516 - INFO - Regula po iteracji 1: IF unemployment <= 3.05 AND representation >= 23.50 THEN class = {151.76} [-262.73, 566.25], (p=235, n=8, P=375, N=62)
2026-04-14 12:44:52,516 - INFO - *****GROWING RR RULE*****
2026-04-14 12:44:52,604 - INFO - Iteracja 0: condition_best: None, quality_best: -inf, coverage_best: (p=0, n=0, P=0, N=0), p_value: 0
2026-04-14 12:44:52,604 - INFO - Regula po iteracji 0: IF  THEN class = {287.81} [-260.18, 835.79], (p=401, n=36, P=401, N=36)
2026-04-14 12:44:52,604 - INFO - *****STOP GROWING RR RULE*****
2026-04-14 12:44:52,604 - INFO - ***RR NOT FOUND***
2026-04-14 12:44:52,629 - INFO - Iteracja 2: condition_best: inflation >= -1.45, quality_best: 0.648, coverage_best: (p=235, n=7, P=375, N=62)
2026-04-14 12:44:52,629 - INFO - Regula po iteracji 2: IF unemployment <= 3.05 AND representation >= 23.50 AND inflation >= -1.45 THEN class = {149.05} [-264.14, 562.24], (p=235, n=7, P=375, N=62)
2026-04-14 12:44:52,629 - INFO - *****GROWING RR RULE*****
2026-04-14 12:44:52,717 - INFO - Iteracja 0: condition_best: None, quality_best: -inf, coverage_best: (p=0, n=0, P=0, N=0), p_value: 0
2026-04-14 12:44:52,717 - INFO - Regula po iteracji 0: IF  THEN class = {287.81} [-260.18, 835.79], (p=401, n=36, P=401, N=36)
2026-04-14 12:44:52,717 - INFO - *****STOP GROWING RR RULE*****
2026-04-14 12:44:52,717 - INFO - ***RR NOT FOUND***
2026-04-14 12:44:52,742 - INFO - Iteracja 3: condition_best: inflation <= 18.80, quality_best: 0.646, coverage_best: (p=234, n=7, P=375, N=62)
2026-04-14 12:44:52,742 - INFO - Regula po iteracji 3: IF unemployment <= 3.05 AND representation >= 23.50 AND inflation >= -1.45 AND inflation <= 18.80 THEN class = {148.44} [-265.50, 562.38], (p=234, n=7, P=375, N=62)
2026-04-14 12:44:52,742 - INFO - *****GROWING RR RULE*****
2026-04-14 12:44:52,830 - INFO - Iteracja 0: condition_best: None, quality_best: -inf, coverage_best: (p=0, n=0, P=0, N=0), p_value: 0
2026-04-14 12:44:52,830 - INFO - Regula po iteracji 0: IF  THEN class = {287.81} [-260.18, 835.79], (p=401, n=36, P=401, N=36)
2026-04-14 12:44:52,830 - INFO - *****STOP GROWING RR RULE*****
2026-04-14 12:44:52,830 - INFO - ***RR NOT FOUND***
2026-04-14 12:44:52,855 - INFO - Iteracja 4: condition_best: inflation <= 17.75, quality_best: 0.644, coverage_best: (p=233, n=7, P=375, N=62)
2026-04-14 12:44:52,855 - INFO - Regula po iteracji 4: IF unemployment <= 3.05 AND representation >= 23.50 AND inflation >= -1.45 AND inflation <= 18.80 AND inflation <= 17.75 THEN class = {148.41} [-266.39, 563.22], (p=233, n=7, P=375, N=62)
2026-04-14 12:44:52,855 - INFO - *****GROWING RR RULE*****
2026-04-14 12:44:52,943 - INFO - Iteracja 0: condition_best: None, quality_best: -inf, coverage_best: (p=0, n=0, P=0, N=0), p_value: 0
2026-04-14 12:44:52,943 - INFO - Regula po iteracji 0: IF  THEN class = {287.81} [-260.18, 835.79], (p=401, n=36, P=401, N=36)
2026-04-14 12:44:52,943 - INFO - *****STOP GROWING RR RULE*****
2026-04-14 12:44:52,943 - INFO - ***RR NOT FOUND***
2026-04-14 12:44:52,943 - INFO - *******STOP GROWING CR RULE*******
2026-04-14 12:44:52,945 - INFO - *******GROWING CR RULE*******
2026-04-14 12:44:52,994 - INFO - Iteracja 0: condition_best: country = {12}, quality_best: 0.479, coverage_best: (p=21, n=2, P=174, N=263)
2026-04-14 12:44:52,994 - INFO - Regula po iteracji 0: IF country = {12} THEN class = {29.87} [-9.21, 68.95], (p=21, n=2, P=174, N=263)
2026-04-14 12:44:52,994 - INFO - *****GROWING RR RULE*****
2026-04-14 12:44:53,077 - INFO - Iteracja 0: condition_best: None, quality_best: -inf, coverage_best: (p=0, n=0, P=0, N=0), p_value: 0
2026-04-14 12:44:53,077 - INFO - Regula po iteracji 0: IF  THEN class = {287.81} [-260.18, 835.79], (p=401, n=36, P=401, N=36)
2026-04-14 12:44:53,077 - INFO - *****STOP GROWING RR RULE*****
2026-04-14 12:44:53,077 - INFO - ***RR NOT FOUND***
2026-04-14 12:44:53,084 - INFO - Iteracja 1: condition_best: unemployment >= 1.15, quality_best: 0.496, coverage_best: (p=16, n=1, P=166, N=271)
2026-04-14 12:44:53,084 - INFO - Regula po iteracji 1: IF country = {12} AND unemployment >= 1.15 THEN class = {25.65} [-7.94, 59.23], (p=16, n=1, P=166, N=271)
2026-04-14 12:44:53,084 - INFO - *****GROWING RR RULE*****
2026-04-14 12:44:53,167 - INFO - Iteracja 0: condition_best: None, quality_best: -inf, coverage_best: (p=0, n=0, P=0, N=0), p_value: 0
2026-04-14 12:44:53,167 - INFO - Regula po iteracji 0: IF  THEN class = {287.81} [-260.18, 835.79], (p=401, n=36, P=401, N=36)
2026-04-14 12:44:53,167 - INFO - *****STOP GROWING RR RULE*****
2026-04-14 12:44:53,167 - INFO - ***RR NOT FOUND***
2026-04-14 12:44:53,172 - INFO - Iteracja 2: condition_best: year <= 1,984.50, quality_best: 0.49, coverage_best: (p=15, n=1, P=167, N=270)
2026-04-14 12:44:53,172 - INFO - Regula po iteracji 2: IF country = {12} AND unemployment >= 1.15 AND year <= 1,984.50 THEN class = {26.06} [-8.51, 60.64], (p=15, n=1, P=167, N=270)
2026-04-14 12:44:53,173 - INFO - *****GROWING RR RULE*****
2026-04-14 12:44:53,255 - INFO - Iteracja 0: condition_best: None, quality_best: -inf, coverage_best: (p=0, n=0, P=0, N=0), p_value: 0
2026-04-14 12:44:53,255 - INFO - Regula po iteracji 0: IF  THEN class = {287.81} [-260.18, 835.79], (p=401, n=36, P=401, N=36)
2026-04-14 12:44:53,255 - INFO - *****STOP GROWING RR RULE*****
2026-04-14 12:44:53,255 - INFO - ***RR NOT FOUND***
2026-04-14 12:44:53,260 - INFO - Iteracja 3: condition_best: year <= 1,983.00, quality_best: 0.482, coverage_best: (p=14, n=1, P=170, N=267)
2026-04-14 12:44:53,260 - INFO - Regula po iteracji 3: IF country = {12} AND unemployment >= 1.15 AND year <= 1,984.50 AND year <= 1,983.00 THEN class = {27.40} [-7.91, 62.71], (p=14, n=1, P=170, N=267)
2026-04-14 12:44:53,261 - INFO - *****GROWING RR RULE*****
2026-04-14 12:44:53,343 - INFO - Iteracja 0: condition_best: None, quality_best: -inf, coverage_best: (p=0, n=0, P=0, N=0), p_value: 0
2026-04-14 12:44:53,343 - INFO - Regula po iteracji 0: IF  THEN class = {287.81} [-260.18, 835.79], (p=401, n=36, P=401, N=36)
2026-04-14 12:44:53,343 - INFO - *****STOP GROWING RR RULE*****
2026-04-14 12:44:53,343 - INFO - ***RR NOT FOUND***
2026-04-14 12:44:53,348 - INFO - Iteracja 4: condition_best: year >= 1,954.50, quality_best: 0.474, coverage_best: (p=13, n=1, P=173, N=264)
2026-04-14 12:44:53,348 - INFO - Regula po iteracji 4: IF country = {12} AND unemployment >= 1.15 AND year <= 1,984.50 AND year <= 1,983.00 AND year >= 1,954.50 THEN class = {27.93} [-8.56, 64.42], (p=13, n=1, P=173, N=264)
2026-04-14 12:44:53,349 - INFO - *****GROWING RR RULE*****
2026-04-14 12:44:53,431 - INFO - Iteracja 0: condition_best: None, quality_best: -inf, coverage_best: (p=0, n=0, P=0, N=0), p_value: 0
2026-04-14 12:44:53,431 - INFO - Regula po iteracji 0: IF  THEN class = {287.81} [-260.18, 835.79], (p=401, n=36, P=401, N=36)
2026-04-14 12:44:53,431 - INFO - *****STOP GROWING RR RULE*****
2026-04-14 12:44:53,431 - INFO - ***RR NOT FOUND***
2026-04-14 12:44:53,431 - INFO - *******STOP GROWING CR RULE*******
2026-04-14 12:44:53,433 - INFO - *******GROWING CR RULE*******
2026-04-14 12:44:53,481 - INFO - Iteracja 0: condition_best: unemployment <= 4.15, quality_best: 0.475, coverage_best: (p=273, n=12, P=395, N=42)
2026-04-14 12:44:53,481 - INFO - Regula po iteracji 0: IF unemployment <= 4.15 THEN class = {200.04} [-372.40, 772.49], (p=273, n=12, P=395, N=42)
2026-04-14 12:44:53,481 - INFO - *****GROWING RR RULE*****
2026-04-14 12:44:53,567 - INFO - Iteracja 0: condition_best: None, quality_best: -inf, coverage_best: (p=0, n=0, P=0, N=0), p_value: 0
2026-04-14 12:44:53,567 - INFO - Regula po iteracji 0: IF  THEN class = {287.81} [-260.18, 835.79], (p=401, n=36, P=401, N=36)
2026-04-14 12:44:53,567 - INFO - *****STOP GROWING RR RULE*****
2026-04-14 12:44:53,567 - INFO - ***RR NOT FOUND***
2026-04-14 12:44:53,596 - INFO - Iteracja 1: condition_best: year >= 1,957.50, quality_best: 0.543, coverage_best: (p=217, n=8, P=386, N=51)
2026-04-14 12:44:53,596 - INFO - Regula po iteracji 1: IF unemployment <= 4.15 AND year >= 1,957.50 THEN class = {174.21} [-343.79, 692.21], (p=217, n=8, P=386, N=51)
2026-04-14 12:44:53,596 - INFO - *****GROWING RR RULE*****
2026-04-14 12:44:53,682 - INFO - Iteracja 0: condition_best: None, quality_best: -inf, coverage_best: (p=0, n=0, P=0, N=0), p_value: 0
2026-04-14 12:44:53,682 - INFO - Regula po iteracji 0: IF  THEN class = {287.81} [-260.18, 835.79], (p=401, n=36, P=401, N=36)
2026-04-14 12:44:53,682 - INFO - *****STOP GROWING RR RULE*****
2026-04-14 12:44:53,682 - INFO - ***RR NOT FOUND***
2026-04-14 12:44:53,706 - INFO - Iteracja 2: condition_best: representation <= 55.50, quality_best: 0.588, coverage_best: (p=210, n=6, P=386, N=51)
2026-04-14 12:44:53,706 - INFO - Regula po iteracji 2: IF unemployment <= 4.15 AND year >= 1,957.50 AND representation <= 55.50 THEN class = {163.44} [-359.79, 686.67], (p=210, n=6, P=386, N=51)
2026-04-14 12:44:53,707 - INFO - *****GROWING RR RULE*****
2026-04-14 12:44:53,792 - INFO - Iteracja 0: condition_best: None, quality_best: -inf, coverage_best: (p=0, n=0, P=0, N=0), p_value: 0
2026-04-14 12:44:53,792 - INFO - Regula po iteracji 0: IF  THEN class = {287.81} [-260.18, 835.79], (p=401, n=36, P=401, N=36)
2026-04-14 12:44:53,792 - INFO - *****STOP GROWING RR RULE*****
2026-04-14 12:44:53,792 - INFO - ***RR NOT FOUND***
2026-04-14 12:44:53,815 - INFO - Iteracja 3: condition_best: inflation <= 6.65, quality_best: 0.622, coverage_best: (p=155, n=2, P=387, N=50)
2026-04-14 12:44:53,815 - INFO - Regula po iteracji 3: IF unemployment <= 4.15 AND year >= 1,957.50 AND representation <= 55.50 AND inflation <= 6.65 THEN class = {142.16} [-425.39, 709.71], (p=155, n=2, P=387, N=50)
2026-04-14 12:44:53,816 - INFO - *****GROWING RR RULE*****
2026-04-14 12:44:53,901 - INFO - Iteracja 0: condition_best: None, quality_best: -inf, coverage_best: (p=0, n=0, P=0, N=0), p_value: 0
2026-04-14 12:44:53,901 - INFO - Regula po iteracji 0: IF  THEN class = {287.81} [-260.18, 835.79], (p=401, n=36, P=401, N=36)
2026-04-14 12:44:53,901 - INFO - *****STOP GROWING RR RULE*****
2026-04-14 12:44:53,901 - INFO - ***RR NOT FOUND***
2026-04-14 12:44:53,919 - INFO - Iteracja 4: condition_best: inflation >= 0.00, quality_best: 0.622, coverage_best: (p=155, n=2, P=387, N=50)
2026-04-14 12:44:53,919 - INFO - Regula po iteracji 4: IF unemployment <= 4.15 AND year >= 1,957.50 AND representation <= 55.50 AND inflation <= 6.65 AND inflation >= 0.00 THEN class = {142.16} [-425.39, 709.71], (p=155, n=2, P=387, N=50)
2026-04-14 12:44:53,919 - INFO - *****GROWING RR RULE*****
2026-04-14 12:44:54,005 - INFO - Iteracja 0: condition_best: None, quality_best: -inf, coverage_best: (p=0, n=0, P=0, N=0), p_value: 0
2026-04-14 12:44:54,005 - INFO - Regula po iteracji 0: IF  THEN class = {287.81} [-260.18, 835.79], (p=401, n=36, P=401, N=36)
2026-04-14 12:44:54,005 - INFO - *****STOP GROWING RR RULE*****
2026-04-14 12:44:54,005 - INFO - ***RR NOT FOUND***
2026-04-14 12:44:54,005 - INFO - *******STOP GROWING CR RULE*******
2026-04-14 12:44:54,006 - INFO - *******GROWING CR RULE*******
2026-04-14 12:44:54,055 - INFO - Iteracja 0: condition_best: unemployment <= 4.15, quality_best: 0.475, coverage_best: (p=273, n=12, P=395, N=42)
2026-04-14 12:44:54,055 - INFO - Regula po iteracji 0: IF unemployment <= 4.15 THEN class = {200.04} [-372.40, 772.49], (p=273, n=12, P=395, N=42)
2026-04-14 12:44:54,055 - INFO - *****GROWING RR RULE*****
2026-04-14 12:44:54,140 - INFO - Iteracja 0: condition_best: None, quality_best: -inf, coverage_best: (p=0, n=0, P=0, N=0), p_value: 0
2026-04-14 12:44:54,141 - INFO - Regula po iteracji 0: IF  THEN class = {287.81} [-260.18, 835.79], (p=401, n=36, P=401, N=36)
2026-04-14 12:44:54,141 - INFO - *****STOP GROWING RR RULE*****
2026-04-14 12:44:54,141 - INFO - ***RR NOT FOUND***
2026-04-14 12:44:54,169 - INFO - Iteracja 1: condition_best: year >= 1,957.50, quality_best: 0.543, coverage_best: (p=217, n=8, P=386, N=51)
2026-04-14 12:44:54,169 - INFO - Regula po iteracji 1: IF unemployment <= 4.15 AND year >= 1,957.50 THEN class = {174.21} [-343.79, 692.21], (p=217, n=8, P=386, N=51)
2026-04-14 12:44:54,170 - INFO - *****GROWING RR RULE*****
2026-04-14 12:44:54,255 - INFO - Iteracja 0: condition_best: None, quality_best: -inf, coverage_best: (p=0, n=0, P=0, N=0), p_value: 0
2026-04-14 12:44:54,255 - INFO - Regula po iteracji 0: IF  THEN class = {287.81} [-260.18, 835.79], (p=401, n=36, P=401, N=36)
2026-04-14 12:44:54,255 - INFO - *****STOP GROWING RR RULE*****
2026-04-14 12:44:54,255 - INFO - ***RR NOT FOUND***
2026-04-14 12:44:54,279 - INFO - Iteracja 2: condition_best: representation <= 55.50, quality_best: 0.588, coverage_best: (p=210, n=6, P=386, N=51)
2026-04-14 12:44:54,279 - INFO - Regula po iteracji 2: IF unemployment <= 4.15 AND year >= 1,957.50 AND representation <= 55.50 THEN class = {163.44} [-359.79, 686.67], (p=210, n=6, P=386, N=51)
2026-04-14 12:44:54,280 - INFO - *****GROWING RR RULE*****
2026-04-14 12:44:54,365 - INFO - Iteracja 0: condition_best: None, quality_best: -inf, coverage_best: (p=0, n=0, P=0, N=0), p_value: 0
2026-04-14 12:44:54,365 - INFO - Regula po iteracji 0: IF  THEN class = {287.81} [-260.18, 835.79], (p=401, n=36, P=401, N=36)
2026-04-14 12:44:54,365 - INFO - *****STOP GROWING RR RULE*****
2026-04-14 12:44:54,365 - INFO - ***RR NOT FOUND***
2026-04-14 12:44:54,388 - INFO - Iteracja 3: condition_best: unemployment <= 3.75, quality_best: 0.604, coverage_best: (p=202, n=5, P=386, N=51)
2026-04-14 12:44:54,388 - INFO - Regula po iteracji 3: IF unemployment <= 4.15 AND year >= 1,957.50 AND representation <= 55.50 AND unemployment <= 3.75 THEN class = {158.57} [-371.33, 688.46], (p=202, n=5, P=386, N=51)
2026-04-14 12:44:54,389 - INFO - *****GROWING RR RULE*****
2026-04-14 12:44:54,474 - INFO - Iteracja 0: condition_best: None, quality_best: -inf, coverage_best: (p=0, n=0, P=0, N=0), p_value: 0
2026-04-14 12:44:54,474 - INFO - Regula po iteracji 0: IF  THEN class = {287.81} [-260.18, 835.79], (p=401, n=36, P=401, N=36)
2026-04-14 12:44:54,474 - INFO - *****STOP GROWING RR RULE*****
2026-04-14 12:44:54,474 - INFO - ***RR NOT FOUND***
2026-04-14 12:44:54,497 - INFO - Iteracja 4: condition_best: inflation >= 0.00, quality_best: 0.604, coverage_best: (p=202, n=5, P=386, N=51)
2026-04-14 12:44:54,497 - INFO - Regula po iteracji 4: IF unemployment <= 4.15 AND year >= 1,957.50 AND representation <= 55.50 AND unemployment <= 3.75 AND inflation >= 0.00 THEN class = {158.57} [-371.33, 688.46], (p=202, n=5, P=386, N=51)
2026-04-14 12:44:54,497 - INFO - *****GROWING RR RULE*****
2026-04-14 12:44:54,583 - INFO - Iteracja 0: condition_best: None, quality_best: -inf, coverage_best: (p=0, n=0, P=0, N=0), p_value: 0
2026-04-14 12:44:54,583 - INFO - Regula po iteracji 0: IF  THEN class = {287.81} [-260.18, 835.79], (p=401, n=36, P=401, N=36)
2026-04-14 12:44:54,583 - INFO - *****STOP GROWING RR RULE*****
2026-04-14 12:44:54,583 - INFO - ***RR NOT FOUND***
2026-04-14 12:44:54,583 - INFO - *******STOP GROWING CR RULE*******
2026-04-14 12:44:54,585 - INFO - *******GROWING CR RULE*******
2026-04-14 12:44:54,633 - INFO - Iteracja 0: condition_best: unemployment <= 4.15, quality_best: 0.475, coverage_best: (p=273, n=12, P=395, N=42)
2026-04-14 12:44:54,633 - INFO - Regula po iteracji 0: IF unemployment <= 4.15 THEN class = {200.04} [-372.40, 772.49], (p=273, n=12, P=395, N=42)
2026-04-14 12:44:54,633 - INFO - *****GROWING RR RULE*****
2026-04-14 12:44:54,719 - INFO - Iteracja 0: condition_best: None, quality_best: -inf, coverage_best: (p=0, n=0, P=0, N=0), p_value: 0
2026-04-14 12:44:54,719 - INFO - Regula po iteracji 0: IF  THEN class = {287.81} [-260.18, 835.79], (p=401, n=36, P=401, N=36)
2026-04-14 12:44:54,719 - INFO - *****STOP GROWING RR RULE*****
2026-04-14 12:44:54,719 - INFO - ***RR NOT FOUND***
2026-04-14 12:44:54,747 - INFO - Iteracja 1: condition_best: year >= 1,957.50, quality_best: 0.543, coverage_best: (p=217, n=8, P=386, N=51)
2026-04-14 12:44:54,748 - INFO - Regula po iteracji 1: IF unemployment <= 4.15 AND year >= 1,957.50 THEN class = {174.21} [-343.79, 692.21], (p=217, n=8, P=386, N=51)
2026-04-14 12:44:54,748 - INFO - *****GROWING RR RULE*****
2026-04-14 12:44:54,833 - INFO - Iteracja 0: condition_best: None, quality_best: -inf, coverage_best: (p=0, n=0, P=0, N=0), p_value: 0
2026-04-14 12:44:54,833 - INFO - Regula po iteracji 0: IF  THEN class = {287.81} [-260.18, 835.79], (p=401, n=36, P=401, N=36)
2026-04-14 12:44:54,833 - INFO - *****STOP GROWING RR RULE*****
2026-04-14 12:44:54,834 - INFO - ***RR NOT FOUND***
2026-04-14 12:44:54,857 - INFO - Iteracja 2: condition_best: representation <= 63.50, quality_best: 0.57, coverage_best: (p=216, n=7, P=386, N=51)
2026-04-14 12:44:54,857 - INFO - Regula po iteracji 2: IF unemployment <= 4.15 AND year >= 1,957.50 AND representation <= 63.50 THEN class = {170.74} [-348.04, 689.52], (p=216, n=7, P=386, N=51)
2026-04-14 12:44:54,858 - INFO - *****GROWING RR RULE*****
2026-04-14 12:44:54,943 - INFO - Iteracja 0: condition_best: None, quality_best: -inf, coverage_best: (p=0, n=0, P=0, N=0), p_value: 0
2026-04-14 12:44:54,943 - INFO - Regula po iteracji 0: IF  THEN class = {287.81} [-260.18, 835.79], (p=401, n=36, P=401, N=36)
2026-04-14 12:44:54,943 - INFO - *****STOP GROWING RR RULE*****
2026-04-14 12:44:54,943 - INFO - ***RR NOT FOUND***
2026-04-14 12:44:54,967 - INFO - Iteracja 3: condition_best: inflation >= 0.00, quality_best: 0.57, coverage_best: (p=216, n=7, P=386, N=51)
2026-04-14 12:44:54,967 - INFO - Regula po iteracji 3: IF unemployment <= 4.15 AND year >= 1,957.50 AND representation <= 63.50 AND inflation >= 0.00 THEN class = {170.74} [-348.04, 689.52], (p=216, n=7, P=386, N=51)
2026-04-14 12:44:54,968 - INFO - *****GROWING RR RULE*****
2026-04-14 12:44:55,053 - INFO - Iteracja 0: condition_best: None, quality_best: -inf, coverage_best: (p=0, n=0, P=0, N=0), p_value: 0
2026-04-14 12:44:55,053 - INFO - Regula po iteracji 0: IF  THEN class = {287.81} [-260.18, 835.79], (p=401, n=36, P=401, N=36)
2026-04-14 12:44:55,053 - INFO - *****STOP GROWING RR RULE*****
2026-04-14 12:44:55,053 - INFO - ***RR NOT FOUND***
2026-04-14 12:44:55,077 - INFO - Iteracja 4: condition_best: inflation <= 17.40, quality_best: 0.568, coverage_best: (p=215, n=7, P=386, N=51)
2026-04-14 12:44:55,077 - INFO - Regula po iteracji 4: IF unemployment <= 4.15 AND year >= 1,957.50 AND representation <= 63.50 AND inflation >= 0.00 AND inflation <= 17.40 THEN class = {170.81} [-349.14, 690.76], (p=215, n=7, P=386, N=51)
2026-04-14 12:44:55,078 - INFO - *****GROWING RR RULE*****
2026-04-14 12:44:55,163 - INFO - Iteracja 0: condition_best: None, quality_best: -inf, coverage_best: (p=0, n=0, P=0, N=0), p_value: 0
2026-04-14 12:44:55,163 - INFO - Regula po iteracji 0: IF  THEN class = {287.81} [-260.18, 835.79], (p=401, n=36, P=401, N=36)
2026-04-14 12:44:55,163 - INFO - *****STOP GROWING RR RULE*****
2026-04-14 12:44:55,164 - INFO - ***RR NOT FOUND***
2026-04-14 12:44:55,164 - INFO - *******STOP GROWING CR RULE*******
2026-04-14 12:44:55,165 - INFO - *******GROWING CR RULE*******
2026-04-14 12:44:55,213 - INFO - Iteracja 0: condition_best: unemployment <= 4.15, quality_best: 0.475, coverage_best: (p=273, n=12, P=395, N=42)
2026-04-14 12:44:55,213 - INFO - Regula po iteracji 0: IF unemployment <= 4.15 THEN class = {200.04} [-372.40, 772.49], (p=273, n=12, P=395, N=42)
2026-04-14 12:44:55,213 - INFO - *****GROWING RR RULE*****
2026-04-14 12:44:55,299 - INFO - Iteracja 0: condition_best: None, quality_best: -inf, coverage_best: (p=0, n=0, P=0, N=0), p_value: 0
2026-04-14 12:44:55,299 - INFO - Regula po iteracji 0: IF  THEN class = {287.81} [-260.18, 835.79], (p=401, n=36, P=401, N=36)
2026-04-14 12:44:55,299 - INFO - *****STOP GROWING RR RULE*****
2026-04-14 12:44:55,299 - INFO - ***RR NOT FOUND***
2026-04-14 12:44:55,327 - INFO - Iteracja 1: condition_best: inflation <= 6.65, quality_best: 0.516, coverage_best: (p=201, n=8, P=385, N=52)
2026-04-14 12:44:55,328 - INFO - Regula po iteracji 1: IF unemployment <= 4.15 AND inflation <= 6.65 THEN class = {165.38} [-350.04, 680.80], (p=201, n=8, P=385, N=52)
2026-04-14 12:44:55,328 - INFO - *****GROWING RR RULE*****
2026-04-14 12:44:55,413 - INFO - Iteracja 0: condition_best: None, quality_best: -inf, coverage_best: (p=0, n=0, P=0, N=0), p_value: 0
2026-04-14 12:44:55,413 - INFO - Regula po iteracji 0: IF  THEN class = {287.81} [-260.18, 835.79], (p=401, n=36, P=401, N=36)
2026-04-14 12:44:55,414 - INFO - *****STOP GROWING RR RULE*****
2026-04-14 12:44:55,414 - INFO - ***RR NOT FOUND***
2026-04-14 12:44:55,435 - INFO - Iteracja 2: condition_best: year >= 1,953.50, quality_best: 0.595, coverage_best: (p=193, n=5, P=384, N=53)
2026-04-14 12:44:55,435 - INFO - Regula po iteracji 2: IF unemployment <= 4.15 AND inflation <= 6.65 AND year >= 1,953.50 THEN class = {155.03} [-362.76, 672.82], (p=193, n=5, P=384, N=53)
2026-04-14 12:44:55,435 - INFO - *****GROWING RR RULE*****
2026-04-14 12:44:55,521 - INFO - Iteracja 0: condition_best: None, quality_best: -inf, coverage_best: (p=0, n=0, P=0, N=0), p_value: 0
2026-04-14 12:44:55,521 - INFO - Regula po iteracji 0: IF  THEN class = {287.81} [-260.18, 835.79], (p=401, n=36, P=401, N=36)
2026-04-14 12:44:55,522 - INFO - *****STOP GROWING RR RULE*****
2026-04-14 12:44:55,522 - INFO - ***RR NOT FOUND***
2026-04-14 12:44:55,542 - INFO - Iteracja 3: condition_best: unemployment <= 4.05, quality_best: 0.593, coverage_best: (p=192, n=5, P=384, N=53)
2026-04-14 12:44:55,542 - INFO - Regula po iteracji 3: IF unemployment <= 4.15 AND inflation <= 6.65 AND year >= 1,953.50 AND unemployment <= 4.05 THEN class = {155.78} [-363.22, 674.77], (p=192, n=5, P=384, N=53)
2026-04-14 12:44:55,542 - INFO - *****GROWING RR RULE*****
2026-04-14 12:44:55,627 - INFO - Iteracja 0: condition_best: None, quality_best: -inf, coverage_best: (p=0, n=0, P=0, N=0), p_value: 0
2026-04-14 12:44:55,627 - INFO - Regula po iteracji 0: IF  THEN class = {287.81} [-260.18, 835.79], (p=401, n=36, P=401, N=36)
2026-04-14 12:44:55,627 - INFO - *****STOP GROWING RR RULE*****
2026-04-14 12:44:55,627 - INFO - ***RR NOT FOUND***
2026-04-14 12:44:55,647 - INFO - Iteracja 4: condition_best: inflation >= -0.85, quality_best: 0.588, coverage_best: (p=191, n=5, P=385, N=52)
2026-04-14 12:44:55,647 - INFO - Regula po iteracji 4: IF unemployment <= 4.15 AND inflation <= 6.65 AND year >= 1,953.50 AND unemployment <= 4.05 AND inflation >= -0.85 THEN class = {155.47} [-364.82, 675.77], (p=191, n=5, P=385, N=52)
2026-04-14 12:44:55,648 - INFO - *****GROWING RR RULE*****
2026-04-14 12:44:55,733 - INFO - Iteracja 0: condition_best: None, quality_best: -inf, coverage_best: (p=0, n=0, P=0, N=0), p_value: 0
2026-04-14 12:44:55,733 - INFO - Regula po iteracji 0: IF  THEN class = {287.81} [-260.18, 835.79], (p=401, n=36, P=401, N=36)
2026-04-14 12:44:55,733 - INFO - *****STOP GROWING RR RULE*****
2026-04-14 12:44:55,733 - INFO - ***RR NOT FOUND***
2026-04-14 12:44:55,733 - INFO - *******STOP GROWING CR RULE*******
2026-04-14 12:44:55,734 - INFO - *******GROWING CR RULE*******
2026-04-14 12:44:55,783 - INFO - Iteracja 0: condition_best: unemployment <= 4.15, quality_best: 0.475, coverage_best: (p=273, n=12, P=395, N=42)
2026-04-14 12:44:55,783 - INFO - Regula po iteracji 0: IF unemployment <= 4.15 THEN class = {200.04} [-372.40, 772.49], (p=273, n=12, P=395, N=42)
2026-04-14 12:44:55,784 - INFO - *****GROWING RR RULE*****
2026-04-14 12:44:55,870 - INFO - Iteracja 0: condition_best: None, quality_best: -inf, coverage_best: (p=0, n=0, P=0, N=0), p_value: 0
2026-04-14 12:44:55,870 - INFO - Regula po iteracji 0: IF  THEN class = {287.81} [-260.18, 835.79], (p=401, n=36, P=401, N=36)
2026-04-14 12:44:55,870 - INFO - *****STOP GROWING RR RULE*****
2026-04-14 12:44:55,870 - INFO - ***RR NOT FOUND***
2026-04-14 12:44:55,898 - INFO - Iteracja 1: condition_best: unemployment >= 0.15, quality_best: 0.496, coverage_best: (p=248, n=12, P=386, N=51)
2026-04-14 12:44:55,898 - INFO - Regula po iteracji 1: IF unemployment <= 4.15 AND unemployment >= 0.15 THEN class = {192.25} [-303.74, 688.23], (p=248, n=12, P=386, N=51)
2026-04-14 12:44:55,898 - INFO - *****GROWING RR RULE*****
2026-04-14 12:44:55,983 - INFO - Iteracja 0: condition_best: None, quality_best: -inf, coverage_best: (p=0, n=0, P=0, N=0), p_value: 0
2026-04-14 12:44:55,983 - INFO - Regula po iteracji 0: IF  THEN class = {287.81} [-260.18, 835.79], (p=401, n=36, P=401, N=36)
2026-04-14 12:44:55,983 - INFO - *****STOP GROWING RR RULE*****
2026-04-14 12:44:55,983 - INFO - ***RR NOT FOUND***
2026-04-14 12:44:56,010 - INFO - Iteracja 2: condition_best: representation <= 52.50, quality_best: 0.535, coverage_best: (p=227, n=9, P=386, N=51)
2026-04-14 12:44:56,010 - INFO - Regula po iteracji 2: IF unemployment <= 4.15 AND unemployment >= 0.15 AND representation <= 52.50 THEN class = {181.83} [-330.12, 693.77], (p=227, n=9, P=386, N=51)
2026-04-14 12:44:56,011 - INFO - *****GROWING RR RULE*****
2026-04-14 12:44:56,098 - INFO - Iteracja 0: condition_best: None, quality_best: -inf, coverage_best: (p=0, n=0, P=0, N=0), p_value: 0
2026-04-14 12:44:56,098 - INFO - Regula po iteracji 0: IF  THEN class = {287.81} [-260.18, 835.79], (p=401, n=36, P=401, N=36)
2026-04-14 12:44:56,099 - INFO - *****STOP GROWING RR RULE*****
2026-04-14 12:44:56,099 - INFO - ***RR NOT FOUND***
2026-04-14 12:44:56,124 - INFO - Iteracja 3: condition_best: unemployment <= 3.75, quality_best: 0.543, coverage_best: (p=217, n=8, P=386, N=51)
2026-04-14 12:44:56,124 - INFO - Regula po iteracji 3: IF unemployment <= 4.15 AND unemployment >= 0.15 AND representation <= 52.50 AND unemployment <= 3.75 THEN class = {175.16} [-343.96, 694.28], (p=217, n=8, P=386, N=51)
2026-04-14 12:44:56,124 - INFO - *****GROWING RR RULE*****
2026-04-14 12:44:56,211 - INFO - Iteracja 0: condition_best: None, quality_best: -inf, coverage_best: (p=0, n=0, P=0, N=0), p_value: 0
2026-04-14 12:44:56,211 - INFO - Regula po iteracji 0: IF  THEN class = {287.81} [-260.18, 835.79], (p=401, n=36, P=401, N=36)
2026-04-14 12:44:56,211 - INFO - *****STOP GROWING RR RULE*****
2026-04-14 12:44:56,212 - INFO - ***RR NOT FOUND***
2026-04-14 12:44:56,236 - INFO - Iteracja 4: condition_best: inflation >= 0.00, quality_best: 0.543, coverage_best: (p=217, n=8, P=386, N=51)
2026-04-14 12:44:56,236 - INFO - Regula po iteracji 4: IF unemployment <= 4.15 AND unemployment >= 0.15 AND representation <= 52.50 AND unemployment <= 3.75 AND inflation >= 0.00 THEN class = {175.16} [-343.96, 694.28], (p=217, n=8, P=386, N=51)
2026-04-14 12:44:56,236 - INFO - *****GROWING RR RULE*****
2026-04-14 12:44:56,324 - INFO - Iteracja 0: condition_best: None, quality_best: -inf, coverage_best: (p=0, n=0, P=0, N=0), p_value: 0
2026-04-14 12:44:56,324 - INFO - Regula po iteracji 0: IF  THEN class = {287.81} [-260.18, 835.79], (p=401, n=36, P=401, N=36)
2026-04-14 12:44:56,324 - INFO - *****STOP GROWING RR RULE*****
2026-04-14 12:44:56,324 - INFO - ***RR NOT FOUND***
2026-04-14 12:44:56,324 - INFO - *******STOP GROWING CR RULE*******
2026-04-14 12:44:56,325 - INFO - *******GROWING CR RULE*******
2026-04-14 12:44:56,373 - INFO - Iteracja 0: condition_best: unemployment <= 4.55, quality_best: 0.454, coverage_best: (p=282, n=13, P=396, N=41)
2026-04-14 12:44:56,373 - INFO - Regula po iteracji 0: IF unemployment <= 4.55 THEN class = {207.38} [-359.89, 774.66], (p=282, n=13, P=396, N=41)
2026-04-14 12:44:56,373 - INFO - *****GROWING RR RULE*****
2026-04-14 12:44:56,459 - INFO - Iteracja 0: condition_best: None, quality_best: -inf, coverage_best: (p=0, n=0, P=0, N=0), p_value: 0
2026-04-14 12:44:56,459 - INFO - Regula po iteracji 0: IF  THEN class = {287.81} [-260.18, 835.79], (p=401, n=36, P=401, N=36)
2026-04-14 12:44:56,459 - INFO - *****STOP GROWING RR RULE*****
2026-04-14 12:44:56,459 - INFO - ***RR NOT FOUND***
2026-04-14 12:44:56,488 - INFO - Iteracja 1: condition_best: year >= 1,956.50, quality_best: 0.517, coverage_best: (p=232, n=10, P=386, N=51)
2026-04-14 12:44:56,488 - INFO - Regula po iteracji 1: IF unemployment <= 4.55 AND year >= 1,956.50 THEN class = {180.99} [-325.97, 687.95], (p=232, n=10, P=386, N=51)
2026-04-14 12:44:56,489 - INFO - *****GROWING RR RULE*****
2026-04-14 12:44:56,574 - INFO - Iteracja 0: condition_best: None, quality_best: -inf, coverage_best: (p=0, n=0, P=0, N=0), p_value: 0
2026-04-14 12:44:56,574 - INFO - Regula po iteracji 0: IF  THEN class = {287.81} [-260.18, 835.79], (p=401, n=36, P=401, N=36)
2026-04-14 12:44:56,574 - INFO - *****STOP GROWING RR RULE*****
2026-04-14 12:44:56,574 - INFO - ***RR NOT FOUND***
2026-04-14 12:44:56,600 - INFO - Iteracja 2: condition_best: representation <= 52.50, quality_best: 0.568, coverage_best: (p=215, n=7, P=386, N=51)
2026-04-14 12:44:56,600 - INFO - Regula po iteracji 2: IF unemployment <= 4.55 AND year >= 1,956.50 AND representation <= 52.50 THEN class = {167.95} [-353.17, 689.06], (p=215, n=7, P=386, N=51)
2026-04-14 12:44:56,600 - INFO - *****GROWING RR RULE*****
2026-04-14 12:44:56,685 - INFO - Iteracja 0: condition_best: None, quality_best: -inf, coverage_best: (p=0, n=0, P=0, N=0), p_value: 0
2026-04-14 12:44:56,685 - INFO - Regula po iteracji 0: IF  THEN class = {287.81} [-260.18, 835.79], (p=401, n=36, P=401, N=36)
2026-04-14 12:44:56,685 - INFO - *****STOP GROWING RR RULE*****
2026-04-14 12:44:56,686 - INFO - ***RR NOT FOUND***
2026-04-14 12:44:56,709 - INFO - Iteracja 3: condition_best: inflation >= 0.00, quality_best: 0.568, coverage_best: (p=215, n=7, P=386, N=51)
2026-04-14 12:44:56,709 - INFO - Regula po iteracji 3: IF unemployment <= 4.55 AND year >= 1,956.50 AND representation <= 52.50 AND inflation >= 0.00 THEN class = {167.95} [-353.17, 689.06], (p=215, n=7, P=386, N=51)
2026-04-14 12:44:56,709 - INFO - *****GROWING RR RULE*****
2026-04-14 12:44:56,795 - INFO - Iteracja 0: condition_best: None, quality_best: -inf, coverage_best: (p=0, n=0, P=0, N=0), p_value: 0
2026-04-14 12:44:56,795 - INFO - Regula po iteracji 0: IF  THEN class = {287.81} [-260.18, 835.79], (p=401, n=36, P=401, N=36)
2026-04-14 12:44:56,795 - INFO - *****STOP GROWING RR RULE*****
2026-04-14 12:44:56,795 - INFO - ***RR NOT FOUND***
2026-04-14 12:44:56,818 - INFO - Iteracja 4: condition_best: unemployment <= 4.45, quality_best: 0.566, coverage_best: (p=214, n=7, P=386, N=51)
2026-04-14 12:44:56,818 - INFO - Regula po iteracji 4: IF unemployment <= 4.55 AND year >= 1,956.50 AND representation <= 52.50 AND inflation >= 0.00 AND unemployment <= 4.45 THEN class = {167.24} [-354.95, 689.42], (p=214, n=7, P=386, N=51)
2026-04-14 12:44:56,819 - INFO - *****GROWING RR RULE*****
2026-04-14 12:44:56,904 - INFO - Iteracja 0: condition_best: None, quality_best: -inf, coverage_best: (p=0, n=0, P=0, N=0), p_value: 0
2026-04-14 12:44:56,904 - INFO - Regula po iteracji 0: IF  THEN class = {287.81} [-260.18, 835.79], (p=401, n=36, P=401, N=36)
2026-04-14 12:44:56,904 - INFO - *****STOP GROWING RR RULE*****
2026-04-14 12:44:56,904 - INFO - ***RR NOT FOUND***
2026-04-14 12:44:56,904 - INFO - *******STOP GROWING CR RULE*******
2026-04-14 12:44:56,906 - INFO - *******GROWING CR RULE*******
2026-04-14 12:44:56,953 - INFO - Iteracja 0: condition_best: unemployment <= 4.55, quality_best: 0.454, coverage_best: (p=282, n=13, P=396, N=41)
2026-04-14 12:44:56,953 - INFO - Regula po iteracji 0: IF unemployment <= 4.55 THEN class = {207.38} [-359.89, 774.66], (p=282, n=13, P=396, N=41)
2026-04-14 12:44:56,953 - INFO - *****GROWING RR RULE*****
2026-04-14 12:44:57,038 - INFO - Iteracja 0: condition_best: None, quality_best: -inf, coverage_best: (p=0, n=0, P=0, N=0), p_value: 0
2026-04-14 12:44:57,038 - INFO - Regula po iteracji 0: IF  THEN class = {287.81} [-260.18, 835.79], (p=401, n=36, P=401, N=36)
2026-04-14 12:44:57,038 - INFO - *****STOP GROWING RR RULE*****
2026-04-14 12:44:57,038 - INFO - ***RR NOT FOUND***
2026-04-14 12:44:57,067 - INFO - Iteracja 1: condition_best: year >= 1,953.50, quality_best: 0.495, coverage_best: (p=261, n=10, P=397, N=40)
2026-04-14 12:44:57,067 - INFO - Regula po iteracji 1: IF unemployment <= 4.55 AND year >= 1,953.50 THEN class = {200.72} [-383.10, 784.54], (p=261, n=10, P=397, N=40)
2026-04-14 12:44:57,068 - INFO - *****GROWING RR RULE*****
2026-04-14 12:44:57,153 - INFO - Iteracja 0: condition_best: None, quality_best: -inf, coverage_best: (p=0, n=0, P=0, N=0), p_value: 0
2026-04-14 12:44:57,153 - INFO - Regula po iteracji 0: IF  THEN class = {287.81} [-260.18, 835.79], (p=401, n=36, P=401, N=36)
2026-04-14 12:44:57,153 - INFO - *****STOP GROWING RR RULE*****
2026-04-14 12:44:57,153 - INFO - ***RR NOT FOUND***
2026-04-14 12:44:57,180 - INFO - Iteracja 2: condition_best: inflation <= 6.65, quality_best: 0.542, coverage_best: (p=199, n=7, P=385, N=52)
2026-04-14 12:44:57,180 - INFO - Regula po iteracji 2: IF unemployment <= 4.55 AND year >= 1,953.50 AND inflation <= 6.65 THEN class = {167.14} [-348.71, 682.99], (p=199, n=7, P=385, N=52)
2026-04-14 12:44:57,181 - INFO - *****GROWING RR RULE*****
2026-04-14 12:44:57,266 - INFO - Iteracja 0: condition_best: None, quality_best: -inf, coverage_best: (p=0, n=0, P=0, N=0), p_value: 0
2026-04-14 12:44:57,266 - INFO - Regula po iteracji 0: IF  THEN class = {287.81} [-260.18, 835.79], (p=401, n=36, P=401, N=36)
2026-04-14 12:44:57,266 - INFO - *****STOP GROWING RR RULE*****
2026-04-14 12:44:57,266 - INFO - ***RR NOT FOUND***
2026-04-14 12:44:57,287 - INFO - Iteracja 3: condition_best: inflation <= 6.25, quality_best: 0.541, coverage_best: (p=185, n=6, P=386, N=51)
2026-04-14 12:44:57,287 - INFO - Regula po iteracji 3: IF unemployment <= 4.55 AND year >= 1,953.50 AND inflation <= 6.65 AND inflation <= 6.25 THEN class = {163.96} [-364.43, 692.34], (p=185, n=6, P=386, N=51)
2026-04-14 12:44:57,287 - INFO - *****GROWING RR RULE*****
2026-04-14 12:44:57,372 - INFO - Iteracja 0: condition_best: None, quality_best: -inf, coverage_best: (p=0, n=0, P=0, N=0), p_value: 0
2026-04-14 12:44:57,372 - INFO - Regula po iteracji 0: IF  THEN class = {287.81} [-260.18, 835.79], (p=401, n=36, P=401, N=36)
2026-04-14 12:44:57,372 - INFO - *****STOP GROWING RR RULE*****
2026-04-14 12:44:57,373 - INFO - ***RR NOT FOUND***
2026-04-14 12:44:57,392 - INFO - Iteracja 4: condition_best: inflation <= 6.15, quality_best: 0.539, coverage_best: (p=184, n=6, P=386, N=51)
2026-04-14 12:44:57,393 - INFO - Regula po iteracji 4: IF unemployment <= 4.55 AND year >= 1,953.50 AND inflation <= 6.65 AND inflation <= 6.25 AND inflation <= 6.15 THEN class = {163.62} [-366.13, 693.37], (p=184, n=6, P=386, N=51)
2026-04-14 12:44:57,393 - INFO - *****GROWING RR RULE*****
2026-04-14 12:44:57,479 - INFO - Iteracja 0: condition_best: None, quality_best: -inf, coverage_best: (p=0, n=0, P=0, N=0), p_value: 0
2026-04-14 12:44:57,479 - INFO - Regula po iteracji 0: IF  THEN class = {287.81} [-260.18, 835.79], (p=401, n=36, P=401, N=36)
2026-04-14 12:44:57,479 - INFO - *****STOP GROWING RR RULE*****
2026-04-14 12:44:57,479 - INFO - ***RR NOT FOUND***
2026-04-14 12:44:57,479 - INFO - *******STOP GROWING CR RULE*******
2026-04-14 12:44:57,480 - INFO - *******GROWING CR RULE*******
2026-04-14 12:44:57,528 - INFO - Iteracja 0: condition_best: country = {17}, quality_best: 0.448, coverage_best: (p=19, n=2, P=206, N=231)
2026-04-14 12:44:57,528 - INFO - Regula po iteracji 0: IF country = {17} THEN class = {287.81} [59.40, 516.22], (p=19, n=2, P=206, N=231)
2026-04-14 12:44:57,528 - INFO - *****GROWING RR RULE*****
2026-04-14 12:44:57,610 - INFO - Iteracja 0: condition_best: None, quality_best: -inf, coverage_best: (p=0, n=0, P=0, N=0), p_value: 0
2026-04-14 12:44:57,610 - INFO - Regula po iteracji 0: IF  THEN class = {287.81} [-260.18, 835.79], (p=401, n=36, P=401, N=36)
2026-04-14 12:44:57,610 - INFO - *****STOP GROWING RR RULE*****
2026-04-14 12:44:57,610 - INFO - ***RR NOT FOUND***
2026-04-14 12:44:57,618 - INFO - Iteracja 1: condition_best: year >= 1,964.00, quality_best: 0.469, coverage_best: (p=12, n=1, P=168, N=269)
2026-04-14 12:44:57,618 - INFO - Regula po iteracji 1: IF country = {17} AND year >= 1,964.00 THEN class = {364.08} [112.69, 615.47], (p=12, n=1, P=168, N=269)
2026-04-14 12:44:57,618 - INFO - *****GROWING RR RULE*****
2026-04-14 12:44:57,700 - INFO - Iteracja 0: condition_best: None, quality_best: -inf, coverage_best: (p=0, n=0, P=0, N=0), p_value: 0
2026-04-14 12:44:57,701 - INFO - Regula po iteracji 0: IF  THEN class = {287.81} [-260.18, 835.79], (p=401, n=36, P=401, N=36)
2026-04-14 12:44:57,701 - INFO - *****STOP GROWING RR RULE*****
2026-04-14 12:44:57,701 - INFO - ***RR NOT FOUND***
2026-04-14 12:44:57,705 - INFO - Iteracja 2: condition_best: year >= 1,967.50, quality_best: 0.463, coverage_best: (p=10, n=1, P=143, N=294)
2026-04-14 12:44:57,705 - INFO - Regula po iteracji 2: IF country = {17} AND year >= 1,964.00 AND year >= 1,967.50 THEN class = {407.64} [157.93, 657.34], (p=10, n=1, P=143, N=294)
2026-04-14 12:44:57,705 - INFO - *****GROWING RR RULE*****
2026-04-14 12:44:57,788 - INFO - Iteracja 0: condition_best: None, quality_best: -inf, coverage_best: (p=0, n=0, P=0, N=0), p_value: 0
2026-04-14 12:44:57,788 - INFO - Regula po iteracji 0: IF  THEN class = {287.81} [-260.18, 835.79], (p=401, n=36, P=401, N=36)
2026-04-14 12:44:57,788 - INFO - *****STOP GROWING RR RULE*****
2026-04-14 12:44:57,788 - INFO - ***RR NOT FOUND***
2026-04-14 12:44:57,792 - INFO - Iteracja 3: condition_best: inflation >= 4.65, quality_best: 0.457, coverage_best: (p=9, n=1, P=133, N=304)
2026-04-14 12:44:57,792 - INFO - Regula po iteracji 3: IF country = {17} AND year >= 1,964.00 AND year >= 1,967.50 AND inflation >= 4.65 THEN class = {430.60} [180.03, 681.17], (p=9, n=1, P=133, N=304)
2026-04-14 12:44:57,793 - INFO - *****GROWING RR RULE*****
2026-04-14 12:44:57,875 - INFO - Iteracja 0: condition_best: None, quality_best: -inf, coverage_best: (p=0, n=0, P=0, N=0), p_value: 0
2026-04-14 12:44:57,875 - INFO - Regula po iteracji 0: IF  THEN class = {287.81} [-260.18, 835.79], (p=401, n=36, P=401, N=36)
2026-04-14 12:44:57,875 - INFO - *****STOP GROWING RR RULE*****
2026-04-14 12:44:57,875 - INFO - ***RR NOT FOUND***
2026-04-14 12:44:57,879 - INFO - Iteracja 4: condition_best: year >= 1,970.50, quality_best: 0.432, coverage_best: (p=7, n=1, P=133, N=304)
2026-04-14 12:44:57,879 - INFO - Regula po iteracji 4: IF country = {17} AND year >= 1,964.00 AND year >= 1,967.50 AND inflation >= 4.65 AND year >= 1,970.50 THEN class = {451.38} [184.19, 718.56], (p=7, n=1, P=133, N=304)
2026-04-14 12:44:57,880 - INFO - *****GROWING RR RULE*****
2026-04-14 12:44:57,962 - INFO - Iteracja 0: condition_best: None, quality_best: -inf, coverage_best: (p=0, n=0, P=0, N=0), p_value: 0
2026-04-14 12:44:57,962 - INFO - Regula po iteracji 0: IF  THEN class = {287.81} [-260.18, 835.79], (p=401, n=36, P=401, N=36)
2026-04-14 12:44:57,962 - INFO - *****STOP GROWING RR RULE*****
2026-04-14 12:44:57,962 - INFO - ***RR NOT FOUND***
2026-04-14 12:44:57,962 - INFO - *******STOP GROWING CR RULE*******
2026-04-14 12:44:57,964 - INFO - *******GROWING CR RULE*******
2026-04-14 12:44:58,011 - INFO - Iteracja 0: condition_best: country = {8}, quality_best: 0.447, coverage_best: (p=20, n=2, P=218, N=219)
2026-04-14 12:44:58,011 - INFO - Regula po iteracji 0: IF country = {8} THEN class = {52.55} [-15.03, 120.12], (p=20, n=2, P=218, N=219)
2026-04-14 12:44:58,011 - INFO - *****GROWING RR RULE*****
2026-04-14 12:44:58,094 - INFO - Iteracja 0: condition_best: None, quality_best: -inf, coverage_best: (p=0, n=0, P=0, N=0), p_value: 0
2026-04-14 12:44:58,094 - INFO - Regula po iteracji 0: IF  THEN class = {287.81} [-260.18, 835.79], (p=401, n=36, P=401, N=36)
2026-04-14 12:44:58,094 - INFO - *****STOP GROWING RR RULE*****
2026-04-14 12:44:58,094 - INFO - ***RR NOT FOUND***
2026-04-14 12:44:58,101 - INFO - Iteracja 1: condition_best: representation <= 41.50, quality_best: 0.461, coverage_best: (p=14, n=1, P=219, N=218)
2026-04-14 12:44:58,101 - INFO - Regula po iteracji 1: IF country = {8} AND representation <= 41.50 THEN class = {58.20} [-9.43, 125.83], (p=14, n=1, P=219, N=218)
2026-04-14 12:44:58,102 - INFO - *****GROWING RR RULE*****
2026-04-14 12:44:58,184 - INFO - Iteracja 0: condition_best: None, quality_best: -inf, coverage_best: (p=0, n=0, P=0, N=0), p_value: 0
2026-04-14 12:44:58,184 - INFO - Regula po iteracji 0: IF  THEN class = {287.81} [-260.18, 835.79], (p=401, n=36, P=401, N=36)
2026-04-14 12:44:58,184 - INFO - *****STOP GROWING RR RULE*****
2026-04-14 12:44:58,184 - INFO - ***RR NOT FOUND***
2026-04-14 12:44:58,188 - INFO - Iteracja 2: condition_best: unemployment >= 0.55, quality_best: 0.451, coverage_best: (p=13, n=1, P=226, N=211)
2026-04-14 12:44:58,189 - INFO - Regula po iteracji 2: IF country = {8} AND representation <= 41.50 AND unemployment >= 0.55 THEN class = {62.21} [-6.04, 130.47], (p=13, n=1, P=226, N=211)
2026-04-14 12:44:58,189 - INFO - *****GROWING RR RULE*****
2026-04-14 12:44:58,271 - INFO - Iteracja 0: condition_best: None, quality_best: -inf, coverage_best: (p=0, n=0, P=0, N=0), p_value: 0
2026-04-14 12:44:58,271 - INFO - Regula po iteracji 0: IF  THEN class = {287.81} [-260.18, 835.79], (p=401, n=36, P=401, N=36)
2026-04-14 12:44:58,271 - INFO - *****STOP GROWING RR RULE*****
2026-04-14 12:44:58,272 - INFO - ***RR NOT FOUND***
2026-04-14 12:44:58,276 - INFO - Iteracja 3: condition_best: unemployment >= 1.40, quality_best: 0.336, coverage_best: (p=6, n=2, P=131, N=306)
2026-04-14 12:44:58,276 - INFO - Regula po iteracji 3: IF country = {8} AND representation <= 41.50 AND unemployment >= 0.55 AND unemployment >= 1.40 THEN class = {93.12} [20.97, 165.28], (p=6, n=2, P=131, N=306)
2026-04-14 12:44:58,276 - INFO - *****GROWING RR RULE*****
2026-04-14 12:44:58,358 - INFO - Iteracja 0: condition_best: None, quality_best: -inf, coverage_best: (p=0, n=0, P=0, N=0), p_value: 0
2026-04-14 12:44:58,358 - INFO - Regula po iteracji 0: IF  THEN class = {287.81} [-260.18, 835.79], (p=401, n=36, P=401, N=36)
2026-04-14 12:44:58,358 - INFO - *****STOP GROWING RR RULE*****
2026-04-14 12:44:58,358 - INFO - ***RR NOT FOUND***
2026-04-14 12:44:58,361 - INFO - Iteracja 4: condition_best: unemployment >= 2.30, quality_best: 0.324, coverage_best: (p=5, n=2, P=109, N=328)
2026-04-14 12:44:58,361 - INFO - Regula po iteracji 4: IF country = {8} AND representation <= 41.50 AND unemployment >= 0.55 AND unemployment >= 1.40 AND unemployment >= 2.30 THEN class = {106.00} [38.00, 174.00], (p=5, n=2, P=109, N=328)
2026-04-14 12:44:58,362 - INFO - *****GROWING RR RULE*****
2026-04-14 12:44:58,443 - INFO - Iteracja 0: condition_best: None, quality_best: -inf, coverage_best: (p=0, n=0, P=0, N=0), p_value: 0
2026-04-14 12:44:58,444 - INFO - Regula po iteracji 0: IF  THEN class = {287.81} [-260.18, 835.79], (p=401, n=36, P=401, N=36)
2026-04-14 12:44:58,444 - INFO - *****STOP GROWING RR RULE*****
2026-04-14 12:44:58,444 - INFO - ***RR NOT FOUND***
2026-04-14 12:44:58,444 - INFO - *******STOP GROWING CR RULE*******
2026-04-14 12:44:58,445 - INFO - *******GROWING CR RULE*******
2026-04-14 12:44:58,492 - INFO - Iteracja 0: condition_best: inflation <= 4.65, quality_best: 0.434, coverage_best: (p=208, n=9, P=395, N=42)
2026-04-14 12:44:58,492 - INFO - Regula po iteracji 0: IF inflation <= 4.65 THEN class = {220.38} [-328.22, 768.98], (p=208, n=9, P=395, N=42)
2026-04-14 12:44:58,492 - INFO - *****GROWING RR RULE*****
2026-04-14 12:44:58,579 - INFO - Iteracja 0: condition_best: None, quality_best: -inf, coverage_best: (p=0, n=0, P=0, N=0), p_value: 0
2026-04-14 12:44:58,579 - INFO - Regula po iteracji 0: IF  THEN class = {287.81} [-260.18, 835.79], (p=401, n=36, P=401, N=36)
2026-04-14 12:44:58,579 - INFO - *****STOP GROWING RR RULE*****
2026-04-14 12:44:58,579 - INFO - ***RR NOT FOUND***
2026-04-14 12:44:58,604 - INFO - Iteracja 1: condition_best: representation <= 48.50, quality_best: 0.552, coverage_best: (p=160, n=3, P=399, N=38)
2026-04-14 12:44:58,604 - INFO - Regula po iteracji 1: IF inflation <= 4.65 AND representation <= 48.50 THEN class = {196.91} [-406.30, 800.13], (p=160, n=3, P=399, N=38)
2026-04-14 12:44:58,604 - INFO - *****GROWING RR RULE*****
2026-04-14 12:44:58,693 - INFO - Iteracja 0: condition_best: None, quality_best: -inf, coverage_best: (p=0, n=0, P=0, N=0), p_value: 0
2026-04-14 12:44:58,693 - INFO - Regula po iteracji 0: IF  THEN class = {287.81} [-260.18, 835.79], (p=401, n=36, P=401, N=36)
2026-04-14 12:44:58,693 - INFO - *****STOP GROWING RR RULE*****
2026-04-14 12:44:58,693 - INFO - ***RR NOT FOUND***
2026-04-14 12:44:58,713 - INFO - Iteracja 2: condition_best: unemployment <= 13.45, quality_best: 0.55, coverage_best: (p=159, n=3, P=399, N=38)
2026-04-14 12:44:58,713 - INFO - Regula po iteracji 2: IF inflation <= 4.65 AND representation <= 48.50 AND unemployment <= 13.45 THEN class = {198.09} [-406.80, 802.98], (p=159, n=3, P=399, N=38)
2026-04-14 12:44:58,714 - INFO - *****GROWING RR RULE*****
2026-04-14 12:44:58,802 - INFO - Iteracja 0: condition_best: None, quality_best: -inf, coverage_best: (p=0, n=0, P=0, N=0), p_value: 0
2026-04-14 12:44:58,802 - INFO - Regula po iteracji 0: IF  THEN class = {287.81} [-260.18, 835.79], (p=401, n=36, P=401, N=36)
2026-04-14 12:44:58,802 - INFO - *****STOP GROWING RR RULE*****
2026-04-14 12:44:58,802 - INFO - ***RR NOT FOUND***
2026-04-14 12:44:58,822 - INFO - Iteracja 3: condition_best: unemployment <= 12.65, quality_best: 0.548, coverage_best: (p=158, n=3, P=399, N=38)
2026-04-14 12:44:58,823 - INFO - Regula po iteracji 3: IF inflation <= 4.65 AND representation <= 48.50 AND unemployment <= 13.45 AND unemployment <= 12.65 THEN class = {199.20} [-407.39, 805.80], (p=158, n=3, P=399, N=38)
2026-04-14 12:44:58,823 - INFO - *****GROWING RR RULE*****
2026-04-14 12:44:58,911 - INFO - Iteracja 0: condition_best: None, quality_best: -inf, coverage_best: (p=0, n=0, P=0, N=0), p_value: 0
2026-04-14 12:44:58,912 - INFO - Regula po iteracji 0: IF  THEN class = {287.81} [-260.18, 835.79], (p=401, n=36, P=401, N=36)
2026-04-14 12:44:58,912 - INFO - *****STOP GROWING RR RULE*****
2026-04-14 12:44:58,912 - INFO - ***RR NOT FOUND***
2026-04-14 12:44:58,932 - INFO - Iteracja 4: condition_best: unemployment <= 11.85, quality_best: 0.542, coverage_best: (p=157, n=3, P=400, N=37)
2026-04-14 12:44:58,932 - INFO - Regula po iteracji 4: IF inflation <= 4.65 AND representation <= 48.50 AND unemployment <= 13.45 AND unemployment <= 12.65 AND unemployment <= 11.85 THEN class = {200.43} [-407.86, 808.72], (p=157, n=3, P=400, N=37)
2026-04-14 12:44:58,933 - INFO - *****GROWING RR RULE*****
2026-04-14 12:44:59,021 - INFO - Iteracja 0: condition_best: None, quality_best: -inf, coverage_best: (p=0, n=0, P=0, N=0), p_value: 0
2026-04-14 12:44:59,021 - INFO - Regula po iteracji 0: IF  THEN class = {287.81} [-260.18, 835.79], (p=401, n=36, P=401, N=36)
2026-04-14 12:44:59,021 - INFO - *****STOP GROWING RR RULE*****
2026-04-14 12:44:59,021 - INFO - ***RR NOT FOUND***
2026-04-14 12:44:59,021 - INFO - *******STOP GROWING CR RULE*******
2026-04-14 12:44:59,022 - INFO - *******GROWING CR RULE*******
2026-04-14 12:44:59,068 - INFO - Iteracja 0: condition_best: inflation <= 4.65, quality_best: 0.434, coverage_best: (p=208, n=9, P=395, N=42)
2026-04-14 12:44:59,069 - INFO - Regula po iteracji 0: IF inflation <= 4.65 THEN class = {220.38} [-328.22, 768.98], (p=208, n=9, P=395, N=42)
2026-04-14 12:44:59,069 - INFO - *****GROWING RR RULE*****
2026-04-14 12:44:59,156 - INFO - Iteracja 0: condition_best: None, quality_best: -inf, coverage_best: (p=0, n=0, P=0, N=0), p_value: 0
2026-04-14 12:44:59,156 - INFO - Regula po iteracji 0: IF  THEN class = {287.81} [-260.18, 835.79], (p=401, n=36, P=401, N=36)
2026-04-14 12:44:59,156 - INFO - *****STOP GROWING RR RULE*****
2026-04-14 12:44:59,156 - INFO - ***RR NOT FOUND***
2026-04-14 12:44:59,179 - INFO - Iteracja 1: condition_best: representation <= 52.50, quality_best: 0.54, coverage_best: (p=186, n=5, P=394, N=43)
2026-04-14 12:44:59,180 - INFO - Regula po iteracji 1: IF inflation <= 4.65 AND representation <= 52.50 THEN class = {194.35} [-373.93, 762.62], (p=186, n=5, P=394, N=43)
2026-04-14 12:44:59,180 - INFO - *****GROWING RR RULE*****
2026-04-14 12:44:59,269 - INFO - Iteracja 0: condition_best: None, quality_best: -inf, coverage_best: (p=0, n=0, P=0, N=0), p_value: 0
2026-04-14 12:44:59,269 - INFO - Regula po iteracji 0: IF  THEN class = {287.81} [-260.18, 835.79], (p=401, n=36, P=401, N=36)
2026-04-14 12:44:59,269 - INFO - *****STOP GROWING RR RULE*****
2026-04-14 12:44:59,269 - INFO - ***RR NOT FOUND***
2026-04-14 12:44:59,290 - INFO - Iteracja 2: condition_best: inflation >= -1.75, quality_best: 0.581, coverage_best: (p=185, n=4, P=393, N=44)
2026-04-14 12:44:59,290 - INFO - Regula po iteracji 2: IF inflation <= 4.65 AND representation <= 52.50 AND inflation >= -1.75 THEN class = {191.63} [-377.85, 761.11], (p=185, n=4, P=393, N=44)
2026-04-14 12:44:59,290 - INFO - *****GROWING RR RULE*****
2026-04-14 12:44:59,379 - INFO - Iteracja 0: condition_best: None, quality_best: -inf, coverage_best: (p=0, n=0, P=0, N=0), p_value: 0
2026-04-14 12:44:59,379 - INFO - Regula po iteracji 0: IF  THEN class = {287.81} [-260.18, 835.79], (p=401, n=36, P=401, N=36)
2026-04-14 12:44:59,379 - INFO - *****STOP GROWING RR RULE*****
2026-04-14 12:44:59,379 - INFO - ***RR NOT FOUND***
2026-04-14 12:44:59,400 - INFO - Iteracja 3: condition_best: inflation >= -1.30, quality_best: 0.575, coverage_best: (p=184, n=4, P=394, N=43)
2026-04-14 12:44:59,400 - INFO - Regula po iteracji 3: IF inflation <= 4.65 AND representation <= 52.50 AND inflation >= -1.75 AND inflation >= -1.30 THEN class = {192.54} [-378.31, 763.40], (p=184, n=4, P=394, N=43)
2026-04-14 12:44:59,401 - INFO - *****GROWING RR RULE*****
2026-04-14 12:44:59,490 - INFO - Iteracja 0: condition_best: None, quality_best: -inf, coverage_best: (p=0, n=0, P=0, N=0), p_value: 0
2026-04-14 12:44:59,490 - INFO - Regula po iteracji 0: IF  THEN class = {287.81} [-260.18, 835.79], (p=401, n=36, P=401, N=36)
2026-04-14 12:44:59,490 - INFO - *****STOP GROWING RR RULE*****
2026-04-14 12:44:59,490 - INFO - ***RR NOT FOUND***
2026-04-14 12:44:59,511 - INFO - Iteracja 4: condition_best: inflation >= -0.85, quality_best: 0.573, coverage_best: (p=183, n=4, P=394, N=43)
2026-04-14 12:44:59,512 - INFO - Regula po iteracji 4: IF inflation <= 4.65 AND representation <= 52.50 AND inflation >= -1.75 AND inflation >= -1.30 AND inflation >= -0.85 THEN class = {192.42} [-379.95, 764.80], (p=183, n=4, P=394, N=43)
2026-04-14 12:44:59,512 - INFO - *****GROWING RR RULE*****
2026-04-14 12:44:59,603 - INFO - Iteracja 0: condition_best: None, quality_best: -inf, coverage_best: (p=0, n=0, P=0, N=0), p_value: 0
2026-04-14 12:44:59,603 - INFO - Regula po iteracji 0: IF  THEN class = {287.81} [-260.18, 835.79], (p=401, n=36, P=401, N=36)
2026-04-14 12:44:59,603 - INFO - *****STOP GROWING RR RULE*****
2026-04-14 12:44:59,603 - INFO - ***RR NOT FOUND***
2026-04-14 12:44:59,603 - INFO - *******STOP GROWING CR RULE*******
2026-04-14 12:44:59,605 - INFO - *******GROWING CR RULE*******
2026-04-14 12:44:59,654 - INFO - Iteracja 0: condition_best: inflation <= 4.65, quality_best: 0.434, coverage_best: (p=208, n=9, P=395, N=42)
2026-04-14 12:44:59,655 - INFO - Regula po iteracji 0: IF inflation <= 4.65 THEN class = {220.38} [-328.22, 768.98], (p=208, n=9, P=395, N=42)
2026-04-14 12:44:59,655 - INFO - *****GROWING RR RULE*****
2026-04-14 12:44:59,743 - INFO - Iteracja 0: condition_best: None, quality_best: -inf, coverage_best: (p=0, n=0, P=0, N=0), p_value: 0
2026-04-14 12:44:59,743 - INFO - Regula po iteracji 0: IF  THEN class = {287.81} [-260.18, 835.79], (p=401, n=36, P=401, N=36)
2026-04-14 12:44:59,743 - INFO - *****STOP GROWING RR RULE*****
2026-04-14 12:44:59,743 - INFO - ***RR NOT FOUND***
2026-04-14 12:44:59,766 - INFO - Iteracja 1: condition_best: year >= 1,953.50, quality_best: 0.468, coverage_best: (p=197, n=7, P=397, N=40)
2026-04-14 12:44:59,766 - INFO - Regula po iteracji 1: IF inflation <= 4.65 AND year >= 1,953.50 THEN class = {219.63} [-339.10, 778.35], (p=197, n=7, P=397, N=40)
2026-04-14 12:44:59,767 - INFO - *****GROWING RR RULE*****
2026-04-14 12:44:59,855 - INFO - Iteracja 0: condition_best: None, quality_best: -inf, coverage_best: (p=0, n=0, P=0, N=0), p_value: 0
2026-04-14 12:44:59,855 - INFO - Regula po iteracji 0: IF  THEN class = {287.81} [-260.18, 835.79], (p=401, n=36, P=401, N=36)
2026-04-14 12:44:59,855 - INFO - *****STOP GROWING RR RULE*****
2026-04-14 12:44:59,855 - INFO - ***RR NOT FOUND***
2026-04-14 12:44:59,877 - INFO - Iteracja 2: condition_best: unemployment <= 5.55, quality_best: 0.508, coverage_best: (p=163, n=5, P=391, N=46)
2026-04-14 12:44:59,877 - INFO - Regula po iteracji 2: IF inflation <= 4.65 AND year >= 1,953.50 AND unemployment <= 5.55 THEN class = {183.94} [-381.24, 749.12], (p=163, n=5, P=391, N=46)
2026-04-14 12:44:59,878 - INFO - *****GROWING RR RULE*****
2026-04-14 12:44:59,977 - INFO - Iteracja 0: condition_best: None, quality_best: -inf, coverage_best: (p=0, n=0, P=0, N=0), p_value: 0
2026-04-14 12:44:59,977 - INFO - Regula po iteracji 0: IF  THEN class = {287.81} [-260.18, 835.79], (p=401, n=36, P=401, N=36)
2026-04-14 12:44:59,977 - INFO - *****STOP GROWING RR RULE*****
2026-04-14 12:44:59,977 - INFO - ***RR NOT FOUND***
2026-04-14 12:44:59,996 - INFO - Iteracja 3: condition_best: year >= 1,959.50, quality_best: 0.566, coverage_best: (p=112, n=1, P=403, N=34)
2026-04-14 12:44:59,996 - INFO - Regula po iteracji 3: IF inflation <= 4.65 AND year >= 1,953.50 AND unemployment <= 5.55 AND year >= 1,959.50 THEN class = {192.24} [-477.41, 861.89], (p=112, n=1, P=403, N=34)
2026-04-14 12:44:59,996 - INFO - *****GROWING RR RULE*****
2026-04-14 12:45:00,096 - INFO - Iteracja 0: condition_best: None, quality_best: -inf, coverage_best: (p=0, n=0, P=0, N=0), p_value: 0
2026-04-14 12:45:00,096 - INFO - Regula po iteracji 0: IF  THEN class = {287.81} [-260.18, 835.79], (p=401, n=36, P=401, N=36)
2026-04-14 12:45:00,096 - INFO - *****STOP GROWING RR RULE*****
2026-04-14 12:45:00,096 - INFO - ***RR NOT FOUND***
2026-04-14 12:45:00,112 - INFO - Iteracja 4: condition_best: inflation >= 0.45, quality_best: 0.565, coverage_best: (p=111, n=1, P=403, N=34)
2026-04-14 12:45:00,112 - INFO - Regula po iteracji 4: IF inflation <= 4.65 AND year >= 1,953.50 AND unemployment <= 5.55 AND year >= 1,959.50 AND inflation >= 0.45 THEN class = {193.94} [-478.45, 866.33], (p=111, n=1, P=403, N=34)
2026-04-14 12:45:00,113 - INFO - *****GROWING RR RULE*****
2026-04-14 12:45:00,213 - INFO - Iteracja 0: condition_best: None, quality_best: -inf, coverage_best: (p=0, n=0, P=0, N=0), p_value: 0
2026-04-14 12:45:00,213 - INFO - Regula po iteracji 0: IF  THEN class = {287.81} [-260.18, 835.79], (p=401, n=36, P=401, N=36)
2026-04-14 12:45:00,213 - INFO - *****STOP GROWING RR RULE*****
2026-04-14 12:45:00,213 - INFO - ***RR NOT FOUND***
2026-04-14 12:45:00,213 - INFO - *******STOP GROWING CR RULE*******
2026-04-14 12:45:00,214 - INFO - *******GROWING CR RULE*******
2026-04-14 12:45:00,261 - INFO - Iteracja 0: condition_best: country = {10}, quality_best: 0.416, coverage_best: (p=17, n=6, P=78, N=359)
2026-04-14 12:45:00,261 - INFO - Regula po iteracji 0: IF country = {10} THEN class = {987.17} [409.83, 1,564.51], (p=17, n=6, P=78, N=359)
2026-04-14 12:45:00,261 - INFO - *****GROWING RR RULE*****
2026-04-14 12:45:00,344 - INFO - Iteracja 0: condition_best: None, quality_best: -inf, coverage_best: (p=0, n=0, P=0, N=0), p_value: 0
2026-04-14 12:45:00,345 - INFO - Regula po iteracji 0: IF  THEN class = {287.81} [-260.18, 835.79], (p=401, n=36, P=401, N=36)
2026-04-14 12:45:00,345 - INFO - *****STOP GROWING RR RULE*****
2026-04-14 12:45:00,345 - INFO - ***RR NOT FOUND***
2026-04-14 12:45:00,352 - INFO - Iteracja 1: condition_best: representation <= 47.50, quality_best: 0.502, coverage_best: (p=17, n=2, P=103, N=334)
2026-04-14 12:45:00,352 - INFO - Regula po iteracji 1: IF country = {10} AND representation <= 47.50 THEN class = {935.79} [343.10, 1,528.48], (p=17, n=2, P=103, N=334)
2026-04-14 12:45:00,352 - INFO - *****GROWING RR RULE*****
2026-04-14 12:45:00,435 - INFO - Iteracja 0: condition_best: None, quality_best: -inf, coverage_best: (p=0, n=0, P=0, N=0), p_value: 0
2026-04-14 12:45:00,435 - INFO - Regula po iteracji 0: IF  THEN class = {287.81} [-260.18, 835.79], (p=401, n=36, P=401, N=36)
2026-04-14 12:45:00,435 - INFO - *****STOP GROWING RR RULE*****
2026-04-14 12:45:00,435 - INFO - ***RR NOT FOUND***
2026-04-14 12:45:00,440 - INFO - Iteracja 2: condition_best: unemployment >= 4.10, quality_best: 0.532, coverage_best: (p=16, n=1, P=104, N=333)
2026-04-14 12:45:00,441 - INFO - Regula po iteracji 2: IF country = {10} AND representation <= 47.50 AND unemployment >= 4.10 THEN class = {965.24} [349.16, 1,581.31], (p=16, n=1, P=104, N=333)
2026-04-14 12:45:00,441 - INFO - *****GROWING RR RULE*****
2026-04-14 12:45:00,523 - INFO - Iteracja 0: condition_best: None, quality_best: -inf, coverage_best: (p=0, n=0, P=0, N=0), p_value: 0
2026-04-14 12:45:00,524 - INFO - Regula po iteracji 0: IF  THEN class = {287.81} [-260.18, 835.79], (p=401, n=36, P=401, N=36)
2026-04-14 12:45:00,524 - INFO - *****STOP GROWING RR RULE*****
2026-04-14 12:45:00,524 - INFO - ***RR NOT FOUND***
2026-04-14 12:45:00,528 - INFO - Iteracja 3: condition_best: year <= 1,983.50, quality_best: 0.528, coverage_best: (p=15, n=1, P=100, N=337)
2026-04-14 12:45:00,528 - INFO - Regula po iteracji 3: IF country = {10} AND representation <= 47.50 AND unemployment >= 4.10 AND year <= 1,983.50 THEN class = {988.62} [360.95, 1,616.30], (p=15, n=1, P=100, N=337)
2026-04-14 12:45:00,529 - INFO - *****GROWING RR RULE*****
2026-04-14 12:45:00,611 - INFO - Iteracja 0: condition_best: None, quality_best: -inf, coverage_best: (p=0, n=0, P=0, N=0), p_value: 0
2026-04-14 12:45:00,611 - INFO - Regula po iteracji 0: IF  THEN class = {287.81} [-260.18, 835.79], (p=401, n=36, P=401, N=36)
2026-04-14 12:45:00,612 - INFO - *****STOP GROWING RR RULE*****
2026-04-14 12:45:00,612 - INFO - ***RR NOT FOUND***
2026-04-14 12:45:00,616 - INFO - Iteracja 4: condition_best: unemployment >= 4.75, quality_best: 0.515, coverage_best: (p=14, n=1, P=108, N=329)
2026-04-14 12:45:00,616 - INFO - Regula po iteracji 4: IF country = {10} AND representation <= 47.50 AND unemployment >= 4.10 AND year <= 1,983.50 AND unemployment >= 4.75 THEN class = {970.80} [326.47, 1,615.13], (p=14, n=1, P=108, N=329)
2026-04-14 12:45:00,617 - INFO - *****GROWING RR RULE*****
2026-04-14 12:45:00,700 - INFO - Iteracja 0: condition_best: None, quality_best: -inf, coverage_best: (p=0, n=0, P=0, N=0), p_value: 0
2026-04-14 12:45:00,700 - INFO - Regula po iteracji 0: IF  THEN class = {287.81} [-260.18, 835.79], (p=401, n=36, P=401, N=36)
2026-04-14 12:45:00,700 - INFO - *****STOP GROWING RR RULE*****
2026-04-14 12:45:00,700 - INFO - ***RR NOT FOUND***
2026-04-14 12:45:00,700 - INFO - *******STOP GROWING CR RULE*******
2026-04-14 12:45:00,701 - INFO - *******GROWING CR RULE*******
2026-04-14 12:45:00,747 - INFO - Iteracja 0: condition_best: country = {10}, quality_best: 0.416, coverage_best: (p=17, n=6, P=78, N=359)
2026-04-14 12:45:00,747 - INFO - Regula po iteracji 0: IF country = {10} THEN class = {987.17} [409.83, 1,564.51], (p=17, n=6, P=78, N=359)
2026-04-14 12:45:00,747 - INFO - *****GROWING RR RULE*****
2026-04-14 12:45:00,830 - INFO - Iteracja 0: condition_best: None, quality_best: -inf, coverage_best: (p=0, n=0, P=0, N=0), p_value: 0
2026-04-14 12:45:00,830 - INFO - Regula po iteracji 0: IF  THEN class = {287.81} [-260.18, 835.79], (p=401, n=36, P=401, N=36)
2026-04-14 12:45:00,830 - INFO - *****STOP GROWING RR RULE*****
2026-04-14 12:45:00,830 - INFO - ***RR NOT FOUND***
2026-04-14 12:45:00,836 - INFO - Iteracja 1: condition_best: year >= 1,967.50, quality_best: 0.493, coverage_best: (p=10, n=2, P=47, N=390)
2026-04-14 12:45:00,836 - INFO - Regula po iteracji 1: IF country = {10} AND year >= 1,967.50 THEN class = {1,294.75} [695.73, 1,893.77], (p=10, n=2, P=47, N=390)
2026-04-14 12:45:00,836 - INFO - *****GROWING RR RULE*****
2026-04-14 12:45:00,919 - INFO - Iteracja 0: condition_best: None, quality_best: -inf, coverage_best: (p=0, n=0, P=0, N=0), p_value: 0
2026-04-14 12:45:00,919 - INFO - Regula po iteracji 0: IF  THEN class = {287.81} [-260.18, 835.79], (p=401, n=36, P=401, N=36)
2026-04-14 12:45:00,919 - INFO - *****STOP GROWING RR RULE*****
2026-04-14 12:45:00,919 - INFO - ***RR NOT FOUND***
2026-04-14 12:45:00,922 - INFO - Iteracja 2: condition_best: unemployment >= 5.45, quality_best: 0.419, coverage_best: (p=7, n=2, P=56, N=381)
2026-04-14 12:45:00,923 - INFO - Regula po iteracji 2: IF country = {10} AND year >= 1,967.50 AND unemployment >= 5.45 THEN class = {1,276.89} [595.12, 1,958.66], (p=7, n=2, P=56, N=381)
2026-04-14 12:45:00,923 - INFO - *****GROWING RR RULE*****
2026-04-14 12:45:01,004 - INFO - Iteracja 0: condition_best: None, quality_best: -inf, coverage_best: (p=0, n=0, P=0, N=0), p_value: 0
2026-04-14 12:45:01,005 - INFO - Regula po iteracji 0: IF  THEN class = {287.81} [-260.18, 835.79], (p=401, n=36, P=401, N=36)
2026-04-14 12:45:01,005 - INFO - *****STOP GROWING RR RULE*****
2026-04-14 12:45:01,005 - INFO - ***RR NOT FOUND***
2026-04-14 12:45:01,008 - INFO - Iteracja 3: condition_best: year >= 1,968.50, quality_best: 0.402, coverage_best: (p=6, n=2, P=50, N=387)
2026-04-14 12:45:01,008 - INFO - Regula po iteracji 3: IF country = {10} AND year >= 1,967.50 AND unemployment >= 5.45 AND year >= 1,968.50 THEN class = {1,346.62} [654.43, 2,038.82], (p=6, n=2, P=50, N=387)
2026-04-14 12:45:01,008 - INFO - *****GROWING RR RULE*****
2026-04-14 12:45:01,090 - INFO - Iteracja 0: condition_best: None, quality_best: -inf, coverage_best: (p=0, n=0, P=0, N=0), p_value: 0
2026-04-14 12:45:01,090 - INFO - Regula po iteracji 0: IF  THEN class = {287.81} [-260.18, 835.79], (p=401, n=36, P=401, N=36)
2026-04-14 12:45:01,090 - INFO - *****STOP GROWING RR RULE*****
2026-04-14 12:45:01,090 - INFO - ***RR NOT FOUND***
2026-04-14 12:45:01,093 - INFO - Iteracja 4: condition_best: year >= 1,975.00, quality_best: 0.342, coverage_best: (p=4, n=2, P=45, N=392)
2026-04-14 12:45:01,093 - INFO - Regula po iteracji 4: IF country = {10} AND year >= 1,967.50 AND unemployment >= 5.45 AND year >= 1,968.50 AND year >= 1,975.00 THEN class = {1,076.83} [658.05, 1,495.62], (p=4, n=2, P=45, N=392)
2026-04-14 12:45:01,093 - INFO - *****GROWING RR RULE*****
2026-04-14 12:45:01,176 - INFO - Iteracja 0: condition_best: None, quality_best: -inf, coverage_best: (p=0, n=0, P=0, N=0), p_value: 0
2026-04-14 12:45:01,176 - INFO - Regula po iteracji 0: IF  THEN class = {287.81} [-260.18, 835.79], (p=401, n=36, P=401, N=36)
2026-04-14 12:45:01,176 - INFO - *****STOP GROWING RR RULE*****
2026-04-14 12:45:01,176 - INFO - ***RR NOT FOUND***
2026-04-14 12:45:01,176 - INFO - *******STOP GROWING CR RULE*******
2026-04-14 12:45:01,177 - INFO - *******GROWING CR RULE*******
2026-04-14 12:45:01,222 - INFO - Iteracja 0: condition_best: unemployment <= 4.75, quality_best: 0.402, coverage_best: (p=285, n=15, P=396, N=41)
2026-04-14 12:45:01,222 - INFO - Regula po iteracji 0: IF unemployment <= 4.75 THEN class = {211.90} [-353.76, 777.56], (p=285, n=15, P=396, N=41)
2026-04-14 12:45:01,222 - INFO - *****GROWING RR RULE*****
2026-04-14 12:45:01,308 - INFO - Iteracja 0: condition_best: None, quality_best: -inf, coverage_best: (p=0, n=0, P=0, N=0), p_value: 0
2026-04-14 12:45:01,308 - INFO - Regula po iteracji 0: IF  THEN class = {287.81} [-260.18, 835.79], (p=401, n=36, P=401, N=36)
2026-04-14 12:45:01,308 - INFO - *****STOP GROWING RR RULE*****
2026-04-14 12:45:01,308 - INFO - ***RR NOT FOUND***
2026-04-14 12:45:01,338 - INFO - Iteracja 1: condition_best: representation <= 50.50, quality_best: 0.448, coverage_best: (p=235, n=9, P=400, N=37)
2026-04-14 12:45:01,338 - INFO - Regula po iteracji 1: IF unemployment <= 4.75 AND representation <= 50.50 THEN class = {207.91} [-404.97, 820.79], (p=235, n=9, P=400, N=37)
2026-04-14 12:45:01,338 - INFO - *****GROWING RR RULE*****
2026-04-14 12:45:01,423 - INFO - Iteracja 0: condition_best: None, quality_best: -inf, coverage_best: (p=0, n=0, P=0, N=0), p_value: 0
2026-04-14 12:45:01,424 - INFO - Regula po iteracji 0: IF  THEN class = {287.81} [-260.18, 835.79], (p=401, n=36, P=401, N=36)
2026-04-14 12:45:01,424 - INFO - *****STOP GROWING RR RULE*****
2026-04-14 12:45:01,424 - INFO - ***RR NOT FOUND***
2026-04-14 12:45:01,450 - INFO - Iteracja 2: condition_best: inflation <= 23.65, quality_best: 0.446, coverage_best: (p=234, n=9, P=400, N=37)
2026-04-14 12:45:01,450 - INFO - Regula po iteracji 2: IF unemployment <= 4.75 AND representation <= 50.50 AND inflation <= 23.65 THEN class = {208.59} [-405.46, 822.64], (p=234, n=9, P=400, N=37)
2026-04-14 12:45:01,450 - INFO - *****GROWING RR RULE*****
2026-04-14 12:45:01,535 - INFO - Iteracja 0: condition_best: None, quality_best: -inf, coverage_best: (p=0, n=0, P=0, N=0), p_value: 0
2026-04-14 12:45:01,536 - INFO - Regula po iteracji 0: IF  THEN class = {287.81} [-260.18, 835.79], (p=401, n=36, P=401, N=36)
2026-04-14 12:45:01,536 - INFO - *****STOP GROWING RR RULE*****
2026-04-14 12:45:01,536 - INFO - ***RR NOT FOUND***
2026-04-14 12:45:01,562 - INFO - Iteracja 3: condition_best: inflation <= 18.80, quality_best: 0.444, coverage_best: (p=233, n=9, P=400, N=37)
2026-04-14 12:45:01,562 - INFO - Regula po iteracji 3: IF unemployment <= 4.75 AND representation <= 50.50 AND inflation <= 23.65 AND inflation <= 18.80 THEN class = {208.23} [-407.06, 823.52], (p=233, n=9, P=400, N=37)
2026-04-14 12:45:01,562 - INFO - *****GROWING RR RULE*****
2026-04-14 12:45:01,648 - INFO - Iteracja 0: condition_best: None, quality_best: -inf, coverage_best: (p=0, n=0, P=0, N=0), p_value: 0
2026-04-14 12:45:01,648 - INFO - Regula po iteracji 0: IF  THEN class = {287.81} [-260.18, 835.79], (p=401, n=36, P=401, N=36)
2026-04-14 12:45:01,648 - INFO - *****STOP GROWING RR RULE*****
2026-04-14 12:45:01,648 - INFO - ***RR NOT FOUND***
2026-04-14 12:45:01,675 - INFO - Iteracja 4: condition_best: inflation <= 17.75, quality_best: 0.442, coverage_best: (p=232, n=9, P=400, N=37)
2026-04-14 12:45:01,675 - INFO - Regula po iteracji 4: IF unemployment <= 4.75 AND representation <= 50.50 AND inflation <= 23.65 AND inflation <= 18.80 AND inflation <= 17.75 THEN class = {208.45} [-408.11, 825.00], (p=232, n=9, P=400, N=37)
2026-04-14 12:45:01,675 - INFO - *****GROWING RR RULE*****
2026-04-14 12:45:01,760 - INFO - Iteracja 0: condition_best: None, quality_best: -inf, coverage_best: (p=0, n=0, P=0, N=0), p_value: 0
2026-04-14 12:45:01,760 - INFO - Regula po iteracji 0: IF  THEN class = {287.81} [-260.18, 835.79], (p=401, n=36, P=401, N=36)
2026-04-14 12:45:01,760 - INFO - *****STOP GROWING RR RULE*****
2026-04-14 12:45:01,761 - INFO - ***RR NOT FOUND***
2026-04-14 12:45:01,761 - INFO - *******STOP GROWING CR RULE*******
2026-04-14 12:45:01,761 - INFO - *******GROWING CR RULE*******
2026-04-14 12:45:01,807 - INFO - Iteracja 0: condition_best: inflation <= 4.75, quality_best: 0.392, coverage_best: (p=209, n=10, P=396, N=41)
2026-04-14 12:45:01,807 - INFO - Regula po iteracji 0: IF inflation <= 4.75 THEN class = {224.14} [-324.85, 773.13], (p=209, n=10, P=396, N=41)
2026-04-14 12:45:01,807 - INFO - *****GROWING RR RULE*****
2026-04-14 12:45:01,895 - INFO - Iteracja 0: condition_best: None, quality_best: -inf, coverage_best: (p=0, n=0, P=0, N=0), p_value: 0
2026-04-14 12:45:01,895 - INFO - Regula po iteracji 0: IF  THEN class = {287.81} [-260.18, 835.79], (p=401, n=36, P=401, N=36)
2026-04-14 12:45:01,895 - INFO - *****STOP GROWING RR RULE*****
2026-04-14 12:45:01,895 - INFO - ***RR NOT FOUND***
2026-04-14 12:45:01,918 - INFO - Iteracja 1: condition_best: inflation >= -1.75, quality_best: 0.434, coverage_best: (p=208, n=9, P=395, N=42)
2026-04-14 12:45:01,918 - INFO - Regula po iteracji 1: IF inflation <= 4.75 AND inflation >= -1.75 THEN class = {222.05} [-327.97, 772.06], (p=208, n=9, P=395, N=42)
2026-04-14 12:45:01,919 - INFO - *****GROWING RR RULE*****
2026-04-14 12:45:02,006 - INFO - Iteracja 0: condition_best: None, quality_best: -inf, coverage_best: (p=0, n=0, P=0, N=0), p_value: 0
2026-04-14 12:45:02,006 - INFO - Regula po iteracji 0: IF  THEN class = {287.81} [-260.18, 835.79], (p=401, n=36, P=401, N=36)
2026-04-14 12:45:02,006 - INFO - *****STOP GROWING RR RULE*****
2026-04-14 12:45:02,006 - INFO - ***RR NOT FOUND***
2026-04-14 12:45:02,029 - INFO - Iteracja 2: condition_best: year >= 1,952.50, quality_best: 0.451, coverage_best: (p=203, n=8, P=396, N=41)
2026-04-14 12:45:02,029 - INFO - Regula po iteracji 2: IF inflation <= 4.75 AND inflation >= -1.75 AND year >= 1,952.50 THEN class = {220.63} [-332.39, 773.64], (p=203, n=8, P=396, N=41)
2026-04-14 12:45:02,030 - INFO - *****GROWING RR RULE*****
2026-04-14 12:45:02,117 - INFO - Iteracja 0: condition_best: None, quality_best: -inf, coverage_best: (p=0, n=0, P=0, N=0), p_value: 0
2026-04-14 12:45:02,118 - INFO - Regula po iteracji 0: IF  THEN class = {287.81} [-260.18, 835.79], (p=401, n=36, P=401, N=36)
2026-04-14 12:45:02,118 - INFO - *****STOP GROWING RR RULE*****
2026-04-14 12:45:02,118 - INFO - ***RR NOT FOUND***
2026-04-14 12:45:02,141 - INFO - Iteracja 3: condition_best: unemployment <= 13.45, quality_best: 0.448, coverage_best: (p=202, n=8, P=396, N=41)
2026-04-14 12:45:02,141 - INFO - Regula po iteracji 3: IF inflation <= 4.75 AND inflation >= -1.75 AND year >= 1,952.50 AND unemployment <= 13.45 THEN class = {221.65} [-332.48, 775.78], (p=202, n=8, P=396, N=41)
2026-04-14 12:45:02,142 - INFO - *****GROWING RR RULE*****
2026-04-14 12:45:02,229 - INFO - Iteracja 0: condition_best: None, quality_best: -inf, coverage_best: (p=0, n=0, P=0, N=0), p_value: 0
2026-04-14 12:45:02,229 - INFO - Regula po iteracji 0: IF  THEN class = {287.81} [-260.18, 835.79], (p=401, n=36, P=401, N=36)
2026-04-14 12:45:02,229 - INFO - *****STOP GROWING RR RULE*****
2026-04-14 12:45:02,229 - INFO - ***RR NOT FOUND***
2026-04-14 12:45:02,253 - INFO - Iteracja 4: condition_best: unemployment <= 12.00, quality_best: 0.446, coverage_best: (p=201, n=8, P=396, N=41)
2026-04-14 12:45:02,253 - INFO - Regula po iteracji 4: IF inflation <= 4.75 AND inflation >= -1.75 AND year >= 1,952.50 AND unemployment <= 13.45 AND unemployment <= 12.00 THEN class = {222.62} [-332.66, 777.90], (p=201, n=8, P=396, N=41)
2026-04-14 12:45:02,253 - INFO - *****GROWING RR RULE*****
2026-04-14 12:45:02,340 - INFO - Iteracja 0: condition_best: None, quality_best: -inf, coverage_best: (p=0, n=0, P=0, N=0), p_value: 0
2026-04-14 12:45:02,341 - INFO - Regula po iteracji 0: IF  THEN class = {287.81} [-260.18, 835.79], (p=401, n=36, P=401, N=36)
2026-04-14 12:45:02,341 - INFO - *****STOP GROWING RR RULE*****
2026-04-14 12:45:02,341 - INFO - ***RR NOT FOUND***
2026-04-14 12:45:02,341 - INFO - *******STOP GROWING CR RULE*******
2026-04-14 12:45:02,342 - INFO - *******GROWING CR RULE*******
2026-04-14 12:45:02,387 - INFO - Iteracja 0: condition_best: country = {18}, quality_best: 0.385, coverage_best: (p=19, n=5, P=150, N=287)
2026-04-14 12:45:02,387 - INFO - Regula po iteracji 0: IF country = {18} THEN class = {453.71} [156.79, 750.62], (p=19, n=5, P=150, N=287)
2026-04-14 12:45:02,387 - INFO - *****GROWING RR RULE*****
2026-04-14 12:45:02,489 - INFO - Iteracja 0: condition_best: None, quality_best: -inf, coverage_best: (p=0, n=0, P=0, N=0), p_value: 0
2026-04-14 12:45:02,489 - INFO - Regula po iteracji 0: IF  THEN class = {287.81} [-260.18, 835.79], (p=401, n=36, P=401, N=36)
2026-04-14 12:45:02,489 - INFO - *****STOP GROWING RR RULE*****
2026-04-14 12:45:02,489 - INFO - ***RR NOT FOUND***
2026-04-14 12:45:02,498 - INFO - Iteracja 1: condition_best: year <= 1,981.50, quality_best: 0.456, coverage_best: (p=18, n=3, P=127, N=310)
2026-04-14 12:45:02,498 - INFO - Regula po iteracji 1: IF country = {18} AND year <= 1,981.50 THEN class = {501.67} [215.39, 787.95], (p=18, n=3, P=127, N=310)
2026-04-14 12:45:02,499 - INFO - *****GROWING RR RULE*****
2026-04-14 12:45:02,585 - INFO - Iteracja 0: condition_best: None, quality_best: -inf, coverage_best: (p=0, n=0, P=0, N=0), p_value: 0
2026-04-14 12:45:02,585 - INFO - Regula po iteracji 0: IF  THEN class = {287.81} [-260.18, 835.79], (p=401, n=36, P=401, N=36)
2026-04-14 12:45:02,586 - INFO - *****STOP GROWING RR RULE*****
2026-04-14 12:45:02,586 - INFO - ***RR NOT FOUND***
2026-04-14 12:45:02,592 - INFO - Iteracja 2: condition_best: inflation >= 1.15, quality_best: 0.482, coverage_best: (p=16, n=2, P=117, N=320)
2026-04-14 12:45:02,592 - INFO - Regula po iteracji 2: IF country = {18} AND year <= 1,981.50 AND inflation >= 1.15 THEN class = {473.67} [222.94, 724.39], (p=16, n=2, P=117, N=320)
2026-04-14 12:45:02,593 - INFO - *****GROWING RR RULE*****
2026-04-14 12:45:02,682 - INFO - Iteracja 0: condition_best: None, quality_best: -inf, coverage_best: (p=0, n=0, P=0, N=0), p_value: 0
2026-04-14 12:45:02,682 - INFO - Regula po iteracji 0: IF  THEN class = {287.81} [-260.18, 835.79], (p=401, n=36, P=401, N=36)
2026-04-14 12:45:02,683 - INFO - *****STOP GROWING RR RULE*****
2026-04-14 12:45:02,683 - INFO - ***RR NOT FOUND***
2026-04-14 12:45:02,688 - INFO - Iteracja 3: condition_best: year <= 1,978.50, quality_best: 0.475, coverage_best: (p=14, n=2, P=103, N=334)
2026-04-14 12:45:02,688 - INFO - Regula po iteracji 3: IF country = {18} AND year <= 1,981.50 AND inflation >= 1.15 AND year <= 1,978.50 THEN class = {504.12} [254.38, 753.87], (p=14, n=2, P=103, N=334)
2026-04-14 12:45:02,689 - INFO - *****GROWING RR RULE*****
2026-04-14 12:45:02,775 - INFO - Iteracja 0: condition_best: None, quality_best: -inf, coverage_best: (p=0, n=0, P=0, N=0), p_value: 0
2026-04-14 12:45:02,775 - INFO - Regula po iteracji 0: IF  THEN class = {287.81} [-260.18, 835.79], (p=401, n=36, P=401, N=36)
2026-04-14 12:45:02,776 - INFO - *****STOP GROWING RR RULE*****
2026-04-14 12:45:02,776 - INFO - ***RR NOT FOUND***
2026-04-14 12:45:02,781 - INFO - Iteracja 4: condition_best: unemployment >= 3.60, quality_best: 0.51, coverage_best: (p=12, n=1, P=92, N=345)
2026-04-14 12:45:02,781 - INFO - Regula po iteracji 4: IF country = {18} AND year <= 1,981.50 AND inflation >= 1.15 AND year <= 1,978.50 AND unemployment >= 3.60 THEN class = {437.46} [257.64, 617.29], (p=12, n=1, P=92, N=345)
2026-04-14 12:45:02,782 - INFO - *****GROWING RR RULE*****
2026-04-14 12:45:02,866 - INFO - Iteracja 0: condition_best: None, quality_best: -inf, coverage_best: (p=0, n=0, P=0, N=0), p_value: 0
2026-04-14 12:45:02,866 - INFO - Regula po iteracji 0: IF  THEN class = {287.81} [-260.18, 835.79], (p=401, n=36, P=401, N=36)
2026-04-14 12:45:02,866 - INFO - *****STOP GROWING RR RULE*****
2026-04-14 12:45:02,867 - INFO - ***RR NOT FOUND***
2026-04-14 12:45:02,867 - INFO - *******STOP GROWING CR RULE*******
2026-04-14 12:45:02,867 - INFO - *******GROWING CR RULE*******
2026-04-14 12:45:02,913 - INFO - Iteracja 0: condition_best: unemployment <= 5.25, quality_best: 0.37, coverage_best: (p=297, n=17, P=396, N=41)
2026-04-14 12:45:02,913 - INFO - Regula po iteracji 0: IF unemployment <= 5.25 THEN class = {217.54} [-341.16, 776.23], (p=297, n=17, P=396, N=41)
2026-04-14 12:45:02,913 - INFO - *****GROWING RR RULE*****
2026-04-14 12:45:03,002 - INFO - Iteracja 0: condition_best: None, quality_best: -inf, coverage_best: (p=0, n=0, P=0, N=0), p_value: 0
2026-04-14 12:45:03,025 - INFO - Regula po iteracji 0: IF  THEN class = {287.81} [-260.18, 835.79], (p=401, n=36, P=401, N=36)
2026-04-14 12:45:03,025 - INFO - *****STOP GROWING RR RULE*****
2026-04-14 12:45:03,025 - INFO - ***RR NOT FOUND***
2026-04-14 12:45:03,058 - INFO - Iteracja 1: condition_best: representation <= 50.50, quality_best: 0.433, coverage_best: (p=245, n=10, P=400, N=37)
2026-04-14 12:45:03,058 - INFO - Regula po iteracji 1: IF unemployment <= 5.25 AND representation <= 50.50 THEN class = {211.63} [-392.68, 815.94], (p=245, n=10, P=400, N=37)
2026-04-14 12:45:03,058 - INFO - *****GROWING RR RULE*****
2026-04-14 12:45:03,147 - INFO - Iteracja 0: condition_best: None, quality_best: -inf, coverage_best: (p=0, n=0, P=0, N=0), p_value: 0
2026-04-14 12:45:03,147 - INFO - Regula po iteracji 0: IF  THEN class = {287.81} [-260.18, 835.79], (p=401, n=36, P=401, N=36)
2026-04-14 12:45:03,147 - INFO - *****STOP GROWING RR RULE*****
2026-04-14 12:45:03,147 - INFO - ***RR NOT FOUND***
2026-04-14 12:45:03,175 - INFO - Iteracja 2: condition_best: inflation <= 23.65, quality_best: 0.431, coverage_best: (p=244, n=10, P=400, N=37)
2026-04-14 12:45:03,175 - INFO - Regula po iteracji 2: IF unemployment <= 5.25 AND representation <= 50.50 AND inflation <= 23.65 THEN class = {212.30} [-393.11, 817.70], (p=244, n=10, P=400, N=37)
2026-04-14 12:45:03,175 - INFO - *****GROWING RR RULE*****
2026-04-14 12:45:03,264 - INFO - Iteracja 0: condition_best: None, quality_best: -inf, coverage_best: (p=0, n=0, P=0, N=0), p_value: 0
2026-04-14 12:45:03,264 - INFO - Regula po iteracji 0: IF  THEN class = {287.81} [-260.18, 835.79], (p=401, n=36, P=401, N=36)
2026-04-14 12:45:03,265 - INFO - *****STOP GROWING RR RULE*****
2026-04-14 12:45:03,265 - INFO - ***RR NOT FOUND***
2026-04-14 12:45:03,292 - INFO - Iteracja 3: condition_best: year >= 1,952.50, quality_best: 0.429, coverage_best: (p=231, n=9, P=401, N=36)
2026-04-14 12:45:03,292 - INFO - Regula po iteracji 3: IF unemployment <= 5.25 AND representation <= 50.50 AND inflation <= 23.65 AND year >= 1,952.50 THEN class = {210.02} [-409.32, 829.36], (p=231, n=9, P=401, N=36)
2026-04-14 12:45:03,293 - INFO - *****GROWING RR RULE*****
2026-04-14 12:45:03,382 - INFO - Iteracja 0: condition_best: None, quality_best: -inf, coverage_best: (p=0, n=0, P=0, N=0), p_value: 0
2026-04-14 12:45:03,382 - INFO - Regula po iteracji 0: IF  THEN class = {287.81} [-260.18, 835.79], (p=401, n=36, P=401, N=36)
2026-04-14 12:45:03,382 - INFO - *****STOP GROWING RR RULE*****
2026-04-14 12:45:03,382 - INFO - ***RR NOT FOUND***
2026-04-14 12:45:03,408 - INFO - Iteracja 4: condition_best: inflation <= 17.40, quality_best: 0.427, coverage_best: (p=230, n=9, P=401, N=36)
2026-04-14 12:45:03,408 - INFO - Regula po iteracji 4: IF unemployment <= 5.25 AND representation <= 50.50 AND inflation <= 23.65 AND year >= 1,952.50 AND inflation <= 17.40 THEN class = {210.25} [-410.38, 830.87], (p=230, n=9, P=401, N=36)
2026-04-14 12:45:03,409 - INFO - *****GROWING RR RULE*****
2026-04-14 12:45:03,498 - INFO - Iteracja 0: condition_best: None, quality_best: -inf, coverage_best: (p=0, n=0, P=0, N=0), p_value: 0
2026-04-14 12:45:03,498 - INFO - Regula po iteracji 0: IF  THEN class = {287.81} [-260.18, 835.79], (p=401, n=36, P=401, N=36)
2026-04-14 12:45:03,498 - INFO - *****STOP GROWING RR RULE*****
2026-04-14 12:45:03,498 - INFO - ***RR NOT FOUND***
2026-04-14 12:45:03,498 - INFO - *******STOP GROWING CR RULE*******
2026-04-14 12:45:03,499 - INFO - *******GROWING CR RULE*******
2026-04-14 12:45:03,544 - INFO - Iteracja 0: condition_best: inflation >= 11.85, quality_best: 0.35, coverage_best: (p=31, n=7, P=227, N=210)
2026-04-14 12:45:03,544 - INFO - Regula po iteracji 0: IF inflation >= 11.85 THEN class = {521.50} [77.85, 965.15], (p=31, n=7, P=227, N=210)
2026-04-14 12:45:03,544 - INFO - *****GROWING RR RULE*****
2026-04-14 12:45:03,629 - INFO - Iteracja 0: condition_best: unemployment >= 7.05, quality_best: -0.551, coverage_best: (p=55, n=11, P=400, N=37), p_value: 9
2026-04-14 12:45:03,629 - INFO - Regula po iteracji 0: IF unemployment >= 7.05 THEN class = {287.81} [-260.18, 835.79], (p=55, n=11, P=400, N=37)
2026-04-14 12:45:03,657 - INFO - Iteracja 1: condition_best: None, quality_best: -inf, coverage_best: (p=0, n=0, P=0, N=0), p_value: 9
2026-04-14 12:45:03,657 - INFO - Regula po iteracji 1: IF unemployment >= 7.05 THEN class = {396.53} [-23.86, 816.92], (p=55, n=11, P=400, N=37)
2026-04-14 12:45:03,657 - INFO - *****STOP GROWING RR RULE*****
2026-04-14 12:45:03,657 - INFO - ***RR FOUND***
2026-04-14 12:45:03,657 - INFO - Reference rule: IF unemployment >= 7.05 THEN class = {396.53} [-23.86, 816.92]
2026-04-14 12:45:03,657 - INFO - ***CHECKING EXCEPTION***
2026-04-14 12:45:03,659 - INFO - *******STOP GROWING CR RULE*******
2026-04-14 12:45:03,660 - INFO - *******GROWING CR RULE*******
2026-04-14 12:45:03,705 - INFO - Iteracja 0: condition_best: country = {4}, quality_best: 0.329, coverage_best: (p=18, n=9, P=105, N=332)
2026-04-14 12:45:03,705 - INFO - Regula po iteracji 0: IF country = {4} THEN class = {632.63} [295.69, 969.57], (p=18, n=9, P=105, N=332)
2026-04-14 12:45:03,705 - INFO - *****GROWING RR RULE*****
2026-04-14 12:45:03,787 - INFO - Iteracja 0: condition_best: None, quality_best: -inf, coverage_best: (p=0, n=0, P=0, N=0), p_value: 0
2026-04-14 12:45:03,787 - INFO - Regula po iteracji 0: IF  THEN class = {287.81} [-260.18, 835.79], (p=401, n=36, P=401, N=36)
2026-04-14 12:45:03,788 - INFO - *****STOP GROWING RR RULE*****
2026-04-14 12:45:03,788 - INFO - ***RR NOT FOUND***
2026-04-14 12:45:03,797 - INFO - Iteracja 1: condition_best: inflation <= 9.65, quality_best: 0.44, coverage_best: (p=18, n=4, P=110, N=327)
2026-04-14 12:45:03,797 - INFO - Regula po iteracji 1: IF country = {4} AND inflation <= 9.65 THEN class = {572.32} [271.72, 872.92], (p=18, n=4, P=110, N=327)
2026-04-14 12:45:03,797 - INFO - *****GROWING RR RULE*****
2026-04-14 12:45:03,880 - INFO - Iteracja 0: condition_best: None, quality_best: -inf, coverage_best: (p=0, n=0, P=0, N=0), p_value: 0
2026-04-14 12:45:03,880 - INFO - Regula po iteracji 0: IF  THEN class = {287.81} [-260.18, 835.79], (p=401, n=36, P=401, N=36)
2026-04-14 12:45:03,880 - INFO - *****STOP GROWING RR RULE*****
2026-04-14 12:45:03,880 - INFO - ***RR NOT FOUND***
2026-04-14 12:45:03,887 - INFO - Iteracja 2: condition_best: unemployment <= 10.80, quality_best: 0.431, coverage_best: (p=17, n=4, P=109, N=328)
2026-04-14 12:45:03,887 - INFO - Regula po iteracji 2: IF country = {4} AND inflation <= 9.65 AND unemployment <= 10.80 THEN class = {580.86} [275.80, 885.92], (p=17, n=4, P=109, N=328)
2026-04-14 12:45:03,887 - INFO - *****GROWING RR RULE*****
2026-04-14 12:45:03,970 - INFO - Iteracja 0: condition_best: None, quality_best: -inf, coverage_best: (p=0, n=0, P=0, N=0), p_value: 0
2026-04-14 12:45:03,970 - INFO - Regula po iteracji 0: IF  THEN class = {287.81} [-260.18, 835.79], (p=401, n=36, P=401, N=36)
2026-04-14 12:45:03,970 - INFO - *****STOP GROWING RR RULE*****
2026-04-14 12:45:03,970 - INFO - ***RR NOT FOUND***
2026-04-14 12:45:03,977 - INFO - Iteracja 3: condition_best: inflation <= 9.00, quality_best: 0.418, coverage_best: (p=16, n=4, P=112, N=325)
2026-04-14 12:45:03,977 - INFO - Regula po iteracji 3: IF country = {4} AND inflation <= 9.65 AND unemployment <= 10.80 AND inflation <= 9.00 THEN class = {567.85} [260.99, 874.71], (p=16, n=4, P=112, N=325)
2026-04-14 12:45:03,977 - INFO - *****GROWING RR RULE*****
2026-04-14 12:45:04,060 - INFO - Iteracja 0: condition_best: None, quality_best: -inf, coverage_best: (p=0, n=0, P=0, N=0), p_value: 0
2026-04-14 12:45:04,060 - INFO - Regula po iteracji 0: IF  THEN class = {287.81} [-260.18, 835.79], (p=401, n=36, P=401, N=36)
2026-04-14 12:45:04,060 - INFO - *****STOP GROWING RR RULE*****
2026-04-14 12:45:04,060 - INFO - ***RR NOT FOUND***
2026-04-14 12:45:04,067 - INFO - Iteracja 4: condition_best: year <= 1,981.50, quality_best: 0.407, coverage_best: (p=15, n=4, P=111, N=326)
2026-04-14 12:45:04,067 - INFO - Regula po iteracji 4: IF country = {4} AND inflation <= 9.65 AND unemployment <= 10.80 AND inflation <= 9.00 AND year <= 1,981.50 THEN class = {581.16} [272.01, 890.31], (p=15, n=4, P=111, N=326)
2026-04-14 12:45:04,067 - INFO - *****GROWING RR RULE*****
2026-04-14 12:45:04,150 - INFO - Iteracja 0: condition_best: None, quality_best: -inf, coverage_best: (p=0, n=0, P=0, N=0), p_value: 0
2026-04-14 12:45:04,150 - INFO - Regula po iteracji 0: IF  THEN class = {287.81} [-260.18, 835.79], (p=401, n=36, P=401, N=36)
2026-04-14 12:45:04,150 - INFO - *****STOP GROWING RR RULE*****
2026-04-14 12:45:04,150 - INFO - ***RR NOT FOUND***
2026-04-14 12:45:04,150 - INFO - *******STOP GROWING CR RULE*******
2026-04-14 12:45:04,151 - INFO - *******GROWING CR RULE*******
2026-04-14 12:45:04,196 - INFO - Iteracja 0: condition_best: country = {9}, quality_best: 0.327, coverage_best: (p=18, n=6, P=170, N=267)
2026-04-14 12:45:04,196 - INFO - Regula po iteracji 0: IF country = {9} THEN class = {575.38} [156.80, 993.95], (p=18, n=6, P=170, N=267)
2026-04-14 12:45:04,196 - INFO - *****GROWING RR RULE*****
2026-04-14 12:45:04,279 - INFO - Iteracja 0: condition_best: None, quality_best: -inf, coverage_best: (p=0, n=0, P=0, N=0), p_value: 0
2026-04-14 12:45:04,279 - INFO - Regula po iteracji 0: IF  THEN class = {287.81} [-260.18, 835.79], (p=401, n=36, P=401, N=36)
2026-04-14 12:45:04,279 - INFO - *****STOP GROWING RR RULE*****
2026-04-14 12:45:04,279 - INFO - ***RR NOT FOUND***
2026-04-14 12:45:04,287 - INFO - Iteracja 1: condition_best: unemployment >= 6.15, quality_best: 0.455, coverage_best: (p=14, n=1, P=231, N=206)
2026-04-14 12:45:04,287 - INFO - Regula po iteracji 1: IF country = {9} AND unemployment >= 6.15 THEN class = {479.40} [66.81, 891.99], (p=14, n=1, P=231, N=206)
2026-04-14 12:45:04,287 - INFO - *****GROWING RR RULE*****
2026-04-14 12:45:04,394 - INFO - Iteracja 0: condition_best: None, quality_best: -inf, coverage_best: (p=0, n=0, P=0, N=0), p_value: 0
2026-04-14 12:45:04,394 - INFO - Regula po iteracji 0: IF  THEN class = {287.81} [-260.18, 835.79], (p=401, n=36, P=401, N=36)
2026-04-14 12:45:04,394 - INFO - *****STOP GROWING RR RULE*****
2026-04-14 12:45:04,394 - INFO - ***RR NOT FOUND***
2026-04-14 12:45:04,399 - INFO - Iteracja 2: condition_best: inflation >= 5.20, quality_best: 0.453, coverage_best: (p=8, n=1, P=118, N=319)
2026-04-14 12:45:04,399 - INFO - Regula po iteracji 2: IF country = {9} AND unemployment >= 6.15 AND inflation >= 5.20 THEN class = {689.44} [279.22, 1,099.67], (p=8, n=1, P=118, N=319)
2026-04-14 12:45:04,399 - INFO - *****GROWING RR RULE*****
2026-04-14 12:45:04,508 - INFO - Iteracja 0: condition_best: None, quality_best: -inf, coverage_best: (p=0, n=0, P=0, N=0), p_value: 0
2026-04-14 12:45:04,508 - INFO - Regula po iteracji 0: IF  THEN class = {287.81} [-260.18, 835.79], (p=401, n=36, P=401, N=36)
2026-04-14 12:45:04,508 - INFO - *****STOP GROWING RR RULE*****
2026-04-14 12:45:04,508 - INFO - ***RR NOT FOUND***
2026-04-14 12:45:04,512 - INFO - Iteracja 3: condition_best: unemployment >= 6.65, quality_best: 0.451, coverage_best: (p=7, n=1, P=95, N=342)
2026-04-14 12:45:04,512 - INFO - Regula po iteracji 3: IF country = {9} AND unemployment >= 6.15 AND inflation >= 5.20 AND unemployment >= 6.65 THEN class = {740.12} [332.44, 1,147.81], (p=7, n=1, P=95, N=342)
2026-04-14 12:45:04,512 - INFO - *****GROWING RR RULE*****
2026-04-14 12:45:04,594 - INFO - Iteracja 0: condition_best: None, quality_best: -inf, coverage_best: (p=0, n=0, P=0, N=0), p_value: 0
2026-04-14 12:45:04,594 - INFO - Regula po iteracji 0: IF  THEN class = {287.81} [-260.18, 835.79], (p=401, n=36, P=401, N=36)
2026-04-14 12:45:04,594 - INFO - *****STOP GROWING RR RULE*****
2026-04-14 12:45:04,594 - INFO - ***RR NOT FOUND***
2026-04-14 12:45:04,597 - INFO - Iteracja 4: condition_best: year <= 1,984.50, quality_best: 0.435, coverage_best: (p=6, n=1, P=94, N=343)
2026-04-14 12:45:04,597 - INFO - Regula po iteracji 4: IF country = {9} AND unemployment >= 6.15 AND inflation >= 5.20 AND unemployment >= 6.65 AND year <= 1,984.50 THEN class = {771.43} [344.68, 1,198.17], (p=6, n=1, P=94, N=343)
2026-04-14 12:45:04,598 - INFO - *****GROWING RR RULE*****
2026-04-14 12:45:04,680 - INFO - Iteracja 0: condition_best: None, quality_best: -inf, coverage_best: (p=0, n=0, P=0, N=0), p_value: 0
2026-04-14 12:45:04,680 - INFO - Regula po iteracji 0: IF  THEN class = {287.81} [-260.18, 835.79], (p=401, n=36, P=401, N=36)
2026-04-14 12:45:04,680 - INFO - *****STOP GROWING RR RULE*****
2026-04-14 12:45:04,680 - INFO - ***RR NOT FOUND***
2026-04-14 12:45:04,680 - INFO - *******STOP GROWING CR RULE*******
2026-04-14 12:45:04,681 - INFO - *******GROWING CR RULE*******
2026-04-14 12:45:04,725 - INFO - Iteracja 0: condition_best: country = {9}, quality_best: 0.327, coverage_best: (p=18, n=6, P=170, N=267)
2026-04-14 12:45:04,725 - INFO - Regula po iteracji 0: IF country = {9} THEN class = {575.38} [156.80, 993.95], (p=18, n=6, P=170, N=267)
2026-04-14 12:45:04,726 - INFO - *****GROWING RR RULE*****
2026-04-14 12:45:04,808 - INFO - Iteracja 0: condition_best: None, quality_best: -inf, coverage_best: (p=0, n=0, P=0, N=0), p_value: 0
2026-04-14 12:45:04,808 - INFO - Regula po iteracji 0: IF  THEN class = {287.81} [-260.18, 835.79], (p=401, n=36, P=401, N=36)
2026-04-14 12:45:04,808 - INFO - *****STOP GROWING RR RULE*****
2026-04-14 12:45:04,808 - INFO - ***RR NOT FOUND***
2026-04-14 12:45:04,815 - INFO - Iteracja 1: condition_best: year >= 1,969.50, quality_best: 0.387, coverage_best: (p=9, n=2, P=145, N=292)
2026-04-14 12:45:04,815 - INFO - Regula po iteracji 1: IF country = {9} AND year >= 1,969.50 THEN class = {678.27} [222.83, 1,133.72], (p=9, n=2, P=145, N=292)
2026-04-14 12:45:04,816 - INFO - *****GROWING RR RULE*****
2026-04-14 12:45:04,900 - INFO - Iteracja 0: condition_best: None, quality_best: -inf, coverage_best: (p=0, n=0, P=0, N=0), p_value: 0
2026-04-14 12:45:04,900 - INFO - Regula po iteracji 0: IF  THEN class = {287.81} [-260.18, 835.79], (p=401, n=36, P=401, N=36)
2026-04-14 12:45:04,900 - INFO - *****STOP GROWING RR RULE*****
2026-04-14 12:45:04,900 - INFO - ***RR NOT FOUND***
2026-04-14 12:45:04,904 - INFO - Iteracja 2: condition_best: inflation <= 12.30, quality_best: 0.429, coverage_best: (p=7, n=1, P=139, N=298)
2026-04-14 12:45:04,904 - INFO - Regula po iteracji 2: IF country = {9} AND year >= 1,969.50 AND inflation <= 12.30 THEN class = {560.62} [209.55, 911.70], (p=7, n=1, P=139, N=298)
2026-04-14 12:45:04,905 - INFO - *****GROWING RR RULE*****
2026-04-14 12:45:04,989 - INFO - Iteracja 0: condition_best: None, quality_best: -inf, coverage_best: (p=0, n=0, P=0, N=0), p_value: 0
2026-04-14 12:45:04,989 - INFO - Regula po iteracji 0: IF  THEN class = {287.81} [-260.18, 835.79], (p=401, n=36, P=401, N=36)
2026-04-14 12:45:04,989 - INFO - *****STOP GROWING RR RULE*****
2026-04-14 12:45:04,989 - INFO - ***RR NOT FOUND***
2026-04-14 12:45:04,991 - INFO - Iteracja 3: condition_best: None, quality_best: -inf, coverage_best: (p=0, n=0, P=0, N=0)
2026-04-14 12:45:04,992 - INFO - Regula po iteracji 3: IF country = {9} AND year >= 1,969.50 AND inflation <= 12.30 THEN class = {560.62} [209.55, 911.70], (p=7, n=1, P=139, N=298)
2026-04-14 12:45:04,992 - INFO - *******STOP GROWING CR RULE*******
2026-04-14 12:45:04,992 - INFO - *******GROWING CR RULE*******
2026-04-14 12:45:05,036 - INFO - Iteracja 0: condition_best: representation >= 54.50, quality_best: 0.305, coverage_best: (p=33, n=13, P=182, N=255)
2026-04-14 12:45:05,036 - INFO - Regula po iteracji 0: IF representation >= 54.50 THEN class = {470.07} [121.07, 819.06], (p=33, n=13, P=182, N=255)
2026-04-14 12:45:05,037 - INFO - *****GROWING RR RULE*****
2026-04-14 12:45:05,119 - INFO - Iteracja 0: condition_best: None, quality_best: -inf, coverage_best: (p=0, n=0, P=0, N=0), p_value: 0
2026-04-14 12:45:05,119 - INFO - Regula po iteracji 0: IF  THEN class = {287.81} [-260.18, 835.79], (p=401, n=36, P=401, N=36)
2026-04-14 12:45:05,119 - INFO - *****STOP GROWING RR RULE*****
2026-04-14 12:45:05,120 - INFO - ***RR NOT FOUND***
2026-04-14 12:45:05,132 - INFO - Iteracja 1: condition_best: representation <= 62.50, quality_best: 0.36, coverage_best: (p=20, n=5, P=187, N=250)
2026-04-14 12:45:05,132 - INFO - Regula po iteracji 1: IF representation >= 54.50 AND representation <= 62.50 THEN class = {486.92} [117.35, 856.49], (p=20, n=5, P=187, N=250)
2026-04-14 12:45:05,133 - INFO - *****GROWING RR RULE*****
2026-04-14 12:45:05,214 - INFO - Iteracja 0: condition_best: None, quality_best: -inf, coverage_best: (p=0, n=0, P=0, N=0), p_value: 0
2026-04-14 12:45:05,215 - INFO - Regula po iteracji 0: IF  THEN class = {287.81} [-260.18, 835.79], (p=401, n=36, P=401, N=36)
2026-04-14 12:45:05,215 - INFO - *****STOP GROWING RR RULE*****
2026-04-14 12:45:05,215 - INFO - ***RR NOT FOUND***
2026-04-14 12:45:05,222 - INFO - Iteracja 2: condition_best: year >= 1,974.50, quality_best: 0.406, coverage_best: (p=12, n=2, P=176, N=261)
2026-04-14 12:45:05,222 - INFO - Regula po iteracji 2: IF representation >= 54.50 AND representation <= 62.50 AND year >= 1,974.50 THEN class = {505.57} [131.07, 880.08], (p=12, n=2, P=176, N=261)
2026-04-14 12:45:05,222 - INFO - *****GROWING RR RULE*****
2026-04-14 12:45:05,304 - INFO - Iteracja 0: condition_best: None, quality_best: -inf, coverage_best: (p=0, n=0, P=0, N=0), p_value: 0
2026-04-14 12:45:05,305 - INFO - Regula po iteracji 0: IF  THEN class = {287.81} [-260.18, 835.79], (p=401, n=36, P=401, N=36)
2026-04-14 12:45:05,305 - INFO - *****STOP GROWING RR RULE*****
2026-04-14 12:45:05,305 - INFO - ***RR NOT FOUND***
2026-04-14 12:45:05,309 - INFO - Iteracja 3: condition_best: inflation >= 4.85, quality_best: 0.4, coverage_best: (p=11, n=2, P=168, N=269)
2026-04-14 12:45:05,309 - INFO - Regula po iteracji 3: IF representation >= 54.50 AND representation <= 62.50 AND year >= 1,974.50 AND inflation >= 4.85 THEN class = {525.92} [144.81, 907.03], (p=11, n=2, P=168, N=269)
2026-04-14 12:45:05,309 - INFO - *****GROWING RR RULE*****
2026-04-14 12:45:05,391 - INFO - Iteracja 0: condition_best: None, quality_best: -inf, coverage_best: (p=0, n=0, P=0, N=0), p_value: 0
2026-04-14 12:45:05,392 - INFO - Regula po iteracji 0: IF  THEN class = {287.81} [-260.18, 835.79], (p=401, n=36, P=401, N=36)
2026-04-14 12:45:05,392 - INFO - *****STOP GROWING RR RULE*****
2026-04-14 12:45:05,392 - INFO - ***RR NOT FOUND***
2026-04-14 12:45:05,396 - INFO - Iteracja 4: condition_best: inflation >= 5.95, quality_best: 0.387, coverage_best: (p=10, n=2, P=167, N=270)
2026-04-14 12:45:05,396 - INFO - Regula po iteracji 4: IF representation >= 54.50 AND representation <= 62.50 AND year >= 1,974.50 AND inflation >= 4.85 AND inflation >= 5.95 THEN class = {544.92} [154.20, 935.63], (p=10, n=2, P=167, N=270)
2026-04-14 12:45:05,396 - INFO - *****GROWING RR RULE*****
2026-04-14 12:45:05,480 - INFO - Iteracja 0: condition_best: None, quality_best: -inf, coverage_best: (p=0, n=0, P=0, N=0), p_value: 0
2026-04-14 12:45:05,480 - INFO - Regula po iteracji 0: IF  THEN class = {287.81} [-260.18, 835.79], (p=401, n=36, P=401, N=36)
2026-04-14 12:45:05,480 - INFO - *****STOP GROWING RR RULE*****
2026-04-14 12:45:05,480 - INFO - ***RR NOT FOUND***
2026-04-14 12:45:05,480 - INFO - *******STOP GROWING CR RULE*******
2026-04-14 12:45:05,481 - INFO - *******GROWING CR RULE*******
2026-04-14 12:45:05,525 - INFO - Iteracja 0: condition_best: representation >= 54.50, quality_best: 0.305, coverage_best: (p=33, n=13, P=182, N=255)
2026-04-14 12:45:05,525 - INFO - Regula po iteracji 0: IF representation >= 54.50 THEN class = {470.07} [121.07, 819.06], (p=33, n=13, P=182, N=255)
2026-04-14 12:45:05,525 - INFO - *****GROWING RR RULE*****
2026-04-14 12:45:05,607 - INFO - Iteracja 0: condition_best: None, quality_best: -inf, coverage_best: (p=0, n=0, P=0, N=0), p_value: 0
2026-04-14 12:45:05,608 - INFO - Regula po iteracji 0: IF  THEN class = {287.81} [-260.18, 835.79], (p=401, n=36, P=401, N=36)
2026-04-14 12:45:05,608 - INFO - *****STOP GROWING RR RULE*****
2026-04-14 12:45:05,608 - INFO - ***RR NOT FOUND***
2026-04-14 12:45:05,619 - INFO - Iteracja 1: condition_best: unemployment >= 2.05, quality_best: 0.342, coverage_best: (p=30, n=11, P=160, N=277)
2026-04-14 12:45:05,620 - INFO - Regula po iteracji 1: IF representation >= 54.50 AND unemployment >= 2.05 THEN class = {511.78} [164.91, 858.65], (p=30, n=11, P=160, N=277)
2026-04-14 12:45:05,620 - INFO - *****GROWING RR RULE*****
2026-04-14 12:45:05,702 - INFO - Iteracja 0: condition_best: None, quality_best: -inf, coverage_best: (p=0, n=0, P=0, N=0), p_value: 0
2026-04-14 12:45:05,702 - INFO - Regula po iteracji 0: IF  THEN class = {287.81} [-260.18, 835.79], (p=401, n=36, P=401, N=36)
2026-04-14 12:45:05,702 - INFO - *****STOP GROWING RR RULE*****
2026-04-14 12:45:05,703 - INFO - ***RR NOT FOUND***
2026-04-14 12:45:05,713 - INFO - Iteracja 2: condition_best: inflation <= 12.15, quality_best: 0.34, coverage_best: (p=28, n=10, P=163, N=274)
2026-04-14 12:45:05,713 - INFO - Regula po iteracji 2: IF representation >= 54.50 AND unemployment >= 2.05 AND inflation <= 12.15 THEN class = {505.92} [154.49, 857.35], (p=28, n=10, P=163, N=274)
2026-04-14 12:45:05,714 - INFO - *****GROWING RR RULE*****
2026-04-14 12:45:05,796 - INFO - Iteracja 0: condition_best: None, quality_best: -inf, coverage_best: (p=0, n=0, P=0, N=0), p_value: 0
2026-04-14 12:45:05,796 - INFO - Regula po iteracji 0: IF  THEN class = {287.81} [-260.18, 835.79], (p=401, n=36, P=401, N=36)
2026-04-14 12:45:05,796 - INFO - *****STOP GROWING RR RULE*****
2026-04-14 12:45:05,797 - INFO - ***RR NOT FOUND***
2026-04-14 12:45:05,807 - INFO - Iteracja 3: condition_best: year >= 1,952.00, quality_best: 0.335, coverage_best: (p=27, n=10, P=160, N=277)
2026-04-14 12:45:05,807 - INFO - Regula po iteracji 3: IF representation >= 54.50 AND unemployment >= 2.05 AND inflation <= 12.15 AND year >= 1,952.00 THEN class = {513.05} [159.63, 866.47], (p=27, n=10, P=160, N=277)
2026-04-14 12:45:05,807 - INFO - *****GROWING RR RULE*****
2026-04-14 12:45:05,890 - INFO - Iteracja 0: condition_best: None, quality_best: -inf, coverage_best: (p=0, n=0, P=0, N=0), p_value: 0
2026-04-14 12:45:05,890 - INFO - Regula po iteracji 0: IF  THEN class = {287.81} [-260.18, 835.79], (p=401, n=36, P=401, N=36)
2026-04-14 12:45:05,890 - INFO - *****STOP GROWING RR RULE*****
2026-04-14 12:45:05,890 - INFO - ***RR NOT FOUND***
2026-04-14 12:45:05,901 - INFO - Iteracja 4: condition_best: inflation >= 3.20, quality_best: 0.354, coverage_best: (p=19, n=6, P=154, N=283)
2026-04-14 12:45:05,901 - INFO - Regula po iteracji 4: IF representation >= 54.50 AND unemployment >= 2.05 AND inflation <= 12.15 AND year >= 1,952.00 AND inflation >= 3.20 THEN class = {565.84} [186.30, 945.38], (p=19, n=6, P=154, N=283)
2026-04-14 12:45:05,901 - INFO - *****GROWING RR RULE*****
2026-04-14 12:45:05,985 - INFO - Iteracja 0: condition_best: representation >= 67.50, quality_best: 0.271, coverage_best: (p=7, n=4, P=113, N=324), p_value: 3
2026-04-14 12:45:05,985 - INFO - Regula po iteracji 0: IF representation >= 67.50 THEN class = {287.81} [-260.18, 835.79], (p=7, n=4, P=113, N=324)
2026-04-14 12:45:05,992 - INFO - Iteracja 1: condition_best: None, quality_best: -inf, coverage_best: (p=0, n=0, P=0, N=0), p_value: 3
2026-04-14 12:45:05,992 - INFO - Regula po iteracji 1: IF representation >= 67.50 THEN class = {264.09} [140.40, 387.78], (p=7, n=4, P=113, N=324)
2026-04-14 12:45:05,992 - INFO - *****STOP GROWING RR RULE*****
2026-04-14 12:45:05,992 - INFO - ***RR FOUND***
2026-04-14 12:45:05,992 - INFO - Reference rule: IF representation >= 67.50 THEN class = {264.09} [140.40, 387.78]
2026-04-14 12:45:05,992 - INFO - ***CHECKING EXCEPTION***
2026-04-14 12:45:05,994 - INFO - *******STOP GROWING CR RULE*******
2026-04-14 12:45:05,995 - INFO - *******GROWING CR RULE*******
2026-04-14 12:45:06,039 - INFO - Iteracja 0: condition_best: inflation <= 7.05, quality_best: 0.269, coverage_best: (p=282, n=22, P=391, N=46)
2026-04-14 12:45:06,039 - INFO - Regula po iteracji 0: IF inflation <= 7.05 THEN class = {229.93} [-272.96, 732.83], (p=282, n=22, P=391, N=46)
2026-04-14 12:45:06,039 - INFO - *****GROWING RR RULE*****
2026-04-14 12:45:06,124 - INFO - Iteracja 0: condition_best: None, quality_best: -inf, coverage_best: (p=0, n=0, P=0, N=0), p_value: 0
2026-04-14 12:45:06,124 - INFO - Regula po iteracji 0: IF  THEN class = {287.81} [-260.18, 835.79], (p=401, n=36, P=401, N=36)
2026-04-14 12:45:06,124 - INFO - *****STOP GROWING RR RULE*****
2026-04-14 12:45:06,124 - INFO - ***RR NOT FOUND***
2026-04-14 12:45:06,155 - INFO - Iteracja 1: condition_best: representation <= 52.50, quality_best: 0.395, coverage_best: (p=253, n=15, P=390, N=47)
2026-04-14 12:45:06,155 - INFO - Regula po iteracji 1: IF inflation <= 7.05 AND representation <= 52.50 THEN class = {206.97} [-311.50, 725.43], (p=253, n=15, P=390, N=47)
2026-04-14 12:45:06,156 - INFO - *****GROWING RR RULE*****
2026-04-14 12:45:06,242 - INFO - Iteracja 0: condition_best: None, quality_best: -inf, coverage_best: (p=0, n=0, P=0, N=0), p_value: 0
2026-04-14 12:45:06,242 - INFO - Regula po iteracji 0: IF  THEN class = {287.81} [-260.18, 835.79], (p=401, n=36, P=401, N=36)
2026-04-14 12:45:06,242 - INFO - *****STOP GROWING RR RULE*****
2026-04-14 12:45:06,242 - INFO - ***RR NOT FOUND***
2026-04-14 12:45:06,269 - INFO - Iteracja 2: condition_best: year >= 1,952.50, quality_best: 0.445, coverage_best: (p=247, n=13, P=389, N=48)
2026-04-14 12:45:06,269 - INFO - Regula po iteracji 2: IF inflation <= 7.05 AND representation <= 52.50 AND year >= 1,952.50 THEN class = {202.96} [-316.43, 722.34], (p=247, n=13, P=389, N=48)
2026-04-14 12:45:06,270 - INFO - *****GROWING RR RULE*****
2026-04-14 12:45:06,355 - INFO - Iteracja 0: condition_best: None, quality_best: -inf, coverage_best: (p=0, n=0, P=0, N=0), p_value: 0
2026-04-14 12:45:06,355 - INFO - Regula po iteracji 0: IF  THEN class = {287.81} [-260.18, 835.79], (p=401, n=36, P=401, N=36)
2026-04-14 12:45:06,356 - INFO - *****STOP GROWING RR RULE*****
2026-04-14 12:45:06,356 - INFO - ***RR NOT FOUND***
2026-04-14 12:45:06,382 - INFO - Iteracja 3: condition_best: inflation >= -1.75, quality_best: 0.471, coverage_best: (p=246, n=12, P=389, N=48)
2026-04-14 12:45:06,383 - INFO - Regula po iteracji 3: IF inflation <= 7.05 AND representation <= 52.50 AND year >= 1,952.50 AND inflation >= -1.75 THEN class = {201.03} [-318.95, 721.02], (p=246, n=12, P=389, N=48)
2026-04-14 12:45:06,383 - INFO - *****GROWING RR RULE*****
2026-04-14 12:45:06,468 - INFO - Iteracja 0: condition_best: None, quality_best: -inf, coverage_best: (p=0, n=0, P=0, N=0), p_value: 0
2026-04-14 12:45:06,468 - INFO - Regula po iteracji 0: IF  THEN class = {287.81} [-260.18, 835.79], (p=401, n=36, P=401, N=36)
2026-04-14 12:45:06,468 - INFO - *****STOP GROWING RR RULE*****
2026-04-14 12:45:06,468 - INFO - ***RR NOT FOUND***
2026-04-14 12:45:06,495 - INFO - Iteracja 4: condition_best: year <= 1,984.50, quality_best: 0.472, coverage_best: (p=237, n=11, P=390, N=47)
2026-04-14 12:45:06,495 - INFO - Regula po iteracji 4: IF inflation <= 7.05 AND representation <= 52.50 AND year >= 1,952.50 AND inflation >= -1.75 AND year <= 1,984.50 THEN class = {199.40} [-327.08, 725.87], (p=237, n=11, P=390, N=47)
2026-04-14 12:45:06,496 - INFO - *****GROWING RR RULE*****
2026-04-14 12:45:06,581 - INFO - Iteracja 0: condition_best: None, quality_best: -inf, coverage_best: (p=0, n=0, P=0, N=0), p_value: 0
2026-04-14 12:45:06,581 - INFO - Regula po iteracji 0: IF  THEN class = {287.81} [-260.18, 835.79], (p=401, n=36, P=401, N=36)
2026-04-14 12:45:06,581 - INFO - *****STOP GROWING RR RULE*****
2026-04-14 12:45:06,581 - INFO - ***RR NOT FOUND***
2026-04-14 12:45:06,581 - INFO - *******STOP GROWING CR RULE*******
2026-04-14 12:45:06,582 - INFO - *******GROWING CR RULE*******
2026-04-14 12:45:06,626 - INFO - Iteracja 0: condition_best: representation <= 39.50, quality_best: 0.264, coverage_best: (p=179, n=7, P=411, N=26)
2026-04-14 12:45:06,626 - INFO - Regula po iteracji 0: IF representation <= 39.50 THEN class = {276.72} [-416.88, 970.31], (p=179, n=7, P=411, N=26)
2026-04-14 12:45:06,626 - INFO - *****GROWING RR RULE*****
2026-04-14 12:45:06,710 - INFO - Iteracja 0: condition_best: None, quality_best: -inf, coverage_best: (p=0, n=0, P=0, N=0), p_value: 0
2026-04-14 12:45:06,710 - INFO - Regula po iteracji 0: IF  THEN class = {287.81} [-260.18, 835.79], (p=401, n=36, P=401, N=36)
2026-04-14 12:45:06,711 - INFO - *****STOP GROWING RR RULE*****
2026-04-14 12:45:06,711 - INFO - ***RR NOT FOUND***
2026-04-14 12:45:06,737 - INFO - Iteracja 1: condition_best: representation >= 23.50, quality_best: 0.497, coverage_best: (p=144, n=5, P=384, N=53)
2026-04-14 12:45:06,737 - INFO - Regula po iteracji 1: IF representation <= 39.50 AND representation >= 23.50 THEN class = {175.15} [-309.32, 659.61], (p=144, n=5, P=384, N=53)
2026-04-14 12:45:06,737 - INFO - *****GROWING RR RULE*****
2026-04-14 12:45:06,821 - INFO - Iteracja 0: condition_best: None, quality_best: -inf, coverage_best: (p=0, n=0, P=0, N=0), p_value: 0
2026-04-14 12:45:06,821 - INFO - Regula po iteracji 0: IF  THEN class = {287.81} [-260.18, 835.79], (p=401, n=36, P=401, N=36)
2026-04-14 12:45:06,821 - INFO - *****STOP GROWING RR RULE*****
2026-04-14 12:45:06,821 - INFO - ***RR NOT FOUND***
2026-04-14 12:45:06,842 - INFO - Iteracja 2: condition_best: inflation <= 13.15, quality_best: 0.56, coverage_best: (p=138, n=3, P=384, N=53)
2026-04-14 12:45:06,842 - INFO - Regula po iteracji 2: IF representation <= 39.50 AND representation >= 23.50 AND inflation <= 13.15 THEN class = {161.76} [-330.38, 653.90], (p=138, n=3, P=384, N=53)
2026-04-14 12:45:06,842 - INFO - *****GROWING RR RULE*****
2026-04-14 12:45:06,926 - INFO - Iteracja 0: condition_best: None, quality_best: -inf, coverage_best: (p=0, n=0, P=0, N=0), p_value: 0
2026-04-14 12:45:06,926 - INFO - Regula po iteracji 0: IF  THEN class = {287.81} [-260.18, 835.79], (p=401, n=36, P=401, N=36)
2026-04-14 12:45:06,927 - INFO - *****STOP GROWING RR RULE*****
2026-04-14 12:45:06,927 - INFO - ***RR NOT FOUND***
2026-04-14 12:45:06,946 - INFO - Iteracja 3: condition_best: unemployment <= 13.45, quality_best: 0.559, coverage_best: (p=137, n=3, P=384, N=53)
2026-04-14 12:45:06,947 - INFO - Regula po iteracji 3: IF representation <= 39.50 AND representation >= 23.50 AND inflation <= 13.15 AND unemployment <= 13.45 THEN class = {162.87} [-330.85, 656.59], (p=137, n=3, P=384, N=53)
2026-04-14 12:45:06,947 - INFO - *****GROWING RR RULE*****
2026-04-14 12:45:07,031 - INFO - Iteracja 0: condition_best: None, quality_best: -inf, coverage_best: (p=0, n=0, P=0, N=0), p_value: 0
2026-04-14 12:45:07,031 - INFO - Regula po iteracji 0: IF  THEN class = {287.81} [-260.18, 835.79], (p=401, n=36, P=401, N=36)
2026-04-14 12:45:07,031 - INFO - *****STOP GROWING RR RULE*****
2026-04-14 12:45:07,031 - INFO - ***RR NOT FOUND***
2026-04-14 12:45:07,051 - INFO - Iteracja 4: condition_best: unemployment <= 12.15, quality_best: 0.557, coverage_best: (p=136, n=3, P=384, N=53)
2026-04-14 12:45:07,051 - INFO - Regula po iteracji 4: IF representation <= 39.50 AND representation >= 23.50 AND inflation <= 13.15 AND unemployment <= 13.45 AND unemployment <= 12.15 THEN class = {163.91} [-331.43, 659.25], (p=136, n=3, P=384, N=53)
2026-04-14 12:45:07,052 - INFO - *****GROWING RR RULE*****
2026-04-14 12:45:07,136 - INFO - Iteracja 0: condition_best: None, quality_best: -inf, coverage_best: (p=0, n=0, P=0, N=0), p_value: 0
2026-04-14 12:45:07,136 - INFO - Regula po iteracji 0: IF  THEN class = {287.81} [-260.18, 835.79], (p=401, n=36, P=401, N=36)
2026-04-14 12:45:07,136 - INFO - *****STOP GROWING RR RULE*****
2026-04-14 12:45:07,136 - INFO - ***RR NOT FOUND***
2026-04-14 12:45:07,136 - INFO - *******STOP GROWING CR RULE*******
2026-04-14 12:45:07,137 - INFO - *******GROWING CR RULE*******
2026-04-14 12:45:07,180 - INFO - Iteracja 0: condition_best: representation <= 56.50, quality_best: 0.192, coverage_best: (p=371, n=27, P=400, N=37)
2026-04-14 12:45:07,180 - INFO - Regula po iteracji 0: IF representation <= 56.50 THEN class = {265.98} [-292.46, 824.41], (p=371, n=27, P=400, N=37)
2026-04-14 12:45:07,180 - INFO - *****GROWING RR RULE*****
2026-04-14 12:45:07,264 - INFO - Iteracja 0: condition_best: None, quality_best: -inf, coverage_best: (p=0, n=0, P=0, N=0), p_value: 0
2026-04-14 12:45:07,265 - INFO - Regula po iteracji 0: IF  THEN class = {287.81} [-260.18, 835.79], (p=401, n=36, P=401, N=36)
2026-04-14 12:45:07,265 - INFO - *****STOP GROWING RR RULE*****
2026-04-14 12:45:07,265 - INFO - ***RR NOT FOUND***
2026-04-14 12:45:07,305 - INFO - Iteracja 1: condition_best: representation >= 23.50, quality_best: 0.315, coverage_best: (p=332, n=29, P=384, N=53)
2026-04-14 12:45:07,305 - INFO - Regula po iteracji 1: IF representation <= 56.50 AND representation >= 23.50 THEN class = {222.96} [-217.85, 663.77], (p=332, n=29, P=384, N=53)
2026-04-14 12:45:07,306 - INFO - *****GROWING RR RULE*****
2026-04-14 12:45:07,390 - INFO - Iteracja 0: condition_best: None, quality_best: -inf, coverage_best: (p=0, n=0, P=0, N=0), p_value: 0
2026-04-14 12:45:07,390 - INFO - Regula po iteracji 0: IF  THEN class = {287.81} [-260.18, 835.79], (p=401, n=36, P=401, N=36)
2026-04-14 12:45:07,390 - INFO - *****STOP GROWING RR RULE*****
2026-04-14 12:45:07,390 - INFO - ***RR NOT FOUND***
2026-04-14 12:45:07,427 - INFO - Iteracja 2: condition_best: inflation <= 13.40, quality_best: 0.423, coverage_best: (p=317, n=23, P=382, N=55)
2026-04-14 12:45:07,427 - INFO - Regula po iteracji 2: IF representation <= 56.50 AND representation >= 23.50 AND inflation <= 13.40 THEN class = {201.41} [-228.27, 631.09], (p=317, n=23, P=382, N=55)
2026-04-14 12:45:07,428 - INFO - *****GROWING RR RULE*****
2026-04-14 12:45:07,513 - INFO - Iteracja 0: condition_best: None, quality_best: -inf, coverage_best: (p=0, n=0, P=0, N=0), p_value: 0
2026-04-14 12:45:07,513 - INFO - Regula po iteracji 0: IF  THEN class = {287.81} [-260.18, 835.79], (p=401, n=36, P=401, N=36)
2026-04-14 12:45:07,513 - INFO - *****STOP GROWING RR RULE*****
2026-04-14 12:45:07,513 - INFO - ***RR NOT FOUND***
2026-04-14 12:45:07,547 - INFO - Iteracja 3: condition_best: representation <= 52.50, quality_best: 0.447, coverage_best: (p=299, n=20, P=382, N=55)
2026-04-14 12:45:07,547 - INFO - Regula po iteracji 3: IF representation <= 56.50 AND representation >= 23.50 AND inflation <= 13.40 AND representation <= 52.50 THEN class = {195.24} [-240.79, 631.27], (p=299, n=20, P=382, N=55)
2026-04-14 12:45:07,548 - INFO - *****GROWING RR RULE*****
2026-04-14 12:45:07,632 - INFO - Iteracja 0: condition_best: None, quality_best: -inf, coverage_best: (p=0, n=0, P=0, N=0), p_value: 0
2026-04-14 12:45:07,632 - INFO - Regula po iteracji 0: IF  THEN class = {287.81} [-260.18, 835.79], (p=401, n=36, P=401, N=36)
2026-04-14 12:45:07,633 - INFO - *****STOP GROWING RR RULE*****
2026-04-14 12:45:07,633 - INFO - ***RR NOT FOUND***
2026-04-14 12:45:07,665 - INFO - Iteracja 4: condition_best: inflation >= -1.75, quality_best: 0.466, coverage_best: (p=298, n=19, P=382, N=55)
2026-04-14 12:45:07,665 - INFO - Regula po iteracji 4: IF representation <= 56.50 AND representation >= 23.50 AND inflation <= 13.40 AND representation <= 52.50 AND inflation >= -1.75 THEN class = {193.62} [-242.38, 629.63], (p=298, n=19, P=382, N=55)
2026-04-14 12:45:07,666 - INFO - *****GROWING RR RULE*****
2026-04-14 12:45:07,750 - INFO - Iteracja 0: condition_best: None, quality_best: -inf, coverage_best: (p=0, n=0, P=0, N=0), p_value: 0
2026-04-14 12:45:07,751 - INFO - Regula po iteracji 0: IF  THEN class = {287.81} [-260.18, 835.79], (p=401, n=36, P=401, N=36)
2026-04-14 12:45:07,751 - INFO - *****STOP GROWING RR RULE*****
2026-04-14 12:45:07,751 - INFO - ***RR NOT FOUND***
2026-04-14 12:45:07,751 - INFO - *******STOP GROWING CR RULE*******
2026-04-14 12:45:07,751 - INFO - *******GROWING CR RULE*******
2026-04-14 12:45:07,795 - INFO - Iteracja 0: condition_best: unemployment >= 16.30, quality_best: 1.0, coverage_best: (p=1, n=0, P=1, N=436)
2026-04-14 12:45:07,795 - INFO - Regula po iteracji 0: IF unemployment >= 16.30 THEN class = {521.00} [521.00, 521.00], (p=1, n=0, P=1, N=436)
2026-04-14 12:45:07,795 - INFO - *****GROWING RR RULE*****
2026-04-14 12:45:07,876 - INFO - Iteracja 0: condition_best: None, quality_best: -inf, coverage_best: (p=0, n=0, P=0, N=0), p_value: 0
2026-04-14 12:45:07,877 - INFO - Regula po iteracji 0: IF  THEN class = {287.81} [-260.18, 835.79], (p=401, n=36, P=401, N=36)
2026-04-14 12:45:07,877 - INFO - *****STOP GROWING RR RULE*****
2026-04-14 12:45:07,877 - INFO - ***RR NOT FOUND***
2026-04-14 12:45:07,877 - INFO - Iteracja 1: condition_best: country = {9}, quality_best: 1.0, coverage_best: (p=1, n=0, P=1, N=436)
2026-04-14 12:45:07,877 - INFO - Regula po iteracji 1: IF unemployment >= 16.30 AND country = {9} THEN class = {521.00} [521.00, 521.00], (p=1, n=0, P=1, N=436)
2026-04-14 12:45:07,878 - INFO - *****GROWING RR RULE*****
2026-04-14 12:45:07,960 - INFO - Iteracja 0: condition_best: None, quality_best: -inf, coverage_best: (p=0, n=0, P=0, N=0), p_value: 0
2026-04-14 12:45:07,960 - INFO - Regula po iteracji 0: IF  THEN class = {287.81} [-260.18, 835.79], (p=401, n=36, P=401, N=36)
2026-04-14 12:45:07,960 - INFO - *****STOP GROWING RR RULE*****
2026-04-14 12:45:07,960 - INFO - ***RR NOT FOUND***
2026-04-14 12:45:07,960 - INFO - Iteracja 2: condition_best: None, quality_best: -inf, coverage_best: (p=0, n=0, P=0, N=0)
2026-04-14 12:45:07,960 - INFO - Regula po iteracji 2: IF unemployment >= 16.30 AND country = {9} THEN class = {521.00} [521.00, 521.00], (p=1, n=0, P=1, N=436)
2026-04-14 12:45:07,961 - INFO - *******STOP GROWING CR RULE*******
2026-04-14 12:45:08,447 - INFO - ************************Finished experiment for strike.arff with algorithm_rer_with_exceptions************************
2026-04-14 12:45:08,447 - INFO - *************************************************************************************************************************
2026-04-14 12:45:08,447 - INFO - *************************************************************************************************************************
2026-04-14 12:45:08,447 - INFO - *************************************************************************************************************************
2026-04-14 12:45:08,448 - INFO - **********Starting experiment for strike.arff with decision_tree**********
2026-04-14 12:45:08,471 - INFO - ************************Finished experiment for strike.arff with decision_tree************************
2026-04-14 12:45:08,471 - INFO - *************************************************************************************************************************
2026-04-14 12:45:08,471 - INFO - *************************************************************************************************************************
2026-04-14 12:45:08,471 - INFO - *************************************************************************************************************************
