2026-04-14 12:04:22,583 - INFO - **********Starting experiment for ele-2.arff with algorithm_rulekit**********
2026-04-14 12:04:23,601 - INFO - ************************Finished experiment for ele-2.arff with algorithm_rulekit************************
2026-04-14 12:04:23,601 - INFO - *************************************************************************************************************************
2026-04-14 12:04:23,601 - INFO - *************************************************************************************************************************
2026-04-14 12:04:23,601 - INFO - *************************************************************************************************************************
2026-04-14 12:04:23,602 - INFO - **********Starting experiment for ele-2.arff with algorithm_rer**********
2026-04-14 12:04:23,615 - INFO - *******GROWING CR RULE*******
2026-04-14 12:04:23,656 - INFO - Iteracja 0: condition_best: X4 <= 19.50, quality_best: 0.724, coverage_best: (p=376, n=54, P=388, N=351)
2026-04-14 12:04:23,656 - INFO - Regula po iteracji 0: IF X4 <= 19.50 THEN class = {668.15} [87.13, 1,249.17], (p=376, n=54, P=388, N=351)
2026-04-14 12:04:23,677 - INFO - Iteracja 1: condition_best: X4 >= 1.10, quality_best: 0.71, coverage_best: (p=365, n=54, P=386, N=353)
2026-04-14 12:04:23,677 - INFO - Regula po iteracji 1: IF X4 <= 19.50 AND X4 >= 1.10 THEN class = {681.11} [98.35, 1,263.88], (p=365, n=54, P=386, N=353)
2026-04-14 12:04:23,697 - INFO - Iteracja 2: condition_best: X4 <= 13.25, quality_best: 0.717, coverage_best: (p=312, n=56, P=323, N=416)
2026-04-14 12:04:23,697 - INFO - Regula po iteracji 2: IF X4 <= 19.50 AND X4 >= 1.10 AND X4 <= 13.25 THEN class = {548.75} [140.79, 956.72], (p=312, n=56, P=323, N=416)
2026-04-14 12:04:23,714 - INFO - Iteracja 3: condition_best: X4 >= 1.30, quality_best: 0.725, coverage_best: (p=304, n=50, P=324, N=415)
2026-04-14 12:04:23,714 - INFO - Regula po iteracji 3: IF X4 <= 19.50 AND X4 >= 1.10 AND X4 <= 13.25 AND X4 >= 1.30 THEN class = {560.62} [150.89, 970.35], (p=304, n=50, P=324, N=415)
2026-04-14 12:04:23,731 - INFO - Iteracja 4: condition_best: X3 >= 1.81, quality_best: 0.708, coverage_best: (p=294, n=51, P=321, N=418)
2026-04-14 12:04:23,731 - INFO - Regula po iteracji 4: IF X4 <= 19.50 AND X4 >= 1.10 AND X4 <= 13.25 AND X4 >= 1.30 AND X3 >= 1.81 THEN class = {570.83} [160.82, 980.85], (p=294, n=51, P=321, N=418)
2026-04-14 12:04:23,731 - INFO - *******STOP GROWING CR RULE*******
2026-04-14 12:04:23,735 - INFO - *******GROWING CR RULE*******
2026-04-14 12:04:23,767 - INFO - Iteracja 0: condition_best: X4 <= 19.50, quality_best: 0.724, coverage_best: (p=376, n=54, P=388, N=351)
2026-04-14 12:04:23,767 - INFO - Regula po iteracji 0: IF X4 <= 19.50 THEN class = {668.15} [87.13, 1,249.17], (p=376, n=54, P=388, N=351)
2026-04-14 12:04:23,785 - INFO - Iteracja 1: condition_best: X4 >= 1.10, quality_best: 0.71, coverage_best: (p=365, n=54, P=386, N=353)
2026-04-14 12:04:23,785 - INFO - Regula po iteracji 1: IF X4 <= 19.50 AND X4 >= 1.10 THEN class = {681.11} [98.35, 1,263.88], (p=365, n=54, P=386, N=353)
2026-04-14 12:04:23,803 - INFO - Iteracja 2: condition_best: X4 <= 13.25, quality_best: 0.717, coverage_best: (p=312, n=56, P=323, N=416)
2026-04-14 12:04:23,803 - INFO - Regula po iteracji 2: IF X4 <= 19.50 AND X4 >= 1.10 AND X4 <= 13.25 THEN class = {548.75} [140.79, 956.72], (p=312, n=56, P=323, N=416)
2026-04-14 12:04:23,817 - INFO - Iteracja 3: condition_best: X4 >= 1.30, quality_best: 0.725, coverage_best: (p=304, n=50, P=324, N=415)
2026-04-14 12:04:23,817 - INFO - Regula po iteracji 3: IF X4 <= 19.50 AND X4 >= 1.10 AND X4 <= 13.25 AND X4 >= 1.30 THEN class = {560.62} [150.89, 970.35], (p=304, n=50, P=324, N=415)
2026-04-14 12:04:23,831 - INFO - Iteracja 4: condition_best: X4 >= 1.50, quality_best: 0.707, coverage_best: (p=292, n=49, P=324, N=415)
2026-04-14 12:04:23,831 - INFO - Regula po iteracji 4: IF X4 <= 19.50 AND X4 >= 1.10 AND X4 <= 13.25 AND X4 >= 1.30 AND X4 >= 1.50 THEN class = {573.63} [162.59, 984.67], (p=292, n=49, P=324, N=415)
2026-04-14 12:04:23,831 - INFO - *******STOP GROWING CR RULE*******
2026-04-14 12:04:23,834 - INFO - *******GROWING CR RULE*******
2026-04-14 12:04:23,867 - INFO - Iteracja 0: condition_best: X4 <= 19.50, quality_best: 0.724, coverage_best: (p=376, n=54, P=388, N=351)
2026-04-14 12:04:23,867 - INFO - Regula po iteracji 0: IF X4 <= 19.50 THEN class = {668.15} [87.13, 1,249.17], (p=376, n=54, P=388, N=351)
2026-04-14 12:04:23,885 - INFO - Iteracja 1: condition_best: X4 >= 1.10, quality_best: 0.71, coverage_best: (p=365, n=54, P=386, N=353)
2026-04-14 12:04:23,885 - INFO - Regula po iteracji 1: IF X4 <= 19.50 AND X4 >= 1.10 THEN class = {681.11} [98.35, 1,263.88], (p=365, n=54, P=386, N=353)
2026-04-14 12:04:23,902 - INFO - Iteracja 2: condition_best: X4 <= 13.25, quality_best: 0.717, coverage_best: (p=312, n=56, P=323, N=416)
2026-04-14 12:04:23,902 - INFO - Regula po iteracji 2: IF X4 <= 19.50 AND X4 >= 1.10 AND X4 <= 13.25 THEN class = {548.75} [140.79, 956.72], (p=312, n=56, P=323, N=416)
2026-04-14 12:04:23,916 - INFO - Iteracja 3: condition_best: X3 >= 1.81, quality_best: 0.717, coverage_best: (p=306, n=53, P=324, N=415)
2026-04-14 12:04:23,916 - INFO - Regula po iteracji 3: IF X4 <= 19.50 AND X4 >= 1.10 AND X4 <= 13.25 AND X3 >= 1.81 THEN class = {558.27} [149.78, 966.76], (p=306, n=53, P=324, N=415)
2026-04-14 12:04:23,931 - INFO - Iteracja 4: condition_best: X3 >= 2.14, quality_best: 0.71, coverage_best: (p=300, n=52, P=324, N=415)
2026-04-14 12:04:23,931 - INFO - Regula po iteracji 4: IF X4 <= 19.50 AND X4 >= 1.10 AND X4 <= 13.25 AND X3 >= 1.81 AND X3 >= 2.14 THEN class = {566.20} [157.72, 974.69], (p=300, n=52, P=324, N=415)
2026-04-14 12:04:23,931 - INFO - *******STOP GROWING CR RULE*******
2026-04-14 12:04:23,933 - INFO - *******GROWING CR RULE*******
2026-04-14 12:04:23,965 - INFO - Iteracja 0: condition_best: X4 <= 19.50, quality_best: 0.724, coverage_best: (p=376, n=54, P=388, N=351)
2026-04-14 12:04:23,965 - INFO - Regula po iteracji 0: IF X4 <= 19.50 THEN class = {668.15} [87.13, 1,249.17], (p=376, n=54, P=388, N=351)
2026-04-14 12:04:23,983 - INFO - Iteracja 1: condition_best: X4 >= 1.10, quality_best: 0.71, coverage_best: (p=365, n=54, P=386, N=353)
2026-04-14 12:04:23,983 - INFO - Regula po iteracji 1: IF X4 <= 19.50 AND X4 >= 1.10 THEN class = {681.11} [98.35, 1,263.88], (p=365, n=54, P=386, N=353)
2026-04-14 12:04:24,000 - INFO - Iteracja 2: condition_best: X4 >= 1.30, quality_best: 0.706, coverage_best: (p=354, n=51, P=386, N=353)
2026-04-14 12:04:24,000 - INFO - Regula po iteracji 2: IF X4 <= 19.50 AND X4 >= 1.10 AND X4 >= 1.30 THEN class = {696.06} [110.05, 1,282.07], (p=354, n=51, P=386, N=353)
2026-04-14 12:04:24,018 - INFO - Iteracja 3: condition_best: X3 >= 1.81, quality_best: 0.694, coverage_best: (p=344, n=52, P=381, N=358)
2026-04-14 12:04:24,018 - INFO - Regula po iteracji 3: IF X4 <= 19.50 AND X4 >= 1.10 AND X4 >= 1.30 AND X3 >= 1.81 THEN class = {708.04} [120.91, 1,295.17], (p=344, n=52, P=381, N=358)
2026-04-14 12:04:24,035 - INFO - Iteracja 4: condition_best: X2 <= 5.25, quality_best: 0.694, coverage_best: (p=340, n=54, P=371, N=368)
2026-04-14 12:04:24,035 - INFO - Regula po iteracji 4: IF X4 <= 19.50 AND X4 >= 1.10 AND X4 >= 1.30 AND X3 >= 1.81 AND X2 <= 5.25 THEN class = {694.01} [139.48, 1,248.53], (p=340, n=54, P=371, N=368)
2026-04-14 12:04:24,035 - INFO - *******STOP GROWING CR RULE*******
2026-04-14 12:04:24,038 - INFO - *******GROWING CR RULE*******
2026-04-14 12:04:24,069 - INFO - Iteracja 0: condition_best: X4 <= 19.50, quality_best: 0.724, coverage_best: (p=376, n=54, P=388, N=351)
2026-04-14 12:04:24,069 - INFO - Regula po iteracji 0: IF X4 <= 19.50 THEN class = {668.15} [87.13, 1,249.17], (p=376, n=54, P=388, N=351)
2026-04-14 12:04:24,087 - INFO - Iteracja 1: condition_best: X4 >= 1.10, quality_best: 0.71, coverage_best: (p=365, n=54, P=386, N=353)
2026-04-14 12:04:24,087 - INFO - Regula po iteracji 1: IF X4 <= 19.50 AND X4 >= 1.10 THEN class = {681.11} [98.35, 1,263.88], (p=365, n=54, P=386, N=353)
2026-04-14 12:04:24,104 - INFO - Iteracja 2: condition_best: X3 >= 1.81, quality_best: 0.695, coverage_best: (p=356, n=54, P=387, N=352)
2026-04-14 12:04:24,104 - INFO - Regula po iteracji 2: IF X4 <= 19.50 AND X4 >= 1.10 AND X3 >= 1.81 THEN class = {692.35} [108.27, 1,276.43], (p=356, n=54, P=387, N=352)
2026-04-14 12:04:24,121 - INFO - Iteracja 3: condition_best: X2 >= 0.16, quality_best: 0.663, coverage_best: (p=341, n=57, P=384, N=355)
2026-04-14 12:04:24,121 - INFO - Regula po iteracji 3: IF X4 <= 19.50 AND X4 >= 1.10 AND X3 >= 1.81 AND X2 >= 0.16 THEN class = {704.45} [116.00, 1,292.90], (p=341, n=57, P=384, N=355)
2026-04-14 12:04:24,138 - INFO - Iteracja 4: condition_best: X1 >= 0.55, quality_best: 0.595, coverage_best: (p=299, n=58, P=380, N=359)
2026-04-14 12:04:24,138 - INFO - Regula po iteracji 4: IF X4 <= 19.50 AND X4 >= 1.10 AND X3 >= 1.81 AND X2 >= 0.16 AND X1 >= 0.55 THEN class = {740.86} [132.59, 1,349.14], (p=299, n=58, P=380, N=359)
2026-04-14 12:04:24,138 - INFO - *******STOP GROWING CR RULE*******
2026-04-14 12:04:24,140 - INFO - *******GROWING CR RULE*******
2026-04-14 12:04:24,172 - INFO - Iteracja 0: condition_best: X4 <= 19.50, quality_best: 0.724, coverage_best: (p=376, n=54, P=388, N=351)
2026-04-14 12:04:24,172 - INFO - Regula po iteracji 0: IF X4 <= 19.50 THEN class = {668.15} [87.13, 1,249.17], (p=376, n=54, P=388, N=351)
2026-04-14 12:04:24,189 - INFO - Iteracja 1: condition_best: X3 >= 2.14, quality_best: 0.704, coverage_best: (p=359, n=53, P=387, N=352)
2026-04-14 12:04:24,189 - INFO - Regula po iteracji 1: IF X4 <= 19.50 AND X3 >= 2.14 THEN class = {690.61} [107.41, 1,273.81], (p=359, n=53, P=387, N=352)
2026-04-14 12:04:24,206 - INFO - Iteracja 2: condition_best: X4 <= 13.25, quality_best: 0.719, coverage_best: (p=308, n=53, P=325, N=414)
2026-04-14 12:04:24,206 - INFO - Regula po iteracji 2: IF X4 <= 19.50 AND X3 >= 2.14 AND X4 <= 13.25 THEN class = {557.03} [149.32, 964.73], (p=308, n=53, P=325, N=414)
2026-04-14 12:04:24,220 - INFO - Iteracja 3: condition_best: X3 >= 2.38, quality_best: 0.708, coverage_best: (p=301, n=52, P=326, N=413)
2026-04-14 12:04:24,220 - INFO - Regula po iteracji 3: IF X4 <= 19.50 AND X3 >= 2.14 AND X4 <= 13.25 AND X3 >= 2.38 THEN class = {563.37} [154.63, 972.10], (p=301, n=52, P=326, N=413)
2026-04-14 12:04:24,234 - INFO - Iteracja 4: condition_best: X3 >= 2.55, quality_best: 0.697, coverage_best: (p=293, n=53, P=321, N=418)
2026-04-14 12:04:24,234 - INFO - Regula po iteracji 4: IF X4 <= 19.50 AND X3 >= 2.14 AND X4 <= 13.25 AND X3 >= 2.38 AND X3 >= 2.55 THEN class = {571.00} [161.81, 980.18], (p=293, n=53, P=321, N=418)
2026-04-14 12:04:24,234 - INFO - *******STOP GROWING CR RULE*******
2026-04-14 12:04:24,236 - INFO - *******GROWING CR RULE*******
2026-04-14 12:04:24,267 - INFO - Iteracja 0: condition_best: X4 <= 22.25, quality_best: 0.659, coverage_best: (p=393, n=67, P=410, N=329)
2026-04-14 12:04:24,268 - INFO - Regula po iteracji 0: IF X4 <= 22.25 THEN class = {757.23} [65.90, 1,448.56], (p=393, n=67, P=410, N=329)
2026-04-14 12:04:24,287 - INFO - Iteracja 1: condition_best: X2 <= 6.15, quality_best: 0.657, coverage_best: (p=388, n=70, P=400, N=339)
2026-04-14 12:04:24,287 - INFO - Regula po iteracji 1: IF X4 <= 22.25 AND X2 <= 6.15 THEN class = {742.27} [87.65, 1,396.89], (p=388, n=70, P=400, N=339)
2026-04-14 12:04:24,306 - INFO - Iteracja 2: condition_best: X2 <= 3.45, quality_best: 0.655, coverage_best: (p=376, n=73, P=384, N=355)
2026-04-14 12:04:24,306 - INFO - Regula po iteracji 2: IF X4 <= 22.25 AND X2 <= 6.15 AND X2 <= 3.45 THEN class = {699.65} [116.18, 1,283.12], (p=376, n=73, P=384, N=355)
2026-04-14 12:04:24,324 - INFO - Iteracja 3: condition_best: X4 >= 1.30, quality_best: 0.646, coverage_best: (p=354, n=70, P=375, N=364)
2026-04-14 12:04:24,324 - INFO - Regula po iteracji 3: IF X4 <= 22.25 AND X2 <= 6.15 AND X2 <= 3.45 AND X4 >= 1.30 THEN class = {728.17} [141.35, 1,314.99], (p=354, n=70, P=375, N=364)
2026-04-14 12:04:24,341 - INFO - Iteracja 4: condition_best: X3 <= 51.21, quality_best: 0.646, coverage_best: (p=353, n=70, P=374, N=365)
2026-04-14 12:04:24,341 - INFO - Regula po iteracji 4: IF X4 <= 22.25 AND X2 <= 6.15 AND X2 <= 3.45 AND X4 >= 1.30 AND X3 <= 51.21 THEN class = {721.31} [151.02, 1,291.61], (p=353, n=70, P=374, N=365)
2026-04-14 12:04:24,341 - INFO - *******STOP GROWING CR RULE*******
2026-04-14 12:04:24,344 - INFO - *******GROWING CR RULE*******
2026-04-14 12:04:24,375 - INFO - Iteracja 0: condition_best: X4 <= 22.25, quality_best: 0.659, coverage_best: (p=393, n=67, P=410, N=329)
2026-04-14 12:04:24,375 - INFO - Regula po iteracji 0: IF X4 <= 22.25 THEN class = {757.23} [65.90, 1,448.56], (p=393, n=67, P=410, N=329)
2026-04-14 12:04:24,394 - INFO - Iteracja 1: condition_best: X2 <= 6.15, quality_best: 0.657, coverage_best: (p=388, n=70, P=400, N=339)
2026-04-14 12:04:24,394 - INFO - Regula po iteracji 1: IF X4 <= 22.25 AND X2 <= 6.15 THEN class = {742.27} [87.65, 1,396.89], (p=388, n=70, P=400, N=339)
2026-04-14 12:04:24,412 - INFO - Iteracja 2: condition_best: X2 <= 3.45, quality_best: 0.655, coverage_best: (p=376, n=73, P=384, N=355)
2026-04-14 12:04:24,412 - INFO - Regula po iteracji 2: IF X4 <= 22.25 AND X2 <= 6.15 AND X2 <= 3.45 THEN class = {699.65} [116.18, 1,283.12], (p=376, n=73, P=384, N=355)
2026-04-14 12:04:24,430 - INFO - Iteracja 3: condition_best: None, quality_best: -inf, coverage_best: (p=0, n=0, P=0, N=0)
2026-04-14 12:04:24,430 - INFO - Regula po iteracji 3: IF X4 <= 22.25 AND X2 <= 6.15 AND X2 <= 3.45 THEN class = {699.65} [116.18, 1,283.12], (p=376, n=73, P=384, N=355)
2026-04-14 12:04:24,430 - INFO - *******STOP GROWING CR RULE*******
2026-04-14 12:04:24,432 - INFO - *******GROWING CR RULE*******
2026-04-14 12:04:24,463 - INFO - Iteracja 0: condition_best: X4 <= 22.25, quality_best: 0.659, coverage_best: (p=393, n=67, P=410, N=329)
2026-04-14 12:04:24,463 - INFO - Regula po iteracji 0: IF X4 <= 22.25 THEN class = {757.23} [65.90, 1,448.56], (p=393, n=67, P=410, N=329)
2026-04-14 12:04:24,481 - INFO - Iteracja 1: condition_best: X3 >= 2.14, quality_best: 0.646, coverage_best: (p=379, n=63, P=415, N=324)
2026-04-14 12:04:24,481 - INFO - Regula po iteracji 1: IF X4 <= 22.25 AND X3 >= 2.14 THEN class = {781.79} [87.65, 1,475.93], (p=379, n=63, P=415, N=324)
2026-04-14 12:04:24,500 - INFO - Iteracja 2: condition_best: X3 >= 2.38, quality_best: 0.636, coverage_best: (p=372, n=62, P=417, N=322)
2026-04-14 12:04:24,500 - INFO - Regula po iteracji 2: IF X4 <= 22.25 AND X3 >= 2.14 AND X3 >= 2.38 THEN class = {791.09} [94.65, 1,487.54], (p=372, n=62, P=417, N=322)
2026-04-14 12:04:24,518 - INFO - Iteracja 3: condition_best: X3 >= 2.55, quality_best: 0.632, coverage_best: (p=365, n=62, P=413, N=326)
2026-04-14 12:04:24,518 - INFO - Regula po iteracji 3: IF X4 <= 22.25 AND X3 >= 2.14 AND X3 >= 2.38 AND X3 >= 2.55 THEN class = {801.01} [103.28, 1,498.74], (p=365, n=62, P=413, N=326)
2026-04-14 12:04:24,536 - INFO - Iteracja 4: condition_best: X4 >= 1.30, quality_best: 0.627, coverage_best: (p=350, n=59, P=410, N=329)
2026-04-14 12:04:24,536 - INFO - Regula po iteracji 4: IF X4 <= 22.25 AND X3 >= 2.14 AND X3 >= 2.38 AND X3 >= 2.55 AND X4 >= 1.30 THEN class = {824.48} [121.63, 1,527.34], (p=350, n=59, P=410, N=329)
2026-04-14 12:04:24,536 - INFO - *******STOP GROWING CR RULE*******
2026-04-14 12:04:24,539 - INFO - *******GROWING CR RULE*******
2026-04-14 12:04:24,569 - INFO - Iteracja 0: condition_best: X4 <= 23.75, quality_best: 0.652, coverage_best: (p=398, n=71, P=409, N=330)
2026-04-14 12:04:24,569 - INFO - Regula po iteracji 0: IF X4 <= 23.75 THEN class = {768.11} [78.72, 1,457.50], (p=398, n=71, P=409, N=330)
2026-04-14 12:04:24,588 - INFO - Iteracja 1: condition_best: X3 >= 1.81, quality_best: 0.653, coverage_best: (p=392, n=66, P=415, N=324)
2026-04-14 12:04:24,588 - INFO - Regula po iteracji 1: IF X4 <= 23.75 AND X3 >= 1.81 THEN class = {782.94} [92.12, 1,473.75], (p=392, n=66, P=415, N=324)
2026-04-14 12:04:24,607 - INFO - Iteracja 2: condition_best: X4 >= 1.50, quality_best: 0.655, coverage_best: (p=363, n=59, P=405, N=334)
2026-04-14 12:04:24,607 - INFO - Regula po iteracji 2: IF X4 <= 23.75 AND X3 >= 1.81 AND X4 >= 1.50 THEN class = {830.50} [132.54, 1,528.45], (p=363, n=59, P=405, N=334)
2026-04-14 12:04:24,625 - INFO - Iteracja 3: condition_best: X3 >= 2.14, quality_best: 0.65, coverage_best: (p=359, n=59, P=404, N=335)
2026-04-14 12:04:24,625 - INFO - Regula po iteracji 3: IF X4 <= 23.75 AND X3 >= 1.81 AND X4 >= 1.50 AND X3 >= 2.14 THEN class = {836.38} [137.71, 1,535.05], (p=359, n=59, P=404, N=335)
2026-04-14 12:04:24,644 - INFO - Iteracja 4: condition_best: X3 >= 4.57, quality_best: 0.642, coverage_best: (p=291, n=47, P=372, N=367)
2026-04-14 12:04:24,644 - INFO - Regula po iteracji 4: IF X4 <= 23.75 AND X3 >= 1.81 AND X4 >= 1.50 AND X3 >= 2.14 AND X3 >= 4.57 THEN class = {959.81} [240.80, 1,678.82], (p=291, n=47, P=372, N=367)
2026-04-14 12:04:24,644 - INFO - *******STOP GROWING CR RULE*******
2026-04-14 12:04:24,646 - INFO - *******GROWING CR RULE*******
2026-04-14 12:04:24,677 - INFO - Iteracja 0: condition_best: X4 <= 27.50, quality_best: 0.646, coverage_best: (p=424, n=69, P=438, N=301)
2026-04-14 12:04:24,677 - INFO - Regula po iteracji 0: IF X4 <= 27.50 THEN class = {846.98} [66.39, 1,627.58], (p=424, n=69, P=438, N=301)
2026-04-14 12:04:24,697 - INFO - Iteracja 1: condition_best: X1 <= 5.75, quality_best: 0.652, coverage_best: (p=394, n=73, P=401, N=338)
2026-04-14 12:04:24,697 - INFO - Regula po iteracji 1: IF X4 <= 27.50 AND X1 <= 5.75 THEN class = {748.10} [93.03, 1,403.17], (p=394, n=73, P=401, N=338)
2026-04-14 12:04:24,714 - INFO - Iteracja 2: condition_best: X4 >= 1.10, quality_best: 0.646, coverage_best: (p=384, n=72, P=398, N=341)
2026-04-14 12:04:24,714 - INFO - Regula po iteracji 2: IF X4 <= 27.50 AND X1 <= 5.75 AND X4 >= 1.10 THEN class = {761.94} [105.36, 1,418.52], (p=384, n=72, P=398, N=341)
2026-04-14 12:04:24,730 - INFO - Iteracja 3: condition_best: X4 >= 1.50, quality_best: 0.646, coverage_best: (p=363, n=66, P=393, N=346)
2026-04-14 12:04:24,730 - INFO - Regula po iteracji 3: IF X4 <= 27.50 AND X1 <= 5.75 AND X4 >= 1.10 AND X4 >= 1.50 THEN class = {795.13} [133.43, 1,456.84], (p=363, n=66, P=393, N=346)
2026-04-14 12:04:24,746 - INFO - Iteracja 4: condition_best: X3 >= 4.23, quality_best: 0.656, coverage_best: (p=295, n=49, P=361, N=378)
2026-04-14 12:04:24,746 - INFO - Regula po iteracji 4: IF X4 <= 27.50 AND X1 <= 5.75 AND X4 >= 1.10 AND X4 >= 1.50 AND X3 >= 4.23 THEN class = {919.80} [240.97, 1,598.62], (p=295, n=49, P=361, N=378)
2026-04-14 12:04:24,746 - INFO - *******STOP GROWING CR RULE*******
2026-04-14 12:04:24,748 - INFO - *******GROWING CR RULE*******
2026-04-14 12:04:24,778 - INFO - Iteracja 0: condition_best: X4 <= 35.00, quality_best: 0.598, coverage_best: (p=459, n=76, P=472, N=267)
2026-04-14 12:04:24,778 - INFO - Regula po iteracji 0: IF X4 <= 35.00 THEN class = {963.67} [63.34, 1,864.00], (p=459, n=76, P=472, N=267)
2026-04-14 12:04:24,800 - INFO - Iteracja 1: condition_best: X1 <= 7.25, quality_best: 0.635, coverage_best: (p=445, n=71, P=455, N=284)
2026-04-14 12:04:24,800 - INFO - Regula po iteracji 1: IF X4 <= 35.00 AND X1 <= 7.25 THEN class = {894.71} [64.79, 1,724.62], (p=445, n=71, P=455, N=284)
2026-04-14 12:04:24,819 - INFO - Iteracja 2: condition_best: X4 >= 10.25, quality_best: 0.626, coverage_best: (p=153, n=36, P=215, N=524)
2026-04-14 12:04:24,819 - INFO - Regula po iteracji 2: IF X4 <= 35.00 AND X1 <= 7.25 AND X4 >= 10.25 THEN class = {1,700.48} [839.78, 2,561.18], (p=153, n=36, P=215, N=524)
2026-04-14 12:04:24,830 - INFO - Iteracja 3: condition_best: X3 >= 4.23, quality_best: 0.645, coverage_best: (p=148, n=31, P=211, N=528)
2026-04-14 12:04:24,831 - INFO - Regula po iteracji 3: IF X4 <= 35.00 AND X1 <= 7.25 AND X4 >= 10.25 AND X3 >= 4.23 THEN class = {1,755.51} [904.11, 2,606.90], (p=148, n=31, P=211, N=528)
2026-04-14 12:04:24,841 - INFO - Iteracja 4: condition_best: X3 >= 4.57, quality_best: 0.642, coverage_best: (p=147, n=31, P=211, N=528)
2026-04-14 12:04:24,841 - INFO - Regula po iteracji 4: IF X4 <= 35.00 AND X1 <= 7.25 AND X4 >= 10.25 AND X3 >= 4.23 AND X3 >= 4.57 THEN class = {1,760.94} [910.26, 2,611.62], (p=147, n=31, P=211, N=528)
2026-04-14 12:04:24,841 - INFO - *******STOP GROWING CR RULE*******
2026-04-14 12:04:24,843 - INFO - *******GROWING CR RULE*******
2026-04-14 12:04:24,873 - INFO - Iteracja 0: condition_best: X2 <= 1.27, quality_best: 0.59, coverage_best: (p=328, n=89, P=342, N=397)
2026-04-14 12:04:24,873 - INFO - Regula po iteracji 0: IF X2 <= 1.27 THEN class = {619.14} [154.76, 1,083.52], (p=328, n=89, P=342, N=397)
2026-04-14 12:04:24,886 - INFO - Iteracja 1: condition_best: X3 <= 15.50, quality_best: 0.588, coverage_best: (p=303, n=83, P=329, N=410)
2026-04-14 12:04:24,886 - INFO - Regula po iteracji 1: IF X2 <= 1.27 AND X3 <= 15.50 THEN class = {568.09} [154.02, 982.16], (p=303, n=83, P=329, N=410)
2026-04-14 12:04:24,898 - INFO - Iteracja 2: condition_best: X4 >= 1.10, quality_best: 0.587, coverage_best: (p=294, n=81, P=324, N=415)
2026-04-14 12:04:24,898 - INFO - Regula po iteracji 2: IF X2 <= 1.27 AND X3 <= 15.50 AND X4 >= 1.10 THEN class = {579.64} [165.50, 993.78], (p=294, n=81, P=324, N=415)
2026-04-14 12:04:24,910 - INFO - Iteracja 3: condition_best: X3 >= 1.81, quality_best: 0.582, coverage_best: (p=286, n=80, P=320, N=419)
2026-04-14 12:04:24,911 - INFO - Regula po iteracji 3: IF X2 <= 1.27 AND X3 <= 15.50 AND X4 >= 1.10 AND X3 >= 1.81 THEN class = {589.73} [175.69, 1,003.78], (p=286, n=80, P=320, N=419)
2026-04-14 12:04:24,923 - INFO - Iteracja 4: condition_best: X4 >= 1.30, quality_best: 0.578, coverage_best: (p=276, n=78, P=315, N=424)
2026-04-14 12:04:24,923 - INFO - Regula po iteracji 4: IF X2 <= 1.27 AND X3 <= 15.50 AND X4 >= 1.10 AND X3 >= 1.81 AND X4 >= 1.30 THEN class = {603.27} [189.53, 1,017.01], (p=276, n=78, P=315, N=424)
2026-04-14 12:04:24,923 - INFO - *******STOP GROWING CR RULE*******
2026-04-14 12:04:24,924 - INFO - *******GROWING CR RULE*******
2026-04-14 12:04:24,954 - INFO - Iteracja 0: condition_best: X3 <= 22.05, quality_best: 0.583, coverage_best: (p=371, n=95, P=375, N=364)
2026-04-14 12:04:24,954 - INFO - Regula po iteracji 0: IF X3 <= 22.05 THEN class = {720.68} [147.79, 1,293.56], (p=371, n=95, P=375, N=364)
2026-04-14 12:04:24,969 - INFO - Iteracja 1: condition_best: X4 >= 10.25, quality_best: 0.6, coverage_best: (p=111, n=38, P=146, N=593)
2026-04-14 12:04:24,969 - INFO - Regula po iteracji 1: IF X3 <= 22.05 AND X4 >= 10.25 THEN class = {1,398.87} [890.06, 1,907.68], (p=111, n=38, P=146, N=593)
2026-04-14 12:04:24,978 - INFO - Iteracja 2: condition_best: X3 >= 9.98, quality_best: 0.634, coverage_best: (p=79, n=20, P=118, N=621)
2026-04-14 12:04:24,978 - INFO - Regula po iteracji 2: IF X3 <= 22.05 AND X4 >= 10.25 AND X3 >= 9.98 THEN class = {1,628.75} [1,165.61, 2,091.90], (p=79, n=20, P=118, N=621)
2026-04-14 12:04:24,984 - INFO - Iteracja 3: condition_best: X1 >= 0.75, quality_best: 0.608, coverage_best: (p=75, n=20, P=120, N=619)
2026-04-14 12:04:24,984 - INFO - Regula po iteracji 3: IF X3 <= 22.05 AND X4 >= 10.25 AND X3 >= 9.98 AND X1 >= 0.75 THEN class = {1,647.41} [1,184.05, 2,110.76], (p=75, n=20, P=120, N=619)
2026-04-14 12:04:24,989 - INFO - Iteracja 4: condition_best: X1 >= 0.85, quality_best: 0.608, coverage_best: (p=73, n=19, P=119, N=620)
2026-04-14 12:04:24,989 - INFO - Regula po iteracji 4: IF X3 <= 22.05 AND X4 >= 10.25 AND X3 >= 9.98 AND X1 >= 0.75 AND X1 >= 0.85 THEN class = {1,661.16} [1,197.04, 2,125.28], (p=73, n=19, P=119, N=620)
2026-04-14 12:04:24,989 - INFO - *******STOP GROWING CR RULE*******
2026-04-14 12:04:24,991 - INFO - *******GROWING CR RULE*******
2026-04-14 12:04:25,019 - INFO - Iteracja 0: condition_best: X2 <= 1.65, quality_best: 0.578, coverage_best: (p=368, n=95, P=375, N=364)
2026-04-14 12:04:25,019 - INFO - Regula po iteracji 0: IF X2 <= 1.65 THEN class = {723.59} [145.17, 1,302.01], (p=368, n=95, P=375, N=364)
2026-04-14 12:04:25,034 - INFO - Iteracja 1: condition_best: X3 >= 2.38, quality_best: 0.58, coverage_best: (p=347, n=90, P=364, N=375)
2026-04-14 12:04:25,034 - INFO - Regula po iteracji 1: IF X2 <= 1.65 AND X3 >= 2.38 THEN class = {755.22} [176.07, 1,334.37], (p=347, n=90, P=364, N=375)
2026-04-14 12:04:25,048 - INFO - Iteracja 2: condition_best: X4 >= 1.30, quality_best: 0.577, coverage_best: (p=331, n=86, P=358, N=381)
2026-04-14 12:04:25,048 - INFO - Regula po iteracji 2: IF X2 <= 1.65 AND X3 >= 2.38 AND X4 >= 1.30 THEN class = {779.43} [198.54, 1,360.31], (p=331, n=86, P=358, N=381)
2026-04-14 12:04:25,061 - INFO - Iteracja 3: condition_best: X3 >= 2.55, quality_best: 0.572, coverage_best: (p=326, n=86, P=356, N=383)
2026-04-14 12:04:25,061 - INFO - Regula po iteracji 3: IF X2 <= 1.65 AND X3 >= 2.38 AND X4 >= 1.30 AND X3 >= 2.55 THEN class = {786.19} [205.07, 1,367.31], (p=326, n=86, P=356, N=383)
2026-04-14 12:04:25,075 - INFO - Iteracja 4: condition_best: X4 >= 1.70, quality_best: 0.562, coverage_best: (p=300, n=87, P=333, N=406)
2026-04-14 12:04:25,075 - INFO - Regula po iteracji 4: IF X2 <= 1.65 AND X3 >= 2.38 AND X4 >= 1.30 AND X3 >= 2.55 AND X4 >= 1.70 THEN class = {819.29} [236.13, 1,402.46], (p=300, n=87, P=333, N=406)
2026-04-14 12:04:25,075 - INFO - *******STOP GROWING CR RULE*******
2026-04-14 12:04:25,077 - INFO - *******GROWING CR RULE*******
2026-04-14 12:04:25,106 - INFO - Iteracja 0: condition_best: X3 >= 61.64, quality_best: 0.577, coverage_best: (p=57, n=27, P=72, N=667)
2026-04-14 12:04:25,106 - INFO - Regula po iteracji 0: IF X3 >= 61.64 THEN class = {5,779.44} [4,433.90, 7,124.98], (p=57, n=27, P=72, N=667)
2026-04-14 12:04:25,110 - INFO - Iteracja 1: condition_best: X3 <= 131.25, quality_best: 0.602, coverage_best: (p=55, n=24, P=68, N=671)
2026-04-14 12:04:25,110 - INFO - Regula po iteracji 1: IF X3 >= 61.64 AND X3 <= 131.25 THEN class = {5,627.25} [4,392.62, 6,861.88], (p=55, n=24, P=68, N=671)
2026-04-14 12:04:25,114 - INFO - Iteracja 2: condition_best: X4 >= 20.50, quality_best: 0.597, coverage_best: (p=53, n=24, P=65, N=674)
2026-04-14 12:04:25,115 - INFO - Regula po iteracji 2: IF X3 >= 61.64 AND X3 <= 131.25 AND X4 >= 20.50 THEN class = {5,683.24} [4,483.22, 6,883.26], (p=53, n=24, P=65, N=674)
2026-04-14 12:04:25,119 - INFO - Iteracja 3: condition_best: X4 <= 153.75, quality_best: 0.602, coverage_best: (p=52, n=23, P=64, N=675)
2026-04-14 12:04:25,119 - INFO - Regula po iteracji 3: IF X3 >= 61.64 AND X3 <= 131.25 AND X4 >= 20.50 AND X4 <= 153.75 THEN class = {5,632.79} [4,457.86, 6,807.71], (p=52, n=23, P=64, N=675)
2026-04-14 12:04:25,123 - INFO - Iteracja 4: condition_best: X3 >= 64.13, quality_best: 0.607, coverage_best: (p=50, n=20, P=65, N=674)
2026-04-14 12:04:25,123 - INFO - Regula po iteracji 4: IF X3 >= 61.64 AND X3 <= 131.25 AND X4 >= 20.50 AND X4 <= 153.75 AND X3 >= 64.13 THEN class = {5,644.16} [4,463.61, 6,824.72], (p=50, n=20, P=65, N=674)
2026-04-14 12:04:25,123 - INFO - *******STOP GROWING CR RULE*******
2026-04-14 12:04:25,124 - INFO - *******GROWING CR RULE*******
2026-04-14 12:04:25,152 - INFO - Iteracja 0: condition_best: X3 >= 61.64, quality_best: 0.577, coverage_best: (p=57, n=27, P=72, N=667)
2026-04-14 12:04:25,152 - INFO - Regula po iteracji 0: IF X3 >= 61.64 THEN class = {5,779.44} [4,433.90, 7,124.98], (p=57, n=27, P=72, N=667)
2026-04-14 12:04:25,156 - INFO - Iteracja 1: condition_best: X3 <= 131.25, quality_best: 0.602, coverage_best: (p=55, n=24, P=68, N=671)
2026-04-14 12:04:25,156 - INFO - Regula po iteracji 1: IF X3 >= 61.64 AND X3 <= 131.25 THEN class = {5,627.25} [4,392.62, 6,861.88], (p=55, n=24, P=68, N=671)
2026-04-14 12:04:25,160 - INFO - Iteracja 2: condition_best: X4 >= 20.50, quality_best: 0.597, coverage_best: (p=53, n=24, P=65, N=674)
2026-04-14 12:04:25,160 - INFO - Regula po iteracji 2: IF X3 >= 61.64 AND X3 <= 131.25 AND X4 >= 20.50 THEN class = {5,683.24} [4,483.22, 6,883.26], (p=53, n=24, P=65, N=674)
2026-04-14 12:04:25,164 - INFO - Iteracja 3: condition_best: X4 <= 153.75, quality_best: 0.602, coverage_best: (p=52, n=23, P=64, N=675)
2026-04-14 12:04:25,164 - INFO - Regula po iteracji 3: IF X3 >= 61.64 AND X3 <= 131.25 AND X4 >= 20.50 AND X4 <= 153.75 THEN class = {5,632.79} [4,457.86, 6,807.71], (p=52, n=23, P=64, N=675)
2026-04-14 12:04:25,168 - INFO - Iteracja 4: condition_best: X3 <= 108.75, quality_best: 0.603, coverage_best: (p=49, n=20, P=64, N=675)
2026-04-14 12:04:25,168 - INFO - Regula po iteracji 4: IF X3 >= 61.64 AND X3 <= 131.25 AND X4 >= 20.50 AND X4 <= 153.75 AND X3 <= 108.75 THEN class = {5,490.50} [4,395.48, 6,585.52], (p=49, n=20, P=64, N=675)
2026-04-14 12:04:25,168 - INFO - *******STOP GROWING CR RULE*******
2026-04-14 12:04:25,169 - INFO - *******GROWING CR RULE*******
2026-04-14 12:04:25,197 - INFO - Iteracja 0: condition_best: X3 >= 61.64, quality_best: 0.577, coverage_best: (p=57, n=27, P=72, N=667)
2026-04-14 12:04:25,197 - INFO - Regula po iteracji 0: IF X3 >= 61.64 THEN class = {5,779.44} [4,433.90, 7,124.98], (p=57, n=27, P=72, N=667)
2026-04-14 12:04:25,201 - INFO - Iteracja 1: condition_best: X1 <= 10.25, quality_best: 0.569, coverage_best: (p=52, n=23, P=72, N=667)
2026-04-14 12:04:25,201 - INFO - Regula po iteracji 1: IF X3 >= 61.64 AND X1 <= 10.25 THEN class = {5,798.89} [4,440.46, 7,157.32], (p=52, n=23, P=72, N=667)
2026-04-14 12:04:25,204 - INFO - Iteracja 2: condition_best: X4 <= 131.25, quality_best: 0.563, coverage_best: (p=47, n=19, P=72, N=667)
2026-04-14 12:04:25,204 - INFO - Regula po iteracji 2: IF X3 >= 61.64 AND X1 <= 10.25 AND X4 <= 131.25 THEN class = {5,584.60} [4,304.37, 6,864.83], (p=47, n=19, P=72, N=667)
2026-04-14 12:04:25,207 - INFO - Iteracja 3: condition_best: X3 >= 64.13, quality_best: 0.62, coverage_best: (p=47, n=15, P=68, N=671)
2026-04-14 12:04:25,208 - INFO - Regula po iteracji 3: IF X3 >= 61.64 AND X1 <= 10.25 AND X4 <= 131.25 AND X3 >= 64.13 THEN class = {5,698.97} [4,465.64, 6,932.31], (p=47, n=15, P=68, N=671)
2026-04-14 12:04:25,211 - INFO - Iteracja 4: condition_best: X4 >= 28.75, quality_best: 0.567, coverage_best: (p=42, n=17, P=64, N=675)
2026-04-14 12:04:25,211 - INFO - Regula po iteracji 4: IF X3 >= 61.64 AND X1 <= 10.25 AND X4 <= 131.25 AND X3 >= 64.13 AND X4 >= 28.75 THEN class = {5,777.86} [4,565.48, 6,990.23], (p=42, n=17, P=64, N=675)
2026-04-14 12:04:25,211 - INFO - *******STOP GROWING CR RULE*******
2026-04-14 12:04:25,212 - INFO - *******GROWING CR RULE*******
2026-04-14 12:04:25,240 - INFO - Iteracja 0: condition_best: X3 >= 51.63, quality_best: 0.571, coverage_best: (p=74, n=35, P=92, N=647)
2026-04-14 12:04:25,240 - INFO - Regula po iteracji 0: IF X3 >= 51.63 THEN class = {5,460.92} [4,037.53, 6,884.31], (p=74, n=35, P=92, N=647)
2026-04-14 12:04:25,245 - INFO - Iteracja 1: condition_best: X4 >= 17.50, quality_best: 0.595, coverage_best: (p=74, n=33, P=89, N=650)
2026-04-14 12:04:25,245 - INFO - Regula po iteracji 1: IF X3 >= 51.63 AND X4 >= 17.50 THEN class = {5,507.10} [4,111.53, 6,902.68], (p=74, n=33, P=89, N=650)
2026-04-14 12:04:25,250 - INFO - Iteracja 2: condition_best: X4 >= 19.50, quality_best: 0.586, coverage_best: (p=71, n=34, P=84, N=655)
2026-04-14 12:04:25,250 - INFO - Regula po iteracji 2: IF X3 >= 51.63 AND X4 >= 17.50 AND X4 >= 19.50 THEN class = {5,545.88} [4,165.91, 6,925.84], (p=71, n=34, P=84, N=655)
2026-04-14 12:04:25,255 - INFO - Iteracja 3: condition_best: X4 <= 153.75, quality_best: 0.606, coverage_best: (p=71, n=29, P=88, N=651)
2026-04-14 12:04:25,255 - INFO - Regula po iteracji 3: IF X3 >= 51.63 AND X4 >= 17.50 AND X4 >= 19.50 AND X4 <= 153.75 THEN class = {5,462.61} [4,102.69, 6,822.52], (p=71, n=29, P=88, N=651)
2026-04-14 12:04:25,260 - INFO - Iteracja 4: condition_best: X4 >= 21.00, quality_best: 0.624, coverage_best: (p=71, n=28, P=85, N=654)
2026-04-14 12:04:25,260 - INFO - Regula po iteracji 4: IF X3 >= 51.63 AND X4 >= 17.50 AND X4 >= 19.50 AND X4 <= 153.75 AND X4 >= 21.00 THEN class = {5,484.25} [4,134.72, 6,833.77], (p=71, n=28, P=85, N=654)
2026-04-14 12:04:25,260 - INFO - *******STOP GROWING CR RULE*******
2026-04-14 12:04:25,261 - INFO - *******GROWING CR RULE*******
2026-04-14 12:04:25,289 - INFO - Iteracja 0: condition_best: X3 >= 51.63, quality_best: 0.571, coverage_best: (p=74, n=35, P=92, N=647)
2026-04-14 12:04:25,289 - INFO - Regula po iteracji 0: IF X3 >= 51.63 THEN class = {5,460.92} [4,037.53, 6,884.31], (p=74, n=35, P=92, N=647)
2026-04-14 12:04:25,294 - INFO - Iteracja 1: condition_best: X4 >= 17.50, quality_best: 0.595, coverage_best: (p=74, n=33, P=89, N=650)
2026-04-14 12:04:25,294 - INFO - Regula po iteracji 1: IF X3 >= 51.63 AND X4 >= 17.50 THEN class = {5,507.10} [4,111.53, 6,902.68], (p=74, n=33, P=89, N=650)
2026-04-14 12:04:25,299 - INFO - Iteracja 2: condition_best: X4 >= 19.50, quality_best: 0.586, coverage_best: (p=71, n=34, P=84, N=655)
2026-04-14 12:04:25,299 - INFO - Regula po iteracji 2: IF X3 >= 51.63 AND X4 >= 17.50 AND X4 >= 19.50 THEN class = {5,545.88} [4,165.91, 6,925.84], (p=71, n=34, P=84, N=655)
2026-04-14 12:04:25,304 - INFO - Iteracja 3: condition_best: X3 <= 131.25, quality_best: 0.585, coverage_best: (p=68, n=32, P=82, N=657)
2026-04-14 12:04:25,304 - INFO - Regula po iteracji 3: IF X3 >= 51.63 AND X4 >= 17.50 AND X4 >= 19.50 AND X3 <= 131.25 THEN class = {5,413.96} [4,139.24, 6,688.69], (p=68, n=32, P=82, N=657)
2026-04-14 12:04:25,309 - INFO - Iteracja 4: condition_best: X2 <= 7.88, quality_best: 0.579, coverage_best: (p=65, n=28, P=86, N=653)
2026-04-14 12:04:25,309 - INFO - Regula po iteracji 4: IF X3 >= 51.63 AND X4 >= 17.50 AND X4 >= 19.50 AND X3 <= 131.25 AND X2 <= 7.88 THEN class = {5,321.58} [4,076.92, 6,566.24], (p=65, n=28, P=86, N=653)
2026-04-14 12:04:25,309 - INFO - *******STOP GROWING CR RULE*******
2026-04-14 12:04:25,309 - INFO - *******GROWING CR RULE*******
2026-04-14 12:04:25,337 - INFO - Iteracja 0: condition_best: X3 >= 24.94, quality_best: 0.569, coverage_best: (p=180, n=81, P=189, N=550)
2026-04-14 12:04:25,337 - INFO - Regula po iteracji 0: IF X3 >= 24.94 THEN class = {3,950.74} [2,216.08, 5,685.41], (p=180, n=81, P=189, N=550)
2026-04-14 12:04:25,347 - INFO - Iteracja 1: condition_best: X3 <= 77.46, quality_best: 0.632, coverage_best: (p=158, n=54, P=176, N=563)
2026-04-14 12:04:25,347 - INFO - Regula po iteracji 1: IF X3 >= 24.94 AND X3 <= 77.46 THEN class = {3,386.38} [2,094.36, 4,678.41], (p=158, n=54, P=176, N=563)
2026-04-14 12:04:25,356 - INFO - Iteracja 2: condition_best: X4 >= 9.00, quality_best: 0.635, coverage_best: (p=155, n=54, P=170, N=569)
2026-04-14 12:04:25,356 - INFO - Regula po iteracji 2: IF X3 >= 24.94 AND X3 <= 77.46 AND X4 >= 9.00 THEN class = {3,417.21} [2,142.15, 4,692.27], (p=155, n=54, P=170, N=569)
2026-04-14 12:04:25,365 - INFO - Iteracja 3: condition_best: X2 <= 5.78, quality_best: 0.646, coverage_best: (p=145, n=49, P=160, N=579)
2026-04-14 12:04:25,365 - INFO - Regula po iteracji 3: IF X3 >= 24.94 AND X3 <= 77.46 AND X4 >= 9.00 AND X2 <= 5.78 THEN class = {3,278.20} [2,100.22, 4,456.18], (p=145, n=49, P=160, N=579)
2026-04-14 12:04:25,373 - INFO - Iteracja 4: condition_best: X3 <= 69.99, quality_best: 0.643, coverage_best: (p=141, n=45, P=163, N=576)
2026-04-14 12:04:25,374 - INFO - Regula po iteracji 4: IF X3 >= 24.94 AND X3 <= 77.46 AND X4 >= 9.00 AND X2 <= 5.78 AND X3 <= 69.99 THEN class = {3,223.23} [2,053.89, 4,392.57], (p=141, n=45, P=163, N=576)
2026-04-14 12:04:25,374 - INFO - *******STOP GROWING CR RULE*******
2026-04-14 12:04:25,374 - INFO - *******GROWING CR RULE*******
2026-04-14 12:04:25,401 - INFO - Iteracja 0: condition_best: X4 <= 19.50, quality_best: 0.724, coverage_best: (p=376, n=54, P=388, N=351)
2026-04-14 12:04:25,401 - INFO - Regula po iteracji 0: IF X4 <= 19.50 THEN class = {668.15} [87.13, 1,249.17], (p=376, n=54, P=388, N=351)
2026-04-14 12:04:25,417 - INFO - Iteracja 1: condition_best: X4 >= 1.10, quality_best: 0.71, coverage_best: (p=365, n=54, P=386, N=353)
2026-04-14 12:04:25,417 - INFO - Regula po iteracji 1: IF X4 <= 19.50 AND X4 >= 1.10 THEN class = {681.11} [98.35, 1,263.88], (p=365, n=54, P=386, N=353)
2026-04-14 12:04:25,434 - INFO - Iteracja 2: condition_best: X4 <= 13.25, quality_best: 0.717, coverage_best: (p=312, n=56, P=323, N=416)
2026-04-14 12:04:25,434 - INFO - Regula po iteracji 2: IF X4 <= 19.50 AND X4 >= 1.10 AND X4 <= 13.25 THEN class = {548.75} [140.79, 956.72], (p=312, n=56, P=323, N=416)
2026-04-14 12:04:25,447 - INFO - Iteracja 3: condition_best: X4 >= 1.30, quality_best: 0.725, coverage_best: (p=304, n=50, P=324, N=415)
2026-04-14 12:04:25,447 - INFO - Regula po iteracji 3: IF X4 <= 19.50 AND X4 >= 1.10 AND X4 <= 13.25 AND X4 >= 1.30 THEN class = {560.62} [150.89, 970.35], (p=304, n=50, P=324, N=415)
2026-04-14 12:04:25,461 - INFO - Iteracja 4: condition_best: X3 >= 1.81, quality_best: 0.708, coverage_best: (p=294, n=51, P=321, N=418)
2026-04-14 12:04:25,461 - INFO - Regula po iteracji 4: IF X4 <= 19.50 AND X4 >= 1.10 AND X4 <= 13.25 AND X4 >= 1.30 AND X3 >= 1.81 THEN class = {570.83} [160.82, 980.85], (p=294, n=51, P=321, N=418)
2026-04-14 12:04:25,461 - INFO - *******STOP GROWING CR RULE*******
2026-04-14 12:04:25,472 - INFO - ************************Finished experiment for ele-2.arff with algorithm_rer************************
2026-04-14 12:04:25,472 - INFO - *************************************************************************************************************************
2026-04-14 12:04:25,472 - INFO - *************************************************************************************************************************
2026-04-14 12:04:25,472 - INFO - *************************************************************************************************************************
2026-04-14 12:04:25,473 - INFO - **********Starting experiment for ele-2.arff with algorithm_rer_with_exceptions**********
2026-04-14 12:04:25,482 - INFO - *******GROWING CR RULE*******
2026-04-14 12:04:25,523 - INFO - Iteracja 0: condition_best: X4 <= 19.50, quality_best: 0.724, coverage_best: (p=376, n=54, P=388, N=351)
2026-04-14 12:04:25,523 - INFO - Regula po iteracji 0: IF X4 <= 19.50 THEN class = {668.15} [87.13, 1,249.17], (p=376, n=54, P=388, N=351)
2026-04-14 12:04:25,523 - INFO - *****GROWING RR RULE*****
2026-04-14 12:04:25,576 - INFO - Iteracja 0: condition_best: None, quality_best: -inf, coverage_best: (p=0, n=0, P=0, N=0), p_value: 0
2026-04-14 12:04:25,576 - INFO - Regula po iteracji 0: IF  THEN class = {1,877.30} [-29.03, 3,783.63], (p=617, n=122, P=617, N=122)
2026-04-14 12:04:25,576 - INFO - *****STOP GROWING RR RULE*****
2026-04-14 12:04:25,576 - INFO - ***RR NOT FOUND***
2026-04-14 12:04:25,597 - INFO - Iteracja 1: condition_best: X4 >= 1.10, quality_best: 0.71, coverage_best: (p=365, n=54, P=386, N=353)
2026-04-14 12:04:25,597 - INFO - Regula po iteracji 1: IF X4 <= 19.50 AND X4 >= 1.10 THEN class = {681.11} [98.35, 1,263.88], (p=365, n=54, P=386, N=353)
2026-04-14 12:04:25,597 - INFO - *****GROWING RR RULE*****
2026-04-14 12:04:25,650 - INFO - Iteracja 0: condition_best: None, quality_best: -inf, coverage_best: (p=0, n=0, P=0, N=0), p_value: 0
2026-04-14 12:04:25,650 - INFO - Regula po iteracji 0: IF  THEN class = {1,877.30} [-29.03, 3,783.63], (p=617, n=122, P=617, N=122)
2026-04-14 12:04:25,650 - INFO - *****STOP GROWING RR RULE*****
2026-04-14 12:04:25,650 - INFO - ***RR NOT FOUND***
2026-04-14 12:04:25,671 - INFO - Iteracja 2: condition_best: X4 <= 13.25, quality_best: 0.717, coverage_best: (p=312, n=56, P=323, N=416)
2026-04-14 12:04:25,671 - INFO - Regula po iteracji 2: IF X4 <= 19.50 AND X4 >= 1.10 AND X4 <= 13.25 THEN class = {548.75} [140.79, 956.72], (p=312, n=56, P=323, N=416)
2026-04-14 12:04:25,671 - INFO - *****GROWING RR RULE*****
2026-04-14 12:04:25,723 - INFO - Iteracja 0: condition_best: None, quality_best: -inf, coverage_best: (p=0, n=0, P=0, N=0), p_value: 0
2026-04-14 12:04:25,724 - INFO - Regula po iteracji 0: IF  THEN class = {1,877.30} [-29.03, 3,783.63], (p=617, n=122, P=617, N=122)
2026-04-14 12:04:25,724 - INFO - *****STOP GROWING RR RULE*****
2026-04-14 12:04:25,724 - INFO - ***RR NOT FOUND***
2026-04-14 12:04:25,741 - INFO - Iteracja 3: condition_best: X4 >= 1.30, quality_best: 0.725, coverage_best: (p=304, n=50, P=324, N=415)
2026-04-14 12:04:25,741 - INFO - Regula po iteracji 3: IF X4 <= 19.50 AND X4 >= 1.10 AND X4 <= 13.25 AND X4 >= 1.30 THEN class = {560.62} [150.89, 970.35], (p=304, n=50, P=324, N=415)
2026-04-14 12:04:25,741 - INFO - *****GROWING RR RULE*****
2026-04-14 12:04:25,793 - INFO - Iteracja 0: condition_best: None, quality_best: -inf, coverage_best: (p=0, n=0, P=0, N=0), p_value: 0
2026-04-14 12:04:25,793 - INFO - Regula po iteracji 0: IF  THEN class = {1,877.30} [-29.03, 3,783.63], (p=617, n=122, P=617, N=122)
2026-04-14 12:04:25,794 - INFO - *****STOP GROWING RR RULE*****
2026-04-14 12:04:25,794 - INFO - ***RR NOT FOUND***
2026-04-14 12:04:25,810 - INFO - Iteracja 4: condition_best: X3 >= 1.81, quality_best: 0.708, coverage_best: (p=294, n=51, P=321, N=418)
2026-04-14 12:04:25,810 - INFO - Regula po iteracji 4: IF X4 <= 19.50 AND X4 >= 1.10 AND X4 <= 13.25 AND X4 >= 1.30 AND X3 >= 1.81 THEN class = {570.83} [160.82, 980.85], (p=294, n=51, P=321, N=418)
2026-04-14 12:04:25,811 - INFO - *****GROWING RR RULE*****
2026-04-14 12:04:25,863 - INFO - Iteracja 0: condition_best: None, quality_best: -inf, coverage_best: (p=0, n=0, P=0, N=0), p_value: 0
2026-04-14 12:04:25,863 - INFO - Regula po iteracji 0: IF  THEN class = {1,877.30} [-29.03, 3,783.63], (p=617, n=122, P=617, N=122)
2026-04-14 12:04:25,863 - INFO - *****STOP GROWING RR RULE*****
2026-04-14 12:04:25,863 - INFO - ***RR NOT FOUND***
2026-04-14 12:04:25,863 - INFO - *******STOP GROWING CR RULE*******
2026-04-14 12:04:25,867 - INFO - *******GROWING CR RULE*******
2026-04-14 12:04:25,899 - INFO - Iteracja 0: condition_best: X4 <= 19.50, quality_best: 0.724, coverage_best: (p=376, n=54, P=388, N=351)
2026-04-14 12:04:25,900 - INFO - Regula po iteracji 0: IF X4 <= 19.50 THEN class = {668.15} [87.13, 1,249.17], (p=376, n=54, P=388, N=351)
2026-04-14 12:04:25,900 - INFO - *****GROWING RR RULE*****
2026-04-14 12:04:25,951 - INFO - Iteracja 0: condition_best: None, quality_best: -inf, coverage_best: (p=0, n=0, P=0, N=0), p_value: 0
2026-04-14 12:04:25,952 - INFO - Regula po iteracji 0: IF  THEN class = {1,877.30} [-29.03, 3,783.63], (p=617, n=122, P=617, N=122)
2026-04-14 12:04:25,952 - INFO - *****STOP GROWING RR RULE*****
2026-04-14 12:04:25,952 - INFO - ***RR NOT FOUND***
2026-04-14 12:04:25,970 - INFO - Iteracja 1: condition_best: X4 >= 1.10, quality_best: 0.71, coverage_best: (p=365, n=54, P=386, N=353)
2026-04-14 12:04:25,970 - INFO - Regula po iteracji 1: IF X4 <= 19.50 AND X4 >= 1.10 THEN class = {681.11} [98.35, 1,263.88], (p=365, n=54, P=386, N=353)
2026-04-14 12:04:25,970 - INFO - *****GROWING RR RULE*****
2026-04-14 12:04:26,022 - INFO - Iteracja 0: condition_best: None, quality_best: -inf, coverage_best: (p=0, n=0, P=0, N=0), p_value: 0
2026-04-14 12:04:26,022 - INFO - Regula po iteracji 0: IF  THEN class = {1,877.30} [-29.03, 3,783.63], (p=617, n=122, P=617, N=122)
2026-04-14 12:04:26,022 - INFO - *****STOP GROWING RR RULE*****
2026-04-14 12:04:26,022 - INFO - ***RR NOT FOUND***
2026-04-14 12:04:26,040 - INFO - Iteracja 2: condition_best: X4 <= 13.25, quality_best: 0.717, coverage_best: (p=312, n=56, P=323, N=416)
2026-04-14 12:04:26,040 - INFO - Regula po iteracji 2: IF X4 <= 19.50 AND X4 >= 1.10 AND X4 <= 13.25 THEN class = {548.75} [140.79, 956.72], (p=312, n=56, P=323, N=416)
2026-04-14 12:04:26,040 - INFO - *****GROWING RR RULE*****
2026-04-14 12:04:26,092 - INFO - Iteracja 0: condition_best: None, quality_best: -inf, coverage_best: (p=0, n=0, P=0, N=0), p_value: 0
2026-04-14 12:04:26,092 - INFO - Regula po iteracji 0: IF  THEN class = {1,877.30} [-29.03, 3,783.63], (p=617, n=122, P=617, N=122)
2026-04-14 12:04:26,092 - INFO - *****STOP GROWING RR RULE*****
2026-04-14 12:04:26,092 - INFO - ***RR NOT FOUND***
2026-04-14 12:04:26,107 - INFO - Iteracja 3: condition_best: X4 >= 1.30, quality_best: 0.725, coverage_best: (p=304, n=50, P=324, N=415)
2026-04-14 12:04:26,107 - INFO - Regula po iteracji 3: IF X4 <= 19.50 AND X4 >= 1.10 AND X4 <= 13.25 AND X4 >= 1.30 THEN class = {560.62} [150.89, 970.35], (p=304, n=50, P=324, N=415)
2026-04-14 12:04:26,107 - INFO - *****GROWING RR RULE*****
2026-04-14 12:04:26,159 - INFO - Iteracja 0: condition_best: None, quality_best: -inf, coverage_best: (p=0, n=0, P=0, N=0), p_value: 0
2026-04-14 12:04:26,159 - INFO - Regula po iteracji 0: IF  THEN class = {1,877.30} [-29.03, 3,783.63], (p=617, n=122, P=617, N=122)
2026-04-14 12:04:26,159 - INFO - *****STOP GROWING RR RULE*****
2026-04-14 12:04:26,160 - INFO - ***RR NOT FOUND***
2026-04-14 12:04:26,174 - INFO - Iteracja 4: condition_best: X4 >= 1.50, quality_best: 0.707, coverage_best: (p=292, n=49, P=324, N=415)
2026-04-14 12:04:26,174 - INFO - Regula po iteracji 4: IF X4 <= 19.50 AND X4 >= 1.10 AND X4 <= 13.25 AND X4 >= 1.30 AND X4 >= 1.50 THEN class = {573.63} [162.59, 984.67], (p=292, n=49, P=324, N=415)
2026-04-14 12:04:26,174 - INFO - *****GROWING RR RULE*****
2026-04-14 12:04:26,226 - INFO - Iteracja 0: condition_best: None, quality_best: -inf, coverage_best: (p=0, n=0, P=0, N=0), p_value: 0
2026-04-14 12:04:26,226 - INFO - Regula po iteracji 0: IF  THEN class = {1,877.30} [-29.03, 3,783.63], (p=617, n=122, P=617, N=122)
2026-04-14 12:04:26,226 - INFO - *****STOP GROWING RR RULE*****
2026-04-14 12:04:26,226 - INFO - ***RR NOT FOUND***
2026-04-14 12:04:26,226 - INFO - *******STOP GROWING CR RULE*******
2026-04-14 12:04:26,229 - INFO - *******GROWING CR RULE*******
2026-04-14 12:04:26,261 - INFO - Iteracja 0: condition_best: X4 <= 19.50, quality_best: 0.724, coverage_best: (p=376, n=54, P=388, N=351)
2026-04-14 12:04:26,261 - INFO - Regula po iteracji 0: IF X4 <= 19.50 THEN class = {668.15} [87.13, 1,249.17], (p=376, n=54, P=388, N=351)
2026-04-14 12:04:26,261 - INFO - *****GROWING RR RULE*****
2026-04-14 12:04:26,313 - INFO - Iteracja 0: condition_best: None, quality_best: -inf, coverage_best: (p=0, n=0, P=0, N=0), p_value: 0
2026-04-14 12:04:26,314 - INFO - Regula po iteracji 0: IF  THEN class = {1,877.30} [-29.03, 3,783.63], (p=617, n=122, P=617, N=122)
2026-04-14 12:04:26,314 - INFO - *****STOP GROWING RR RULE*****
2026-04-14 12:04:26,314 - INFO - ***RR NOT FOUND***
2026-04-14 12:04:26,332 - INFO - Iteracja 1: condition_best: X4 >= 1.10, quality_best: 0.71, coverage_best: (p=365, n=54, P=386, N=353)
2026-04-14 12:04:26,332 - INFO - Regula po iteracji 1: IF X4 <= 19.50 AND X4 >= 1.10 THEN class = {681.11} [98.35, 1,263.88], (p=365, n=54, P=386, N=353)
2026-04-14 12:04:26,332 - INFO - *****GROWING RR RULE*****
2026-04-14 12:04:26,386 - INFO - Iteracja 0: condition_best: None, quality_best: -inf, coverage_best: (p=0, n=0, P=0, N=0), p_value: 0
2026-04-14 12:04:26,386 - INFO - Regula po iteracji 0: IF  THEN class = {1,877.30} [-29.03, 3,783.63], (p=617, n=122, P=617, N=122)
2026-04-14 12:04:26,386 - INFO - *****STOP GROWING RR RULE*****
2026-04-14 12:04:26,386 - INFO - ***RR NOT FOUND***
2026-04-14 12:04:26,404 - INFO - Iteracja 2: condition_best: X4 <= 13.25, quality_best: 0.717, coverage_best: (p=312, n=56, P=323, N=416)
2026-04-14 12:04:26,404 - INFO - Regula po iteracji 2: IF X4 <= 19.50 AND X4 >= 1.10 AND X4 <= 13.25 THEN class = {548.75} [140.79, 956.72], (p=312, n=56, P=323, N=416)
2026-04-14 12:04:26,404 - INFO - *****GROWING RR RULE*****
2026-04-14 12:04:26,456 - INFO - Iteracja 0: condition_best: None, quality_best: -inf, coverage_best: (p=0, n=0, P=0, N=0), p_value: 0
2026-04-14 12:04:26,456 - INFO - Regula po iteracji 0: IF  THEN class = {1,877.30} [-29.03, 3,783.63], (p=617, n=122, P=617, N=122)
2026-04-14 12:04:26,456 - INFO - *****STOP GROWING RR RULE*****
2026-04-14 12:04:26,456 - INFO - ***RR NOT FOUND***
2026-04-14 12:04:26,473 - INFO - Iteracja 3: condition_best: X3 >= 1.81, quality_best: 0.717, coverage_best: (p=306, n=53, P=324, N=415)
2026-04-14 12:04:26,473 - INFO - Regula po iteracji 3: IF X4 <= 19.50 AND X4 >= 1.10 AND X4 <= 13.25 AND X3 >= 1.81 THEN class = {558.27} [149.78, 966.76], (p=306, n=53, P=324, N=415)
2026-04-14 12:04:26,473 - INFO - *****GROWING RR RULE*****
2026-04-14 12:04:26,525 - INFO - Iteracja 0: condition_best: None, quality_best: -inf, coverage_best: (p=0, n=0, P=0, N=0), p_value: 0
2026-04-14 12:04:26,525 - INFO - Regula po iteracji 0: IF  THEN class = {1,877.30} [-29.03, 3,783.63], (p=617, n=122, P=617, N=122)
2026-04-14 12:04:26,525 - INFO - *****STOP GROWING RR RULE*****
2026-04-14 12:04:26,525 - INFO - ***RR NOT FOUND***
2026-04-14 12:04:26,539 - INFO - Iteracja 4: condition_best: X3 >= 2.14, quality_best: 0.71, coverage_best: (p=300, n=52, P=324, N=415)
2026-04-14 12:04:26,540 - INFO - Regula po iteracji 4: IF X4 <= 19.50 AND X4 >= 1.10 AND X4 <= 13.25 AND X3 >= 1.81 AND X3 >= 2.14 THEN class = {566.20} [157.72, 974.69], (p=300, n=52, P=324, N=415)
2026-04-14 12:04:26,540 - INFO - *****GROWING RR RULE*****
2026-04-14 12:04:26,592 - INFO - Iteracja 0: condition_best: None, quality_best: -inf, coverage_best: (p=0, n=0, P=0, N=0), p_value: 0
2026-04-14 12:04:26,592 - INFO - Regula po iteracji 0: IF  THEN class = {1,877.30} [-29.03, 3,783.63], (p=617, n=122, P=617, N=122)
2026-04-14 12:04:26,592 - INFO - *****STOP GROWING RR RULE*****
2026-04-14 12:04:26,592 - INFO - ***RR NOT FOUND***
2026-04-14 12:04:26,592 - INFO - *******STOP GROWING CR RULE*******
2026-04-14 12:04:26,595 - INFO - *******GROWING CR RULE*******
2026-04-14 12:04:26,627 - INFO - Iteracja 0: condition_best: X4 <= 19.50, quality_best: 0.724, coverage_best: (p=376, n=54, P=388, N=351)
2026-04-14 12:04:26,627 - INFO - Regula po iteracji 0: IF X4 <= 19.50 THEN class = {668.15} [87.13, 1,249.17], (p=376, n=54, P=388, N=351)
2026-04-14 12:04:26,627 - INFO - *****GROWING RR RULE*****
2026-04-14 12:04:26,679 - INFO - Iteracja 0: condition_best: None, quality_best: -inf, coverage_best: (p=0, n=0, P=0, N=0), p_value: 0
2026-04-14 12:04:26,679 - INFO - Regula po iteracji 0: IF  THEN class = {1,877.30} [-29.03, 3,783.63], (p=617, n=122, P=617, N=122)
2026-04-14 12:04:26,679 - INFO - *****STOP GROWING RR RULE*****
2026-04-14 12:04:26,679 - INFO - ***RR NOT FOUND***
2026-04-14 12:04:26,697 - INFO - Iteracja 1: condition_best: X4 >= 1.10, quality_best: 0.71, coverage_best: (p=365, n=54, P=386, N=353)
2026-04-14 12:04:26,697 - INFO - Regula po iteracji 1: IF X4 <= 19.50 AND X4 >= 1.10 THEN class = {681.11} [98.35, 1,263.88], (p=365, n=54, P=386, N=353)
2026-04-14 12:04:26,697 - INFO - *****GROWING RR RULE*****
2026-04-14 12:04:26,749 - INFO - Iteracja 0: condition_best: None, quality_best: -inf, coverage_best: (p=0, n=0, P=0, N=0), p_value: 0
2026-04-14 12:04:26,749 - INFO - Regula po iteracji 0: IF  THEN class = {1,877.30} [-29.03, 3,783.63], (p=617, n=122, P=617, N=122)
2026-04-14 12:04:26,750 - INFO - *****STOP GROWING RR RULE*****
2026-04-14 12:04:26,750 - INFO - ***RR NOT FOUND***
2026-04-14 12:04:26,767 - INFO - Iteracja 2: condition_best: X4 >= 1.30, quality_best: 0.706, coverage_best: (p=354, n=51, P=386, N=353)
2026-04-14 12:04:26,767 - INFO - Regula po iteracji 2: IF X4 <= 19.50 AND X4 >= 1.10 AND X4 >= 1.30 THEN class = {696.06} [110.05, 1,282.07], (p=354, n=51, P=386, N=353)
2026-04-14 12:04:26,768 - INFO - *****GROWING RR RULE*****
2026-04-14 12:04:26,820 - INFO - Iteracja 0: condition_best: None, quality_best: -inf, coverage_best: (p=0, n=0, P=0, N=0), p_value: 0
2026-04-14 12:04:26,820 - INFO - Regula po iteracji 0: IF  THEN class = {1,877.30} [-29.03, 3,783.63], (p=617, n=122, P=617, N=122)
2026-04-14 12:04:26,820 - INFO - *****STOP GROWING RR RULE*****
2026-04-14 12:04:26,820 - INFO - ***RR NOT FOUND***
2026-04-14 12:04:26,837 - INFO - Iteracja 3: condition_best: X3 >= 1.81, quality_best: 0.694, coverage_best: (p=344, n=52, P=381, N=358)
2026-04-14 12:04:26,837 - INFO - Regula po iteracji 3: IF X4 <= 19.50 AND X4 >= 1.10 AND X4 >= 1.30 AND X3 >= 1.81 THEN class = {708.04} [120.91, 1,295.17], (p=344, n=52, P=381, N=358)
2026-04-14 12:04:26,838 - INFO - *****GROWING RR RULE*****
2026-04-14 12:04:26,890 - INFO - Iteracja 0: condition_best: None, quality_best: -inf, coverage_best: (p=0, n=0, P=0, N=0), p_value: 0
2026-04-14 12:04:26,890 - INFO - Regula po iteracji 0: IF  THEN class = {1,877.30} [-29.03, 3,783.63], (p=617, n=122, P=617, N=122)
2026-04-14 12:04:26,890 - INFO - *****STOP GROWING RR RULE*****
2026-04-14 12:04:26,890 - INFO - ***RR NOT FOUND***
2026-04-14 12:04:26,907 - INFO - Iteracja 4: condition_best: X2 <= 5.25, quality_best: 0.694, coverage_best: (p=340, n=54, P=371, N=368)
2026-04-14 12:04:26,907 - INFO - Regula po iteracji 4: IF X4 <= 19.50 AND X4 >= 1.10 AND X4 >= 1.30 AND X3 >= 1.81 AND X2 <= 5.25 THEN class = {694.01} [139.48, 1,248.53], (p=340, n=54, P=371, N=368)
2026-04-14 12:04:26,908 - INFO - *****GROWING RR RULE*****
2026-04-14 12:04:26,959 - INFO - Iteracja 0: condition_best: None, quality_best: -inf, coverage_best: (p=0, n=0, P=0, N=0), p_value: 0
2026-04-14 12:04:26,960 - INFO - Regula po iteracji 0: IF  THEN class = {1,877.30} [-29.03, 3,783.63], (p=617, n=122, P=617, N=122)
2026-04-14 12:04:26,960 - INFO - *****STOP GROWING RR RULE*****
2026-04-14 12:04:26,960 - INFO - ***RR NOT FOUND***
2026-04-14 12:04:26,960 - INFO - *******STOP GROWING CR RULE*******
2026-04-14 12:04:26,962 - INFO - *******GROWING CR RULE*******
2026-04-14 12:04:26,994 - INFO - Iteracja 0: condition_best: X4 <= 19.50, quality_best: 0.724, coverage_best: (p=376, n=54, P=388, N=351)
2026-04-14 12:04:26,994 - INFO - Regula po iteracji 0: IF X4 <= 19.50 THEN class = {668.15} [87.13, 1,249.17], (p=376, n=54, P=388, N=351)
2026-04-14 12:04:26,994 - INFO - *****GROWING RR RULE*****
2026-04-14 12:04:27,046 - INFO - Iteracja 0: condition_best: None, quality_best: -inf, coverage_best: (p=0, n=0, P=0, N=0), p_value: 0
2026-04-14 12:04:27,046 - INFO - Regula po iteracji 0: IF  THEN class = {1,877.30} [-29.03, 3,783.63], (p=617, n=122, P=617, N=122)
2026-04-14 12:04:27,046 - INFO - *****STOP GROWING RR RULE*****
2026-04-14 12:04:27,046 - INFO - ***RR NOT FOUND***
2026-04-14 12:04:27,063 - INFO - Iteracja 1: condition_best: X4 >= 1.10, quality_best: 0.71, coverage_best: (p=365, n=54, P=386, N=353)
2026-04-14 12:04:27,063 - INFO - Regula po iteracji 1: IF X4 <= 19.50 AND X4 >= 1.10 THEN class = {681.11} [98.35, 1,263.88], (p=365, n=54, P=386, N=353)
2026-04-14 12:04:27,064 - INFO - *****GROWING RR RULE*****
2026-04-14 12:04:27,116 - INFO - Iteracja 0: condition_best: None, quality_best: -inf, coverage_best: (p=0, n=0, P=0, N=0), p_value: 0
2026-04-14 12:04:27,116 - INFO - Regula po iteracji 0: IF  THEN class = {1,877.30} [-29.03, 3,783.63], (p=617, n=122, P=617, N=122)
2026-04-14 12:04:27,116 - INFO - *****STOP GROWING RR RULE*****
2026-04-14 12:04:27,116 - INFO - ***RR NOT FOUND***
2026-04-14 12:04:27,133 - INFO - Iteracja 2: condition_best: X3 >= 1.81, quality_best: 0.695, coverage_best: (p=356, n=54, P=387, N=352)
2026-04-14 12:04:27,133 - INFO - Regula po iteracji 2: IF X4 <= 19.50 AND X4 >= 1.10 AND X3 >= 1.81 THEN class = {692.35} [108.27, 1,276.43], (p=356, n=54, P=387, N=352)
2026-04-14 12:04:27,133 - INFO - *****GROWING RR RULE*****
2026-04-14 12:04:27,185 - INFO - Iteracja 0: condition_best: None, quality_best: -inf, coverage_best: (p=0, n=0, P=0, N=0), p_value: 0
2026-04-14 12:04:27,185 - INFO - Regula po iteracji 0: IF  THEN class = {1,877.30} [-29.03, 3,783.63], (p=617, n=122, P=617, N=122)
2026-04-14 12:04:27,185 - INFO - *****STOP GROWING RR RULE*****
2026-04-14 12:04:27,185 - INFO - ***RR NOT FOUND***
2026-04-14 12:04:27,202 - INFO - Iteracja 3: condition_best: X2 >= 0.16, quality_best: 0.663, coverage_best: (p=341, n=57, P=384, N=355)
2026-04-14 12:04:27,202 - INFO - Regula po iteracji 3: IF X4 <= 19.50 AND X4 >= 1.10 AND X3 >= 1.81 AND X2 >= 0.16 THEN class = {704.45} [116.00, 1,292.90], (p=341, n=57, P=384, N=355)
2026-04-14 12:04:27,203 - INFO - *****GROWING RR RULE*****
2026-04-14 12:04:27,255 - INFO - Iteracja 0: condition_best: None, quality_best: -inf, coverage_best: (p=0, n=0, P=0, N=0), p_value: 0
2026-04-14 12:04:27,255 - INFO - Regula po iteracji 0: IF  THEN class = {1,877.30} [-29.03, 3,783.63], (p=617, n=122, P=617, N=122)
2026-04-14 12:04:27,255 - INFO - *****STOP GROWING RR RULE*****
2026-04-14 12:04:27,255 - INFO - ***RR NOT FOUND***
2026-04-14 12:04:27,272 - INFO - Iteracja 4: condition_best: X1 >= 0.55, quality_best: 0.595, coverage_best: (p=299, n=58, P=380, N=359)
2026-04-14 12:04:27,272 - INFO - Regula po iteracji 4: IF X4 <= 19.50 AND X4 >= 1.10 AND X3 >= 1.81 AND X2 >= 0.16 AND X1 >= 0.55 THEN class = {740.86} [132.59, 1,349.14], (p=299, n=58, P=380, N=359)
2026-04-14 12:04:27,272 - INFO - *****GROWING RR RULE*****
2026-04-14 12:04:27,324 - INFO - Iteracja 0: condition_best: None, quality_best: -inf, coverage_best: (p=0, n=0, P=0, N=0), p_value: 0
2026-04-14 12:04:27,324 - INFO - Regula po iteracji 0: IF  THEN class = {1,877.30} [-29.03, 3,783.63], (p=617, n=122, P=617, N=122)
2026-04-14 12:04:27,324 - INFO - *****STOP GROWING RR RULE*****
2026-04-14 12:04:27,324 - INFO - ***RR NOT FOUND***
2026-04-14 12:04:27,324 - INFO - *******STOP GROWING CR RULE*******
2026-04-14 12:04:27,327 - INFO - *******GROWING CR RULE*******
2026-04-14 12:04:27,358 - INFO - Iteracja 0: condition_best: X4 <= 19.50, quality_best: 0.724, coverage_best: (p=376, n=54, P=388, N=351)
2026-04-14 12:04:27,358 - INFO - Regula po iteracji 0: IF X4 <= 19.50 THEN class = {668.15} [87.13, 1,249.17], (p=376, n=54, P=388, N=351)
2026-04-14 12:04:27,358 - INFO - *****GROWING RR RULE*****
2026-04-14 12:04:27,410 - INFO - Iteracja 0: condition_best: None, quality_best: -inf, coverage_best: (p=0, n=0, P=0, N=0), p_value: 0
2026-04-14 12:04:27,410 - INFO - Regula po iteracji 0: IF  THEN class = {1,877.30} [-29.03, 3,783.63], (p=617, n=122, P=617, N=122)
2026-04-14 12:04:27,410 - INFO - *****STOP GROWING RR RULE*****
2026-04-14 12:04:27,410 - INFO - ***RR NOT FOUND***
2026-04-14 12:04:27,427 - INFO - Iteracja 1: condition_best: X3 >= 2.14, quality_best: 0.704, coverage_best: (p=359, n=53, P=387, N=352)
2026-04-14 12:04:27,427 - INFO - Regula po iteracji 1: IF X4 <= 19.50 AND X3 >= 2.14 THEN class = {690.61} [107.41, 1,273.81], (p=359, n=53, P=387, N=352)
2026-04-14 12:04:27,427 - INFO - *****GROWING RR RULE*****
2026-04-14 12:04:27,479 - INFO - Iteracja 0: condition_best: None, quality_best: -inf, coverage_best: (p=0, n=0, P=0, N=0), p_value: 0
2026-04-14 12:04:27,479 - INFO - Regula po iteracji 0: IF  THEN class = {1,877.30} [-29.03, 3,783.63], (p=617, n=122, P=617, N=122)
2026-04-14 12:04:27,479 - INFO - *****STOP GROWING RR RULE*****
2026-04-14 12:04:27,479 - INFO - ***RR NOT FOUND***
2026-04-14 12:04:27,496 - INFO - Iteracja 2: condition_best: X4 <= 13.25, quality_best: 0.719, coverage_best: (p=308, n=53, P=325, N=414)
2026-04-14 12:04:27,496 - INFO - Regula po iteracji 2: IF X4 <= 19.50 AND X3 >= 2.14 AND X4 <= 13.25 THEN class = {557.03} [149.32, 964.73], (p=308, n=53, P=325, N=414)
2026-04-14 12:04:27,496 - INFO - *****GROWING RR RULE*****
2026-04-14 12:04:27,548 - INFO - Iteracja 0: condition_best: None, quality_best: -inf, coverage_best: (p=0, n=0, P=0, N=0), p_value: 0
2026-04-14 12:04:27,548 - INFO - Regula po iteracji 0: IF  THEN class = {1,877.30} [-29.03, 3,783.63], (p=617, n=122, P=617, N=122)
2026-04-14 12:04:27,549 - INFO - *****STOP GROWING RR RULE*****
2026-04-14 12:04:27,549 - INFO - ***RR NOT FOUND***
2026-04-14 12:04:27,563 - INFO - Iteracja 3: condition_best: X3 >= 2.38, quality_best: 0.708, coverage_best: (p=301, n=52, P=326, N=413)
2026-04-14 12:04:27,563 - INFO - Regula po iteracji 3: IF X4 <= 19.50 AND X3 >= 2.14 AND X4 <= 13.25 AND X3 >= 2.38 THEN class = {563.37} [154.63, 972.10], (p=301, n=52, P=326, N=413)
2026-04-14 12:04:27,563 - INFO - *****GROWING RR RULE*****
2026-04-14 12:04:27,615 - INFO - Iteracja 0: condition_best: None, quality_best: -inf, coverage_best: (p=0, n=0, P=0, N=0), p_value: 0
2026-04-14 12:04:27,615 - INFO - Regula po iteracji 0: IF  THEN class = {1,877.30} [-29.03, 3,783.63], (p=617, n=122, P=617, N=122)
2026-04-14 12:04:27,615 - INFO - *****STOP GROWING RR RULE*****
2026-04-14 12:04:27,615 - INFO - ***RR NOT FOUND***
2026-04-14 12:04:27,629 - INFO - Iteracja 4: condition_best: X3 >= 2.55, quality_best: 0.697, coverage_best: (p=293, n=53, P=321, N=418)
2026-04-14 12:04:27,630 - INFO - Regula po iteracji 4: IF X4 <= 19.50 AND X3 >= 2.14 AND X4 <= 13.25 AND X3 >= 2.38 AND X3 >= 2.55 THEN class = {571.00} [161.81, 980.18], (p=293, n=53, P=321, N=418)
2026-04-14 12:04:27,630 - INFO - *****GROWING RR RULE*****
2026-04-14 12:04:27,682 - INFO - Iteracja 0: condition_best: None, quality_best: -inf, coverage_best: (p=0, n=0, P=0, N=0), p_value: 0
2026-04-14 12:04:27,682 - INFO - Regula po iteracji 0: IF  THEN class = {1,877.30} [-29.03, 3,783.63], (p=617, n=122, P=617, N=122)
2026-04-14 12:04:27,682 - INFO - *****STOP GROWING RR RULE*****
2026-04-14 12:04:27,682 - INFO - ***RR NOT FOUND***
2026-04-14 12:04:27,682 - INFO - *******STOP GROWING CR RULE*******
2026-04-14 12:04:27,684 - INFO - *******GROWING CR RULE*******
2026-04-14 12:04:27,716 - INFO - Iteracja 0: condition_best: X4 <= 22.25, quality_best: 0.659, coverage_best: (p=393, n=67, P=410, N=329)
2026-04-14 12:04:27,716 - INFO - Regula po iteracji 0: IF X4 <= 22.25 THEN class = {757.23} [65.90, 1,448.56], (p=393, n=67, P=410, N=329)
2026-04-14 12:04:27,716 - INFO - *****GROWING RR RULE*****
2026-04-14 12:04:27,767 - INFO - Iteracja 0: condition_best: None, quality_best: -inf, coverage_best: (p=0, n=0, P=0, N=0), p_value: 0
2026-04-14 12:04:27,767 - INFO - Regula po iteracji 0: IF  THEN class = {1,877.30} [-29.03, 3,783.63], (p=617, n=122, P=617, N=122)
2026-04-14 12:04:27,768 - INFO - *****STOP GROWING RR RULE*****
2026-04-14 12:04:27,768 - INFO - ***RR NOT FOUND***
2026-04-14 12:04:27,787 - INFO - Iteracja 1: condition_best: X2 <= 6.15, quality_best: 0.657, coverage_best: (p=388, n=70, P=400, N=339)
2026-04-14 12:04:27,787 - INFO - Regula po iteracji 1: IF X4 <= 22.25 AND X2 <= 6.15 THEN class = {742.27} [87.65, 1,396.89], (p=388, n=70, P=400, N=339)
2026-04-14 12:04:27,787 - INFO - *****GROWING RR RULE*****
2026-04-14 12:04:27,839 - INFO - Iteracja 0: condition_best: None, quality_best: -inf, coverage_best: (p=0, n=0, P=0, N=0), p_value: 0
2026-04-14 12:04:27,839 - INFO - Regula po iteracji 0: IF  THEN class = {1,877.30} [-29.03, 3,783.63], (p=617, n=122, P=617, N=122)
2026-04-14 12:04:27,839 - INFO - *****STOP GROWING RR RULE*****
2026-04-14 12:04:27,839 - INFO - ***RR NOT FOUND***
2026-04-14 12:04:27,858 - INFO - Iteracja 2: condition_best: X2 <= 3.45, quality_best: 0.655, coverage_best: (p=376, n=73, P=384, N=355)
2026-04-14 12:04:27,858 - INFO - Regula po iteracji 2: IF X4 <= 22.25 AND X2 <= 6.15 AND X2 <= 3.45 THEN class = {699.65} [116.18, 1,283.12], (p=376, n=73, P=384, N=355)
2026-04-14 12:04:27,858 - INFO - *****GROWING RR RULE*****
2026-04-14 12:04:27,910 - INFO - Iteracja 0: condition_best: None, quality_best: -inf, coverage_best: (p=0, n=0, P=0, N=0), p_value: 0
2026-04-14 12:04:27,910 - INFO - Regula po iteracji 0: IF  THEN class = {1,877.30} [-29.03, 3,783.63], (p=617, n=122, P=617, N=122)
2026-04-14 12:04:27,910 - INFO - *****STOP GROWING RR RULE*****
2026-04-14 12:04:27,910 - INFO - ***RR NOT FOUND***
2026-04-14 12:04:27,928 - INFO - Iteracja 3: condition_best: X4 >= 1.30, quality_best: 0.646, coverage_best: (p=354, n=70, P=375, N=364)
2026-04-14 12:04:27,928 - INFO - Regula po iteracji 3: IF X4 <= 22.25 AND X2 <= 6.15 AND X2 <= 3.45 AND X4 >= 1.30 THEN class = {728.17} [141.35, 1,314.99], (p=354, n=70, P=375, N=364)
2026-04-14 12:04:27,929 - INFO - *****GROWING RR RULE*****
2026-04-14 12:04:27,981 - INFO - Iteracja 0: condition_best: None, quality_best: -inf, coverage_best: (p=0, n=0, P=0, N=0), p_value: 0
2026-04-14 12:04:27,981 - INFO - Regula po iteracji 0: IF  THEN class = {1,877.30} [-29.03, 3,783.63], (p=617, n=122, P=617, N=122)
2026-04-14 12:04:27,981 - INFO - *****STOP GROWING RR RULE*****
2026-04-14 12:04:27,981 - INFO - ***RR NOT FOUND***
2026-04-14 12:04:27,998 - INFO - Iteracja 4: condition_best: X3 <= 51.21, quality_best: 0.646, coverage_best: (p=353, n=70, P=374, N=365)
2026-04-14 12:04:27,998 - INFO - Regula po iteracji 4: IF X4 <= 22.25 AND X2 <= 6.15 AND X2 <= 3.45 AND X4 >= 1.30 AND X3 <= 51.21 THEN class = {721.31} [151.02, 1,291.61], (p=353, n=70, P=374, N=365)
2026-04-14 12:04:27,999 - INFO - *****GROWING RR RULE*****
2026-04-14 12:04:28,051 - INFO - Iteracja 0: condition_best: None, quality_best: -inf, coverage_best: (p=0, n=0, P=0, N=0), p_value: 0
2026-04-14 12:04:28,051 - INFO - Regula po iteracji 0: IF  THEN class = {1,877.30} [-29.03, 3,783.63], (p=617, n=122, P=617, N=122)
2026-04-14 12:04:28,051 - INFO - *****STOP GROWING RR RULE*****
2026-04-14 12:04:28,051 - INFO - ***RR NOT FOUND***
2026-04-14 12:04:28,051 - INFO - *******STOP GROWING CR RULE*******
2026-04-14 12:04:28,053 - INFO - *******GROWING CR RULE*******
2026-04-14 12:04:28,084 - INFO - Iteracja 0: condition_best: X4 <= 22.25, quality_best: 0.659, coverage_best: (p=393, n=67, P=410, N=329)
2026-04-14 12:04:28,084 - INFO - Regula po iteracji 0: IF X4 <= 22.25 THEN class = {757.23} [65.90, 1,448.56], (p=393, n=67, P=410, N=329)
2026-04-14 12:04:28,084 - INFO - *****GROWING RR RULE*****
2026-04-14 12:04:28,136 - INFO - Iteracja 0: condition_best: None, quality_best: -inf, coverage_best: (p=0, n=0, P=0, N=0), p_value: 0
2026-04-14 12:04:28,136 - INFO - Regula po iteracji 0: IF  THEN class = {1,877.30} [-29.03, 3,783.63], (p=617, n=122, P=617, N=122)
2026-04-14 12:04:28,136 - INFO - *****STOP GROWING RR RULE*****
2026-04-14 12:04:28,136 - INFO - ***RR NOT FOUND***
2026-04-14 12:04:28,155 - INFO - Iteracja 1: condition_best: X2 <= 6.15, quality_best: 0.657, coverage_best: (p=388, n=70, P=400, N=339)
2026-04-14 12:04:28,155 - INFO - Regula po iteracji 1: IF X4 <= 22.25 AND X2 <= 6.15 THEN class = {742.27} [87.65, 1,396.89], (p=388, n=70, P=400, N=339)
2026-04-14 12:04:28,155 - INFO - *****GROWING RR RULE*****
2026-04-14 12:04:28,207 - INFO - Iteracja 0: condition_best: None, quality_best: -inf, coverage_best: (p=0, n=0, P=0, N=0), p_value: 0
2026-04-14 12:04:28,207 - INFO - Regula po iteracji 0: IF  THEN class = {1,877.30} [-29.03, 3,783.63], (p=617, n=122, P=617, N=122)
2026-04-14 12:04:28,207 - INFO - *****STOP GROWING RR RULE*****
2026-04-14 12:04:28,208 - INFO - ***RR NOT FOUND***
2026-04-14 12:04:28,226 - INFO - Iteracja 2: condition_best: X2 <= 3.45, quality_best: 0.655, coverage_best: (p=376, n=73, P=384, N=355)
2026-04-14 12:04:28,226 - INFO - Regula po iteracji 2: IF X4 <= 22.25 AND X2 <= 6.15 AND X2 <= 3.45 THEN class = {699.65} [116.18, 1,283.12], (p=376, n=73, P=384, N=355)
2026-04-14 12:04:28,227 - INFO - *****GROWING RR RULE*****
2026-04-14 12:04:28,278 - INFO - Iteracja 0: condition_best: None, quality_best: -inf, coverage_best: (p=0, n=0, P=0, N=0), p_value: 0
2026-04-14 12:04:28,278 - INFO - Regula po iteracji 0: IF  THEN class = {1,877.30} [-29.03, 3,783.63], (p=617, n=122, P=617, N=122)
2026-04-14 12:04:28,278 - INFO - *****STOP GROWING RR RULE*****
2026-04-14 12:04:28,278 - INFO - ***RR NOT FOUND***
2026-04-14 12:04:28,296 - INFO - Iteracja 3: condition_best: None, quality_best: -inf, coverage_best: (p=0, n=0, P=0, N=0)
2026-04-14 12:04:28,296 - INFO - Regula po iteracji 3: IF X4 <= 22.25 AND X2 <= 6.15 AND X2 <= 3.45 THEN class = {699.65} [116.18, 1,283.12], (p=376, n=73, P=384, N=355)
2026-04-14 12:04:28,296 - INFO - *******STOP GROWING CR RULE*******
2026-04-14 12:04:28,298 - INFO - *******GROWING CR RULE*******
2026-04-14 12:04:28,329 - INFO - Iteracja 0: condition_best: X4 <= 22.25, quality_best: 0.659, coverage_best: (p=393, n=67, P=410, N=329)
2026-04-14 12:04:28,329 - INFO - Regula po iteracji 0: IF X4 <= 22.25 THEN class = {757.23} [65.90, 1,448.56], (p=393, n=67, P=410, N=329)
2026-04-14 12:04:28,329 - INFO - *****GROWING RR RULE*****
2026-04-14 12:04:28,380 - INFO - Iteracja 0: condition_best: None, quality_best: -inf, coverage_best: (p=0, n=0, P=0, N=0), p_value: 0
2026-04-14 12:04:28,381 - INFO - Regula po iteracji 0: IF  THEN class = {1,877.30} [-29.03, 3,783.63], (p=617, n=122, P=617, N=122)
2026-04-14 12:04:28,381 - INFO - *****STOP GROWING RR RULE*****
2026-04-14 12:04:28,381 - INFO - ***RR NOT FOUND***
2026-04-14 12:04:28,399 - INFO - Iteracja 1: condition_best: X3 >= 2.14, quality_best: 0.646, coverage_best: (p=379, n=63, P=415, N=324)
2026-04-14 12:04:28,400 - INFO - Regula po iteracji 1: IF X4 <= 22.25 AND X3 >= 2.14 THEN class = {781.79} [87.65, 1,475.93], (p=379, n=63, P=415, N=324)
2026-04-14 12:04:28,400 - INFO - *****GROWING RR RULE*****
2026-04-14 12:04:28,451 - INFO - Iteracja 0: condition_best: None, quality_best: -inf, coverage_best: (p=0, n=0, P=0, N=0), p_value: 0
2026-04-14 12:04:28,452 - INFO - Regula po iteracji 0: IF  THEN class = {1,877.30} [-29.03, 3,783.63], (p=617, n=122, P=617, N=122)
2026-04-14 12:04:28,452 - INFO - *****STOP GROWING RR RULE*****
2026-04-14 12:04:28,452 - INFO - ***RR NOT FOUND***
2026-04-14 12:04:28,470 - INFO - Iteracja 2: condition_best: X3 >= 2.38, quality_best: 0.636, coverage_best: (p=372, n=62, P=417, N=322)
2026-04-14 12:04:28,470 - INFO - Regula po iteracji 2: IF X4 <= 22.25 AND X3 >= 2.14 AND X3 >= 2.38 THEN class = {791.09} [94.65, 1,487.54], (p=372, n=62, P=417, N=322)
2026-04-14 12:04:28,471 - INFO - *****GROWING RR RULE*****
2026-04-14 12:04:28,522 - INFO - Iteracja 0: condition_best: None, quality_best: -inf, coverage_best: (p=0, n=0, P=0, N=0), p_value: 0
2026-04-14 12:04:28,522 - INFO - Regula po iteracji 0: IF  THEN class = {1,877.30} [-29.03, 3,783.63], (p=617, n=122, P=617, N=122)
2026-04-14 12:04:28,522 - INFO - *****STOP GROWING RR RULE*****
2026-04-14 12:04:28,522 - INFO - ***RR NOT FOUND***
2026-04-14 12:04:28,541 - INFO - Iteracja 3: condition_best: X3 >= 2.55, quality_best: 0.632, coverage_best: (p=365, n=62, P=413, N=326)
2026-04-14 12:04:28,541 - INFO - Regula po iteracji 3: IF X4 <= 22.25 AND X3 >= 2.14 AND X3 >= 2.38 AND X3 >= 2.55 THEN class = {801.01} [103.28, 1,498.74], (p=365, n=62, P=413, N=326)
2026-04-14 12:04:28,541 - INFO - *****GROWING RR RULE*****
2026-04-14 12:04:28,593 - INFO - Iteracja 0: condition_best: None, quality_best: -inf, coverage_best: (p=0, n=0, P=0, N=0), p_value: 0
2026-04-14 12:04:28,593 - INFO - Regula po iteracji 0: IF  THEN class = {1,877.30} [-29.03, 3,783.63], (p=617, n=122, P=617, N=122)
2026-04-14 12:04:28,594 - INFO - *****STOP GROWING RR RULE*****
2026-04-14 12:04:28,594 - INFO - ***RR NOT FOUND***
2026-04-14 12:04:28,612 - INFO - Iteracja 4: condition_best: X4 >= 1.30, quality_best: 0.627, coverage_best: (p=350, n=59, P=410, N=329)
2026-04-14 12:04:28,612 - INFO - Regula po iteracji 4: IF X4 <= 22.25 AND X3 >= 2.14 AND X3 >= 2.38 AND X3 >= 2.55 AND X4 >= 1.30 THEN class = {824.48} [121.63, 1,527.34], (p=350, n=59, P=410, N=329)
2026-04-14 12:04:28,612 - INFO - *****GROWING RR RULE*****
2026-04-14 12:04:28,664 - INFO - Iteracja 0: condition_best: None, quality_best: -inf, coverage_best: (p=0, n=0, P=0, N=0), p_value: 0
2026-04-14 12:04:28,664 - INFO - Regula po iteracji 0: IF  THEN class = {1,877.30} [-29.03, 3,783.63], (p=617, n=122, P=617, N=122)
2026-04-14 12:04:28,665 - INFO - *****STOP GROWING RR RULE*****
2026-04-14 12:04:28,665 - INFO - ***RR NOT FOUND***
2026-04-14 12:04:28,665 - INFO - *******STOP GROWING CR RULE*******
2026-04-14 12:04:28,667 - INFO - *******GROWING CR RULE*******
2026-04-14 12:04:28,697 - INFO - Iteracja 0: condition_best: X4 <= 23.75, quality_best: 0.652, coverage_best: (p=398, n=71, P=409, N=330)
2026-04-14 12:04:28,697 - INFO - Regula po iteracji 0: IF X4 <= 23.75 THEN class = {768.11} [78.72, 1,457.50], (p=398, n=71, P=409, N=330)
2026-04-14 12:04:28,698 - INFO - *****GROWING RR RULE*****
2026-04-14 12:04:28,749 - INFO - Iteracja 0: condition_best: None, quality_best: -inf, coverage_best: (p=0, n=0, P=0, N=0), p_value: 0
2026-04-14 12:04:28,749 - INFO - Regula po iteracji 0: IF  THEN class = {1,877.30} [-29.03, 3,783.63], (p=617, n=122, P=617, N=122)
2026-04-14 12:04:28,749 - INFO - *****STOP GROWING RR RULE*****
2026-04-14 12:04:28,749 - INFO - ***RR NOT FOUND***
2026-04-14 12:04:28,768 - INFO - Iteracja 1: condition_best: X3 >= 1.81, quality_best: 0.653, coverage_best: (p=392, n=66, P=415, N=324)
2026-04-14 12:04:28,768 - INFO - Regula po iteracji 1: IF X4 <= 23.75 AND X3 >= 1.81 THEN class = {782.94} [92.12, 1,473.75], (p=392, n=66, P=415, N=324)
2026-04-14 12:04:28,769 - INFO - *****GROWING RR RULE*****
2026-04-14 12:04:28,820 - INFO - Iteracja 0: condition_best: None, quality_best: -inf, coverage_best: (p=0, n=0, P=0, N=0), p_value: 0
2026-04-14 12:04:28,820 - INFO - Regula po iteracji 0: IF  THEN class = {1,877.30} [-29.03, 3,783.63], (p=617, n=122, P=617, N=122)
2026-04-14 12:04:28,821 - INFO - *****STOP GROWING RR RULE*****
2026-04-14 12:04:28,821 - INFO - ***RR NOT FOUND***
2026-04-14 12:04:28,839 - INFO - Iteracja 2: condition_best: X4 >= 1.50, quality_best: 0.655, coverage_best: (p=363, n=59, P=405, N=334)
2026-04-14 12:04:28,840 - INFO - Regula po iteracji 2: IF X4 <= 23.75 AND X3 >= 1.81 AND X4 >= 1.50 THEN class = {830.50} [132.54, 1,528.45], (p=363, n=59, P=405, N=334)
2026-04-14 12:04:28,840 - INFO - *****GROWING RR RULE*****
2026-04-14 12:04:28,892 - INFO - Iteracja 0: condition_best: None, quality_best: -inf, coverage_best: (p=0, n=0, P=0, N=0), p_value: 0
2026-04-14 12:04:28,892 - INFO - Regula po iteracji 0: IF  THEN class = {1,877.30} [-29.03, 3,783.63], (p=617, n=122, P=617, N=122)
2026-04-14 12:04:28,892 - INFO - *****STOP GROWING RR RULE*****
2026-04-14 12:04:28,892 - INFO - ***RR NOT FOUND***
2026-04-14 12:04:28,910 - INFO - Iteracja 3: condition_best: X3 >= 2.14, quality_best: 0.65, coverage_best: (p=359, n=59, P=404, N=335)
2026-04-14 12:04:28,910 - INFO - Regula po iteracji 3: IF X4 <= 23.75 AND X3 >= 1.81 AND X4 >= 1.50 AND X3 >= 2.14 THEN class = {836.38} [137.71, 1,535.05], (p=359, n=59, P=404, N=335)
2026-04-14 12:04:28,910 - INFO - *****GROWING RR RULE*****
2026-04-14 12:04:28,962 - INFO - Iteracja 0: condition_best: None, quality_best: -inf, coverage_best: (p=0, n=0, P=0, N=0), p_value: 0
2026-04-14 12:04:28,963 - INFO - Regula po iteracji 0: IF  THEN class = {1,877.30} [-29.03, 3,783.63], (p=617, n=122, P=617, N=122)
2026-04-14 12:04:28,963 - INFO - *****STOP GROWING RR RULE*****
2026-04-14 12:04:28,963 - INFO - ***RR NOT FOUND***
2026-04-14 12:04:28,981 - INFO - Iteracja 4: condition_best: X3 >= 4.57, quality_best: 0.642, coverage_best: (p=291, n=47, P=372, N=367)
2026-04-14 12:04:28,981 - INFO - Regula po iteracji 4: IF X4 <= 23.75 AND X3 >= 1.81 AND X4 >= 1.50 AND X3 >= 2.14 AND X3 >= 4.57 THEN class = {959.81} [240.80, 1,678.82], (p=291, n=47, P=372, N=367)
2026-04-14 12:04:28,981 - INFO - *****GROWING RR RULE*****
2026-04-14 12:04:29,034 - INFO - Iteracja 0: condition_best: None, quality_best: -inf, coverage_best: (p=0, n=0, P=0, N=0), p_value: 0
2026-04-14 12:04:29,034 - INFO - Regula po iteracji 0: IF  THEN class = {1,877.30} [-29.03, 3,783.63], (p=617, n=122, P=617, N=122)
2026-04-14 12:04:29,034 - INFO - *****STOP GROWING RR RULE*****
2026-04-14 12:04:29,034 - INFO - ***RR NOT FOUND***
2026-04-14 12:04:29,034 - INFO - *******STOP GROWING CR RULE*******
2026-04-14 12:04:29,036 - INFO - *******GROWING CR RULE*******
2026-04-14 12:04:29,066 - INFO - Iteracja 0: condition_best: X4 <= 27.50, quality_best: 0.646, coverage_best: (p=424, n=69, P=438, N=301)
2026-04-14 12:04:29,066 - INFO - Regula po iteracji 0: IF X4 <= 27.50 THEN class = {846.98} [66.39, 1,627.58], (p=424, n=69, P=438, N=301)
2026-04-14 12:04:29,067 - INFO - *****GROWING RR RULE*****
2026-04-14 12:04:29,118 - INFO - Iteracja 0: condition_best: None, quality_best: -inf, coverage_best: (p=0, n=0, P=0, N=0), p_value: 0
2026-04-14 12:04:29,118 - INFO - Regula po iteracji 0: IF  THEN class = {1,877.30} [-29.03, 3,783.63], (p=617, n=122, P=617, N=122)
2026-04-14 12:04:29,119 - INFO - *****STOP GROWING RR RULE*****
2026-04-14 12:04:29,119 - INFO - ***RR NOT FOUND***
2026-04-14 12:04:29,139 - INFO - Iteracja 1: condition_best: X1 <= 5.75, quality_best: 0.652, coverage_best: (p=394, n=73, P=401, N=338)
2026-04-14 12:04:29,139 - INFO - Regula po iteracji 1: IF X4 <= 27.50 AND X1 <= 5.75 THEN class = {748.10} [93.03, 1,403.17], (p=394, n=73, P=401, N=338)
2026-04-14 12:04:29,139 - INFO - *****GROWING RR RULE*****
2026-04-14 12:04:29,191 - INFO - Iteracja 0: condition_best: None, quality_best: -inf, coverage_best: (p=0, n=0, P=0, N=0), p_value: 0
2026-04-14 12:04:29,191 - INFO - Regula po iteracji 0: IF  THEN class = {1,877.30} [-29.03, 3,783.63], (p=617, n=122, P=617, N=122)
2026-04-14 12:04:29,191 - INFO - *****STOP GROWING RR RULE*****
2026-04-14 12:04:29,191 - INFO - ***RR NOT FOUND***
2026-04-14 12:04:29,208 - INFO - Iteracja 2: condition_best: X4 >= 1.10, quality_best: 0.646, coverage_best: (p=384, n=72, P=398, N=341)
2026-04-14 12:04:29,208 - INFO - Regula po iteracji 2: IF X4 <= 27.50 AND X1 <= 5.75 AND X4 >= 1.10 THEN class = {761.94} [105.36, 1,418.52], (p=384, n=72, P=398, N=341)
2026-04-14 12:04:29,208 - INFO - *****GROWING RR RULE*****
2026-04-14 12:04:29,260 - INFO - Iteracja 0: condition_best: None, quality_best: -inf, coverage_best: (p=0, n=0, P=0, N=0), p_value: 0
2026-04-14 12:04:29,260 - INFO - Regula po iteracji 0: IF  THEN class = {1,877.30} [-29.03, 3,783.63], (p=617, n=122, P=617, N=122)
2026-04-14 12:04:29,260 - INFO - *****STOP GROWING RR RULE*****
2026-04-14 12:04:29,260 - INFO - ***RR NOT FOUND***
2026-04-14 12:04:29,277 - INFO - Iteracja 3: condition_best: X4 >= 1.50, quality_best: 0.646, coverage_best: (p=363, n=66, P=393, N=346)
2026-04-14 12:04:29,277 - INFO - Regula po iteracji 3: IF X4 <= 27.50 AND X1 <= 5.75 AND X4 >= 1.10 AND X4 >= 1.50 THEN class = {795.13} [133.43, 1,456.84], (p=363, n=66, P=393, N=346)
2026-04-14 12:04:29,277 - INFO - *****GROWING RR RULE*****
2026-04-14 12:04:29,329 - INFO - Iteracja 0: condition_best: None, quality_best: -inf, coverage_best: (p=0, n=0, P=0, N=0), p_value: 0
2026-04-14 12:04:29,329 - INFO - Regula po iteracji 0: IF  THEN class = {1,877.30} [-29.03, 3,783.63], (p=617, n=122, P=617, N=122)
2026-04-14 12:04:29,329 - INFO - *****STOP GROWING RR RULE*****
2026-04-14 12:04:29,329 - INFO - ***RR NOT FOUND***
2026-04-14 12:04:29,345 - INFO - Iteracja 4: condition_best: X3 >= 4.23, quality_best: 0.656, coverage_best: (p=295, n=49, P=361, N=378)
2026-04-14 12:04:29,345 - INFO - Regula po iteracji 4: IF X4 <= 27.50 AND X1 <= 5.75 AND X4 >= 1.10 AND X4 >= 1.50 AND X3 >= 4.23 THEN class = {919.80} [240.97, 1,598.62], (p=295, n=49, P=361, N=378)
2026-04-14 12:04:29,346 - INFO - *****GROWING RR RULE*****
2026-04-14 12:04:29,398 - INFO - Iteracja 0: condition_best: None, quality_best: -inf, coverage_best: (p=0, n=0, P=0, N=0), p_value: 0
2026-04-14 12:04:29,398 - INFO - Regula po iteracji 0: IF  THEN class = {1,877.30} [-29.03, 3,783.63], (p=617, n=122, P=617, N=122)
2026-04-14 12:04:29,398 - INFO - *****STOP GROWING RR RULE*****
2026-04-14 12:04:29,398 - INFO - ***RR NOT FOUND***
2026-04-14 12:04:29,398 - INFO - *******STOP GROWING CR RULE*******
2026-04-14 12:04:29,400 - INFO - *******GROWING CR RULE*******
2026-04-14 12:04:29,430 - INFO - Iteracja 0: condition_best: X4 <= 35.00, quality_best: 0.598, coverage_best: (p=459, n=76, P=472, N=267)
2026-04-14 12:04:29,430 - INFO - Regula po iteracji 0: IF X4 <= 35.00 THEN class = {963.67} [63.34, 1,864.00], (p=459, n=76, P=472, N=267)
2026-04-14 12:04:29,430 - INFO - *****GROWING RR RULE*****
2026-04-14 12:04:29,482 - INFO - Iteracja 0: condition_best: None, quality_best: -inf, coverage_best: (p=0, n=0, P=0, N=0), p_value: 0
2026-04-14 12:04:29,482 - INFO - Regula po iteracji 0: IF  THEN class = {1,877.30} [-29.03, 3,783.63], (p=617, n=122, P=617, N=122)
2026-04-14 12:04:29,482 - INFO - *****STOP GROWING RR RULE*****
2026-04-14 12:04:29,482 - INFO - ***RR NOT FOUND***
2026-04-14 12:04:29,504 - INFO - Iteracja 1: condition_best: X1 <= 7.25, quality_best: 0.635, coverage_best: (p=445, n=71, P=455, N=284)
2026-04-14 12:04:29,504 - INFO - Regula po iteracji 1: IF X4 <= 35.00 AND X1 <= 7.25 THEN class = {894.71} [64.79, 1,724.62], (p=445, n=71, P=455, N=284)
2026-04-14 12:04:29,504 - INFO - *****GROWING RR RULE*****
2026-04-14 12:04:29,556 - INFO - Iteracja 0: condition_best: None, quality_best: -inf, coverage_best: (p=0, n=0, P=0, N=0), p_value: 0
2026-04-14 12:04:29,556 - INFO - Regula po iteracji 0: IF  THEN class = {1,877.30} [-29.03, 3,783.63], (p=617, n=122, P=617, N=122)
2026-04-14 12:04:29,556 - INFO - *****STOP GROWING RR RULE*****
2026-04-14 12:04:29,556 - INFO - ***RR NOT FOUND***
2026-04-14 12:04:29,575 - INFO - Iteracja 2: condition_best: X4 >= 10.25, quality_best: 0.626, coverage_best: (p=153, n=36, P=215, N=524)
2026-04-14 12:04:29,575 - INFO - Regula po iteracji 2: IF X4 <= 35.00 AND X1 <= 7.25 AND X4 >= 10.25 THEN class = {1,700.48} [839.78, 2,561.18], (p=153, n=36, P=215, N=524)
2026-04-14 12:04:29,576 - INFO - *****GROWING RR RULE*****
2026-04-14 12:04:29,627 - INFO - Iteracja 0: condition_best: None, quality_best: -inf, coverage_best: (p=0, n=0, P=0, N=0), p_value: 0
2026-04-14 12:04:29,627 - INFO - Regula po iteracji 0: IF  THEN class = {1,877.30} [-29.03, 3,783.63], (p=617, n=122, P=617, N=122)
2026-04-14 12:04:29,628 - INFO - *****STOP GROWING RR RULE*****
2026-04-14 12:04:29,628 - INFO - ***RR NOT FOUND***
2026-04-14 12:04:29,639 - INFO - Iteracja 3: condition_best: X3 >= 4.23, quality_best: 0.645, coverage_best: (p=148, n=31, P=211, N=528)
2026-04-14 12:04:29,639 - INFO - Regula po iteracji 3: IF X4 <= 35.00 AND X1 <= 7.25 AND X4 >= 10.25 AND X3 >= 4.23 THEN class = {1,755.51} [904.11, 2,606.90], (p=148, n=31, P=211, N=528)
2026-04-14 12:04:29,640 - INFO - *****GROWING RR RULE*****
2026-04-14 12:04:29,691 - INFO - Iteracja 0: condition_best: None, quality_best: -inf, coverage_best: (p=0, n=0, P=0, N=0), p_value: 0
2026-04-14 12:04:29,691 - INFO - Regula po iteracji 0: IF  THEN class = {1,877.30} [-29.03, 3,783.63], (p=617, n=122, P=617, N=122)
2026-04-14 12:04:29,692 - INFO - *****STOP GROWING RR RULE*****
2026-04-14 12:04:29,692 - INFO - ***RR NOT FOUND***
2026-04-14 12:04:29,702 - INFO - Iteracja 4: condition_best: X3 >= 4.57, quality_best: 0.642, coverage_best: (p=147, n=31, P=211, N=528)
2026-04-14 12:04:29,703 - INFO - Regula po iteracji 4: IF X4 <= 35.00 AND X1 <= 7.25 AND X4 >= 10.25 AND X3 >= 4.23 AND X3 >= 4.57 THEN class = {1,760.94} [910.26, 2,611.62], (p=147, n=31, P=211, N=528)
2026-04-14 12:04:29,703 - INFO - *****GROWING RR RULE*****
2026-04-14 12:04:29,755 - INFO - Iteracja 0: condition_best: None, quality_best: -inf, coverage_best: (p=0, n=0, P=0, N=0), p_value: 0
2026-04-14 12:04:29,755 - INFO - Regula po iteracji 0: IF  THEN class = {1,877.30} [-29.03, 3,783.63], (p=617, n=122, P=617, N=122)
2026-04-14 12:04:29,755 - INFO - *****STOP GROWING RR RULE*****
2026-04-14 12:04:29,755 - INFO - ***RR NOT FOUND***
2026-04-14 12:04:29,755 - INFO - *******STOP GROWING CR RULE*******
2026-04-14 12:04:29,757 - INFO - *******GROWING CR RULE*******
2026-04-14 12:04:29,786 - INFO - Iteracja 0: condition_best: X2 <= 1.27, quality_best: 0.59, coverage_best: (p=328, n=89, P=342, N=397)
2026-04-14 12:04:29,786 - INFO - Regula po iteracji 0: IF X2 <= 1.27 THEN class = {619.14} [154.76, 1,083.52], (p=328, n=89, P=342, N=397)
2026-04-14 12:04:29,787 - INFO - *****GROWING RR RULE*****
2026-04-14 12:04:29,839 - INFO - Iteracja 0: condition_best: None, quality_best: -inf, coverage_best: (p=0, n=0, P=0, N=0), p_value: 0
2026-04-14 12:04:29,839 - INFO - Regula po iteracji 0: IF  THEN class = {1,877.30} [-29.03, 3,783.63], (p=617, n=122, P=617, N=122)
2026-04-14 12:04:29,839 - INFO - *****STOP GROWING RR RULE*****
2026-04-14 12:04:29,839 - INFO - ***RR NOT FOUND***
2026-04-14 12:04:29,852 - INFO - Iteracja 1: condition_best: X3 <= 15.50, quality_best: 0.588, coverage_best: (p=303, n=83, P=329, N=410)
2026-04-14 12:04:29,852 - INFO - Regula po iteracji 1: IF X2 <= 1.27 AND X3 <= 15.50 THEN class = {568.09} [154.02, 982.16], (p=303, n=83, P=329, N=410)
2026-04-14 12:04:29,852 - INFO - *****GROWING RR RULE*****
2026-04-14 12:04:29,904 - INFO - Iteracja 0: condition_best: None, quality_best: -inf, coverage_best: (p=0, n=0, P=0, N=0), p_value: 0
2026-04-14 12:04:29,904 - INFO - Regula po iteracji 0: IF  THEN class = {1,877.30} [-29.03, 3,783.63], (p=617, n=122, P=617, N=122)
2026-04-14 12:04:29,905 - INFO - *****STOP GROWING RR RULE*****
2026-04-14 12:04:29,905 - INFO - ***RR NOT FOUND***
2026-04-14 12:04:29,917 - INFO - Iteracja 2: condition_best: X4 >= 1.10, quality_best: 0.587, coverage_best: (p=294, n=81, P=324, N=415)
2026-04-14 12:04:29,917 - INFO - Regula po iteracji 2: IF X2 <= 1.27 AND X3 <= 15.50 AND X4 >= 1.10 THEN class = {579.64} [165.50, 993.78], (p=294, n=81, P=324, N=415)
2026-04-14 12:04:29,917 - INFO - *****GROWING RR RULE*****
2026-04-14 12:04:29,970 - INFO - Iteracja 0: condition_best: None, quality_best: -inf, coverage_best: (p=0, n=0, P=0, N=0), p_value: 0
2026-04-14 12:04:29,970 - INFO - Regula po iteracji 0: IF  THEN class = {1,877.30} [-29.03, 3,783.63], (p=617, n=122, P=617, N=122)
2026-04-14 12:04:29,970 - INFO - *****STOP GROWING RR RULE*****
2026-04-14 12:04:29,970 - INFO - ***RR NOT FOUND***
2026-04-14 12:04:29,982 - INFO - Iteracja 3: condition_best: X3 >= 1.81, quality_best: 0.582, coverage_best: (p=286, n=80, P=320, N=419)
2026-04-14 12:04:29,982 - INFO - Regula po iteracji 3: IF X2 <= 1.27 AND X3 <= 15.50 AND X4 >= 1.10 AND X3 >= 1.81 THEN class = {589.73} [175.69, 1,003.78], (p=286, n=80, P=320, N=419)
2026-04-14 12:04:29,983 - INFO - *****GROWING RR RULE*****
2026-04-14 12:04:30,035 - INFO - Iteracja 0: condition_best: None, quality_best: -inf, coverage_best: (p=0, n=0, P=0, N=0), p_value: 0
2026-04-14 12:04:30,035 - INFO - Regula po iteracji 0: IF  THEN class = {1,877.30} [-29.03, 3,783.63], (p=617, n=122, P=617, N=122)
2026-04-14 12:04:30,035 - INFO - *****STOP GROWING RR RULE*****
2026-04-14 12:04:30,035 - INFO - ***RR NOT FOUND***
2026-04-14 12:04:30,047 - INFO - Iteracja 4: condition_best: X4 >= 1.30, quality_best: 0.578, coverage_best: (p=276, n=78, P=315, N=424)
2026-04-14 12:04:30,047 - INFO - Regula po iteracji 4: IF X2 <= 1.27 AND X3 <= 15.50 AND X4 >= 1.10 AND X3 >= 1.81 AND X4 >= 1.30 THEN class = {603.27} [189.53, 1,017.01], (p=276, n=78, P=315, N=424)
2026-04-14 12:04:30,048 - INFO - *****GROWING RR RULE*****
2026-04-14 12:04:30,100 - INFO - Iteracja 0: condition_best: None, quality_best: -inf, coverage_best: (p=0, n=0, P=0, N=0), p_value: 0
2026-04-14 12:04:30,100 - INFO - Regula po iteracji 0: IF  THEN class = {1,877.30} [-29.03, 3,783.63], (p=617, n=122, P=617, N=122)
2026-04-14 12:04:30,100 - INFO - *****STOP GROWING RR RULE*****
2026-04-14 12:04:30,100 - INFO - ***RR NOT FOUND***
2026-04-14 12:04:30,100 - INFO - *******STOP GROWING CR RULE*******
2026-04-14 12:04:30,102 - INFO - *******GROWING CR RULE*******
2026-04-14 12:04:30,131 - INFO - Iteracja 0: condition_best: X3 <= 22.05, quality_best: 0.583, coverage_best: (p=371, n=95, P=375, N=364)
2026-04-14 12:04:30,131 - INFO - Regula po iteracji 0: IF X3 <= 22.05 THEN class = {720.68} [147.79, 1,293.56], (p=371, n=95, P=375, N=364)
2026-04-14 12:04:30,131 - INFO - *****GROWING RR RULE*****
2026-04-14 12:04:30,183 - INFO - Iteracja 0: condition_best: None, quality_best: -inf, coverage_best: (p=0, n=0, P=0, N=0), p_value: 0
2026-04-14 12:04:30,183 - INFO - Regula po iteracji 0: IF  THEN class = {1,877.30} [-29.03, 3,783.63], (p=617, n=122, P=617, N=122)
2026-04-14 12:04:30,183 - INFO - *****STOP GROWING RR RULE*****
2026-04-14 12:04:30,183 - INFO - ***RR NOT FOUND***
2026-04-14 12:04:30,198 - INFO - Iteracja 1: condition_best: X4 >= 10.25, quality_best: 0.6, coverage_best: (p=111, n=38, P=146, N=593)
2026-04-14 12:04:30,198 - INFO - Regula po iteracji 1: IF X3 <= 22.05 AND X4 >= 10.25 THEN class = {1,398.87} [890.06, 1,907.68], (p=111, n=38, P=146, N=593)
2026-04-14 12:04:30,199 - INFO - *****GROWING RR RULE*****
2026-04-14 12:04:30,250 - INFO - Iteracja 0: condition_best: None, quality_best: -inf, coverage_best: (p=0, n=0, P=0, N=0), p_value: 0
2026-04-14 12:04:30,250 - INFO - Regula po iteracji 0: IF  THEN class = {1,877.30} [-29.03, 3,783.63], (p=617, n=122, P=617, N=122)
2026-04-14 12:04:30,250 - INFO - *****STOP GROWING RR RULE*****
2026-04-14 12:04:30,250 - INFO - ***RR NOT FOUND***
2026-04-14 12:04:30,259 - INFO - Iteracja 2: condition_best: X3 >= 9.98, quality_best: 0.634, coverage_best: (p=79, n=20, P=118, N=621)
2026-04-14 12:04:30,259 - INFO - Regula po iteracji 2: IF X3 <= 22.05 AND X4 >= 10.25 AND X3 >= 9.98 THEN class = {1,628.75} [1,165.61, 2,091.90], (p=79, n=20, P=118, N=621)
2026-04-14 12:04:30,259 - INFO - *****GROWING RR RULE*****
2026-04-14 12:04:30,310 - INFO - Iteracja 0: condition_best: None, quality_best: -inf, coverage_best: (p=0, n=0, P=0, N=0), p_value: 0
2026-04-14 12:04:30,310 - INFO - Regula po iteracji 0: IF  THEN class = {1,877.30} [-29.03, 3,783.63], (p=617, n=122, P=617, N=122)
2026-04-14 12:04:30,310 - INFO - *****STOP GROWING RR RULE*****
2026-04-14 12:04:30,310 - INFO - ***RR NOT FOUND***
2026-04-14 12:04:30,316 - INFO - Iteracja 3: condition_best: X1 >= 0.75, quality_best: 0.608, coverage_best: (p=75, n=20, P=120, N=619)
2026-04-14 12:04:30,316 - INFO - Regula po iteracji 3: IF X3 <= 22.05 AND X4 >= 10.25 AND X3 >= 9.98 AND X1 >= 0.75 THEN class = {1,647.41} [1,184.05, 2,110.76], (p=75, n=20, P=120, N=619)
2026-04-14 12:04:30,317 - INFO - *****GROWING RR RULE*****
2026-04-14 12:04:30,367 - INFO - Iteracja 0: condition_best: None, quality_best: -inf, coverage_best: (p=0, n=0, P=0, N=0), p_value: 0
2026-04-14 12:04:30,367 - INFO - Regula po iteracji 0: IF  THEN class = {1,877.30} [-29.03, 3,783.63], (p=617, n=122, P=617, N=122)
2026-04-14 12:04:30,368 - INFO - *****STOP GROWING RR RULE*****
2026-04-14 12:04:30,368 - INFO - ***RR NOT FOUND***
2026-04-14 12:04:30,373 - INFO - Iteracja 4: condition_best: X1 >= 0.85, quality_best: 0.608, coverage_best: (p=73, n=19, P=119, N=620)
2026-04-14 12:04:30,373 - INFO - Regula po iteracji 4: IF X3 <= 22.05 AND X4 >= 10.25 AND X3 >= 9.98 AND X1 >= 0.75 AND X1 >= 0.85 THEN class = {1,661.16} [1,197.04, 2,125.28], (p=73, n=19, P=119, N=620)
2026-04-14 12:04:30,373 - INFO - *****GROWING RR RULE*****
2026-04-14 12:04:30,424 - INFO - Iteracja 0: condition_best: None, quality_best: -inf, coverage_best: (p=0, n=0, P=0, N=0), p_value: 0
2026-04-14 12:04:30,424 - INFO - Regula po iteracji 0: IF  THEN class = {1,877.30} [-29.03, 3,783.63], (p=617, n=122, P=617, N=122)
2026-04-14 12:04:30,424 - INFO - *****STOP GROWING RR RULE*****
2026-04-14 12:04:30,424 - INFO - ***RR NOT FOUND***
2026-04-14 12:04:30,424 - INFO - *******STOP GROWING CR RULE*******
2026-04-14 12:04:30,426 - INFO - *******GROWING CR RULE*******
2026-04-14 12:04:30,455 - INFO - Iteracja 0: condition_best: X2 <= 1.65, quality_best: 0.578, coverage_best: (p=368, n=95, P=375, N=364)
2026-04-14 12:04:30,455 - INFO - Regula po iteracji 0: IF X2 <= 1.65 THEN class = {723.59} [145.17, 1,302.01], (p=368, n=95, P=375, N=364)
2026-04-14 12:04:30,455 - INFO - *****GROWING RR RULE*****
2026-04-14 12:04:30,507 - INFO - Iteracja 0: condition_best: None, quality_best: -inf, coverage_best: (p=0, n=0, P=0, N=0), p_value: 0
2026-04-14 12:04:30,507 - INFO - Regula po iteracji 0: IF  THEN class = {1,877.30} [-29.03, 3,783.63], (p=617, n=122, P=617, N=122)
2026-04-14 12:04:30,507 - INFO - *****STOP GROWING RR RULE*****
2026-04-14 12:04:30,507 - INFO - ***RR NOT FOUND***
2026-04-14 12:04:30,522 - INFO - Iteracja 1: condition_best: X3 >= 2.38, quality_best: 0.58, coverage_best: (p=347, n=90, P=364, N=375)
2026-04-14 12:04:30,522 - INFO - Regula po iteracji 1: IF X2 <= 1.65 AND X3 >= 2.38 THEN class = {755.22} [176.07, 1,334.37], (p=347, n=90, P=364, N=375)
2026-04-14 12:04:30,522 - INFO - *****GROWING RR RULE*****
2026-04-14 12:04:30,574 - INFO - Iteracja 0: condition_best: None, quality_best: -inf, coverage_best: (p=0, n=0, P=0, N=0), p_value: 0
2026-04-14 12:04:30,574 - INFO - Regula po iteracji 0: IF  THEN class = {1,877.30} [-29.03, 3,783.63], (p=617, n=122, P=617, N=122)
2026-04-14 12:04:30,574 - INFO - *****STOP GROWING RR RULE*****
2026-04-14 12:04:30,574 - INFO - ***RR NOT FOUND***
2026-04-14 12:04:30,588 - INFO - Iteracja 2: condition_best: X4 >= 1.30, quality_best: 0.577, coverage_best: (p=331, n=86, P=358, N=381)
2026-04-14 12:04:30,588 - INFO - Regula po iteracji 2: IF X2 <= 1.65 AND X3 >= 2.38 AND X4 >= 1.30 THEN class = {779.43} [198.54, 1,360.31], (p=331, n=86, P=358, N=381)
2026-04-14 12:04:30,589 - INFO - *****GROWING RR RULE*****
2026-04-14 12:04:30,640 - INFO - Iteracja 0: condition_best: None, quality_best: -inf, coverage_best: (p=0, n=0, P=0, N=0), p_value: 0
2026-04-14 12:04:30,641 - INFO - Regula po iteracji 0: IF  THEN class = {1,877.30} [-29.03, 3,783.63], (p=617, n=122, P=617, N=122)
2026-04-14 12:04:30,641 - INFO - *****STOP GROWING RR RULE*****
2026-04-14 12:04:30,641 - INFO - ***RR NOT FOUND***
2026-04-14 12:04:30,654 - INFO - Iteracja 3: condition_best: X3 >= 2.55, quality_best: 0.572, coverage_best: (p=326, n=86, P=356, N=383)
2026-04-14 12:04:30,655 - INFO - Regula po iteracji 3: IF X2 <= 1.65 AND X3 >= 2.38 AND X4 >= 1.30 AND X3 >= 2.55 THEN class = {786.19} [205.07, 1,367.31], (p=326, n=86, P=356, N=383)
2026-04-14 12:04:30,655 - INFO - *****GROWING RR RULE*****
2026-04-14 12:04:30,707 - INFO - Iteracja 0: condition_best: None, quality_best: -inf, coverage_best: (p=0, n=0, P=0, N=0), p_value: 0
2026-04-14 12:04:30,707 - INFO - Regula po iteracji 0: IF  THEN class = {1,877.30} [-29.03, 3,783.63], (p=617, n=122, P=617, N=122)
2026-04-14 12:04:30,707 - INFO - *****STOP GROWING RR RULE*****
2026-04-14 12:04:30,707 - INFO - ***RR NOT FOUND***
2026-04-14 12:04:30,721 - INFO - Iteracja 4: condition_best: X4 >= 1.70, quality_best: 0.562, coverage_best: (p=300, n=87, P=333, N=406)
2026-04-14 12:04:30,721 - INFO - Regula po iteracji 4: IF X2 <= 1.65 AND X3 >= 2.38 AND X4 >= 1.30 AND X3 >= 2.55 AND X4 >= 1.70 THEN class = {819.29} [236.13, 1,402.46], (p=300, n=87, P=333, N=406)
2026-04-14 12:04:30,721 - INFO - *****GROWING RR RULE*****
2026-04-14 12:04:30,773 - INFO - Iteracja 0: condition_best: None, quality_best: -inf, coverage_best: (p=0, n=0, P=0, N=0), p_value: 0
2026-04-14 12:04:30,773 - INFO - Regula po iteracji 0: IF  THEN class = {1,877.30} [-29.03, 3,783.63], (p=617, n=122, P=617, N=122)
2026-04-14 12:04:30,774 - INFO - *****STOP GROWING RR RULE*****
2026-04-14 12:04:30,774 - INFO - ***RR NOT FOUND***
2026-04-14 12:04:30,774 - INFO - *******STOP GROWING CR RULE*******
2026-04-14 12:04:30,775 - INFO - *******GROWING CR RULE*******
2026-04-14 12:04:30,804 - INFO - Iteracja 0: condition_best: X3 >= 61.64, quality_best: 0.577, coverage_best: (p=57, n=27, P=72, N=667)
2026-04-14 12:04:30,804 - INFO - Regula po iteracji 0: IF X3 >= 61.64 THEN class = {5,779.44} [4,433.90, 7,124.98], (p=57, n=27, P=72, N=667)
2026-04-14 12:04:30,804 - INFO - *****GROWING RR RULE*****
2026-04-14 12:04:30,855 - INFO - Iteracja 0: condition_best: None, quality_best: -inf, coverage_best: (p=0, n=0, P=0, N=0), p_value: 0
2026-04-14 12:04:30,855 - INFO - Regula po iteracji 0: IF  THEN class = {1,877.30} [-29.03, 3,783.63], (p=617, n=122, P=617, N=122)
2026-04-14 12:04:30,855 - INFO - *****STOP GROWING RR RULE*****
2026-04-14 12:04:30,855 - INFO - ***RR NOT FOUND***
2026-04-14 12:04:30,860 - INFO - Iteracja 1: condition_best: X3 <= 131.25, quality_best: 0.602, coverage_best: (p=55, n=24, P=68, N=671)
2026-04-14 12:04:30,860 - INFO - Regula po iteracji 1: IF X3 >= 61.64 AND X3 <= 131.25 THEN class = {5,627.25} [4,392.62, 6,861.88], (p=55, n=24, P=68, N=671)
2026-04-14 12:04:30,860 - INFO - *****GROWING RR RULE*****
2026-04-14 12:04:30,910 - INFO - Iteracja 0: condition_best: None, quality_best: -inf, coverage_best: (p=0, n=0, P=0, N=0), p_value: 0
2026-04-14 12:04:30,910 - INFO - Regula po iteracji 0: IF  THEN class = {1,877.30} [-29.03, 3,783.63], (p=617, n=122, P=617, N=122)
2026-04-14 12:04:30,910 - INFO - *****STOP GROWING RR RULE*****
2026-04-14 12:04:30,910 - INFO - ***RR NOT FOUND***
2026-04-14 12:04:30,914 - INFO - Iteracja 2: condition_best: X4 >= 20.50, quality_best: 0.597, coverage_best: (p=53, n=24, P=65, N=674)
2026-04-14 12:04:30,915 - INFO - Regula po iteracji 2: IF X3 >= 61.64 AND X3 <= 131.25 AND X4 >= 20.50 THEN class = {5,683.24} [4,483.22, 6,883.26], (p=53, n=24, P=65, N=674)
2026-04-14 12:04:30,915 - INFO - *****GROWING RR RULE*****
2026-04-14 12:04:30,965 - INFO - Iteracja 0: condition_best: None, quality_best: -inf, coverage_best: (p=0, n=0, P=0, N=0), p_value: 0
2026-04-14 12:04:30,965 - INFO - Regula po iteracji 0: IF  THEN class = {1,877.30} [-29.03, 3,783.63], (p=617, n=122, P=617, N=122)
2026-04-14 12:04:30,965 - INFO - *****STOP GROWING RR RULE*****
2026-04-14 12:04:30,965 - INFO - ***RR NOT FOUND***
2026-04-14 12:04:30,969 - INFO - Iteracja 3: condition_best: X4 <= 153.75, quality_best: 0.602, coverage_best: (p=52, n=23, P=64, N=675)
2026-04-14 12:04:30,969 - INFO - Regula po iteracji 3: IF X3 >= 61.64 AND X3 <= 131.25 AND X4 >= 20.50 AND X4 <= 153.75 THEN class = {5,632.79} [4,457.86, 6,807.71], (p=52, n=23, P=64, N=675)
2026-04-14 12:04:30,970 - INFO - *****GROWING RR RULE*****
2026-04-14 12:04:31,020 - INFO - Iteracja 0: condition_best: None, quality_best: -inf, coverage_best: (p=0, n=0, P=0, N=0), p_value: 0
2026-04-14 12:04:31,020 - INFO - Regula po iteracji 0: IF  THEN class = {1,877.30} [-29.03, 3,783.63], (p=617, n=122, P=617, N=122)
2026-04-14 12:04:31,020 - INFO - *****STOP GROWING RR RULE*****
2026-04-14 12:04:31,020 - INFO - ***RR NOT FOUND***
2026-04-14 12:04:31,024 - INFO - Iteracja 4: condition_best: X3 >= 64.13, quality_best: 0.607, coverage_best: (p=50, n=20, P=65, N=674)
2026-04-14 12:04:31,024 - INFO - Regula po iteracji 4: IF X3 >= 61.64 AND X3 <= 131.25 AND X4 >= 20.50 AND X4 <= 153.75 AND X3 >= 64.13 THEN class = {5,644.16} [4,463.61, 6,824.72], (p=50, n=20, P=65, N=674)
2026-04-14 12:04:31,025 - INFO - *****GROWING RR RULE*****
2026-04-14 12:04:31,075 - INFO - Iteracja 0: condition_best: None, quality_best: -inf, coverage_best: (p=0, n=0, P=0, N=0), p_value: 0
2026-04-14 12:04:31,075 - INFO - Regula po iteracji 0: IF  THEN class = {1,877.30} [-29.03, 3,783.63], (p=617, n=122, P=617, N=122)
2026-04-14 12:04:31,075 - INFO - *****STOP GROWING RR RULE*****
2026-04-14 12:04:31,075 - INFO - ***RR NOT FOUND***
2026-04-14 12:04:31,075 - INFO - *******STOP GROWING CR RULE*******
2026-04-14 12:04:31,076 - INFO - *******GROWING CR RULE*******
2026-04-14 12:04:31,104 - INFO - Iteracja 0: condition_best: X3 >= 61.64, quality_best: 0.577, coverage_best: (p=57, n=27, P=72, N=667)
2026-04-14 12:04:31,105 - INFO - Regula po iteracji 0: IF X3 >= 61.64 THEN class = {5,779.44} [4,433.90, 7,124.98], (p=57, n=27, P=72, N=667)
2026-04-14 12:04:31,105 - INFO - *****GROWING RR RULE*****
2026-04-14 12:04:31,155 - INFO - Iteracja 0: condition_best: None, quality_best: -inf, coverage_best: (p=0, n=0, P=0, N=0), p_value: 0
2026-04-14 12:04:31,155 - INFO - Regula po iteracji 0: IF  THEN class = {1,877.30} [-29.03, 3,783.63], (p=617, n=122, P=617, N=122)
2026-04-14 12:04:31,156 - INFO - *****STOP GROWING RR RULE*****
2026-04-14 12:04:31,156 - INFO - ***RR NOT FOUND***
2026-04-14 12:04:31,160 - INFO - Iteracja 1: condition_best: X3 <= 131.25, quality_best: 0.602, coverage_best: (p=55, n=24, P=68, N=671)
2026-04-14 12:04:31,160 - INFO - Regula po iteracji 1: IF X3 >= 61.64 AND X3 <= 131.25 THEN class = {5,627.25} [4,392.62, 6,861.88], (p=55, n=24, P=68, N=671)
2026-04-14 12:04:31,160 - INFO - *****GROWING RR RULE*****
2026-04-14 12:04:31,210 - INFO - Iteracja 0: condition_best: None, quality_best: -inf, coverage_best: (p=0, n=0, P=0, N=0), p_value: 0
2026-04-14 12:04:31,210 - INFO - Regula po iteracji 0: IF  THEN class = {1,877.30} [-29.03, 3,783.63], (p=617, n=122, P=617, N=122)
2026-04-14 12:04:31,211 - INFO - *****STOP GROWING RR RULE*****
2026-04-14 12:04:31,211 - INFO - ***RR NOT FOUND***
2026-04-14 12:04:31,214 - INFO - Iteracja 2: condition_best: X4 >= 20.50, quality_best: 0.597, coverage_best: (p=53, n=24, P=65, N=674)
2026-04-14 12:04:31,215 - INFO - Regula po iteracji 2: IF X3 >= 61.64 AND X3 <= 131.25 AND X4 >= 20.50 THEN class = {5,683.24} [4,483.22, 6,883.26], (p=53, n=24, P=65, N=674)
2026-04-14 12:04:31,215 - INFO - *****GROWING RR RULE*****
2026-04-14 12:04:31,265 - INFO - Iteracja 0: condition_best: None, quality_best: -inf, coverage_best: (p=0, n=0, P=0, N=0), p_value: 0
2026-04-14 12:04:31,265 - INFO - Regula po iteracji 0: IF  THEN class = {1,877.30} [-29.03, 3,783.63], (p=617, n=122, P=617, N=122)
2026-04-14 12:04:31,265 - INFO - *****STOP GROWING RR RULE*****
2026-04-14 12:04:31,265 - INFO - ***RR NOT FOUND***
2026-04-14 12:04:31,269 - INFO - Iteracja 3: condition_best: X4 <= 153.75, quality_best: 0.602, coverage_best: (p=52, n=23, P=64, N=675)
2026-04-14 12:04:31,269 - INFO - Regula po iteracji 3: IF X3 >= 61.64 AND X3 <= 131.25 AND X4 >= 20.50 AND X4 <= 153.75 THEN class = {5,632.79} [4,457.86, 6,807.71], (p=52, n=23, P=64, N=675)
2026-04-14 12:04:31,270 - INFO - *****GROWING RR RULE*****
2026-04-14 12:04:31,320 - INFO - Iteracja 0: condition_best: None, quality_best: -inf, coverage_best: (p=0, n=0, P=0, N=0), p_value: 0
2026-04-14 12:04:31,320 - INFO - Regula po iteracji 0: IF  THEN class = {1,877.30} [-29.03, 3,783.63], (p=617, n=122, P=617, N=122)
2026-04-14 12:04:31,320 - INFO - *****STOP GROWING RR RULE*****
2026-04-14 12:04:31,320 - INFO - ***RR NOT FOUND***
2026-04-14 12:04:31,324 - INFO - Iteracja 4: condition_best: X3 <= 108.75, quality_best: 0.603, coverage_best: (p=49, n=20, P=64, N=675)
2026-04-14 12:04:31,324 - INFO - Regula po iteracji 4: IF X3 >= 61.64 AND X3 <= 131.25 AND X4 >= 20.50 AND X4 <= 153.75 AND X3 <= 108.75 THEN class = {5,490.50} [4,395.48, 6,585.52], (p=49, n=20, P=64, N=675)
2026-04-14 12:04:31,325 - INFO - *****GROWING RR RULE*****
2026-04-14 12:04:31,375 - INFO - Iteracja 0: condition_best: None, quality_best: -inf, coverage_best: (p=0, n=0, P=0, N=0), p_value: 0
2026-04-14 12:04:31,375 - INFO - Regula po iteracji 0: IF  THEN class = {1,877.30} [-29.03, 3,783.63], (p=617, n=122, P=617, N=122)
2026-04-14 12:04:31,375 - INFO - *****STOP GROWING RR RULE*****
2026-04-14 12:04:31,375 - INFO - ***RR NOT FOUND***
2026-04-14 12:04:31,375 - INFO - *******STOP GROWING CR RULE*******
2026-04-14 12:04:31,376 - INFO - *******GROWING CR RULE*******
2026-04-14 12:04:31,404 - INFO - Iteracja 0: condition_best: X3 >= 61.64, quality_best: 0.577, coverage_best: (p=57, n=27, P=72, N=667)
2026-04-14 12:04:31,404 - INFO - Regula po iteracji 0: IF X3 >= 61.64 THEN class = {5,779.44} [4,433.90, 7,124.98], (p=57, n=27, P=72, N=667)
2026-04-14 12:04:31,405 - INFO - *****GROWING RR RULE*****
2026-04-14 12:04:31,455 - INFO - Iteracja 0: condition_best: None, quality_best: -inf, coverage_best: (p=0, n=0, P=0, N=0), p_value: 0
2026-04-14 12:04:31,455 - INFO - Regula po iteracji 0: IF  THEN class = {1,877.30} [-29.03, 3,783.63], (p=617, n=122, P=617, N=122)
2026-04-14 12:04:31,455 - INFO - *****STOP GROWING RR RULE*****
2026-04-14 12:04:31,455 - INFO - ***RR NOT FOUND***
2026-04-14 12:04:31,459 - INFO - Iteracja 1: condition_best: X1 <= 10.25, quality_best: 0.569, coverage_best: (p=52, n=23, P=72, N=667)
2026-04-14 12:04:31,459 - INFO - Regula po iteracji 1: IF X3 >= 61.64 AND X1 <= 10.25 THEN class = {5,798.89} [4,440.46, 7,157.32], (p=52, n=23, P=72, N=667)
2026-04-14 12:04:31,460 - INFO - *****GROWING RR RULE*****
2026-04-14 12:04:31,510 - INFO - Iteracja 0: condition_best: None, quality_best: -inf, coverage_best: (p=0, n=0, P=0, N=0), p_value: 0
2026-04-14 12:04:31,510 - INFO - Regula po iteracji 0: IF  THEN class = {1,877.30} [-29.03, 3,783.63], (p=617, n=122, P=617, N=122)
2026-04-14 12:04:31,510 - INFO - *****STOP GROWING RR RULE*****
2026-04-14 12:04:31,510 - INFO - ***RR NOT FOUND***
2026-04-14 12:04:31,514 - INFO - Iteracja 2: condition_best: X4 <= 131.25, quality_best: 0.563, coverage_best: (p=47, n=19, P=72, N=667)
2026-04-14 12:04:31,514 - INFO - Regula po iteracji 2: IF X3 >= 61.64 AND X1 <= 10.25 AND X4 <= 131.25 THEN class = {5,584.60} [4,304.37, 6,864.83], (p=47, n=19, P=72, N=667)
2026-04-14 12:04:31,514 - INFO - *****GROWING RR RULE*****
2026-04-14 12:04:31,564 - INFO - Iteracja 0: condition_best: None, quality_best: -inf, coverage_best: (p=0, n=0, P=0, N=0), p_value: 0
2026-04-14 12:04:31,564 - INFO - Regula po iteracji 0: IF  THEN class = {1,877.30} [-29.03, 3,783.63], (p=617, n=122, P=617, N=122)
2026-04-14 12:04:31,564 - INFO - *****STOP GROWING RR RULE*****
2026-04-14 12:04:31,564 - INFO - ***RR NOT FOUND***
2026-04-14 12:04:31,568 - INFO - Iteracja 3: condition_best: X3 >= 64.13, quality_best: 0.62, coverage_best: (p=47, n=15, P=68, N=671)
2026-04-14 12:04:31,568 - INFO - Regula po iteracji 3: IF X3 >= 61.64 AND X1 <= 10.25 AND X4 <= 131.25 AND X3 >= 64.13 THEN class = {5,698.97} [4,465.64, 6,932.31], (p=47, n=15, P=68, N=671)
2026-04-14 12:04:31,568 - INFO - *****GROWING RR RULE*****
2026-04-14 12:04:31,618 - INFO - Iteracja 0: condition_best: None, quality_best: -inf, coverage_best: (p=0, n=0, P=0, N=0), p_value: 0
2026-04-14 12:04:31,618 - INFO - Regula po iteracji 0: IF  THEN class = {1,877.30} [-29.03, 3,783.63], (p=617, n=122, P=617, N=122)
2026-04-14 12:04:31,618 - INFO - *****STOP GROWING RR RULE*****
2026-04-14 12:04:31,618 - INFO - ***RR NOT FOUND***
2026-04-14 12:04:31,621 - INFO - Iteracja 4: condition_best: X4 >= 28.75, quality_best: 0.567, coverage_best: (p=42, n=17, P=64, N=675)
2026-04-14 12:04:31,622 - INFO - Regula po iteracji 4: IF X3 >= 61.64 AND X1 <= 10.25 AND X4 <= 131.25 AND X3 >= 64.13 AND X4 >= 28.75 THEN class = {5,777.86} [4,565.48, 6,990.23], (p=42, n=17, P=64, N=675)
2026-04-14 12:04:31,622 - INFO - *****GROWING RR RULE*****
2026-04-14 12:04:31,672 - INFO - Iteracja 0: condition_best: None, quality_best: -inf, coverage_best: (p=0, n=0, P=0, N=0), p_value: 0
2026-04-14 12:04:31,672 - INFO - Regula po iteracji 0: IF  THEN class = {1,877.30} [-29.03, 3,783.63], (p=617, n=122, P=617, N=122)
2026-04-14 12:04:31,672 - INFO - *****STOP GROWING RR RULE*****
2026-04-14 12:04:31,672 - INFO - ***RR NOT FOUND***
2026-04-14 12:04:31,672 - INFO - *******STOP GROWING CR RULE*******
2026-04-14 12:04:31,673 - INFO - *******GROWING CR RULE*******
2026-04-14 12:04:31,702 - INFO - Iteracja 0: condition_best: X3 >= 51.63, quality_best: 0.571, coverage_best: (p=74, n=35, P=92, N=647)
2026-04-14 12:04:31,702 - INFO - Regula po iteracji 0: IF X3 >= 51.63 THEN class = {5,460.92} [4,037.53, 6,884.31], (p=74, n=35, P=92, N=647)
2026-04-14 12:04:31,702 - INFO - *****GROWING RR RULE*****
2026-04-14 12:04:31,752 - INFO - Iteracja 0: condition_best: None, quality_best: -inf, coverage_best: (p=0, n=0, P=0, N=0), p_value: 0
2026-04-14 12:04:31,753 - INFO - Regula po iteracji 0: IF  THEN class = {1,877.30} [-29.03, 3,783.63], (p=617, n=122, P=617, N=122)
2026-04-14 12:04:31,753 - INFO - *****STOP GROWING RR RULE*****
2026-04-14 12:04:31,753 - INFO - ***RR NOT FOUND***
2026-04-14 12:04:31,758 - INFO - Iteracja 1: condition_best: X4 >= 17.50, quality_best: 0.595, coverage_best: (p=74, n=33, P=89, N=650)
2026-04-14 12:04:31,758 - INFO - Regula po iteracji 1: IF X3 >= 51.63 AND X4 >= 17.50 THEN class = {5,507.10} [4,111.53, 6,902.68], (p=74, n=33, P=89, N=650)
2026-04-14 12:04:31,758 - INFO - *****GROWING RR RULE*****
2026-04-14 12:04:31,809 - INFO - Iteracja 0: condition_best: None, quality_best: -inf, coverage_best: (p=0, n=0, P=0, N=0), p_value: 0
2026-04-14 12:04:31,809 - INFO - Regula po iteracji 0: IF  THEN class = {1,877.30} [-29.03, 3,783.63], (p=617, n=122, P=617, N=122)
2026-04-14 12:04:31,809 - INFO - *****STOP GROWING RR RULE*****
2026-04-14 12:04:31,809 - INFO - ***RR NOT FOUND***
2026-04-14 12:04:31,814 - INFO - Iteracja 2: condition_best: X4 >= 19.50, quality_best: 0.586, coverage_best: (p=71, n=34, P=84, N=655)
2026-04-14 12:04:31,814 - INFO - Regula po iteracji 2: IF X3 >= 51.63 AND X4 >= 17.50 AND X4 >= 19.50 THEN class = {5,545.88} [4,165.91, 6,925.84], (p=71, n=34, P=84, N=655)
2026-04-14 12:04:31,815 - INFO - *****GROWING RR RULE*****
2026-04-14 12:04:31,865 - INFO - Iteracja 0: condition_best: None, quality_best: -inf, coverage_best: (p=0, n=0, P=0, N=0), p_value: 0
2026-04-14 12:04:31,866 - INFO - Regula po iteracji 0: IF  THEN class = {1,877.30} [-29.03, 3,783.63], (p=617, n=122, P=617, N=122)
2026-04-14 12:04:31,866 - INFO - *****STOP GROWING RR RULE*****
2026-04-14 12:04:31,866 - INFO - ***RR NOT FOUND***
2026-04-14 12:04:31,871 - INFO - Iteracja 3: condition_best: X4 <= 153.75, quality_best: 0.606, coverage_best: (p=71, n=29, P=88, N=651)
2026-04-14 12:04:31,871 - INFO - Regula po iteracji 3: IF X3 >= 51.63 AND X4 >= 17.50 AND X4 >= 19.50 AND X4 <= 153.75 THEN class = {5,462.61} [4,102.69, 6,822.52], (p=71, n=29, P=88, N=651)
2026-04-14 12:04:31,871 - INFO - *****GROWING RR RULE*****
2026-04-14 12:04:31,922 - INFO - Iteracja 0: condition_best: None, quality_best: -inf, coverage_best: (p=0, n=0, P=0, N=0), p_value: 0
2026-04-14 12:04:31,922 - INFO - Regula po iteracji 0: IF  THEN class = {1,877.30} [-29.03, 3,783.63], (p=617, n=122, P=617, N=122)
2026-04-14 12:04:31,922 - INFO - *****STOP GROWING RR RULE*****
2026-04-14 12:04:31,922 - INFO - ***RR NOT FOUND***
2026-04-14 12:04:31,927 - INFO - Iteracja 4: condition_best: X4 >= 21.00, quality_best: 0.624, coverage_best: (p=71, n=28, P=85, N=654)
2026-04-14 12:04:31,927 - INFO - Regula po iteracji 4: IF X3 >= 51.63 AND X4 >= 17.50 AND X4 >= 19.50 AND X4 <= 153.75 AND X4 >= 21.00 THEN class = {5,484.25} [4,134.72, 6,833.77], (p=71, n=28, P=85, N=654)
2026-04-14 12:04:31,927 - INFO - *****GROWING RR RULE*****
2026-04-14 12:04:31,978 - INFO - Iteracja 0: condition_best: None, quality_best: -inf, coverage_best: (p=0, n=0, P=0, N=0), p_value: 0
2026-04-14 12:04:31,978 - INFO - Regula po iteracji 0: IF  THEN class = {1,877.30} [-29.03, 3,783.63], (p=617, n=122, P=617, N=122)
2026-04-14 12:04:31,978 - INFO - *****STOP GROWING RR RULE*****
2026-04-14 12:04:31,978 - INFO - ***RR NOT FOUND***
2026-04-14 12:04:31,978 - INFO - *******STOP GROWING CR RULE*******
2026-04-14 12:04:31,979 - INFO - *******GROWING CR RULE*******
2026-04-14 12:04:32,007 - INFO - Iteracja 0: condition_best: X3 >= 51.63, quality_best: 0.571, coverage_best: (p=74, n=35, P=92, N=647)
2026-04-14 12:04:32,007 - INFO - Regula po iteracji 0: IF X3 >= 51.63 THEN class = {5,460.92} [4,037.53, 6,884.31], (p=74, n=35, P=92, N=647)
2026-04-14 12:04:32,007 - INFO - *****GROWING RR RULE*****
2026-04-14 12:04:32,058 - INFO - Iteracja 0: condition_best: None, quality_best: -inf, coverage_best: (p=0, n=0, P=0, N=0), p_value: 0
2026-04-14 12:04:32,058 - INFO - Regula po iteracji 0: IF  THEN class = {1,877.30} [-29.03, 3,783.63], (p=617, n=122, P=617, N=122)
2026-04-14 12:04:32,058 - INFO - *****STOP GROWING RR RULE*****
2026-04-14 12:04:32,058 - INFO - ***RR NOT FOUND***
2026-04-14 12:04:32,063 - INFO - Iteracja 1: condition_best: X4 >= 17.50, quality_best: 0.595, coverage_best: (p=74, n=33, P=89, N=650)
2026-04-14 12:04:32,063 - INFO - Regula po iteracji 1: IF X3 >= 51.63 AND X4 >= 17.50 THEN class = {5,507.10} [4,111.53, 6,902.68], (p=74, n=33, P=89, N=650)
2026-04-14 12:04:32,063 - INFO - *****GROWING RR RULE*****
2026-04-14 12:04:32,114 - INFO - Iteracja 0: condition_best: None, quality_best: -inf, coverage_best: (p=0, n=0, P=0, N=0), p_value: 0
2026-04-14 12:04:32,114 - INFO - Regula po iteracji 0: IF  THEN class = {1,877.30} [-29.03, 3,783.63], (p=617, n=122, P=617, N=122)
2026-04-14 12:04:32,114 - INFO - *****STOP GROWING RR RULE*****
2026-04-14 12:04:32,114 - INFO - ***RR NOT FOUND***
2026-04-14 12:04:32,119 - INFO - Iteracja 2: condition_best: X4 >= 19.50, quality_best: 0.586, coverage_best: (p=71, n=34, P=84, N=655)
2026-04-14 12:04:32,119 - INFO - Regula po iteracji 2: IF X3 >= 51.63 AND X4 >= 17.50 AND X4 >= 19.50 THEN class = {5,545.88} [4,165.91, 6,925.84], (p=71, n=34, P=84, N=655)
2026-04-14 12:04:32,119 - INFO - *****GROWING RR RULE*****
2026-04-14 12:04:32,170 - INFO - Iteracja 0: condition_best: None, quality_best: -inf, coverage_best: (p=0, n=0, P=0, N=0), p_value: 0
2026-04-14 12:04:32,170 - INFO - Regula po iteracji 0: IF  THEN class = {1,877.30} [-29.03, 3,783.63], (p=617, n=122, P=617, N=122)
2026-04-14 12:04:32,170 - INFO - *****STOP GROWING RR RULE*****
2026-04-14 12:04:32,170 - INFO - ***RR NOT FOUND***
2026-04-14 12:04:32,175 - INFO - Iteracja 3: condition_best: X3 <= 131.25, quality_best: 0.585, coverage_best: (p=68, n=32, P=82, N=657)
2026-04-14 12:04:32,175 - INFO - Regula po iteracji 3: IF X3 >= 51.63 AND X4 >= 17.50 AND X4 >= 19.50 AND X3 <= 131.25 THEN class = {5,413.96} [4,139.24, 6,688.69], (p=68, n=32, P=82, N=657)
2026-04-14 12:04:32,176 - INFO - *****GROWING RR RULE*****
2026-04-14 12:04:32,226 - INFO - Iteracja 0: condition_best: None, quality_best: -inf, coverage_best: (p=0, n=0, P=0, N=0), p_value: 0
2026-04-14 12:04:32,226 - INFO - Regula po iteracji 0: IF  THEN class = {1,877.30} [-29.03, 3,783.63], (p=617, n=122, P=617, N=122)
2026-04-14 12:04:32,226 - INFO - *****STOP GROWING RR RULE*****
2026-04-14 12:04:32,226 - INFO - ***RR NOT FOUND***
2026-04-14 12:04:32,231 - INFO - Iteracja 4: condition_best: X2 <= 7.88, quality_best: 0.579, coverage_best: (p=65, n=28, P=86, N=653)
2026-04-14 12:04:32,231 - INFO - Regula po iteracji 4: IF X3 >= 51.63 AND X4 >= 17.50 AND X4 >= 19.50 AND X3 <= 131.25 AND X2 <= 7.88 THEN class = {5,321.58} [4,076.92, 6,566.24], (p=65, n=28, P=86, N=653)
2026-04-14 12:04:32,232 - INFO - *****GROWING RR RULE*****
2026-04-14 12:04:32,282 - INFO - Iteracja 0: condition_best: None, quality_best: -inf, coverage_best: (p=0, n=0, P=0, N=0), p_value: 0
2026-04-14 12:04:32,282 - INFO - Regula po iteracji 0: IF  THEN class = {1,877.30} [-29.03, 3,783.63], (p=617, n=122, P=617, N=122)
2026-04-14 12:04:32,283 - INFO - *****STOP GROWING RR RULE*****
2026-04-14 12:04:32,283 - INFO - ***RR NOT FOUND***
2026-04-14 12:04:32,283 - INFO - *******STOP GROWING CR RULE*******
2026-04-14 12:04:32,283 - INFO - *******GROWING CR RULE*******
2026-04-14 12:04:32,311 - INFO - Iteracja 0: condition_best: X3 >= 24.94, quality_best: 0.569, coverage_best: (p=180, n=81, P=189, N=550)
2026-04-14 12:04:32,311 - INFO - Regula po iteracji 0: IF X3 >= 24.94 THEN class = {3,950.74} [2,216.08, 5,685.41], (p=180, n=81, P=189, N=550)
2026-04-14 12:04:32,311 - INFO - *****GROWING RR RULE*****
2026-04-14 12:04:32,363 - INFO - Iteracja 0: condition_best: None, quality_best: -inf, coverage_best: (p=0, n=0, P=0, N=0), p_value: 0
2026-04-14 12:04:32,363 - INFO - Regula po iteracji 0: IF  THEN class = {1,877.30} [-29.03, 3,783.63], (p=617, n=122, P=617, N=122)
2026-04-14 12:04:32,363 - INFO - *****STOP GROWING RR RULE*****
2026-04-14 12:04:32,363 - INFO - ***RR NOT FOUND***
2026-04-14 12:04:32,374 - INFO - Iteracja 1: condition_best: X3 <= 77.46, quality_best: 0.632, coverage_best: (p=158, n=54, P=176, N=563)
2026-04-14 12:04:32,374 - INFO - Regula po iteracji 1: IF X3 >= 24.94 AND X3 <= 77.46 THEN class = {3,386.38} [2,094.36, 4,678.41], (p=158, n=54, P=176, N=563)
2026-04-14 12:04:32,374 - INFO - *****GROWING RR RULE*****
2026-04-14 12:04:32,425 - INFO - Iteracja 0: condition_best: None, quality_best: -inf, coverage_best: (p=0, n=0, P=0, N=0), p_value: 0
2026-04-14 12:04:32,425 - INFO - Regula po iteracji 0: IF  THEN class = {1,877.30} [-29.03, 3,783.63], (p=617, n=122, P=617, N=122)
2026-04-14 12:04:32,425 - INFO - *****STOP GROWING RR RULE*****
2026-04-14 12:04:32,425 - INFO - ***RR NOT FOUND***
2026-04-14 12:04:32,434 - INFO - Iteracja 2: condition_best: X4 >= 9.00, quality_best: 0.635, coverage_best: (p=155, n=54, P=170, N=569)
2026-04-14 12:04:32,434 - INFO - Regula po iteracji 2: IF X3 >= 24.94 AND X3 <= 77.46 AND X4 >= 9.00 THEN class = {3,417.21} [2,142.15, 4,692.27], (p=155, n=54, P=170, N=569)
2026-04-14 12:04:32,435 - INFO - *****GROWING RR RULE*****
2026-04-14 12:04:32,486 - INFO - Iteracja 0: condition_best: None, quality_best: -inf, coverage_best: (p=0, n=0, P=0, N=0), p_value: 0
2026-04-14 12:04:32,486 - INFO - Regula po iteracji 0: IF  THEN class = {1,877.30} [-29.03, 3,783.63], (p=617, n=122, P=617, N=122)
2026-04-14 12:04:32,486 - INFO - *****STOP GROWING RR RULE*****
2026-04-14 12:04:32,486 - INFO - ***RR NOT FOUND***
2026-04-14 12:04:32,495 - INFO - Iteracja 3: condition_best: X2 <= 5.78, quality_best: 0.646, coverage_best: (p=145, n=49, P=160, N=579)
2026-04-14 12:04:32,495 - INFO - Regula po iteracji 3: IF X3 >= 24.94 AND X3 <= 77.46 AND X4 >= 9.00 AND X2 <= 5.78 THEN class = {3,278.20} [2,100.22, 4,456.18], (p=145, n=49, P=160, N=579)
2026-04-14 12:04:32,496 - INFO - *****GROWING RR RULE*****
2026-04-14 12:04:32,547 - INFO - Iteracja 0: condition_best: None, quality_best: -inf, coverage_best: (p=0, n=0, P=0, N=0), p_value: 0
2026-04-14 12:04:32,547 - INFO - Regula po iteracji 0: IF  THEN class = {1,877.30} [-29.03, 3,783.63], (p=617, n=122, P=617, N=122)
2026-04-14 12:04:32,547 - INFO - *****STOP GROWING RR RULE*****
2026-04-14 12:04:32,547 - INFO - ***RR NOT FOUND***
2026-04-14 12:04:32,556 - INFO - Iteracja 4: condition_best: X3 <= 69.99, quality_best: 0.643, coverage_best: (p=141, n=45, P=163, N=576)
2026-04-14 12:04:32,556 - INFO - Regula po iteracji 4: IF X3 >= 24.94 AND X3 <= 77.46 AND X4 >= 9.00 AND X2 <= 5.78 AND X3 <= 69.99 THEN class = {3,223.23} [2,053.89, 4,392.57], (p=141, n=45, P=163, N=576)
2026-04-14 12:04:32,556 - INFO - *****GROWING RR RULE*****
2026-04-14 12:04:32,607 - INFO - Iteracja 0: condition_best: None, quality_best: -inf, coverage_best: (p=0, n=0, P=0, N=0), p_value: 0
2026-04-14 12:04:32,608 - INFO - Regula po iteracji 0: IF  THEN class = {1,877.30} [-29.03, 3,783.63], (p=617, n=122, P=617, N=122)
2026-04-14 12:04:32,608 - INFO - *****STOP GROWING RR RULE*****
2026-04-14 12:04:32,608 - INFO - ***RR NOT FOUND***
2026-04-14 12:04:32,608 - INFO - *******STOP GROWING CR RULE*******
2026-04-14 12:04:32,608 - INFO - *******GROWING CR RULE*******
2026-04-14 12:04:32,635 - INFO - Iteracja 0: condition_best: X4 <= 19.50, quality_best: 0.724, coverage_best: (p=376, n=54, P=388, N=351)
2026-04-14 12:04:32,635 - INFO - Regula po iteracji 0: IF X4 <= 19.50 THEN class = {668.15} [87.13, 1,249.17], (p=376, n=54, P=388, N=351)
2026-04-14 12:04:32,635 - INFO - *****GROWING RR RULE*****
2026-04-14 12:04:32,687 - INFO - Iteracja 0: condition_best: None, quality_best: -inf, coverage_best: (p=0, n=0, P=0, N=0), p_value: 0
2026-04-14 12:04:32,687 - INFO - Regula po iteracji 0: IF  THEN class = {1,877.30} [-29.03, 3,783.63], (p=617, n=122, P=617, N=122)
2026-04-14 12:04:32,687 - INFO - *****STOP GROWING RR RULE*****
2026-04-14 12:04:32,687 - INFO - ***RR NOT FOUND***
2026-04-14 12:04:32,704 - INFO - Iteracja 1: condition_best: X4 >= 1.10, quality_best: 0.71, coverage_best: (p=365, n=54, P=386, N=353)
2026-04-14 12:04:32,704 - INFO - Regula po iteracji 1: IF X4 <= 19.50 AND X4 >= 1.10 THEN class = {681.11} [98.35, 1,263.88], (p=365, n=54, P=386, N=353)
2026-04-14 12:04:32,704 - INFO - *****GROWING RR RULE*****
2026-04-14 12:04:32,756 - INFO - Iteracja 0: condition_best: None, quality_best: -inf, coverage_best: (p=0, n=0, P=0, N=0), p_value: 0
2026-04-14 12:04:32,757 - INFO - Regula po iteracji 0: IF  THEN class = {1,877.30} [-29.03, 3,783.63], (p=617, n=122, P=617, N=122)
2026-04-14 12:04:32,757 - INFO - *****STOP GROWING RR RULE*****
2026-04-14 12:04:32,757 - INFO - ***RR NOT FOUND***
2026-04-14 12:04:32,773 - INFO - Iteracja 2: condition_best: X4 <= 13.25, quality_best: 0.717, coverage_best: (p=312, n=56, P=323, N=416)
2026-04-14 12:04:32,773 - INFO - Regula po iteracji 2: IF X4 <= 19.50 AND X4 >= 1.10 AND X4 <= 13.25 THEN class = {548.75} [140.79, 956.72], (p=312, n=56, P=323, N=416)
2026-04-14 12:04:32,773 - INFO - *****GROWING RR RULE*****
2026-04-14 12:04:32,825 - INFO - Iteracja 0: condition_best: None, quality_best: -inf, coverage_best: (p=0, n=0, P=0, N=0), p_value: 0
2026-04-14 12:04:32,825 - INFO - Regula po iteracji 0: IF  THEN class = {1,877.30} [-29.03, 3,783.63], (p=617, n=122, P=617, N=122)
2026-04-14 12:04:32,826 - INFO - *****STOP GROWING RR RULE*****
2026-04-14 12:04:32,826 - INFO - ***RR NOT FOUND***
2026-04-14 12:04:32,839 - INFO - Iteracja 3: condition_best: X4 >= 1.30, quality_best: 0.725, coverage_best: (p=304, n=50, P=324, N=415)
2026-04-14 12:04:32,839 - INFO - Regula po iteracji 3: IF X4 <= 19.50 AND X4 >= 1.10 AND X4 <= 13.25 AND X4 >= 1.30 THEN class = {560.62} [150.89, 970.35], (p=304, n=50, P=324, N=415)
2026-04-14 12:04:32,840 - INFO - *****GROWING RR RULE*****
2026-04-14 12:04:32,892 - INFO - Iteracja 0: condition_best: None, quality_best: -inf, coverage_best: (p=0, n=0, P=0, N=0), p_value: 0
2026-04-14 12:04:32,892 - INFO - Regula po iteracji 0: IF  THEN class = {1,877.30} [-29.03, 3,783.63], (p=617, n=122, P=617, N=122)
2026-04-14 12:04:32,892 - INFO - *****STOP GROWING RR RULE*****
2026-04-14 12:04:32,892 - INFO - ***RR NOT FOUND***
2026-04-14 12:04:32,906 - INFO - Iteracja 4: condition_best: X3 >= 1.81, quality_best: 0.708, coverage_best: (p=294, n=51, P=321, N=418)
2026-04-14 12:04:32,906 - INFO - Regula po iteracji 4: IF X4 <= 19.50 AND X4 >= 1.10 AND X4 <= 13.25 AND X4 >= 1.30 AND X3 >= 1.81 THEN class = {570.83} [160.82, 980.85], (p=294, n=51, P=321, N=418)
2026-04-14 12:04:32,906 - INFO - *****GROWING RR RULE*****
2026-04-14 12:04:32,958 - INFO - Iteracja 0: condition_best: None, quality_best: -inf, coverage_best: (p=0, n=0, P=0, N=0), p_value: 0
2026-04-14 12:04:32,958 - INFO - Regula po iteracji 0: IF  THEN class = {1,877.30} [-29.03, 3,783.63], (p=617, n=122, P=617, N=122)
2026-04-14 12:04:32,958 - INFO - *****STOP GROWING RR RULE*****
2026-04-14 12:04:32,958 - INFO - ***RR NOT FOUND***
2026-04-14 12:04:32,958 - INFO - *******STOP GROWING CR RULE*******
2026-04-14 12:04:32,970 - INFO - ************************Finished experiment for ele-2.arff with algorithm_rer_with_exceptions************************
2026-04-14 12:04:32,970 - INFO - *************************************************************************************************************************
2026-04-14 12:04:32,970 - INFO - *************************************************************************************************************************
2026-04-14 12:04:32,970 - INFO - *************************************************************************************************************************
2026-04-14 12:04:32,970 - INFO - **********Starting experiment for ele-2.arff with decision_tree**********
2026-04-14 12:04:32,991 - INFO - ************************Finished experiment for ele-2.arff with decision_tree************************
2026-04-14 12:04:32,991 - INFO - *************************************************************************************************************************
2026-04-14 12:04:32,991 - INFO - *************************************************************************************************************************
2026-04-14 12:04:32,991 - INFO - *************************************************************************************************************************
