2026-04-14 13:09:13,564 - INFO - **********Starting experiment for wizmir.arff with algorithm_rulekit**********
2026-04-14 13:09:15,029 - INFO - ************************Finished experiment for wizmir.arff with algorithm_rulekit************************
2026-04-14 13:09:15,029 - INFO - *************************************************************************************************************************
2026-04-14 13:09:15,029 - INFO - *************************************************************************************************************************
2026-04-14 13:09:15,029 - INFO - *************************************************************************************************************************
2026-04-14 13:09:15,030 - INFO - **********Starting experiment for wizmir.arff with algorithm_rer**********
2026-04-14 13:09:15,047 - INFO - *******GROWING CR RULE*******
2026-04-14 13:09:15,413 - INFO - Iteracja 0: condition_best: Dewpoint <= 34.75, quality_best: 0.629, coverage_best: (p=109, n=31, P=155, N=867)
2026-04-14 13:09:15,413 - INFO - Regula po iteracji 0: IF Dewpoint <= 34.75 THEN class = {41.46} [36.67, 46.25], (p=109, n=31, P=155, N=867)
2026-04-14 13:09:15,474 - INFO - Iteracja 1: condition_best: Max_temperature <= 49.65, quality_best: 0.633, coverage_best: (p=49, n=16, P=68, N=954)
2026-04-14 13:09:15,474 - INFO - Regula po iteracji 1: IF Dewpoint <= 34.75 AND Max_temperature <= 49.65 THEN class = {38.37} [35.63, 41.11], (p=49, n=16, P=68, N=954)
2026-04-14 13:09:15,505 - INFO - Iteracja 2: condition_best: Standard_pressure >= 7.15, quality_best: 0.645, coverage_best: (p=46, n=12, P=70, N=952)
2026-04-14 13:09:15,505 - INFO - Regula po iteracji 2: IF Dewpoint <= 34.75 AND Max_temperature <= 49.65 AND Standard_pressure >= 7.15 THEN class = {38.61} [35.89, 41.34], (p=46, n=12, P=70, N=952)
2026-04-14 13:09:15,532 - INFO - Iteracja 3: condition_best: Sea_level_pressure >= 29.82, quality_best: 0.656, coverage_best: (p=45, n=11, P=68, N=954)
2026-04-14 13:09:15,532 - INFO - Regula po iteracji 3: IF Dewpoint <= 34.75 AND Max_temperature <= 49.65 AND Standard_pressure >= 7.15 AND Sea_level_pressure >= 29.82 THEN class = {38.50} [35.80, 41.20], (p=45, n=11, P=68, N=954)
2026-04-14 13:09:15,557 - INFO - Iteracja 4: condition_best: Max_temperature >= 37.95, quality_best: 0.665, coverage_best: (p=45, n=10, P=69, N=953)
2026-04-14 13:09:15,557 - INFO - Regula po iteracji 4: IF Dewpoint <= 34.75 AND Max_temperature <= 49.65 AND Standard_pressure >= 7.15 AND Sea_level_pressure >= 29.82 AND Max_temperature >= 37.95 THEN class = {38.56} [35.88, 41.24], (p=45, n=10, P=69, N=953)
2026-04-14 13:09:15,557 - INFO - *******STOP GROWING CR RULE*******
2026-04-14 13:09:15,564 - INFO - *******GROWING CR RULE*******
2026-04-14 13:09:15,882 - INFO - Iteracja 0: condition_best: Dewpoint <= 34.75, quality_best: 0.629, coverage_best: (p=109, n=31, P=155, N=867)
2026-04-14 13:09:15,882 - INFO - Regula po iteracji 0: IF Dewpoint <= 34.75 THEN class = {41.46} [36.67, 46.25], (p=109, n=31, P=155, N=867)
2026-04-14 13:09:15,936 - INFO - Iteracja 1: condition_best: Max_temperature <= 49.65, quality_best: 0.633, coverage_best: (p=49, n=16, P=68, N=954)
2026-04-14 13:09:15,936 - INFO - Regula po iteracji 1: IF Dewpoint <= 34.75 AND Max_temperature <= 49.65 THEN class = {38.37} [35.63, 41.11], (p=49, n=16, P=68, N=954)
2026-04-14 13:09:15,964 - INFO - Iteracja 2: condition_best: Max_temperature >= 37.95, quality_best: 0.644, coverage_best: (p=49, n=15, P=68, N=954)
2026-04-14 13:09:15,964 - INFO - Regula po iteracji 2: IF Dewpoint <= 34.75 AND Max_temperature <= 49.65 AND Max_temperature >= 37.95 THEN class = {38.42} [35.69, 41.15], (p=49, n=15, P=68, N=954)
2026-04-14 13:09:15,992 - INFO - Iteracja 3: condition_best: Sea_level_pressure >= 29.77, quality_best: 0.647, coverage_best: (p=48, n=14, P=68, N=954)
2026-04-14 13:09:15,992 - INFO - Regula po iteracji 3: IF Dewpoint <= 34.75 AND Max_temperature <= 49.65 AND Max_temperature >= 37.95 AND Sea_level_pressure >= 29.77 THEN class = {38.39} [35.66, 41.13], (p=48, n=14, P=68, N=954)
2026-04-14 13:09:16,018 - INFO - Iteracja 4: condition_best: Sea_level_pressure >= 29.82, quality_best: 0.642, coverage_best: (p=47, n=14, P=67, N=955)
2026-04-14 13:09:16,018 - INFO - Regula po iteracji 4: IF Dewpoint <= 34.75 AND Max_temperature <= 49.65 AND Max_temperature >= 37.95 AND Sea_level_pressure >= 29.77 AND Sea_level_pressure >= 29.82 THEN class = {38.33} [35.62, 41.05], (p=47, n=14, P=67, N=955)
2026-04-14 13:09:16,018 - INFO - *******STOP GROWING CR RULE*******
2026-04-14 13:09:16,025 - INFO - *******GROWING CR RULE*******
2026-04-14 13:09:16,340 - INFO - Iteracja 0: condition_best: Dewpoint <= 34.75, quality_best: 0.629, coverage_best: (p=109, n=31, P=155, N=867)
2026-04-14 13:09:16,340 - INFO - Regula po iteracji 0: IF Dewpoint <= 34.75 THEN class = {41.46} [36.67, 46.25], (p=109, n=31, P=155, N=867)
2026-04-14 13:09:16,394 - INFO - Iteracja 1: condition_best: Max_wind_speed <= 51.73, quality_best: 0.631, coverage_best: (p=108, n=30, P=155, N=867)
2026-04-14 13:09:16,394 - INFO - Regula po iteracji 1: IF Dewpoint <= 34.75 AND Max_wind_speed <= 51.73 THEN class = {41.48} [36.69, 46.26], (p=108, n=30, P=155, N=867)
2026-04-14 13:09:16,446 - INFO - Iteracja 2: condition_best: Standard_pressure <= 7.95, quality_best: 0.633, coverage_best: (p=107, n=29, P=155, N=867)
2026-04-14 13:09:16,447 - INFO - Regula po iteracji 2: IF Dewpoint <= 34.75 AND Max_wind_speed <= 51.73 AND Standard_pressure <= 7.95 THEN class = {41.45} [36.69, 46.21], (p=107, n=29, P=155, N=867)
2026-04-14 13:09:16,499 - INFO - Iteracja 3: condition_best: Standard_pressure >= 5.30, quality_best: 0.629, coverage_best: (p=106, n=29, P=155, N=867)
2026-04-14 13:09:16,499 - INFO - Regula po iteracji 3: IF Dewpoint <= 34.75 AND Max_wind_speed <= 51.73 AND Standard_pressure <= 7.95 AND Standard_pressure >= 5.30 THEN class = {41.47} [36.70, 46.25], (p=106, n=29, P=155, N=867)
2026-04-14 13:09:16,551 - INFO - Iteracja 4: condition_best: Max_temperature <= 49.90, quality_best: 0.625, coverage_best: (p=49, n=16, P=70, N=952)
2026-04-14 13:09:16,552 - INFO - Regula po iteracji 4: IF Dewpoint <= 34.75 AND Max_wind_speed <= 51.73 AND Standard_pressure <= 7.95 AND Standard_pressure >= 5.30 AND Max_temperature <= 49.90 THEN class = {38.54} [35.77, 41.31], (p=49, n=16, P=70, N=952)
2026-04-14 13:09:16,552 - INFO - *******STOP GROWING CR RULE*******
2026-04-14 13:09:16,558 - INFO - *******GROWING CR RULE*******
2026-04-14 13:09:16,875 - INFO - Iteracja 0: condition_best: Dewpoint <= 34.75, quality_best: 0.629, coverage_best: (p=109, n=31, P=155, N=867)
2026-04-14 13:09:16,875 - INFO - Regula po iteracji 0: IF Dewpoint <= 34.75 THEN class = {41.46} [36.67, 46.25], (p=109, n=31, P=155, N=867)
2026-04-14 13:09:16,929 - INFO - Iteracja 1: condition_best: Max_wind_speed <= 51.73, quality_best: 0.631, coverage_best: (p=108, n=30, P=155, N=867)
2026-04-14 13:09:16,929 - INFO - Regula po iteracji 1: IF Dewpoint <= 34.75 AND Max_wind_speed <= 51.73 THEN class = {41.48} [36.69, 46.26], (p=108, n=30, P=155, N=867)
2026-04-14 13:09:16,981 - INFO - Iteracja 2: condition_best: Standard_pressure <= 7.95, quality_best: 0.633, coverage_best: (p=107, n=29, P=155, N=867)
2026-04-14 13:09:16,981 - INFO - Regula po iteracji 2: IF Dewpoint <= 34.75 AND Max_wind_speed <= 51.73 AND Standard_pressure <= 7.95 THEN class = {41.45} [36.69, 46.21], (p=107, n=29, P=155, N=867)
2026-04-14 13:09:17,033 - INFO - Iteracja 3: condition_best: Standard_pressure >= 5.30, quality_best: 0.629, coverage_best: (p=106, n=29, P=155, N=867)
2026-04-14 13:09:17,034 - INFO - Regula po iteracji 3: IF Dewpoint <= 34.75 AND Max_wind_speed <= 51.73 AND Standard_pressure <= 7.95 AND Standard_pressure >= 5.30 THEN class = {41.47} [36.70, 46.25], (p=106, n=29, P=155, N=867)
2026-04-14 13:09:17,086 - INFO - Iteracja 4: condition_best: Standard_pressure >= 5.55, quality_best: 0.625, coverage_best: (p=105, n=29, P=155, N=867)
2026-04-14 13:09:17,086 - INFO - Regula po iteracji 4: IF Dewpoint <= 34.75 AND Max_wind_speed <= 51.73 AND Standard_pressure <= 7.95 AND Standard_pressure >= 5.30 AND Standard_pressure >= 5.55 THEN class = {41.48} [36.69, 46.27], (p=105, n=29, P=155, N=867)
2026-04-14 13:09:17,086 - INFO - *******STOP GROWING CR RULE*******
2026-04-14 13:09:17,092 - INFO - *******GROWING CR RULE*******
2026-04-14 13:09:17,402 - INFO - Iteracja 0: condition_best: Dewpoint <= 34.75, quality_best: 0.629, coverage_best: (p=109, n=31, P=155, N=867)
2026-04-14 13:09:17,403 - INFO - Regula po iteracji 0: IF Dewpoint <= 34.75 THEN class = {41.46} [36.67, 46.25], (p=109, n=31, P=155, N=867)
2026-04-14 13:09:17,454 - INFO - Iteracja 1: condition_best: Sea_level_pressure >= 29.73, quality_best: 0.625, coverage_best: (p=108, n=31, P=155, N=867)
2026-04-14 13:09:17,454 - INFO - Regula po iteracji 1: IF Dewpoint <= 34.75 AND Sea_level_pressure >= 29.73 THEN class = {41.49} [36.70, 46.28], (p=108, n=31, P=155, N=867)
2026-04-14 13:09:17,505 - INFO - Iteracja 2: condition_best: Wind_speed <= 52.25, quality_best: 0.621, coverage_best: (p=107, n=31, P=155, N=867)
2026-04-14 13:09:17,505 - INFO - Regula po iteracji 2: IF Dewpoint <= 34.75 AND Sea_level_pressure >= 29.73 AND Wind_speed <= 52.25 THEN class = {41.49} [36.68, 46.29], (p=107, n=31, P=155, N=867)
2026-04-14 13:09:17,555 - INFO - Iteracja 3: condition_best: Dewpoint <= 34.65, quality_best: 0.623, coverage_best: (p=106, n=30, P=155, N=867)
2026-04-14 13:09:17,556 - INFO - Regula po iteracji 3: IF Dewpoint <= 34.75 AND Sea_level_pressure >= 29.73 AND Wind_speed <= 52.25 AND Dewpoint <= 34.65 THEN class = {41.42} [36.63, 46.21], (p=106, n=30, P=155, N=867)
2026-04-14 13:09:17,606 - INFO - Iteracja 4: condition_best: Min_temperature >= 18.50, quality_best: 0.621, coverage_best: (p=105, n=30, P=154, N=868)
2026-04-14 13:09:17,606 - INFO - Regula po iteracji 4: IF Dewpoint <= 34.75 AND Sea_level_pressure >= 29.73 AND Wind_speed <= 52.25 AND Dewpoint <= 34.65 AND Min_temperature >= 18.50 THEN class = {41.50} [36.80, 46.21], (p=105, n=30, P=154, N=868)
2026-04-14 13:09:17,607 - INFO - *******STOP GROWING CR RULE*******
2026-04-14 13:09:17,613 - INFO - *******GROWING CR RULE*******
2026-04-14 13:09:17,925 - INFO - Iteracja 0: condition_best: Dewpoint <= 35.25, quality_best: 0.618, coverage_best: (p=113, n=35, P=158, N=864)
2026-04-14 13:09:17,925 - INFO - Regula po iteracji 0: IF Dewpoint <= 35.25 THEN class = {41.65} [36.89, 46.42], (p=113, n=35, P=158, N=864)
2026-04-14 13:09:17,979 - INFO - Iteracja 1: condition_best: Max_wind_speed >= 32.10, quality_best: 0.626, coverage_best: (p=110, n=33, P=153, N=869)
2026-04-14 13:09:17,979 - INFO - Regula po iteracji 1: IF Dewpoint <= 35.25 AND Max_wind_speed >= 32.10 THEN class = {41.54} [36.82, 46.25], (p=110, n=33, P=153, N=869)
2026-04-14 13:09:18,031 - INFO - Iteracja 2: condition_best: Standard_pressure <= 7.95, quality_best: 0.633, coverage_best: (p=109, n=31, P=153, N=869)
2026-04-14 13:09:18,031 - INFO - Regula po iteracji 2: IF Dewpoint <= 35.25 AND Max_wind_speed >= 32.10 AND Standard_pressure <= 7.95 THEN class = {41.56} [36.88, 46.24], (p=109, n=31, P=153, N=869)
2026-04-14 13:09:18,082 - INFO - Iteracja 3: condition_best: Dewpoint <= 35.15, quality_best: 0.629, coverage_best: (p=108, n=31, P=153, N=869)
2026-04-14 13:09:18,082 - INFO - Regula po iteracji 3: IF Dewpoint <= 35.25 AND Max_wind_speed >= 32.10 AND Standard_pressure <= 7.95 AND Dewpoint <= 35.15 THEN class = {41.55} [36.86, 46.24], (p=108, n=31, P=153, N=869)
2026-04-14 13:09:18,133 - INFO - Iteracja 4: condition_best: Dewpoint <= 35.05, quality_best: 0.629, coverage_best: (p=107, n=30, P=154, N=868)
2026-04-14 13:09:18,133 - INFO - Regula po iteracji 4: IF Dewpoint <= 35.25 AND Max_wind_speed >= 32.10 AND Standard_pressure <= 7.95 AND Dewpoint <= 35.15 AND Dewpoint <= 35.05 THEN class = {41.51} [36.80, 46.22], (p=107, n=30, P=154, N=868)
2026-04-14 13:09:18,133 - INFO - *******STOP GROWING CR RULE*******
2026-04-14 13:09:18,139 - INFO - *******GROWING CR RULE*******
2026-04-14 13:09:18,449 - INFO - Iteracja 0: condition_best: Max_temperature <= 50.10, quality_best: 0.616, coverage_best: (p=62, n=21, P=88, N=934)
2026-04-14 13:09:18,449 - INFO - Regula po iteracji 0: IF Max_temperature <= 50.10 THEN class = {39.30} [36.09, 42.50], (p=62, n=21, P=88, N=934)
2026-04-14 13:09:18,485 - INFO - Iteracja 1: condition_best: Max_temperature >= 37.95, quality_best: 0.625, coverage_best: (p=62, n=20, P=88, N=934)
2026-04-14 13:09:18,485 - INFO - Regula po iteracji 1: IF Max_temperature <= 50.10 AND Max_temperature >= 37.95 THEN class = {39.35} [36.16, 42.54], (p=62, n=20, P=88, N=934)
2026-04-14 13:09:18,518 - INFO - Iteracja 2: condition_best: Dewpoint <= 41.80, quality_best: 0.636, coverage_best: (p=61, n=19, P=85, N=937)
2026-04-14 13:09:18,518 - INFO - Regula po iteracji 2: IF Max_temperature <= 50.10 AND Max_temperature >= 37.95 AND Dewpoint <= 41.80 THEN class = {39.22} [36.12, 42.31], (p=61, n=19, P=85, N=937)
2026-04-14 13:09:18,551 - INFO - Iteracja 3: condition_best: Sea_level_pressure >= 29.75, quality_best: 0.629, coverage_best: (p=60, n=19, P=85, N=937)
2026-04-14 13:09:18,551 - INFO - Regula po iteracji 3: IF Max_temperature <= 50.10 AND Max_temperature >= 37.95 AND Dewpoint <= 41.80 AND Sea_level_pressure >= 29.75 THEN class = {39.25} [36.14, 42.35], (p=60, n=19, P=85, N=937)
2026-04-14 13:09:18,584 - INFO - Iteracja 4: condition_best: Sea_level_pressure >= 29.77, quality_best: 0.622, coverage_best: (p=59, n=19, P=85, N=937)
2026-04-14 13:09:18,584 - INFO - Regula po iteracji 4: IF Max_temperature <= 50.10 AND Max_temperature >= 37.95 AND Dewpoint <= 41.80 AND Sea_level_pressure >= 29.75 AND Sea_level_pressure >= 29.77 THEN class = {39.22} [36.11, 42.33], (p=59, n=19, P=85, N=937)
2026-04-14 13:09:18,584 - INFO - *******STOP GROWING CR RULE*******
2026-04-14 13:09:18,590 - INFO - *******GROWING CR RULE*******
2026-04-14 13:09:18,899 - INFO - Iteracja 0: condition_best: Max_temperature >= 90.60, quality_best: 0.612, coverage_best: (p=126, n=53, P=145, N=877)
2026-04-14 13:09:18,900 - INFO - Regula po iteracji 0: IF Max_temperature >= 90.60 THEN class = {81.87} [78.94, 84.80], (p=126, n=53, P=145, N=877)
2026-04-14 13:09:18,956 - INFO - Iteracja 1: condition_best: Visibility >= 5.29, quality_best: 0.63, coverage_best: (p=122, n=49, P=138, N=884)
2026-04-14 13:09:18,956 - INFO - Regula po iteracji 1: IF Max_temperature >= 90.60 AND Visibility >= 5.29 THEN class = {81.99} [79.16, 84.82], (p=122, n=49, P=138, N=884)
2026-04-14 13:09:19,007 - INFO - Iteracja 2: condition_best: Min_temperature <= 74.65, quality_best: 0.641, coverage_best: (p=115, n=40, P=139, N=883)
2026-04-14 13:09:19,007 - INFO - Regula po iteracji 2: IF Max_temperature >= 90.60 AND Visibility >= 5.29 AND Min_temperature <= 74.65 THEN class = {81.61} [78.97, 84.24], (p=115, n=40, P=139, N=883)
2026-04-14 13:09:19,055 - INFO - Iteracja 3: condition_best: Max_temperature >= 90.95, quality_best: 0.643, coverage_best: (p=107, n=40, P=124, N=898)
2026-04-14 13:09:19,055 - INFO - Regula po iteracji 3: IF Max_temperature >= 90.60 AND Visibility >= 5.29 AND Min_temperature <= 74.65 AND Max_temperature >= 90.95 THEN class = {81.82} [79.37, 84.27], (p=107, n=40, P=124, N=898)
2026-04-14 13:09:19,100 - INFO - Iteracja 4: condition_best: Max_temperature <= 103.00, quality_best: 0.648, coverage_best: (p=107, n=39, P=124, N=898)
2026-04-14 13:09:19,100 - INFO - Regula po iteracji 4: IF Max_temperature >= 90.60 AND Visibility >= 5.29 AND Min_temperature <= 74.65 AND Max_temperature >= 90.95 AND Max_temperature <= 103.00 THEN class = {81.79} [79.36, 84.22], (p=107, n=39, P=124, N=898)
2026-04-14 13:09:19,100 - INFO - *******STOP GROWING CR RULE*******
2026-04-14 13:09:19,105 - INFO - *******GROWING CR RULE*******
2026-04-14 13:09:19,407 - INFO - Iteracja 0: condition_best: Max_temperature >= 90.60, quality_best: 0.612, coverage_best: (p=126, n=53, P=145, N=877)
2026-04-14 13:09:19,407 - INFO - Regula po iteracji 0: IF Max_temperature >= 90.60 THEN class = {81.87} [78.94, 84.80], (p=126, n=53, P=145, N=877)
2026-04-14 13:09:19,457 - INFO - Iteracja 1: condition_best: Visibility >= 5.29, quality_best: 0.63, coverage_best: (p=122, n=49, P=138, N=884)
2026-04-14 13:09:19,457 - INFO - Regula po iteracji 1: IF Max_temperature >= 90.60 AND Visibility >= 5.29 THEN class = {81.99} [79.16, 84.82], (p=122, n=49, P=138, N=884)
2026-04-14 13:09:19,504 - INFO - Iteracja 2: condition_best: Min_temperature <= 74.65, quality_best: 0.641, coverage_best: (p=115, n=40, P=139, N=883)
2026-04-14 13:09:19,504 - INFO - Regula po iteracji 2: IF Max_temperature >= 90.60 AND Visibility >= 5.29 AND Min_temperature <= 74.65 THEN class = {81.61} [78.97, 84.24], (p=115, n=40, P=139, N=883)
2026-04-14 13:09:19,547 - INFO - Iteracja 3: condition_best: Dewpoint <= 61.45, quality_best: 0.642, coverage_best: (p=114, n=39, P=139, N=883)
2026-04-14 13:09:19,547 - INFO - Regula po iteracji 3: IF Max_temperature >= 90.60 AND Visibility >= 5.29 AND Min_temperature <= 74.65 AND Dewpoint <= 61.45 THEN class = {81.57} [78.94, 84.20], (p=114, n=39, P=139, N=883)
2026-04-14 13:09:19,589 - INFO - Iteracja 4: condition_best: Min_temperature >= 58.55, quality_best: 0.641, coverage_best: (p=110, n=39, P=132, N=890)
2026-04-14 13:09:19,590 - INFO - Regula po iteracji 4: IF Max_temperature >= 90.60 AND Visibility >= 5.29 AND Min_temperature <= 74.65 AND Dewpoint <= 61.45 AND Min_temperature >= 58.55 THEN class = {81.68} [79.14, 84.22], (p=110, n=39, P=132, N=890)
2026-04-14 13:09:19,590 - INFO - *******STOP GROWING CR RULE*******
2026-04-14 13:09:19,595 - INFO - *******GROWING CR RULE*******
2026-04-14 13:09:19,897 - INFO - Iteracja 0: condition_best: Max_temperature >= 90.60, quality_best: 0.612, coverage_best: (p=126, n=53, P=145, N=877)
2026-04-14 13:09:19,897 - INFO - Regula po iteracji 0: IF Max_temperature >= 90.60 THEN class = {81.87} [78.94, 84.80], (p=126, n=53, P=145, N=877)
2026-04-14 13:09:19,946 - INFO - Iteracja 1: condition_best: Visibility >= 5.29, quality_best: 0.63, coverage_best: (p=122, n=49, P=138, N=884)
2026-04-14 13:09:19,946 - INFO - Regula po iteracji 1: IF Max_temperature >= 90.60 AND Visibility >= 5.29 THEN class = {81.99} [79.16, 84.82], (p=122, n=49, P=138, N=884)
2026-04-14 13:09:19,994 - INFO - Iteracja 2: condition_best: Min_temperature >= 65.40, quality_best: 0.633, coverage_best: (p=84, n=38, P=91, N=931)
2026-04-14 13:09:19,995 - INFO - Regula po iteracji 2: IF Max_temperature >= 90.60 AND Visibility >= 5.29 AND Min_temperature >= 65.40 THEN class = {83.04} [80.92, 85.16], (p=84, n=38, P=91, N=931)
2026-04-14 13:09:20,031 - INFO - Iteracja 3: condition_best: Max_temperature >= 92.40, quality_best: 0.686, coverage_best: (p=70, n=23, P=80, N=942)
2026-04-14 13:09:20,031 - INFO - Regula po iteracji 3: IF Max_temperature >= 90.60 AND Visibility >= 5.29 AND Min_temperature >= 65.40 AND Max_temperature >= 92.40 THEN class = {83.71} [81.79, 85.64], (p=70, n=23, P=80, N=942)
2026-04-14 13:09:20,061 - INFO - Iteracja 4: condition_best: Standard_pressure >= 6.80, quality_best: 0.699, coverage_best: (p=70, n=22, P=79, N=943)
2026-04-14 13:09:20,061 - INFO - Regula po iteracji 4: IF Max_temperature >= 90.60 AND Visibility >= 5.29 AND Min_temperature >= 65.40 AND Max_temperature >= 92.40 AND Standard_pressure >= 6.80 THEN class = {83.74} [81.82, 85.66], (p=70, n=22, P=79, N=943)
2026-04-14 13:09:20,061 - INFO - *******STOP GROWING CR RULE*******
2026-04-14 13:09:20,066 - INFO - *******GROWING CR RULE*******
2026-04-14 13:09:20,370 - INFO - Iteracja 0: condition_best: Max_temperature >= 90.60, quality_best: 0.612, coverage_best: (p=126, n=53, P=145, N=877)
2026-04-14 13:09:20,370 - INFO - Regula po iteracji 0: IF Max_temperature >= 90.60 THEN class = {81.87} [78.94, 84.80], (p=126, n=53, P=145, N=877)
2026-04-14 13:09:20,419 - INFO - Iteracja 1: condition_best: Min_temperature <= 74.65, quality_best: 0.626, coverage_best: (p=120, n=43, P=148, N=874)
2026-04-14 13:09:20,419 - INFO - Regula po iteracji 1: IF Max_temperature >= 90.60 AND Min_temperature <= 74.65 THEN class = {81.50} [78.75, 84.24], (p=120, n=43, P=148, N=874)
2026-04-14 13:09:20,464 - INFO - Iteracja 2: condition_best: Max_wind_speed >= 26.41, quality_best: 0.632, coverage_best: (p=119, n=41, P=148, N=874)
2026-04-14 13:09:20,464 - INFO - Regula po iteracji 2: IF Max_temperature >= 90.60 AND Min_temperature <= 74.65 AND Max_wind_speed >= 26.41 THEN class = {81.51} [78.79, 84.22], (p=119, n=41, P=148, N=874)
2026-04-14 13:09:20,510 - INFO - Iteracja 3: condition_best: Visibility <= 21.90, quality_best: 0.629, coverage_best: (p=117, n=40, P=148, N=874)
2026-04-14 13:09:20,510 - INFO - Regula po iteracji 3: IF Max_temperature >= 90.60 AND Min_temperature <= 74.65 AND Max_wind_speed >= 26.41 AND Visibility <= 21.90 THEN class = {81.49} [78.77, 84.21], (p=117, n=40, P=148, N=874)
2026-04-14 13:09:20,553 - INFO - Iteracja 4: condition_best: Max_temperature <= 104.50, quality_best: 0.625, coverage_best: (p=115, n=40, P=146, N=876)
2026-04-14 13:09:20,553 - INFO - Regula po iteracji 4: IF Max_temperature >= 90.60 AND Min_temperature <= 74.65 AND Max_wind_speed >= 26.41 AND Visibility <= 21.90 AND Max_temperature <= 104.50 THEN class = {81.43} [78.74, 84.13], (p=115, n=40, P=146, N=876)
2026-04-14 13:09:20,553 - INFO - *******STOP GROWING CR RULE*******
2026-04-14 13:09:20,558 - INFO - *******GROWING CR RULE*******
2026-04-14 13:09:20,858 - INFO - Iteracja 0: condition_best: Max_temperature >= 90.20, quality_best: 0.6, coverage_best: (p=129, n=55, P=152, N=870)
2026-04-14 13:09:20,858 - INFO - Regula po iteracji 0: IF Max_temperature >= 90.20 THEN class = {81.74} [78.72, 84.77], (p=129, n=55, P=152, N=870)
2026-04-14 13:09:20,908 - INFO - Iteracja 1: condition_best: Visibility >= 4.95, quality_best: 0.618, coverage_best: (p=127, n=51, P=148, N=874)
2026-04-14 13:09:20,908 - INFO - Regula po iteracji 1: IF Max_temperature >= 90.20 AND Visibility >= 4.95 THEN class = {81.84} [78.87, 84.82], (p=127, n=51, P=148, N=874)
2026-04-14 13:09:20,956 - INFO - Iteracja 2: condition_best: Standard_pressure >= 6.85, quality_best: 0.621, coverage_best: (p=121, n=50, P=138, N=884)
2026-04-14 13:09:20,956 - INFO - Regula po iteracji 2: IF Max_temperature >= 90.20 AND Visibility >= 4.95 AND Standard_pressure >= 6.85 THEN class = {82.02} [79.18, 84.86], (p=121, n=50, P=138, N=884)
2026-04-14 13:09:21,003 - INFO - Iteracja 3: condition_best: Min_temperature <= 74.65, quality_best: 0.631, coverage_best: (p=114, n=41, P=139, N=883)
2026-04-14 13:09:21,003 - INFO - Regula po iteracji 3: IF Max_temperature >= 90.20 AND Visibility >= 4.95 AND Standard_pressure >= 6.85 AND Min_temperature <= 74.65 THEN class = {81.64} [78.99, 84.30], (p=114, n=41, P=139, N=883)
2026-04-14 13:09:21,046 - INFO - Iteracja 4: condition_best: Max_temperature <= 104.50, quality_best: 0.636, coverage_best: (p=114, n=40, P=139, N=883)
2026-04-14 13:09:21,046 - INFO - Regula po iteracji 4: IF Max_temperature >= 90.20 AND Visibility >= 4.95 AND Standard_pressure >= 6.85 AND Min_temperature <= 74.65 AND Max_temperature <= 104.50 THEN class = {81.61} [78.98, 84.25], (p=114, n=40, P=139, N=883)
2026-04-14 13:09:21,046 - INFO - *******STOP GROWING CR RULE*******
2026-04-14 13:09:21,051 - INFO - *******GROWING CR RULE*******
2026-04-14 13:09:21,350 - INFO - Iteracja 0: condition_best: Max_temperature >= 90.05, quality_best: 0.599, coverage_best: (p=131, n=56, P=154, N=868)
2026-04-14 13:09:21,350 - INFO - Regula po iteracji 0: IF Max_temperature >= 90.05 THEN class = {81.69} [78.65, 84.73], (p=131, n=56, P=154, N=868)
2026-04-14 13:09:21,400 - INFO - Iteracja 1: condition_best: Sea_level_pressure <= 30.04, quality_best: 0.612, coverage_best: (p=131, n=54, P=152, N=870)
2026-04-14 13:09:21,401 - INFO - Regula po iteracji 1: IF Max_temperature >= 90.05 AND Sea_level_pressure <= 30.04 THEN class = {81.76} [78.79, 84.73], (p=131, n=54, P=152, N=870)
2026-04-14 13:09:21,450 - INFO - Iteracja 2: condition_best: Min_temperature <= 75.30, quality_best: 0.618, coverage_best: (p=126, n=50, P=148, N=874)
2026-04-14 13:09:21,450 - INFO - Regula po iteracji 2: IF Max_temperature >= 90.05 AND Sea_level_pressure <= 30.04 AND Min_temperature <= 75.30 THEN class = {81.52} [78.70, 84.34], (p=126, n=50, P=148, N=874)
2026-04-14 13:09:21,498 - INFO - Iteracja 3: condition_best: Wind_speed >= 10.26, quality_best: 0.623, coverage_best: (p=126, n=49, P=148, N=874)
2026-04-14 13:09:21,498 - INFO - Regula po iteracji 3: IF Max_temperature >= 90.05 AND Sea_level_pressure <= 30.04 AND Min_temperature <= 75.30 AND Wind_speed >= 10.26 THEN class = {81.55} [78.75, 84.35], (p=126, n=49, P=148, N=874)
2026-04-14 13:09:21,546 - INFO - Iteracja 4: condition_best: Dewpoint <= 61.45, quality_best: 0.623, coverage_best: (p=125, n=48, P=148, N=874)
2026-04-14 13:09:21,546 - INFO - Regula po iteracji 4: IF Max_temperature >= 90.05 AND Sea_level_pressure <= 30.04 AND Min_temperature <= 75.30 AND Wind_speed >= 10.26 AND Dewpoint <= 61.45 THEN class = {81.52} [78.72, 84.32], (p=125, n=48, P=148, N=874)
2026-04-14 13:09:21,546 - INFO - *******STOP GROWING CR RULE*******
2026-04-14 13:09:21,551 - INFO - *******GROWING CR RULE*******
2026-04-14 13:09:21,850 - INFO - Iteracja 0: condition_best: Dewpoint <= 35.45, quality_best: 0.597, coverage_best: (p=112, n=39, P=156, N=866)
2026-04-14 13:09:21,850 - INFO - Regula po iteracji 0: IF Dewpoint <= 35.45 THEN class = {41.76} [36.95, 46.57], (p=112, n=39, P=156, N=866)
2026-04-14 13:09:21,904 - INFO - Iteracja 1: condition_best: Max_wind_speed >= 32.10, quality_best: 0.61, coverage_best: (p=111, n=35, P=158, N=864)
2026-04-14 13:09:21,904 - INFO - Regula po iteracji 1: IF Dewpoint <= 35.45 AND Max_wind_speed >= 32.10 THEN class = {41.65} [36.89, 46.41], (p=111, n=35, P=158, N=864)
2026-04-14 13:09:21,957 - INFO - Iteracja 2: condition_best: Standard_pressure >= 5.30, quality_best: 0.606, coverage_best: (p=110, n=35, P=158, N=864)
2026-04-14 13:09:21,957 - INFO - Regula po iteracji 2: IF Dewpoint <= 35.45 AND Max_wind_speed >= 32.10 AND Standard_pressure >= 5.30 THEN class = {41.67} [36.90, 46.45], (p=110, n=35, P=158, N=864)
2026-04-14 13:09:22,010 - INFO - Iteracja 3: condition_best: Standard_pressure >= 5.55, quality_best: 0.602, coverage_best: (p=109, n=35, P=158, N=864)
2026-04-14 13:09:22,010 - INFO - Regula po iteracji 3: IF Dewpoint <= 35.45 AND Max_wind_speed >= 32.10 AND Standard_pressure >= 5.30 AND Standard_pressure >= 5.55 THEN class = {41.68} [36.89, 46.47], (p=109, n=35, P=158, N=864)
2026-04-14 13:09:22,063 - INFO - Iteracja 4: condition_best: Standard_pressure >= 5.65, quality_best: 0.598, coverage_best: (p=108, n=35, P=158, N=864)
2026-04-14 13:09:22,063 - INFO - Regula po iteracji 4: IF Dewpoint <= 35.45 AND Max_wind_speed >= 32.10 AND Standard_pressure >= 5.30 AND Standard_pressure >= 5.55 AND Standard_pressure >= 5.65 THEN class = {41.70} [36.89, 46.50], (p=108, n=35, P=158, N=864)
2026-04-14 13:09:22,063 - INFO - *******STOP GROWING CR RULE*******
2026-04-14 13:09:22,068 - INFO - *******GROWING CR RULE*******
2026-04-14 13:09:22,367 - INFO - Iteracja 0: condition_best: Max_temperature >= 82.05, quality_best: 0.594, coverage_best: (p=245, n=108, P=247, N=775)
2026-04-14 13:09:22,367 - INFO - Regula po iteracji 0: IF Max_temperature >= 82.05 THEN class = {78.42} [73.59, 83.25], (p=245, n=108, P=247, N=775)
2026-04-14 13:09:22,460 - INFO - Iteracja 1: condition_best: Min_temperature <= 69.50, quality_best: 0.641, coverage_best: (p=187, n=58, P=223, N=799)
2026-04-14 13:09:22,461 - INFO - Regula po iteracji 1: IF Max_temperature >= 82.05 AND Min_temperature <= 69.50 THEN class = {76.63} [72.15, 81.12], (p=187, n=58, P=223, N=799)
2026-04-14 13:09:22,531 - INFO - Iteracja 2: condition_best: Sea_level_pressure >= 29.73, quality_best: 0.648, coverage_best: (p=178, n=53, P=215, N=807)
2026-04-14 13:09:22,531 - INFO - Regula po iteracji 2: IF Max_temperature >= 82.05 AND Min_temperature <= 69.50 AND Sea_level_pressure >= 29.73 THEN class = {76.53} [72.15, 80.92], (p=178, n=53, P=215, N=807)
2026-04-14 13:09:22,597 - INFO - Iteracja 3: condition_best: Sea_level_pressure <= 30.11, quality_best: 0.655, coverage_best: (p=177, n=52, P=212, N=810)
2026-04-14 13:09:22,597 - INFO - Regula po iteracji 3: IF Max_temperature >= 82.05 AND Min_temperature <= 69.50 AND Sea_level_pressure >= 29.73 AND Sea_level_pressure <= 30.11 THEN class = {76.61} [72.30, 80.93], (p=177, n=52, P=212, N=810)
2026-04-14 13:09:22,662 - INFO - Iteracja 4: condition_best: Dewpoint >= 40.05, quality_best: 0.659, coverage_best: (p=177, n=51, P=212, N=810)
2026-04-14 13:09:22,662 - INFO - Regula po iteracji 4: IF Max_temperature >= 82.05 AND Min_temperature <= 69.50 AND Sea_level_pressure >= 29.73 AND Sea_level_pressure <= 30.11 AND Dewpoint >= 40.05 THEN class = {76.59} [72.28, 80.91], (p=177, n=51, P=212, N=810)
2026-04-14 13:09:22,662 - INFO - *******STOP GROWING CR RULE*******
2026-04-14 13:09:22,666 - INFO - *******GROWING CR RULE*******
2026-04-14 13:09:22,957 - INFO - Iteracja 0: condition_best: Max_temperature >= 82.05, quality_best: 0.594, coverage_best: (p=245, n=108, P=247, N=775)
2026-04-14 13:09:22,957 - INFO - Regula po iteracji 0: IF Max_temperature >= 82.05 THEN class = {78.42} [73.59, 83.25], (p=245, n=108, P=247, N=775)
2026-04-14 13:09:23,042 - INFO - Iteracja 1: condition_best: Min_temperature <= 69.50, quality_best: 0.641, coverage_best: (p=187, n=58, P=223, N=799)
2026-04-14 13:09:23,043 - INFO - Regula po iteracji 1: IF Max_temperature >= 82.05 AND Min_temperature <= 69.50 THEN class = {76.63} [72.15, 81.12], (p=187, n=58, P=223, N=799)
2026-04-14 13:09:23,107 - INFO - Iteracja 2: condition_best: Sea_level_pressure <= 30.11, quality_best: 0.647, coverage_best: (p=186, n=57, P=220, N=802)
2026-04-14 13:09:23,107 - INFO - Regula po iteracji 2: IF Max_temperature >= 82.05 AND Min_temperature <= 69.50 AND Sea_level_pressure <= 30.11 THEN class = {76.71} [72.29, 81.13], (p=186, n=57, P=220, N=802)
2026-04-14 13:09:23,170 - INFO - Iteracja 3: condition_best: Max_temperature <= 103.00, quality_best: 0.652, coverage_best: (p=183, n=57, P=212, N=810)
2026-04-14 13:09:23,171 - INFO - Regula po iteracji 3: IF Max_temperature >= 82.05 AND Min_temperature <= 69.50 AND Sea_level_pressure <= 30.11 AND Max_temperature <= 103.00 THEN class = {76.59} [72.27, 80.92], (p=183, n=57, P=212, N=810)
2026-04-14 13:09:23,234 - INFO - Iteracja 4: condition_best: Dewpoint >= 41.20, quality_best: 0.657, coverage_best: (p=182, n=55, P=212, N=810)
2026-04-14 13:09:23,234 - INFO - Regula po iteracji 4: IF Max_temperature >= 82.05 AND Min_temperature <= 69.50 AND Sea_level_pressure <= 30.11 AND Max_temperature <= 103.00 AND Dewpoint >= 41.20 THEN class = {76.60} [72.27, 80.93], (p=182, n=55, P=212, N=810)
2026-04-14 13:09:23,234 - INFO - *******STOP GROWING CR RULE*******
2026-04-14 13:09:23,238 - INFO - *******GROWING CR RULE*******
2026-04-14 13:09:23,527 - INFO - Iteracja 0: condition_best: Max_temperature >= 82.05, quality_best: 0.594, coverage_best: (p=245, n=108, P=247, N=775)
2026-04-14 13:09:23,527 - INFO - Regula po iteracji 0: IF Max_temperature >= 82.05 THEN class = {78.42} [73.59, 83.25], (p=245, n=108, P=247, N=775)
2026-04-14 13:09:23,612 - INFO - Iteracja 1: condition_best: Min_temperature <= 69.70, quality_best: 0.641, coverage_best: (p=189, n=61, P=220, N=802)
2026-04-14 13:09:23,612 - INFO - Regula po iteracji 1: IF Max_temperature >= 82.05 AND Min_temperature <= 69.70 THEN class = {76.70} [72.23, 81.17], (p=189, n=61, P=220, N=802)
2026-04-14 13:09:23,677 - INFO - Iteracja 2: condition_best: Max_temperature <= 98.70, quality_best: 0.649, coverage_best: (p=180, n=58, P=207, N=815)
2026-04-14 13:09:23,677 - INFO - Regula po iteracji 2: IF Max_temperature >= 82.05 AND Min_temperature <= 69.70 AND Max_temperature <= 98.70 THEN class = {76.31} [72.11, 80.51], (p=180, n=58, P=207, N=815)
2026-04-14 13:09:23,740 - INFO - Iteracja 3: condition_best: Visibility >= 3.69, quality_best: 0.657, coverage_best: (p=180, n=56, P=207, N=815)
2026-04-14 13:09:23,740 - INFO - Regula po iteracji 3: IF Max_temperature >= 82.05 AND Min_temperature <= 69.70 AND Max_temperature <= 98.70 AND Visibility >= 3.69 THEN class = {76.37} [72.19, 80.54], (p=180, n=56, P=207, N=815)
2026-04-14 13:09:23,803 - INFO - Iteracja 4: condition_best: Standard_pressure >= 6.45, quality_best: 0.661, coverage_best: (p=177, n=53, P=206, N=816)
2026-04-14 13:09:23,803 - INFO - Regula po iteracji 4: IF Max_temperature >= 82.05 AND Min_temperature <= 69.70 AND Max_temperature <= 98.70 AND Visibility >= 3.69 AND Standard_pressure >= 6.45 THEN class = {76.45} [72.29, 80.62], (p=177, n=53, P=206, N=816)
2026-04-14 13:09:23,803 - INFO - *******STOP GROWING CR RULE*******
2026-04-14 13:09:23,807 - INFO - *******GROWING CR RULE*******
2026-04-14 13:09:24,094 - INFO - Iteracja 0: condition_best: Max_temperature >= 82.05, quality_best: 0.594, coverage_best: (p=245, n=108, P=247, N=775)
2026-04-14 13:09:24,094 - INFO - Regula po iteracji 0: IF Max_temperature >= 82.05 THEN class = {78.42} [73.59, 83.25], (p=245, n=108, P=247, N=775)
2026-04-14 13:09:24,178 - INFO - Iteracja 1: condition_best: Max_temperature <= 91.85, quality_best: 0.64, coverage_best: (p=156, n=55, P=179, N=843)
2026-04-14 13:09:24,178 - INFO - Regula po iteracji 1: IF Max_temperature >= 82.05 AND Max_temperature <= 91.85 THEN class = {75.62} [71.77, 79.47], (p=156, n=55, P=179, N=843)
2026-04-14 13:09:24,236 - INFO - Iteracja 2: condition_best: Visibility >= 4.66, quality_best: 0.659, coverage_best: (p=153, n=50, P=175, N=847)
2026-04-14 13:09:24,236 - INFO - Regula po iteracji 2: IF Max_temperature >= 82.05 AND Max_temperature <= 91.85 AND Visibility >= 4.66 THEN class = {75.87} [72.21, 79.53], (p=153, n=50, P=175, N=847)
2026-04-14 13:09:24,292 - INFO - Iteracja 3: condition_best: Min_temperature <= 72.75, quality_best: 0.673, coverage_best: (p=154, n=46, P=178, N=844)
2026-04-14 13:09:24,292 - INFO - Regula po iteracji 3: IF Max_temperature >= 82.05 AND Max_temperature <= 91.85 AND Visibility >= 4.66 AND Min_temperature <= 72.75 THEN class = {75.78} [72.16, 79.41], (p=154, n=46, P=178, N=844)
2026-04-14 13:09:24,347 - INFO - Iteracja 4: condition_best: Dewpoint >= 41.20, quality_best: 0.678, coverage_best: (p=153, n=44, P=178, N=844)
2026-04-14 13:09:24,347 - INFO - Regula po iteracji 4: IF Max_temperature >= 82.05 AND Max_temperature <= 91.85 AND Visibility >= 4.66 AND Min_temperature <= 72.75 AND Dewpoint >= 41.20 THEN class = {75.78} [72.17, 79.40], (p=153, n=44, P=178, N=844)
2026-04-14 13:09:24,347 - INFO - *******STOP GROWING CR RULE*******
2026-04-14 13:09:24,351 - INFO - *******GROWING CR RULE*******
2026-04-14 13:09:24,639 - INFO - Iteracja 0: condition_best: Max_temperature >= 81.05, quality_best: 0.594, coverage_best: (p=250, n=110, P=251, N=771)
2026-04-14 13:09:24,639 - INFO - Regula po iteracji 0: IF Max_temperature >= 81.05 THEN class = {78.26} [73.31, 83.20], (p=250, n=110, P=251, N=771)
2026-04-14 13:09:24,725 - INFO - Iteracja 1: condition_best: Min_temperature <= 70.35, quality_best: 0.647, coverage_best: (p=208, n=72, P=224, N=798)
2026-04-14 13:09:24,725 - INFO - Regula po iteracji 1: IF Max_temperature >= 81.05 AND Min_temperature <= 70.35 THEN class = {76.84} [72.26, 81.42], (p=208, n=72, P=224, N=798)
2026-04-14 13:09:24,794 - INFO - Iteracja 2: condition_best: Sea_level_pressure >= 29.73, quality_best: 0.658, coverage_best: (p=200, n=64, P=221, N=801)
2026-04-14 13:09:24,794 - INFO - Regula po iteracji 2: IF Max_temperature >= 81.05 AND Min_temperature <= 70.35 AND Sea_level_pressure >= 29.73 THEN class = {76.72} [72.23, 81.20], (p=200, n=64, P=221, N=801)
2026-04-14 13:09:24,861 - INFO - Iteracja 3: condition_best: Dewpoint >= 38.00, quality_best: 0.661, coverage_best: (p=200, n=63, P=221, N=801)
2026-04-14 13:09:24,861 - INFO - Regula po iteracji 3: IF Max_temperature >= 81.05 AND Min_temperature <= 70.35 AND Sea_level_pressure >= 29.73 AND Dewpoint >= 38.00 THEN class = {76.74} [72.26, 81.22], (p=200, n=63, P=221, N=801)
2026-04-14 13:09:24,928 - INFO - Iteracja 4: condition_best: Visibility >= 2.88, quality_best: 0.665, coverage_best: (p=200, n=62, P=221, N=801)
2026-04-14 13:09:24,928 - INFO - Regula po iteracji 4: IF Max_temperature >= 81.05 AND Min_temperature <= 70.35 AND Sea_level_pressure >= 29.73 AND Dewpoint >= 38.00 AND Visibility >= 2.88 THEN class = {76.76} [72.29, 81.23], (p=200, n=62, P=221, N=801)
2026-04-14 13:09:24,928 - INFO - *******STOP GROWING CR RULE*******
2026-04-14 13:09:24,932 - INFO - *******GROWING CR RULE*******
2026-04-14 13:09:25,220 - INFO - Iteracja 0: condition_best: Min_temperature >= 57.30, quality_best: 0.588, coverage_best: (p=248, n=108, P=255, N=767)
2026-04-14 13:09:25,220 - INFO - Regula po iteracji 0: IF Min_temperature >= 57.30 THEN class = {78.19} [73.10, 83.28], (p=248, n=108, P=255, N=767)
2026-04-14 13:09:25,307 - INFO - Iteracja 1: condition_best: Min_temperature <= 73.10, quality_best: 0.608, coverage_best: (p=229, n=92, P=242, N=780)
2026-04-14 13:09:25,307 - INFO - Regula po iteracji 1: IF Min_temperature >= 57.30 AND Min_temperature <= 73.10 THEN class = {77.50} [72.66, 82.34], (p=229, n=92, P=242, N=780)
2026-04-14 13:09:25,384 - INFO - Iteracja 2: condition_best: Wind_speed <= 48.80, quality_best: 0.613, coverage_best: (p=229, n=90, P=242, N=780)
2026-04-14 13:09:25,384 - INFO - Regula po iteracji 2: IF Min_temperature >= 57.30 AND Min_temperature <= 73.10 AND Wind_speed <= 48.80 THEN class = {77.50} [72.67, 82.32], (p=229, n=90, P=242, N=780)
2026-04-14 13:09:25,462 - INFO - Iteracja 3: condition_best: Precipitation <= 0.85, quality_best: 0.618, coverage_best: (p=228, n=88, P=241, N=781)
2026-04-14 13:09:25,462 - INFO - Regula po iteracji 3: IF Min_temperature >= 57.30 AND Min_temperature <= 73.10 AND Wind_speed <= 48.80 AND Precipitation <= 0.85 THEN class = {77.54} [72.76, 82.32], (p=228, n=88, P=241, N=781)
2026-04-14 13:09:25,539 - INFO - Iteracja 4: condition_best: Dewpoint >= 38.00, quality_best: 0.621, coverage_best: (p=228, n=87, P=241, N=781)
2026-04-14 13:09:25,539 - INFO - Regula po iteracji 4: IF Min_temperature >= 57.30 AND Min_temperature <= 73.10 AND Wind_speed <= 48.80 AND Precipitation <= 0.85 AND Dewpoint >= 38.00 THEN class = {77.56} [72.79, 82.34], (p=228, n=87, P=241, N=781)
2026-04-14 13:09:25,539 - INFO - *******STOP GROWING CR RULE*******
2026-04-14 13:09:25,543 - INFO - *******GROWING CR RULE*******
2026-04-14 13:09:25,829 - INFO - Iteracja 0: condition_best: Dewpoint <= 35.75, quality_best: 0.587, coverage_best: (p=115, n=42, P=160, N=862)
2026-04-14 13:09:25,829 - INFO - Regula po iteracji 0: IF Dewpoint <= 35.75 THEN class = {41.92} [37.08, 46.75], (p=115, n=42, P=160, N=862)
2026-04-14 13:09:25,885 - INFO - Iteracja 1: condition_best: Sea_level_pressure >= 29.75, quality_best: 0.593, coverage_best: (p=112, n=43, P=148, N=874)
2026-04-14 13:09:25,885 - INFO - Regula po iteracji 1: IF Dewpoint <= 35.75 AND Sea_level_pressure >= 29.75 THEN class = {41.79} [37.36, 46.22], (p=112, n=43, P=148, N=874)
2026-04-14 13:09:25,940 - INFO - Iteracja 2: condition_best: Visibility <= 26.75, quality_best: 0.594, coverage_best: (p=111, n=42, P=148, N=874)
2026-04-14 13:09:25,940 - INFO - Regula po iteracji 2: IF Dewpoint <= 35.75 AND Sea_level_pressure >= 29.75 AND Visibility <= 26.75 THEN class = {41.81} [37.39, 46.23], (p=111, n=42, P=148, N=874)
2026-04-14 13:09:25,994 - INFO - Iteracja 3: condition_best: Sea_level_pressure >= 29.77, quality_best: 0.59, coverage_best: (p=110, n=42, P=148, N=874)
2026-04-14 13:09:25,994 - INFO - Regula po iteracji 3: IF Dewpoint <= 35.75 AND Sea_level_pressure >= 29.75 AND Visibility <= 26.75 AND Sea_level_pressure >= 29.77 THEN class = {41.81} [37.38, 46.25], (p=110, n=42, P=148, N=874)
2026-04-14 13:09:26,049 - INFO - Iteracja 4: condition_best: Standard_pressure <= 7.95, quality_best: 0.591, coverage_best: (p=109, n=41, P=148, N=874)
2026-04-14 13:09:26,049 - INFO - Regula po iteracji 4: IF Dewpoint <= 35.75 AND Sea_level_pressure >= 29.75 AND Visibility <= 26.75 AND Sea_level_pressure >= 29.77 AND Standard_pressure <= 7.95 THEN class = {41.79} [37.38, 46.21], (p=109, n=41, P=148, N=874)
2026-04-14 13:09:26,049 - INFO - *******STOP GROWING CR RULE*******
2026-04-14 13:09:26,053 - INFO - *******GROWING CR RULE*******
2026-04-14 13:09:26,337 - INFO - Iteracja 0: condition_best: Max_temperature >= 80.70, quality_best: 0.582, coverage_best: (p=252, n=115, P=253, N=769)
2026-04-14 13:09:26,337 - INFO - Regula po iteracji 0: IF Max_temperature >= 80.70 THEN class = {78.06} [72.95, 83.17], (p=252, n=115, P=253, N=769)
2026-04-14 13:09:26,424 - INFO - Iteracja 1: condition_best: Min_temperature <= 70.60, quality_best: 0.635, coverage_best: (p=213, n=78, P=227, N=795)
2026-04-14 13:09:26,424 - INFO - Regula po iteracji 1: IF Max_temperature >= 80.70 AND Min_temperature <= 70.60 THEN class = {76.68} [71.95, 81.40], (p=213, n=78, P=227, N=795)
2026-04-14 13:09:26,495 - INFO - Iteracja 2: condition_best: Wind_speed >= 12.55, quality_best: 0.649, coverage_best: (p=209, n=72, P=224, N=798)
2026-04-14 13:09:26,495 - INFO - Regula po iteracji 2: IF Max_temperature >= 80.70 AND Min_temperature <= 70.60 AND Wind_speed >= 12.55 THEN class = {76.77} [72.22, 81.33], (p=209, n=72, P=224, N=798)
2026-04-14 13:09:26,565 - INFO - Iteracja 3: condition_best: Precipitation <= 0.20, quality_best: 0.657, coverage_best: (p=210, n=69, P=227, N=795)
2026-04-14 13:09:26,565 - INFO - Regula po iteracji 3: IF Max_temperature >= 80.70 AND Min_temperature <= 70.60 AND Wind_speed >= 12.55 AND Precipitation <= 0.20 THEN class = {76.75} [72.19, 81.31], (p=210, n=69, P=227, N=795)
2026-04-14 13:09:26,635 - INFO - Iteracja 4: condition_best: Max_temperature <= 98.35, quality_best: 0.655, coverage_best: (p=200, n=69, P=213, N=809)
2026-04-14 13:09:26,635 - INFO - Regula po iteracji 4: IF Max_temperature >= 80.70 AND Min_temperature <= 70.60 AND Wind_speed >= 12.55 AND Precipitation <= 0.20 AND Max_temperature <= 98.35 THEN class = {76.45} [72.10, 80.80], (p=200, n=69, P=213, N=809)
2026-04-14 13:09:26,635 - INFO - *******STOP GROWING CR RULE*******
2026-04-14 13:09:26,638 - INFO - *******GROWING CR RULE*******
2026-04-14 13:09:26,921 - INFO - Iteracja 0: condition_best: Dewpoint <= 38.35, quality_best: 0.582, coverage_best: (p=149, n=41, P=240, N=782)
2026-04-14 13:09:26,921 - INFO - Regula po iteracji 0: IF Dewpoint <= 38.35 THEN class = {43.33} [37.11, 49.56], (p=149, n=41, P=240, N=782)
2026-04-14 13:09:26,988 - INFO - Iteracja 1: condition_best: Max_temperature <= 59.55, quality_best: 0.59, coverage_best: (p=109, n=50, P=129, N=893)
2026-04-14 13:09:26,988 - INFO - Regula po iteracji 1: IF Dewpoint <= 38.35 AND Max_temperature <= 59.55 THEN class = {41.49} [37.52, 45.45], (p=109, n=50, P=129, N=893)
2026-04-14 13:09:27,044 - INFO - Iteracja 2: condition_best: Min_temperature <= 37.75, quality_best: 0.62, coverage_best: (p=90, n=41, P=100, N=922)
2026-04-14 13:09:27,044 - INFO - Regula po iteracji 2: IF Dewpoint <= 38.35 AND Max_temperature <= 59.55 AND Min_temperature <= 37.75 THEN class = {40.48} [36.96, 43.99], (p=90, n=41, P=100, N=922)
2026-04-14 13:09:27,093 - INFO - Iteracja 3: condition_best: Visibility <= 27.20, quality_best: 0.63, coverage_best: (p=91, n=38, P=104, N=918)
2026-04-14 13:09:27,094 - INFO - Regula po iteracji 3: IF Dewpoint <= 38.35 AND Max_temperature <= 59.55 AND Min_temperature <= 37.75 AND Visibility <= 27.20 THEN class = {40.55} [37.06, 44.04], (p=91, n=38, P=104, N=918)
2026-04-14 13:09:27,142 - INFO - Iteracja 4: condition_best: Max_temperature <= 58.55, quality_best: 0.637, coverage_best: (p=89, n=37, P=100, N=922)
2026-04-14 13:09:27,142 - INFO - Regula po iteracji 4: IF Dewpoint <= 38.35 AND Max_temperature <= 59.55 AND Min_temperature <= 37.75 AND Visibility <= 27.20 AND Max_temperature <= 58.55 THEN class = {40.44} [36.99, 43.90], (p=89, n=37, P=100, N=922)
2026-04-14 13:09:27,142 - INFO - *******STOP GROWING CR RULE*******
2026-04-14 13:09:27,146 - INFO - *******GROWING CR RULE*******
2026-04-14 13:09:27,428 - INFO - Iteracja 0: condition_best: Dewpoint <= 38.35, quality_best: 0.582, coverage_best: (p=149, n=41, P=240, N=782)
2026-04-14 13:09:27,428 - INFO - Regula po iteracji 0: IF Dewpoint <= 38.35 THEN class = {43.33} [37.11, 49.56], (p=149, n=41, P=240, N=782)
2026-04-14 13:09:27,495 - INFO - Iteracja 1: condition_best: Max_temperature <= 59.55, quality_best: 0.59, coverage_best: (p=109, n=50, P=129, N=893)
2026-04-14 13:09:27,495 - INFO - Regula po iteracji 1: IF Dewpoint <= 38.35 AND Max_temperature <= 59.55 THEN class = {41.49} [37.52, 45.45], (p=109, n=50, P=129, N=893)
2026-04-14 13:09:27,551 - INFO - Iteracja 2: condition_best: Visibility <= 26.75, quality_best: 0.595, coverage_best: (p=108, n=48, P=129, N=893)
2026-04-14 13:09:27,552 - INFO - Regula po iteracji 2: IF Dewpoint <= 38.35 AND Max_temperature <= 59.55 AND Visibility <= 26.75 THEN class = {41.54} [37.59, 45.48], (p=108, n=48, P=129, N=893)
2026-04-14 13:09:27,607 - INFO - Iteracja 3: condition_best: Dewpoint <= 37.25, quality_best: 0.6, coverage_best: (p=107, n=46, P=129, N=893)
2026-04-14 13:09:27,607 - INFO - Regula po iteracji 3: IF Dewpoint <= 38.35 AND Max_temperature <= 59.55 AND Visibility <= 26.75 AND Dewpoint <= 37.25 THEN class = {41.47} [37.53, 45.40], (p=107, n=46, P=129, N=893)
2026-04-14 13:09:27,662 - INFO - Iteracja 4: condition_best: Max_temperature <= 59.10, quality_best: 0.595, coverage_best: (p=106, n=46, P=129, N=893)
2026-04-14 13:09:27,663 - INFO - Regula po iteracji 4: IF Dewpoint <= 38.35 AND Max_temperature <= 59.55 AND Visibility <= 26.75 AND Dewpoint <= 37.25 AND Max_temperature <= 59.10 THEN class = {41.46} [37.51, 45.40], (p=106, n=46, P=129, N=893)
2026-04-14 13:09:27,663 - INFO - *******STOP GROWING CR RULE*******
2026-04-14 13:09:27,666 - INFO - *******GROWING CR RULE*******
2026-04-14 13:09:27,948 - INFO - Iteracja 0: condition_best: Dewpoint <= 38.35, quality_best: 0.582, coverage_best: (p=149, n=41, P=240, N=782)
2026-04-14 13:09:27,948 - INFO - Regula po iteracji 0: IF Dewpoint <= 38.35 THEN class = {43.33} [37.11, 49.56], (p=149, n=41, P=240, N=782)
2026-04-14 13:09:28,014 - INFO - Iteracja 1: condition_best: Visibility <= 28.15, quality_best: 0.588, coverage_best: (p=149, n=39, P=242, N=780)
2026-04-14 13:09:28,014 - INFO - Regula po iteracji 1: IF Dewpoint <= 38.35 AND Visibility <= 28.15 THEN class = {43.41} [37.20, 49.62], (p=149, n=39, P=242, N=780)
2026-04-14 13:09:28,080 - INFO - Iteracja 2: condition_best: Max_wind_speed >= 33.25, quality_best: 0.594, coverage_best: (p=145, n=36, P=240, N=782)
2026-04-14 13:09:28,080 - INFO - Regula po iteracji 2: IF Dewpoint <= 38.35 AND Visibility <= 28.15 AND Max_wind_speed >= 33.25 THEN class = {43.33} [37.09, 49.56], (p=145, n=36, P=240, N=782)
2026-04-14 13:09:28,143 - INFO - Iteracja 3: condition_best: Dewpoint <= 37.65, quality_best: 0.591, coverage_best: (p=140, n=37, P=227, N=795)
2026-04-14 13:09:28,143 - INFO - Regula po iteracji 3: IF Dewpoint <= 38.35 AND Visibility <= 28.15 AND Max_wind_speed >= 33.25 AND Dewpoint <= 37.65 THEN class = {43.09} [37.09, 49.10], (p=140, n=37, P=227, N=795)
2026-04-14 13:09:28,206 - INFO - Iteracja 4: condition_best: Max_temperature >= 43.35, quality_best: 0.592, coverage_best: (p=133, n=32, P=230, N=792)
2026-04-14 13:09:28,206 - INFO - Regula po iteracji 4: IF Dewpoint <= 38.35 AND Visibility <= 28.15 AND Max_wind_speed >= 33.25 AND Dewpoint <= 37.65 AND Max_temperature >= 43.35 THEN class = {43.53} [37.60, 49.46], (p=133, n=32, P=230, N=792)
2026-04-14 13:09:28,206 - INFO - *******STOP GROWING CR RULE*******
2026-04-14 13:09:28,210 - INFO - *******GROWING CR RULE*******
2026-04-14 13:09:28,491 - INFO - Iteracja 0: condition_best: Max_temperature >= 80.15, quality_best: 0.577, coverage_best: (p=259, n=119, P=260, N=762)
2026-04-14 13:09:28,491 - INFO - Regula po iteracji 0: IF Max_temperature >= 80.15 THEN class = {77.83} [72.61, 83.05], (p=259, n=119, P=260, N=762)
2026-04-14 13:09:28,579 - INFO - Iteracja 1: condition_best: Min_temperature <= 71.15, quality_best: 0.622, coverage_best: (p=220, n=86, P=231, N=791)
2026-04-14 13:09:28,579 - INFO - Regula po iteracji 1: IF Max_temperature >= 80.15 AND Min_temperature <= 71.15 THEN class = {76.49} [71.67, 81.31], (p=220, n=86, P=231, N=791)
2026-04-14 13:09:28,653 - INFO - Iteracja 2: condition_best: Min_temperature >= 50.45, quality_best: 0.625, coverage_best: (p=214, n=84, P=224, N=798)
2026-04-14 13:09:28,653 - INFO - Regula po iteracji 2: IF Max_temperature >= 80.15 AND Min_temperature <= 71.15 AND Min_temperature >= 50.45 THEN class = {76.78} [72.25, 81.31], (p=214, n=84, P=224, N=798)
2026-04-14 13:09:28,724 - INFO - Iteracja 3: condition_best: Max_temperature <= 98.35, quality_best: 0.637, coverage_best: (p=205, n=80, P=211, N=811)
2026-04-14 13:09:28,724 - INFO - Regula po iteracji 3: IF Max_temperature >= 80.15 AND Min_temperature <= 71.15 AND Min_temperature >= 50.45 AND Max_temperature <= 98.35 THEN class = {76.43} [72.13, 80.73], (p=205, n=80, P=211, N=811)
2026-04-14 13:09:28,795 - INFO - Iteracja 4: condition_best: Dewpoint >= 41.20, quality_best: 0.647, coverage_best: (p=204, n=76, P=211, N=811)
2026-04-14 13:09:28,795 - INFO - Regula po iteracji 4: IF Max_temperature >= 80.15 AND Min_temperature <= 71.15 AND Min_temperature >= 50.45 AND Max_temperature <= 98.35 AND Dewpoint >= 41.20 THEN class = {76.48} [72.18, 80.77], (p=204, n=76, P=211, N=811)
2026-04-14 13:09:28,795 - INFO - *******STOP GROWING CR RULE*******
2026-04-14 13:09:28,798 - INFO - *******GROWING CR RULE*******
2026-04-14 13:09:29,080 - INFO - Iteracja 0: condition_best: Max_temperature >= 79.25, quality_best: 0.575, coverage_best: (p=267, n=122, P=267, N=755)
2026-04-14 13:09:29,080 - INFO - Regula po iteracji 0: IF Max_temperature >= 79.25 THEN class = {77.57} [72.18, 82.96], (p=267, n=122, P=267, N=755)
2026-04-14 13:09:29,171 - INFO - Iteracja 1: condition_best: Min_temperature <= 69.70, quality_best: 0.602, coverage_best: (p=203, n=81, P=226, N=796)
2026-04-14 13:09:29,171 - INFO - Regula po iteracji 1: IF Max_temperature >= 79.25 AND Min_temperature <= 69.70 THEN class = {75.77} [70.78, 80.75], (p=203, n=81, P=226, N=796)
2026-04-14 13:09:29,242 - INFO - Iteracja 2: condition_best: Precipitation <= 0.85, quality_best: 0.608, coverage_best: (p=203, n=79, P=226, N=796)
2026-04-14 13:09:29,242 - INFO - Regula po iteracji 2: IF Max_temperature >= 79.25 AND Min_temperature <= 69.70 AND Precipitation <= 0.85 THEN class = {75.77} [70.80, 80.73], (p=203, n=79, P=226, N=796)
2026-04-14 13:09:29,312 - INFO - Iteracja 3: condition_best: Max_temperature <= 104.50, quality_best: 0.606, coverage_best: (p=201, n=79, P=224, N=798)
2026-04-14 13:09:29,313 - INFO - Regula po iteracji 3: IF Max_temperature >= 79.25 AND Min_temperature <= 69.70 AND Precipitation <= 0.85 AND Max_temperature <= 104.50 THEN class = {75.70} [70.78, 80.61], (p=201, n=79, P=224, N=798)
2026-04-14 13:09:29,383 - INFO - Iteracja 4: condition_best: Sea_level_pressure <= 30.05, quality_best: 0.605, coverage_best: (p=192, n=76, P=216, N=806)
2026-04-14 13:09:29,383 - INFO - Regula po iteracji 4: IF Max_temperature >= 79.25 AND Min_temperature <= 69.70 AND Precipitation <= 0.85 AND Max_temperature <= 104.50 AND Sea_level_pressure <= 30.05 THEN class = {76.04} [71.36, 80.73], (p=192, n=76, P=216, N=806)
2026-04-14 13:09:29,383 - INFO - *******STOP GROWING CR RULE*******
2026-04-14 13:09:29,386 - INFO - *******GROWING CR RULE*******
2026-04-14 13:09:29,666 - INFO - Iteracja 0: condition_best: Dewpoint <= 38.95, quality_best: 0.57, coverage_best: (p=158, n=40, P=275, N=747)
2026-04-14 13:09:29,666 - INFO - Regula po iteracji 0: IF Dewpoint <= 38.95 THEN class = {43.76} [36.87, 50.65], (p=158, n=40, P=275, N=747)
2026-04-14 13:09:29,735 - INFO - Iteracja 1: condition_best: Max_temperature <= 59.45, quality_best: 0.597, coverage_best: (p=112, n=51, P=130, N=892)
2026-04-14 13:09:29,735 - INFO - Regula po iteracji 1: IF Dewpoint <= 38.95 AND Max_temperature <= 59.45 THEN class = {41.59} [37.59, 45.58], (p=112, n=51, P=130, N=892)
2026-04-14 13:09:29,793 - INFO - Iteracja 2: condition_best: Precipitation <= 1.15, quality_best: 0.609, coverage_best: (p=112, n=49, P=129, N=893)
2026-04-14 13:09:29,793 - INFO - Regula po iteracji 2: IF Dewpoint <= 38.95 AND Max_temperature <= 59.45 AND Precipitation <= 1.15 THEN class = {41.50} [37.56, 45.44], (p=112, n=49, P=129, N=893)
2026-04-14 13:09:29,850 - INFO - Iteracja 3: condition_best: Sea_level_pressure >= 29.74, quality_best: 0.613, coverage_best: (p=112, n=48, P=129, N=893)
2026-04-14 13:09:29,850 - INFO - Regula po iteracji 3: IF Dewpoint <= 38.95 AND Max_temperature <= 59.45 AND Precipitation <= 1.15 AND Sea_level_pressure >= 29.74 THEN class = {41.53} [37.59, 45.47], (p=112, n=48, P=129, N=893)
2026-04-14 13:09:29,907 - INFO - Iteracja 4: condition_best: Standard_pressure <= 8.05, quality_best: 0.614, coverage_best: (p=111, n=47, P=129, N=893)
2026-04-14 13:09:29,907 - INFO - Regula po iteracji 4: IF Dewpoint <= 38.95 AND Max_temperature <= 59.45 AND Precipitation <= 1.15 AND Sea_level_pressure >= 29.74 AND Standard_pressure <= 8.05 THEN class = {41.52} [37.59, 45.44], (p=111, n=47, P=129, N=893)
2026-04-14 13:09:29,907 - INFO - *******STOP GROWING CR RULE*******
2026-04-14 13:09:29,910 - INFO - *******GROWING CR RULE*******
2026-04-14 13:09:30,190 - INFO - Iteracja 0: condition_best: Dewpoint <= 38.95, quality_best: 0.57, coverage_best: (p=158, n=40, P=275, N=747)
2026-04-14 13:09:30,190 - INFO - Regula po iteracji 0: IF Dewpoint <= 38.95 THEN class = {43.76} [36.87, 50.65], (p=158, n=40, P=275, N=747)
2026-04-14 13:09:30,259 - INFO - Iteracja 1: condition_best: Max_wind_speed >= 33.25, quality_best: 0.579, coverage_best: (p=155, n=36, P=276, N=746)
2026-04-14 13:09:30,259 - INFO - Regula po iteracji 1: IF Dewpoint <= 38.95 AND Max_wind_speed >= 33.25 THEN class = {43.69} [36.75, 50.64], (p=155, n=36, P=276, N=746)
2026-04-14 13:09:30,325 - INFO - Iteracja 2: condition_best: Max_wind_speed <= 51.73, quality_best: 0.581, coverage_best: (p=154, n=35, P=276, N=746)
2026-04-14 13:09:30,325 - INFO - Regula po iteracji 2: IF Dewpoint <= 38.95 AND Max_wind_speed >= 33.25 AND Max_wind_speed <= 51.73 THEN class = {43.73} [36.79, 50.68], (p=154, n=35, P=276, N=746)
2026-04-14 13:09:30,391 - INFO - Iteracja 3: condition_best: Visibility >= 2.59, quality_best: 0.581, coverage_best: (p=154, n=34, P=281, N=741)
2026-04-14 13:09:30,391 - INFO - Regula po iteracji 3: IF Dewpoint <= 38.95 AND Max_wind_speed >= 33.25 AND Max_wind_speed <= 51.73 AND Visibility >= 2.59 THEN class = {43.75} [36.78, 50.71], (p=154, n=34, P=281, N=741)
2026-04-14 13:09:30,457 - INFO - Iteracja 4: condition_best: Visibility >= 2.71, quality_best: 0.579, coverage_best: (p=153, n=34, P=281, N=741)
2026-04-14 13:09:30,457 - INFO - Regula po iteracji 4: IF Dewpoint <= 38.95 AND Max_wind_speed >= 33.25 AND Max_wind_speed <= 51.73 AND Visibility >= 2.59 AND Visibility >= 2.71 THEN class = {43.73} [36.75, 50.71], (p=153, n=34, P=281, N=741)
2026-04-14 13:09:30,457 - INFO - *******STOP GROWING CR RULE*******
2026-04-14 13:09:30,460 - INFO - *******GROWING CR RULE*******
2026-04-14 13:09:30,740 - INFO - Iteracja 0: condition_best: Min_temperature >= 56.20, quality_best: 0.567, coverage_best: (p=266, n=120, P=274, N=748)
2026-04-14 13:09:30,740 - INFO - Regula po iteracji 0: IF Min_temperature >= 56.20 THEN class = {77.41} [71.70, 83.11], (p=266, n=120, P=274, N=748)
2026-04-14 13:09:30,832 - INFO - Iteracja 1: condition_best: Min_temperature <= 70.10, quality_best: 0.606, coverage_best: (p=217, n=83, P=241, N=781)
2026-04-14 13:09:30,832 - INFO - Regula po iteracji 1: IF Min_temperature >= 56.20 AND Min_temperature <= 70.10 THEN class = {75.79} [70.44, 81.14], (p=217, n=83, P=241, N=781)
2026-04-14 13:09:30,906 - INFO - Iteracja 2: condition_best: Sea_level_pressure <= 30.06, quality_best: 0.62, coverage_best: (p=213, n=78, P=236, N=786)
2026-04-14 13:09:30,906 - INFO - Regula po iteracji 2: IF Min_temperature >= 56.20 AND Min_temperature <= 70.10 AND Sea_level_pressure <= 30.06 THEN class = {76.06} [70.89, 81.23], (p=213, n=78, P=236, N=786)
2026-04-14 13:09:30,978 - INFO - Iteracja 3: condition_best: Max_temperature <= 95.80, quality_best: 0.636, coverage_best: (p=189, n=69, P=207, N=815)
2026-04-14 13:09:30,979 - INFO - Regula po iteracji 3: IF Min_temperature >= 56.20 AND Min_temperature <= 70.10 AND Sea_level_pressure <= 30.06 AND Max_temperature <= 95.80 THEN class = {75.18} [70.44, 79.92], (p=189, n=69, P=207, N=815)
2026-04-14 13:09:31,046 - INFO - Iteracja 4: condition_best: Precipitation <= 2.50, quality_best: 0.639, coverage_best: (p=189, n=68, P=207, N=815)
2026-04-14 13:09:31,046 - INFO - Regula po iteracji 4: IF Min_temperature >= 56.20 AND Min_temperature <= 70.10 AND Sea_level_pressure <= 30.06 AND Max_temperature <= 95.80 AND Precipitation <= 2.50 THEN class = {75.20} [70.47, 79.94], (p=189, n=68, P=207, N=815)
2026-04-14 13:09:31,046 - INFO - *******STOP GROWING CR RULE*******
2026-04-14 13:09:31,049 - INFO - *******GROWING CR RULE*******
2026-04-14 13:09:31,327 - INFO - Iteracja 0: condition_best: Dewpoint <= 39.45, quality_best: 0.564, coverage_best: (p=165, n=43, P=284, N=738)
2026-04-14 13:09:31,328 - INFO - Regula po iteracji 0: IF Dewpoint <= 39.45 THEN class = {44.05} [37.13, 50.96], (p=165, n=43, P=284, N=738)
2026-04-14 13:09:31,399 - INFO - Iteracja 1: condition_best: Min_temperature <= 40.80, quality_best: 0.569, coverage_best: (p=119, n=56, P=146, N=876)
2026-04-14 13:09:31,399 - INFO - Regula po iteracji 1: IF Dewpoint <= 39.45 AND Min_temperature <= 40.80 THEN class = {42.08} [37.73, 46.44], (p=119, n=56, P=146, N=876)
2026-04-14 13:09:31,460 - INFO - Iteracja 2: condition_best: Sea_level_pressure >= 29.93, quality_best: 0.595, coverage_best: (p=116, n=47, P=146, N=876)
2026-04-14 13:09:31,460 - INFO - Regula po iteracji 2: IF Dewpoint <= 39.45 AND Min_temperature <= 40.80 AND Sea_level_pressure >= 29.93 THEN class = {41.94} [37.60, 46.29], (p=116, n=47, P=146, N=876)
2026-04-14 13:09:31,517 - INFO - Iteracja 3: condition_best: Standard_pressure <= 8.05, quality_best: 0.596, coverage_best: (p=115, n=46, P=146, N=876)
2026-04-14 13:09:31,517 - INFO - Regula po iteracji 3: IF Dewpoint <= 39.45 AND Min_temperature <= 40.80 AND Sea_level_pressure >= 29.93 AND Standard_pressure <= 8.05 THEN class = {41.94} [37.60, 46.28], (p=115, n=46, P=146, N=876)
2026-04-14 13:09:31,574 - INFO - Iteracja 4: condition_best: Visibility >= 2.71, quality_best: 0.596, coverage_best: (p=114, n=45, P=146, N=876)
2026-04-14 13:09:31,574 - INFO - Regula po iteracji 4: IF Dewpoint <= 39.45 AND Min_temperature <= 40.80 AND Sea_level_pressure >= 29.93 AND Standard_pressure <= 8.05 AND Visibility >= 2.71 THEN class = {41.91} [37.56, 46.25], (p=114, n=45, P=146, N=876)
2026-04-14 13:09:31,574 - INFO - *******STOP GROWING CR RULE*******
2026-04-14 13:09:31,577 - INFO - *******GROWING CR RULE*******
2026-04-14 13:09:31,855 - INFO - Iteracja 0: condition_best: Min_temperature >= 55.85, quality_best: 0.562, coverage_best: (p=268, n=124, P=274, N=748)
2026-04-14 13:09:31,855 - INFO - Regula po iteracji 0: IF Min_temperature >= 55.85 THEN class = {77.28} [71.50, 83.05], (p=268, n=124, P=274, N=748)
2026-04-14 13:09:31,947 - INFO - Iteracja 1: condition_best: Min_temperature <= 70.60, quality_best: 0.606, coverage_best: (p=226, n=90, P=242, N=780)
2026-04-14 13:09:31,947 - INFO - Regula po iteracji 1: IF Min_temperature >= 55.85 AND Min_temperature <= 70.60 THEN class = {75.82} [70.41, 81.22], (p=226, n=90, P=242, N=780)
2026-04-14 13:09:32,025 - INFO - Iteracja 2: condition_best: Max_temperature <= 99.40, quality_best: 0.614, coverage_best: (p=218, n=87, P=231, N=791)
2026-04-14 13:09:32,025 - INFO - Regula po iteracji 2: IF Min_temperature >= 55.85 AND Min_temperature <= 70.60 AND Max_temperature <= 99.40 THEN class = {75.49} [70.29, 80.70], (p=218, n=87, P=231, N=791)
2026-04-14 13:09:32,100 - INFO - Iteracja 3: condition_best: Standard_pressure <= 7.75, quality_best: 0.614, coverage_best: (p=206, n=79, P=227, N=795)
2026-04-14 13:09:32,100 - INFO - Regula po iteracji 3: IF Min_temperature >= 55.85 AND Min_temperature <= 70.60 AND Max_temperature <= 99.40 AND Standard_pressure <= 7.75 THEN class = {75.89} [70.85, 80.92], (p=206, n=79, P=227, N=795)
2026-04-14 13:09:32,172 - INFO - Iteracja 4: condition_best: Visibility >= 3.69, quality_best: 0.62, coverage_best: (p=206, n=77, P=227, N=795)
2026-04-14 13:09:32,172 - INFO - Regula po iteracji 4: IF Min_temperature >= 55.85 AND Min_temperature <= 70.60 AND Max_temperature <= 99.40 AND Standard_pressure <= 7.75 AND Visibility >= 3.69 THEN class = {75.93} [70.90, 80.95], (p=206, n=77, P=227, N=795)
2026-04-14 13:09:32,172 - INFO - *******STOP GROWING CR RULE*******
2026-04-14 13:09:32,176 - INFO - *******GROWING CR RULE*******
2026-04-14 13:09:32,454 - INFO - Iteracja 0: condition_best: Min_temperature >= 54.40, quality_best: 0.558, coverage_best: (p=278, n=131, P=279, N=743)
2026-04-14 13:09:32,455 - INFO - Regula po iteracji 0: IF Min_temperature >= 54.40 THEN class = {76.88} [70.84, 82.91], (p=278, n=131, P=279, N=743)
2026-04-14 13:09:32,551 - INFO - Iteracja 1: condition_best: Min_temperature <= 71.30, quality_best: 0.592, coverage_best: (p=238, n=103, P=246, N=776)
2026-04-14 13:09:32,551 - INFO - Regula po iteracji 1: IF Min_temperature >= 54.40 AND Min_temperature <= 71.30 THEN class = {75.54} [69.87, 81.20], (p=238, n=103, P=246, N=776)
2026-04-14 13:09:32,634 - INFO - Iteracja 2: condition_best: Sea_level_pressure <= 30.05, quality_best: 0.615, coverage_best: (p=233, n=91, P=245, N=777)
2026-04-14 13:09:32,634 - INFO - Regula po iteracji 2: IF Min_temperature >= 54.40 AND Min_temperature <= 71.30 AND Sea_level_pressure <= 30.05 THEN class = {75.94} [70.48, 81.39], (p=233, n=91, P=245, N=777)
2026-04-14 13:09:32,713 - INFO - Iteracja 3: condition_best: Max_temperature <= 97.80, quality_best: 0.631, coverage_best: (p=224, n=85, P=233, N=789)
2026-04-14 13:09:32,713 - INFO - Regula po iteracji 3: IF Min_temperature >= 54.40 AND Min_temperature <= 71.30 AND Sea_level_pressure <= 30.05 AND Max_temperature <= 97.80 THEN class = {75.55} [70.29, 80.82], (p=224, n=85, P=233, N=789)
2026-04-14 13:09:32,790 - INFO - Iteracja 4: condition_best: Precipitation <= 0.25, quality_best: 0.636, coverage_best: (p=221, n=82, P=231, N=791)
2026-04-14 13:09:32,790 - INFO - Regula po iteracji 4: IF Min_temperature >= 54.40 AND Min_temperature <= 71.30 AND Sea_level_pressure <= 30.05 AND Max_temperature <= 97.80 AND Precipitation <= 0.25 THEN class = {75.65} [70.50, 80.81], (p=221, n=82, P=231, N=791)
2026-04-14 13:09:32,790 - INFO - *******STOP GROWING CR RULE*******
2026-04-14 13:09:32,793 - INFO - *******GROWING CR RULE*******
2026-04-14 13:09:33,071 - INFO - Iteracja 0: condition_best: Max_temperature <= 53.00, quality_best: 0.558, coverage_best: (p=83, n=39, P=112, N=910)
2026-04-14 13:09:33,071 - INFO - Regula po iteracji 0: IF Max_temperature <= 53.00 THEN class = {40.82} [36.95, 44.69], (p=83, n=39, P=112, N=910)
2026-04-14 13:09:33,120 - INFO - Iteracja 1: condition_best: Min_temperature <= 37.85, quality_best: 0.614, coverage_best: (p=67, n=28, P=83, N=939)
2026-04-14 13:09:33,120 - INFO - Regula po iteracji 1: IF Max_temperature <= 53.00 AND Min_temperature <= 37.85 THEN class = {39.46} [36.35, 42.58], (p=67, n=28, P=83, N=939)
2026-04-14 13:09:33,158 - INFO - Iteracja 2: condition_best: Precipitation <= 0.95, quality_best: 0.618, coverage_best: (p=66, n=26, P=84, N=938)
2026-04-14 13:09:33,158 - INFO - Regula po iteracji 2: IF Max_temperature <= 53.00 AND Min_temperature <= 37.85 AND Precipitation <= 0.95 THEN class = {39.40} [36.27, 42.52], (p=66, n=26, P=84, N=938)
2026-04-14 13:09:33,195 - INFO - Iteracja 3: condition_best: Sea_level_pressure >= 29.82, quality_best: 0.632, coverage_best: (p=64, n=22, P=85, N=937)
2026-04-14 13:09:33,196 - INFO - Regula po iteracji 3: IF Max_temperature <= 53.00 AND Min_temperature <= 37.85 AND Precipitation <= 0.95 AND Sea_level_pressure >= 29.82 THEN class = {39.22} [36.13, 42.31], (p=64, n=22, P=85, N=937)
2026-04-14 13:09:33,231 - INFO - Iteracja 4: condition_best: Visibility <= 25.35, quality_best: 0.633, coverage_best: (p=63, n=21, P=85, N=937)
2026-04-14 13:09:33,231 - INFO - Regula po iteracji 4: IF Max_temperature <= 53.00 AND Min_temperature <= 37.85 AND Precipitation <= 0.95 AND Sea_level_pressure >= 29.82 AND Visibility <= 25.35 THEN class = {39.26} [36.18, 42.35], (p=63, n=21, P=85, N=937)
2026-04-14 13:09:33,232 - INFO - *******STOP GROWING CR RULE*******
2026-04-14 13:09:33,234 - INFO - *******GROWING CR RULE*******
2026-04-14 13:09:33,510 - INFO - Iteracja 0: condition_best: Max_temperature <= 53.00, quality_best: 0.558, coverage_best: (p=83, n=39, P=112, N=910)
2026-04-14 13:09:33,510 - INFO - Regula po iteracji 0: IF Max_temperature <= 53.00 THEN class = {40.82} [36.95, 44.69], (p=83, n=39, P=112, N=910)
2026-04-14 13:09:33,557 - INFO - Iteracja 1: condition_best: Dewpoint <= 42.50, quality_best: 0.579, coverage_best: (p=79, n=36, P=102, N=920)
2026-04-14 13:09:33,557 - INFO - Regula po iteracji 1: IF Max_temperature <= 53.00 AND Dewpoint <= 42.50 THEN class = {40.41} [36.85, 43.97], (p=79, n=36, P=102, N=920)
2026-04-14 13:09:33,601 - INFO - Iteracja 2: condition_best: Standard_pressure >= 4.20, quality_best: 0.591, coverage_best: (p=78, n=34, P=100, N=922)
2026-04-14 13:09:33,602 - INFO - Regula po iteracji 2: IF Max_temperature <= 53.00 AND Dewpoint <= 42.50 AND Standard_pressure >= 4.20 THEN class = {40.32} [36.76, 43.87], (p=78, n=34, P=100, N=922)
2026-04-14 13:09:33,645 - INFO - Iteracja 3: condition_best: Wind_speed <= 35.65, quality_best: 0.591, coverage_best: (p=76, n=32, P=100, N=922)
2026-04-14 13:09:33,645 - INFO - Regula po iteracji 3: IF Max_temperature <= 53.00 AND Dewpoint <= 42.50 AND Standard_pressure >= 4.20 AND Wind_speed <= 35.65 THEN class = {40.32} [36.78, 43.87], (p=76, n=32, P=100, N=922)
2026-04-14 13:09:33,687 - INFO - Iteracja 4: condition_best: Visibility >= 2.82, quality_best: 0.585, coverage_best: (p=75, n=32, P=100, N=922)
2026-04-14 13:09:33,687 - INFO - Regula po iteracji 4: IF Max_temperature <= 53.00 AND Dewpoint <= 42.50 AND Standard_pressure >= 4.20 AND Wind_speed <= 35.65 AND Visibility >= 2.82 THEN class = {40.32} [36.76, 43.88], (p=75, n=32, P=100, N=922)
2026-04-14 13:09:33,687 - INFO - *******STOP GROWING CR RULE*******
2026-04-14 13:09:33,690 - INFO - *******GROWING CR RULE*******
2026-04-14 13:09:33,964 - INFO - Iteracja 0: condition_best: Max_temperature <= 53.00, quality_best: 0.558, coverage_best: (p=83, n=39, P=112, N=910)
2026-04-14 13:09:33,964 - INFO - Regula po iteracji 0: IF Max_temperature <= 53.00 THEN class = {40.82} [36.95, 44.69], (p=83, n=39, P=112, N=910)
2026-04-14 13:09:34,012 - INFO - Iteracja 1: condition_best: Standard_pressure >= 3.30, quality_best: 0.571, coverage_best: (p=82, n=37, P=109, N=913)
2026-04-14 13:09:34,012 - INFO - Regula po iteracji 1: IF Max_temperature <= 53.00 AND Standard_pressure >= 3.30 THEN class = {40.73} [36.87, 44.59], (p=82, n=37, P=109, N=913)
2026-04-14 13:09:34,058 - INFO - Iteracja 2: condition_best: Wind_speed <= 35.65, quality_best: 0.571, coverage_best: (p=81, n=34, P=114, N=908)
2026-04-14 13:09:34,058 - INFO - Regula po iteracji 2: IF Max_temperature <= 53.00 AND Standard_pressure >= 3.30 AND Wind_speed <= 35.65 THEN class = {40.75} [36.89, 44.61], (p=81, n=34, P=114, N=908)
2026-04-14 13:09:34,103 - INFO - Iteracja 3: condition_best: Max_temperature >= 42.90, quality_best: 0.569, coverage_best: (p=76, n=31, P=111, N=911)
2026-04-14 13:09:34,103 - INFO - Regula po iteracji 3: IF Max_temperature <= 53.00 AND Standard_pressure >= 3.30 AND Wind_speed <= 35.65 AND Max_temperature >= 42.90 THEN class = {41.10} [37.39, 44.80], (p=76, n=31, P=111, N=911)
2026-04-14 13:09:34,144 - INFO - Iteracja 4: condition_best: Visibility <= 25.35, quality_best: 0.563, coverage_best: (p=75, n=31, P=111, N=911)
2026-04-14 13:09:34,144 - INFO - Regula po iteracji 4: IF Max_temperature <= 53.00 AND Standard_pressure >= 3.30 AND Wind_speed <= 35.65 AND Max_temperature >= 42.90 AND Visibility <= 25.35 THEN class = {41.10} [37.38, 44.83], (p=75, n=31, P=111, N=911)
2026-04-14 13:09:34,144 - INFO - *******STOP GROWING CR RULE*******
2026-04-14 13:09:34,147 - INFO - *******GROWING CR RULE*******
2026-04-14 13:09:34,422 - INFO - Iteracja 0: condition_best: Dewpoint <= 42.15, quality_best: 0.556, coverage_best: (p=222, n=53, P=372, N=650)
2026-04-14 13:09:34,422 - INFO - Regula po iteracji 0: IF Dewpoint <= 42.15 THEN class = {45.90} [37.69, 54.11], (p=222, n=53, P=372, N=650)
2026-04-14 13:09:34,514 - INFO - Iteracja 1: condition_best: Max_temperature >= 44.50, quality_best: 0.575, coverage_best: (p=213, n=42, P=381, N=641)
2026-04-14 13:09:34,514 - INFO - Regula po iteracji 1: IF Dewpoint <= 42.15 AND Max_temperature >= 44.50 THEN class = {46.58} [38.47, 54.69], (p=213, n=42, P=381, N=641)
2026-04-14 13:09:34,598 - INFO - Iteracja 2: condition_best: Dewpoint <= 42.05, quality_best: 0.58, coverage_best: (p=211, n=40, P=381, N=641)
2026-04-14 13:09:34,598 - INFO - Regula po iteracji 2: IF Dewpoint <= 42.15 AND Max_temperature >= 44.50 AND Dewpoint <= 42.05 THEN class = {46.47} [38.39, 54.54], (p=211, n=40, P=381, N=641)
2026-04-14 13:09:34,681 - INFO - Iteracja 3: condition_best: Standard_pressure <= 7.95, quality_best: 0.58, coverage_best: (p=209, n=39, P=381, N=641)
2026-04-14 13:09:34,681 - INFO - Regula po iteracji 3: IF Dewpoint <= 42.15 AND Max_temperature >= 44.50 AND Dewpoint <= 42.05 AND Standard_pressure <= 7.95 THEN class = {46.49} [38.39, 54.59], (p=209, n=39, P=381, N=641)
2026-04-14 13:09:34,765 - INFO - Iteracja 4: condition_best: Max_temperature <= 57.30, quality_best: 0.581, coverage_best: (p=108, n=49, P=133, N=889)
2026-04-14 13:09:34,765 - INFO - Regula po iteracji 4: IF Dewpoint <= 42.15 AND Max_temperature >= 44.50 AND Dewpoint <= 42.05 AND Standard_pressure <= 7.95 AND Max_temperature <= 57.30 THEN class = {42.61} [38.90, 46.31], (p=108, n=49, P=133, N=889)
2026-04-14 13:09:34,765 - INFO - *******STOP GROWING CR RULE*******
2026-04-14 13:09:34,767 - INFO - *******GROWING CR RULE*******
2026-04-14 13:09:35,040 - INFO - Iteracja 0: condition_best: Dewpoint <= 42.15, quality_best: 0.556, coverage_best: (p=222, n=53, P=372, N=650)
2026-04-14 13:09:35,040 - INFO - Regula po iteracji 0: IF Dewpoint <= 42.15 THEN class = {45.90} [37.69, 54.11], (p=222, n=53, P=372, N=650)
2026-04-14 13:09:35,129 - INFO - Iteracja 1: condition_best: Max_temperature >= 44.50, quality_best: 0.575, coverage_best: (p=213, n=42, P=381, N=641)
2026-04-14 13:09:35,129 - INFO - Regula po iteracji 1: IF Dewpoint <= 42.15 AND Max_temperature >= 44.50 THEN class = {46.58} [38.47, 54.69], (p=213, n=42, P=381, N=641)
2026-04-14 13:09:35,212 - INFO - Iteracja 2: condition_best: Dewpoint <= 42.05, quality_best: 0.58, coverage_best: (p=211, n=40, P=381, N=641)
2026-04-14 13:09:35,212 - INFO - Regula po iteracji 2: IF Dewpoint <= 42.15 AND Max_temperature >= 44.50 AND Dewpoint <= 42.05 THEN class = {46.47} [38.39, 54.54], (p=211, n=40, P=381, N=641)
2026-04-14 13:09:35,295 - INFO - Iteracja 3: condition_best: Standard_pressure <= 7.95, quality_best: 0.58, coverage_best: (p=209, n=39, P=381, N=641)
2026-04-14 13:09:35,295 - INFO - Regula po iteracji 3: IF Dewpoint <= 42.15 AND Max_temperature >= 44.50 AND Dewpoint <= 42.05 AND Standard_pressure <= 7.95 THEN class = {46.49} [38.39, 54.59], (p=209, n=39, P=381, N=641)
2026-04-14 13:09:35,378 - INFO - Iteracja 4: condition_best: Precipitation <= 2.00, quality_best: 0.578, coverage_best: (p=208, n=39, P=381, N=641)
2026-04-14 13:09:35,378 - INFO - Regula po iteracji 4: IF Dewpoint <= 42.15 AND Max_temperature >= 44.50 AND Dewpoint <= 42.05 AND Standard_pressure <= 7.95 AND Precipitation <= 2.00 THEN class = {46.48} [38.36, 54.60], (p=208, n=39, P=381, N=641)
2026-04-14 13:09:35,378 - INFO - *******STOP GROWING CR RULE*******
2026-04-14 13:09:35,380 - INFO - *******GROWING CR RULE*******
2026-04-14 13:09:35,650 - INFO - Iteracja 0: condition_best: Dewpoint <= 42.85, quality_best: 0.551, coverage_best: (p=241, n=59, P=391, N=631)
2026-04-14 13:09:35,650 - INFO - Regula po iteracji 0: IF Dewpoint <= 42.85 THEN class = {46.50} [38.00, 55.00], (p=241, n=59, P=391, N=631)
2026-04-14 13:09:35,744 - INFO - Iteracja 1: condition_best: Max_temperature <= 59.10, quality_best: 0.578, coverage_best: (p=138, n=69, P=153, N=869)
2026-04-14 13:09:35,745 - INFO - Regula po iteracji 1: IF Dewpoint <= 42.85 AND Max_temperature <= 59.10 THEN class = {42.68} [38.45, 46.90], (p=138, n=69, P=153, N=869)
2026-04-14 13:09:35,813 - INFO - Iteracja 2: condition_best: Min_temperature <= 44.50, quality_best: 0.594, coverage_best: (p=135, n=66, P=146, N=876)
2026-04-14 13:09:35,813 - INFO - Regula po iteracji 2: IF Dewpoint <= 42.85 AND Max_temperature <= 59.10 AND Min_temperature <= 44.50 THEN class = {42.48} [38.36, 46.60], (p=135, n=66, P=146, N=876)
2026-04-14 13:09:35,880 - INFO - Iteracja 3: condition_best: Standard_pressure <= 9.75, quality_best: 0.597, coverage_best: (p=135, n=65, P=146, N=876)
2026-04-14 13:09:35,880 - INFO - Regula po iteracji 3: IF Dewpoint <= 42.85 AND Max_temperature <= 59.10 AND Min_temperature <= 44.50 AND Standard_pressure <= 9.75 THEN class = {42.50} [38.38, 46.62], (p=135, n=65, P=146, N=876)
2026-04-14 13:09:35,947 - INFO - Iteracja 4: condition_best: Visibility <= 28.15, quality_best: 0.6, coverage_best: (p=134, n=64, P=145, N=877)
2026-04-14 13:09:35,947 - INFO - Regula po iteracji 4: IF Dewpoint <= 42.85 AND Max_temperature <= 59.10 AND Min_temperature <= 44.50 AND Standard_pressure <= 9.75 AND Visibility <= 28.15 THEN class = {42.57} [38.49, 46.65], (p=134, n=64, P=145, N=877)
2026-04-14 13:09:35,947 - INFO - *******STOP GROWING CR RULE*******
2026-04-14 13:09:35,949 - INFO - *******GROWING CR RULE*******
2026-04-14 13:09:36,219 - INFO - Iteracja 0: condition_best: Dewpoint <= 42.85, quality_best: 0.551, coverage_best: (p=241, n=59, P=391, N=631)
2026-04-14 13:09:36,219 - INFO - Regula po iteracji 0: IF Dewpoint <= 42.85 THEN class = {46.50} [38.00, 55.00], (p=241, n=59, P=391, N=631)
2026-04-14 13:09:36,313 - INFO - Iteracja 1: condition_best: Max_temperature >= 43.10, quality_best: 0.566, coverage_best: (p=237, n=52, P=394, N=628)
2026-04-14 13:09:36,313 - INFO - Regula po iteracji 1: IF Dewpoint <= 42.85 AND Max_temperature >= 43.10 THEN class = {46.88} [38.47, 55.29], (p=237, n=52, P=394, N=628)
2026-04-14 13:09:36,403 - INFO - Iteracja 2: condition_best: Dewpoint <= 42.45, quality_best: 0.574, coverage_best: (p=228, n=49, P=381, N=641)
2026-04-14 13:09:36,403 - INFO - Regula po iteracji 2: IF Dewpoint <= 42.85 AND Max_temperature >= 43.10 AND Dewpoint <= 42.45 THEN class = {46.46} [38.37, 54.54], (p=228, n=49, P=381, N=641)
2026-04-14 13:09:36,490 - INFO - Iteracja 3: condition_best: Standard_pressure <= 8.80, quality_best: 0.576, coverage_best: (p=227, n=48, P=381, N=641)
2026-04-14 13:09:36,490 - INFO - Regula po iteracji 3: IF Dewpoint <= 42.85 AND Max_temperature >= 43.10 AND Dewpoint <= 42.45 AND Standard_pressure <= 8.80 THEN class = {46.49} [38.39, 54.59], (p=227, n=48, P=381, N=641)
2026-04-14 13:09:36,577 - INFO - Iteracja 4: condition_best: Max_wind_speed >= 26.41, quality_best: 0.578, coverage_best: (p=226, n=47, P=381, N=641)
2026-04-14 13:09:36,577 - INFO - Regula po iteracji 4: IF Dewpoint <= 42.85 AND Max_temperature >= 43.10 AND Dewpoint <= 42.45 AND Standard_pressure <= 8.80 AND Max_wind_speed >= 26.41 THEN class = {46.48} [38.38, 54.58], (p=226, n=47, P=381, N=641)
2026-04-14 13:09:36,577 - INFO - *******STOP GROWING CR RULE*******
2026-04-14 13:09:36,580 - INFO - *******GROWING CR RULE*******
2026-04-14 13:09:36,845 - INFO - Iteracja 0: condition_best: Dewpoint <= 42.85, quality_best: 0.551, coverage_best: (p=241, n=59, P=391, N=631)
2026-04-14 13:09:36,845 - INFO - Regula po iteracji 0: IF Dewpoint <= 42.85 THEN class = {46.50} [38.00, 55.00], (p=241, n=59, P=391, N=631)
2026-04-14 13:09:36,939 - INFO - Iteracja 1: condition_best: Max_temperature >= 43.10, quality_best: 0.566, coverage_best: (p=237, n=52, P=394, N=628)
2026-04-14 13:09:36,939 - INFO - Regula po iteracji 1: IF Dewpoint <= 42.85 AND Max_temperature >= 43.10 THEN class = {46.88} [38.47, 55.29], (p=237, n=52, P=394, N=628)
2026-04-14 13:09:37,029 - INFO - Iteracja 2: condition_best: Sea_level_pressure >= 29.70, quality_best: 0.568, coverage_best: (p=235, n=51, P=392, N=630)
2026-04-14 13:09:37,029 - INFO - Regula po iteracji 2: IF Dewpoint <= 42.85 AND Max_temperature >= 43.10 AND Sea_level_pressure >= 29.70 THEN class = {46.78} [38.49, 55.07], (p=235, n=51, P=392, N=630)
2026-04-14 13:09:37,118 - INFO - Iteracja 3: condition_best: Max_wind_speed >= 26.41, quality_best: 0.571, coverage_best: (p=233, n=50, P=389, N=633)
2026-04-14 13:09:37,118 - INFO - Regula po iteracji 3: IF Dewpoint <= 42.85 AND Max_temperature >= 43.10 AND Sea_level_pressure >= 29.70 AND Max_wind_speed >= 26.41 THEN class = {46.70} [38.48, 54.93], (p=233, n=50, P=389, N=633)
2026-04-14 13:09:37,208 - INFO - Iteracja 4: condition_best: Standard_pressure <= 8.80, quality_best: 0.573, coverage_best: (p=232, n=49, P=389, N=633)
2026-04-14 13:09:37,208 - INFO - Regula po iteracji 4: IF Dewpoint <= 42.85 AND Max_temperature >= 43.10 AND Sea_level_pressure >= 29.70 AND Max_wind_speed >= 26.41 AND Standard_pressure <= 8.80 THEN class = {46.74} [38.50, 54.97], (p=232, n=49, P=389, N=633)
2026-04-14 13:09:37,208 - INFO - *******STOP GROWING CR RULE*******
2026-04-14 13:09:37,211 - INFO - *******GROWING CR RULE*******
2026-04-14 13:09:37,475 - INFO - Iteracja 0: condition_best: Max_temperature >= 78.50, quality_best: 0.549, coverage_best: (p=270, n=134, P=270, N=752)
2026-04-14 13:09:37,476 - INFO - Regula po iteracji 0: IF Max_temperature >= 78.50 THEN class = {77.12} [71.34, 82.89], (p=270, n=134, P=270, N=752)
2026-04-14 13:09:37,569 - INFO - Iteracja 1: condition_best: Min_temperature <= 71.30, quality_best: 0.597, coverage_best: (p=235, n=101, P=242, N=780)
2026-04-14 13:09:37,569 - INFO - Regula po iteracji 1: IF Max_temperature >= 78.50 AND Min_temperature <= 71.30 THEN class = {75.81} [70.42, 81.20], (p=235, n=101, P=242, N=780)
2026-04-14 13:09:37,650 - INFO - Iteracja 2: condition_best: Visibility >= 5.58, quality_best: 0.607, coverage_best: (p=213, n=85, P=231, N=791)
2026-04-14 13:09:37,650 - INFO - Regula po iteracji 2: IF Max_temperature >= 78.50 AND Min_temperature <= 71.30 AND Visibility >= 5.58 THEN class = {76.51} [71.68, 81.33], (p=213, n=85, P=231, N=791)
2026-04-14 13:09:37,723 - INFO - Iteracja 3: condition_best: Sea_level_pressure <= 30.06, quality_best: 0.612, coverage_best: (p=209, n=82, P=227, N=795)
2026-04-14 13:09:37,723 - INFO - Regula po iteracji 3: IF Max_temperature >= 78.50 AND Min_temperature <= 71.30 AND Visibility >= 5.58 AND Sea_level_pressure <= 30.06 THEN class = {76.72} [72.06, 81.38], (p=209, n=82, P=227, N=795)
2026-04-14 13:09:37,794 - INFO - Iteracja 4: condition_best: Dewpoint >= 43.35, quality_best: 0.62, coverage_best: (p=206, n=77, P=227, N=795)
2026-04-14 13:09:37,794 - INFO - Regula po iteracji 4: IF Max_temperature >= 78.50 AND Min_temperature <= 71.30 AND Visibility >= 5.58 AND Sea_level_pressure <= 30.06 AND Dewpoint >= 43.35 THEN class = {76.71} [72.09, 81.33], (p=206, n=77, P=227, N=795)
2026-04-14 13:09:37,795 - INFO - *******STOP GROWING CR RULE*******
2026-04-14 13:09:37,797 - INFO - *******GROWING CR RULE*******
2026-04-14 13:09:38,059 - INFO - Iteracja 0: condition_best: Max_temperature >= 78.50, quality_best: 0.549, coverage_best: (p=270, n=134, P=270, N=752)
2026-04-14 13:09:38,059 - INFO - Regula po iteracji 0: IF Max_temperature >= 78.50 THEN class = {77.12} [71.34, 82.89], (p=270, n=134, P=270, N=752)
2026-04-14 13:09:38,153 - INFO - Iteracja 1: condition_best: Min_temperature <= 71.30, quality_best: 0.597, coverage_best: (p=235, n=101, P=242, N=780)
2026-04-14 13:09:38,153 - INFO - Regula po iteracji 1: IF Max_temperature >= 78.50 AND Min_temperature <= 71.30 THEN class = {75.81} [70.42, 81.20], (p=235, n=101, P=242, N=780)
2026-04-14 13:09:38,234 - INFO - Iteracja 2: condition_best: Max_temperature <= 98.95, quality_best: 0.603, coverage_best: (p=226, n=98, P=231, N=791)
2026-04-14 13:09:38,234 - INFO - Regula po iteracji 2: IF Max_temperature >= 78.50 AND Min_temperature <= 71.30 AND Max_temperature <= 98.95 THEN class = {75.49} [70.29, 80.70], (p=226, n=98, P=231, N=791)
2026-04-14 13:09:38,313 - INFO - Iteracja 3: condition_best: Precipitation <= 0.10, quality_best: 0.612, coverage_best: (p=224, n=94, P=229, N=793)
2026-04-14 13:09:38,313 - INFO - Regula po iteracji 3: IF Max_temperature >= 78.50 AND Min_temperature <= 71.30 AND Max_temperature <= 98.95 AND Precipitation <= 0.10 THEN class = {75.55} [70.38, 80.72], (p=224, n=94, P=229, N=793)
2026-04-14 13:09:38,392 - INFO - Iteracja 4: condition_best: Min_temperature >= 47.60, quality_best: 0.616, coverage_best: (p=221, n=92, P=226, N=796)
2026-04-14 13:09:38,392 - INFO - Regula po iteracji 4: IF Max_temperature >= 78.50 AND Min_temperature <= 71.30 AND Max_temperature <= 98.95 AND Precipitation <= 0.10 AND Min_temperature >= 47.60 THEN class = {75.73} [70.73, 80.74], (p=221, n=92, P=226, N=796)
2026-04-14 13:09:38,392 - INFO - *******STOP GROWING CR RULE*******
2026-04-14 13:09:38,394 - INFO - *******GROWING CR RULE*******
2026-04-14 13:09:38,657 - INFO - Iteracja 0: condition_best: Dewpoint <= 43.25, quality_best: 0.543, coverage_best: (p=252, n=63, P=404, N=618)
2026-04-14 13:09:38,657 - INFO - Regula po iteracji 0: IF Dewpoint <= 43.25 THEN class = {46.89} [38.15, 55.64], (p=252, n=63, P=404, N=618)
2026-04-14 13:09:38,756 - INFO - Iteracja 1: condition_best: Max_temperature <= 60.90, quality_best: 0.575, coverage_best: (p=156, n=77, P=172, N=850)
2026-04-14 13:09:38,757 - INFO - Regula po iteracji 1: IF Dewpoint <= 43.25 AND Max_temperature <= 60.90 THEN class = {43.32} [38.86, 47.78], (p=156, n=77, P=172, N=850)
2026-04-14 13:09:38,832 - INFO - Iteracja 2: condition_best: Max_temperature >= 42.55, quality_best: 0.583, coverage_best: (p=154, n=73, P=171, N=851)
2026-04-14 13:09:38,832 - INFO - Regula po iteracji 2: IF Dewpoint <= 43.25 AND Max_temperature <= 60.90 AND Max_temperature >= 42.55 THEN class = {43.53} [39.23, 47.83], (p=154, n=73, P=171, N=851)
2026-04-14 13:09:38,905 - INFO - Iteracja 3: condition_best: Standard_pressure <= 9.75, quality_best: 0.587, coverage_best: (p=154, n=72, P=171, N=851)
2026-04-14 13:09:38,905 - INFO - Regula po iteracji 3: IF Dewpoint <= 43.25 AND Max_temperature <= 60.90 AND Max_temperature >= 42.55 AND Standard_pressure <= 9.75 THEN class = {43.56} [39.27, 47.84], (p=154, n=72, P=171, N=851)
2026-04-14 13:09:38,979 - INFO - Iteracja 4: condition_best: Precipitation <= 2.05, quality_best: 0.59, coverage_best: (p=154, n=71, P=171, N=851)
2026-04-14 13:09:38,979 - INFO - Regula po iteracji 4: IF Dewpoint <= 43.25 AND Max_temperature <= 60.90 AND Max_temperature >= 42.55 AND Standard_pressure <= 9.75 AND Precipitation <= 2.05 THEN class = {43.53} [39.25, 47.82], (p=154, n=71, P=171, N=851)
2026-04-14 13:09:38,979 - INFO - *******STOP GROWING CR RULE*******
2026-04-14 13:09:38,981 - INFO - *******GROWING CR RULE*******
2026-04-14 13:09:39,244 - INFO - Iteracja 0: condition_best: Dewpoint <= 43.25, quality_best: 0.543, coverage_best: (p=252, n=63, P=404, N=618)
2026-04-14 13:09:39,244 - INFO - Regula po iteracji 0: IF Dewpoint <= 43.25 THEN class = {46.89} [38.15, 55.64], (p=252, n=63, P=404, N=618)
2026-04-14 13:09:39,343 - INFO - Iteracja 1: condition_best: Max_temperature >= 42.55, quality_best: 0.559, coverage_best: (p=251, n=58, P=404, N=618)
2026-04-14 13:09:39,343 - INFO - Regula po iteracji 1: IF Dewpoint <= 43.25 AND Max_temperature >= 42.55 THEN class = {47.12} [38.46, 55.79], (p=251, n=58, P=404, N=618)
2026-04-14 13:09:39,438 - INFO - Iteracja 2: condition_best: Sea_level_pressure >= 29.74, quality_best: 0.564, coverage_best: (p=245, n=56, P=395, N=627)
2026-04-14 13:09:39,438 - INFO - Regula po iteracji 2: IF Dewpoint <= 43.25 AND Max_temperature >= 42.55 AND Sea_level_pressure >= 29.74 THEN class = {46.94} [38.53, 55.36], (p=245, n=56, P=395, N=627)
2026-04-14 13:09:39,531 - INFO - Iteracja 3: condition_best: Precipitation <= 1.25, quality_best: 0.57, coverage_best: (p=245, n=54, P=397, N=625)
2026-04-14 13:09:39,531 - INFO - Regula po iteracji 3: IF Dewpoint <= 43.25 AND Max_temperature >= 42.55 AND Sea_level_pressure >= 29.74 AND Precipitation <= 1.25 THEN class = {46.94} [38.49, 55.38], (p=245, n=54, P=397, N=625)
2026-04-14 13:09:39,625 - INFO - Iteracja 4: condition_best: Precipitation <= 1.15, quality_best: 0.568, coverage_best: (p=244, n=54, P=397, N=625)
2026-04-14 13:09:39,625 - INFO - Regula po iteracji 4: IF Dewpoint <= 43.25 AND Max_temperature >= 42.55 AND Sea_level_pressure >= 29.74 AND Precipitation <= 1.25 AND Precipitation <= 1.15 THEN class = {46.93} [38.47, 55.39], (p=244, n=54, P=397, N=625)
2026-04-14 13:09:39,625 - INFO - *******STOP GROWING CR RULE*******
2026-04-14 13:09:39,627 - INFO - *******GROWING CR RULE*******
2026-04-14 13:09:39,889 - INFO - Iteracja 0: condition_best: Max_temperature <= 57.80, quality_best: 0.533, coverage_best: (p=167, n=86, P=198, N=824)
2026-04-14 13:09:39,889 - INFO - Regula po iteracji 0: IF Max_temperature <= 57.80 THEN class = {43.98} [39.21, 48.75], (p=167, n=86, P=198, N=824)
2026-04-14 13:09:39,974 - INFO - Iteracja 1: condition_best: Min_temperature <= 41.55, quality_best: 0.578, coverage_best: (p=133, n=68, P=146, N=876)
2026-04-14 13:09:39,974 - INFO - Regula po iteracji 1: IF Max_temperature <= 57.80 AND Min_temperature <= 41.55 THEN class = {42.51} [38.36, 46.66], (p=133, n=68, P=146, N=876)
2026-04-14 13:09:40,041 - INFO - Iteracja 2: condition_best: Standard_pressure <= 8.05, quality_best: 0.586, coverage_best: (p=133, n=66, P=146, N=876)
2026-04-14 13:09:40,041 - INFO - Regula po iteracji 2: IF Max_temperature <= 57.80 AND Min_temperature <= 41.55 AND Standard_pressure <= 8.05 THEN class = {42.51} [38.37, 46.66], (p=133, n=66, P=146, N=876)
2026-04-14 13:09:40,108 - INFO - Iteracja 3: condition_best: Precipitation <= 1.95, quality_best: 0.59, coverage_best: (p=133, n=65, P=146, N=876)
2026-04-14 13:09:40,108 - INFO - Regula po iteracji 3: IF Max_temperature <= 57.80 AND Min_temperature <= 41.55 AND Standard_pressure <= 8.05 AND Precipitation <= 1.95 THEN class = {42.48} [38.35, 46.61], (p=133, n=65, P=146, N=876)
2026-04-14 13:09:40,175 - INFO - Iteracja 4: condition_best: Visibility <= 28.15, quality_best: 0.592, coverage_best: (p=132, n=64, P=145, N=877)
2026-04-14 13:09:40,175 - INFO - Regula po iteracji 4: IF Max_temperature <= 57.80 AND Min_temperature <= 41.55 AND Standard_pressure <= 8.05 AND Precipitation <= 1.95 AND Visibility <= 28.15 THEN class = {42.55} [38.46, 46.64], (p=132, n=64, P=145, N=877)
2026-04-14 13:09:40,175 - INFO - *******STOP GROWING CR RULE*******
2026-04-14 13:09:40,177 - INFO - *******GROWING CR RULE*******
2026-04-14 13:09:40,438 - INFO - Iteracja 0: condition_best: Max_temperature <= 57.80, quality_best: 0.533, coverage_best: (p=167, n=86, P=198, N=824)
2026-04-14 13:09:40,438 - INFO - Regula po iteracji 0: IF Max_temperature <= 57.80 THEN class = {43.98} [39.21, 48.75], (p=167, n=86, P=198, N=824)
2026-04-14 13:09:40,522 - INFO - Iteracja 1: condition_best: Min_temperature <= 42.70, quality_best: 0.575, coverage_best: (p=138, n=70, P=153, N=869)
2026-04-14 13:09:40,522 - INFO - Regula po iteracji 1: IF Max_temperature <= 57.80 AND Min_temperature <= 42.70 THEN class = {42.71} [38.49, 46.93], (p=138, n=70, P=153, N=869)
2026-04-14 13:09:40,591 - INFO - Iteracja 2: condition_best: Standard_pressure <= 8.05, quality_best: 0.578, coverage_best: (p=137, n=68, P=153, N=869)
2026-04-14 13:09:40,591 - INFO - Regula po iteracji 2: IF Max_temperature <= 57.80 AND Min_temperature <= 42.70 AND Standard_pressure <= 8.05 THEN class = {42.69} [38.48, 46.91], (p=137, n=68, P=153, N=869)
2026-04-14 13:09:40,660 - INFO - Iteracja 3: condition_best: Max_temperature <= 57.30, quality_best: 0.58, coverage_best: (p=132, n=66, P=147, N=875)
2026-04-14 13:09:40,660 - INFO - Regula po iteracji 3: IF Max_temperature <= 57.80 AND Min_temperature <= 42.70 AND Standard_pressure <= 8.05 AND Max_temperature <= 57.30 THEN class = {42.56} [38.40, 46.73], (p=132, n=66, P=147, N=875)
2026-04-14 13:09:40,728 - INFO - Iteracja 4: condition_best: Dewpoint <= 46.95, quality_best: 0.582, coverage_best: (p=131, n=65, P=146, N=876)
2026-04-14 13:09:40,728 - INFO - Regula po iteracji 4: IF Max_temperature <= 57.80 AND Min_temperature <= 42.70 AND Standard_pressure <= 8.05 AND Max_temperature <= 57.30 AND Dewpoint <= 46.95 THEN class = {42.49} [38.37, 46.61], (p=131, n=65, P=146, N=876)
2026-04-14 13:09:40,728 - INFO - *******STOP GROWING CR RULE*******
2026-04-14 13:09:40,730 - INFO - *******GROWING CR RULE*******
2026-04-14 13:09:40,991 - INFO - Iteracja 0: condition_best: Max_temperature <= 57.80, quality_best: 0.533, coverage_best: (p=167, n=86, P=198, N=824)
2026-04-14 13:09:40,991 - INFO - Regula po iteracji 0: IF Max_temperature <= 57.80 THEN class = {43.98} [39.21, 48.75], (p=167, n=86, P=198, N=824)
2026-04-14 13:09:41,075 - INFO - Iteracja 1: condition_best: Dewpoint <= 48.05, quality_best: 0.542, coverage_best: (p=159, n=82, P=186, N=836)
2026-04-14 13:09:41,075 - INFO - Regula po iteracji 1: IF Max_temperature <= 57.80 AND Dewpoint <= 48.05 THEN class = {43.59} [39.06, 48.11], (p=159, n=82, P=186, N=836)
2026-04-14 13:09:41,153 - INFO - Iteracja 2: condition_best: Max_temperature >= 49.90, quality_best: 0.55, coverage_best: (p=114, n=50, P=158, N=864)
2026-04-14 13:09:41,153 - INFO - Regula po iteracji 2: IF Max_temperature <= 57.80 AND Dewpoint <= 48.05 AND Max_temperature >= 49.90 THEN class = {45.69} [42.28, 49.11], (p=114, n=50, P=158, N=864)
2026-04-14 13:09:41,210 - INFO - Iteracja 3: condition_best: Visibility >= 5.35, quality_best: 0.569, coverage_best: (p=89, n=33, P=136, N=886)
2026-04-14 13:09:41,210 - INFO - Regula po iteracji 3: IF Max_temperature <= 57.80 AND Dewpoint <= 48.05 AND Max_temperature >= 49.90 AND Visibility >= 5.35 THEN class = {46.32} [43.59, 49.05], (p=89, n=33, P=136, N=886)
2026-04-14 13:09:41,255 - INFO - Iteracja 4: condition_best: Min_temperature <= 45.80, quality_best: 0.582, coverage_best: (p=88, n=31, P=133, N=889)
2026-04-14 13:09:41,255 - INFO - Regula po iteracji 4: IF Max_temperature <= 57.80 AND Dewpoint <= 48.05 AND Max_temperature >= 49.90 AND Visibility >= 5.35 AND Min_temperature <= 45.80 THEN class = {46.20} [43.56, 48.84], (p=88, n=31, P=133, N=889)
2026-04-14 13:09:41,255 - INFO - *******STOP GROWING CR RULE*******
2026-04-14 13:09:41,257 - INFO - *******GROWING CR RULE*******
2026-04-14 13:09:41,518 - INFO - Iteracja 0: condition_best: Max_temperature <= 57.80, quality_best: 0.533, coverage_best: (p=167, n=86, P=198, N=824)
2026-04-14 13:09:41,518 - INFO - Regula po iteracji 0: IF Max_temperature <= 57.80 THEN class = {43.98} [39.21, 48.75], (p=167, n=86, P=198, N=824)
2026-04-14 13:09:41,604 - INFO - Iteracja 1: condition_best: Dewpoint <= 48.05, quality_best: 0.542, coverage_best: (p=159, n=82, P=186, N=836)
2026-04-14 13:09:41,604 - INFO - Regula po iteracji 1: IF Max_temperature <= 57.80 AND Dewpoint <= 48.05 THEN class = {43.59} [39.06, 48.11], (p=159, n=82, P=186, N=836)
2026-04-14 13:09:41,683 - INFO - Iteracja 2: condition_best: Max_temperature >= 49.90, quality_best: 0.55, coverage_best: (p=114, n=50, P=158, N=864)
2026-04-14 13:09:41,683 - INFO - Regula po iteracji 2: IF Max_temperature <= 57.80 AND Dewpoint <= 48.05 AND Max_temperature >= 49.90 THEN class = {45.69} [42.28, 49.11], (p=114, n=50, P=158, N=864)
2026-04-14 13:09:41,739 - INFO - Iteracja 3: condition_best: Min_temperature >= 26.95, quality_best: 0.554, coverage_best: (p=101, n=47, P=135, N=887)
2026-04-14 13:09:41,739 - INFO - Regula po iteracji 3: IF Max_temperature <= 57.80 AND Dewpoint <= 48.05 AND Max_temperature >= 49.90 AND Min_temperature >= 26.95 THEN class = {46.42} [43.73, 49.10], (p=101, n=47, P=135, N=887)
2026-04-14 13:09:41,790 - INFO - Iteracja 4: condition_best: Max_temperature <= 57.30, quality_best: 0.559, coverage_best: (p=95, n=42, P=131, N=891)
2026-04-14 13:09:41,790 - INFO - Regula po iteracji 4: IF Max_temperature <= 57.80 AND Dewpoint <= 48.05 AND Max_temperature >= 49.90 AND Min_temperature >= 26.95 AND Max_temperature <= 57.30 THEN class = {46.20} [43.60, 48.81], (p=95, n=42, P=131, N=891)
2026-04-14 13:09:41,790 - INFO - *******STOP GROWING CR RULE*******
2026-04-14 13:09:41,792 - INFO - *******GROWING CR RULE*******
2026-04-14 13:09:42,051 - INFO - Iteracja 0: condition_best: Max_temperature <= 57.80, quality_best: 0.533, coverage_best: (p=167, n=86, P=198, N=824)
2026-04-14 13:09:42,051 - INFO - Regula po iteracji 0: IF Max_temperature <= 57.80 THEN class = {43.98} [39.21, 48.75], (p=167, n=86, P=198, N=824)
2026-04-14 13:09:42,133 - INFO - Iteracja 1: condition_best: Max_temperature >= 49.90, quality_best: 0.541, coverage_best: (p=122, n=54, P=171, N=851)
2026-04-14 13:09:42,133 - INFO - Regula po iteracji 1: IF Max_temperature <= 57.80 AND Max_temperature >= 49.90 THEN class = {46.12} [42.45, 49.79], (p=122, n=54, P=171, N=851)
2026-04-14 13:09:42,193 - INFO - Iteracja 2: condition_best: Min_temperature >= 26.70, quality_best: 0.554, coverage_best: (p=112, n=49, P=154, N=868)
2026-04-14 13:09:42,193 - INFO - Regula po iteracji 2: IF Max_temperature <= 57.80 AND Max_temperature >= 49.90 AND Min_temperature >= 26.70 THEN class = {46.78} [43.74, 49.82], (p=112, n=49, P=154, N=868)
2026-04-14 13:09:42,248 - INFO - Iteracja 3: condition_best: Standard_pressure >= 2.40, quality_best: 0.559, coverage_best: (p=112, n=48, P=154, N=868)
2026-04-14 13:09:42,248 - INFO - Regula po iteracji 3: IF Max_temperature <= 57.80 AND Max_temperature >= 49.90 AND Min_temperature >= 26.70 AND Standard_pressure >= 2.40 THEN class = {46.81} [43.78, 49.84], (p=112, n=48, P=154, N=868)
2026-04-14 13:09:42,303 - INFO - Iteracja 4: condition_best: Sea_level_pressure >= 29.37, quality_best: 0.563, coverage_best: (p=112, n=47, P=154, N=868)
2026-04-14 13:09:42,304 - INFO - Regula po iteracji 4: IF Max_temperature <= 57.80 AND Max_temperature >= 49.90 AND Min_temperature >= 26.70 AND Standard_pressure >= 2.40 AND Sea_level_pressure >= 29.37 THEN class = {46.78} [43.76, 49.80], (p=112, n=47, P=154, N=868)
2026-04-14 13:09:42,304 - INFO - *******STOP GROWING CR RULE*******
2026-04-14 13:09:42,305 - INFO - *******GROWING CR RULE*******
2026-04-14 13:09:42,565 - INFO - Iteracja 0: condition_best: Max_temperature >= 77.10, quality_best: 0.528, coverage_best: (p=276, n=145, P=276, N=746)
2026-04-14 13:09:42,565 - INFO - Regula po iteracji 0: IF Max_temperature >= 77.10 THEN class = {76.70} [70.66, 82.73], (p=276, n=145, P=276, N=746)
2026-04-14 13:09:42,661 - INFO - Iteracja 1: condition_best: Max_temperature <= 89.70, quality_best: 0.566, coverage_best: (p=149, n=76, P=166, N=856)
2026-04-14 13:09:42,661 - INFO - Regula po iteracji 1: IF Max_temperature >= 77.10 AND Max_temperature <= 89.70 THEN class = {72.46} [67.83, 77.10], (p=149, n=76, P=166, N=856)
2026-04-14 13:09:42,723 - INFO - Iteracja 2: condition_best: Min_temperature >= 46.10, quality_best: 0.57, coverage_best: (p=149, n=75, P=166, N=856)
2026-04-14 13:09:42,723 - INFO - Regula po iteracji 2: IF Max_temperature >= 77.10 AND Max_temperature <= 89.70 AND Min_temperature >= 46.10 THEN class = {72.50} [67.89, 77.11], (p=149, n=75, P=166, N=856)
2026-04-14 13:09:42,785 - INFO - Iteracja 3: condition_best: Dewpoint <= 62.10, quality_best: 0.566, coverage_best: (p=148, n=75, P=166, N=856)
2026-04-14 13:09:42,785 - INFO - Regula po iteracji 3: IF Max_temperature >= 77.10 AND Max_temperature <= 89.70 AND Min_temperature >= 46.10 AND Dewpoint <= 62.10 THEN class = {72.49} [67.87, 77.11], (p=148, n=75, P=166, N=856)
2026-04-14 13:09:42,847 - INFO - Iteracja 4: condition_best: Sea_level_pressure >= 29.65, quality_best: 0.573, coverage_best: (p=148, n=73, P=166, N=856)
2026-04-14 13:09:42,847 - INFO - Regula po iteracji 4: IF Max_temperature >= 77.10 AND Max_temperature <= 89.70 AND Min_temperature >= 46.10 AND Dewpoint <= 62.10 AND Sea_level_pressure >= 29.65 THEN class = {72.50} [67.89, 77.10], (p=148, n=73, P=166, N=856)
2026-04-14 13:09:42,847 - INFO - *******STOP GROWING CR RULE*******
2026-04-14 13:09:42,849 - INFO - *******GROWING CR RULE*******
2026-04-14 13:09:43,107 - INFO - Iteracja 0: condition_best: Min_temperature <= 47.90, quality_best: 0.523, coverage_best: (p=323, n=144, P=341, N=681)
2026-04-14 13:09:43,107 - INFO - Regula po iteracji 0: IF Min_temperature <= 47.90 THEN class = {48.30} [41.64, 54.95], (p=323, n=144, P=341, N=681)
2026-04-14 13:09:43,241 - INFO - Iteracja 1: condition_best: Max_temperature >= 49.65, quality_best: 0.576, coverage_best: (p=284, n=108, P=312, N=710)
2026-04-14 13:09:43,241 - INFO - Regula po iteracji 1: IF Min_temperature <= 47.90 AND Max_temperature >= 49.65 THEN class = {50.07} [44.47, 55.67], (p=284, n=108, P=312, N=710)
2026-04-14 13:09:43,353 - INFO - Iteracja 2: condition_best: Dewpoint <= 47.55, quality_best: 0.598, coverage_best: (p=235, n=85, P=270, N=752)
2026-04-14 13:09:43,353 - INFO - Regula po iteracji 2: IF Min_temperature <= 47.90 AND Max_temperature >= 49.65 AND Dewpoint <= 47.55 THEN class = {48.68} [43.79, 53.57], (p=235, n=85, P=270, N=752)
2026-04-14 13:09:43,445 - INFO - Iteracja 3: condition_best: Max_temperature >= 53.00, quality_best: 0.605, coverage_best: (p=208, n=66, P=263, N=759)
2026-04-14 13:09:43,445 - INFO - Regula po iteracji 3: IF Min_temperature <= 47.90 AND Max_temperature >= 49.65 AND Dewpoint <= 47.55 AND Max_temperature >= 53.00 THEN class = {49.54} [44.93, 54.16], (p=208, n=66, P=263, N=759)
2026-04-14 13:09:43,527 - INFO - Iteracja 4: condition_best: Max_wind_speed >= 27.62, quality_best: 0.614, coverage_best: (p=208, n=62, P=266, N=756)
2026-04-14 13:09:43,527 - INFO - Regula po iteracji 4: IF Min_temperature <= 47.90 AND Max_temperature >= 49.65 AND Dewpoint <= 47.55 AND Max_temperature >= 53.00 AND Max_wind_speed >= 27.62 THEN class = {49.51} [44.89, 54.14], (p=208, n=62, P=266, N=756)
2026-04-14 13:09:43,527 - INFO - *******STOP GROWING CR RULE*******
2026-04-14 13:09:43,529 - INFO - *******GROWING CR RULE*******
2026-04-14 13:09:43,782 - INFO - Iteracja 0: condition_best: Min_temperature <= 47.90, quality_best: 0.523, coverage_best: (p=323, n=144, P=341, N=681)
2026-04-14 13:09:43,783 - INFO - Regula po iteracji 0: IF Min_temperature <= 47.90 THEN class = {48.30} [41.64, 54.95], (p=323, n=144, P=341, N=681)
2026-04-14 13:09:43,915 - INFO - Iteracja 1: condition_best: Max_temperature >= 49.65, quality_best: 0.576, coverage_best: (p=284, n=108, P=312, N=710)
2026-04-14 13:09:43,915 - INFO - Regula po iteracji 1: IF Min_temperature <= 47.90 AND Max_temperature >= 49.65 THEN class = {50.07} [44.47, 55.67], (p=284, n=108, P=312, N=710)
2026-04-14 13:09:44,023 - INFO - Iteracja 2: condition_best: Dewpoint <= 50.15, quality_best: 0.595, coverage_best: (p=272, n=99, P=299, N=723)
2026-04-14 13:09:44,023 - INFO - Regula po iteracji 2: IF Min_temperature <= 47.90 AND Max_temperature >= 49.65 AND Dewpoint <= 50.15 THEN class = {49.60} [44.30, 54.91], (p=272, n=99, P=299, N=723)
2026-04-14 13:09:44,124 - INFO - Iteracja 3: condition_best: Max_temperature >= 50.10, quality_best: 0.602, coverage_best: (p=268, n=95, P=296, N=726)
2026-04-14 13:09:44,124 - INFO - Regula po iteracji 3: IF Min_temperature <= 47.90 AND Max_temperature >= 49.65 AND Dewpoint <= 50.15 AND Max_temperature >= 50.10 THEN class = {49.77} [44.55, 54.99], (p=268, n=95, P=296, N=726)
2026-04-14 13:09:44,224 - INFO - Iteracja 4: condition_best: Min_temperature <= 47.40, quality_best: 0.609, coverage_best: (p=261, n=93, P=285, N=737)
2026-04-14 13:09:44,224 - INFO - Regula po iteracji 4: IF Min_temperature <= 47.90 AND Max_temperature >= 49.65 AND Dewpoint <= 50.15 AND Max_temperature >= 50.10 AND Min_temperature <= 47.40 THEN class = {49.49} [44.56, 54.41], (p=261, n=93, P=285, N=737)
2026-04-14 13:09:44,224 - INFO - *******STOP GROWING CR RULE*******
2026-04-14 13:09:44,225 - INFO - *******GROWING CR RULE*******
2026-04-14 13:09:44,474 - INFO - Iteracja 0: condition_best: Min_temperature <= 47.90, quality_best: 0.523, coverage_best: (p=323, n=144, P=341, N=681)
2026-04-14 13:09:44,474 - INFO - Regula po iteracji 0: IF Min_temperature <= 47.90 THEN class = {48.30} [41.64, 54.95], (p=323, n=144, P=341, N=681)
2026-04-14 13:09:44,601 - INFO - Iteracja 1: condition_best: Max_temperature >= 49.65, quality_best: 0.576, coverage_best: (p=284, n=108, P=312, N=710)
2026-04-14 13:09:44,601 - INFO - Regula po iteracji 1: IF Min_temperature <= 47.90 AND Max_temperature >= 49.65 THEN class = {50.07} [44.47, 55.67], (p=284, n=108, P=312, N=710)
2026-04-14 13:09:44,706 - INFO - Iteracja 2: condition_best: Max_temperature <= 63.05, quality_best: 0.594, coverage_best: (p=185, n=80, P=204, N=818)
2026-04-14 13:09:44,706 - INFO - Regula po iteracji 2: IF Min_temperature <= 47.90 AND Max_temperature >= 49.65 AND Max_temperature <= 63.05 THEN class = {47.35} [43.48, 51.21], (p=185, n=80, P=204, N=818)
2026-04-14 13:09:44,784 - INFO - Iteracja 3: condition_best: Max_temperature >= 49.90, quality_best: 0.598, coverage_best: (p=184, n=79, P=202, N=820)
2026-04-14 13:09:44,785 - INFO - Regula po iteracji 3: IF Min_temperature <= 47.90 AND Max_temperature >= 49.65 AND Max_temperature <= 63.05 AND Max_temperature >= 49.90 THEN class = {47.39} [43.54, 51.24], (p=184, n=79, P=202, N=820)
2026-04-14 13:09:44,863 - INFO - Iteracja 4: condition_best: Min_temperature >= 22.35, quality_best: 0.601, coverage_best: (p=184, n=78, P=202, N=820)
2026-04-14 13:09:44,863 - INFO - Regula po iteracji 4: IF Min_temperature <= 47.90 AND Max_temperature >= 49.65 AND Max_temperature <= 63.05 AND Max_temperature >= 49.90 AND Min_temperature >= 22.35 THEN class = {47.42} [43.59, 51.25], (p=184, n=78, P=202, N=820)
2026-04-14 13:09:44,863 - INFO - *******STOP GROWING CR RULE*******
2026-04-14 13:09:44,865 - INFO - *******GROWING CR RULE*******
2026-04-14 13:09:45,112 - INFO - Iteracja 0: condition_best: Min_temperature <= 47.90, quality_best: 0.523, coverage_best: (p=323, n=144, P=341, N=681)
2026-04-14 13:09:45,112 - INFO - Regula po iteracji 0: IF Min_temperature <= 47.90 THEN class = {48.30} [41.64, 54.95], (p=323, n=144, P=341, N=681)
2026-04-14 13:09:45,240 - INFO - Iteracja 1: condition_best: Max_temperature >= 49.65, quality_best: 0.576, coverage_best: (p=284, n=108, P=312, N=710)
2026-04-14 13:09:45,240 - INFO - Regula po iteracji 1: IF Min_temperature <= 47.90 AND Max_temperature >= 49.65 THEN class = {50.07} [44.47, 55.67], (p=284, n=108, P=312, N=710)
2026-04-14 13:09:45,348 - INFO - Iteracja 2: condition_best: Dewpoint <= 50.45, quality_best: 0.588, coverage_best: (p=274, n=102, P=301, N=721)
2026-04-14 13:09:45,348 - INFO - Regula po iteracji 2: IF Min_temperature <= 47.90 AND Max_temperature >= 49.65 AND Dewpoint <= 50.45 THEN class = {49.69} [44.36, 55.02], (p=274, n=102, P=301, N=721)
2026-04-14 13:09:45,448 - INFO - Iteracja 3: condition_best: Max_temperature >= 51.00, quality_best: 0.6, coverage_best: (p=263, n=93, P=294, N=728)
2026-04-14 13:09:45,448 - INFO - Regula po iteracji 3: IF Min_temperature <= 47.90 AND Max_temperature >= 49.65 AND Dewpoint <= 50.45 AND Max_temperature >= 51.00 THEN class = {50.08} [44.89, 55.26], (p=263, n=93, P=294, N=728)
2026-04-14 13:09:45,543 - INFO - Iteracja 4: condition_best: Min_temperature <= 47.60, quality_best: 0.606, coverage_best: (p=260, n=91, P=289, N=733)
2026-04-14 13:09:45,543 - INFO - Regula po iteracji 4: IF Min_temperature <= 47.90 AND Max_temperature >= 49.65 AND Dewpoint <= 50.45 AND Max_temperature >= 51.00 AND Min_temperature <= 47.60 THEN class = {49.93} [44.88, 54.97], (p=260, n=91, P=289, N=733)
2026-04-14 13:09:45,543 - INFO - *******STOP GROWING CR RULE*******
2026-04-14 13:09:45,544 - INFO - *******GROWING CR RULE*******
2026-04-14 13:09:45,791 - INFO - Iteracja 0: condition_best: Min_temperature <= 47.90, quality_best: 0.523, coverage_best: (p=323, n=144, P=341, N=681)
2026-04-14 13:09:45,791 - INFO - Regula po iteracji 0: IF Min_temperature <= 47.90 THEN class = {48.30} [41.64, 54.95], (p=323, n=144, P=341, N=681)
2026-04-14 13:09:45,917 - INFO - Iteracja 1: condition_best: Max_temperature >= 49.65, quality_best: 0.576, coverage_best: (p=284, n=108, P=312, N=710)
2026-04-14 13:09:45,917 - INFO - Regula po iteracji 1: IF Min_temperature <= 47.90 AND Max_temperature >= 49.65 THEN class = {50.07} [44.47, 55.67], (p=284, n=108, P=312, N=710)
2026-04-14 13:09:46,021 - INFO - Iteracja 2: condition_best: Max_temperature <= 78.90, quality_best: 0.587, coverage_best: (p=280, n=106, P=303, N=719)
2026-04-14 13:09:46,021 - INFO - Regula po iteracji 2: IF Min_temperature <= 47.90 AND Max_temperature >= 49.65 AND Max_temperature <= 78.90 THEN class = {49.85} [44.49, 55.21], (p=280, n=106, P=303, N=719)
2026-04-14 13:09:46,125 - INFO - Iteracja 3: condition_best: Dewpoint <= 51.65, quality_best: 0.591, coverage_best: (p=278, n=104, P=301, N=721)
2026-04-14 13:09:46,125 - INFO - Regula po iteracji 3: IF Min_temperature <= 47.90 AND Max_temperature >= 49.65 AND Max_temperature <= 78.90 AND Dewpoint <= 51.65 THEN class = {49.76} [44.47, 55.05], (p=278, n=104, P=301, N=721)
2026-04-14 13:09:46,228 - INFO - Iteracja 4: condition_best: Standard_pressure >= 2.40, quality_best: 0.593, coverage_best: (p=278, n=103, P=301, N=721)
2026-04-14 13:09:46,228 - INFO - Regula po iteracji 4: IF Min_temperature <= 47.90 AND Max_temperature >= 49.65 AND Max_temperature <= 78.90 AND Dewpoint <= 51.65 AND Standard_pressure >= 2.40 THEN class = {49.78} [44.49, 55.07], (p=278, n=103, P=301, N=721)
2026-04-14 13:09:46,228 - INFO - *******STOP GROWING CR RULE*******
2026-04-14 13:09:46,229 - INFO - *******GROWING CR RULE*******
2026-04-14 13:09:46,475 - INFO - Iteracja 0: condition_best: Min_temperature <= 48.10, quality_best: 0.52, coverage_best: (p=325, n=145, P=344, N=678)
2026-04-14 13:09:46,475 - INFO - Regula po iteracji 0: IF Min_temperature <= 48.10 THEN class = {48.35} [41.67, 55.02], (p=325, n=145, P=344, N=678)
2026-04-14 13:09:46,602 - INFO - Iteracja 1: condition_best: Max_temperature >= 49.90, quality_best: 0.571, coverage_best: (p=283, n=110, P=311, N=711)
2026-04-14 13:09:46,602 - INFO - Regula po iteracji 1: IF Min_temperature <= 48.10 AND Max_temperature >= 49.90 THEN class = {50.16} [44.56, 55.75], (p=283, n=110, P=311, N=711)
2026-04-14 13:09:46,706 - INFO - Iteracja 2: condition_best: Max_temperature <= 76.65, quality_best: 0.593, coverage_best: (p=277, n=105, P=296, N=726)
2026-04-14 13:09:46,706 - INFO - Regula po iteracji 2: IF Min_temperature <= 48.10 AND Max_temperature >= 49.90 AND Max_temperature <= 76.65 THEN class = {49.77} [44.59, 54.95], (p=277, n=105, P=296, N=726)
2026-04-14 13:09:46,808 - INFO - Iteracja 3: condition_best: Wind_speed >= 5.81, quality_best: 0.596, coverage_best: (p=277, n=104, P=296, N=726)
2026-04-14 13:09:46,809 - INFO - Regula po iteracji 3: IF Min_temperature <= 48.10 AND Max_temperature >= 49.90 AND Max_temperature <= 76.65 AND Wind_speed >= 5.81 THEN class = {49.76} [44.58, 54.93], (p=277, n=104, P=296, N=726)
2026-04-14 13:09:46,911 - INFO - Iteracja 4: condition_best: Dewpoint >= 23.55, quality_best: 0.594, coverage_best: (p=276, n=104, P=296, N=726)
2026-04-14 13:09:46,911 - INFO - Regula po iteracji 4: IF Min_temperature <= 48.10 AND Max_temperature >= 49.90 AND Max_temperature <= 76.65 AND Wind_speed >= 5.81 AND Dewpoint >= 23.55 THEN class = {49.77} [44.59, 54.94], (p=276, n=104, P=296, N=726)
2026-04-14 13:09:46,911 - INFO - *******STOP GROWING CR RULE*******
2026-04-14 13:09:46,912 - INFO - *******GROWING CR RULE*******
2026-04-14 13:09:47,158 - INFO - Iteracja 0: condition_best: Min_temperature >= 53.50, quality_best: 0.519, coverage_best: (p=290, n=150, P=293, N=729)
2026-04-14 13:09:47,158 - INFO - Regula po iteracji 0: IF Min_temperature >= 53.50 THEN class = {75.93} [69.05, 82.81], (p=290, n=150, P=293, N=729)
2026-04-14 13:09:47,260 - INFO - Iteracja 1: condition_best: Sea_level_pressure <= 30.02, quality_best: 0.583, coverage_best: (p=284, n=116, P=294, N=728)
2026-04-14 13:09:47,260 - INFO - Regula po iteracji 1: IF Min_temperature >= 53.50 AND Sea_level_pressure <= 30.02 THEN class = {76.77} [70.33, 83.21], (p=284, n=116, P=294, N=728)
2026-04-14 13:09:47,352 - INFO - Iteracja 2: condition_best: Precipitation <= 1.50, quality_best: 0.59, coverage_best: (p=284, n=113, P=294, N=728)
2026-04-14 13:09:47,352 - INFO - Regula po iteracji 2: IF Min_temperature >= 53.50 AND Sea_level_pressure <= 30.02 AND Precipitation <= 1.50 THEN class = {76.86} [70.48, 83.23], (p=284, n=113, P=294, N=728)
2026-04-14 13:09:47,444 - INFO - Iteracja 3: condition_best: Min_temperature <= 70.60, quality_best: 0.593, coverage_best: (p=230, n=91, P=254, N=768)
2026-04-14 13:09:47,445 - INFO - Regula po iteracji 3: IF Min_temperature >= 53.50 AND Sea_level_pressure <= 30.02 AND Precipitation <= 1.50 AND Min_temperature <= 70.60 THEN class = {75.32} [69.26, 81.38], (p=230, n=91, P=254, N=768)
2026-04-14 13:09:47,523 - INFO - Iteracja 4: condition_best: Precipitation <= 0.10, quality_best: 0.617, coverage_best: (p=224, n=82, P=247, N=775)
2026-04-14 13:09:47,523 - INFO - Regula po iteracji 4: IF Min_temperature >= 53.50 AND Sea_level_pressure <= 30.02 AND Precipitation <= 1.50 AND Min_temperature <= 70.60 AND Precipitation <= 0.10 THEN class = {75.80} [70.24, 81.37], (p=224, n=82, P=247, N=775)
2026-04-14 13:09:47,523 - INFO - *******STOP GROWING CR RULE*******
2026-04-14 13:09:47,524 - INFO - *******GROWING CR RULE*******
2026-04-14 13:09:47,768 - INFO - Iteracja 0: condition_best: Min_temperature >= 53.50, quality_best: 0.519, coverage_best: (p=290, n=150, P=293, N=729)
2026-04-14 13:09:47,768 - INFO - Regula po iteracji 0: IF Min_temperature >= 53.50 THEN class = {75.93} [69.05, 82.81], (p=290, n=150, P=293, N=729)
2026-04-14 13:09:47,868 - INFO - Iteracja 1: condition_best: Sea_level_pressure <= 30.02, quality_best: 0.583, coverage_best: (p=284, n=116, P=294, N=728)
2026-04-14 13:09:47,868 - INFO - Regula po iteracji 1: IF Min_temperature >= 53.50 AND Sea_level_pressure <= 30.02 THEN class = {76.77} [70.33, 83.21], (p=284, n=116, P=294, N=728)
2026-04-14 13:09:47,959 - INFO - Iteracja 2: condition_best: Precipitation <= 2.00, quality_best: 0.588, coverage_best: (p=284, n=114, P=294, N=728)
2026-04-14 13:09:47,959 - INFO - Regula po iteracji 2: IF Min_temperature >= 53.50 AND Sea_level_pressure <= 30.02 AND Precipitation <= 2.00 THEN class = {76.81} [70.39, 83.24], (p=284, n=114, P=294, N=728)
2026-04-14 13:09:48,051 - INFO - Iteracja 3: condition_best: Sea_level_pressure <= 29.98, quality_best: 0.593, coverage_best: (p=269, n=100, P=294, N=728)
2026-04-14 13:09:48,051 - INFO - Regula po iteracji 3: IF Min_temperature >= 53.50 AND Sea_level_pressure <= 30.02 AND Precipitation <= 2.00 AND Sea_level_pressure <= 29.98 THEN class = {77.19} [70.86, 83.52], (p=269, n=100, P=294, N=728)
2026-04-14 13:09:48,138 - INFO - Iteracja 4: condition_best: Visibility >= 3.69, quality_best: 0.596, coverage_best: (p=269, n=99, P=294, N=728)
2026-04-14 13:09:48,138 - INFO - Regula po iteracji 4: IF Min_temperature >= 53.50 AND Sea_level_pressure <= 30.02 AND Precipitation <= 2.00 AND Sea_level_pressure <= 29.98 AND Visibility >= 3.69 THEN class = {77.21} [70.88, 83.54], (p=269, n=99, P=294, N=728)
2026-04-14 13:09:48,138 - INFO - *******STOP GROWING CR RULE*******
2026-04-14 13:09:48,139 - INFO - *******GROWING CR RULE*******
2026-04-14 13:09:48,382 - INFO - Iteracja 0: condition_best: Min_temperature >= 53.50, quality_best: 0.519, coverage_best: (p=290, n=150, P=293, N=729)
2026-04-14 13:09:48,382 - INFO - Regula po iteracji 0: IF Min_temperature >= 53.50 THEN class = {75.93} [69.05, 82.81], (p=290, n=150, P=293, N=729)
2026-04-14 13:09:48,482 - INFO - Iteracja 1: condition_best: Min_temperature <= 70.80, quality_best: 0.557, coverage_best: (p=249, n=116, P=263, N=759)
2026-04-14 13:09:48,482 - INFO - Regula po iteracji 1: IF Min_temperature >= 53.50 AND Min_temperature <= 70.80 THEN class = {74.40} [67.89, 80.91], (p=249, n=116, P=263, N=759)
2026-04-14 13:09:48,570 - INFO - Iteracja 2: condition_best: Dewpoint >= 43.35, quality_best: 0.568, coverage_best: (p=241, n=107, P=259, N=763)
2026-04-14 13:09:48,570 - INFO - Regula po iteracji 2: IF Min_temperature >= 53.50 AND Min_temperature <= 70.80 AND Dewpoint >= 43.35 THEN class = {74.54} [68.09, 80.99], (p=241, n=107, P=259, N=763)
2026-04-14 13:09:48,653 - INFO - Iteracja 3: condition_best: Sea_level_pressure >= 29.70, quality_best: 0.574, coverage_best: (p=237, n=101, P=259, N=763)
2026-04-14 13:09:48,653 - INFO - Regula po iteracji 3: IF Min_temperature >= 53.50 AND Min_temperature <= 70.80 AND Dewpoint >= 43.35 AND Sea_level_pressure >= 29.70 THEN class = {74.51} [68.07, 80.95], (p=237, n=101, P=259, N=763)
2026-04-14 13:09:48,735 - INFO - Iteracja 4: condition_best: Min_temperature <= 70.60, quality_best: 0.577, coverage_best: (p=237, n=100, P=259, N=763)
2026-04-14 13:09:48,735 - INFO - Regula po iteracji 4: IF Min_temperature >= 53.50 AND Min_temperature <= 70.80 AND Dewpoint >= 43.35 AND Sea_level_pressure >= 29.70 AND Min_temperature <= 70.60 THEN class = {74.49} [68.05, 80.92], (p=237, n=100, P=259, N=763)
2026-04-14 13:09:48,735 - INFO - *******STOP GROWING CR RULE*******
2026-04-14 13:09:48,736 - INFO - *******GROWING CR RULE*******
2026-04-14 13:09:48,976 - INFO - Iteracja 0: condition_best: Max_temperature <= 60.70, quality_best: 0.516, coverage_best: (p=200, n=109, P=226, N=796)
2026-04-14 13:09:48,976 - INFO - Regula po iteracji 0: IF Max_temperature <= 60.70 THEN class = {45.15} [39.97, 50.33], (p=200, n=109, P=226, N=796)
2026-04-14 13:09:49,071 - INFO - Iteracja 1: condition_best: Max_temperature >= 49.90, quality_best: 0.549, coverage_best: (p=161, n=71, P=206, N=816)
2026-04-14 13:09:49,071 - INFO - Regula po iteracji 1: IF Max_temperature <= 60.70 AND Max_temperature >= 49.90 THEN class = {47.16} [43.12, 51.21], (p=161, n=71, P=206, N=816)
2026-04-14 13:09:49,142 - INFO - Iteracja 2: condition_best: Dewpoint <= 50.70, quality_best: 0.577, coverage_best: (p=154, n=65, P=189, N=833)
2026-04-14 13:09:49,142 - INFO - Regula po iteracji 2: IF Max_temperature <= 60.70 AND Max_temperature >= 49.90 AND Dewpoint <= 50.70 THEN class = {46.75} [42.99, 50.51], (p=154, n=65, P=189, N=833)
2026-04-14 13:09:49,211 - INFO - Iteracja 3: condition_best: Min_temperature >= 26.00, quality_best: 0.582, coverage_best: (p=146, n=63, P=176, N=846)
2026-04-14 13:09:49,211 - INFO - Regula po iteracji 3: IF Max_temperature <= 60.70 AND Max_temperature >= 49.90 AND Dewpoint <= 50.70 AND Min_temperature >= 26.00 THEN class = {47.14} [43.78, 50.50], (p=146, n=63, P=176, N=846)
2026-04-14 13:09:49,277 - INFO - Iteracja 4: condition_best: Max_wind_speed >= 27.62, quality_best: 0.579, coverage_best: (p=143, n=62, P=174, N=848)
2026-04-14 13:09:49,277 - INFO - Regula po iteracji 4: IF Max_temperature <= 60.70 AND Max_temperature >= 49.90 AND Dewpoint <= 50.70 AND Min_temperature >= 26.00 AND Max_wind_speed >= 27.62 THEN class = {47.11} [43.77, 50.46], (p=143, n=62, P=174, N=848)
2026-04-14 13:09:49,277 - INFO - *******STOP GROWING CR RULE*******
2026-04-14 13:09:49,278 - INFO - *******GROWING CR RULE*******
2026-04-14 13:09:49,520 - INFO - Iteracja 0: condition_best: Max_temperature <= 60.70, quality_best: 0.516, coverage_best: (p=200, n=109, P=226, N=796)
2026-04-14 13:09:49,520 - INFO - Regula po iteracji 0: IF Max_temperature <= 60.70 THEN class = {45.15} [39.97, 50.33], (p=200, n=109, P=226, N=796)
2026-04-14 13:09:49,614 - INFO - Iteracja 1: condition_best: Max_temperature >= 49.90, quality_best: 0.549, coverage_best: (p=161, n=71, P=206, N=816)
2026-04-14 13:09:49,614 - INFO - Regula po iteracji 1: IF Max_temperature <= 60.70 AND Max_temperature >= 49.90 THEN class = {47.16} [43.12, 51.21], (p=161, n=71, P=206, N=816)
2026-04-14 13:09:49,685 - INFO - Iteracja 2: condition_best: Min_temperature >= 25.70, quality_best: 0.566, coverage_best: (p=157, n=66, P=199, N=823)
2026-04-14 13:09:49,685 - INFO - Regula po iteracji 2: IF Max_temperature <= 60.70 AND Max_temperature >= 49.90 AND Min_temperature >= 25.70 THEN class = {47.50} [43.75, 51.24], (p=157, n=66, P=199, N=823)
2026-04-14 13:09:49,755 - INFO - Iteracja 3: condition_best: Standard_pressure >= 2.40, quality_best: 0.569, coverage_best: (p=157, n=65, P=199, N=823)
2026-04-14 13:09:49,755 - INFO - Regula po iteracji 3: IF Max_temperature <= 60.70 AND Max_temperature >= 49.90 AND Min_temperature >= 25.70 AND Standard_pressure >= 2.40 THEN class = {47.52} [43.78, 51.26], (p=157, n=65, P=199, N=823)
2026-04-14 13:09:49,825 - INFO - Iteracja 4: condition_best: Precipitation <= 1.25, quality_best: 0.573, coverage_best: (p=152, n=62, P=194, N=828)
2026-04-14 13:09:49,825 - INFO - Regula po iteracji 4: IF Max_temperature <= 60.70 AND Max_temperature >= 49.90 AND Min_temperature >= 25.70 AND Standard_pressure >= 2.40 AND Precipitation <= 1.25 THEN class = {47.35} [43.68, 51.03], (p=152, n=62, P=194, N=828)
2026-04-14 13:09:49,825 - INFO - *******STOP GROWING CR RULE*******
2026-04-14 13:09:49,826 - INFO - *******GROWING CR RULE*******
2026-04-14 13:09:50,065 - INFO - Iteracja 0: condition_best: Max_temperature <= 62.15, quality_best: 0.515, coverage_best: (p=227, n=123, P=247, N=775)
2026-04-14 13:09:50,065 - INFO - Regula po iteracji 0: IF Max_temperature <= 62.15 THEN class = {45.87} [40.53, 51.21], (p=227, n=123, P=247, N=775)
2026-04-14 13:09:50,168 - INFO - Iteracja 1: condition_best: Max_temperature >= 49.65, quality_best: 0.551, coverage_best: (p=187, n=88, P=218, N=804)
2026-04-14 13:09:50,168 - INFO - Regula po iteracji 1: IF Max_temperature <= 62.15 AND Max_temperature >= 49.65 THEN class = {47.74} [43.57, 51.90], (p=187, n=88, P=218, N=804)
2026-04-14 13:09:50,250 - INFO - Iteracja 2: condition_best: Min_temperature <= 52.35, quality_best: 0.557, coverage_best: (p=186, n=86, P=216, N=806)
2026-04-14 13:09:50,250 - INFO - Regula po iteracji 2: IF Max_temperature <= 62.15 AND Max_temperature >= 49.65 AND Min_temperature <= 52.35 THEN class = {47.64} [43.56, 51.72], (p=186, n=86, P=216, N=806)
2026-04-14 13:09:50,332 - INFO - Iteracja 3: condition_best: Standard_pressure >= 2.40, quality_best: 0.56, coverage_best: (p=186, n=85, P=216, N=806)
2026-04-14 13:09:50,332 - INFO - Regula po iteracji 3: IF Max_temperature <= 62.15 AND Max_temperature >= 49.65 AND Min_temperature <= 52.35 AND Standard_pressure >= 2.40 THEN class = {47.66} [43.58, 51.74], (p=186, n=85, P=216, N=806)
2026-04-14 13:09:50,414 - INFO - Iteracja 4: condition_best: Max_wind_speed >= 28.83, quality_best: 0.561, coverage_best: (p=183, n=82, P=216, N=806)
2026-04-14 13:09:50,414 - INFO - Regula po iteracji 4: IF Max_temperature <= 62.15 AND Max_temperature >= 49.65 AND Min_temperature <= 52.35 AND Standard_pressure >= 2.40 AND Max_wind_speed >= 28.83 THEN class = {47.63} [43.55, 51.70], (p=183, n=82, P=216, N=806)
2026-04-14 13:09:50,414 - INFO - *******STOP GROWING CR RULE*******
2026-04-14 13:09:50,415 - INFO - *******GROWING CR RULE*******
2026-04-14 13:09:50,655 - INFO - Iteracja 0: condition_best: Min_temperature <= 48.30, quality_best: 0.509, coverage_best: (p=329, n=154, P=343, N=679)
2026-04-14 13:09:50,655 - INFO - Regula po iteracji 0: IF Min_temperature <= 48.30 THEN class = {48.55} [41.83, 55.27], (p=329, n=154, P=343, N=679)
2026-04-14 13:09:50,782 - INFO - Iteracja 1: condition_best: Max_temperature >= 51.00, quality_best: 0.56, coverage_best: (p=275, n=113, P=302, N=720)
2026-04-14 13:09:50,782 - INFO - Regula po iteracji 1: IF Min_temperature <= 48.30 AND Max_temperature >= 51.00 THEN class = {50.68} [45.19, 56.18], (p=275, n=113, P=302, N=720)
2026-04-14 13:09:50,881 - INFO - Iteracja 2: condition_best: Dewpoint <= 49.85, quality_best: 0.595, coverage_best: (p=262, n=94, P=294, N=728)
2026-04-14 13:09:50,881 - INFO - Regula po iteracji 2: IF Min_temperature <= 48.30 AND Max_temperature >= 51.00 AND Dewpoint <= 49.85 THEN class = {50.07} [44.89, 55.26], (p=262, n=94, P=294, N=728)
2026-04-14 13:09:50,974 - INFO - Iteracja 3: condition_best: Max_temperature <= 72.15, quality_best: 0.598, coverage_best: (p=239, n=95, P=257, N=765)
2026-04-14 13:09:50,974 - INFO - Regula po iteracji 3: IF Min_temperature <= 48.30 AND Max_temperature >= 51.00 AND Dewpoint <= 49.85 AND Max_temperature <= 72.15 THEN class = {49.36} [44.90, 53.82], (p=239, n=95, P=257, N=765)
2026-04-14 13:09:51,064 - INFO - Iteracja 4: condition_best: Dewpoint <= 49.70, quality_best: 0.601, coverage_best: (p=239, n=94, P=257, N=765)
2026-04-14 13:09:51,064 - INFO - Regula po iteracji 4: IF Min_temperature <= 48.30 AND Max_temperature >= 51.00 AND Dewpoint <= 49.85 AND Max_temperature <= 72.15 AND Dewpoint <= 49.70 THEN class = {49.34} [44.88, 53.80], (p=239, n=94, P=257, N=765)
2026-04-14 13:09:51,064 - INFO - *******STOP GROWING CR RULE*******
2026-04-14 13:09:51,065 - INFO - *******GROWING CR RULE*******
2026-04-14 13:09:51,304 - INFO - Iteracja 0: condition_best: Max_temperature <= 68.80, quality_best: 0.503, coverage_best: (p=321, n=164, P=324, N=698)
2026-04-14 13:09:51,304 - INFO - Regula po iteracji 0: IF Max_temperature <= 68.80 THEN class = {48.26} [42.07, 54.46], (p=321, n=164, P=324, N=698)
2026-04-14 13:09:51,436 - INFO - Iteracja 1: condition_best: Max_temperature >= 57.80, quality_best: 0.575, coverage_best: (p=165, n=67, P=206, N=816)
2026-04-14 13:09:51,436 - INFO - Regula po iteracji 1: IF Max_temperature <= 68.80 AND Max_temperature >= 57.80 THEN class = {52.93} [49.24, 56.63], (p=165, n=67, P=206, N=816)
2026-04-14 13:09:51,507 - INFO - Iteracja 2: condition_best: Min_temperature >= 35.00, quality_best: 0.596, coverage_best: (p=147, n=58, P=180, N=842)
2026-04-14 13:09:51,507 - INFO - Regula po iteracji 2: IF Max_temperature <= 68.80 AND Max_temperature >= 57.80 AND Min_temperature >= 35.00 THEN class = {53.60} [50.40, 56.80], (p=147, n=58, P=180, N=842)
2026-04-14 13:09:51,570 - INFO - Iteracja 3: condition_best: Min_temperature <= 50.10, quality_best: 0.611, coverage_best: (p=124, n=45, P=158, N=864)
2026-04-14 13:09:51,571 - INFO - Regula po iteracji 3: IF Max_temperature <= 68.80 AND Max_temperature >= 57.80 AND Min_temperature >= 35.00 AND Min_temperature <= 50.10 THEN class = {52.69} [50.08, 55.30], (p=124, n=45, P=158, N=864)
2026-04-14 13:09:51,625 - INFO - Iteracja 4: condition_best: Visibility >= 2.82, quality_best: 0.616, coverage_best: (p=120, n=42, P=155, N=867)
2026-04-14 13:09:51,625 - INFO - Regula po iteracji 4: IF Max_temperature <= 68.80 AND Max_temperature >= 57.80 AND Min_temperature >= 35.00 AND Min_temperature <= 50.10 AND Visibility >= 2.82 THEN class = {52.76} [50.20, 55.32], (p=120, n=42, P=155, N=867)
2026-04-14 13:09:51,625 - INFO - *******STOP GROWING CR RULE*******
2026-04-14 13:09:51,626 - INFO - *******GROWING CR RULE*******
2026-04-14 13:09:51,866 - INFO - Iteracja 0: condition_best: Max_temperature <= 68.80, quality_best: 0.503, coverage_best: (p=321, n=164, P=324, N=698)
2026-04-14 13:09:51,866 - INFO - Regula po iteracji 0: IF Max_temperature <= 68.80 THEN class = {48.26} [42.07, 54.46], (p=321, n=164, P=324, N=698)
2026-04-14 13:09:51,997 - INFO - Iteracja 1: condition_best: Max_temperature >= 57.80, quality_best: 0.575, coverage_best: (p=165, n=67, P=206, N=816)
2026-04-14 13:09:51,997 - INFO - Regula po iteracji 1: IF Max_temperature <= 68.80 AND Max_temperature >= 57.80 THEN class = {52.93} [49.24, 56.63], (p=165, n=67, P=206, N=816)
2026-04-14 13:09:52,066 - INFO - Iteracja 2: condition_best: Min_temperature >= 35.00, quality_best: 0.596, coverage_best: (p=147, n=58, P=180, N=842)
2026-04-14 13:09:52,066 - INFO - Regula po iteracji 2: IF Max_temperature <= 68.80 AND Max_temperature >= 57.80 AND Min_temperature >= 35.00 THEN class = {53.60} [50.40, 56.80], (p=147, n=58, P=180, N=842)
2026-04-14 13:09:52,129 - INFO - Iteracja 3: condition_best: Dewpoint <= 55.25, quality_best: 0.601, coverage_best: (p=146, n=57, P=178, N=844)
2026-04-14 13:09:52,129 - INFO - Regula po iteracji 3: IF Max_temperature <= 68.80 AND Max_temperature >= 57.80 AND Min_temperature >= 35.00 AND Dewpoint <= 55.25 THEN class = {53.55} [50.38, 56.71], (p=146, n=57, P=178, N=844)
2026-04-14 13:09:52,193 - INFO - Iteracja 4: condition_best: Standard_pressure <= 8.40, quality_best: 0.601, coverage_best: (p=145, n=56, P=178, N=844)
2026-04-14 13:09:52,193 - INFO - Regula po iteracji 4: IF Max_temperature <= 68.80 AND Max_temperature >= 57.80 AND Min_temperature >= 35.00 AND Dewpoint <= 55.25 AND Standard_pressure <= 8.40 THEN class = {53.57} [50.39, 56.74], (p=145, n=56, P=178, N=844)
2026-04-14 13:09:52,193 - INFO - *******STOP GROWING CR RULE*******
2026-04-14 13:09:52,194 - INFO - *******GROWING CR RULE*******
2026-04-14 13:09:52,434 - INFO - Iteracja 0: condition_best: Min_temperature <= 49.20, quality_best: 0.501, coverage_best: (p=335, n=157, P=352, N=670)
2026-04-14 13:09:52,434 - INFO - Regula po iteracji 0: IF Min_temperature <= 49.20 THEN class = {48.77} [41.90, 55.63], (p=335, n=157, P=352, N=670)
2026-04-14 13:09:52,563 - INFO - Iteracja 1: condition_best: Max_temperature >= 49.00, quality_best: 0.55, coverage_best: (p=300, n=125, P=323, N=699)
2026-04-14 13:09:52,563 - INFO - Regula po iteracji 1: IF Min_temperature <= 49.20 AND Max_temperature >= 49.00 THEN class = {50.35} [44.47, 56.24], (p=300, n=125, P=323, N=699)
2026-04-14 13:09:52,673 - INFO - Iteracja 2: condition_best: Max_temperature <= 75.30, quality_best: 0.578, coverage_best: (p=287, n=118, P=298, N=724)
2026-04-14 13:09:52,673 - INFO - Regula po iteracji 2: IF Min_temperature <= 49.20 AND Max_temperature >= 49.00 AND Max_temperature <= 75.30 THEN class = {49.72} [44.45, 55.00], (p=287, n=118, P=298, N=724)
2026-04-14 13:09:52,779 - INFO - Iteracja 3: condition_best: Wind_speed >= 5.81, quality_best: 0.58, coverage_best: (p=287, n=117, P=298, N=724)
2026-04-14 13:09:52,779 - INFO - Regula po iteracji 3: IF Min_temperature <= 49.20 AND Max_temperature >= 49.00 AND Max_temperature <= 75.30 AND Wind_speed >= 5.81 THEN class = {49.71} [44.43, 54.98], (p=287, n=117, P=298, N=724)
2026-04-14 13:09:52,886 - INFO - Iteracja 4: condition_best: Max_temperature >= 49.40, quality_best: 0.587, coverage_best: (p=286, n=113, P=299, N=723)
2026-04-14 13:09:52,886 - INFO - Regula po iteracji 4: IF Min_temperature <= 49.20 AND Max_temperature >= 49.00 AND Max_temperature <= 75.30 AND Wind_speed >= 5.81 AND Max_temperature >= 49.40 THEN class = {49.81} [44.60, 55.03], (p=286, n=113, P=299, N=723)
2026-04-14 13:09:52,886 - INFO - *******STOP GROWING CR RULE*******
2026-04-14 13:09:52,887 - INFO - *******GROWING CR RULE*******
2026-04-14 13:09:53,124 - INFO - Iteracja 0: condition_best: Min_temperature >= 52.10, quality_best: 0.5, coverage_best: (p=295, n=162, P=296, N=726)
2026-04-14 13:09:53,124 - INFO - Regula po iteracji 0: IF Min_temperature >= 52.10 THEN class = {75.50} [68.35, 82.65], (p=295, n=162, P=296, N=726)
2026-04-14 13:09:53,228 - INFO - Iteracja 1: condition_best: Sea_level_pressure <= 30.05, quality_best: 0.545, coverage_best: (p=289, n=137, P=293, N=729)
2026-04-14 13:09:53,228 - INFO - Regula po iteracji 1: IF Min_temperature >= 52.10 AND Sea_level_pressure <= 30.05 THEN class = {76.22} [69.47, 82.96], (p=289, n=137, P=293, N=729)
2026-04-14 13:09:53,324 - INFO - Iteracja 2: condition_best: Min_temperature <= 71.15, quality_best: 0.573, coverage_best: (p=246, n=108, P=261, N=761)
2026-04-14 13:09:53,324 - INFO - Regula po iteracji 2: IF Min_temperature >= 52.10 AND Sea_level_pressure <= 30.05 AND Min_temperature <= 71.15 THEN class = {74.74} [68.35, 81.12], (p=246, n=108, P=261, N=761)
2026-04-14 13:09:53,409 - INFO - Iteracja 3: condition_best: Precipitation <= 0.10, quality_best: 0.593, coverage_best: (p=236, n=98, P=251, N=771)
2026-04-14 13:09:53,409 - INFO - Regula po iteracji 3: IF Min_temperature >= 52.10 AND Sea_level_pressure <= 30.05 AND Min_temperature <= 71.15 AND Precipitation <= 0.10 THEN class = {75.31} [69.39, 81.22], (p=236, n=98, P=251, N=771)
2026-04-14 13:09:53,488 - INFO - Iteracja 4: condition_best: Max_temperature <= 98.95, quality_best: 0.596, coverage_best: (p=226, n=96, P=238, N=784)
2026-04-14 13:09:53,488 - INFO - Regula po iteracji 4: IF Min_temperature >= 52.10 AND Sea_level_pressure <= 30.05 AND Min_temperature <= 71.15 AND Precipitation <= 0.10 AND Max_temperature <= 98.95 THEN class = {74.97} [69.23, 80.70], (p=226, n=96, P=238, N=784)
2026-04-14 13:09:53,488 - INFO - *******STOP GROWING CR RULE*******
2026-04-14 13:09:53,489 - INFO - *******GROWING CR RULE*******
2026-04-14 13:09:53,726 - INFO - Iteracja 0: condition_best: Min_temperature >= 51.70, quality_best: 0.495, coverage_best: (p=306, n=166, P=308, N=714)
2026-04-14 13:09:53,726 - INFO - Regula po iteracji 0: IF Min_temperature >= 51.70 THEN class = {75.00} [67.41, 82.59], (p=306, n=166, P=308, N=714)
2026-04-14 13:09:54,685 - INFO - Iteracja 1: condition_best: Min_temperature <= 71.00, quality_best: 0.537, coverage_best: (p=267, n=131, P=278, N=744)
2026-04-14 13:09:54,685 - INFO - Regula po iteracji 1: IF Min_temperature >= 51.70 AND Min_temperature <= 71.00 THEN class = {73.43} [66.24, 80.61], (p=267, n=131, P=278, N=744)
2026-04-14 13:09:54,780 - INFO - Iteracja 2: condition_best: Precipitation <= 0.10, quality_best: 0.549, coverage_best: (p=248, n=121, P=259, N=763)
2026-04-14 13:09:54,780 - INFO - Regula po iteracji 2: IF Min_temperature >= 51.70 AND Min_temperature <= 71.00 AND Precipitation <= 0.10 THEN class = {74.27} [67.74, 80.80], (p=248, n=121, P=259, N=763)
2026-04-14 13:09:54,867 - INFO - Iteracja 3: condition_best: Sea_level_pressure <= 30.16, quality_best: 0.56, coverage_best: (p=250, n=117, P=261, N=761)
2026-04-14 13:09:54,868 - INFO - Regula po iteracji 3: IF Min_temperature >= 51.70 AND Min_temperature <= 71.00 AND Precipitation <= 0.10 AND Sea_level_pressure <= 30.16 THEN class = {74.34} [67.88, 80.81], (p=250, n=117, P=261, N=761)
2026-04-14 13:09:54,955 - INFO - Iteracja 4: condition_best: Max_temperature <= 104.50, quality_best: 0.559, coverage_best: (p=248, n=117, P=259, N=763)
2026-04-14 13:09:54,956 - INFO - Regula po iteracji 4: IF Min_temperature >= 51.70 AND Min_temperature <= 71.00 AND Precipitation <= 0.10 AND Sea_level_pressure <= 30.16 AND Max_temperature <= 104.50 THEN class = {74.28} [67.85, 80.71], (p=248, n=117, P=259, N=763)
2026-04-14 13:09:54,956 - INFO - *******STOP GROWING CR RULE*******
2026-04-14 13:09:54,956 - INFO - *******GROWING CR RULE*******
2026-04-14 13:09:55,192 - INFO - Iteracja 0: condition_best: Max_temperature >= 75.80, quality_best: 0.492, coverage_best: (p=282, n=164, P=282, N=740)
2026-04-14 13:09:55,192 - INFO - Regula po iteracji 0: IF Max_temperature >= 75.80 THEN class = {76.03} [69.54, 82.52], (p=282, n=164, P=282, N=740)
2026-04-14 13:09:55,293 - INFO - Iteracja 1: condition_best: Min_temperature <= 56.20, quality_best: 0.581, coverage_best: (p=62, n=17, P=116, N=906)
2026-04-14 13:09:55,293 - INFO - Regula po iteracji 1: IF Max_temperature >= 75.80 AND Min_temperature <= 56.20 THEN class = {66.40} [62.84, 69.97], (p=62, n=17, P=116, N=906)
2026-04-14 13:09:55,322 - INFO - Iteracja 2: condition_best: Min_temperature >= 47.00, quality_best: 0.586, coverage_best: (p=57, n=15, P=108, N=914)
2026-04-14 13:09:55,322 - INFO - Regula po iteracji 2: IF Max_temperature >= 75.80 AND Min_temperature <= 56.20 AND Min_temperature >= 47.00 THEN class = {66.78} [63.29, 70.27], (p=57, n=15, P=108, N=914)
2026-04-14 13:09:55,348 - INFO - Iteracja 3: condition_best: Dewpoint <= 59.60, quality_best: 0.58, coverage_best: (p=56, n=15, P=108, N=914)
2026-04-14 13:09:55,348 - INFO - Regula po iteracji 3: IF Max_temperature >= 75.80 AND Min_temperature <= 56.20 AND Min_temperature >= 47.00 AND Dewpoint <= 59.60 THEN class = {66.74} [63.24, 70.24], (p=56, n=15, P=108, N=914)
2026-04-14 13:09:55,373 - INFO - Iteracja 4: condition_best: Max_temperature <= 86.35, quality_best: 0.588, coverage_best: (p=51, n=14, P=94, N=928)
2026-04-14 13:09:55,373 - INFO - Regula po iteracji 4: IF Max_temperature >= 75.80 AND Min_temperature <= 56.20 AND Min_temperature >= 47.00 AND Dewpoint <= 59.60 AND Max_temperature <= 86.35 THEN class = {66.08} [63.44, 68.71], (p=51, n=14, P=94, N=928)
2026-04-14 13:09:55,373 - INFO - *******STOP GROWING CR RULE*******
2026-04-14 13:09:55,374 - INFO - *******GROWING CR RULE*******
2026-04-14 13:09:55,611 - INFO - Iteracja 0: condition_best: Min_temperature >= 49.90, quality_best: 0.479, coverage_best: (p=339, n=178, P=343, N=679)
2026-04-14 13:09:55,611 - INFO - Regula po iteracji 0: IF Min_temperature >= 49.90 THEN class = {73.69} [65.17, 82.21], (p=339, n=178, P=343, N=679)
2026-04-14 13:09:55,727 - INFO - Iteracja 1: condition_best: Min_temperature <= 70.35, quality_best: 0.526, coverage_best: (p=297, n=140, P=312, N=710)
2026-04-14 13:09:55,727 - INFO - Regula po iteracji 1: IF Min_temperature >= 49.90 AND Min_temperature <= 70.35 THEN class = {71.95} [63.87, 80.03], (p=297, n=140, P=312, N=710)
2026-04-14 13:09:55,829 - INFO - Iteracja 2: condition_best: Max_temperature <= 92.20, quality_best: 0.532, coverage_best: (p=244, n=118, P=269, N=753)
2026-04-14 13:09:55,829 - INFO - Regula po iteracji 2: IF Min_temperature >= 49.90 AND Min_temperature <= 70.35 AND Max_temperature <= 92.20 THEN class = {69.95} [62.60, 77.30], (p=244, n=118, P=269, N=753)
2026-04-14 13:09:55,919 - INFO - Iteracja 3: condition_best: Precipitation <= 0.25, quality_best: 0.548, coverage_best: (p=227, n=110, P=246, N=776)
2026-04-14 13:09:55,919 - INFO - Regula po iteracji 3: IF Min_temperature >= 49.90 AND Min_temperature <= 70.35 AND Max_temperature <= 92.20 AND Precipitation <= 0.25 THEN class = {70.73} [63.91, 77.55], (p=227, n=110, P=246, N=776)
2026-04-14 13:09:56,003 - INFO - Iteracja 4: condition_best: Min_temperature <= 69.90, quality_best: 0.56, coverage_best: (p=226, n=105, P=245, N=777)
2026-04-14 13:09:56,004 - INFO - Regula po iteracji 4: IF Min_temperature >= 49.90 AND Min_temperature <= 70.35 AND Max_temperature <= 92.20 AND Precipitation <= 0.25 AND Min_temperature <= 69.90 THEN class = {70.57} [63.79, 77.35], (p=226, n=105, P=245, N=777)
2026-04-14 13:09:56,004 - INFO - *******STOP GROWING CR RULE*******
2026-04-14 13:09:56,004 - INFO - *******GROWING CR RULE*******
2026-04-14 13:09:56,240 - INFO - Iteracja 0: condition_best: Min_temperature <= 21.65, quality_best: 1.0, coverage_best: (p=2, n=0, P=2, N=1020)
2026-04-14 13:09:56,240 - INFO - Regula po iteracji 0: IF Min_temperature <= 21.65 THEN class = {29.70} [29.40, 30.00], (p=2, n=0, P=2, N=1020)
2026-04-14 13:09:56,241 - INFO - Iteracja 1: condition_best: Max_temperature <= 42.45, quality_best: 1.0, coverage_best: (p=1, n=0, P=1, N=1021)
2026-04-14 13:09:56,241 - INFO - Regula po iteracji 1: IF Min_temperature <= 21.65 AND Max_temperature <= 42.45 THEN class = {29.40} [29.40, 29.40], (p=1, n=0, P=1, N=1021)
2026-04-14 13:09:56,242 - INFO - Iteracja 2: condition_best: None, quality_best: -inf, coverage_best: (p=0, n=0, P=0, N=0)
2026-04-14 13:09:56,242 - INFO - Regula po iteracji 2: IF Min_temperature <= 21.65 AND Max_temperature <= 42.45 THEN class = {29.40} [29.40, 29.40], (p=1, n=0, P=1, N=1021)
2026-04-14 13:09:56,242 - INFO - *******STOP GROWING CR RULE*******
2026-04-14 13:09:56,269 - INFO - ************************Finished experiment for wizmir.arff with algorithm_rer************************
2026-04-14 13:09:56,269 - INFO - *************************************************************************************************************************
2026-04-14 13:09:56,269 - INFO - *************************************************************************************************************************
2026-04-14 13:09:56,269 - INFO - *************************************************************************************************************************
2026-04-14 13:09:56,270 - INFO - **********Starting experiment for wizmir.arff with algorithm_rer_with_exceptions**********
2026-04-14 13:09:56,287 - INFO - *******GROWING CR RULE*******
2026-04-14 13:09:56,653 - INFO - Iteracja 0: condition_best: Dewpoint <= 34.75, quality_best: 0.629, coverage_best: (p=109, n=31, P=155, N=867)
2026-04-14 13:09:56,653 - INFO - Regula po iteracji 0: IF Dewpoint <= 34.75 THEN class = {41.46} [36.67, 46.25], (p=109, n=31, P=155, N=867)
2026-04-14 13:09:56,654 - INFO - *****GROWING RR RULE*****
2026-04-14 13:09:57,097 - INFO - Iteracja 0: condition_best: None, quality_best: -inf, coverage_best: (p=0, n=0, P=0, N=0), p_value: 0
2026-04-14 13:09:57,097 - INFO - Regula po iteracji 0: IF  THEN class = {61.52} [46.93, 76.11], (p=594, n=428, P=594, N=428)
2026-04-14 13:09:57,097 - INFO - *****STOP GROWING RR RULE*****
2026-04-14 13:09:57,097 - INFO - ***RR NOT FOUND***
2026-04-14 13:09:57,157 - INFO - Iteracja 1: condition_best: Max_temperature <= 49.65, quality_best: 0.633, coverage_best: (p=49, n=16, P=68, N=954)
2026-04-14 13:09:57,157 - INFO - Regula po iteracji 1: IF Dewpoint <= 34.75 AND Max_temperature <= 49.65 THEN class = {38.37} [35.63, 41.11], (p=49, n=16, P=68, N=954)
2026-04-14 13:09:57,158 - INFO - *****GROWING RR RULE*****
2026-04-14 13:09:57,598 - INFO - Iteracja 0: condition_best: Min_temperature <= 25.60, quality_best: 0.442, coverage_best: (p=12, n=3, P=90, N=932), p_value: 5
2026-04-14 13:09:57,598 - INFO - Regula po iteracji 0: IF Min_temperature <= 25.60 THEN class = {61.52} [46.93, 76.11], (p=12, n=3, P=90, N=932)
2026-04-14 13:09:57,613 - INFO - Iteracja 1: condition_best: None, quality_best: -inf, coverage_best: (p=0, n=0, P=0, N=0), p_value: 5
2026-04-14 13:09:57,613 - INFO - Regula po iteracji 1: IF Min_temperature <= 25.60 THEN class = {37.59} [32.94, 42.25], (p=12, n=3, P=90, N=932)
2026-04-14 13:09:57,613 - INFO - *****STOP GROWING RR RULE*****
2026-04-14 13:09:57,613 - INFO - ***RR FOUND***
2026-04-14 13:09:57,613 - INFO - Reference rule: IF Min_temperature <= 25.60 THEN class = {37.59} [32.94, 42.25]
2026-04-14 13:09:57,613 - INFO - ***CHECKING EXCEPTION***
2026-04-14 13:09:57,615 - INFO - *******STOP GROWING CR RULE*******
2026-04-14 13:09:57,621 - INFO - *******GROWING CR RULE*******
2026-04-14 13:09:57,938 - INFO - Iteracja 0: condition_best: Dewpoint <= 34.75, quality_best: 0.629, coverage_best: (p=109, n=31, P=155, N=867)
2026-04-14 13:09:57,939 - INFO - Regula po iteracji 0: IF Dewpoint <= 34.75 THEN class = {41.46} [36.67, 46.25], (p=109, n=31, P=155, N=867)
2026-04-14 13:09:57,939 - INFO - *****GROWING RR RULE*****
2026-04-14 13:09:58,382 - INFO - Iteracja 0: condition_best: None, quality_best: -inf, coverage_best: (p=0, n=0, P=0, N=0), p_value: 0
2026-04-14 13:09:58,382 - INFO - Regula po iteracji 0: IF  THEN class = {61.52} [46.93, 76.11], (p=594, n=428, P=594, N=428)
2026-04-14 13:09:58,383 - INFO - *****STOP GROWING RR RULE*****
2026-04-14 13:09:58,383 - INFO - ***RR NOT FOUND***
2026-04-14 13:09:58,437 - INFO - Iteracja 1: condition_best: Max_wind_speed <= 51.73, quality_best: 0.631, coverage_best: (p=108, n=30, P=155, N=867)
2026-04-14 13:09:58,438 - INFO - Regula po iteracji 1: IF Dewpoint <= 34.75 AND Max_wind_speed <= 51.73 THEN class = {41.48} [36.69, 46.26], (p=108, n=30, P=155, N=867)
2026-04-14 13:09:58,438 - INFO - *****GROWING RR RULE*****
2026-04-14 13:09:58,883 - INFO - Iteracja 0: condition_best: None, quality_best: -inf, coverage_best: (p=0, n=0, P=0, N=0), p_value: 0
2026-04-14 13:09:58,883 - INFO - Regula po iteracji 0: IF  THEN class = {61.52} [46.93, 76.11], (p=594, n=428, P=594, N=428)
2026-04-14 13:09:58,883 - INFO - *****STOP GROWING RR RULE*****
2026-04-14 13:09:58,883 - INFO - ***RR NOT FOUND***
2026-04-14 13:09:58,937 - INFO - Iteracja 2: condition_best: Standard_pressure <= 7.95, quality_best: 0.633, coverage_best: (p=107, n=29, P=155, N=867)
2026-04-14 13:09:58,937 - INFO - Regula po iteracji 2: IF Dewpoint <= 34.75 AND Max_wind_speed <= 51.73 AND Standard_pressure <= 7.95 THEN class = {41.45} [36.69, 46.21], (p=107, n=29, P=155, N=867)
2026-04-14 13:09:58,938 - INFO - *****GROWING RR RULE*****
2026-04-14 13:09:59,379 - INFO - Iteracja 0: condition_best: None, quality_best: -inf, coverage_best: (p=0, n=0, P=0, N=0), p_value: 0
2026-04-14 13:09:59,379 - INFO - Regula po iteracji 0: IF  THEN class = {61.52} [46.93, 76.11], (p=594, n=428, P=594, N=428)
2026-04-14 13:09:59,379 - INFO - *****STOP GROWING RR RULE*****
2026-04-14 13:09:59,379 - INFO - ***RR NOT FOUND***
2026-04-14 13:09:59,433 - INFO - Iteracja 3: condition_best: Standard_pressure >= 5.30, quality_best: 0.629, coverage_best: (p=106, n=29, P=155, N=867)
2026-04-14 13:09:59,433 - INFO - Regula po iteracji 3: IF Dewpoint <= 34.75 AND Max_wind_speed <= 51.73 AND Standard_pressure <= 7.95 AND Standard_pressure >= 5.30 THEN class = {41.47} [36.70, 46.25], (p=106, n=29, P=155, N=867)
2026-04-14 13:09:59,434 - INFO - *****GROWING RR RULE*****
2026-04-14 13:09:59,875 - INFO - Iteracja 0: condition_best: None, quality_best: -inf, coverage_best: (p=0, n=0, P=0, N=0), p_value: 0
2026-04-14 13:09:59,875 - INFO - Regula po iteracji 0: IF  THEN class = {61.52} [46.93, 76.11], (p=594, n=428, P=594, N=428)
2026-04-14 13:09:59,875 - INFO - *****STOP GROWING RR RULE*****
2026-04-14 13:09:59,876 - INFO - ***RR NOT FOUND***
2026-04-14 13:09:59,930 - INFO - Iteracja 4: condition_best: Standard_pressure >= 5.55, quality_best: 0.625, coverage_best: (p=105, n=29, P=155, N=867)
2026-04-14 13:09:59,930 - INFO - Regula po iteracji 4: IF Dewpoint <= 34.75 AND Max_wind_speed <= 51.73 AND Standard_pressure <= 7.95 AND Standard_pressure >= 5.30 AND Standard_pressure >= 5.55 THEN class = {41.48} [36.69, 46.27], (p=105, n=29, P=155, N=867)
2026-04-14 13:09:59,930 - INFO - *****GROWING RR RULE*****
2026-04-14 13:10:00,373 - INFO - Iteracja 0: condition_best: None, quality_best: -inf, coverage_best: (p=0, n=0, P=0, N=0), p_value: 0
2026-04-14 13:10:00,373 - INFO - Regula po iteracji 0: IF  THEN class = {61.52} [46.93, 76.11], (p=594, n=428, P=594, N=428)
2026-04-14 13:10:00,373 - INFO - *****STOP GROWING RR RULE*****
2026-04-14 13:10:00,373 - INFO - ***RR NOT FOUND***
2026-04-14 13:10:00,373 - INFO - *******STOP GROWING CR RULE*******
2026-04-14 13:10:00,380 - INFO - *******GROWING CR RULE*******
2026-04-14 13:10:00,690 - INFO - Iteracja 0: condition_best: Dewpoint <= 35.25, quality_best: 0.618, coverage_best: (p=113, n=35, P=158, N=864)
2026-04-14 13:10:00,691 - INFO - Regula po iteracji 0: IF Dewpoint <= 35.25 THEN class = {41.65} [36.89, 46.42], (p=113, n=35, P=158, N=864)
2026-04-14 13:10:00,691 - INFO - *****GROWING RR RULE*****
2026-04-14 13:10:01,132 - INFO - Iteracja 0: condition_best: None, quality_best: -inf, coverage_best: (p=0, n=0, P=0, N=0), p_value: 0
2026-04-14 13:10:01,132 - INFO - Regula po iteracji 0: IF  THEN class = {61.52} [46.93, 76.11], (p=594, n=428, P=594, N=428)
2026-04-14 13:10:01,132 - INFO - *****STOP GROWING RR RULE*****
2026-04-14 13:10:01,132 - INFO - ***RR NOT FOUND***
2026-04-14 13:10:01,186 - INFO - Iteracja 1: condition_best: Max_wind_speed >= 32.10, quality_best: 0.626, coverage_best: (p=110, n=33, P=153, N=869)
2026-04-14 13:10:01,186 - INFO - Regula po iteracji 1: IF Dewpoint <= 35.25 AND Max_wind_speed >= 32.10 THEN class = {41.54} [36.82, 46.25], (p=110, n=33, P=153, N=869)
2026-04-14 13:10:01,187 - INFO - *****GROWING RR RULE*****
2026-04-14 13:10:01,628 - INFO - Iteracja 0: condition_best: None, quality_best: -inf, coverage_best: (p=0, n=0, P=0, N=0), p_value: 0
2026-04-14 13:10:01,628 - INFO - Regula po iteracji 0: IF  THEN class = {61.52} [46.93, 76.11], (p=594, n=428, P=594, N=428)
2026-04-14 13:10:01,628 - INFO - *****STOP GROWING RR RULE*****
2026-04-14 13:10:01,628 - INFO - ***RR NOT FOUND***
2026-04-14 13:10:01,682 - INFO - Iteracja 2: condition_best: Standard_pressure <= 7.95, quality_best: 0.633, coverage_best: (p=109, n=31, P=153, N=869)
2026-04-14 13:10:01,682 - INFO - Regula po iteracji 2: IF Dewpoint <= 35.25 AND Max_wind_speed >= 32.10 AND Standard_pressure <= 7.95 THEN class = {41.56} [36.88, 46.24], (p=109, n=31, P=153, N=869)
2026-04-14 13:10:01,682 - INFO - *****GROWING RR RULE*****
2026-04-14 13:10:02,125 - INFO - Iteracja 0: condition_best: None, quality_best: -inf, coverage_best: (p=0, n=0, P=0, N=0), p_value: 0
2026-04-14 13:10:02,125 - INFO - Regula po iteracji 0: IF  THEN class = {61.52} [46.93, 76.11], (p=594, n=428, P=594, N=428)
2026-04-14 13:10:02,125 - INFO - *****STOP GROWING RR RULE*****
2026-04-14 13:10:02,125 - INFO - ***RR NOT FOUND***
2026-04-14 13:10:02,178 - INFO - Iteracja 3: condition_best: Dewpoint <= 35.15, quality_best: 0.629, coverage_best: (p=108, n=31, P=153, N=869)
2026-04-14 13:10:02,178 - INFO - Regula po iteracji 3: IF Dewpoint <= 35.25 AND Max_wind_speed >= 32.10 AND Standard_pressure <= 7.95 AND Dewpoint <= 35.15 THEN class = {41.55} [36.86, 46.24], (p=108, n=31, P=153, N=869)
2026-04-14 13:10:02,178 - INFO - *****GROWING RR RULE*****
2026-04-14 13:10:02,618 - INFO - Iteracja 0: condition_best: None, quality_best: -inf, coverage_best: (p=0, n=0, P=0, N=0), p_value: 0
2026-04-14 13:10:02,619 - INFO - Regula po iteracji 0: IF  THEN class = {61.52} [46.93, 76.11], (p=594, n=428, P=594, N=428)
2026-04-14 13:10:02,619 - INFO - *****STOP GROWING RR RULE*****
2026-04-14 13:10:02,619 - INFO - ***RR NOT FOUND***
2026-04-14 13:10:02,672 - INFO - Iteracja 4: condition_best: Dewpoint <= 35.05, quality_best: 0.629, coverage_best: (p=107, n=30, P=154, N=868)
2026-04-14 13:10:02,672 - INFO - Regula po iteracji 4: IF Dewpoint <= 35.25 AND Max_wind_speed >= 32.10 AND Standard_pressure <= 7.95 AND Dewpoint <= 35.15 AND Dewpoint <= 35.05 THEN class = {41.51} [36.80, 46.22], (p=107, n=30, P=154, N=868)
2026-04-14 13:10:02,672 - INFO - *****GROWING RR RULE*****
2026-04-14 13:10:03,114 - INFO - Iteracja 0: condition_best: None, quality_best: -inf, coverage_best: (p=0, n=0, P=0, N=0), p_value: 0
2026-04-14 13:10:03,114 - INFO - Regula po iteracji 0: IF  THEN class = {61.52} [46.93, 76.11], (p=594, n=428, P=594, N=428)
2026-04-14 13:10:03,114 - INFO - *****STOP GROWING RR RULE*****
2026-04-14 13:10:03,115 - INFO - ***RR NOT FOUND***
2026-04-14 13:10:03,115 - INFO - *******STOP GROWING CR RULE*******
2026-04-14 13:10:03,121 - INFO - *******GROWING CR RULE*******
2026-04-14 13:10:03,431 - INFO - Iteracja 0: condition_best: Max_temperature <= 50.10, quality_best: 0.616, coverage_best: (p=62, n=21, P=88, N=934)
2026-04-14 13:10:03,431 - INFO - Regula po iteracji 0: IF Max_temperature <= 50.10 THEN class = {39.30} [36.09, 42.50], (p=62, n=21, P=88, N=934)
2026-04-14 13:10:03,431 - INFO - *****GROWING RR RULE*****
2026-04-14 13:10:03,873 - INFO - Iteracja 0: condition_best: Min_temperature <= 25.60, quality_best: 0.442, coverage_best: (p=12, n=3, P=90, N=932), p_value: 5
2026-04-14 13:10:03,874 - INFO - Regula po iteracji 0: IF Min_temperature <= 25.60 THEN class = {61.52} [46.93, 76.11], (p=12, n=3, P=90, N=932)
2026-04-14 13:10:03,887 - INFO - Iteracja 1: condition_best: None, quality_best: -inf, coverage_best: (p=0, n=0, P=0, N=0), p_value: 5
2026-04-14 13:10:03,888 - INFO - Regula po iteracji 1: IF Min_temperature <= 25.60 THEN class = {37.59} [32.94, 42.25], (p=12, n=3, P=90, N=932)
2026-04-14 13:10:03,888 - INFO - *****STOP GROWING RR RULE*****
2026-04-14 13:10:03,888 - INFO - ***RR FOUND***
2026-04-14 13:10:03,888 - INFO - Reference rule: IF Min_temperature <= 25.60 THEN class = {37.59} [32.94, 42.25]
2026-04-14 13:10:03,888 - INFO - ***CHECKING EXCEPTION***
2026-04-14 13:10:03,889 - INFO - *******STOP GROWING CR RULE*******
2026-04-14 13:10:03,895 - INFO - *******GROWING CR RULE*******
2026-04-14 13:10:04,207 - INFO - Iteracja 0: condition_best: Max_temperature >= 90.60, quality_best: 0.612, coverage_best: (p=126, n=53, P=145, N=877)
2026-04-14 13:10:04,207 - INFO - Regula po iteracji 0: IF Max_temperature >= 90.60 THEN class = {81.87} [78.94, 84.80], (p=126, n=53, P=145, N=877)
2026-04-14 13:10:04,207 - INFO - *****GROWING RR RULE*****
2026-04-14 13:10:04,655 - INFO - Iteracja 0: condition_best: None, quality_best: -inf, coverage_best: (p=0, n=0, P=0, N=0), p_value: 0
2026-04-14 13:10:04,655 - INFO - Regula po iteracji 0: IF  THEN class = {61.52} [46.93, 76.11], (p=594, n=428, P=594, N=428)
2026-04-14 13:10:04,655 - INFO - *****STOP GROWING RR RULE*****
2026-04-14 13:10:04,655 - INFO - ***RR NOT FOUND***
2026-04-14 13:10:04,713 - INFO - Iteracja 1: condition_best: Visibility >= 5.29, quality_best: 0.63, coverage_best: (p=122, n=49, P=138, N=884)
2026-04-14 13:10:04,713 - INFO - Regula po iteracji 1: IF Max_temperature >= 90.60 AND Visibility >= 5.29 THEN class = {81.99} [79.16, 84.82], (p=122, n=49, P=138, N=884)
2026-04-14 13:10:04,713 - INFO - *****GROWING RR RULE*****
2026-04-14 13:10:05,160 - INFO - Iteracja 0: condition_best: None, quality_best: -inf, coverage_best: (p=0, n=0, P=0, N=0), p_value: 0
2026-04-14 13:10:05,160 - INFO - Regula po iteracji 0: IF  THEN class = {61.52} [46.93, 76.11], (p=594, n=428, P=594, N=428)
2026-04-14 13:10:05,160 - INFO - *****STOP GROWING RR RULE*****
2026-04-14 13:10:05,160 - INFO - ***RR NOT FOUND***
2026-04-14 13:10:05,213 - INFO - Iteracja 2: condition_best: Min_temperature <= 74.65, quality_best: 0.641, coverage_best: (p=115, n=40, P=139, N=883)
2026-04-14 13:10:05,213 - INFO - Regula po iteracji 2: IF Max_temperature >= 90.60 AND Visibility >= 5.29 AND Min_temperature <= 74.65 THEN class = {81.61} [78.97, 84.24], (p=115, n=40, P=139, N=883)
2026-04-14 13:10:05,214 - INFO - *****GROWING RR RULE*****
2026-04-14 13:10:05,662 - INFO - Iteracja 0: condition_best: None, quality_best: -inf, coverage_best: (p=0, n=0, P=0, N=0), p_value: 0
2026-04-14 13:10:05,662 - INFO - Regula po iteracji 0: IF  THEN class = {61.52} [46.93, 76.11], (p=594, n=428, P=594, N=428)
2026-04-14 13:10:05,662 - INFO - *****STOP GROWING RR RULE*****
2026-04-14 13:10:05,662 - INFO - ***RR NOT FOUND***
2026-04-14 13:10:05,711 - INFO - Iteracja 3: condition_best: Max_temperature >= 90.95, quality_best: 0.643, coverage_best: (p=107, n=40, P=124, N=898)
2026-04-14 13:10:05,711 - INFO - Regula po iteracji 3: IF Max_temperature >= 90.60 AND Visibility >= 5.29 AND Min_temperature <= 74.65 AND Max_temperature >= 90.95 THEN class = {81.82} [79.37, 84.27], (p=107, n=40, P=124, N=898)
2026-04-14 13:10:05,711 - INFO - *****GROWING RR RULE*****
2026-04-14 13:10:06,158 - INFO - Iteracja 0: condition_best: None, quality_best: -inf, coverage_best: (p=0, n=0, P=0, N=0), p_value: 0
2026-04-14 13:10:06,158 - INFO - Regula po iteracji 0: IF  THEN class = {61.52} [46.93, 76.11], (p=594, n=428, P=594, N=428)
2026-04-14 13:10:06,158 - INFO - *****STOP GROWING RR RULE*****
2026-04-14 13:10:06,158 - INFO - ***RR NOT FOUND***
2026-04-14 13:10:06,204 - INFO - Iteracja 4: condition_best: Max_temperature <= 103.00, quality_best: 0.648, coverage_best: (p=107, n=39, P=124, N=898)
2026-04-14 13:10:06,204 - INFO - Regula po iteracji 4: IF Max_temperature >= 90.60 AND Visibility >= 5.29 AND Min_temperature <= 74.65 AND Max_temperature >= 90.95 AND Max_temperature <= 103.00 THEN class = {81.79} [79.36, 84.22], (p=107, n=39, P=124, N=898)
2026-04-14 13:10:06,205 - INFO - *****GROWING RR RULE*****
2026-04-14 13:10:06,650 - INFO - Iteracja 0: condition_best: None, quality_best: -inf, coverage_best: (p=0, n=0, P=0, N=0), p_value: 0
2026-04-14 13:10:06,650 - INFO - Regula po iteracji 0: IF  THEN class = {61.52} [46.93, 76.11], (p=594, n=428, P=594, N=428)
2026-04-14 13:10:06,650 - INFO - *****STOP GROWING RR RULE*****
2026-04-14 13:10:06,651 - INFO - ***RR NOT FOUND***
2026-04-14 13:10:06,651 - INFO - *******STOP GROWING CR RULE*******
2026-04-14 13:10:06,656 - INFO - *******GROWING CR RULE*******
2026-04-14 13:10:06,960 - INFO - Iteracja 0: condition_best: Max_temperature >= 90.60, quality_best: 0.612, coverage_best: (p=126, n=53, P=145, N=877)
2026-04-14 13:10:06,961 - INFO - Regula po iteracji 0: IF Max_temperature >= 90.60 THEN class = {81.87} [78.94, 84.80], (p=126, n=53, P=145, N=877)
2026-04-14 13:10:06,961 - INFO - *****GROWING RR RULE*****
2026-04-14 13:10:07,408 - INFO - Iteracja 0: condition_best: None, quality_best: -inf, coverage_best: (p=0, n=0, P=0, N=0), p_value: 0
2026-04-14 13:10:07,408 - INFO - Regula po iteracji 0: IF  THEN class = {61.52} [46.93, 76.11], (p=594, n=428, P=594, N=428)
2026-04-14 13:10:07,408 - INFO - *****STOP GROWING RR RULE*****
2026-04-14 13:10:07,408 - INFO - ***RR NOT FOUND***
2026-04-14 13:10:07,458 - INFO - Iteracja 1: condition_best: Visibility >= 5.29, quality_best: 0.63, coverage_best: (p=122, n=49, P=138, N=884)
2026-04-14 13:10:07,458 - INFO - Regula po iteracji 1: IF Max_temperature >= 90.60 AND Visibility >= 5.29 THEN class = {81.99} [79.16, 84.82], (p=122, n=49, P=138, N=884)
2026-04-14 13:10:07,459 - INFO - *****GROWING RR RULE*****
2026-04-14 13:10:07,906 - INFO - Iteracja 0: condition_best: None, quality_best: -inf, coverage_best: (p=0, n=0, P=0, N=0), p_value: 0
2026-04-14 13:10:07,906 - INFO - Regula po iteracji 0: IF  THEN class = {61.52} [46.93, 76.11], (p=594, n=428, P=594, N=428)
2026-04-14 13:10:07,906 - INFO - *****STOP GROWING RR RULE*****
2026-04-14 13:10:07,906 - INFO - ***RR NOT FOUND***
2026-04-14 13:10:07,955 - INFO - Iteracja 2: condition_best: Min_temperature <= 74.65, quality_best: 0.641, coverage_best: (p=115, n=40, P=139, N=883)
2026-04-14 13:10:07,955 - INFO - Regula po iteracji 2: IF Max_temperature >= 90.60 AND Visibility >= 5.29 AND Min_temperature <= 74.65 THEN class = {81.61} [78.97, 84.24], (p=115, n=40, P=139, N=883)
2026-04-14 13:10:07,955 - INFO - *****GROWING RR RULE*****
2026-04-14 13:10:08,402 - INFO - Iteracja 0: condition_best: None, quality_best: -inf, coverage_best: (p=0, n=0, P=0, N=0), p_value: 0
2026-04-14 13:10:08,402 - INFO - Regula po iteracji 0: IF  THEN class = {61.52} [46.93, 76.11], (p=594, n=428, P=594, N=428)
2026-04-14 13:10:08,402 - INFO - *****STOP GROWING RR RULE*****
2026-04-14 13:10:08,402 - INFO - ***RR NOT FOUND***
2026-04-14 13:10:08,447 - INFO - Iteracja 3: condition_best: Dewpoint <= 61.45, quality_best: 0.642, coverage_best: (p=114, n=39, P=139, N=883)
2026-04-14 13:10:08,447 - INFO - Regula po iteracji 3: IF Max_temperature >= 90.60 AND Visibility >= 5.29 AND Min_temperature <= 74.65 AND Dewpoint <= 61.45 THEN class = {81.57} [78.94, 84.20], (p=114, n=39, P=139, N=883)
2026-04-14 13:10:08,448 - INFO - *****GROWING RR RULE*****
2026-04-14 13:10:08,892 - INFO - Iteracja 0: condition_best: None, quality_best: -inf, coverage_best: (p=0, n=0, P=0, N=0), p_value: 0
2026-04-14 13:10:08,892 - INFO - Regula po iteracji 0: IF  THEN class = {61.52} [46.93, 76.11], (p=594, n=428, P=594, N=428)
2026-04-14 13:10:08,893 - INFO - *****STOP GROWING RR RULE*****
2026-04-14 13:10:08,893 - INFO - ***RR NOT FOUND***
2026-04-14 13:10:08,937 - INFO - Iteracja 4: condition_best: Min_temperature >= 58.55, quality_best: 0.641, coverage_best: (p=110, n=39, P=132, N=890)
2026-04-14 13:10:08,937 - INFO - Regula po iteracji 4: IF Max_temperature >= 90.60 AND Visibility >= 5.29 AND Min_temperature <= 74.65 AND Dewpoint <= 61.45 AND Min_temperature >= 58.55 THEN class = {81.68} [79.14, 84.22], (p=110, n=39, P=132, N=890)
2026-04-14 13:10:08,938 - INFO - *****GROWING RR RULE*****
2026-04-14 13:10:09,382 - INFO - Iteracja 0: condition_best: None, quality_best: -inf, coverage_best: (p=0, n=0, P=0, N=0), p_value: 0
2026-04-14 13:10:09,383 - INFO - Regula po iteracji 0: IF  THEN class = {61.52} [46.93, 76.11], (p=594, n=428, P=594, N=428)
2026-04-14 13:10:09,383 - INFO - *****STOP GROWING RR RULE*****
2026-04-14 13:10:09,383 - INFO - ***RR NOT FOUND***
2026-04-14 13:10:09,383 - INFO - *******STOP GROWING CR RULE*******
2026-04-14 13:10:09,388 - INFO - *******GROWING CR RULE*******
2026-04-14 13:10:09,692 - INFO - Iteracja 0: condition_best: Max_temperature >= 90.60, quality_best: 0.612, coverage_best: (p=126, n=53, P=145, N=877)
2026-04-14 13:10:09,692 - INFO - Regula po iteracji 0: IF Max_temperature >= 90.60 THEN class = {81.87} [78.94, 84.80], (p=126, n=53, P=145, N=877)
2026-04-14 13:10:09,693 - INFO - *****GROWING RR RULE*****
2026-04-14 13:10:10,138 - INFO - Iteracja 0: condition_best: None, quality_best: -inf, coverage_best: (p=0, n=0, P=0, N=0), p_value: 0
2026-04-14 13:10:10,138 - INFO - Regula po iteracji 0: IF  THEN class = {61.52} [46.93, 76.11], (p=594, n=428, P=594, N=428)
2026-04-14 13:10:10,138 - INFO - *****STOP GROWING RR RULE*****
2026-04-14 13:10:10,138 - INFO - ***RR NOT FOUND***
2026-04-14 13:10:10,188 - INFO - Iteracja 1: condition_best: Visibility >= 5.29, quality_best: 0.63, coverage_best: (p=122, n=49, P=138, N=884)
2026-04-14 13:10:10,188 - INFO - Regula po iteracji 1: IF Max_temperature >= 90.60 AND Visibility >= 5.29 THEN class = {81.99} [79.16, 84.82], (p=122, n=49, P=138, N=884)
2026-04-14 13:10:10,188 - INFO - *****GROWING RR RULE*****
2026-04-14 13:10:10,634 - INFO - Iteracja 0: condition_best: None, quality_best: -inf, coverage_best: (p=0, n=0, P=0, N=0), p_value: 0
2026-04-14 13:10:10,635 - INFO - Regula po iteracji 0: IF  THEN class = {61.52} [46.93, 76.11], (p=594, n=428, P=594, N=428)
2026-04-14 13:10:10,635 - INFO - *****STOP GROWING RR RULE*****
2026-04-14 13:10:10,635 - INFO - ***RR NOT FOUND***
2026-04-14 13:10:10,685 - INFO - Iteracja 2: condition_best: Min_temperature >= 65.40, quality_best: 0.633, coverage_best: (p=84, n=38, P=91, N=931)
2026-04-14 13:10:10,685 - INFO - Regula po iteracji 2: IF Max_temperature >= 90.60 AND Visibility >= 5.29 AND Min_temperature >= 65.40 THEN class = {83.04} [80.92, 85.16], (p=84, n=38, P=91, N=931)
2026-04-14 13:10:10,685 - INFO - *****GROWING RR RULE*****
2026-04-14 13:10:11,125 - INFO - Iteracja 0: condition_best: None, quality_best: -inf, coverage_best: (p=0, n=0, P=0, N=0), p_value: 0
2026-04-14 13:10:11,125 - INFO - Regula po iteracji 0: IF  THEN class = {61.52} [46.93, 76.11], (p=594, n=428, P=594, N=428)
2026-04-14 13:10:11,126 - INFO - *****STOP GROWING RR RULE*****
2026-04-14 13:10:11,126 - INFO - ***RR NOT FOUND***
2026-04-14 13:10:11,164 - INFO - Iteracja 3: condition_best: Max_temperature >= 92.40, quality_best: 0.686, coverage_best: (p=70, n=23, P=80, N=942)
2026-04-14 13:10:11,164 - INFO - Regula po iteracji 3: IF Max_temperature >= 90.60 AND Visibility >= 5.29 AND Min_temperature >= 65.40 AND Max_temperature >= 92.40 THEN class = {83.71} [81.79, 85.64], (p=70, n=23, P=80, N=942)
2026-04-14 13:10:11,165 - INFO - *****GROWING RR RULE*****
2026-04-14 13:10:11,602 - INFO - Iteracja 0: condition_best: None, quality_best: -inf, coverage_best: (p=0, n=0, P=0, N=0), p_value: 0
2026-04-14 13:10:11,602 - INFO - Regula po iteracji 0: IF  THEN class = {61.52} [46.93, 76.11], (p=594, n=428, P=594, N=428)
2026-04-14 13:10:11,603 - INFO - *****STOP GROWING RR RULE*****
2026-04-14 13:10:11,603 - INFO - ***RR NOT FOUND***
2026-04-14 13:10:11,634 - INFO - Iteracja 4: condition_best: Standard_pressure >= 6.80, quality_best: 0.699, coverage_best: (p=70, n=22, P=79, N=943)
2026-04-14 13:10:11,634 - INFO - Regula po iteracji 4: IF Max_temperature >= 90.60 AND Visibility >= 5.29 AND Min_temperature >= 65.40 AND Max_temperature >= 92.40 AND Standard_pressure >= 6.80 THEN class = {83.74} [81.82, 85.66], (p=70, n=22, P=79, N=943)
2026-04-14 13:10:11,635 - INFO - *****GROWING RR RULE*****
2026-04-14 13:10:12,073 - INFO - Iteracja 0: condition_best: None, quality_best: -inf, coverage_best: (p=0, n=0, P=0, N=0), p_value: 0
2026-04-14 13:10:12,073 - INFO - Regula po iteracji 0: IF  THEN class = {61.52} [46.93, 76.11], (p=594, n=428, P=594, N=428)
2026-04-14 13:10:12,073 - INFO - *****STOP GROWING RR RULE*****
2026-04-14 13:10:12,073 - INFO - ***RR NOT FOUND***
2026-04-14 13:10:12,073 - INFO - *******STOP GROWING CR RULE*******
2026-04-14 13:10:12,078 - INFO - *******GROWING CR RULE*******
2026-04-14 13:10:12,379 - INFO - Iteracja 0: condition_best: Max_temperature >= 90.60, quality_best: 0.612, coverage_best: (p=126, n=53, P=145, N=877)
2026-04-14 13:10:12,379 - INFO - Regula po iteracji 0: IF Max_temperature >= 90.60 THEN class = {81.87} [78.94, 84.80], (p=126, n=53, P=145, N=877)
2026-04-14 13:10:12,380 - INFO - *****GROWING RR RULE*****
2026-04-14 13:10:12,826 - INFO - Iteracja 0: condition_best: None, quality_best: -inf, coverage_best: (p=0, n=0, P=0, N=0), p_value: 0
2026-04-14 13:10:12,826 - INFO - Regula po iteracji 0: IF  THEN class = {61.52} [46.93, 76.11], (p=594, n=428, P=594, N=428)
2026-04-14 13:10:12,826 - INFO - *****STOP GROWING RR RULE*****
2026-04-14 13:10:12,826 - INFO - ***RR NOT FOUND***
2026-04-14 13:10:12,875 - INFO - Iteracja 1: condition_best: Min_temperature <= 74.65, quality_best: 0.626, coverage_best: (p=120, n=43, P=148, N=874)
2026-04-14 13:10:12,875 - INFO - Regula po iteracji 1: IF Max_temperature >= 90.60 AND Min_temperature <= 74.65 THEN class = {81.50} [78.75, 84.24], (p=120, n=43, P=148, N=874)
2026-04-14 13:10:12,876 - INFO - *****GROWING RR RULE*****
2026-04-14 13:10:13,323 - INFO - Iteracja 0: condition_best: None, quality_best: -inf, coverage_best: (p=0, n=0, P=0, N=0), p_value: 0
2026-04-14 13:10:13,323 - INFO - Regula po iteracji 0: IF  THEN class = {61.52} [46.93, 76.11], (p=594, n=428, P=594, N=428)
2026-04-14 13:10:13,324 - INFO - *****STOP GROWING RR RULE*****
2026-04-14 13:10:13,324 - INFO - ***RR NOT FOUND***
2026-04-14 13:10:13,370 - INFO - Iteracja 2: condition_best: Max_wind_speed >= 26.41, quality_best: 0.632, coverage_best: (p=119, n=41, P=148, N=874)
2026-04-14 13:10:13,370 - INFO - Regula po iteracji 2: IF Max_temperature >= 90.60 AND Min_temperature <= 74.65 AND Max_wind_speed >= 26.41 THEN class = {81.51} [78.79, 84.22], (p=119, n=41, P=148, N=874)
2026-04-14 13:10:13,371 - INFO - *****GROWING RR RULE*****
2026-04-14 13:10:13,818 - INFO - Iteracja 0: condition_best: None, quality_best: -inf, coverage_best: (p=0, n=0, P=0, N=0), p_value: 0
2026-04-14 13:10:13,818 - INFO - Regula po iteracji 0: IF  THEN class = {61.52} [46.93, 76.11], (p=594, n=428, P=594, N=428)
2026-04-14 13:10:13,818 - INFO - *****STOP GROWING RR RULE*****
2026-04-14 13:10:13,818 - INFO - ***RR NOT FOUND***
2026-04-14 13:10:13,865 - INFO - Iteracja 3: condition_best: Visibility <= 21.90, quality_best: 0.629, coverage_best: (p=117, n=40, P=148, N=874)
2026-04-14 13:10:13,865 - INFO - Regula po iteracji 3: IF Max_temperature >= 90.60 AND Min_temperature <= 74.65 AND Max_wind_speed >= 26.41 AND Visibility <= 21.90 THEN class = {81.49} [78.77, 84.21], (p=117, n=40, P=148, N=874)
2026-04-14 13:10:13,865 - INFO - *****GROWING RR RULE*****
2026-04-14 13:10:14,312 - INFO - Iteracja 0: condition_best: None, quality_best: -inf, coverage_best: (p=0, n=0, P=0, N=0), p_value: 0
2026-04-14 13:10:14,312 - INFO - Regula po iteracji 0: IF  THEN class = {61.52} [46.93, 76.11], (p=594, n=428, P=594, N=428)
2026-04-14 13:10:14,312 - INFO - *****STOP GROWING RR RULE*****
2026-04-14 13:10:14,312 - INFO - ***RR NOT FOUND***
2026-04-14 13:10:14,357 - INFO - Iteracja 4: condition_best: Max_temperature <= 104.50, quality_best: 0.625, coverage_best: (p=115, n=40, P=146, N=876)
2026-04-14 13:10:14,358 - INFO - Regula po iteracji 4: IF Max_temperature >= 90.60 AND Min_temperature <= 74.65 AND Max_wind_speed >= 26.41 AND Visibility <= 21.90 AND Max_temperature <= 104.50 THEN class = {81.43} [78.74, 84.13], (p=115, n=40, P=146, N=876)
2026-04-14 13:10:14,358 - INFO - *****GROWING RR RULE*****
2026-04-14 13:10:14,804 - INFO - Iteracja 0: condition_best: None, quality_best: -inf, coverage_best: (p=0, n=0, P=0, N=0), p_value: 0
2026-04-14 13:10:14,804 - INFO - Regula po iteracji 0: IF  THEN class = {61.52} [46.93, 76.11], (p=594, n=428, P=594, N=428)
2026-04-14 13:10:14,804 - INFO - *****STOP GROWING RR RULE*****
2026-04-14 13:10:14,804 - INFO - ***RR NOT FOUND***
2026-04-14 13:10:14,804 - INFO - *******STOP GROWING CR RULE*******
2026-04-14 13:10:14,809 - INFO - *******GROWING CR RULE*******
2026-04-14 13:10:15,112 - INFO - Iteracja 0: condition_best: Max_temperature >= 90.20, quality_best: 0.6, coverage_best: (p=129, n=55, P=152, N=870)
2026-04-14 13:10:15,112 - INFO - Regula po iteracji 0: IF Max_temperature >= 90.20 THEN class = {81.74} [78.72, 84.77], (p=129, n=55, P=152, N=870)
2026-04-14 13:10:15,112 - INFO - *****GROWING RR RULE*****
2026-04-14 13:10:15,560 - INFO - Iteracja 0: condition_best: None, quality_best: -inf, coverage_best: (p=0, n=0, P=0, N=0), p_value: 0
2026-04-14 13:10:15,560 - INFO - Regula po iteracji 0: IF  THEN class = {61.52} [46.93, 76.11], (p=594, n=428, P=594, N=428)
2026-04-14 13:10:15,560 - INFO - *****STOP GROWING RR RULE*****
2026-04-14 13:10:15,560 - INFO - ***RR NOT FOUND***
2026-04-14 13:10:15,610 - INFO - Iteracja 1: condition_best: Visibility >= 4.95, quality_best: 0.618, coverage_best: (p=127, n=51, P=148, N=874)
2026-04-14 13:10:15,610 - INFO - Regula po iteracji 1: IF Max_temperature >= 90.20 AND Visibility >= 4.95 THEN class = {81.84} [78.87, 84.82], (p=127, n=51, P=148, N=874)
2026-04-14 13:10:15,611 - INFO - *****GROWING RR RULE*****
2026-04-14 13:10:16,056 - INFO - Iteracja 0: condition_best: None, quality_best: -inf, coverage_best: (p=0, n=0, P=0, N=0), p_value: 0
2026-04-14 13:10:16,057 - INFO - Regula po iteracji 0: IF  THEN class = {61.52} [46.93, 76.11], (p=594, n=428, P=594, N=428)
2026-04-14 13:10:16,057 - INFO - *****STOP GROWING RR RULE*****
2026-04-14 13:10:16,057 - INFO - ***RR NOT FOUND***
2026-04-14 13:10:16,106 - INFO - Iteracja 2: condition_best: Standard_pressure >= 6.85, quality_best: 0.621, coverage_best: (p=121, n=50, P=138, N=884)
2026-04-14 13:10:16,106 - INFO - Regula po iteracji 2: IF Max_temperature >= 90.20 AND Visibility >= 4.95 AND Standard_pressure >= 6.85 THEN class = {82.02} [79.18, 84.86], (p=121, n=50, P=138, N=884)
2026-04-14 13:10:16,107 - INFO - *****GROWING RR RULE*****
2026-04-14 13:10:16,553 - INFO - Iteracja 0: condition_best: None, quality_best: -inf, coverage_best: (p=0, n=0, P=0, N=0), p_value: 0
2026-04-14 13:10:16,553 - INFO - Regula po iteracji 0: IF  THEN class = {61.52} [46.93, 76.11], (p=594, n=428, P=594, N=428)
2026-04-14 13:10:16,553 - INFO - *****STOP GROWING RR RULE*****
2026-04-14 13:10:16,553 - INFO - ***RR NOT FOUND***
2026-04-14 13:10:16,601 - INFO - Iteracja 3: condition_best: Min_temperature <= 74.65, quality_best: 0.631, coverage_best: (p=114, n=41, P=139, N=883)
2026-04-14 13:10:16,602 - INFO - Regula po iteracji 3: IF Max_temperature >= 90.20 AND Visibility >= 4.95 AND Standard_pressure >= 6.85 AND Min_temperature <= 74.65 THEN class = {81.64} [78.99, 84.30], (p=114, n=41, P=139, N=883)
2026-04-14 13:10:16,602 - INFO - *****GROWING RR RULE*****
2026-04-14 13:10:17,048 - INFO - Iteracja 0: condition_best: None, quality_best: -inf, coverage_best: (p=0, n=0, P=0, N=0), p_value: 0
2026-04-14 13:10:17,049 - INFO - Regula po iteracji 0: IF  THEN class = {61.52} [46.93, 76.11], (p=594, n=428, P=594, N=428)
2026-04-14 13:10:17,049 - INFO - *****STOP GROWING RR RULE*****
2026-04-14 13:10:17,049 - INFO - ***RR NOT FOUND***
2026-04-14 13:10:17,094 - INFO - Iteracja 4: condition_best: Max_temperature <= 104.50, quality_best: 0.636, coverage_best: (p=114, n=40, P=139, N=883)
2026-04-14 13:10:17,094 - INFO - Regula po iteracji 4: IF Max_temperature >= 90.20 AND Visibility >= 4.95 AND Standard_pressure >= 6.85 AND Min_temperature <= 74.65 AND Max_temperature <= 104.50 THEN class = {81.61} [78.98, 84.25], (p=114, n=40, P=139, N=883)
2026-04-14 13:10:17,094 - INFO - *****GROWING RR RULE*****
2026-04-14 13:10:17,541 - INFO - Iteracja 0: condition_best: None, quality_best: -inf, coverage_best: (p=0, n=0, P=0, N=0), p_value: 0
2026-04-14 13:10:17,541 - INFO - Regula po iteracji 0: IF  THEN class = {61.52} [46.93, 76.11], (p=594, n=428, P=594, N=428)
2026-04-14 13:10:17,541 - INFO - *****STOP GROWING RR RULE*****
2026-04-14 13:10:17,541 - INFO - ***RR NOT FOUND***
2026-04-14 13:10:17,541 - INFO - *******STOP GROWING CR RULE*******
2026-04-14 13:10:17,546 - INFO - *******GROWING CR RULE*******
2026-04-14 13:10:17,848 - INFO - Iteracja 0: condition_best: Max_temperature >= 90.05, quality_best: 0.599, coverage_best: (p=131, n=56, P=154, N=868)
2026-04-14 13:10:17,848 - INFO - Regula po iteracji 0: IF Max_temperature >= 90.05 THEN class = {81.69} [78.65, 84.73], (p=131, n=56, P=154, N=868)
2026-04-14 13:10:17,848 - INFO - *****GROWING RR RULE*****
2026-04-14 13:10:18,295 - INFO - Iteracja 0: condition_best: None, quality_best: -inf, coverage_best: (p=0, n=0, P=0, N=0), p_value: 0
2026-04-14 13:10:18,295 - INFO - Regula po iteracji 0: IF  THEN class = {61.52} [46.93, 76.11], (p=594, n=428, P=594, N=428)
2026-04-14 13:10:18,296 - INFO - *****STOP GROWING RR RULE*****
2026-04-14 13:10:18,296 - INFO - ***RR NOT FOUND***
2026-04-14 13:10:18,347 - INFO - Iteracja 1: condition_best: Sea_level_pressure <= 30.04, quality_best: 0.612, coverage_best: (p=131, n=54, P=152, N=870)
2026-04-14 13:10:18,347 - INFO - Regula po iteracji 1: IF Max_temperature >= 90.05 AND Sea_level_pressure <= 30.04 THEN class = {81.76} [78.79, 84.73], (p=131, n=54, P=152, N=870)
2026-04-14 13:10:18,347 - INFO - *****GROWING RR RULE*****
2026-04-14 13:10:18,793 - INFO - Iteracja 0: condition_best: None, quality_best: -inf, coverage_best: (p=0, n=0, P=0, N=0), p_value: 0
2026-04-14 13:10:18,794 - INFO - Regula po iteracji 0: IF  THEN class = {61.52} [46.93, 76.11], (p=594, n=428, P=594, N=428)
2026-04-14 13:10:18,794 - INFO - *****STOP GROWING RR RULE*****
2026-04-14 13:10:18,794 - INFO - ***RR NOT FOUND***
2026-04-14 13:10:18,845 - INFO - Iteracja 2: condition_best: Min_temperature <= 75.30, quality_best: 0.618, coverage_best: (p=126, n=50, P=148, N=874)
2026-04-14 13:10:18,845 - INFO - Regula po iteracji 2: IF Max_temperature >= 90.05 AND Sea_level_pressure <= 30.04 AND Min_temperature <= 75.30 THEN class = {81.52} [78.70, 84.34], (p=126, n=50, P=148, N=874)
2026-04-14 13:10:18,846 - INFO - *****GROWING RR RULE*****
2026-04-14 13:10:19,292 - INFO - Iteracja 0: condition_best: None, quality_best: -inf, coverage_best: (p=0, n=0, P=0, N=0), p_value: 0
2026-04-14 13:10:19,293 - INFO - Regula po iteracji 0: IF  THEN class = {61.52} [46.93, 76.11], (p=594, n=428, P=594, N=428)
2026-04-14 13:10:19,293 - INFO - *****STOP GROWING RR RULE*****
2026-04-14 13:10:19,293 - INFO - ***RR NOT FOUND***
2026-04-14 13:10:19,342 - INFO - Iteracja 3: condition_best: Wind_speed >= 10.26, quality_best: 0.623, coverage_best: (p=126, n=49, P=148, N=874)
2026-04-14 13:10:19,342 - INFO - Regula po iteracji 3: IF Max_temperature >= 90.05 AND Sea_level_pressure <= 30.04 AND Min_temperature <= 75.30 AND Wind_speed >= 10.26 THEN class = {81.55} [78.75, 84.35], (p=126, n=49, P=148, N=874)
2026-04-14 13:10:19,343 - INFO - *****GROWING RR RULE*****
2026-04-14 13:10:19,790 - INFO - Iteracja 0: condition_best: None, quality_best: -inf, coverage_best: (p=0, n=0, P=0, N=0), p_value: 0
2026-04-14 13:10:19,790 - INFO - Regula po iteracji 0: IF  THEN class = {61.52} [46.93, 76.11], (p=594, n=428, P=594, N=428)
2026-04-14 13:10:19,790 - INFO - *****STOP GROWING RR RULE*****
2026-04-14 13:10:19,790 - INFO - ***RR NOT FOUND***
2026-04-14 13:10:19,841 - INFO - Iteracja 4: condition_best: Dewpoint <= 61.45, quality_best: 0.623, coverage_best: (p=125, n=48, P=148, N=874)
2026-04-14 13:10:19,841 - INFO - Regula po iteracji 4: IF Max_temperature >= 90.05 AND Sea_level_pressure <= 30.04 AND Min_temperature <= 75.30 AND Wind_speed >= 10.26 AND Dewpoint <= 61.45 THEN class = {81.52} [78.72, 84.32], (p=125, n=48, P=148, N=874)
2026-04-14 13:10:19,841 - INFO - *****GROWING RR RULE*****
2026-04-14 13:10:20,289 - INFO - Iteracja 0: condition_best: None, quality_best: -inf, coverage_best: (p=0, n=0, P=0, N=0), p_value: 0
2026-04-14 13:10:20,289 - INFO - Regula po iteracji 0: IF  THEN class = {61.52} [46.93, 76.11], (p=594, n=428, P=594, N=428)
2026-04-14 13:10:20,289 - INFO - *****STOP GROWING RR RULE*****
2026-04-14 13:10:20,289 - INFO - ***RR NOT FOUND***
2026-04-14 13:10:20,289 - INFO - *******STOP GROWING CR RULE*******
2026-04-14 13:10:20,294 - INFO - *******GROWING CR RULE*******
2026-04-14 13:10:20,596 - INFO - Iteracja 0: condition_best: Dewpoint <= 35.45, quality_best: 0.597, coverage_best: (p=112, n=39, P=156, N=866)
2026-04-14 13:10:20,597 - INFO - Regula po iteracji 0: IF Dewpoint <= 35.45 THEN class = {41.76} [36.95, 46.57], (p=112, n=39, P=156, N=866)
2026-04-14 13:10:20,597 - INFO - *****GROWING RR RULE*****
2026-04-14 13:10:21,039 - INFO - Iteracja 0: condition_best: None, quality_best: -inf, coverage_best: (p=0, n=0, P=0, N=0), p_value: 0
2026-04-14 13:10:21,039 - INFO - Regula po iteracji 0: IF  THEN class = {61.52} [46.93, 76.11], (p=594, n=428, P=594, N=428)
2026-04-14 13:10:21,039 - INFO - *****STOP GROWING RR RULE*****
2026-04-14 13:10:21,040 - INFO - ***RR NOT FOUND***
2026-04-14 13:10:21,094 - INFO - Iteracja 1: condition_best: Max_wind_speed >= 32.10, quality_best: 0.61, coverage_best: (p=111, n=35, P=158, N=864)
2026-04-14 13:10:21,095 - INFO - Regula po iteracji 1: IF Dewpoint <= 35.45 AND Max_wind_speed >= 32.10 THEN class = {41.65} [36.89, 46.41], (p=111, n=35, P=158, N=864)
2026-04-14 13:10:21,095 - INFO - *****GROWING RR RULE*****
2026-04-14 13:10:21,538 - INFO - Iteracja 0: condition_best: None, quality_best: -inf, coverage_best: (p=0, n=0, P=0, N=0), p_value: 0
2026-04-14 13:10:21,538 - INFO - Regula po iteracji 0: IF  THEN class = {61.52} [46.93, 76.11], (p=594, n=428, P=594, N=428)
2026-04-14 13:10:21,538 - INFO - *****STOP GROWING RR RULE*****
2026-04-14 13:10:21,538 - INFO - ***RR NOT FOUND***
2026-04-14 13:10:21,593 - INFO - Iteracja 2: condition_best: Standard_pressure >= 5.30, quality_best: 0.606, coverage_best: (p=110, n=35, P=158, N=864)
2026-04-14 13:10:21,593 - INFO - Regula po iteracji 2: IF Dewpoint <= 35.45 AND Max_wind_speed >= 32.10 AND Standard_pressure >= 5.30 THEN class = {41.67} [36.90, 46.45], (p=110, n=35, P=158, N=864)
2026-04-14 13:10:21,593 - INFO - *****GROWING RR RULE*****
2026-04-14 13:10:22,034 - INFO - Iteracja 0: condition_best: None, quality_best: -inf, coverage_best: (p=0, n=0, P=0, N=0), p_value: 0
2026-04-14 13:10:22,035 - INFO - Regula po iteracji 0: IF  THEN class = {61.52} [46.93, 76.11], (p=594, n=428, P=594, N=428)
2026-04-14 13:10:22,035 - INFO - *****STOP GROWING RR RULE*****
2026-04-14 13:10:22,035 - INFO - ***RR NOT FOUND***
2026-04-14 13:10:22,089 - INFO - Iteracja 3: condition_best: Standard_pressure >= 5.55, quality_best: 0.602, coverage_best: (p=109, n=35, P=158, N=864)
2026-04-14 13:10:22,089 - INFO - Regula po iteracji 3: IF Dewpoint <= 35.45 AND Max_wind_speed >= 32.10 AND Standard_pressure >= 5.30 AND Standard_pressure >= 5.55 THEN class = {41.68} [36.89, 46.47], (p=109, n=35, P=158, N=864)
2026-04-14 13:10:22,090 - INFO - *****GROWING RR RULE*****
2026-04-14 13:10:22,532 - INFO - Iteracja 0: condition_best: None, quality_best: -inf, coverage_best: (p=0, n=0, P=0, N=0), p_value: 0
2026-04-14 13:10:22,533 - INFO - Regula po iteracji 0: IF  THEN class = {61.52} [46.93, 76.11], (p=594, n=428, P=594, N=428)
2026-04-14 13:10:22,533 - INFO - *****STOP GROWING RR RULE*****
2026-04-14 13:10:22,533 - INFO - ***RR NOT FOUND***
2026-04-14 13:10:22,588 - INFO - Iteracja 4: condition_best: Standard_pressure >= 5.65, quality_best: 0.598, coverage_best: (p=108, n=35, P=158, N=864)
2026-04-14 13:10:22,588 - INFO - Regula po iteracji 4: IF Dewpoint <= 35.45 AND Max_wind_speed >= 32.10 AND Standard_pressure >= 5.30 AND Standard_pressure >= 5.55 AND Standard_pressure >= 5.65 THEN class = {41.70} [36.89, 46.50], (p=108, n=35, P=158, N=864)
2026-04-14 13:10:22,588 - INFO - *****GROWING RR RULE*****
2026-04-14 13:10:23,030 - INFO - Iteracja 0: condition_best: None, quality_best: -inf, coverage_best: (p=0, n=0, P=0, N=0), p_value: 0
2026-04-14 13:10:23,030 - INFO - Regula po iteracji 0: IF  THEN class = {61.52} [46.93, 76.11], (p=594, n=428, P=594, N=428)
2026-04-14 13:10:23,030 - INFO - *****STOP GROWING RR RULE*****
2026-04-14 13:10:23,030 - INFO - ***RR NOT FOUND***
2026-04-14 13:10:23,030 - INFO - *******STOP GROWING CR RULE*******
2026-04-14 13:10:23,035 - INFO - *******GROWING CR RULE*******
2026-04-14 13:10:23,336 - INFO - Iteracja 0: condition_best: Max_temperature >= 82.05, quality_best: 0.594, coverage_best: (p=245, n=108, P=247, N=775)
2026-04-14 13:10:23,336 - INFO - Regula po iteracji 0: IF Max_temperature >= 82.05 THEN class = {78.42} [73.59, 83.25], (p=245, n=108, P=247, N=775)
2026-04-14 13:10:23,336 - INFO - *****GROWING RR RULE*****
2026-04-14 13:10:23,793 - INFO - Iteracja 0: condition_best: None, quality_best: -inf, coverage_best: (p=0, n=0, P=0, N=0), p_value: 0
2026-04-14 13:10:23,793 - INFO - Regula po iteracji 0: IF  THEN class = {61.52} [46.93, 76.11], (p=594, n=428, P=594, N=428)
2026-04-14 13:10:23,794 - INFO - *****STOP GROWING RR RULE*****
2026-04-14 13:10:23,794 - INFO - ***RR NOT FOUND***
2026-04-14 13:10:23,888 - INFO - Iteracja 1: condition_best: Min_temperature <= 69.50, quality_best: 0.641, coverage_best: (p=187, n=58, P=223, N=799)
2026-04-14 13:10:23,888 - INFO - Regula po iteracji 1: IF Max_temperature >= 82.05 AND Min_temperature <= 69.50 THEN class = {76.63} [72.15, 81.12], (p=187, n=58, P=223, N=799)
2026-04-14 13:10:23,889 - INFO - *****GROWING RR RULE*****
2026-04-14 13:10:24,340 - INFO - Iteracja 0: condition_best: None, quality_best: -inf, coverage_best: (p=0, n=0, P=0, N=0), p_value: 0
2026-04-14 13:10:24,340 - INFO - Regula po iteracji 0: IF  THEN class = {61.52} [46.93, 76.11], (p=594, n=428, P=594, N=428)
2026-04-14 13:10:24,340 - INFO - *****STOP GROWING RR RULE*****
2026-04-14 13:10:24,340 - INFO - ***RR NOT FOUND***
2026-04-14 13:10:24,413 - INFO - Iteracja 2: condition_best: Sea_level_pressure >= 29.73, quality_best: 0.648, coverage_best: (p=178, n=53, P=215, N=807)
2026-04-14 13:10:24,413 - INFO - Regula po iteracji 2: IF Max_temperature >= 82.05 AND Min_temperature <= 69.50 AND Sea_level_pressure >= 29.73 THEN class = {76.53} [72.15, 80.92], (p=178, n=53, P=215, N=807)
2026-04-14 13:10:24,413 - INFO - *****GROWING RR RULE*****
2026-04-14 13:10:24,865 - INFO - Iteracja 0: condition_best: None, quality_best: -inf, coverage_best: (p=0, n=0, P=0, N=0), p_value: 0
2026-04-14 13:10:24,866 - INFO - Regula po iteracji 0: IF  THEN class = {61.52} [46.93, 76.11], (p=594, n=428, P=594, N=428)
2026-04-14 13:10:24,866 - INFO - *****STOP GROWING RR RULE*****
2026-04-14 13:10:24,866 - INFO - ***RR NOT FOUND***
2026-04-14 13:10:24,933 - INFO - Iteracja 3: condition_best: Sea_level_pressure <= 30.11, quality_best: 0.655, coverage_best: (p=177, n=52, P=212, N=810)
2026-04-14 13:10:24,933 - INFO - Regula po iteracji 3: IF Max_temperature >= 82.05 AND Min_temperature <= 69.50 AND Sea_level_pressure >= 29.73 AND Sea_level_pressure <= 30.11 THEN class = {76.61} [72.30, 80.93], (p=177, n=52, P=212, N=810)
2026-04-14 13:10:24,934 - INFO - *****GROWING RR RULE*****
2026-04-14 13:10:25,385 - INFO - Iteracja 0: condition_best: None, quality_best: -inf, coverage_best: (p=0, n=0, P=0, N=0), p_value: 0
2026-04-14 13:10:25,385 - INFO - Regula po iteracji 0: IF  THEN class = {61.52} [46.93, 76.11], (p=594, n=428, P=594, N=428)
2026-04-14 13:10:25,385 - INFO - *****STOP GROWING RR RULE*****
2026-04-14 13:10:25,385 - INFO - ***RR NOT FOUND***
2026-04-14 13:10:25,452 - INFO - Iteracja 4: condition_best: Dewpoint >= 40.05, quality_best: 0.659, coverage_best: (p=177, n=51, P=212, N=810)
2026-04-14 13:10:25,452 - INFO - Regula po iteracji 4: IF Max_temperature >= 82.05 AND Min_temperature <= 69.50 AND Sea_level_pressure >= 29.73 AND Sea_level_pressure <= 30.11 AND Dewpoint >= 40.05 THEN class = {76.59} [72.28, 80.91], (p=177, n=51, P=212, N=810)
2026-04-14 13:10:25,452 - INFO - *****GROWING RR RULE*****
2026-04-14 13:10:25,904 - INFO - Iteracja 0: condition_best: None, quality_best: -inf, coverage_best: (p=0, n=0, P=0, N=0), p_value: 0
2026-04-14 13:10:25,904 - INFO - Regula po iteracji 0: IF  THEN class = {61.52} [46.93, 76.11], (p=594, n=428, P=594, N=428)
2026-04-14 13:10:25,904 - INFO - *****STOP GROWING RR RULE*****
2026-04-14 13:10:25,904 - INFO - ***RR NOT FOUND***
2026-04-14 13:10:25,904 - INFO - *******STOP GROWING CR RULE*******
2026-04-14 13:10:25,909 - INFO - *******GROWING CR RULE*******
2026-04-14 13:10:26,200 - INFO - Iteracja 0: condition_best: Max_temperature >= 82.05, quality_best: 0.594, coverage_best: (p=245, n=108, P=247, N=775)
2026-04-14 13:10:26,201 - INFO - Regula po iteracji 0: IF Max_temperature >= 82.05 THEN class = {78.42} [73.59, 83.25], (p=245, n=108, P=247, N=775)
2026-04-14 13:10:26,201 - INFO - *****GROWING RR RULE*****
2026-04-14 13:10:26,658 - INFO - Iteracja 0: condition_best: None, quality_best: -inf, coverage_best: (p=0, n=0, P=0, N=0), p_value: 0
2026-04-14 13:10:26,658 - INFO - Regula po iteracji 0: IF  THEN class = {61.52} [46.93, 76.11], (p=594, n=428, P=594, N=428)
2026-04-14 13:10:26,658 - INFO - *****STOP GROWING RR RULE*****
2026-04-14 13:10:26,658 - INFO - ***RR NOT FOUND***
2026-04-14 13:10:26,745 - INFO - Iteracja 1: condition_best: Min_temperature <= 69.50, quality_best: 0.641, coverage_best: (p=187, n=58, P=223, N=799)
2026-04-14 13:10:26,745 - INFO - Regula po iteracji 1: IF Max_temperature >= 82.05 AND Min_temperature <= 69.50 THEN class = {76.63} [72.15, 81.12], (p=187, n=58, P=223, N=799)
2026-04-14 13:10:26,745 - INFO - *****GROWING RR RULE*****
2026-04-14 13:10:27,198 - INFO - Iteracja 0: condition_best: None, quality_best: -inf, coverage_best: (p=0, n=0, P=0, N=0), p_value: 0
2026-04-14 13:10:27,198 - INFO - Regula po iteracji 0: IF  THEN class = {61.52} [46.93, 76.11], (p=594, n=428, P=594, N=428)
2026-04-14 13:10:27,198 - INFO - *****STOP GROWING RR RULE*****
2026-04-14 13:10:27,198 - INFO - ***RR NOT FOUND***
2026-04-14 13:10:27,264 - INFO - Iteracja 2: condition_best: Sea_level_pressure <= 30.11, quality_best: 0.647, coverage_best: (p=186, n=57, P=220, N=802)
2026-04-14 13:10:27,264 - INFO - Regula po iteracji 2: IF Max_temperature >= 82.05 AND Min_temperature <= 69.50 AND Sea_level_pressure <= 30.11 THEN class = {76.71} [72.29, 81.13], (p=186, n=57, P=220, N=802)
2026-04-14 13:10:27,265 - INFO - *****GROWING RR RULE*****
2026-04-14 13:10:27,716 - INFO - Iteracja 0: condition_best: None, quality_best: -inf, coverage_best: (p=0, n=0, P=0, N=0), p_value: 0
2026-04-14 13:10:27,716 - INFO - Regula po iteracji 0: IF  THEN class = {61.52} [46.93, 76.11], (p=594, n=428, P=594, N=428)
2026-04-14 13:10:27,716 - INFO - *****STOP GROWING RR RULE*****
2026-04-14 13:10:27,716 - INFO - ***RR NOT FOUND***
2026-04-14 13:10:27,782 - INFO - Iteracja 3: condition_best: Max_temperature <= 103.00, quality_best: 0.652, coverage_best: (p=183, n=57, P=212, N=810)
2026-04-14 13:10:27,782 - INFO - Regula po iteracji 3: IF Max_temperature >= 82.05 AND Min_temperature <= 69.50 AND Sea_level_pressure <= 30.11 AND Max_temperature <= 103.00 THEN class = {76.59} [72.27, 80.92], (p=183, n=57, P=212, N=810)
2026-04-14 13:10:27,782 - INFO - *****GROWING RR RULE*****
2026-04-14 13:10:28,235 - INFO - Iteracja 0: condition_best: None, quality_best: -inf, coverage_best: (p=0, n=0, P=0, N=0), p_value: 0
2026-04-14 13:10:28,235 - INFO - Regula po iteracji 0: IF  THEN class = {61.52} [46.93, 76.11], (p=594, n=428, P=594, N=428)
2026-04-14 13:10:28,235 - INFO - *****STOP GROWING RR RULE*****
2026-04-14 13:10:28,235 - INFO - ***RR NOT FOUND***
2026-04-14 13:10:28,300 - INFO - Iteracja 4: condition_best: Dewpoint >= 41.20, quality_best: 0.657, coverage_best: (p=182, n=55, P=212, N=810)
2026-04-14 13:10:28,300 - INFO - Regula po iteracji 4: IF Max_temperature >= 82.05 AND Min_temperature <= 69.50 AND Sea_level_pressure <= 30.11 AND Max_temperature <= 103.00 AND Dewpoint >= 41.20 THEN class = {76.60} [72.27, 80.93], (p=182, n=55, P=212, N=810)
2026-04-14 13:10:28,301 - INFO - *****GROWING RR RULE*****
2026-04-14 13:10:28,752 - INFO - Iteracja 0: condition_best: None, quality_best: -inf, coverage_best: (p=0, n=0, P=0, N=0), p_value: 0
2026-04-14 13:10:28,752 - INFO - Regula po iteracji 0: IF  THEN class = {61.52} [46.93, 76.11], (p=594, n=428, P=594, N=428)
2026-04-14 13:10:28,752 - INFO - *****STOP GROWING RR RULE*****
2026-04-14 13:10:28,753 - INFO - ***RR NOT FOUND***
2026-04-14 13:10:28,753 - INFO - *******STOP GROWING CR RULE*******
2026-04-14 13:10:28,756 - INFO - *******GROWING CR RULE*******
2026-04-14 13:10:29,047 - INFO - Iteracja 0: condition_best: Max_temperature >= 82.05, quality_best: 0.594, coverage_best: (p=245, n=108, P=247, N=775)
2026-04-14 13:10:29,047 - INFO - Regula po iteracji 0: IF Max_temperature >= 82.05 THEN class = {78.42} [73.59, 83.25], (p=245, n=108, P=247, N=775)
2026-04-14 13:10:29,048 - INFO - *****GROWING RR RULE*****
2026-04-14 13:10:29,507 - INFO - Iteracja 0: condition_best: None, quality_best: -inf, coverage_best: (p=0, n=0, P=0, N=0), p_value: 0
2026-04-14 13:10:29,507 - INFO - Regula po iteracji 0: IF  THEN class = {61.52} [46.93, 76.11], (p=594, n=428, P=594, N=428)
2026-04-14 13:10:29,507 - INFO - *****STOP GROWING RR RULE*****
2026-04-14 13:10:29,507 - INFO - ***RR NOT FOUND***
2026-04-14 13:10:29,593 - INFO - Iteracja 1: condition_best: Min_temperature <= 69.70, quality_best: 0.641, coverage_best: (p=189, n=61, P=220, N=802)
2026-04-14 13:10:29,594 - INFO - Regula po iteracji 1: IF Max_temperature >= 82.05 AND Min_temperature <= 69.70 THEN class = {76.70} [72.23, 81.17], (p=189, n=61, P=220, N=802)
2026-04-14 13:10:29,594 - INFO - *****GROWING RR RULE*****
2026-04-14 13:10:30,046 - INFO - Iteracja 0: condition_best: None, quality_best: -inf, coverage_best: (p=0, n=0, P=0, N=0), p_value: 0
2026-04-14 13:10:30,047 - INFO - Regula po iteracji 0: IF  THEN class = {61.52} [46.93, 76.11], (p=594, n=428, P=594, N=428)
2026-04-14 13:10:30,047 - INFO - *****STOP GROWING RR RULE*****
2026-04-14 13:10:30,047 - INFO - ***RR NOT FOUND***
2026-04-14 13:10:30,113 - INFO - Iteracja 2: condition_best: Max_temperature <= 98.70, quality_best: 0.649, coverage_best: (p=180, n=58, P=207, N=815)
2026-04-14 13:10:30,113 - INFO - Regula po iteracji 2: IF Max_temperature >= 82.05 AND Min_temperature <= 69.70 AND Max_temperature <= 98.70 THEN class = {76.31} [72.11, 80.51], (p=180, n=58, P=207, N=815)
2026-04-14 13:10:30,114 - INFO - *****GROWING RR RULE*****
2026-04-14 13:10:30,565 - INFO - Iteracja 0: condition_best: None, quality_best: -inf, coverage_best: (p=0, n=0, P=0, N=0), p_value: 0
2026-04-14 13:10:30,565 - INFO - Regula po iteracji 0: IF  THEN class = {61.52} [46.93, 76.11], (p=594, n=428, P=594, N=428)
2026-04-14 13:10:30,565 - INFO - *****STOP GROWING RR RULE*****
2026-04-14 13:10:30,565 - INFO - ***RR NOT FOUND***
2026-04-14 13:10:30,630 - INFO - Iteracja 3: condition_best: Visibility >= 3.69, quality_best: 0.657, coverage_best: (p=180, n=56, P=207, N=815)
2026-04-14 13:10:30,631 - INFO - Regula po iteracji 3: IF Max_temperature >= 82.05 AND Min_temperature <= 69.70 AND Max_temperature <= 98.70 AND Visibility >= 3.69 THEN class = {76.37} [72.19, 80.54], (p=180, n=56, P=207, N=815)
2026-04-14 13:10:30,631 - INFO - *****GROWING RR RULE*****
2026-04-14 13:10:31,082 - INFO - Iteracja 0: condition_best: None, quality_best: -inf, coverage_best: (p=0, n=0, P=0, N=0), p_value: 0
2026-04-14 13:10:31,082 - INFO - Regula po iteracji 0: IF  THEN class = {61.52} [46.93, 76.11], (p=594, n=428, P=594, N=428)
2026-04-14 13:10:31,082 - INFO - *****STOP GROWING RR RULE*****
2026-04-14 13:10:31,082 - INFO - ***RR NOT FOUND***
2026-04-14 13:10:31,147 - INFO - Iteracja 4: condition_best: Standard_pressure >= 6.45, quality_best: 0.661, coverage_best: (p=177, n=53, P=206, N=816)
2026-04-14 13:10:31,147 - INFO - Regula po iteracji 4: IF Max_temperature >= 82.05 AND Min_temperature <= 69.70 AND Max_temperature <= 98.70 AND Visibility >= 3.69 AND Standard_pressure >= 6.45 THEN class = {76.45} [72.29, 80.62], (p=177, n=53, P=206, N=816)
2026-04-14 13:10:31,148 - INFO - *****GROWING RR RULE*****
2026-04-14 13:10:31,598 - INFO - Iteracja 0: condition_best: None, quality_best: -inf, coverage_best: (p=0, n=0, P=0, N=0), p_value: 0
2026-04-14 13:10:31,599 - INFO - Regula po iteracji 0: IF  THEN class = {61.52} [46.93, 76.11], (p=594, n=428, P=594, N=428)
2026-04-14 13:10:31,599 - INFO - *****STOP GROWING RR RULE*****
2026-04-14 13:10:31,599 - INFO - ***RR NOT FOUND***
2026-04-14 13:10:31,599 - INFO - *******STOP GROWING CR RULE*******
2026-04-14 13:10:31,603 - INFO - *******GROWING CR RULE*******
2026-04-14 13:10:31,894 - INFO - Iteracja 0: condition_best: Max_temperature >= 82.05, quality_best: 0.594, coverage_best: (p=245, n=108, P=247, N=775)
2026-04-14 13:10:31,894 - INFO - Regula po iteracji 0: IF Max_temperature >= 82.05 THEN class = {78.42} [73.59, 83.25], (p=245, n=108, P=247, N=775)
2026-04-14 13:10:31,895 - INFO - *****GROWING RR RULE*****
2026-04-14 13:10:32,351 - INFO - Iteracja 0: condition_best: None, quality_best: -inf, coverage_best: (p=0, n=0, P=0, N=0), p_value: 0
2026-04-14 13:10:32,351 - INFO - Regula po iteracji 0: IF  THEN class = {61.52} [46.93, 76.11], (p=594, n=428, P=594, N=428)
2026-04-14 13:10:32,351 - INFO - *****STOP GROWING RR RULE*****
2026-04-14 13:10:32,351 - INFO - ***RR NOT FOUND***
2026-04-14 13:10:32,437 - INFO - Iteracja 1: condition_best: Max_temperature <= 91.85, quality_best: 0.64, coverage_best: (p=156, n=55, P=179, N=843)
2026-04-14 13:10:32,437 - INFO - Regula po iteracji 1: IF Max_temperature >= 82.05 AND Max_temperature <= 91.85 THEN class = {75.62} [71.77, 79.47], (p=156, n=55, P=179, N=843)
2026-04-14 13:10:32,438 - INFO - *****GROWING RR RULE*****
2026-04-14 13:10:32,887 - INFO - Iteracja 0: condition_best: None, quality_best: -inf, coverage_best: (p=0, n=0, P=0, N=0), p_value: 0
2026-04-14 13:10:32,887 - INFO - Regula po iteracji 0: IF  THEN class = {61.52} [46.93, 76.11], (p=594, n=428, P=594, N=428)
2026-04-14 13:10:32,887 - INFO - *****STOP GROWING RR RULE*****
2026-04-14 13:10:32,888 - INFO - ***RR NOT FOUND***
2026-04-14 13:10:32,948 - INFO - Iteracja 2: condition_best: Visibility >= 4.66, quality_best: 0.659, coverage_best: (p=153, n=50, P=175, N=847)
2026-04-14 13:10:32,948 - INFO - Regula po iteracji 2: IF Max_temperature >= 82.05 AND Max_temperature <= 91.85 AND Visibility >= 4.66 THEN class = {75.87} [72.21, 79.53], (p=153, n=50, P=175, N=847)
2026-04-14 13:10:32,948 - INFO - *****GROWING RR RULE*****
2026-04-14 13:10:33,397 - INFO - Iteracja 0: condition_best: None, quality_best: -inf, coverage_best: (p=0, n=0, P=0, N=0), p_value: 0
2026-04-14 13:10:33,398 - INFO - Regula po iteracji 0: IF  THEN class = {61.52} [46.93, 76.11], (p=594, n=428, P=594, N=428)
2026-04-14 13:10:33,398 - INFO - *****STOP GROWING RR RULE*****
2026-04-14 13:10:33,398 - INFO - ***RR NOT FOUND***
2026-04-14 13:10:33,455 - INFO - Iteracja 3: condition_best: Min_temperature <= 72.75, quality_best: 0.673, coverage_best: (p=154, n=46, P=178, N=844)
2026-04-14 13:10:33,455 - INFO - Regula po iteracji 3: IF Max_temperature >= 82.05 AND Max_temperature <= 91.85 AND Visibility >= 4.66 AND Min_temperature <= 72.75 THEN class = {75.78} [72.16, 79.41], (p=154, n=46, P=178, N=844)
2026-04-14 13:10:33,455 - INFO - *****GROWING RR RULE*****
2026-04-14 13:10:33,904 - INFO - Iteracja 0: condition_best: None, quality_best: -inf, coverage_best: (p=0, n=0, P=0, N=0), p_value: 0
2026-04-14 13:10:33,904 - INFO - Regula po iteracji 0: IF  THEN class = {61.52} [46.93, 76.11], (p=594, n=428, P=594, N=428)
2026-04-14 13:10:33,904 - INFO - *****STOP GROWING RR RULE*****
2026-04-14 13:10:33,904 - INFO - ***RR NOT FOUND***
2026-04-14 13:10:33,961 - INFO - Iteracja 4: condition_best: Dewpoint >= 41.20, quality_best: 0.678, coverage_best: (p=153, n=44, P=178, N=844)
2026-04-14 13:10:33,961 - INFO - Regula po iteracji 4: IF Max_temperature >= 82.05 AND Max_temperature <= 91.85 AND Visibility >= 4.66 AND Min_temperature <= 72.75 AND Dewpoint >= 41.20 THEN class = {75.78} [72.17, 79.40], (p=153, n=44, P=178, N=844)
2026-04-14 13:10:33,962 - INFO - *****GROWING RR RULE*****
2026-04-14 13:10:34,411 - INFO - Iteracja 0: condition_best: None, quality_best: -inf, coverage_best: (p=0, n=0, P=0, N=0), p_value: 0
2026-04-14 13:10:34,412 - INFO - Regula po iteracji 0: IF  THEN class = {61.52} [46.93, 76.11], (p=594, n=428, P=594, N=428)
2026-04-14 13:10:34,412 - INFO - *****STOP GROWING RR RULE*****
2026-04-14 13:10:34,412 - INFO - ***RR NOT FOUND***
2026-04-14 13:10:34,412 - INFO - *******STOP GROWING CR RULE*******
2026-04-14 13:10:34,416 - INFO - *******GROWING CR RULE*******
2026-04-14 13:10:34,704 - INFO - Iteracja 0: condition_best: Max_temperature >= 81.05, quality_best: 0.594, coverage_best: (p=250, n=110, P=251, N=771)
2026-04-14 13:10:34,704 - INFO - Regula po iteracji 0: IF Max_temperature >= 81.05 THEN class = {78.26} [73.31, 83.20], (p=250, n=110, P=251, N=771)
2026-04-14 13:10:34,705 - INFO - *****GROWING RR RULE*****
2026-04-14 13:10:35,162 - INFO - Iteracja 0: condition_best: None, quality_best: -inf, coverage_best: (p=0, n=0, P=0, N=0), p_value: 0
2026-04-14 13:10:35,162 - INFO - Regula po iteracji 0: IF  THEN class = {61.52} [46.93, 76.11], (p=594, n=428, P=594, N=428)
2026-04-14 13:10:35,162 - INFO - *****STOP GROWING RR RULE*****
2026-04-14 13:10:35,162 - INFO - ***RR NOT FOUND***
2026-04-14 13:10:35,249 - INFO - Iteracja 1: condition_best: Min_temperature <= 70.35, quality_best: 0.647, coverage_best: (p=208, n=72, P=224, N=798)
2026-04-14 13:10:35,249 - INFO - Regula po iteracji 1: IF Max_temperature >= 81.05 AND Min_temperature <= 70.35 THEN class = {76.84} [72.26, 81.42], (p=208, n=72, P=224, N=798)
2026-04-14 13:10:35,249 - INFO - *****GROWING RR RULE*****
2026-04-14 13:10:35,706 - INFO - Iteracja 0: condition_best: None, quality_best: -inf, coverage_best: (p=0, n=0, P=0, N=0), p_value: 0
2026-04-14 13:10:35,706 - INFO - Regula po iteracji 0: IF  THEN class = {61.52} [46.93, 76.11], (p=594, n=428, P=594, N=428)
2026-04-14 13:10:35,706 - INFO - *****STOP GROWING RR RULE*****
2026-04-14 13:10:35,707 - INFO - ***RR NOT FOUND***
2026-04-14 13:10:35,779 - INFO - Iteracja 2: condition_best: Sea_level_pressure >= 29.73, quality_best: 0.658, coverage_best: (p=200, n=64, P=221, N=801)
2026-04-14 13:10:35,779 - INFO - Regula po iteracji 2: IF Max_temperature >= 81.05 AND Min_temperature <= 70.35 AND Sea_level_pressure >= 29.73 THEN class = {76.72} [72.23, 81.20], (p=200, n=64, P=221, N=801)
2026-04-14 13:10:35,780 - INFO - *****GROWING RR RULE*****
2026-04-14 13:10:36,235 - INFO - Iteracja 0: condition_best: None, quality_best: -inf, coverage_best: (p=0, n=0, P=0, N=0), p_value: 0
2026-04-14 13:10:36,235 - INFO - Regula po iteracji 0: IF  THEN class = {61.52} [46.93, 76.11], (p=594, n=428, P=594, N=428)
2026-04-14 13:10:36,235 - INFO - *****STOP GROWING RR RULE*****
2026-04-14 13:10:36,235 - INFO - ***RR NOT FOUND***
2026-04-14 13:10:36,305 - INFO - Iteracja 3: condition_best: Dewpoint >= 38.00, quality_best: 0.661, coverage_best: (p=200, n=63, P=221, N=801)
2026-04-14 13:10:36,305 - INFO - Regula po iteracji 3: IF Max_temperature >= 81.05 AND Min_temperature <= 70.35 AND Sea_level_pressure >= 29.73 AND Dewpoint >= 38.00 THEN class = {76.74} [72.26, 81.22], (p=200, n=63, P=221, N=801)
2026-04-14 13:10:36,305 - INFO - *****GROWING RR RULE*****
2026-04-14 13:10:36,758 - INFO - Iteracja 0: condition_best: None, quality_best: -inf, coverage_best: (p=0, n=0, P=0, N=0), p_value: 0
2026-04-14 13:10:36,758 - INFO - Regula po iteracji 0: IF  THEN class = {61.52} [46.93, 76.11], (p=594, n=428, P=594, N=428)
2026-04-14 13:10:36,758 - INFO - *****STOP GROWING RR RULE*****
2026-04-14 13:10:36,758 - INFO - ***RR NOT FOUND***
2026-04-14 13:10:36,828 - INFO - Iteracja 4: condition_best: Visibility >= 2.88, quality_best: 0.665, coverage_best: (p=200, n=62, P=221, N=801)
2026-04-14 13:10:36,828 - INFO - Regula po iteracji 4: IF Max_temperature >= 81.05 AND Min_temperature <= 70.35 AND Sea_level_pressure >= 29.73 AND Dewpoint >= 38.00 AND Visibility >= 2.88 THEN class = {76.76} [72.29, 81.23], (p=200, n=62, P=221, N=801)
2026-04-14 13:10:36,828 - INFO - *****GROWING RR RULE*****
2026-04-14 13:10:37,279 - INFO - Iteracja 0: condition_best: None, quality_best: -inf, coverage_best: (p=0, n=0, P=0, N=0), p_value: 0
2026-04-14 13:10:37,279 - INFO - Regula po iteracji 0: IF  THEN class = {61.52} [46.93, 76.11], (p=594, n=428, P=594, N=428)
2026-04-14 13:10:37,279 - INFO - *****STOP GROWING RR RULE*****
2026-04-14 13:10:37,279 - INFO - ***RR NOT FOUND***
2026-04-14 13:10:37,279 - INFO - *******STOP GROWING CR RULE*******
2026-04-14 13:10:37,283 - INFO - *******GROWING CR RULE*******
2026-04-14 13:10:37,572 - INFO - Iteracja 0: condition_best: Min_temperature >= 57.30, quality_best: 0.588, coverage_best: (p=248, n=108, P=255, N=767)
2026-04-14 13:10:37,572 - INFO - Regula po iteracji 0: IF Min_temperature >= 57.30 THEN class = {78.19} [73.10, 83.28], (p=248, n=108, P=255, N=767)
2026-04-14 13:10:37,572 - INFO - *****GROWING RR RULE*****
2026-04-14 13:10:38,029 - INFO - Iteracja 0: condition_best: None, quality_best: -inf, coverage_best: (p=0, n=0, P=0, N=0), p_value: 0
2026-04-14 13:10:38,030 - INFO - Regula po iteracji 0: IF  THEN class = {61.52} [46.93, 76.11], (p=594, n=428, P=594, N=428)
2026-04-14 13:10:38,030 - INFO - *****STOP GROWING RR RULE*****
2026-04-14 13:10:38,030 - INFO - ***RR NOT FOUND***
2026-04-14 13:10:38,118 - INFO - Iteracja 1: condition_best: Min_temperature <= 73.10, quality_best: 0.608, coverage_best: (p=229, n=92, P=242, N=780)
2026-04-14 13:10:38,118 - INFO - Regula po iteracji 1: IF Min_temperature >= 57.30 AND Min_temperature <= 73.10 THEN class = {77.50} [72.66, 82.34], (p=229, n=92, P=242, N=780)
2026-04-14 13:10:38,118 - INFO - *****GROWING RR RULE*****
2026-04-14 13:10:38,573 - INFO - Iteracja 0: condition_best: None, quality_best: -inf, coverage_best: (p=0, n=0, P=0, N=0), p_value: 0
2026-04-14 13:10:38,573 - INFO - Regula po iteracji 0: IF  THEN class = {61.52} [46.93, 76.11], (p=594, n=428, P=594, N=428)
2026-04-14 13:10:38,574 - INFO - *****STOP GROWING RR RULE*****
2026-04-14 13:10:38,574 - INFO - ***RR NOT FOUND***
2026-04-14 13:10:38,653 - INFO - Iteracja 2: condition_best: Wind_speed <= 48.80, quality_best: 0.613, coverage_best: (p=229, n=90, P=242, N=780)
2026-04-14 13:10:38,653 - INFO - Regula po iteracji 2: IF Min_temperature >= 57.30 AND Min_temperature <= 73.10 AND Wind_speed <= 48.80 THEN class = {77.50} [72.67, 82.32], (p=229, n=90, P=242, N=780)
2026-04-14 13:10:38,654 - INFO - *****GROWING RR RULE*****
2026-04-14 13:10:39,108 - INFO - Iteracja 0: condition_best: None, quality_best: -inf, coverage_best: (p=0, n=0, P=0, N=0), p_value: 0
2026-04-14 13:10:39,108 - INFO - Regula po iteracji 0: IF  THEN class = {61.52} [46.93, 76.11], (p=594, n=428, P=594, N=428)
2026-04-14 13:10:39,108 - INFO - *****STOP GROWING RR RULE*****
2026-04-14 13:10:39,108 - INFO - ***RR NOT FOUND***
2026-04-14 13:10:39,187 - INFO - Iteracja 3: condition_best: Precipitation <= 0.85, quality_best: 0.618, coverage_best: (p=228, n=88, P=241, N=781)
2026-04-14 13:10:39,187 - INFO - Regula po iteracji 3: IF Min_temperature >= 57.30 AND Min_temperature <= 73.10 AND Wind_speed <= 48.80 AND Precipitation <= 0.85 THEN class = {77.54} [72.76, 82.32], (p=228, n=88, P=241, N=781)
2026-04-14 13:10:39,187 - INFO - *****GROWING RR RULE*****
2026-04-14 13:10:39,641 - INFO - Iteracja 0: condition_best: None, quality_best: -inf, coverage_best: (p=0, n=0, P=0, N=0), p_value: 0
2026-04-14 13:10:39,641 - INFO - Regula po iteracji 0: IF  THEN class = {61.52} [46.93, 76.11], (p=594, n=428, P=594, N=428)
2026-04-14 13:10:39,641 - INFO - *****STOP GROWING RR RULE*****
2026-04-14 13:10:39,641 - INFO - ***RR NOT FOUND***
2026-04-14 13:10:39,721 - INFO - Iteracja 4: condition_best: Dewpoint >= 38.00, quality_best: 0.621, coverage_best: (p=228, n=87, P=241, N=781)
2026-04-14 13:10:39,721 - INFO - Regula po iteracji 4: IF Min_temperature >= 57.30 AND Min_temperature <= 73.10 AND Wind_speed <= 48.80 AND Precipitation <= 0.85 AND Dewpoint >= 38.00 THEN class = {77.56} [72.79, 82.34], (p=228, n=87, P=241, N=781)
2026-04-14 13:10:39,721 - INFO - *****GROWING RR RULE*****
2026-04-14 13:10:40,175 - INFO - Iteracja 0: condition_best: None, quality_best: -inf, coverage_best: (p=0, n=0, P=0, N=0), p_value: 0
2026-04-14 13:10:40,175 - INFO - Regula po iteracji 0: IF  THEN class = {61.52} [46.93, 76.11], (p=594, n=428, P=594, N=428)
2026-04-14 13:10:40,175 - INFO - *****STOP GROWING RR RULE*****
2026-04-14 13:10:40,175 - INFO - ***RR NOT FOUND***
2026-04-14 13:10:40,176 - INFO - *******STOP GROWING CR RULE*******
2026-04-14 13:10:40,179 - INFO - *******GROWING CR RULE*******
2026-04-14 13:10:40,466 - INFO - Iteracja 0: condition_best: Dewpoint <= 35.75, quality_best: 0.587, coverage_best: (p=115, n=42, P=160, N=862)
2026-04-14 13:10:40,466 - INFO - Regula po iteracji 0: IF Dewpoint <= 35.75 THEN class = {41.92} [37.08, 46.75], (p=115, n=42, P=160, N=862)
2026-04-14 13:10:40,466 - INFO - *****GROWING RR RULE*****
2026-04-14 13:10:40,911 - INFO - Iteracja 0: condition_best: None, quality_best: -inf, coverage_best: (p=0, n=0, P=0, N=0), p_value: 0
2026-04-14 13:10:40,911 - INFO - Regula po iteracji 0: IF  THEN class = {61.52} [46.93, 76.11], (p=594, n=428, P=594, N=428)
2026-04-14 13:10:40,912 - INFO - *****STOP GROWING RR RULE*****
2026-04-14 13:10:40,912 - INFO - ***RR NOT FOUND***
2026-04-14 13:10:40,969 - INFO - Iteracja 1: condition_best: Sea_level_pressure >= 29.75, quality_best: 0.593, coverage_best: (p=112, n=43, P=148, N=874)
2026-04-14 13:10:40,969 - INFO - Regula po iteracji 1: IF Dewpoint <= 35.75 AND Sea_level_pressure >= 29.75 THEN class = {41.79} [37.36, 46.22], (p=112, n=43, P=148, N=874)
2026-04-14 13:10:40,969 - INFO - *****GROWING RR RULE*****
2026-04-14 13:10:41,413 - INFO - Iteracja 0: condition_best: None, quality_best: -inf, coverage_best: (p=0, n=0, P=0, N=0), p_value: 0
2026-04-14 13:10:41,413 - INFO - Regula po iteracji 0: IF  THEN class = {61.52} [46.93, 76.11], (p=594, n=428, P=594, N=428)
2026-04-14 13:10:41,413 - INFO - *****STOP GROWING RR RULE*****
2026-04-14 13:10:41,413 - INFO - ***RR NOT FOUND***
2026-04-14 13:10:41,470 - INFO - Iteracja 2: condition_best: Visibility <= 26.75, quality_best: 0.594, coverage_best: (p=111, n=42, P=148, N=874)
2026-04-14 13:10:41,470 - INFO - Regula po iteracji 2: IF Dewpoint <= 35.75 AND Sea_level_pressure >= 29.75 AND Visibility <= 26.75 THEN class = {41.81} [37.39, 46.23], (p=111, n=42, P=148, N=874)
2026-04-14 13:10:41,471 - INFO - *****GROWING RR RULE*****
2026-04-14 13:10:41,915 - INFO - Iteracja 0: condition_best: None, quality_best: -inf, coverage_best: (p=0, n=0, P=0, N=0), p_value: 0
2026-04-14 13:10:41,915 - INFO - Regula po iteracji 0: IF  THEN class = {61.52} [46.93, 76.11], (p=594, n=428, P=594, N=428)
2026-04-14 13:10:41,915 - INFO - *****STOP GROWING RR RULE*****
2026-04-14 13:10:41,915 - INFO - ***RR NOT FOUND***
2026-04-14 13:10:41,972 - INFO - Iteracja 3: condition_best: Sea_level_pressure >= 29.77, quality_best: 0.59, coverage_best: (p=110, n=42, P=148, N=874)
2026-04-14 13:10:41,973 - INFO - Regula po iteracji 3: IF Dewpoint <= 35.75 AND Sea_level_pressure >= 29.75 AND Visibility <= 26.75 AND Sea_level_pressure >= 29.77 THEN class = {41.81} [37.38, 46.25], (p=110, n=42, P=148, N=874)
2026-04-14 13:10:41,973 - INFO - *****GROWING RR RULE*****
2026-04-14 13:10:42,417 - INFO - Iteracja 0: condition_best: None, quality_best: -inf, coverage_best: (p=0, n=0, P=0, N=0), p_value: 0
2026-04-14 13:10:42,417 - INFO - Regula po iteracji 0: IF  THEN class = {61.52} [46.93, 76.11], (p=594, n=428, P=594, N=428)
2026-04-14 13:10:42,417 - INFO - *****STOP GROWING RR RULE*****
2026-04-14 13:10:42,417 - INFO - ***RR NOT FOUND***
2026-04-14 13:10:42,474 - INFO - Iteracja 4: condition_best: Standard_pressure <= 7.95, quality_best: 0.591, coverage_best: (p=109, n=41, P=148, N=874)
2026-04-14 13:10:42,474 - INFO - Regula po iteracji 4: IF Dewpoint <= 35.75 AND Sea_level_pressure >= 29.75 AND Visibility <= 26.75 AND Sea_level_pressure >= 29.77 AND Standard_pressure <= 7.95 THEN class = {41.79} [37.38, 46.21], (p=109, n=41, P=148, N=874)
2026-04-14 13:10:42,474 - INFO - *****GROWING RR RULE*****
2026-04-14 13:10:42,917 - INFO - Iteracja 0: condition_best: None, quality_best: -inf, coverage_best: (p=0, n=0, P=0, N=0), p_value: 0
2026-04-14 13:10:42,917 - INFO - Regula po iteracji 0: IF  THEN class = {61.52} [46.93, 76.11], (p=594, n=428, P=594, N=428)
2026-04-14 13:10:42,917 - INFO - *****STOP GROWING RR RULE*****
2026-04-14 13:10:42,917 - INFO - ***RR NOT FOUND***
2026-04-14 13:10:42,917 - INFO - *******STOP GROWING CR RULE*******
2026-04-14 13:10:42,921 - INFO - *******GROWING CR RULE*******
2026-04-14 13:10:43,208 - INFO - Iteracja 0: condition_best: Max_temperature >= 80.70, quality_best: 0.582, coverage_best: (p=252, n=115, P=253, N=769)
2026-04-14 13:10:43,208 - INFO - Regula po iteracji 0: IF Max_temperature >= 80.70 THEN class = {78.06} [72.95, 83.17], (p=252, n=115, P=253, N=769)
2026-04-14 13:10:43,209 - INFO - *****GROWING RR RULE*****
2026-04-14 13:10:43,665 - INFO - Iteracja 0: condition_best: None, quality_best: -inf, coverage_best: (p=0, n=0, P=0, N=0), p_value: 0
2026-04-14 13:10:43,666 - INFO - Regula po iteracji 0: IF  THEN class = {61.52} [46.93, 76.11], (p=594, n=428, P=594, N=428)
2026-04-14 13:10:43,666 - INFO - *****STOP GROWING RR RULE*****
2026-04-14 13:10:43,666 - INFO - ***RR NOT FOUND***
2026-04-14 13:10:43,754 - INFO - Iteracja 1: condition_best: Min_temperature <= 70.60, quality_best: 0.635, coverage_best: (p=213, n=78, P=227, N=795)
2026-04-14 13:10:43,754 - INFO - Regula po iteracji 1: IF Max_temperature >= 80.70 AND Min_temperature <= 70.60 THEN class = {76.68} [71.95, 81.40], (p=213, n=78, P=227, N=795)
2026-04-14 13:10:43,754 - INFO - *****GROWING RR RULE*****
2026-04-14 13:10:44,210 - INFO - Iteracja 0: condition_best: None, quality_best: -inf, coverage_best: (p=0, n=0, P=0, N=0), p_value: 0
2026-04-14 13:10:44,210 - INFO - Regula po iteracji 0: IF  THEN class = {61.52} [46.93, 76.11], (p=594, n=428, P=594, N=428)
2026-04-14 13:10:44,211 - INFO - *****STOP GROWING RR RULE*****
2026-04-14 13:10:44,211 - INFO - ***RR NOT FOUND***
2026-04-14 13:10:44,284 - INFO - Iteracja 2: condition_best: Wind_speed >= 12.55, quality_best: 0.649, coverage_best: (p=209, n=72, P=224, N=798)
2026-04-14 13:10:44,284 - INFO - Regula po iteracji 2: IF Max_temperature >= 80.70 AND Min_temperature <= 70.60 AND Wind_speed >= 12.55 THEN class = {76.77} [72.22, 81.33], (p=209, n=72, P=224, N=798)
2026-04-14 13:10:44,285 - INFO - *****GROWING RR RULE*****
2026-04-14 13:10:44,738 - INFO - Iteracja 0: condition_best: None, quality_best: -inf, coverage_best: (p=0, n=0, P=0, N=0), p_value: 0
2026-04-14 13:10:44,738 - INFO - Regula po iteracji 0: IF  THEN class = {61.52} [46.93, 76.11], (p=594, n=428, P=594, N=428)
2026-04-14 13:10:44,738 - INFO - *****STOP GROWING RR RULE*****
2026-04-14 13:10:44,738 - INFO - ***RR NOT FOUND***
2026-04-14 13:10:44,810 - INFO - Iteracja 3: condition_best: Precipitation <= 0.20, quality_best: 0.657, coverage_best: (p=210, n=69, P=227, N=795)
2026-04-14 13:10:44,810 - INFO - Regula po iteracji 3: IF Max_temperature >= 80.70 AND Min_temperature <= 70.60 AND Wind_speed >= 12.55 AND Precipitation <= 0.20 THEN class = {76.75} [72.19, 81.31], (p=210, n=69, P=227, N=795)
2026-04-14 13:10:44,810 - INFO - *****GROWING RR RULE*****
2026-04-14 13:10:45,265 - INFO - Iteracja 0: condition_best: None, quality_best: -inf, coverage_best: (p=0, n=0, P=0, N=0), p_value: 0
2026-04-14 13:10:45,266 - INFO - Regula po iteracji 0: IF  THEN class = {61.52} [46.93, 76.11], (p=594, n=428, P=594, N=428)
2026-04-14 13:10:45,266 - INFO - *****STOP GROWING RR RULE*****
2026-04-14 13:10:45,266 - INFO - ***RR NOT FOUND***
2026-04-14 13:10:45,338 - INFO - Iteracja 4: condition_best: Max_temperature <= 98.35, quality_best: 0.655, coverage_best: (p=200, n=69, P=213, N=809)
2026-04-14 13:10:45,338 - INFO - Regula po iteracji 4: IF Max_temperature >= 80.70 AND Min_temperature <= 70.60 AND Wind_speed >= 12.55 AND Precipitation <= 0.20 AND Max_temperature <= 98.35 THEN class = {76.45} [72.10, 80.80], (p=200, n=69, P=213, N=809)
2026-04-14 13:10:45,338 - INFO - *****GROWING RR RULE*****
2026-04-14 13:10:45,792 - INFO - Iteracja 0: condition_best: None, quality_best: -inf, coverage_best: (p=0, n=0, P=0, N=0), p_value: 0
2026-04-14 13:10:45,792 - INFO - Regula po iteracji 0: IF  THEN class = {61.52} [46.93, 76.11], (p=594, n=428, P=594, N=428)
2026-04-14 13:10:45,793 - INFO - *****STOP GROWING RR RULE*****
2026-04-14 13:10:45,793 - INFO - ***RR NOT FOUND***
2026-04-14 13:10:45,793 - INFO - *******STOP GROWING CR RULE*******
2026-04-14 13:10:45,796 - INFO - *******GROWING CR RULE*******
2026-04-14 13:10:46,081 - INFO - Iteracja 0: condition_best: Dewpoint <= 38.35, quality_best: 0.582, coverage_best: (p=149, n=41, P=240, N=782)
2026-04-14 13:10:46,081 - INFO - Regula po iteracji 0: IF Dewpoint <= 38.35 THEN class = {43.33} [37.11, 49.56], (p=149, n=41, P=240, N=782)
2026-04-14 13:10:46,081 - INFO - *****GROWING RR RULE*****
2026-04-14 13:10:46,528 - INFO - Iteracja 0: condition_best: None, quality_best: -inf, coverage_best: (p=0, n=0, P=0, N=0), p_value: 0
2026-04-14 13:10:46,528 - INFO - Regula po iteracji 0: IF  THEN class = {61.52} [46.93, 76.11], (p=594, n=428, P=594, N=428)
2026-04-14 13:10:46,528 - INFO - *****STOP GROWING RR RULE*****
2026-04-14 13:10:46,528 - INFO - ***RR NOT FOUND***
2026-04-14 13:10:46,597 - INFO - Iteracja 1: condition_best: Max_temperature <= 59.55, quality_best: 0.59, coverage_best: (p=109, n=50, P=129, N=893)
2026-04-14 13:10:46,597 - INFO - Regula po iteracji 1: IF Dewpoint <= 38.35 AND Max_temperature <= 59.55 THEN class = {41.49} [37.52, 45.45], (p=109, n=50, P=129, N=893)
2026-04-14 13:10:46,597 - INFO - *****GROWING RR RULE*****
2026-04-14 13:10:47,041 - INFO - Iteracja 0: condition_best: None, quality_best: -inf, coverage_best: (p=0, n=0, P=0, N=0), p_value: 0
2026-04-14 13:10:47,041 - INFO - Regula po iteracji 0: IF  THEN class = {61.52} [46.93, 76.11], (p=594, n=428, P=594, N=428)
2026-04-14 13:10:47,042 - INFO - *****STOP GROWING RR RULE*****
2026-04-14 13:10:47,042 - INFO - ***RR NOT FOUND***
2026-04-14 13:10:47,100 - INFO - Iteracja 2: condition_best: Min_temperature <= 37.75, quality_best: 0.62, coverage_best: (p=90, n=41, P=100, N=922)
2026-04-14 13:10:47,100 - INFO - Regula po iteracji 2: IF Dewpoint <= 38.35 AND Max_temperature <= 59.55 AND Min_temperature <= 37.75 THEN class = {40.48} [36.96, 43.99], (p=90, n=41, P=100, N=922)
2026-04-14 13:10:47,101 - INFO - *****GROWING RR RULE*****
2026-04-14 13:10:47,546 - INFO - Iteracja 0: condition_best: None, quality_best: -inf, coverage_best: (p=0, n=0, P=0, N=0), p_value: 0
2026-04-14 13:10:47,547 - INFO - Regula po iteracji 0: IF  THEN class = {61.52} [46.93, 76.11], (p=594, n=428, P=594, N=428)
2026-04-14 13:10:47,547 - INFO - *****STOP GROWING RR RULE*****
2026-04-14 13:10:47,547 - INFO - ***RR NOT FOUND***
2026-04-14 13:10:47,599 - INFO - Iteracja 3: condition_best: Visibility <= 27.20, quality_best: 0.63, coverage_best: (p=91, n=38, P=104, N=918)
2026-04-14 13:10:47,599 - INFO - Regula po iteracji 3: IF Dewpoint <= 38.35 AND Max_temperature <= 59.55 AND Min_temperature <= 37.75 AND Visibility <= 27.20 THEN class = {40.55} [37.06, 44.04], (p=91, n=38, P=104, N=918)
2026-04-14 13:10:47,599 - INFO - *****GROWING RR RULE*****
2026-04-14 13:10:48,042 - INFO - Iteracja 0: condition_best: None, quality_best: -inf, coverage_best: (p=0, n=0, P=0, N=0), p_value: 0
2026-04-14 13:10:48,042 - INFO - Regula po iteracji 0: IF  THEN class = {61.52} [46.93, 76.11], (p=594, n=428, P=594, N=428)
2026-04-14 13:10:48,042 - INFO - *****STOP GROWING RR RULE*****
2026-04-14 13:10:48,042 - INFO - ***RR NOT FOUND***
2026-04-14 13:10:48,092 - INFO - Iteracja 4: condition_best: Max_temperature <= 58.55, quality_best: 0.637, coverage_best: (p=89, n=37, P=100, N=922)
2026-04-14 13:10:48,093 - INFO - Regula po iteracji 4: IF Dewpoint <= 38.35 AND Max_temperature <= 59.55 AND Min_temperature <= 37.75 AND Visibility <= 27.20 AND Max_temperature <= 58.55 THEN class = {40.44} [36.99, 43.90], (p=89, n=37, P=100, N=922)
2026-04-14 13:10:48,093 - INFO - *****GROWING RR RULE*****
2026-04-14 13:10:48,534 - INFO - Iteracja 0: condition_best: None, quality_best: -inf, coverage_best: (p=0, n=0, P=0, N=0), p_value: 0
2026-04-14 13:10:48,534 - INFO - Regula po iteracji 0: IF  THEN class = {61.52} [46.93, 76.11], (p=594, n=428, P=594, N=428)
2026-04-14 13:10:48,534 - INFO - *****STOP GROWING RR RULE*****
2026-04-14 13:10:48,534 - INFO - ***RR NOT FOUND***
2026-04-14 13:10:48,534 - INFO - *******STOP GROWING CR RULE*******
2026-04-14 13:10:48,537 - INFO - *******GROWING CR RULE*******
2026-04-14 13:10:48,823 - INFO - Iteracja 0: condition_best: Dewpoint <= 38.35, quality_best: 0.582, coverage_best: (p=149, n=41, P=240, N=782)
2026-04-14 13:10:48,823 - INFO - Regula po iteracji 0: IF Dewpoint <= 38.35 THEN class = {43.33} [37.11, 49.56], (p=149, n=41, P=240, N=782)
2026-04-14 13:10:48,824 - INFO - *****GROWING RR RULE*****
2026-04-14 13:10:49,271 - INFO - Iteracja 0: condition_best: None, quality_best: -inf, coverage_best: (p=0, n=0, P=0, N=0), p_value: 0
2026-04-14 13:10:49,271 - INFO - Regula po iteracji 0: IF  THEN class = {61.52} [46.93, 76.11], (p=594, n=428, P=594, N=428)
2026-04-14 13:10:49,271 - INFO - *****STOP GROWING RR RULE*****
2026-04-14 13:10:49,271 - INFO - ***RR NOT FOUND***
2026-04-14 13:10:49,339 - INFO - Iteracja 1: condition_best: Max_temperature <= 59.55, quality_best: 0.59, coverage_best: (p=109, n=50, P=129, N=893)
2026-04-14 13:10:49,339 - INFO - Regula po iteracji 1: IF Dewpoint <= 38.35 AND Max_temperature <= 59.55 THEN class = {41.49} [37.52, 45.45], (p=109, n=50, P=129, N=893)
2026-04-14 13:10:49,339 - INFO - *****GROWING RR RULE*****
2026-04-14 13:10:49,784 - INFO - Iteracja 0: condition_best: None, quality_best: -inf, coverage_best: (p=0, n=0, P=0, N=0), p_value: 0
2026-04-14 13:10:49,785 - INFO - Regula po iteracji 0: IF  THEN class = {61.52} [46.93, 76.11], (p=594, n=428, P=594, N=428)
2026-04-14 13:10:49,785 - INFO - *****STOP GROWING RR RULE*****
2026-04-14 13:10:49,785 - INFO - ***RR NOT FOUND***
2026-04-14 13:10:49,843 - INFO - Iteracja 2: condition_best: Visibility <= 26.75, quality_best: 0.595, coverage_best: (p=108, n=48, P=129, N=893)
2026-04-14 13:10:49,843 - INFO - Regula po iteracji 2: IF Dewpoint <= 38.35 AND Max_temperature <= 59.55 AND Visibility <= 26.75 THEN class = {41.54} [37.59, 45.48], (p=108, n=48, P=129, N=893)
2026-04-14 13:10:49,843 - INFO - *****GROWING RR RULE*****
2026-04-14 13:10:50,291 - INFO - Iteracja 0: condition_best: None, quality_best: -inf, coverage_best: (p=0, n=0, P=0, N=0), p_value: 0
2026-04-14 13:10:50,291 - INFO - Regula po iteracji 0: IF  THEN class = {61.52} [46.93, 76.11], (p=594, n=428, P=594, N=428)
2026-04-14 13:10:50,291 - INFO - *****STOP GROWING RR RULE*****
2026-04-14 13:10:50,291 - INFO - ***RR NOT FOUND***
2026-04-14 13:10:50,351 - INFO - Iteracja 3: condition_best: Dewpoint <= 37.25, quality_best: 0.6, coverage_best: (p=107, n=46, P=129, N=893)
2026-04-14 13:10:50,351 - INFO - Regula po iteracji 3: IF Dewpoint <= 38.35 AND Max_temperature <= 59.55 AND Visibility <= 26.75 AND Dewpoint <= 37.25 THEN class = {41.47} [37.53, 45.40], (p=107, n=46, P=129, N=893)
2026-04-14 13:10:50,352 - INFO - *****GROWING RR RULE*****
2026-04-14 13:10:50,801 - INFO - Iteracja 0: condition_best: None, quality_best: -inf, coverage_best: (p=0, n=0, P=0, N=0), p_value: 0
2026-04-14 13:10:50,801 - INFO - Regula po iteracji 0: IF  THEN class = {61.52} [46.93, 76.11], (p=594, n=428, P=594, N=428)
2026-04-14 13:10:50,801 - INFO - *****STOP GROWING RR RULE*****
2026-04-14 13:10:50,801 - INFO - ***RR NOT FOUND***
2026-04-14 13:10:50,857 - INFO - Iteracja 4: condition_best: Max_temperature <= 59.10, quality_best: 0.595, coverage_best: (p=106, n=46, P=129, N=893)
2026-04-14 13:10:50,857 - INFO - Regula po iteracji 4: IF Dewpoint <= 38.35 AND Max_temperature <= 59.55 AND Visibility <= 26.75 AND Dewpoint <= 37.25 AND Max_temperature <= 59.10 THEN class = {41.46} [37.51, 45.40], (p=106, n=46, P=129, N=893)
2026-04-14 13:10:50,858 - INFO - *****GROWING RR RULE*****
2026-04-14 13:10:51,301 - INFO - Iteracja 0: condition_best: None, quality_best: -inf, coverage_best: (p=0, n=0, P=0, N=0), p_value: 0
2026-04-14 13:10:51,301 - INFO - Regula po iteracji 0: IF  THEN class = {61.52} [46.93, 76.11], (p=594, n=428, P=594, N=428)
2026-04-14 13:10:51,301 - INFO - *****STOP GROWING RR RULE*****
2026-04-14 13:10:51,301 - INFO - ***RR NOT FOUND***
2026-04-14 13:10:51,301 - INFO - *******STOP GROWING CR RULE*******
2026-04-14 13:10:51,305 - INFO - *******GROWING CR RULE*******
2026-04-14 13:10:51,587 - INFO - Iteracja 0: condition_best: Dewpoint <= 38.35, quality_best: 0.582, coverage_best: (p=149, n=41, P=240, N=782)
2026-04-14 13:10:51,588 - INFO - Regula po iteracji 0: IF Dewpoint <= 38.35 THEN class = {43.33} [37.11, 49.56], (p=149, n=41, P=240, N=782)
2026-04-14 13:10:51,588 - INFO - *****GROWING RR RULE*****
2026-04-14 13:10:52,935 - INFO - Iteracja 0: condition_best: None, quality_best: -inf, coverage_best: (p=0, n=0, P=0, N=0), p_value: 0
2026-04-14 13:10:52,936 - INFO - Regula po iteracji 0: IF  THEN class = {61.52} [46.93, 76.11], (p=594, n=428, P=594, N=428)
2026-04-14 13:10:52,936 - INFO - *****STOP GROWING RR RULE*****
2026-04-14 13:10:52,936 - INFO - ***RR NOT FOUND***
2026-04-14 13:10:53,004 - INFO - Iteracja 1: condition_best: Visibility <= 28.15, quality_best: 0.588, coverage_best: (p=149, n=39, P=242, N=780)
2026-04-14 13:10:53,004 - INFO - Regula po iteracji 1: IF Dewpoint <= 38.35 AND Visibility <= 28.15 THEN class = {43.41} [37.20, 49.62], (p=149, n=39, P=242, N=780)
2026-04-14 13:10:53,005 - INFO - *****GROWING RR RULE*****
2026-04-14 13:10:53,452 - INFO - Iteracja 0: condition_best: None, quality_best: -inf, coverage_best: (p=0, n=0, P=0, N=0), p_value: 0
2026-04-14 13:10:53,452 - INFO - Regula po iteracji 0: IF  THEN class = {61.52} [46.93, 76.11], (p=594, n=428, P=594, N=428)
2026-04-14 13:10:53,453 - INFO - *****STOP GROWING RR RULE*****
2026-04-14 13:10:53,453 - INFO - ***RR NOT FOUND***
2026-04-14 13:10:53,522 - INFO - Iteracja 2: condition_best: Max_wind_speed >= 33.25, quality_best: 0.594, coverage_best: (p=145, n=36, P=240, N=782)
2026-04-14 13:10:53,522 - INFO - Regula po iteracji 2: IF Dewpoint <= 38.35 AND Visibility <= 28.15 AND Max_wind_speed >= 33.25 THEN class = {43.33} [37.09, 49.56], (p=145, n=36, P=240, N=782)
2026-04-14 13:10:53,522 - INFO - *****GROWING RR RULE*****
2026-04-14 13:10:53,967 - INFO - Iteracja 0: condition_best: None, quality_best: -inf, coverage_best: (p=0, n=0, P=0, N=0), p_value: 0
2026-04-14 13:10:53,968 - INFO - Regula po iteracji 0: IF  THEN class = {61.52} [46.93, 76.11], (p=594, n=428, P=594, N=428)
2026-04-14 13:10:53,968 - INFO - *****STOP GROWING RR RULE*****
2026-04-14 13:10:53,968 - INFO - ***RR NOT FOUND***
2026-04-14 13:10:54,033 - INFO - Iteracja 3: condition_best: Dewpoint <= 37.65, quality_best: 0.591, coverage_best: (p=140, n=37, P=227, N=795)
2026-04-14 13:10:54,033 - INFO - Regula po iteracji 3: IF Dewpoint <= 38.35 AND Visibility <= 28.15 AND Max_wind_speed >= 33.25 AND Dewpoint <= 37.65 THEN class = {43.09} [37.09, 49.10], (p=140, n=37, P=227, N=795)
2026-04-14 13:10:54,034 - INFO - *****GROWING RR RULE*****
2026-04-14 13:10:54,479 - INFO - Iteracja 0: condition_best: None, quality_best: -inf, coverage_best: (p=0, n=0, P=0, N=0), p_value: 0
2026-04-14 13:10:54,479 - INFO - Regula po iteracji 0: IF  THEN class = {61.52} [46.93, 76.11], (p=594, n=428, P=594, N=428)
2026-04-14 13:10:54,479 - INFO - *****STOP GROWING RR RULE*****
2026-04-14 13:10:54,479 - INFO - ***RR NOT FOUND***
2026-04-14 13:10:54,544 - INFO - Iteracja 4: condition_best: Max_temperature >= 43.35, quality_best: 0.592, coverage_best: (p=133, n=32, P=230, N=792)
2026-04-14 13:10:54,544 - INFO - Regula po iteracji 4: IF Dewpoint <= 38.35 AND Visibility <= 28.15 AND Max_wind_speed >= 33.25 AND Dewpoint <= 37.65 AND Max_temperature >= 43.35 THEN class = {43.53} [37.60, 49.46], (p=133, n=32, P=230, N=792)
2026-04-14 13:10:54,545 - INFO - *****GROWING RR RULE*****
2026-04-14 13:10:54,988 - INFO - Iteracja 0: condition_best: None, quality_best: -inf, coverage_best: (p=0, n=0, P=0, N=0), p_value: 0
2026-04-14 13:10:54,988 - INFO - Regula po iteracji 0: IF  THEN class = {61.52} [46.93, 76.11], (p=594, n=428, P=594, N=428)
2026-04-14 13:10:54,989 - INFO - *****STOP GROWING RR RULE*****
2026-04-14 13:10:54,989 - INFO - ***RR NOT FOUND***
2026-04-14 13:10:54,989 - INFO - *******STOP GROWING CR RULE*******
2026-04-14 13:10:54,992 - INFO - *******GROWING CR RULE*******
2026-04-14 13:10:55,271 - INFO - Iteracja 0: condition_best: Max_temperature >= 80.15, quality_best: 0.577, coverage_best: (p=259, n=119, P=260, N=762)
2026-04-14 13:10:55,272 - INFO - Regula po iteracji 0: IF Max_temperature >= 80.15 THEN class = {77.83} [72.61, 83.05], (p=259, n=119, P=260, N=762)
2026-04-14 13:10:55,272 - INFO - *****GROWING RR RULE*****
2026-04-14 13:10:55,729 - INFO - Iteracja 0: condition_best: None, quality_best: -inf, coverage_best: (p=0, n=0, P=0, N=0), p_value: 0
2026-04-14 13:10:55,729 - INFO - Regula po iteracji 0: IF  THEN class = {61.52} [46.93, 76.11], (p=594, n=428, P=594, N=428)
2026-04-14 13:10:55,729 - INFO - *****STOP GROWING RR RULE*****
2026-04-14 13:10:55,729 - INFO - ***RR NOT FOUND***
2026-04-14 13:10:55,818 - INFO - Iteracja 1: condition_best: Min_temperature <= 71.15, quality_best: 0.622, coverage_best: (p=220, n=86, P=231, N=791)
2026-04-14 13:10:55,818 - INFO - Regula po iteracji 1: IF Max_temperature >= 80.15 AND Min_temperature <= 71.15 THEN class = {76.49} [71.67, 81.31], (p=220, n=86, P=231, N=791)
2026-04-14 13:10:55,818 - INFO - *****GROWING RR RULE*****
2026-04-14 13:10:56,275 - INFO - Iteracja 0: condition_best: None, quality_best: -inf, coverage_best: (p=0, n=0, P=0, N=0), p_value: 0
2026-04-14 13:10:56,275 - INFO - Regula po iteracji 0: IF  THEN class = {61.52} [46.93, 76.11], (p=594, n=428, P=594, N=428)
2026-04-14 13:10:56,275 - INFO - *****STOP GROWING RR RULE*****
2026-04-14 13:10:56,275 - INFO - ***RR NOT FOUND***
2026-04-14 13:10:56,349 - INFO - Iteracja 2: condition_best: Min_temperature >= 50.45, quality_best: 0.625, coverage_best: (p=214, n=84, P=224, N=798)
2026-04-14 13:10:56,349 - INFO - Regula po iteracji 2: IF Max_temperature >= 80.15 AND Min_temperature <= 71.15 AND Min_temperature >= 50.45 THEN class = {76.78} [72.25, 81.31], (p=214, n=84, P=224, N=798)
2026-04-14 13:10:56,350 - INFO - *****GROWING RR RULE*****
2026-04-14 13:10:56,807 - INFO - Iteracja 0: condition_best: None, quality_best: -inf, coverage_best: (p=0, n=0, P=0, N=0), p_value: 0
2026-04-14 13:10:56,807 - INFO - Regula po iteracji 0: IF  THEN class = {61.52} [46.93, 76.11], (p=594, n=428, P=594, N=428)
2026-04-14 13:10:56,807 - INFO - *****STOP GROWING RR RULE*****
2026-04-14 13:10:56,807 - INFO - ***RR NOT FOUND***
2026-04-14 13:10:56,882 - INFO - Iteracja 3: condition_best: Max_temperature <= 98.35, quality_best: 0.637, coverage_best: (p=205, n=80, P=211, N=811)
2026-04-14 13:10:56,882 - INFO - Regula po iteracji 3: IF Max_temperature >= 80.15 AND Min_temperature <= 71.15 AND Min_temperature >= 50.45 AND Max_temperature <= 98.35 THEN class = {76.43} [72.13, 80.73], (p=205, n=80, P=211, N=811)
2026-04-14 13:10:56,882 - INFO - *****GROWING RR RULE*****
2026-04-14 13:10:57,337 - INFO - Iteracja 0: condition_best: None, quality_best: -inf, coverage_best: (p=0, n=0, P=0, N=0), p_value: 0
2026-04-14 13:10:57,337 - INFO - Regula po iteracji 0: IF  THEN class = {61.52} [46.93, 76.11], (p=594, n=428, P=594, N=428)
2026-04-14 13:10:57,337 - INFO - *****STOP GROWING RR RULE*****
2026-04-14 13:10:57,337 - INFO - ***RR NOT FOUND***
2026-04-14 13:10:57,409 - INFO - Iteracja 4: condition_best: Dewpoint >= 41.20, quality_best: 0.647, coverage_best: (p=204, n=76, P=211, N=811)
2026-04-14 13:10:57,409 - INFO - Regula po iteracji 4: IF Max_temperature >= 80.15 AND Min_temperature <= 71.15 AND Min_temperature >= 50.45 AND Max_temperature <= 98.35 AND Dewpoint >= 41.20 THEN class = {76.48} [72.18, 80.77], (p=204, n=76, P=211, N=811)
2026-04-14 13:10:57,409 - INFO - *****GROWING RR RULE*****
2026-04-14 13:10:57,862 - INFO - Iteracja 0: condition_best: None, quality_best: -inf, coverage_best: (p=0, n=0, P=0, N=0), p_value: 0
2026-04-14 13:10:57,862 - INFO - Regula po iteracji 0: IF  THEN class = {61.52} [46.93, 76.11], (p=594, n=428, P=594, N=428)
2026-04-14 13:10:57,863 - INFO - *****STOP GROWING RR RULE*****
2026-04-14 13:10:57,863 - INFO - ***RR NOT FOUND***
2026-04-14 13:10:57,863 - INFO - *******STOP GROWING CR RULE*******
2026-04-14 13:10:57,866 - INFO - *******GROWING CR RULE*******
2026-04-14 13:10:58,149 - INFO - Iteracja 0: condition_best: Max_temperature >= 79.25, quality_best: 0.575, coverage_best: (p=267, n=122, P=267, N=755)
2026-04-14 13:10:58,149 - INFO - Regula po iteracji 0: IF Max_temperature >= 79.25 THEN class = {77.57} [72.18, 82.96], (p=267, n=122, P=267, N=755)
2026-04-14 13:10:58,149 - INFO - *****GROWING RR RULE*****
2026-04-14 13:10:58,608 - INFO - Iteracja 0: condition_best: None, quality_best: -inf, coverage_best: (p=0, n=0, P=0, N=0), p_value: 0
2026-04-14 13:10:58,608 - INFO - Regula po iteracji 0: IF  THEN class = {61.52} [46.93, 76.11], (p=594, n=428, P=594, N=428)
2026-04-14 13:10:58,608 - INFO - *****STOP GROWING RR RULE*****
2026-04-14 13:10:58,608 - INFO - ***RR NOT FOUND***
2026-04-14 13:10:58,699 - INFO - Iteracja 1: condition_best: Min_temperature <= 69.70, quality_best: 0.602, coverage_best: (p=203, n=81, P=226, N=796)
2026-04-14 13:10:58,699 - INFO - Regula po iteracji 1: IF Max_temperature >= 79.25 AND Min_temperature <= 69.70 THEN class = {75.77} [70.78, 80.75], (p=203, n=81, P=226, N=796)
2026-04-14 13:10:58,700 - INFO - *****GROWING RR RULE*****
2026-04-14 13:10:59,153 - INFO - Iteracja 0: condition_best: None, quality_best: -inf, coverage_best: (p=0, n=0, P=0, N=0), p_value: 0
2026-04-14 13:10:59,153 - INFO - Regula po iteracji 0: IF  THEN class = {61.52} [46.93, 76.11], (p=594, n=428, P=594, N=428)
2026-04-14 13:10:59,153 - INFO - *****STOP GROWING RR RULE*****
2026-04-14 13:10:59,153 - INFO - ***RR NOT FOUND***
2026-04-14 13:10:59,225 - INFO - Iteracja 2: condition_best: Precipitation <= 0.85, quality_best: 0.608, coverage_best: (p=203, n=79, P=226, N=796)
2026-04-14 13:10:59,225 - INFO - Regula po iteracji 2: IF Max_temperature >= 79.25 AND Min_temperature <= 69.70 AND Precipitation <= 0.85 THEN class = {75.77} [70.80, 80.73], (p=203, n=79, P=226, N=796)
2026-04-14 13:10:59,226 - INFO - *****GROWING RR RULE*****
2026-04-14 13:10:59,678 - INFO - Iteracja 0: condition_best: None, quality_best: -inf, coverage_best: (p=0, n=0, P=0, N=0), p_value: 0
2026-04-14 13:10:59,678 - INFO - Regula po iteracji 0: IF  THEN class = {61.52} [46.93, 76.11], (p=594, n=428, P=594, N=428)
2026-04-14 13:10:59,679 - INFO - *****STOP GROWING RR RULE*****
2026-04-14 13:10:59,679 - INFO - ***RR NOT FOUND***
2026-04-14 13:10:59,750 - INFO - Iteracja 3: condition_best: Max_temperature <= 104.50, quality_best: 0.606, coverage_best: (p=201, n=79, P=224, N=798)
2026-04-14 13:10:59,750 - INFO - Regula po iteracji 3: IF Max_temperature >= 79.25 AND Min_temperature <= 69.70 AND Precipitation <= 0.85 AND Max_temperature <= 104.50 THEN class = {75.70} [70.78, 80.61], (p=201, n=79, P=224, N=798)
2026-04-14 13:10:59,751 - INFO - *****GROWING RR RULE*****
2026-04-14 13:11:00,204 - INFO - Iteracja 0: condition_best: None, quality_best: -inf, coverage_best: (p=0, n=0, P=0, N=0), p_value: 0
2026-04-14 13:11:00,205 - INFO - Regula po iteracji 0: IF  THEN class = {61.52} [46.93, 76.11], (p=594, n=428, P=594, N=428)
2026-04-14 13:11:00,205 - INFO - *****STOP GROWING RR RULE*****
2026-04-14 13:11:00,205 - INFO - ***RR NOT FOUND***
2026-04-14 13:11:00,277 - INFO - Iteracja 4: condition_best: Sea_level_pressure <= 30.05, quality_best: 0.605, coverage_best: (p=192, n=76, P=216, N=806)
2026-04-14 13:11:00,277 - INFO - Regula po iteracji 4: IF Max_temperature >= 79.25 AND Min_temperature <= 69.70 AND Precipitation <= 0.85 AND Max_temperature <= 104.50 AND Sea_level_pressure <= 30.05 THEN class = {76.04} [71.36, 80.73], (p=192, n=76, P=216, N=806)
2026-04-14 13:11:00,278 - INFO - *****GROWING RR RULE*****
2026-04-14 13:11:00,728 - INFO - Iteracja 0: condition_best: None, quality_best: -inf, coverage_best: (p=0, n=0, P=0, N=0), p_value: 0
2026-04-14 13:11:00,728 - INFO - Regula po iteracji 0: IF  THEN class = {61.52} [46.93, 76.11], (p=594, n=428, P=594, N=428)
2026-04-14 13:11:00,728 - INFO - *****STOP GROWING RR RULE*****
2026-04-14 13:11:00,728 - INFO - ***RR NOT FOUND***
2026-04-14 13:11:00,728 - INFO - *******STOP GROWING CR RULE*******
2026-04-14 13:11:00,732 - INFO - *******GROWING CR RULE*******
2026-04-14 13:11:01,014 - INFO - Iteracja 0: condition_best: Dewpoint <= 38.95, quality_best: 0.57, coverage_best: (p=158, n=40, P=275, N=747)
2026-04-14 13:11:01,014 - INFO - Regula po iteracji 0: IF Dewpoint <= 38.95 THEN class = {43.76} [36.87, 50.65], (p=158, n=40, P=275, N=747)
2026-04-14 13:11:01,014 - INFO - *****GROWING RR RULE*****
2026-04-14 13:11:01,460 - INFO - Iteracja 0: condition_best: None, quality_best: -inf, coverage_best: (p=0, n=0, P=0, N=0), p_value: 0
2026-04-14 13:11:01,460 - INFO - Regula po iteracji 0: IF  THEN class = {61.52} [46.93, 76.11], (p=594, n=428, P=594, N=428)
2026-04-14 13:11:01,460 - INFO - *****STOP GROWING RR RULE*****
2026-04-14 13:11:01,460 - INFO - ***RR NOT FOUND***
2026-04-14 13:11:01,530 - INFO - Iteracja 1: condition_best: Max_temperature <= 59.45, quality_best: 0.597, coverage_best: (p=112, n=51, P=130, N=892)
2026-04-14 13:11:01,530 - INFO - Regula po iteracji 1: IF Dewpoint <= 38.95 AND Max_temperature <= 59.45 THEN class = {41.59} [37.59, 45.58], (p=112, n=51, P=130, N=892)
2026-04-14 13:11:01,530 - INFO - *****GROWING RR RULE*****
2026-04-14 13:11:01,973 - INFO - Iteracja 0: condition_best: None, quality_best: -inf, coverage_best: (p=0, n=0, P=0, N=0), p_value: 0
2026-04-14 13:11:01,973 - INFO - Regula po iteracji 0: IF  THEN class = {61.52} [46.93, 76.11], (p=594, n=428, P=594, N=428)
2026-04-14 13:11:01,973 - INFO - *****STOP GROWING RR RULE*****
2026-04-14 13:11:01,973 - INFO - ***RR NOT FOUND***
2026-04-14 13:11:02,033 - INFO - Iteracja 2: condition_best: Precipitation <= 1.15, quality_best: 0.609, coverage_best: (p=112, n=49, P=129, N=893)
2026-04-14 13:11:02,033 - INFO - Regula po iteracji 2: IF Dewpoint <= 38.95 AND Max_temperature <= 59.45 AND Precipitation <= 1.15 THEN class = {41.50} [37.56, 45.44], (p=112, n=49, P=129, N=893)
2026-04-14 13:11:02,034 - INFO - *****GROWING RR RULE*****
2026-04-14 13:11:02,477 - INFO - Iteracja 0: condition_best: None, quality_best: -inf, coverage_best: (p=0, n=0, P=0, N=0), p_value: 0
2026-04-14 13:11:02,477 - INFO - Regula po iteracji 0: IF  THEN class = {61.52} [46.93, 76.11], (p=594, n=428, P=594, N=428)
2026-04-14 13:11:02,477 - INFO - *****STOP GROWING RR RULE*****
2026-04-14 13:11:02,477 - INFO - ***RR NOT FOUND***
2026-04-14 13:11:02,536 - INFO - Iteracja 3: condition_best: Sea_level_pressure >= 29.74, quality_best: 0.613, coverage_best: (p=112, n=48, P=129, N=893)
2026-04-14 13:11:02,536 - INFO - Regula po iteracji 3: IF Dewpoint <= 38.95 AND Max_temperature <= 59.45 AND Precipitation <= 1.15 AND Sea_level_pressure >= 29.74 THEN class = {41.53} [37.59, 45.47], (p=112, n=48, P=129, N=893)
2026-04-14 13:11:02,536 - INFO - *****GROWING RR RULE*****
2026-04-14 13:11:02,980 - INFO - Iteracja 0: condition_best: None, quality_best: -inf, coverage_best: (p=0, n=0, P=0, N=0), p_value: 0
2026-04-14 13:11:02,980 - INFO - Regula po iteracji 0: IF  THEN class = {61.52} [46.93, 76.11], (p=594, n=428, P=594, N=428)
2026-04-14 13:11:02,980 - INFO - *****STOP GROWING RR RULE*****
2026-04-14 13:11:02,980 - INFO - ***RR NOT FOUND***
2026-04-14 13:11:03,040 - INFO - Iteracja 4: condition_best: Standard_pressure <= 8.05, quality_best: 0.614, coverage_best: (p=111, n=47, P=129, N=893)
2026-04-14 13:11:03,040 - INFO - Regula po iteracji 4: IF Dewpoint <= 38.95 AND Max_temperature <= 59.45 AND Precipitation <= 1.15 AND Sea_level_pressure >= 29.74 AND Standard_pressure <= 8.05 THEN class = {41.52} [37.59, 45.44], (p=111, n=47, P=129, N=893)
2026-04-14 13:11:03,040 - INFO - *****GROWING RR RULE*****
2026-04-14 13:11:03,482 - INFO - Iteracja 0: condition_best: None, quality_best: -inf, coverage_best: (p=0, n=0, P=0, N=0), p_value: 0
2026-04-14 13:11:03,483 - INFO - Regula po iteracji 0: IF  THEN class = {61.52} [46.93, 76.11], (p=594, n=428, P=594, N=428)
2026-04-14 13:11:03,483 - INFO - *****STOP GROWING RR RULE*****
2026-04-14 13:11:03,483 - INFO - ***RR NOT FOUND***
2026-04-14 13:11:03,483 - INFO - *******STOP GROWING CR RULE*******
2026-04-14 13:11:03,486 - INFO - *******GROWING CR RULE*******
2026-04-14 13:11:03,767 - INFO - Iteracja 0: condition_best: Dewpoint <= 38.95, quality_best: 0.57, coverage_best: (p=158, n=40, P=275, N=747)
2026-04-14 13:11:03,767 - INFO - Regula po iteracji 0: IF Dewpoint <= 38.95 THEN class = {43.76} [36.87, 50.65], (p=158, n=40, P=275, N=747)
2026-04-14 13:11:03,767 - INFO - *****GROWING RR RULE*****
2026-04-14 13:11:04,213 - INFO - Iteracja 0: condition_best: None, quality_best: -inf, coverage_best: (p=0, n=0, P=0, N=0), p_value: 0
2026-04-14 13:11:04,213 - INFO - Regula po iteracji 0: IF  THEN class = {61.52} [46.93, 76.11], (p=594, n=428, P=594, N=428)
2026-04-14 13:11:04,213 - INFO - *****STOP GROWING RR RULE*****
2026-04-14 13:11:04,213 - INFO - ***RR NOT FOUND***
2026-04-14 13:11:04,283 - INFO - Iteracja 1: condition_best: Max_wind_speed >= 33.25, quality_best: 0.579, coverage_best: (p=155, n=36, P=276, N=746)
2026-04-14 13:11:04,283 - INFO - Regula po iteracji 1: IF Dewpoint <= 38.95 AND Max_wind_speed >= 33.25 THEN class = {43.69} [36.75, 50.64], (p=155, n=36, P=276, N=746)
2026-04-14 13:11:04,283 - INFO - *****GROWING RR RULE*****
2026-04-14 13:11:04,726 - INFO - Iteracja 0: condition_best: None, quality_best: -inf, coverage_best: (p=0, n=0, P=0, N=0), p_value: 0
2026-04-14 13:11:04,727 - INFO - Regula po iteracji 0: IF  THEN class = {61.52} [46.93, 76.11], (p=594, n=428, P=594, N=428)
2026-04-14 13:11:04,727 - INFO - *****STOP GROWING RR RULE*****
2026-04-14 13:11:04,727 - INFO - ***RR NOT FOUND***
2026-04-14 13:11:04,795 - INFO - Iteracja 2: condition_best: Max_wind_speed <= 51.73, quality_best: 0.581, coverage_best: (p=154, n=35, P=276, N=746)
2026-04-14 13:11:04,795 - INFO - Regula po iteracji 2: IF Dewpoint <= 38.95 AND Max_wind_speed >= 33.25 AND Max_wind_speed <= 51.73 THEN class = {43.73} [36.79, 50.68], (p=154, n=35, P=276, N=746)
2026-04-14 13:11:04,795 - INFO - *****GROWING RR RULE*****
2026-04-14 13:11:05,242 - INFO - Iteracja 0: condition_best: None, quality_best: -inf, coverage_best: (p=0, n=0, P=0, N=0), p_value: 0
2026-04-14 13:11:05,242 - INFO - Regula po iteracji 0: IF  THEN class = {61.52} [46.93, 76.11], (p=594, n=428, P=594, N=428)
2026-04-14 13:11:05,242 - INFO - *****STOP GROWING RR RULE*****
2026-04-14 13:11:05,242 - INFO - ***RR NOT FOUND***
2026-04-14 13:11:05,310 - INFO - Iteracja 3: condition_best: Visibility >= 2.59, quality_best: 0.581, coverage_best: (p=154, n=34, P=281, N=741)
2026-04-14 13:11:05,310 - INFO - Regula po iteracji 3: IF Dewpoint <= 38.95 AND Max_wind_speed >= 33.25 AND Max_wind_speed <= 51.73 AND Visibility >= 2.59 THEN class = {43.75} [36.78, 50.71], (p=154, n=34, P=281, N=741)
2026-04-14 13:11:05,311 - INFO - *****GROWING RR RULE*****
2026-04-14 13:11:05,757 - INFO - Iteracja 0: condition_best: None, quality_best: -inf, coverage_best: (p=0, n=0, P=0, N=0), p_value: 0
2026-04-14 13:11:05,757 - INFO - Regula po iteracji 0: IF  THEN class = {61.52} [46.93, 76.11], (p=594, n=428, P=594, N=428)
2026-04-14 13:11:05,757 - INFO - *****STOP GROWING RR RULE*****
2026-04-14 13:11:05,757 - INFO - ***RR NOT FOUND***
2026-04-14 13:11:05,825 - INFO - Iteracja 4: condition_best: Visibility >= 2.71, quality_best: 0.579, coverage_best: (p=153, n=34, P=281, N=741)
2026-04-14 13:11:05,825 - INFO - Regula po iteracji 4: IF Dewpoint <= 38.95 AND Max_wind_speed >= 33.25 AND Max_wind_speed <= 51.73 AND Visibility >= 2.59 AND Visibility >= 2.71 THEN class = {43.73} [36.75, 50.71], (p=153, n=34, P=281, N=741)
2026-04-14 13:11:05,825 - INFO - *****GROWING RR RULE*****
2026-04-14 13:11:06,271 - INFO - Iteracja 0: condition_best: None, quality_best: -inf, coverage_best: (p=0, n=0, P=0, N=0), p_value: 0
2026-04-14 13:11:06,271 - INFO - Regula po iteracji 0: IF  THEN class = {61.52} [46.93, 76.11], (p=594, n=428, P=594, N=428)
2026-04-14 13:11:06,271 - INFO - *****STOP GROWING RR RULE*****
2026-04-14 13:11:06,271 - INFO - ***RR NOT FOUND***
2026-04-14 13:11:06,271 - INFO - *******STOP GROWING CR RULE*******
2026-04-14 13:11:06,274 - INFO - *******GROWING CR RULE*******
2026-04-14 13:11:06,553 - INFO - Iteracja 0: condition_best: Min_temperature >= 56.20, quality_best: 0.567, coverage_best: (p=266, n=120, P=274, N=748)
2026-04-14 13:11:06,553 - INFO - Regula po iteracji 0: IF Min_temperature >= 56.20 THEN class = {77.41} [71.70, 83.11], (p=266, n=120, P=274, N=748)
2026-04-14 13:11:06,554 - INFO - *****GROWING RR RULE*****
2026-04-14 13:11:07,010 - INFO - Iteracja 0: condition_best: None, quality_best: -inf, coverage_best: (p=0, n=0, P=0, N=0), p_value: 0
2026-04-14 13:11:07,010 - INFO - Regula po iteracji 0: IF  THEN class = {61.52} [46.93, 76.11], (p=594, n=428, P=594, N=428)
2026-04-14 13:11:07,010 - INFO - *****STOP GROWING RR RULE*****
2026-04-14 13:11:07,010 - INFO - ***RR NOT FOUND***
2026-04-14 13:11:07,102 - INFO - Iteracja 1: condition_best: Min_temperature <= 70.10, quality_best: 0.606, coverage_best: (p=217, n=83, P=241, N=781)
2026-04-14 13:11:07,102 - INFO - Regula po iteracji 1: IF Min_temperature >= 56.20 AND Min_temperature <= 70.10 THEN class = {75.79} [70.44, 81.14], (p=217, n=83, P=241, N=781)
2026-04-14 13:11:07,102 - INFO - *****GROWING RR RULE*****
2026-04-14 13:11:07,555 - INFO - Iteracja 0: condition_best: None, quality_best: -inf, coverage_best: (p=0, n=0, P=0, N=0), p_value: 0
2026-04-14 13:11:07,556 - INFO - Regula po iteracji 0: IF  THEN class = {61.52} [46.93, 76.11], (p=594, n=428, P=594, N=428)
2026-04-14 13:11:07,556 - INFO - *****STOP GROWING RR RULE*****
2026-04-14 13:11:07,556 - INFO - ***RR NOT FOUND***
2026-04-14 13:11:07,632 - INFO - Iteracja 2: condition_best: Sea_level_pressure <= 30.06, quality_best: 0.62, coverage_best: (p=213, n=78, P=236, N=786)
2026-04-14 13:11:07,632 - INFO - Regula po iteracji 2: IF Min_temperature >= 56.20 AND Min_temperature <= 70.10 AND Sea_level_pressure <= 30.06 THEN class = {76.06} [70.89, 81.23], (p=213, n=78, P=236, N=786)
2026-04-14 13:11:07,632 - INFO - *****GROWING RR RULE*****
2026-04-14 13:11:08,086 - INFO - Iteracja 0: condition_best: None, quality_best: -inf, coverage_best: (p=0, n=0, P=0, N=0), p_value: 0
2026-04-14 13:11:08,086 - INFO - Regula po iteracji 0: IF  THEN class = {61.52} [46.93, 76.11], (p=594, n=428, P=594, N=428)
2026-04-14 13:11:08,086 - INFO - *****STOP GROWING RR RULE*****
2026-04-14 13:11:08,086 - INFO - ***RR NOT FOUND***
2026-04-14 13:11:08,160 - INFO - Iteracja 3: condition_best: Max_temperature <= 95.80, quality_best: 0.636, coverage_best: (p=189, n=69, P=207, N=815)
2026-04-14 13:11:08,160 - INFO - Regula po iteracji 3: IF Min_temperature >= 56.20 AND Min_temperature <= 70.10 AND Sea_level_pressure <= 30.06 AND Max_temperature <= 95.80 THEN class = {75.18} [70.44, 79.92], (p=189, n=69, P=207, N=815)
2026-04-14 13:11:08,161 - INFO - *****GROWING RR RULE*****
2026-04-14 13:11:08,613 - INFO - Iteracja 0: condition_best: None, quality_best: -inf, coverage_best: (p=0, n=0, P=0, N=0), p_value: 0
2026-04-14 13:11:08,613 - INFO - Regula po iteracji 0: IF  THEN class = {61.52} [46.93, 76.11], (p=594, n=428, P=594, N=428)
2026-04-14 13:11:08,613 - INFO - *****STOP GROWING RR RULE*****
2026-04-14 13:11:08,613 - INFO - ***RR NOT FOUND***
2026-04-14 13:11:08,682 - INFO - Iteracja 4: condition_best: Precipitation <= 2.50, quality_best: 0.639, coverage_best: (p=189, n=68, P=207, N=815)
2026-04-14 13:11:08,682 - INFO - Regula po iteracji 4: IF Min_temperature >= 56.20 AND Min_temperature <= 70.10 AND Sea_level_pressure <= 30.06 AND Max_temperature <= 95.80 AND Precipitation <= 2.50 THEN class = {75.20} [70.47, 79.94], (p=189, n=68, P=207, N=815)
2026-04-14 13:11:08,683 - INFO - *****GROWING RR RULE*****
2026-04-14 13:11:09,135 - INFO - Iteracja 0: condition_best: None, quality_best: -inf, coverage_best: (p=0, n=0, P=0, N=0), p_value: 0
2026-04-14 13:11:09,135 - INFO - Regula po iteracji 0: IF  THEN class = {61.52} [46.93, 76.11], (p=594, n=428, P=594, N=428)
2026-04-14 13:11:09,135 - INFO - *****STOP GROWING RR RULE*****
2026-04-14 13:11:09,135 - INFO - ***RR NOT FOUND***
2026-04-14 13:11:09,135 - INFO - *******STOP GROWING CR RULE*******
2026-04-14 13:11:09,138 - INFO - *******GROWING CR RULE*******
2026-04-14 13:11:09,417 - INFO - Iteracja 0: condition_best: Dewpoint <= 39.45, quality_best: 0.564, coverage_best: (p=165, n=43, P=284, N=738)
2026-04-14 13:11:09,417 - INFO - Regula po iteracji 0: IF Dewpoint <= 39.45 THEN class = {44.05} [37.13, 50.96], (p=165, n=43, P=284, N=738)
2026-04-14 13:11:09,417 - INFO - *****GROWING RR RULE*****
2026-04-14 13:11:09,863 - INFO - Iteracja 0: condition_best: None, quality_best: -inf, coverage_best: (p=0, n=0, P=0, N=0), p_value: 0
2026-04-14 13:11:09,864 - INFO - Regula po iteracji 0: IF  THEN class = {61.52} [46.93, 76.11], (p=594, n=428, P=594, N=428)
2026-04-14 13:11:09,864 - INFO - *****STOP GROWING RR RULE*****
2026-04-14 13:11:09,864 - INFO - ***RR NOT FOUND***
2026-04-14 13:11:09,935 - INFO - Iteracja 1: condition_best: Min_temperature <= 40.80, quality_best: 0.569, coverage_best: (p=119, n=56, P=146, N=876)
2026-04-14 13:11:09,935 - INFO - Regula po iteracji 1: IF Dewpoint <= 39.45 AND Min_temperature <= 40.80 THEN class = {42.08} [37.73, 46.44], (p=119, n=56, P=146, N=876)
2026-04-14 13:11:09,936 - INFO - *****GROWING RR RULE*****
2026-04-14 13:11:10,382 - INFO - Iteracja 0: condition_best: None, quality_best: -inf, coverage_best: (p=0, n=0, P=0, N=0), p_value: 0
2026-04-14 13:11:10,382 - INFO - Regula po iteracji 0: IF  THEN class = {61.52} [46.93, 76.11], (p=594, n=428, P=594, N=428)
2026-04-14 13:11:10,382 - INFO - *****STOP GROWING RR RULE*****
2026-04-14 13:11:10,382 - INFO - ***RR NOT FOUND***
2026-04-14 13:11:10,444 - INFO - Iteracja 2: condition_best: Sea_level_pressure >= 29.93, quality_best: 0.595, coverage_best: (p=116, n=47, P=146, N=876)
2026-04-14 13:11:10,444 - INFO - Regula po iteracji 2: IF Dewpoint <= 39.45 AND Min_temperature <= 40.80 AND Sea_level_pressure >= 29.93 THEN class = {41.94} [37.60, 46.29], (p=116, n=47, P=146, N=876)
2026-04-14 13:11:10,445 - INFO - *****GROWING RR RULE*****
2026-04-14 13:11:10,886 - INFO - Iteracja 0: condition_best: None, quality_best: -inf, coverage_best: (p=0, n=0, P=0, N=0), p_value: 0
2026-04-14 13:11:10,886 - INFO - Regula po iteracji 0: IF  THEN class = {61.52} [46.93, 76.11], (p=594, n=428, P=594, N=428)
2026-04-14 13:11:10,887 - INFO - *****STOP GROWING RR RULE*****
2026-04-14 13:11:10,887 - INFO - ***RR NOT FOUND***
2026-04-14 13:11:10,945 - INFO - Iteracja 3: condition_best: Standard_pressure <= 8.05, quality_best: 0.596, coverage_best: (p=115, n=46, P=146, N=876)
2026-04-14 13:11:10,945 - INFO - Regula po iteracji 3: IF Dewpoint <= 39.45 AND Min_temperature <= 40.80 AND Sea_level_pressure >= 29.93 AND Standard_pressure <= 8.05 THEN class = {41.94} [37.60, 46.28], (p=115, n=46, P=146, N=876)
2026-04-14 13:11:10,945 - INFO - *****GROWING RR RULE*****
2026-04-14 13:11:11,388 - INFO - Iteracja 0: condition_best: None, quality_best: -inf, coverage_best: (p=0, n=0, P=0, N=0), p_value: 0
2026-04-14 13:11:11,388 - INFO - Regula po iteracji 0: IF  THEN class = {61.52} [46.93, 76.11], (p=594, n=428, P=594, N=428)
2026-04-14 13:11:11,388 - INFO - *****STOP GROWING RR RULE*****
2026-04-14 13:11:11,388 - INFO - ***RR NOT FOUND***
2026-04-14 13:11:11,446 - INFO - Iteracja 4: condition_best: Visibility >= 2.71, quality_best: 0.596, coverage_best: (p=114, n=45, P=146, N=876)
2026-04-14 13:11:11,446 - INFO - Regula po iteracji 4: IF Dewpoint <= 39.45 AND Min_temperature <= 40.80 AND Sea_level_pressure >= 29.93 AND Standard_pressure <= 8.05 AND Visibility >= 2.71 THEN class = {41.91} [37.56, 46.25], (p=114, n=45, P=146, N=876)
2026-04-14 13:11:11,447 - INFO - *****GROWING RR RULE*****
2026-04-14 13:11:11,889 - INFO - Iteracja 0: condition_best: None, quality_best: -inf, coverage_best: (p=0, n=0, P=0, N=0), p_value: 0
2026-04-14 13:11:11,890 - INFO - Regula po iteracji 0: IF  THEN class = {61.52} [46.93, 76.11], (p=594, n=428, P=594, N=428)
2026-04-14 13:11:11,890 - INFO - *****STOP GROWING RR RULE*****
2026-04-14 13:11:11,890 - INFO - ***RR NOT FOUND***
2026-04-14 13:11:11,890 - INFO - *******STOP GROWING CR RULE*******
2026-04-14 13:11:11,893 - INFO - *******GROWING CR RULE*******
2026-04-14 13:11:12,172 - INFO - Iteracja 0: condition_best: Min_temperature >= 55.85, quality_best: 0.562, coverage_best: (p=268, n=124, P=274, N=748)
2026-04-14 13:11:12,172 - INFO - Regula po iteracji 0: IF Min_temperature >= 55.85 THEN class = {77.28} [71.50, 83.05], (p=268, n=124, P=274, N=748)
2026-04-14 13:11:12,172 - INFO - *****GROWING RR RULE*****
2026-04-14 13:11:12,630 - INFO - Iteracja 0: condition_best: None, quality_best: -inf, coverage_best: (p=0, n=0, P=0, N=0), p_value: 0
2026-04-14 13:11:12,630 - INFO - Regula po iteracji 0: IF  THEN class = {61.52} [46.93, 76.11], (p=594, n=428, P=594, N=428)
2026-04-14 13:11:12,630 - INFO - *****STOP GROWING RR RULE*****
2026-04-14 13:11:12,630 - INFO - ***RR NOT FOUND***
2026-04-14 13:11:12,723 - INFO - Iteracja 1: condition_best: Min_temperature <= 70.60, quality_best: 0.606, coverage_best: (p=226, n=90, P=242, N=780)
2026-04-14 13:11:12,723 - INFO - Regula po iteracji 1: IF Min_temperature >= 55.85 AND Min_temperature <= 70.60 THEN class = {75.82} [70.41, 81.22], (p=226, n=90, P=242, N=780)
2026-04-14 13:11:12,723 - INFO - *****GROWING RR RULE*****
2026-04-14 13:11:13,176 - INFO - Iteracja 0: condition_best: None, quality_best: -inf, coverage_best: (p=0, n=0, P=0, N=0), p_value: 0
2026-04-14 13:11:13,176 - INFO - Regula po iteracji 0: IF  THEN class = {61.52} [46.93, 76.11], (p=594, n=428, P=594, N=428)
2026-04-14 13:11:13,177 - INFO - *****STOP GROWING RR RULE*****
2026-04-14 13:11:13,177 - INFO - ***RR NOT FOUND***
2026-04-14 13:11:13,256 - INFO - Iteracja 2: condition_best: Max_temperature <= 99.40, quality_best: 0.614, coverage_best: (p=218, n=87, P=231, N=791)
2026-04-14 13:11:13,256 - INFO - Regula po iteracji 2: IF Min_temperature >= 55.85 AND Min_temperature <= 70.60 AND Max_temperature <= 99.40 THEN class = {75.49} [70.29, 80.70], (p=218, n=87, P=231, N=791)
2026-04-14 13:11:13,256 - INFO - *****GROWING RR RULE*****
2026-04-14 13:11:13,709 - INFO - Iteracja 0: condition_best: None, quality_best: -inf, coverage_best: (p=0, n=0, P=0, N=0), p_value: 0
2026-04-14 13:11:13,710 - INFO - Regula po iteracji 0: IF  THEN class = {61.52} [46.93, 76.11], (p=594, n=428, P=594, N=428)
2026-04-14 13:11:13,710 - INFO - *****STOP GROWING RR RULE*****
2026-04-14 13:11:13,710 - INFO - ***RR NOT FOUND***
2026-04-14 13:11:13,787 - INFO - Iteracja 3: condition_best: Standard_pressure <= 7.75, quality_best: 0.614, coverage_best: (p=206, n=79, P=227, N=795)
2026-04-14 13:11:13,787 - INFO - Regula po iteracji 3: IF Min_temperature >= 55.85 AND Min_temperature <= 70.60 AND Max_temperature <= 99.40 AND Standard_pressure <= 7.75 THEN class = {75.89} [70.85, 80.92], (p=206, n=79, P=227, N=795)
2026-04-14 13:11:13,788 - INFO - *****GROWING RR RULE*****
2026-04-14 13:11:14,240 - INFO - Iteracja 0: condition_best: None, quality_best: -inf, coverage_best: (p=0, n=0, P=0, N=0), p_value: 0
2026-04-14 13:11:14,240 - INFO - Regula po iteracji 0: IF  THEN class = {61.52} [46.93, 76.11], (p=594, n=428, P=594, N=428)
2026-04-14 13:11:14,241 - INFO - *****STOP GROWING RR RULE*****
2026-04-14 13:11:14,241 - INFO - ***RR NOT FOUND***
2026-04-14 13:11:14,314 - INFO - Iteracja 4: condition_best: Visibility >= 3.69, quality_best: 0.62, coverage_best: (p=206, n=77, P=227, N=795)
2026-04-14 13:11:14,315 - INFO - Regula po iteracji 4: IF Min_temperature >= 55.85 AND Min_temperature <= 70.60 AND Max_temperature <= 99.40 AND Standard_pressure <= 7.75 AND Visibility >= 3.69 THEN class = {75.93} [70.90, 80.95], (p=206, n=77, P=227, N=795)
2026-04-14 13:11:14,315 - INFO - *****GROWING RR RULE*****
2026-04-14 13:11:14,766 - INFO - Iteracja 0: condition_best: None, quality_best: -inf, coverage_best: (p=0, n=0, P=0, N=0), p_value: 0
2026-04-14 13:11:14,766 - INFO - Regula po iteracji 0: IF  THEN class = {61.52} [46.93, 76.11], (p=594, n=428, P=594, N=428)
2026-04-14 13:11:14,766 - INFO - *****STOP GROWING RR RULE*****
2026-04-14 13:11:14,766 - INFO - ***RR NOT FOUND***
2026-04-14 13:11:14,766 - INFO - *******STOP GROWING CR RULE*******
2026-04-14 13:11:14,769 - INFO - *******GROWING CR RULE*******
2026-04-14 13:11:15,049 - INFO - Iteracja 0: condition_best: Min_temperature >= 54.40, quality_best: 0.558, coverage_best: (p=278, n=131, P=279, N=743)
2026-04-14 13:11:15,049 - INFO - Regula po iteracji 0: IF Min_temperature >= 54.40 THEN class = {76.88} [70.84, 82.91], (p=278, n=131, P=279, N=743)
2026-04-14 13:11:15,049 - INFO - *****GROWING RR RULE*****
2026-04-14 13:11:15,509 - INFO - Iteracja 0: condition_best: None, quality_best: -inf, coverage_best: (p=0, n=0, P=0, N=0), p_value: 0
2026-04-14 13:11:15,509 - INFO - Regula po iteracji 0: IF  THEN class = {61.52} [46.93, 76.11], (p=594, n=428, P=594, N=428)
2026-04-14 13:11:15,509 - INFO - *****STOP GROWING RR RULE*****
2026-04-14 13:11:15,509 - INFO - ***RR NOT FOUND***
2026-04-14 13:11:15,606 - INFO - Iteracja 1: condition_best: Min_temperature <= 71.30, quality_best: 0.592, coverage_best: (p=238, n=103, P=246, N=776)
2026-04-14 13:11:15,606 - INFO - Regula po iteracji 1: IF Min_temperature >= 54.40 AND Min_temperature <= 71.30 THEN class = {75.54} [69.87, 81.20], (p=238, n=103, P=246, N=776)
2026-04-14 13:11:15,607 - INFO - *****GROWING RR RULE*****
2026-04-14 13:11:16,062 - INFO - Iteracja 0: condition_best: None, quality_best: -inf, coverage_best: (p=0, n=0, P=0, N=0), p_value: 0
2026-04-14 13:11:16,063 - INFO - Regula po iteracji 0: IF  THEN class = {61.52} [46.93, 76.11], (p=594, n=428, P=594, N=428)
2026-04-14 13:11:16,063 - INFO - *****STOP GROWING RR RULE*****
2026-04-14 13:11:16,063 - INFO - ***RR NOT FOUND***
2026-04-14 13:11:16,148 - INFO - Iteracja 2: condition_best: Sea_level_pressure <= 30.05, quality_best: 0.615, coverage_best: (p=233, n=91, P=245, N=777)
2026-04-14 13:11:16,148 - INFO - Regula po iteracji 2: IF Min_temperature >= 54.40 AND Min_temperature <= 71.30 AND Sea_level_pressure <= 30.05 THEN class = {75.94} [70.48, 81.39], (p=233, n=91, P=245, N=777)
2026-04-14 13:11:16,148 - INFO - *****GROWING RR RULE*****
2026-04-14 13:11:16,603 - INFO - Iteracja 0: condition_best: None, quality_best: -inf, coverage_best: (p=0, n=0, P=0, N=0), p_value: 0
2026-04-14 13:11:16,603 - INFO - Regula po iteracji 0: IF  THEN class = {61.52} [46.93, 76.11], (p=594, n=428, P=594, N=428)
2026-04-14 13:11:16,604 - INFO - *****STOP GROWING RR RULE*****
2026-04-14 13:11:16,604 - INFO - ***RR NOT FOUND***
2026-04-14 13:11:16,683 - INFO - Iteracja 3: condition_best: Max_temperature <= 97.80, quality_best: 0.631, coverage_best: (p=224, n=85, P=233, N=789)
2026-04-14 13:11:16,683 - INFO - Regula po iteracji 3: IF Min_temperature >= 54.40 AND Min_temperature <= 71.30 AND Sea_level_pressure <= 30.05 AND Max_temperature <= 97.80 THEN class = {75.55} [70.29, 80.82], (p=224, n=85, P=233, N=789)
2026-04-14 13:11:16,684 - INFO - *****GROWING RR RULE*****
2026-04-14 13:11:17,139 - INFO - Iteracja 0: condition_best: None, quality_best: -inf, coverage_best: (p=0, n=0, P=0, N=0), p_value: 0
2026-04-14 13:11:17,140 - INFO - Regula po iteracji 0: IF  THEN class = {61.52} [46.93, 76.11], (p=594, n=428, P=594, N=428)
2026-04-14 13:11:17,140 - INFO - *****STOP GROWING RR RULE*****
2026-04-14 13:11:17,140 - INFO - ***RR NOT FOUND***
2026-04-14 13:11:17,218 - INFO - Iteracja 4: condition_best: Precipitation <= 0.25, quality_best: 0.636, coverage_best: (p=221, n=82, P=231, N=791)
2026-04-14 13:11:17,218 - INFO - Regula po iteracji 4: IF Min_temperature >= 54.40 AND Min_temperature <= 71.30 AND Sea_level_pressure <= 30.05 AND Max_temperature <= 97.80 AND Precipitation <= 0.25 THEN class = {75.65} [70.50, 80.81], (p=221, n=82, P=231, N=791)
2026-04-14 13:11:17,219 - INFO - *****GROWING RR RULE*****
2026-04-14 13:11:17,672 - INFO - Iteracja 0: condition_best: None, quality_best: -inf, coverage_best: (p=0, n=0, P=0, N=0), p_value: 0
2026-04-14 13:11:17,672 - INFO - Regula po iteracji 0: IF  THEN class = {61.52} [46.93, 76.11], (p=594, n=428, P=594, N=428)
2026-04-14 13:11:17,672 - INFO - *****STOP GROWING RR RULE*****
2026-04-14 13:11:17,672 - INFO - ***RR NOT FOUND***
2026-04-14 13:11:17,672 - INFO - *******STOP GROWING CR RULE*******
2026-04-14 13:11:17,675 - INFO - *******GROWING CR RULE*******
2026-04-14 13:11:17,952 - INFO - Iteracja 0: condition_best: Max_temperature <= 53.00, quality_best: 0.558, coverage_best: (p=83, n=39, P=112, N=910)
2026-04-14 13:11:17,952 - INFO - Regula po iteracji 0: IF Max_temperature <= 53.00 THEN class = {40.82} [36.95, 44.69], (p=83, n=39, P=112, N=910)
2026-04-14 13:11:17,952 - INFO - *****GROWING RR RULE*****
2026-04-14 13:11:18,392 - INFO - Iteracja 0: condition_best: None, quality_best: -inf, coverage_best: (p=0, n=0, P=0, N=0), p_value: 0
2026-04-14 13:11:18,392 - INFO - Regula po iteracji 0: IF  THEN class = {61.52} [46.93, 76.11], (p=594, n=428, P=594, N=428)
2026-04-14 13:11:18,393 - INFO - *****STOP GROWING RR RULE*****
2026-04-14 13:11:18,393 - INFO - ***RR NOT FOUND***
2026-04-14 13:11:18,443 - INFO - Iteracja 1: condition_best: Dewpoint <= 42.25, quality_best: 0.597, coverage_best: (p=79, n=34, P=100, N=922)
2026-04-14 13:11:18,443 - INFO - Regula po iteracji 1: IF Max_temperature <= 53.00 AND Dewpoint <= 42.25 THEN class = {40.34} [36.79, 43.88], (p=79, n=34, P=100, N=922)
2026-04-14 13:11:18,443 - INFO - *****GROWING RR RULE*****
2026-04-14 13:11:18,882 - INFO - Iteracja 0: condition_best: None, quality_best: -inf, coverage_best: (p=0, n=0, P=0, N=0), p_value: 0
2026-04-14 13:11:18,883 - INFO - Regula po iteracji 0: IF  THEN class = {61.52} [46.93, 76.11], (p=594, n=428, P=594, N=428)
2026-04-14 13:11:18,883 - INFO - *****STOP GROWING RR RULE*****
2026-04-14 13:11:18,883 - INFO - ***RR NOT FOUND***
2026-04-14 13:11:18,928 - INFO - Iteracja 2: condition_best: Wind_speed <= 38.00, quality_best: 0.591, coverage_best: (p=77, n=33, P=100, N=922)
2026-04-14 13:11:18,928 - INFO - Regula po iteracji 2: IF Max_temperature <= 53.00 AND Dewpoint <= 42.25 AND Wind_speed <= 38.00 THEN class = {40.30} [36.74, 43.85], (p=77, n=33, P=100, N=922)
2026-04-14 13:11:18,928 - INFO - *****GROWING RR RULE*****
2026-04-14 13:11:19,366 - INFO - Iteracja 0: condition_best: None, quality_best: -inf, coverage_best: (p=0, n=0, P=0, N=0), p_value: 0
2026-04-14 13:11:19,367 - INFO - Regula po iteracji 0: IF  THEN class = {61.52} [46.93, 76.11], (p=594, n=428, P=594, N=428)
2026-04-14 13:11:19,367 - INFO - *****STOP GROWING RR RULE*****
2026-04-14 13:11:19,367 - INFO - ***RR NOT FOUND***
2026-04-14 13:11:19,411 - INFO - Iteracja 3: condition_best: Max_temperature >= 37.95, quality_best: 0.588, coverage_best: (p=76, n=33, P=99, N=923)
2026-04-14 13:11:19,412 - INFO - Regula po iteracji 3: IF Max_temperature <= 53.00 AND Dewpoint <= 42.25 AND Wind_speed <= 38.00 AND Max_temperature >= 37.95 THEN class = {40.34} [36.81, 43.88], (p=76, n=33, P=99, N=923)
2026-04-14 13:11:19,412 - INFO - *****GROWING RR RULE*****
2026-04-14 13:11:19,855 - INFO - Iteracja 0: condition_best: None, quality_best: -inf, coverage_best: (p=0, n=0, P=0, N=0), p_value: 0
2026-04-14 13:11:19,855 - INFO - Regula po iteracji 0: IF  THEN class = {61.52} [46.93, 76.11], (p=594, n=428, P=594, N=428)
2026-04-14 13:11:19,855 - INFO - *****STOP GROWING RR RULE*****
2026-04-14 13:11:19,855 - INFO - ***RR NOT FOUND***
2026-04-14 13:11:19,901 - INFO - Iteracja 4: condition_best: Dewpoint <= 42.10, quality_best: 0.591, coverage_best: (p=76, n=32, P=100, N=922)
2026-04-14 13:11:19,901 - INFO - Regula po iteracji 4: IF Max_temperature <= 53.00 AND Dewpoint <= 42.25 AND Wind_speed <= 38.00 AND Max_temperature >= 37.95 AND Dewpoint <= 42.10 THEN class = {40.32} [36.78, 43.86], (p=76, n=32, P=100, N=922)
2026-04-14 13:11:19,902 - INFO - *****GROWING RR RULE*****
2026-04-14 13:11:20,343 - INFO - Iteracja 0: condition_best: None, quality_best: -inf, coverage_best: (p=0, n=0, P=0, N=0), p_value: 0
2026-04-14 13:11:20,343 - INFO - Regula po iteracji 0: IF  THEN class = {61.52} [46.93, 76.11], (p=594, n=428, P=594, N=428)
2026-04-14 13:11:20,343 - INFO - *****STOP GROWING RR RULE*****
2026-04-14 13:11:20,343 - INFO - ***RR NOT FOUND***
2026-04-14 13:11:20,343 - INFO - *******STOP GROWING CR RULE*******
2026-04-14 13:11:20,346 - INFO - *******GROWING CR RULE*******
2026-04-14 13:11:20,625 - INFO - Iteracja 0: condition_best: Max_temperature <= 53.00, quality_best: 0.558, coverage_best: (p=83, n=39, P=112, N=910)
2026-04-14 13:11:20,625 - INFO - Regula po iteracji 0: IF Max_temperature <= 53.00 THEN class = {40.82} [36.95, 44.69], (p=83, n=39, P=112, N=910)
2026-04-14 13:11:20,626 - INFO - *****GROWING RR RULE*****
2026-04-14 13:11:21,067 - INFO - Iteracja 0: condition_best: None, quality_best: -inf, coverage_best: (p=0, n=0, P=0, N=0), p_value: 0
2026-04-14 13:11:21,068 - INFO - Regula po iteracji 0: IF  THEN class = {61.52} [46.93, 76.11], (p=594, n=428, P=594, N=428)
2026-04-14 13:11:21,068 - INFO - *****STOP GROWING RR RULE*****
2026-04-14 13:11:21,068 - INFO - ***RR NOT FOUND***
2026-04-14 13:11:21,115 - INFO - Iteracja 1: condition_best: Standard_pressure >= 3.30, quality_best: 0.571, coverage_best: (p=82, n=37, P=109, N=913)
2026-04-14 13:11:21,115 - INFO - Regula po iteracji 1: IF Max_temperature <= 53.00 AND Standard_pressure >= 3.30 THEN class = {40.73} [36.87, 44.59], (p=82, n=37, P=109, N=913)
2026-04-14 13:11:21,116 - INFO - *****GROWING RR RULE*****
2026-04-14 13:11:21,562 - INFO - Iteracja 0: condition_best: None, quality_best: -inf, coverage_best: (p=0, n=0, P=0, N=0), p_value: 0
2026-04-14 13:11:21,562 - INFO - Regula po iteracji 0: IF  THEN class = {61.52} [46.93, 76.11], (p=594, n=428, P=594, N=428)
2026-04-14 13:11:21,562 - INFO - *****STOP GROWING RR RULE*****
2026-04-14 13:11:21,562 - INFO - ***RR NOT FOUND***
2026-04-14 13:11:21,615 - INFO - Iteracja 2: condition_best: Wind_speed <= 35.65, quality_best: 0.571, coverage_best: (p=81, n=34, P=114, N=908)
2026-04-14 13:11:21,615 - INFO - Regula po iteracji 2: IF Max_temperature <= 53.00 AND Standard_pressure >= 3.30 AND Wind_speed <= 35.65 THEN class = {40.75} [36.89, 44.61], (p=81, n=34, P=114, N=908)
2026-04-14 13:11:21,616 - INFO - *****GROWING RR RULE*****
2026-04-14 13:11:22,071 - INFO - Iteracja 0: condition_best: None, quality_best: -inf, coverage_best: (p=0, n=0, P=0, N=0), p_value: 0
2026-04-14 13:11:22,071 - INFO - Regula po iteracji 0: IF  THEN class = {61.52} [46.93, 76.11], (p=594, n=428, P=594, N=428)
2026-04-14 13:11:22,071 - INFO - *****STOP GROWING RR RULE*****
2026-04-14 13:11:22,071 - INFO - ***RR NOT FOUND***
2026-04-14 13:11:22,119 - INFO - Iteracja 3: condition_best: Standard_pressure >= 3.90, quality_best: 0.572, coverage_best: (p=79, n=34, P=109, N=913)
2026-04-14 13:11:22,119 - INFO - Regula po iteracji 3: IF Max_temperature <= 53.00 AND Standard_pressure >= 3.30 AND Wind_speed <= 35.65 AND Standard_pressure >= 3.90 THEN class = {40.67} [36.83, 44.50], (p=79, n=34, P=109, N=913)
2026-04-14 13:11:22,120 - INFO - *****GROWING RR RULE*****
2026-04-14 13:11:22,561 - INFO - Iteracja 0: condition_best: None, quality_best: -inf, coverage_best: (p=0, n=0, P=0, N=0), p_value: 0
2026-04-14 13:11:22,561 - INFO - Regula po iteracji 0: IF  THEN class = {61.52} [46.93, 76.11], (p=594, n=428, P=594, N=428)
2026-04-14 13:11:22,562 - INFO - *****STOP GROWING RR RULE*****
2026-04-14 13:11:22,562 - INFO - ***RR NOT FOUND***
2026-04-14 13:11:22,610 - INFO - Iteracja 4: condition_best: Max_wind_speed >= 28.71, quality_best: 0.57, coverage_best: (p=78, n=33, P=110, N=912)
2026-04-14 13:11:22,610 - INFO - Regula po iteracji 4: IF Max_temperature <= 53.00 AND Standard_pressure >= 3.30 AND Wind_speed <= 35.65 AND Standard_pressure >= 3.90 AND Max_wind_speed >= 28.71 THEN class = {40.65} [36.79, 44.52], (p=78, n=33, P=110, N=912)
2026-04-14 13:11:22,610 - INFO - *****GROWING RR RULE*****
2026-04-14 13:11:23,050 - INFO - Iteracja 0: condition_best: None, quality_best: -inf, coverage_best: (p=0, n=0, P=0, N=0), p_value: 0
2026-04-14 13:11:23,051 - INFO - Regula po iteracji 0: IF  THEN class = {61.52} [46.93, 76.11], (p=594, n=428, P=594, N=428)
2026-04-14 13:11:23,051 - INFO - *****STOP GROWING RR RULE*****
2026-04-14 13:11:23,051 - INFO - ***RR NOT FOUND***
2026-04-14 13:11:23,051 - INFO - *******STOP GROWING CR RULE*******
2026-04-14 13:11:23,054 - INFO - *******GROWING CR RULE*******
2026-04-14 13:11:23,334 - INFO - Iteracja 0: condition_best: Dewpoint <= 42.15, quality_best: 0.556, coverage_best: (p=222, n=53, P=372, N=650)
2026-04-14 13:11:23,334 - INFO - Regula po iteracji 0: IF Dewpoint <= 42.15 THEN class = {45.90} [37.69, 54.11], (p=222, n=53, P=372, N=650)
2026-04-14 13:11:23,335 - INFO - *****GROWING RR RULE*****
2026-04-14 13:11:23,788 - INFO - Iteracja 0: condition_best: None, quality_best: -inf, coverage_best: (p=0, n=0, P=0, N=0), p_value: 0
2026-04-14 13:11:23,788 - INFO - Regula po iteracji 0: IF  THEN class = {61.52} [46.93, 76.11], (p=594, n=428, P=594, N=428)
2026-04-14 13:11:23,788 - INFO - *****STOP GROWING RR RULE*****
2026-04-14 13:11:23,788 - INFO - ***RR NOT FOUND***
2026-04-14 13:11:23,881 - INFO - Iteracja 1: condition_best: Max_temperature >= 44.50, quality_best: 0.575, coverage_best: (p=213, n=42, P=381, N=641)
2026-04-14 13:11:23,881 - INFO - Regula po iteracji 1: IF Dewpoint <= 42.15 AND Max_temperature >= 44.50 THEN class = {46.58} [38.47, 54.69], (p=213, n=42, P=381, N=641)
2026-04-14 13:11:23,882 - INFO - *****GROWING RR RULE*****
2026-04-14 13:11:24,332 - INFO - Iteracja 0: condition_best: None, quality_best: -inf, coverage_best: (p=0, n=0, P=0, N=0), p_value: 0
2026-04-14 13:11:24,332 - INFO - Regula po iteracji 0: IF  THEN class = {61.52} [46.93, 76.11], (p=594, n=428, P=594, N=428)
2026-04-14 13:11:24,332 - INFO - *****STOP GROWING RR RULE*****
2026-04-14 13:11:24,333 - INFO - ***RR NOT FOUND***
2026-04-14 13:11:24,422 - INFO - Iteracja 2: condition_best: Dewpoint <= 42.05, quality_best: 0.58, coverage_best: (p=211, n=40, P=381, N=641)
2026-04-14 13:11:24,422 - INFO - Regula po iteracji 2: IF Dewpoint <= 42.15 AND Max_temperature >= 44.50 AND Dewpoint <= 42.05 THEN class = {46.47} [38.39, 54.54], (p=211, n=40, P=381, N=641)
2026-04-14 13:11:24,423 - INFO - *****GROWING RR RULE*****
2026-04-14 13:11:24,874 - INFO - Iteracja 0: condition_best: None, quality_best: -inf, coverage_best: (p=0, n=0, P=0, N=0), p_value: 0
2026-04-14 13:11:24,874 - INFO - Regula po iteracji 0: IF  THEN class = {61.52} [46.93, 76.11], (p=594, n=428, P=594, N=428)
2026-04-14 13:11:24,874 - INFO - *****STOP GROWING RR RULE*****
2026-04-14 13:11:24,874 - INFO - ***RR NOT FOUND***
2026-04-14 13:11:24,961 - INFO - Iteracja 3: condition_best: Standard_pressure <= 7.95, quality_best: 0.58, coverage_best: (p=209, n=39, P=381, N=641)
2026-04-14 13:11:24,962 - INFO - Regula po iteracji 3: IF Dewpoint <= 42.15 AND Max_temperature >= 44.50 AND Dewpoint <= 42.05 AND Standard_pressure <= 7.95 THEN class = {46.49} [38.39, 54.59], (p=209, n=39, P=381, N=641)
2026-04-14 13:11:24,962 - INFO - *****GROWING RR RULE*****
2026-04-14 13:11:25,412 - INFO - Iteracja 0: condition_best: None, quality_best: -inf, coverage_best: (p=0, n=0, P=0, N=0), p_value: 0
2026-04-14 13:11:25,413 - INFO - Regula po iteracji 0: IF  THEN class = {61.52} [46.93, 76.11], (p=594, n=428, P=594, N=428)
2026-04-14 13:11:25,413 - INFO - *****STOP GROWING RR RULE*****
2026-04-14 13:11:25,413 - INFO - ***RR NOT FOUND***
2026-04-14 13:11:25,500 - INFO - Iteracja 4: condition_best: Max_temperature <= 57.30, quality_best: 0.581, coverage_best: (p=108, n=49, P=133, N=889)
2026-04-14 13:11:25,501 - INFO - Regula po iteracji 4: IF Dewpoint <= 42.15 AND Max_temperature >= 44.50 AND Dewpoint <= 42.05 AND Standard_pressure <= 7.95 AND Max_temperature <= 57.30 THEN class = {42.61} [38.90, 46.31], (p=108, n=49, P=133, N=889)
2026-04-14 13:11:25,501 - INFO - *****GROWING RR RULE*****
2026-04-14 13:11:25,944 - INFO - Iteracja 0: condition_best: None, quality_best: -inf, coverage_best: (p=0, n=0, P=0, N=0), p_value: 0
2026-04-14 13:11:25,945 - INFO - Regula po iteracji 0: IF  THEN class = {61.52} [46.93, 76.11], (p=594, n=428, P=594, N=428)
2026-04-14 13:11:25,945 - INFO - *****STOP GROWING RR RULE*****
2026-04-14 13:11:25,945 - INFO - ***RR NOT FOUND***
2026-04-14 13:11:25,945 - INFO - *******STOP GROWING CR RULE*******
2026-04-14 13:11:25,948 - INFO - *******GROWING CR RULE*******
2026-04-14 13:11:26,222 - INFO - Iteracja 0: condition_best: Dewpoint <= 42.15, quality_best: 0.556, coverage_best: (p=222, n=53, P=372, N=650)
2026-04-14 13:11:26,222 - INFO - Regula po iteracji 0: IF Dewpoint <= 42.15 THEN class = {45.90} [37.69, 54.11], (p=222, n=53, P=372, N=650)
2026-04-14 13:11:26,223 - INFO - *****GROWING RR RULE*****
2026-04-14 13:11:26,678 - INFO - Iteracja 0: condition_best: None, quality_best: -inf, coverage_best: (p=0, n=0, P=0, N=0), p_value: 0
2026-04-14 13:11:26,678 - INFO - Regula po iteracji 0: IF  THEN class = {61.52} [46.93, 76.11], (p=594, n=428, P=594, N=428)
2026-04-14 13:11:26,678 - INFO - *****STOP GROWING RR RULE*****
2026-04-14 13:11:26,678 - INFO - ***RR NOT FOUND***
2026-04-14 13:11:26,771 - INFO - Iteracja 1: condition_best: Max_temperature >= 44.50, quality_best: 0.575, coverage_best: (p=213, n=42, P=381, N=641)
2026-04-14 13:11:26,771 - INFO - Regula po iteracji 1: IF Dewpoint <= 42.15 AND Max_temperature >= 44.50 THEN class = {46.58} [38.47, 54.69], (p=213, n=42, P=381, N=641)
2026-04-14 13:11:26,771 - INFO - *****GROWING RR RULE*****
2026-04-14 13:11:27,221 - INFO - Iteracja 0: condition_best: None, quality_best: -inf, coverage_best: (p=0, n=0, P=0, N=0), p_value: 0
2026-04-14 13:11:27,222 - INFO - Regula po iteracji 0: IF  THEN class = {61.52} [46.93, 76.11], (p=594, n=428, P=594, N=428)
2026-04-14 13:11:27,222 - INFO - *****STOP GROWING RR RULE*****
2026-04-14 13:11:27,222 - INFO - ***RR NOT FOUND***
2026-04-14 13:11:27,307 - INFO - Iteracja 2: condition_best: Dewpoint <= 42.05, quality_best: 0.58, coverage_best: (p=211, n=40, P=381, N=641)
2026-04-14 13:11:27,307 - INFO - Regula po iteracji 2: IF Dewpoint <= 42.15 AND Max_temperature >= 44.50 AND Dewpoint <= 42.05 THEN class = {46.47} [38.39, 54.54], (p=211, n=40, P=381, N=641)
2026-04-14 13:11:27,307 - INFO - *****GROWING RR RULE*****
2026-04-14 13:11:27,755 - INFO - Iteracja 0: condition_best: None, quality_best: -inf, coverage_best: (p=0, n=0, P=0, N=0), p_value: 0
2026-04-14 13:11:27,756 - INFO - Regula po iteracji 0: IF  THEN class = {61.52} [46.93, 76.11], (p=594, n=428, P=594, N=428)
2026-04-14 13:11:27,756 - INFO - *****STOP GROWING RR RULE*****
2026-04-14 13:11:27,756 - INFO - ***RR NOT FOUND***
2026-04-14 13:11:27,843 - INFO - Iteracja 3: condition_best: Standard_pressure <= 7.95, quality_best: 0.58, coverage_best: (p=209, n=39, P=381, N=641)
2026-04-14 13:11:27,843 - INFO - Regula po iteracji 3: IF Dewpoint <= 42.15 AND Max_temperature >= 44.50 AND Dewpoint <= 42.05 AND Standard_pressure <= 7.95 THEN class = {46.49} [38.39, 54.59], (p=209, n=39, P=381, N=641)
2026-04-14 13:11:27,843 - INFO - *****GROWING RR RULE*****
2026-04-14 13:11:28,293 - INFO - Iteracja 0: condition_best: None, quality_best: -inf, coverage_best: (p=0, n=0, P=0, N=0), p_value: 0
2026-04-14 13:11:28,293 - INFO - Regula po iteracji 0: IF  THEN class = {61.52} [46.93, 76.11], (p=594, n=428, P=594, N=428)
2026-04-14 13:11:28,294 - INFO - *****STOP GROWING RR RULE*****
2026-04-14 13:11:28,294 - INFO - ***RR NOT FOUND***
2026-04-14 13:11:28,380 - INFO - Iteracja 4: condition_best: Precipitation <= 2.00, quality_best: 0.578, coverage_best: (p=208, n=39, P=381, N=641)
2026-04-14 13:11:28,380 - INFO - Regula po iteracji 4: IF Dewpoint <= 42.15 AND Max_temperature >= 44.50 AND Dewpoint <= 42.05 AND Standard_pressure <= 7.95 AND Precipitation <= 2.00 THEN class = {46.48} [38.36, 54.60], (p=208, n=39, P=381, N=641)
2026-04-14 13:11:28,380 - INFO - *****GROWING RR RULE*****
2026-04-14 13:11:28,831 - INFO - Iteracja 0: condition_best: None, quality_best: -inf, coverage_best: (p=0, n=0, P=0, N=0), p_value: 0
2026-04-14 13:11:28,832 - INFO - Regula po iteracji 0: IF  THEN class = {61.52} [46.93, 76.11], (p=594, n=428, P=594, N=428)
2026-04-14 13:11:28,832 - INFO - *****STOP GROWING RR RULE*****
2026-04-14 13:11:28,832 - INFO - ***RR NOT FOUND***
2026-04-14 13:11:28,832 - INFO - *******STOP GROWING CR RULE*******
2026-04-14 13:11:28,834 - INFO - *******GROWING CR RULE*******
2026-04-14 13:11:29,108 - INFO - Iteracja 0: condition_best: Dewpoint <= 42.85, quality_best: 0.551, coverage_best: (p=241, n=59, P=391, N=631)
2026-04-14 13:11:29,108 - INFO - Regula po iteracji 0: IF Dewpoint <= 42.85 THEN class = {46.50} [38.00, 55.00], (p=241, n=59, P=391, N=631)
2026-04-14 13:11:29,108 - INFO - *****GROWING RR RULE*****
2026-04-14 13:11:29,559 - INFO - Iteracja 0: condition_best: None, quality_best: -inf, coverage_best: (p=0, n=0, P=0, N=0), p_value: 0
2026-04-14 13:11:29,559 - INFO - Regula po iteracji 0: IF  THEN class = {61.52} [46.93, 76.11], (p=594, n=428, P=594, N=428)
2026-04-14 13:11:29,559 - INFO - *****STOP GROWING RR RULE*****
2026-04-14 13:11:29,559 - INFO - ***RR NOT FOUND***
2026-04-14 13:11:29,657 - INFO - Iteracja 1: condition_best: Max_temperature <= 59.10, quality_best: 0.578, coverage_best: (p=138, n=69, P=153, N=869)
2026-04-14 13:11:29,657 - INFO - Regula po iteracji 1: IF Dewpoint <= 42.85 AND Max_temperature <= 59.10 THEN class = {42.68} [38.45, 46.90], (p=138, n=69, P=153, N=869)
2026-04-14 13:11:29,657 - INFO - *****GROWING RR RULE*****
2026-04-14 13:11:30,108 - INFO - Iteracja 0: condition_best: None, quality_best: -inf, coverage_best: (p=0, n=0, P=0, N=0), p_value: 0
2026-04-14 13:11:30,108 - INFO - Regula po iteracji 0: IF  THEN class = {61.52} [46.93, 76.11], (p=594, n=428, P=594, N=428)
2026-04-14 13:11:30,108 - INFO - *****STOP GROWING RR RULE*****
2026-04-14 13:11:30,108 - INFO - ***RR NOT FOUND***
2026-04-14 13:11:30,179 - INFO - Iteracja 2: condition_best: Min_temperature <= 44.50, quality_best: 0.594, coverage_best: (p=135, n=66, P=146, N=876)
2026-04-14 13:11:30,179 - INFO - Regula po iteracji 2: IF Dewpoint <= 42.85 AND Max_temperature <= 59.10 AND Min_temperature <= 44.50 THEN class = {42.48} [38.36, 46.60], (p=135, n=66, P=146, N=876)
2026-04-14 13:11:30,180 - INFO - *****GROWING RR RULE*****
2026-04-14 13:11:30,626 - INFO - Iteracja 0: condition_best: None, quality_best: -inf, coverage_best: (p=0, n=0, P=0, N=0), p_value: 0
2026-04-14 13:11:30,626 - INFO - Regula po iteracji 0: IF  THEN class = {61.52} [46.93, 76.11], (p=594, n=428, P=594, N=428)
2026-04-14 13:11:30,626 - INFO - *****STOP GROWING RR RULE*****
2026-04-14 13:11:30,626 - INFO - ***RR NOT FOUND***
2026-04-14 13:11:30,695 - INFO - Iteracja 3: condition_best: Standard_pressure <= 9.75, quality_best: 0.597, coverage_best: (p=135, n=65, P=146, N=876)
2026-04-14 13:11:30,696 - INFO - Regula po iteracji 3: IF Dewpoint <= 42.85 AND Max_temperature <= 59.10 AND Min_temperature <= 44.50 AND Standard_pressure <= 9.75 THEN class = {42.50} [38.38, 46.62], (p=135, n=65, P=146, N=876)
2026-04-14 13:11:30,696 - INFO - *****GROWING RR RULE*****
2026-04-14 13:11:31,142 - INFO - Iteracja 0: condition_best: None, quality_best: -inf, coverage_best: (p=0, n=0, P=0, N=0), p_value: 0
2026-04-14 13:11:31,142 - INFO - Regula po iteracji 0: IF  THEN class = {61.52} [46.93, 76.11], (p=594, n=428, P=594, N=428)
2026-04-14 13:11:31,142 - INFO - *****STOP GROWING RR RULE*****
2026-04-14 13:11:31,142 - INFO - ***RR NOT FOUND***
2026-04-14 13:11:31,211 - INFO - Iteracja 4: condition_best: Visibility <= 28.15, quality_best: 0.6, coverage_best: (p=134, n=64, P=145, N=877)
2026-04-14 13:11:31,211 - INFO - Regula po iteracji 4: IF Dewpoint <= 42.85 AND Max_temperature <= 59.10 AND Min_temperature <= 44.50 AND Standard_pressure <= 9.75 AND Visibility <= 28.15 THEN class = {42.57} [38.49, 46.65], (p=134, n=64, P=145, N=877)
2026-04-14 13:11:31,211 - INFO - *****GROWING RR RULE*****
2026-04-14 13:11:31,658 - INFO - Iteracja 0: condition_best: None, quality_best: -inf, coverage_best: (p=0, n=0, P=0, N=0), p_value: 0
2026-04-14 13:11:31,659 - INFO - Regula po iteracji 0: IF  THEN class = {61.52} [46.93, 76.11], (p=594, n=428, P=594, N=428)
2026-04-14 13:11:31,659 - INFO - *****STOP GROWING RR RULE*****
2026-04-14 13:11:31,659 - INFO - ***RR NOT FOUND***
2026-04-14 13:11:31,659 - INFO - *******STOP GROWING CR RULE*******
2026-04-14 13:11:31,662 - INFO - *******GROWING CR RULE*******
2026-04-14 13:11:31,935 - INFO - Iteracja 0: condition_best: Dewpoint <= 42.85, quality_best: 0.551, coverage_best: (p=241, n=59, P=391, N=631)
2026-04-14 13:11:31,935 - INFO - Regula po iteracji 0: IF Dewpoint <= 42.85 THEN class = {46.50} [38.00, 55.00], (p=241, n=59, P=391, N=631)
2026-04-14 13:11:31,935 - INFO - *****GROWING RR RULE*****
2026-04-14 13:11:32,388 - INFO - Iteracja 0: condition_best: None, quality_best: -inf, coverage_best: (p=0, n=0, P=0, N=0), p_value: 0
2026-04-14 13:11:32,388 - INFO - Regula po iteracji 0: IF  THEN class = {61.52} [46.93, 76.11], (p=594, n=428, P=594, N=428)
2026-04-14 13:11:32,388 - INFO - *****STOP GROWING RR RULE*****
2026-04-14 13:11:32,388 - INFO - ***RR NOT FOUND***
2026-04-14 13:11:32,483 - INFO - Iteracja 1: condition_best: Max_temperature >= 43.10, quality_best: 0.566, coverage_best: (p=237, n=52, P=394, N=628)
2026-04-14 13:11:32,483 - INFO - Regula po iteracji 1: IF Dewpoint <= 42.85 AND Max_temperature >= 43.10 THEN class = {46.88} [38.47, 55.29], (p=237, n=52, P=394, N=628)
2026-04-14 13:11:32,484 - INFO - *****GROWING RR RULE*****
2026-04-14 13:11:32,934 - INFO - Iteracja 0: condition_best: None, quality_best: -inf, coverage_best: (p=0, n=0, P=0, N=0), p_value: 0
2026-04-14 13:11:32,934 - INFO - Regula po iteracji 0: IF  THEN class = {61.52} [46.93, 76.11], (p=594, n=428, P=594, N=428)
2026-04-14 13:11:32,934 - INFO - *****STOP GROWING RR RULE*****
2026-04-14 13:11:32,934 - INFO - ***RR NOT FOUND***
2026-04-14 13:11:33,027 - INFO - Iteracja 2: condition_best: Dewpoint <= 42.45, quality_best: 0.574, coverage_best: (p=228, n=49, P=381, N=641)
2026-04-14 13:11:33,027 - INFO - Regula po iteracji 2: IF Dewpoint <= 42.85 AND Max_temperature >= 43.10 AND Dewpoint <= 42.45 THEN class = {46.46} [38.37, 54.54], (p=228, n=49, P=381, N=641)
2026-04-14 13:11:33,027 - INFO - *****GROWING RR RULE*****
2026-04-14 13:11:33,478 - INFO - Iteracja 0: condition_best: None, quality_best: -inf, coverage_best: (p=0, n=0, P=0, N=0), p_value: 0
2026-04-14 13:11:33,479 - INFO - Regula po iteracji 0: IF  THEN class = {61.52} [46.93, 76.11], (p=594, n=428, P=594, N=428)
2026-04-14 13:11:33,479 - INFO - *****STOP GROWING RR RULE*****
2026-04-14 13:11:33,479 - INFO - ***RR NOT FOUND***
2026-04-14 13:11:33,568 - INFO - Iteracja 3: condition_best: Standard_pressure <= 8.80, quality_best: 0.576, coverage_best: (p=227, n=48, P=381, N=641)
2026-04-14 13:11:33,568 - INFO - Regula po iteracji 3: IF Dewpoint <= 42.85 AND Max_temperature >= 43.10 AND Dewpoint <= 42.45 AND Standard_pressure <= 8.80 THEN class = {46.49} [38.39, 54.59], (p=227, n=48, P=381, N=641)
2026-04-14 13:11:33,568 - INFO - *****GROWING RR RULE*****
2026-04-14 13:11:34,021 - INFO - Iteracja 0: condition_best: None, quality_best: -inf, coverage_best: (p=0, n=0, P=0, N=0), p_value: 0
2026-04-14 13:11:34,021 - INFO - Regula po iteracji 0: IF  THEN class = {61.52} [46.93, 76.11], (p=594, n=428, P=594, N=428)
2026-04-14 13:11:34,021 - INFO - *****STOP GROWING RR RULE*****
2026-04-14 13:11:34,021 - INFO - ***RR NOT FOUND***
2026-04-14 13:11:34,111 - INFO - Iteracja 4: condition_best: Max_wind_speed >= 26.41, quality_best: 0.578, coverage_best: (p=226, n=47, P=381, N=641)
2026-04-14 13:11:34,111 - INFO - Regula po iteracji 4: IF Dewpoint <= 42.85 AND Max_temperature >= 43.10 AND Dewpoint <= 42.45 AND Standard_pressure <= 8.80 AND Max_wind_speed >= 26.41 THEN class = {46.48} [38.38, 54.58], (p=226, n=47, P=381, N=641)
2026-04-14 13:11:34,111 - INFO - *****GROWING RR RULE*****
2026-04-14 13:11:34,561 - INFO - Iteracja 0: condition_best: None, quality_best: -inf, coverage_best: (p=0, n=0, P=0, N=0), p_value: 0
2026-04-14 13:11:34,562 - INFO - Regula po iteracji 0: IF  THEN class = {61.52} [46.93, 76.11], (p=594, n=428, P=594, N=428)
2026-04-14 13:11:34,562 - INFO - *****STOP GROWING RR RULE*****
2026-04-14 13:11:34,562 - INFO - ***RR NOT FOUND***
2026-04-14 13:11:34,562 - INFO - *******STOP GROWING CR RULE*******
2026-04-14 13:11:34,564 - INFO - *******GROWING CR RULE*******
2026-04-14 13:11:34,831 - INFO - Iteracja 0: condition_best: Dewpoint <= 42.85, quality_best: 0.551, coverage_best: (p=241, n=59, P=391, N=631)
2026-04-14 13:11:34,831 - INFO - Regula po iteracji 0: IF Dewpoint <= 42.85 THEN class = {46.50} [38.00, 55.00], (p=241, n=59, P=391, N=631)
2026-04-14 13:11:34,832 - INFO - *****GROWING RR RULE*****
2026-04-14 13:11:35,288 - INFO - Iteracja 0: condition_best: None, quality_best: -inf, coverage_best: (p=0, n=0, P=0, N=0), p_value: 0
2026-04-14 13:11:35,288 - INFO - Regula po iteracji 0: IF  THEN class = {61.52} [46.93, 76.11], (p=594, n=428, P=594, N=428)
2026-04-14 13:11:35,288 - INFO - *****STOP GROWING RR RULE*****
2026-04-14 13:11:35,288 - INFO - ***RR NOT FOUND***
2026-04-14 13:11:35,384 - INFO - Iteracja 1: condition_best: Max_temperature >= 43.10, quality_best: 0.566, coverage_best: (p=237, n=52, P=394, N=628)
2026-04-14 13:11:35,384 - INFO - Regula po iteracji 1: IF Dewpoint <= 42.85 AND Max_temperature >= 43.10 THEN class = {46.88} [38.47, 55.29], (p=237, n=52, P=394, N=628)
2026-04-14 13:11:35,384 - INFO - *****GROWING RR RULE*****
2026-04-14 13:11:35,837 - INFO - Iteracja 0: condition_best: None, quality_best: -inf, coverage_best: (p=0, n=0, P=0, N=0), p_value: 0
2026-04-14 13:11:35,837 - INFO - Regula po iteracji 0: IF  THEN class = {61.52} [46.93, 76.11], (p=594, n=428, P=594, N=428)
2026-04-14 13:11:35,837 - INFO - *****STOP GROWING RR RULE*****
2026-04-14 13:11:35,837 - INFO - ***RR NOT FOUND***
2026-04-14 13:11:35,929 - INFO - Iteracja 2: condition_best: Sea_level_pressure >= 29.70, quality_best: 0.568, coverage_best: (p=235, n=51, P=392, N=630)
2026-04-14 13:11:35,929 - INFO - Regula po iteracji 2: IF Dewpoint <= 42.85 AND Max_temperature >= 43.10 AND Sea_level_pressure >= 29.70 THEN class = {46.78} [38.49, 55.07], (p=235, n=51, P=392, N=630)
2026-04-14 13:11:35,929 - INFO - *****GROWING RR RULE*****
2026-04-14 13:11:36,383 - INFO - Iteracja 0: condition_best: None, quality_best: -inf, coverage_best: (p=0, n=0, P=0, N=0), p_value: 0
2026-04-14 13:11:36,384 - INFO - Regula po iteracji 0: IF  THEN class = {61.52} [46.93, 76.11], (p=594, n=428, P=594, N=428)
2026-04-14 13:11:36,384 - INFO - *****STOP GROWING RR RULE*****
2026-04-14 13:11:36,384 - INFO - ***RR NOT FOUND***
2026-04-14 13:11:36,477 - INFO - Iteracja 3: condition_best: Max_wind_speed >= 26.41, quality_best: 0.571, coverage_best: (p=233, n=50, P=389, N=633)
2026-04-14 13:11:36,477 - INFO - Regula po iteracji 3: IF Dewpoint <= 42.85 AND Max_temperature >= 43.10 AND Sea_level_pressure >= 29.70 AND Max_wind_speed >= 26.41 THEN class = {46.70} [38.48, 54.93], (p=233, n=50, P=389, N=633)
2026-04-14 13:11:36,477 - INFO - *****GROWING RR RULE*****
2026-04-14 13:11:36,930 - INFO - Iteracja 0: condition_best: None, quality_best: -inf, coverage_best: (p=0, n=0, P=0, N=0), p_value: 0
2026-04-14 13:11:36,931 - INFO - Regula po iteracji 0: IF  THEN class = {61.52} [46.93, 76.11], (p=594, n=428, P=594, N=428)
2026-04-14 13:11:36,931 - INFO - *****STOP GROWING RR RULE*****
2026-04-14 13:11:36,931 - INFO - ***RR NOT FOUND***
2026-04-14 13:11:37,024 - INFO - Iteracja 4: condition_best: Standard_pressure <= 8.80, quality_best: 0.573, coverage_best: (p=232, n=49, P=389, N=633)
2026-04-14 13:11:37,024 - INFO - Regula po iteracji 4: IF Dewpoint <= 42.85 AND Max_temperature >= 43.10 AND Sea_level_pressure >= 29.70 AND Max_wind_speed >= 26.41 AND Standard_pressure <= 8.80 THEN class = {46.74} [38.50, 54.97], (p=232, n=49, P=389, N=633)
2026-04-14 13:11:37,024 - INFO - *****GROWING RR RULE*****
2026-04-14 13:11:37,478 - INFO - Iteracja 0: condition_best: None, quality_best: -inf, coverage_best: (p=0, n=0, P=0, N=0), p_value: 0
2026-04-14 13:11:37,478 - INFO - Regula po iteracji 0: IF  THEN class = {61.52} [46.93, 76.11], (p=594, n=428, P=594, N=428)
2026-04-14 13:11:37,478 - INFO - *****STOP GROWING RR RULE*****
2026-04-14 13:11:37,478 - INFO - ***RR NOT FOUND***
2026-04-14 13:11:37,478 - INFO - *******STOP GROWING CR RULE*******
2026-04-14 13:11:37,481 - INFO - *******GROWING CR RULE*******
2026-04-14 13:11:37,750 - INFO - Iteracja 0: condition_best: Max_temperature >= 78.50, quality_best: 0.549, coverage_best: (p=270, n=134, P=270, N=752)
2026-04-14 13:11:37,750 - INFO - Regula po iteracji 0: IF Max_temperature >= 78.50 THEN class = {77.12} [71.34, 82.89], (p=270, n=134, P=270, N=752)
2026-04-14 13:11:37,750 - INFO - *****GROWING RR RULE*****
2026-04-14 13:11:38,212 - INFO - Iteracja 0: condition_best: None, quality_best: -inf, coverage_best: (p=0, n=0, P=0, N=0), p_value: 0
2026-04-14 13:11:38,213 - INFO - Regula po iteracji 0: IF  THEN class = {61.52} [46.93, 76.11], (p=594, n=428, P=594, N=428)
2026-04-14 13:11:38,213 - INFO - *****STOP GROWING RR RULE*****
2026-04-14 13:11:38,213 - INFO - ***RR NOT FOUND***
2026-04-14 13:11:38,308 - INFO - Iteracja 1: condition_best: Min_temperature <= 71.30, quality_best: 0.597, coverage_best: (p=235, n=101, P=242, N=780)
2026-04-14 13:11:38,309 - INFO - Regula po iteracji 1: IF Max_temperature >= 78.50 AND Min_temperature <= 71.30 THEN class = {75.81} [70.42, 81.20], (p=235, n=101, P=242, N=780)
2026-04-14 13:11:38,309 - INFO - *****GROWING RR RULE*****
2026-04-14 13:11:38,765 - INFO - Iteracja 0: condition_best: None, quality_best: -inf, coverage_best: (p=0, n=0, P=0, N=0), p_value: 0
2026-04-14 13:11:38,765 - INFO - Regula po iteracji 0: IF  THEN class = {61.52} [46.93, 76.11], (p=594, n=428, P=594, N=428)
2026-04-14 13:11:38,765 - INFO - *****STOP GROWING RR RULE*****
2026-04-14 13:11:38,765 - INFO - ***RR NOT FOUND***
2026-04-14 13:11:38,849 - INFO - Iteracja 2: condition_best: Visibility >= 5.58, quality_best: 0.607, coverage_best: (p=213, n=85, P=231, N=791)
2026-04-14 13:11:38,849 - INFO - Regula po iteracji 2: IF Max_temperature >= 78.50 AND Min_temperature <= 71.30 AND Visibility >= 5.58 THEN class = {76.51} [71.68, 81.33], (p=213, n=85, P=231, N=791)
2026-04-14 13:11:38,849 - INFO - *****GROWING RR RULE*****
2026-04-14 13:11:39,303 - INFO - Iteracja 0: condition_best: None, quality_best: -inf, coverage_best: (p=0, n=0, P=0, N=0), p_value: 0
2026-04-14 13:11:39,303 - INFO - Regula po iteracji 0: IF  THEN class = {61.52} [46.93, 76.11], (p=594, n=428, P=594, N=428)
2026-04-14 13:11:39,303 - INFO - *****STOP GROWING RR RULE*****
2026-04-14 13:11:39,303 - INFO - ***RR NOT FOUND***
2026-04-14 13:11:39,378 - INFO - Iteracja 3: condition_best: Sea_level_pressure <= 30.06, quality_best: 0.612, coverage_best: (p=209, n=82, P=227, N=795)
2026-04-14 13:11:39,378 - INFO - Regula po iteracji 3: IF Max_temperature >= 78.50 AND Min_temperature <= 71.30 AND Visibility >= 5.58 AND Sea_level_pressure <= 30.06 THEN class = {76.72} [72.06, 81.38], (p=209, n=82, P=227, N=795)
2026-04-14 13:11:39,378 - INFO - *****GROWING RR RULE*****
2026-04-14 13:11:39,831 - INFO - Iteracja 0: condition_best: None, quality_best: -inf, coverage_best: (p=0, n=0, P=0, N=0), p_value: 0
2026-04-14 13:11:39,832 - INFO - Regula po iteracji 0: IF  THEN class = {61.52} [46.93, 76.11], (p=594, n=428, P=594, N=428)
2026-04-14 13:11:39,832 - INFO - *****STOP GROWING RR RULE*****
2026-04-14 13:11:39,832 - INFO - ***RR NOT FOUND***
2026-04-14 13:11:39,906 - INFO - Iteracja 4: condition_best: Dewpoint >= 43.35, quality_best: 0.62, coverage_best: (p=206, n=77, P=227, N=795)
2026-04-14 13:11:39,906 - INFO - Regula po iteracji 4: IF Max_temperature >= 78.50 AND Min_temperature <= 71.30 AND Visibility >= 5.58 AND Sea_level_pressure <= 30.06 AND Dewpoint >= 43.35 THEN class = {76.71} [72.09, 81.33], (p=206, n=77, P=227, N=795)
2026-04-14 13:11:39,906 - INFO - *****GROWING RR RULE*****
2026-04-14 13:11:40,358 - INFO - Iteracja 0: condition_best: None, quality_best: -inf, coverage_best: (p=0, n=0, P=0, N=0), p_value: 0
2026-04-14 13:11:40,359 - INFO - Regula po iteracji 0: IF  THEN class = {61.52} [46.93, 76.11], (p=594, n=428, P=594, N=428)
2026-04-14 13:11:40,359 - INFO - *****STOP GROWING RR RULE*****
2026-04-14 13:11:40,359 - INFO - ***RR NOT FOUND***
2026-04-14 13:11:40,359 - INFO - *******STOP GROWING CR RULE*******
2026-04-14 13:11:40,361 - INFO - *******GROWING CR RULE*******
2026-04-14 13:11:40,627 - INFO - Iteracja 0: condition_best: Max_temperature >= 78.50, quality_best: 0.549, coverage_best: (p=270, n=134, P=270, N=752)
2026-04-14 13:11:40,627 - INFO - Regula po iteracji 0: IF Max_temperature >= 78.50 THEN class = {77.12} [71.34, 82.89], (p=270, n=134, P=270, N=752)
2026-04-14 13:11:40,627 - INFO - *****GROWING RR RULE*****
2026-04-14 13:11:41,086 - INFO - Iteracja 0: condition_best: None, quality_best: -inf, coverage_best: (p=0, n=0, P=0, N=0), p_value: 0
2026-04-14 13:11:41,086 - INFO - Regula po iteracji 0: IF  THEN class = {61.52} [46.93, 76.11], (p=594, n=428, P=594, N=428)
2026-04-14 13:11:41,086 - INFO - *****STOP GROWING RR RULE*****
2026-04-14 13:11:41,086 - INFO - ***RR NOT FOUND***
2026-04-14 13:11:41,181 - INFO - Iteracja 1: condition_best: Min_temperature <= 71.30, quality_best: 0.597, coverage_best: (p=235, n=101, P=242, N=780)
2026-04-14 13:11:41,181 - INFO - Regula po iteracji 1: IF Max_temperature >= 78.50 AND Min_temperature <= 71.30 THEN class = {75.81} [70.42, 81.20], (p=235, n=101, P=242, N=780)
2026-04-14 13:11:41,182 - INFO - *****GROWING RR RULE*****
2026-04-14 13:11:41,641 - INFO - Iteracja 0: condition_best: None, quality_best: -inf, coverage_best: (p=0, n=0, P=0, N=0), p_value: 0
2026-04-14 13:11:41,641 - INFO - Regula po iteracji 0: IF  THEN class = {61.52} [46.93, 76.11], (p=594, n=428, P=594, N=428)
2026-04-14 13:11:41,641 - INFO - *****STOP GROWING RR RULE*****
2026-04-14 13:11:41,641 - INFO - ***RR NOT FOUND***
2026-04-14 13:11:41,725 - INFO - Iteracja 2: condition_best: Max_temperature <= 98.95, quality_best: 0.603, coverage_best: (p=226, n=98, P=231, N=791)
2026-04-14 13:11:41,725 - INFO - Regula po iteracji 2: IF Max_temperature >= 78.50 AND Min_temperature <= 71.30 AND Max_temperature <= 98.95 THEN class = {75.49} [70.29, 80.70], (p=226, n=98, P=231, N=791)
2026-04-14 13:11:41,726 - INFO - *****GROWING RR RULE*****
2026-04-14 13:11:42,181 - INFO - Iteracja 0: condition_best: None, quality_best: -inf, coverage_best: (p=0, n=0, P=0, N=0), p_value: 0
2026-04-14 13:11:42,181 - INFO - Regula po iteracji 0: IF  THEN class = {61.52} [46.93, 76.11], (p=594, n=428, P=594, N=428)
2026-04-14 13:11:42,182 - INFO - *****STOP GROWING RR RULE*****
2026-04-14 13:11:42,182 - INFO - ***RR NOT FOUND***
2026-04-14 13:11:42,263 - INFO - Iteracja 3: condition_best: Precipitation <= 0.10, quality_best: 0.612, coverage_best: (p=224, n=94, P=229, N=793)
2026-04-14 13:11:42,263 - INFO - Regula po iteracji 3: IF Max_temperature >= 78.50 AND Min_temperature <= 71.30 AND Max_temperature <= 98.95 AND Precipitation <= 0.10 THEN class = {75.55} [70.38, 80.72], (p=224, n=94, P=229, N=793)
2026-04-14 13:11:42,263 - INFO - *****GROWING RR RULE*****
2026-04-14 13:11:42,720 - INFO - Iteracja 0: condition_best: None, quality_best: -inf, coverage_best: (p=0, n=0, P=0, N=0), p_value: 0
2026-04-14 13:11:42,721 - INFO - Regula po iteracji 0: IF  THEN class = {61.52} [46.93, 76.11], (p=594, n=428, P=594, N=428)
2026-04-14 13:11:42,721 - INFO - *****STOP GROWING RR RULE*****
2026-04-14 13:11:42,721 - INFO - ***RR NOT FOUND***
2026-04-14 13:11:42,802 - INFO - Iteracja 4: condition_best: Min_temperature >= 47.60, quality_best: 0.616, coverage_best: (p=221, n=92, P=226, N=796)
2026-04-14 13:11:42,803 - INFO - Regula po iteracji 4: IF Max_temperature >= 78.50 AND Min_temperature <= 71.30 AND Max_temperature <= 98.95 AND Precipitation <= 0.10 AND Min_temperature >= 47.60 THEN class = {75.73} [70.73, 80.74], (p=221, n=92, P=226, N=796)
2026-04-14 13:11:42,803 - INFO - *****GROWING RR RULE*****
2026-04-14 13:11:43,258 - INFO - Iteracja 0: condition_best: None, quality_best: -inf, coverage_best: (p=0, n=0, P=0, N=0), p_value: 0
2026-04-14 13:11:43,258 - INFO - Regula po iteracji 0: IF  THEN class = {61.52} [46.93, 76.11], (p=594, n=428, P=594, N=428)
2026-04-14 13:11:43,258 - INFO - *****STOP GROWING RR RULE*****
2026-04-14 13:11:43,258 - INFO - ***RR NOT FOUND***
2026-04-14 13:11:43,258 - INFO - *******STOP GROWING CR RULE*******
2026-04-14 13:11:43,260 - INFO - *******GROWING CR RULE*******
2026-04-14 13:11:43,527 - INFO - Iteracja 0: condition_best: Dewpoint <= 43.25, quality_best: 0.543, coverage_best: (p=252, n=63, P=404, N=618)
2026-04-14 13:11:43,527 - INFO - Regula po iteracji 0: IF Dewpoint <= 43.25 THEN class = {46.89} [38.15, 55.64], (p=252, n=63, P=404, N=618)
2026-04-14 13:11:43,527 - INFO - *****GROWING RR RULE*****
2026-04-14 13:11:43,984 - INFO - Iteracja 0: condition_best: None, quality_best: -inf, coverage_best: (p=0, n=0, P=0, N=0), p_value: 0
2026-04-14 13:11:43,984 - INFO - Regula po iteracji 0: IF  THEN class = {61.52} [46.93, 76.11], (p=594, n=428, P=594, N=428)
2026-04-14 13:11:43,984 - INFO - *****STOP GROWING RR RULE*****
2026-04-14 13:11:43,984 - INFO - ***RR NOT FOUND***
2026-04-14 13:11:44,084 - INFO - Iteracja 1: condition_best: Max_temperature <= 60.90, quality_best: 0.575, coverage_best: (p=156, n=77, P=172, N=850)
2026-04-14 13:11:44,085 - INFO - Regula po iteracji 1: IF Dewpoint <= 43.25 AND Max_temperature <= 60.90 THEN class = {43.32} [38.86, 47.78], (p=156, n=77, P=172, N=850)
2026-04-14 13:11:44,085 - INFO - *****GROWING RR RULE*****
2026-04-14 13:11:44,535 - INFO - Iteracja 0: condition_best: None, quality_best: -inf, coverage_best: (p=0, n=0, P=0, N=0), p_value: 0
2026-04-14 13:11:44,535 - INFO - Regula po iteracji 0: IF  THEN class = {61.52} [46.93, 76.11], (p=594, n=428, P=594, N=428)
2026-04-14 13:11:44,535 - INFO - *****STOP GROWING RR RULE*****
2026-04-14 13:11:44,535 - INFO - ***RR NOT FOUND***
2026-04-14 13:11:44,615 - INFO - Iteracja 2: condition_best: Max_temperature >= 42.55, quality_best: 0.583, coverage_best: (p=154, n=73, P=171, N=851)
2026-04-14 13:11:44,615 - INFO - Regula po iteracji 2: IF Dewpoint <= 43.25 AND Max_temperature <= 60.90 AND Max_temperature >= 42.55 THEN class = {43.53} [39.23, 47.83], (p=154, n=73, P=171, N=851)
2026-04-14 13:11:44,616 - INFO - *****GROWING RR RULE*****
2026-04-14 13:11:45,064 - INFO - Iteracja 0: condition_best: None, quality_best: -inf, coverage_best: (p=0, n=0, P=0, N=0), p_value: 0
2026-04-14 13:11:45,064 - INFO - Regula po iteracji 0: IF  THEN class = {61.52} [46.93, 76.11], (p=594, n=428, P=594, N=428)
2026-04-14 13:11:45,064 - INFO - *****STOP GROWING RR RULE*****
2026-04-14 13:11:45,065 - INFO - ***RR NOT FOUND***
2026-04-14 13:11:45,141 - INFO - Iteracja 3: condition_best: Standard_pressure <= 9.75, quality_best: 0.587, coverage_best: (p=154, n=72, P=171, N=851)
2026-04-14 13:11:45,141 - INFO - Regula po iteracji 3: IF Dewpoint <= 43.25 AND Max_temperature <= 60.90 AND Max_temperature >= 42.55 AND Standard_pressure <= 9.75 THEN class = {43.56} [39.27, 47.84], (p=154, n=72, P=171, N=851)
2026-04-14 13:11:45,141 - INFO - *****GROWING RR RULE*****
2026-04-14 13:11:45,591 - INFO - Iteracja 0: condition_best: None, quality_best: -inf, coverage_best: (p=0, n=0, P=0, N=0), p_value: 0
2026-04-14 13:11:45,591 - INFO - Regula po iteracji 0: IF  THEN class = {61.52} [46.93, 76.11], (p=594, n=428, P=594, N=428)
2026-04-14 13:11:45,591 - INFO - *****STOP GROWING RR RULE*****
2026-04-14 13:11:45,591 - INFO - ***RR NOT FOUND***
2026-04-14 13:11:45,667 - INFO - Iteracja 4: condition_best: Precipitation <= 2.05, quality_best: 0.59, coverage_best: (p=154, n=71, P=171, N=851)
2026-04-14 13:11:45,667 - INFO - Regula po iteracji 4: IF Dewpoint <= 43.25 AND Max_temperature <= 60.90 AND Max_temperature >= 42.55 AND Standard_pressure <= 9.75 AND Precipitation <= 2.05 THEN class = {43.53} [39.25, 47.82], (p=154, n=71, P=171, N=851)
2026-04-14 13:11:45,668 - INFO - *****GROWING RR RULE*****
2026-04-14 13:11:46,115 - INFO - Iteracja 0: condition_best: None, quality_best: -inf, coverage_best: (p=0, n=0, P=0, N=0), p_value: 0
2026-04-14 13:11:46,115 - INFO - Regula po iteracji 0: IF  THEN class = {61.52} [46.93, 76.11], (p=594, n=428, P=594, N=428)
2026-04-14 13:11:46,115 - INFO - *****STOP GROWING RR RULE*****
2026-04-14 13:11:46,115 - INFO - ***RR NOT FOUND***
2026-04-14 13:11:46,115 - INFO - *******STOP GROWING CR RULE*******
2026-04-14 13:11:46,118 - INFO - *******GROWING CR RULE*******
2026-04-14 13:11:46,380 - INFO - Iteracja 0: condition_best: Dewpoint <= 43.25, quality_best: 0.543, coverage_best: (p=252, n=63, P=404, N=618)
2026-04-14 13:11:46,380 - INFO - Regula po iteracji 0: IF Dewpoint <= 43.25 THEN class = {46.89} [38.15, 55.64], (p=252, n=63, P=404, N=618)
2026-04-14 13:11:46,381 - INFO - *****GROWING RR RULE*****
2026-04-14 13:11:46,836 - INFO - Iteracja 0: condition_best: None, quality_best: -inf, coverage_best: (p=0, n=0, P=0, N=0), p_value: 0
2026-04-14 13:11:46,837 - INFO - Regula po iteracji 0: IF  THEN class = {61.52} [46.93, 76.11], (p=594, n=428, P=594, N=428)
2026-04-14 13:11:46,837 - INFO - *****STOP GROWING RR RULE*****
2026-04-14 13:11:46,837 - INFO - ***RR NOT FOUND***
2026-04-14 13:11:46,938 - INFO - Iteracja 1: condition_best: Max_temperature >= 42.55, quality_best: 0.559, coverage_best: (p=251, n=58, P=404, N=618)
2026-04-14 13:11:46,938 - INFO - Regula po iteracji 1: IF Dewpoint <= 43.25 AND Max_temperature >= 42.55 THEN class = {47.12} [38.46, 55.79], (p=251, n=58, P=404, N=618)
2026-04-14 13:11:46,939 - INFO - *****GROWING RR RULE*****
2026-04-14 13:11:47,392 - INFO - Iteracja 0: condition_best: None, quality_best: -inf, coverage_best: (p=0, n=0, P=0, N=0), p_value: 0
2026-04-14 13:11:47,393 - INFO - Regula po iteracji 0: IF  THEN class = {61.52} [46.93, 76.11], (p=594, n=428, P=594, N=428)
2026-04-14 13:11:47,393 - INFO - *****STOP GROWING RR RULE*****
2026-04-14 13:11:47,393 - INFO - ***RR NOT FOUND***
2026-04-14 13:11:47,491 - INFO - Iteracja 2: condition_best: Sea_level_pressure >= 29.74, quality_best: 0.564, coverage_best: (p=245, n=56, P=395, N=627)
2026-04-14 13:11:47,491 - INFO - Regula po iteracji 2: IF Dewpoint <= 43.25 AND Max_temperature >= 42.55 AND Sea_level_pressure >= 29.74 THEN class = {46.94} [38.53, 55.36], (p=245, n=56, P=395, N=627)
2026-04-14 13:11:47,492 - INFO - *****GROWING RR RULE*****
2026-04-14 13:11:48,881 - INFO - Iteracja 0: condition_best: None, quality_best: -inf, coverage_best: (p=0, n=0, P=0, N=0), p_value: 0
2026-04-14 13:11:48,881 - INFO - Regula po iteracji 0: IF  THEN class = {61.52} [46.93, 76.11], (p=594, n=428, P=594, N=428)
2026-04-14 13:11:48,881 - INFO - *****STOP GROWING RR RULE*****
2026-04-14 13:11:48,881 - INFO - ***RR NOT FOUND***
2026-04-14 13:11:48,978 - INFO - Iteracja 3: condition_best: Precipitation <= 1.25, quality_best: 0.57, coverage_best: (p=245, n=54, P=397, N=625)
2026-04-14 13:11:48,978 - INFO - Regula po iteracji 3: IF Dewpoint <= 43.25 AND Max_temperature >= 42.55 AND Sea_level_pressure >= 29.74 AND Precipitation <= 1.25 THEN class = {46.94} [38.49, 55.38], (p=245, n=54, P=397, N=625)
2026-04-14 13:11:48,979 - INFO - *****GROWING RR RULE*****
2026-04-14 13:11:49,430 - INFO - Iteracja 0: condition_best: None, quality_best: -inf, coverage_best: (p=0, n=0, P=0, N=0), p_value: 0
2026-04-14 13:11:49,430 - INFO - Regula po iteracji 0: IF  THEN class = {61.52} [46.93, 76.11], (p=594, n=428, P=594, N=428)
2026-04-14 13:11:49,430 - INFO - *****STOP GROWING RR RULE*****
2026-04-14 13:11:49,430 - INFO - ***RR NOT FOUND***
2026-04-14 13:11:49,526 - INFO - Iteracja 4: condition_best: Precipitation <= 1.15, quality_best: 0.568, coverage_best: (p=244, n=54, P=397, N=625)
2026-04-14 13:11:49,526 - INFO - Regula po iteracji 4: IF Dewpoint <= 43.25 AND Max_temperature >= 42.55 AND Sea_level_pressure >= 29.74 AND Precipitation <= 1.25 AND Precipitation <= 1.15 THEN class = {46.93} [38.47, 55.39], (p=244, n=54, P=397, N=625)
2026-04-14 13:11:49,526 - INFO - *****GROWING RR RULE*****
2026-04-14 13:11:49,979 - INFO - Iteracja 0: condition_best: None, quality_best: -inf, coverage_best: (p=0, n=0, P=0, N=0), p_value: 0
2026-04-14 13:11:49,979 - INFO - Regula po iteracji 0: IF  THEN class = {61.52} [46.93, 76.11], (p=594, n=428, P=594, N=428)
2026-04-14 13:11:49,979 - INFO - *****STOP GROWING RR RULE*****
2026-04-14 13:11:49,979 - INFO - ***RR NOT FOUND***
2026-04-14 13:11:49,979 - INFO - *******STOP GROWING CR RULE*******
2026-04-14 13:11:49,981 - INFO - *******GROWING CR RULE*******
2026-04-14 13:11:50,246 - INFO - Iteracja 0: condition_best: Max_temperature <= 57.80, quality_best: 0.533, coverage_best: (p=167, n=86, P=198, N=824)
2026-04-14 13:11:50,246 - INFO - Regula po iteracji 0: IF Max_temperature <= 57.80 THEN class = {43.98} [39.21, 48.75], (p=167, n=86, P=198, N=824)
2026-04-14 13:11:50,247 - INFO - *****GROWING RR RULE*****
2026-04-14 13:11:50,696 - INFO - Iteracja 0: condition_best: None, quality_best: -inf, coverage_best: (p=0, n=0, P=0, N=0), p_value: 0
2026-04-14 13:11:50,696 - INFO - Regula po iteracji 0: IF  THEN class = {61.52} [46.93, 76.11], (p=594, n=428, P=594, N=428)
2026-04-14 13:11:50,696 - INFO - *****STOP GROWING RR RULE*****
2026-04-14 13:11:50,696 - INFO - ***RR NOT FOUND***
2026-04-14 13:11:50,782 - INFO - Iteracja 1: condition_best: Min_temperature <= 41.55, quality_best: 0.578, coverage_best: (p=133, n=68, P=146, N=876)
2026-04-14 13:11:50,782 - INFO - Regula po iteracji 1: IF Max_temperature <= 57.80 AND Min_temperature <= 41.55 THEN class = {42.51} [38.36, 46.66], (p=133, n=68, P=146, N=876)
2026-04-14 13:11:50,783 - INFO - *****GROWING RR RULE*****
2026-04-14 13:11:51,229 - INFO - Iteracja 0: condition_best: None, quality_best: -inf, coverage_best: (p=0, n=0, P=0, N=0), p_value: 0
2026-04-14 13:11:51,229 - INFO - Regula po iteracji 0: IF  THEN class = {61.52} [46.93, 76.11], (p=594, n=428, P=594, N=428)
2026-04-14 13:11:51,229 - INFO - *****STOP GROWING RR RULE*****
2026-04-14 13:11:51,229 - INFO - ***RR NOT FOUND***
2026-04-14 13:11:51,299 - INFO - Iteracja 2: condition_best: Standard_pressure <= 8.05, quality_best: 0.586, coverage_best: (p=133, n=66, P=146, N=876)
2026-04-14 13:11:51,299 - INFO - Regula po iteracji 2: IF Max_temperature <= 57.80 AND Min_temperature <= 41.55 AND Standard_pressure <= 8.05 THEN class = {42.51} [38.37, 46.66], (p=133, n=66, P=146, N=876)
2026-04-14 13:11:51,299 - INFO - *****GROWING RR RULE*****
2026-04-14 13:11:51,745 - INFO - Iteracja 0: condition_best: None, quality_best: -inf, coverage_best: (p=0, n=0, P=0, N=0), p_value: 0
2026-04-14 13:11:51,746 - INFO - Regula po iteracji 0: IF  THEN class = {61.52} [46.93, 76.11], (p=594, n=428, P=594, N=428)
2026-04-14 13:11:51,746 - INFO - *****STOP GROWING RR RULE*****
2026-04-14 13:11:51,746 - INFO - ***RR NOT FOUND***
2026-04-14 13:11:51,816 - INFO - Iteracja 3: condition_best: Precipitation <= 1.95, quality_best: 0.59, coverage_best: (p=133, n=65, P=146, N=876)
2026-04-14 13:11:51,816 - INFO - Regula po iteracji 3: IF Max_temperature <= 57.80 AND Min_temperature <= 41.55 AND Standard_pressure <= 8.05 AND Precipitation <= 1.95 THEN class = {42.48} [38.35, 46.61], (p=133, n=65, P=146, N=876)
2026-04-14 13:11:51,816 - INFO - *****GROWING RR RULE*****
2026-04-14 13:11:52,262 - INFO - Iteracja 0: condition_best: None, quality_best: -inf, coverage_best: (p=0, n=0, P=0, N=0), p_value: 0
2026-04-14 13:11:52,262 - INFO - Regula po iteracji 0: IF  THEN class = {61.52} [46.93, 76.11], (p=594, n=428, P=594, N=428)
2026-04-14 13:11:52,262 - INFO - *****STOP GROWING RR RULE*****
2026-04-14 13:11:52,262 - INFO - ***RR NOT FOUND***
2026-04-14 13:11:52,332 - INFO - Iteracja 4: condition_best: Visibility <= 28.15, quality_best: 0.592, coverage_best: (p=132, n=64, P=145, N=877)
2026-04-14 13:11:52,332 - INFO - Regula po iteracji 4: IF Max_temperature <= 57.80 AND Min_temperature <= 41.55 AND Standard_pressure <= 8.05 AND Precipitation <= 1.95 AND Visibility <= 28.15 THEN class = {42.55} [38.46, 46.64], (p=132, n=64, P=145, N=877)
2026-04-14 13:11:52,332 - INFO - *****GROWING RR RULE*****
2026-04-14 13:11:52,779 - INFO - Iteracja 0: condition_best: None, quality_best: -inf, coverage_best: (p=0, n=0, P=0, N=0), p_value: 0
2026-04-14 13:11:52,779 - INFO - Regula po iteracji 0: IF  THEN class = {61.52} [46.93, 76.11], (p=594, n=428, P=594, N=428)
2026-04-14 13:11:52,780 - INFO - *****STOP GROWING RR RULE*****
2026-04-14 13:11:52,780 - INFO - ***RR NOT FOUND***
2026-04-14 13:11:52,780 - INFO - *******STOP GROWING CR RULE*******
2026-04-14 13:11:52,782 - INFO - *******GROWING CR RULE*******
2026-04-14 13:11:53,044 - INFO - Iteracja 0: condition_best: Max_temperature <= 57.80, quality_best: 0.533, coverage_best: (p=167, n=86, P=198, N=824)
2026-04-14 13:11:53,044 - INFO - Regula po iteracji 0: IF Max_temperature <= 57.80 THEN class = {43.98} [39.21, 48.75], (p=167, n=86, P=198, N=824)
2026-04-14 13:11:53,045 - INFO - *****GROWING RR RULE*****
2026-04-14 13:11:53,498 - INFO - Iteracja 0: condition_best: None, quality_best: -inf, coverage_best: (p=0, n=0, P=0, N=0), p_value: 0
2026-04-14 13:11:53,498 - INFO - Regula po iteracji 0: IF  THEN class = {61.52} [46.93, 76.11], (p=594, n=428, P=594, N=428)
2026-04-14 13:11:53,499 - INFO - *****STOP GROWING RR RULE*****
2026-04-14 13:11:53,499 - INFO - ***RR NOT FOUND***
2026-04-14 13:11:53,585 - INFO - Iteracja 1: condition_best: Min_temperature <= 42.70, quality_best: 0.575, coverage_best: (p=138, n=70, P=153, N=869)
2026-04-14 13:11:53,585 - INFO - Regula po iteracji 1: IF Max_temperature <= 57.80 AND Min_temperature <= 42.70 THEN class = {42.71} [38.49, 46.93], (p=138, n=70, P=153, N=869)
2026-04-14 13:11:53,585 - INFO - *****GROWING RR RULE*****
2026-04-14 13:11:54,034 - INFO - Iteracja 0: condition_best: None, quality_best: -inf, coverage_best: (p=0, n=0, P=0, N=0), p_value: 0
2026-04-14 13:11:54,034 - INFO - Regula po iteracji 0: IF  THEN class = {61.52} [46.93, 76.11], (p=594, n=428, P=594, N=428)
2026-04-14 13:11:54,035 - INFO - *****STOP GROWING RR RULE*****
2026-04-14 13:11:54,035 - INFO - ***RR NOT FOUND***
2026-04-14 13:11:54,105 - INFO - Iteracja 2: condition_best: Standard_pressure <= 8.05, quality_best: 0.578, coverage_best: (p=137, n=68, P=153, N=869)
2026-04-14 13:11:54,105 - INFO - Regula po iteracji 2: IF Max_temperature <= 57.80 AND Min_temperature <= 42.70 AND Standard_pressure <= 8.05 THEN class = {42.69} [38.48, 46.91], (p=137, n=68, P=153, N=869)
2026-04-14 13:11:54,105 - INFO - *****GROWING RR RULE*****
2026-04-14 13:11:54,552 - INFO - Iteracja 0: condition_best: None, quality_best: -inf, coverage_best: (p=0, n=0, P=0, N=0), p_value: 0
2026-04-14 13:11:54,553 - INFO - Regula po iteracji 0: IF  THEN class = {61.52} [46.93, 76.11], (p=594, n=428, P=594, N=428)
2026-04-14 13:11:54,553 - INFO - *****STOP GROWING RR RULE*****
2026-04-14 13:11:54,553 - INFO - ***RR NOT FOUND***
2026-04-14 13:11:54,623 - INFO - Iteracja 3: condition_best: Max_temperature <= 57.30, quality_best: 0.58, coverage_best: (p=132, n=66, P=147, N=875)
2026-04-14 13:11:54,623 - INFO - Regula po iteracji 3: IF Max_temperature <= 57.80 AND Min_temperature <= 42.70 AND Standard_pressure <= 8.05 AND Max_temperature <= 57.30 THEN class = {42.56} [38.40, 46.73], (p=132, n=66, P=147, N=875)
2026-04-14 13:11:54,624 - INFO - *****GROWING RR RULE*****
2026-04-14 13:11:55,070 - INFO - Iteracja 0: condition_best: None, quality_best: -inf, coverage_best: (p=0, n=0, P=0, N=0), p_value: 0
2026-04-14 13:11:55,071 - INFO - Regula po iteracji 0: IF  THEN class = {61.52} [46.93, 76.11], (p=594, n=428, P=594, N=428)
2026-04-14 13:11:55,071 - INFO - *****STOP GROWING RR RULE*****
2026-04-14 13:11:55,071 - INFO - ***RR NOT FOUND***
2026-04-14 13:11:55,140 - INFO - Iteracja 4: condition_best: Dewpoint <= 46.95, quality_best: 0.582, coverage_best: (p=131, n=65, P=146, N=876)
2026-04-14 13:11:55,140 - INFO - Regula po iteracji 4: IF Max_temperature <= 57.80 AND Min_temperature <= 42.70 AND Standard_pressure <= 8.05 AND Max_temperature <= 57.30 AND Dewpoint <= 46.95 THEN class = {42.49} [38.37, 46.61], (p=131, n=65, P=146, N=876)
2026-04-14 13:11:55,141 - INFO - *****GROWING RR RULE*****
2026-04-14 13:11:55,586 - INFO - Iteracja 0: condition_best: None, quality_best: -inf, coverage_best: (p=0, n=0, P=0, N=0), p_value: 0
2026-04-14 13:11:55,586 - INFO - Regula po iteracji 0: IF  THEN class = {61.52} [46.93, 76.11], (p=594, n=428, P=594, N=428)
2026-04-14 13:11:55,587 - INFO - *****STOP GROWING RR RULE*****
2026-04-14 13:11:55,587 - INFO - ***RR NOT FOUND***
2026-04-14 13:11:55,587 - INFO - *******STOP GROWING CR RULE*******
2026-04-14 13:11:55,589 - INFO - *******GROWING CR RULE*******
2026-04-14 13:11:55,851 - INFO - Iteracja 0: condition_best: Max_temperature <= 57.80, quality_best: 0.533, coverage_best: (p=167, n=86, P=198, N=824)
2026-04-14 13:11:55,851 - INFO - Regula po iteracji 0: IF Max_temperature <= 57.80 THEN class = {43.98} [39.21, 48.75], (p=167, n=86, P=198, N=824)
2026-04-14 13:11:55,851 - INFO - *****GROWING RR RULE*****
2026-04-14 13:11:56,302 - INFO - Iteracja 0: condition_best: None, quality_best: -inf, coverage_best: (p=0, n=0, P=0, N=0), p_value: 0
2026-04-14 13:11:56,302 - INFO - Regula po iteracji 0: IF  THEN class = {61.52} [46.93, 76.11], (p=594, n=428, P=594, N=428)
2026-04-14 13:11:56,302 - INFO - *****STOP GROWING RR RULE*****
2026-04-14 13:11:56,302 - INFO - ***RR NOT FOUND***
2026-04-14 13:11:56,387 - INFO - Iteracja 1: condition_best: Dewpoint <= 48.05, quality_best: 0.542, coverage_best: (p=159, n=82, P=186, N=836)
2026-04-14 13:11:56,388 - INFO - Regula po iteracji 1: IF Max_temperature <= 57.80 AND Dewpoint <= 48.05 THEN class = {43.59} [39.06, 48.11], (p=159, n=82, P=186, N=836)
2026-04-14 13:11:56,388 - INFO - *****GROWING RR RULE*****
2026-04-14 13:11:56,848 - INFO - Iteracja 0: condition_best: None, quality_best: -inf, coverage_best: (p=0, n=0, P=0, N=0), p_value: 0
2026-04-14 13:11:56,848 - INFO - Regula po iteracji 0: IF  THEN class = {61.52} [46.93, 76.11], (p=594, n=428, P=594, N=428)
2026-04-14 13:11:56,848 - INFO - *****STOP GROWING RR RULE*****
2026-04-14 13:11:56,848 - INFO - ***RR NOT FOUND***
2026-04-14 13:11:56,930 - INFO - Iteracja 2: condition_best: Max_temperature >= 49.90, quality_best: 0.55, coverage_best: (p=114, n=50, P=158, N=864)
2026-04-14 13:11:56,930 - INFO - Regula po iteracji 2: IF Max_temperature <= 57.80 AND Dewpoint <= 48.05 AND Max_temperature >= 49.90 THEN class = {45.69} [42.28, 49.11], (p=114, n=50, P=158, N=864)
2026-04-14 13:11:56,931 - INFO - *****GROWING RR RULE*****
2026-04-14 13:11:57,375 - INFO - Iteracja 0: condition_best: None, quality_best: -inf, coverage_best: (p=0, n=0, P=0, N=0), p_value: 0
2026-04-14 13:11:57,375 - INFO - Regula po iteracji 0: IF  THEN class = {61.52} [46.93, 76.11], (p=594, n=428, P=594, N=428)
2026-04-14 13:11:57,375 - INFO - *****STOP GROWING RR RULE*****
2026-04-14 13:11:57,376 - INFO - ***RR NOT FOUND***
2026-04-14 13:11:57,434 - INFO - Iteracja 3: condition_best: Visibility >= 5.35, quality_best: 0.569, coverage_best: (p=89, n=33, P=136, N=886)
2026-04-14 13:11:57,434 - INFO - Regula po iteracji 3: IF Max_temperature <= 57.80 AND Dewpoint <= 48.05 AND Max_temperature >= 49.90 AND Visibility >= 5.35 THEN class = {46.32} [43.59, 49.05], (p=89, n=33, P=136, N=886)
2026-04-14 13:11:57,434 - INFO - *****GROWING RR RULE*****
2026-04-14 13:11:57,875 - INFO - Iteracja 0: condition_best: None, quality_best: -inf, coverage_best: (p=0, n=0, P=0, N=0), p_value: 0
2026-04-14 13:11:57,875 - INFO - Regula po iteracji 0: IF  THEN class = {61.52} [46.93, 76.11], (p=594, n=428, P=594, N=428)
2026-04-14 13:11:57,875 - INFO - *****STOP GROWING RR RULE*****
2026-04-14 13:11:57,875 - INFO - ***RR NOT FOUND***
2026-04-14 13:11:57,923 - INFO - Iteracja 4: condition_best: Min_temperature <= 45.80, quality_best: 0.582, coverage_best: (p=88, n=31, P=133, N=889)
2026-04-14 13:11:57,923 - INFO - Regula po iteracji 4: IF Max_temperature <= 57.80 AND Dewpoint <= 48.05 AND Max_temperature >= 49.90 AND Visibility >= 5.35 AND Min_temperature <= 45.80 THEN class = {46.20} [43.56, 48.84], (p=88, n=31, P=133, N=889)
2026-04-14 13:11:57,923 - INFO - *****GROWING RR RULE*****
2026-04-14 13:11:58,363 - INFO - Iteracja 0: condition_best: None, quality_best: -inf, coverage_best: (p=0, n=0, P=0, N=0), p_value: 0
2026-04-14 13:11:58,363 - INFO - Regula po iteracji 0: IF  THEN class = {61.52} [46.93, 76.11], (p=594, n=428, P=594, N=428)
2026-04-14 13:11:58,363 - INFO - *****STOP GROWING RR RULE*****
2026-04-14 13:11:58,363 - INFO - ***RR NOT FOUND***
2026-04-14 13:11:58,363 - INFO - *******STOP GROWING CR RULE*******
2026-04-14 13:11:58,365 - INFO - *******GROWING CR RULE*******
2026-04-14 13:11:58,627 - INFO - Iteracja 0: condition_best: Max_temperature <= 57.80, quality_best: 0.533, coverage_best: (p=167, n=86, P=198, N=824)
2026-04-14 13:11:58,627 - INFO - Regula po iteracji 0: IF Max_temperature <= 57.80 THEN class = {43.98} [39.21, 48.75], (p=167, n=86, P=198, N=824)
2026-04-14 13:11:58,628 - INFO - *****GROWING RR RULE*****
2026-04-14 13:11:59,078 - INFO - Iteracja 0: condition_best: None, quality_best: -inf, coverage_best: (p=0, n=0, P=0, N=0), p_value: 0
2026-04-14 13:11:59,078 - INFO - Regula po iteracji 0: IF  THEN class = {61.52} [46.93, 76.11], (p=594, n=428, P=594, N=428)
2026-04-14 13:11:59,078 - INFO - *****STOP GROWING RR RULE*****
2026-04-14 13:11:59,078 - INFO - ***RR NOT FOUND***
2026-04-14 13:11:59,162 - INFO - Iteracja 1: condition_best: Dewpoint <= 48.05, quality_best: 0.542, coverage_best: (p=159, n=82, P=186, N=836)
2026-04-14 13:11:59,162 - INFO - Regula po iteracji 1: IF Max_temperature <= 57.80 AND Dewpoint <= 48.05 THEN class = {43.59} [39.06, 48.11], (p=159, n=82, P=186, N=836)
2026-04-14 13:11:59,163 - INFO - *****GROWING RR RULE*****
2026-04-14 13:11:59,613 - INFO - Iteracja 0: condition_best: None, quality_best: -inf, coverage_best: (p=0, n=0, P=0, N=0), p_value: 0
2026-04-14 13:11:59,613 - INFO - Regula po iteracji 0: IF  THEN class = {61.52} [46.93, 76.11], (p=594, n=428, P=594, N=428)
2026-04-14 13:11:59,613 - INFO - *****STOP GROWING RR RULE*****
2026-04-14 13:11:59,613 - INFO - ***RR NOT FOUND***
2026-04-14 13:11:59,693 - INFO - Iteracja 2: condition_best: Max_temperature >= 49.90, quality_best: 0.55, coverage_best: (p=114, n=50, P=158, N=864)
2026-04-14 13:11:59,693 - INFO - Regula po iteracji 2: IF Max_temperature <= 57.80 AND Dewpoint <= 48.05 AND Max_temperature >= 49.90 THEN class = {45.69} [42.28, 49.11], (p=114, n=50, P=158, N=864)
2026-04-14 13:11:59,694 - INFO - *****GROWING RR RULE*****
2026-04-14 13:12:00,139 - INFO - Iteracja 0: condition_best: None, quality_best: -inf, coverage_best: (p=0, n=0, P=0, N=0), p_value: 0
2026-04-14 13:12:00,139 - INFO - Regula po iteracji 0: IF  THEN class = {61.52} [46.93, 76.11], (p=594, n=428, P=594, N=428)
2026-04-14 13:12:00,139 - INFO - *****STOP GROWING RR RULE*****
2026-04-14 13:12:00,139 - INFO - ***RR NOT FOUND***
2026-04-14 13:12:00,196 - INFO - Iteracja 3: condition_best: Min_temperature >= 26.95, quality_best: 0.554, coverage_best: (p=101, n=47, P=135, N=887)
2026-04-14 13:12:00,196 - INFO - Regula po iteracji 3: IF Max_temperature <= 57.80 AND Dewpoint <= 48.05 AND Max_temperature >= 49.90 AND Min_temperature >= 26.95 THEN class = {46.42} [43.73, 49.10], (p=101, n=47, P=135, N=887)
2026-04-14 13:12:00,196 - INFO - *****GROWING RR RULE*****
2026-04-14 13:12:00,640 - INFO - Iteracja 0: condition_best: None, quality_best: -inf, coverage_best: (p=0, n=0, P=0, N=0), p_value: 0
2026-04-14 13:12:00,640 - INFO - Regula po iteracji 0: IF  THEN class = {61.52} [46.93, 76.11], (p=594, n=428, P=594, N=428)
2026-04-14 13:12:00,640 - INFO - *****STOP GROWING RR RULE*****
2026-04-14 13:12:00,640 - INFO - ***RR NOT FOUND***
2026-04-14 13:12:00,693 - INFO - Iteracja 4: condition_best: Max_temperature <= 57.30, quality_best: 0.559, coverage_best: (p=95, n=42, P=131, N=891)
2026-04-14 13:12:00,693 - INFO - Regula po iteracji 4: IF Max_temperature <= 57.80 AND Dewpoint <= 48.05 AND Max_temperature >= 49.90 AND Min_temperature >= 26.95 AND Max_temperature <= 57.30 THEN class = {46.20} [43.60, 48.81], (p=95, n=42, P=131, N=891)
2026-04-14 13:12:00,693 - INFO - *****GROWING RR RULE*****
2026-04-14 13:12:01,137 - INFO - Iteracja 0: condition_best: None, quality_best: -inf, coverage_best: (p=0, n=0, P=0, N=0), p_value: 0
2026-04-14 13:12:01,137 - INFO - Regula po iteracji 0: IF  THEN class = {61.52} [46.93, 76.11], (p=594, n=428, P=594, N=428)
2026-04-14 13:12:01,138 - INFO - *****STOP GROWING RR RULE*****
2026-04-14 13:12:01,138 - INFO - ***RR NOT FOUND***
2026-04-14 13:12:01,138 - INFO - *******STOP GROWING CR RULE*******
2026-04-14 13:12:01,140 - INFO - *******GROWING CR RULE*******
2026-04-14 13:12:01,401 - INFO - Iteracja 0: condition_best: Max_temperature <= 57.80, quality_best: 0.533, coverage_best: (p=167, n=86, P=198, N=824)
2026-04-14 13:12:01,401 - INFO - Regula po iteracji 0: IF Max_temperature <= 57.80 THEN class = {43.98} [39.21, 48.75], (p=167, n=86, P=198, N=824)
2026-04-14 13:12:01,401 - INFO - *****GROWING RR RULE*****
2026-04-14 13:12:01,852 - INFO - Iteracja 0: condition_best: None, quality_best: -inf, coverage_best: (p=0, n=0, P=0, N=0), p_value: 0
2026-04-14 13:12:01,852 - INFO - Regula po iteracji 0: IF  THEN class = {61.52} [46.93, 76.11], (p=594, n=428, P=594, N=428)
2026-04-14 13:12:01,852 - INFO - *****STOP GROWING RR RULE*****
2026-04-14 13:12:01,852 - INFO - ***RR NOT FOUND***
2026-04-14 13:12:01,936 - INFO - Iteracja 1: condition_best: Max_temperature >= 49.90, quality_best: 0.541, coverage_best: (p=122, n=54, P=171, N=851)
2026-04-14 13:12:01,936 - INFO - Regula po iteracji 1: IF Max_temperature <= 57.80 AND Max_temperature >= 49.90 THEN class = {46.12} [42.45, 49.79], (p=122, n=54, P=171, N=851)
2026-04-14 13:12:01,937 - INFO - *****GROWING RR RULE*****
2026-04-14 13:12:02,383 - INFO - Iteracja 0: condition_best: None, quality_best: -inf, coverage_best: (p=0, n=0, P=0, N=0), p_value: 0
2026-04-14 13:12:02,383 - INFO - Regula po iteracji 0: IF  THEN class = {61.52} [46.93, 76.11], (p=594, n=428, P=594, N=428)
2026-04-14 13:12:02,383 - INFO - *****STOP GROWING RR RULE*****
2026-04-14 13:12:02,383 - INFO - ***RR NOT FOUND***
2026-04-14 13:12:02,448 - INFO - Iteracja 2: condition_best: Min_temperature >= 26.70, quality_best: 0.554, coverage_best: (p=112, n=49, P=154, N=868)
2026-04-14 13:12:02,448 - INFO - Regula po iteracji 2: IF Max_temperature <= 57.80 AND Max_temperature >= 49.90 AND Min_temperature >= 26.70 THEN class = {46.78} [43.74, 49.82], (p=112, n=49, P=154, N=868)
2026-04-14 13:12:02,448 - INFO - *****GROWING RR RULE*****
2026-04-14 13:12:02,896 - INFO - Iteracja 0: condition_best: None, quality_best: -inf, coverage_best: (p=0, n=0, P=0, N=0), p_value: 0
2026-04-14 13:12:02,896 - INFO - Regula po iteracji 0: IF  THEN class = {61.52} [46.93, 76.11], (p=594, n=428, P=594, N=428)
2026-04-14 13:12:02,896 - INFO - *****STOP GROWING RR RULE*****
2026-04-14 13:12:02,896 - INFO - ***RR NOT FOUND***
2026-04-14 13:12:02,955 - INFO - Iteracja 3: condition_best: Standard_pressure >= 2.40, quality_best: 0.559, coverage_best: (p=112, n=48, P=154, N=868)
2026-04-14 13:12:02,955 - INFO - Regula po iteracji 3: IF Max_temperature <= 57.80 AND Max_temperature >= 49.90 AND Min_temperature >= 26.70 AND Standard_pressure >= 2.40 THEN class = {46.81} [43.78, 49.84], (p=112, n=48, P=154, N=868)
2026-04-14 13:12:02,955 - INFO - *****GROWING RR RULE*****
2026-04-14 13:12:03,399 - INFO - Iteracja 0: condition_best: None, quality_best: -inf, coverage_best: (p=0, n=0, P=0, N=0), p_value: 0
2026-04-14 13:12:03,399 - INFO - Regula po iteracji 0: IF  THEN class = {61.52} [46.93, 76.11], (p=594, n=428, P=594, N=428)
2026-04-14 13:12:03,399 - INFO - *****STOP GROWING RR RULE*****
2026-04-14 13:12:03,399 - INFO - ***RR NOT FOUND***
2026-04-14 13:12:03,457 - INFO - Iteracja 4: condition_best: Sea_level_pressure >= 29.37, quality_best: 0.563, coverage_best: (p=112, n=47, P=154, N=868)
2026-04-14 13:12:03,457 - INFO - Regula po iteracji 4: IF Max_temperature <= 57.80 AND Max_temperature >= 49.90 AND Min_temperature >= 26.70 AND Standard_pressure >= 2.40 AND Sea_level_pressure >= 29.37 THEN class = {46.78} [43.76, 49.80], (p=112, n=47, P=154, N=868)
2026-04-14 13:12:03,458 - INFO - *****GROWING RR RULE*****
2026-04-14 13:12:03,902 - INFO - Iteracja 0: condition_best: None, quality_best: -inf, coverage_best: (p=0, n=0, P=0, N=0), p_value: 0
2026-04-14 13:12:03,902 - INFO - Regula po iteracji 0: IF  THEN class = {61.52} [46.93, 76.11], (p=594, n=428, P=594, N=428)
2026-04-14 13:12:03,902 - INFO - *****STOP GROWING RR RULE*****
2026-04-14 13:12:03,902 - INFO - ***RR NOT FOUND***
2026-04-14 13:12:03,902 - INFO - *******STOP GROWING CR RULE*******
2026-04-14 13:12:03,904 - INFO - *******GROWING CR RULE*******
2026-04-14 13:12:04,165 - INFO - Iteracja 0: condition_best: Max_temperature >= 77.10, quality_best: 0.528, coverage_best: (p=276, n=145, P=276, N=746)
2026-04-14 13:12:04,165 - INFO - Regula po iteracji 0: IF Max_temperature >= 77.10 THEN class = {76.70} [70.66, 82.73], (p=276, n=145, P=276, N=746)
2026-04-14 13:12:04,165 - INFO - *****GROWING RR RULE*****
2026-04-14 13:12:04,625 - INFO - Iteracja 0: condition_best: None, quality_best: -inf, coverage_best: (p=0, n=0, P=0, N=0), p_value: 0
2026-04-14 13:12:04,625 - INFO - Regula po iteracji 0: IF  THEN class = {61.52} [46.93, 76.11], (p=594, n=428, P=594, N=428)
2026-04-14 13:12:04,625 - INFO - *****STOP GROWING RR RULE*****
2026-04-14 13:12:04,625 - INFO - ***RR NOT FOUND***
2026-04-14 13:12:04,722 - INFO - Iteracja 1: condition_best: Max_temperature <= 89.70, quality_best: 0.566, coverage_best: (p=149, n=76, P=166, N=856)
2026-04-14 13:12:04,722 - INFO - Regula po iteracji 1: IF Max_temperature >= 77.10 AND Max_temperature <= 89.70 THEN class = {72.46} [67.83, 77.10], (p=149, n=76, P=166, N=856)
2026-04-14 13:12:04,723 - INFO - *****GROWING RR RULE*****
2026-04-14 13:12:05,173 - INFO - Iteracja 0: condition_best: None, quality_best: -inf, coverage_best: (p=0, n=0, P=0, N=0), p_value: 0
2026-04-14 13:12:05,173 - INFO - Regula po iteracji 0: IF  THEN class = {61.52} [46.93, 76.11], (p=594, n=428, P=594, N=428)
2026-04-14 13:12:05,173 - INFO - *****STOP GROWING RR RULE*****
2026-04-14 13:12:05,173 - INFO - ***RR NOT FOUND***
2026-04-14 13:12:05,237 - INFO - Iteracja 2: condition_best: Min_temperature >= 46.10, quality_best: 0.57, coverage_best: (p=149, n=75, P=166, N=856)
2026-04-14 13:12:05,237 - INFO - Regula po iteracji 2: IF Max_temperature >= 77.10 AND Max_temperature <= 89.70 AND Min_temperature >= 46.10 THEN class = {72.50} [67.89, 77.11], (p=149, n=75, P=166, N=856)
2026-04-14 13:12:05,237 - INFO - *****GROWING RR RULE*****
2026-04-14 13:12:05,688 - INFO - Iteracja 0: condition_best: None, quality_best: -inf, coverage_best: (p=0, n=0, P=0, N=0), p_value: 0
2026-04-14 13:12:05,688 - INFO - Regula po iteracji 0: IF  THEN class = {61.52} [46.93, 76.11], (p=594, n=428, P=594, N=428)
2026-04-14 13:12:05,688 - INFO - *****STOP GROWING RR RULE*****
2026-04-14 13:12:05,688 - INFO - ***RR NOT FOUND***
2026-04-14 13:12:05,752 - INFO - Iteracja 3: condition_best: Dewpoint <= 62.10, quality_best: 0.566, coverage_best: (p=148, n=75, P=166, N=856)
2026-04-14 13:12:05,752 - INFO - Regula po iteracji 3: IF Max_temperature >= 77.10 AND Max_temperature <= 89.70 AND Min_temperature >= 46.10 AND Dewpoint <= 62.10 THEN class = {72.49} [67.87, 77.11], (p=148, n=75, P=166, N=856)
2026-04-14 13:12:05,752 - INFO - *****GROWING RR RULE*****
2026-04-14 13:12:06,203 - INFO - Iteracja 0: condition_best: None, quality_best: -inf, coverage_best: (p=0, n=0, P=0, N=0), p_value: 0
2026-04-14 13:12:06,204 - INFO - Regula po iteracji 0: IF  THEN class = {61.52} [46.93, 76.11], (p=594, n=428, P=594, N=428)
2026-04-14 13:12:06,204 - INFO - *****STOP GROWING RR RULE*****
2026-04-14 13:12:06,204 - INFO - ***RR NOT FOUND***
2026-04-14 13:12:06,268 - INFO - Iteracja 4: condition_best: Sea_level_pressure >= 29.65, quality_best: 0.573, coverage_best: (p=148, n=73, P=166, N=856)
2026-04-14 13:12:06,268 - INFO - Regula po iteracji 4: IF Max_temperature >= 77.10 AND Max_temperature <= 89.70 AND Min_temperature >= 46.10 AND Dewpoint <= 62.10 AND Sea_level_pressure >= 29.65 THEN class = {72.50} [67.89, 77.10], (p=148, n=73, P=166, N=856)
2026-04-14 13:12:06,268 - INFO - *****GROWING RR RULE*****
2026-04-14 13:12:06,718 - INFO - Iteracja 0: condition_best: None, quality_best: -inf, coverage_best: (p=0, n=0, P=0, N=0), p_value: 0
2026-04-14 13:12:06,718 - INFO - Regula po iteracji 0: IF  THEN class = {61.52} [46.93, 76.11], (p=594, n=428, P=594, N=428)
2026-04-14 13:12:06,718 - INFO - *****STOP GROWING RR RULE*****
2026-04-14 13:12:06,718 - INFO - ***RR NOT FOUND***
2026-04-14 13:12:06,718 - INFO - *******STOP GROWING CR RULE*******
2026-04-14 13:12:06,720 - INFO - *******GROWING CR RULE*******
2026-04-14 13:12:06,980 - INFO - Iteracja 0: condition_best: Min_temperature <= 47.90, quality_best: 0.523, coverage_best: (p=323, n=144, P=341, N=681)
2026-04-14 13:12:06,980 - INFO - Regula po iteracji 0: IF Min_temperature <= 47.90 THEN class = {48.30} [41.64, 54.95], (p=323, n=144, P=341, N=681)
2026-04-14 13:12:06,981 - INFO - *****GROWING RR RULE*****
2026-04-14 13:12:07,441 - INFO - Iteracja 0: condition_best: None, quality_best: -inf, coverage_best: (p=0, n=0, P=0, N=0), p_value: 0
2026-04-14 13:12:07,441 - INFO - Regula po iteracji 0: IF  THEN class = {61.52} [46.93, 76.11], (p=594, n=428, P=594, N=428)
2026-04-14 13:12:07,442 - INFO - *****STOP GROWING RR RULE*****
2026-04-14 13:12:07,442 - INFO - ***RR NOT FOUND***
2026-04-14 13:12:07,577 - INFO - Iteracja 1: condition_best: Max_temperature >= 49.65, quality_best: 0.576, coverage_best: (p=284, n=108, P=312, N=710)
2026-04-14 13:12:07,577 - INFO - Regula po iteracji 1: IF Min_temperature <= 47.90 AND Max_temperature >= 49.65 THEN class = {50.07} [44.47, 55.67], (p=284, n=108, P=312, N=710)
2026-04-14 13:12:07,578 - INFO - *****GROWING RR RULE*****
2026-04-14 13:12:08,038 - INFO - Iteracja 0: condition_best: None, quality_best: -inf, coverage_best: (p=0, n=0, P=0, N=0), p_value: 0
2026-04-14 13:12:08,038 - INFO - Regula po iteracji 0: IF  THEN class = {61.52} [46.93, 76.11], (p=594, n=428, P=594, N=428)
2026-04-14 13:12:08,038 - INFO - *****STOP GROWING RR RULE*****
2026-04-14 13:12:08,038 - INFO - ***RR NOT FOUND***
2026-04-14 13:12:08,152 - INFO - Iteracja 2: condition_best: Dewpoint <= 47.55, quality_best: 0.598, coverage_best: (p=235, n=85, P=270, N=752)
2026-04-14 13:12:08,152 - INFO - Regula po iteracji 2: IF Min_temperature <= 47.90 AND Max_temperature >= 49.65 AND Dewpoint <= 47.55 THEN class = {48.68} [43.79, 53.57], (p=235, n=85, P=270, N=752)
2026-04-14 13:12:08,152 - INFO - *****GROWING RR RULE*****
2026-04-14 13:12:08,607 - INFO - Iteracja 0: condition_best: None, quality_best: -inf, coverage_best: (p=0, n=0, P=0, N=0), p_value: 0
2026-04-14 13:12:08,607 - INFO - Regula po iteracji 0: IF  THEN class = {61.52} [46.93, 76.11], (p=594, n=428, P=594, N=428)
2026-04-14 13:12:08,607 - INFO - *****STOP GROWING RR RULE*****
2026-04-14 13:12:08,607 - INFO - ***RR NOT FOUND***
2026-04-14 13:12:08,701 - INFO - Iteracja 3: condition_best: Max_temperature >= 53.00, quality_best: 0.605, coverage_best: (p=208, n=66, P=263, N=759)
2026-04-14 13:12:08,701 - INFO - Regula po iteracji 3: IF Min_temperature <= 47.90 AND Max_temperature >= 49.65 AND Dewpoint <= 47.55 AND Max_temperature >= 53.00 THEN class = {49.54} [44.93, 54.16], (p=208, n=66, P=263, N=759)
2026-04-14 13:12:08,701 - INFO - *****GROWING RR RULE*****
2026-04-14 13:12:09,154 - INFO - Iteracja 0: condition_best: None, quality_best: -inf, coverage_best: (p=0, n=0, P=0, N=0), p_value: 0
2026-04-14 13:12:09,154 - INFO - Regula po iteracji 0: IF  THEN class = {61.52} [46.93, 76.11], (p=594, n=428, P=594, N=428)
2026-04-14 13:12:09,154 - INFO - *****STOP GROWING RR RULE*****
2026-04-14 13:12:09,154 - INFO - ***RR NOT FOUND***
2026-04-14 13:12:09,238 - INFO - Iteracja 4: condition_best: Max_wind_speed >= 27.62, quality_best: 0.614, coverage_best: (p=208, n=62, P=266, N=756)
2026-04-14 13:12:09,238 - INFO - Regula po iteracji 4: IF Min_temperature <= 47.90 AND Max_temperature >= 49.65 AND Dewpoint <= 47.55 AND Max_temperature >= 53.00 AND Max_wind_speed >= 27.62 THEN class = {49.51} [44.89, 54.14], (p=208, n=62, P=266, N=756)
2026-04-14 13:12:09,238 - INFO - *****GROWING RR RULE*****
2026-04-14 13:12:09,691 - INFO - Iteracja 0: condition_best: None, quality_best: -inf, coverage_best: (p=0, n=0, P=0, N=0), p_value: 0
2026-04-14 13:12:09,691 - INFO - Regula po iteracji 0: IF  THEN class = {61.52} [46.93, 76.11], (p=594, n=428, P=594, N=428)
2026-04-14 13:12:09,691 - INFO - *****STOP GROWING RR RULE*****
2026-04-14 13:12:09,691 - INFO - ***RR NOT FOUND***
2026-04-14 13:12:09,691 - INFO - *******STOP GROWING CR RULE*******
2026-04-14 13:12:09,693 - INFO - *******GROWING CR RULE*******
2026-04-14 13:12:09,948 - INFO - Iteracja 0: condition_best: Min_temperature <= 47.90, quality_best: 0.523, coverage_best: (p=323, n=144, P=341, N=681)
2026-04-14 13:12:09,948 - INFO - Regula po iteracji 0: IF Min_temperature <= 47.90 THEN class = {48.30} [41.64, 54.95], (p=323, n=144, P=341, N=681)
2026-04-14 13:12:09,948 - INFO - *****GROWING RR RULE*****
2026-04-14 13:12:10,409 - INFO - Iteracja 0: condition_best: None, quality_best: -inf, coverage_best: (p=0, n=0, P=0, N=0), p_value: 0
2026-04-14 13:12:10,410 - INFO - Regula po iteracji 0: IF  THEN class = {61.52} [46.93, 76.11], (p=594, n=428, P=594, N=428)
2026-04-14 13:12:10,410 - INFO - *****STOP GROWING RR RULE*****
2026-04-14 13:12:10,410 - INFO - ***RR NOT FOUND***
2026-04-14 13:12:10,541 - INFO - Iteracja 1: condition_best: Max_temperature >= 49.65, quality_best: 0.576, coverage_best: (p=284, n=108, P=312, N=710)
2026-04-14 13:12:10,541 - INFO - Regula po iteracji 1: IF Min_temperature <= 47.90 AND Max_temperature >= 49.65 THEN class = {50.07} [44.47, 55.67], (p=284, n=108, P=312, N=710)
2026-04-14 13:12:10,541 - INFO - *****GROWING RR RULE*****
2026-04-14 13:12:11,002 - INFO - Iteracja 0: condition_best: None, quality_best: -inf, coverage_best: (p=0, n=0, P=0, N=0), p_value: 0
2026-04-14 13:12:11,002 - INFO - Regula po iteracji 0: IF  THEN class = {61.52} [46.93, 76.11], (p=594, n=428, P=594, N=428)
2026-04-14 13:12:11,002 - INFO - *****STOP GROWING RR RULE*****
2026-04-14 13:12:11,002 - INFO - ***RR NOT FOUND***
2026-04-14 13:12:11,111 - INFO - Iteracja 2: condition_best: Dewpoint <= 50.15, quality_best: 0.595, coverage_best: (p=272, n=99, P=299, N=723)
2026-04-14 13:12:11,111 - INFO - Regula po iteracji 2: IF Min_temperature <= 47.90 AND Max_temperature >= 49.65 AND Dewpoint <= 50.15 THEN class = {49.60} [44.30, 54.91], (p=272, n=99, P=299, N=723)
2026-04-14 13:12:11,111 - INFO - *****GROWING RR RULE*****
2026-04-14 13:12:11,568 - INFO - Iteracja 0: condition_best: None, quality_best: -inf, coverage_best: (p=0, n=0, P=0, N=0), p_value: 0
2026-04-14 13:12:11,568 - INFO - Regula po iteracji 0: IF  THEN class = {61.52} [46.93, 76.11], (p=594, n=428, P=594, N=428)
2026-04-14 13:12:11,569 - INFO - *****STOP GROWING RR RULE*****
2026-04-14 13:12:11,569 - INFO - ***RR NOT FOUND***
2026-04-14 13:12:11,672 - INFO - Iteracja 3: condition_best: Max_temperature >= 50.10, quality_best: 0.602, coverage_best: (p=268, n=95, P=296, N=726)
2026-04-14 13:12:11,672 - INFO - Regula po iteracji 3: IF Min_temperature <= 47.90 AND Max_temperature >= 49.65 AND Dewpoint <= 50.15 AND Max_temperature >= 50.10 THEN class = {49.77} [44.55, 54.99], (p=268, n=95, P=296, N=726)
2026-04-14 13:12:11,672 - INFO - *****GROWING RR RULE*****
2026-04-14 13:12:12,130 - INFO - Iteracja 0: condition_best: None, quality_best: -inf, coverage_best: (p=0, n=0, P=0, N=0), p_value: 0
2026-04-14 13:12:12,130 - INFO - Regula po iteracji 0: IF  THEN class = {61.52} [46.93, 76.11], (p=594, n=428, P=594, N=428)
2026-04-14 13:12:12,130 - INFO - *****STOP GROWING RR RULE*****
2026-04-14 13:12:12,130 - INFO - ***RR NOT FOUND***
2026-04-14 13:12:12,231 - INFO - Iteracja 4: condition_best: Min_temperature <= 47.40, quality_best: 0.609, coverage_best: (p=261, n=93, P=285, N=737)
2026-04-14 13:12:12,232 - INFO - Regula po iteracji 4: IF Min_temperature <= 47.90 AND Max_temperature >= 49.65 AND Dewpoint <= 50.15 AND Max_temperature >= 50.10 AND Min_temperature <= 47.40 THEN class = {49.49} [44.56, 54.41], (p=261, n=93, P=285, N=737)
2026-04-14 13:12:12,232 - INFO - *****GROWING RR RULE*****
2026-04-14 13:12:12,688 - INFO - Iteracja 0: condition_best: None, quality_best: -inf, coverage_best: (p=0, n=0, P=0, N=0), p_value: 0
2026-04-14 13:12:12,688 - INFO - Regula po iteracji 0: IF  THEN class = {61.52} [46.93, 76.11], (p=594, n=428, P=594, N=428)
2026-04-14 13:12:12,688 - INFO - *****STOP GROWING RR RULE*****
2026-04-14 13:12:12,688 - INFO - ***RR NOT FOUND***
2026-04-14 13:12:12,688 - INFO - *******STOP GROWING CR RULE*******
2026-04-14 13:12:12,690 - INFO - *******GROWING CR RULE*******
2026-04-14 13:12:12,940 - INFO - Iteracja 0: condition_best: Min_temperature <= 47.90, quality_best: 0.523, coverage_best: (p=323, n=144, P=341, N=681)
2026-04-14 13:12:12,940 - INFO - Regula po iteracji 0: IF Min_temperature <= 47.90 THEN class = {48.30} [41.64, 54.95], (p=323, n=144, P=341, N=681)
2026-04-14 13:12:12,941 - INFO - *****GROWING RR RULE*****
2026-04-14 13:12:13,403 - INFO - Iteracja 0: condition_best: None, quality_best: -inf, coverage_best: (p=0, n=0, P=0, N=0), p_value: 0
2026-04-14 13:12:13,404 - INFO - Regula po iteracji 0: IF  THEN class = {61.52} [46.93, 76.11], (p=594, n=428, P=594, N=428)
2026-04-14 13:12:13,404 - INFO - *****STOP GROWING RR RULE*****
2026-04-14 13:12:13,404 - INFO - ***RR NOT FOUND***
2026-04-14 13:12:13,532 - INFO - Iteracja 1: condition_best: Max_temperature >= 49.65, quality_best: 0.576, coverage_best: (p=284, n=108, P=312, N=710)
2026-04-14 13:12:13,532 - INFO - Regula po iteracji 1: IF Min_temperature <= 47.90 AND Max_temperature >= 49.65 THEN class = {50.07} [44.47, 55.67], (p=284, n=108, P=312, N=710)
2026-04-14 13:12:13,532 - INFO - *****GROWING RR RULE*****
2026-04-14 13:12:13,993 - INFO - Iteracja 0: condition_best: None, quality_best: -inf, coverage_best: (p=0, n=0, P=0, N=0), p_value: 0
2026-04-14 13:12:13,993 - INFO - Regula po iteracji 0: IF  THEN class = {61.52} [46.93, 76.11], (p=594, n=428, P=594, N=428)
2026-04-14 13:12:13,993 - INFO - *****STOP GROWING RR RULE*****
2026-04-14 13:12:13,993 - INFO - ***RR NOT FOUND***
2026-04-14 13:12:14,100 - INFO - Iteracja 2: condition_best: Max_temperature <= 63.05, quality_best: 0.594, coverage_best: (p=185, n=80, P=204, N=818)
2026-04-14 13:12:14,100 - INFO - Regula po iteracji 2: IF Min_temperature <= 47.90 AND Max_temperature >= 49.65 AND Max_temperature <= 63.05 THEN class = {47.35} [43.48, 51.21], (p=185, n=80, P=204, N=818)
2026-04-14 13:12:14,100 - INFO - *****GROWING RR RULE*****
2026-04-14 13:12:14,552 - INFO - Iteracja 0: condition_best: None, quality_best: -inf, coverage_best: (p=0, n=0, P=0, N=0), p_value: 0
2026-04-14 13:12:14,552 - INFO - Regula po iteracji 0: IF  THEN class = {61.52} [46.93, 76.11], (p=594, n=428, P=594, N=428)
2026-04-14 13:12:14,553 - INFO - *****STOP GROWING RR RULE*****
2026-04-14 13:12:14,553 - INFO - ***RR NOT FOUND***
2026-04-14 13:12:14,633 - INFO - Iteracja 3: condition_best: Max_temperature >= 49.90, quality_best: 0.598, coverage_best: (p=184, n=79, P=202, N=820)
2026-04-14 13:12:14,633 - INFO - Regula po iteracji 3: IF Min_temperature <= 47.90 AND Max_temperature >= 49.65 AND Max_temperature <= 63.05 AND Max_temperature >= 49.90 THEN class = {47.39} [43.54, 51.24], (p=184, n=79, P=202, N=820)
2026-04-14 13:12:14,634 - INFO - *****GROWING RR RULE*****
2026-04-14 13:12:15,085 - INFO - Iteracja 0: condition_best: None, quality_best: -inf, coverage_best: (p=0, n=0, P=0, N=0), p_value: 0
2026-04-14 13:12:15,086 - INFO - Regula po iteracji 0: IF  THEN class = {61.52} [46.93, 76.11], (p=594, n=428, P=594, N=428)
2026-04-14 13:12:15,086 - INFO - *****STOP GROWING RR RULE*****
2026-04-14 13:12:15,086 - INFO - ***RR NOT FOUND***
2026-04-14 13:12:15,166 - INFO - Iteracja 4: condition_best: Min_temperature >= 22.35, quality_best: 0.601, coverage_best: (p=184, n=78, P=202, N=820)
2026-04-14 13:12:15,166 - INFO - Regula po iteracji 4: IF Min_temperature <= 47.90 AND Max_temperature >= 49.65 AND Max_temperature <= 63.05 AND Max_temperature >= 49.90 AND Min_temperature >= 22.35 THEN class = {47.42} [43.59, 51.25], (p=184, n=78, P=202, N=820)
2026-04-14 13:12:15,167 - INFO - *****GROWING RR RULE*****
2026-04-14 13:12:15,622 - INFO - Iteracja 0: condition_best: None, quality_best: -inf, coverage_best: (p=0, n=0, P=0, N=0), p_value: 0
2026-04-14 13:12:15,622 - INFO - Regula po iteracji 0: IF  THEN class = {61.52} [46.93, 76.11], (p=594, n=428, P=594, N=428)
2026-04-14 13:12:15,622 - INFO - *****STOP GROWING RR RULE*****
2026-04-14 13:12:15,622 - INFO - ***RR NOT FOUND***
2026-04-14 13:12:15,622 - INFO - *******STOP GROWING CR RULE*******
2026-04-14 13:12:15,624 - INFO - *******GROWING CR RULE*******
2026-04-14 13:12:15,873 - INFO - Iteracja 0: condition_best: Min_temperature <= 47.90, quality_best: 0.523, coverage_best: (p=323, n=144, P=341, N=681)
2026-04-14 13:12:15,874 - INFO - Regula po iteracji 0: IF Min_temperature <= 47.90 THEN class = {48.30} [41.64, 54.95], (p=323, n=144, P=341, N=681)
2026-04-14 13:12:15,874 - INFO - *****GROWING RR RULE*****
2026-04-14 13:12:16,334 - INFO - Iteracja 0: condition_best: None, quality_best: -inf, coverage_best: (p=0, n=0, P=0, N=0), p_value: 0
2026-04-14 13:12:16,334 - INFO - Regula po iteracji 0: IF  THEN class = {61.52} [46.93, 76.11], (p=594, n=428, P=594, N=428)
2026-04-14 13:12:16,334 - INFO - *****STOP GROWING RR RULE*****
2026-04-14 13:12:16,334 - INFO - ***RR NOT FOUND***
2026-04-14 13:12:16,462 - INFO - Iteracja 1: condition_best: Max_temperature >= 49.65, quality_best: 0.576, coverage_best: (p=284, n=108, P=312, N=710)
2026-04-14 13:12:16,462 - INFO - Regula po iteracji 1: IF Min_temperature <= 47.90 AND Max_temperature >= 49.65 THEN class = {50.07} [44.47, 55.67], (p=284, n=108, P=312, N=710)
2026-04-14 13:12:16,462 - INFO - *****GROWING RR RULE*****
2026-04-14 13:12:16,921 - INFO - Iteracja 0: condition_best: None, quality_best: -inf, coverage_best: (p=0, n=0, P=0, N=0), p_value: 0
2026-04-14 13:12:16,921 - INFO - Regula po iteracji 0: IF  THEN class = {61.52} [46.93, 76.11], (p=594, n=428, P=594, N=428)
2026-04-14 13:12:16,921 - INFO - *****STOP GROWING RR RULE*****
2026-04-14 13:12:16,921 - INFO - ***RR NOT FOUND***
2026-04-14 13:12:17,027 - INFO - Iteracja 2: condition_best: Dewpoint <= 50.45, quality_best: 0.588, coverage_best: (p=274, n=102, P=301, N=721)
2026-04-14 13:12:17,027 - INFO - Regula po iteracji 2: IF Min_temperature <= 47.90 AND Max_temperature >= 49.65 AND Dewpoint <= 50.45 THEN class = {49.69} [44.36, 55.02], (p=274, n=102, P=301, N=721)
2026-04-14 13:12:17,028 - INFO - *****GROWING RR RULE*****
2026-04-14 13:12:17,486 - INFO - Iteracja 0: condition_best: None, quality_best: -inf, coverage_best: (p=0, n=0, P=0, N=0), p_value: 0
2026-04-14 13:12:17,486 - INFO - Regula po iteracji 0: IF  THEN class = {61.52} [46.93, 76.11], (p=594, n=428, P=594, N=428)
2026-04-14 13:12:17,486 - INFO - *****STOP GROWING RR RULE*****
2026-04-14 13:12:17,486 - INFO - ***RR NOT FOUND***
2026-04-14 13:12:17,589 - INFO - Iteracja 3: condition_best: Max_temperature >= 51.00, quality_best: 0.6, coverage_best: (p=263, n=93, P=294, N=728)
2026-04-14 13:12:17,589 - INFO - Regula po iteracji 3: IF Min_temperature <= 47.90 AND Max_temperature >= 49.65 AND Dewpoint <= 50.45 AND Max_temperature >= 51.00 THEN class = {50.08} [44.89, 55.26], (p=263, n=93, P=294, N=728)
2026-04-14 13:12:17,589 - INFO - *****GROWING RR RULE*****
2026-04-14 13:12:18,046 - INFO - Iteracja 0: condition_best: None, quality_best: -inf, coverage_best: (p=0, n=0, P=0, N=0), p_value: 0
2026-04-14 13:12:18,046 - INFO - Regula po iteracji 0: IF  THEN class = {61.52} [46.93, 76.11], (p=594, n=428, P=594, N=428)
2026-04-14 13:12:18,047 - INFO - *****STOP GROWING RR RULE*****
2026-04-14 13:12:18,047 - INFO - ***RR NOT FOUND***
2026-04-14 13:12:18,144 - INFO - Iteracja 4: condition_best: Min_temperature <= 47.60, quality_best: 0.606, coverage_best: (p=260, n=91, P=289, N=733)
2026-04-14 13:12:18,144 - INFO - Regula po iteracji 4: IF Min_temperature <= 47.90 AND Max_temperature >= 49.65 AND Dewpoint <= 50.45 AND Max_temperature >= 51.00 AND Min_temperature <= 47.60 THEN class = {49.93} [44.88, 54.97], (p=260, n=91, P=289, N=733)
2026-04-14 13:12:18,144 - INFO - *****GROWING RR RULE*****
2026-04-14 13:12:18,601 - INFO - Iteracja 0: condition_best: None, quality_best: -inf, coverage_best: (p=0, n=0, P=0, N=0), p_value: 0
2026-04-14 13:12:18,601 - INFO - Regula po iteracji 0: IF  THEN class = {61.52} [46.93, 76.11], (p=594, n=428, P=594, N=428)
2026-04-14 13:12:18,601 - INFO - *****STOP GROWING RR RULE*****
2026-04-14 13:12:18,601 - INFO - ***RR NOT FOUND***
2026-04-14 13:12:18,601 - INFO - *******STOP GROWING CR RULE*******
2026-04-14 13:12:18,602 - INFO - *******GROWING CR RULE*******
2026-04-14 13:12:18,853 - INFO - Iteracja 0: condition_best: Min_temperature <= 47.90, quality_best: 0.523, coverage_best: (p=323, n=144, P=341, N=681)
2026-04-14 13:12:18,853 - INFO - Regula po iteracji 0: IF Min_temperature <= 47.90 THEN class = {48.30} [41.64, 54.95], (p=323, n=144, P=341, N=681)
2026-04-14 13:12:18,853 - INFO - *****GROWING RR RULE*****
2026-04-14 13:12:19,315 - INFO - Iteracja 0: condition_best: None, quality_best: -inf, coverage_best: (p=0, n=0, P=0, N=0), p_value: 0
2026-04-14 13:12:19,315 - INFO - Regula po iteracji 0: IF  THEN class = {61.52} [46.93, 76.11], (p=594, n=428, P=594, N=428)
2026-04-14 13:12:19,315 - INFO - *****STOP GROWING RR RULE*****
2026-04-14 13:12:19,316 - INFO - ***RR NOT FOUND***
2026-04-14 13:12:19,442 - INFO - Iteracja 1: condition_best: Max_temperature >= 49.65, quality_best: 0.576, coverage_best: (p=284, n=108, P=312, N=710)
2026-04-14 13:12:19,442 - INFO - Regula po iteracji 1: IF Min_temperature <= 47.90 AND Max_temperature >= 49.65 THEN class = {50.07} [44.47, 55.67], (p=284, n=108, P=312, N=710)
2026-04-14 13:12:19,443 - INFO - *****GROWING RR RULE*****
2026-04-14 13:12:19,903 - INFO - Iteracja 0: condition_best: None, quality_best: -inf, coverage_best: (p=0, n=0, P=0, N=0), p_value: 0
2026-04-14 13:12:19,903 - INFO - Regula po iteracji 0: IF  THEN class = {61.52} [46.93, 76.11], (p=594, n=428, P=594, N=428)
2026-04-14 13:12:19,903 - INFO - *****STOP GROWING RR RULE*****
2026-04-14 13:12:19,903 - INFO - ***RR NOT FOUND***
2026-04-14 13:12:20,009 - INFO - Iteracja 2: condition_best: Max_temperature <= 78.90, quality_best: 0.587, coverage_best: (p=280, n=106, P=303, N=719)
2026-04-14 13:12:20,009 - INFO - Regula po iteracji 2: IF Min_temperature <= 47.90 AND Max_temperature >= 49.65 AND Max_temperature <= 78.90 THEN class = {49.85} [44.49, 55.21], (p=280, n=106, P=303, N=719)
2026-04-14 13:12:20,009 - INFO - *****GROWING RR RULE*****
2026-04-14 13:12:20,469 - INFO - Iteracja 0: condition_best: None, quality_best: -inf, coverage_best: (p=0, n=0, P=0, N=0), p_value: 0
2026-04-14 13:12:20,469 - INFO - Regula po iteracji 0: IF  THEN class = {61.52} [46.93, 76.11], (p=594, n=428, P=594, N=428)
2026-04-14 13:12:20,469 - INFO - *****STOP GROWING RR RULE*****
2026-04-14 13:12:20,469 - INFO - ***RR NOT FOUND***
2026-04-14 13:12:20,575 - INFO - Iteracja 3: condition_best: Dewpoint <= 51.65, quality_best: 0.591, coverage_best: (p=278, n=104, P=301, N=721)
2026-04-14 13:12:20,575 - INFO - Regula po iteracji 3: IF Min_temperature <= 47.90 AND Max_temperature >= 49.65 AND Max_temperature <= 78.90 AND Dewpoint <= 51.65 THEN class = {49.76} [44.47, 55.05], (p=278, n=104, P=301, N=721)
2026-04-14 13:12:20,575 - INFO - *****GROWING RR RULE*****
2026-04-14 13:12:21,033 - INFO - Iteracja 0: condition_best: None, quality_best: -inf, coverage_best: (p=0, n=0, P=0, N=0), p_value: 0
2026-04-14 13:12:21,033 - INFO - Regula po iteracji 0: IF  THEN class = {61.52} [46.93, 76.11], (p=594, n=428, P=594, N=428)
2026-04-14 13:12:21,033 - INFO - *****STOP GROWING RR RULE*****
2026-04-14 13:12:21,034 - INFO - ***RR NOT FOUND***
2026-04-14 13:12:21,138 - INFO - Iteracja 4: condition_best: Standard_pressure >= 2.40, quality_best: 0.593, coverage_best: (p=278, n=103, P=301, N=721)
2026-04-14 13:12:21,139 - INFO - Regula po iteracji 4: IF Min_temperature <= 47.90 AND Max_temperature >= 49.65 AND Max_temperature <= 78.90 AND Dewpoint <= 51.65 AND Standard_pressure >= 2.40 THEN class = {49.78} [44.49, 55.07], (p=278, n=103, P=301, N=721)
2026-04-14 13:12:21,139 - INFO - *****GROWING RR RULE*****
2026-04-14 13:12:21,598 - INFO - Iteracja 0: condition_best: None, quality_best: -inf, coverage_best: (p=0, n=0, P=0, N=0), p_value: 0
2026-04-14 13:12:21,598 - INFO - Regula po iteracji 0: IF  THEN class = {61.52} [46.93, 76.11], (p=594, n=428, P=594, N=428)
2026-04-14 13:12:21,598 - INFO - *****STOP GROWING RR RULE*****
2026-04-14 13:12:21,598 - INFO - ***RR NOT FOUND***
2026-04-14 13:12:21,598 - INFO - *******STOP GROWING CR RULE*******
2026-04-14 13:12:21,599 - INFO - *******GROWING CR RULE*******
2026-04-14 13:12:21,846 - INFO - Iteracja 0: condition_best: Min_temperature <= 48.10, quality_best: 0.52, coverage_best: (p=325, n=145, P=344, N=678)
2026-04-14 13:12:21,847 - INFO - Regula po iteracji 0: IF Min_temperature <= 48.10 THEN class = {48.35} [41.67, 55.02], (p=325, n=145, P=344, N=678)
2026-04-14 13:12:21,847 - INFO - *****GROWING RR RULE*****
2026-04-14 13:12:22,308 - INFO - Iteracja 0: condition_best: None, quality_best: -inf, coverage_best: (p=0, n=0, P=0, N=0), p_value: 0
2026-04-14 13:12:22,308 - INFO - Regula po iteracji 0: IF  THEN class = {61.52} [46.93, 76.11], (p=594, n=428, P=594, N=428)
2026-04-14 13:12:22,309 - INFO - *****STOP GROWING RR RULE*****
2026-04-14 13:12:22,309 - INFO - ***RR NOT FOUND***
2026-04-14 13:12:22,436 - INFO - Iteracja 1: condition_best: Max_temperature >= 49.90, quality_best: 0.571, coverage_best: (p=283, n=110, P=311, N=711)
2026-04-14 13:12:22,436 - INFO - Regula po iteracji 1: IF Min_temperature <= 48.10 AND Max_temperature >= 49.90 THEN class = {50.16} [44.56, 55.75], (p=283, n=110, P=311, N=711)
2026-04-14 13:12:22,436 - INFO - *****GROWING RR RULE*****
2026-04-14 13:12:22,894 - INFO - Iteracja 0: condition_best: None, quality_best: -inf, coverage_best: (p=0, n=0, P=0, N=0), p_value: 0
2026-04-14 13:12:22,894 - INFO - Regula po iteracji 0: IF  THEN class = {61.52} [46.93, 76.11], (p=594, n=428, P=594, N=428)
2026-04-14 13:12:22,894 - INFO - *****STOP GROWING RR RULE*****
2026-04-14 13:12:22,894 - INFO - ***RR NOT FOUND***
2026-04-14 13:12:22,999 - INFO - Iteracja 2: condition_best: Max_temperature <= 76.65, quality_best: 0.593, coverage_best: (p=277, n=105, P=296, N=726)
2026-04-14 13:12:23,000 - INFO - Regula po iteracji 2: IF Min_temperature <= 48.10 AND Max_temperature >= 49.90 AND Max_temperature <= 76.65 THEN class = {49.77} [44.59, 54.95], (p=277, n=105, P=296, N=726)
2026-04-14 13:12:23,000 - INFO - *****GROWING RR RULE*****
2026-04-14 13:12:23,457 - INFO - Iteracja 0: condition_best: None, quality_best: -inf, coverage_best: (p=0, n=0, P=0, N=0), p_value: 0
2026-04-14 13:12:23,457 - INFO - Regula po iteracji 0: IF  THEN class = {61.52} [46.93, 76.11], (p=594, n=428, P=594, N=428)
2026-04-14 13:12:23,457 - INFO - *****STOP GROWING RR RULE*****
2026-04-14 13:12:23,457 - INFO - ***RR NOT FOUND***
2026-04-14 13:12:23,561 - INFO - Iteracja 3: condition_best: Wind_speed >= 5.81, quality_best: 0.596, coverage_best: (p=277, n=104, P=296, N=726)
2026-04-14 13:12:23,561 - INFO - Regula po iteracji 3: IF Min_temperature <= 48.10 AND Max_temperature >= 49.90 AND Max_temperature <= 76.65 AND Wind_speed >= 5.81 THEN class = {49.76} [44.58, 54.93], (p=277, n=104, P=296, N=726)
2026-04-14 13:12:23,562 - INFO - *****GROWING RR RULE*****
2026-04-14 13:12:24,019 - INFO - Iteracja 0: condition_best: None, quality_best: -inf, coverage_best: (p=0, n=0, P=0, N=0), p_value: 0
2026-04-14 13:12:24,019 - INFO - Regula po iteracji 0: IF  THEN class = {61.52} [46.93, 76.11], (p=594, n=428, P=594, N=428)
2026-04-14 13:12:24,020 - INFO - *****STOP GROWING RR RULE*****
2026-04-14 13:12:24,020 - INFO - ***RR NOT FOUND***
2026-04-14 13:12:24,124 - INFO - Iteracja 4: condition_best: Dewpoint >= 23.55, quality_best: 0.594, coverage_best: (p=276, n=104, P=296, N=726)
2026-04-14 13:12:24,124 - INFO - Regula po iteracji 4: IF Min_temperature <= 48.10 AND Max_temperature >= 49.90 AND Max_temperature <= 76.65 AND Wind_speed >= 5.81 AND Dewpoint >= 23.55 THEN class = {49.77} [44.59, 54.94], (p=276, n=104, P=296, N=726)
2026-04-14 13:12:24,125 - INFO - *****GROWING RR RULE*****
2026-04-14 13:12:24,582 - INFO - Iteracja 0: condition_best: None, quality_best: -inf, coverage_best: (p=0, n=0, P=0, N=0), p_value: 0
2026-04-14 13:12:24,583 - INFO - Regula po iteracji 0: IF  THEN class = {61.52} [46.93, 76.11], (p=594, n=428, P=594, N=428)
2026-04-14 13:12:24,583 - INFO - *****STOP GROWING RR RULE*****
2026-04-14 13:12:24,583 - INFO - ***RR NOT FOUND***
2026-04-14 13:12:24,583 - INFO - *******STOP GROWING CR RULE*******
2026-04-14 13:12:24,584 - INFO - *******GROWING CR RULE*******
2026-04-14 13:12:24,832 - INFO - Iteracja 0: condition_best: Min_temperature >= 53.50, quality_best: 0.519, coverage_best: (p=290, n=150, P=293, N=729)
2026-04-14 13:12:24,832 - INFO - Regula po iteracji 0: IF Min_temperature >= 53.50 THEN class = {75.93} [69.05, 82.81], (p=290, n=150, P=293, N=729)
2026-04-14 13:12:24,833 - INFO - *****GROWING RR RULE*****
2026-04-14 13:12:25,294 - INFO - Iteracja 0: condition_best: None, quality_best: -inf, coverage_best: (p=0, n=0, P=0, N=0), p_value: 0
2026-04-14 13:12:25,295 - INFO - Regula po iteracji 0: IF  THEN class = {61.52} [46.93, 76.11], (p=594, n=428, P=594, N=428)
2026-04-14 13:12:25,295 - INFO - *****STOP GROWING RR RULE*****
2026-04-14 13:12:25,295 - INFO - ***RR NOT FOUND***
2026-04-14 13:12:25,399 - INFO - Iteracja 1: condition_best: Sea_level_pressure <= 30.02, quality_best: 0.583, coverage_best: (p=284, n=116, P=294, N=728)
2026-04-14 13:12:25,400 - INFO - Regula po iteracji 1: IF Min_temperature >= 53.50 AND Sea_level_pressure <= 30.02 THEN class = {76.77} [70.33, 83.21], (p=284, n=116, P=294, N=728)
2026-04-14 13:12:25,400 - INFO - *****GROWING RR RULE*****
2026-04-14 13:12:25,858 - INFO - Iteracja 0: condition_best: None, quality_best: -inf, coverage_best: (p=0, n=0, P=0, N=0), p_value: 0
2026-04-14 13:12:25,858 - INFO - Regula po iteracji 0: IF  THEN class = {61.52} [46.93, 76.11], (p=594, n=428, P=594, N=428)
2026-04-14 13:12:25,858 - INFO - *****STOP GROWING RR RULE*****
2026-04-14 13:12:25,858 - INFO - ***RR NOT FOUND***
2026-04-14 13:12:25,953 - INFO - Iteracja 2: condition_best: Precipitation <= 1.50, quality_best: 0.59, coverage_best: (p=284, n=113, P=294, N=728)
2026-04-14 13:12:25,953 - INFO - Regula po iteracji 2: IF Min_temperature >= 53.50 AND Sea_level_pressure <= 30.02 AND Precipitation <= 1.50 THEN class = {76.86} [70.48, 83.23], (p=284, n=113, P=294, N=728)
2026-04-14 13:12:25,954 - INFO - *****GROWING RR RULE*****
2026-04-14 13:12:26,412 - INFO - Iteracja 0: condition_best: None, quality_best: -inf, coverage_best: (p=0, n=0, P=0, N=0), p_value: 0
2026-04-14 13:12:26,413 - INFO - Regula po iteracji 0: IF  THEN class = {61.52} [46.93, 76.11], (p=594, n=428, P=594, N=428)
2026-04-14 13:12:26,413 - INFO - *****STOP GROWING RR RULE*****
2026-04-14 13:12:26,413 - INFO - ***RR NOT FOUND***
2026-04-14 13:12:26,507 - INFO - Iteracja 3: condition_best: Min_temperature <= 70.60, quality_best: 0.593, coverage_best: (p=230, n=91, P=254, N=768)
2026-04-14 13:12:26,507 - INFO - Regula po iteracji 3: IF Min_temperature >= 53.50 AND Sea_level_pressure <= 30.02 AND Precipitation <= 1.50 AND Min_temperature <= 70.60 THEN class = {75.32} [69.26, 81.38], (p=230, n=91, P=254, N=768)
2026-04-14 13:12:26,507 - INFO - *****GROWING RR RULE*****
2026-04-14 13:12:26,964 - INFO - Iteracja 0: condition_best: None, quality_best: -inf, coverage_best: (p=0, n=0, P=0, N=0), p_value: 0
2026-04-14 13:12:26,964 - INFO - Regula po iteracji 0: IF  THEN class = {61.52} [46.93, 76.11], (p=594, n=428, P=594, N=428)
2026-04-14 13:12:26,964 - INFO - *****STOP GROWING RR RULE*****
2026-04-14 13:12:26,964 - INFO - ***RR NOT FOUND***
2026-04-14 13:12:27,045 - INFO - Iteracja 4: condition_best: Precipitation <= 0.10, quality_best: 0.617, coverage_best: (p=224, n=82, P=247, N=775)
2026-04-14 13:12:27,045 - INFO - Regula po iteracji 4: IF Min_temperature >= 53.50 AND Sea_level_pressure <= 30.02 AND Precipitation <= 1.50 AND Min_temperature <= 70.60 AND Precipitation <= 0.10 THEN class = {75.80} [70.24, 81.37], (p=224, n=82, P=247, N=775)
2026-04-14 13:12:27,045 - INFO - *****GROWING RR RULE*****
2026-04-14 13:12:27,500 - INFO - Iteracja 0: condition_best: None, quality_best: -inf, coverage_best: (p=0, n=0, P=0, N=0), p_value: 0
2026-04-14 13:12:27,500 - INFO - Regula po iteracji 0: IF  THEN class = {61.52} [46.93, 76.11], (p=594, n=428, P=594, N=428)
2026-04-14 13:12:27,500 - INFO - *****STOP GROWING RR RULE*****
2026-04-14 13:12:27,500 - INFO - ***RR NOT FOUND***
2026-04-14 13:12:27,500 - INFO - *******STOP GROWING CR RULE*******
2026-04-14 13:12:27,501 - INFO - *******GROWING CR RULE*******
2026-04-14 13:12:27,747 - INFO - Iteracja 0: condition_best: Min_temperature >= 53.50, quality_best: 0.519, coverage_best: (p=290, n=150, P=293, N=729)
2026-04-14 13:12:27,748 - INFO - Regula po iteracji 0: IF Min_temperature >= 53.50 THEN class = {75.93} [69.05, 82.81], (p=290, n=150, P=293, N=729)
2026-04-14 13:12:27,748 - INFO - *****GROWING RR RULE*****
2026-04-14 13:12:28,211 - INFO - Iteracja 0: condition_best: None, quality_best: -inf, coverage_best: (p=0, n=0, P=0, N=0), p_value: 0
2026-04-14 13:12:28,211 - INFO - Regula po iteracji 0: IF  THEN class = {61.52} [46.93, 76.11], (p=594, n=428, P=594, N=428)
2026-04-14 13:12:28,211 - INFO - *****STOP GROWING RR RULE*****
2026-04-14 13:12:28,211 - INFO - ***RR NOT FOUND***
2026-04-14 13:12:28,314 - INFO - Iteracja 1: condition_best: Sea_level_pressure <= 30.02, quality_best: 0.583, coverage_best: (p=284, n=116, P=294, N=728)
2026-04-14 13:12:28,314 - INFO - Regula po iteracji 1: IF Min_temperature >= 53.50 AND Sea_level_pressure <= 30.02 THEN class = {76.77} [70.33, 83.21], (p=284, n=116, P=294, N=728)
2026-04-14 13:12:28,314 - INFO - *****GROWING RR RULE*****
2026-04-14 13:12:28,773 - INFO - Iteracja 0: condition_best: None, quality_best: -inf, coverage_best: (p=0, n=0, P=0, N=0), p_value: 0
2026-04-14 13:12:28,774 - INFO - Regula po iteracji 0: IF  THEN class = {61.52} [46.93, 76.11], (p=594, n=428, P=594, N=428)
2026-04-14 13:12:28,774 - INFO - *****STOP GROWING RR RULE*****
2026-04-14 13:12:28,774 - INFO - ***RR NOT FOUND***
2026-04-14 13:12:28,868 - INFO - Iteracja 2: condition_best: Precipitation <= 2.00, quality_best: 0.588, coverage_best: (p=284, n=114, P=294, N=728)
2026-04-14 13:12:28,869 - INFO - Regula po iteracji 2: IF Min_temperature >= 53.50 AND Sea_level_pressure <= 30.02 AND Precipitation <= 2.00 THEN class = {76.81} [70.39, 83.24], (p=284, n=114, P=294, N=728)
2026-04-14 13:12:28,869 - INFO - *****GROWING RR RULE*****
2026-04-14 13:12:29,328 - INFO - Iteracja 0: condition_best: None, quality_best: -inf, coverage_best: (p=0, n=0, P=0, N=0), p_value: 0
2026-04-14 13:12:29,328 - INFO - Regula po iteracji 0: IF  THEN class = {61.52} [46.93, 76.11], (p=594, n=428, P=594, N=428)
2026-04-14 13:12:29,328 - INFO - *****STOP GROWING RR RULE*****
2026-04-14 13:12:29,328 - INFO - ***RR NOT FOUND***
2026-04-14 13:12:29,423 - INFO - Iteracja 3: condition_best: Sea_level_pressure <= 29.98, quality_best: 0.593, coverage_best: (p=269, n=100, P=294, N=728)
2026-04-14 13:12:29,423 - INFO - Regula po iteracji 3: IF Min_temperature >= 53.50 AND Sea_level_pressure <= 30.02 AND Precipitation <= 2.00 AND Sea_level_pressure <= 29.98 THEN class = {77.19} [70.86, 83.52], (p=269, n=100, P=294, N=728)
2026-04-14 13:12:29,423 - INFO - *****GROWING RR RULE*****
2026-04-14 13:12:29,880 - INFO - Iteracja 0: condition_best: None, quality_best: -inf, coverage_best: (p=0, n=0, P=0, N=0), p_value: 0
2026-04-14 13:12:29,880 - INFO - Regula po iteracji 0: IF  THEN class = {61.52} [46.93, 76.11], (p=594, n=428, P=594, N=428)
2026-04-14 13:12:29,881 - INFO - *****STOP GROWING RR RULE*****
2026-04-14 13:12:29,881 - INFO - ***RR NOT FOUND***
2026-04-14 13:12:29,971 - INFO - Iteracja 4: condition_best: Visibility >= 3.69, quality_best: 0.596, coverage_best: (p=269, n=99, P=294, N=728)
2026-04-14 13:12:29,971 - INFO - Regula po iteracji 4: IF Min_temperature >= 53.50 AND Sea_level_pressure <= 30.02 AND Precipitation <= 2.00 AND Sea_level_pressure <= 29.98 AND Visibility >= 3.69 THEN class = {77.21} [70.88, 83.54], (p=269, n=99, P=294, N=728)
2026-04-14 13:12:29,971 - INFO - *****GROWING RR RULE*****
2026-04-14 13:12:30,428 - INFO - Iteracja 0: condition_best: None, quality_best: -inf, coverage_best: (p=0, n=0, P=0, N=0), p_value: 0
2026-04-14 13:12:30,428 - INFO - Regula po iteracji 0: IF  THEN class = {61.52} [46.93, 76.11], (p=594, n=428, P=594, N=428)
2026-04-14 13:12:30,428 - INFO - *****STOP GROWING RR RULE*****
2026-04-14 13:12:30,428 - INFO - ***RR NOT FOUND***
2026-04-14 13:12:30,428 - INFO - *******STOP GROWING CR RULE*******
2026-04-14 13:12:30,429 - INFO - *******GROWING CR RULE*******
2026-04-14 13:12:30,676 - INFO - Iteracja 0: condition_best: Min_temperature >= 53.50, quality_best: 0.519, coverage_best: (p=290, n=150, P=293, N=729)
2026-04-14 13:12:30,676 - INFO - Regula po iteracji 0: IF Min_temperature >= 53.50 THEN class = {75.93} [69.05, 82.81], (p=290, n=150, P=293, N=729)
2026-04-14 13:12:30,676 - INFO - *****GROWING RR RULE*****
2026-04-14 13:12:31,137 - INFO - Iteracja 0: condition_best: None, quality_best: -inf, coverage_best: (p=0, n=0, P=0, N=0), p_value: 0
2026-04-14 13:12:31,137 - INFO - Regula po iteracji 0: IF  THEN class = {61.52} [46.93, 76.11], (p=594, n=428, P=594, N=428)
2026-04-14 13:12:31,138 - INFO - *****STOP GROWING RR RULE*****
2026-04-14 13:12:31,138 - INFO - ***RR NOT FOUND***
2026-04-14 13:12:31,239 - INFO - Iteracja 1: condition_best: Min_temperature <= 70.80, quality_best: 0.557, coverage_best: (p=249, n=116, P=263, N=759)
2026-04-14 13:12:31,240 - INFO - Regula po iteracji 1: IF Min_temperature >= 53.50 AND Min_temperature <= 70.80 THEN class = {74.40} [67.89, 80.91], (p=249, n=116, P=263, N=759)
2026-04-14 13:12:31,240 - INFO - *****GROWING RR RULE*****
2026-04-14 13:12:31,698 - INFO - Iteracja 0: condition_best: None, quality_best: -inf, coverage_best: (p=0, n=0, P=0, N=0), p_value: 0
2026-04-14 13:12:31,698 - INFO - Regula po iteracji 0: IF  THEN class = {61.52} [46.93, 76.11], (p=594, n=428, P=594, N=428)
2026-04-14 13:12:31,699 - INFO - *****STOP GROWING RR RULE*****
2026-04-14 13:12:31,699 - INFO - ***RR NOT FOUND***
2026-04-14 13:12:31,788 - INFO - Iteracja 2: condition_best: Dewpoint >= 43.35, quality_best: 0.568, coverage_best: (p=241, n=107, P=259, N=763)
2026-04-14 13:12:31,788 - INFO - Regula po iteracji 2: IF Min_temperature >= 53.50 AND Min_temperature <= 70.80 AND Dewpoint >= 43.35 THEN class = {74.54} [68.09, 80.99], (p=241, n=107, P=259, N=763)
2026-04-14 13:12:31,789 - INFO - *****GROWING RR RULE*****
2026-04-14 13:12:32,246 - INFO - Iteracja 0: condition_best: None, quality_best: -inf, coverage_best: (p=0, n=0, P=0, N=0), p_value: 0
2026-04-14 13:12:32,246 - INFO - Regula po iteracji 0: IF  THEN class = {61.52} [46.93, 76.11], (p=594, n=428, P=594, N=428)
2026-04-14 13:12:32,246 - INFO - *****STOP GROWING RR RULE*****
2026-04-14 13:12:32,246 - INFO - ***RR NOT FOUND***
2026-04-14 13:12:32,332 - INFO - Iteracja 3: condition_best: Sea_level_pressure >= 29.70, quality_best: 0.574, coverage_best: (p=237, n=101, P=259, N=763)
2026-04-14 13:12:32,332 - INFO - Regula po iteracji 3: IF Min_temperature >= 53.50 AND Min_temperature <= 70.80 AND Dewpoint >= 43.35 AND Sea_level_pressure >= 29.70 THEN class = {74.51} [68.07, 80.95], (p=237, n=101, P=259, N=763)
2026-04-14 13:12:32,332 - INFO - *****GROWING RR RULE*****
2026-04-14 13:12:32,788 - INFO - Iteracja 0: condition_best: None, quality_best: -inf, coverage_best: (p=0, n=0, P=0, N=0), p_value: 0
2026-04-14 13:12:32,788 - INFO - Regula po iteracji 0: IF  THEN class = {61.52} [46.93, 76.11], (p=594, n=428, P=594, N=428)
2026-04-14 13:12:32,788 - INFO - *****STOP GROWING RR RULE*****
2026-04-14 13:12:32,788 - INFO - ***RR NOT FOUND***
2026-04-14 13:12:32,872 - INFO - Iteracja 4: condition_best: Min_temperature <= 70.60, quality_best: 0.577, coverage_best: (p=237, n=100, P=259, N=763)
2026-04-14 13:12:32,872 - INFO - Regula po iteracji 4: IF Min_temperature >= 53.50 AND Min_temperature <= 70.80 AND Dewpoint >= 43.35 AND Sea_level_pressure >= 29.70 AND Min_temperature <= 70.60 THEN class = {74.49} [68.05, 80.92], (p=237, n=100, P=259, N=763)
2026-04-14 13:12:32,872 - INFO - *****GROWING RR RULE*****
2026-04-14 13:12:33,329 - INFO - Iteracja 0: condition_best: None, quality_best: -inf, coverage_best: (p=0, n=0, P=0, N=0), p_value: 0
2026-04-14 13:12:33,329 - INFO - Regula po iteracji 0: IF  THEN class = {61.52} [46.93, 76.11], (p=594, n=428, P=594, N=428)
2026-04-14 13:12:33,329 - INFO - *****STOP GROWING RR RULE*****
2026-04-14 13:12:33,329 - INFO - ***RR NOT FOUND***
2026-04-14 13:12:33,329 - INFO - *******STOP GROWING CR RULE*******
2026-04-14 13:12:33,330 - INFO - *******GROWING CR RULE*******
2026-04-14 13:12:33,574 - INFO - Iteracja 0: condition_best: Max_temperature <= 60.70, quality_best: 0.516, coverage_best: (p=200, n=109, P=226, N=796)
2026-04-14 13:12:33,574 - INFO - Regula po iteracji 0: IF Max_temperature <= 60.70 THEN class = {45.15} [39.97, 50.33], (p=200, n=109, P=226, N=796)
2026-04-14 13:12:33,575 - INFO - *****GROWING RR RULE*****
2026-04-14 13:12:34,028 - INFO - Iteracja 0: condition_best: None, quality_best: -inf, coverage_best: (p=0, n=0, P=0, N=0), p_value: 0
2026-04-14 13:12:34,028 - INFO - Regula po iteracji 0: IF  THEN class = {61.52} [46.93, 76.11], (p=594, n=428, P=594, N=428)
2026-04-14 13:12:34,028 - INFO - *****STOP GROWING RR RULE*****
2026-04-14 13:12:34,028 - INFO - ***RR NOT FOUND***
2026-04-14 13:12:34,124 - INFO - Iteracja 1: condition_best: Max_temperature >= 49.90, quality_best: 0.549, coverage_best: (p=161, n=71, P=206, N=816)
2026-04-14 13:12:34,124 - INFO - Regula po iteracji 1: IF Max_temperature <= 60.70 AND Max_temperature >= 49.90 THEN class = {47.16} [43.12, 51.21], (p=161, n=71, P=206, N=816)
2026-04-14 13:12:34,125 - INFO - *****GROWING RR RULE*****
2026-04-14 13:12:34,575 - INFO - Iteracja 0: condition_best: None, quality_best: -inf, coverage_best: (p=0, n=0, P=0, N=0), p_value: 0
2026-04-14 13:12:34,576 - INFO - Regula po iteracji 0: IF  THEN class = {61.52} [46.93, 76.11], (p=594, n=428, P=594, N=428)
2026-04-14 13:12:34,576 - INFO - *****STOP GROWING RR RULE*****
2026-04-14 13:12:34,576 - INFO - ***RR NOT FOUND***
2026-04-14 13:12:34,651 - INFO - Iteracja 2: condition_best: Dewpoint <= 50.70, quality_best: 0.577, coverage_best: (p=154, n=65, P=189, N=833)
2026-04-14 13:12:34,651 - INFO - Regula po iteracji 2: IF Max_temperature <= 60.70 AND Max_temperature >= 49.90 AND Dewpoint <= 50.70 THEN class = {46.75} [42.99, 50.51], (p=154, n=65, P=189, N=833)
2026-04-14 13:12:34,652 - INFO - *****GROWING RR RULE*****
2026-04-14 13:12:35,101 - INFO - Iteracja 0: condition_best: None, quality_best: -inf, coverage_best: (p=0, n=0, P=0, N=0), p_value: 0
2026-04-14 13:12:35,102 - INFO - Regula po iteracji 0: IF  THEN class = {61.52} [46.93, 76.11], (p=594, n=428, P=594, N=428)
2026-04-14 13:12:35,102 - INFO - *****STOP GROWING RR RULE*****
2026-04-14 13:12:35,102 - INFO - ***RR NOT FOUND***
2026-04-14 13:12:35,171 - INFO - Iteracja 3: condition_best: Min_temperature >= 26.00, quality_best: 0.582, coverage_best: (p=146, n=63, P=176, N=846)
2026-04-14 13:12:35,172 - INFO - Regula po iteracji 3: IF Max_temperature <= 60.70 AND Max_temperature >= 49.90 AND Dewpoint <= 50.70 AND Min_temperature >= 26.00 THEN class = {47.14} [43.78, 50.50], (p=146, n=63, P=176, N=846)
2026-04-14 13:12:35,172 - INFO - *****GROWING RR RULE*****
2026-04-14 13:12:35,620 - INFO - Iteracja 0: condition_best: None, quality_best: -inf, coverage_best: (p=0, n=0, P=0, N=0), p_value: 0
2026-04-14 13:12:35,620 - INFO - Regula po iteracji 0: IF  THEN class = {61.52} [46.93, 76.11], (p=594, n=428, P=594, N=428)
2026-04-14 13:12:35,621 - INFO - *****STOP GROWING RR RULE*****
2026-04-14 13:12:35,621 - INFO - ***RR NOT FOUND***
2026-04-14 13:12:35,689 - INFO - Iteracja 4: condition_best: Max_wind_speed >= 27.62, quality_best: 0.579, coverage_best: (p=143, n=62, P=174, N=848)
2026-04-14 13:12:35,689 - INFO - Regula po iteracji 4: IF Max_temperature <= 60.70 AND Max_temperature >= 49.90 AND Dewpoint <= 50.70 AND Min_temperature >= 26.00 AND Max_wind_speed >= 27.62 THEN class = {47.11} [43.77, 50.46], (p=143, n=62, P=174, N=848)
2026-04-14 13:12:35,689 - INFO - *****GROWING RR RULE*****
2026-04-14 13:12:36,138 - INFO - Iteracja 0: condition_best: None, quality_best: -inf, coverage_best: (p=0, n=0, P=0, N=0), p_value: 0
2026-04-14 13:12:36,138 - INFO - Regula po iteracji 0: IF  THEN class = {61.52} [46.93, 76.11], (p=594, n=428, P=594, N=428)
2026-04-14 13:12:36,138 - INFO - *****STOP GROWING RR RULE*****
2026-04-14 13:12:36,138 - INFO - ***RR NOT FOUND***
2026-04-14 13:12:36,138 - INFO - *******STOP GROWING CR RULE*******
2026-04-14 13:12:36,139 - INFO - *******GROWING CR RULE*******
2026-04-14 13:12:36,381 - INFO - Iteracja 0: condition_best: Max_temperature <= 60.70, quality_best: 0.516, coverage_best: (p=200, n=109, P=226, N=796)
2026-04-14 13:12:36,381 - INFO - Regula po iteracji 0: IF Max_temperature <= 60.70 THEN class = {45.15} [39.97, 50.33], (p=200, n=109, P=226, N=796)
2026-04-14 13:12:36,382 - INFO - *****GROWING RR RULE*****
2026-04-14 13:12:36,834 - INFO - Iteracja 0: condition_best: None, quality_best: -inf, coverage_best: (p=0, n=0, P=0, N=0), p_value: 0
2026-04-14 13:12:36,835 - INFO - Regula po iteracji 0: IF  THEN class = {61.52} [46.93, 76.11], (p=594, n=428, P=594, N=428)
2026-04-14 13:12:36,835 - INFO - *****STOP GROWING RR RULE*****
2026-04-14 13:12:36,835 - INFO - ***RR NOT FOUND***
2026-04-14 13:12:36,932 - INFO - Iteracja 1: condition_best: Max_temperature >= 49.90, quality_best: 0.549, coverage_best: (p=161, n=71, P=206, N=816)
2026-04-14 13:12:36,932 - INFO - Regula po iteracji 1: IF Max_temperature <= 60.70 AND Max_temperature >= 49.90 THEN class = {47.16} [43.12, 51.21], (p=161, n=71, P=206, N=816)
2026-04-14 13:12:36,932 - INFO - *****GROWING RR RULE*****
2026-04-14 13:12:37,380 - INFO - Iteracja 0: condition_best: None, quality_best: -inf, coverage_best: (p=0, n=0, P=0, N=0), p_value: 0
2026-04-14 13:12:37,381 - INFO - Regula po iteracji 0: IF  THEN class = {61.52} [46.93, 76.11], (p=594, n=428, P=594, N=428)
2026-04-14 13:12:37,381 - INFO - *****STOP GROWING RR RULE*****
2026-04-14 13:12:37,381 - INFO - ***RR NOT FOUND***
2026-04-14 13:12:37,454 - INFO - Iteracja 2: condition_best: Min_temperature >= 25.70, quality_best: 0.566, coverage_best: (p=157, n=66, P=199, N=823)
2026-04-14 13:12:37,455 - INFO - Regula po iteracji 2: IF Max_temperature <= 60.70 AND Max_temperature >= 49.90 AND Min_temperature >= 25.70 THEN class = {47.50} [43.75, 51.24], (p=157, n=66, P=199, N=823)
2026-04-14 13:12:37,455 - INFO - *****GROWING RR RULE*****
2026-04-14 13:12:37,904 - INFO - Iteracja 0: condition_best: None, quality_best: -inf, coverage_best: (p=0, n=0, P=0, N=0), p_value: 0
2026-04-14 13:12:37,905 - INFO - Regula po iteracji 0: IF  THEN class = {61.52} [46.93, 76.11], (p=594, n=428, P=594, N=428)
2026-04-14 13:12:37,905 - INFO - *****STOP GROWING RR RULE*****
2026-04-14 13:12:37,905 - INFO - ***RR NOT FOUND***
2026-04-14 13:12:37,978 - INFO - Iteracja 3: condition_best: Standard_pressure >= 2.40, quality_best: 0.569, coverage_best: (p=157, n=65, P=199, N=823)
2026-04-14 13:12:37,978 - INFO - Regula po iteracji 3: IF Max_temperature <= 60.70 AND Max_temperature >= 49.90 AND Min_temperature >= 25.70 AND Standard_pressure >= 2.40 THEN class = {47.52} [43.78, 51.26], (p=157, n=65, P=199, N=823)
2026-04-14 13:12:37,978 - INFO - *****GROWING RR RULE*****
2026-04-14 13:12:38,425 - INFO - Iteracja 0: condition_best: None, quality_best: -inf, coverage_best: (p=0, n=0, P=0, N=0), p_value: 0
2026-04-14 13:12:38,426 - INFO - Regula po iteracji 0: IF  THEN class = {61.52} [46.93, 76.11], (p=594, n=428, P=594, N=428)
2026-04-14 13:12:38,426 - INFO - *****STOP GROWING RR RULE*****
2026-04-14 13:12:38,426 - INFO - ***RR NOT FOUND***
2026-04-14 13:12:38,498 - INFO - Iteracja 4: condition_best: Precipitation <= 1.25, quality_best: 0.573, coverage_best: (p=152, n=62, P=194, N=828)
2026-04-14 13:12:38,498 - INFO - Regula po iteracji 4: IF Max_temperature <= 60.70 AND Max_temperature >= 49.90 AND Min_temperature >= 25.70 AND Standard_pressure >= 2.40 AND Precipitation <= 1.25 THEN class = {47.35} [43.68, 51.03], (p=152, n=62, P=194, N=828)
2026-04-14 13:12:38,499 - INFO - *****GROWING RR RULE*****
2026-04-14 13:12:38,947 - INFO - Iteracja 0: condition_best: None, quality_best: -inf, coverage_best: (p=0, n=0, P=0, N=0), p_value: 0
2026-04-14 13:12:38,947 - INFO - Regula po iteracji 0: IF  THEN class = {61.52} [46.93, 76.11], (p=594, n=428, P=594, N=428)
2026-04-14 13:12:38,947 - INFO - *****STOP GROWING RR RULE*****
2026-04-14 13:12:38,947 - INFO - ***RR NOT FOUND***
2026-04-14 13:12:38,947 - INFO - *******STOP GROWING CR RULE*******
2026-04-14 13:12:38,948 - INFO - *******GROWING CR RULE*******
2026-04-14 13:12:39,192 - INFO - Iteracja 0: condition_best: Max_temperature <= 62.15, quality_best: 0.515, coverage_best: (p=227, n=123, P=247, N=775)
2026-04-14 13:12:39,192 - INFO - Regula po iteracji 0: IF Max_temperature <= 62.15 THEN class = {45.87} [40.53, 51.21], (p=227, n=123, P=247, N=775)
2026-04-14 13:12:39,192 - INFO - *****GROWING RR RULE*****
2026-04-14 13:12:39,649 - INFO - Iteracja 0: condition_best: None, quality_best: -inf, coverage_best: (p=0, n=0, P=0, N=0), p_value: 0
2026-04-14 13:12:39,649 - INFO - Regula po iteracji 0: IF  THEN class = {61.52} [46.93, 76.11], (p=594, n=428, P=594, N=428)
2026-04-14 13:12:39,649 - INFO - *****STOP GROWING RR RULE*****
2026-04-14 13:12:39,649 - INFO - ***RR NOT FOUND***
2026-04-14 13:12:39,753 - INFO - Iteracja 1: condition_best: Max_temperature >= 49.65, quality_best: 0.551, coverage_best: (p=187, n=88, P=218, N=804)
2026-04-14 13:12:39,753 - INFO - Regula po iteracji 1: IF Max_temperature <= 62.15 AND Max_temperature >= 49.65 THEN class = {47.74} [43.57, 51.90], (p=187, n=88, P=218, N=804)
2026-04-14 13:12:39,754 - INFO - *****GROWING RR RULE*****
2026-04-14 13:12:40,205 - INFO - Iteracja 0: condition_best: None, quality_best: -inf, coverage_best: (p=0, n=0, P=0, N=0), p_value: 0
2026-04-14 13:12:40,205 - INFO - Regula po iteracji 0: IF  THEN class = {61.52} [46.93, 76.11], (p=594, n=428, P=594, N=428)
2026-04-14 13:12:40,206 - INFO - *****STOP GROWING RR RULE*****
2026-04-14 13:12:40,206 - INFO - ***RR NOT FOUND***
2026-04-14 13:12:40,288 - INFO - Iteracja 2: condition_best: Min_temperature <= 52.35, quality_best: 0.557, coverage_best: (p=186, n=86, P=216, N=806)
2026-04-14 13:12:40,289 - INFO - Regula po iteracji 2: IF Max_temperature <= 62.15 AND Max_temperature >= 49.65 AND Min_temperature <= 52.35 THEN class = {47.64} [43.56, 51.72], (p=186, n=86, P=216, N=806)
2026-04-14 13:12:40,289 - INFO - *****GROWING RR RULE*****
2026-04-14 13:12:40,741 - INFO - Iteracja 0: condition_best: None, quality_best: -inf, coverage_best: (p=0, n=0, P=0, N=0), p_value: 0
2026-04-14 13:12:40,741 - INFO - Regula po iteracji 0: IF  THEN class = {61.52} [46.93, 76.11], (p=594, n=428, P=594, N=428)
2026-04-14 13:12:40,741 - INFO - *****STOP GROWING RR RULE*****
2026-04-14 13:12:40,741 - INFO - ***RR NOT FOUND***
2026-04-14 13:12:40,824 - INFO - Iteracja 3: condition_best: Standard_pressure >= 2.40, quality_best: 0.56, coverage_best: (p=186, n=85, P=216, N=806)
2026-04-14 13:12:40,824 - INFO - Regula po iteracji 3: IF Max_temperature <= 62.15 AND Max_temperature >= 49.65 AND Min_temperature <= 52.35 AND Standard_pressure >= 2.40 THEN class = {47.66} [43.58, 51.74], (p=186, n=85, P=216, N=806)
2026-04-14 13:12:40,824 - INFO - *****GROWING RR RULE*****
2026-04-14 13:12:41,275 - INFO - Iteracja 0: condition_best: None, quality_best: -inf, coverage_best: (p=0, n=0, P=0, N=0), p_value: 0
2026-04-14 13:12:41,275 - INFO - Regula po iteracji 0: IF  THEN class = {61.52} [46.93, 76.11], (p=594, n=428, P=594, N=428)
2026-04-14 13:12:41,275 - INFO - *****STOP GROWING RR RULE*****
2026-04-14 13:12:41,275 - INFO - ***RR NOT FOUND***
2026-04-14 13:12:42,259 - INFO - Iteracja 4: condition_best: Max_wind_speed >= 28.83, quality_best: 0.561, coverage_best: (p=183, n=82, P=216, N=806)
2026-04-14 13:12:42,260 - INFO - Regula po iteracji 4: IF Max_temperature <= 62.15 AND Max_temperature >= 49.65 AND Min_temperature <= 52.35 AND Standard_pressure >= 2.40 AND Max_wind_speed >= 28.83 THEN class = {47.63} [43.55, 51.70], (p=183, n=82, P=216, N=806)
2026-04-14 13:12:42,260 - INFO - *****GROWING RR RULE*****
2026-04-14 13:12:42,711 - INFO - Iteracja 0: condition_best: None, quality_best: -inf, coverage_best: (p=0, n=0, P=0, N=0), p_value: 0
2026-04-14 13:12:42,712 - INFO - Regula po iteracji 0: IF  THEN class = {61.52} [46.93, 76.11], (p=594, n=428, P=594, N=428)
2026-04-14 13:12:42,712 - INFO - *****STOP GROWING RR RULE*****
2026-04-14 13:12:42,712 - INFO - ***RR NOT FOUND***
2026-04-14 13:12:42,712 - INFO - *******STOP GROWING CR RULE*******
2026-04-14 13:12:42,713 - INFO - *******GROWING CR RULE*******
2026-04-14 13:12:42,958 - INFO - Iteracja 0: condition_best: Min_temperature <= 48.30, quality_best: 0.509, coverage_best: (p=329, n=154, P=343, N=679)
2026-04-14 13:12:42,958 - INFO - Regula po iteracji 0: IF Min_temperature <= 48.30 THEN class = {48.55} [41.83, 55.27], (p=329, n=154, P=343, N=679)
2026-04-14 13:12:42,958 - INFO - *****GROWING RR RULE*****
2026-04-14 13:12:43,418 - INFO - Iteracja 0: condition_best: None, quality_best: -inf, coverage_best: (p=0, n=0, P=0, N=0), p_value: 0
2026-04-14 13:12:43,419 - INFO - Regula po iteracji 0: IF  THEN class = {61.52} [46.93, 76.11], (p=594, n=428, P=594, N=428)
2026-04-14 13:12:43,419 - INFO - *****STOP GROWING RR RULE*****
2026-04-14 13:12:43,419 - INFO - ***RR NOT FOUND***
2026-04-14 13:12:43,548 - INFO - Iteracja 1: condition_best: Max_temperature >= 51.00, quality_best: 0.56, coverage_best: (p=275, n=113, P=302, N=720)
2026-04-14 13:12:43,548 - INFO - Regula po iteracji 1: IF Min_temperature <= 48.30 AND Max_temperature >= 51.00 THEN class = {50.68} [45.19, 56.18], (p=275, n=113, P=302, N=720)
2026-04-14 13:12:43,548 - INFO - *****GROWING RR RULE*****
2026-04-14 13:12:44,005 - INFO - Iteracja 0: condition_best: None, quality_best: -inf, coverage_best: (p=0, n=0, P=0, N=0), p_value: 0
2026-04-14 13:12:44,006 - INFO - Regula po iteracji 0: IF  THEN class = {61.52} [46.93, 76.11], (p=594, n=428, P=594, N=428)
2026-04-14 13:12:44,006 - INFO - *****STOP GROWING RR RULE*****
2026-04-14 13:12:44,006 - INFO - ***RR NOT FOUND***
2026-04-14 13:12:44,107 - INFO - Iteracja 2: condition_best: Dewpoint <= 49.85, quality_best: 0.595, coverage_best: (p=262, n=94, P=294, N=728)
2026-04-14 13:12:44,107 - INFO - Regula po iteracji 2: IF Min_temperature <= 48.30 AND Max_temperature >= 51.00 AND Dewpoint <= 49.85 THEN class = {50.07} [44.89, 55.26], (p=262, n=94, P=294, N=728)
2026-04-14 13:12:44,107 - INFO - *****GROWING RR RULE*****
2026-04-14 13:12:44,570 - INFO - Iteracja 0: condition_best: None, quality_best: -inf, coverage_best: (p=0, n=0, P=0, N=0), p_value: 0
2026-04-14 13:12:44,570 - INFO - Regula po iteracji 0: IF  THEN class = {61.52} [46.93, 76.11], (p=594, n=428, P=594, N=428)
2026-04-14 13:12:44,570 - INFO - *****STOP GROWING RR RULE*****
2026-04-14 13:12:44,570 - INFO - ***RR NOT FOUND***
2026-04-14 13:12:44,667 - INFO - Iteracja 3: condition_best: Max_temperature <= 72.15, quality_best: 0.598, coverage_best: (p=239, n=95, P=257, N=765)
2026-04-14 13:12:44,667 - INFO - Regula po iteracji 3: IF Min_temperature <= 48.30 AND Max_temperature >= 51.00 AND Dewpoint <= 49.85 AND Max_temperature <= 72.15 THEN class = {49.36} [44.90, 53.82], (p=239, n=95, P=257, N=765)
2026-04-14 13:12:44,667 - INFO - *****GROWING RR RULE*****
2026-04-14 13:12:45,122 - INFO - Iteracja 0: condition_best: None, quality_best: -inf, coverage_best: (p=0, n=0, P=0, N=0), p_value: 0
2026-04-14 13:12:45,122 - INFO - Regula po iteracji 0: IF  THEN class = {61.52} [46.93, 76.11], (p=594, n=428, P=594, N=428)
2026-04-14 13:12:45,122 - INFO - *****STOP GROWING RR RULE*****
2026-04-14 13:12:45,122 - INFO - ***RR NOT FOUND***
2026-04-14 13:12:45,215 - INFO - Iteracja 4: condition_best: Dewpoint <= 49.70, quality_best: 0.601, coverage_best: (p=239, n=94, P=257, N=765)
2026-04-14 13:12:45,215 - INFO - Regula po iteracji 4: IF Min_temperature <= 48.30 AND Max_temperature >= 51.00 AND Dewpoint <= 49.85 AND Max_temperature <= 72.15 AND Dewpoint <= 49.70 THEN class = {49.34} [44.88, 53.80], (p=239, n=94, P=257, N=765)
2026-04-14 13:12:45,215 - INFO - *****GROWING RR RULE*****
2026-04-14 13:12:45,671 - INFO - Iteracja 0: condition_best: None, quality_best: -inf, coverage_best: (p=0, n=0, P=0, N=0), p_value: 0
2026-04-14 13:12:45,671 - INFO - Regula po iteracji 0: IF  THEN class = {61.52} [46.93, 76.11], (p=594, n=428, P=594, N=428)
2026-04-14 13:12:45,671 - INFO - *****STOP GROWING RR RULE*****
2026-04-14 13:12:45,671 - INFO - ***RR NOT FOUND***
2026-04-14 13:12:45,671 - INFO - *******STOP GROWING CR RULE*******
2026-04-14 13:12:45,672 - INFO - *******GROWING CR RULE*******
2026-04-14 13:12:45,915 - INFO - Iteracja 0: condition_best: Max_temperature <= 68.80, quality_best: 0.503, coverage_best: (p=321, n=164, P=324, N=698)
2026-04-14 13:12:45,915 - INFO - Regula po iteracji 0: IF Max_temperature <= 68.80 THEN class = {48.26} [42.07, 54.46], (p=321, n=164, P=324, N=698)
2026-04-14 13:12:45,915 - INFO - *****GROWING RR RULE*****
2026-04-14 13:12:46,375 - INFO - Iteracja 0: condition_best: None, quality_best: -inf, coverage_best: (p=0, n=0, P=0, N=0), p_value: 0
2026-04-14 13:12:46,375 - INFO - Regula po iteracji 0: IF  THEN class = {61.52} [46.93, 76.11], (p=594, n=428, P=594, N=428)
2026-04-14 13:12:46,375 - INFO - *****STOP GROWING RR RULE*****
2026-04-14 13:12:46,375 - INFO - ***RR NOT FOUND***
2026-04-14 13:12:46,508 - INFO - Iteracja 1: condition_best: Max_temperature >= 57.80, quality_best: 0.575, coverage_best: (p=165, n=67, P=206, N=816)
2026-04-14 13:12:46,508 - INFO - Regula po iteracji 1: IF Max_temperature <= 68.80 AND Max_temperature >= 57.80 THEN class = {52.93} [49.24, 56.63], (p=165, n=67, P=206, N=816)
2026-04-14 13:12:46,508 - INFO - *****GROWING RR RULE*****
2026-04-14 13:12:46,959 - INFO - Iteracja 0: condition_best: None, quality_best: -inf, coverage_best: (p=0, n=0, P=0, N=0), p_value: 0
2026-04-14 13:12:46,959 - INFO - Regula po iteracji 0: IF  THEN class = {61.52} [46.93, 76.11], (p=594, n=428, P=594, N=428)
2026-04-14 13:12:46,959 - INFO - *****STOP GROWING RR RULE*****
2026-04-14 13:12:46,959 - INFO - ***RR NOT FOUND***
2026-04-14 13:12:47,031 - INFO - Iteracja 2: condition_best: Min_temperature >= 35.00, quality_best: 0.596, coverage_best: (p=147, n=58, P=180, N=842)
2026-04-14 13:12:47,031 - INFO - Regula po iteracji 2: IF Max_temperature <= 68.80 AND Max_temperature >= 57.80 AND Min_temperature >= 35.00 THEN class = {53.60} [50.40, 56.80], (p=147, n=58, P=180, N=842)
2026-04-14 13:12:47,032 - INFO - *****GROWING RR RULE*****
2026-04-14 13:12:47,481 - INFO - Iteracja 0: condition_best: None, quality_best: -inf, coverage_best: (p=0, n=0, P=0, N=0), p_value: 0
2026-04-14 13:12:47,481 - INFO - Regula po iteracji 0: IF  THEN class = {61.52} [46.93, 76.11], (p=594, n=428, P=594, N=428)
2026-04-14 13:12:47,482 - INFO - *****STOP GROWING RR RULE*****
2026-04-14 13:12:47,482 - INFO - ***RR NOT FOUND***
2026-04-14 13:12:47,550 - INFO - Iteracja 3: condition_best: Min_temperature <= 50.10, quality_best: 0.611, coverage_best: (p=124, n=45, P=158, N=864)
2026-04-14 13:12:47,550 - INFO - Regula po iteracji 3: IF Max_temperature <= 68.80 AND Max_temperature >= 57.80 AND Min_temperature >= 35.00 AND Min_temperature <= 50.10 THEN class = {52.69} [50.08, 55.30], (p=124, n=45, P=158, N=864)
2026-04-14 13:12:47,550 - INFO - *****GROWING RR RULE*****
2026-04-14 13:12:48,000 - INFO - Iteracja 0: condition_best: None, quality_best: -inf, coverage_best: (p=0, n=0, P=0, N=0), p_value: 0
2026-04-14 13:12:48,000 - INFO - Regula po iteracji 0: IF  THEN class = {61.52} [46.93, 76.11], (p=594, n=428, P=594, N=428)
2026-04-14 13:12:48,000 - INFO - *****STOP GROWING RR RULE*****
2026-04-14 13:12:48,000 - INFO - ***RR NOT FOUND***
2026-04-14 13:12:48,058 - INFO - Iteracja 4: condition_best: Visibility >= 2.82, quality_best: 0.616, coverage_best: (p=120, n=42, P=155, N=867)
2026-04-14 13:12:48,058 - INFO - Regula po iteracji 4: IF Max_temperature <= 68.80 AND Max_temperature >= 57.80 AND Min_temperature >= 35.00 AND Min_temperature <= 50.10 AND Visibility >= 2.82 THEN class = {52.76} [50.20, 55.32], (p=120, n=42, P=155, N=867)
2026-04-14 13:12:48,059 - INFO - *****GROWING RR RULE*****
2026-04-14 13:12:48,512 - INFO - Iteracja 0: condition_best: None, quality_best: -inf, coverage_best: (p=0, n=0, P=0, N=0), p_value: 0
2026-04-14 13:12:48,512 - INFO - Regula po iteracji 0: IF  THEN class = {61.52} [46.93, 76.11], (p=594, n=428, P=594, N=428)
2026-04-14 13:12:48,513 - INFO - *****STOP GROWING RR RULE*****
2026-04-14 13:12:48,513 - INFO - ***RR NOT FOUND***
2026-04-14 13:12:48,513 - INFO - *******STOP GROWING CR RULE*******
2026-04-14 13:12:48,513 - INFO - *******GROWING CR RULE*******
2026-04-14 13:12:48,758 - INFO - Iteracja 0: condition_best: Max_temperature <= 68.80, quality_best: 0.503, coverage_best: (p=321, n=164, P=324, N=698)
2026-04-14 13:12:48,759 - INFO - Regula po iteracji 0: IF Max_temperature <= 68.80 THEN class = {48.26} [42.07, 54.46], (p=321, n=164, P=324, N=698)
2026-04-14 13:12:48,759 - INFO - *****GROWING RR RULE*****
2026-04-14 13:12:49,228 - INFO - Iteracja 0: condition_best: None, quality_best: -inf, coverage_best: (p=0, n=0, P=0, N=0), p_value: 0
2026-04-14 13:12:49,228 - INFO - Regula po iteracji 0: IF  THEN class = {61.52} [46.93, 76.11], (p=594, n=428, P=594, N=428)
2026-04-14 13:12:49,228 - INFO - *****STOP GROWING RR RULE*****
2026-04-14 13:12:49,228 - INFO - ***RR NOT FOUND***
2026-04-14 13:12:49,363 - INFO - Iteracja 1: condition_best: Max_temperature >= 57.80, quality_best: 0.575, coverage_best: (p=165, n=67, P=206, N=816)
2026-04-14 13:12:49,364 - INFO - Regula po iteracji 1: IF Max_temperature <= 68.80 AND Max_temperature >= 57.80 THEN class = {52.93} [49.24, 56.63], (p=165, n=67, P=206, N=816)
2026-04-14 13:12:49,364 - INFO - *****GROWING RR RULE*****
2026-04-14 13:12:49,816 - INFO - Iteracja 0: condition_best: None, quality_best: -inf, coverage_best: (p=0, n=0, P=0, N=0), p_value: 0
2026-04-14 13:12:49,816 - INFO - Regula po iteracji 0: IF  THEN class = {61.52} [46.93, 76.11], (p=594, n=428, P=594, N=428)
2026-04-14 13:12:49,816 - INFO - *****STOP GROWING RR RULE*****
2026-04-14 13:12:49,816 - INFO - ***RR NOT FOUND***
2026-04-14 13:12:49,887 - INFO - Iteracja 2: condition_best: Min_temperature >= 35.00, quality_best: 0.596, coverage_best: (p=147, n=58, P=180, N=842)
2026-04-14 13:12:49,887 - INFO - Regula po iteracji 2: IF Max_temperature <= 68.80 AND Max_temperature >= 57.80 AND Min_temperature >= 35.00 THEN class = {53.60} [50.40, 56.80], (p=147, n=58, P=180, N=842)
2026-04-14 13:12:49,887 - INFO - *****GROWING RR RULE*****
2026-04-14 13:12:50,340 - INFO - Iteracja 0: condition_best: None, quality_best: -inf, coverage_best: (p=0, n=0, P=0, N=0), p_value: 0
2026-04-14 13:12:50,340 - INFO - Regula po iteracji 0: IF  THEN class = {61.52} [46.93, 76.11], (p=594, n=428, P=594, N=428)
2026-04-14 13:12:50,340 - INFO - *****STOP GROWING RR RULE*****
2026-04-14 13:12:50,340 - INFO - ***RR NOT FOUND***
2026-04-14 13:12:50,406 - INFO - Iteracja 3: condition_best: Dewpoint <= 55.25, quality_best: 0.601, coverage_best: (p=146, n=57, P=178, N=844)
2026-04-14 13:12:50,406 - INFO - Regula po iteracji 3: IF Max_temperature <= 68.80 AND Max_temperature >= 57.80 AND Min_temperature >= 35.00 AND Dewpoint <= 55.25 THEN class = {53.55} [50.38, 56.71], (p=146, n=57, P=178, N=844)
2026-04-14 13:12:50,407 - INFO - *****GROWING RR RULE*****
2026-04-14 13:12:50,858 - INFO - Iteracja 0: condition_best: None, quality_best: -inf, coverage_best: (p=0, n=0, P=0, N=0), p_value: 0
2026-04-14 13:12:50,858 - INFO - Regula po iteracji 0: IF  THEN class = {61.52} [46.93, 76.11], (p=594, n=428, P=594, N=428)
2026-04-14 13:12:50,881 - INFO - *****STOP GROWING RR RULE*****
2026-04-14 13:12:50,881 - INFO - ***RR NOT FOUND***
2026-04-14 13:12:50,946 - INFO - Iteracja 4: condition_best: Standard_pressure <= 8.40, quality_best: 0.601, coverage_best: (p=145, n=56, P=178, N=844)
2026-04-14 13:12:50,946 - INFO - Regula po iteracji 4: IF Max_temperature <= 68.80 AND Max_temperature >= 57.80 AND Min_temperature >= 35.00 AND Dewpoint <= 55.25 AND Standard_pressure <= 8.40 THEN class = {53.57} [50.39, 56.74], (p=145, n=56, P=178, N=844)
2026-04-14 13:12:50,947 - INFO - *****GROWING RR RULE*****
2026-04-14 13:12:51,397 - INFO - Iteracja 0: condition_best: None, quality_best: -inf, coverage_best: (p=0, n=0, P=0, N=0), p_value: 0
2026-04-14 13:12:51,397 - INFO - Regula po iteracji 0: IF  THEN class = {61.52} [46.93, 76.11], (p=594, n=428, P=594, N=428)
2026-04-14 13:12:51,397 - INFO - *****STOP GROWING RR RULE*****
2026-04-14 13:12:51,397 - INFO - ***RR NOT FOUND***
2026-04-14 13:12:51,397 - INFO - *******STOP GROWING CR RULE*******
2026-04-14 13:12:51,398 - INFO - *******GROWING CR RULE*******
2026-04-14 13:12:51,638 - INFO - Iteracja 0: condition_best: Min_temperature <= 49.20, quality_best: 0.501, coverage_best: (p=335, n=157, P=352, N=670)
2026-04-14 13:12:51,639 - INFO - Regula po iteracji 0: IF Min_temperature <= 49.20 THEN class = {48.77} [41.90, 55.63], (p=335, n=157, P=352, N=670)
2026-04-14 13:12:51,639 - INFO - *****GROWING RR RULE*****
2026-04-14 13:12:52,101 - INFO - Iteracja 0: condition_best: None, quality_best: -inf, coverage_best: (p=0, n=0, P=0, N=0), p_value: 0
2026-04-14 13:12:52,102 - INFO - Regula po iteracji 0: IF  THEN class = {61.52} [46.93, 76.11], (p=594, n=428, P=594, N=428)
2026-04-14 13:12:52,102 - INFO - *****STOP GROWING RR RULE*****
2026-04-14 13:12:52,102 - INFO - ***RR NOT FOUND***
2026-04-14 13:12:52,233 - INFO - Iteracja 1: condition_best: Max_temperature >= 49.00, quality_best: 0.55, coverage_best: (p=300, n=125, P=323, N=699)
2026-04-14 13:12:52,233 - INFO - Regula po iteracji 1: IF Min_temperature <= 49.20 AND Max_temperature >= 49.00 THEN class = {50.35} [44.47, 56.24], (p=300, n=125, P=323, N=699)
2026-04-14 13:12:52,233 - INFO - *****GROWING RR RULE*****
2026-04-14 13:12:52,694 - INFO - Iteracja 0: condition_best: None, quality_best: -inf, coverage_best: (p=0, n=0, P=0, N=0), p_value: 0
2026-04-14 13:12:52,695 - INFO - Regula po iteracji 0: IF  THEN class = {61.52} [46.93, 76.11], (p=594, n=428, P=594, N=428)
2026-04-14 13:12:52,695 - INFO - *****STOP GROWING RR RULE*****
2026-04-14 13:12:52,695 - INFO - ***RR NOT FOUND***
2026-04-14 13:12:52,805 - INFO - Iteracja 2: condition_best: Max_temperature <= 75.30, quality_best: 0.578, coverage_best: (p=287, n=118, P=298, N=724)
2026-04-14 13:12:52,805 - INFO - Regula po iteracji 2: IF Min_temperature <= 49.20 AND Max_temperature >= 49.00 AND Max_temperature <= 75.30 THEN class = {49.72} [44.45, 55.00], (p=287, n=118, P=298, N=724)
2026-04-14 13:12:52,806 - INFO - *****GROWING RR RULE*****
2026-04-14 13:12:53,266 - INFO - Iteracja 0: condition_best: None, quality_best: -inf, coverage_best: (p=0, n=0, P=0, N=0), p_value: 0
2026-04-14 13:12:53,266 - INFO - Regula po iteracji 0: IF  THEN class = {61.52} [46.93, 76.11], (p=594, n=428, P=594, N=428)
2026-04-14 13:12:53,267 - INFO - *****STOP GROWING RR RULE*****
2026-04-14 13:12:53,267 - INFO - ***RR NOT FOUND***
2026-04-14 13:12:53,375 - INFO - Iteracja 3: condition_best: Wind_speed >= 5.81, quality_best: 0.58, coverage_best: (p=287, n=117, P=298, N=724)
2026-04-14 13:12:53,375 - INFO - Regula po iteracji 3: IF Min_temperature <= 49.20 AND Max_temperature >= 49.00 AND Max_temperature <= 75.30 AND Wind_speed >= 5.81 THEN class = {49.71} [44.43, 54.98], (p=287, n=117, P=298, N=724)
2026-04-14 13:12:53,375 - INFO - *****GROWING RR RULE*****
2026-04-14 13:12:53,835 - INFO - Iteracja 0: condition_best: None, quality_best: -inf, coverage_best: (p=0, n=0, P=0, N=0), p_value: 0
2026-04-14 13:12:53,835 - INFO - Regula po iteracji 0: IF  THEN class = {61.52} [46.93, 76.11], (p=594, n=428, P=594, N=428)
2026-04-14 13:12:53,836 - INFO - *****STOP GROWING RR RULE*****
2026-04-14 13:12:53,836 - INFO - ***RR NOT FOUND***
2026-04-14 13:12:53,943 - INFO - Iteracja 4: condition_best: Max_temperature >= 49.40, quality_best: 0.587, coverage_best: (p=286, n=113, P=299, N=723)
2026-04-14 13:12:53,943 - INFO - Regula po iteracji 4: IF Min_temperature <= 49.20 AND Max_temperature >= 49.00 AND Max_temperature <= 75.30 AND Wind_speed >= 5.81 AND Max_temperature >= 49.40 THEN class = {49.81} [44.60, 55.03], (p=286, n=113, P=299, N=723)
2026-04-14 13:12:53,944 - INFO - *****GROWING RR RULE*****
2026-04-14 13:12:54,404 - INFO - Iteracja 0: condition_best: None, quality_best: -inf, coverage_best: (p=0, n=0, P=0, N=0), p_value: 0
2026-04-14 13:12:54,405 - INFO - Regula po iteracji 0: IF  THEN class = {61.52} [46.93, 76.11], (p=594, n=428, P=594, N=428)
2026-04-14 13:12:54,405 - INFO - *****STOP GROWING RR RULE*****
2026-04-14 13:12:54,405 - INFO - ***RR NOT FOUND***
2026-04-14 13:12:54,405 - INFO - *******STOP GROWING CR RULE*******
2026-04-14 13:12:54,405 - INFO - *******GROWING CR RULE*******
2026-04-14 13:12:54,646 - INFO - Iteracja 0: condition_best: Min_temperature >= 52.10, quality_best: 0.5, coverage_best: (p=295, n=162, P=296, N=726)
2026-04-14 13:12:54,646 - INFO - Regula po iteracji 0: IF Min_temperature >= 52.10 THEN class = {75.50} [68.35, 82.65], (p=295, n=162, P=296, N=726)
2026-04-14 13:12:54,646 - INFO - *****GROWING RR RULE*****
2026-04-14 13:12:55,107 - INFO - Iteracja 0: condition_best: None, quality_best: -inf, coverage_best: (p=0, n=0, P=0, N=0), p_value: 0
2026-04-14 13:12:55,107 - INFO - Regula po iteracji 0: IF  THEN class = {61.52} [46.93, 76.11], (p=594, n=428, P=594, N=428)
2026-04-14 13:12:55,107 - INFO - *****STOP GROWING RR RULE*****
2026-04-14 13:12:55,107 - INFO - ***RR NOT FOUND***
2026-04-14 13:12:55,211 - INFO - Iteracja 1: condition_best: Sea_level_pressure <= 30.05, quality_best: 0.545, coverage_best: (p=289, n=137, P=293, N=729)
2026-04-14 13:12:55,212 - INFO - Regula po iteracji 1: IF Min_temperature >= 52.10 AND Sea_level_pressure <= 30.05 THEN class = {76.22} [69.47, 82.96], (p=289, n=137, P=293, N=729)
2026-04-14 13:12:55,212 - INFO - *****GROWING RR RULE*****
2026-04-14 13:12:55,675 - INFO - Iteracja 0: condition_best: None, quality_best: -inf, coverage_best: (p=0, n=0, P=0, N=0), p_value: 0
2026-04-14 13:12:55,675 - INFO - Regula po iteracji 0: IF  THEN class = {61.52} [46.93, 76.11], (p=594, n=428, P=594, N=428)
2026-04-14 13:12:55,675 - INFO - *****STOP GROWING RR RULE*****
2026-04-14 13:12:55,675 - INFO - ***RR NOT FOUND***
2026-04-14 13:12:55,773 - INFO - Iteracja 2: condition_best: Min_temperature <= 71.15, quality_best: 0.573, coverage_best: (p=246, n=108, P=261, N=761)
2026-04-14 13:12:55,773 - INFO - Regula po iteracji 2: IF Min_temperature >= 52.10 AND Sea_level_pressure <= 30.05 AND Min_temperature <= 71.15 THEN class = {74.74} [68.35, 81.12], (p=246, n=108, P=261, N=761)
2026-04-14 13:12:55,774 - INFO - *****GROWING RR RULE*****
2026-04-14 13:12:56,233 - INFO - Iteracja 0: condition_best: None, quality_best: -inf, coverage_best: (p=0, n=0, P=0, N=0), p_value: 0
2026-04-14 13:12:56,233 - INFO - Regula po iteracji 0: IF  THEN class = {61.52} [46.93, 76.11], (p=594, n=428, P=594, N=428)
2026-04-14 13:12:56,233 - INFO - *****STOP GROWING RR RULE*****
2026-04-14 13:12:56,233 - INFO - ***RR NOT FOUND***
2026-04-14 13:12:56,318 - INFO - Iteracja 3: condition_best: Precipitation <= 0.10, quality_best: 0.593, coverage_best: (p=236, n=98, P=251, N=771)
2026-04-14 13:12:56,319 - INFO - Regula po iteracji 3: IF Min_temperature >= 52.10 AND Sea_level_pressure <= 30.05 AND Min_temperature <= 71.15 AND Precipitation <= 0.10 THEN class = {75.31} [69.39, 81.22], (p=236, n=98, P=251, N=771)
2026-04-14 13:12:56,319 - INFO - *****GROWING RR RULE*****
2026-04-14 13:12:56,776 - INFO - Iteracja 0: condition_best: None, quality_best: -inf, coverage_best: (p=0, n=0, P=0, N=0), p_value: 0
2026-04-14 13:12:56,776 - INFO - Regula po iteracji 0: IF  THEN class = {61.52} [46.93, 76.11], (p=594, n=428, P=594, N=428)
2026-04-14 13:12:56,776 - INFO - *****STOP GROWING RR RULE*****
2026-04-14 13:12:56,776 - INFO - ***RR NOT FOUND***
2026-04-14 13:12:56,857 - INFO - Iteracja 4: condition_best: Max_temperature <= 98.95, quality_best: 0.596, coverage_best: (p=226, n=96, P=238, N=784)
2026-04-14 13:12:56,857 - INFO - Regula po iteracji 4: IF Min_temperature >= 52.10 AND Sea_level_pressure <= 30.05 AND Min_temperature <= 71.15 AND Precipitation <= 0.10 AND Max_temperature <= 98.95 THEN class = {74.97} [69.23, 80.70], (p=226, n=96, P=238, N=784)
2026-04-14 13:12:56,857 - INFO - *****GROWING RR RULE*****
2026-04-14 13:12:57,316 - INFO - Iteracja 0: condition_best: None, quality_best: -inf, coverage_best: (p=0, n=0, P=0, N=0), p_value: 0
2026-04-14 13:12:57,316 - INFO - Regula po iteracji 0: IF  THEN class = {61.52} [46.93, 76.11], (p=594, n=428, P=594, N=428)
2026-04-14 13:12:57,316 - INFO - *****STOP GROWING RR RULE*****
2026-04-14 13:12:57,316 - INFO - ***RR NOT FOUND***
2026-04-14 13:12:57,316 - INFO - *******STOP GROWING CR RULE*******
2026-04-14 13:12:57,317 - INFO - *******GROWING CR RULE*******
2026-04-14 13:12:57,555 - INFO - Iteracja 0: condition_best: Min_temperature >= 51.70, quality_best: 0.495, coverage_best: (p=306, n=166, P=308, N=714)
2026-04-14 13:12:57,555 - INFO - Regula po iteracji 0: IF Min_temperature >= 51.70 THEN class = {75.00} [67.41, 82.59], (p=306, n=166, P=308, N=714)
2026-04-14 13:12:57,555 - INFO - *****GROWING RR RULE*****
2026-04-14 13:12:58,019 - INFO - Iteracja 0: condition_best: None, quality_best: -inf, coverage_best: (p=0, n=0, P=0, N=0), p_value: 0
2026-04-14 13:12:58,020 - INFO - Regula po iteracji 0: IF  THEN class = {61.52} [46.93, 76.11], (p=594, n=428, P=594, N=428)
2026-04-14 13:12:58,020 - INFO - *****STOP GROWING RR RULE*****
2026-04-14 13:12:58,020 - INFO - ***RR NOT FOUND***
2026-04-14 13:12:58,129 - INFO - Iteracja 1: condition_best: Min_temperature <= 71.00, quality_best: 0.537, coverage_best: (p=267, n=131, P=278, N=744)
2026-04-14 13:12:58,130 - INFO - Regula po iteracji 1: IF Min_temperature >= 51.70 AND Min_temperature <= 71.00 THEN class = {73.43} [66.24, 80.61], (p=267, n=131, P=278, N=744)
2026-04-14 13:12:58,130 - INFO - *****GROWING RR RULE*****
2026-04-14 13:12:58,590 - INFO - Iteracja 0: condition_best: None, quality_best: -inf, coverage_best: (p=0, n=0, P=0, N=0), p_value: 0
2026-04-14 13:12:58,591 - INFO - Regula po iteracji 0: IF  THEN class = {61.52} [46.93, 76.11], (p=594, n=428, P=594, N=428)
2026-04-14 13:12:58,591 - INFO - *****STOP GROWING RR RULE*****
2026-04-14 13:12:58,591 - INFO - ***RR NOT FOUND***
2026-04-14 13:12:58,687 - INFO - Iteracja 2: condition_best: Precipitation <= 0.10, quality_best: 0.549, coverage_best: (p=248, n=121, P=259, N=763)
2026-04-14 13:12:58,687 - INFO - Regula po iteracji 2: IF Min_temperature >= 51.70 AND Min_temperature <= 71.00 AND Precipitation <= 0.10 THEN class = {74.27} [67.74, 80.80], (p=248, n=121, P=259, N=763)
2026-04-14 13:12:58,687 - INFO - *****GROWING RR RULE*****
2026-04-14 13:12:59,145 - INFO - Iteracja 0: condition_best: None, quality_best: -inf, coverage_best: (p=0, n=0, P=0, N=0), p_value: 0
2026-04-14 13:12:59,145 - INFO - Regula po iteracji 0: IF  THEN class = {61.52} [46.93, 76.11], (p=594, n=428, P=594, N=428)
2026-04-14 13:12:59,145 - INFO - *****STOP GROWING RR RULE*****
2026-04-14 13:12:59,146 - INFO - ***RR NOT FOUND***
2026-04-14 13:12:59,235 - INFO - Iteracja 3: condition_best: Sea_level_pressure <= 30.16, quality_best: 0.56, coverage_best: (p=250, n=117, P=261, N=761)
2026-04-14 13:12:59,236 - INFO - Regula po iteracji 3: IF Min_temperature >= 51.70 AND Min_temperature <= 71.00 AND Precipitation <= 0.10 AND Sea_level_pressure <= 30.16 THEN class = {74.34} [67.88, 80.81], (p=250, n=117, P=261, N=761)
2026-04-14 13:12:59,236 - INFO - *****GROWING RR RULE*****
2026-04-14 13:12:59,697 - INFO - Iteracja 0: condition_best: None, quality_best: -inf, coverage_best: (p=0, n=0, P=0, N=0), p_value: 0
2026-04-14 13:12:59,697 - INFO - Regula po iteracji 0: IF  THEN class = {61.52} [46.93, 76.11], (p=594, n=428, P=594, N=428)
2026-04-14 13:12:59,697 - INFO - *****STOP GROWING RR RULE*****
2026-04-14 13:12:59,697 - INFO - ***RR NOT FOUND***
2026-04-14 13:12:59,786 - INFO - Iteracja 4: condition_best: Max_temperature <= 104.50, quality_best: 0.559, coverage_best: (p=248, n=117, P=259, N=763)
2026-04-14 13:12:59,787 - INFO - Regula po iteracji 4: IF Min_temperature >= 51.70 AND Min_temperature <= 71.00 AND Precipitation <= 0.10 AND Sea_level_pressure <= 30.16 AND Max_temperature <= 104.50 THEN class = {74.28} [67.85, 80.71], (p=248, n=117, P=259, N=763)
2026-04-14 13:12:59,787 - INFO - *****GROWING RR RULE*****
2026-04-14 13:13:00,244 - INFO - Iteracja 0: condition_best: None, quality_best: -inf, coverage_best: (p=0, n=0, P=0, N=0), p_value: 0
2026-04-14 13:13:00,245 - INFO - Regula po iteracji 0: IF  THEN class = {61.52} [46.93, 76.11], (p=594, n=428, P=594, N=428)
2026-04-14 13:13:00,245 - INFO - *****STOP GROWING RR RULE*****
2026-04-14 13:13:00,245 - INFO - ***RR NOT FOUND***
2026-04-14 13:13:00,245 - INFO - *******STOP GROWING CR RULE*******
2026-04-14 13:13:00,245 - INFO - *******GROWING CR RULE*******
2026-04-14 13:13:00,483 - INFO - Iteracja 0: condition_best: Max_temperature >= 75.80, quality_best: 0.492, coverage_best: (p=282, n=164, P=282, N=740)
2026-04-14 13:13:00,483 - INFO - Regula po iteracji 0: IF Max_temperature >= 75.80 THEN class = {76.03} [69.54, 82.52], (p=282, n=164, P=282, N=740)
2026-04-14 13:13:00,484 - INFO - *****GROWING RR RULE*****
2026-04-14 13:13:00,944 - INFO - Iteracja 0: condition_best: None, quality_best: -inf, coverage_best: (p=0, n=0, P=0, N=0), p_value: 0
2026-04-14 13:13:00,944 - INFO - Regula po iteracji 0: IF  THEN class = {61.52} [46.93, 76.11], (p=594, n=428, P=594, N=428)
2026-04-14 13:13:00,944 - INFO - *****STOP GROWING RR RULE*****
2026-04-14 13:13:00,944 - INFO - ***RR NOT FOUND***
2026-04-14 13:13:01,044 - INFO - Iteracja 1: condition_best: Min_temperature <= 56.20, quality_best: 0.581, coverage_best: (p=62, n=17, P=116, N=906)
2026-04-14 13:13:01,044 - INFO - Regula po iteracji 1: IF Max_temperature >= 75.80 AND Min_temperature <= 56.20 THEN class = {66.40} [62.84, 69.97], (p=62, n=17, P=116, N=906)
2026-04-14 13:13:01,045 - INFO - *****GROWING RR RULE*****
2026-04-14 13:13:01,482 - INFO - Iteracja 0: condition_best: None, quality_best: -inf, coverage_best: (p=0, n=0, P=0, N=0), p_value: 0
2026-04-14 13:13:01,483 - INFO - Regula po iteracji 0: IF  THEN class = {61.52} [46.93, 76.11], (p=594, n=428, P=594, N=428)
2026-04-14 13:13:01,483 - INFO - *****STOP GROWING RR RULE*****
2026-04-14 13:13:01,483 - INFO - ***RR NOT FOUND***
2026-04-14 13:13:01,513 - INFO - Iteracja 2: condition_best: Min_temperature >= 47.00, quality_best: 0.586, coverage_best: (p=57, n=15, P=108, N=914)
2026-04-14 13:13:01,513 - INFO - Regula po iteracji 2: IF Max_temperature >= 75.80 AND Min_temperature <= 56.20 AND Min_temperature >= 47.00 THEN class = {66.78} [63.29, 70.27], (p=57, n=15, P=108, N=914)
2026-04-14 13:13:01,513 - INFO - *****GROWING RR RULE*****
2026-04-14 13:13:01,958 - INFO - Iteracja 0: condition_best: None, quality_best: -inf, coverage_best: (p=0, n=0, P=0, N=0), p_value: 0
2026-04-14 13:13:01,958 - INFO - Regula po iteracji 0: IF  THEN class = {61.52} [46.93, 76.11], (p=594, n=428, P=594, N=428)
2026-04-14 13:13:01,959 - INFO - *****STOP GROWING RR RULE*****
2026-04-14 13:13:01,959 - INFO - ***RR NOT FOUND***
2026-04-14 13:13:01,987 - INFO - Iteracja 3: condition_best: Dewpoint <= 59.60, quality_best: 0.58, coverage_best: (p=56, n=15, P=108, N=914)
2026-04-14 13:13:01,987 - INFO - Regula po iteracji 3: IF Max_temperature >= 75.80 AND Min_temperature <= 56.20 AND Min_temperature >= 47.00 AND Dewpoint <= 59.60 THEN class = {66.74} [63.24, 70.24], (p=56, n=15, P=108, N=914)
2026-04-14 13:13:01,988 - INFO - *****GROWING RR RULE*****
2026-04-14 13:13:02,425 - INFO - Iteracja 0: condition_best: None, quality_best: -inf, coverage_best: (p=0, n=0, P=0, N=0), p_value: 0
2026-04-14 13:13:02,426 - INFO - Regula po iteracji 0: IF  THEN class = {61.52} [46.93, 76.11], (p=594, n=428, P=594, N=428)
2026-04-14 13:13:02,426 - INFO - *****STOP GROWING RR RULE*****
2026-04-14 13:13:02,426 - INFO - ***RR NOT FOUND***
2026-04-14 13:13:02,453 - INFO - Iteracja 4: condition_best: Max_temperature <= 86.35, quality_best: 0.588, coverage_best: (p=51, n=14, P=94, N=928)
2026-04-14 13:13:02,453 - INFO - Regula po iteracji 4: IF Max_temperature >= 75.80 AND Min_temperature <= 56.20 AND Min_temperature >= 47.00 AND Dewpoint <= 59.60 AND Max_temperature <= 86.35 THEN class = {66.08} [63.44, 68.71], (p=51, n=14, P=94, N=928)
2026-04-14 13:13:02,453 - INFO - *****GROWING RR RULE*****
2026-04-14 13:13:02,891 - INFO - Iteracja 0: condition_best: None, quality_best: -inf, coverage_best: (p=0, n=0, P=0, N=0), p_value: 0
2026-04-14 13:13:02,892 - INFO - Regula po iteracji 0: IF  THEN class = {61.52} [46.93, 76.11], (p=594, n=428, P=594, N=428)
2026-04-14 13:13:02,892 - INFO - *****STOP GROWING RR RULE*****
2026-04-14 13:13:02,892 - INFO - ***RR NOT FOUND***
2026-04-14 13:13:02,892 - INFO - *******STOP GROWING CR RULE*******
2026-04-14 13:13:02,892 - INFO - *******GROWING CR RULE*******
2026-04-14 13:13:03,133 - INFO - Iteracja 0: condition_best: Min_temperature >= 49.90, quality_best: 0.479, coverage_best: (p=339, n=178, P=343, N=679)
2026-04-14 13:13:03,133 - INFO - Regula po iteracji 0: IF Min_temperature >= 49.90 THEN class = {73.69} [65.17, 82.21], (p=339, n=178, P=343, N=679)
2026-04-14 13:13:03,133 - INFO - *****GROWING RR RULE*****
2026-04-14 13:13:03,597 - INFO - Iteracja 0: condition_best: None, quality_best: -inf, coverage_best: (p=0, n=0, P=0, N=0), p_value: 0
2026-04-14 13:13:03,597 - INFO - Regula po iteracji 0: IF  THEN class = {61.52} [46.93, 76.11], (p=594, n=428, P=594, N=428)
2026-04-14 13:13:03,597 - INFO - *****STOP GROWING RR RULE*****
2026-04-14 13:13:03,597 - INFO - ***RR NOT FOUND***
2026-04-14 13:13:03,715 - INFO - Iteracja 1: condition_best: Min_temperature <= 70.35, quality_best: 0.526, coverage_best: (p=297, n=140, P=312, N=710)
2026-04-14 13:13:03,715 - INFO - Regula po iteracji 1: IF Min_temperature >= 49.90 AND Min_temperature <= 70.35 THEN class = {71.95} [63.87, 80.03], (p=297, n=140, P=312, N=710)
2026-04-14 13:13:03,715 - INFO - *****GROWING RR RULE*****
2026-04-14 13:13:04,176 - INFO - Iteracja 0: condition_best: None, quality_best: -inf, coverage_best: (p=0, n=0, P=0, N=0), p_value: 0
2026-04-14 13:13:04,177 - INFO - Regula po iteracji 0: IF  THEN class = {61.52} [46.93, 76.11], (p=594, n=428, P=594, N=428)
2026-04-14 13:13:04,177 - INFO - *****STOP GROWING RR RULE*****
2026-04-14 13:13:04,177 - INFO - ***RR NOT FOUND***
2026-04-14 13:13:04,281 - INFO - Iteracja 2: condition_best: Max_temperature <= 92.20, quality_best: 0.532, coverage_best: (p=244, n=118, P=269, N=753)
2026-04-14 13:13:04,281 - INFO - Regula po iteracji 2: IF Min_temperature >= 49.90 AND Min_temperature <= 70.35 AND Max_temperature <= 92.20 THEN class = {69.95} [62.60, 77.30], (p=244, n=118, P=269, N=753)
2026-04-14 13:13:04,281 - INFO - *****GROWING RR RULE*****
2026-04-14 13:13:04,741 - INFO - Iteracja 0: condition_best: None, quality_best: -inf, coverage_best: (p=0, n=0, P=0, N=0), p_value: 0
2026-04-14 13:13:04,741 - INFO - Regula po iteracji 0: IF  THEN class = {61.52} [46.93, 76.11], (p=594, n=428, P=594, N=428)
2026-04-14 13:13:04,741 - INFO - *****STOP GROWING RR RULE*****
2026-04-14 13:13:04,741 - INFO - ***RR NOT FOUND***
2026-04-14 13:13:04,833 - INFO - Iteracja 3: condition_best: Precipitation <= 0.25, quality_best: 0.548, coverage_best: (p=227, n=110, P=246, N=776)
2026-04-14 13:13:04,833 - INFO - Regula po iteracji 3: IF Min_temperature >= 49.90 AND Min_temperature <= 70.35 AND Max_temperature <= 92.20 AND Precipitation <= 0.25 THEN class = {70.73} [63.91, 77.55], (p=227, n=110, P=246, N=776)
2026-04-14 13:13:04,834 - INFO - *****GROWING RR RULE*****
2026-04-14 13:13:05,294 - INFO - Iteracja 0: condition_best: None, quality_best: -inf, coverage_best: (p=0, n=0, P=0, N=0), p_value: 0
2026-04-14 13:13:05,294 - INFO - Regula po iteracji 0: IF  THEN class = {61.52} [46.93, 76.11], (p=594, n=428, P=594, N=428)
2026-04-14 13:13:05,294 - INFO - *****STOP GROWING RR RULE*****
2026-04-14 13:13:05,294 - INFO - ***RR NOT FOUND***
2026-04-14 13:13:05,380 - INFO - Iteracja 4: condition_best: Min_temperature <= 69.90, quality_best: 0.56, coverage_best: (p=226, n=105, P=245, N=777)
2026-04-14 13:13:05,380 - INFO - Regula po iteracji 4: IF Min_temperature >= 49.90 AND Min_temperature <= 70.35 AND Max_temperature <= 92.20 AND Precipitation <= 0.25 AND Min_temperature <= 69.90 THEN class = {70.57} [63.79, 77.35], (p=226, n=105, P=245, N=777)
2026-04-14 13:13:05,381 - INFO - *****GROWING RR RULE*****
2026-04-14 13:13:05,842 - INFO - Iteracja 0: condition_best: None, quality_best: -inf, coverage_best: (p=0, n=0, P=0, N=0), p_value: 0
2026-04-14 13:13:05,842 - INFO - Regula po iteracji 0: IF  THEN class = {61.52} [46.93, 76.11], (p=594, n=428, P=594, N=428)
2026-04-14 13:13:05,842 - INFO - *****STOP GROWING RR RULE*****
2026-04-14 13:13:05,842 - INFO - ***RR NOT FOUND***
2026-04-14 13:13:05,842 - INFO - *******STOP GROWING CR RULE*******
2026-04-14 13:13:05,842 - INFO - *******GROWING CR RULE*******
2026-04-14 13:13:06,079 - INFO - Iteracja 0: condition_best: Min_temperature <= 21.65, quality_best: 1.0, coverage_best: (p=2, n=0, P=2, N=1020)
2026-04-14 13:13:06,079 - INFO - Regula po iteracji 0: IF Min_temperature <= 21.65 THEN class = {29.70} [29.40, 30.00], (p=2, n=0, P=2, N=1020)
2026-04-14 13:13:06,080 - INFO - *****GROWING RR RULE*****
2026-04-14 13:13:06,504 - INFO - Iteracja 0: condition_best: None, quality_best: -inf, coverage_best: (p=0, n=0, P=0, N=0), p_value: 0
2026-04-14 13:13:06,504 - INFO - Regula po iteracji 0: IF  THEN class = {61.52} [46.93, 76.11], (p=594, n=428, P=594, N=428)
2026-04-14 13:13:06,505 - INFO - *****STOP GROWING RR RULE*****
2026-04-14 13:13:06,505 - INFO - ***RR NOT FOUND***
2026-04-14 13:13:06,506 - INFO - Iteracja 1: condition_best: Max_temperature <= 42.45, quality_best: 1.0, coverage_best: (p=1, n=0, P=1, N=1021)
2026-04-14 13:13:06,506 - INFO - Regula po iteracji 1: IF Min_temperature <= 21.65 AND Max_temperature <= 42.45 THEN class = {29.40} [29.40, 29.40], (p=1, n=0, P=1, N=1021)
2026-04-14 13:13:06,506 - INFO - *****GROWING RR RULE*****
2026-04-14 13:13:06,930 - INFO - Iteracja 0: condition_best: None, quality_best: -inf, coverage_best: (p=0, n=0, P=0, N=0), p_value: 0
2026-04-14 13:13:06,930 - INFO - Regula po iteracji 0: IF  THEN class = {61.52} [46.93, 76.11], (p=594, n=428, P=594, N=428)
2026-04-14 13:13:06,930 - INFO - *****STOP GROWING RR RULE*****
2026-04-14 13:13:06,930 - INFO - ***RR NOT FOUND***
2026-04-14 13:13:06,931 - INFO - Iteracja 2: condition_best: None, quality_best: -inf, coverage_best: (p=0, n=0, P=0, N=0)
2026-04-14 13:13:06,931 - INFO - Regula po iteracji 2: IF Min_temperature <= 21.65 AND Max_temperature <= 42.45 THEN class = {29.40} [29.40, 29.40], (p=1, n=0, P=1, N=1021)
2026-04-14 13:13:06,931 - INFO - *******STOP GROWING CR RULE*******
2026-04-14 13:13:07,594 - INFO - ************************Finished experiment for wizmir.arff with algorithm_rer_with_exceptions************************
2026-04-14 13:13:07,594 - INFO - *************************************************************************************************************************
2026-04-14 13:13:07,595 - INFO - *************************************************************************************************************************
2026-04-14 13:13:07,595 - INFO - *************************************************************************************************************************
2026-04-14 13:13:07,595 - INFO - **********Starting experiment for wizmir.arff with decision_tree**********
2026-04-14 13:13:07,629 - INFO - ************************Finished experiment for wizmir.arff with decision_tree************************
2026-04-14 13:13:07,630 - INFO - *************************************************************************************************************************
2026-04-14 13:13:07,630 - INFO - *************************************************************************************************************************
2026-04-14 13:13:07,630 - INFO - *************************************************************************************************************************
