2026-04-14 13:44:48,278 - INFO - **********Starting experiment for wizmir.arff with algorithm**********
2026-04-14 13:44:48,291 - INFO - *******GROWING CR RULE*******
2026-04-14 13:44:48,788 - INFO - Iteracja 0: condition_best: Min_temperature >= 76.00, quality_best: 0.717, coverage_best: (p=8, n=1, P=13, N=1448)
2026-04-14 13:44:48,788 - INFO - Regula po iteracji 0: IF Min_temperature >= 76.00 THEN class = {87.32} [86.29, 88.35], (p=8, n=1, P=13, N=1448)
2026-04-14 13:44:48,789 - INFO - *****GROWING RR RULE*****
2026-04-14 13:44:49,343 - INFO - Iteracja 0: condition_best: None, quality_best: -inf, coverage_best: (p=0, n=0, P=0, N=0), p_value: 0
2026-04-14 13:44:49,343 - INFO - Regula po iteracji 0: IF  THEN class = {61.51} [47.14, 75.88], (p=850, n=611, P=850, N=611)
2026-04-14 13:44:49,343 - INFO - *****STOP GROWING RR RULE*****
2026-04-14 13:44:49,343 - INFO - ***RR NOT FOUND***
2026-04-14 13:44:49,348 - INFO - Iteracja 1: condition_best: Min_temperature <= 78.00, quality_best: 0.719, coverage_best: (p=4, n=1, P=5, N=1456)
2026-04-14 13:44:49,348 - INFO - Regula po iteracji 1: IF Min_temperature >= 76.00 AND Min_temperature <= 78.00 THEN class = {87.28} [86.86, 87.70], (p=4, n=1, P=5, N=1456)
2026-04-14 13:44:49,348 - INFO - *****GROWING RR RULE*****
2026-04-14 13:44:49,894 - INFO - Iteracja 0: condition_best: None, quality_best: -inf, coverage_best: (p=0, n=0, P=0, N=0), p_value: 0
2026-04-14 13:44:49,894 - INFO - Regula po iteracji 0: IF  THEN class = {61.51} [47.14, 75.88], (p=850, n=611, P=850, N=611)
2026-04-14 13:44:49,894 - INFO - *****STOP GROWING RR RULE*****
2026-04-14 13:44:49,894 - INFO - ***RR NOT FOUND***
2026-04-14 13:44:49,897 - INFO - Iteracja 2: condition_best: None, quality_best: -inf, coverage_best: (p=0, n=0, P=0, N=0)
2026-04-14 13:44:49,897 - INFO - Regula po iteracji 2: IF Min_temperature >= 76.00 AND Min_temperature <= 78.00 THEN class = {87.28} [86.86, 87.70], (p=4, n=1, P=5, N=1456)
2026-04-14 13:44:49,897 - INFO - *******STOP GROWING CR RULE*******
2026-04-14 13:44:49,907 - INFO - *******GROWING CR RULE*******
2026-04-14 13:44:50,353 - INFO - Iteracja 0: condition_best: Max_temperature >= 90.60, quality_best: 0.611, coverage_best: (p=175, n=69, P=212, N=1249)
2026-04-14 13:44:50,353 - INFO - Regula po iteracji 0: IF Max_temperature >= 90.60 THEN class = {81.75} [78.70, 84.80], (p=175, n=69, P=212, N=1249)
2026-04-14 13:44:50,353 - INFO - *****GROWING RR RULE*****
2026-04-14 13:44:50,928 - INFO - Iteracja 0: condition_best: None, quality_best: -inf, coverage_best: (p=0, n=0, P=0, N=0), p_value: 0
2026-04-14 13:44:50,928 - INFO - Regula po iteracji 0: IF  THEN class = {61.51} [47.14, 75.88], (p=850, n=611, P=850, N=611)
2026-04-14 13:44:50,929 - INFO - *****STOP GROWING RR RULE*****
2026-04-14 13:44:50,929 - INFO - ***RR NOT FOUND***
2026-04-14 13:44:50,996 - INFO - Iteracja 1: condition_best: Visibility >= 5.12, quality_best: 0.635, coverage_best: (p=170, n=63, P=200, N=1261)
2026-04-14 13:44:50,996 - INFO - Regula po iteracji 1: IF Max_temperature >= 90.60 AND Visibility >= 5.12 THEN class = {81.90} [78.94, 84.85], (p=170, n=63, P=200, N=1261)
2026-04-14 13:44:50,996 - INFO - *****GROWING RR RULE*****
2026-04-14 13:44:51,567 - INFO - Iteracja 0: condition_best: None, quality_best: -inf, coverage_best: (p=0, n=0, P=0, N=0), p_value: 0
2026-04-14 13:44:51,568 - INFO - Regula po iteracji 0: IF  THEN class = {61.51} [47.14, 75.88], (p=850, n=611, P=850, N=611)
2026-04-14 13:44:51,568 - INFO - *****STOP GROWING RR RULE*****
2026-04-14 13:44:51,568 - INFO - ***RR NOT FOUND***
2026-04-14 13:44:51,629 - INFO - Iteracja 2: condition_best: Min_temperature <= 78.50, quality_best: 0.639, coverage_best: (p=170, n=62, P=200, N=1261)
2026-04-14 13:44:51,629 - INFO - Regula po iteracji 2: IF Max_temperature >= 90.60 AND Visibility >= 5.12 AND Min_temperature <= 78.50 THEN class = {81.88} [78.93, 84.82], (p=170, n=62, P=200, N=1261)
2026-04-14 13:44:51,630 - INFO - *****GROWING RR RULE*****
2026-04-14 13:44:52,205 - INFO - Iteracja 0: condition_best: None, quality_best: -inf, coverage_best: (p=0, n=0, P=0, N=0), p_value: 0
2026-04-14 13:44:52,205 - INFO - Regula po iteracji 0: IF  THEN class = {61.51} [47.14, 75.88], (p=850, n=611, P=850, N=611)
2026-04-14 13:44:52,205 - INFO - *****STOP GROWING RR RULE*****
2026-04-14 13:44:52,205 - INFO - ***RR NOT FOUND***
2026-04-14 13:44:52,267 - INFO - Iteracja 3: condition_best: Standard_pressure <= 7.75, quality_best: 0.642, coverage_best: (p=170, n=61, P=200, N=1261)
2026-04-14 13:44:52,267 - INFO - Regula po iteracji 3: IF Max_temperature >= 90.60 AND Visibility >= 5.12 AND Min_temperature <= 78.50 AND Standard_pressure <= 7.75 THEN class = {81.90} [78.99, 84.82], (p=170, n=61, P=200, N=1261)
2026-04-14 13:44:52,268 - INFO - *****GROWING RR RULE*****
2026-04-14 13:44:52,843 - INFO - Iteracja 0: condition_best: None, quality_best: -inf, coverage_best: (p=0, n=0, P=0, N=0), p_value: 0
2026-04-14 13:44:52,843 - INFO - Regula po iteracji 0: IF  THEN class = {61.51} [47.14, 75.88], (p=850, n=611, P=850, N=611)
2026-04-14 13:44:52,843 - INFO - *****STOP GROWING RR RULE*****
2026-04-14 13:44:52,843 - INFO - ***RR NOT FOUND***
2026-04-14 13:44:52,905 - INFO - Iteracja 4: condition_best: Max_temperature <= 103.00, quality_best: 0.643, coverage_best: (p=168, n=60, P=198, N=1263)
2026-04-14 13:44:52,905 - INFO - Regula po iteracji 4: IF Max_temperature >= 90.60 AND Visibility >= 5.12 AND Min_temperature <= 78.50 AND Standard_pressure <= 7.75 AND Max_temperature <= 103.00 THEN class = {81.83} [78.96, 84.70], (p=168, n=60, P=198, N=1263)
2026-04-14 13:44:52,906 - INFO - *****GROWING RR RULE*****
2026-04-14 13:44:53,477 - INFO - Iteracja 0: condition_best: None, quality_best: -inf, coverage_best: (p=0, n=0, P=0, N=0), p_value: 0
2026-04-14 13:44:53,478 - INFO - Regula po iteracji 0: IF  THEN class = {61.51} [47.14, 75.88], (p=850, n=611, P=850, N=611)
2026-04-14 13:44:53,478 - INFO - *****STOP GROWING RR RULE*****
2026-04-14 13:44:53,478 - INFO - ***RR NOT FOUND***
2026-04-14 13:44:53,478 - INFO - *******STOP GROWING CR RULE*******
2026-04-14 13:44:53,487 - INFO - *******GROWING CR RULE*******
2026-04-14 13:44:53,916 - INFO - Iteracja 0: condition_best: Max_temperature >= 90.60, quality_best: 0.611, coverage_best: (p=175, n=69, P=212, N=1249)
2026-04-14 13:44:53,916 - INFO - Regula po iteracji 0: IF Max_temperature >= 90.60 THEN class = {81.75} [78.70, 84.80], (p=175, n=69, P=212, N=1249)
2026-04-14 13:44:53,917 - INFO - *****GROWING RR RULE*****
2026-04-14 13:44:54,495 - INFO - Iteracja 0: condition_best: None, quality_best: -inf, coverage_best: (p=0, n=0, P=0, N=0), p_value: 0
2026-04-14 13:44:54,496 - INFO - Regula po iteracji 0: IF  THEN class = {61.51} [47.14, 75.88], (p=850, n=611, P=850, N=611)
2026-04-14 13:44:54,496 - INFO - *****STOP GROWING RR RULE*****
2026-04-14 13:44:54,496 - INFO - ***RR NOT FOUND***
2026-04-14 13:44:54,554 - INFO - Iteracja 1: condition_best: Visibility >= 5.12, quality_best: 0.635, coverage_best: (p=170, n=63, P=200, N=1261)
2026-04-14 13:44:54,554 - INFO - Regula po iteracji 1: IF Max_temperature >= 90.60 AND Visibility >= 5.12 THEN class = {81.90} [78.94, 84.85], (p=170, n=63, P=200, N=1261)
2026-04-14 13:44:54,554 - INFO - *****GROWING RR RULE*****
2026-04-14 13:44:55,137 - INFO - Iteracja 0: condition_best: None, quality_best: -inf, coverage_best: (p=0, n=0, P=0, N=0), p_value: 0
2026-04-14 13:44:55,138 - INFO - Regula po iteracji 0: IF  THEN class = {61.51} [47.14, 75.88], (p=850, n=611, P=850, N=611)
2026-04-14 13:44:55,138 - INFO - *****STOP GROWING RR RULE*****
2026-04-14 13:44:55,138 - INFO - ***RR NOT FOUND***
2026-04-14 13:44:55,193 - INFO - Iteracja 2: condition_best: Sea_level_pressure >= 29.67, quality_best: 0.633, coverage_best: (p=167, n=61, P=200, N=1261)
2026-04-14 13:44:55,193 - INFO - Regula po iteracji 2: IF Max_temperature >= 90.60 AND Visibility >= 5.12 AND Sea_level_pressure >= 29.67 THEN class = {81.86} [78.90, 84.82], (p=167, n=61, P=200, N=1261)
2026-04-14 13:44:55,193 - INFO - *****GROWING RR RULE*****
2026-04-14 13:44:55,769 - INFO - Iteracja 0: condition_best: None, quality_best: -inf, coverage_best: (p=0, n=0, P=0, N=0), p_value: 0
2026-04-14 13:44:55,769 - INFO - Regula po iteracji 0: IF  THEN class = {61.51} [47.14, 75.88], (p=850, n=611, P=850, N=611)
2026-04-14 13:44:55,769 - INFO - *****STOP GROWING RR RULE*****
2026-04-14 13:44:55,770 - INFO - ***RR NOT FOUND***
2026-04-14 13:44:55,824 - INFO - Iteracja 3: condition_best: Standard_pressure >= 6.20, quality_best: 0.637, coverage_best: (p=167, n=60, P=200, N=1261)
2026-04-14 13:44:55,824 - INFO - Regula po iteracji 3: IF Max_temperature >= 90.60 AND Visibility >= 5.12 AND Sea_level_pressure >= 29.67 AND Standard_pressure >= 6.20 THEN class = {81.90} [78.99, 84.81], (p=167, n=60, P=200, N=1261)
2026-04-14 13:44:55,824 - INFO - *****GROWING RR RULE*****
2026-04-14 13:44:56,399 - INFO - Iteracja 0: condition_best: None, quality_best: -inf, coverage_best: (p=0, n=0, P=0, N=0), p_value: 0
2026-04-14 13:44:56,399 - INFO - Regula po iteracji 0: IF  THEN class = {61.51} [47.14, 75.88], (p=850, n=611, P=850, N=611)
2026-04-14 13:44:56,399 - INFO - *****STOP GROWING RR RULE*****
2026-04-14 13:44:56,399 - INFO - ***RR NOT FOUND***
2026-04-14 13:44:56,453 - INFO - Iteracja 4: condition_best: Max_wind_speed >= 26.41, quality_best: 0.634, coverage_best: (p=165, n=59, P=200, N=1261)
2026-04-14 13:44:56,453 - INFO - Regula po iteracji 4: IF Max_temperature >= 90.60 AND Visibility >= 5.12 AND Sea_level_pressure >= 29.67 AND Standard_pressure >= 6.20 AND Max_wind_speed >= 26.41 THEN class = {81.90} [78.99, 84.80], (p=165, n=59, P=200, N=1261)
2026-04-14 13:44:56,453 - INFO - *****GROWING RR RULE*****
2026-04-14 13:44:57,028 - INFO - Iteracja 0: condition_best: None, quality_best: -inf, coverage_best: (p=0, n=0, P=0, N=0), p_value: 0
2026-04-14 13:44:57,028 - INFO - Regula po iteracji 0: IF  THEN class = {61.51} [47.14, 75.88], (p=850, n=611, P=850, N=611)
2026-04-14 13:44:57,029 - INFO - *****STOP GROWING RR RULE*****
2026-04-14 13:44:57,029 - INFO - ***RR NOT FOUND***
2026-04-14 13:44:57,029 - INFO - *******STOP GROWING CR RULE*******
2026-04-14 13:44:57,037 - INFO - *******GROWING CR RULE*******
2026-04-14 13:44:57,465 - INFO - Iteracja 0: condition_best: Max_temperature >= 90.60, quality_best: 0.611, coverage_best: (p=175, n=69, P=212, N=1249)
2026-04-14 13:44:57,465 - INFO - Regula po iteracji 0: IF Max_temperature >= 90.60 THEN class = {81.75} [78.70, 84.80], (p=175, n=69, P=212, N=1249)
2026-04-14 13:44:57,465 - INFO - *****GROWING RR RULE*****
2026-04-14 13:44:58,038 - INFO - Iteracja 0: condition_best: None, quality_best: -inf, coverage_best: (p=0, n=0, P=0, N=0), p_value: 0
2026-04-14 13:44:58,038 - INFO - Regula po iteracji 0: IF  THEN class = {61.51} [47.14, 75.88], (p=850, n=611, P=850, N=611)
2026-04-14 13:44:58,038 - INFO - *****STOP GROWING RR RULE*****
2026-04-14 13:44:58,038 - INFO - ***RR NOT FOUND***
2026-04-14 13:44:58,095 - INFO - Iteracja 1: condition_best: Visibility >= 4.43, quality_best: 0.619, coverage_best: (p=174, n=67, P=209, N=1252)
2026-04-14 13:44:58,095 - INFO - Regula po iteracji 1: IF Max_temperature >= 90.60 AND Visibility >= 4.43 THEN class = {81.81} [78.79, 84.83], (p=174, n=67, P=209, N=1252)
2026-04-14 13:44:58,095 - INFO - *****GROWING RR RULE*****
2026-04-14 13:44:58,674 - INFO - Iteracja 0: condition_best: None, quality_best: -inf, coverage_best: (p=0, n=0, P=0, N=0), p_value: 0
2026-04-14 13:44:58,675 - INFO - Regula po iteracji 0: IF  THEN class = {61.51} [47.14, 75.88], (p=850, n=611, P=850, N=611)
2026-04-14 13:44:58,675 - INFO - *****STOP GROWING RR RULE*****
2026-04-14 13:44:58,675 - INFO - ***RR NOT FOUND***
2026-04-14 13:44:58,731 - INFO - Iteracja 2: condition_best: Min_temperature <= 78.50, quality_best: 0.622, coverage_best: (p=174, n=66, P=209, N=1252)
2026-04-14 13:44:58,731 - INFO - Regula po iteracji 2: IF Max_temperature >= 90.60 AND Visibility >= 4.43 AND Min_temperature <= 78.50 THEN class = {81.79} [78.78, 84.80], (p=174, n=66, P=209, N=1252)
2026-04-14 13:44:58,731 - INFO - *****GROWING RR RULE*****
2026-04-14 13:44:59,302 - INFO - Iteracja 0: condition_best: None, quality_best: -inf, coverage_best: (p=0, n=0, P=0, N=0), p_value: 0
2026-04-14 13:44:59,302 - INFO - Regula po iteracji 0: IF  THEN class = {61.51} [47.14, 75.88], (p=850, n=611, P=850, N=611)
2026-04-14 13:44:59,302 - INFO - *****STOP GROWING RR RULE*****
2026-04-14 13:44:59,302 - INFO - ***RR NOT FOUND***
2026-04-14 13:44:59,359 - INFO - Iteracja 3: condition_best: Min_temperature <= 75.30, quality_best: 0.62, coverage_best: (p=166, n=63, P=202, N=1259)
2026-04-14 13:44:59,359 - INFO - Regula po iteracji 3: IF Max_temperature >= 90.60 AND Visibility >= 4.43 AND Min_temperature <= 78.50 AND Min_temperature <= 75.30 THEN class = {81.56} [78.70, 84.41], (p=166, n=63, P=202, N=1259)
2026-04-14 13:44:59,360 - INFO - *****GROWING RR RULE*****
2026-04-14 13:44:59,933 - INFO - Iteracja 0: condition_best: None, quality_best: -inf, coverage_best: (p=0, n=0, P=0, N=0), p_value: 0
2026-04-14 13:44:59,933 - INFO - Regula po iteracji 0: IF  THEN class = {61.51} [47.14, 75.88], (p=850, n=611, P=850, N=611)
2026-04-14 13:44:59,933 - INFO - *****STOP GROWING RR RULE*****
2026-04-14 13:44:59,933 - INFO - ***RR NOT FOUND***
2026-04-14 13:44:59,988 - INFO - Iteracja 4: condition_best: Max_temperature <= 103.00, quality_best: 0.628, coverage_best: (p=165, n=59, P=204, N=1257)
2026-04-14 13:44:59,988 - INFO - Regula po iteracji 4: IF Max_temperature >= 90.60 AND Visibility >= 4.43 AND Min_temperature <= 78.50 AND Min_temperature <= 75.30 AND Max_temperature <= 103.00 THEN class = {81.44} [78.66, 84.22], (p=165, n=59, P=204, N=1257)
2026-04-14 13:44:59,989 - INFO - *****GROWING RR RULE*****
2026-04-14 13:45:00,565 - INFO - Iteracja 0: condition_best: None, quality_best: -inf, coverage_best: (p=0, n=0, P=0, N=0), p_value: 0
2026-04-14 13:45:00,565 - INFO - Regula po iteracji 0: IF  THEN class = {61.51} [47.14, 75.88], (p=850, n=611, P=850, N=611)
2026-04-14 13:45:00,565 - INFO - *****STOP GROWING RR RULE*****
2026-04-14 13:45:00,565 - INFO - ***RR NOT FOUND***
2026-04-14 13:45:00,565 - INFO - *******STOP GROWING CR RULE*******
2026-04-14 13:45:00,574 - INFO - *******GROWING CR RULE*******
2026-04-14 13:45:00,996 - INFO - Iteracja 0: condition_best: Max_temperature >= 90.60, quality_best: 0.611, coverage_best: (p=175, n=69, P=212, N=1249)
2026-04-14 13:45:00,996 - INFO - Regula po iteracji 0: IF Max_temperature >= 90.60 THEN class = {81.75} [78.70, 84.80], (p=175, n=69, P=212, N=1249)
2026-04-14 13:45:00,996 - INFO - *****GROWING RR RULE*****
2026-04-14 13:45:01,571 - INFO - Iteracja 0: condition_best: None, quality_best: -inf, coverage_best: (p=0, n=0, P=0, N=0), p_value: 0
2026-04-14 13:45:01,571 - INFO - Regula po iteracji 0: IF  THEN class = {61.51} [47.14, 75.88], (p=850, n=611, P=850, N=611)
2026-04-14 13:45:01,571 - INFO - *****STOP GROWING RR RULE*****
2026-04-14 13:45:01,571 - INFO - ***RR NOT FOUND***
2026-04-14 13:45:01,628 - INFO - Iteracja 1: condition_best: Min_temperature >= 57.55, quality_best: 0.619, coverage_best: (p=170, n=68, P=200, N=1261)
2026-04-14 13:45:01,628 - INFO - Regula po iteracji 1: IF Max_temperature >= 90.60 AND Min_temperature >= 57.55 THEN class = {81.89} [78.97, 84.82], (p=170, n=68, P=200, N=1261)
2026-04-14 13:45:01,628 - INFO - *****GROWING RR RULE*****
2026-04-14 13:45:02,198 - INFO - Iteracja 0: condition_best: None, quality_best: -inf, coverage_best: (p=0, n=0, P=0, N=0), p_value: 0
2026-04-14 13:45:02,198 - INFO - Regula po iteracji 0: IF  THEN class = {61.51} [47.14, 75.88], (p=850, n=611, P=850, N=611)
2026-04-14 13:45:02,198 - INFO - *****STOP GROWING RR RULE*****
2026-04-14 13:45:02,198 - INFO - ***RR NOT FOUND***
2026-04-14 13:45:02,254 - INFO - Iteracja 2: condition_best: Min_temperature <= 74.65, quality_best: 0.624, coverage_best: (p=160, n=57, P=201, N=1260)
2026-04-14 13:45:02,254 - INFO - Regula po iteracji 2: IF Max_temperature >= 90.60 AND Min_temperature >= 57.55 AND Min_temperature <= 74.65 THEN class = {81.52} [78.78, 84.26], (p=160, n=57, P=201, N=1260)
2026-04-14 13:45:02,255 - INFO - *****GROWING RR RULE*****
2026-04-14 13:45:02,829 - INFO - Iteracja 0: condition_best: None, quality_best: -inf, coverage_best: (p=0, n=0, P=0, N=0), p_value: 0
2026-04-14 13:45:02,829 - INFO - Regula po iteracji 0: IF  THEN class = {61.51} [47.14, 75.88], (p=850, n=611, P=850, N=611)
2026-04-14 13:45:02,829 - INFO - *****STOP GROWING RR RULE*****
2026-04-14 13:45:02,829 - INFO - ***RR NOT FOUND***
2026-04-14 13:45:02,881 - INFO - Iteracja 3: condition_best: Wind_speed <= 44.80, quality_best: 0.625, coverage_best: (p=159, n=56, P=201, N=1260)
2026-04-14 13:45:02,881 - INFO - Regula po iteracji 3: IF Max_temperature >= 90.60 AND Min_temperature >= 57.55 AND Min_temperature <= 74.65 AND Wind_speed <= 44.80 THEN class = {81.49} [78.76, 84.23], (p=159, n=56, P=201, N=1260)
2026-04-14 13:45:02,882 - INFO - *****GROWING RR RULE*****
2026-04-14 13:45:03,456 - INFO - Iteracja 0: condition_best: None, quality_best: -inf, coverage_best: (p=0, n=0, P=0, N=0), p_value: 0
2026-04-14 13:45:03,457 - INFO - Regula po iteracji 0: IF  THEN class = {61.51} [47.14, 75.88], (p=850, n=611, P=850, N=611)
2026-04-14 13:45:03,457 - INFO - *****STOP GROWING RR RULE*****
2026-04-14 13:45:03,457 - INFO - ***RR NOT FOUND***
2026-04-14 13:45:03,509 - INFO - Iteracja 4: condition_best: Max_wind_speed >= 19.56, quality_best: 0.629, coverage_best: (p=159, n=55, P=201, N=1260)
2026-04-14 13:45:03,509 - INFO - Regula po iteracji 4: IF Max_temperature >= 90.60 AND Min_temperature >= 57.55 AND Min_temperature <= 74.65 AND Wind_speed <= 44.80 AND Max_wind_speed >= 19.56 THEN class = {81.52} [78.80, 84.24], (p=159, n=55, P=201, N=1260)
2026-04-14 13:45:03,510 - INFO - *****GROWING RR RULE*****
2026-04-14 13:45:04,088 - INFO - Iteracja 0: condition_best: None, quality_best: -inf, coverage_best: (p=0, n=0, P=0, N=0), p_value: 0
2026-04-14 13:45:04,089 - INFO - Regula po iteracji 0: IF  THEN class = {61.51} [47.14, 75.88], (p=850, n=611, P=850, N=611)
2026-04-14 13:45:04,089 - INFO - *****STOP GROWING RR RULE*****
2026-04-14 13:45:04,089 - INFO - ***RR NOT FOUND***
2026-04-14 13:45:04,089 - INFO - *******STOP GROWING CR RULE*******
2026-04-14 13:45:04,097 - INFO - *******GROWING CR RULE*******
2026-04-14 13:45:04,520 - INFO - Iteracja 0: condition_best: Max_temperature >= 89.70, quality_best: 0.605, coverage_best: (p=191, n=81, P=221, N=1240)
2026-04-14 13:45:04,520 - INFO - Regula po iteracji 0: IF Max_temperature >= 89.70 THEN class = {81.38} [78.19, 84.57], (p=191, n=81, P=221, N=1240)
2026-04-14 13:45:04,520 - INFO - *****GROWING RR RULE*****
2026-04-14 13:45:05,098 - INFO - Iteracja 0: condition_best: None, quality_best: -inf, coverage_best: (p=0, n=0, P=0, N=0), p_value: 0
2026-04-14 13:45:05,098 - INFO - Regula po iteracji 0: IF  THEN class = {61.51} [47.14, 75.88], (p=850, n=611, P=850, N=611)
2026-04-14 13:45:05,098 - INFO - *****STOP GROWING RR RULE*****
2026-04-14 13:45:05,098 - INFO - ***RR NOT FOUND***
2026-04-14 13:45:05,161 - INFO - Iteracja 1: condition_best: Visibility >= 6.73, quality_best: 0.629, coverage_best: (p=170, n=66, P=198, N=1263)
2026-04-14 13:45:05,161 - INFO - Regula po iteracji 1: IF Max_temperature >= 89.70 AND Visibility >= 6.73 THEN class = {81.82} [78.92, 84.73], (p=170, n=66, P=198, N=1263)
2026-04-14 13:45:05,161 - INFO - *****GROWING RR RULE*****
2026-04-14 13:45:05,735 - INFO - Iteracja 0: condition_best: None, quality_best: -inf, coverage_best: (p=0, n=0, P=0, N=0), p_value: 0
2026-04-14 13:45:05,735 - INFO - Regula po iteracji 0: IF  THEN class = {61.51} [47.14, 75.88], (p=850, n=611, P=850, N=611)
2026-04-14 13:45:05,735 - INFO - *****STOP GROWING RR RULE*****
2026-04-14 13:45:05,735 - INFO - ***RR NOT FOUND***
2026-04-14 13:45:05,790 - INFO - Iteracja 2: condition_best: Sea_level_pressure <= 29.95, quality_best: 0.642, coverage_best: (p=155, n=60, P=176, N=1285)
2026-04-14 13:45:05,790 - INFO - Regula po iteracji 2: IF Max_temperature >= 89.70 AND Visibility >= 6.73 AND Sea_level_pressure <= 29.95 THEN class = {82.11} [79.37, 84.85], (p=155, n=60, P=176, N=1285)
2026-04-14 13:45:05,791 - INFO - *****GROWING RR RULE*****
2026-04-14 13:45:06,368 - INFO - Iteracja 0: condition_best: None, quality_best: -inf, coverage_best: (p=0, n=0, P=0, N=0), p_value: 0
2026-04-14 13:45:06,368 - INFO - Regula po iteracji 0: IF  THEN class = {61.51} [47.14, 75.88], (p=850, n=611, P=850, N=611)
2026-04-14 13:45:06,368 - INFO - *****STOP GROWING RR RULE*****
2026-04-14 13:45:06,368 - INFO - ***RR NOT FOUND***
2026-04-14 13:45:06,419 - INFO - Iteracja 3: condition_best: Dewpoint <= 62.65, quality_best: 0.646, coverage_best: (p=154, n=58, P=176, N=1285)
2026-04-14 13:45:06,419 - INFO - Regula po iteracji 3: IF Max_temperature >= 89.70 AND Visibility >= 6.73 AND Sea_level_pressure <= 29.95 AND Dewpoint <= 62.65 THEN class = {82.12} [79.37, 84.86], (p=154, n=58, P=176, N=1285)
2026-04-14 13:45:06,419 - INFO - *****GROWING RR RULE*****
2026-04-14 13:45:06,994 - INFO - Iteracja 0: condition_best: None, quality_best: -inf, coverage_best: (p=0, n=0, P=0, N=0), p_value: 0
2026-04-14 13:45:06,994 - INFO - Regula po iteracji 0: IF  THEN class = {61.51} [47.14, 75.88], (p=850, n=611, P=850, N=611)
2026-04-14 13:45:06,994 - INFO - *****STOP GROWING RR RULE*****
2026-04-14 13:45:06,994 - INFO - ***RR NOT FOUND***
2026-04-14 13:45:07,045 - INFO - Iteracja 4: condition_best: Min_temperature <= 78.50, quality_best: 0.65, coverage_best: (p=154, n=57, P=176, N=1285)
2026-04-14 13:45:07,045 - INFO - Regula po iteracji 4: IF Max_temperature >= 89.70 AND Visibility >= 6.73 AND Sea_level_pressure <= 29.95 AND Dewpoint <= 62.65 AND Min_temperature <= 78.50 THEN class = {82.09} [79.36, 84.83], (p=154, n=57, P=176, N=1285)
2026-04-14 13:45:07,045 - INFO - *****GROWING RR RULE*****
2026-04-14 13:45:07,622 - INFO - Iteracja 0: condition_best: None, quality_best: -inf, coverage_best: (p=0, n=0, P=0, N=0), p_value: 0
2026-04-14 13:45:07,623 - INFO - Regula po iteracji 0: IF  THEN class = {61.51} [47.14, 75.88], (p=850, n=611, P=850, N=611)
2026-04-14 13:45:07,623 - INFO - *****STOP GROWING RR RULE*****
2026-04-14 13:45:07,623 - INFO - ***RR NOT FOUND***
2026-04-14 13:45:07,623 - INFO - *******STOP GROWING CR RULE*******
2026-04-14 13:45:07,631 - INFO - *******GROWING CR RULE*******
2026-04-14 13:45:08,049 - INFO - Iteracja 0: condition_best: Max_temperature >= 89.70, quality_best: 0.605, coverage_best: (p=191, n=81, P=221, N=1240)
2026-04-14 13:45:08,049 - INFO - Regula po iteracji 0: IF Max_temperature >= 89.70 THEN class = {81.38} [78.19, 84.57], (p=191, n=81, P=221, N=1240)
2026-04-14 13:45:08,050 - INFO - *****GROWING RR RULE*****
2026-04-14 13:45:08,623 - INFO - Iteracja 0: condition_best: None, quality_best: -inf, coverage_best: (p=0, n=0, P=0, N=0), p_value: 0
2026-04-14 13:45:08,623 - INFO - Regula po iteracji 0: IF  THEN class = {61.51} [47.14, 75.88], (p=850, n=611, P=850, N=611)
2026-04-14 13:45:08,624 - INFO - *****STOP GROWING RR RULE*****
2026-04-14 13:45:08,624 - INFO - ***RR NOT FOUND***
2026-04-14 13:45:08,685 - INFO - Iteracja 1: condition_best: Visibility >= 6.73, quality_best: 0.629, coverage_best: (p=170, n=66, P=198, N=1263)
2026-04-14 13:45:08,685 - INFO - Regula po iteracji 1: IF Max_temperature >= 89.70 AND Visibility >= 6.73 THEN class = {81.82} [78.92, 84.73], (p=170, n=66, P=198, N=1263)
2026-04-14 13:45:08,685 - INFO - *****GROWING RR RULE*****
2026-04-14 13:45:09,260 - INFO - Iteracja 0: condition_best: None, quality_best: -inf, coverage_best: (p=0, n=0, P=0, N=0), p_value: 0
2026-04-14 13:45:09,260 - INFO - Regula po iteracji 0: IF  THEN class = {61.51} [47.14, 75.88], (p=850, n=611, P=850, N=611)
2026-04-14 13:45:09,260 - INFO - *****STOP GROWING RR RULE*****
2026-04-14 13:45:09,260 - INFO - ***RR NOT FOUND***
2026-04-14 13:45:09,314 - INFO - Iteracja 2: condition_best: Min_temperature <= 75.30, quality_best: 0.636, coverage_best: (p=164, n=60, P=195, N=1266)
2026-04-14 13:45:09,314 - INFO - Regula po iteracji 2: IF Max_temperature >= 89.70 AND Visibility >= 6.73 AND Min_temperature <= 75.30 THEN class = {81.56} [78.84, 84.29], (p=164, n=60, P=195, N=1266)
2026-04-14 13:45:09,315 - INFO - *****GROWING RR RULE*****
2026-04-14 13:45:09,890 - INFO - Iteracja 0: condition_best: None, quality_best: -inf, coverage_best: (p=0, n=0, P=0, N=0), p_value: 0
2026-04-14 13:45:09,890 - INFO - Regula po iteracji 0: IF  THEN class = {61.51} [47.14, 75.88], (p=850, n=611, P=850, N=611)
2026-04-14 13:45:09,890 - INFO - *****STOP GROWING RR RULE*****
2026-04-14 13:45:09,890 - INFO - ***RR NOT FOUND***
2026-04-14 13:45:09,942 - INFO - Iteracja 3: condition_best: Visibility >= 7.43, quality_best: 0.642, coverage_best: (p=153, n=57, P=178, N=1283)
2026-04-14 13:45:09,943 - INFO - Regula po iteracji 3: IF Max_temperature >= 89.70 AND Visibility >= 6.73 AND Min_temperature <= 75.30 AND Visibility >= 7.43 THEN class = {81.71} [79.17, 84.26], (p=153, n=57, P=178, N=1283)
2026-04-14 13:45:09,943 - INFO - *****GROWING RR RULE*****
2026-04-14 13:45:10,515 - INFO - Iteracja 0: condition_best: None, quality_best: -inf, coverage_best: (p=0, n=0, P=0, N=0), p_value: 0
2026-04-14 13:45:10,515 - INFO - Regula po iteracji 0: IF  THEN class = {61.51} [47.14, 75.88], (p=850, n=611, P=850, N=611)
2026-04-14 13:45:10,515 - INFO - *****STOP GROWING RR RULE*****
2026-04-14 13:45:10,515 - INFO - ***RR NOT FOUND***
2026-04-14 13:45:10,565 - INFO - Iteracja 4: condition_best: Max_temperature <= 103.00, quality_best: 0.646, coverage_best: (p=153, n=56, P=178, N=1283)
2026-04-14 13:45:10,565 - INFO - Regula po iteracji 4: IF Max_temperature >= 89.70 AND Visibility >= 6.73 AND Min_temperature <= 75.30 AND Visibility >= 7.43 AND Max_temperature <= 103.00 THEN class = {81.69} [79.16, 84.22], (p=153, n=56, P=178, N=1283)
2026-04-14 13:45:10,566 - INFO - *****GROWING RR RULE*****
2026-04-14 13:45:11,143 - INFO - Iteracja 0: condition_best: None, quality_best: -inf, coverage_best: (p=0, n=0, P=0, N=0), p_value: 0
2026-04-14 13:45:11,144 - INFO - Regula po iteracji 0: IF  THEN class = {61.51} [47.14, 75.88], (p=850, n=611, P=850, N=611)
2026-04-14 13:45:11,144 - INFO - *****STOP GROWING RR RULE*****
2026-04-14 13:45:11,144 - INFO - ***RR NOT FOUND***
2026-04-14 13:45:11,144 - INFO - *******STOP GROWING CR RULE*******
2026-04-14 13:45:11,152 - INFO - *******GROWING CR RULE*******
2026-04-14 13:45:12,353 - INFO - Iteracja 0: condition_best: Max_temperature >= 89.70, quality_best: 0.605, coverage_best: (p=191, n=81, P=221, N=1240)
2026-04-14 13:45:12,353 - INFO - Regula po iteracji 0: IF Max_temperature >= 89.70 THEN class = {81.38} [78.19, 84.57], (p=191, n=81, P=221, N=1240)
2026-04-14 13:45:12,354 - INFO - *****GROWING RR RULE*****
2026-04-14 13:45:12,931 - INFO - Iteracja 0: condition_best: None, quality_best: -inf, coverage_best: (p=0, n=0, P=0, N=0), p_value: 0
2026-04-14 13:45:12,932 - INFO - Regula po iteracji 0: IF  THEN class = {61.51} [47.14, 75.88], (p=850, n=611, P=850, N=611)
2026-04-14 13:45:12,932 - INFO - *****STOP GROWING RR RULE*****
2026-04-14 13:45:12,932 - INFO - ***RR NOT FOUND***
2026-04-14 13:45:12,993 - INFO - Iteracja 1: condition_best: Min_temperature <= 76.00, quality_best: 0.623, coverage_best: (p=189, n=74, P=219, N=1242)
2026-04-14 13:45:12,993 - INFO - Regula po iteracji 1: IF Max_temperature >= 89.70 AND Min_temperature <= 76.00 THEN class = {81.18} [78.14, 84.21], (p=189, n=74, P=219, N=1242)
2026-04-14 13:45:12,994 - INFO - *****GROWING RR RULE*****
2026-04-14 13:45:13,569 - INFO - Iteracja 0: condition_best: None, quality_best: -inf, coverage_best: (p=0, n=0, P=0, N=0), p_value: 0
2026-04-14 13:45:13,570 - INFO - Regula po iteracji 0: IF  THEN class = {61.51} [47.14, 75.88], (p=850, n=611, P=850, N=611)
2026-04-14 13:45:13,570 - INFO - *****STOP GROWING RR RULE*****
2026-04-14 13:45:13,570 - INFO - ***RR NOT FOUND***
2026-04-14 13:45:13,630 - INFO - Iteracja 2: condition_best: Visibility >= 5.40, quality_best: 0.636, coverage_best: (p=181, n=66, P=213, N=1248)
2026-04-14 13:45:13,630 - INFO - Regula po iteracji 2: IF Max_temperature >= 89.70 AND Min_temperature <= 76.00 AND Visibility >= 5.40 THEN class = {81.39} [78.49, 84.28], (p=181, n=66, P=213, N=1248)
2026-04-14 13:45:13,631 - INFO - *****GROWING RR RULE*****
2026-04-14 13:45:14,203 - INFO - Iteracja 0: condition_best: None, quality_best: -inf, coverage_best: (p=0, n=0, P=0, N=0), p_value: 0
2026-04-14 13:45:14,203 - INFO - Regula po iteracji 0: IF  THEN class = {61.51} [47.14, 75.88], (p=850, n=611, P=850, N=611)
2026-04-14 13:45:14,203 - INFO - *****STOP GROWING RR RULE*****
2026-04-14 13:45:14,203 - INFO - ***RR NOT FOUND***
2026-04-14 13:45:14,261 - INFO - Iteracja 3: condition_best: Sea_level_pressure <= 29.96, quality_best: 0.646, coverage_best: (p=172, n=61, P=201, N=1260)
2026-04-14 13:45:14,261 - INFO - Regula po iteracji 3: IF Max_temperature >= 89.70 AND Min_temperature <= 76.00 AND Visibility >= 5.40 AND Sea_level_pressure <= 29.96 THEN class = {81.60} [78.79, 84.40], (p=172, n=61, P=201, N=1260)
2026-04-14 13:45:14,261 - INFO - *****GROWING RR RULE*****
2026-04-14 13:45:14,832 - INFO - Iteracja 0: condition_best: None, quality_best: -inf, coverage_best: (p=0, n=0, P=0, N=0), p_value: 0
2026-04-14 13:45:14,833 - INFO - Regula po iteracji 0: IF  THEN class = {61.51} [47.14, 75.88], (p=850, n=611, P=850, N=611)
2026-04-14 13:45:14,833 - INFO - *****STOP GROWING RR RULE*****
2026-04-14 13:45:14,833 - INFO - ***RR NOT FOUND***
2026-04-14 13:45:14,887 - INFO - Iteracja 4: condition_best: Standard_pressure <= 7.75, quality_best: 0.658, coverage_best: (p=172, n=60, P=196, N=1265)
2026-04-14 13:45:14,888 - INFO - Regula po iteracji 4: IF Max_temperature >= 89.70 AND Min_temperature <= 76.00 AND Visibility >= 5.40 AND Sea_level_pressure <= 29.96 AND Standard_pressure <= 7.75 THEN class = {81.62} [78.84, 84.40], (p=172, n=60, P=196, N=1265)
2026-04-14 13:45:14,888 - INFO - *****GROWING RR RULE*****
2026-04-14 13:45:15,460 - INFO - Iteracja 0: condition_best: None, quality_best: -inf, coverage_best: (p=0, n=0, P=0, N=0), p_value: 0
2026-04-14 13:45:15,460 - INFO - Regula po iteracji 0: IF  THEN class = {61.51} [47.14, 75.88], (p=850, n=611, P=850, N=611)
2026-04-14 13:45:15,460 - INFO - *****STOP GROWING RR RULE*****
2026-04-14 13:45:15,460 - INFO - ***RR NOT FOUND***
2026-04-14 13:45:15,460 - INFO - *******STOP GROWING CR RULE*******
2026-04-14 13:45:15,468 - INFO - *******GROWING CR RULE*******
2026-04-14 13:45:15,891 - INFO - Iteracja 0: condition_best: Dewpoint <= 34.75, quality_best: 0.604, coverage_best: (p=146, n=46, P=215, N=1246)
2026-04-14 13:45:15,892 - INFO - Regula po iteracji 0: IF Dewpoint <= 34.75 THEN class = {41.56} [36.89, 46.24], (p=146, n=46, P=215, N=1246)
2026-04-14 13:45:15,892 - INFO - *****GROWING RR RULE*****
2026-04-14 13:45:16,465 - INFO - Iteracja 0: condition_best: None, quality_best: -inf, coverage_best: (p=0, n=0, P=0, N=0), p_value: 0
2026-04-14 13:45:16,465 - INFO - Regula po iteracji 0: IF  THEN class = {61.51} [47.14, 75.88], (p=850, n=611, P=850, N=611)
2026-04-14 13:45:16,465 - INFO - *****STOP GROWING RR RULE*****
2026-04-14 13:45:16,465 - INFO - ***RR NOT FOUND***
2026-04-14 13:45:16,536 - INFO - Iteracja 1: condition_best: Min_temperature <= 37.75, quality_best: 0.619, coverage_best: (p=116, n=45, P=146, N=1315)
2026-04-14 13:45:16,536 - INFO - Regula po iteracji 1: IF Dewpoint <= 34.75 AND Min_temperature <= 37.75 THEN class = {40.34} [36.76, 43.93], (p=116, n=45, P=146, N=1315)
2026-04-14 13:45:16,537 - INFO - *****GROWING RR RULE*****
2026-04-14 13:45:17,105 - INFO - Iteracja 0: condition_best: None, quality_best: -inf, coverage_best: (p=0, n=0, P=0, N=0), p_value: 0
2026-04-14 13:45:17,105 - INFO - Regula po iteracji 0: IF  THEN class = {61.51} [47.14, 75.88], (p=850, n=611, P=850, N=611)
2026-04-14 13:45:17,105 - INFO - *****STOP GROWING RR RULE*****
2026-04-14 13:45:17,105 - INFO - ***RR NOT FOUND***
2026-04-14 13:45:17,165 - INFO - Iteracja 2: condition_best: Max_temperature <= 53.40, quality_best: 0.627, coverage_best: (p=82, n=33, P=101, N=1360)
2026-04-14 13:45:17,165 - INFO - Regula po iteracji 2: IF Dewpoint <= 34.75 AND Min_temperature <= 37.75 AND Max_temperature <= 53.40 THEN class = {38.99} [36.19, 41.80], (p=82, n=33, P=101, N=1360)
2026-04-14 13:45:17,166 - INFO - *****GROWING RR RULE*****
2026-04-14 13:45:17,726 - INFO - Iteracja 0: condition_best: None, quality_best: -inf, coverage_best: (p=0, n=0, P=0, N=0), p_value: 0
2026-04-14 13:45:17,726 - INFO - Regula po iteracji 0: IF  THEN class = {61.51} [47.14, 75.88], (p=850, n=611, P=850, N=611)
2026-04-14 13:45:17,726 - INFO - *****STOP GROWING RR RULE*****
2026-04-14 13:45:17,726 - INFO - ***RR NOT FOUND***
2026-04-14 13:45:17,773 - INFO - Iteracja 3: condition_best: Min_temperature <= 34.00, quality_best: 0.671, coverage_best: (p=64, n=19, P=83, N=1378)
2026-04-14 13:45:17,773 - INFO - Regula po iteracji 3: IF Dewpoint <= 34.75 AND Min_temperature <= 37.75 AND Max_temperature <= 53.40 AND Min_temperature <= 34.00 THEN class = {38.10} [35.54, 40.66], (p=64, n=19, P=83, N=1378)
2026-04-14 13:45:17,773 - INFO - *****GROWING RR RULE*****
2026-04-14 13:45:18,331 - INFO - Iteracja 0: condition_best: None, quality_best: -inf, coverage_best: (p=0, n=0, P=0, N=0), p_value: 0
2026-04-14 13:45:18,331 - INFO - Regula po iteracji 0: IF  THEN class = {61.51} [47.14, 75.88], (p=850, n=611, P=850, N=611)
2026-04-14 13:45:18,331 - INFO - *****STOP GROWING RR RULE*****
2026-04-14 13:45:18,331 - INFO - ***RR NOT FOUND***
2026-04-14 13:45:18,368 - INFO - Iteracja 4: condition_best: Visibility >= 3.05, quality_best: 0.685, coverage_best: (p=64, n=17, P=84, N=1377)
2026-04-14 13:45:18,368 - INFO - Regula po iteracji 4: IF Dewpoint <= 34.75 AND Min_temperature <= 37.75 AND Max_temperature <= 53.40 AND Min_temperature <= 34.00 AND Visibility >= 3.05 THEN class = {38.06} [35.49, 40.64], (p=64, n=17, P=84, N=1377)
2026-04-14 13:45:18,368 - INFO - *****GROWING RR RULE*****
2026-04-14 13:45:18,936 - INFO - Iteracja 0: condition_best: None, quality_best: -inf, coverage_best: (p=0, n=0, P=0, N=0), p_value: 0
2026-04-14 13:45:18,937 - INFO - Regula po iteracji 0: IF  THEN class = {61.51} [47.14, 75.88], (p=850, n=611, P=850, N=611)
2026-04-14 13:45:18,937 - INFO - *****STOP GROWING RR RULE*****
2026-04-14 13:45:18,937 - INFO - ***RR NOT FOUND***
2026-04-14 13:45:18,937 - INFO - *******STOP GROWING CR RULE*******
2026-04-14 13:45:18,945 - INFO - *******GROWING CR RULE*******
2026-04-14 13:45:19,367 - INFO - Iteracja 0: condition_best: Dewpoint <= 34.75, quality_best: 0.604, coverage_best: (p=146, n=46, P=215, N=1246)
2026-04-14 13:45:19,367 - INFO - Regula po iteracji 0: IF Dewpoint <= 34.75 THEN class = {41.56} [36.89, 46.24], (p=146, n=46, P=215, N=1246)
2026-04-14 13:45:19,368 - INFO - *****GROWING RR RULE*****
2026-04-14 13:45:19,934 - INFO - Iteracja 0: condition_best: None, quality_best: -inf, coverage_best: (p=0, n=0, P=0, N=0), p_value: 0
2026-04-14 13:45:19,934 - INFO - Regula po iteracji 0: IF  THEN class = {61.51} [47.14, 75.88], (p=850, n=611, P=850, N=611)
2026-04-14 13:45:19,934 - INFO - *****STOP GROWING RR RULE*****
2026-04-14 13:45:19,934 - INFO - ***RR NOT FOUND***
2026-04-14 13:45:20,001 - INFO - Iteracja 1: condition_best: Min_temperature <= 37.75, quality_best: 0.619, coverage_best: (p=116, n=45, P=146, N=1315)
2026-04-14 13:45:20,001 - INFO - Regula po iteracji 1: IF Dewpoint <= 34.75 AND Min_temperature <= 37.75 THEN class = {40.34} [36.76, 43.93], (p=116, n=45, P=146, N=1315)
2026-04-14 13:45:20,001 - INFO - *****GROWING RR RULE*****
2026-04-14 13:45:20,575 - INFO - Iteracja 0: condition_best: None, quality_best: -inf, coverage_best: (p=0, n=0, P=0, N=0), p_value: 0
2026-04-14 13:45:20,575 - INFO - Regula po iteracji 0: IF  THEN class = {61.51} [47.14, 75.88], (p=850, n=611, P=850, N=611)
2026-04-14 13:45:20,576 - INFO - *****STOP GROWING RR RULE*****
2026-04-14 13:45:20,576 - INFO - ***RR NOT FOUND***
2026-04-14 13:45:20,632 - INFO - Iteracja 2: condition_best: Max_temperature <= 53.40, quality_best: 0.627, coverage_best: (p=82, n=33, P=101, N=1360)
2026-04-14 13:45:20,632 - INFO - Regula po iteracji 2: IF Dewpoint <= 34.75 AND Min_temperature <= 37.75 AND Max_temperature <= 53.40 THEN class = {38.99} [36.19, 41.80], (p=82, n=33, P=101, N=1360)
2026-04-14 13:45:20,633 - INFO - *****GROWING RR RULE*****
2026-04-14 13:45:21,192 - INFO - Iteracja 0: condition_best: None, quality_best: -inf, coverage_best: (p=0, n=0, P=0, N=0), p_value: 0
2026-04-14 13:45:21,193 - INFO - Regula po iteracji 0: IF  THEN class = {61.51} [47.14, 75.88], (p=850, n=611, P=850, N=611)
2026-04-14 13:45:21,193 - INFO - *****STOP GROWING RR RULE*****
2026-04-14 13:45:21,193 - INFO - ***RR NOT FOUND***
2026-04-14 13:45:21,236 - INFO - Iteracja 3: condition_best: Min_temperature <= 35.70, quality_best: 0.658, coverage_best: (p=75, n=26, P=92, N=1369)
2026-04-14 13:45:21,236 - INFO - Regula po iteracji 3: IF Dewpoint <= 34.75 AND Min_temperature <= 37.75 AND Max_temperature <= 53.40 AND Min_temperature <= 35.70 THEN class = {38.59} [35.90, 41.28], (p=75, n=26, P=92, N=1369)
2026-04-14 13:45:21,236 - INFO - *****GROWING RR RULE*****
2026-04-14 13:45:21,795 - INFO - Iteracja 0: condition_best: None, quality_best: -inf, coverage_best: (p=0, n=0, P=0, N=0), p_value: 0
2026-04-14 13:45:21,796 - INFO - Regula po iteracji 0: IF  THEN class = {61.51} [47.14, 75.88], (p=850, n=611, P=850, N=611)
2026-04-14 13:45:21,796 - INFO - *****STOP GROWING RR RULE*****
2026-04-14 13:45:21,796 - INFO - ***RR NOT FOUND***
2026-04-14 13:45:21,836 - INFO - Iteracja 4: condition_best: Dewpoint <= 34.35, quality_best: 0.676, coverage_best: (p=75, n=24, P=91, N=1370)
2026-04-14 13:45:21,836 - INFO - Regula po iteracji 4: IF Dewpoint <= 34.75 AND Min_temperature <= 37.75 AND Max_temperature <= 53.40 AND Min_temperature <= 35.70 AND Dewpoint <= 34.35 THEN class = {38.49} [35.87, 41.11], (p=75, n=24, P=91, N=1370)
2026-04-14 13:45:21,836 - INFO - *****GROWING RR RULE*****
2026-04-14 13:45:22,394 - INFO - Iteracja 0: condition_best: None, quality_best: -inf, coverage_best: (p=0, n=0, P=0, N=0), p_value: 0
2026-04-14 13:45:22,394 - INFO - Regula po iteracji 0: IF  THEN class = {61.51} [47.14, 75.88], (p=850, n=611, P=850, N=611)
2026-04-14 13:45:22,394 - INFO - *****STOP GROWING RR RULE*****
2026-04-14 13:45:22,394 - INFO - ***RR NOT FOUND***
2026-04-14 13:45:22,394 - INFO - *******STOP GROWING CR RULE*******
2026-04-14 13:45:22,402 - INFO - *******GROWING CR RULE*******
2026-04-14 13:45:22,822 - INFO - Iteracja 0: condition_best: Dewpoint <= 34.75, quality_best: 0.604, coverage_best: (p=146, n=46, P=215, N=1246)
2026-04-14 13:45:22,822 - INFO - Regula po iteracji 0: IF Dewpoint <= 34.75 THEN class = {41.56} [36.89, 46.24], (p=146, n=46, P=215, N=1246)
2026-04-14 13:45:22,823 - INFO - *****GROWING RR RULE*****
2026-04-14 13:45:23,395 - INFO - Iteracja 0: condition_best: None, quality_best: -inf, coverage_best: (p=0, n=0, P=0, N=0), p_value: 0
2026-04-14 13:45:23,395 - INFO - Regula po iteracji 0: IF  THEN class = {61.51} [47.14, 75.88], (p=850, n=611, P=850, N=611)
2026-04-14 13:45:23,395 - INFO - *****STOP GROWING RR RULE*****
2026-04-14 13:45:23,395 - INFO - ***RR NOT FOUND***
2026-04-14 13:45:23,460 - INFO - Iteracja 1: condition_best: Min_temperature <= 37.75, quality_best: 0.619, coverage_best: (p=116, n=45, P=146, N=1315)
2026-04-14 13:45:23,460 - INFO - Regula po iteracji 1: IF Dewpoint <= 34.75 AND Min_temperature <= 37.75 THEN class = {40.34} [36.76, 43.93], (p=116, n=45, P=146, N=1315)
2026-04-14 13:45:23,461 - INFO - *****GROWING RR RULE*****
2026-04-14 13:45:24,027 - INFO - Iteracja 0: condition_best: None, quality_best: -inf, coverage_best: (p=0, n=0, P=0, N=0), p_value: 0
2026-04-14 13:45:24,028 - INFO - Regula po iteracji 0: IF  THEN class = {61.51} [47.14, 75.88], (p=850, n=611, P=850, N=611)
2026-04-14 13:45:24,028 - INFO - *****STOP GROWING RR RULE*****
2026-04-14 13:45:24,028 - INFO - ***RR NOT FOUND***
2026-04-14 13:45:24,085 - INFO - Iteracja 2: condition_best: Max_temperature <= 53.40, quality_best: 0.627, coverage_best: (p=82, n=33, P=101, N=1360)
2026-04-14 13:45:24,085 - INFO - Regula po iteracji 2: IF Dewpoint <= 34.75 AND Min_temperature <= 37.75 AND Max_temperature <= 53.40 THEN class = {38.99} [36.19, 41.80], (p=82, n=33, P=101, N=1360)
2026-04-14 13:45:24,085 - INFO - *****GROWING RR RULE*****
2026-04-14 13:45:24,647 - INFO - Iteracja 0: condition_best: None, quality_best: -inf, coverage_best: (p=0, n=0, P=0, N=0), p_value: 0
2026-04-14 13:45:24,647 - INFO - Regula po iteracji 0: IF  THEN class = {61.51} [47.14, 75.88], (p=850, n=611, P=850, N=611)
2026-04-14 13:45:24,647 - INFO - *****STOP GROWING RR RULE*****
2026-04-14 13:45:24,647 - INFO - ***RR NOT FOUND***
2026-04-14 13:45:24,690 - INFO - Iteracja 3: condition_best: Dewpoint <= 33.60, quality_best: 0.656, coverage_best: (p=80, n=28, P=98, N=1363)
2026-04-14 13:45:24,690 - INFO - Regula po iteracji 3: IF Dewpoint <= 34.75 AND Min_temperature <= 37.75 AND Max_temperature <= 53.40 AND Dewpoint <= 33.60 THEN class = {38.80} [36.10, 41.51], (p=80, n=28, P=98, N=1363)
2026-04-14 13:45:24,690 - INFO - *****GROWING RR RULE*****
2026-04-14 13:45:25,257 - INFO - Iteracja 0: condition_best: None, quality_best: -inf, coverage_best: (p=0, n=0, P=0, N=0), p_value: 0
2026-04-14 13:45:25,257 - INFO - Regula po iteracji 0: IF  THEN class = {61.51} [47.14, 75.88], (p=850, n=611, P=850, N=611)
2026-04-14 13:45:25,258 - INFO - *****STOP GROWING RR RULE*****
2026-04-14 13:45:25,258 - INFO - ***RR NOT FOUND***
2026-04-14 13:45:25,298 - INFO - Iteracja 4: condition_best: Max_temperature >= 37.95, quality_best: 0.663, coverage_best: (p=80, n=27, P=98, N=1363)
2026-04-14 13:45:25,298 - INFO - Regula po iteracji 4: IF Dewpoint <= 34.75 AND Min_temperature <= 37.75 AND Max_temperature <= 53.40 AND Dewpoint <= 33.60 AND Max_temperature >= 37.95 THEN class = {38.84} [36.15, 41.53], (p=80, n=27, P=98, N=1363)
2026-04-14 13:45:25,299 - INFO - *****GROWING RR RULE*****
2026-04-14 13:45:25,863 - INFO - Iteracja 0: condition_best: None, quality_best: -inf, coverage_best: (p=0, n=0, P=0, N=0), p_value: 0
2026-04-14 13:45:25,863 - INFO - Regula po iteracji 0: IF  THEN class = {61.51} [47.14, 75.88], (p=850, n=611, P=850, N=611)
2026-04-14 13:45:25,863 - INFO - *****STOP GROWING RR RULE*****
2026-04-14 13:45:25,863 - INFO - ***RR NOT FOUND***
2026-04-14 13:45:25,863 - INFO - *******STOP GROWING CR RULE*******
2026-04-14 13:45:25,871 - INFO - *******GROWING CR RULE*******
2026-04-14 13:45:26,288 - INFO - Iteracja 0: condition_best: Dewpoint <= 34.75, quality_best: 0.604, coverage_best: (p=146, n=46, P=215, N=1246)
2026-04-14 13:45:26,288 - INFO - Regula po iteracji 0: IF Dewpoint <= 34.75 THEN class = {41.56} [36.89, 46.24], (p=146, n=46, P=215, N=1246)
2026-04-14 13:45:26,288 - INFO - *****GROWING RR RULE*****
2026-04-14 13:45:26,863 - INFO - Iteracja 0: condition_best: None, quality_best: -inf, coverage_best: (p=0, n=0, P=0, N=0), p_value: 0
2026-04-14 13:45:26,863 - INFO - Regula po iteracji 0: IF  THEN class = {61.51} [47.14, 75.88], (p=850, n=611, P=850, N=611)
2026-04-14 13:45:26,863 - INFO - *****STOP GROWING RR RULE*****
2026-04-14 13:45:26,863 - INFO - ***RR NOT FOUND***
2026-04-14 13:45:26,927 - INFO - Iteracja 1: condition_best: Min_temperature <= 37.75, quality_best: 0.619, coverage_best: (p=116, n=45, P=146, N=1315)
2026-04-14 13:45:26,927 - INFO - Regula po iteracji 1: IF Dewpoint <= 34.75 AND Min_temperature <= 37.75 THEN class = {40.34} [36.76, 43.93], (p=116, n=45, P=146, N=1315)
2026-04-14 13:45:26,928 - INFO - *****GROWING RR RULE*****
2026-04-14 13:45:27,499 - INFO - Iteracja 0: condition_best: None, quality_best: -inf, coverage_best: (p=0, n=0, P=0, N=0), p_value: 0
2026-04-14 13:45:27,499 - INFO - Regula po iteracji 0: IF  THEN class = {61.51} [47.14, 75.88], (p=850, n=611, P=850, N=611)
2026-04-14 13:45:27,499 - INFO - *****STOP GROWING RR RULE*****
2026-04-14 13:45:27,499 - INFO - ***RR NOT FOUND***
2026-04-14 13:45:27,555 - INFO - Iteracja 2: condition_best: Max_temperature <= 54.30, quality_best: 0.618, coverage_best: (p=88, n=38, P=106, N=1355)
2026-04-14 13:45:27,555 - INFO - Regula po iteracji 2: IF Dewpoint <= 34.75 AND Min_temperature <= 37.75 AND Max_temperature <= 54.30 THEN class = {39.26} [36.35, 42.16], (p=88, n=38, P=106, N=1355)
2026-04-14 13:45:27,556 - INFO - *****GROWING RR RULE*****
2026-04-14 13:45:28,116 - INFO - Iteracja 0: condition_best: None, quality_best: -inf, coverage_best: (p=0, n=0, P=0, N=0), p_value: 0
2026-04-14 13:45:28,116 - INFO - Regula po iteracji 0: IF  THEN class = {61.51} [47.14, 75.88], (p=850, n=611, P=850, N=611)
2026-04-14 13:45:28,116 - INFO - *****STOP GROWING RR RULE*****
2026-04-14 13:45:28,116 - INFO - ***RR NOT FOUND***
2026-04-14 13:45:28,162 - INFO - Iteracja 3: condition_best: Min_temperature <= 35.15, quality_best: 0.673, coverage_best: (p=74, n=24, P=90, N=1371)
2026-04-14 13:45:28,162 - INFO - Regula po iteracji 3: IF Dewpoint <= 34.75 AND Min_temperature <= 37.75 AND Max_temperature <= 54.30 AND Min_temperature <= 35.15 THEN class = {38.43} [35.82, 41.05], (p=74, n=24, P=90, N=1371)
2026-04-14 13:45:28,163 - INFO - *****GROWING RR RULE*****
2026-04-14 13:45:28,731 - INFO - Iteracja 0: condition_best: None, quality_best: -inf, coverage_best: (p=0, n=0, P=0, N=0), p_value: 0
2026-04-14 13:45:28,731 - INFO - Regula po iteracji 0: IF  THEN class = {61.51} [47.14, 75.88], (p=850, n=611, P=850, N=611)
2026-04-14 13:45:28,731 - INFO - *****STOP GROWING RR RULE*****
2026-04-14 13:45:28,731 - INFO - ***RR NOT FOUND***
2026-04-14 13:45:28,771 - INFO - Iteracja 4: condition_best: Max_temperature >= 37.95, quality_best: 0.681, coverage_best: (p=74, n=23, P=90, N=1371)
2026-04-14 13:45:28,771 - INFO - Regula po iteracji 4: IF Dewpoint <= 34.75 AND Min_temperature <= 37.75 AND Max_temperature <= 54.30 AND Min_temperature <= 35.15 AND Max_temperature >= 37.95 THEN class = {38.47} [35.87, 41.08], (p=74, n=23, P=90, N=1371)
2026-04-14 13:45:28,771 - INFO - *****GROWING RR RULE*****
2026-04-14 13:45:29,329 - INFO - Iteracja 0: condition_best: None, quality_best: -inf, coverage_best: (p=0, n=0, P=0, N=0), p_value: 0
2026-04-14 13:45:29,329 - INFO - Regula po iteracji 0: IF  THEN class = {61.51} [47.14, 75.88], (p=850, n=611, P=850, N=611)
2026-04-14 13:45:29,329 - INFO - *****STOP GROWING RR RULE*****
2026-04-14 13:45:29,329 - INFO - ***RR NOT FOUND***
2026-04-14 13:45:29,329 - INFO - *******STOP GROWING CR RULE*******
2026-04-14 13:45:29,336 - INFO - *******GROWING CR RULE*******
2026-04-14 13:45:29,763 - INFO - Iteracja 0: condition_best: Dewpoint <= 34.75, quality_best: 0.604, coverage_best: (p=146, n=46, P=215, N=1246)
2026-04-14 13:45:29,763 - INFO - Regula po iteracji 0: IF Dewpoint <= 34.75 THEN class = {41.56} [36.89, 46.24], (p=146, n=46, P=215, N=1246)
2026-04-14 13:45:29,763 - INFO - *****GROWING RR RULE*****
2026-04-14 13:45:30,332 - INFO - Iteracja 0: condition_best: None, quality_best: -inf, coverage_best: (p=0, n=0, P=0, N=0), p_value: 0
2026-04-14 13:45:30,333 - INFO - Regula po iteracji 0: IF  THEN class = {61.51} [47.14, 75.88], (p=850, n=611, P=850, N=611)
2026-04-14 13:45:30,333 - INFO - *****STOP GROWING RR RULE*****
2026-04-14 13:45:30,333 - INFO - ***RR NOT FOUND***
2026-04-14 13:45:30,397 - INFO - Iteracja 1: condition_best: Min_temperature <= 37.75, quality_best: 0.619, coverage_best: (p=116, n=45, P=146, N=1315)
2026-04-14 13:45:30,397 - INFO - Regula po iteracji 1: IF Dewpoint <= 34.75 AND Min_temperature <= 37.75 THEN class = {40.34} [36.76, 43.93], (p=116, n=45, P=146, N=1315)
2026-04-14 13:45:30,398 - INFO - *****GROWING RR RULE*****
2026-04-14 13:45:30,967 - INFO - Iteracja 0: condition_best: None, quality_best: -inf, coverage_best: (p=0, n=0, P=0, N=0), p_value: 0
2026-04-14 13:45:30,968 - INFO - Regula po iteracji 0: IF  THEN class = {61.51} [47.14, 75.88], (p=850, n=611, P=850, N=611)
2026-04-14 13:45:30,968 - INFO - *****STOP GROWING RR RULE*****
2026-04-14 13:45:30,968 - INFO - ***RR NOT FOUND***
2026-04-14 13:45:31,024 - INFO - Iteracja 2: condition_best: Max_temperature <= 54.30, quality_best: 0.618, coverage_best: (p=88, n=38, P=106, N=1355)
2026-04-14 13:45:31,024 - INFO - Regula po iteracji 2: IF Dewpoint <= 34.75 AND Min_temperature <= 37.75 AND Max_temperature <= 54.30 THEN class = {39.26} [36.35, 42.16], (p=88, n=38, P=106, N=1355)
2026-04-14 13:45:31,024 - INFO - *****GROWING RR RULE*****
2026-04-14 13:45:31,585 - INFO - Iteracja 0: condition_best: None, quality_best: -inf, coverage_best: (p=0, n=0, P=0, N=0), p_value: 0
2026-04-14 13:45:31,585 - INFO - Regula po iteracji 0: IF  THEN class = {61.51} [47.14, 75.88], (p=850, n=611, P=850, N=611)
2026-04-14 13:45:31,586 - INFO - *****STOP GROWING RR RULE*****
2026-04-14 13:45:31,586 - INFO - ***RR NOT FOUND***
2026-04-14 13:45:31,631 - INFO - Iteracja 3: condition_best: Min_temperature <= 36.85, quality_best: 0.662, coverage_best: (p=86, n=29, P=105, N=1356)
2026-04-14 13:45:31,631 - INFO - Regula po iteracji 3: IF Dewpoint <= 34.75 AND Min_temperature <= 37.75 AND Max_temperature <= 54.30 AND Min_temperature <= 36.85 THEN class = {38.98} [36.12, 41.83], (p=86, n=29, P=105, N=1356)
2026-04-14 13:45:31,631 - INFO - *****GROWING RR RULE*****
2026-04-14 13:45:32,200 - INFO - Iteracja 0: condition_best: None, quality_best: -inf, coverage_best: (p=0, n=0, P=0, N=0), p_value: 0
2026-04-14 13:45:32,200 - INFO - Regula po iteracji 0: IF  THEN class = {61.51} [47.14, 75.88], (p=850, n=611, P=850, N=611)
2026-04-14 13:45:32,200 - INFO - *****STOP GROWING RR RULE*****
2026-04-14 13:45:32,200 - INFO - ***RR NOT FOUND***
2026-04-14 13:45:32,243 - INFO - Iteracja 4: condition_best: Max_temperature >= 37.95, quality_best: 0.669, coverage_best: (p=86, n=28, P=105, N=1356)
2026-04-14 13:45:32,244 - INFO - Regula po iteracji 4: IF Dewpoint <= 34.75 AND Min_temperature <= 37.75 AND Max_temperature <= 54.30 AND Min_temperature <= 36.85 AND Max_temperature >= 37.95 THEN class = {39.01} [36.17, 41.85], (p=86, n=28, P=105, N=1356)
2026-04-14 13:45:32,244 - INFO - *****GROWING RR RULE*****
2026-04-14 13:45:32,808 - INFO - Iteracja 0: condition_best: None, quality_best: -inf, coverage_best: (p=0, n=0, P=0, N=0), p_value: 0
2026-04-14 13:45:32,808 - INFO - Regula po iteracji 0: IF  THEN class = {61.51} [47.14, 75.88], (p=850, n=611, P=850, N=611)
2026-04-14 13:45:32,808 - INFO - *****STOP GROWING RR RULE*****
2026-04-14 13:45:32,808 - INFO - ***RR NOT FOUND***
2026-04-14 13:45:32,808 - INFO - *******STOP GROWING CR RULE*******
2026-04-14 13:45:32,815 - INFO - *******GROWING CR RULE*******
2026-04-14 13:45:33,233 - INFO - Iteracja 0: condition_best: Dewpoint <= 34.75, quality_best: 0.604, coverage_best: (p=146, n=46, P=215, N=1246)
2026-04-14 13:45:33,233 - INFO - Regula po iteracji 0: IF Dewpoint <= 34.75 THEN class = {41.56} [36.89, 46.24], (p=146, n=46, P=215, N=1246)
2026-04-14 13:45:33,233 - INFO - *****GROWING RR RULE*****
2026-04-14 13:45:33,811 - INFO - Iteracja 0: condition_best: None, quality_best: -inf, coverage_best: (p=0, n=0, P=0, N=0), p_value: 0
2026-04-14 13:45:33,811 - INFO - Regula po iteracji 0: IF  THEN class = {61.51} [47.14, 75.88], (p=850, n=611, P=850, N=611)
2026-04-14 13:45:33,811 - INFO - *****STOP GROWING RR RULE*****
2026-04-14 13:45:33,811 - INFO - ***RR NOT FOUND***
2026-04-14 13:45:33,875 - INFO - Iteracja 1: condition_best: Min_temperature <= 37.75, quality_best: 0.619, coverage_best: (p=116, n=45, P=146, N=1315)
2026-04-14 13:45:33,875 - INFO - Regula po iteracji 1: IF Dewpoint <= 34.75 AND Min_temperature <= 37.75 THEN class = {40.34} [36.76, 43.93], (p=116, n=45, P=146, N=1315)
2026-04-14 13:45:33,875 - INFO - *****GROWING RR RULE*****
2026-04-14 13:45:34,441 - INFO - Iteracja 0: condition_best: None, quality_best: -inf, coverage_best: (p=0, n=0, P=0, N=0), p_value: 0
2026-04-14 13:45:34,442 - INFO - Regula po iteracji 0: IF  THEN class = {61.51} [47.14, 75.88], (p=850, n=611, P=850, N=611)
2026-04-14 13:45:34,442 - INFO - *****STOP GROWING RR RULE*****
2026-04-14 13:45:34,442 - INFO - ***RR NOT FOUND***
2026-04-14 13:45:34,497 - INFO - Iteracja 2: condition_best: Max_temperature >= 37.95, quality_best: 0.617, coverage_best: (p=115, n=45, P=145, N=1316)
2026-04-14 13:45:34,497 - INFO - Regula po iteracji 2: IF Dewpoint <= 34.75 AND Min_temperature <= 37.75 AND Max_temperature >= 37.95 THEN class = {40.38} [36.81, 43.94], (p=115, n=45, P=145, N=1316)
2026-04-14 13:45:34,498 - INFO - *****GROWING RR RULE*****
2026-04-14 13:45:35,062 - INFO - Iteracja 0: condition_best: None, quality_best: -inf, coverage_best: (p=0, n=0, P=0, N=0), p_value: 0
2026-04-14 13:45:35,062 - INFO - Regula po iteracji 0: IF  THEN class = {61.51} [47.14, 75.88], (p=850, n=611, P=850, N=611)
2026-04-14 13:45:35,062 - INFO - *****STOP GROWING RR RULE*****
2026-04-14 13:45:35,062 - INFO - ***RR NOT FOUND***
2026-04-14 13:45:35,118 - INFO - Iteracja 3: condition_best: Min_temperature <= 37.50, quality_best: 0.619, coverage_best: (p=115, n=44, P=146, N=1315)
2026-04-14 13:45:35,118 - INFO - Regula po iteracji 3: IF Dewpoint <= 34.75 AND Min_temperature <= 37.75 AND Max_temperature >= 37.95 AND Min_temperature <= 37.50 THEN class = {40.38} [36.80, 43.96], (p=115, n=44, P=146, N=1315)
2026-04-14 13:45:35,118 - INFO - *****GROWING RR RULE*****
2026-04-14 13:45:35,692 - INFO - Iteracja 0: condition_best: None, quality_best: -inf, coverage_best: (p=0, n=0, P=0, N=0), p_value: 0
2026-04-14 13:45:35,692 - INFO - Regula po iteracji 0: IF  THEN class = {61.51} [47.14, 75.88], (p=850, n=611, P=850, N=611)
2026-04-14 13:45:35,692 - INFO - *****STOP GROWING RR RULE*****
2026-04-14 13:45:35,692 - INFO - ***RR NOT FOUND***
2026-04-14 13:45:35,748 - INFO - Iteracja 4: condition_best: Dewpoint <= 34.65, quality_best: 0.615, coverage_best: (p=114, n=44, P=146, N=1315)
2026-04-14 13:45:35,748 - INFO - Regula po iteracji 4: IF Dewpoint <= 34.75 AND Min_temperature <= 37.75 AND Max_temperature >= 37.95 AND Min_temperature <= 37.50 AND Dewpoint <= 34.65 THEN class = {40.37} [36.78, 43.96], (p=114, n=44, P=146, N=1315)
2026-04-14 13:45:35,748 - INFO - *****GROWING RR RULE*****
2026-04-14 13:45:36,319 - INFO - Iteracja 0: condition_best: None, quality_best: -inf, coverage_best: (p=0, n=0, P=0, N=0), p_value: 0
2026-04-14 13:45:36,319 - INFO - Regula po iteracji 0: IF  THEN class = {61.51} [47.14, 75.88], (p=850, n=611, P=850, N=611)
2026-04-14 13:45:36,319 - INFO - *****STOP GROWING RR RULE*****
2026-04-14 13:45:36,319 - INFO - ***RR NOT FOUND***
2026-04-14 13:45:36,319 - INFO - *******STOP GROWING CR RULE*******
2026-04-14 13:45:36,327 - INFO - *******GROWING CR RULE*******
2026-04-14 13:45:36,740 - INFO - Iteracja 0: condition_best: Dewpoint <= 34.75, quality_best: 0.604, coverage_best: (p=146, n=46, P=215, N=1246)
2026-04-14 13:45:36,740 - INFO - Regula po iteracji 0: IF Dewpoint <= 34.75 THEN class = {41.56} [36.89, 46.24], (p=146, n=46, P=215, N=1246)
2026-04-14 13:45:36,741 - INFO - *****GROWING RR RULE*****
2026-04-14 13:45:37,311 - INFO - Iteracja 0: condition_best: None, quality_best: -inf, coverage_best: (p=0, n=0, P=0, N=0), p_value: 0
2026-04-14 13:45:37,312 - INFO - Regula po iteracji 0: IF  THEN class = {61.51} [47.14, 75.88], (p=850, n=611, P=850, N=611)
2026-04-14 13:45:37,312 - INFO - *****STOP GROWING RR RULE*****
2026-04-14 13:45:37,312 - INFO - ***RR NOT FOUND***
2026-04-14 13:45:37,374 - INFO - Iteracja 1: condition_best: Dewpoint <= 34.65, quality_best: 0.603, coverage_best: (p=144, n=46, P=211, N=1250)
2026-04-14 13:45:37,374 - INFO - Regula po iteracji 1: IF Dewpoint <= 34.75 AND Dewpoint <= 34.65 THEN class = {41.52} [36.86, 46.18], (p=144, n=46, P=211, N=1250)
2026-04-14 13:45:37,375 - INFO - *****GROWING RR RULE*****
2026-04-14 13:45:37,950 - INFO - Iteracja 0: condition_best: None, quality_best: -inf, coverage_best: (p=0, n=0, P=0, N=0), p_value: 0
2026-04-14 13:45:37,950 - INFO - Regula po iteracji 0: IF  THEN class = {61.51} [47.14, 75.88], (p=850, n=611, P=850, N=611)
2026-04-14 13:45:37,951 - INFO - *****STOP GROWING RR RULE*****
2026-04-14 13:45:37,951 - INFO - ***RR NOT FOUND***
2026-04-14 13:45:38,013 - INFO - Iteracja 2: condition_best: Max_wind_speed <= 51.73, quality_best: 0.604, coverage_best: (p=143, n=45, P=211, N=1250)
2026-04-14 13:45:38,013 - INFO - Regula po iteracji 2: IF Dewpoint <= 34.75 AND Dewpoint <= 34.65 AND Max_wind_speed <= 51.73 THEN class = {41.53} [36.88, 46.19], (p=143, n=45, P=211, N=1250)
2026-04-14 13:45:38,014 - INFO - *****GROWING RR RULE*****
2026-04-14 13:45:38,592 - INFO - Iteracja 0: condition_best: None, quality_best: -inf, coverage_best: (p=0, n=0, P=0, N=0), p_value: 0
2026-04-14 13:45:38,592 - INFO - Regula po iteracji 0: IF  THEN class = {61.51} [47.14, 75.88], (p=850, n=611, P=850, N=611)
2026-04-14 13:45:38,592 - INFO - *****STOP GROWING RR RULE*****
2026-04-14 13:45:38,592 - INFO - ***RR NOT FOUND***
2026-04-14 13:45:38,653 - INFO - Iteracja 3: condition_best: Standard_pressure <= 9.10, quality_best: 0.603, coverage_best: (p=143, n=44, P=215, N=1246)
2026-04-14 13:45:38,653 - INFO - Regula po iteracji 3: IF Dewpoint <= 34.75 AND Dewpoint <= 34.65 AND Max_wind_speed <= 51.73 AND Standard_pressure <= 9.10 THEN class = {41.55} [36.90, 46.21], (p=143, n=44, P=215, N=1246)
2026-04-14 13:45:38,654 - INFO - *****GROWING RR RULE*****
2026-04-14 13:45:39,228 - INFO - Iteracja 0: condition_best: None, quality_best: -inf, coverage_best: (p=0, n=0, P=0, N=0), p_value: 0
2026-04-14 13:45:39,229 - INFO - Regula po iteracji 0: IF  THEN class = {61.51} [47.14, 75.88], (p=850, n=611, P=850, N=611)
2026-04-14 13:45:39,229 - INFO - *****STOP GROWING RR RULE*****
2026-04-14 13:45:39,229 - INFO - ***RR NOT FOUND***
2026-04-14 13:45:39,291 - INFO - Iteracja 4: condition_best: Max_wind_speed <= 47.18, quality_best: 0.601, coverage_best: (p=141, n=43, P=215, N=1246)
2026-04-14 13:45:39,292 - INFO - Regula po iteracji 4: IF Dewpoint <= 34.75 AND Dewpoint <= 34.65 AND Max_wind_speed <= 51.73 AND Standard_pressure <= 9.10 AND Max_wind_speed <= 47.18 THEN class = {41.55} [36.89, 46.21], (p=141, n=43, P=215, N=1246)
2026-04-14 13:45:39,292 - INFO - *****GROWING RR RULE*****
2026-04-14 13:45:39,866 - INFO - Iteracja 0: condition_best: None, quality_best: -inf, coverage_best: (p=0, n=0, P=0, N=0), p_value: 0
2026-04-14 13:45:39,866 - INFO - Regula po iteracji 0: IF  THEN class = {61.51} [47.14, 75.88], (p=850, n=611, P=850, N=611)
2026-04-14 13:45:39,866 - INFO - *****STOP GROWING RR RULE*****
2026-04-14 13:45:39,866 - INFO - ***RR NOT FOUND***
2026-04-14 13:45:39,866 - INFO - *******STOP GROWING CR RULE*******
2026-04-14 13:45:39,873 - INFO - *******GROWING CR RULE*******
2026-04-14 13:45:40,290 - INFO - Iteracja 0: condition_best: Dewpoint <= 35.25, quality_best: 0.603, coverage_best: (p=152, n=51, P=214, N=1247)
2026-04-14 13:45:40,290 - INFO - Regula po iteracji 0: IF Dewpoint <= 35.25 THEN class = {41.73} [37.10, 46.37], (p=152, n=51, P=214, N=1247)
2026-04-14 13:45:40,290 - INFO - *****GROWING RR RULE*****
2026-04-14 13:45:40,867 - INFO - Iteracja 0: condition_best: None, quality_best: -inf, coverage_best: (p=0, n=0, P=0, N=0), p_value: 0
2026-04-14 13:45:40,868 - INFO - Regula po iteracji 0: IF  THEN class = {61.51} [47.14, 75.88], (p=850, n=611, P=850, N=611)
2026-04-14 13:45:40,868 - INFO - *****STOP GROWING RR RULE*****
2026-04-14 13:45:40,868 - INFO - ***RR NOT FOUND***
2026-04-14 13:45:40,932 - INFO - Iteracja 1: condition_best: Max_wind_speed <= 47.18, quality_best: 0.609, coverage_best: (p=150, n=48, P=214, N=1247)
2026-04-14 13:45:40,932 - INFO - Regula po iteracji 1: IF Dewpoint <= 35.25 AND Max_wind_speed <= 47.18 THEN class = {41.75} [37.13, 46.37], (p=150, n=48, P=214, N=1247)
2026-04-14 13:45:40,933 - INFO - *****GROWING RR RULE*****
2026-04-14 13:45:41,507 - INFO - Iteracja 0: condition_best: None, quality_best: -inf, coverage_best: (p=0, n=0, P=0, N=0), p_value: 0
2026-04-14 13:45:41,507 - INFO - Regula po iteracji 0: IF  THEN class = {61.51} [47.14, 75.88], (p=850, n=611, P=850, N=611)
2026-04-14 13:45:41,508 - INFO - *****STOP GROWING RR RULE*****
2026-04-14 13:45:41,508 - INFO - ***RR NOT FOUND***
2026-04-14 13:45:41,571 - INFO - Iteracja 2: condition_best: Dewpoint <= 35.15, quality_best: 0.606, coverage_best: (p=149, n=48, P=214, N=1247)
2026-04-14 13:45:41,571 - INFO - Regula po iteracji 2: IF Dewpoint <= 35.25 AND Max_wind_speed <= 47.18 AND Dewpoint <= 35.15 THEN class = {41.75} [37.11, 46.38], (p=149, n=48, P=214, N=1247)
2026-04-14 13:45:41,571 - INFO - *****GROWING RR RULE*****
2026-04-14 13:45:42,143 - INFO - Iteracja 0: condition_best: None, quality_best: -inf, coverage_best: (p=0, n=0, P=0, N=0), p_value: 0
2026-04-14 13:45:42,144 - INFO - Regula po iteracji 0: IF  THEN class = {61.51} [47.14, 75.88], (p=850, n=611, P=850, N=611)
2026-04-14 13:45:42,144 - INFO - *****STOP GROWING RR RULE*****
2026-04-14 13:45:42,144 - INFO - ***RR NOT FOUND***
2026-04-14 13:45:42,207 - INFO - Iteracja 3: condition_best: Visibility <= 25.90, quality_best: 0.603, coverage_best: (p=148, n=48, P=214, N=1247)
2026-04-14 13:45:42,207 - INFO - Regula po iteracji 3: IF Dewpoint <= 35.25 AND Max_wind_speed <= 47.18 AND Dewpoint <= 35.15 AND Visibility <= 25.90 THEN class = {41.73} [37.09, 46.38], (p=148, n=48, P=214, N=1247)
2026-04-14 13:45:42,207 - INFO - *****GROWING RR RULE*****
2026-04-14 13:45:42,780 - INFO - Iteracja 0: condition_best: None, quality_best: -inf, coverage_best: (p=0, n=0, P=0, N=0), p_value: 0
2026-04-14 13:45:42,780 - INFO - Regula po iteracji 0: IF  THEN class = {61.51} [47.14, 75.88], (p=850, n=611, P=850, N=611)
2026-04-14 13:45:42,780 - INFO - *****STOP GROWING RR RULE*****
2026-04-14 13:45:42,780 - INFO - ***RR NOT FOUND***
2026-04-14 13:45:42,843 - INFO - Iteracja 4: condition_best: Min_temperature <= 37.10, quality_best: 0.603, coverage_best: (p=111, n=44, P=146, N=1315)
2026-04-14 13:45:42,843 - INFO - Regula po iteracji 4: IF Dewpoint <= 35.25 AND Max_wind_speed <= 47.18 AND Dewpoint <= 35.15 AND Visibility <= 25.90 AND Min_temperature <= 37.10 THEN class = {40.38} [36.78, 43.98], (p=111, n=44, P=146, N=1315)
2026-04-14 13:45:42,844 - INFO - *****GROWING RR RULE*****
2026-04-14 13:45:43,413 - INFO - Iteracja 0: condition_best: None, quality_best: -inf, coverage_best: (p=0, n=0, P=0, N=0), p_value: 0
2026-04-14 13:45:43,413 - INFO - Regula po iteracji 0: IF  THEN class = {61.51} [47.14, 75.88], (p=850, n=611, P=850, N=611)
2026-04-14 13:45:43,413 - INFO - *****STOP GROWING RR RULE*****
2026-04-14 13:45:43,413 - INFO - ***RR NOT FOUND***
2026-04-14 13:45:43,414 - INFO - *******STOP GROWING CR RULE*******
2026-04-14 13:45:43,421 - INFO - *******GROWING CR RULE*******
2026-04-14 13:45:43,831 - INFO - Iteracja 0: condition_best: Dewpoint <= 35.25, quality_best: 0.603, coverage_best: (p=152, n=51, P=214, N=1247)
2026-04-14 13:45:43,831 - INFO - Regula po iteracji 0: IF Dewpoint <= 35.25 THEN class = {41.73} [37.10, 46.37], (p=152, n=51, P=214, N=1247)
2026-04-14 13:45:43,831 - INFO - *****GROWING RR RULE*****
2026-04-14 13:45:44,408 - INFO - Iteracja 0: condition_best: None, quality_best: -inf, coverage_best: (p=0, n=0, P=0, N=0), p_value: 0
2026-04-14 13:45:44,408 - INFO - Regula po iteracji 0: IF  THEN class = {61.51} [47.14, 75.88], (p=850, n=611, P=850, N=611)
2026-04-14 13:45:44,408 - INFO - *****STOP GROWING RR RULE*****
2026-04-14 13:45:44,408 - INFO - ***RR NOT FOUND***
2026-04-14 13:45:44,473 - INFO - Iteracja 1: condition_best: Max_wind_speed <= 47.18, quality_best: 0.609, coverage_best: (p=150, n=48, P=214, N=1247)
2026-04-14 13:45:44,473 - INFO - Regula po iteracji 1: IF Dewpoint <= 35.25 AND Max_wind_speed <= 47.18 THEN class = {41.75} [37.13, 46.37], (p=150, n=48, P=214, N=1247)
2026-04-14 13:45:44,473 - INFO - *****GROWING RR RULE*****
2026-04-14 13:45:45,046 - INFO - Iteracja 0: condition_best: None, quality_best: -inf, coverage_best: (p=0, n=0, P=0, N=0), p_value: 0
2026-04-14 13:45:45,047 - INFO - Regula po iteracji 0: IF  THEN class = {61.51} [47.14, 75.88], (p=850, n=611, P=850, N=611)
2026-04-14 13:45:45,047 - INFO - *****STOP GROWING RR RULE*****
2026-04-14 13:45:45,047 - INFO - ***RR NOT FOUND***
2026-04-14 13:45:45,110 - INFO - Iteracja 2: condition_best: Dewpoint <= 35.15, quality_best: 0.606, coverage_best: (p=149, n=48, P=214, N=1247)
2026-04-14 13:45:45,110 - INFO - Regula po iteracji 2: IF Dewpoint <= 35.25 AND Max_wind_speed <= 47.18 AND Dewpoint <= 35.15 THEN class = {41.75} [37.11, 46.38], (p=149, n=48, P=214, N=1247)
2026-04-14 13:45:45,110 - INFO - *****GROWING RR RULE*****
2026-04-14 13:45:45,684 - INFO - Iteracja 0: condition_best: None, quality_best: -inf, coverage_best: (p=0, n=0, P=0, N=0), p_value: 0
2026-04-14 13:45:45,684 - INFO - Regula po iteracji 0: IF  THEN class = {61.51} [47.14, 75.88], (p=850, n=611, P=850, N=611)
2026-04-14 13:45:45,684 - INFO - *****STOP GROWING RR RULE*****
2026-04-14 13:45:45,684 - INFO - ***RR NOT FOUND***
2026-04-14 13:45:45,747 - INFO - Iteracja 3: condition_best: Visibility <= 25.90, quality_best: 0.603, coverage_best: (p=148, n=48, P=214, N=1247)
2026-04-14 13:45:45,747 - INFO - Regula po iteracji 3: IF Dewpoint <= 35.25 AND Max_wind_speed <= 47.18 AND Dewpoint <= 35.15 AND Visibility <= 25.90 THEN class = {41.73} [37.09, 46.38], (p=148, n=48, P=214, N=1247)
2026-04-14 13:45:45,747 - INFO - *****GROWING RR RULE*****
2026-04-14 13:45:46,322 - INFO - Iteracja 0: condition_best: None, quality_best: -inf, coverage_best: (p=0, n=0, P=0, N=0), p_value: 0
2026-04-14 13:45:46,322 - INFO - Regula po iteracji 0: IF  THEN class = {61.51} [47.14, 75.88], (p=850, n=611, P=850, N=611)
2026-04-14 13:45:46,322 - INFO - *****STOP GROWING RR RULE*****
2026-04-14 13:45:46,323 - INFO - ***RR NOT FOUND***
2026-04-14 13:45:46,385 - INFO - Iteracja 4: condition_best: Visibility <= 25.35, quality_best: 0.6, coverage_best: (p=147, n=48, P=214, N=1247)
2026-04-14 13:45:46,385 - INFO - Regula po iteracji 4: IF Dewpoint <= 35.25 AND Max_wind_speed <= 47.18 AND Dewpoint <= 35.15 AND Visibility <= 25.90 AND Visibility <= 25.35 THEN class = {41.74} [37.09, 46.40], (p=147, n=48, P=214, N=1247)
2026-04-14 13:45:46,385 - INFO - *****GROWING RR RULE*****
2026-04-14 13:45:46,966 - INFO - Iteracja 0: condition_best: None, quality_best: -inf, coverage_best: (p=0, n=0, P=0, N=0), p_value: 0
2026-04-14 13:45:46,966 - INFO - Regula po iteracji 0: IF  THEN class = {61.51} [47.14, 75.88], (p=850, n=611, P=850, N=611)
2026-04-14 13:45:46,966 - INFO - *****STOP GROWING RR RULE*****
2026-04-14 13:45:46,966 - INFO - ***RR NOT FOUND***
2026-04-14 13:45:46,966 - INFO - *******STOP GROWING CR RULE*******
2026-04-14 13:45:46,973 - INFO - *******GROWING CR RULE*******
2026-04-14 13:45:47,386 - INFO - Iteracja 0: condition_best: Dewpoint <= 35.35, quality_best: 0.599, coverage_best: (p=153, n=52, P=217, N=1244)
2026-04-14 13:45:47,387 - INFO - Regula po iteracji 0: IF Dewpoint <= 35.35 THEN class = {41.78} [37.13, 46.43], (p=153, n=52, P=217, N=1244)
2026-04-14 13:45:47,387 - INFO - *****GROWING RR RULE*****
2026-04-14 13:45:47,968 - INFO - Iteracja 0: condition_best: None, quality_best: -inf, coverage_best: (p=0, n=0, P=0, N=0), p_value: 0
2026-04-14 13:45:47,969 - INFO - Regula po iteracji 0: IF  THEN class = {61.51} [47.14, 75.88], (p=850, n=611, P=850, N=611)
2026-04-14 13:45:47,969 - INFO - *****STOP GROWING RR RULE*****
2026-04-14 13:45:47,969 - INFO - ***RR NOT FOUND***
2026-04-14 13:45:48,032 - INFO - Iteracja 1: condition_best: Max_temperature >= 37.95, quality_best: 0.602, coverage_best: (p=153, n=51, P=217, N=1244)
2026-04-14 13:45:48,032 - INFO - Regula po iteracji 1: IF Dewpoint <= 35.35 AND Max_temperature >= 37.95 THEN class = {41.82} [37.18, 46.45], (p=153, n=51, P=217, N=1244)
2026-04-14 13:45:48,033 - INFO - *****GROWING RR RULE*****
2026-04-14 13:45:48,609 - INFO - Iteracja 0: condition_best: None, quality_best: -inf, coverage_best: (p=0, n=0, P=0, N=0), p_value: 0
2026-04-14 13:45:48,609 - INFO - Regula po iteracji 0: IF  THEN class = {61.51} [47.14, 75.88], (p=850, n=611, P=850, N=611)
2026-04-14 13:45:48,609 - INFO - *****STOP GROWING RR RULE*****
2026-04-14 13:45:48,609 - INFO - ***RR NOT FOUND***
2026-04-14 13:45:48,674 - INFO - Iteracja 2: condition_best: Max_wind_speed >= 32.10, quality_best: 0.605, coverage_best: (p=147, n=49, P=208, N=1253)
2026-04-14 13:45:48,674 - INFO - Regula po iteracji 2: IF Dewpoint <= 35.35 AND Max_temperature >= 37.95 AND Max_wind_speed >= 32.10 THEN class = {41.65} [37.12, 46.18], (p=147, n=49, P=208, N=1253)
2026-04-14 13:45:48,674 - INFO - *****GROWING RR RULE*****
2026-04-14 13:45:49,246 - INFO - Iteracja 0: condition_best: None, quality_best: -inf, coverage_best: (p=0, n=0, P=0, N=0), p_value: 0
2026-04-14 13:45:49,246 - INFO - Regula po iteracji 0: IF  THEN class = {61.51} [47.14, 75.88], (p=850, n=611, P=850, N=611)
2026-04-14 13:45:49,246 - INFO - *****STOP GROWING RR RULE*****
2026-04-14 13:45:49,246 - INFO - ***RR NOT FOUND***
2026-04-14 13:45:49,309 - INFO - Iteracja 3: condition_best: Sea_level_pressure >= 29.73, quality_best: 0.61, coverage_best: (p=148, n=47, P=212, N=1249)
2026-04-14 13:45:49,309 - INFO - Regula po iteracji 3: IF Dewpoint <= 35.35 AND Max_temperature >= 37.95 AND Max_wind_speed >= 32.10 AND Sea_level_pressure >= 29.73 THEN class = {41.67} [37.14, 46.21], (p=148, n=47, P=212, N=1249)
2026-04-14 13:45:49,309 - INFO - *****GROWING RR RULE*****
2026-04-14 13:45:49,883 - INFO - Iteracja 0: condition_best: None, quality_best: -inf, coverage_best: (p=0, n=0, P=0, N=0), p_value: 0
2026-04-14 13:45:49,884 - INFO - Regula po iteracji 0: IF  THEN class = {61.51} [47.14, 75.88], (p=850, n=611, P=850, N=611)
2026-04-14 13:45:49,884 - INFO - *****STOP GROWING RR RULE*****
2026-04-14 13:45:49,884 - INFO - ***RR NOT FOUND***
2026-04-14 13:45:49,947 - INFO - Iteracja 4: condition_best: Standard_pressure <= 9.10, quality_best: 0.607, coverage_best: (p=147, n=47, P=212, N=1249)
2026-04-14 13:45:49,947 - INFO - Regula po iteracji 4: IF Dewpoint <= 35.35 AND Max_temperature >= 37.95 AND Max_wind_speed >= 32.10 AND Sea_level_pressure >= 29.73 AND Standard_pressure <= 9.10 THEN class = {41.70} [37.16, 46.23], (p=147, n=47, P=212, N=1249)
2026-04-14 13:45:49,947 - INFO - *****GROWING RR RULE*****
2026-04-14 13:45:50,523 - INFO - Iteracja 0: condition_best: None, quality_best: -inf, coverage_best: (p=0, n=0, P=0, N=0), p_value: 0
2026-04-14 13:45:50,523 - INFO - Regula po iteracji 0: IF  THEN class = {61.51} [47.14, 75.88], (p=850, n=611, P=850, N=611)
2026-04-14 13:45:50,523 - INFO - *****STOP GROWING RR RULE*****
2026-04-14 13:45:50,523 - INFO - ***RR NOT FOUND***
2026-04-14 13:45:50,523 - INFO - *******STOP GROWING CR RULE*******
2026-04-14 13:45:50,530 - INFO - *******GROWING CR RULE*******
2026-04-14 13:45:50,945 - INFO - Iteracja 0: condition_best: Min_temperature >= 58.00, quality_best: 0.592, coverage_best: (p=337, n=146, P=349, N=1112)
2026-04-14 13:45:50,945 - INFO - Regula po iteracji 0: IF Min_temperature >= 58.00 THEN class = {78.24} [73.26, 83.21], (p=337, n=146, P=349, N=1112)
2026-04-14 13:45:50,945 - INFO - *****GROWING RR RULE*****
2026-04-14 13:45:51,533 - INFO - Iteracja 0: condition_best: None, quality_best: -inf, coverage_best: (p=0, n=0, P=0, N=0), p_value: 0
2026-04-14 13:45:51,533 - INFO - Regula po iteracji 0: IF  THEN class = {61.51} [47.14, 75.88], (p=850, n=611, P=850, N=611)
2026-04-14 13:45:51,534 - INFO - *****STOP GROWING RR RULE*****
2026-04-14 13:45:51,534 - INFO - ***RR NOT FOUND***
2026-04-14 13:45:51,648 - INFO - Iteracja 1: condition_best: Sea_level_pressure <= 30.06, quality_best: 0.6, coverage_best: (p=333, n=142, P=343, N=1118)
2026-04-14 13:45:51,648 - INFO - Regula po iteracji 1: IF Min_temperature >= 58.00 AND Sea_level_pressure <= 30.06 THEN class = {78.40} [73.55, 83.25], (p=333, n=142, P=343, N=1118)
2026-04-14 13:45:51,649 - INFO - *****GROWING RR RULE*****
2026-04-14 13:45:52,238 - INFO - Iteracja 0: condition_best: None, quality_best: -inf, coverage_best: (p=0, n=0, P=0, N=0), p_value: 0
2026-04-14 13:45:52,238 - INFO - Regula po iteracji 0: IF  THEN class = {61.51} [47.14, 75.88], (p=850, n=611, P=850, N=611)
2026-04-14 13:45:52,238 - INFO - *****STOP GROWING RR RULE*****
2026-04-14 13:45:52,238 - INFO - ***RR NOT FOUND***
2026-04-14 13:45:52,350 - INFO - Iteracja 2: condition_best: Wind_speed <= 48.80, quality_best: 0.606, coverage_best: (p=333, n=139, P=343, N=1118)
2026-04-14 13:45:52,350 - INFO - Regula po iteracji 2: IF Min_temperature >= 58.00 AND Sea_level_pressure <= 30.06 AND Wind_speed <= 48.80 THEN class = {78.39} [73.55, 83.23], (p=333, n=139, P=343, N=1118)
2026-04-14 13:45:52,350 - INFO - *****GROWING RR RULE*****
2026-04-14 13:45:52,936 - INFO - Iteracja 0: condition_best: None, quality_best: -inf, coverage_best: (p=0, n=0, P=0, N=0), p_value: 0
2026-04-14 13:45:52,936 - INFO - Regula po iteracji 0: IF  THEN class = {61.51} [47.14, 75.88], (p=850, n=611, P=850, N=611)
2026-04-14 13:45:52,936 - INFO - *****STOP GROWING RR RULE*****
2026-04-14 13:45:52,936 - INFO - ***RR NOT FOUND***
2026-04-14 13:45:53,047 - INFO - Iteracja 3: condition_best: Dewpoint >= 38.45, quality_best: 0.61, coverage_best: (p=333, n=137, P=343, N=1118)
2026-04-14 13:45:53,047 - INFO - Regula po iteracji 3: IF Min_temperature >= 58.00 AND Sea_level_pressure <= 30.06 AND Wind_speed <= 48.80 AND Dewpoint >= 38.45 THEN class = {78.42} [73.59, 83.25], (p=333, n=137, P=343, N=1118)
2026-04-14 13:45:53,047 - INFO - *****GROWING RR RULE*****
2026-04-14 13:45:53,635 - INFO - Iteracja 0: condition_best: None, quality_best: -inf, coverage_best: (p=0, n=0, P=0, N=0), p_value: 0
2026-04-14 13:45:53,635 - INFO - Regula po iteracji 0: IF  THEN class = {61.51} [47.14, 75.88], (p=850, n=611, P=850, N=611)
2026-04-14 13:45:53,635 - INFO - *****STOP GROWING RR RULE*****
2026-04-14 13:45:53,635 - INFO - ***RR NOT FOUND***
2026-04-14 13:45:53,746 - INFO - Iteracja 4: condition_best: Max_temperature <= 104.50, quality_best: 0.614, coverage_best: (p=333, n=135, P=343, N=1118)
2026-04-14 13:45:53,746 - INFO - Regula po iteracji 4: IF Min_temperature >= 58.00 AND Sea_level_pressure <= 30.06 AND Wind_speed <= 48.80 AND Dewpoint >= 38.45 AND Max_temperature <= 104.50 THEN class = {78.39} [73.57, 83.20], (p=333, n=135, P=343, N=1118)
2026-04-14 13:45:53,747 - INFO - *****GROWING RR RULE*****
2026-04-14 13:45:54,332 - INFO - Iteracja 0: condition_best: None, quality_best: -inf, coverage_best: (p=0, n=0, P=0, N=0), p_value: 0
2026-04-14 13:45:54,332 - INFO - Regula po iteracji 0: IF  THEN class = {61.51} [47.14, 75.88], (p=850, n=611, P=850, N=611)
2026-04-14 13:45:54,332 - INFO - *****STOP GROWING RR RULE*****
2026-04-14 13:45:54,333 - INFO - ***RR NOT FOUND***
2026-04-14 13:45:54,333 - INFO - *******STOP GROWING CR RULE*******
2026-04-14 13:45:54,339 - INFO - *******GROWING CR RULE*******
2026-04-14 13:45:54,736 - INFO - Iteracja 0: condition_best: Min_temperature >= 58.00, quality_best: 0.592, coverage_best: (p=337, n=146, P=349, N=1112)
2026-04-14 13:45:54,736 - INFO - Regula po iteracji 0: IF Min_temperature >= 58.00 THEN class = {78.24} [73.26, 83.21], (p=337, n=146, P=349, N=1112)
2026-04-14 13:45:54,737 - INFO - *****GROWING RR RULE*****
2026-04-14 13:45:55,326 - INFO - Iteracja 0: condition_best: None, quality_best: -inf, coverage_best: (p=0, n=0, P=0, N=0), p_value: 0
2026-04-14 13:45:55,326 - INFO - Regula po iteracji 0: IF  THEN class = {61.51} [47.14, 75.88], (p=850, n=611, P=850, N=611)
2026-04-14 13:45:55,326 - INFO - *****STOP GROWING RR RULE*****
2026-04-14 13:45:55,326 - INFO - ***RR NOT FOUND***
2026-04-14 13:45:55,427 - INFO - Iteracja 1: condition_best: Dewpoint >= 43.45, quality_best: 0.6, coverage_best: (p=325, n=132, P=348, N=1113)
2026-04-14 13:45:55,427 - INFO - Regula po iteracji 1: IF Min_temperature >= 58.00 AND Dewpoint >= 43.45 THEN class = {78.29} [73.38, 83.20], (p=325, n=132, P=348, N=1113)
2026-04-14 13:45:55,428 - INFO - *****GROWING RR RULE*****
2026-04-14 13:45:56,018 - INFO - Iteracja 0: condition_best: None, quality_best: -inf, coverage_best: (p=0, n=0, P=0, N=0), p_value: 0
2026-04-14 13:45:56,019 - INFO - Regula po iteracji 0: IF  THEN class = {61.51} [47.14, 75.88], (p=850, n=611, P=850, N=611)
2026-04-14 13:45:56,019 - INFO - *****STOP GROWING RR RULE*****
2026-04-14 13:45:56,019 - INFO - ***RR NOT FOUND***
2026-04-14 13:45:56,117 - INFO - Iteracja 2: condition_best: Wind_speed <= 34.95, quality_best: 0.601, coverage_best: (p=323, n=130, P=348, N=1113)
2026-04-14 13:45:56,117 - INFO - Regula po iteracji 2: IF Min_temperature >= 58.00 AND Dewpoint >= 43.45 AND Wind_speed <= 34.95 THEN class = {78.30} [73.40, 83.21], (p=323, n=130, P=348, N=1113)
2026-04-14 13:45:56,117 - INFO - *****GROWING RR RULE*****
2026-04-14 13:45:56,707 - INFO - Iteracja 0: condition_best: None, quality_best: -inf, coverage_best: (p=0, n=0, P=0, N=0), p_value: 0
2026-04-14 13:45:56,707 - INFO - Regula po iteracji 0: IF  THEN class = {61.51} [47.14, 75.88], (p=850, n=611, P=850, N=611)
2026-04-14 13:45:56,707 - INFO - *****STOP GROWING RR RULE*****
2026-04-14 13:45:56,707 - INFO - ***RR NOT FOUND***
2026-04-14 13:45:56,804 - INFO - Iteracja 3: condition_best: Max_wind_speed >= 26.41, quality_best: 0.6, coverage_best: (p=320, n=128, P=348, N=1113)
2026-04-14 13:45:56,804 - INFO - Regula po iteracji 3: IF Min_temperature >= 58.00 AND Dewpoint >= 43.45 AND Wind_speed <= 34.95 AND Max_wind_speed >= 26.41 THEN class = {78.30} [73.39, 83.21], (p=320, n=128, P=348, N=1113)
2026-04-14 13:45:56,804 - INFO - *****GROWING RR RULE*****
2026-04-14 13:45:57,395 - INFO - Iteracja 0: condition_best: None, quality_best: -inf, coverage_best: (p=0, n=0, P=0, N=0), p_value: 0
2026-04-14 13:45:57,395 - INFO - Regula po iteracji 0: IF  THEN class = {61.51} [47.14, 75.88], (p=850, n=611, P=850, N=611)
2026-04-14 13:45:57,396 - INFO - *****STOP GROWING RR RULE*****
2026-04-14 13:45:57,396 - INFO - ***RR NOT FOUND***
2026-04-14 13:45:57,492 - INFO - Iteracja 4: condition_best: Dewpoint <= 64.35, quality_best: 0.598, coverage_best: (p=319, n=128, P=348, N=1113)
2026-04-14 13:45:57,492 - INFO - Regula po iteracji 4: IF Min_temperature >= 58.00 AND Dewpoint >= 43.45 AND Wind_speed <= 34.95 AND Max_wind_speed >= 26.41 AND Dewpoint <= 64.35 THEN class = {78.30} [73.38, 83.21], (p=319, n=128, P=348, N=1113)
2026-04-14 13:45:57,493 - INFO - *****GROWING RR RULE*****
2026-04-14 13:45:58,098 - INFO - Iteracja 0: condition_best: None, quality_best: -inf, coverage_best: (p=0, n=0, P=0, N=0), p_value: 0
2026-04-14 13:45:58,098 - INFO - Regula po iteracji 0: IF  THEN class = {61.51} [47.14, 75.88], (p=850, n=611, P=850, N=611)
2026-04-14 13:45:58,098 - INFO - *****STOP GROWING RR RULE*****
2026-04-14 13:45:58,098 - INFO - ***RR NOT FOUND***
2026-04-14 13:45:58,098 - INFO - *******STOP GROWING CR RULE*******
2026-04-14 13:45:58,104 - INFO - *******GROWING CR RULE*******
2026-04-14 13:45:58,505 - INFO - Iteracja 0: condition_best: Max_temperature >= 84.80, quality_best: 0.585, coverage_best: (p=302, n=144, P=308, N=1153)
2026-04-14 13:45:58,505 - INFO - Regula po iteracji 0: IF Max_temperature >= 84.80 THEN class = {79.03} [74.80, 83.26], (p=302, n=144, P=308, N=1153)
2026-04-14 13:45:58,505 - INFO - *****GROWING RR RULE*****
2026-04-14 13:45:59,098 - INFO - Iteracja 0: condition_best: None, quality_best: -inf, coverage_best: (p=0, n=0, P=0, N=0), p_value: 0
2026-04-14 13:45:59,099 - INFO - Regula po iteracji 0: IF  THEN class = {61.51} [47.14, 75.88], (p=850, n=611, P=850, N=611)
2026-04-14 13:45:59,099 - INFO - *****STOP GROWING RR RULE*****
2026-04-14 13:45:59,099 - INFO - ***RR NOT FOUND***
2026-04-14 13:45:59,195 - INFO - Iteracja 1: condition_best: Min_temperature <= 71.15, quality_best: 0.59, coverage_best: (p=245, n=110, P=271, N=1190)
2026-04-14 13:45:59,195 - INFO - Regula po iteracji 1: IF Max_temperature >= 84.80 AND Min_temperature <= 71.15 THEN class = {77.85} [74.03, 81.67], (p=245, n=110, P=271, N=1190)
2026-04-14 13:45:59,195 - INFO - *****GROWING RR RULE*****
2026-04-14 13:45:59,778 - INFO - Iteracja 0: condition_best: None, quality_best: -inf, coverage_best: (p=0, n=0, P=0, N=0), p_value: 0
2026-04-14 13:45:59,778 - INFO - Regula po iteracji 0: IF  THEN class = {61.51} [47.14, 75.88], (p=850, n=611, P=850, N=611)
2026-04-14 13:45:59,779 - INFO - *****STOP GROWING RR RULE*****
2026-04-14 13:45:59,779 - INFO - ***RR NOT FOUND***
2026-04-14 13:45:59,859 - INFO - Iteracja 2: condition_best: Max_temperature <= 98.80, quality_best: 0.607, coverage_best: (p=236, n=103, P=256, N=1205)
2026-04-14 13:45:59,859 - INFO - Regula po iteracji 2: IF Max_temperature >= 84.80 AND Min_temperature <= 71.15 AND Max_temperature <= 98.80 THEN class = {77.54} [73.96, 81.11], (p=236, n=103, P=256, N=1205)
2026-04-14 13:45:59,859 - INFO - *****GROWING RR RULE*****
2026-04-14 13:46:00,452 - INFO - Iteracja 0: condition_best: None, quality_best: -inf, coverage_best: (p=0, n=0, P=0, N=0), p_value: 0
2026-04-14 13:46:00,452 - INFO - Regula po iteracji 0: IF  THEN class = {61.51} [47.14, 75.88], (p=850, n=611, P=850, N=611)
2026-04-14 13:46:00,453 - INFO - *****STOP GROWING RR RULE*****
2026-04-14 13:46:00,453 - INFO - ***RR NOT FOUND***
2026-04-14 13:46:00,531 - INFO - Iteracja 3: condition_best: Wind_speed >= 12.55, quality_best: 0.632, coverage_best: (p=235, n=93, P=254, N=1207)
2026-04-14 13:46:00,531 - INFO - Regula po iteracji 3: IF Max_temperature >= 84.80 AND Min_temperature <= 71.15 AND Max_temperature <= 98.80 AND Wind_speed >= 12.55 THEN class = {77.70} [74.20, 81.20], (p=235, n=93, P=254, N=1207)
2026-04-14 13:46:00,531 - INFO - *****GROWING RR RULE*****
2026-04-14 13:46:01,120 - INFO - Iteracja 0: condition_best: None, quality_best: -inf, coverage_best: (p=0, n=0, P=0, N=0), p_value: 0
2026-04-14 13:46:01,121 - INFO - Regula po iteracji 0: IF  THEN class = {61.51} [47.14, 75.88], (p=850, n=611, P=850, N=611)
2026-04-14 13:46:01,121 - INFO - *****STOP GROWING RR RULE*****
2026-04-14 13:46:01,121 - INFO - ***RR NOT FOUND***
2026-04-14 13:46:01,195 - INFO - Iteracja 4: condition_best: Max_temperature <= 98.35, quality_best: 0.631, coverage_best: (p=233, n=93, P=252, N=1209)
2026-04-14 13:46:01,195 - INFO - Regula po iteracji 4: IF Max_temperature >= 84.80 AND Min_temperature <= 71.15 AND Max_temperature <= 98.80 AND Wind_speed >= 12.55 AND Max_temperature <= 98.35 THEN class = {77.66} [74.19, 81.13], (p=233, n=93, P=252, N=1209)
2026-04-14 13:46:01,195 - INFO - *****GROWING RR RULE*****
2026-04-14 13:46:01,773 - INFO - Iteracja 0: condition_best: None, quality_best: -inf, coverage_best: (p=0, n=0, P=0, N=0), p_value: 0
2026-04-14 13:46:01,773 - INFO - Regula po iteracji 0: IF  THEN class = {61.51} [47.14, 75.88], (p=850, n=611, P=850, N=611)
2026-04-14 13:46:01,773 - INFO - *****STOP GROWING RR RULE*****
2026-04-14 13:46:01,773 - INFO - ***RR NOT FOUND***
2026-04-14 13:46:01,773 - INFO - *******STOP GROWING CR RULE*******
2026-04-14 13:46:01,779 - INFO - *******GROWING CR RULE*******
2026-04-14 13:46:02,978 - INFO - Iteracja 0: condition_best: Max_temperature >= 84.80, quality_best: 0.585, coverage_best: (p=302, n=144, P=308, N=1153)
2026-04-14 13:46:02,978 - INFO - Regula po iteracji 0: IF Max_temperature >= 84.80 THEN class = {79.03} [74.80, 83.26], (p=302, n=144, P=308, N=1153)
2026-04-14 13:46:02,978 - INFO - *****GROWING RR RULE*****
2026-04-14 13:46:03,572 - INFO - Iteracja 0: condition_best: None, quality_best: -inf, coverage_best: (p=0, n=0, P=0, N=0), p_value: 0
2026-04-14 13:46:03,572 - INFO - Regula po iteracji 0: IF  THEN class = {61.51} [47.14, 75.88], (p=850, n=611, P=850, N=611)
2026-04-14 13:46:03,572 - INFO - *****STOP GROWING RR RULE*****
2026-04-14 13:46:03,572 - INFO - ***RR NOT FOUND***
2026-04-14 13:46:03,667 - INFO - Iteracja 1: condition_best: Min_temperature <= 71.15, quality_best: 0.59, coverage_best: (p=245, n=110, P=271, N=1190)
2026-04-14 13:46:03,667 - INFO - Regula po iteracji 1: IF Max_temperature >= 84.80 AND Min_temperature <= 71.15 THEN class = {77.85} [74.03, 81.67], (p=245, n=110, P=271, N=1190)
2026-04-14 13:46:03,668 - INFO - *****GROWING RR RULE*****
2026-04-14 13:46:04,261 - INFO - Iteracja 0: condition_best: None, quality_best: -inf, coverage_best: (p=0, n=0, P=0, N=0), p_value: 0
2026-04-14 13:46:04,261 - INFO - Regula po iteracji 0: IF  THEN class = {61.51} [47.14, 75.88], (p=850, n=611, P=850, N=611)
2026-04-14 13:46:04,261 - INFO - *****STOP GROWING RR RULE*****
2026-04-14 13:46:04,261 - INFO - ***RR NOT FOUND***
2026-04-14 13:46:04,340 - INFO - Iteracja 2: condition_best: Max_temperature <= 98.80, quality_best: 0.607, coverage_best: (p=236, n=103, P=256, N=1205)
2026-04-14 13:46:04,340 - INFO - Regula po iteracji 2: IF Max_temperature >= 84.80 AND Min_temperature <= 71.15 AND Max_temperature <= 98.80 THEN class = {77.54} [73.96, 81.11], (p=236, n=103, P=256, N=1205)
2026-04-14 13:46:04,340 - INFO - *****GROWING RR RULE*****
2026-04-14 13:46:04,927 - INFO - Iteracja 0: condition_best: None, quality_best: -inf, coverage_best: (p=0, n=0, P=0, N=0), p_value: 0
2026-04-14 13:46:04,928 - INFO - Regula po iteracji 0: IF  THEN class = {61.51} [47.14, 75.88], (p=850, n=611, P=850, N=611)
2026-04-14 13:46:04,928 - INFO - *****STOP GROWING RR RULE*****
2026-04-14 13:46:04,928 - INFO - ***RR NOT FOUND***
2026-04-14 13:46:05,002 - INFO - Iteracja 3: condition_best: Min_temperature >= 55.85, quality_best: 0.619, coverage_best: (p=225, n=96, P=242, N=1219)
2026-04-14 13:46:05,002 - INFO - Regula po iteracji 3: IF Max_temperature >= 84.80 AND Min_temperature <= 71.15 AND Max_temperature <= 98.80 AND Min_temperature >= 55.85 THEN class = {77.87} [74.58, 81.15], (p=225, n=96, P=242, N=1219)
2026-04-14 13:46:05,003 - INFO - *****GROWING RR RULE*****
2026-04-14 13:46:05,582 - INFO - Iteracja 0: condition_best: None, quality_best: -inf, coverage_best: (p=0, n=0, P=0, N=0), p_value: 0
2026-04-14 13:46:05,583 - INFO - Regula po iteracji 0: IF  THEN class = {61.51} [47.14, 75.88], (p=850, n=611, P=850, N=611)
2026-04-14 13:46:05,583 - INFO - *****STOP GROWING RR RULE*****
2026-04-14 13:46:05,583 - INFO - ***RR NOT FOUND***
2026-04-14 13:46:05,654 - INFO - Iteracja 4: condition_best: Precipitation <= 0.85, quality_best: 0.622, coverage_best: (p=225, n=95, P=242, N=1219)
2026-04-14 13:46:05,654 - INFO - Regula po iteracji 4: IF Max_temperature >= 84.80 AND Min_temperature <= 71.15 AND Max_temperature <= 98.80 AND Min_temperature >= 55.85 AND Precipitation <= 0.85 THEN class = {77.85} [74.57, 81.13], (p=225, n=95, P=242, N=1219)
2026-04-14 13:46:05,654 - INFO - *****GROWING RR RULE*****
2026-04-14 13:46:06,236 - INFO - Iteracja 0: condition_best: None, quality_best: -inf, coverage_best: (p=0, n=0, P=0, N=0), p_value: 0
2026-04-14 13:46:06,236 - INFO - Regula po iteracji 0: IF  THEN class = {61.51} [47.14, 75.88], (p=850, n=611, P=850, N=611)
2026-04-14 13:46:06,236 - INFO - *****STOP GROWING RR RULE*****
2026-04-14 13:46:06,236 - INFO - ***RR NOT FOUND***
2026-04-14 13:46:06,236 - INFO - *******STOP GROWING CR RULE*******
2026-04-14 13:46:06,241 - INFO - *******GROWING CR RULE*******
2026-04-14 13:46:06,639 - INFO - Iteracja 0: condition_best: Dewpoint <= 35.55, quality_best: 0.585, coverage_best: (p=153, n=57, P=214, N=1247)
2026-04-14 13:46:06,640 - INFO - Regula po iteracji 0: IF Dewpoint <= 35.55 THEN class = {41.90} [37.21, 46.58], (p=153, n=57, P=214, N=1247)
2026-04-14 13:46:06,640 - INFO - *****GROWING RR RULE*****
2026-04-14 13:46:07,219 - INFO - Iteracja 0: condition_best: None, quality_best: -inf, coverage_best: (p=0, n=0, P=0, N=0), p_value: 0
2026-04-14 13:46:07,220 - INFO - Regula po iteracji 0: IF  THEN class = {61.51} [47.14, 75.88], (p=850, n=611, P=850, N=611)
2026-04-14 13:46:07,220 - INFO - *****STOP GROWING RR RULE*****
2026-04-14 13:46:07,220 - INFO - ***RR NOT FOUND***
2026-04-14 13:46:07,285 - INFO - Iteracja 1: condition_best: Max_wind_speed >= 31.07, quality_best: 0.601, coverage_best: (p=151, n=51, P=214, N=1247)
2026-04-14 13:46:07,285 - INFO - Regula po iteracji 1: IF Dewpoint <= 35.55 AND Max_wind_speed >= 31.07 THEN class = {41.74} [37.15, 46.33], (p=151, n=51, P=214, N=1247)
2026-04-14 13:46:07,285 - INFO - *****GROWING RR RULE*****
2026-04-14 13:46:07,865 - INFO - Iteracja 0: condition_best: None, quality_best: -inf, coverage_best: (p=0, n=0, P=0, N=0), p_value: 0
2026-04-14 13:46:07,865 - INFO - Regula po iteracji 0: IF  THEN class = {61.51} [47.14, 75.88], (p=850, n=611, P=850, N=611)
2026-04-14 13:46:07,866 - INFO - *****STOP GROWING RR RULE*****
2026-04-14 13:46:07,866 - INFO - ***RR NOT FOUND***
2026-04-14 13:46:07,929 - INFO - Iteracja 2: condition_best: Max_wind_speed <= 47.18, quality_best: 0.606, coverage_best: (p=149, n=48, P=214, N=1247)
2026-04-14 13:46:07,929 - INFO - Regula po iteracji 2: IF Dewpoint <= 35.55 AND Max_wind_speed >= 31.07 AND Max_wind_speed <= 47.18 THEN class = {41.75} [37.17, 46.33], (p=149, n=48, P=214, N=1247)
2026-04-14 13:46:07,930 - INFO - *****GROWING RR RULE*****
2026-04-14 13:46:08,500 - INFO - Iteracja 0: condition_best: None, quality_best: -inf, coverage_best: (p=0, n=0, P=0, N=0), p_value: 0
2026-04-14 13:46:08,500 - INFO - Regula po iteracji 0: IF  THEN class = {61.51} [47.14, 75.88], (p=850, n=611, P=850, N=611)
2026-04-14 13:46:08,500 - INFO - *****STOP GROWING RR RULE*****
2026-04-14 13:46:08,500 - INFO - ***RR NOT FOUND***
2026-04-14 13:46:08,563 - INFO - Iteracja 3: condition_best: Standard_pressure <= 9.10, quality_best: 0.603, coverage_best: (p=148, n=48, P=214, N=1247)
2026-04-14 13:46:08,563 - INFO - Regula po iteracji 3: IF Dewpoint <= 35.55 AND Max_wind_speed >= 31.07 AND Max_wind_speed <= 47.18 AND Standard_pressure <= 9.10 THEN class = {41.77} [37.19, 46.36], (p=148, n=48, P=214, N=1247)
2026-04-14 13:46:08,564 - INFO - *****GROWING RR RULE*****
2026-04-14 13:46:09,136 - INFO - Iteracja 0: condition_best: None, quality_best: -inf, coverage_best: (p=0, n=0, P=0, N=0), p_value: 0
2026-04-14 13:46:09,136 - INFO - Regula po iteracji 0: IF  THEN class = {61.51} [47.14, 75.88], (p=850, n=611, P=850, N=611)
2026-04-14 13:46:09,136 - INFO - *****STOP GROWING RR RULE*****
2026-04-14 13:46:09,137 - INFO - ***RR NOT FOUND***
2026-04-14 13:46:09,200 - INFO - Iteracja 4: condition_best: Standard_pressure <= 8.15, quality_best: 0.6, coverage_best: (p=147, n=48, P=214, N=1247)
2026-04-14 13:46:09,200 - INFO - Regula po iteracji 4: IF Dewpoint <= 35.55 AND Max_wind_speed >= 31.07 AND Max_wind_speed <= 47.18 AND Standard_pressure <= 9.10 AND Standard_pressure <= 8.15 THEN class = {41.76} [37.17, 46.35], (p=147, n=48, P=214, N=1247)
2026-04-14 13:46:09,201 - INFO - *****GROWING RR RULE*****
2026-04-14 13:46:09,773 - INFO - Iteracja 0: condition_best: None, quality_best: -inf, coverage_best: (p=0, n=0, P=0, N=0), p_value: 0
2026-04-14 13:46:09,774 - INFO - Regula po iteracji 0: IF  THEN class = {61.51} [47.14, 75.88], (p=850, n=611, P=850, N=611)
2026-04-14 13:46:09,774 - INFO - *****STOP GROWING RR RULE*****
2026-04-14 13:46:09,774 - INFO - ***RR NOT FOUND***
2026-04-14 13:46:09,774 - INFO - *******STOP GROWING CR RULE*******
2026-04-14 13:46:09,779 - INFO - *******GROWING CR RULE*******
2026-04-14 13:46:10,166 - INFO - Iteracja 0: condition_best: Min_temperature >= 57.80, quality_best: 0.583, coverage_best: (p=337, n=152, P=348, N=1113)
2026-04-14 13:46:10,166 - INFO - Regula po iteracji 0: IF Min_temperature >= 57.80 THEN class = {78.18} [73.20, 83.16], (p=337, n=152, P=348, N=1113)
2026-04-14 13:46:10,166 - INFO - *****GROWING RR RULE*****
2026-04-14 13:46:10,766 - INFO - Iteracja 0: condition_best: None, quality_best: -inf, coverage_best: (p=0, n=0, P=0, N=0), p_value: 0
2026-04-14 13:46:10,766 - INFO - Regula po iteracji 0: IF  THEN class = {61.51} [47.14, 75.88], (p=850, n=611, P=850, N=611)
2026-04-14 13:46:10,766 - INFO - *****STOP GROWING RR RULE*****
2026-04-14 13:46:10,767 - INFO - ***RR NOT FOUND***
2026-04-14 13:46:10,870 - INFO - Iteracja 1: condition_best: Min_temperature <= 69.90, quality_best: 0.595, coverage_best: (p=270, n=103, P=321, N=1140)
2026-04-14 13:46:10,870 - INFO - Regula po iteracji 1: IF Min_temperature >= 57.80 AND Min_temperature <= 69.90 THEN class = {76.68} [72.08, 81.27], (p=270, n=103, P=321, N=1140)
2026-04-14 13:46:10,870 - INFO - *****GROWING RR RULE*****
2026-04-14 13:46:11,454 - INFO - Iteracja 0: condition_best: None, quality_best: -inf, coverage_best: (p=0, n=0, P=0, N=0), p_value: 0
2026-04-14 13:46:11,454 - INFO - Regula po iteracji 0: IF  THEN class = {61.51} [47.14, 75.88], (p=850, n=611, P=850, N=611)
2026-04-14 13:46:11,454 - INFO - *****STOP GROWING RR RULE*****
2026-04-14 13:46:11,454 - INFO - ***RR NOT FOUND***
2026-04-14 13:46:11,537 - INFO - Iteracja 2: condition_best: Max_temperature <= 95.80, quality_best: 0.606, coverage_best: (p=237, n=90, P=282, N=1179)
2026-04-14 13:46:11,537 - INFO - Regula po iteracji 2: IF Min_temperature >= 57.80 AND Min_temperature <= 69.90 AND Max_temperature <= 95.80 THEN class = {75.81} [71.67, 79.95], (p=237, n=90, P=282, N=1179)
2026-04-14 13:46:11,538 - INFO - *****GROWING RR RULE*****
2026-04-14 13:46:12,118 - INFO - Iteracja 0: condition_best: None, quality_best: -inf, coverage_best: (p=0, n=0, P=0, N=0), p_value: 0
2026-04-14 13:46:12,118 - INFO - Regula po iteracji 0: IF  THEN class = {61.51} [47.14, 75.88], (p=850, n=611, P=850, N=611)
2026-04-14 13:46:12,118 - INFO - *****STOP GROWING RR RULE*****
2026-04-14 13:46:12,118 - INFO - ***RR NOT FOUND***
2026-04-14 13:46:12,194 - INFO - Iteracja 3: condition_best: Sea_level_pressure >= 29.69, quality_best: 0.611, coverage_best: (p=235, n=85, P=285, N=1176)
2026-04-14 13:46:12,194 - INFO - Regula po iteracji 3: IF Min_temperature >= 57.80 AND Min_temperature <= 69.90 AND Max_temperature <= 95.80 AND Sea_level_pressure >= 29.69 THEN class = {75.75} [71.59, 79.90], (p=235, n=85, P=285, N=1176)
2026-04-14 13:46:12,194 - INFO - *****GROWING RR RULE*****
2026-04-14 13:46:12,776 - INFO - Iteracja 0: condition_best: None, quality_best: -inf, coverage_best: (p=0, n=0, P=0, N=0), p_value: 0
2026-04-14 13:46:12,776 - INFO - Regula po iteracji 0: IF  THEN class = {61.51} [47.14, 75.88], (p=850, n=611, P=850, N=611)
2026-04-14 13:46:12,776 - INFO - *****STOP GROWING RR RULE*****
2026-04-14 13:46:12,776 - INFO - ***RR NOT FOUND***
2026-04-14 13:46:12,851 - INFO - Iteracja 4: condition_best: Dewpoint <= 63.35, quality_best: 0.61, coverage_best: (p=233, n=84, P=285, N=1176)
2026-04-14 13:46:12,851 - INFO - Regula po iteracji 4: IF Min_temperature >= 57.80 AND Min_temperature <= 69.90 AND Max_temperature <= 95.80 AND Sea_level_pressure >= 29.69 AND Dewpoint <= 63.35 THEN class = {75.75} [71.60, 79.91], (p=233, n=84, P=285, N=1176)
2026-04-14 13:46:12,851 - INFO - *****GROWING RR RULE*****
2026-04-14 13:46:13,434 - INFO - Iteracja 0: condition_best: None, quality_best: -inf, coverage_best: (p=0, n=0, P=0, N=0), p_value: 0
2026-04-14 13:46:13,434 - INFO - Regula po iteracji 0: IF  THEN class = {61.51} [47.14, 75.88], (p=850, n=611, P=850, N=611)
2026-04-14 13:46:13,434 - INFO - *****STOP GROWING RR RULE*****
2026-04-14 13:46:13,434 - INFO - ***RR NOT FOUND***
2026-04-14 13:46:13,434 - INFO - *******STOP GROWING CR RULE*******
2026-04-14 13:46:13,440 - INFO - *******GROWING CR RULE*******
2026-04-14 13:46:13,829 - INFO - Iteracja 0: condition_best: Min_temperature >= 57.30, quality_best: 0.582, coverage_best: (p=348, n=152, P=364, N=1097)
2026-04-14 13:46:13,829 - INFO - Regula po iteracji 0: IF Min_temperature >= 57.30 THEN class = {77.95} [72.78, 83.13], (p=348, n=152, P=364, N=1097)
2026-04-14 13:46:13,829 - INFO - *****GROWING RR RULE*****
2026-04-14 13:46:14,417 - INFO - Iteracja 0: condition_best: None, quality_best: -inf, coverage_best: (p=0, n=0, P=0, N=0), p_value: 0
2026-04-14 13:46:14,418 - INFO - Regula po iteracji 0: IF  THEN class = {61.51} [47.14, 75.88], (p=850, n=611, P=850, N=611)
2026-04-14 13:46:14,418 - INFO - *****STOP GROWING RR RULE*****
2026-04-14 13:46:14,418 - INFO - ***RR NOT FOUND***
2026-04-14 13:46:14,524 - INFO - Iteracja 1: condition_best: Min_temperature <= 70.10, quality_best: 0.602, coverage_best: (p=282, n=105, P=330, N=1131)
2026-04-14 13:46:14,524 - INFO - Regula po iteracji 1: IF Min_temperature >= 57.30 AND Min_temperature <= 70.10 THEN class = {76.47} [71.65, 81.30], (p=282, n=105, P=330, N=1131)
2026-04-14 13:46:14,524 - INFO - *****GROWING RR RULE*****
2026-04-14 13:46:15,115 - INFO - Iteracja 0: condition_best: None, quality_best: -inf, coverage_best: (p=0, n=0, P=0, N=0), p_value: 0
2026-04-14 13:46:15,115 - INFO - Regula po iteracji 0: IF  THEN class = {61.51} [47.14, 75.88], (p=850, n=611, P=850, N=611)
2026-04-14 13:46:15,115 - INFO - *****STOP GROWING RR RULE*****
2026-04-14 13:46:15,115 - INFO - ***RR NOT FOUND***
2026-04-14 13:46:15,201 - INFO - Iteracja 2: condition_best: Max_temperature <= 98.80, quality_best: 0.614, coverage_best: (p=272, n=99, P=316, N=1145)
2026-04-14 13:46:15,201 - INFO - Regula po iteracji 2: IF Min_temperature >= 57.30 AND Min_temperature <= 70.10 AND Max_temperature <= 98.80 THEN class = {76.13} [71.53, 80.72], (p=272, n=99, P=316, N=1145)
2026-04-14 13:46:15,201 - INFO - *****GROWING RR RULE*****
2026-04-14 13:46:15,787 - INFO - Iteracja 0: condition_best: None, quality_best: -inf, coverage_best: (p=0, n=0, P=0, N=0), p_value: 0
2026-04-14 13:46:15,787 - INFO - Regula po iteracji 0: IF  THEN class = {61.51} [47.14, 75.88], (p=850, n=611, P=850, N=611)
2026-04-14 13:46:15,788 - INFO - *****STOP GROWING RR RULE*****
2026-04-14 13:46:15,788 - INFO - ***RR NOT FOUND***
2026-04-14 13:46:15,872 - INFO - Iteracja 3: condition_best: Dewpoint >= 39.20, quality_best: 0.619, coverage_best: (p=271, n=96, P=316, N=1145)
2026-04-14 13:46:15,872 - INFO - Regula po iteracji 3: IF Min_temperature >= 57.30 AND Min_temperature <= 70.10 AND Max_temperature <= 98.80 AND Dewpoint >= 39.20 THEN class = {76.15} [71.57, 80.74], (p=271, n=96, P=316, N=1145)
2026-04-14 13:46:15,872 - INFO - *****GROWING RR RULE*****
2026-04-14 13:46:16,459 - INFO - Iteracja 0: condition_best: None, quality_best: -inf, coverage_best: (p=0, n=0, P=0, N=0), p_value: 0
2026-04-14 13:46:16,459 - INFO - Regula po iteracji 0: IF  THEN class = {61.51} [47.14, 75.88], (p=850, n=611, P=850, N=611)
2026-04-14 13:46:16,459 - INFO - *****STOP GROWING RR RULE*****
2026-04-14 13:46:16,459 - INFO - ***RR NOT FOUND***
2026-04-14 13:46:16,543 - INFO - Iteracja 4: condition_best: Standard_pressure <= 7.85, quality_best: 0.625, coverage_best: (p=269, n=92, P=316, N=1145)
2026-04-14 13:46:16,543 - INFO - Regula po iteracji 4: IF Min_temperature >= 57.30 AND Min_temperature <= 70.10 AND Max_temperature <= 98.80 AND Dewpoint >= 39.20 AND Standard_pressure <= 7.85 THEN class = {76.23} [71.67, 80.80], (p=269, n=92, P=316, N=1145)
2026-04-14 13:46:16,543 - INFO - *****GROWING RR RULE*****
2026-04-14 13:46:17,120 - INFO - Iteracja 0: condition_best: None, quality_best: -inf, coverage_best: (p=0, n=0, P=0, N=0), p_value: 0
2026-04-14 13:46:17,120 - INFO - Regula po iteracji 0: IF  THEN class = {61.51} [47.14, 75.88], (p=850, n=611, P=850, N=611)
2026-04-14 13:46:17,120 - INFO - *****STOP GROWING RR RULE*****
2026-04-14 13:46:17,120 - INFO - ***RR NOT FOUND***
2026-04-14 13:46:17,120 - INFO - *******STOP GROWING CR RULE*******
2026-04-14 13:46:17,126 - INFO - *******GROWING CR RULE*******
2026-04-14 13:46:17,514 - INFO - Iteracja 0: condition_best: Min_temperature >= 56.90, quality_best: 0.582, coverage_best: (p=368, n=156, P=386, N=1075)
2026-04-14 13:46:17,514 - INFO - Regula po iteracji 0: IF Min_temperature >= 56.90 THEN class = {77.53} [72.05, 83.02], (p=368, n=156, P=386, N=1075)
2026-04-14 13:46:17,515 - INFO - *****GROWING RR RULE*****
2026-04-14 13:46:18,109 - INFO - Iteracja 0: condition_best: None, quality_best: -inf, coverage_best: (p=0, n=0, P=0, N=0), p_value: 0
2026-04-14 13:46:18,110 - INFO - Regula po iteracji 0: IF  THEN class = {61.51} [47.14, 75.88], (p=850, n=611, P=850, N=611)
2026-04-14 13:46:18,110 - INFO - *****STOP GROWING RR RULE*****
2026-04-14 13:46:18,110 - INFO - ***RR NOT FOUND***
2026-04-14 13:46:18,220 - INFO - Iteracja 1: condition_best: Min_temperature <= 69.90, quality_best: 0.613, coverage_best: (p=299, n=109, P=340, N=1121)
2026-04-14 13:46:18,220 - INFO - Regula po iteracji 1: IF Min_temperature >= 56.90 AND Min_temperature <= 69.90 THEN class = {75.98} [70.89, 81.08], (p=299, n=109, P=340, N=1121)
2026-04-14 13:46:18,220 - INFO - *****GROWING RR RULE*****
2026-04-14 13:46:18,806 - INFO - Iteracja 0: condition_best: None, quality_best: -inf, coverage_best: (p=0, n=0, P=0, N=0), p_value: 0
2026-04-14 13:46:18,806 - INFO - Regula po iteracji 0: IF  THEN class = {61.51} [47.14, 75.88], (p=850, n=611, P=850, N=611)
2026-04-14 13:46:18,806 - INFO - *****STOP GROWING RR RULE*****
2026-04-14 13:46:18,806 - INFO - ***RR NOT FOUND***
2026-04-14 13:46:18,896 - INFO - Iteracja 2: condition_best: Max_temperature <= 96.00, quality_best: 0.625, coverage_best: (p=269, n=97, P=306, N=1155)
2026-04-14 13:46:18,896 - INFO - Regula po iteracji 2: IF Min_temperature >= 56.90 AND Min_temperature <= 69.90 AND Max_temperature <= 96.00 THEN class = {75.16} [70.49, 79.83], (p=269, n=97, P=306, N=1155)
2026-04-14 13:46:18,896 - INFO - *****GROWING RR RULE*****
2026-04-14 13:46:19,477 - INFO - Iteracja 0: condition_best: None, quality_best: -inf, coverage_best: (p=0, n=0, P=0, N=0), p_value: 0
2026-04-14 13:46:19,477 - INFO - Regula po iteracji 0: IF  THEN class = {61.51} [47.14, 75.88], (p=850, n=611, P=850, N=611)
2026-04-14 13:46:19,478 - INFO - *****STOP GROWING RR RULE*****
2026-04-14 13:46:19,478 - INFO - ***RR NOT FOUND***
2026-04-14 13:46:19,561 - INFO - Iteracja 3: condition_best: Sea_level_pressure <= 30.06, quality_best: 0.634, coverage_best: (p=265, n=92, P=302, N=1159)
2026-04-14 13:46:19,561 - INFO - Regula po iteracji 3: IF Min_temperature >= 56.90 AND Min_temperature <= 69.90 AND Max_temperature <= 96.00 AND Sea_level_pressure <= 30.06 THEN class = {75.32} [70.72, 79.92], (p=265, n=92, P=302, N=1159)
2026-04-14 13:46:19,562 - INFO - *****GROWING RR RULE*****
2026-04-14 13:46:20,146 - INFO - Iteracja 0: condition_best: None, quality_best: -inf, coverage_best: (p=0, n=0, P=0, N=0), p_value: 0
2026-04-14 13:46:20,147 - INFO - Regula po iteracji 0: IF  THEN class = {61.51} [47.14, 75.88], (p=850, n=611, P=850, N=611)
2026-04-14 13:46:20,147 - INFO - *****STOP GROWING RR RULE*****
2026-04-14 13:46:20,147 - INFO - ***RR NOT FOUND***
2026-04-14 13:46:20,229 - INFO - Iteracja 4: condition_best: Precipitation <= 1.95, quality_best: 0.639, coverage_best: (p=265, n=90, P=302, N=1159)
2026-04-14 13:46:20,229 - INFO - Regula po iteracji 4: IF Min_temperature >= 56.90 AND Min_temperature <= 69.90 AND Max_temperature <= 96.00 AND Sea_level_pressure <= 30.06 AND Precipitation <= 1.95 THEN class = {75.36} [70.78, 79.94], (p=265, n=90, P=302, N=1159)
2026-04-14 13:46:20,229 - INFO - *****GROWING RR RULE*****
2026-04-14 13:46:20,810 - INFO - Iteracja 0: condition_best: None, quality_best: -inf, coverage_best: (p=0, n=0, P=0, N=0), p_value: 0
2026-04-14 13:46:20,810 - INFO - Regula po iteracji 0: IF  THEN class = {61.51} [47.14, 75.88], (p=850, n=611, P=850, N=611)
2026-04-14 13:46:20,810 - INFO - *****STOP GROWING RR RULE*****
2026-04-14 13:46:20,810 - INFO - ***RR NOT FOUND***
2026-04-14 13:46:20,810 - INFO - *******STOP GROWING CR RULE*******
2026-04-14 13:46:20,815 - INFO - *******GROWING CR RULE*******
2026-04-14 13:46:21,210 - INFO - Iteracja 0: condition_best: Dewpoint <= 35.75, quality_best: 0.581, coverage_best: (p=157, n=60, P=218, N=1243)
2026-04-14 13:46:21,210 - INFO - Regula po iteracji 0: IF Dewpoint <= 35.75 THEN class = {42.00} [37.33, 46.67], (p=157, n=60, P=218, N=1243)
2026-04-14 13:46:21,210 - INFO - *****GROWING RR RULE*****
2026-04-14 13:46:21,778 - INFO - Iteracja 0: condition_best: None, quality_best: -inf, coverage_best: (p=0, n=0, P=0, N=0), p_value: 0
2026-04-14 13:46:21,778 - INFO - Regula po iteracji 0: IF  THEN class = {61.51} [47.14, 75.88], (p=850, n=611, P=850, N=611)
2026-04-14 13:46:21,778 - INFO - *****STOP GROWING RR RULE*****
2026-04-14 13:46:21,778 - INFO - ***RR NOT FOUND***
2026-04-14 13:46:21,846 - INFO - Iteracja 1: condition_best: Min_temperature <= 40.10, quality_best: 0.599, coverage_best: (p=143, n=58, P=182, N=1279)
2026-04-14 13:46:21,846 - INFO - Regula po iteracji 1: IF Dewpoint <= 35.75 AND Min_temperature <= 40.10 THEN class = {41.35} [37.40, 45.31], (p=143, n=58, P=182, N=1279)
2026-04-14 13:46:21,846 - INFO - *****GROWING RR RULE*****
2026-04-14 13:46:22,421 - INFO - Iteracja 0: condition_best: None, quality_best: -inf, coverage_best: (p=0, n=0, P=0, N=0), p_value: 0
2026-04-14 13:46:22,422 - INFO - Regula po iteracji 0: IF  THEN class = {61.51} [47.14, 75.88], (p=850, n=611, P=850, N=611)
2026-04-14 13:46:22,422 - INFO - *****STOP GROWING RR RULE*****
2026-04-14 13:46:22,422 - INFO - ***RR NOT FOUND***
2026-04-14 13:46:22,485 - INFO - Iteracja 2: condition_best: Visibility <= 28.15, quality_best: 0.595, coverage_best: (p=141, n=58, P=180, N=1281)
2026-04-14 13:46:22,485 - INFO - Regula po iteracji 2: IF Dewpoint <= 35.75 AND Min_temperature <= 40.10 AND Visibility <= 28.15 THEN class = {41.41} [37.47, 45.34], (p=141, n=58, P=180, N=1281)
2026-04-14 13:46:22,485 - INFO - *****GROWING RR RULE*****
2026-04-14 13:46:23,056 - INFO - Iteracja 0: condition_best: None, quality_best: -inf, coverage_best: (p=0, n=0, P=0, N=0), p_value: 0
2026-04-14 13:46:23,056 - INFO - Regula po iteracji 0: IF  THEN class = {61.51} [47.14, 75.88], (p=850, n=611, P=850, N=611)
2026-04-14 13:46:23,056 - INFO - *****STOP GROWING RR RULE*****
2026-04-14 13:46:23,056 - INFO - ***RR NOT FOUND***
2026-04-14 13:46:23,119 - INFO - Iteracja 3: condition_best: Min_temperature <= 37.75, quality_best: 0.6, coverage_best: (p=124, n=53, P=154, N=1307)
2026-04-14 13:46:23,119 - INFO - Regula po iteracji 3: IF Dewpoint <= 35.75 AND Min_temperature <= 40.10 AND Visibility <= 28.15 AND Min_temperature <= 37.75 THEN class = {40.85} [37.11, 44.58], (p=124, n=53, P=154, N=1307)
2026-04-14 13:46:23,120 - INFO - *****GROWING RR RULE*****
2026-04-14 13:46:23,687 - INFO - Iteracja 0: condition_best: None, quality_best: -inf, coverage_best: (p=0, n=0, P=0, N=0), p_value: 0
2026-04-14 13:46:23,688 - INFO - Regula po iteracji 0: IF  THEN class = {61.51} [47.14, 75.88], (p=850, n=611, P=850, N=611)
2026-04-14 13:46:23,688 - INFO - *****STOP GROWING RR RULE*****
2026-04-14 13:46:23,688 - INFO - ***RR NOT FOUND***
2026-04-14 13:46:23,746 - INFO - Iteracja 4: condition_best: Max_temperature <= 60.90, quality_best: 0.605, coverage_best: (p=117, n=51, P=142, N=1319)
2026-04-14 13:46:23,747 - INFO - Regula po iteracji 4: IF Dewpoint <= 35.75 AND Min_temperature <= 40.10 AND Visibility <= 28.15 AND Min_temperature <= 37.75 AND Max_temperature <= 60.90 THEN class = {40.50} [37.07, 43.93], (p=117, n=51, P=142, N=1319)
2026-04-14 13:46:23,747 - INFO - *****GROWING RR RULE*****
2026-04-14 13:46:24,328 - INFO - Iteracja 0: condition_best: None, quality_best: -inf, coverage_best: (p=0, n=0, P=0, N=0), p_value: 0
2026-04-14 13:46:24,328 - INFO - Regula po iteracji 0: IF  THEN class = {61.51} [47.14, 75.88], (p=850, n=611, P=850, N=611)
2026-04-14 13:46:24,328 - INFO - *****STOP GROWING RR RULE*****
2026-04-14 13:46:24,328 - INFO - ***RR NOT FOUND***
2026-04-14 13:46:24,328 - INFO - *******STOP GROWING CR RULE*******
2026-04-14 13:46:24,333 - INFO - *******GROWING CR RULE*******
2026-04-14 13:46:24,728 - INFO - Iteracja 0: condition_best: Max_temperature <= 49.65, quality_best: 0.575, coverage_best: (p=72, n=28, P=111, N=1350)
2026-04-14 13:46:24,728 - INFO - Regula po iteracji 0: IF Max_temperature <= 49.65 THEN class = {39.13} [36.11, 42.15], (p=72, n=28, P=111, N=1350)
2026-04-14 13:46:24,729 - INFO - *****GROWING RR RULE*****
2026-04-14 13:46:25,296 - INFO - Iteracja 0: condition_best: None, quality_best: -inf, coverage_best: (p=0, n=0, P=0, N=0), p_value: 0
2026-04-14 13:46:25,296 - INFO - Regula po iteracji 0: IF  THEN class = {61.51} [47.14, 75.88], (p=850, n=611, P=850, N=611)
2026-04-14 13:46:25,296 - INFO - *****STOP GROWING RR RULE*****
2026-04-14 13:46:25,296 - INFO - ***RR NOT FOUND***
2026-04-14 13:46:25,336 - INFO - Iteracja 1: condition_best: Min_temperature <= 37.50, quality_best: 0.601, coverage_best: (p=65, n=23, P=97, N=1364)
2026-04-14 13:46:25,336 - INFO - Regula po iteracji 1: IF Max_temperature <= 49.65 AND Min_temperature <= 37.50 THEN class = {38.62} [35.79, 41.46], (p=65, n=23, P=97, N=1364)
2026-04-14 13:46:25,337 - INFO - *****GROWING RR RULE*****
2026-04-14 13:46:25,892 - INFO - Iteracja 0: condition_best: None, quality_best: -inf, coverage_best: (p=0, n=0, P=0, N=0), p_value: 0
2026-04-14 13:46:25,892 - INFO - Regula po iteracji 0: IF  THEN class = {61.51} [47.14, 75.88], (p=850, n=611, P=850, N=611)
2026-04-14 13:46:25,892 - INFO - *****STOP GROWING RR RULE*****
2026-04-14 13:46:25,892 - INFO - ***RR NOT FOUND***
2026-04-14 13:46:25,927 - INFO - Iteracja 2: condition_best: Sea_level_pressure >= 29.77, quality_best: 0.61, coverage_best: (p=64, n=21, P=97, N=1364)
2026-04-14 13:46:25,927 - INFO - Regula po iteracji 2: IF Max_temperature <= 49.65 AND Min_temperature <= 37.50 AND Sea_level_pressure >= 29.77 THEN class = {38.57} [35.73, 41.41], (p=64, n=21, P=97, N=1364)
2026-04-14 13:46:25,927 - INFO - *****GROWING RR RULE*****
2026-04-14 13:46:26,484 - INFO - Iteracja 0: condition_best: None, quality_best: -inf, coverage_best: (p=0, n=0, P=0, N=0), p_value: 0
2026-04-14 13:46:26,484 - INFO - Regula po iteracji 0: IF  THEN class = {61.51} [47.14, 75.88], (p=850, n=611, P=850, N=611)
2026-04-14 13:46:26,484 - INFO - *****STOP GROWING RR RULE*****
2026-04-14 13:46:26,484 - INFO - ***RR NOT FOUND***
2026-04-14 13:46:26,517 - INFO - Iteracja 3: condition_best: Max_temperature >= 37.95, quality_best: 0.618, coverage_best: (p=64, n=20, P=97, N=1364)
2026-04-14 13:46:26,518 - INFO - Regula po iteracji 3: IF Max_temperature <= 49.65 AND Min_temperature <= 37.50 AND Sea_level_pressure >= 29.77 AND Max_temperature >= 37.95 THEN class = {38.62} [35.79, 41.44], (p=64, n=20, P=97, N=1364)
2026-04-14 13:46:26,518 - INFO - *****GROWING RR RULE*****
2026-04-14 13:46:27,077 - INFO - Iteracja 0: condition_best: None, quality_best: -inf, coverage_best: (p=0, n=0, P=0, N=0), p_value: 0
2026-04-14 13:46:27,077 - INFO - Regula po iteracji 0: IF  THEN class = {61.51} [47.14, 75.88], (p=850, n=611, P=850, N=611)
2026-04-14 13:46:27,078 - INFO - *****STOP GROWING RR RULE*****
2026-04-14 13:46:27,078 - INFO - ***RR NOT FOUND***
2026-04-14 13:46:27,111 - INFO - Iteracja 4: condition_best: Sea_level_pressure >= 29.79, quality_best: 0.62, coverage_best: (p=63, n=19, P=97, N=1364)
2026-04-14 13:46:27,111 - INFO - Regula po iteracji 4: IF Max_temperature <= 49.65 AND Min_temperature <= 37.50 AND Sea_level_pressure >= 29.77 AND Max_temperature >= 37.95 AND Sea_level_pressure >= 29.79 THEN class = {38.58} [35.74, 41.41], (p=63, n=19, P=97, N=1364)
2026-04-14 13:46:27,111 - INFO - *****GROWING RR RULE*****
2026-04-14 13:46:27,668 - INFO - Iteracja 0: condition_best: None, quality_best: -inf, coverage_best: (p=0, n=0, P=0, N=0), p_value: 0
2026-04-14 13:46:27,669 - INFO - Regula po iteracji 0: IF  THEN class = {61.51} [47.14, 75.88], (p=850, n=611, P=850, N=611)
2026-04-14 13:46:27,669 - INFO - *****STOP GROWING RR RULE*****
2026-04-14 13:46:27,669 - INFO - ***RR NOT FOUND***
2026-04-14 13:46:27,669 - INFO - *******STOP GROWING CR RULE*******
2026-04-14 13:46:27,674 - INFO - *******GROWING CR RULE*******
2026-04-14 13:46:28,056 - INFO - Iteracja 0: condition_best: Max_temperature <= 49.65, quality_best: 0.575, coverage_best: (p=72, n=28, P=111, N=1350)
2026-04-14 13:46:28,056 - INFO - Regula po iteracji 0: IF Max_temperature <= 49.65 THEN class = {39.13} [36.11, 42.15], (p=72, n=28, P=111, N=1350)
2026-04-14 13:46:28,057 - INFO - *****GROWING RR RULE*****
2026-04-14 13:46:28,617 - INFO - Iteracja 0: condition_best: None, quality_best: -inf, coverage_best: (p=0, n=0, P=0, N=0), p_value: 0
2026-04-14 13:46:28,617 - INFO - Regula po iteracji 0: IF  THEN class = {61.51} [47.14, 75.88], (p=850, n=611, P=850, N=611)
2026-04-14 13:46:28,617 - INFO - *****STOP GROWING RR RULE*****
2026-04-14 13:46:28,617 - INFO - ***RR NOT FOUND***
2026-04-14 13:46:28,655 - INFO - Iteracja 1: condition_best: Visibility <= 27.20, quality_best: 0.583, coverage_best: (p=72, n=26, P=113, N=1348)
2026-04-14 13:46:28,656 - INFO - Regula po iteracji 1: IF Max_temperature <= 49.65 AND Visibility <= 27.20 THEN class = {39.19} [36.18, 42.21], (p=72, n=26, P=113, N=1348)
2026-04-14 13:46:28,656 - INFO - *****GROWING RR RULE*****
2026-04-14 13:46:29,216 - INFO - Iteracja 0: condition_best: None, quality_best: -inf, coverage_best: (p=0, n=0, P=0, N=0), p_value: 0
2026-04-14 13:46:29,216 - INFO - Regula po iteracji 0: IF  THEN class = {61.51} [47.14, 75.88], (p=850, n=611, P=850, N=611)
2026-04-14 13:46:29,216 - INFO - *****STOP GROWING RR RULE*****
2026-04-14 13:46:29,216 - INFO - ***RR NOT FOUND***
2026-04-14 13:46:29,254 - INFO - Iteracja 2: condition_best: Standard_pressure >= 6.25, quality_best: 0.588, coverage_best: (p=66, n=23, P=105, N=1356)
2026-04-14 13:46:29,254 - INFO - Regula po iteracji 2: IF Max_temperature <= 49.65 AND Visibility <= 27.20 AND Standard_pressure >= 6.25 THEN class = {38.96} [36.12, 41.80], (p=66, n=23, P=105, N=1356)
2026-04-14 13:46:29,254 - INFO - *****GROWING RR RULE*****
2026-04-14 13:46:29,820 - INFO - Iteracja 0: condition_best: None, quality_best: -inf, coverage_best: (p=0, n=0, P=0, N=0), p_value: 0
2026-04-14 13:46:29,820 - INFO - Regula po iteracji 0: IF  THEN class = {61.51} [47.14, 75.88], (p=850, n=611, P=850, N=611)
2026-04-14 13:46:29,820 - INFO - *****STOP GROWING RR RULE*****
2026-04-14 13:46:29,820 - INFO - ***RR NOT FOUND***
2026-04-14 13:46:29,855 - INFO - Iteracja 3: condition_best: Standard_pressure <= 9.05, quality_best: 0.582, coverage_best: (p=65, n=23, P=105, N=1356)
2026-04-14 13:46:29,855 - INFO - Regula po iteracji 3: IF Max_temperature <= 49.65 AND Visibility <= 27.20 AND Standard_pressure >= 6.25 AND Standard_pressure <= 9.05 THEN class = {38.98} [36.13, 41.83], (p=65, n=23, P=105, N=1356)
2026-04-14 13:46:29,856 - INFO - *****GROWING RR RULE*****
2026-04-14 13:46:30,414 - INFO - Iteracja 0: condition_best: None, quality_best: -inf, coverage_best: (p=0, n=0, P=0, N=0), p_value: 0
2026-04-14 13:46:30,415 - INFO - Regula po iteracji 0: IF  THEN class = {61.51} [47.14, 75.88], (p=850, n=611, P=850, N=611)
2026-04-14 13:46:30,415 - INFO - *****STOP GROWING RR RULE*****
2026-04-14 13:46:30,415 - INFO - ***RR NOT FOUND***
2026-04-14 13:46:30,450 - INFO - Iteracja 4: condition_best: Standard_pressure >= 6.65, quality_best: 0.577, coverage_best: (p=63, n=22, P=105, N=1356)
2026-04-14 13:46:30,450 - INFO - Regula po iteracji 4: IF Max_temperature <= 49.65 AND Visibility <= 27.20 AND Standard_pressure >= 6.25 AND Standard_pressure <= 9.05 AND Standard_pressure >= 6.65 THEN class = {38.96} [36.09, 41.83], (p=63, n=22, P=105, N=1356)
2026-04-14 13:46:30,450 - INFO - *****GROWING RR RULE*****
2026-04-14 13:46:31,011 - INFO - Iteracja 0: condition_best: None, quality_best: -inf, coverage_best: (p=0, n=0, P=0, N=0), p_value: 0
2026-04-14 13:46:31,012 - INFO - Regula po iteracji 0: IF  THEN class = {61.51} [47.14, 75.88], (p=850, n=611, P=850, N=611)
2026-04-14 13:46:31,012 - INFO - *****STOP GROWING RR RULE*****
2026-04-14 13:46:31,012 - INFO - ***RR NOT FOUND***
2026-04-14 13:46:31,012 - INFO - *******STOP GROWING CR RULE*******
2026-04-14 13:46:31,017 - INFO - *******GROWING CR RULE*******
2026-04-14 13:46:31,403 - INFO - Iteracja 0: condition_best: Min_temperature >= 56.20, quality_best: 0.572, coverage_best: (p=379, n=166, P=394, N=1067)
2026-04-14 13:46:31,403 - INFO - Regula po iteracji 0: IF Min_temperature >= 56.20 THEN class = {77.16} [71.38, 82.93], (p=379, n=166, P=394, N=1067)
2026-04-14 13:46:31,404 - INFO - *****GROWING RR RULE*****
2026-04-14 13:46:31,995 - INFO - Iteracja 0: condition_best: None, quality_best: -inf, coverage_best: (p=0, n=0, P=0, N=0), p_value: 0
2026-04-14 13:46:31,995 - INFO - Regula po iteracji 0: IF  THEN class = {61.51} [47.14, 75.88], (p=850, n=611, P=850, N=611)
2026-04-14 13:46:31,996 - INFO - *****STOP GROWING RR RULE*****
2026-04-14 13:46:31,996 - INFO - ***RR NOT FOUND***
2026-04-14 13:46:32,110 - INFO - Iteracja 1: condition_best: Min_temperature <= 70.25, quality_best: 0.614, coverage_best: (p=321, n=117, P=357, N=1104)
2026-04-14 13:46:32,110 - INFO - Regula po iteracji 1: IF Min_temperature >= 56.20 AND Min_temperature <= 70.25 THEN class = {75.70} [70.29, 81.11], (p=321, n=117, P=357, N=1104)
2026-04-14 13:46:32,110 - INFO - *****GROWING RR RULE*****
2026-04-14 13:46:32,701 - INFO - Iteracja 0: condition_best: None, quality_best: -inf, coverage_best: (p=0, n=0, P=0, N=0), p_value: 0
2026-04-14 13:46:32,701 - INFO - Regula po iteracji 0: IF  THEN class = {61.51} [47.14, 75.88], (p=850, n=611, P=850, N=611)
2026-04-14 13:46:32,701 - INFO - *****STOP GROWING RR RULE*****
2026-04-14 13:46:32,701 - INFO - ***RR NOT FOUND***
2026-04-14 13:46:32,797 - INFO - Iteracja 2: condition_best: Sea_level_pressure <= 30.06, quality_best: 0.619, coverage_best: (p=314, n=112, P=351, N=1110)
2026-04-14 13:46:32,797 - INFO - Regula po iteracji 2: IF Min_temperature >= 56.20 AND Min_temperature <= 70.25 AND Sea_level_pressure <= 30.06 THEN class = {75.92} [70.63, 81.21], (p=314, n=112, P=351, N=1110)
2026-04-14 13:46:32,798 - INFO - *****GROWING RR RULE*****
2026-04-14 13:46:33,395 - INFO - Iteracja 0: condition_best: None, quality_best: -inf, coverage_best: (p=0, n=0, P=0, N=0), p_value: 0
2026-04-14 13:46:33,395 - INFO - Regula po iteracji 0: IF  THEN class = {61.51} [47.14, 75.88], (p=850, n=611, P=850, N=611)
2026-04-14 13:46:33,395 - INFO - *****STOP GROWING RR RULE*****
2026-04-14 13:46:33,395 - INFO - ***RR NOT FOUND***
2026-04-14 13:46:33,488 - INFO - Iteracja 3: condition_best: Max_temperature <= 96.20, quality_best: 0.631, coverage_best: (p=283, n=101, P=315, N=1146)
2026-04-14 13:46:33,488 - INFO - Regula po iteracji 3: IF Min_temperature >= 56.20 AND Min_temperature <= 70.25 AND Sea_level_pressure <= 30.06 AND Max_temperature <= 96.20 THEN class = {75.12} [70.23, 80.00], (p=283, n=101, P=315, N=1146)
2026-04-14 13:46:33,488 - INFO - *****GROWING RR RULE*****
2026-04-14 13:46:34,070 - INFO - Iteracja 0: condition_best: None, quality_best: -inf, coverage_best: (p=0, n=0, P=0, N=0), p_value: 0
2026-04-14 13:46:34,071 - INFO - Regula po iteracji 0: IF  THEN class = {61.51} [47.14, 75.88], (p=850, n=611, P=850, N=611)
2026-04-14 13:46:34,071 - INFO - *****STOP GROWING RR RULE*****
2026-04-14 13:46:34,071 - INFO - ***RR NOT FOUND***
2026-04-14 13:46:34,158 - INFO - Iteracja 4: condition_best: Precipitation <= 1.95, quality_best: 0.636, coverage_best: (p=283, n=99, P=315, N=1146)
2026-04-14 13:46:34,158 - INFO - Regula po iteracji 4: IF Min_temperature >= 56.20 AND Min_temperature <= 70.25 AND Sea_level_pressure <= 30.06 AND Max_temperature <= 96.20 AND Precipitation <= 1.95 THEN class = {75.15} [70.28, 80.02], (p=283, n=99, P=315, N=1146)
2026-04-14 13:46:34,158 - INFO - *****GROWING RR RULE*****
2026-04-14 13:46:34,753 - INFO - Iteracja 0: condition_best: None, quality_best: -inf, coverage_best: (p=0, n=0, P=0, N=0), p_value: 0
2026-04-14 13:46:34,753 - INFO - Regula po iteracji 0: IF  THEN class = {61.51} [47.14, 75.88], (p=850, n=611, P=850, N=611)
2026-04-14 13:46:34,753 - INFO - *****STOP GROWING RR RULE*****
2026-04-14 13:46:34,753 - INFO - ***RR NOT FOUND***
2026-04-14 13:46:34,753 - INFO - *******STOP GROWING CR RULE*******
2026-04-14 13:46:34,758 - INFO - *******GROWING CR RULE*******
2026-04-14 13:46:35,146 - INFO - Iteracja 0: condition_best: Dewpoint <= 35.95, quality_best: 0.571, coverage_best: (p=160, n=62, P=227, N=1234)
2026-04-14 13:46:35,146 - INFO - Regula po iteracji 0: IF Dewpoint <= 35.95 THEN class = {42.10} [37.39, 46.82], (p=160, n=62, P=227, N=1234)
2026-04-14 13:46:35,147 - INFO - *****GROWING RR RULE*****
2026-04-14 13:46:35,724 - INFO - Iteracja 0: condition_best: None, quality_best: -inf, coverage_best: (p=0, n=0, P=0, N=0), p_value: 0
2026-04-14 13:46:35,724 - INFO - Regula po iteracji 0: IF  THEN class = {61.51} [47.14, 75.88], (p=850, n=611, P=850, N=611)
2026-04-14 13:46:35,724 - INFO - *****STOP GROWING RR RULE*****
2026-04-14 13:46:35,724 - INFO - ***RR NOT FOUND***
2026-04-14 13:46:35,792 - INFO - Iteracja 1: condition_best: Max_temperature <= 61.95, quality_best: 0.599, coverage_best: (p=148, n=61, P=185, N=1276)
2026-04-14 13:46:35,792 - INFO - Regula po iteracji 1: IF Dewpoint <= 35.95 AND Max_temperature <= 61.95 THEN class = {41.54} [37.52, 45.56], (p=148, n=61, P=185, N=1276)
2026-04-14 13:46:35,793 - INFO - *****GROWING RR RULE*****
2026-04-14 13:46:36,365 - INFO - Iteracja 0: condition_best: None, quality_best: -inf, coverage_best: (p=0, n=0, P=0, N=0), p_value: 0
2026-04-14 13:46:36,365 - INFO - Regula po iteracji 0: IF  THEN class = {61.51} [47.14, 75.88], (p=850, n=611, P=850, N=611)
2026-04-14 13:46:36,365 - INFO - *****STOP GROWING RR RULE*****
2026-04-14 13:46:36,365 - INFO - ***RR NOT FOUND***
2026-04-14 13:46:36,430 - INFO - Iteracja 2: condition_best: Visibility <= 28.15, quality_best: 0.606, coverage_best: (p=148, n=59, P=185, N=1276)
2026-04-14 13:46:36,430 - INFO - Regula po iteracji 2: IF Dewpoint <= 35.95 AND Max_temperature <= 61.95 AND Visibility <= 28.15 THEN class = {41.59} [37.59, 45.60], (p=148, n=59, P=185, N=1276)
2026-04-14 13:46:36,431 - INFO - *****GROWING RR RULE*****
2026-04-14 13:46:37,003 - INFO - Iteracja 0: condition_best: None, quality_best: -inf, coverage_best: (p=0, n=0, P=0, N=0), p_value: 0
2026-04-14 13:46:37,004 - INFO - Regula po iteracji 0: IF  THEN class = {61.51} [47.14, 75.88], (p=850, n=611, P=850, N=611)
2026-04-14 13:46:37,004 - INFO - *****STOP GROWING RR RULE*****
2026-04-14 13:46:37,004 - INFO - ***RR NOT FOUND***
2026-04-14 13:46:37,069 - INFO - Iteracja 3: condition_best: Sea_level_pressure >= 29.77, quality_best: 0.605, coverage_best: (p=148, n=58, P=188, N=1273)
2026-04-14 13:46:37,069 - INFO - Regula po iteracji 3: IF Dewpoint <= 35.95 AND Max_temperature <= 61.95 AND Visibility <= 28.15 AND Sea_level_pressure >= 29.77 THEN class = {41.59} [37.58, 45.61], (p=148, n=58, P=188, N=1273)
2026-04-14 13:46:37,069 - INFO - *****GROWING RR RULE*****
2026-04-14 13:46:37,647 - INFO - Iteracja 0: condition_best: None, quality_best: -inf, coverage_best: (p=0, n=0, P=0, N=0), p_value: 0
2026-04-14 13:46:37,648 - INFO - Regula po iteracji 0: IF  THEN class = {61.51} [47.14, 75.88], (p=850, n=611, P=850, N=611)
2026-04-14 13:46:37,648 - INFO - *****STOP GROWING RR RULE*****
2026-04-14 13:46:37,648 - INFO - ***RR NOT FOUND***
2026-04-14 13:46:37,713 - INFO - Iteracja 4: condition_best: Max_temperature <= 61.25, quality_best: 0.602, coverage_best: (p=147, n=58, P=188, N=1273)
2026-04-14 13:46:37,713 - INFO - Regula po iteracji 4: IF Dewpoint <= 35.95 AND Max_temperature <= 61.95 AND Visibility <= 28.15 AND Sea_level_pressure >= 29.77 AND Max_temperature <= 61.25 THEN class = {41.58} [37.56, 45.60], (p=147, n=58, P=188, N=1273)
2026-04-14 13:46:37,714 - INFO - *****GROWING RR RULE*****
2026-04-14 13:46:38,285 - INFO - Iteracja 0: condition_best: None, quality_best: -inf, coverage_best: (p=0, n=0, P=0, N=0), p_value: 0
2026-04-14 13:46:38,285 - INFO - Regula po iteracji 0: IF  THEN class = {61.51} [47.14, 75.88], (p=850, n=611, P=850, N=611)
2026-04-14 13:46:38,285 - INFO - *****STOP GROWING RR RULE*****
2026-04-14 13:46:38,285 - INFO - ***RR NOT FOUND***
2026-04-14 13:46:38,285 - INFO - *******STOP GROWING CR RULE*******
2026-04-14 13:46:38,290 - INFO - *******GROWING CR RULE*******
2026-04-14 13:46:38,676 - INFO - Iteracja 0: condition_best: Min_temperature >= 56.00, quality_best: 0.57, coverage_best: (p=380, n=168, P=394, N=1067)
2026-04-14 13:46:38,676 - INFO - Regula po iteracji 0: IF Min_temperature >= 56.00 THEN class = {77.12} [71.32, 82.91], (p=380, n=168, P=394, N=1067)
2026-04-14 13:46:38,677 - INFO - *****GROWING RR RULE*****
2026-04-14 13:46:39,270 - INFO - Iteracja 0: condition_best: None, quality_best: -inf, coverage_best: (p=0, n=0, P=0, N=0), p_value: 0
2026-04-14 13:46:39,270 - INFO - Regula po iteracji 0: IF  THEN class = {61.51} [47.14, 75.88], (p=850, n=611, P=850, N=611)
2026-04-14 13:46:39,270 - INFO - *****STOP GROWING RR RULE*****
2026-04-14 13:46:39,270 - INFO - ***RR NOT FOUND***
2026-04-14 13:46:39,385 - INFO - Iteracja 1: condition_best: Min_temperature <= 71.15, quality_best: 0.611, coverage_best: (p=330, n=126, P=356, N=1105)
2026-04-14 13:46:39,385 - INFO - Regula po iteracji 1: IF Min_temperature >= 56.00 AND Min_temperature <= 71.15 THEN class = {75.82} [70.40, 81.23], (p=330, n=126, P=356, N=1105)
2026-04-14 13:46:39,385 - INFO - *****GROWING RR RULE*****
2026-04-14 13:46:39,973 - INFO - Iteracja 0: condition_best: None, quality_best: -inf, coverage_best: (p=0, n=0, P=0, N=0), p_value: 0
2026-04-14 13:46:39,974 - INFO - Regula po iteracji 0: IF  THEN class = {61.51} [47.14, 75.88], (p=850, n=611, P=850, N=611)
2026-04-14 13:46:39,974 - INFO - *****STOP GROWING RR RULE*****
2026-04-14 13:46:39,974 - INFO - ***RR NOT FOUND***
2026-04-14 13:46:40,072 - INFO - Iteracja 2: condition_best: Precipitation <= 0.15, quality_best: 0.621, coverage_best: (p=324, n=120, P=350, N=1111)
2026-04-14 13:46:40,072 - INFO - Regula po iteracji 2: IF Min_temperature >= 56.00 AND Min_temperature <= 71.15 AND Precipitation <= 0.15 THEN class = {76.02} [70.76, 81.28], (p=324, n=120, P=350, N=1111)
2026-04-14 13:46:40,072 - INFO - *****GROWING RR RULE*****
2026-04-14 13:46:40,665 - INFO - Iteracja 0: condition_best: None, quality_best: -inf, coverage_best: (p=0, n=0, P=0, N=0), p_value: 0
2026-04-14 13:46:40,665 - INFO - Regula po iteracji 0: IF  THEN class = {61.51} [47.14, 75.88], (p=850, n=611, P=850, N=611)
2026-04-14 13:46:40,665 - INFO - *****STOP GROWING RR RULE*****
2026-04-14 13:46:40,665 - INFO - ***RR NOT FOUND***
2026-04-14 13:46:40,762 - INFO - Iteracja 3: condition_best: Max_temperature <= 98.35, quality_best: 0.628, coverage_best: (p=311, n=115, P=334, N=1127)
2026-04-14 13:46:40,762 - INFO - Regula po iteracji 3: IF Min_temperature >= 56.00 AND Min_temperature <= 71.15 AND Precipitation <= 0.15 AND Max_temperature <= 98.35 THEN class = {75.66} [70.62, 80.70], (p=311, n=115, P=334, N=1127)
2026-04-14 13:46:40,762 - INFO - *****GROWING RR RULE*****
2026-04-14 13:46:41,344 - INFO - Iteracja 0: condition_best: None, quality_best: -inf, coverage_best: (p=0, n=0, P=0, N=0), p_value: 0
2026-04-14 13:46:41,345 - INFO - Regula po iteracji 0: IF  THEN class = {61.51} [47.14, 75.88], (p=850, n=611, P=850, N=611)
2026-04-14 13:46:41,345 - INFO - *****STOP GROWING RR RULE*****
2026-04-14 13:46:41,345 - INFO - ***RR NOT FOUND***
2026-04-14 13:46:41,437 - INFO - Iteracja 4: condition_best: Wind_speed >= 12.55, quality_best: 0.631, coverage_best: (p=305, n=109, P=333, N=1128)
2026-04-14 13:46:41,437 - INFO - Regula po iteracji 4: IF Min_temperature >= 56.00 AND Min_temperature <= 71.15 AND Precipitation <= 0.15 AND Max_temperature <= 98.35 AND Wind_speed >= 12.55 THEN class = {75.81} [70.81, 80.81], (p=305, n=109, P=333, N=1128)
2026-04-14 13:46:41,438 - INFO - *****GROWING RR RULE*****
2026-04-14 13:46:42,023 - INFO - Iteracja 0: condition_best: None, quality_best: -inf, coverage_best: (p=0, n=0, P=0, N=0), p_value: 0
2026-04-14 13:46:42,023 - INFO - Regula po iteracji 0: IF  THEN class = {61.51} [47.14, 75.88], (p=850, n=611, P=850, N=611)
2026-04-14 13:46:42,024 - INFO - *****STOP GROWING RR RULE*****
2026-04-14 13:46:42,024 - INFO - ***RR NOT FOUND***
2026-04-14 13:46:42,024 - INFO - *******STOP GROWING CR RULE*******
2026-04-14 13:46:42,029 - INFO - *******GROWING CR RULE*******
2026-04-14 13:46:42,414 - INFO - Iteracja 0: condition_best: Max_temperature >= 83.75, quality_best: 0.569, coverage_best: (p=313, n=158, P=316, N=1145)
2026-04-14 13:46:42,414 - INFO - Regula po iteracji 0: IF Max_temperature >= 83.75 THEN class = {78.69} [74.30, 83.08], (p=313, n=158, P=316, N=1145)
2026-04-14 13:46:42,414 - INFO - *****GROWING RR RULE*****
2026-04-14 13:46:42,997 - INFO - Iteracja 0: condition_best: None, quality_best: -inf, coverage_best: (p=0, n=0, P=0, N=0), p_value: 0
2026-04-14 13:46:42,998 - INFO - Regula po iteracji 0: IF  THEN class = {61.51} [47.14, 75.88], (p=850, n=611, P=850, N=611)
2026-04-14 13:46:42,998 - INFO - *****STOP GROWING RR RULE*****
2026-04-14 13:46:42,998 - INFO - ***RR NOT FOUND***
2026-04-14 13:46:43,095 - INFO - Iteracja 1: condition_best: Min_temperature <= 69.70, quality_best: 0.582, coverage_best: (p=235, n=102, P=275, N=1186)
2026-04-14 13:46:43,095 - INFO - Regula po iteracji 1: IF Max_temperature >= 83.75 AND Min_temperature <= 69.70 THEN class = {77.10} [73.19, 81.02], (p=235, n=102, P=275, N=1186)
2026-04-14 13:46:43,095 - INFO - *****GROWING RR RULE*****
2026-04-14 13:46:43,677 - INFO - Iteracja 0: condition_best: None, quality_best: -inf, coverage_best: (p=0, n=0, P=0, N=0), p_value: 0
2026-04-14 13:46:43,677 - INFO - Regula po iteracji 0: IF  THEN class = {61.51} [47.14, 75.88], (p=850, n=611, P=850, N=611)
2026-04-14 13:46:43,677 - INFO - *****STOP GROWING RR RULE*****
2026-04-14 13:46:43,677 - INFO - ***RR NOT FOUND***
2026-04-14 13:46:43,752 - INFO - Iteracja 2: condition_best: Wind_speed >= 12.55, quality_best: 0.589, coverage_best: (p=227, n=95, P=269, N=1192)
2026-04-14 13:46:43,752 - INFO - Regula po iteracji 2: IF Max_temperature >= 83.75 AND Min_temperature <= 69.70 AND Wind_speed >= 12.55 THEN class = {77.22} [73.38, 81.05], (p=227, n=95, P=269, N=1192)
2026-04-14 13:46:43,753 - INFO - *****GROWING RR RULE*****
2026-04-14 13:46:44,328 - INFO - Iteracja 0: condition_best: None, quality_best: -inf, coverage_best: (p=0, n=0, P=0, N=0), p_value: 0
2026-04-14 13:46:44,328 - INFO - Regula po iteracji 0: IF  THEN class = {61.51} [47.14, 75.88], (p=850, n=611, P=850, N=611)
2026-04-14 13:46:44,328 - INFO - *****STOP GROWING RR RULE*****
2026-04-14 13:46:44,328 - INFO - ***RR NOT FOUND***
2026-04-14 13:46:44,400 - INFO - Iteracja 3: condition_best: Precipitation <= 0.15, quality_best: 0.591, coverage_best: (p=226, n=93, P=269, N=1192)
2026-04-14 13:46:44,400 - INFO - Regula po iteracji 3: IF Max_temperature >= 83.75 AND Min_temperature <= 69.70 AND Wind_speed >= 12.55 AND Precipitation <= 0.15 THEN class = {77.22} [73.39, 81.04], (p=226, n=93, P=269, N=1192)
2026-04-14 13:46:44,400 - INFO - *****GROWING RR RULE*****
2026-04-14 13:46:44,976 - INFO - Iteracja 0: condition_best: None, quality_best: -inf, coverage_best: (p=0, n=0, P=0, N=0), p_value: 0
2026-04-14 13:46:44,977 - INFO - Regula po iteracji 0: IF  THEN class = {61.51} [47.14, 75.88], (p=850, n=611, P=850, N=611)
2026-04-14 13:46:44,977 - INFO - *****STOP GROWING RR RULE*****
2026-04-14 13:46:44,977 - INFO - ***RR NOT FOUND***
2026-04-14 13:46:45,048 - INFO - Iteracja 4: condition_best: Wind_speed <= 48.80, quality_best: 0.594, coverage_best: (p=226, n=92, P=269, N=1192)
2026-04-14 13:46:45,048 - INFO - Regula po iteracji 4: IF Max_temperature >= 83.75 AND Min_temperature <= 69.70 AND Wind_speed >= 12.55 AND Precipitation <= 0.15 AND Wind_speed <= 48.80 THEN class = {77.19} [73.38, 81.00], (p=226, n=92, P=269, N=1192)
2026-04-14 13:46:45,049 - INFO - *****GROWING RR RULE*****
2026-04-14 13:46:45,632 - INFO - Iteracja 0: condition_best: None, quality_best: -inf, coverage_best: (p=0, n=0, P=0, N=0), p_value: 0
2026-04-14 13:46:45,632 - INFO - Regula po iteracji 0: IF  THEN class = {61.51} [47.14, 75.88], (p=850, n=611, P=850, N=611)
2026-04-14 13:46:45,632 - INFO - *****STOP GROWING RR RULE*****
2026-04-14 13:46:45,632 - INFO - ***RR NOT FOUND***
2026-04-14 13:46:45,632 - INFO - *******STOP GROWING CR RULE*******
2026-04-14 13:46:45,637 - INFO - *******GROWING CR RULE*******
2026-04-14 13:46:46,019 - INFO - Iteracja 0: condition_best: Max_temperature >= 82.70, quality_best: 0.569, coverage_best: (p=331, n=162, P=336, N=1125)
2026-04-14 13:46:46,019 - INFO - Regula po iteracji 0: IF Max_temperature >= 82.70 THEN class = {78.30} [73.58, 83.02], (p=331, n=162, P=336, N=1125)
2026-04-14 13:46:46,019 - INFO - *****GROWING RR RULE*****
2026-04-14 13:46:46,607 - INFO - Iteracja 0: condition_best: None, quality_best: -inf, coverage_best: (p=0, n=0, P=0, N=0), p_value: 0
2026-04-14 13:46:46,607 - INFO - Regula po iteracji 0: IF  THEN class = {61.51} [47.14, 75.88], (p=850, n=611, P=850, N=611)
2026-04-14 13:46:46,608 - INFO - *****STOP GROWING RR RULE*****
2026-04-14 13:46:46,608 - INFO - ***RR NOT FOUND***
2026-04-14 13:46:46,709 - INFO - Iteracja 1: condition_best: Min_temperature <= 70.10, quality_best: 0.62, coverage_best: (p=275, n=105, P=304, N=1157)
2026-04-14 13:46:46,709 - INFO - Regula po iteracji 1: IF Max_temperature >= 82.70 AND Min_temperature <= 70.10 THEN class = {76.90} [72.58, 81.22], (p=275, n=105, P=304, N=1157)
2026-04-14 13:46:46,709 - INFO - *****GROWING RR RULE*****
2026-04-14 13:46:47,288 - INFO - Iteracja 0: condition_best: None, quality_best: -inf, coverage_best: (p=0, n=0, P=0, N=0), p_value: 0
2026-04-14 13:46:47,288 - INFO - Regula po iteracji 0: IF  THEN class = {61.51} [47.14, 75.88], (p=850, n=611, P=850, N=611)
2026-04-14 13:46:47,288 - INFO - *****STOP GROWING RR RULE*****
2026-04-14 13:46:47,288 - INFO - ***RR NOT FOUND***
2026-04-14 13:46:47,370 - INFO - Iteracja 2: condition_best: Max_temperature <= 96.20, quality_best: 0.631, coverage_best: (p=243, n=95, P=264, N=1197)
2026-04-14 13:46:47,370 - INFO - Regula po iteracji 2: IF Max_temperature >= 82.70 AND Min_temperature <= 70.10 AND Max_temperature <= 96.20 THEN class = {76.11} [72.30, 79.92], (p=243, n=95, P=264, N=1197)
2026-04-14 13:46:47,371 - INFO - *****GROWING RR RULE*****
2026-04-14 13:46:47,947 - INFO - Iteracja 0: condition_best: None, quality_best: -inf, coverage_best: (p=0, n=0, P=0, N=0), p_value: 0
2026-04-14 13:46:47,947 - INFO - Regula po iteracji 0: IF  THEN class = {61.51} [47.14, 75.88], (p=850, n=611, P=850, N=611)
2026-04-14 13:46:47,947 - INFO - *****STOP GROWING RR RULE*****
2026-04-14 13:46:47,948 - INFO - ***RR NOT FOUND***
2026-04-14 13:46:48,023 - INFO - Iteracja 3: condition_best: Dewpoint >= 39.20, quality_best: 0.633, coverage_best: (p=243, n=94, P=264, N=1197)
2026-04-14 13:46:48,023 - INFO - Regula po iteracji 3: IF Max_temperature >= 82.70 AND Min_temperature <= 70.10 AND Max_temperature <= 96.20 AND Dewpoint >= 39.20 THEN class = {76.09} [72.29, 79.90], (p=243, n=94, P=264, N=1197)
2026-04-14 13:46:48,024 - INFO - *****GROWING RR RULE*****
2026-04-14 13:46:48,601 - INFO - Iteracja 0: condition_best: None, quality_best: -inf, coverage_best: (p=0, n=0, P=0, N=0), p_value: 0
2026-04-14 13:46:48,601 - INFO - Regula po iteracji 0: IF  THEN class = {61.51} [47.14, 75.88], (p=850, n=611, P=850, N=611)
2026-04-14 13:46:48,602 - INFO - *****STOP GROWING RR RULE*****
2026-04-14 13:46:48,602 - INFO - ***RR NOT FOUND***
2026-04-14 13:46:48,678 - INFO - Iteracja 4: condition_best: Precipitation <= 0.15, quality_best: 0.634, coverage_best: (p=242, n=93, P=264, N=1197)
2026-04-14 13:46:48,678 - INFO - Regula po iteracji 4: IF Max_temperature >= 82.70 AND Min_temperature <= 70.10 AND Max_temperature <= 96.20 AND Dewpoint >= 39.20 AND Precipitation <= 0.15 THEN class = {76.10} [72.30, 79.91], (p=242, n=93, P=264, N=1197)
2026-04-14 13:46:48,678 - INFO - *****GROWING RR RULE*****
2026-04-14 13:46:49,255 - INFO - Iteracja 0: condition_best: None, quality_best: -inf, coverage_best: (p=0, n=0, P=0, N=0), p_value: 0
2026-04-14 13:46:49,255 - INFO - Regula po iteracji 0: IF  THEN class = {61.51} [47.14, 75.88], (p=850, n=611, P=850, N=611)
2026-04-14 13:46:49,256 - INFO - *****STOP GROWING RR RULE*****
2026-04-14 13:46:49,256 - INFO - ***RR NOT FOUND***
2026-04-14 13:46:49,256 - INFO - *******STOP GROWING CR RULE*******
2026-04-14 13:46:49,260 - INFO - *******GROWING CR RULE*******
2026-04-14 13:46:49,648 - INFO - Iteracja 0: condition_best: Dewpoint <= 38.35, quality_best: 0.569, coverage_best: (p=208, n=63, P=332, N=1129)
2026-04-14 13:46:49,649 - INFO - Regula po iteracji 0: IF Dewpoint <= 38.35 THEN class = {43.48} [37.43, 49.54], (p=208, n=63, P=332, N=1129)
2026-04-14 13:46:49,649 - INFO - *****GROWING RR RULE*****
2026-04-14 13:46:50,218 - INFO - Iteracja 0: condition_best: None, quality_best: -inf, coverage_best: (p=0, n=0, P=0, N=0), p_value: 0
2026-04-14 13:46:50,218 - INFO - Regula po iteracji 0: IF  THEN class = {61.51} [47.14, 75.88], (p=850, n=611, P=850, N=611)
2026-04-14 13:46:50,218 - INFO - *****STOP GROWING RR RULE*****
2026-04-14 13:46:50,218 - INFO - ***RR NOT FOUND***
2026-04-14 13:46:50,301 - INFO - Iteracja 1: condition_best: Max_temperature <= 57.50, quality_best: 0.591, coverage_best: (p=140, n=68, P=161, N=1300)
2026-04-14 13:46:50,301 - INFO - Regula po iteracji 1: IF Dewpoint <= 38.35 AND Max_temperature <= 57.50 THEN class = {41.25} [37.59, 44.91], (p=140, n=68, P=161, N=1300)
2026-04-14 13:46:50,301 - INFO - *****GROWING RR RULE*****
2026-04-14 13:46:50,870 - INFO - Iteracja 0: condition_best: None, quality_best: -inf, coverage_best: (p=0, n=0, P=0, N=0), p_value: 0
2026-04-14 13:46:50,870 - INFO - Regula po iteracji 0: IF  THEN class = {61.51} [47.14, 75.88], (p=850, n=611, P=850, N=611)
2026-04-14 13:46:50,870 - INFO - *****STOP GROWING RR RULE*****
2026-04-14 13:46:50,870 - INFO - ***RR NOT FOUND***
2026-04-14 13:46:50,936 - INFO - Iteracja 2: condition_best: Min_temperature <= 38.60, quality_best: 0.623, coverage_best: (p=127, n=54, P=147, N=1314)
2026-04-14 13:46:50,936 - INFO - Regula po iteracji 2: IF Dewpoint <= 38.35 AND Max_temperature <= 57.50 AND Min_temperature <= 38.60 THEN class = {40.63} [37.19, 44.06], (p=127, n=54, P=147, N=1314)
2026-04-14 13:46:50,936 - INFO - *****GROWING RR RULE*****
2026-04-14 13:46:51,508 - INFO - Iteracja 0: condition_best: None, quality_best: -inf, coverage_best: (p=0, n=0, P=0, N=0), p_value: 0
2026-04-14 13:46:51,508 - INFO - Regula po iteracji 0: IF  THEN class = {61.51} [47.14, 75.88], (p=850, n=611, P=850, N=611)
2026-04-14 13:46:51,508 - INFO - *****STOP GROWING RR RULE*****
2026-04-14 13:46:51,508 - INFO - ***RR NOT FOUND***
2026-04-14 13:46:51,567 - INFO - Iteracja 3: condition_best: Dewpoint <= 37.90, quality_best: 0.627, coverage_best: (p=127, n=53, P=147, N=1314)
2026-04-14 13:46:51,567 - INFO - Regula po iteracji 3: IF Dewpoint <= 38.35 AND Max_temperature <= 57.50 AND Min_temperature <= 38.60 AND Dewpoint <= 37.90 THEN class = {40.60} [37.18, 44.02], (p=127, n=53, P=147, N=1314)
2026-04-14 13:46:51,567 - INFO - *****GROWING RR RULE*****
2026-04-14 13:46:52,137 - INFO - Iteracja 0: condition_best: None, quality_best: -inf, coverage_best: (p=0, n=0, P=0, N=0), p_value: 0
2026-04-14 13:46:52,138 - INFO - Regula po iteracji 0: IF  THEN class = {61.51} [47.14, 75.88], (p=850, n=611, P=850, N=611)
2026-04-14 13:46:52,138 - INFO - *****STOP GROWING RR RULE*****
2026-04-14 13:46:52,138 - INFO - ***RR NOT FOUND***
2026-04-14 13:46:52,196 - INFO - Iteracja 4: condition_best: Sea_level_pressure >= 29.74, quality_best: 0.631, coverage_best: (p=127, n=52, P=147, N=1314)
2026-04-14 13:46:52,196 - INFO - Regula po iteracji 4: IF Dewpoint <= 38.35 AND Max_temperature <= 57.50 AND Min_temperature <= 38.60 AND Dewpoint <= 37.90 AND Sea_level_pressure >= 29.74 THEN class = {40.62} [37.20, 44.04], (p=127, n=52, P=147, N=1314)
2026-04-14 13:46:52,196 - INFO - *****GROWING RR RULE*****
2026-04-14 13:46:52,764 - INFO - Iteracja 0: condition_best: None, quality_best: -inf, coverage_best: (p=0, n=0, P=0, N=0), p_value: 0
2026-04-14 13:46:52,765 - INFO - Regula po iteracji 0: IF  THEN class = {61.51} [47.14, 75.88], (p=850, n=611, P=850, N=611)
2026-04-14 13:46:52,765 - INFO - *****STOP GROWING RR RULE*****
2026-04-14 13:46:52,765 - INFO - ***RR NOT FOUND***
2026-04-14 13:46:52,765 - INFO - *******STOP GROWING CR RULE*******
2026-04-14 13:46:52,769 - INFO - *******GROWING CR RULE*******
2026-04-14 13:46:53,151 - INFO - Iteracja 0: condition_best: Dewpoint <= 38.35, quality_best: 0.569, coverage_best: (p=208, n=63, P=332, N=1129)
2026-04-14 13:46:53,151 - INFO - Regula po iteracji 0: IF Dewpoint <= 38.35 THEN class = {43.48} [37.43, 49.54], (p=208, n=63, P=332, N=1129)
2026-04-14 13:46:53,152 - INFO - *****GROWING RR RULE*****
2026-04-14 13:46:53,721 - INFO - Iteracja 0: condition_best: None, quality_best: -inf, coverage_best: (p=0, n=0, P=0, N=0), p_value: 0
2026-04-14 13:46:53,721 - INFO - Regula po iteracji 0: IF  THEN class = {61.51} [47.14, 75.88], (p=850, n=611, P=850, N=611)
2026-04-14 13:46:53,722 - INFO - *****STOP GROWING RR RULE*****
2026-04-14 13:46:53,722 - INFO - ***RR NOT FOUND***
2026-04-14 13:46:53,804 - INFO - Iteracja 1: condition_best: Max_temperature <= 57.50, quality_best: 0.591, coverage_best: (p=140, n=68, P=161, N=1300)
2026-04-14 13:46:53,804 - INFO - Regula po iteracji 1: IF Dewpoint <= 38.35 AND Max_temperature <= 57.50 THEN class = {41.25} [37.59, 44.91], (p=140, n=68, P=161, N=1300)
2026-04-14 13:46:53,805 - INFO - *****GROWING RR RULE*****
2026-04-14 13:46:54,375 - INFO - Iteracja 0: condition_best: None, quality_best: -inf, coverage_best: (p=0, n=0, P=0, N=0), p_value: 0
2026-04-14 13:46:54,375 - INFO - Regula po iteracji 0: IF  THEN class = {61.51} [47.14, 75.88], (p=850, n=611, P=850, N=611)
2026-04-14 13:46:54,375 - INFO - *****STOP GROWING RR RULE*****
2026-04-14 13:46:54,375 - INFO - ***RR NOT FOUND***
2026-04-14 13:46:54,440 - INFO - Iteracja 2: condition_best: Max_temperature >= 44.50, quality_best: 0.594, coverage_best: (p=129, n=55, P=163, N=1298)
2026-04-14 13:46:54,440 - INFO - Regula po iteracji 2: IF Dewpoint <= 38.35 AND Max_temperature <= 57.50 AND Max_temperature >= 44.50 THEN class = {41.80} [38.38, 45.22], (p=129, n=55, P=163, N=1298)
2026-04-14 13:46:54,441 - INFO - *****GROWING RR RULE*****
2026-04-14 13:46:55,016 - INFO - Iteracja 0: condition_best: None, quality_best: -inf, coverage_best: (p=0, n=0, P=0, N=0), p_value: 0
2026-04-14 13:46:55,017 - INFO - Regula po iteracji 0: IF  THEN class = {61.51} [47.14, 75.88], (p=850, n=611, P=850, N=611)
2026-04-14 13:46:55,017 - INFO - *****STOP GROWING RR RULE*****
2026-04-14 13:46:55,017 - INFO - ***RR NOT FOUND***
2026-04-14 13:46:55,075 - INFO - Iteracja 3: condition_best: Standard_pressure <= 8.15, quality_best: 0.595, coverage_best: (p=128, n=54, P=163, N=1298)
2026-04-14 13:46:55,075 - INFO - Regula po iteracji 3: IF Dewpoint <= 38.35 AND Max_temperature <= 57.50 AND Max_temperature >= 44.50 AND Standard_pressure <= 8.15 THEN class = {41.81} [38.39, 45.23], (p=128, n=54, P=163, N=1298)
2026-04-14 13:46:55,076 - INFO - *****GROWING RR RULE*****
2026-04-14 13:46:55,654 - INFO - Iteracja 0: condition_best: None, quality_best: -inf, coverage_best: (p=0, n=0, P=0, N=0), p_value: 0
2026-04-14 13:46:55,654 - INFO - Regula po iteracji 0: IF  THEN class = {61.51} [47.14, 75.88], (p=850, n=611, P=850, N=611)
2026-04-14 13:46:55,655 - INFO - *****STOP GROWING RR RULE*****
2026-04-14 13:46:55,655 - INFO - ***RR NOT FOUND***
2026-04-14 13:46:55,714 - INFO - Iteracja 4: condition_best: Max_temperature >= 45.05, quality_best: 0.591, coverage_best: (p=125, n=52, P=163, N=1298)
2026-04-14 13:46:55,714 - INFO - Regula po iteracji 4: IF Dewpoint <= 38.35 AND Max_temperature <= 57.50 AND Max_temperature >= 44.50 AND Standard_pressure <= 8.15 AND Max_temperature >= 45.05 THEN class = {41.94} [38.57, 45.30], (p=125, n=52, P=163, N=1298)
2026-04-14 13:46:55,714 - INFO - *****GROWING RR RULE*****
2026-04-14 13:46:56,282 - INFO - Iteracja 0: condition_best: None, quality_best: -inf, coverage_best: (p=0, n=0, P=0, N=0), p_value: 0
2026-04-14 13:46:56,282 - INFO - Regula po iteracji 0: IF  THEN class = {61.51} [47.14, 75.88], (p=850, n=611, P=850, N=611)
2026-04-14 13:46:56,282 - INFO - *****STOP GROWING RR RULE*****
2026-04-14 13:46:56,282 - INFO - ***RR NOT FOUND***
2026-04-14 13:46:56,282 - INFO - *******STOP GROWING CR RULE*******
2026-04-14 13:46:56,287 - INFO - *******GROWING CR RULE*******
2026-04-14 13:46:56,671 - INFO - Iteracja 0: condition_best: Dewpoint <= 38.35, quality_best: 0.569, coverage_best: (p=208, n=63, P=332, N=1129)
2026-04-14 13:46:56,671 - INFO - Regula po iteracji 0: IF Dewpoint <= 38.35 THEN class = {43.48} [37.43, 49.54], (p=208, n=63, P=332, N=1129)
2026-04-14 13:46:56,671 - INFO - *****GROWING RR RULE*****
2026-04-14 13:46:57,237 - INFO - Iteracja 0: condition_best: None, quality_best: -inf, coverage_best: (p=0, n=0, P=0, N=0), p_value: 0
2026-04-14 13:46:57,238 - INFO - Regula po iteracji 0: IF  THEN class = {61.51} [47.14, 75.88], (p=850, n=611, P=850, N=611)
2026-04-14 13:46:57,238 - INFO - *****STOP GROWING RR RULE*****
2026-04-14 13:46:57,238 - INFO - ***RR NOT FOUND***
2026-04-14 13:46:57,319 - INFO - Iteracja 1: condition_best: Min_temperature <= 37.75, quality_best: 0.585, coverage_best: (p=146, n=61, P=190, N=1271)
2026-04-14 13:46:57,319 - INFO - Regula po iteracji 1: IF Dewpoint <= 38.35 AND Min_temperature <= 37.75 THEN class = {41.52} [37.39, 45.64], (p=146, n=61, P=190, N=1271)
2026-04-14 13:46:57,320 - INFO - *****GROWING RR RULE*****
2026-04-14 13:46:57,893 - INFO - Iteracja 0: condition_best: None, quality_best: -inf, coverage_best: (p=0, n=0, P=0, N=0), p_value: 0
2026-04-14 13:46:57,893 - INFO - Regula po iteracji 0: IF  THEN class = {61.51} [47.14, 75.88], (p=850, n=611, P=850, N=611)
2026-04-14 13:46:57,893 - INFO - *****STOP GROWING RR RULE*****
2026-04-14 13:46:57,893 - INFO - ***RR NOT FOUND***
2026-04-14 13:46:57,959 - INFO - Iteracja 2: condition_best: Dewpoint <= 36.95, quality_best: 0.601, coverage_best: (p=138, n=55, P=177, N=1284)
2026-04-14 13:46:57,959 - INFO - Regula po iteracji 2: IF Dewpoint <= 38.35 AND Min_temperature <= 37.75 AND Dewpoint <= 36.95 THEN class = {41.15} [37.19, 45.12], (p=138, n=55, P=177, N=1284)
2026-04-14 13:46:57,959 - INFO - *****GROWING RR RULE*****
2026-04-14 13:46:58,530 - INFO - Iteracja 0: condition_best: None, quality_best: -inf, coverage_best: (p=0, n=0, P=0, N=0), p_value: 0
2026-04-14 13:46:58,530 - INFO - Regula po iteracji 0: IF  THEN class = {61.51} [47.14, 75.88], (p=850, n=611, P=850, N=611)
2026-04-14 13:46:58,530 - INFO - *****STOP GROWING RR RULE*****
2026-04-14 13:46:58,530 - INFO - ***RR NOT FOUND***
2026-04-14 13:46:58,593 - INFO - Iteracja 3: condition_best: Sea_level_pressure >= 29.76, quality_best: 0.602, coverage_best: (p=137, n=54, P=177, N=1284)
2026-04-14 13:46:58,593 - INFO - Regula po iteracji 3: IF Dewpoint <= 38.35 AND Min_temperature <= 37.75 AND Dewpoint <= 36.95 AND Sea_level_pressure >= 29.76 THEN class = {41.17} [37.20, 45.14], (p=137, n=54, P=177, N=1284)
2026-04-14 13:46:58,594 - INFO - *****GROWING RR RULE*****
2026-04-14 13:46:59,165 - INFO - Iteracja 0: condition_best: None, quality_best: -inf, coverage_best: (p=0, n=0, P=0, N=0), p_value: 0
2026-04-14 13:46:59,165 - INFO - Regula po iteracji 0: IF  THEN class = {61.51} [47.14, 75.88], (p=850, n=611, P=850, N=611)
2026-04-14 13:46:59,165 - INFO - *****STOP GROWING RR RULE*****
2026-04-14 13:46:59,166 - INFO - ***RR NOT FOUND***
2026-04-14 13:46:59,228 - INFO - Iteracja 4: condition_best: Visibility >= 1.27, quality_best: 0.598, coverage_best: (p=136, n=54, P=177, N=1284)
2026-04-14 13:46:59,228 - INFO - Regula po iteracji 4: IF Dewpoint <= 38.35 AND Min_temperature <= 37.75 AND Dewpoint <= 36.95 AND Sea_level_pressure >= 29.76 AND Visibility >= 1.27 THEN class = {41.17} [37.19, 45.15], (p=136, n=54, P=177, N=1284)
2026-04-14 13:46:59,228 - INFO - *****GROWING RR RULE*****
2026-04-14 13:46:59,799 - INFO - Iteracja 0: condition_best: None, quality_best: -inf, coverage_best: (p=0, n=0, P=0, N=0), p_value: 0
2026-04-14 13:46:59,799 - INFO - Regula po iteracji 0: IF  THEN class = {61.51} [47.14, 75.88], (p=850, n=611, P=850, N=611)
2026-04-14 13:46:59,799 - INFO - *****STOP GROWING RR RULE*****
2026-04-14 13:46:59,799 - INFO - ***RR NOT FOUND***
2026-04-14 13:46:59,799 - INFO - *******STOP GROWING CR RULE*******
2026-04-14 13:46:59,804 - INFO - *******GROWING CR RULE*******
2026-04-14 13:47:00,185 - INFO - Iteracja 0: condition_best: Dewpoint <= 38.35, quality_best: 0.569, coverage_best: (p=208, n=63, P=332, N=1129)
2026-04-14 13:47:00,185 - INFO - Regula po iteracji 0: IF Dewpoint <= 38.35 THEN class = {43.48} [37.43, 49.54], (p=208, n=63, P=332, N=1129)
2026-04-14 13:47:00,186 - INFO - *****GROWING RR RULE*****
2026-04-14 13:47:00,757 - INFO - Iteracja 0: condition_best: None, quality_best: -inf, coverage_best: (p=0, n=0, P=0, N=0), p_value: 0
2026-04-14 13:47:00,758 - INFO - Regula po iteracji 0: IF  THEN class = {61.51} [47.14, 75.88], (p=850, n=611, P=850, N=611)
2026-04-14 13:47:00,758 - INFO - *****STOP GROWING RR RULE*****
2026-04-14 13:47:00,758 - INFO - ***RR NOT FOUND***
2026-04-14 13:47:00,839 - INFO - Iteracja 1: condition_best: Min_temperature <= 37.75, quality_best: 0.585, coverage_best: (p=146, n=61, P=190, N=1271)
2026-04-14 13:47:00,839 - INFO - Regula po iteracji 1: IF Dewpoint <= 38.35 AND Min_temperature <= 37.75 THEN class = {41.52} [37.39, 45.64], (p=146, n=61, P=190, N=1271)
2026-04-14 13:47:00,839 - INFO - *****GROWING RR RULE*****
2026-04-14 13:47:01,412 - INFO - Iteracja 0: condition_best: None, quality_best: -inf, coverage_best: (p=0, n=0, P=0, N=0), p_value: 0
2026-04-14 13:47:01,412 - INFO - Regula po iteracji 0: IF  THEN class = {61.51} [47.14, 75.88], (p=850, n=611, P=850, N=611)
2026-04-14 13:47:01,412 - INFO - *****STOP GROWING RR RULE*****
2026-04-14 13:47:01,412 - INFO - ***RR NOT FOUND***
2026-04-14 13:47:01,478 - INFO - Iteracja 2: condition_best: Dewpoint <= 37.70, quality_best: 0.592, coverage_best: (p=144, n=59, P=186, N=1275)
2026-04-14 13:47:01,478 - INFO - Regula po iteracji 2: IF Dewpoint <= 38.35 AND Min_temperature <= 37.75 AND Dewpoint <= 37.70 THEN class = {41.38} [37.34, 45.41], (p=144, n=59, P=186, N=1275)
2026-04-14 13:47:01,478 - INFO - *****GROWING RR RULE*****
2026-04-14 13:47:02,051 - INFO - Iteracja 0: condition_best: None, quality_best: -inf, coverage_best: (p=0, n=0, P=0, N=0), p_value: 0
2026-04-14 13:47:02,051 - INFO - Regula po iteracji 0: IF  THEN class = {61.51} [47.14, 75.88], (p=850, n=611, P=850, N=611)
2026-04-14 13:47:02,051 - INFO - *****STOP GROWING RR RULE*****
2026-04-14 13:47:02,051 - INFO - ***RR NOT FOUND***
2026-04-14 13:47:02,116 - INFO - Iteracja 3: condition_best: Max_temperature >= 37.95, quality_best: 0.595, coverage_best: (p=144, n=58, P=186, N=1275)
2026-04-14 13:47:02,116 - INFO - Regula po iteracji 3: IF Dewpoint <= 38.35 AND Min_temperature <= 37.75 AND Dewpoint <= 37.70 AND Max_temperature >= 37.95 THEN class = {41.41} [37.39, 45.43], (p=144, n=58, P=186, N=1275)
2026-04-14 13:47:02,117 - INFO - *****GROWING RR RULE*****
2026-04-14 13:47:02,687 - INFO - Iteracja 0: condition_best: None, quality_best: -inf, coverage_best: (p=0, n=0, P=0, N=0), p_value: 0
2026-04-14 13:47:02,688 - INFO - Regula po iteracji 0: IF  THEN class = {61.51} [47.14, 75.88], (p=850, n=611, P=850, N=611)
2026-04-14 13:47:02,688 - INFO - *****STOP GROWING RR RULE*****
2026-04-14 13:47:02,688 - INFO - ***RR NOT FOUND***
2026-04-14 13:47:02,753 - INFO - Iteracja 4: condition_best: Max_temperature <= 66.30, quality_best: 0.595, coverage_best: (p=141, n=59, P=178, N=1283)
2026-04-14 13:47:02,753 - INFO - Regula po iteracji 4: IF Dewpoint <= 38.35 AND Min_temperature <= 37.75 AND Dewpoint <= 37.70 AND Max_temperature >= 37.95 AND Max_temperature <= 66.30 THEN class = {41.32} [37.38, 45.25], (p=141, n=59, P=178, N=1283)
2026-04-14 13:47:02,753 - INFO - *****GROWING RR RULE*****
2026-04-14 13:47:04,109 - INFO - Iteracja 0: condition_best: None, quality_best: -inf, coverage_best: (p=0, n=0, P=0, N=0), p_value: 0
2026-04-14 13:47:04,110 - INFO - Regula po iteracji 0: IF  THEN class = {61.51} [47.14, 75.88], (p=850, n=611, P=850, N=611)
2026-04-14 13:47:04,110 - INFO - *****STOP GROWING RR RULE*****
2026-04-14 13:47:04,110 - INFO - ***RR NOT FOUND***
2026-04-14 13:47:04,110 - INFO - *******STOP GROWING CR RULE*******
2026-04-14 13:47:04,114 - INFO - *******GROWING CR RULE*******
2026-04-14 13:47:04,486 - INFO - Iteracja 0: condition_best: Dewpoint <= 38.35, quality_best: 0.569, coverage_best: (p=208, n=63, P=332, N=1129)
2026-04-14 13:47:04,486 - INFO - Regula po iteracji 0: IF Dewpoint <= 38.35 THEN class = {43.48} [37.43, 49.54], (p=208, n=63, P=332, N=1129)
2026-04-14 13:47:04,487 - INFO - *****GROWING RR RULE*****
2026-04-14 13:47:05,059 - INFO - Iteracja 0: condition_best: None, quality_best: -inf, coverage_best: (p=0, n=0, P=0, N=0), p_value: 0
2026-04-14 13:47:05,059 - INFO - Regula po iteracji 0: IF  THEN class = {61.51} [47.14, 75.88], (p=850, n=611, P=850, N=611)
2026-04-14 13:47:05,059 - INFO - *****STOP GROWING RR RULE*****
2026-04-14 13:47:05,059 - INFO - ***RR NOT FOUND***
2026-04-14 13:47:05,140 - INFO - Iteracja 1: condition_best: Max_temperature <= 61.10, quality_best: 0.58, coverage_best: (p=161, n=75, P=194, N=1267)
2026-04-14 13:47:05,140 - INFO - Regula po iteracji 1: IF Dewpoint <= 38.35 AND Max_temperature <= 61.10 THEN class = {42.00} [37.88, 46.12], (p=161, n=75, P=194, N=1267)
2026-04-14 13:47:05,140 - INFO - *****GROWING RR RULE*****
2026-04-14 13:47:05,715 - INFO - Iteracja 0: condition_best: None, quality_best: -inf, coverage_best: (p=0, n=0, P=0, N=0), p_value: 0
2026-04-14 13:47:05,716 - INFO - Regula po iteracji 0: IF  THEN class = {61.51} [47.14, 75.88], (p=850, n=611, P=850, N=611)
2026-04-14 13:47:05,716 - INFO - *****STOP GROWING RR RULE*****
2026-04-14 13:47:05,716 - INFO - ***RR NOT FOUND***
2026-04-14 13:47:05,788 - INFO - Iteracja 2: condition_best: Max_temperature >= 42.55, quality_best: 0.585, coverage_best: (p=157, n=70, P=193, N=1268)
2026-04-14 13:47:05,788 - INFO - Regula po iteracji 2: IF Dewpoint <= 38.35 AND Max_temperature <= 61.10 AND Max_temperature >= 42.55 THEN class = {42.26} [38.32, 46.21], (p=157, n=70, P=193, N=1268)
2026-04-14 13:47:05,789 - INFO - *****GROWING RR RULE*****
2026-04-14 13:47:06,362 - INFO - Iteracja 0: condition_best: None, quality_best: -inf, coverage_best: (p=0, n=0, P=0, N=0), p_value: 0
2026-04-14 13:47:06,362 - INFO - Regula po iteracji 0: IF  THEN class = {61.51} [47.14, 75.88], (p=850, n=611, P=850, N=611)
2026-04-14 13:47:06,363 - INFO - *****STOP GROWING RR RULE*****
2026-04-14 13:47:06,363 - INFO - ***RR NOT FOUND***
2026-04-14 13:47:06,431 - INFO - Iteracja 3: condition_best: Precipitation <= 1.15, quality_best: 0.59, coverage_best: (p=156, n=69, P=190, N=1271)
2026-04-14 13:47:06,431 - INFO - Regula po iteracji 3: IF Dewpoint <= 38.35 AND Max_temperature <= 61.10 AND Max_temperature >= 42.55 AND Precipitation <= 1.15 THEN class = {42.21} [38.29, 46.12], (p=156, n=69, P=190, N=1271)
2026-04-14 13:47:06,432 - INFO - *****GROWING RR RULE*****
2026-04-14 13:47:07,007 - INFO - Iteracja 0: condition_best: None, quality_best: -inf, coverage_best: (p=0, n=0, P=0, N=0), p_value: 0
2026-04-14 13:47:07,007 - INFO - Regula po iteracji 0: IF  THEN class = {61.51} [47.14, 75.88], (p=850, n=611, P=850, N=611)
2026-04-14 13:47:07,007 - INFO - *****STOP GROWING RR RULE*****
2026-04-14 13:47:07,007 - INFO - ***RR NOT FOUND***
2026-04-14 13:47:07,076 - INFO - Iteracja 4: condition_best: Sea_level_pressure >= 29.73, quality_best: 0.594, coverage_best: (p=156, n=68, P=189, N=1272)
2026-04-14 13:47:07,076 - INFO - Regula po iteracji 4: IF Dewpoint <= 38.35 AND Max_temperature <= 61.10 AND Max_temperature >= 42.55 AND Precipitation <= 1.15 AND Sea_level_pressure >= 29.73 THEN class = {42.23} [38.32, 46.14], (p=156, n=68, P=189, N=1272)
2026-04-14 13:47:07,076 - INFO - *****GROWING RR RULE*****
2026-04-14 13:47:07,645 - INFO - Iteracja 0: condition_best: None, quality_best: -inf, coverage_best: (p=0, n=0, P=0, N=0), p_value: 0
2026-04-14 13:47:07,645 - INFO - Regula po iteracji 0: IF  THEN class = {61.51} [47.14, 75.88], (p=850, n=611, P=850, N=611)
2026-04-14 13:47:07,645 - INFO - *****STOP GROWING RR RULE*****
2026-04-14 13:47:07,645 - INFO - ***RR NOT FOUND***
2026-04-14 13:47:07,645 - INFO - *******STOP GROWING CR RULE*******
2026-04-14 13:47:07,650 - INFO - *******GROWING CR RULE*******
2026-04-14 13:47:08,035 - INFO - Iteracja 0: condition_best: Dewpoint <= 38.35, quality_best: 0.569, coverage_best: (p=208, n=63, P=332, N=1129)
2026-04-14 13:47:08,035 - INFO - Regula po iteracji 0: IF Dewpoint <= 38.35 THEN class = {43.48} [37.43, 49.54], (p=208, n=63, P=332, N=1129)
2026-04-14 13:47:08,035 - INFO - *****GROWING RR RULE*****
2026-04-14 13:47:08,609 - INFO - Iteracja 0: condition_best: None, quality_best: -inf, coverage_best: (p=0, n=0, P=0, N=0), p_value: 0
2026-04-14 13:47:08,609 - INFO - Regula po iteracji 0: IF  THEN class = {61.51} [47.14, 75.88], (p=850, n=611, P=850, N=611)
2026-04-14 13:47:08,609 - INFO - *****STOP GROWING RR RULE*****
2026-04-14 13:47:08,609 - INFO - ***RR NOT FOUND***
2026-04-14 13:47:08,691 - INFO - Iteracja 1: condition_best: Max_wind_speed >= 33.25, quality_best: 0.577, coverage_best: (p=203, n=58, P=329, N=1132)
2026-04-14 13:47:08,691 - INFO - Regula po iteracji 1: IF Dewpoint <= 38.35 AND Max_wind_speed >= 33.25 THEN class = {43.38} [37.31, 49.44], (p=203, n=58, P=329, N=1132)
2026-04-14 13:47:08,691 - INFO - *****GROWING RR RULE*****
2026-04-14 13:47:09,264 - INFO - Iteracja 0: condition_best: None, quality_best: -inf, coverage_best: (p=0, n=0, P=0, N=0), p_value: 0
2026-04-14 13:47:09,264 - INFO - Regula po iteracji 0: IF  THEN class = {61.51} [47.14, 75.88], (p=850, n=611, P=850, N=611)
2026-04-14 13:47:09,264 - INFO - *****STOP GROWING RR RULE*****
2026-04-14 13:47:09,264 - INFO - ***RR NOT FOUND***
2026-04-14 13:47:09,343 - INFO - Iteracja 2: condition_best: Visibility <= 28.15, quality_best: 0.583, coverage_best: (p=203, n=56, P=329, N=1132)
2026-04-14 13:47:09,343 - INFO - Regula po iteracji 2: IF Dewpoint <= 38.35 AND Max_wind_speed >= 33.25 AND Visibility <= 28.15 THEN class = {43.44} [37.38, 49.49], (p=203, n=56, P=329, N=1132)
2026-04-14 13:47:09,344 - INFO - *****GROWING RR RULE*****
2026-04-14 13:47:09,915 - INFO - Iteracja 0: condition_best: None, quality_best: -inf, coverage_best: (p=0, n=0, P=0, N=0), p_value: 0
2026-04-14 13:47:09,915 - INFO - Regula po iteracji 0: IF  THEN class = {61.51} [47.14, 75.88], (p=850, n=611, P=850, N=611)
2026-04-14 13:47:09,915 - INFO - *****STOP GROWING RR RULE*****
2026-04-14 13:47:09,915 - INFO - ***RR NOT FOUND***
2026-04-14 13:47:09,994 - INFO - Iteracja 3: condition_best: Standard_pressure >= 5.20, quality_best: 0.582, coverage_best: (p=203, n=55, P=334, N=1127)
2026-04-14 13:47:09,994 - INFO - Regula po iteracji 3: IF Dewpoint <= 38.35 AND Max_wind_speed >= 33.25 AND Visibility <= 28.15 AND Standard_pressure >= 5.20 THEN class = {43.46} [37.40, 49.51], (p=203, n=55, P=334, N=1127)
2026-04-14 13:47:09,994 - INFO - *****GROWING RR RULE*****
2026-04-14 13:47:10,568 - INFO - Iteracja 0: condition_best: None, quality_best: -inf, coverage_best: (p=0, n=0, P=0, N=0), p_value: 0
2026-04-14 13:47:10,568 - INFO - Regula po iteracji 0: IF  THEN class = {61.51} [47.14, 75.88], (p=850, n=611, P=850, N=611)
2026-04-14 13:47:10,568 - INFO - *****STOP GROWING RR RULE*****
2026-04-14 13:47:10,568 - INFO - ***RR NOT FOUND***
2026-04-14 13:47:10,648 - INFO - Iteracja 4: condition_best: Standard_pressure >= 5.35, quality_best: 0.58, coverage_best: (p=202, n=55, P=334, N=1127)
2026-04-14 13:47:10,648 - INFO - Regula po iteracji 4: IF Dewpoint <= 38.35 AND Max_wind_speed >= 33.25 AND Visibility <= 28.15 AND Standard_pressure >= 5.20 AND Standard_pressure >= 5.35 THEN class = {43.46} [37.40, 49.53], (p=202, n=55, P=334, N=1127)
2026-04-14 13:47:10,648 - INFO - *****GROWING RR RULE*****
2026-04-14 13:47:11,243 - INFO - Iteracja 0: condition_best: None, quality_best: -inf, coverage_best: (p=0, n=0, P=0, N=0), p_value: 0
2026-04-14 13:47:11,244 - INFO - Regula po iteracji 0: IF  THEN class = {61.51} [47.14, 75.88], (p=850, n=611, P=850, N=611)
2026-04-14 13:47:11,244 - INFO - *****STOP GROWING RR RULE*****
2026-04-14 13:47:11,244 - INFO - ***RR NOT FOUND***
2026-04-14 13:47:11,244 - INFO - *******STOP GROWING CR RULE*******
2026-04-14 13:47:11,248 - INFO - *******GROWING CR RULE*******
2026-04-14 13:47:11,629 - INFO - Iteracja 0: condition_best: Max_temperature >= 80.70, quality_best: 0.568, coverage_best: (p=358, n=172, P=360, N=1101)
2026-04-14 13:47:11,629 - INFO - Regula po iteracji 0: IF Max_temperature >= 80.70 THEN class = {77.68} [72.53, 82.83], (p=358, n=172, P=360, N=1101)
2026-04-14 13:47:11,630 - INFO - *****GROWING RR RULE*****
2026-04-14 13:47:12,219 - INFO - Iteracja 0: condition_best: None, quality_best: -inf, coverage_best: (p=0, n=0, P=0, N=0), p_value: 0
2026-04-14 13:47:12,220 - INFO - Regula po iteracji 0: IF  THEN class = {61.51} [47.14, 75.88], (p=850, n=611, P=850, N=611)
2026-04-14 13:47:12,220 - INFO - *****STOP GROWING RR RULE*****
2026-04-14 13:47:12,220 - INFO - ***RR NOT FOUND***
2026-04-14 13:47:12,329 - INFO - Iteracja 1: condition_best: Min_temperature <= 71.30, quality_best: 0.612, coverage_best: (p=313, n=129, P=326, N=1135)
2026-04-14 13:47:12,329 - INFO - Regula po iteracji 1: IF Max_temperature >= 80.70 AND Min_temperature <= 71.30 THEN class = {76.50} [71.75, 81.26], (p=313, n=129, P=326, N=1135)
2026-04-14 13:47:12,330 - INFO - *****GROWING RR RULE*****
2026-04-14 13:47:12,922 - INFO - Iteracja 0: condition_best: None, quality_best: -inf, coverage_best: (p=0, n=0, P=0, N=0), p_value: 0
2026-04-14 13:47:12,922 - INFO - Regula po iteracji 0: IF  THEN class = {61.51} [47.14, 75.88], (p=850, n=611, P=850, N=611)
2026-04-14 13:47:12,922 - INFO - *****STOP GROWING RR RULE*****
2026-04-14 13:47:12,922 - INFO - ***RR NOT FOUND***
2026-04-14 13:47:13,016 - INFO - Iteracja 2: condition_best: Max_temperature <= 97.25, quality_best: 0.62, coverage_best: (p=296, n=120, P=310, N=1151)
2026-04-14 13:47:13,016 - INFO - Regula po iteracji 2: IF Max_temperature >= 80.70 AND Min_temperature <= 71.30 AND Max_temperature <= 97.25 THEN class = {76.05} [71.56, 80.55], (p=296, n=120, P=310, N=1151)
2026-04-14 13:47:13,017 - INFO - *****GROWING RR RULE*****
2026-04-14 13:47:13,601 - INFO - Iteracja 0: condition_best: None, quality_best: -inf, coverage_best: (p=0, n=0, P=0, N=0), p_value: 0
2026-04-14 13:47:13,601 - INFO - Regula po iteracji 0: IF  THEN class = {61.51} [47.14, 75.88], (p=850, n=611, P=850, N=611)
2026-04-14 13:47:13,601 - INFO - *****STOP GROWING RR RULE*****
2026-04-14 13:47:13,601 - INFO - ***RR NOT FOUND***
2026-04-14 13:47:13,692 - INFO - Iteracja 3: condition_best: Max_temperature >= 82.30, quality_best: 0.639, coverage_best: (p=286, n=107, P=302, N=1159)
2026-04-14 13:47:13,692 - INFO - Regula po iteracji 3: IF Max_temperature >= 80.70 AND Min_temperature <= 71.30 AND Max_temperature <= 97.25 AND Max_temperature >= 82.30 THEN class = {76.45} [72.20, 80.71], (p=286, n=107, P=302, N=1159)
2026-04-14 13:47:13,692 - INFO - *****GROWING RR RULE*****
2026-04-14 13:47:14,277 - INFO - Iteracja 0: condition_best: None, quality_best: -inf, coverage_best: (p=0, n=0, P=0, N=0), p_value: 0
2026-04-14 13:47:14,278 - INFO - Regula po iteracji 0: IF  THEN class = {61.51} [47.14, 75.88], (p=850, n=611, P=850, N=611)
2026-04-14 13:47:14,278 - INFO - *****STOP GROWING RR RULE*****
2026-04-14 13:47:14,278 - INFO - ***RR NOT FOUND***
2026-04-14 13:47:14,364 - INFO - Iteracja 4: condition_best: Precipitation <= 0.10, quality_best: 0.641, coverage_best: (p=281, n=106, P=295, N=1166)
2026-04-14 13:47:14,365 - INFO - Regula po iteracji 4: IF Max_temperature >= 80.70 AND Min_temperature <= 71.30 AND Max_temperature <= 97.25 AND Max_temperature >= 82.30 AND Precipitation <= 0.10 THEN class = {76.50} [72.29, 80.71], (p=281, n=106, P=295, N=1166)
2026-04-14 13:47:14,365 - INFO - *****GROWING RR RULE*****
2026-04-14 13:47:14,950 - INFO - Iteracja 0: condition_best: None, quality_best: -inf, coverage_best: (p=0, n=0, P=0, N=0), p_value: 0
2026-04-14 13:47:14,951 - INFO - Regula po iteracji 0: IF  THEN class = {61.51} [47.14, 75.88], (p=850, n=611, P=850, N=611)
2026-04-14 13:47:14,951 - INFO - *****STOP GROWING RR RULE*****
2026-04-14 13:47:14,951 - INFO - ***RR NOT FOUND***
2026-04-14 13:47:14,951 - INFO - *******STOP GROWING CR RULE*******
2026-04-14 13:47:14,955 - INFO - *******GROWING CR RULE*******
2026-04-14 13:47:15,334 - INFO - Iteracja 0: condition_best: Max_temperature >= 80.70, quality_best: 0.568, coverage_best: (p=358, n=172, P=360, N=1101)
2026-04-14 13:47:15,334 - INFO - Regula po iteracji 0: IF Max_temperature >= 80.70 THEN class = {77.68} [72.53, 82.83], (p=358, n=172, P=360, N=1101)
2026-04-14 13:47:15,335 - INFO - *****GROWING RR RULE*****
2026-04-14 13:47:15,927 - INFO - Iteracja 0: condition_best: None, quality_best: -inf, coverage_best: (p=0, n=0, P=0, N=0), p_value: 0
2026-04-14 13:47:15,928 - INFO - Regula po iteracji 0: IF  THEN class = {61.51} [47.14, 75.88], (p=850, n=611, P=850, N=611)
2026-04-14 13:47:15,928 - INFO - *****STOP GROWING RR RULE*****
2026-04-14 13:47:15,928 - INFO - ***RR NOT FOUND***
2026-04-14 13:47:16,038 - INFO - Iteracja 1: condition_best: Min_temperature <= 71.30, quality_best: 0.612, coverage_best: (p=313, n=129, P=326, N=1135)
2026-04-14 13:47:16,038 - INFO - Regula po iteracji 1: IF Max_temperature >= 80.70 AND Min_temperature <= 71.30 THEN class = {76.50} [71.75, 81.26], (p=313, n=129, P=326, N=1135)
2026-04-14 13:47:16,038 - INFO - *****GROWING RR RULE*****
2026-04-14 13:47:16,633 - INFO - Iteracja 0: condition_best: None, quality_best: -inf, coverage_best: (p=0, n=0, P=0, N=0), p_value: 0
2026-04-14 13:47:16,634 - INFO - Regula po iteracji 0: IF  THEN class = {61.51} [47.14, 75.88], (p=850, n=611, P=850, N=611)
2026-04-14 13:47:16,634 - INFO - *****STOP GROWING RR RULE*****
2026-04-14 13:47:16,634 - INFO - ***RR NOT FOUND***
2026-04-14 13:47:16,727 - INFO - Iteracja 2: condition_best: Max_temperature <= 97.25, quality_best: 0.62, coverage_best: (p=296, n=120, P=310, N=1151)
2026-04-14 13:47:16,727 - INFO - Regula po iteracji 2: IF Max_temperature >= 80.70 AND Min_temperature <= 71.30 AND Max_temperature <= 97.25 THEN class = {76.05} [71.56, 80.55], (p=296, n=120, P=310, N=1151)
2026-04-14 13:47:16,727 - INFO - *****GROWING RR RULE*****
2026-04-14 13:47:17,316 - INFO - Iteracja 0: condition_best: None, quality_best: -inf, coverage_best: (p=0, n=0, P=0, N=0), p_value: 0
2026-04-14 13:47:17,317 - INFO - Regula po iteracji 0: IF  THEN class = {61.51} [47.14, 75.88], (p=850, n=611, P=850, N=611)
2026-04-14 13:47:17,317 - INFO - *****STOP GROWING RR RULE*****
2026-04-14 13:47:17,317 - INFO - ***RR NOT FOUND***
2026-04-14 13:47:17,407 - INFO - Iteracja 3: condition_best: Max_temperature >= 81.05, quality_best: 0.628, coverage_best: (p=291, n=116, P=303, N=1158)
2026-04-14 13:47:17,407 - INFO - Regula po iteracji 3: IF Max_temperature >= 80.70 AND Min_temperature <= 71.30 AND Max_temperature <= 97.25 AND Max_temperature >= 81.05 THEN class = {76.23} [71.85, 80.60], (p=291, n=116, P=303, N=1158)
2026-04-14 13:47:17,408 - INFO - *****GROWING RR RULE*****
2026-04-14 13:47:17,994 - INFO - Iteracja 0: condition_best: None, quality_best: -inf, coverage_best: (p=0, n=0, P=0, N=0), p_value: 0
2026-04-14 13:47:17,994 - INFO - Regula po iteracji 0: IF  THEN class = {61.51} [47.14, 75.88], (p=850, n=611, P=850, N=611)
2026-04-14 13:47:17,994 - INFO - *****STOP GROWING RR RULE*****
2026-04-14 13:47:17,994 - INFO - ***RR NOT FOUND***
2026-04-14 13:47:18,084 - INFO - Iteracja 4: condition_best: Dewpoint >= 39.20, quality_best: 0.634, coverage_best: (p=291, n=113, P=303, N=1158)
2026-04-14 13:47:18,084 - INFO - Regula po iteracji 4: IF Max_temperature >= 80.70 AND Min_temperature <= 71.30 AND Max_temperature <= 97.25 AND Max_temperature >= 81.05 AND Dewpoint >= 39.20 THEN class = {76.24} [71.87, 80.61], (p=291, n=113, P=303, N=1158)
2026-04-14 13:47:18,084 - INFO - *****GROWING RR RULE*****
2026-04-14 13:47:18,676 - INFO - Iteracja 0: condition_best: None, quality_best: -inf, coverage_best: (p=0, n=0, P=0, N=0), p_value: 0
2026-04-14 13:47:18,677 - INFO - Regula po iteracji 0: IF  THEN class = {61.51} [47.14, 75.88], (p=850, n=611, P=850, N=611)
2026-04-14 13:47:18,677 - INFO - *****STOP GROWING RR RULE*****
2026-04-14 13:47:18,677 - INFO - ***RR NOT FOUND***
2026-04-14 13:47:18,677 - INFO - *******STOP GROWING CR RULE*******
2026-04-14 13:47:18,681 - INFO - *******GROWING CR RULE*******
2026-04-14 13:47:19,060 - INFO - Iteracja 0: condition_best: Max_temperature >= 80.70, quality_best: 0.568, coverage_best: (p=358, n=172, P=360, N=1101)
2026-04-14 13:47:19,060 - INFO - Regula po iteracji 0: IF Max_temperature >= 80.70 THEN class = {77.68} [72.53, 82.83], (p=358, n=172, P=360, N=1101)
2026-04-14 13:47:19,060 - INFO - *****GROWING RR RULE*****
2026-04-14 13:47:19,654 - INFO - Iteracja 0: condition_best: None, quality_best: -inf, coverage_best: (p=0, n=0, P=0, N=0), p_value: 0
2026-04-14 13:47:19,655 - INFO - Regula po iteracji 0: IF  THEN class = {61.51} [47.14, 75.88], (p=850, n=611, P=850, N=611)
2026-04-14 13:47:19,655 - INFO - *****STOP GROWING RR RULE*****
2026-04-14 13:47:19,655 - INFO - ***RR NOT FOUND***
2026-04-14 13:47:19,765 - INFO - Iteracja 1: condition_best: Min_temperature <= 71.30, quality_best: 0.612, coverage_best: (p=313, n=129, P=326, N=1135)
2026-04-14 13:47:19,765 - INFO - Regula po iteracji 1: IF Max_temperature >= 80.70 AND Min_temperature <= 71.30 THEN class = {76.50} [71.75, 81.26], (p=313, n=129, P=326, N=1135)
2026-04-14 13:47:19,765 - INFO - *****GROWING RR RULE*****
2026-04-14 13:47:20,360 - INFO - Iteracja 0: condition_best: None, quality_best: -inf, coverage_best: (p=0, n=0, P=0, N=0), p_value: 0
2026-04-14 13:47:20,360 - INFO - Regula po iteracji 0: IF  THEN class = {61.51} [47.14, 75.88], (p=850, n=611, P=850, N=611)
2026-04-14 13:47:20,360 - INFO - *****STOP GROWING RR RULE*****
2026-04-14 13:47:20,360 - INFO - ***RR NOT FOUND***
2026-04-14 13:47:20,454 - INFO - Iteracja 2: condition_best: Max_temperature <= 97.25, quality_best: 0.62, coverage_best: (p=296, n=120, P=310, N=1151)
2026-04-14 13:47:20,454 - INFO - Regula po iteracji 2: IF Max_temperature >= 80.70 AND Min_temperature <= 71.30 AND Max_temperature <= 97.25 THEN class = {76.05} [71.56, 80.55], (p=296, n=120, P=310, N=1151)
2026-04-14 13:47:20,455 - INFO - *****GROWING RR RULE*****
2026-04-14 13:47:21,048 - INFO - Iteracja 0: condition_best: None, quality_best: -inf, coverage_best: (p=0, n=0, P=0, N=0), p_value: 0
2026-04-14 13:47:21,049 - INFO - Regula po iteracji 0: IF  THEN class = {61.51} [47.14, 75.88], (p=850, n=611, P=850, N=611)
2026-04-14 13:47:21,049 - INFO - *****STOP GROWING RR RULE*****
2026-04-14 13:47:21,049 - INFO - ***RR NOT FOUND***
2026-04-14 13:47:21,139 - INFO - Iteracja 3: condition_best: Sea_level_pressure <= 30.05, quality_best: 0.624, coverage_best: (p=285, n=114, P=300, N=1161)
2026-04-14 13:47:21,139 - INFO - Regula po iteracji 3: IF Max_temperature >= 80.70 AND Min_temperature <= 71.30 AND Max_temperature <= 97.25 AND Sea_level_pressure <= 30.05 THEN class = {76.32} [72.00, 80.63], (p=285, n=114, P=300, N=1161)
2026-04-14 13:47:21,139 - INFO - *****GROWING RR RULE*****
2026-04-14 13:47:21,731 - INFO - Iteracja 0: condition_best: None, quality_best: -inf, coverage_best: (p=0, n=0, P=0, N=0), p_value: 0
2026-04-14 13:47:21,732 - INFO - Regula po iteracji 0: IF  THEN class = {61.51} [47.14, 75.88], (p=850, n=611, P=850, N=611)
2026-04-14 13:47:21,732 - INFO - *****STOP GROWING RR RULE*****
2026-04-14 13:47:21,732 - INFO - ***RR NOT FOUND***
2026-04-14 13:47:21,818 - INFO - Iteracja 4: condition_best: Dewpoint >= 39.20, quality_best: 0.631, coverage_best: (p=285, n=111, P=300, N=1161)
2026-04-14 13:47:21,818 - INFO - Regula po iteracji 4: IF Max_temperature >= 80.70 AND Min_temperature <= 71.30 AND Max_temperature <= 97.25 AND Sea_level_pressure <= 30.05 AND Dewpoint >= 39.20 THEN class = {76.33} [72.02, 80.64], (p=285, n=111, P=300, N=1161)
2026-04-14 13:47:21,819 - INFO - *****GROWING RR RULE*****
2026-04-14 13:47:22,407 - INFO - Iteracja 0: condition_best: None, quality_best: -inf, coverage_best: (p=0, n=0, P=0, N=0), p_value: 0
2026-04-14 13:47:22,407 - INFO - Regula po iteracji 0: IF  THEN class = {61.51} [47.14, 75.88], (p=850, n=611, P=850, N=611)
2026-04-14 13:47:22,407 - INFO - *****STOP GROWING RR RULE*****
2026-04-14 13:47:22,407 - INFO - ***RR NOT FOUND***
2026-04-14 13:47:22,407 - INFO - *******STOP GROWING CR RULE*******
2026-04-14 13:47:22,412 - INFO - *******GROWING CR RULE*******
2026-04-14 13:47:22,791 - INFO - Iteracja 0: condition_best: Dewpoint <= 38.85, quality_best: 0.564, coverage_best: (p=219, n=62, P=366, N=1095)
2026-04-14 13:47:22,791 - INFO - Regula po iteracji 0: IF Dewpoint <= 38.85 THEN class = {43.82} [37.28, 50.36], (p=219, n=62, P=366, N=1095)
2026-04-14 13:47:22,792 - INFO - *****GROWING RR RULE*****
2026-04-14 13:47:23,369 - INFO - Iteracja 0: condition_best: None, quality_best: -inf, coverage_best: (p=0, n=0, P=0, N=0), p_value: 0
2026-04-14 13:47:23,370 - INFO - Regula po iteracji 0: IF  THEN class = {61.51} [47.14, 75.88], (p=850, n=611, P=850, N=611)
2026-04-14 13:47:23,370 - INFO - *****STOP GROWING RR RULE*****
2026-04-14 13:47:23,370 - INFO - ***RR NOT FOUND***
2026-04-14 13:47:23,453 - INFO - Iteracja 1: condition_best: Max_temperature <= 59.10, quality_best: 0.591, coverage_best: (p=155, n=73, P=180, N=1281)
2026-04-14 13:47:23,453 - INFO - Regula po iteracji 1: IF Dewpoint <= 38.85 AND Max_temperature <= 59.10 THEN class = {41.73} [37.81, 45.64], (p=155, n=73, P=180, N=1281)
2026-04-14 13:47:23,454 - INFO - *****GROWING RR RULE*****
2026-04-14 13:47:24,024 - INFO - Iteracja 0: condition_best: None, quality_best: -inf, coverage_best: (p=0, n=0, P=0, N=0), p_value: 0
2026-04-14 13:47:24,024 - INFO - Regula po iteracji 0: IF  THEN class = {61.51} [47.14, 75.88], (p=850, n=611, P=850, N=611)
2026-04-14 13:47:24,024 - INFO - *****STOP GROWING RR RULE*****
2026-04-14 13:47:24,024 - INFO - ***RR NOT FOUND***
2026-04-14 13:47:24,095 - INFO - Iteracja 2: condition_best: Visibility <= 28.15, quality_best: 0.597, coverage_best: (p=155, n=71, P=180, N=1281)
2026-04-14 13:47:24,095 - INFO - Regula po iteracji 2: IF Dewpoint <= 38.85 AND Max_temperature <= 59.10 AND Visibility <= 28.15 THEN class = {41.78} [37.89, 45.67], (p=155, n=71, P=180, N=1281)
2026-04-14 13:47:24,095 - INFO - *****GROWING RR RULE*****
2026-04-14 13:47:24,671 - INFO - Iteracja 0: condition_best: None, quality_best: -inf, coverage_best: (p=0, n=0, P=0, N=0), p_value: 0
2026-04-14 13:47:24,671 - INFO - Regula po iteracji 0: IF  THEN class = {61.51} [47.14, 75.88], (p=850, n=611, P=850, N=611)
2026-04-14 13:47:24,671 - INFO - *****STOP GROWING RR RULE*****
2026-04-14 13:47:24,671 - INFO - ***RR NOT FOUND***
2026-04-14 13:47:24,742 - INFO - Iteracja 3: condition_best: Precipitation <= 2.00, quality_best: 0.6, coverage_best: (p=155, n=70, P=180, N=1281)
2026-04-14 13:47:24,742 - INFO - Regula po iteracji 3: IF Dewpoint <= 38.85 AND Max_temperature <= 59.10 AND Visibility <= 28.15 AND Precipitation <= 2.00 THEN class = {41.75} [37.88, 45.62], (p=155, n=70, P=180, N=1281)
2026-04-14 13:47:24,742 - INFO - *****GROWING RR RULE*****
2026-04-14 13:47:25,316 - INFO - Iteracja 0: condition_best: None, quality_best: -inf, coverage_best: (p=0, n=0, P=0, N=0), p_value: 0
2026-04-14 13:47:25,316 - INFO - Regula po iteracji 0: IF  THEN class = {61.51} [47.14, 75.88], (p=850, n=611, P=850, N=611)
2026-04-14 13:47:25,317 - INFO - *****STOP GROWING RR RULE*****
2026-04-14 13:47:25,317 - INFO - ***RR NOT FOUND***
2026-04-14 13:47:25,387 - INFO - Iteracja 4: condition_best: Standard_pressure <= 9.10, quality_best: 0.604, coverage_best: (p=155, n=69, P=180, N=1281)
2026-04-14 13:47:25,387 - INFO - Regula po iteracji 4: IF Dewpoint <= 38.85 AND Max_temperature <= 59.10 AND Visibility <= 28.15 AND Precipitation <= 2.00 AND Standard_pressure <= 9.10 THEN class = {41.77} [37.90, 45.64], (p=155, n=69, P=180, N=1281)
2026-04-14 13:47:25,387 - INFO - *****GROWING RR RULE*****
2026-04-14 13:47:25,957 - INFO - Iteracja 0: condition_best: None, quality_best: -inf, coverage_best: (p=0, n=0, P=0, N=0), p_value: 0
2026-04-14 13:47:25,957 - INFO - Regula po iteracji 0: IF  THEN class = {61.51} [47.14, 75.88], (p=850, n=611, P=850, N=611)
2026-04-14 13:47:25,958 - INFO - *****STOP GROWING RR RULE*****
2026-04-14 13:47:25,958 - INFO - ***RR NOT FOUND***
2026-04-14 13:47:25,958 - INFO - *******STOP GROWING CR RULE*******
2026-04-14 13:47:25,962 - INFO - *******GROWING CR RULE*******
2026-04-14 13:47:26,342 - INFO - Iteracja 0: condition_best: Dewpoint <= 42.05, quality_best: 0.564, coverage_best: (p=320, n=71, P=545, N=916)
2026-04-14 13:47:26,342 - INFO - Regula po iteracji 0: IF Dewpoint <= 42.05 THEN class = {46.18} [37.90, 54.46], (p=320, n=71, P=545, N=916)
2026-04-14 13:47:26,343 - INFO - *****GROWING RR RULE*****
2026-04-14 13:47:26,924 - INFO - Iteracja 0: condition_best: None, quality_best: -inf, coverage_best: (p=0, n=0, P=0, N=0), p_value: 0
2026-04-14 13:47:26,924 - INFO - Regula po iteracji 0: IF  THEN class = {61.51} [47.14, 75.88], (p=850, n=611, P=850, N=611)
2026-04-14 13:47:26,924 - INFO - *****STOP GROWING RR RULE*****
2026-04-14 13:47:26,924 - INFO - ***RR NOT FOUND***
2026-04-14 13:47:27,041 - INFO - Iteracja 1: condition_best: Max_temperature >= 43.10, quality_best: 0.576, coverage_best: (p=313, n=63, P=547, N=914)
2026-04-14 13:47:27,041 - INFO - Regula po iteracji 1: IF Dewpoint <= 42.05 AND Max_temperature >= 43.10 THEN class = {46.56} [38.37, 54.75], (p=313, n=63, P=547, N=914)
2026-04-14 13:47:27,041 - INFO - *****GROWING RR RULE*****
2026-04-14 13:47:27,622 - INFO - Iteracja 0: condition_best: None, quality_best: -inf, coverage_best: (p=0, n=0, P=0, N=0), p_value: 0
2026-04-14 13:47:27,623 - INFO - Regula po iteracji 0: IF  THEN class = {61.51} [47.14, 75.88], (p=850, n=611, P=850, N=611)
2026-04-14 13:47:27,623 - INFO - *****STOP GROWING RR RULE*****
2026-04-14 13:47:27,623 - INFO - ***RR NOT FOUND***
2026-04-14 13:47:27,735 - INFO - Iteracja 2: condition_best: Standard_pressure <= 9.10, quality_best: 0.578, coverage_best: (p=313, n=62, P=547, N=914)
2026-04-14 13:47:27,735 - INFO - Regula po iteracji 2: IF Dewpoint <= 42.05 AND Max_temperature >= 43.10 AND Standard_pressure <= 9.10 THEN class = {46.59} [38.40, 54.78], (p=313, n=62, P=547, N=914)
2026-04-14 13:47:27,736 - INFO - *****GROWING RR RULE*****
2026-04-14 13:47:28,315 - INFO - Iteracja 0: condition_best: None, quality_best: -inf, coverage_best: (p=0, n=0, P=0, N=0), p_value: 0
2026-04-14 13:47:28,316 - INFO - Regula po iteracji 0: IF  THEN class = {61.51} [47.14, 75.88], (p=850, n=611, P=850, N=611)
2026-04-14 13:47:28,316 - INFO - *****STOP GROWING RR RULE*****
2026-04-14 13:47:28,316 - INFO - ***RR NOT FOUND***
2026-04-14 13:47:28,428 - INFO - Iteracja 3: condition_best: Min_temperature >= 17.05, quality_best: 0.578, coverage_best: (p=312, n=62, P=546, N=915)
2026-04-14 13:47:28,429 - INFO - Regula po iteracji 3: IF Dewpoint <= 42.05 AND Max_temperature >= 43.10 AND Standard_pressure <= 9.10 AND Min_temperature >= 17.05 THEN class = {46.63} [38.48, 54.79], (p=312, n=62, P=546, N=915)
2026-04-14 13:47:28,429 - INFO - *****GROWING RR RULE*****
2026-04-14 13:47:29,016 - INFO - Iteracja 0: condition_best: None, quality_best: -inf, coverage_best: (p=0, n=0, P=0, N=0), p_value: 0
2026-04-14 13:47:29,016 - INFO - Regula po iteracji 0: IF  THEN class = {61.51} [47.14, 75.88], (p=850, n=611, P=850, N=611)
2026-04-14 13:47:29,016 - INFO - *****STOP GROWING RR RULE*****
2026-04-14 13:47:29,016 - INFO - ***RR NOT FOUND***
2026-04-14 13:47:29,130 - INFO - Iteracja 4: condition_best: Sea_level_pressure >= 29.73, quality_best: 0.579, coverage_best: (p=305, n=60, P=539, N=922)
2026-04-14 13:47:29,130 - INFO - Regula po iteracji 4: IF Dewpoint <= 42.05 AND Max_temperature >= 43.10 AND Standard_pressure <= 9.10 AND Min_temperature >= 17.05 AND Sea_level_pressure >= 29.73 THEN class = {46.43} [38.45, 54.40], (p=305, n=60, P=539, N=922)
2026-04-14 13:47:29,131 - INFO - *****GROWING RR RULE*****
2026-04-14 13:47:29,713 - INFO - Iteracja 0: condition_best: None, quality_best: -inf, coverage_best: (p=0, n=0, P=0, N=0), p_value: 0
2026-04-14 13:47:29,714 - INFO - Regula po iteracji 0: IF  THEN class = {61.51} [47.14, 75.88], (p=850, n=611, P=850, N=611)
2026-04-14 13:47:29,714 - INFO - *****STOP GROWING RR RULE*****
2026-04-14 13:47:29,714 - INFO - ***RR NOT FOUND***
2026-04-14 13:47:29,714 - INFO - *******STOP GROWING CR RULE*******
2026-04-14 13:47:29,718 - INFO - *******GROWING CR RULE*******
2026-04-14 13:47:30,086 - INFO - Iteracja 0: condition_best: Dewpoint <= 42.05, quality_best: 0.564, coverage_best: (p=320, n=71, P=545, N=916)
2026-04-14 13:47:30,086 - INFO - Regula po iteracji 0: IF Dewpoint <= 42.05 THEN class = {46.18} [37.90, 54.46], (p=320, n=71, P=545, N=916)
2026-04-14 13:47:30,087 - INFO - *****GROWING RR RULE*****
2026-04-14 13:47:30,674 - INFO - Iteracja 0: condition_best: None, quality_best: -inf, coverage_best: (p=0, n=0, P=0, N=0), p_value: 0
2026-04-14 13:47:30,674 - INFO - Regula po iteracji 0: IF  THEN class = {61.51} [47.14, 75.88], (p=850, n=611, P=850, N=611)
2026-04-14 13:47:30,674 - INFO - *****STOP GROWING RR RULE*****
2026-04-14 13:47:30,674 - INFO - ***RR NOT FOUND***
2026-04-14 13:47:30,785 - INFO - Iteracja 1: condition_best: Max_temperature >= 43.10, quality_best: 0.576, coverage_best: (p=313, n=63, P=547, N=914)
2026-04-14 13:47:30,785 - INFO - Regula po iteracji 1: IF Dewpoint <= 42.05 AND Max_temperature >= 43.10 THEN class = {46.56} [38.37, 54.75], (p=313, n=63, P=547, N=914)
2026-04-14 13:47:30,786 - INFO - *****GROWING RR RULE*****
2026-04-14 13:47:31,365 - INFO - Iteracja 0: condition_best: None, quality_best: -inf, coverage_best: (p=0, n=0, P=0, N=0), p_value: 0
2026-04-14 13:47:31,366 - INFO - Regula po iteracji 0: IF  THEN class = {61.51} [47.14, 75.88], (p=850, n=611, P=850, N=611)
2026-04-14 13:47:31,366 - INFO - *****STOP GROWING RR RULE*****
2026-04-14 13:47:31,366 - INFO - ***RR NOT FOUND***
2026-04-14 13:47:31,473 - INFO - Iteracja 2: condition_best: Standard_pressure <= 9.10, quality_best: 0.578, coverage_best: (p=313, n=62, P=547, N=914)
2026-04-14 13:47:31,473 - INFO - Regula po iteracji 2: IF Dewpoint <= 42.05 AND Max_temperature >= 43.10 AND Standard_pressure <= 9.10 THEN class = {46.59} [38.40, 54.78], (p=313, n=62, P=547, N=914)
2026-04-14 13:47:31,473 - INFO - *****GROWING RR RULE*****
2026-04-14 13:47:32,059 - INFO - Iteracja 0: condition_best: None, quality_best: -inf, coverage_best: (p=0, n=0, P=0, N=0), p_value: 0
2026-04-14 13:47:32,059 - INFO - Regula po iteracji 0: IF  THEN class = {61.51} [47.14, 75.88], (p=850, n=611, P=850, N=611)
2026-04-14 13:47:32,060 - INFO - *****STOP GROWING RR RULE*****
2026-04-14 13:47:32,060 - INFO - ***RR NOT FOUND***
2026-04-14 13:47:32,167 - INFO - Iteracja 3: condition_best: Min_temperature >= 17.05, quality_best: 0.578, coverage_best: (p=312, n=62, P=546, N=915)
2026-04-14 13:47:32,167 - INFO - Regula po iteracji 3: IF Dewpoint <= 42.05 AND Max_temperature >= 43.10 AND Standard_pressure <= 9.10 AND Min_temperature >= 17.05 THEN class = {46.63} [38.48, 54.79], (p=312, n=62, P=546, N=915)
2026-04-14 13:47:32,168 - INFO - *****GROWING RR RULE*****
2026-04-14 13:47:32,752 - INFO - Iteracja 0: condition_best: None, quality_best: -inf, coverage_best: (p=0, n=0, P=0, N=0), p_value: 0
2026-04-14 13:47:32,753 - INFO - Regula po iteracji 0: IF  THEN class = {61.51} [47.14, 75.88], (p=850, n=611, P=850, N=611)
2026-04-14 13:47:32,753 - INFO - *****STOP GROWING RR RULE*****
2026-04-14 13:47:32,753 - INFO - ***RR NOT FOUND***
2026-04-14 13:47:32,860 - INFO - Iteracja 4: condition_best: Min_temperature >= 20.20, quality_best: 0.577, coverage_best: (p=311, n=62, P=546, N=915)
2026-04-14 13:47:32,860 - INFO - Regula po iteracji 4: IF Dewpoint <= 42.05 AND Max_temperature >= 43.10 AND Standard_pressure <= 9.10 AND Min_temperature >= 17.05 AND Min_temperature >= 20.20 THEN class = {46.65} [38.49, 54.81], (p=311, n=62, P=546, N=915)
2026-04-14 13:47:32,860 - INFO - *****GROWING RR RULE*****
2026-04-14 13:47:33,445 - INFO - Iteracja 0: condition_best: None, quality_best: -inf, coverage_best: (p=0, n=0, P=0, N=0), p_value: 0
2026-04-14 13:47:33,445 - INFO - Regula po iteracji 0: IF  THEN class = {61.51} [47.14, 75.88], (p=850, n=611, P=850, N=611)
2026-04-14 13:47:33,445 - INFO - *****STOP GROWING RR RULE*****
2026-04-14 13:47:33,445 - INFO - ***RR NOT FOUND***
2026-04-14 13:47:33,445 - INFO - *******STOP GROWING CR RULE*******
2026-04-14 13:47:33,449 - INFO - *******GROWING CR RULE*******
2026-04-14 13:47:33,822 - INFO - Iteracja 0: condition_best: Min_temperature >= 55.50, quality_best: 0.563, coverage_best: (p=383, n=175, P=394, N=1067)
2026-04-14 13:47:33,822 - INFO - Regula po iteracji 0: IF Min_temperature >= 55.50 THEN class = {76.96} [71.08, 82.84], (p=383, n=175, P=394, N=1067)
2026-04-14 13:47:33,822 - INFO - *****GROWING RR RULE*****
2026-04-14 13:47:34,423 - INFO - Iteracja 0: condition_best: None, quality_best: -inf, coverage_best: (p=0, n=0, P=0, N=0), p_value: 0
2026-04-14 13:47:34,423 - INFO - Regula po iteracji 0: IF  THEN class = {61.51} [47.14, 75.88], (p=850, n=611, P=850, N=611)
2026-04-14 13:47:34,423 - INFO - *****STOP GROWING RR RULE*****
2026-04-14 13:47:34,424 - INFO - ***RR NOT FOUND***
2026-04-14 13:47:34,541 - INFO - Iteracja 1: condition_best: Min_temperature <= 71.30, quality_best: 0.606, coverage_best: (p=337, n=133, P=359, N=1102)
2026-04-14 13:47:34,541 - INFO - Regula po iteracji 1: IF Min_temperature >= 55.50 AND Min_temperature <= 71.30 THEN class = {75.71} [70.20, 81.23], (p=337, n=133, P=359, N=1102)
2026-04-14 13:47:34,542 - INFO - *****GROWING RR RULE*****
2026-04-14 13:47:35,137 - INFO - Iteracja 0: condition_best: None, quality_best: -inf, coverage_best: (p=0, n=0, P=0, N=0), p_value: 0
2026-04-14 13:47:35,137 - INFO - Regula po iteracji 0: IF  THEN class = {61.51} [47.14, 75.88], (p=850, n=611, P=850, N=611)
2026-04-14 13:47:35,137 - INFO - *****STOP GROWING RR RULE*****
2026-04-14 13:47:35,137 - INFO - ***RR NOT FOUND***
2026-04-14 13:47:35,239 - INFO - Iteracja 2: condition_best: Precipitation <= 0.25, quality_best: 0.614, coverage_best: (p=333, n=127, P=356, N=1105)
2026-04-14 13:47:35,239 - INFO - Regula po iteracji 2: IF Min_temperature >= 55.50 AND Min_temperature <= 71.30 AND Precipitation <= 0.25 THEN class = {75.87} [70.50, 81.25], (p=333, n=127, P=356, N=1105)
2026-04-14 13:47:35,239 - INFO - *****GROWING RR RULE*****
2026-04-14 13:47:35,838 - INFO - Iteracja 0: condition_best: None, quality_best: -inf, coverage_best: (p=0, n=0, P=0, N=0), p_value: 0
2026-04-14 13:47:35,838 - INFO - Regula po iteracji 0: IF  THEN class = {61.51} [47.14, 75.88], (p=850, n=611, P=850, N=611)
2026-04-14 13:47:35,838 - INFO - *****STOP GROWING RR RULE*****
2026-04-14 13:47:35,838 - INFO - ***RR NOT FOUND***
2026-04-14 13:47:35,938 - INFO - Iteracja 3: condition_best: Max_temperature <= 97.25, quality_best: 0.624, coverage_best: (p=315, n=119, P=336, N=1125)
2026-04-14 13:47:35,938 - INFO - Regula po iteracji 3: IF Min_temperature >= 55.50 AND Min_temperature <= 71.30 AND Precipitation <= 0.25 AND Max_temperature <= 97.25 THEN class = {75.41} [70.26, 80.55], (p=315, n=119, P=336, N=1125)
2026-04-14 13:47:35,938 - INFO - *****GROWING RR RULE*****
2026-04-14 13:47:36,530 - INFO - Iteracja 0: condition_best: None, quality_best: -inf, coverage_best: (p=0, n=0, P=0, N=0), p_value: 0
2026-04-14 13:47:36,530 - INFO - Regula po iteracji 0: IF  THEN class = {61.51} [47.14, 75.88], (p=850, n=611, P=850, N=611)
2026-04-14 13:47:36,531 - INFO - *****STOP GROWING RR RULE*****
2026-04-14 13:47:36,531 - INFO - ***RR NOT FOUND***
2026-04-14 13:47:36,626 - INFO - Iteracja 4: condition_best: Sea_level_pressure <= 30.06, quality_best: 0.632, coverage_best: (p=308, n=113, P=330, N=1131)
2026-04-14 13:47:36,626 - INFO - Regula po iteracji 4: IF Min_temperature >= 55.50 AND Min_temperature <= 71.30 AND Precipitation <= 0.25 AND Max_temperature <= 97.25 AND Sea_level_pressure <= 30.06 THEN class = {75.64} [70.64, 80.65], (p=308, n=113, P=330, N=1131)
2026-04-14 13:47:36,627 - INFO - *****GROWING RR RULE*****
2026-04-14 13:47:37,216 - INFO - Iteracja 0: condition_best: None, quality_best: -inf, coverage_best: (p=0, n=0, P=0, N=0), p_value: 0
2026-04-14 13:47:37,216 - INFO - Regula po iteracji 0: IF  THEN class = {61.51} [47.14, 75.88], (p=850, n=611, P=850, N=611)
2026-04-14 13:47:37,216 - INFO - *****STOP GROWING RR RULE*****
2026-04-14 13:47:37,216 - INFO - ***RR NOT FOUND***
2026-04-14 13:47:37,216 - INFO - *******STOP GROWING CR RULE*******
2026-04-14 13:47:37,220 - INFO - *******GROWING CR RULE*******
2026-04-14 13:47:37,589 - INFO - Iteracja 0: condition_best: Min_temperature >= 54.40, quality_best: 0.562, coverage_best: (p=402, n=183, P=408, N=1053)
2026-04-14 13:47:37,589 - INFO - Regula po iteracji 0: IF Min_temperature >= 54.40 THEN class = {76.48} [70.23, 82.72], (p=402, n=183, P=408, N=1053)
2026-04-14 13:47:37,589 - INFO - *****GROWING RR RULE*****
2026-04-14 13:47:38,187 - INFO - Iteracja 0: condition_best: None, quality_best: -inf, coverage_best: (p=0, n=0, P=0, N=0), p_value: 0
2026-04-14 13:47:38,188 - INFO - Regula po iteracji 0: IF  THEN class = {61.51} [47.14, 75.88], (p=850, n=611, P=850, N=611)
2026-04-14 13:47:38,188 - INFO - *****STOP GROWING RR RULE*****
2026-04-14 13:47:38,188 - INFO - ***RR NOT FOUND***
2026-04-14 13:47:38,310 - INFO - Iteracja 1: condition_best: Min_temperature <= 71.15, quality_best: 0.6, coverage_best: (p=349, n=144, P=363, N=1098)
2026-04-14 13:47:38,310 - INFO - Regula po iteracji 1: IF Min_temperature >= 54.40 AND Min_temperature <= 71.15 THEN class = {75.16} [69.30, 81.01], (p=349, n=144, P=363, N=1098)
2026-04-14 13:47:38,310 - INFO - *****GROWING RR RULE*****
2026-04-14 13:47:38,913 - INFO - Iteracja 0: condition_best: None, quality_best: -inf, coverage_best: (p=0, n=0, P=0, N=0), p_value: 0
2026-04-14 13:47:38,913 - INFO - Regula po iteracji 0: IF  THEN class = {61.51} [47.14, 75.88], (p=850, n=611, P=850, N=611)
2026-04-14 13:47:38,913 - INFO - *****STOP GROWING RR RULE*****
2026-04-14 13:47:38,913 - INFO - ***RR NOT FOUND***
2026-04-14 13:47:39,019 - INFO - Iteracja 2: condition_best: Sea_level_pressure <= 30.05, quality_best: 0.625, coverage_best: (p=343, n=125, P=365, N=1096)
2026-04-14 13:47:39,019 - INFO - Regula po iteracji 2: IF Min_temperature >= 54.40 AND Min_temperature <= 71.15 AND Sea_level_pressure <= 30.05 THEN class = {75.52} [69.83, 81.22], (p=343, n=125, P=365, N=1096)
2026-04-14 13:47:39,020 - INFO - *****GROWING RR RULE*****
2026-04-14 13:47:39,605 - INFO - Iteracja 0: condition_best: None, quality_best: -inf, coverage_best: (p=0, n=0, P=0, N=0), p_value: 0
2026-04-14 13:47:39,605 - INFO - Regula po iteracji 0: IF  THEN class = {61.51} [47.14, 75.88], (p=850, n=611, P=850, N=611)
2026-04-14 13:47:39,605 - INFO - *****STOP GROWING RR RULE*****
2026-04-14 13:47:39,605 - INFO - ***RR NOT FOUND***
2026-04-14 13:47:39,706 - INFO - Iteracja 3: condition_best: Precipitation <= 0.25, quality_best: 0.634, coverage_best: (p=337, n=119, P=359, N=1102)
2026-04-14 13:47:39,706 - INFO - Regula po iteracji 3: IF Min_temperature >= 54.40 AND Min_temperature <= 71.15 AND Sea_level_pressure <= 30.05 AND Precipitation <= 0.25 THEN class = {75.75} [70.25, 81.24], (p=337, n=119, P=359, N=1102)
2026-04-14 13:47:39,707 - INFO - *****GROWING RR RULE*****
2026-04-14 13:47:40,293 - INFO - Iteracja 0: condition_best: None, quality_best: -inf, coverage_best: (p=0, n=0, P=0, N=0), p_value: 0
2026-04-14 13:47:40,293 - INFO - Regula po iteracji 0: IF  THEN class = {61.51} [47.14, 75.88], (p=850, n=611, P=850, N=611)
2026-04-14 13:47:40,294 - INFO - *****STOP GROWING RR RULE*****
2026-04-14 13:47:40,294 - INFO - ***RR NOT FOUND***
2026-04-14 13:47:40,392 - INFO - Iteracja 4: condition_best: Max_temperature <= 96.55, quality_best: 0.646, coverage_best: (p=310, n=108, P=330, N=1131)
2026-04-14 13:47:40,392 - INFO - Regula po iteracji 4: IF Min_temperature >= 54.40 AND Min_temperature <= 71.15 AND Sea_level_pressure <= 30.05 AND Precipitation <= 0.25 AND Max_temperature <= 96.55 THEN class = {75.05} [69.89, 80.21], (p=310, n=108, P=330, N=1131)
2026-04-14 13:47:40,393 - INFO - *****GROWING RR RULE*****
2026-04-14 13:47:40,976 - INFO - Iteracja 0: condition_best: None, quality_best: -inf, coverage_best: (p=0, n=0, P=0, N=0), p_value: 0
2026-04-14 13:47:40,976 - INFO - Regula po iteracji 0: IF  THEN class = {61.51} [47.14, 75.88], (p=850, n=611, P=850, N=611)
2026-04-14 13:47:40,976 - INFO - *****STOP GROWING RR RULE*****
2026-04-14 13:47:40,976 - INFO - ***RR NOT FOUND***
2026-04-14 13:47:40,976 - INFO - *******STOP GROWING CR RULE*******
2026-04-14 13:47:40,980 - INFO - *******GROWING CR RULE*******
2026-04-14 13:47:41,348 - INFO - Iteracja 0: condition_best: Min_temperature >= 54.40, quality_best: 0.562, coverage_best: (p=402, n=183, P=408, N=1053)
2026-04-14 13:47:41,348 - INFO - Regula po iteracji 0: IF Min_temperature >= 54.40 THEN class = {76.48} [70.23, 82.72], (p=402, n=183, P=408, N=1053)
2026-04-14 13:47:41,349 - INFO - *****GROWING RR RULE*****
2026-04-14 13:47:41,947 - INFO - Iteracja 0: condition_best: None, quality_best: -inf, coverage_best: (p=0, n=0, P=0, N=0), p_value: 0
2026-04-14 13:47:41,947 - INFO - Regula po iteracji 0: IF  THEN class = {61.51} [47.14, 75.88], (p=850, n=611, P=850, N=611)
2026-04-14 13:47:41,948 - INFO - *****STOP GROWING RR RULE*****
2026-04-14 13:47:41,948 - INFO - ***RR NOT FOUND***
2026-04-14 13:47:42,069 - INFO - Iteracja 1: condition_best: Min_temperature <= 71.15, quality_best: 0.6, coverage_best: (p=349, n=144, P=363, N=1098)
2026-04-14 13:47:42,069 - INFO - Regula po iteracji 1: IF Min_temperature >= 54.40 AND Min_temperature <= 71.15 THEN class = {75.16} [69.30, 81.01], (p=349, n=144, P=363, N=1098)
2026-04-14 13:47:42,070 - INFO - *****GROWING RR RULE*****
2026-04-14 13:47:42,661 - INFO - Iteracja 0: condition_best: None, quality_best: -inf, coverage_best: (p=0, n=0, P=0, N=0), p_value: 0
2026-04-14 13:47:42,661 - INFO - Regula po iteracji 0: IF  THEN class = {61.51} [47.14, 75.88], (p=850, n=611, P=850, N=611)
2026-04-14 13:47:42,661 - INFO - *****STOP GROWING RR RULE*****
2026-04-14 13:47:42,661 - INFO - ***RR NOT FOUND***
2026-04-14 13:47:42,767 - INFO - Iteracja 2: condition_best: Precipitation <= 0.35, quality_best: 0.613, coverage_best: (p=346, n=136, P=360, N=1101)
2026-04-14 13:47:42,767 - INFO - Regula po iteracji 2: IF Min_temperature >= 54.40 AND Min_temperature <= 71.15 AND Precipitation <= 0.35 THEN class = {75.37} [69.67, 81.06], (p=346, n=136, P=360, N=1101)
2026-04-14 13:47:42,767 - INFO - *****GROWING RR RULE*****
2026-04-14 13:47:43,363 - INFO - Iteracja 0: condition_best: None, quality_best: -inf, coverage_best: (p=0, n=0, P=0, N=0), p_value: 0
2026-04-14 13:47:43,363 - INFO - Regula po iteracji 0: IF  THEN class = {61.51} [47.14, 75.88], (p=850, n=611, P=850, N=611)
2026-04-14 13:47:43,363 - INFO - *****STOP GROWING RR RULE*****
2026-04-14 13:47:43,363 - INFO - ***RR NOT FOUND***
2026-04-14 13:47:43,466 - INFO - Iteracja 3: condition_best: Sea_level_pressure <= 30.09, quality_best: 0.629, coverage_best: (p=347, n=127, P=363, N=1098)
2026-04-14 13:47:43,466 - INFO - Regula po iteracji 3: IF Min_temperature >= 54.40 AND Min_temperature <= 71.15 AND Precipitation <= 0.35 AND Sea_level_pressure <= 30.09 THEN class = {75.51} [69.90, 81.12], (p=347, n=127, P=363, N=1098)
2026-04-14 13:47:43,466 - INFO - *****GROWING RR RULE*****
2026-04-14 13:47:44,061 - INFO - Iteracja 0: condition_best: None, quality_best: -inf, coverage_best: (p=0, n=0, P=0, N=0), p_value: 0
2026-04-14 13:47:44,061 - INFO - Regula po iteracji 0: IF  THEN class = {61.51} [47.14, 75.88], (p=850, n=611, P=850, N=611)
2026-04-14 13:47:44,061 - INFO - *****STOP GROWING RR RULE*****
2026-04-14 13:47:44,061 - INFO - ***RR NOT FOUND***
2026-04-14 13:47:44,163 - INFO - Iteracja 4: condition_best: Max_temperature <= 96.55, quality_best: 0.632, coverage_best: (p=316, n=120, P=329, N=1132)
2026-04-14 13:47:44,163 - INFO - Regula po iteracji 4: IF Min_temperature >= 54.40 AND Min_temperature <= 71.15 AND Precipitation <= 0.35 AND Sea_level_pressure <= 30.09 AND Max_temperature <= 96.55 THEN class = {74.83} [69.55, 80.10], (p=316, n=120, P=329, N=1132)
2026-04-14 13:47:44,163 - INFO - *****GROWING RR RULE*****
2026-04-14 13:47:44,753 - INFO - Iteracja 0: condition_best: None, quality_best: -inf, coverage_best: (p=0, n=0, P=0, N=0), p_value: 0
2026-04-14 13:47:44,753 - INFO - Regula po iteracji 0: IF  THEN class = {61.51} [47.14, 75.88], (p=850, n=611, P=850, N=611)
2026-04-14 13:47:44,753 - INFO - *****STOP GROWING RR RULE*****
2026-04-14 13:47:44,753 - INFO - ***RR NOT FOUND***
2026-04-14 13:47:44,753 - INFO - *******STOP GROWING CR RULE*******
2026-04-14 13:47:44,757 - INFO - *******GROWING CR RULE*******
2026-04-14 13:47:45,122 - INFO - Iteracja 0: condition_best: Dewpoint <= 42.55, quality_best: 0.562, coverage_best: (p=341, n=75, P=572, N=889)
2026-04-14 13:47:45,122 - INFO - Regula po iteracji 0: IF Dewpoint <= 42.55 THEN class = {46.67} [37.96, 55.38], (p=341, n=75, P=572, N=889)
2026-04-14 13:47:45,122 - INFO - *****GROWING RR RULE*****
2026-04-14 13:47:45,702 - INFO - Iteracja 0: condition_best: None, quality_best: -inf, coverage_best: (p=0, n=0, P=0, N=0), p_value: 0
2026-04-14 13:47:45,702 - INFO - Regula po iteracji 0: IF  THEN class = {61.51} [47.14, 75.88], (p=850, n=611, P=850, N=611)
2026-04-14 13:47:45,702 - INFO - *****STOP GROWING RR RULE*****
2026-04-14 13:47:45,702 - INFO - ***RR NOT FOUND***
2026-04-14 13:47:45,820 - INFO - Iteracja 1: condition_best: Max_temperature <= 59.55, quality_best: 0.576, coverage_best: (p=193, n=99, P=212, N=1249)
2026-04-14 13:47:45,829 - INFO - Regula po iteracji 1: IF Dewpoint <= 42.55 AND Max_temperature <= 59.55 THEN class = {42.84} [38.68, 46.99], (p=193, n=99, P=212, N=1249)
2026-04-14 13:47:45,829 - INFO - *****GROWING RR RULE*****
2026-04-14 13:47:46,399 - INFO - Iteracja 0: condition_best: None, quality_best: -inf, coverage_best: (p=0, n=0, P=0, N=0), p_value: 0
2026-04-14 13:47:46,400 - INFO - Regula po iteracji 0: IF  THEN class = {61.51} [47.14, 75.88], (p=850, n=611, P=850, N=611)
2026-04-14 13:47:46,400 - INFO - *****STOP GROWING RR RULE*****
2026-04-14 13:47:46,400 - INFO - ***RR NOT FOUND***
2026-04-14 13:47:46,485 - INFO - Iteracja 2: condition_best: Min_temperature <= 42.60, quality_best: 0.591, coverage_best: (p=179, n=91, P=192, N=1269)
2026-04-14 13:47:46,485 - INFO - Regula po iteracji 2: IF Dewpoint <= 42.55 AND Max_temperature <= 59.55 AND Min_temperature <= 42.60 THEN class = {42.33} [38.44, 46.22], (p=179, n=91, P=192, N=1269)
2026-04-14 13:47:46,486 - INFO - *****GROWING RR RULE*****
2026-04-14 13:47:47,057 - INFO - Iteracja 0: condition_best: None, quality_best: -inf, coverage_best: (p=0, n=0, P=0, N=0), p_value: 0
2026-04-14 13:47:47,057 - INFO - Regula po iteracji 0: IF  THEN class = {61.51} [47.14, 75.88], (p=850, n=611, P=850, N=611)
2026-04-14 13:47:47,057 - INFO - *****STOP GROWING RR RULE*****
2026-04-14 13:47:47,057 - INFO - ***RR NOT FOUND***
2026-04-14 13:47:47,138 - INFO - Iteracja 3: condition_best: Standard_pressure <= 8.05, quality_best: 0.599, coverage_best: (p=178, n=87, P=192, N=1269)
2026-04-14 13:47:47,138 - INFO - Regula po iteracji 3: IF Dewpoint <= 42.55 AND Max_temperature <= 59.55 AND Min_temperature <= 42.60 AND Standard_pressure <= 8.05 THEN class = {42.32} [38.43, 46.21], (p=178, n=87, P=192, N=1269)
2026-04-14 13:47:47,139 - INFO - *****GROWING RR RULE*****
2026-04-14 13:47:47,710 - INFO - Iteracja 0: condition_best: None, quality_best: -inf, coverage_best: (p=0, n=0, P=0, N=0), p_value: 0
2026-04-14 13:47:47,711 - INFO - Regula po iteracji 0: IF  THEN class = {61.51} [47.14, 75.88], (p=850, n=611, P=850, N=611)
2026-04-14 13:47:47,711 - INFO - *****STOP GROWING RR RULE*****
2026-04-14 13:47:47,711 - INFO - ***RR NOT FOUND***
2026-04-14 13:47:47,791 - INFO - Iteracja 4: condition_best: Max_temperature >= 37.95, quality_best: 0.602, coverage_best: (p=178, n=86, P=192, N=1269)
2026-04-14 13:47:47,791 - INFO - Regula po iteracji 4: IF Dewpoint <= 42.55 AND Max_temperature <= 59.55 AND Min_temperature <= 42.60 AND Standard_pressure <= 8.05 AND Max_temperature >= 37.95 THEN class = {42.35} [38.48, 46.22], (p=178, n=86, P=192, N=1269)
2026-04-14 13:47:47,792 - INFO - *****GROWING RR RULE*****
2026-04-14 13:47:48,363 - INFO - Iteracja 0: condition_best: None, quality_best: -inf, coverage_best: (p=0, n=0, P=0, N=0), p_value: 0
2026-04-14 13:47:48,363 - INFO - Regula po iteracji 0: IF  THEN class = {61.51} [47.14, 75.88], (p=850, n=611, P=850, N=611)
2026-04-14 13:47:48,363 - INFO - *****STOP GROWING RR RULE*****
2026-04-14 13:47:48,363 - INFO - ***RR NOT FOUND***
2026-04-14 13:47:48,363 - INFO - *******STOP GROWING CR RULE*******
2026-04-14 13:47:48,367 - INFO - *******GROWING CR RULE*******
2026-04-14 13:47:48,733 - INFO - Iteracja 0: condition_best: Dewpoint <= 42.55, quality_best: 0.562, coverage_best: (p=341, n=75, P=572, N=889)
2026-04-14 13:47:48,733 - INFO - Regula po iteracji 0: IF Dewpoint <= 42.55 THEN class = {46.67} [37.96, 55.38], (p=341, n=75, P=572, N=889)
2026-04-14 13:47:48,733 - INFO - *****GROWING RR RULE*****
2026-04-14 13:47:49,314 - INFO - Iteracja 0: condition_best: None, quality_best: -inf, coverage_best: (p=0, n=0, P=0, N=0), p_value: 0
2026-04-14 13:47:49,315 - INFO - Regula po iteracji 0: IF  THEN class = {61.51} [47.14, 75.88], (p=850, n=611, P=850, N=611)
2026-04-14 13:47:49,315 - INFO - *****STOP GROWING RR RULE*****
2026-04-14 13:47:49,315 - INFO - ***RR NOT FOUND***
2026-04-14 13:47:49,433 - INFO - Iteracja 1: condition_best: Max_temperature >= 42.90, quality_best: 0.57, coverage_best: (p=335, n=68, P=577, N=884)
2026-04-14 13:47:49,433 - INFO - Regula po iteracji 1: IF Dewpoint <= 42.55 AND Max_temperature >= 42.90 THEN class = {47.01} [38.39, 55.64], (p=335, n=68, P=577, N=884)
2026-04-14 13:47:49,433 - INFO - *****GROWING RR RULE*****
2026-04-14 13:47:50,017 - INFO - Iteracja 0: condition_best: None, quality_best: -inf, coverage_best: (p=0, n=0, P=0, N=0), p_value: 0
2026-04-14 13:47:50,018 - INFO - Regula po iteracji 0: IF  THEN class = {61.51} [47.14, 75.88], (p=850, n=611, P=850, N=611)
2026-04-14 13:47:50,018 - INFO - *****STOP GROWING RR RULE*****
2026-04-14 13:47:50,018 - INFO - ***RR NOT FOUND***
2026-04-14 13:47:50,132 - INFO - Iteracja 2: condition_best: Dewpoint <= 42.45, quality_best: 0.575, coverage_best: (p=332, n=68, P=563, N=898)
2026-04-14 13:47:50,132 - INFO - Regula po iteracji 2: IF Dewpoint <= 42.55 AND Max_temperature >= 42.90 AND Dewpoint <= 42.45 THEN class = {46.87} [38.46, 55.29], (p=332, n=68, P=563, N=898)
2026-04-14 13:47:50,132 - INFO - *****GROWING RR RULE*****
2026-04-14 13:47:50,714 - INFO - Iteracja 0: condition_best: None, quality_best: -inf, coverage_best: (p=0, n=0, P=0, N=0), p_value: 0
2026-04-14 13:47:50,714 - INFO - Regula po iteracji 0: IF  THEN class = {61.51} [47.14, 75.88], (p=850, n=611, P=850, N=611)
2026-04-14 13:47:50,714 - INFO - *****STOP GROWING RR RULE*****
2026-04-14 13:47:50,714 - INFO - ***RR NOT FOUND***
2026-04-14 13:47:50,826 - INFO - Iteracja 3: condition_best: Standard_pressure <= 9.75, quality_best: 0.579, coverage_best: (p=333, n=66, P=567, N=894)
2026-04-14 13:47:50,826 - INFO - Regula po iteracji 3: IF Dewpoint <= 42.55 AND Max_temperature >= 42.90 AND Dewpoint <= 42.45 AND Standard_pressure <= 9.75 THEN class = {46.90} [38.48, 55.31], (p=333, n=66, P=567, N=894)
2026-04-14 13:47:50,827 - INFO - *****GROWING RR RULE*****
2026-04-14 13:47:51,415 - INFO - Iteracja 0: condition_best: None, quality_best: -inf, coverage_best: (p=0, n=0, P=0, N=0), p_value: 0
2026-04-14 13:47:51,415 - INFO - Regula po iteracji 0: IF  THEN class = {61.51} [47.14, 75.88], (p=850, n=611, P=850, N=611)
2026-04-14 13:47:51,415 - INFO - *****STOP GROWING RR RULE*****
2026-04-14 13:47:51,415 - INFO - ***RR NOT FOUND***
2026-04-14 13:47:51,530 - INFO - Iteracja 4: condition_best: Sea_level_pressure >= 29.74, quality_best: 0.579, coverage_best: (p=322, n=64, P=555, N=906)
2026-04-14 13:47:51,530 - INFO - Regula po iteracji 4: IF Dewpoint <= 42.55 AND Max_temperature >= 42.90 AND Dewpoint <= 42.45 AND Standard_pressure <= 9.75 AND Sea_level_pressure >= 29.74 THEN class = {46.68} [38.45, 54.92], (p=322, n=64, P=555, N=906)
2026-04-14 13:47:51,530 - INFO - *****GROWING RR RULE*****
2026-04-14 13:47:52,118 - INFO - Iteracja 0: condition_best: None, quality_best: -inf, coverage_best: (p=0, n=0, P=0, N=0), p_value: 0
2026-04-14 13:47:52,118 - INFO - Regula po iteracji 0: IF  THEN class = {61.51} [47.14, 75.88], (p=850, n=611, P=850, N=611)
2026-04-14 13:47:52,118 - INFO - *****STOP GROWING RR RULE*****
2026-04-14 13:47:52,118 - INFO - ***RR NOT FOUND***
2026-04-14 13:47:52,118 - INFO - *******STOP GROWING CR RULE*******
2026-04-14 13:47:52,122 - INFO - *******GROWING CR RULE*******
2026-04-14 13:47:52,488 - INFO - Iteracja 0: condition_best: Min_temperature >= 53.80, quality_best: 0.553, coverage_best: (p=406, n=190, P=411, N=1050)
2026-04-14 13:47:52,490 - INFO - Regula po iteracji 0: IF Min_temperature >= 53.80 THEN class = {76.27} [69.86, 82.67], (p=406, n=190, P=411, N=1050)
2026-04-14 13:47:52,490 - INFO - *****GROWING RR RULE*****
2026-04-14 13:47:53,091 - INFO - Iteracja 0: condition_best: None, quality_best: -inf, coverage_best: (p=0, n=0, P=0, N=0), p_value: 0
2026-04-14 13:47:53,091 - INFO - Regula po iteracji 0: IF  THEN class = {61.51} [47.14, 75.88], (p=850, n=611, P=850, N=611)
2026-04-14 13:47:53,091 - INFO - *****STOP GROWING RR RULE*****
2026-04-14 13:47:53,091 - INFO - ***RR NOT FOUND***
2026-04-14 13:47:53,215 - INFO - Iteracja 1: condition_best: Min_temperature <= 71.30, quality_best: 0.582, coverage_best: (p=353, n=155, P=366, N=1095)
2026-04-14 13:47:53,215 - INFO - Regula po iteracji 1: IF Min_temperature >= 53.80 AND Min_temperature <= 71.30 THEN class = {75.00} [68.97, 81.03], (p=353, n=155, P=366, N=1095)
2026-04-14 13:47:53,215 - INFO - *****GROWING RR RULE*****
2026-04-14 13:47:53,810 - INFO - Iteracja 0: condition_best: None, quality_best: -inf, coverage_best: (p=0, n=0, P=0, N=0), p_value: 0
2026-04-14 13:47:53,810 - INFO - Regula po iteracji 0: IF  THEN class = {61.51} [47.14, 75.88], (p=850, n=611, P=850, N=611)
2026-04-14 13:47:53,810 - INFO - *****STOP GROWING RR RULE*****
2026-04-14 13:47:53,810 - INFO - ***RR NOT FOUND***
2026-04-14 13:47:53,920 - INFO - Iteracja 2: condition_best: Sea_level_pressure <= 30.02, quality_best: 0.61, coverage_best: (p=341, n=128, P=370, N=1091)
2026-04-14 13:47:53,920 - INFO - Regula po iteracji 2: IF Min_temperature >= 53.80 AND Min_temperature <= 71.30 AND Sea_level_pressure <= 30.02 THEN class = {75.52} [69.73, 81.30], (p=341, n=128, P=370, N=1091)
2026-04-14 13:47:53,920 - INFO - *****GROWING RR RULE*****
2026-04-14 13:47:54,512 - INFO - Iteracja 0: condition_best: None, quality_best: -inf, coverage_best: (p=0, n=0, P=0, N=0), p_value: 0
2026-04-14 13:47:54,512 - INFO - Regula po iteracji 0: IF  THEN class = {61.51} [47.14, 75.88], (p=850, n=611, P=850, N=611)
2026-04-14 13:47:54,512 - INFO - *****STOP GROWING RR RULE*****
2026-04-14 13:47:54,512 - INFO - ***RR NOT FOUND***
2026-04-14 13:47:54,613 - INFO - Iteracja 3: condition_best: Max_temperature <= 97.25, quality_best: 0.621, coverage_best: (p=323, n=120, P=348, N=1113)
2026-04-14 13:47:54,613 - INFO - Regula po iteracji 3: IF Min_temperature >= 53.80 AND Min_temperature <= 71.30 AND Sea_level_pressure <= 30.02 AND Max_temperature <= 97.25 THEN class = {75.04} [69.48, 80.60], (p=323, n=120, P=348, N=1113)
2026-04-14 13:47:54,614 - INFO - *****GROWING RR RULE*****
2026-04-14 13:47:55,208 - INFO - Iteracja 0: condition_best: None, quality_best: -inf, coverage_best: (p=0, n=0, P=0, N=0), p_value: 0
2026-04-14 13:47:55,209 - INFO - Regula po iteracji 0: IF  THEN class = {61.51} [47.14, 75.88], (p=850, n=611, P=850, N=611)
2026-04-14 13:47:55,209 - INFO - *****STOP GROWING RR RULE*****
2026-04-14 13:47:55,209 - INFO - ***RR NOT FOUND***
2026-04-14 13:47:55,306 - INFO - Iteracja 4: condition_best: Precipitation <= 2.50, quality_best: 0.623, coverage_best: (p=323, n=119, P=348, N=1113)
2026-04-14 13:47:55,306 - INFO - Regula po iteracji 4: IF Min_temperature >= 53.80 AND Min_temperature <= 71.30 AND Sea_level_pressure <= 30.02 AND Max_temperature <= 97.25 AND Precipitation <= 2.50 THEN class = {75.05} [69.49, 80.61], (p=323, n=119, P=348, N=1113)
2026-04-14 13:47:55,307 - INFO - *****GROWING RR RULE*****
2026-04-14 13:47:55,895 - INFO - Iteracja 0: condition_best: None, quality_best: -inf, coverage_best: (p=0, n=0, P=0, N=0), p_value: 0
2026-04-14 13:47:55,896 - INFO - Regula po iteracji 0: IF  THEN class = {61.51} [47.14, 75.88], (p=850, n=611, P=850, N=611)
2026-04-14 13:47:55,896 - INFO - *****STOP GROWING RR RULE*****
2026-04-14 13:47:55,896 - INFO - ***RR NOT FOUND***
2026-04-14 13:47:55,896 - INFO - *******STOP GROWING CR RULE*******
2026-04-14 13:47:55,899 - INFO - *******GROWING CR RULE*******
2026-04-14 13:47:56,263 - INFO - Iteracja 0: condition_best: Min_temperature >= 53.80, quality_best: 0.553, coverage_best: (p=406, n=190, P=411, N=1050)
2026-04-14 13:47:56,263 - INFO - Regula po iteracji 0: IF Min_temperature >= 53.80 THEN class = {76.27} [69.86, 82.67], (p=406, n=190, P=411, N=1050)
2026-04-14 13:47:56,263 - INFO - *****GROWING RR RULE*****
2026-04-14 13:47:56,860 - INFO - Iteracja 0: condition_best: None, quality_best: -inf, coverage_best: (p=0, n=0, P=0, N=0), p_value: 0
2026-04-14 13:47:56,860 - INFO - Regula po iteracji 0: IF  THEN class = {61.51} [47.14, 75.88], (p=850, n=611, P=850, N=611)
2026-04-14 13:47:56,861 - INFO - *****STOP GROWING RR RULE*****
2026-04-14 13:47:56,861 - INFO - ***RR NOT FOUND***
2026-04-14 13:47:56,984 - INFO - Iteracja 1: condition_best: Min_temperature <= 71.30, quality_best: 0.582, coverage_best: (p=353, n=155, P=366, N=1095)
2026-04-14 13:47:56,984 - INFO - Regula po iteracji 1: IF Min_temperature >= 53.80 AND Min_temperature <= 71.30 THEN class = {75.00} [68.97, 81.03], (p=353, n=155, P=366, N=1095)
2026-04-14 13:47:56,985 - INFO - *****GROWING RR RULE*****
2026-04-14 13:47:57,579 - INFO - Iteracja 0: condition_best: None, quality_best: -inf, coverage_best: (p=0, n=0, P=0, N=0), p_value: 0
2026-04-14 13:47:57,579 - INFO - Regula po iteracji 0: IF  THEN class = {61.51} [47.14, 75.88], (p=850, n=611, P=850, N=611)
2026-04-14 13:47:57,579 - INFO - *****STOP GROWING RR RULE*****
2026-04-14 13:47:57,579 - INFO - ***RR NOT FOUND***
2026-04-14 13:47:57,686 - INFO - Iteracja 2: condition_best: Precipitation <= 0.85, quality_best: 0.591, coverage_best: (p=352, n=150, P=365, N=1096)
2026-04-14 13:47:57,686 - INFO - Regula po iteracji 2: IF Min_temperature >= 53.80 AND Min_temperature <= 71.30 AND Precipitation <= 0.85 THEN class = {75.09} [69.14, 81.04], (p=352, n=150, P=365, N=1096)
2026-04-14 13:47:57,687 - INFO - *****GROWING RR RULE*****
2026-04-14 13:47:59,065 - INFO - Iteracja 0: condition_best: None, quality_best: -inf, coverage_best: (p=0, n=0, P=0, N=0), p_value: 0
2026-04-14 13:47:59,065 - INFO - Regula po iteracji 0: IF  THEN class = {61.51} [47.14, 75.88], (p=850, n=611, P=850, N=611)
2026-04-14 13:47:59,065 - INFO - *****STOP GROWING RR RULE*****
2026-04-14 13:47:59,065 - INFO - ***RR NOT FOUND***
2026-04-14 13:47:59,173 - INFO - Iteracja 3: condition_best: Max_temperature <= 97.25, quality_best: 0.596, coverage_best: (p=333, n=143, P=345, N=1116)
2026-04-14 13:47:59,173 - INFO - Regula po iteracji 3: IF Min_temperature >= 53.80 AND Min_temperature <= 71.30 AND Precipitation <= 0.85 AND Max_temperature <= 97.25 THEN class = {74.62} [68.90, 80.34], (p=333, n=143, P=345, N=1116)
2026-04-14 13:47:59,174 - INFO - *****GROWING RR RULE*****
2026-04-14 13:47:59,769 - INFO - Iteracja 0: condition_best: None, quality_best: -inf, coverage_best: (p=0, n=0, P=0, N=0), p_value: 0
2026-04-14 13:47:59,769 - INFO - Regula po iteracji 0: IF  THEN class = {61.51} [47.14, 75.88], (p=850, n=611, P=850, N=611)
2026-04-14 13:47:59,769 - INFO - *****STOP GROWING RR RULE*****
2026-04-14 13:47:59,770 - INFO - ***RR NOT FOUND***
2026-04-14 13:47:59,874 - INFO - Iteracja 4: condition_best: Max_wind_speed >= 28.71, quality_best: 0.598, coverage_best: (p=326, n=136, P=345, N=1116)
2026-04-14 13:47:59,874 - INFO - Regula po iteracji 4: IF Min_temperature >= 53.80 AND Min_temperature <= 71.30 AND Precipitation <= 0.85 AND Max_temperature <= 97.25 AND Max_wind_speed >= 28.71 THEN class = {74.61} [68.89, 80.34], (p=326, n=136, P=345, N=1116)
2026-04-14 13:47:59,874 - INFO - *****GROWING RR RULE*****
2026-04-14 13:48:00,463 - INFO - Iteracja 0: condition_best: None, quality_best: -inf, coverage_best: (p=0, n=0, P=0, N=0), p_value: 0
2026-04-14 13:48:00,463 - INFO - Regula po iteracji 0: IF  THEN class = {61.51} [47.14, 75.88], (p=850, n=611, P=850, N=611)
2026-04-14 13:48:00,464 - INFO - *****STOP GROWING RR RULE*****
2026-04-14 13:48:00,464 - INFO - ***RR NOT FOUND***
2026-04-14 13:48:00,464 - INFO - *******STOP GROWING CR RULE*******
2026-04-14 13:48:00,467 - INFO - *******GROWING CR RULE*******
2026-04-14 13:48:00,829 - INFO - Iteracja 0: condition_best: Max_temperature >= 78.90, quality_best: 0.552, coverage_best: (p=379, n=188, P=379, N=1082)
2026-04-14 13:48:00,829 - INFO - Regula po iteracji 0: IF Max_temperature >= 78.90 THEN class = {77.07} [71.53, 82.61], (p=379, n=188, P=379, N=1082)
2026-04-14 13:48:00,830 - INFO - *****GROWING RR RULE*****
2026-04-14 13:48:01,421 - INFO - Iteracja 0: condition_best: None, quality_best: -inf, coverage_best: (p=0, n=0, P=0, N=0), p_value: 0
2026-04-14 13:48:01,421 - INFO - Regula po iteracji 0: IF  THEN class = {61.51} [47.14, 75.88], (p=850, n=611, P=850, N=611)
2026-04-14 13:48:01,421 - INFO - *****STOP GROWING RR RULE*****
2026-04-14 13:48:01,421 - INFO - ***RR NOT FOUND***
2026-04-14 13:48:01,537 - INFO - Iteracja 1: condition_best: Min_temperature <= 71.50, quality_best: 0.6, coverage_best: (p=336, n=145, P=343, N=1118)
2026-04-14 13:48:01,538 - INFO - Regula po iteracji 1: IF Max_temperature >= 78.90 AND Min_temperature <= 71.50 THEN class = {75.90} [70.77, 81.03], (p=336, n=145, P=343, N=1118)
2026-04-14 13:48:01,538 - INFO - *****GROWING RR RULE*****
2026-04-14 13:48:02,131 - INFO - Iteracja 0: condition_best: None, quality_best: -inf, coverage_best: (p=0, n=0, P=0, N=0), p_value: 0
2026-04-14 13:48:02,131 - INFO - Regula po iteracji 0: IF  THEN class = {61.51} [47.14, 75.88], (p=850, n=611, P=850, N=611)
2026-04-14 13:48:02,131 - INFO - *****STOP GROWING RR RULE*****
2026-04-14 13:48:02,131 - INFO - ***RR NOT FOUND***
2026-04-14 13:48:02,235 - INFO - Iteracja 2: condition_best: Max_temperature <= 96.20, quality_best: 0.604, coverage_best: (p=303, n=135, P=308, N=1153)
2026-04-14 13:48:02,235 - INFO - Regula po iteracji 2: IF Max_temperature >= 78.90 AND Min_temperature <= 71.50 AND Max_temperature <= 96.20 THEN class = {75.17} [70.44, 79.90], (p=303, n=135, P=308, N=1153)
2026-04-14 13:48:02,235 - INFO - *****GROWING RR RULE*****
2026-04-14 13:48:02,824 - INFO - Iteracja 0: condition_best: None, quality_best: -inf, coverage_best: (p=0, n=0, P=0, N=0), p_value: 0
2026-04-14 13:48:02,824 - INFO - Regula po iteracji 0: IF  THEN class = {61.51} [47.14, 75.88], (p=850, n=611, P=850, N=611)
2026-04-14 13:48:02,824 - INFO - *****STOP GROWING RR RULE*****
2026-04-14 13:48:02,824 - INFO - ***RR NOT FOUND***
2026-04-14 13:48:02,920 - INFO - Iteracja 3: condition_best: Min_temperature >= 44.70, quality_best: 0.606, coverage_best: (p=303, n=134, P=308, N=1153)
2026-04-14 13:48:02,920 - INFO - Regula po iteracji 3: IF Max_temperature >= 78.90 AND Min_temperature <= 71.50 AND Max_temperature <= 96.20 AND Min_temperature >= 44.70 THEN class = {75.19} [70.48, 79.91], (p=303, n=134, P=308, N=1153)
2026-04-14 13:48:02,921 - INFO - *****GROWING RR RULE*****
2026-04-14 13:48:03,510 - INFO - Iteracja 0: condition_best: None, quality_best: -inf, coverage_best: (p=0, n=0, P=0, N=0), p_value: 0
2026-04-14 13:48:03,510 - INFO - Regula po iteracji 0: IF  THEN class = {61.51} [47.14, 75.88], (p=850, n=611, P=850, N=611)
2026-04-14 13:48:03,510 - INFO - *****STOP GROWING RR RULE*****
2026-04-14 13:48:03,510 - INFO - ***RR NOT FOUND***
2026-04-14 13:48:03,606 - INFO - Iteracja 4: condition_best: Sea_level_pressure >= 29.60, quality_best: 0.61, coverage_best: (p=303, n=132, P=308, N=1153)
2026-04-14 13:48:03,607 - INFO - Regula po iteracji 4: IF Max_temperature >= 78.90 AND Min_temperature <= 71.50 AND Max_temperature <= 96.20 AND Min_temperature >= 44.70 AND Sea_level_pressure >= 29.60 THEN class = {75.20} [70.50, 79.91], (p=303, n=132, P=308, N=1153)
2026-04-14 13:48:03,607 - INFO - *****GROWING RR RULE*****
2026-04-14 13:48:04,196 - INFO - Iteracja 0: condition_best: None, quality_best: -inf, coverage_best: (p=0, n=0, P=0, N=0), p_value: 0
2026-04-14 13:48:04,196 - INFO - Regula po iteracji 0: IF  THEN class = {61.51} [47.14, 75.88], (p=850, n=611, P=850, N=611)
2026-04-14 13:48:04,196 - INFO - *****STOP GROWING RR RULE*****
2026-04-14 13:48:04,196 - INFO - ***RR NOT FOUND***
2026-04-14 13:48:04,196 - INFO - *******STOP GROWING CR RULE*******
2026-04-14 13:48:04,199 - INFO - *******GROWING CR RULE*******
2026-04-14 13:48:04,560 - INFO - Iteracja 0: condition_best: Dewpoint <= 42.75, quality_best: 0.552, coverage_best: (p=344, n=79, P=577, N=884)
2026-04-14 13:48:04,561 - INFO - Regula po iteracji 0: IF Dewpoint <= 42.75 THEN class = {46.82} [38.07, 55.57], (p=344, n=79, P=577, N=884)
2026-04-14 13:48:04,561 - INFO - *****GROWING RR RULE*****
2026-04-14 13:48:05,145 - INFO - Iteracja 0: condition_best: None, quality_best: -inf, coverage_best: (p=0, n=0, P=0, N=0), p_value: 0
2026-04-14 13:48:05,145 - INFO - Regula po iteracji 0: IF  THEN class = {61.51} [47.14, 75.88], (p=850, n=611, P=850, N=611)
2026-04-14 13:48:05,145 - INFO - *****STOP GROWING RR RULE*****
2026-04-14 13:48:05,145 - INFO - ***RR NOT FOUND***
2026-04-14 13:48:05,265 - INFO - Iteracja 1: condition_best: Max_temperature >= 42.00, quality_best: 0.56, coverage_best: (p=341, n=74, P=578, N=883)
2026-04-14 13:48:05,265 - INFO - Regula po iteracji 1: IF Dewpoint <= 42.75 AND Max_temperature >= 42.00 THEN class = {47.05} [38.38, 55.72], (p=341, n=74, P=578, N=883)
2026-04-14 13:48:05,266 - INFO - *****GROWING RR RULE*****
2026-04-14 13:48:05,850 - INFO - Iteracja 0: condition_best: None, quality_best: -inf, coverage_best: (p=0, n=0, P=0, N=0), p_value: 0
2026-04-14 13:48:05,851 - INFO - Regula po iteracji 0: IF  THEN class = {61.51} [47.14, 75.88], (p=850, n=611, P=850, N=611)
2026-04-14 13:48:05,851 - INFO - *****STOP GROWING RR RULE*****
2026-04-14 13:48:05,851 - INFO - ***RR NOT FOUND***
2026-04-14 13:48:05,968 - INFO - Iteracja 2: condition_best: Sea_level_pressure >= 29.74, quality_best: 0.569, coverage_best: (p=332, n=69, P=568, N=893)
2026-04-14 13:48:05,968 - INFO - Regula po iteracji 2: IF Dewpoint <= 42.75 AND Max_temperature >= 42.00 AND Sea_level_pressure >= 29.74 THEN class = {46.87} [38.36, 55.39], (p=332, n=69, P=568, N=893)
2026-04-14 13:48:05,969 - INFO - *****GROWING RR RULE*****
2026-04-14 13:48:06,555 - INFO - Iteracja 0: condition_best: None, quality_best: -inf, coverage_best: (p=0, n=0, P=0, N=0), p_value: 0
2026-04-14 13:48:06,556 - INFO - Regula po iteracji 0: IF  THEN class = {61.51} [47.14, 75.88], (p=850, n=611, P=850, N=611)
2026-04-14 13:48:06,556 - INFO - *****STOP GROWING RR RULE*****
2026-04-14 13:48:06,556 - INFO - ***RR NOT FOUND***
2026-04-14 13:48:06,669 - INFO - Iteracja 3: condition_best: Max_temperature >= 42.55, quality_best: 0.571, coverage_best: (p=332, n=68, P=570, N=891)
2026-04-14 13:48:06,669 - INFO - Regula po iteracji 3: IF Dewpoint <= 42.75 AND Max_temperature >= 42.00 AND Sea_level_pressure >= 29.74 AND Max_temperature >= 42.55 THEN class = {46.90} [38.38, 55.41], (p=332, n=68, P=570, N=891)
2026-04-14 13:48:06,669 - INFO - *****GROWING RR RULE*****
2026-04-14 13:48:07,249 - INFO - Iteracja 0: condition_best: None, quality_best: -inf, coverage_best: (p=0, n=0, P=0, N=0), p_value: 0
2026-04-14 13:48:07,250 - INFO - Regula po iteracji 0: IF  THEN class = {61.51} [47.14, 75.88], (p=850, n=611, P=850, N=611)
2026-04-14 13:48:07,250 - INFO - *****STOP GROWING RR RULE*****
2026-04-14 13:48:07,250 - INFO - ***RR NOT FOUND***
2026-04-14 13:48:07,365 - INFO - Iteracja 4: condition_best: Max_wind_speed >= 26.41, quality_best: 0.572, coverage_best: (p=330, n=67, P=568, N=893)
2026-04-14 13:48:07,365 - INFO - Regula po iteracji 4: IF Dewpoint <= 42.75 AND Max_temperature >= 42.00 AND Sea_level_pressure >= 29.74 AND Max_temperature >= 42.55 AND Max_wind_speed >= 26.41 THEN class = {46.84} [38.37, 55.31], (p=330, n=67, P=568, N=893)
2026-04-14 13:48:07,365 - INFO - *****GROWING RR RULE*****
2026-04-14 13:48:07,947 - INFO - Iteracja 0: condition_best: None, quality_best: -inf, coverage_best: (p=0, n=0, P=0, N=0), p_value: 0
2026-04-14 13:48:07,947 - INFO - Regula po iteracji 0: IF  THEN class = {61.51} [47.14, 75.88], (p=850, n=611, P=850, N=611)
2026-04-14 13:48:07,947 - INFO - *****STOP GROWING RR RULE*****
2026-04-14 13:48:07,948 - INFO - ***RR NOT FOUND***
2026-04-14 13:48:07,948 - INFO - *******STOP GROWING CR RULE*******
2026-04-14 13:48:07,951 - INFO - *******GROWING CR RULE*******
2026-04-14 13:48:08,310 - INFO - Iteracja 0: condition_best: Max_temperature <= 51.90, quality_best: 0.55, coverage_best: (p=100, n=44, P=150, N=1311)
2026-04-14 13:48:08,310 - INFO - Regula po iteracji 0: IF Max_temperature <= 51.90 THEN class = {40.48} [36.85, 44.10], (p=100, n=44, P=150, N=1311)
2026-04-14 13:48:08,311 - INFO - *****GROWING RR RULE*****
2026-04-14 13:48:08,884 - INFO - Iteracja 0: condition_best: None, quality_best: -inf, coverage_best: (p=0, n=0, P=0, N=0), p_value: 0
2026-04-14 13:48:08,884 - INFO - Regula po iteracji 0: IF  THEN class = {61.51} [47.14, 75.88], (p=850, n=611, P=850, N=611)
2026-04-14 13:48:08,885 - INFO - *****STOP GROWING RR RULE*****
2026-04-14 13:48:08,885 - INFO - ***RR NOT FOUND***
2026-04-14 13:48:08,935 - INFO - Iteracja 1: condition_best: Standard_pressure >= 3.30, quality_best: 0.554, coverage_best: (p=100, n=43, P=150, N=1311)
2026-04-14 13:48:08,935 - INFO - Regula po iteracji 1: IF Max_temperature <= 51.90 AND Standard_pressure >= 3.30 THEN class = {40.43} [36.83, 44.03], (p=100, n=43, P=150, N=1311)
2026-04-14 13:48:08,936 - INFO - *****GROWING RR RULE*****
2026-04-14 13:48:09,511 - INFO - Iteracja 0: condition_best: None, quality_best: -inf, coverage_best: (p=0, n=0, P=0, N=0), p_value: 0
2026-04-14 13:48:09,511 - INFO - Regula po iteracji 0: IF  THEN class = {61.51} [47.14, 75.88], (p=850, n=611, P=850, N=611)
2026-04-14 13:48:09,511 - INFO - *****STOP GROWING RR RULE*****
2026-04-14 13:48:09,511 - INFO - ***RR NOT FOUND***
2026-04-14 13:48:09,562 - INFO - Iteracja 2: condition_best: Visibility <= 25.90, quality_best: 0.559, coverage_best: (p=99, n=41, P=150, N=1311)
2026-04-14 13:48:09,562 - INFO - Regula po iteracji 2: IF Max_temperature <= 51.90 AND Standard_pressure >= 3.30 AND Visibility <= 25.90 THEN class = {40.47} [36.89, 44.05], (p=99, n=41, P=150, N=1311)
2026-04-14 13:48:09,562 - INFO - *****GROWING RR RULE*****
2026-04-14 13:48:10,130 - INFO - Iteracja 0: condition_best: None, quality_best: -inf, coverage_best: (p=0, n=0, P=0, N=0), p_value: 0
2026-04-14 13:48:10,130 - INFO - Regula po iteracji 0: IF  THEN class = {61.51} [47.14, 75.88], (p=850, n=611, P=850, N=611)
2026-04-14 13:48:10,130 - INFO - *****STOP GROWING RR RULE*****
2026-04-14 13:48:10,130 - INFO - ***RR NOT FOUND***
2026-04-14 13:48:10,180 - INFO - Iteracja 3: condition_best: Visibility >= 4.31, quality_best: 0.561, coverage_best: (p=94, n=37, P=148, N=1313)
2026-04-14 13:48:10,180 - INFO - Regula po iteracji 3: IF Max_temperature <= 51.90 AND Standard_pressure >= 3.30 AND Visibility <= 25.90 AND Visibility >= 4.31 THEN class = {40.64} [37.16, 44.11], (p=94, n=37, P=148, N=1313)
2026-04-14 13:48:10,180 - INFO - *****GROWING RR RULE*****
2026-04-14 13:48:10,745 - INFO - Iteracja 0: condition_best: None, quality_best: -inf, coverage_best: (p=0, n=0, P=0, N=0), p_value: 0
2026-04-14 13:48:10,746 - INFO - Regula po iteracji 0: IF  THEN class = {61.51} [47.14, 75.88], (p=850, n=611, P=850, N=611)
2026-04-14 13:48:10,746 - INFO - *****STOP GROWING RR RULE*****
2026-04-14 13:48:10,746 - INFO - ***RR NOT FOUND***
2026-04-14 13:48:10,793 - INFO - Iteracja 4: condition_best: Standard_pressure >= 4.20, quality_best: 0.567, coverage_best: (p=94, n=36, P=147, N=1314)
2026-04-14 13:48:10,793 - INFO - Regula po iteracji 4: IF Max_temperature <= 51.90 AND Standard_pressure >= 3.30 AND Visibility <= 25.90 AND Visibility >= 4.31 AND Standard_pressure >= 4.20 THEN class = {40.60} [37.14, 44.06], (p=94, n=36, P=147, N=1314)
2026-04-14 13:48:10,794 - INFO - *****GROWING RR RULE*****
2026-04-14 13:48:11,365 - INFO - Iteracja 0: condition_best: None, quality_best: -inf, coverage_best: (p=0, n=0, P=0, N=0), p_value: 0
2026-04-14 13:48:11,365 - INFO - Regula po iteracji 0: IF  THEN class = {61.51} [47.14, 75.88], (p=850, n=611, P=850, N=611)
2026-04-14 13:48:11,365 - INFO - *****STOP GROWING RR RULE*****
2026-04-14 13:48:11,365 - INFO - ***RR NOT FOUND***
2026-04-14 13:48:11,365 - INFO - *******STOP GROWING CR RULE*******
2026-04-14 13:48:11,368 - INFO - *******GROWING CR RULE*******
2026-04-14 13:48:11,728 - INFO - Iteracja 0: condition_best: Dewpoint <= 42.95, quality_best: 0.549, coverage_best: (p=350, n=81, P=585, N=876)
2026-04-14 13:48:11,728 - INFO - Regula po iteracji 0: IF Dewpoint <= 42.95 THEN class = {47.00} [38.09, 55.91], (p=350, n=81, P=585, N=876)
2026-04-14 13:48:11,728 - INFO - *****GROWING RR RULE*****
2026-04-14 13:48:12,317 - INFO - Iteracja 0: condition_best: None, quality_best: -inf, coverage_best: (p=0, n=0, P=0, N=0), p_value: 0
2026-04-14 13:48:12,317 - INFO - Regula po iteracji 0: IF  THEN class = {61.51} [47.14, 75.88], (p=850, n=611, P=850, N=611)
2026-04-14 13:48:12,317 - INFO - *****STOP GROWING RR RULE*****
2026-04-14 13:48:12,317 - INFO - ***RR NOT FOUND***
2026-04-14 13:48:12,438 - INFO - Iteracja 1: condition_best: Max_temperature >= 42.00, quality_best: 0.557, coverage_best: (p=347, n=76, P=586, N=875)
2026-04-14 13:48:12,438 - INFO - Regula po iteracji 1: IF Dewpoint <= 42.95 AND Max_temperature >= 42.00 THEN class = {47.23} [38.39, 56.06], (p=347, n=76, P=586, N=875)
2026-04-14 13:48:12,439 - INFO - *****GROWING RR RULE*****
2026-04-14 13:48:13,027 - INFO - Iteracja 0: condition_best: None, quality_best: -inf, coverage_best: (p=0, n=0, P=0, N=0), p_value: 0
2026-04-14 13:48:13,027 - INFO - Regula po iteracji 0: IF  THEN class = {61.51} [47.14, 75.88], (p=850, n=611, P=850, N=611)
2026-04-14 13:48:13,027 - INFO - *****STOP GROWING RR RULE*****
2026-04-14 13:48:13,027 - INFO - ***RR NOT FOUND***
2026-04-14 13:48:13,147 - INFO - Iteracja 2: condition_best: Sea_level_pressure >= 29.74, quality_best: 0.565, coverage_best: (p=338, n=71, P=578, N=883)
2026-04-14 13:48:13,147 - INFO - Regula po iteracji 2: IF Dewpoint <= 42.95 AND Max_temperature >= 42.00 AND Sea_level_pressure >= 29.74 THEN class = {47.06} [38.37, 55.75], (p=338, n=71, P=578, N=883)
2026-04-14 13:48:13,148 - INFO - *****GROWING RR RULE*****
2026-04-14 13:48:13,734 - INFO - Iteracja 0: condition_best: None, quality_best: -inf, coverage_best: (p=0, n=0, P=0, N=0), p_value: 0
2026-04-14 13:48:13,734 - INFO - Regula po iteracji 0: IF  THEN class = {61.51} [47.14, 75.88], (p=850, n=611, P=850, N=611)
2026-04-14 13:48:13,734 - INFO - *****STOP GROWING RR RULE*****
2026-04-14 13:48:13,734 - INFO - ***RR NOT FOUND***
2026-04-14 13:48:13,850 - INFO - Iteracja 3: condition_best: Max_temperature <= 96.70, quality_best: 0.569, coverage_best: (p=337, n=71, P=569, N=892)
2026-04-14 13:48:13,850 - INFO - Regula po iteracji 3: IF Dewpoint <= 42.95 AND Max_temperature >= 42.00 AND Sea_level_pressure >= 29.74 AND Max_temperature <= 96.70 THEN class = {46.97} [38.48, 55.46], (p=337, n=71, P=569, N=892)
2026-04-14 13:48:13,850 - INFO - *****GROWING RR RULE*****
2026-04-14 13:48:14,430 - INFO - Iteracja 0: condition_best: None, quality_best: -inf, coverage_best: (p=0, n=0, P=0, N=0), p_value: 0
2026-04-14 13:48:14,430 - INFO - Regula po iteracji 0: IF  THEN class = {61.51} [47.14, 75.88], (p=850, n=611, P=850, N=611)
2026-04-14 13:48:14,431 - INFO - *****STOP GROWING RR RULE*****
2026-04-14 13:48:14,431 - INFO - ***RR NOT FOUND***
2026-04-14 13:48:14,547 - INFO - Iteracja 4: condition_best: Max_wind_speed >= 26.41, quality_best: 0.571, coverage_best: (p=335, n=70, P=567, N=894)
2026-04-14 13:48:14,547 - INFO - Regula po iteracji 4: IF Dewpoint <= 42.95 AND Max_temperature >= 42.00 AND Sea_level_pressure >= 29.74 AND Max_temperature <= 96.70 AND Max_wind_speed >= 26.41 THEN class = {46.91} [38.46, 55.36], (p=335, n=70, P=567, N=894)
2026-04-14 13:48:14,547 - INFO - *****GROWING RR RULE*****
2026-04-14 13:48:15,131 - INFO - Iteracja 0: condition_best: None, quality_best: -inf, coverage_best: (p=0, n=0, P=0, N=0), p_value: 0
2026-04-14 13:48:15,131 - INFO - Regula po iteracji 0: IF  THEN class = {61.51} [47.14, 75.88], (p=850, n=611, P=850, N=611)
2026-04-14 13:48:15,131 - INFO - *****STOP GROWING RR RULE*****
2026-04-14 13:48:15,131 - INFO - ***RR NOT FOUND***
2026-04-14 13:48:15,131 - INFO - *******STOP GROWING CR RULE*******
2026-04-14 13:48:15,134 - INFO - *******GROWING CR RULE*******
2026-04-14 13:48:15,495 - INFO - Iteracja 0: condition_best: Dewpoint <= 43.25, quality_best: 0.548, coverage_best: (p=359, n=85, P=587, N=874)
2026-04-14 13:48:15,495 - INFO - Regula po iteracji 0: IF Dewpoint <= 43.25 THEN class = {47.17} [38.26, 56.07], (p=359, n=85, P=587, N=874)
2026-04-14 13:48:15,496 - INFO - *****GROWING RR RULE*****
2026-04-14 13:48:16,082 - INFO - Iteracja 0: condition_best: None, quality_best: -inf, coverage_best: (p=0, n=0, P=0, N=0), p_value: 0
2026-04-14 13:48:16,082 - INFO - Regula po iteracji 0: IF  THEN class = {61.51} [47.14, 75.88], (p=850, n=611, P=850, N=611)
2026-04-14 13:48:16,082 - INFO - *****STOP GROWING RR RULE*****
2026-04-14 13:48:16,082 - INFO - ***RR NOT FOUND***
2026-04-14 13:48:16,207 - INFO - Iteracja 1: condition_best: Max_temperature <= 61.60, quality_best: 0.566, coverage_best: (p=226, n=109, P=259, N=1202)
2026-04-14 13:48:16,207 - INFO - Regula po iteracji 1: IF Dewpoint <= 43.25 AND Max_temperature <= 61.60 THEN class = {43.66} [39.11, 48.22], (p=226, n=109, P=259, N=1202)
2026-04-14 13:48:16,207 - INFO - *****GROWING RR RULE*****
2026-04-14 13:48:16,794 - INFO - Iteracja 0: condition_best: None, quality_best: -inf, coverage_best: (p=0, n=0, P=0, N=0), p_value: 0
2026-04-14 13:48:16,794 - INFO - Regula po iteracji 0: IF  THEN class = {61.51} [47.14, 75.88], (p=850, n=611, P=850, N=611)
2026-04-14 13:48:16,794 - INFO - *****STOP GROWING RR RULE*****
2026-04-14 13:48:16,794 - INFO - ***RR NOT FOUND***
2026-04-14 13:48:16,889 - INFO - Iteracja 2: condition_best: Sea_level_pressure >= 29.66, quality_best: 0.575, coverage_best: (p=227, n=106, P=259, N=1202)
2026-04-14 13:48:16,889 - INFO - Regula po iteracji 2: IF Dewpoint <= 43.25 AND Max_temperature <= 61.60 AND Sea_level_pressure >= 29.66 THEN class = {43.63} [39.09, 48.17], (p=227, n=106, P=259, N=1202)
2026-04-14 13:48:16,890 - INFO - *****GROWING RR RULE*****
2026-04-14 13:48:17,477 - INFO - Iteracja 0: condition_best: None, quality_best: -inf, coverage_best: (p=0, n=0, P=0, N=0), p_value: 0
2026-04-14 13:48:17,477 - INFO - Regula po iteracji 0: IF  THEN class = {61.51} [47.14, 75.88], (p=850, n=611, P=850, N=611)
2026-04-14 13:48:17,477 - INFO - *****STOP GROWING RR RULE*****
2026-04-14 13:48:17,477 - INFO - ***RR NOT FOUND***
2026-04-14 13:48:17,573 - INFO - Iteracja 3: condition_best: Min_temperature <= 48.65, quality_best: 0.578, coverage_best: (p=227, n=105, P=259, N=1202)
2026-04-14 13:48:17,573 - INFO - Regula po iteracji 3: IF Dewpoint <= 43.25 AND Max_temperature <= 61.60 AND Sea_level_pressure >= 29.66 AND Min_temperature <= 48.65 THEN class = {43.60} [39.09, 48.10], (p=227, n=105, P=259, N=1202)
2026-04-14 13:48:17,573 - INFO - *****GROWING RR RULE*****
2026-04-14 13:48:18,158 - INFO - Iteracja 0: condition_best: None, quality_best: -inf, coverage_best: (p=0, n=0, P=0, N=0), p_value: 0
2026-04-14 13:48:18,158 - INFO - Regula po iteracji 0: IF  THEN class = {61.51} [47.14, 75.88], (p=850, n=611, P=850, N=611)
2026-04-14 13:48:18,158 - INFO - *****STOP GROWING RR RULE*****
2026-04-14 13:48:18,158 - INFO - ***RR NOT FOUND***
2026-04-14 13:48:18,254 - INFO - Iteracja 4: condition_best: Standard_pressure <= 8.85, quality_best: 0.578, coverage_best: (p=226, n=104, P=259, N=1202)
2026-04-14 13:48:18,254 - INFO - Regula po iteracji 4: IF Dewpoint <= 43.25 AND Max_temperature <= 61.60 AND Sea_level_pressure >= 29.66 AND Min_temperature <= 48.65 AND Standard_pressure <= 8.85 THEN class = {43.60} [39.10, 48.11], (p=226, n=104, P=259, N=1202)
2026-04-14 13:48:18,254 - INFO - *****GROWING RR RULE*****
2026-04-14 13:48:18,834 - INFO - Iteracja 0: condition_best: None, quality_best: -inf, coverage_best: (p=0, n=0, P=0, N=0), p_value: 0
2026-04-14 13:48:18,834 - INFO - Regula po iteracji 0: IF  THEN class = {61.51} [47.14, 75.88], (p=850, n=611, P=850, N=611)
2026-04-14 13:48:18,834 - INFO - *****STOP GROWING RR RULE*****
2026-04-14 13:48:18,834 - INFO - ***RR NOT FOUND***
2026-04-14 13:48:18,834 - INFO - *******STOP GROWING CR RULE*******
2026-04-14 13:48:18,837 - INFO - *******GROWING CR RULE*******
2026-04-14 13:48:19,199 - INFO - Iteracja 0: condition_best: Dewpoint <= 43.25, quality_best: 0.548, coverage_best: (p=359, n=85, P=587, N=874)
2026-04-14 13:48:19,199 - INFO - Regula po iteracji 0: IF Dewpoint <= 43.25 THEN class = {47.17} [38.26, 56.07], (p=359, n=85, P=587, N=874)
2026-04-14 13:48:19,199 - INFO - *****GROWING RR RULE*****
2026-04-14 13:48:19,794 - INFO - Iteracja 0: condition_best: None, quality_best: -inf, coverage_best: (p=0, n=0, P=0, N=0), p_value: 0
2026-04-14 13:48:19,794 - INFO - Regula po iteracji 0: IF  THEN class = {61.51} [47.14, 75.88], (p=850, n=611, P=850, N=611)
2026-04-14 13:48:19,794 - INFO - *****STOP GROWING RR RULE*****
2026-04-14 13:48:19,794 - INFO - ***RR NOT FOUND***
2026-04-14 13:48:19,919 - INFO - Iteracja 1: condition_best: Sea_level_pressure >= 29.74, quality_best: 0.555, coverage_best: (p=350, n=80, P=579, N=882)
2026-04-14 13:48:19,919 - INFO - Regula po iteracji 1: IF Dewpoint <= 43.25 AND Sea_level_pressure >= 29.74 THEN class = {47.01} [38.24, 55.78], (p=350, n=80, P=579, N=882)
2026-04-14 13:48:19,919 - INFO - *****GROWING RR RULE*****
2026-04-14 13:48:20,505 - INFO - Iteracja 0: condition_best: None, quality_best: -inf, coverage_best: (p=0, n=0, P=0, N=0), p_value: 0
2026-04-14 13:48:20,505 - INFO - Regula po iteracji 0: IF  THEN class = {61.51} [47.14, 75.88], (p=850, n=611, P=850, N=611)
2026-04-14 13:48:20,505 - INFO - *****STOP GROWING RR RULE*****
2026-04-14 13:48:20,505 - INFO - ***RR NOT FOUND***
2026-04-14 13:48:20,626 - INFO - Iteracja 2: condition_best: Max_temperature >= 41.20, quality_best: 0.562, coverage_best: (p=348, n=76, P=581, N=880)
2026-04-14 13:48:20,627 - INFO - Regula po iteracji 2: IF Dewpoint <= 43.25 AND Sea_level_pressure >= 29.74 AND Max_temperature >= 41.20 THEN class = {47.18} [38.48, 55.88], (p=348, n=76, P=581, N=880)
2026-04-14 13:48:20,627 - INFO - *****GROWING RR RULE*****
2026-04-14 13:48:21,221 - INFO - Iteracja 0: condition_best: None, quality_best: -inf, coverage_best: (p=0, n=0, P=0, N=0), p_value: 0
2026-04-14 13:48:21,221 - INFO - Regula po iteracji 0: IF  THEN class = {61.51} [47.14, 75.88], (p=850, n=611, P=850, N=611)
2026-04-14 13:48:21,221 - INFO - *****STOP GROWING RR RULE*****
2026-04-14 13:48:21,221 - INFO - ***RR NOT FOUND***
2026-04-14 13:48:21,341 - INFO - Iteracja 3: condition_best: Max_wind_speed >= 26.41, quality_best: 0.564, coverage_best: (p=346, n=75, P=577, N=884)
2026-04-14 13:48:21,341 - INFO - Regula po iteracji 3: IF Dewpoint <= 43.25 AND Sea_level_pressure >= 29.74 AND Max_temperature >= 41.20 AND Max_wind_speed >= 26.41 THEN class = {47.13} [38.47, 55.80], (p=346, n=75, P=577, N=884)
2026-04-14 13:48:21,342 - INFO - *****GROWING RR RULE*****
2026-04-14 13:48:21,928 - INFO - Iteracja 0: condition_best: None, quality_best: -inf, coverage_best: (p=0, n=0, P=0, N=0), p_value: 0
2026-04-14 13:48:21,928 - INFO - Regula po iteracji 0: IF  THEN class = {61.51} [47.14, 75.88], (p=850, n=611, P=850, N=611)
2026-04-14 13:48:21,928 - INFO - *****STOP GROWING RR RULE*****
2026-04-14 13:48:21,928 - INFO - ***RR NOT FOUND***
2026-04-14 13:48:22,048 - INFO - Iteracja 4: condition_best: Standard_pressure <= 9.75, quality_best: 0.564, coverage_best: (p=346, n=74, P=581, N=880)
2026-04-14 13:48:22,048 - INFO - Regula po iteracji 4: IF Dewpoint <= 43.25 AND Sea_level_pressure >= 29.74 AND Max_temperature >= 41.20 AND Max_wind_speed >= 26.41 AND Standard_pressure <= 9.75 THEN class = {47.16} [38.49, 55.82], (p=346, n=74, P=581, N=880)
2026-04-14 13:48:22,049 - INFO - *****GROWING RR RULE*****
2026-04-14 13:48:22,641 - INFO - Iteracja 0: condition_best: None, quality_best: -inf, coverage_best: (p=0, n=0, P=0, N=0), p_value: 0
2026-04-14 13:48:22,642 - INFO - Regula po iteracji 0: IF  THEN class = {61.51} [47.14, 75.88], (p=850, n=611, P=850, N=611)
2026-04-14 13:48:22,642 - INFO - *****STOP GROWING RR RULE*****
2026-04-14 13:48:22,642 - INFO - ***RR NOT FOUND***
2026-04-14 13:48:22,642 - INFO - *******STOP GROWING CR RULE*******
2026-04-14 13:48:22,645 - INFO - *******GROWING CR RULE*******
2026-04-14 13:48:23,007 - INFO - Iteracja 0: condition_best: Max_temperature <= 53.00, quality_best: 0.544, coverage_best: (p=118, n=57, P=164, N=1297)
2026-04-14 13:48:23,007 - INFO - Regula po iteracji 0: IF Max_temperature <= 53.00 THEN class = {41.10} [37.26, 44.94], (p=118, n=57, P=164, N=1297)
2026-04-14 13:48:23,007 - INFO - *****GROWING RR RULE*****
2026-04-14 13:48:23,584 - INFO - Iteracja 0: condition_best: None, quality_best: -inf, coverage_best: (p=0, n=0, P=0, N=0), p_value: 0
2026-04-14 13:48:23,585 - INFO - Regula po iteracji 0: IF  THEN class = {61.51} [47.14, 75.88], (p=850, n=611, P=850, N=611)
2026-04-14 13:48:23,585 - INFO - *****STOP GROWING RR RULE*****
2026-04-14 13:48:23,585 - INFO - ***RR NOT FOUND***
2026-04-14 13:48:23,644 - INFO - Iteracja 1: condition_best: Precipitation <= 0.95, quality_best: 0.554, coverage_best: (p=116, n=53, P=163, N=1298)
2026-04-14 13:48:23,644 - INFO - Regula po iteracji 1: IF Max_temperature <= 53.00 AND Precipitation <= 0.95 THEN class = {41.01} [37.18, 44.85], (p=116, n=53, P=163, N=1298)
2026-04-14 13:48:23,644 - INFO - *****GROWING RR RULE*****
2026-04-14 13:48:24,222 - INFO - Iteracja 0: condition_best: None, quality_best: -inf, coverage_best: (p=0, n=0, P=0, N=0), p_value: 0
2026-04-14 13:48:24,222 - INFO - Regula po iteracji 0: IF  THEN class = {61.51} [47.14, 75.88], (p=850, n=611, P=850, N=611)
2026-04-14 13:48:24,222 - INFO - *****STOP GROWING RR RULE*****
2026-04-14 13:48:24,222 - INFO - ***RR NOT FOUND***
2026-04-14 13:48:24,280 - INFO - Iteracja 2: condition_best: Visibility >= 2.82, quality_best: 0.55, coverage_best: (p=114, n=52, P=163, N=1298)
2026-04-14 13:48:24,280 - INFO - Regula po iteracji 2: IF Max_temperature <= 53.00 AND Precipitation <= 0.95 AND Visibility >= 2.82 THEN class = {40.98} [37.12, 44.83], (p=114, n=52, P=163, N=1298)
2026-04-14 13:48:24,280 - INFO - *****GROWING RR RULE*****
2026-04-14 13:48:24,854 - INFO - Iteracja 0: condition_best: None, quality_best: -inf, coverage_best: (p=0, n=0, P=0, N=0), p_value: 0
2026-04-14 13:48:24,854 - INFO - Regula po iteracji 0: IF  THEN class = {61.51} [47.14, 75.88], (p=850, n=611, P=850, N=611)
2026-04-14 13:48:24,854 - INFO - *****STOP GROWING RR RULE*****
2026-04-14 13:48:24,854 - INFO - ***RR NOT FOUND***
2026-04-14 13:48:24,911 - INFO - Iteracja 3: condition_best: Visibility <= 25.90, quality_best: 0.554, coverage_best: (p=113, n=50, P=163, N=1298)
2026-04-14 13:48:24,911 - INFO - Regula po iteracji 3: IF Max_temperature <= 53.00 AND Precipitation <= 0.95 AND Visibility >= 2.82 AND Visibility <= 25.90 THEN class = {41.02} [37.18, 44.86], (p=113, n=50, P=163, N=1298)
2026-04-14 13:48:24,911 - INFO - *****GROWING RR RULE*****
2026-04-14 13:48:25,478 - INFO - Iteracja 0: condition_best: None, quality_best: -inf, coverage_best: (p=0, n=0, P=0, N=0), p_value: 0
2026-04-14 13:48:25,479 - INFO - Regula po iteracji 0: IF  THEN class = {61.51} [47.14, 75.88], (p=850, n=611, P=850, N=611)
2026-04-14 13:48:25,479 - INFO - *****STOP GROWING RR RULE*****
2026-04-14 13:48:25,479 - INFO - ***RR NOT FOUND***
2026-04-14 13:48:25,535 - INFO - Iteracja 4: condition_best: Standard_pressure <= 9.05, quality_best: 0.551, coverage_best: (p=112, n=50, P=163, N=1298)
2026-04-14 13:48:25,535 - INFO - Regula po iteracji 4: IF Max_temperature <= 53.00 AND Precipitation <= 0.95 AND Visibility >= 2.82 AND Visibility <= 25.90 AND Standard_pressure <= 9.05 THEN class = {41.04} [37.20, 44.88], (p=112, n=50, P=163, N=1298)
2026-04-14 13:48:25,536 - INFO - *****GROWING RR RULE*****
2026-04-14 13:48:26,099 - INFO - Iteracja 0: condition_best: None, quality_best: -inf, coverage_best: (p=0, n=0, P=0, N=0), p_value: 0
2026-04-14 13:48:26,099 - INFO - Regula po iteracji 0: IF  THEN class = {61.51} [47.14, 75.88], (p=850, n=611, P=850, N=611)
2026-04-14 13:48:26,099 - INFO - *****STOP GROWING RR RULE*****
2026-04-14 13:48:26,099 - INFO - ***RR NOT FOUND***
2026-04-14 13:48:26,099 - INFO - *******STOP GROWING CR RULE*******
2026-04-14 13:48:26,102 - INFO - *******GROWING CR RULE*******
2026-04-14 13:48:26,461 - INFO - Iteracja 0: condition_best: Max_temperature >= 78.50, quality_best: 0.537, coverage_best: (p=381, n=198, P=381, N=1080)
2026-04-14 13:48:26,461 - INFO - Regula po iteracji 0: IF Max_temperature >= 78.50 THEN class = {76.83} [71.10, 82.56], (p=381, n=198, P=381, N=1080)
2026-04-14 13:48:26,461 - INFO - *****GROWING RR RULE*****
2026-04-14 13:48:27,059 - INFO - Iteracja 0: condition_best: None, quality_best: -inf, coverage_best: (p=0, n=0, P=0, N=0), p_value: 0
2026-04-14 13:48:27,059 - INFO - Regula po iteracji 0: IF  THEN class = {61.51} [47.14, 75.88], (p=850, n=611, P=850, N=611)
2026-04-14 13:48:27,059 - INFO - *****STOP GROWING RR RULE*****
2026-04-14 13:48:27,059 - INFO - ***RR NOT FOUND***
2026-04-14 13:48:27,178 - INFO - Iteracja 1: condition_best: Min_temperature <= 71.15, quality_best: 0.59, coverage_best: (p=337, n=150, P=345, N=1116)
2026-04-14 13:48:27,178 - INFO - Regula po iteracji 1: IF Max_temperature >= 78.50 AND Min_temperature <= 71.15 THEN class = {75.56} [70.27, 80.86], (p=337, n=150, P=345, N=1116)
2026-04-14 13:48:27,178 - INFO - *****GROWING RR RULE*****
2026-04-14 13:48:27,776 - INFO - Iteracja 0: condition_best: None, quality_best: -inf, coverage_best: (p=0, n=0, P=0, N=0), p_value: 0
2026-04-14 13:48:27,777 - INFO - Regula po iteracji 0: IF  THEN class = {61.51} [47.14, 75.88], (p=850, n=611, P=850, N=611)
2026-04-14 13:48:27,777 - INFO - *****STOP GROWING RR RULE*****
2026-04-14 13:48:27,777 - INFO - ***RR NOT FOUND***
2026-04-14 13:48:27,880 - INFO - Iteracja 2: condition_best: Sea_level_pressure <= 30.05, quality_best: 0.604, coverage_best: (p=326, n=136, P=340, N=1121)
2026-04-14 13:48:27,880 - INFO - Regula po iteracji 2: IF Max_temperature >= 78.50 AND Min_temperature <= 71.15 AND Sea_level_pressure <= 30.05 THEN class = {75.94} [70.85, 81.02], (p=326, n=136, P=340, N=1121)
2026-04-14 13:48:27,880 - INFO - *****GROWING RR RULE*****
2026-04-14 13:48:28,467 - INFO - Iteracja 0: condition_best: None, quality_best: -inf, coverage_best: (p=0, n=0, P=0, N=0), p_value: 0
2026-04-14 13:48:28,468 - INFO - Regula po iteracji 0: IF  THEN class = {61.51} [47.14, 75.88], (p=850, n=611, P=850, N=611)
2026-04-14 13:48:28,468 - INFO - *****STOP GROWING RR RULE*****
2026-04-14 13:48:28,468 - INFO - ***RR NOT FOUND***
2026-04-14 13:48:28,566 - INFO - Iteracja 3: condition_best: Precipitation <= 0.25, quality_best: 0.608, coverage_best: (p=325, n=133, P=340, N=1121)
2026-04-14 13:48:28,566 - INFO - Regula po iteracji 3: IF Max_temperature >= 78.50 AND Min_temperature <= 71.15 AND Sea_level_pressure <= 30.05 AND Precipitation <= 0.25 THEN class = {75.96} [70.89, 81.02], (p=325, n=133, P=340, N=1121)
2026-04-14 13:48:28,567 - INFO - *****GROWING RR RULE*****
2026-04-14 13:48:29,154 - INFO - Iteracja 0: condition_best: None, quality_best: -inf, coverage_best: (p=0, n=0, P=0, N=0), p_value: 0
2026-04-14 13:48:29,154 - INFO - Regula po iteracji 0: IF  THEN class = {61.51} [47.14, 75.88], (p=850, n=611, P=850, N=611)
2026-04-14 13:48:29,154 - INFO - *****STOP GROWING RR RULE*****
2026-04-14 13:48:29,154 - INFO - ***RR NOT FOUND***
2026-04-14 13:48:29,252 - INFO - Iteracja 4: condition_best: Max_temperature <= 98.80, quality_best: 0.611, coverage_best: (p=313, n=129, P=327, N=1134)
2026-04-14 13:48:29,253 - INFO - Regula po iteracji 4: IF Max_temperature >= 78.50 AND Min_temperature <= 71.15 AND Sea_level_pressure <= 30.05 AND Precipitation <= 0.25 AND Max_temperature <= 98.80 THEN class = {75.65} [70.79, 80.50], (p=313, n=129, P=327, N=1134)
2026-04-14 13:48:29,253 - INFO - *****GROWING RR RULE*****
2026-04-14 13:48:29,846 - INFO - Iteracja 0: condition_best: None, quality_best: -inf, coverage_best: (p=0, n=0, P=0, N=0), p_value: 0
2026-04-14 13:48:29,846 - INFO - Regula po iteracji 0: IF  THEN class = {61.51} [47.14, 75.88], (p=850, n=611, P=850, N=611)
2026-04-14 13:48:29,846 - INFO - *****STOP GROWING RR RULE*****
2026-04-14 13:48:29,846 - INFO - ***RR NOT FOUND***
2026-04-14 13:48:29,846 - INFO - *******STOP GROWING CR RULE*******
2026-04-14 13:48:29,849 - INFO - *******GROWING CR RULE*******
2026-04-14 13:48:30,207 - INFO - Iteracja 0: condition_best: Max_temperature >= 77.80, quality_best: 0.536, coverage_best: (p=390, n=201, P=390, N=1071)
2026-04-14 13:48:30,207 - INFO - Regula po iteracji 0: IF Max_temperature >= 77.80 THEN class = {76.62} [70.76, 82.49], (p=390, n=201, P=390, N=1071)
2026-04-14 13:48:30,207 - INFO - *****GROWING RR RULE*****
2026-04-14 13:48:30,800 - INFO - Iteracja 0: condition_best: None, quality_best: -inf, coverage_best: (p=0, n=0, P=0, N=0), p_value: 0
2026-04-14 13:48:30,800 - INFO - Regula po iteracji 0: IF  THEN class = {61.51} [47.14, 75.88], (p=850, n=611, P=850, N=611)
2026-04-14 13:48:30,801 - INFO - *****STOP GROWING RR RULE*****
2026-04-14 13:48:30,801 - INFO - ***RR NOT FOUND***
2026-04-14 13:48:30,922 - INFO - Iteracja 1: condition_best: Min_temperature <= 71.00, quality_best: 0.574, coverage_best: (p=337, n=157, P=348, N=1113)
2026-04-14 13:48:30,922 - INFO - Regula po iteracji 1: IF Max_temperature >= 77.80 AND Min_temperature <= 71.00 THEN class = {75.29} [69.88, 80.71], (p=337, n=157, P=348, N=1113)
2026-04-14 13:48:30,922 - INFO - *****GROWING RR RULE*****
2026-04-14 13:48:31,510 - INFO - Iteracja 0: condition_best: None, quality_best: -inf, coverage_best: (p=0, n=0, P=0, N=0), p_value: 0
2026-04-14 13:48:31,510 - INFO - Regula po iteracji 0: IF  THEN class = {61.51} [47.14, 75.88], (p=850, n=611, P=850, N=611)
2026-04-14 13:48:31,511 - INFO - *****STOP GROWING RR RULE*****
2026-04-14 13:48:31,511 - INFO - ***RR NOT FOUND***
2026-04-14 13:48:31,615 - INFO - Iteracja 2: condition_best: Visibility >= 4.43, quality_best: 0.58, coverage_best: (p=328, n=147, P=345, N=1116)
2026-04-14 13:48:31,615 - INFO - Regula po iteracji 2: IF Max_temperature >= 77.80 AND Min_temperature <= 71.00 AND Visibility >= 4.43 THEN class = {75.56} [70.30, 80.82], (p=328, n=147, P=345, N=1116)
2026-04-14 13:48:31,615 - INFO - *****GROWING RR RULE*****
2026-04-14 13:48:32,213 - INFO - Iteracja 0: condition_best: None, quality_best: -inf, coverage_best: (p=0, n=0, P=0, N=0), p_value: 0
2026-04-14 13:48:32,213 - INFO - Regula po iteracji 0: IF  THEN class = {61.51} [47.14, 75.88], (p=850, n=611, P=850, N=611)
2026-04-14 13:48:32,213 - INFO - *****STOP GROWING RR RULE*****
2026-04-14 13:48:32,213 - INFO - ***RR NOT FOUND***
2026-04-14 13:48:32,314 - INFO - Iteracja 3: condition_best: Sea_level_pressure >= 29.64, quality_best: 0.581, coverage_best: (p=326, n=145, P=345, N=1116)
2026-04-14 13:48:32,314 - INFO - Regula po iteracji 3: IF Max_temperature >= 77.80 AND Min_temperature <= 71.00 AND Visibility >= 4.43 AND Sea_level_pressure >= 29.64 THEN class = {75.55} [70.30, 80.80], (p=326, n=145, P=345, N=1116)
2026-04-14 13:48:32,314 - INFO - *****GROWING RR RULE*****
2026-04-14 13:48:32,907 - INFO - Iteracja 0: condition_best: None, quality_best: -inf, coverage_best: (p=0, n=0, P=0, N=0), p_value: 0
2026-04-14 13:48:32,907 - INFO - Regula po iteracji 0: IF  THEN class = {61.51} [47.14, 75.88], (p=850, n=611, P=850, N=611)
2026-04-14 13:48:32,907 - INFO - *****STOP GROWING RR RULE*****
2026-04-14 13:48:32,907 - INFO - ***RR NOT FOUND***
2026-04-14 13:48:33,007 - INFO - Iteracja 4: condition_best: Max_temperature <= 97.40, quality_best: 0.581, coverage_best: (p=306, n=142, P=320, N=1141)
2026-04-14 13:48:33,007 - INFO - Regula po iteracji 4: IF Max_temperature >= 77.80 AND Min_temperature <= 71.00 AND Visibility >= 4.43 AND Sea_level_pressure >= 29.64 AND Max_temperature <= 97.40 THEN class = {75.12} [70.13, 80.11], (p=306, n=142, P=320, N=1141)
2026-04-14 13:48:33,008 - INFO - *****GROWING RR RULE*****
2026-04-14 13:48:33,601 - INFO - Iteracja 0: condition_best: None, quality_best: -inf, coverage_best: (p=0, n=0, P=0, N=0), p_value: 0
2026-04-14 13:48:33,601 - INFO - Regula po iteracji 0: IF  THEN class = {61.51} [47.14, 75.88], (p=850, n=611, P=850, N=611)
2026-04-14 13:48:33,601 - INFO - *****STOP GROWING RR RULE*****
2026-04-14 13:48:33,601 - INFO - ***RR NOT FOUND***
2026-04-14 13:48:33,601 - INFO - *******STOP GROWING CR RULE*******
2026-04-14 13:48:33,604 - INFO - *******GROWING CR RULE*******
2026-04-14 13:48:33,961 - INFO - Iteracja 0: condition_best: Max_temperature <= 58.40, quality_best: 0.533, coverage_best: (p=233, n=119, P=280, N=1181)
2026-04-14 13:48:33,961 - INFO - Regula po iteracji 0: IF Max_temperature <= 58.40 THEN class = {44.11} [39.39, 48.83], (p=233, n=119, P=280, N=1181)
2026-04-14 13:48:33,961 - INFO - *****GROWING RR RULE*****
2026-04-14 13:48:34,541 - INFO - Iteracja 0: condition_best: None, quality_best: -inf, coverage_best: (p=0, n=0, P=0, N=0), p_value: 0
2026-04-14 13:48:34,541 - INFO - Regula po iteracji 0: IF  THEN class = {61.51} [47.14, 75.88], (p=850, n=611, P=850, N=611)
2026-04-14 13:48:34,541 - INFO - *****STOP GROWING RR RULE*****
2026-04-14 13:48:34,541 - INFO - ***RR NOT FOUND***
2026-04-14 13:48:34,648 - INFO - Iteracja 1: condition_best: Min_temperature <= 41.45, quality_best: 0.583, coverage_best: (p=183, n=92, P=202, N=1259)
2026-04-14 13:48:34,648 - INFO - Regula po iteracji 1: IF Max_temperature <= 58.40 AND Min_temperature <= 41.45 THEN class = {42.55} [38.50, 46.61], (p=183, n=92, P=202, N=1259)
2026-04-14 13:48:34,649 - INFO - *****GROWING RR RULE*****
2026-04-14 13:48:35,226 - INFO - Iteracja 0: condition_best: None, quality_best: -inf, coverage_best: (p=0, n=0, P=0, N=0), p_value: 0
2026-04-14 13:48:35,226 - INFO - Regula po iteracji 0: IF  THEN class = {61.51} [47.14, 75.88], (p=850, n=611, P=850, N=611)
2026-04-14 13:48:35,226 - INFO - *****STOP GROWING RR RULE*****
2026-04-14 13:48:35,226 - INFO - ***RR NOT FOUND***
2026-04-14 13:48:35,308 - INFO - Iteracja 2: condition_best: Dewpoint <= 46.05, quality_best: 0.582, coverage_best: (p=177, n=91, P=194, N=1267)
2026-04-14 13:48:35,309 - INFO - Regula po iteracji 2: IF Max_temperature <= 58.40 AND Min_temperature <= 41.45 AND Dewpoint <= 46.05 THEN class = {42.38} [38.42, 46.33], (p=177, n=91, P=194, N=1267)
2026-04-14 13:48:35,309 - INFO - *****GROWING RR RULE*****
2026-04-14 13:48:35,879 - INFO - Iteracja 0: condition_best: None, quality_best: -inf, coverage_best: (p=0, n=0, P=0, N=0), p_value: 0
2026-04-14 13:48:35,879 - INFO - Regula po iteracji 0: IF  THEN class = {61.51} [47.14, 75.88], (p=850, n=611, P=850, N=611)
2026-04-14 13:48:35,879 - INFO - *****STOP GROWING RR RULE*****
2026-04-14 13:48:35,879 - INFO - ***RR NOT FOUND***
2026-04-14 13:48:35,961 - INFO - Iteracja 3: condition_best: Visibility <= 28.15, quality_best: 0.587, coverage_best: (p=177, n=89, P=194, N=1267)
2026-04-14 13:48:35,961 - INFO - Regula po iteracji 3: IF Max_temperature <= 58.40 AND Min_temperature <= 41.45 AND Dewpoint <= 46.05 AND Visibility <= 28.15 THEN class = {42.43} [38.50, 46.35], (p=177, n=89, P=194, N=1267)
2026-04-14 13:48:35,961 - INFO - *****GROWING RR RULE*****
2026-04-14 13:48:36,532 - INFO - Iteracja 0: condition_best: None, quality_best: -inf, coverage_best: (p=0, n=0, P=0, N=0), p_value: 0
2026-04-14 13:48:36,532 - INFO - Regula po iteracji 0: IF  THEN class = {61.51} [47.14, 75.88], (p=850, n=611, P=850, N=611)
2026-04-14 13:48:36,532 - INFO - *****STOP GROWING RR RULE*****
2026-04-14 13:48:36,532 - INFO - ***RR NOT FOUND***
2026-04-14 13:48:36,613 - INFO - Iteracja 4: condition_best: Precipitation <= 2.05, quality_best: 0.59, coverage_best: (p=177, n=88, P=194, N=1267)
2026-04-14 13:48:36,613 - INFO - Regula po iteracji 4: IF Max_temperature <= 58.40 AND Min_temperature <= 41.45 AND Dewpoint <= 46.05 AND Visibility <= 28.15 AND Precipitation <= 2.05 THEN class = {42.40} [38.49, 46.32], (p=177, n=88, P=194, N=1267)
2026-04-14 13:48:36,614 - INFO - *****GROWING RR RULE*****
2026-04-14 13:48:37,186 - INFO - Iteracja 0: condition_best: None, quality_best: -inf, coverage_best: (p=0, n=0, P=0, N=0), p_value: 0
2026-04-14 13:48:37,186 - INFO - Regula po iteracji 0: IF  THEN class = {61.51} [47.14, 75.88], (p=850, n=611, P=850, N=611)
2026-04-14 13:48:37,186 - INFO - *****STOP GROWING RR RULE*****
2026-04-14 13:48:37,186 - INFO - ***RR NOT FOUND***
2026-04-14 13:48:37,186 - INFO - *******STOP GROWING CR RULE*******
2026-04-14 13:48:37,189 - INFO - *******GROWING CR RULE*******
2026-04-14 13:48:37,542 - INFO - Iteracja 0: condition_best: Max_temperature <= 58.40, quality_best: 0.533, coverage_best: (p=233, n=119, P=280, N=1181)
2026-04-14 13:48:37,542 - INFO - Regula po iteracji 0: IF Max_temperature <= 58.40 THEN class = {44.11} [39.39, 48.83], (p=233, n=119, P=280, N=1181)
2026-04-14 13:48:37,543 - INFO - *****GROWING RR RULE*****
2026-04-14 13:48:38,116 - INFO - Iteracja 0: condition_best: None, quality_best: -inf, coverage_best: (p=0, n=0, P=0, N=0), p_value: 0
2026-04-14 13:48:38,116 - INFO - Regula po iteracji 0: IF  THEN class = {61.51} [47.14, 75.88], (p=850, n=611, P=850, N=611)
2026-04-14 13:48:38,116 - INFO - *****STOP GROWING RR RULE*****
2026-04-14 13:48:38,116 - INFO - ***RR NOT FOUND***
2026-04-14 13:48:38,222 - INFO - Iteracja 1: condition_best: Min_temperature <= 41.45, quality_best: 0.583, coverage_best: (p=183, n=92, P=202, N=1259)
2026-04-14 13:48:38,222 - INFO - Regula po iteracji 1: IF Max_temperature <= 58.40 AND Min_temperature <= 41.45 THEN class = {42.55} [38.50, 46.61], (p=183, n=92, P=202, N=1259)
2026-04-14 13:48:38,222 - INFO - *****GROWING RR RULE*****
2026-04-14 13:48:38,792 - INFO - Iteracja 0: condition_best: None, quality_best: -inf, coverage_best: (p=0, n=0, P=0, N=0), p_value: 0
2026-04-14 13:48:38,792 - INFO - Regula po iteracji 0: IF  THEN class = {61.51} [47.14, 75.88], (p=850, n=611, P=850, N=611)
2026-04-14 13:48:38,792 - INFO - *****STOP GROWING RR RULE*****
2026-04-14 13:48:38,792 - INFO - ***RR NOT FOUND***
2026-04-14 13:48:38,874 - INFO - Iteracja 2: condition_best: Min_temperature <= 41.20, quality_best: 0.58, coverage_best: (p=182, n=92, P=202, N=1259)
2026-04-14 13:48:38,874 - INFO - Regula po iteracji 2: IF Max_temperature <= 58.40 AND Min_temperature <= 41.45 AND Min_temperature <= 41.20 THEN class = {42.54} [38.48, 46.60], (p=182, n=92, P=202, N=1259)
2026-04-14 13:48:38,874 - INFO - *****GROWING RR RULE*****
2026-04-14 13:48:39,452 - INFO - Iteracja 0: condition_best: None, quality_best: -inf, coverage_best: (p=0, n=0, P=0, N=0), p_value: 0
2026-04-14 13:48:39,453 - INFO - Regula po iteracji 0: IF  THEN class = {61.51} [47.14, 75.88], (p=850, n=611, P=850, N=611)
2026-04-14 13:48:39,453 - INFO - *****STOP GROWING RR RULE*****
2026-04-14 13:48:39,453 - INFO - ***RR NOT FOUND***
2026-04-14 13:48:39,535 - INFO - Iteracja 3: condition_best: Standard_pressure <= 8.05, quality_best: 0.585, coverage_best: (p=181, n=89, P=202, N=1259)
2026-04-14 13:48:39,535 - INFO - Regula po iteracji 3: IF Max_temperature <= 58.40 AND Min_temperature <= 41.45 AND Min_temperature <= 41.20 AND Standard_pressure <= 8.05 THEN class = {42.55} [38.50, 46.61], (p=181, n=89, P=202, N=1259)
2026-04-14 13:48:39,535 - INFO - *****GROWING RR RULE*****
2026-04-14 13:48:40,108 - INFO - Iteracja 0: condition_best: None, quality_best: -inf, coverage_best: (p=0, n=0, P=0, N=0), p_value: 0
2026-04-14 13:48:40,108 - INFO - Regula po iteracji 0: IF  THEN class = {61.51} [47.14, 75.88], (p=850, n=611, P=850, N=611)
2026-04-14 13:48:40,108 - INFO - *****STOP GROWING RR RULE*****
2026-04-14 13:48:40,108 - INFO - ***RR NOT FOUND***
2026-04-14 13:48:40,191 - INFO - Iteracja 4: condition_best: Standard_pressure >= 2.40, quality_best: 0.583, coverage_best: (p=180, n=89, P=202, N=1259)
2026-04-14 13:48:40,191 - INFO - Regula po iteracji 4: IF Max_temperature <= 58.40 AND Min_temperature <= 41.45 AND Min_temperature <= 41.20 AND Standard_pressure <= 8.05 AND Standard_pressure >= 2.40 THEN class = {42.55} [38.49, 46.62], (p=180, n=89, P=202, N=1259)
2026-04-14 13:48:40,191 - INFO - *****GROWING RR RULE*****
2026-04-14 13:48:40,764 - INFO - Iteracja 0: condition_best: None, quality_best: -inf, coverage_best: (p=0, n=0, P=0, N=0), p_value: 0
2026-04-14 13:48:40,764 - INFO - Regula po iteracji 0: IF  THEN class = {61.51} [47.14, 75.88], (p=850, n=611, P=850, N=611)
2026-04-14 13:48:40,764 - INFO - *****STOP GROWING RR RULE*****
2026-04-14 13:48:40,764 - INFO - ***RR NOT FOUND***
2026-04-14 13:48:40,764 - INFO - *******STOP GROWING CR RULE*******
2026-04-14 13:48:40,767 - INFO - *******GROWING CR RULE*******
2026-04-14 13:48:41,125 - INFO - Iteracja 0: condition_best: Max_temperature <= 58.40, quality_best: 0.533, coverage_best: (p=233, n=119, P=280, N=1181)
2026-04-14 13:48:41,126 - INFO - Regula po iteracji 0: IF Max_temperature <= 58.40 THEN class = {44.11} [39.39, 48.83], (p=233, n=119, P=280, N=1181)
2026-04-14 13:48:41,126 - INFO - *****GROWING RR RULE*****
2026-04-14 13:48:41,710 - INFO - Iteracja 0: condition_best: None, quality_best: -inf, coverage_best: (p=0, n=0, P=0, N=0), p_value: 0
2026-04-14 13:48:41,710 - INFO - Regula po iteracji 0: IF  THEN class = {61.51} [47.14, 75.88], (p=850, n=611, P=850, N=611)
2026-04-14 13:48:41,710 - INFO - *****STOP GROWING RR RULE*****
2026-04-14 13:48:41,710 - INFO - ***RR NOT FOUND***
2026-04-14 13:48:41,817 - INFO - Iteracja 1: condition_best: Min_temperature <= 42.70, quality_best: 0.573, coverage_best: (p=189, n=96, P=212, N=1249)
2026-04-14 13:48:41,817 - INFO - Regula po iteracji 1: IF Max_temperature <= 58.40 AND Min_temperature <= 42.70 THEN class = {42.77} [38.62, 46.91], (p=189, n=96, P=212, N=1249)
2026-04-14 13:48:41,817 - INFO - *****GROWING RR RULE*****
2026-04-14 13:48:42,385 - INFO - Iteracja 0: condition_best: None, quality_best: -inf, coverage_best: (p=0, n=0, P=0, N=0), p_value: 0
2026-04-14 13:48:42,385 - INFO - Regula po iteracji 0: IF  THEN class = {61.51} [47.14, 75.88], (p=850, n=611, P=850, N=611)
2026-04-14 13:48:42,386 - INFO - *****STOP GROWING RR RULE*****
2026-04-14 13:48:42,386 - INFO - ***RR NOT FOUND***
2026-04-14 13:48:42,470 - INFO - Iteracja 2: condition_best: Visibility <= 28.15, quality_best: 0.578, coverage_best: (p=189, n=94, P=212, N=1249)
2026-04-14 13:48:42,470 - INFO - Regula po iteracji 2: IF Max_temperature <= 58.40 AND Min_temperature <= 42.70 AND Visibility <= 28.15 THEN class = {42.81} [38.70, 46.93], (p=189, n=94, P=212, N=1249)
2026-04-14 13:48:42,471 - INFO - *****GROWING RR RULE*****
2026-04-14 13:48:43,043 - INFO - Iteracja 0: condition_best: None, quality_best: -inf, coverage_best: (p=0, n=0, P=0, N=0), p_value: 0
2026-04-14 13:48:43,043 - INFO - Regula po iteracji 0: IF  THEN class = {61.51} [47.14, 75.88], (p=850, n=611, P=850, N=611)
2026-04-14 13:48:43,043 - INFO - *****STOP GROWING RR RULE*****
2026-04-14 13:48:43,043 - INFO - ***RR NOT FOUND***
2026-04-14 13:48:43,127 - INFO - Iteracja 3: condition_best: Precipitation <= 2.05, quality_best: 0.581, coverage_best: (p=189, n=93, P=212, N=1249)
2026-04-14 13:48:43,127 - INFO - Regula po iteracji 3: IF Max_temperature <= 58.40 AND Min_temperature <= 42.70 AND Visibility <= 28.15 AND Precipitation <= 2.05 THEN class = {42.79} [38.68, 46.90], (p=189, n=93, P=212, N=1249)
2026-04-14 13:48:43,127 - INFO - *****GROWING RR RULE*****
2026-04-14 13:48:43,711 - INFO - Iteracja 0: condition_best: None, quality_best: -inf, coverage_best: (p=0, n=0, P=0, N=0), p_value: 0
2026-04-14 13:48:43,712 - INFO - Regula po iteracji 0: IF  THEN class = {61.51} [47.14, 75.88], (p=850, n=611, P=850, N=611)
2026-04-14 13:48:43,712 - INFO - *****STOP GROWING RR RULE*****
2026-04-14 13:48:43,712 - INFO - ***RR NOT FOUND***
2026-04-14 13:48:43,799 - INFO - Iteracja 4: condition_best: Standard_pressure <= 8.05, quality_best: 0.583, coverage_best: (p=187, n=90, P=212, N=1249)
2026-04-14 13:48:43,799 - INFO - Regula po iteracji 4: IF Max_temperature <= 58.40 AND Min_temperature <= 42.70 AND Visibility <= 28.15 AND Precipitation <= 2.05 AND Standard_pressure <= 8.05 THEN class = {42.79} [38.68, 46.90], (p=187, n=90, P=212, N=1249)
2026-04-14 13:48:43,800 - INFO - *****GROWING RR RULE*****
2026-04-14 13:48:44,386 - INFO - Iteracja 0: condition_best: None, quality_best: -inf, coverage_best: (p=0, n=0, P=0, N=0), p_value: 0
2026-04-14 13:48:44,386 - INFO - Regula po iteracji 0: IF  THEN class = {61.51} [47.14, 75.88], (p=850, n=611, P=850, N=611)
2026-04-14 13:48:44,386 - INFO - *****STOP GROWING RR RULE*****
2026-04-14 13:48:44,386 - INFO - ***RR NOT FOUND***
2026-04-14 13:48:44,386 - INFO - *******STOP GROWING CR RULE*******
2026-04-14 13:48:44,389 - INFO - *******GROWING CR RULE*******
2026-04-14 13:48:44,745 - INFO - Iteracja 0: condition_best: Max_temperature <= 58.40, quality_best: 0.533, coverage_best: (p=233, n=119, P=280, N=1181)
2026-04-14 13:48:44,745 - INFO - Regula po iteracji 0: IF Max_temperature <= 58.40 THEN class = {44.11} [39.39, 48.83], (p=233, n=119, P=280, N=1181)
2026-04-14 13:48:44,745 - INFO - *****GROWING RR RULE*****
2026-04-14 13:48:45,325 - INFO - Iteracja 0: condition_best: None, quality_best: -inf, coverage_best: (p=0, n=0, P=0, N=0), p_value: 0
2026-04-14 13:48:45,325 - INFO - Regula po iteracji 0: IF  THEN class = {61.51} [47.14, 75.88], (p=850, n=611, P=850, N=611)
2026-04-14 13:48:45,325 - INFO - *****STOP GROWING RR RULE*****
2026-04-14 13:48:45,325 - INFO - ***RR NOT FOUND***
2026-04-14 13:48:45,431 - INFO - Iteracja 1: condition_best: Dewpoint <= 48.15, quality_best: 0.54, coverage_best: (p=219, n=115, P=256, N=1205)
2026-04-14 13:48:45,431 - INFO - Regula po iteracji 1: IF Max_temperature <= 58.40 AND Dewpoint <= 48.15 THEN class = {43.68} [39.23, 48.14], (p=219, n=115, P=256, N=1205)
2026-04-14 13:48:45,432 - INFO - *****GROWING RR RULE*****
2026-04-14 13:48:46,007 - INFO - Iteracja 0: condition_best: None, quality_best: -inf, coverage_best: (p=0, n=0, P=0, N=0), p_value: 0
2026-04-14 13:48:46,008 - INFO - Regula po iteracji 0: IF  THEN class = {61.51} [47.14, 75.88], (p=850, n=611, P=850, N=611)
2026-04-14 13:48:46,008 - INFO - *****STOP GROWING RR RULE*****
2026-04-14 13:48:46,008 - INFO - ***RR NOT FOUND***
2026-04-14 13:48:46,107 - INFO - Iteracja 2: condition_best: Min_temperature >= 30.40, quality_best: 0.551, coverage_best: (p=180, n=82, P=237, N=1224)
2026-04-14 13:48:46,107 - INFO - Regula po iteracji 2: IF Max_temperature <= 58.40 AND Dewpoint <= 48.15 AND Min_temperature >= 30.40 THEN class = {45.10} [41.39, 48.81], (p=180, n=82, P=237, N=1224)
2026-04-14 13:48:46,107 - INFO - *****GROWING RR RULE*****
2026-04-14 13:48:46,678 - INFO - Iteracja 0: condition_best: None, quality_best: -inf, coverage_best: (p=0, n=0, P=0, N=0), p_value: 0
2026-04-14 13:48:46,679 - INFO - Regula po iteracji 0: IF  THEN class = {61.51} [47.14, 75.88], (p=850, n=611, P=850, N=611)
2026-04-14 13:48:46,679 - INFO - *****STOP GROWING RR RULE*****
2026-04-14 13:48:46,679 - INFO - ***RR NOT FOUND***
2026-04-14 13:48:46,761 - INFO - Iteracja 3: condition_best: Dewpoint >= 23.55, quality_best: 0.56, coverage_best: (p=176, n=78, P=231, N=1230)
2026-04-14 13:48:46,761 - INFO - Regula po iteracji 3: IF Max_temperature <= 58.40 AND Dewpoint <= 48.15 AND Min_temperature >= 30.40 AND Dewpoint >= 23.55 THEN class = {45.28} [41.70, 48.87], (p=176, n=78, P=231, N=1230)
2026-04-14 13:48:46,761 - INFO - *****GROWING RR RULE*****
2026-04-14 13:48:47,335 - INFO - Iteracja 0: condition_best: None, quality_best: -inf, coverage_best: (p=0, n=0, P=0, N=0), p_value: 0
2026-04-14 13:48:47,336 - INFO - Regula po iteracji 0: IF  THEN class = {61.51} [47.14, 75.88], (p=850, n=611, P=850, N=611)
2026-04-14 13:48:47,336 - INFO - *****STOP GROWING RR RULE*****
2026-04-14 13:48:47,336 - INFO - ***RR NOT FOUND***
2026-04-14 13:48:47,416 - INFO - Iteracja 4: condition_best: Dewpoint <= 45.55, quality_best: 0.566, coverage_best: (p=156, n=66, P=212, N=1249)
2026-04-14 13:48:47,416 - INFO - Regula po iteracji 4: IF Max_temperature <= 58.40 AND Dewpoint <= 48.15 AND Min_temperature >= 30.40 AND Dewpoint >= 23.55 AND Dewpoint <= 45.55 THEN class = {44.70} [41.27, 48.13], (p=156, n=66, P=212, N=1249)
2026-04-14 13:48:47,416 - INFO - *****GROWING RR RULE*****
2026-04-14 13:48:47,992 - INFO - Iteracja 0: condition_best: None, quality_best: -inf, coverage_best: (p=0, n=0, P=0, N=0), p_value: 0
2026-04-14 13:48:47,992 - INFO - Regula po iteracji 0: IF  THEN class = {61.51} [47.14, 75.88], (p=850, n=611, P=850, N=611)
2026-04-14 13:48:47,992 - INFO - *****STOP GROWING RR RULE*****
2026-04-14 13:48:47,992 - INFO - ***RR NOT FOUND***
2026-04-14 13:48:47,992 - INFO - *******STOP GROWING CR RULE*******
2026-04-14 13:48:47,995 - INFO - *******GROWING CR RULE*******
2026-04-14 13:48:48,352 - INFO - Iteracja 0: condition_best: Max_temperature <= 58.40, quality_best: 0.533, coverage_best: (p=233, n=119, P=280, N=1181)
2026-04-14 13:48:48,352 - INFO - Regula po iteracji 0: IF Max_temperature <= 58.40 THEN class = {44.11} [39.39, 48.83], (p=233, n=119, P=280, N=1181)
2026-04-14 13:48:48,352 - INFO - *****GROWING RR RULE*****
2026-04-14 13:48:48,933 - INFO - Iteracja 0: condition_best: None, quality_best: -inf, coverage_best: (p=0, n=0, P=0, N=0), p_value: 0
2026-04-14 13:48:48,933 - INFO - Regula po iteracji 0: IF  THEN class = {61.51} [47.14, 75.88], (p=850, n=611, P=850, N=611)
2026-04-14 13:48:48,933 - INFO - *****STOP GROWING RR RULE*****
2026-04-14 13:48:48,933 - INFO - ***RR NOT FOUND***
2026-04-14 13:48:49,040 - INFO - Iteracja 1: condition_best: Dewpoint <= 48.15, quality_best: 0.54, coverage_best: (p=219, n=115, P=256, N=1205)
2026-04-14 13:48:49,040 - INFO - Regula po iteracji 1: IF Max_temperature <= 58.40 AND Dewpoint <= 48.15 THEN class = {43.68} [39.23, 48.14], (p=219, n=115, P=256, N=1205)
2026-04-14 13:48:49,041 - INFO - *****GROWING RR RULE*****
2026-04-14 13:48:49,617 - INFO - Iteracja 0: condition_best: None, quality_best: -inf, coverage_best: (p=0, n=0, P=0, N=0), p_value: 0
2026-04-14 13:48:49,617 - INFO - Regula po iteracji 0: IF  THEN class = {61.51} [47.14, 75.88], (p=850, n=611, P=850, N=611)
2026-04-14 13:48:49,617 - INFO - *****STOP GROWING RR RULE*****
2026-04-14 13:48:49,617 - INFO - ***RR NOT FOUND***
2026-04-14 13:48:49,716 - INFO - Iteracja 2: condition_best: Min_temperature >= 30.40, quality_best: 0.551, coverage_best: (p=180, n=82, P=237, N=1224)
2026-04-14 13:48:49,716 - INFO - Regula po iteracji 2: IF Max_temperature <= 58.40 AND Dewpoint <= 48.15 AND Min_temperature >= 30.40 THEN class = {45.10} [41.39, 48.81], (p=180, n=82, P=237, N=1224)
2026-04-14 13:48:49,716 - INFO - *****GROWING RR RULE*****
2026-04-14 13:48:50,292 - INFO - Iteracja 0: condition_best: None, quality_best: -inf, coverage_best: (p=0, n=0, P=0, N=0), p_value: 0
2026-04-14 13:48:50,292 - INFO - Regula po iteracji 0: IF  THEN class = {61.51} [47.14, 75.88], (p=850, n=611, P=850, N=611)
2026-04-14 13:48:50,292 - INFO - *****STOP GROWING RR RULE*****
2026-04-14 13:48:50,292 - INFO - ***RR NOT FOUND***
2026-04-14 13:48:50,373 - INFO - Iteracja 3: condition_best: Dewpoint >= 23.55, quality_best: 0.56, coverage_best: (p=176, n=78, P=231, N=1230)
2026-04-14 13:48:50,373 - INFO - Regula po iteracji 3: IF Max_temperature <= 58.40 AND Dewpoint <= 48.15 AND Min_temperature >= 30.40 AND Dewpoint >= 23.55 THEN class = {45.28} [41.70, 48.87], (p=176, n=78, P=231, N=1230)
2026-04-14 13:48:50,374 - INFO - *****GROWING RR RULE*****
2026-04-14 13:48:51,743 - INFO - Iteracja 0: condition_best: None, quality_best: -inf, coverage_best: (p=0, n=0, P=0, N=0), p_value: 0
2026-04-14 13:48:51,744 - INFO - Regula po iteracji 0: IF  THEN class = {61.51} [47.14, 75.88], (p=850, n=611, P=850, N=611)
2026-04-14 13:48:51,744 - INFO - *****STOP GROWING RR RULE*****
2026-04-14 13:48:51,744 - INFO - ***RR NOT FOUND***
2026-04-14 13:48:51,823 - INFO - Iteracja 4: condition_best: Dewpoint <= 48.05, quality_best: 0.565, coverage_best: (p=176, n=76, P=231, N=1230)
2026-04-14 13:48:51,823 - INFO - Regula po iteracji 4: IF Max_temperature <= 58.40 AND Dewpoint <= 48.15 AND Min_temperature >= 30.40 AND Dewpoint >= 23.55 AND Dewpoint <= 48.05 THEN class = {45.24} [41.67, 48.81], (p=176, n=76, P=231, N=1230)
2026-04-14 13:48:51,823 - INFO - *****GROWING RR RULE*****
2026-04-14 13:48:52,392 - INFO - Iteracja 0: condition_best: None, quality_best: -inf, coverage_best: (p=0, n=0, P=0, N=0), p_value: 0
2026-04-14 13:48:52,392 - INFO - Regula po iteracji 0: IF  THEN class = {61.51} [47.14, 75.88], (p=850, n=611, P=850, N=611)
2026-04-14 13:48:52,392 - INFO - *****STOP GROWING RR RULE*****
2026-04-14 13:48:52,393 - INFO - ***RR NOT FOUND***
2026-04-14 13:48:52,393 - INFO - *******STOP GROWING CR RULE*******
2026-04-14 13:48:52,395 - INFO - *******GROWING CR RULE*******
2026-04-14 13:48:52,745 - INFO - Iteracja 0: condition_best: Max_temperature <= 58.40, quality_best: 0.533, coverage_best: (p=233, n=119, P=280, N=1181)
2026-04-14 13:48:52,745 - INFO - Regula po iteracji 0: IF Max_temperature <= 58.40 THEN class = {44.11} [39.39, 48.83], (p=233, n=119, P=280, N=1181)
2026-04-14 13:48:52,745 - INFO - *****GROWING RR RULE*****
2026-04-14 13:48:53,330 - INFO - Iteracja 0: condition_best: None, quality_best: -inf, coverage_best: (p=0, n=0, P=0, N=0), p_value: 0
2026-04-14 13:48:53,331 - INFO - Regula po iteracji 0: IF  THEN class = {61.51} [47.14, 75.88], (p=850, n=611, P=850, N=611)
2026-04-14 13:48:53,331 - INFO - *****STOP GROWING RR RULE*****
2026-04-14 13:48:53,331 - INFO - ***RR NOT FOUND***
2026-04-14 13:48:53,435 - INFO - Iteracja 1: condition_best: Min_temperature <= 45.95, quality_best: 0.538, coverage_best: (p=218, n=115, P=256, N=1205)
2026-04-14 13:48:53,435 - INFO - Regula po iteracji 1: IF Max_temperature <= 58.40 AND Min_temperature <= 45.95 THEN class = {43.68} [39.21, 48.14], (p=218, n=115, P=256, N=1205)
2026-04-14 13:48:53,436 - INFO - *****GROWING RR RULE*****
2026-04-14 13:48:54,020 - INFO - Iteracja 0: condition_best: None, quality_best: -inf, coverage_best: (p=0, n=0, P=0, N=0), p_value: 0
2026-04-14 13:48:54,021 - INFO - Regula po iteracji 0: IF  THEN class = {61.51} [47.14, 75.88], (p=850, n=611, P=850, N=611)
2026-04-14 13:48:54,021 - INFO - *****STOP GROWING RR RULE*****
2026-04-14 13:48:54,021 - INFO - ***RR NOT FOUND***
2026-04-14 13:48:54,119 - INFO - Iteracja 2: condition_best: Precipitation <= 2.05, quality_best: 0.544, coverage_best: (p=219, n=113, P=257, N=1204)
2026-04-14 13:48:54,119 - INFO - Regula po iteracji 2: IF Max_temperature <= 58.40 AND Min_temperature <= 45.95 AND Precipitation <= 2.05 THEN class = {43.66} [39.20, 48.12], (p=219, n=113, P=257, N=1204)
2026-04-14 13:48:54,120 - INFO - *****GROWING RR RULE*****
2026-04-14 13:48:54,702 - INFO - Iteracja 0: condition_best: None, quality_best: -inf, coverage_best: (p=0, n=0, P=0, N=0), p_value: 0
2026-04-14 13:48:54,702 - INFO - Regula po iteracji 0: IF  THEN class = {61.51} [47.14, 75.88], (p=850, n=611, P=850, N=611)
2026-04-14 13:48:54,702 - INFO - *****STOP GROWING RR RULE*****
2026-04-14 13:48:54,702 - INFO - ***RR NOT FOUND***
2026-04-14 13:48:54,802 - INFO - Iteracja 3: condition_best: Visibility <= 28.15, quality_best: 0.545, coverage_best: (p=218, n=112, P=256, N=1205)
2026-04-14 13:48:54,802 - INFO - Regula po iteracji 3: IF Max_temperature <= 58.40 AND Min_temperature <= 45.95 AND Precipitation <= 2.05 AND Visibility <= 28.15 THEN class = {43.71} [39.28, 48.14], (p=218, n=112, P=256, N=1205)
2026-04-14 13:48:54,802 - INFO - *****GROWING RR RULE*****
2026-04-14 13:48:55,384 - INFO - Iteracja 0: condition_best: None, quality_best: -inf, coverage_best: (p=0, n=0, P=0, N=0), p_value: 0
2026-04-14 13:48:55,384 - INFO - Regula po iteracji 0: IF  THEN class = {61.51} [47.14, 75.88], (p=850, n=611, P=850, N=611)
2026-04-14 13:48:55,385 - INFO - *****STOP GROWING RR RULE*****
2026-04-14 13:48:55,385 - INFO - ***RR NOT FOUND***
2026-04-14 13:48:55,483 - INFO - Iteracja 4: condition_best: Sea_level_pressure >= 29.54, quality_best: 0.547, coverage_best: (p=218, n=111, P=256, N=1205)
2026-04-14 13:48:55,483 - INFO - Regula po iteracji 4: IF Max_temperature <= 58.40 AND Min_temperature <= 45.95 AND Precipitation <= 2.05 AND Visibility <= 28.15 AND Sea_level_pressure >= 29.54 THEN class = {43.69} [39.26, 48.12], (p=218, n=111, P=256, N=1205)
2026-04-14 13:48:55,484 - INFO - *****GROWING RR RULE*****
2026-04-14 13:48:56,067 - INFO - Iteracja 0: condition_best: None, quality_best: -inf, coverage_best: (p=0, n=0, P=0, N=0), p_value: 0
2026-04-14 13:48:56,067 - INFO - Regula po iteracji 0: IF  THEN class = {61.51} [47.14, 75.88], (p=850, n=611, P=850, N=611)
2026-04-14 13:48:56,068 - INFO - *****STOP GROWING RR RULE*****
2026-04-14 13:48:56,068 - INFO - ***RR NOT FOUND***
2026-04-14 13:48:56,068 - INFO - *******STOP GROWING CR RULE*******
2026-04-14 13:48:56,070 - INFO - *******GROWING CR RULE*******
2026-04-14 13:48:56,419 - INFO - Iteracja 0: condition_best: Max_temperature <= 58.40, quality_best: 0.533, coverage_best: (p=233, n=119, P=280, N=1181)
2026-04-14 13:48:56,419 - INFO - Regula po iteracji 0: IF Max_temperature <= 58.40 THEN class = {44.11} [39.39, 48.83], (p=233, n=119, P=280, N=1181)
2026-04-14 13:48:56,419 - INFO - *****GROWING RR RULE*****
2026-04-14 13:48:57,003 - INFO - Iteracja 0: condition_best: None, quality_best: -inf, coverage_best: (p=0, n=0, P=0, N=0), p_value: 0
2026-04-14 13:48:57,003 - INFO - Regula po iteracji 0: IF  THEN class = {61.51} [47.14, 75.88], (p=850, n=611, P=850, N=611)
2026-04-14 13:48:57,004 - INFO - *****STOP GROWING RR RULE*****
2026-04-14 13:48:57,004 - INFO - ***RR NOT FOUND***
2026-04-14 13:48:57,109 - INFO - Iteracja 1: condition_best: Sea_level_pressure >= 29.37, quality_best: 0.535, coverage_best: (p=233, n=118, P=280, N=1181)
2026-04-14 13:48:57,109 - INFO - Regula po iteracji 1: IF Max_temperature <= 58.40 AND Sea_level_pressure >= 29.37 THEN class = {44.09} [39.38, 48.80], (p=233, n=118, P=280, N=1181)
2026-04-14 13:48:57,109 - INFO - *****GROWING RR RULE*****
2026-04-14 13:48:57,688 - INFO - Iteracja 0: condition_best: None, quality_best: -inf, coverage_best: (p=0, n=0, P=0, N=0), p_value: 0
2026-04-14 13:48:57,688 - INFO - Regula po iteracji 0: IF  THEN class = {61.51} [47.14, 75.88], (p=850, n=611, P=850, N=611)
2026-04-14 13:48:57,688 - INFO - *****STOP GROWING RR RULE*****
2026-04-14 13:48:57,688 - INFO - ***RR NOT FOUND***
2026-04-14 13:48:57,794 - INFO - Iteracja 2: condition_best: Max_temperature <= 57.30, quality_best: 0.541, coverage_best: (p=215, n=108, P=261, N=1200)
2026-04-14 13:48:57,794 - INFO - Regula po iteracji 2: IF Max_temperature <= 58.40 AND Sea_level_pressure >= 29.37 AND Max_temperature <= 57.30 THEN class = {43.65} [39.10, 48.21], (p=215, n=108, P=261, N=1200)
2026-04-14 13:48:57,794 - INFO - *****GROWING RR RULE*****
2026-04-14 13:48:58,371 - INFO - Iteracja 0: condition_best: None, quality_best: -inf, coverage_best: (p=0, n=0, P=0, N=0), p_value: 0
2026-04-14 13:48:58,371 - INFO - Regula po iteracji 0: IF  THEN class = {61.51} [47.14, 75.88], (p=850, n=611, P=850, N=611)
2026-04-14 13:48:58,372 - INFO - *****STOP GROWING RR RULE*****
2026-04-14 13:48:58,372 - INFO - ***RR NOT FOUND***
2026-04-14 13:48:58,471 - INFO - Iteracja 3: condition_best: Min_temperature >= 33.00, quality_best: 0.557, coverage_best: (p=161, n=66, P=230, N=1231)
2026-04-14 13:48:58,471 - INFO - Regula po iteracji 3: IF Max_temperature <= 58.40 AND Sea_level_pressure >= 29.37 AND Max_temperature <= 57.30 AND Min_temperature >= 33.00 THEN class = {45.57} [41.98, 49.15], (p=161, n=66, P=230, N=1231)
2026-04-14 13:48:58,471 - INFO - *****GROWING RR RULE*****
2026-04-14 13:48:59,053 - INFO - Iteracja 0: condition_best: None, quality_best: -inf, coverage_best: (p=0, n=0, P=0, N=0), p_value: 0
2026-04-14 13:48:59,054 - INFO - Regula po iteracji 0: IF  THEN class = {61.51} [47.14, 75.88], (p=850, n=611, P=850, N=611)
2026-04-14 13:48:59,054 - INFO - *****STOP GROWING RR RULE*****
2026-04-14 13:48:59,054 - INFO - ***RR NOT FOUND***
2026-04-14 13:48:59,128 - INFO - Iteracja 4: condition_best: Precipitation <= 1.45, quality_best: 0.557, coverage_best: (p=159, n=65, P=228, N=1233)
2026-04-14 13:48:59,128 - INFO - Regula po iteracji 4: IF Max_temperature <= 58.40 AND Sea_level_pressure >= 29.37 AND Max_temperature <= 57.30 AND Min_temperature >= 33.00 AND Precipitation <= 1.45 THEN class = {45.48} [41.96, 49.01], (p=159, n=65, P=228, N=1233)
2026-04-14 13:48:59,129 - INFO - *****GROWING RR RULE*****
2026-04-14 13:48:59,701 - INFO - Iteracja 0: condition_best: None, quality_best: -inf, coverage_best: (p=0, n=0, P=0, N=0), p_value: 0
2026-04-14 13:48:59,702 - INFO - Regula po iteracji 0: IF  THEN class = {61.51} [47.14, 75.88], (p=850, n=611, P=850, N=611)
2026-04-14 13:48:59,702 - INFO - *****STOP GROWING RR RULE*****
2026-04-14 13:48:59,702 - INFO - ***RR NOT FOUND***
2026-04-14 13:48:59,702 - INFO - *******STOP GROWING CR RULE*******
2026-04-14 13:48:59,705 - INFO - *******GROWING CR RULE*******
2026-04-14 13:49:00,060 - INFO - Iteracja 0: condition_best: Max_temperature <= 58.40, quality_best: 0.533, coverage_best: (p=233, n=119, P=280, N=1181)
2026-04-14 13:49:00,060 - INFO - Regula po iteracji 0: IF Max_temperature <= 58.40 THEN class = {44.11} [39.39, 48.83], (p=233, n=119, P=280, N=1181)
2026-04-14 13:49:00,061 - INFO - *****GROWING RR RULE*****
2026-04-14 13:49:00,647 - INFO - Iteracja 0: condition_best: None, quality_best: -inf, coverage_best: (p=0, n=0, P=0, N=0), p_value: 0
2026-04-14 13:49:00,647 - INFO - Regula po iteracji 0: IF  THEN class = {61.51} [47.14, 75.88], (p=850, n=611, P=850, N=611)
2026-04-14 13:49:00,647 - INFO - *****STOP GROWING RR RULE*****
2026-04-14 13:49:00,647 - INFO - ***RR NOT FOUND***
2026-04-14 13:49:00,752 - INFO - Iteracja 1: condition_best: Sea_level_pressure >= 29.37, quality_best: 0.535, coverage_best: (p=233, n=118, P=280, N=1181)
2026-04-14 13:49:00,752 - INFO - Regula po iteracji 1: IF Max_temperature <= 58.40 AND Sea_level_pressure >= 29.37 THEN class = {44.09} [39.38, 48.80], (p=233, n=118, P=280, N=1181)
2026-04-14 13:49:00,752 - INFO - *****GROWING RR RULE*****
2026-04-14 13:49:01,329 - INFO - Iteracja 0: condition_best: None, quality_best: -inf, coverage_best: (p=0, n=0, P=0, N=0), p_value: 0
2026-04-14 13:49:01,330 - INFO - Regula po iteracji 0: IF  THEN class = {61.51} [47.14, 75.88], (p=850, n=611, P=850, N=611)
2026-04-14 13:49:01,330 - INFO - *****STOP GROWING RR RULE*****
2026-04-14 13:49:01,330 - INFO - ***RR NOT FOUND***
2026-04-14 13:49:01,435 - INFO - Iteracja 2: condition_best: Standard_pressure <= 9.75, quality_best: 0.537, coverage_best: (p=233, n=117, P=280, N=1181)
2026-04-14 13:49:01,435 - INFO - Regula po iteracji 2: IF Max_temperature <= 58.40 AND Sea_level_pressure >= 29.37 AND Standard_pressure <= 9.75 THEN class = {44.11} [39.40, 48.81], (p=233, n=117, P=280, N=1181)
2026-04-14 13:49:01,436 - INFO - *****GROWING RR RULE*****
2026-04-14 13:49:02,011 - INFO - Iteracja 0: condition_best: None, quality_best: -inf, coverage_best: (p=0, n=0, P=0, N=0), p_value: 0
2026-04-14 13:49:02,011 - INFO - Regula po iteracji 0: IF  THEN class = {61.51} [47.14, 75.88], (p=850, n=611, P=850, N=611)
2026-04-14 13:49:02,011 - INFO - *****STOP GROWING RR RULE*****
2026-04-14 13:49:02,011 - INFO - ***RR NOT FOUND***
2026-04-14 13:49:02,118 - INFO - Iteracja 3: condition_best: Visibility <= 28.15, quality_best: 0.538, coverage_best: (p=232, n=116, P=279, N=1182)
2026-04-14 13:49:02,118 - INFO - Regula po iteracji 3: IF Max_temperature <= 58.40 AND Sea_level_pressure >= 29.37 AND Standard_pressure <= 9.75 AND Visibility <= 28.15 THEN class = {44.15} [39.48, 48.83], (p=232, n=116, P=279, N=1182)
2026-04-14 13:49:02,118 - INFO - *****GROWING RR RULE*****
2026-04-14 13:49:02,691 - INFO - Iteracja 0: condition_best: None, quality_best: -inf, coverage_best: (p=0, n=0, P=0, N=0), p_value: 0
2026-04-14 13:49:02,692 - INFO - Regula po iteracji 0: IF  THEN class = {61.51} [47.14, 75.88], (p=850, n=611, P=850, N=611)
2026-04-14 13:49:02,692 - INFO - *****STOP GROWING RR RULE*****
2026-04-14 13:49:02,692 - INFO - ***RR NOT FOUND***
2026-04-14 13:49:02,796 - INFO - Iteracja 4: condition_best: Max_temperature <= 58.20, quality_best: 0.538, coverage_best: (p=229, n=115, P=276, N=1185)
2026-04-14 13:49:02,796 - INFO - Regula po iteracji 4: IF Max_temperature <= 58.40 AND Sea_level_pressure >= 29.37 AND Standard_pressure <= 9.75 AND Visibility <= 28.15 AND Max_temperature <= 58.20 THEN class = {44.09} [39.44, 48.74], (p=229, n=115, P=276, N=1185)
2026-04-14 13:49:02,797 - INFO - *****GROWING RR RULE*****
2026-04-14 13:49:03,383 - INFO - Iteracja 0: condition_best: None, quality_best: -inf, coverage_best: (p=0, n=0, P=0, N=0), p_value: 0
2026-04-14 13:49:03,383 - INFO - Regula po iteracji 0: IF  THEN class = {61.51} [47.14, 75.88], (p=850, n=611, P=850, N=611)
2026-04-14 13:49:03,383 - INFO - *****STOP GROWING RR RULE*****
2026-04-14 13:49:03,383 - INFO - ***RR NOT FOUND***
2026-04-14 13:49:03,383 - INFO - *******STOP GROWING CR RULE*******
2026-04-14 13:49:03,386 - INFO - *******GROWING CR RULE*******
2026-04-14 13:49:03,742 - INFO - Iteracja 0: condition_best: Min_temperature <= 36.40, quality_best: 0.532, coverage_best: (p=153, n=67, P=230, N=1231)
2026-04-14 13:49:03,742 - INFO - Regula po iteracji 0: IF Min_temperature <= 36.40 THEN class = {42.26} [37.58, 46.93], (p=153, n=67, P=230, N=1231)
2026-04-14 13:49:03,743 - INFO - *****GROWING RR RULE*****
2026-04-14 13:49:04,317 - INFO - Iteracja 0: condition_best: None, quality_best: -inf, coverage_best: (p=0, n=0, P=0, N=0), p_value: 0
2026-04-14 13:49:04,317 - INFO - Regula po iteracji 0: IF  THEN class = {61.51} [47.14, 75.88], (p=850, n=611, P=850, N=611)
2026-04-14 13:49:04,317 - INFO - *****STOP GROWING RR RULE*****
2026-04-14 13:49:04,317 - INFO - ***RR NOT FOUND***
2026-04-14 13:49:04,388 - INFO - Iteracja 1: condition_best: Sea_level_pressure >= 29.77, quality_best: 0.529, coverage_best: (p=151, n=66, P=230, N=1231)
2026-04-14 13:49:04,388 - INFO - Regula po iteracji 1: IF Min_temperature <= 36.40 AND Sea_level_pressure >= 29.77 THEN class = {42.28} [37.59, 46.98], (p=151, n=66, P=230, N=1231)
2026-04-14 13:49:04,388 - INFO - *****GROWING RR RULE*****
2026-04-14 13:49:04,968 - INFO - Iteracja 0: condition_best: None, quality_best: -inf, coverage_best: (p=0, n=0, P=0, N=0), p_value: 0
2026-04-14 13:49:04,968 - INFO - Regula po iteracji 0: IF  THEN class = {61.51} [47.14, 75.88], (p=850, n=611, P=850, N=611)
2026-04-14 13:49:04,968 - INFO - *****STOP GROWING RR RULE*****
2026-04-14 13:49:04,968 - INFO - ***RR NOT FOUND***
2026-04-14 13:49:05,038 - INFO - Iteracja 2: condition_best: Max_temperature <= 68.65, quality_best: 0.532, coverage_best: (p=151, n=65, P=230, N=1231)
2026-04-14 13:49:05,038 - INFO - Regula po iteracji 2: IF Min_temperature <= 36.40 AND Sea_level_pressure >= 29.77 AND Max_temperature <= 68.65 THEN class = {42.24} [37.58, 46.91], (p=151, n=65, P=230, N=1231)
2026-04-14 13:49:05,039 - INFO - *****GROWING RR RULE*****
2026-04-14 13:49:05,617 - INFO - Iteracja 0: condition_best: None, quality_best: -inf, coverage_best: (p=0, n=0, P=0, N=0), p_value: 0
2026-04-14 13:49:05,617 - INFO - Regula po iteracji 0: IF  THEN class = {61.51} [47.14, 75.88], (p=850, n=611, P=850, N=611)
2026-04-14 13:49:05,617 - INFO - *****STOP GROWING RR RULE*****
2026-04-14 13:49:05,618 - INFO - ***RR NOT FOUND***
2026-04-14 13:49:05,688 - INFO - Iteracja 3: condition_best: Sea_level_pressure >= 29.77, quality_best: 0.53, coverage_best: (p=150, n=65, P=230, N=1231)
2026-04-14 13:49:05,688 - INFO - Regula po iteracji 3: IF Min_temperature <= 36.40 AND Sea_level_pressure >= 29.77 AND Max_temperature <= 68.65 AND Sea_level_pressure >= 29.77 THEN class = {42.26} [37.60, 46.93], (p=150, n=65, P=230, N=1231)
2026-04-14 13:49:05,688 - INFO - *****GROWING RR RULE*****
2026-04-14 13:49:06,261 - INFO - Iteracja 0: condition_best: None, quality_best: -inf, coverage_best: (p=0, n=0, P=0, N=0), p_value: 0
2026-04-14 13:49:06,261 - INFO - Regula po iteracji 0: IF  THEN class = {61.51} [47.14, 75.88], (p=850, n=611, P=850, N=611)
2026-04-14 13:49:06,261 - INFO - *****STOP GROWING RR RULE*****
2026-04-14 13:49:06,261 - INFO - ***RR NOT FOUND***
2026-04-14 13:49:06,331 - INFO - Iteracja 4: condition_best: Standard_pressure >= 2.40, quality_best: 0.527, coverage_best: (p=149, n=65, P=230, N=1231)
2026-04-14 13:49:06,331 - INFO - Regula po iteracji 4: IF Min_temperature <= 36.40 AND Sea_level_pressure >= 29.77 AND Max_temperature <= 68.65 AND Sea_level_pressure >= 29.77 AND Standard_pressure >= 2.40 THEN class = {42.26} [37.58, 46.94], (p=149, n=65, P=230, N=1231)
2026-04-14 13:49:06,331 - INFO - *****GROWING RR RULE*****
2026-04-14 13:49:06,904 - INFO - Iteracja 0: condition_best: None, quality_best: -inf, coverage_best: (p=0, n=0, P=0, N=0), p_value: 0
2026-04-14 13:49:06,904 - INFO - Regula po iteracji 0: IF  THEN class = {61.51} [47.14, 75.88], (p=850, n=611, P=850, N=611)
2026-04-14 13:49:06,904 - INFO - *****STOP GROWING RR RULE*****
2026-04-14 13:49:06,904 - INFO - ***RR NOT FOUND***
2026-04-14 13:49:06,904 - INFO - *******STOP GROWING CR RULE*******
2026-04-14 13:49:06,907 - INFO - *******GROWING CR RULE*******
2026-04-14 13:49:07,261 - INFO - Iteracja 0: condition_best: Min_temperature <= 45.95, quality_best: 0.529, coverage_best: (p=396, n=188, P=423, N=1038)
2026-04-14 13:49:07,261 - INFO - Regula po iteracji 0: IF Min_temperature <= 45.95 THEN class = {47.24} [41.37, 53.11], (p=396, n=188, P=423, N=1038)
2026-04-14 13:49:07,261 - INFO - *****GROWING RR RULE*****
2026-04-14 13:49:07,859 - INFO - Iteracja 0: condition_best: None, quality_best: -inf, coverage_best: (p=0, n=0, P=0, N=0), p_value: 0
2026-04-14 13:49:07,860 - INFO - Regula po iteracji 0: IF  THEN class = {61.51} [47.14, 75.88], (p=850, n=611, P=850, N=611)
2026-04-14 13:49:07,860 - INFO - *****STOP GROWING RR RULE*****
2026-04-14 13:49:07,860 - INFO - ***RR NOT FOUND***
2026-04-14 13:49:08,014 - INFO - Iteracja 1: condition_best: Max_temperature >= 52.10, quality_best: 0.583, coverage_best: (p=319, n=118, P=381, N=1080)
2026-04-14 13:49:08,014 - INFO - Regula po iteracji 1: IF Min_temperature <= 45.95 AND Max_temperature >= 52.10 THEN class = {49.48} [44.84, 54.12], (p=319, n=118, P=381, N=1080)
2026-04-14 13:49:08,015 - INFO - *****GROWING RR RULE*****
2026-04-14 13:49:08,600 - INFO - Iteracja 0: condition_best: None, quality_best: -inf, coverage_best: (p=0, n=0, P=0, N=0), p_value: 0
2026-04-14 13:49:08,600 - INFO - Regula po iteracji 0: IF  THEN class = {61.51} [47.14, 75.88], (p=850, n=611, P=850, N=611)
2026-04-14 13:49:08,601 - INFO - *****STOP GROWING RR RULE*****
2026-04-14 13:49:08,601 - INFO - ***RR NOT FOUND***
2026-04-14 13:49:08,717 - INFO - Iteracja 2: condition_best: Standard_pressure >= 2.80, quality_best: 0.587, coverage_best: (p=319, n=116, P=381, N=1080)
2026-04-14 13:49:08,718 - INFO - Regula po iteracji 2: IF Min_temperature <= 45.95 AND Max_temperature >= 52.10 AND Standard_pressure >= 2.80 THEN class = {49.51} [44.87, 54.14], (p=319, n=116, P=381, N=1080)
2026-04-14 13:49:08,718 - INFO - *****GROWING RR RULE*****
2026-04-14 13:49:09,305 - INFO - Iteracja 0: condition_best: None, quality_best: -inf, coverage_best: (p=0, n=0, P=0, N=0), p_value: 0
2026-04-14 13:49:09,305 - INFO - Regula po iteracji 0: IF  THEN class = {61.51} [47.14, 75.88], (p=850, n=611, P=850, N=611)
2026-04-14 13:49:09,305 - INFO - *****STOP GROWING RR RULE*****
2026-04-14 13:49:09,305 - INFO - ***RR NOT FOUND***
2026-04-14 13:49:09,421 - INFO - Iteracja 3: condition_best: Max_temperature <= 71.70, quality_best: 0.59, coverage_best: (p=302, n=116, P=351, N=1110)
2026-04-14 13:49:09,421 - INFO - Regula po iteracji 3: IF Min_temperature <= 45.95 AND Max_temperature >= 52.10 AND Standard_pressure >= 2.80 AND Max_temperature <= 71.70 THEN class = {49.10} [44.89, 53.31], (p=302, n=116, P=351, N=1110)
2026-04-14 13:49:09,421 - INFO - *****GROWING RR RULE*****
2026-04-14 13:49:10,007 - INFO - Iteracja 0: condition_best: None, quality_best: -inf, coverage_best: (p=0, n=0, P=0, N=0), p_value: 0
2026-04-14 13:49:10,007 - INFO - Regula po iteracji 0: IF  THEN class = {61.51} [47.14, 75.88], (p=850, n=611, P=850, N=611)
2026-04-14 13:49:10,007 - INFO - *****STOP GROWING RR RULE*****
2026-04-14 13:49:10,007 - INFO - ***RR NOT FOUND***
2026-04-14 13:49:10,119 - INFO - Iteracja 4: condition_best: Wind_speed <= 46.55, quality_best: 0.592, coverage_best: (p=299, n=113, P=351, N=1110)
2026-04-14 13:49:10,119 - INFO - Regula po iteracji 4: IF Min_temperature <= 45.95 AND Max_temperature >= 52.10 AND Standard_pressure >= 2.80 AND Max_temperature <= 71.70 AND Wind_speed <= 46.55 THEN class = {49.11} [44.89, 53.33], (p=299, n=113, P=351, N=1110)
2026-04-14 13:49:10,119 - INFO - *****GROWING RR RULE*****
2026-04-14 13:49:10,706 - INFO - Iteracja 0: condition_best: None, quality_best: -inf, coverage_best: (p=0, n=0, P=0, N=0), p_value: 0
2026-04-14 13:49:10,706 - INFO - Regula po iteracji 0: IF  THEN class = {61.51} [47.14, 75.88], (p=850, n=611, P=850, N=611)
2026-04-14 13:49:10,706 - INFO - *****STOP GROWING RR RULE*****
2026-04-14 13:49:10,706 - INFO - ***RR NOT FOUND***
2026-04-14 13:49:10,706 - INFO - *******STOP GROWING CR RULE*******
2026-04-14 13:49:10,708 - INFO - *******GROWING CR RULE*******
2026-04-14 13:49:11,043 - INFO - Iteracja 0: condition_best: Min_temperature <= 45.95, quality_best: 0.529, coverage_best: (p=396, n=188, P=423, N=1038)
2026-04-14 13:49:11,043 - INFO - Regula po iteracji 0: IF Min_temperature <= 45.95 THEN class = {47.24} [41.37, 53.11], (p=396, n=188, P=423, N=1038)
2026-04-14 13:49:11,044 - INFO - *****GROWING RR RULE*****
2026-04-14 13:49:11,639 - INFO - Iteracja 0: condition_best: None, quality_best: -inf, coverage_best: (p=0, n=0, P=0, N=0), p_value: 0
2026-04-14 13:49:11,640 - INFO - Regula po iteracji 0: IF  THEN class = {61.51} [47.14, 75.88], (p=850, n=611, P=850, N=611)
2026-04-14 13:49:11,640 - INFO - *****STOP GROWING RR RULE*****
2026-04-14 13:49:11,640 - INFO - ***RR NOT FOUND***
2026-04-14 13:49:11,784 - INFO - Iteracja 1: condition_best: Max_temperature >= 52.10, quality_best: 0.583, coverage_best: (p=319, n=118, P=381, N=1080)
2026-04-14 13:49:11,784 - INFO - Regula po iteracji 1: IF Min_temperature <= 45.95 AND Max_temperature >= 52.10 THEN class = {49.48} [44.84, 54.12], (p=319, n=118, P=381, N=1080)
2026-04-14 13:49:11,785 - INFO - *****GROWING RR RULE*****
2026-04-14 13:49:12,380 - INFO - Iteracja 0: condition_best: None, quality_best: -inf, coverage_best: (p=0, n=0, P=0, N=0), p_value: 0
2026-04-14 13:49:12,380 - INFO - Regula po iteracji 0: IF  THEN class = {61.51} [47.14, 75.88], (p=850, n=611, P=850, N=611)
2026-04-14 13:49:12,380 - INFO - *****STOP GROWING RR RULE*****
2026-04-14 13:49:12,380 - INFO - ***RR NOT FOUND***
2026-04-14 13:49:12,487 - INFO - Iteracja 2: condition_best: Standard_pressure >= 2.80, quality_best: 0.587, coverage_best: (p=319, n=116, P=381, N=1080)
2026-04-14 13:49:12,487 - INFO - Regula po iteracji 2: IF Min_temperature <= 45.95 AND Max_temperature >= 52.10 AND Standard_pressure >= 2.80 THEN class = {49.51} [44.87, 54.14], (p=319, n=116, P=381, N=1080)
2026-04-14 13:49:12,487 - INFO - *****GROWING RR RULE*****
2026-04-14 13:49:13,083 - INFO - Iteracja 0: condition_best: None, quality_best: -inf, coverage_best: (p=0, n=0, P=0, N=0), p_value: 0
2026-04-14 13:49:13,083 - INFO - Regula po iteracji 0: IF  THEN class = {61.51} [47.14, 75.88], (p=850, n=611, P=850, N=611)
2026-04-14 13:49:13,083 - INFO - *****STOP GROWING RR RULE*****
2026-04-14 13:49:13,083 - INFO - ***RR NOT FOUND***
2026-04-14 13:49:13,192 - INFO - Iteracja 3: condition_best: Max_wind_speed >= 26.41, quality_best: 0.586, coverage_best: (p=317, n=115, P=381, N=1080)
2026-04-14 13:49:13,192 - INFO - Regula po iteracji 3: IF Min_temperature <= 45.95 AND Max_temperature >= 52.10 AND Standard_pressure >= 2.80 AND Max_wind_speed >= 26.41 THEN class = {49.50} [44.86, 54.14], (p=317, n=115, P=381, N=1080)
2026-04-14 13:49:13,192 - INFO - *****GROWING RR RULE*****
2026-04-14 13:49:13,784 - INFO - Iteracja 0: condition_best: None, quality_best: -inf, coverage_best: (p=0, n=0, P=0, N=0), p_value: 0
2026-04-14 13:49:13,784 - INFO - Regula po iteracji 0: IF  THEN class = {61.51} [47.14, 75.88], (p=850, n=611, P=850, N=611)
2026-04-14 13:49:13,784 - INFO - *****STOP GROWING RR RULE*****
2026-04-14 13:49:13,784 - INFO - ***RR NOT FOUND***
2026-04-14 13:49:13,892 - INFO - Iteracja 4: condition_best: Wind_speed <= 33.30, quality_best: 0.591, coverage_best: (p=313, n=108, P=385, N=1076)
2026-04-14 13:49:13,892 - INFO - Regula po iteracji 4: IF Min_temperature <= 45.95 AND Max_temperature >= 52.10 AND Standard_pressure >= 2.80 AND Max_wind_speed >= 26.41 AND Wind_speed <= 33.30 THEN class = {49.55} [44.89, 54.21], (p=313, n=108, P=385, N=1076)
2026-04-14 13:49:13,893 - INFO - *****GROWING RR RULE*****
2026-04-14 13:49:14,486 - INFO - Iteracja 0: condition_best: None, quality_best: -inf, coverage_best: (p=0, n=0, P=0, N=0), p_value: 0
2026-04-14 13:49:14,486 - INFO - Regula po iteracji 0: IF  THEN class = {61.51} [47.14, 75.88], (p=850, n=611, P=850, N=611)
2026-04-14 13:49:14,486 - INFO - *****STOP GROWING RR RULE*****
2026-04-14 13:49:14,486 - INFO - ***RR NOT FOUND***
2026-04-14 13:49:14,486 - INFO - *******STOP GROWING CR RULE*******
2026-04-14 13:49:14,488 - INFO - *******GROWING CR RULE*******
2026-04-14 13:49:14,822 - INFO - Iteracja 0: condition_best: Max_temperature <= 59.30, quality_best: 0.522, coverage_best: (p=254, n=136, P=297, N=1164)
2026-04-14 13:49:14,822 - INFO - Regula po iteracji 0: IF Max_temperature <= 59.30 THEN class = {44.67} [39.74, 49.61], (p=254, n=136, P=297, N=1164)
2026-04-14 13:49:14,823 - INFO - *****GROWING RR RULE*****
2026-04-14 13:49:15,404 - INFO - Iteracja 0: condition_best: None, quality_best: -inf, coverage_best: (p=0, n=0, P=0, N=0), p_value: 0
2026-04-14 13:49:15,404 - INFO - Regula po iteracji 0: IF  THEN class = {61.51} [47.14, 75.88], (p=850, n=611, P=850, N=611)
2026-04-14 13:49:15,404 - INFO - *****STOP GROWING RR RULE*****
2026-04-14 13:49:15,404 - INFO - ***RR NOT FOUND***
2026-04-14 13:49:15,517 - INFO - Iteracja 1: condition_best: Dewpoint <= 49.05, quality_best: 0.544, coverage_best: (p=243, n=126, P=276, N=1185)
2026-04-14 13:49:15,517 - INFO - Regula po iteracji 1: IF Max_temperature <= 59.30 AND Dewpoint <= 49.05 THEN class = {44.19} [39.58, 48.81], (p=243, n=126, P=276, N=1185)
2026-04-14 13:49:15,517 - INFO - *****GROWING RR RULE*****
2026-04-14 13:49:16,099 - INFO - Iteracja 0: condition_best: None, quality_best: -inf, coverage_best: (p=0, n=0, P=0, N=0), p_value: 0
2026-04-14 13:49:16,100 - INFO - Regula po iteracji 0: IF  THEN class = {61.51} [47.14, 75.88], (p=850, n=611, P=850, N=611)
2026-04-14 13:49:16,100 - INFO - *****STOP GROWING RR RULE*****
2026-04-14 13:49:16,100 - INFO - ***RR NOT FOUND***
2026-04-14 13:49:16,207 - INFO - Iteracja 2: condition_best: Min_temperature >= 29.20, quality_best: 0.547, coverage_best: (p=205, n=105, P=243, N=1218)
2026-04-14 13:49:16,207 - INFO - Regula po iteracji 2: IF Max_temperature <= 59.30 AND Dewpoint <= 49.05 AND Min_temperature >= 29.20 THEN class = {45.35} [41.43, 49.28], (p=205, n=105, P=243, N=1218)
2026-04-14 13:49:16,208 - INFO - *****GROWING RR RULE*****
2026-04-14 13:49:16,786 - INFO - Iteracja 0: condition_best: None, quality_best: -inf, coverage_best: (p=0, n=0, P=0, N=0), p_value: 0
2026-04-14 13:49:16,786 - INFO - Regula po iteracji 0: IF  THEN class = {61.51} [47.14, 75.88], (p=850, n=611, P=850, N=611)
2026-04-14 13:49:16,786 - INFO - *****STOP GROWING RR RULE*****
2026-04-14 13:49:16,786 - INFO - ***RR NOT FOUND***
2026-04-14 13:49:16,876 - INFO - Iteracja 3: condition_best: Dewpoint >= 23.45, quality_best: 0.561, coverage_best: (p=204, n=99, P=242, N=1219)
2026-04-14 13:49:16,876 - INFO - Regula po iteracji 3: IF Max_temperature <= 59.30 AND Dewpoint <= 49.05 AND Min_temperature >= 29.20 AND Dewpoint >= 23.45 THEN class = {45.51} [41.69, 49.33], (p=204, n=99, P=242, N=1219)
2026-04-14 13:49:16,877 - INFO - *****GROWING RR RULE*****
2026-04-14 13:49:17,453 - INFO - Iteracja 0: condition_best: None, quality_best: -inf, coverage_best: (p=0, n=0, P=0, N=0), p_value: 0
2026-04-14 13:49:17,453 - INFO - Regula po iteracji 0: IF  THEN class = {61.51} [47.14, 75.88], (p=850, n=611, P=850, N=611)
2026-04-14 13:49:17,453 - INFO - *****STOP GROWING RR RULE*****
2026-04-14 13:49:17,453 - INFO - ***RR NOT FOUND***
2026-04-14 13:49:17,543 - INFO - Iteracja 4: condition_best: Precipitation <= 1.45, quality_best: 0.561, coverage_best: (p=203, n=98, P=242, N=1219)
2026-04-14 13:49:17,543 - INFO - Regula po iteracji 4: IF Max_temperature <= 59.30 AND Dewpoint <= 49.05 AND Min_temperature >= 29.20 AND Dewpoint >= 23.45 AND Precipitation <= 1.45 THEN class = {45.49} [41.67, 49.31], (p=203, n=98, P=242, N=1219)
2026-04-14 13:49:17,543 - INFO - *****GROWING RR RULE*****
2026-04-14 13:49:18,123 - INFO - Iteracja 0: condition_best: None, quality_best: -inf, coverage_best: (p=0, n=0, P=0, N=0), p_value: 0
2026-04-14 13:49:18,124 - INFO - Regula po iteracji 0: IF  THEN class = {61.51} [47.14, 75.88], (p=850, n=611, P=850, N=611)
2026-04-14 13:49:18,124 - INFO - *****STOP GROWING RR RULE*****
2026-04-14 13:49:18,124 - INFO - ***RR NOT FOUND***
2026-04-14 13:49:18,124 - INFO - *******STOP GROWING CR RULE*******
2026-04-14 13:49:18,125 - INFO - *******GROWING CR RULE*******
2026-04-14 13:49:18,458 - INFO - Iteracja 0: condition_best: Max_temperature <= 59.30, quality_best: 0.522, coverage_best: (p=254, n=136, P=297, N=1164)
2026-04-14 13:49:18,458 - INFO - Regula po iteracji 0: IF Max_temperature <= 59.30 THEN class = {44.67} [39.74, 49.61], (p=254, n=136, P=297, N=1164)
2026-04-14 13:49:18,458 - INFO - *****GROWING RR RULE*****
2026-04-14 13:49:19,042 - INFO - Iteracja 0: condition_best: None, quality_best: -inf, coverage_best: (p=0, n=0, P=0, N=0), p_value: 0
2026-04-14 13:49:19,043 - INFO - Regula po iteracji 0: IF  THEN class = {61.51} [47.14, 75.88], (p=850, n=611, P=850, N=611)
2026-04-14 13:49:19,043 - INFO - *****STOP GROWING RR RULE*****
2026-04-14 13:49:19,043 - INFO - ***RR NOT FOUND***
2026-04-14 13:49:19,155 - INFO - Iteracja 1: condition_best: Max_temperature >= 49.90, quality_best: 0.54, coverage_best: (p=199, n=89, P=269, N=1192)
2026-04-14 13:49:19,155 - INFO - Regula po iteracji 1: IF Max_temperature <= 59.30 AND Max_temperature >= 49.90 THEN class = {46.62} [42.71, 50.53], (p=199, n=89, P=269, N=1192)
2026-04-14 13:49:19,155 - INFO - *****GROWING RR RULE*****
2026-04-14 13:49:19,738 - INFO - Iteracja 0: condition_best: None, quality_best: -inf, coverage_best: (p=0, n=0, P=0, N=0), p_value: 0
2026-04-14 13:49:19,739 - INFO - Regula po iteracji 0: IF  THEN class = {61.51} [47.14, 75.88], (p=850, n=611, P=850, N=611)
2026-04-14 13:49:19,739 - INFO - *****STOP GROWING RR RULE*****
2026-04-14 13:49:19,739 - INFO - ***RR NOT FOUND***
2026-04-14 13:49:19,823 - INFO - Iteracja 2: condition_best: Min_temperature >= 25.70, quality_best: 0.555, coverage_best: (p=193, n=83, P=258, N=1203)
2026-04-14 13:49:19,823 - INFO - Regula po iteracji 2: IF Max_temperature <= 59.30 AND Max_temperature >= 49.90 AND Min_temperature >= 25.70 THEN class = {46.96} [43.36, 50.57], (p=193, n=83, P=258, N=1203)
2026-04-14 13:49:19,824 - INFO - *****GROWING RR RULE*****
2026-04-14 13:49:20,404 - INFO - Iteracja 0: condition_best: None, quality_best: -inf, coverage_best: (p=0, n=0, P=0, N=0), p_value: 0
2026-04-14 13:49:20,404 - INFO - Regula po iteracji 0: IF  THEN class = {61.51} [47.14, 75.88], (p=850, n=611, P=850, N=611)
2026-04-14 13:49:20,404 - INFO - *****STOP GROWING RR RULE*****
2026-04-14 13:49:20,404 - INFO - ***RR NOT FOUND***
2026-04-14 13:49:20,486 - INFO - Iteracja 3: condition_best: Visibility >= 1.67, quality_best: 0.562, coverage_best: (p=193, n=80, P=259, N=1202)
2026-04-14 13:49:20,486 - INFO - Regula po iteracji 3: IF Max_temperature <= 59.30 AND Max_temperature >= 49.90 AND Min_temperature >= 25.70 AND Visibility >= 1.67 THEN class = {47.02} [43.44, 50.60], (p=193, n=80, P=259, N=1202)
2026-04-14 13:49:20,487 - INFO - *****GROWING RR RULE*****
2026-04-14 13:49:21,066 - INFO - Iteracja 0: condition_best: None, quality_best: -inf, coverage_best: (p=0, n=0, P=0, N=0), p_value: 0
2026-04-14 13:49:21,066 - INFO - Regula po iteracji 0: IF  THEN class = {61.51} [47.14, 75.88], (p=850, n=611, P=850, N=611)
2026-04-14 13:49:21,067 - INFO - *****STOP GROWING RR RULE*****
2026-04-14 13:49:21,067 - INFO - ***RR NOT FOUND***
2026-04-14 13:49:21,148 - INFO - Iteracja 4: condition_best: Sea_level_pressure >= 29.66, quality_best: 0.567, coverage_best: (p=189, n=75, P=258, N=1203)
2026-04-14 13:49:21,148 - INFO - Regula po iteracji 4: IF Max_temperature <= 59.30 AND Max_temperature >= 49.90 AND Min_temperature >= 25.70 AND Visibility >= 1.67 AND Sea_level_pressure >= 29.66 THEN class = {46.92} [43.35, 50.50], (p=189, n=75, P=258, N=1203)
2026-04-14 13:49:21,149 - INFO - *****GROWING RR RULE*****
2026-04-14 13:49:21,721 - INFO - Iteracja 0: condition_best: None, quality_best: -inf, coverage_best: (p=0, n=0, P=0, N=0), p_value: 0
2026-04-14 13:49:21,721 - INFO - Regula po iteracji 0: IF  THEN class = {61.51} [47.14, 75.88], (p=850, n=611, P=850, N=611)
2026-04-14 13:49:21,721 - INFO - *****STOP GROWING RR RULE*****
2026-04-14 13:49:21,721 - INFO - ***RR NOT FOUND***
2026-04-14 13:49:21,721 - INFO - *******STOP GROWING CR RULE*******
2026-04-14 13:49:21,723 - INFO - *******GROWING CR RULE*******
2026-04-14 13:49:22,058 - INFO - Iteracja 0: condition_best: Min_temperature >= 53.50, quality_best: 0.521, coverage_best: (p=415, n=212, P=421, N=1040)
2026-04-14 13:49:22,058 - INFO - Regula po iteracji 0: IF Min_temperature >= 53.50 THEN class = {75.62} [68.68, 82.56], (p=415, n=212, P=421, N=1040)
2026-04-14 13:49:22,058 - INFO - *****GROWING RR RULE*****
2026-04-14 13:49:22,663 - INFO - Iteracja 0: condition_best: None, quality_best: -inf, coverage_best: (p=0, n=0, P=0, N=0), p_value: 0
2026-04-14 13:49:22,663 - INFO - Regula po iteracji 0: IF  THEN class = {61.51} [47.14, 75.88], (p=850, n=611, P=850, N=611)
2026-04-14 13:49:22,663 - INFO - *****STOP GROWING RR RULE*****
2026-04-14 13:49:22,663 - INFO - ***RR NOT FOUND***
2026-04-14 13:49:22,792 - INFO - Iteracja 1: condition_best: Sea_level_pressure <= 30.01, quality_best: 0.575, coverage_best: (p=399, n=159, P=430, N=1031)
2026-04-14 13:49:22,792 - INFO - Regula po iteracji 1: IF Min_temperature >= 53.50 AND Sea_level_pressure <= 30.01 THEN class = {76.48} [69.88, 83.07], (p=399, n=159, P=430, N=1031)
2026-04-14 13:49:22,793 - INFO - *****GROWING RR RULE*****
2026-04-14 13:49:23,388 - INFO - Iteracja 0: condition_best: None, quality_best: -inf, coverage_best: (p=0, n=0, P=0, N=0), p_value: 0
2026-04-14 13:49:23,388 - INFO - Regula po iteracji 0: IF  THEN class = {61.51} [47.14, 75.88], (p=850, n=611, P=850, N=611)
2026-04-14 13:49:23,389 - INFO - *****STOP GROWING RR RULE*****
2026-04-14 13:49:23,389 - INFO - ***RR NOT FOUND***
2026-04-14 13:49:23,505 - INFO - Iteracja 2: condition_best: Visibility >= 5.12, quality_best: 0.592, coverage_best: (p=389, n=141, P=431, N=1030)
2026-04-14 13:49:23,505 - INFO - Regula po iteracji 2: IF Min_temperature >= 53.50 AND Sea_level_pressure <= 30.01 AND Visibility >= 5.12 THEN class = {76.70} [70.17, 83.22], (p=389, n=141, P=431, N=1030)
2026-04-14 13:49:23,506 - INFO - *****GROWING RR RULE*****
2026-04-14 13:49:24,099 - INFO - Iteracja 0: condition_best: None, quality_best: -inf, coverage_best: (p=0, n=0, P=0, N=0), p_value: 0
2026-04-14 13:49:24,099 - INFO - Regula po iteracji 0: IF  THEN class = {61.51} [47.14, 75.88], (p=850, n=611, P=850, N=611)
2026-04-14 13:49:24,099 - INFO - *****STOP GROWING RR RULE*****
2026-04-14 13:49:24,099 - INFO - ***RR NOT FOUND***
2026-04-14 13:49:24,212 - INFO - Iteracja 3: condition_best: Wind_speed <= 55.05, quality_best: 0.598, coverage_best: (p=388, n=137, P=431, N=1030)
2026-04-14 13:49:24,212 - INFO - Regula po iteracji 3: IF Min_temperature >= 53.50 AND Sea_level_pressure <= 30.01 AND Visibility >= 5.12 AND Wind_speed <= 55.05 THEN class = {76.74} [70.28, 83.20], (p=388, n=137, P=431, N=1030)
2026-04-14 13:49:24,213 - INFO - *****GROWING RR RULE*****
2026-04-14 13:49:24,806 - INFO - Iteracja 0: condition_best: None, quality_best: -inf, coverage_best: (p=0, n=0, P=0, N=0), p_value: 0
2026-04-14 13:49:24,807 - INFO - Regula po iteracji 0: IF  THEN class = {61.51} [47.14, 75.88], (p=850, n=611, P=850, N=611)
2026-04-14 13:49:24,807 - INFO - *****STOP GROWING RR RULE*****
2026-04-14 13:49:24,807 - INFO - ***RR NOT FOUND***
2026-04-14 13:49:24,919 - INFO - Iteracja 4: condition_best: Precipitation <= 2.10, quality_best: 0.6, coverage_best: (p=388, n=136, P=431, N=1030)
2026-04-14 13:49:24,919 - INFO - Regula po iteracji 4: IF Min_temperature >= 53.50 AND Sea_level_pressure <= 30.01 AND Visibility >= 5.12 AND Wind_speed <= 55.05 AND Precipitation <= 2.10 THEN class = {76.75} [70.29, 83.21], (p=388, n=136, P=431, N=1030)
2026-04-14 13:49:24,920 - INFO - *****GROWING RR RULE*****
2026-04-14 13:49:25,521 - INFO - Iteracja 0: condition_best: None, quality_best: -inf, coverage_best: (p=0, n=0, P=0, N=0), p_value: 0
2026-04-14 13:49:25,522 - INFO - Regula po iteracji 0: IF  THEN class = {61.51} [47.14, 75.88], (p=850, n=611, P=850, N=611)
2026-04-14 13:49:25,522 - INFO - *****STOP GROWING RR RULE*****
2026-04-14 13:49:25,522 - INFO - ***RR NOT FOUND***
2026-04-14 13:49:25,522 - INFO - *******STOP GROWING CR RULE*******
2026-04-14 13:49:25,523 - INFO - *******GROWING CR RULE*******
2026-04-14 13:49:25,850 - INFO - Iteracja 0: condition_best: Min_temperature >= 53.50, quality_best: 0.521, coverage_best: (p=415, n=212, P=421, N=1040)
2026-04-14 13:49:25,850 - INFO - Regula po iteracji 0: IF Min_temperature >= 53.50 THEN class = {75.62} [68.68, 82.56], (p=415, n=212, P=421, N=1040)
2026-04-14 13:49:25,850 - INFO - *****GROWING RR RULE*****
2026-04-14 13:49:26,452 - INFO - Iteracja 0: condition_best: None, quality_best: -inf, coverage_best: (p=0, n=0, P=0, N=0), p_value: 0
2026-04-14 13:49:26,452 - INFO - Regula po iteracji 0: IF  THEN class = {61.51} [47.14, 75.88], (p=850, n=611, P=850, N=611)
2026-04-14 13:49:26,452 - INFO - *****STOP GROWING RR RULE*****
2026-04-14 13:49:26,452 - INFO - ***RR NOT FOUND***
2026-04-14 13:49:26,580 - INFO - Iteracja 1: condition_best: Standard_pressure <= 7.65, quality_best: 0.555, coverage_best: (p=382, n=162, P=421, N=1040)
2026-04-14 13:49:26,580 - INFO - Regula po iteracji 1: IF Min_temperature >= 53.50 AND Standard_pressure <= 7.65 THEN class = {76.76} [70.45, 83.06], (p=382, n=162, P=421, N=1040)
2026-04-14 13:49:26,581 - INFO - *****GROWING RR RULE*****
2026-04-14 13:49:27,181 - INFO - Iteracja 0: condition_best: None, quality_best: -inf, coverage_best: (p=0, n=0, P=0, N=0), p_value: 0
2026-04-14 13:49:27,181 - INFO - Regula po iteracji 0: IF  THEN class = {61.51} [47.14, 75.88], (p=850, n=611, P=850, N=611)
2026-04-14 13:49:27,181 - INFO - *****STOP GROWING RR RULE*****
2026-04-14 13:49:27,181 - INFO - ***RR NOT FOUND***
2026-04-14 13:49:27,298 - INFO - Iteracja 2: condition_best: Visibility >= 5.12, quality_best: 0.573, coverage_best: (p=365, n=144, P=410, N=1051)
2026-04-14 13:49:27,298 - INFO - Regula po iteracji 2: IF Min_temperature >= 53.50 AND Standard_pressure <= 7.65 AND Visibility >= 5.12 THEN class = {77.16} [71.09, 83.22], (p=365, n=144, P=410, N=1051)
2026-04-14 13:49:27,299 - INFO - *****GROWING RR RULE*****
2026-04-14 13:49:27,902 - INFO - Iteracja 0: condition_best: None, quality_best: -inf, coverage_best: (p=0, n=0, P=0, N=0), p_value: 0
2026-04-14 13:49:27,902 - INFO - Regula po iteracji 0: IF  THEN class = {61.51} [47.14, 75.88], (p=850, n=611, P=850, N=611)
2026-04-14 13:49:27,902 - INFO - *****STOP GROWING RR RULE*****
2026-04-14 13:49:27,902 - INFO - ***RR NOT FOUND***
2026-04-14 13:49:28,012 - INFO - Iteracja 3: condition_best: Dewpoint >= 43.35, quality_best: 0.582, coverage_best: (p=351, n=130, P=407, N=1054)
2026-04-14 13:49:28,012 - INFO - Regula po iteracji 3: IF Min_temperature >= 53.50 AND Standard_pressure <= 7.65 AND Visibility >= 5.12 AND Dewpoint >= 43.35 THEN class = {77.30} [71.37, 83.24], (p=351, n=130, P=407, N=1054)
2026-04-14 13:49:28,012 - INFO - *****GROWING RR RULE*****
2026-04-14 13:49:28,604 - INFO - Iteracja 0: condition_best: None, quality_best: -inf, coverage_best: (p=0, n=0, P=0, N=0), p_value: 0
2026-04-14 13:49:28,604 - INFO - Regula po iteracji 0: IF  THEN class = {61.51} [47.14, 75.88], (p=850, n=611, P=850, N=611)
2026-04-14 13:49:28,604 - INFO - *****STOP GROWING RR RULE*****
2026-04-14 13:49:28,604 - INFO - ***RR NOT FOUND***
2026-04-14 13:49:28,708 - INFO - Iteracja 4: condition_best: Min_temperature <= 78.50, quality_best: 0.584, coverage_best: (p=351, n=129, P=407, N=1054)
2026-04-14 13:49:28,708 - INFO - Regula po iteracji 4: IF Min_temperature >= 53.50 AND Standard_pressure <= 7.65 AND Visibility >= 5.12 AND Dewpoint >= 43.35 AND Min_temperature <= 78.50 THEN class = {77.28} [71.36, 83.21], (p=351, n=129, P=407, N=1054)
2026-04-14 13:49:28,709 - INFO - *****GROWING RR RULE*****
2026-04-14 13:49:29,301 - INFO - Iteracja 0: condition_best: None, quality_best: -inf, coverage_best: (p=0, n=0, P=0, N=0), p_value: 0
2026-04-14 13:49:29,301 - INFO - Regula po iteracji 0: IF  THEN class = {61.51} [47.14, 75.88], (p=850, n=611, P=850, N=611)
2026-04-14 13:49:29,301 - INFO - *****STOP GROWING RR RULE*****
2026-04-14 13:49:29,301 - INFO - ***RR NOT FOUND***
2026-04-14 13:49:29,301 - INFO - *******STOP GROWING CR RULE*******
2026-04-14 13:49:29,303 - INFO - *******GROWING CR RULE*******
2026-04-14 13:49:29,631 - INFO - Iteracja 0: condition_best: Max_temperature >= 77.10, quality_best: 0.521, coverage_best: (p=393, n=212, P=393, N=1068)
2026-04-14 13:49:29,631 - INFO - Regula po iteracji 0: IF Max_temperature >= 77.10 THEN class = {76.38} [70.36, 82.40], (p=393, n=212, P=393, N=1068)
2026-04-14 13:49:29,632 - INFO - *****GROWING RR RULE*****
2026-04-14 13:49:30,240 - INFO - Iteracja 0: condition_best: None, quality_best: -inf, coverage_best: (p=0, n=0, P=0, N=0), p_value: 0
2026-04-14 13:49:30,240 - INFO - Regula po iteracji 0: IF  THEN class = {61.51} [47.14, 75.88], (p=850, n=611, P=850, N=611)
2026-04-14 13:49:30,240 - INFO - *****STOP GROWING RR RULE*****
2026-04-14 13:49:30,240 - INFO - ***RR NOT FOUND***
2026-04-14 13:49:30,362 - INFO - Iteracja 1: condition_best: Min_temperature <= 72.20, quality_best: 0.557, coverage_best: (p=362, n=179, P=365, N=1096)
2026-04-14 13:49:30,362 - INFO - Regula po iteracji 1: IF Max_temperature >= 77.10 AND Min_temperature <= 72.20 THEN class = {75.47} [69.79, 81.15], (p=362, n=179, P=365, N=1096)
2026-04-14 13:49:30,363 - INFO - *****GROWING RR RULE*****
2026-04-14 13:49:30,966 - INFO - Iteracja 0: condition_best: None, quality_best: -inf, coverage_best: (p=0, n=0, P=0, N=0), p_value: 0
2026-04-14 13:49:30,967 - INFO - Regula po iteracji 0: IF  THEN class = {61.51} [47.14, 75.88], (p=850, n=611, P=850, N=611)
2026-04-14 13:49:30,967 - INFO - *****STOP GROWING RR RULE*****
2026-04-14 13:49:30,967 - INFO - ***RR NOT FOUND***
2026-04-14 13:49:31,078 - INFO - Iteracja 2: condition_best: Min_temperature >= 49.70, quality_best: 0.568, coverage_best: (p=353, n=170, P=356, N=1105)
2026-04-14 13:49:31,079 - INFO - Regula po iteracji 2: IF Max_temperature >= 77.10 AND Min_temperature <= 72.20 AND Min_temperature >= 49.70 THEN class = {75.85} [70.47, 81.23], (p=353, n=170, P=356, N=1105)
2026-04-14 13:49:31,079 - INFO - *****GROWING RR RULE*****
2026-04-14 13:49:31,680 - INFO - Iteracja 0: condition_best: None, quality_best: -inf, coverage_best: (p=0, n=0, P=0, N=0), p_value: 0
2026-04-14 13:49:31,680 - INFO - Regula po iteracji 0: IF  THEN class = {61.51} [47.14, 75.88], (p=850, n=611, P=850, N=611)
2026-04-14 13:49:31,680 - INFO - *****STOP GROWING RR RULE*****
2026-04-14 13:49:31,680 - INFO - ***RR NOT FOUND***
2026-04-14 13:49:31,788 - INFO - Iteracja 3: condition_best: Min_temperature <= 71.30, quality_best: 0.575, coverage_best: (p=339, n=160, P=345, N=1116)
2026-04-14 13:49:31,788 - INFO - Regula po iteracji 3: IF Max_temperature >= 77.10 AND Min_temperature <= 72.20 AND Min_temperature >= 49.70 AND Min_temperature <= 71.30 THEN class = {75.54} [70.24, 80.83], (p=339, n=160, P=345, N=1116)
2026-04-14 13:49:31,789 - INFO - *****GROWING RR RULE*****
2026-04-14 13:49:32,391 - INFO - Iteracja 0: condition_best: None, quality_best: -inf, coverage_best: (p=0, n=0, P=0, N=0), p_value: 0
2026-04-14 13:49:32,391 - INFO - Regula po iteracji 0: IF  THEN class = {61.51} [47.14, 75.88], (p=850, n=611, P=850, N=611)
2026-04-14 13:49:32,391 - INFO - *****STOP GROWING RR RULE*****
2026-04-14 13:49:32,391 - INFO - ***RR NOT FOUND***
2026-04-14 13:49:32,497 - INFO - Iteracja 4: condition_best: Precipitation <= 0.85, quality_best: 0.581, coverage_best: (p=339, n=157, P=345, N=1116)
2026-04-14 13:49:32,497 - INFO - Regula po iteracji 4: IF Max_temperature >= 77.10 AND Min_temperature <= 72.20 AND Min_temperature >= 49.70 AND Min_temperature <= 71.30 AND Precipitation <= 0.85 THEN class = {75.56} [70.28, 80.83], (p=339, n=157, P=345, N=1116)
2026-04-14 13:49:32,498 - INFO - *****GROWING RR RULE*****
2026-04-14 13:49:33,093 - INFO - Iteracja 0: condition_best: None, quality_best: -inf, coverage_best: (p=0, n=0, P=0, N=0), p_value: 0
2026-04-14 13:49:33,093 - INFO - Regula po iteracji 0: IF  THEN class = {61.51} [47.14, 75.88], (p=850, n=611, P=850, N=611)
2026-04-14 13:49:33,093 - INFO - *****STOP GROWING RR RULE*****
2026-04-14 13:49:33,093 - INFO - ***RR NOT FOUND***
2026-04-14 13:49:33,093 - INFO - *******STOP GROWING CR RULE*******
2026-04-14 13:49:33,095 - INFO - *******GROWING CR RULE*******
2026-04-14 13:49:33,426 - INFO - Iteracja 0: condition_best: Min_temperature <= 46.85, quality_best: 0.52, coverage_best: (p=429, n=205, P=450, N=1011)
2026-04-14 13:49:33,426 - INFO - Regula po iteracji 0: IF Min_temperature <= 46.85 THEN class = {47.89} [41.75, 54.02], (p=429, n=205, P=450, N=1011)
2026-04-14 13:49:33,427 - INFO - *****GROWING RR RULE*****
2026-04-14 13:49:34,032 - INFO - Iteracja 0: condition_best: None, quality_best: -inf, coverage_best: (p=0, n=0, P=0, N=0), p_value: 0
2026-04-14 13:49:34,032 - INFO - Regula po iteracji 0: IF  THEN class = {61.51} [47.14, 75.88], (p=850, n=611, P=850, N=611)
2026-04-14 13:49:34,032 - INFO - *****STOP GROWING RR RULE*****
2026-04-14 13:49:34,032 - INFO - ***RR NOT FOUND***
2026-04-14 13:49:34,186 - INFO - Iteracja 1: condition_best: Max_temperature >= 49.90, quality_best: 0.58, coverage_best: (p=381, n=151, P=414, N=1047)
2026-04-14 13:49:34,186 - INFO - Regula po iteracji 1: IF Min_temperature <= 46.85 AND Max_temperature >= 49.90 THEN class = {49.55} [44.48, 54.63], (p=381, n=151, P=414, N=1047)
2026-04-14 13:49:34,186 - INFO - *****GROWING RR RULE*****
2026-04-14 13:49:34,788 - INFO - Iteracja 0: condition_best: None, quality_best: -inf, coverage_best: (p=0, n=0, P=0, N=0), p_value: 0
2026-04-14 13:49:34,788 - INFO - Regula po iteracji 0: IF  THEN class = {61.51} [47.14, 75.88], (p=850, n=611, P=850, N=611)
2026-04-14 13:49:34,788 - INFO - *****STOP GROWING RR RULE*****
2026-04-14 13:49:34,788 - INFO - ***RR NOT FOUND***
2026-04-14 13:49:34,914 - INFO - Iteracja 2: condition_best: Max_temperature <= 63.20, quality_best: 0.59, coverage_best: (p=260, n=114, P=288, N=1173)
2026-04-14 13:49:34,914 - INFO - Regula po iteracji 2: IF Min_temperature <= 46.85 AND Max_temperature >= 49.90 AND Max_temperature <= 63.20 THEN class = {47.37} [43.49, 51.25], (p=260, n=114, P=288, N=1173)
2026-04-14 13:49:34,915 - INFO - *****GROWING RR RULE*****
2026-04-14 13:49:35,504 - INFO - Iteracja 0: condition_best: None, quality_best: -inf, coverage_best: (p=0, n=0, P=0, N=0), p_value: 0
2026-04-14 13:49:35,504 - INFO - Regula po iteracji 0: IF  THEN class = {61.51} [47.14, 75.88], (p=850, n=611, P=850, N=611)
2026-04-14 13:49:35,504 - INFO - *****STOP GROWING RR RULE*****
2026-04-14 13:49:35,504 - INFO - ***RR NOT FOUND***
2026-04-14 13:49:35,601 - INFO - Iteracja 3: condition_best: Dewpoint <= 48.55, quality_best: 0.604, coverage_best: (p=250, n=106, P=275, N=1186)
2026-04-14 13:49:35,601 - INFO - Regula po iteracji 3: IF Min_temperature <= 46.85 AND Max_temperature >= 49.90 AND Max_temperature <= 63.20 AND Dewpoint <= 48.55 THEN class = {47.11} [43.32, 50.91], (p=250, n=106, P=275, N=1186)
2026-04-14 13:49:35,601 - INFO - *****GROWING RR RULE*****
2026-04-14 13:49:36,184 - INFO - Iteracja 0: condition_best: None, quality_best: -inf, coverage_best: (p=0, n=0, P=0, N=0), p_value: 0
2026-04-14 13:49:36,184 - INFO - Regula po iteracji 0: IF  THEN class = {61.51} [47.14, 75.88], (p=850, n=611, P=850, N=611)
2026-04-14 13:49:36,184 - INFO - *****STOP GROWING RR RULE*****
2026-04-14 13:49:36,184 - INFO - ***RR NOT FOUND***
2026-04-14 13:49:36,277 - INFO - Iteracja 4: condition_best: Visibility >= 1.67, quality_best: 0.611, coverage_best: (p=250, n=103, P=275, N=1186)
2026-04-14 13:49:36,277 - INFO - Regula po iteracji 4: IF Min_temperature <= 46.85 AND Max_temperature >= 49.90 AND Max_temperature <= 63.20 AND Dewpoint <= 48.55 AND Visibility >= 1.67 THEN class = {47.16} [43.39, 50.94], (p=250, n=103, P=275, N=1186)
2026-04-14 13:49:36,278 - INFO - *****GROWING RR RULE*****
2026-04-14 13:49:36,863 - INFO - Iteracja 0: condition_best: None, quality_best: -inf, coverage_best: (p=0, n=0, P=0, N=0), p_value: 0
2026-04-14 13:49:36,864 - INFO - Regula po iteracji 0: IF  THEN class = {61.51} [47.14, 75.88], (p=850, n=611, P=850, N=611)
2026-04-14 13:49:36,864 - INFO - *****STOP GROWING RR RULE*****
2026-04-14 13:49:36,864 - INFO - ***RR NOT FOUND***
2026-04-14 13:49:36,864 - INFO - *******STOP GROWING CR RULE*******
2026-04-14 13:49:36,865 - INFO - *******GROWING CR RULE*******
2026-04-14 13:49:37,191 - INFO - Iteracja 0: condition_best: Min_temperature <= 46.85, quality_best: 0.52, coverage_best: (p=429, n=205, P=450, N=1011)
2026-04-14 13:49:37,191 - INFO - Regula po iteracji 0: IF Min_temperature <= 46.85 THEN class = {47.89} [41.75, 54.02], (p=429, n=205, P=450, N=1011)
2026-04-14 13:49:37,192 - INFO - *****GROWING RR RULE*****
2026-04-14 13:49:37,797 - INFO - Iteracja 0: condition_best: None, quality_best: -inf, coverage_best: (p=0, n=0, P=0, N=0), p_value: 0
2026-04-14 13:49:37,797 - INFO - Regula po iteracji 0: IF  THEN class = {61.51} [47.14, 75.88], (p=850, n=611, P=850, N=611)
2026-04-14 13:49:37,797 - INFO - *****STOP GROWING RR RULE*****
2026-04-14 13:49:37,797 - INFO - ***RR NOT FOUND***
2026-04-14 13:49:37,951 - INFO - Iteracja 1: condition_best: Max_temperature >= 49.90, quality_best: 0.58, coverage_best: (p=381, n=151, P=414, N=1047)
2026-04-14 13:49:37,951 - INFO - Regula po iteracji 1: IF Min_temperature <= 46.85 AND Max_temperature >= 49.90 THEN class = {49.55} [44.48, 54.63], (p=381, n=151, P=414, N=1047)
2026-04-14 13:49:37,952 - INFO - *****GROWING RR RULE*****
2026-04-14 13:49:38,557 - INFO - Iteracja 0: condition_best: None, quality_best: -inf, coverage_best: (p=0, n=0, P=0, N=0), p_value: 0
2026-04-14 13:49:38,557 - INFO - Regula po iteracji 0: IF  THEN class = {61.51} [47.14, 75.88], (p=850, n=611, P=850, N=611)
2026-04-14 13:49:38,557 - INFO - *****STOP GROWING RR RULE*****
2026-04-14 13:49:38,557 - INFO - ***RR NOT FOUND***
2026-04-14 13:49:38,684 - INFO - Iteracja 2: condition_best: Dewpoint <= 49.35, quality_best: 0.589, coverage_best: (p=360, n=142, P=391, N=1070)
2026-04-14 13:49:38,684 - INFO - Regula po iteracji 2: IF Min_temperature <= 46.85 AND Max_temperature >= 49.90 AND Dewpoint <= 49.35 THEN class = {49.15} [44.29, 54.01], (p=360, n=142, P=391, N=1070)
2026-04-14 13:49:38,684 - INFO - *****GROWING RR RULE*****
2026-04-14 13:49:39,285 - INFO - Iteracja 0: condition_best: None, quality_best: -inf, coverage_best: (p=0, n=0, P=0, N=0), p_value: 0
2026-04-14 13:49:39,285 - INFO - Regula po iteracji 0: IF  THEN class = {61.51} [47.14, 75.88], (p=850, n=611, P=850, N=611)
2026-04-14 13:49:39,285 - INFO - *****STOP GROWING RR RULE*****
2026-04-14 13:49:39,285 - INFO - ***RR NOT FOUND***
2026-04-14 13:49:39,404 - INFO - Iteracja 3: condition_best: Max_temperature >= 51.45, quality_best: 0.595, coverage_best: (p=342, n=128, P=385, N=1076)
2026-04-14 13:49:39,404 - INFO - Regula po iteracji 3: IF Min_temperature <= 46.85 AND Max_temperature >= 49.90 AND Dewpoint <= 49.35 AND Max_temperature >= 51.45 THEN class = {49.56} [44.87, 54.25], (p=342, n=128, P=385, N=1076)
2026-04-14 13:49:39,405 - INFO - *****GROWING RR RULE*****
2026-04-14 13:49:40,000 - INFO - Iteracja 0: condition_best: None, quality_best: -inf, coverage_best: (p=0, n=0, P=0, N=0), p_value: 0
2026-04-14 13:49:40,000 - INFO - Regula po iteracji 0: IF  THEN class = {61.51} [47.14, 75.88], (p=850, n=611, P=850, N=611)
2026-04-14 13:49:40,000 - INFO - *****STOP GROWING RR RULE*****
2026-04-14 13:49:40,000 - INFO - ***RR NOT FOUND***
2026-04-14 13:49:40,114 - INFO - Iteracja 4: condition_best: Standard_pressure >= 2.80, quality_best: 0.599, coverage_best: (p=342, n=126, P=385, N=1076)
2026-04-14 13:49:40,114 - INFO - Regula po iteracji 4: IF Min_temperature <= 46.85 AND Max_temperature >= 49.90 AND Dewpoint <= 49.35 AND Max_temperature >= 51.45 AND Standard_pressure >= 2.80 THEN class = {49.58} [44.90, 54.27], (p=342, n=126, P=385, N=1076)
2026-04-14 13:49:40,115 - INFO - *****GROWING RR RULE*****
2026-04-14 13:49:40,708 - INFO - Iteracja 0: condition_best: None, quality_best: -inf, coverage_best: (p=0, n=0, P=0, N=0), p_value: 0
2026-04-14 13:49:40,708 - INFO - Regula po iteracji 0: IF  THEN class = {61.51} [47.14, 75.88], (p=850, n=611, P=850, N=611)
2026-04-14 13:49:40,708 - INFO - *****STOP GROWING RR RULE*****
2026-04-14 13:49:40,708 - INFO - ***RR NOT FOUND***
2026-04-14 13:49:40,708 - INFO - *******STOP GROWING CR RULE*******
2026-04-14 13:49:40,710 - INFO - *******GROWING CR RULE*******
2026-04-14 13:49:41,840 - INFO - Iteracja 0: condition_best: Min_temperature <= 46.85, quality_best: 0.52, coverage_best: (p=429, n=205, P=450, N=1011)
2026-04-14 13:49:41,840 - INFO - Regula po iteracji 0: IF Min_temperature <= 46.85 THEN class = {47.89} [41.75, 54.02], (p=429, n=205, P=450, N=1011)
2026-04-14 13:49:41,841 - INFO - *****GROWING RR RULE*****
2026-04-14 13:49:42,441 - INFO - Iteracja 0: condition_best: None, quality_best: -inf, coverage_best: (p=0, n=0, P=0, N=0), p_value: 0
2026-04-14 13:49:42,441 - INFO - Regula po iteracji 0: IF  THEN class = {61.51} [47.14, 75.88], (p=850, n=611, P=850, N=611)
2026-04-14 13:49:42,442 - INFO - *****STOP GROWING RR RULE*****
2026-04-14 13:49:42,442 - INFO - ***RR NOT FOUND***
2026-04-14 13:49:42,593 - INFO - Iteracja 1: condition_best: Max_temperature >= 49.90, quality_best: 0.58, coverage_best: (p=381, n=151, P=414, N=1047)
2026-04-14 13:49:42,593 - INFO - Regula po iteracji 1: IF Min_temperature <= 46.85 AND Max_temperature >= 49.90 THEN class = {49.55} [44.48, 54.63], (p=381, n=151, P=414, N=1047)
2026-04-14 13:49:42,594 - INFO - *****GROWING RR RULE*****
2026-04-14 13:49:43,186 - INFO - Iteracja 0: condition_best: None, quality_best: -inf, coverage_best: (p=0, n=0, P=0, N=0), p_value: 0
2026-04-14 13:49:43,187 - INFO - Regula po iteracji 0: IF  THEN class = {61.51} [47.14, 75.88], (p=850, n=611, P=850, N=611)
2026-04-14 13:49:43,187 - INFO - *****STOP GROWING RR RULE*****
2026-04-14 13:49:43,187 - INFO - ***RR NOT FOUND***
2026-04-14 13:49:43,312 - INFO - Iteracja 2: condition_best: Wind_speed >= 5.81, quality_best: 0.582, coverage_best: (p=379, n=148, P=414, N=1047)
2026-04-14 13:49:43,313 - INFO - Regula po iteracji 2: IF Min_temperature <= 46.85 AND Max_temperature >= 49.90 AND Wind_speed >= 5.81 THEN class = {49.57} [44.50, 54.63], (p=379, n=148, P=414, N=1047)
2026-04-14 13:49:43,313 - INFO - *****GROWING RR RULE*****
2026-04-14 13:49:43,906 - INFO - Iteracja 0: condition_best: None, quality_best: -inf, coverage_best: (p=0, n=0, P=0, N=0), p_value: 0
2026-04-14 13:49:43,907 - INFO - Regula po iteracji 0: IF  THEN class = {61.51} [47.14, 75.88], (p=850, n=611, P=850, N=611)
2026-04-14 13:49:43,907 - INFO - *****STOP GROWING RR RULE*****
2026-04-14 13:49:43,907 - INFO - ***RR NOT FOUND***
2026-04-14 13:49:44,032 - INFO - Iteracja 3: condition_best: Dewpoint <= 51.25, quality_best: 0.583, coverage_best: (p=371, n=147, P=404, N=1057)
2026-04-14 13:49:44,032 - INFO - Regula po iteracji 3: IF Min_temperature <= 46.85 AND Max_temperature >= 49.90 AND Wind_speed >= 5.81 AND Dewpoint <= 51.25 THEN class = {49.41} [44.47, 54.34], (p=371, n=147, P=404, N=1057)
2026-04-14 13:49:44,032 - INFO - *****GROWING RR RULE*****
2026-04-14 13:49:44,625 - INFO - Iteracja 0: condition_best: None, quality_best: -inf, coverage_best: (p=0, n=0, P=0, N=0), p_value: 0
2026-04-14 13:49:44,625 - INFO - Regula po iteracji 0: IF  THEN class = {61.51} [47.14, 75.88], (p=850, n=611, P=850, N=611)
2026-04-14 13:49:44,625 - INFO - *****STOP GROWING RR RULE*****
2026-04-14 13:49:44,625 - INFO - ***RR NOT FOUND***
2026-04-14 13:49:44,749 - INFO - Iteracja 4: condition_best: Standard_pressure >= 2.40, quality_best: 0.585, coverage_best: (p=371, n=146, P=404, N=1057)
2026-04-14 13:49:44,749 - INFO - Regula po iteracji 4: IF Min_temperature <= 46.85 AND Max_temperature >= 49.90 AND Wind_speed >= 5.81 AND Dewpoint <= 51.25 AND Standard_pressure >= 2.40 THEN class = {49.42} [44.49, 54.35], (p=371, n=146, P=404, N=1057)
2026-04-14 13:49:44,749 - INFO - *****GROWING RR RULE*****
2026-04-14 13:49:45,355 - INFO - Iteracja 0: condition_best: None, quality_best: -inf, coverage_best: (p=0, n=0, P=0, N=0), p_value: 0
2026-04-14 13:49:45,355 - INFO - Regula po iteracji 0: IF  THEN class = {61.51} [47.14, 75.88], (p=850, n=611, P=850, N=611)
2026-04-14 13:49:45,355 - INFO - *****STOP GROWING RR RULE*****
2026-04-14 13:49:45,355 - INFO - ***RR NOT FOUND***
2026-04-14 13:49:45,355 - INFO - *******STOP GROWING CR RULE*******
2026-04-14 13:49:45,356 - INFO - *******GROWING CR RULE*******
2026-04-14 13:49:45,687 - INFO - Iteracja 0: condition_best: Min_temperature <= 47.40, quality_best: 0.519, coverage_best: (p=435, n=208, P=455, N=1006)
2026-04-14 13:49:45,687 - INFO - Regula po iteracji 0: IF Min_temperature <= 47.40 THEN class = {48.01} [41.81, 54.22], (p=435, n=208, P=455, N=1006)
2026-04-14 13:49:45,688 - INFO - *****GROWING RR RULE*****
2026-04-14 13:49:46,287 - INFO - Iteracja 0: condition_best: None, quality_best: -inf, coverage_best: (p=0, n=0, P=0, N=0), p_value: 0
2026-04-14 13:49:46,287 - INFO - Regula po iteracji 0: IF  THEN class = {61.51} [47.14, 75.88], (p=850, n=611, P=850, N=611)
2026-04-14 13:49:46,287 - INFO - *****STOP GROWING RR RULE*****
2026-04-14 13:49:46,287 - INFO - ***RR NOT FOUND***
2026-04-14 13:49:46,441 - INFO - Iteracja 1: condition_best: Max_temperature >= 50.80, quality_best: 0.58, coverage_best: (p=372, n=145, P=412, N=1049)
2026-04-14 13:49:46,441 - INFO - Regula po iteracji 1: IF Min_temperature <= 47.40 AND Max_temperature >= 50.80 THEN class = {49.99} [44.97, 55.01], (p=372, n=145, P=412, N=1049)
2026-04-14 13:49:46,441 - INFO - *****GROWING RR RULE*****
2026-04-14 13:49:47,039 - INFO - Iteracja 0: condition_best: None, quality_best: -inf, coverage_best: (p=0, n=0, P=0, N=0), p_value: 0
2026-04-14 13:49:47,040 - INFO - Regula po iteracji 0: IF  THEN class = {61.51} [47.14, 75.88], (p=850, n=611, P=850, N=611)
2026-04-14 13:49:47,040 - INFO - *****STOP GROWING RR RULE*****
2026-04-14 13:49:47,040 - INFO - ***RR NOT FOUND***
2026-04-14 13:49:47,162 - INFO - Iteracja 2: condition_best: Max_temperature <= 70.25, quality_best: 0.584, coverage_best: (p=334, n=140, P=362, N=1099)
2026-04-14 13:49:47,162 - INFO - Regula po iteracji 2: IF Min_temperature <= 47.40 AND Max_temperature >= 50.80 AND Max_temperature <= 70.25 THEN class = {49.18} [44.85, 53.51], (p=334, n=140, P=362, N=1099)
2026-04-14 13:49:47,163 - INFO - *****GROWING RR RULE*****
2026-04-14 13:49:47,753 - INFO - Iteracja 0: condition_best: None, quality_best: -inf, coverage_best: (p=0, n=0, P=0, N=0), p_value: 0
2026-04-14 13:49:47,754 - INFO - Regula po iteracji 0: IF  THEN class = {61.51} [47.14, 75.88], (p=850, n=611, P=850, N=611)
2026-04-14 13:49:47,754 - INFO - *****STOP GROWING RR RULE*****
2026-04-14 13:49:47,754 - INFO - ***RR NOT FOUND***
2026-04-14 13:49:47,867 - INFO - Iteracja 3: condition_best: Max_temperature >= 51.00, quality_best: 0.59, coverage_best: (p=334, n=137, P=362, N=1099)
2026-04-14 13:49:47,868 - INFO - Regula po iteracji 3: IF Min_temperature <= 47.40 AND Max_temperature >= 50.80 AND Max_temperature <= 70.25 AND Max_temperature >= 51.00 THEN class = {49.22} [44.90, 53.53], (p=334, n=137, P=362, N=1099)
2026-04-14 13:49:47,868 - INFO - *****GROWING RR RULE*****
2026-04-14 13:49:48,457 - INFO - Iteracja 0: condition_best: None, quality_best: -inf, coverage_best: (p=0, n=0, P=0, N=0), p_value: 0
2026-04-14 13:49:48,458 - INFO - Regula po iteracji 0: IF  THEN class = {61.51} [47.14, 75.88], (p=850, n=611, P=850, N=611)
2026-04-14 13:49:48,458 - INFO - *****STOP GROWING RR RULE*****
2026-04-14 13:49:48,458 - INFO - ***RR NOT FOUND***
2026-04-14 13:49:48,577 - INFO - Iteracja 4: condition_best: Max_temperature <= 69.90, quality_best: 0.592, coverage_best: (p=331, n=136, P=357, N=1104)
2026-04-14 13:49:48,577 - INFO - Regula po iteracji 4: IF Min_temperature <= 47.40 AND Max_temperature >= 50.80 AND Max_temperature <= 70.25 AND Max_temperature >= 51.00 AND Max_temperature <= 69.90 THEN class = {49.14} [44.88, 53.40], (p=331, n=136, P=357, N=1104)
2026-04-14 13:49:48,578 - INFO - *****GROWING RR RULE*****
2026-04-14 13:49:49,173 - INFO - Iteracja 0: condition_best: None, quality_best: -inf, coverage_best: (p=0, n=0, P=0, N=0), p_value: 0
2026-04-14 13:49:49,174 - INFO - Regula po iteracji 0: IF  THEN class = {61.51} [47.14, 75.88], (p=850, n=611, P=850, N=611)
2026-04-14 13:49:49,174 - INFO - *****STOP GROWING RR RULE*****
2026-04-14 13:49:49,174 - INFO - ***RR NOT FOUND***
2026-04-14 13:49:49,174 - INFO - *******STOP GROWING CR RULE*******
2026-04-14 13:49:49,175 - INFO - *******GROWING CR RULE*******
2026-04-14 13:49:49,501 - INFO - Iteracja 0: condition_best: Max_temperature <= 61.10, quality_best: 0.517, coverage_best: (p=294, n=160, P=328, N=1133)
2026-04-14 13:49:49,501 - INFO - Regula po iteracji 0: IF Max_temperature <= 61.10 THEN class = {45.54} [40.37, 50.71], (p=294, n=160, P=328, N=1133)
2026-04-14 13:49:49,501 - INFO - *****GROWING RR RULE*****
2026-04-14 13:49:50,090 - INFO - Iteracja 0: condition_best: None, quality_best: -inf, coverage_best: (p=0, n=0, P=0, N=0), p_value: 0
2026-04-14 13:49:50,090 - INFO - Regula po iteracji 0: IF  THEN class = {61.51} [47.14, 75.88], (p=850, n=611, P=850, N=611)
2026-04-14 13:49:50,090 - INFO - *****STOP GROWING RR RULE*****
2026-04-14 13:49:50,090 - INFO - ***RR NOT FOUND***
2026-04-14 13:49:50,212 - INFO - Iteracja 1: condition_best: Max_temperature >= 49.90, quality_best: 0.562, coverage_best: (p=246, n=106, P=303, N=1158)
2026-04-14 13:49:50,212 - INFO - Regula po iteracji 1: IF Max_temperature <= 61.10 AND Max_temperature >= 49.90 THEN class = {47.38} [43.29, 51.47], (p=246, n=106, P=303, N=1158)
2026-04-14 13:49:50,213 - INFO - *****GROWING RR RULE*****
2026-04-14 13:49:50,795 - INFO - Iteracja 0: condition_best: None, quality_best: -inf, coverage_best: (p=0, n=0, P=0, N=0), p_value: 0
2026-04-14 13:49:50,795 - INFO - Regula po iteracji 0: IF  THEN class = {61.51} [47.14, 75.88], (p=850, n=611, P=850, N=611)
2026-04-14 13:49:50,795 - INFO - *****STOP GROWING RR RULE*****
2026-04-14 13:49:50,795 - INFO - ***RR NOT FOUND***
2026-04-14 13:49:50,890 - INFO - Iteracja 2: condition_best: Dewpoint <= 50.00, quality_best: 0.582, coverage_best: (p=229, n=100, P=268, N=1193)
2026-04-14 13:49:50,891 - INFO - Regula po iteracji 2: IF Max_temperature <= 61.10 AND Max_temperature >= 49.90 AND Dewpoint <= 50.00 THEN class = {46.92} [43.12, 50.72], (p=229, n=100, P=268, N=1193)
2026-04-14 13:49:50,891 - INFO - *****GROWING RR RULE*****
2026-04-14 13:49:51,469 - INFO - Iteracja 0: condition_best: None, quality_best: -inf, coverage_best: (p=0, n=0, P=0, N=0), p_value: 0
2026-04-14 13:49:51,469 - INFO - Regula po iteracji 0: IF  THEN class = {61.51} [47.14, 75.88], (p=850, n=611, P=850, N=611)
2026-04-14 13:49:51,469 - INFO - *****STOP GROWING RR RULE*****
2026-04-14 13:49:51,469 - INFO - ***RR NOT FOUND***
2026-04-14 13:49:51,559 - INFO - Iteracja 3: condition_best: Visibility >= 2.59, quality_best: 0.59, coverage_best: (p=226, n=92, P=272, N=1189)
2026-04-14 13:49:51,560 - INFO - Regula po iteracji 3: IF Max_temperature <= 61.10 AND Max_temperature >= 49.90 AND Dewpoint <= 50.00 AND Visibility >= 2.59 THEN class = {47.03} [43.26, 50.81], (p=226, n=92, P=272, N=1189)
2026-04-14 13:49:51,560 - INFO - *****GROWING RR RULE*****
2026-04-14 13:49:52,138 - INFO - Iteracja 0: condition_best: None, quality_best: -inf, coverage_best: (p=0, n=0, P=0, N=0), p_value: 0
2026-04-14 13:49:52,138 - INFO - Regula po iteracji 0: IF  THEN class = {61.51} [47.14, 75.88], (p=850, n=611, P=850, N=611)
2026-04-14 13:49:52,139 - INFO - *****STOP GROWING RR RULE*****
2026-04-14 13:49:52,139 - INFO - ***RR NOT FOUND***
2026-04-14 13:49:52,227 - INFO - Iteracja 4: condition_best: Min_temperature >= 23.15, quality_best: 0.596, coverage_best: (p=226, n=90, P=271, N=1190)
2026-04-14 13:49:52,227 - INFO - Regula po iteracji 4: IF Max_temperature <= 61.10 AND Max_temperature >= 49.90 AND Dewpoint <= 50.00 AND Visibility >= 2.59 AND Min_temperature >= 23.15 THEN class = {47.09} [43.37, 50.80], (p=226, n=90, P=271, N=1190)
2026-04-14 13:49:52,228 - INFO - *****GROWING RR RULE*****
2026-04-14 13:49:52,808 - INFO - Iteracja 0: condition_best: None, quality_best: -inf, coverage_best: (p=0, n=0, P=0, N=0), p_value: 0
2026-04-14 13:49:52,808 - INFO - Regula po iteracji 0: IF  THEN class = {61.51} [47.14, 75.88], (p=850, n=611, P=850, N=611)
2026-04-14 13:49:52,808 - INFO - *****STOP GROWING RR RULE*****
2026-04-14 13:49:52,808 - INFO - ***RR NOT FOUND***
2026-04-14 13:49:52,808 - INFO - *******STOP GROWING CR RULE*******
2026-04-14 13:49:52,810 - INFO - *******GROWING CR RULE*******
2026-04-14 13:49:53,133 - INFO - Iteracja 0: condition_best: Min_temperature >= 52.40, quality_best: 0.515, coverage_best: (p=426, n=221, P=429, N=1032)
2026-04-14 13:49:53,133 - INFO - Regula po iteracji 0: IF Min_temperature >= 52.40 THEN class = {75.30} [68.19, 82.40], (p=426, n=221, P=429, N=1032)
2026-04-14 13:49:53,133 - INFO - *****GROWING RR RULE*****
2026-04-14 13:49:53,733 - INFO - Iteracja 0: condition_best: None, quality_best: -inf, coverage_best: (p=0, n=0, P=0, N=0), p_value: 0
2026-04-14 13:49:53,733 - INFO - Regula po iteracji 0: IF  THEN class = {61.51} [47.14, 75.88], (p=850, n=611, P=850, N=611)
2026-04-14 13:49:53,733 - INFO - *****STOP GROWING RR RULE*****
2026-04-14 13:49:53,733 - INFO - ***RR NOT FOUND***
2026-04-14 13:49:53,864 - INFO - Iteracja 1: condition_best: Sea_level_pressure <= 30.02, quality_best: 0.555, coverage_best: (p=410, n=182, P=426, N=1035)
2026-04-14 13:49:53,864 - INFO - Regula po iteracji 1: IF Min_temperature >= 52.40 AND Sea_level_pressure <= 30.02 THEN class = {76.06} [69.32, 82.80], (p=410, n=182, P=426, N=1035)
2026-04-14 13:49:53,865 - INFO - *****GROWING RR RULE*****
2026-04-14 13:49:54,457 - INFO - Iteracja 0: condition_best: None, quality_best: -inf, coverage_best: (p=0, n=0, P=0, N=0), p_value: 0
2026-04-14 13:49:54,457 - INFO - Regula po iteracji 0: IF  THEN class = {61.51} [47.14, 75.88], (p=850, n=611, P=850, N=611)
2026-04-14 13:49:54,457 - INFO - *****STOP GROWING RR RULE*****
2026-04-14 13:49:54,457 - INFO - ***RR NOT FOUND***
2026-04-14 13:49:54,578 - INFO - Iteracja 2: condition_best: Min_temperature <= 71.30, quality_best: 0.574, coverage_best: (p=354, n=150, P=383, N=1078)
2026-04-14 13:49:54,578 - INFO - Regula po iteracji 2: IF Min_temperature >= 52.40 AND Sea_level_pressure <= 30.02 AND Min_temperature <= 71.30 THEN class = {74.75} [68.35, 81.14], (p=354, n=150, P=383, N=1078)
2026-04-14 13:49:54,579 - INFO - *****GROWING RR RULE*****
2026-04-14 13:49:55,170 - INFO - Iteracja 0: condition_best: None, quality_best: -inf, coverage_best: (p=0, n=0, P=0, N=0), p_value: 0
2026-04-14 13:49:55,171 - INFO - Regula po iteracji 0: IF  THEN class = {61.51} [47.14, 75.88], (p=850, n=611, P=850, N=611)
2026-04-14 13:49:55,171 - INFO - *****STOP GROWING RR RULE*****
2026-04-14 13:49:55,171 - INFO - ***RR NOT FOUND***
2026-04-14 13:49:55,278 - INFO - Iteracja 3: condition_best: Precipitation <= 0.10, quality_best: 0.601, coverage_best: (p=337, n=131, P=367, N=1094)
2026-04-14 13:49:55,278 - INFO - Regula po iteracji 3: IF Min_temperature >= 52.40 AND Sea_level_pressure <= 30.02 AND Min_temperature <= 71.30 AND Precipitation <= 0.10 THEN class = {75.53} [69.79, 81.27], (p=337, n=131, P=367, N=1094)
2026-04-14 13:49:55,279 - INFO - *****GROWING RR RULE*****
2026-04-14 13:49:55,865 - INFO - Iteracja 0: condition_best: None, quality_best: -inf, coverage_best: (p=0, n=0, P=0, N=0), p_value: 0
2026-04-14 13:49:55,865 - INFO - Regula po iteracji 0: IF  THEN class = {61.51} [47.14, 75.88], (p=850, n=611, P=850, N=611)
2026-04-14 13:49:55,865 - INFO - *****STOP GROWING RR RULE*****
2026-04-14 13:49:55,865 - INFO - ***RR NOT FOUND***
2026-04-14 13:49:55,963 - INFO - Iteracja 4: condition_best: Max_temperature <= 96.55, quality_best: 0.606, coverage_best: (p=307, n=122, P=334, N=1127)
2026-04-14 13:49:55,964 - INFO - Regula po iteracji 4: IF Min_temperature >= 52.40 AND Sea_level_pressure <= 30.02 AND Min_temperature <= 71.30 AND Precipitation <= 0.10 AND Max_temperature <= 96.55 THEN class = {74.81} [69.41, 80.21], (p=307, n=122, P=334, N=1127)
2026-04-14 13:49:55,964 - INFO - *****GROWING RR RULE*****
2026-04-14 13:49:56,548 - INFO - Iteracja 0: condition_best: None, quality_best: -inf, coverage_best: (p=0, n=0, P=0, N=0), p_value: 0
2026-04-14 13:49:56,549 - INFO - Regula po iteracji 0: IF  THEN class = {61.51} [47.14, 75.88], (p=850, n=611, P=850, N=611)
2026-04-14 13:49:56,549 - INFO - *****STOP GROWING RR RULE*****
2026-04-14 13:49:56,549 - INFO - ***RR NOT FOUND***
2026-04-14 13:49:56,549 - INFO - *******STOP GROWING CR RULE*******
2026-04-14 13:49:56,550 - INFO - *******GROWING CR RULE*******
2026-04-14 13:49:56,866 - INFO - Iteracja 0: condition_best: Min_temperature <= 47.75, quality_best: 0.514, coverage_best: (p=448, n=210, P=473, N=988)
2026-04-14 13:49:56,866 - INFO - Regula po iteracji 0: IF Min_temperature <= 47.75 THEN class = {48.29} [41.86, 54.72], (p=448, n=210, P=473, N=988)
2026-04-14 13:49:56,866 - INFO - *****GROWING RR RULE*****
2026-04-14 13:49:57,470 - INFO - Iteracja 0: condition_best: None, quality_best: -inf, coverage_best: (p=0, n=0, P=0, N=0), p_value: 0
2026-04-14 13:49:57,470 - INFO - Regula po iteracji 0: IF  THEN class = {61.51} [47.14, 75.88], (p=850, n=611, P=850, N=611)
2026-04-14 13:49:57,470 - INFO - *****STOP GROWING RR RULE*****
2026-04-14 13:49:57,470 - INFO - ***RR NOT FOUND***
2026-04-14 13:49:57,627 - INFO - Iteracja 1: condition_best: Max_temperature >= 49.90, quality_best: 0.572, coverage_best: (p=398, n=158, P=433, N=1028)
2026-04-14 13:49:57,627 - INFO - Regula po iteracji 1: IF Min_temperature <= 47.75 AND Max_temperature >= 49.90 THEN class = {49.96} [44.55, 55.37], (p=398, n=158, P=433, N=1028)
2026-04-14 13:49:57,627 - INFO - *****GROWING RR RULE*****
2026-04-14 13:49:58,226 - INFO - Iteracja 0: condition_best: None, quality_best: -inf, coverage_best: (p=0, n=0, P=0, N=0), p_value: 0
2026-04-14 13:49:58,226 - INFO - Regula po iteracji 0: IF  THEN class = {61.51} [47.14, 75.88], (p=850, n=611, P=850, N=611)
2026-04-14 13:49:58,227 - INFO - *****STOP GROWING RR RULE*****
2026-04-14 13:49:58,227 - INFO - ***RR NOT FOUND***
2026-04-14 13:49:58,356 - INFO - Iteracja 2: condition_best: Dewpoint <= 51.05, quality_best: 0.587, coverage_best: (p=391, n=149, P=424, N=1037)
2026-04-14 13:49:58,356 - INFO - Regula po iteracji 2: IF Min_temperature <= 47.75 AND Max_temperature >= 49.90 AND Dewpoint <= 51.05 THEN class = {49.70} [44.48, 54.91], (p=391, n=149, P=424, N=1037)
2026-04-14 13:49:58,357 - INFO - *****GROWING RR RULE*****
2026-04-14 13:49:58,951 - INFO - Iteracja 0: condition_best: None, quality_best: -inf, coverage_best: (p=0, n=0, P=0, N=0), p_value: 0
2026-04-14 13:49:58,951 - INFO - Regula po iteracji 0: IF  THEN class = {61.51} [47.14, 75.88], (p=850, n=611, P=850, N=611)
2026-04-14 13:49:58,951 - INFO - *****STOP GROWING RR RULE*****
2026-04-14 13:49:58,951 - INFO - ***RR NOT FOUND***
2026-04-14 13:49:59,078 - INFO - Iteracja 3: condition_best: Wind_speed <= 64.25, quality_best: 0.589, coverage_best: (p=391, n=148, P=424, N=1037)
2026-04-14 13:49:59,078 - INFO - Regula po iteracji 3: IF Min_temperature <= 47.75 AND Max_temperature >= 49.90 AND Dewpoint <= 51.05 AND Wind_speed <= 64.25 THEN class = {49.71} [44.50, 54.92], (p=391, n=148, P=424, N=1037)
2026-04-14 13:49:59,078 - INFO - *****GROWING RR RULE*****
2026-04-14 13:49:59,681 - INFO - Iteracja 0: condition_best: None, quality_best: -inf, coverage_best: (p=0, n=0, P=0, N=0), p_value: 0
2026-04-14 13:49:59,682 - INFO - Regula po iteracji 0: IF  THEN class = {61.51} [47.14, 75.88], (p=850, n=611, P=850, N=611)
2026-04-14 13:49:59,682 - INFO - *****STOP GROWING RR RULE*****
2026-04-14 13:49:59,682 - INFO - ***RR NOT FOUND***
2026-04-14 13:49:59,809 - INFO - Iteracja 4: condition_best: Dewpoint <= 50.65, quality_best: 0.588, coverage_best: (p=385, n=149, P=415, N=1046)
2026-04-14 13:49:59,809 - INFO - Regula po iteracji 4: IF Min_temperature <= 47.75 AND Max_temperature >= 49.90 AND Dewpoint <= 51.05 AND Wind_speed <= 64.25 AND Dewpoint <= 50.65 THEN class = {49.60} [44.49, 54.70], (p=385, n=149, P=415, N=1046)
2026-04-14 13:49:59,810 - INFO - *****GROWING RR RULE*****
2026-04-14 13:50:00,410 - INFO - Iteracja 0: condition_best: None, quality_best: -inf, coverage_best: (p=0, n=0, P=0, N=0), p_value: 0
2026-04-14 13:50:00,410 - INFO - Regula po iteracji 0: IF  THEN class = {61.51} [47.14, 75.88], (p=850, n=611, P=850, N=611)
2026-04-14 13:50:00,410 - INFO - *****STOP GROWING RR RULE*****
2026-04-14 13:50:00,410 - INFO - ***RR NOT FOUND***
2026-04-14 13:50:00,410 - INFO - *******STOP GROWING CR RULE*******
2026-04-14 13:50:00,411 - INFO - *******GROWING CR RULE*******
2026-04-14 13:50:00,741 - INFO - Iteracja 0: condition_best: Min_temperature <= 47.75, quality_best: 0.514, coverage_best: (p=448, n=210, P=473, N=988)
2026-04-14 13:50:00,741 - INFO - Regula po iteracji 0: IF Min_temperature <= 47.75 THEN class = {48.29} [41.86, 54.72], (p=448, n=210, P=473, N=988)
2026-04-14 13:50:00,741 - INFO - *****GROWING RR RULE*****
2026-04-14 13:50:01,342 - INFO - Iteracja 0: condition_best: None, quality_best: -inf, coverage_best: (p=0, n=0, P=0, N=0), p_value: 0
2026-04-14 13:50:01,342 - INFO - Regula po iteracji 0: IF  THEN class = {61.51} [47.14, 75.88], (p=850, n=611, P=850, N=611)
2026-04-14 13:50:01,343 - INFO - *****STOP GROWING RR RULE*****
2026-04-14 13:50:01,343 - INFO - ***RR NOT FOUND***
2026-04-14 13:50:01,499 - INFO - Iteracja 1: condition_best: Max_temperature >= 49.90, quality_best: 0.572, coverage_best: (p=398, n=158, P=433, N=1028)
2026-04-14 13:50:01,499 - INFO - Regula po iteracji 1: IF Min_temperature <= 47.75 AND Max_temperature >= 49.90 THEN class = {49.96} [44.55, 55.37], (p=398, n=158, P=433, N=1028)
2026-04-14 13:50:01,500 - INFO - *****GROWING RR RULE*****
2026-04-14 13:50:02,099 - INFO - Iteracja 0: condition_best: None, quality_best: -inf, coverage_best: (p=0, n=0, P=0, N=0), p_value: 0
2026-04-14 13:50:02,099 - INFO - Regula po iteracji 0: IF  THEN class = {61.51} [47.14, 75.88], (p=850, n=611, P=850, N=611)
2026-04-14 13:50:02,100 - INFO - *****STOP GROWING RR RULE*****
2026-04-14 13:50:02,100 - INFO - ***RR NOT FOUND***
2026-04-14 13:50:02,230 - INFO - Iteracja 2: condition_best: Max_temperature <= 78.25, quality_best: 0.579, coverage_best: (p=392, n=156, P=421, N=1040)
2026-04-14 13:50:02,230 - INFO - Regula po iteracji 2: IF Min_temperature <= 47.75 AND Max_temperature >= 49.90 AND Max_temperature <= 78.25 THEN class = {49.75} [44.59, 54.91], (p=392, n=156, P=421, N=1040)
2026-04-14 13:50:02,230 - INFO - *****GROWING RR RULE*****
2026-04-14 13:50:02,827 - INFO - Iteracja 0: condition_best: None, quality_best: -inf, coverage_best: (p=0, n=0, P=0, N=0), p_value: 0
2026-04-14 13:50:02,827 - INFO - Regula po iteracji 0: IF  THEN class = {61.51} [47.14, 75.88], (p=850, n=611, P=850, N=611)
2026-04-14 13:50:02,827 - INFO - *****STOP GROWING RR RULE*****
2026-04-14 13:50:02,827 - INFO - ***RR NOT FOUND***
2026-04-14 13:50:02,956 - INFO - Iteracja 3: condition_best: Precipitation <= 2.75, quality_best: 0.578, coverage_best: (p=391, n=156, P=421, N=1040)
2026-04-14 13:50:02,956 - INFO - Regula po iteracji 3: IF Min_temperature <= 47.75 AND Max_temperature >= 49.90 AND Max_temperature <= 78.25 AND Precipitation <= 2.75 THEN class = {49.76} [44.59, 54.92], (p=391, n=156, P=421, N=1040)
2026-04-14 13:50:02,957 - INFO - *****GROWING RR RULE*****
2026-04-14 13:50:03,549 - INFO - Iteracja 0: condition_best: None, quality_best: -inf, coverage_best: (p=0, n=0, P=0, N=0), p_value: 0
2026-04-14 13:50:03,550 - INFO - Regula po iteracji 0: IF  THEN class = {61.51} [47.14, 75.88], (p=850, n=611, P=850, N=611)
2026-04-14 13:50:03,550 - INFO - *****STOP GROWING RR RULE*****
2026-04-14 13:50:03,550 - INFO - ***RR NOT FOUND***
2026-04-14 13:50:03,676 - INFO - Iteracja 4: condition_best: Precipitation <= 2.15, quality_best: 0.577, coverage_best: (p=390, n=156, P=421, N=1040)
2026-04-14 13:50:03,676 - INFO - Regula po iteracji 4: IF Min_temperature <= 47.75 AND Max_temperature >= 49.90 AND Max_temperature <= 78.25 AND Precipitation <= 2.75 AND Precipitation <= 2.15 THEN class = {49.75} [44.58, 54.92], (p=390, n=156, P=421, N=1040)
2026-04-14 13:50:03,677 - INFO - *****GROWING RR RULE*****
2026-04-14 13:50:04,269 - INFO - Iteracja 0: condition_best: None, quality_best: -inf, coverage_best: (p=0, n=0, P=0, N=0), p_value: 0
2026-04-14 13:50:04,269 - INFO - Regula po iteracji 0: IF  THEN class = {61.51} [47.14, 75.88], (p=850, n=611, P=850, N=611)
2026-04-14 13:50:04,269 - INFO - *****STOP GROWING RR RULE*****
2026-04-14 13:50:04,269 - INFO - ***RR NOT FOUND***
2026-04-14 13:50:04,269 - INFO - *******STOP GROWING CR RULE*******
2026-04-14 13:50:04,270 - INFO - *******GROWING CR RULE*******
2026-04-14 13:50:04,594 - INFO - Iteracja 0: condition_best: Max_temperature >= 76.90, quality_best: 0.512, coverage_best: (p=397, n=219, P=397, N=1064)
2026-04-14 13:50:04,594 - INFO - Regula po iteracji 0: IF Max_temperature >= 76.90 THEN class = {76.17} [70.01, 82.34], (p=397, n=219, P=397, N=1064)
2026-04-14 13:50:04,594 - INFO - *****GROWING RR RULE*****
2026-04-14 13:50:05,192 - INFO - Iteracja 0: condition_best: None, quality_best: -inf, coverage_best: (p=0, n=0, P=0, N=0), p_value: 0
2026-04-14 13:50:05,193 - INFO - Regula po iteracji 0: IF  THEN class = {61.51} [47.14, 75.88], (p=850, n=611, P=850, N=611)
2026-04-14 13:50:05,193 - INFO - *****STOP GROWING RR RULE*****
2026-04-14 13:50:05,193 - INFO - ***RR NOT FOUND***
2026-04-14 13:50:05,313 - INFO - Iteracja 1: condition_best: Min_temperature <= 54.40, quality_best: 0.552, coverage_best: (p=63, n=17, P=142, N=1319)
2026-04-14 13:50:05,313 - INFO - Regula po iteracji 1: IF Max_temperature >= 76.90 AND Min_temperature <= 54.40 THEN class = {66.20} [63.13, 69.26], (p=63, n=17, P=142, N=1319)
2026-04-14 13:50:05,313 - INFO - *****GROWING RR RULE*****
2026-04-14 13:50:05,877 - INFO - Iteracja 0: condition_best: None, quality_best: -inf, coverage_best: (p=0, n=0, P=0, N=0), p_value: 0
2026-04-14 13:50:05,877 - INFO - Regula po iteracji 0: IF  THEN class = {61.51} [47.14, 75.88], (p=850, n=611, P=850, N=611)
2026-04-14 13:50:05,877 - INFO - *****STOP GROWING RR RULE*****
2026-04-14 13:50:05,877 - INFO - ***RR NOT FOUND***
2026-04-14 13:50:05,903 - INFO - Iteracja 2: condition_best: Sea_level_pressure <= 30.13, quality_best: 0.558, coverage_best: (p=59, n=15, P=135, N=1326)
2026-04-14 13:50:05,903 - INFO - Regula po iteracji 2: IF Max_temperature >= 76.90 AND Min_temperature <= 54.40 AND Sea_level_pressure <= 30.13 THEN class = {66.50} [63.54, 69.46], (p=59, n=15, P=135, N=1326)
2026-04-14 13:50:05,903 - INFO - *****GROWING RR RULE*****
2026-04-14 13:50:06,466 - INFO - Iteracja 0: condition_best: None, quality_best: -inf, coverage_best: (p=0, n=0, P=0, N=0), p_value: 0
2026-04-14 13:50:06,466 - INFO - Regula po iteracji 0: IF  THEN class = {61.51} [47.14, 75.88], (p=850, n=611, P=850, N=611)
2026-04-14 13:50:06,466 - INFO - *****STOP GROWING RR RULE*****
2026-04-14 13:50:06,466 - INFO - ***RR NOT FOUND***
2026-04-14 13:50:06,489 - INFO - Iteracja 3: condition_best: Min_temperature >= 47.75, quality_best: 0.571, coverage_best: (p=54, n=11, P=134, N=1327)
2026-04-14 13:50:06,489 - INFO - Regula po iteracji 3: IF Max_temperature >= 76.90 AND Min_temperature <= 54.40 AND Sea_level_pressure <= 30.13 AND Min_temperature >= 47.75 THEN class = {66.80} [63.79, 69.81], (p=54, n=11, P=134, N=1327)
2026-04-14 13:50:06,489 - INFO - *****GROWING RR RULE*****
2026-04-14 13:50:07,052 - INFO - Iteracja 0: condition_best: None, quality_best: -inf, coverage_best: (p=0, n=0, P=0, N=0), p_value: 0
2026-04-14 13:50:07,052 - INFO - Regula po iteracji 0: IF  THEN class = {61.51} [47.14, 75.88], (p=850, n=611, P=850, N=611)
2026-04-14 13:50:07,052 - INFO - *****STOP GROWING RR RULE*****
2026-04-14 13:50:07,052 - INFO - ***RR NOT FOUND***
2026-04-14 13:50:07,073 - INFO - Iteracja 4: condition_best: Standard_pressure <= 7.75, quality_best: 0.581, coverage_best: (p=53, n=10, P=130, N=1331)
2026-04-14 13:50:07,073 - INFO - Regula po iteracji 4: IF Max_temperature >= 76.90 AND Min_temperature <= 54.40 AND Sea_level_pressure <= 30.13 AND Min_temperature >= 47.75 AND Standard_pressure <= 7.75 THEN class = {66.95} [64.06, 69.85], (p=53, n=10, P=130, N=1331)
2026-04-14 13:50:07,073 - INFO - *****GROWING RR RULE*****
2026-04-14 13:50:07,641 - INFO - Iteracja 0: condition_best: None, quality_best: -inf, coverage_best: (p=0, n=0, P=0, N=0), p_value: 0
2026-04-14 13:50:07,642 - INFO - Regula po iteracji 0: IF  THEN class = {61.51} [47.14, 75.88], (p=850, n=611, P=850, N=611)
2026-04-14 13:50:07,642 - INFO - *****STOP GROWING RR RULE*****
2026-04-14 13:50:07,642 - INFO - ***RR NOT FOUND***
2026-04-14 13:50:07,642 - INFO - *******STOP GROWING CR RULE*******
2026-04-14 13:50:07,643 - INFO - *******GROWING CR RULE*******
2026-04-14 13:50:07,966 - INFO - Iteracja 0: condition_best: Min_temperature <= 48.30, quality_best: 0.51, coverage_best: (p=470, n=220, P=490, N=971)
2026-04-14 13:50:07,966 - INFO - Regula po iteracji 0: IF Min_temperature <= 48.30 THEN class = {48.72} [42.08, 55.35], (p=470, n=220, P=490, N=971)
2026-04-14 13:50:07,966 - INFO - *****GROWING RR RULE*****
2026-04-14 13:50:08,559 - INFO - Iteracja 0: condition_best: None, quality_best: -inf, coverage_best: (p=0, n=0, P=0, N=0), p_value: 0
2026-04-14 13:50:08,560 - INFO - Regula po iteracji 0: IF  THEN class = {61.51} [47.14, 75.88], (p=850, n=611, P=850, N=611)
2026-04-14 13:50:08,560 - INFO - *****STOP GROWING RR RULE*****
2026-04-14 13:50:08,560 - INFO - ***RR NOT FOUND***
2026-04-14 13:50:08,722 - INFO - Iteracja 1: condition_best: Max_temperature >= 50.80, quality_best: 0.558, coverage_best: (p=398, n=166, P=433, N=1028)
2026-04-14 13:50:08,722 - INFO - Regula po iteracji 1: IF Min_temperature <= 48.30 AND Max_temperature >= 50.80 THEN class = {50.68} [45.20, 56.17], (p=398, n=166, P=433, N=1028)
2026-04-14 13:50:08,722 - INFO - *****GROWING RR RULE*****
2026-04-14 13:50:09,320 - INFO - Iteracja 0: condition_best: None, quality_best: -inf, coverage_best: (p=0, n=0, P=0, N=0), p_value: 0
2026-04-14 13:50:09,320 - INFO - Regula po iteracji 0: IF  THEN class = {61.51} [47.14, 75.88], (p=850, n=611, P=850, N=611)
2026-04-14 13:50:09,320 - INFO - *****STOP GROWING RR RULE*****
2026-04-14 13:50:09,320 - INFO - ***RR NOT FOUND***
2026-04-14 13:50:09,451 - INFO - Iteracja 2: condition_best: Dewpoint <= 48.45, quality_best: 0.595, coverage_best: (p=350, n=124, P=405, N=1056)
2026-04-14 13:50:09,451 - INFO - Regula po iteracji 2: IF Min_temperature <= 48.30 AND Max_temperature >= 50.80 AND Dewpoint <= 48.45 THEN class = {49.54} [44.60, 54.49], (p=350, n=124, P=405, N=1056)
2026-04-14 13:50:09,452 - INFO - *****GROWING RR RULE*****
2026-04-14 13:50:10,046 - INFO - Iteracja 0: condition_best: None, quality_best: -inf, coverage_best: (p=0, n=0, P=0, N=0), p_value: 0
2026-04-14 13:50:10,046 - INFO - Regula po iteracji 0: IF  THEN class = {61.51} [47.14, 75.88], (p=850, n=611, P=850, N=611)
2026-04-14 13:50:10,046 - INFO - *****STOP GROWING RR RULE*****
2026-04-14 13:50:10,046 - INFO - ***RR NOT FOUND***
2026-04-14 13:50:10,158 - INFO - Iteracja 3: condition_best: Precipitation <= 2.30, quality_best: 0.593, coverage_best: (p=349, n=124, P=405, N=1056)
2026-04-14 13:50:10,158 - INFO - Regula po iteracji 3: IF Min_temperature <= 48.30 AND Max_temperature >= 50.80 AND Dewpoint <= 48.45 AND Precipitation <= 2.30 THEN class = {49.55} [44.59, 54.50], (p=349, n=124, P=405, N=1056)
2026-04-14 13:50:10,159 - INFO - *****GROWING RR RULE*****
2026-04-14 13:50:10,750 - INFO - Iteracja 0: condition_best: None, quality_best: -inf, coverage_best: (p=0, n=0, P=0, N=0), p_value: 0
2026-04-14 13:50:10,751 - INFO - Regula po iteracji 0: IF  THEN class = {61.51} [47.14, 75.88], (p=850, n=611, P=850, N=611)
2026-04-14 13:50:10,751 - INFO - *****STOP GROWING RR RULE*****
2026-04-14 13:50:10,751 - INFO - ***RR NOT FOUND***
2026-04-14 13:50:10,864 - INFO - Iteracja 4: condition_best: Dewpoint <= 48.35, quality_best: 0.591, coverage_best: (p=345, n=122, P=405, N=1056)
2026-04-14 13:50:10,864 - INFO - Regula po iteracji 4: IF Min_temperature <= 48.30 AND Max_temperature >= 50.80 AND Dewpoint <= 48.45 AND Precipitation <= 2.30 AND Dewpoint <= 48.35 THEN class = {49.49} [44.55, 54.43], (p=345, n=122, P=405, N=1056)
2026-04-14 13:50:10,864 - INFO - *****GROWING RR RULE*****
2026-04-14 13:50:11,453 - INFO - Iteracja 0: condition_best: None, quality_best: -inf, coverage_best: (p=0, n=0, P=0, N=0), p_value: 0
2026-04-14 13:50:11,454 - INFO - Regula po iteracji 0: IF  THEN class = {61.51} [47.14, 75.88], (p=850, n=611, P=850, N=611)
2026-04-14 13:50:11,454 - INFO - *****STOP GROWING RR RULE*****
2026-04-14 13:50:11,454 - INFO - ***RR NOT FOUND***
2026-04-14 13:50:11,454 - INFO - *******STOP GROWING CR RULE*******
2026-04-14 13:50:11,455 - INFO - *******GROWING CR RULE*******
2026-04-14 13:50:11,775 - INFO - Iteracja 0: condition_best: Min_temperature <= 48.30, quality_best: 0.51, coverage_best: (p=470, n=220, P=490, N=971)
2026-04-14 13:50:11,776 - INFO - Regula po iteracji 0: IF Min_temperature <= 48.30 THEN class = {48.72} [42.08, 55.35], (p=470, n=220, P=490, N=971)
2026-04-14 13:50:11,776 - INFO - *****GROWING RR RULE*****
2026-04-14 13:50:12,379 - INFO - Iteracja 0: condition_best: None, quality_best: -inf, coverage_best: (p=0, n=0, P=0, N=0), p_value: 0
2026-04-14 13:50:12,379 - INFO - Regula po iteracji 0: IF  THEN class = {61.51} [47.14, 75.88], (p=850, n=611, P=850, N=611)
2026-04-14 13:50:12,379 - INFO - *****STOP GROWING RR RULE*****
2026-04-14 13:50:12,379 - INFO - ***RR NOT FOUND***
2026-04-14 13:50:12,542 - INFO - Iteracja 1: condition_best: Max_temperature >= 50.80, quality_best: 0.558, coverage_best: (p=398, n=166, P=433, N=1028)
2026-04-14 13:50:12,542 - INFO - Regula po iteracji 1: IF Min_temperature <= 48.30 AND Max_temperature >= 50.80 THEN class = {50.68} [45.20, 56.17], (p=398, n=166, P=433, N=1028)
2026-04-14 13:50:12,542 - INFO - *****GROWING RR RULE*****
2026-04-14 13:50:13,144 - INFO - Iteracja 0: condition_best: None, quality_best: -inf, coverage_best: (p=0, n=0, P=0, N=0), p_value: 0
2026-04-14 13:50:13,145 - INFO - Regula po iteracji 0: IF  THEN class = {61.51} [47.14, 75.88], (p=850, n=611, P=850, N=611)
2026-04-14 13:50:13,145 - INFO - *****STOP GROWING RR RULE*****
2026-04-14 13:50:13,145 - INFO - ***RR NOT FOUND***
2026-04-14 13:50:13,275 - INFO - Iteracja 2: condition_best: Max_temperature <= 67.90, quality_best: 0.581, coverage_best: (p=327, n=142, P=351, N=1110)
2026-04-14 13:50:13,275 - INFO - Regula po iteracji 2: IF Min_temperature <= 48.30 AND Max_temperature >= 50.80 AND Max_temperature <= 67.90 THEN class = {49.08} [44.86, 53.31], (p=327, n=142, P=351, N=1110)
2026-04-14 13:50:13,275 - INFO - *****GROWING RR RULE*****
2026-04-14 13:50:13,871 - INFO - Iteracja 0: condition_best: None, quality_best: -inf, coverage_best: (p=0, n=0, P=0, N=0), p_value: 0
2026-04-14 13:50:13,872 - INFO - Regula po iteracji 0: IF  THEN class = {61.51} [47.14, 75.88], (p=850, n=611, P=850, N=611)
2026-04-14 13:50:13,872 - INFO - *****STOP GROWING RR RULE*****
2026-04-14 13:50:13,872 - INFO - ***RR NOT FOUND***
2026-04-14 13:50:13,984 - INFO - Iteracja 3: condition_best: Standard_pressure >= 2.80, quality_best: 0.585, coverage_best: (p=327, n=140, P=351, N=1110)
2026-04-14 13:50:13,984 - INFO - Regula po iteracji 3: IF Min_temperature <= 48.30 AND Max_temperature >= 50.80 AND Max_temperature <= 67.90 AND Standard_pressure >= 2.80 THEN class = {49.11} [44.89, 53.33], (p=327, n=140, P=351, N=1110)
2026-04-14 13:50:13,985 - INFO - *****GROWING RR RULE*****
2026-04-14 13:50:14,575 - INFO - Iteracja 0: condition_best: None, quality_best: -inf, coverage_best: (p=0, n=0, P=0, N=0), p_value: 0
2026-04-14 13:50:14,575 - INFO - Regula po iteracji 0: IF  THEN class = {61.51} [47.14, 75.88], (p=850, n=611, P=850, N=611)
2026-04-14 13:50:14,575 - INFO - *****STOP GROWING RR RULE*****
2026-04-14 13:50:14,575 - INFO - ***RR NOT FOUND***
2026-04-14 13:50:14,687 - INFO - Iteracja 4: condition_best: Max_wind_speed >= 28.83, quality_best: 0.588, coverage_best: (p=323, n=135, P=351, N=1110)
2026-04-14 13:50:14,687 - INFO - Regula po iteracji 4: IF Min_temperature <= 48.30 AND Max_temperature >= 50.80 AND Max_temperature <= 67.90 AND Standard_pressure >= 2.80 AND Max_wind_speed >= 28.83 THEN class = {49.08} [44.86, 53.31], (p=323, n=135, P=351, N=1110)
2026-04-14 13:50:14,687 - INFO - *****GROWING RR RULE*****
2026-04-14 13:50:15,284 - INFO - Iteracja 0: condition_best: None, quality_best: -inf, coverage_best: (p=0, n=0, P=0, N=0), p_value: 0
2026-04-14 13:50:15,285 - INFO - Regula po iteracji 0: IF  THEN class = {61.51} [47.14, 75.88], (p=850, n=611, P=850, N=611)
2026-04-14 13:50:15,285 - INFO - *****STOP GROWING RR RULE*****
2026-04-14 13:50:15,285 - INFO - ***RR NOT FOUND***
2026-04-14 13:50:15,285 - INFO - *******STOP GROWING CR RULE*******
2026-04-14 13:50:15,286 - INFO - *******GROWING CR RULE*******
2026-04-14 13:50:15,609 - INFO - Iteracja 0: condition_best: Min_temperature <= 48.30, quality_best: 0.51, coverage_best: (p=470, n=220, P=490, N=971)
2026-04-14 13:50:15,609 - INFO - Regula po iteracji 0: IF Min_temperature <= 48.30 THEN class = {48.72} [42.08, 55.35], (p=470, n=220, P=490, N=971)
2026-04-14 13:50:15,610 - INFO - *****GROWING RR RULE*****
2026-04-14 13:50:16,215 - INFO - Iteracja 0: condition_best: None, quality_best: -inf, coverage_best: (p=0, n=0, P=0, N=0), p_value: 0
2026-04-14 13:50:16,215 - INFO - Regula po iteracji 0: IF  THEN class = {61.51} [47.14, 75.88], (p=850, n=611, P=850, N=611)
2026-04-14 13:50:16,215 - INFO - *****STOP GROWING RR RULE*****
2026-04-14 13:50:16,215 - INFO - ***RR NOT FOUND***
2026-04-14 13:50:16,377 - INFO - Iteracja 1: condition_best: Max_temperature >= 50.80, quality_best: 0.558, coverage_best: (p=398, n=166, P=433, N=1028)
2026-04-14 13:50:16,377 - INFO - Regula po iteracji 1: IF Min_temperature <= 48.30 AND Max_temperature >= 50.80 THEN class = {50.68} [45.20, 56.17], (p=398, n=166, P=433, N=1028)
2026-04-14 13:50:16,378 - INFO - *****GROWING RR RULE*****
2026-04-14 13:50:16,973 - INFO - Iteracja 0: condition_best: None, quality_best: -inf, coverage_best: (p=0, n=0, P=0, N=0), p_value: 0
2026-04-14 13:50:16,973 - INFO - Regula po iteracji 0: IF  THEN class = {61.51} [47.14, 75.88], (p=850, n=611, P=850, N=611)
2026-04-14 13:50:16,973 - INFO - *****STOP GROWING RR RULE*****
2026-04-14 13:50:16,973 - INFO - ***RR NOT FOUND***
2026-04-14 13:50:17,102 - INFO - Iteracja 2: condition_best: Dewpoint >= 31.95, quality_best: 0.564, coverage_best: (p=362, n=151, P=402, N=1059)
2026-04-14 13:50:17,102 - INFO - Regula po iteracji 2: IF Min_temperature <= 48.30 AND Max_temperature >= 50.80 AND Dewpoint >= 31.95 THEN class = {51.42} [46.33, 56.50], (p=362, n=151, P=402, N=1059)
2026-04-14 13:50:17,102 - INFO - *****GROWING RR RULE*****
2026-04-14 13:50:17,697 - INFO - Iteracja 0: condition_best: None, quality_best: -inf, coverage_best: (p=0, n=0, P=0, N=0), p_value: 0
2026-04-14 13:50:17,698 - INFO - Regula po iteracji 0: IF  THEN class = {61.51} [47.14, 75.88], (p=850, n=611, P=850, N=611)
2026-04-14 13:50:17,698 - INFO - *****STOP GROWING RR RULE*****
2026-04-14 13:50:17,698 - INFO - ***RR NOT FOUND***
2026-04-14 13:50:17,812 - INFO - Iteracja 3: condition_best: Max_temperature <= 75.30, quality_best: 0.575, coverage_best: (p=344, n=147, P=373, N=1088)
2026-04-14 13:50:17,813 - INFO - Regula po iteracji 3: IF Min_temperature <= 48.30 AND Max_temperature >= 50.80 AND Dewpoint >= 31.95 AND Max_temperature <= 75.30 THEN class = {50.88} [46.40, 55.35], (p=344, n=147, P=373, N=1088)
2026-04-14 13:50:17,813 - INFO - *****GROWING RR RULE*****
2026-04-14 13:50:18,408 - INFO - Iteracja 0: condition_best: None, quality_best: -inf, coverage_best: (p=0, n=0, P=0, N=0), p_value: 0
2026-04-14 13:50:18,408 - INFO - Regula po iteracji 0: IF  THEN class = {61.51} [47.14, 75.88], (p=850, n=611, P=850, N=611)
2026-04-14 13:50:18,408 - INFO - *****STOP GROWING RR RULE*****
2026-04-14 13:50:18,408 - INFO - ***RR NOT FOUND***
2026-04-14 13:50:18,519 - INFO - Iteracja 4: condition_best: Max_temperature >= 51.90, quality_best: 0.576, coverage_best: (p=337, n=141, P=372, N=1089)
2026-04-14 13:50:18,519 - INFO - Regula po iteracji 4: IF Min_temperature <= 48.30 AND Max_temperature >= 50.80 AND Dewpoint >= 31.95 AND Max_temperature <= 75.30 AND Max_temperature >= 51.90 THEN class = {51.02} [46.58, 55.46], (p=337, n=141, P=372, N=1089)
2026-04-14 13:50:18,519 - INFO - *****GROWING RR RULE*****
2026-04-14 13:50:19,117 - INFO - Iteracja 0: condition_best: None, quality_best: -inf, coverage_best: (p=0, n=0, P=0, N=0), p_value: 0
2026-04-14 13:50:19,117 - INFO - Regula po iteracji 0: IF  THEN class = {61.51} [47.14, 75.88], (p=850, n=611, P=850, N=611)
2026-04-14 13:50:19,117 - INFO - *****STOP GROWING RR RULE*****
2026-04-14 13:50:19,117 - INFO - ***RR NOT FOUND***
2026-04-14 13:50:19,117 - INFO - *******STOP GROWING CR RULE*******
2026-04-14 13:50:19,118 - INFO - *******GROWING CR RULE*******
2026-04-14 13:50:19,436 - INFO - Iteracja 0: condition_best: Max_temperature <= 62.15, quality_best: 0.509, coverage_best: (p=314, n=174, P=345, N=1116)
2026-04-14 13:50:19,436 - INFO - Regula po iteracji 0: IF Max_temperature <= 62.15 THEN class = {45.96} [40.69, 51.24], (p=314, n=174, P=345, N=1116)
2026-04-14 13:50:19,436 - INFO - *****GROWING RR RULE*****
2026-04-14 13:50:20,030 - INFO - Iteracja 0: condition_best: None, quality_best: -inf, coverage_best: (p=0, n=0, P=0, N=0), p_value: 0
2026-04-14 13:50:20,030 - INFO - Regula po iteracji 0: IF  THEN class = {61.51} [47.14, 75.88], (p=850, n=611, P=850, N=611)
2026-04-14 13:50:20,030 - INFO - *****STOP GROWING RR RULE*****
2026-04-14 13:50:20,031 - INFO - ***RR NOT FOUND***
2026-04-14 13:50:20,158 - INFO - Iteracja 1: condition_best: Max_temperature >= 49.90, quality_best: 0.556, coverage_best: (p=264, n=122, P=309, N=1152)
2026-04-14 13:50:20,158 - INFO - Regula po iteracji 1: IF Max_temperature <= 62.15 AND Max_temperature >= 49.90 THEN class = {47.76} [43.58, 51.93], (p=264, n=122, P=309, N=1152)
2026-04-14 13:50:20,158 - INFO - *****GROWING RR RULE*****
2026-04-14 13:50:20,742 - INFO - Iteracja 0: condition_best: None, quality_best: -inf, coverage_best: (p=0, n=0, P=0, N=0), p_value: 0
2026-04-14 13:50:20,742 - INFO - Regula po iteracji 0: IF  THEN class = {61.51} [47.14, 75.88], (p=850, n=611, P=850, N=611)
2026-04-14 13:50:20,742 - INFO - *****STOP GROWING RR RULE*****
2026-04-14 13:50:20,742 - INFO - ***RR NOT FOUND***
2026-04-14 13:50:20,844 - INFO - Iteracja 2: condition_best: Min_temperature <= 52.35, quality_best: 0.562, coverage_best: (p=262, n=120, P=304, N=1157)
2026-04-14 13:50:20,844 - INFO - Regula po iteracji 2: IF Max_temperature <= 62.15 AND Max_temperature >= 49.90 AND Min_temperature <= 52.35 THEN class = {47.66} [43.57, 51.74], (p=262, n=120, P=304, N=1157)
2026-04-14 13:50:20,844 - INFO - *****GROWING RR RULE*****
2026-04-14 13:50:21,429 - INFO - Iteracja 0: condition_best: None, quality_best: -inf, coverage_best: (p=0, n=0, P=0, N=0), p_value: 0
2026-04-14 13:50:21,430 - INFO - Regula po iteracji 0: IF  THEN class = {61.51} [47.14, 75.88], (p=850, n=611, P=850, N=611)
2026-04-14 13:50:21,430 - INFO - *****STOP GROWING RR RULE*****
2026-04-14 13:50:21,430 - INFO - ***RR NOT FOUND***
2026-04-14 13:50:21,530 - INFO - Iteracja 3: condition_best: Dewpoint <= 53.60, quality_best: 0.564, coverage_best: (p=262, n=119, P=304, N=1157)
2026-04-14 13:50:21,530 - INFO - Regula po iteracji 3: IF Max_temperature <= 62.15 AND Max_temperature >= 49.90 AND Min_temperature <= 52.35 AND Dewpoint <= 53.60 THEN class = {47.64} [43.57, 51.71], (p=262, n=119, P=304, N=1157)
2026-04-14 13:50:21,531 - INFO - *****GROWING RR RULE*****
2026-04-14 13:50:22,111 - INFO - Iteracja 0: condition_best: None, quality_best: -inf, coverage_best: (p=0, n=0, P=0, N=0), p_value: 0
2026-04-14 13:50:22,111 - INFO - Regula po iteracji 0: IF  THEN class = {61.51} [47.14, 75.88], (p=850, n=611, P=850, N=611)
2026-04-14 13:50:22,111 - INFO - *****STOP GROWING RR RULE*****
2026-04-14 13:50:22,111 - INFO - ***RR NOT FOUND***
2026-04-14 13:50:22,212 - INFO - Iteracja 4: condition_best: Standard_pressure >= 2.40, quality_best: 0.566, coverage_best: (p=262, n=118, P=304, N=1157)
2026-04-14 13:50:22,212 - INFO - Regula po iteracji 4: IF Max_temperature <= 62.15 AND Max_temperature >= 49.90 AND Min_temperature <= 52.35 AND Dewpoint <= 53.60 AND Standard_pressure >= 2.40 THEN class = {47.65} [43.58, 51.72], (p=262, n=118, P=304, N=1157)
2026-04-14 13:50:22,213 - INFO - *****GROWING RR RULE*****
2026-04-14 13:50:22,794 - INFO - Iteracja 0: condition_best: None, quality_best: -inf, coverage_best: (p=0, n=0, P=0, N=0), p_value: 0
2026-04-14 13:50:22,795 - INFO - Regula po iteracji 0: IF  THEN class = {61.51} [47.14, 75.88], (p=850, n=611, P=850, N=611)
2026-04-14 13:50:22,795 - INFO - *****STOP GROWING RR RULE*****
2026-04-14 13:50:22,795 - INFO - ***RR NOT FOUND***
2026-04-14 13:50:22,795 - INFO - *******STOP GROWING CR RULE*******
2026-04-14 13:50:22,796 - INFO - *******GROWING CR RULE*******
2026-04-14 13:50:23,113 - INFO - Iteracja 0: condition_best: Min_temperature >= 52.10, quality_best: 0.508, coverage_best: (p=428, n=226, P=431, N=1030)
2026-04-14 13:50:23,113 - INFO - Regula po iteracji 0: IF Min_temperature >= 52.10 THEN class = {75.19} [68.05, 82.34], (p=428, n=226, P=431, N=1030)
2026-04-14 13:50:23,113 - INFO - *****GROWING RR RULE*****
2026-04-14 13:50:23,717 - INFO - Iteracja 0: condition_best: None, quality_best: -inf, coverage_best: (p=0, n=0, P=0, N=0), p_value: 0
2026-04-14 13:50:23,717 - INFO - Regula po iteracji 0: IF  THEN class = {61.51} [47.14, 75.88], (p=850, n=611, P=850, N=611)
2026-04-14 13:50:23,717 - INFO - *****STOP GROWING RR RULE*****
2026-04-14 13:50:23,717 - INFO - ***RR NOT FOUND***
2026-04-14 13:50:23,848 - INFO - Iteracja 1: condition_best: Standard_pressure <= 7.55, quality_best: 0.532, coverage_best: (p=363, n=162, P=416, N=1045)
2026-04-14 13:50:23,848 - INFO - Regula po iteracji 1: IF Min_temperature >= 52.10 AND Standard_pressure <= 7.55 THEN class = {76.87} [70.65, 83.09], (p=363, n=162, P=416, N=1045)
2026-04-14 13:50:23,848 - INFO - *****GROWING RR RULE*****
2026-04-14 13:50:24,438 - INFO - Iteracja 0: condition_best: None, quality_best: -inf, coverage_best: (p=0, n=0, P=0, N=0), p_value: 0
2026-04-14 13:50:24,438 - INFO - Regula po iteracji 0: IF  THEN class = {61.51} [47.14, 75.88], (p=850, n=611, P=850, N=611)
2026-04-14 13:50:24,438 - INFO - *****STOP GROWING RR RULE*****
2026-04-14 13:50:24,438 - INFO - ***RR NOT FOUND***
2026-04-14 13:50:24,550 - INFO - Iteracja 2: condition_best: Min_temperature <= 71.15, quality_best: 0.547, coverage_best: (p=306, n=131, P=370, N=1091)
2026-04-14 13:50:24,550 - INFO - Regula po iteracji 2: IF Min_temperature >= 52.10 AND Standard_pressure <= 7.55 AND Min_temperature <= 71.15 THEN class = {75.51} [69.64, 81.38], (p=306, n=131, P=370, N=1091)
2026-04-14 13:50:24,551 - INFO - *****GROWING RR RULE*****
2026-04-14 13:50:25,141 - INFO - Iteracja 0: condition_best: None, quality_best: -inf, coverage_best: (p=0, n=0, P=0, N=0), p_value: 0
2026-04-14 13:50:25,141 - INFO - Regula po iteracji 0: IF  THEN class = {61.51} [47.14, 75.88], (p=850, n=611, P=850, N=611)
2026-04-14 13:50:25,141 - INFO - *****STOP GROWING RR RULE*****
2026-04-14 13:50:25,141 - INFO - ***RR NOT FOUND***
2026-04-14 13:50:25,239 - INFO - Iteracja 3: condition_best: Precipitation <= 0.15, quality_best: 0.555, coverage_best: (p=301, n=126, P=363, N=1098)
2026-04-14 13:50:25,239 - INFO - Regula po iteracji 3: IF Min_temperature >= 52.10 AND Standard_pressure <= 7.55 AND Min_temperature <= 71.15 AND Precipitation <= 0.15 THEN class = {75.74} [70.09, 81.39], (p=301, n=126, P=363, N=1098)
2026-04-14 13:50:25,240 - INFO - *****GROWING RR RULE*****
2026-04-14 13:50:25,828 - INFO - Iteracja 0: condition_best: None, quality_best: -inf, coverage_best: (p=0, n=0, P=0, N=0), p_value: 0
2026-04-14 13:50:25,828 - INFO - Regula po iteracji 0: IF  THEN class = {61.51} [47.14, 75.88], (p=850, n=611, P=850, N=611)
2026-04-14 13:50:25,828 - INFO - *****STOP GROWING RR RULE*****
2026-04-14 13:50:25,828 - INFO - ***RR NOT FOUND***
2026-04-14 13:50:25,923 - INFO - Iteracja 4: condition_best: Max_temperature <= 96.90, quality_best: 0.565, coverage_best: (p=282, n=115, P=344, N=1117)
2026-04-14 13:50:25,923 - INFO - Regula po iteracji 4: IF Min_temperature >= 52.10 AND Standard_pressure <= 7.55 AND Min_temperature <= 71.15 AND Precipitation <= 0.15 AND Max_temperature <= 96.90 THEN class = {75.15} [69.77, 80.53], (p=282, n=115, P=344, N=1117)
2026-04-14 13:50:25,923 - INFO - *****GROWING RR RULE*****
2026-04-14 13:50:26,510 - INFO - Iteracja 0: condition_best: None, quality_best: -inf, coverage_best: (p=0, n=0, P=0, N=0), p_value: 0
2026-04-14 13:50:26,510 - INFO - Regula po iteracji 0: IF  THEN class = {61.51} [47.14, 75.88], (p=850, n=611, P=850, N=611)
2026-04-14 13:50:26,510 - INFO - *****STOP GROWING RR RULE*****
2026-04-14 13:50:26,510 - INFO - ***RR NOT FOUND***
2026-04-14 13:50:26,510 - INFO - *******STOP GROWING CR RULE*******
2026-04-14 13:50:26,511 - INFO - *******GROWING CR RULE*******
2026-04-14 13:50:26,834 - INFO - Iteracja 0: condition_best: Min_temperature <= 49.00, quality_best: 0.503, coverage_best: (p=476, n=225, P=497, N=964)
2026-04-14 13:50:26,834 - INFO - Regula po iteracji 0: IF Min_temperature <= 49.00 THEN class = {48.90} [42.14, 55.67], (p=476, n=225, P=497, N=964)
2026-04-14 13:50:26,834 - INFO - *****GROWING RR RULE*****
2026-04-14 13:50:27,440 - INFO - Iteracja 0: condition_best: None, quality_best: -inf, coverage_best: (p=0, n=0, P=0, N=0), p_value: 0
2026-04-14 13:50:27,441 - INFO - Regula po iteracji 0: IF  THEN class = {61.51} [47.14, 75.88], (p=850, n=611, P=850, N=611)
2026-04-14 13:50:27,441 - INFO - *****STOP GROWING RR RULE*****
2026-04-14 13:50:27,441 - INFO - ***RR NOT FOUND***
2026-04-14 13:50:27,604 - INFO - Iteracja 1: condition_best: Max_temperature >= 49.00, quality_best: 0.556, coverage_best: (p=433, n=179, P=460, N=1001)
2026-04-14 13:50:27,605 - INFO - Regula po iteracji 1: IF Min_temperature <= 49.00 AND Max_temperature >= 49.00 THEN class = {50.36} [44.49, 56.23], (p=433, n=179, P=460, N=1001)
2026-04-14 13:50:27,605 - INFO - *****GROWING RR RULE*****
2026-04-14 13:50:28,206 - INFO - Iteracja 0: condition_best: None, quality_best: -inf, coverage_best: (p=0, n=0, P=0, N=0), p_value: 0
2026-04-14 13:50:28,206 - INFO - Regula po iteracji 0: IF  THEN class = {61.51} [47.14, 75.88], (p=850, n=611, P=850, N=611)
2026-04-14 13:50:28,206 - INFO - *****STOP GROWING RR RULE*****
2026-04-14 13:50:28,206 - INFO - ***RR NOT FOUND***
2026-04-14 13:50:28,343 - INFO - Iteracja 2: condition_best: Dewpoint <= 49.05, quality_best: 0.574, coverage_best: (p=389, n=150, P=433, N=1028)
2026-04-14 13:50:28,343 - INFO - Regula po iteracji 2: IF Min_temperature <= 49.00 AND Max_temperature >= 49.00 AND Dewpoint <= 49.05 THEN class = {49.45} [43.98, 54.91], (p=389, n=150, P=433, N=1028)
2026-04-14 13:50:28,343 - INFO - *****GROWING RR RULE*****
2026-04-14 13:50:28,942 - INFO - Iteracja 0: condition_best: None, quality_best: -inf, coverage_best: (p=0, n=0, P=0, N=0), p_value: 0
2026-04-14 13:50:28,942 - INFO - Regula po iteracji 0: IF  THEN class = {61.51} [47.14, 75.88], (p=850, n=611, P=850, N=611)
2026-04-14 13:50:28,942 - INFO - *****STOP GROWING RR RULE*****
2026-04-14 13:50:28,942 - INFO - ***RR NOT FOUND***
2026-04-14 13:50:29,068 - INFO - Iteracja 3: condition_best: Max_temperature >= 51.45, quality_best: 0.592, coverage_best: (p=365, n=129, P=420, N=1041)
2026-04-14 13:50:29,068 - INFO - Regula po iteracji 3: IF Min_temperature <= 49.00 AND Max_temperature >= 49.00 AND Dewpoint <= 49.05 AND Max_temperature >= 51.45 THEN class = {50.07} [44.87, 55.28], (p=365, n=129, P=420, N=1041)
2026-04-14 13:50:29,068 - INFO - *****GROWING RR RULE*****
2026-04-14 13:50:29,657 - INFO - Iteracja 0: condition_best: None, quality_best: -inf, coverage_best: (p=0, n=0, P=0, N=0), p_value: 0
2026-04-14 13:50:29,657 - INFO - Regula po iteracji 0: IF  THEN class = {61.51} [47.14, 75.88], (p=850, n=611, P=850, N=611)
2026-04-14 13:50:29,657 - INFO - *****STOP GROWING RR RULE*****
2026-04-14 13:50:29,658 - INFO - ***RR NOT FOUND***
2026-04-14 13:50:29,773 - INFO - Iteracja 4: condition_best: Standard_pressure >= 2.80, quality_best: 0.599, coverage_best: (p=367, n=125, P=424, N=1037)
2026-04-14 13:50:29,773 - INFO - Regula po iteracji 4: IF Min_temperature <= 49.00 AND Max_temperature >= 49.00 AND Dewpoint <= 49.05 AND Max_temperature >= 51.45 AND Standard_pressure >= 2.80 THEN class = {50.10} [44.90, 55.30], (p=367, n=125, P=424, N=1037)
2026-04-14 13:50:29,773 - INFO - *****GROWING RR RULE*****
2026-04-14 13:50:30,366 - INFO - Iteracja 0: condition_best: None, quality_best: -inf, coverage_best: (p=0, n=0, P=0, N=0), p_value: 0
2026-04-14 13:50:30,366 - INFO - Regula po iteracji 0: IF  THEN class = {61.51} [47.14, 75.88], (p=850, n=611, P=850, N=611)
2026-04-14 13:50:30,366 - INFO - *****STOP GROWING RR RULE*****
2026-04-14 13:50:30,366 - INFO - ***RR NOT FOUND***
2026-04-14 13:50:30,366 - INFO - *******STOP GROWING CR RULE*******
2026-04-14 13:50:30,367 - INFO - *******GROWING CR RULE*******
2026-04-14 13:50:30,684 - INFO - Iteracja 0: condition_best: Max_temperature <= 67.55, quality_best: 0.5, coverage_best: (p=441, n=224, P=458, N=1003)
2026-04-14 13:50:30,684 - INFO - Regula po iteracji 0: IF Max_temperature <= 67.55 THEN class = {48.20} [42.08, 54.31], (p=441, n=224, P=458, N=1003)
2026-04-14 13:50:30,684 - INFO - *****GROWING RR RULE*****
2026-04-14 13:50:31,288 - INFO - Iteracja 0: condition_best: None, quality_best: -inf, coverage_best: (p=0, n=0, P=0, N=0), p_value: 0
2026-04-14 13:50:31,289 - INFO - Regula po iteracji 0: IF  THEN class = {61.51} [47.14, 75.88], (p=850, n=611, P=850, N=611)
2026-04-14 13:50:31,289 - INFO - *****STOP GROWING RR RULE*****
2026-04-14 13:50:31,289 - INFO - ***RR NOT FOUND***
2026-04-14 13:50:31,450 - INFO - Iteracja 1: condition_best: Max_temperature >= 53.30, quality_best: 0.562, coverage_best: (p=334, n=145, P=373, N=1088)
2026-04-14 13:50:31,450 - INFO - Regula po iteracji 1: IF Max_temperature <= 67.55 AND Max_temperature >= 53.30 THEN class = {50.87} [46.35, 55.39], (p=334, n=145, P=373, N=1088)
2026-04-14 13:50:31,451 - INFO - *****GROWING RR RULE*****
2026-04-14 13:50:32,045 - INFO - Iteracja 0: condition_best: None, quality_best: -inf, coverage_best: (p=0, n=0, P=0, N=0), p_value: 0
2026-04-14 13:50:32,045 - INFO - Regula po iteracji 0: IF  THEN class = {61.51} [47.14, 75.88], (p=850, n=611, P=850, N=611)
2026-04-14 13:50:32,045 - INFO - *****STOP GROWING RR RULE*****
2026-04-14 13:50:32,045 - INFO - ***RR NOT FOUND***
2026-04-14 13:50:32,160 - INFO - Iteracja 2: condition_best: Dewpoint >= 31.95, quality_best: 0.581, coverage_best: (p=314, n=131, P=350, N=1111)
2026-04-14 13:50:32,160 - INFO - Regula po iteracji 2: IF Max_temperature <= 67.55 AND Max_temperature >= 53.30 AND Dewpoint >= 31.95 THEN class = {51.36} [47.16, 55.56], (p=314, n=131, P=350, N=1111)
2026-04-14 13:50:32,161 - INFO - *****GROWING RR RULE*****
2026-04-14 13:50:32,758 - INFO - Iteracja 0: condition_best: None, quality_best: -inf, coverage_best: (p=0, n=0, P=0, N=0), p_value: 0
2026-04-14 13:50:32,758 - INFO - Regula po iteracji 0: IF  THEN class = {61.51} [47.14, 75.88], (p=850, n=611, P=850, N=611)
2026-04-14 13:50:32,759 - INFO - *****STOP GROWING RR RULE*****
2026-04-14 13:50:32,759 - INFO - ***RR NOT FOUND***
2026-04-14 13:50:32,867 - INFO - Iteracja 3: condition_best: Standard_pressure >= 4.80, quality_best: 0.586, coverage_best: (p=309, n=123, P=353, N=1108)
2026-04-14 13:50:32,867 - INFO - Regula po iteracji 3: IF Max_temperature <= 67.55 AND Max_temperature >= 53.30 AND Dewpoint >= 31.95 AND Standard_pressure >= 4.80 THEN class = {51.39} [47.18, 55.61], (p=309, n=123, P=353, N=1108)
2026-04-14 13:50:32,867 - INFO - *****GROWING RR RULE*****
2026-04-14 13:50:34,254 - INFO - Iteracja 0: condition_best: None, quality_best: -inf, coverage_best: (p=0, n=0, P=0, N=0), p_value: 0
2026-04-14 13:50:34,254 - INFO - Regula po iteracji 0: IF  THEN class = {61.51} [47.14, 75.88], (p=850, n=611, P=850, N=611)
2026-04-14 13:50:34,255 - INFO - *****STOP GROWING RR RULE*****
2026-04-14 13:50:34,255 - INFO - ***RR NOT FOUND***
2026-04-14 13:50:34,360 - INFO - Iteracja 4: condition_best: Dewpoint <= 52.25, quality_best: 0.588, coverage_best: (p=298, n=117, P=345, N=1116)
2026-04-14 13:50:34,360 - INFO - Regula po iteracji 4: IF Max_temperature <= 67.55 AND Max_temperature >= 53.30 AND Dewpoint >= 31.95 AND Standard_pressure >= 4.80 AND Dewpoint <= 52.25 THEN class = {51.11} [47.09, 55.12], (p=298, n=117, P=345, N=1116)
2026-04-14 13:50:34,360 - INFO - *****GROWING RR RULE*****
2026-04-14 13:50:34,956 - INFO - Iteracja 0: condition_best: None, quality_best: -inf, coverage_best: (p=0, n=0, P=0, N=0), p_value: 0
2026-04-14 13:50:34,956 - INFO - Regula po iteracji 0: IF  THEN class = {61.51} [47.14, 75.88], (p=850, n=611, P=850, N=611)
2026-04-14 13:50:34,956 - INFO - *****STOP GROWING RR RULE*****
2026-04-14 13:50:34,956 - INFO - ***RR NOT FOUND***
2026-04-14 13:50:34,956 - INFO - *******STOP GROWING CR RULE*******
2026-04-14 13:50:34,957 - INFO - *******GROWING CR RULE*******
2026-04-14 13:50:35,274 - INFO - Iteracja 0: condition_best: Max_temperature <= 68.10, quality_best: 0.498, coverage_best: (p=448, n=230, P=460, N=1001)
2026-04-14 13:50:35,274 - INFO - Regula po iteracji 0: IF Max_temperature <= 68.10 THEN class = {48.33} [42.18, 54.49], (p=448, n=230, P=460, N=1001)
2026-04-14 13:50:35,274 - INFO - *****GROWING RR RULE*****
2026-04-14 13:50:35,872 - INFO - Iteracja 0: condition_best: None, quality_best: -inf, coverage_best: (p=0, n=0, P=0, N=0), p_value: 0
2026-04-14 13:50:35,873 - INFO - Regula po iteracji 0: IF  THEN class = {61.51} [47.14, 75.88], (p=850, n=611, P=850, N=611)
2026-04-14 13:50:35,873 - INFO - *****STOP GROWING RR RULE*****
2026-04-14 13:50:35,873 - INFO - ***RR NOT FOUND***
2026-04-14 13:50:36,032 - INFO - Iteracja 1: condition_best: Max_temperature >= 53.30, quality_best: 0.566, coverage_best: (p=343, n=149, P=376, N=1085)
2026-04-14 13:50:36,032 - INFO - Regula po iteracji 1: IF Max_temperature <= 68.10 AND Max_temperature >= 53.30 THEN class = {50.99} [46.44, 55.54], (p=343, n=149, P=376, N=1085)
2026-04-14 13:50:36,032 - INFO - *****GROWING RR RULE*****
2026-04-14 13:50:36,633 - INFO - Iteracja 0: condition_best: None, quality_best: -inf, coverage_best: (p=0, n=0, P=0, N=0), p_value: 0
2026-04-14 13:50:36,633 - INFO - Regula po iteracji 0: IF  THEN class = {61.51} [47.14, 75.88], (p=850, n=611, P=850, N=611)
2026-04-14 13:50:36,634 - INFO - *****STOP GROWING RR RULE*****
2026-04-14 13:50:36,634 - INFO - ***RR NOT FOUND***
2026-04-14 13:50:36,752 - INFO - Iteracja 2: condition_best: Dewpoint >= 31.35, quality_best: 0.576, coverage_best: (p=322, n=139, P=353, N=1108)
2026-04-14 13:50:36,752 - INFO - Regula po iteracji 2: IF Max_temperature <= 68.10 AND Max_temperature >= 53.30 AND Dewpoint >= 31.35 THEN class = {51.43} [47.16, 55.69], (p=322, n=139, P=353, N=1108)
2026-04-14 13:50:36,752 - INFO - *****GROWING RR RULE*****
2026-04-14 13:50:37,346 - INFO - Iteracja 0: condition_best: None, quality_best: -inf, coverage_best: (p=0, n=0, P=0, N=0), p_value: 0
2026-04-14 13:50:37,346 - INFO - Regula po iteracji 0: IF  THEN class = {61.51} [47.14, 75.88], (p=850, n=611, P=850, N=611)
2026-04-14 13:50:37,346 - INFO - *****STOP GROWING RR RULE*****
2026-04-14 13:50:37,346 - INFO - ***RR NOT FOUND***
2026-04-14 13:50:37,454 - INFO - Iteracja 3: condition_best: Standard_pressure >= 3.65, quality_best: 0.58, coverage_best: (p=321, n=136, P=353, N=1108)
2026-04-14 13:50:37,454 - INFO - Regula po iteracji 3: IF Max_temperature <= 68.10 AND Max_temperature >= 53.30 AND Dewpoint >= 31.35 AND Standard_pressure >= 3.65 THEN class = {51.43} [47.18, 55.69], (p=321, n=136, P=353, N=1108)
2026-04-14 13:50:37,455 - INFO - *****GROWING RR RULE*****
2026-04-14 13:50:38,049 - INFO - Iteracja 0: condition_best: None, quality_best: -inf, coverage_best: (p=0, n=0, P=0, N=0), p_value: 0
2026-04-14 13:50:38,049 - INFO - Regula po iteracji 0: IF  THEN class = {61.51} [47.14, 75.88], (p=850, n=611, P=850, N=611)
2026-04-14 13:50:38,050 - INFO - *****STOP GROWING RR RULE*****
2026-04-14 13:50:38,050 - INFO - ***RR NOT FOUND***
2026-04-14 13:50:38,158 - INFO - Iteracja 4: condition_best: Min_temperature <= 57.30, quality_best: 0.584, coverage_best: (p=319, n=134, P=350, N=1111)
2026-04-14 13:50:38,158 - INFO - Regula po iteracji 4: IF Max_temperature <= 68.10 AND Max_temperature >= 53.30 AND Dewpoint >= 31.35 AND Standard_pressure >= 3.65 AND Min_temperature <= 57.30 THEN class = {51.34} [47.18, 55.51], (p=319, n=134, P=350, N=1111)
2026-04-14 13:50:38,159 - INFO - *****GROWING RR RULE*****
2026-04-14 13:50:38,754 - INFO - Iteracja 0: condition_best: None, quality_best: -inf, coverage_best: (p=0, n=0, P=0, N=0), p_value: 0
2026-04-14 13:50:38,755 - INFO - Regula po iteracji 0: IF  THEN class = {61.51} [47.14, 75.88], (p=850, n=611, P=850, N=611)
2026-04-14 13:50:38,755 - INFO - *****STOP GROWING RR RULE*****
2026-04-14 13:50:38,755 - INFO - ***RR NOT FOUND***
2026-04-14 13:50:38,755 - INFO - *******STOP GROWING CR RULE*******
2026-04-14 13:50:38,755 - INFO - *******GROWING CR RULE*******
2026-04-14 13:50:39,079 - INFO - Iteracja 0: condition_best: Max_temperature <= 69.00, quality_best: 0.496, coverage_best: (p=463, n=238, P=470, N=991)
2026-04-14 13:50:39,080 - INFO - Regula po iteracji 0: IF Max_temperature <= 69.00 THEN class = {48.63} [42.33, 54.94], (p=463, n=238, P=470, N=991)
2026-04-14 13:50:39,080 - INFO - *****GROWING RR RULE*****
2026-04-14 13:50:39,679 - INFO - Iteracja 0: condition_best: None, quality_best: -inf, coverage_best: (p=0, n=0, P=0, N=0), p_value: 0
2026-04-14 13:50:39,680 - INFO - Regula po iteracji 0: IF  THEN class = {61.51} [47.14, 75.88], (p=850, n=611, P=850, N=611)
2026-04-14 13:50:39,680 - INFO - *****STOP GROWING RR RULE*****
2026-04-14 13:50:39,680 - INFO - ***RR NOT FOUND***
2026-04-14 13:50:39,842 - INFO - Iteracja 1: condition_best: Max_temperature >= 49.40, quality_best: 0.558, coverage_best: (p=418, n=187, P=426, N=1035)
2026-04-14 13:50:39,842 - INFO - Regula po iteracji 1: IF Max_temperature <= 69.00 AND Max_temperature >= 49.40 THEN class = {50.16} [44.89, 55.42], (p=418, n=187, P=426, N=1035)
2026-04-14 13:50:39,842 - INFO - *****GROWING RR RULE*****
2026-04-14 13:50:40,438 - INFO - Iteracja 0: condition_best: None, quality_best: -inf, coverage_best: (p=0, n=0, P=0, N=0), p_value: 0
2026-04-14 13:50:40,438 - INFO - Regula po iteracji 0: IF  THEN class = {61.51} [47.14, 75.88], (p=850, n=611, P=850, N=611)
2026-04-14 13:50:40,438 - INFO - *****STOP GROWING RR RULE*****
2026-04-14 13:50:40,438 - INFO - ***RR NOT FOUND***
2026-04-14 13:50:40,578 - INFO - Iteracja 2: condition_best: Dewpoint <= 54.45, quality_best: 0.561, coverage_best: (p=411, n=184, P=419, N=1042)
2026-04-14 13:50:40,578 - INFO - Regula po iteracji 2: IF Max_temperature <= 69.00 AND Max_temperature >= 49.40 AND Dewpoint <= 54.45 THEN class = {49.98} [44.86, 55.11], (p=411, n=184, P=419, N=1042)
2026-04-14 13:50:40,579 - INFO - *****GROWING RR RULE*****
2026-04-14 13:50:41,175 - INFO - Iteracja 0: condition_best: None, quality_best: -inf, coverage_best: (p=0, n=0, P=0, N=0), p_value: 0
2026-04-14 13:50:41,176 - INFO - Regula po iteracji 0: IF  THEN class = {61.51} [47.14, 75.88], (p=850, n=611, P=850, N=611)
2026-04-14 13:50:41,176 - INFO - *****STOP GROWING RR RULE*****
2026-04-14 13:50:41,176 - INFO - ***RR NOT FOUND***
2026-04-14 13:50:41,313 - INFO - Iteracja 3: condition_best: Max_temperature >= 53.30, quality_best: 0.567, coverage_best: (p=351, n=154, P=379, N=1082)
2026-04-14 13:50:41,313 - INFO - Regula po iteracji 3: IF Max_temperature <= 69.00 AND Max_temperature >= 49.40 AND Dewpoint <= 54.45 AND Max_temperature >= 53.30 THEN class = {51.10} [46.53, 55.67], (p=351, n=154, P=379, N=1082)
2026-04-14 13:50:41,313 - INFO - *****GROWING RR RULE*****
2026-04-14 13:50:41,908 - INFO - Iteracja 0: condition_best: None, quality_best: -inf, coverage_best: (p=0, n=0, P=0, N=0), p_value: 0
2026-04-14 13:50:41,909 - INFO - Regula po iteracji 0: IF  THEN class = {61.51} [47.14, 75.88], (p=850, n=611, P=850, N=611)
2026-04-14 13:50:41,909 - INFO - *****STOP GROWING RR RULE*****
2026-04-14 13:50:41,909 - INFO - ***RR NOT FOUND***
2026-04-14 13:50:42,027 - INFO - Iteracja 4: condition_best: Dewpoint >= 30.85, quality_best: 0.576, coverage_best: (p=332, n=145, P=358, N=1103)
2026-04-14 13:50:42,027 - INFO - Regula po iteracji 4: IF Max_temperature <= 69.00 AND Max_temperature >= 49.40 AND Dewpoint <= 54.45 AND Max_temperature >= 53.30 AND Dewpoint >= 30.85 THEN class = {51.50} [47.19, 55.81], (p=332, n=145, P=358, N=1103)
2026-04-14 13:50:42,028 - INFO - *****GROWING RR RULE*****
2026-04-14 13:50:42,625 - INFO - Iteracja 0: condition_best: None, quality_best: -inf, coverage_best: (p=0, n=0, P=0, N=0), p_value: 0
2026-04-14 13:50:42,625 - INFO - Regula po iteracji 0: IF  THEN class = {61.51} [47.14, 75.88], (p=850, n=611, P=850, N=611)
2026-04-14 13:50:42,625 - INFO - *****STOP GROWING RR RULE*****
2026-04-14 13:50:42,625 - INFO - ***RR NOT FOUND***
2026-04-14 13:50:42,625 - INFO - *******STOP GROWING CR RULE*******
2026-04-14 13:50:42,626 - INFO - *******GROWING CR RULE*******
2026-04-14 13:50:42,947 - INFO - Iteracja 0: condition_best: Min_temperature <= 49.90, quality_best: 0.494, coverage_best: (p=489, n=233, P=510, N=951)
2026-04-14 13:50:42,948 - INFO - Regula po iteracji 0: IF Min_temperature <= 49.90 THEN class = {49.23} [42.25, 56.21], (p=489, n=233, P=510, N=951)
2026-04-14 13:50:42,948 - INFO - *****GROWING RR RULE*****
2026-04-14 13:50:43,552 - INFO - Iteracja 0: condition_best: None, quality_best: -inf, coverage_best: (p=0, n=0, P=0, N=0), p_value: 0
2026-04-14 13:50:43,552 - INFO - Regula po iteracji 0: IF  THEN class = {61.51} [47.14, 75.88], (p=850, n=611, P=850, N=611)
2026-04-14 13:50:43,552 - INFO - *****STOP GROWING RR RULE*****
2026-04-14 13:50:43,552 - INFO - ***RR NOT FOUND***
2026-04-14 13:50:43,720 - INFO - Iteracja 1: condition_best: Max_temperature >= 49.90, quality_best: 0.546, coverage_best: (p=436, n=184, P=466, N=995)
2026-04-14 13:50:43,720 - INFO - Regula po iteracji 1: IF Min_temperature <= 49.90 AND Max_temperature >= 49.90 THEN class = {50.89} [44.90, 56.88], (p=436, n=184, P=466, N=995)
2026-04-14 13:50:43,720 - INFO - *****GROWING RR RULE*****
2026-04-14 13:50:44,320 - INFO - Iteracja 0: condition_best: None, quality_best: -inf, coverage_best: (p=0, n=0, P=0, N=0), p_value: 0
2026-04-14 13:50:44,321 - INFO - Regula po iteracji 0: IF  THEN class = {61.51} [47.14, 75.88], (p=850, n=611, P=850, N=611)
2026-04-14 13:50:44,321 - INFO - *****STOP GROWING RR RULE*****
2026-04-14 13:50:44,321 - INFO - ***RR NOT FOUND***
2026-04-14 13:50:44,462 - INFO - Iteracja 2: condition_best: Max_temperature <= 75.30, quality_best: 0.569, coverage_best: (p=410, n=175, P=424, N=1037)
2026-04-14 13:50:44,462 - INFO - Regula po iteracji 2: IF Min_temperature <= 49.90 AND Max_temperature >= 49.90 AND Max_temperature <= 75.30 THEN class = {50.12} [44.89, 55.35], (p=410, n=175, P=424, N=1037)
2026-04-14 13:50:44,462 - INFO - *****GROWING RR RULE*****
2026-04-14 13:50:45,060 - INFO - Iteracja 0: condition_best: None, quality_best: -inf, coverage_best: (p=0, n=0, P=0, N=0), p_value: 0
2026-04-14 13:50:45,061 - INFO - Regula po iteracji 0: IF  THEN class = {61.51} [47.14, 75.88], (p=850, n=611, P=850, N=611)
2026-04-14 13:50:45,061 - INFO - *****STOP GROWING RR RULE*****
2026-04-14 13:50:45,061 - INFO - ***RR NOT FOUND***
2026-04-14 13:50:45,194 - INFO - Iteracja 3: condition_best: Dewpoint <= 56.15, quality_best: 0.571, coverage_best: (p=410, n=174, P=424, N=1037)
2026-04-14 13:50:45,194 - INFO - Regula po iteracji 3: IF Min_temperature <= 49.90 AND Max_temperature >= 49.90 AND Max_temperature <= 75.30 AND Dewpoint <= 56.15 THEN class = {50.10} [44.89, 55.30], (p=410, n=174, P=424, N=1037)
2026-04-14 13:50:45,195 - INFO - *****GROWING RR RULE*****
2026-04-14 13:50:45,788 - INFO - Iteracja 0: condition_best: None, quality_best: -inf, coverage_best: (p=0, n=0, P=0, N=0), p_value: 0
2026-04-14 13:50:45,789 - INFO - Regula po iteracji 0: IF  THEN class = {61.51} [47.14, 75.88], (p=850, n=611, P=850, N=611)
2026-04-14 13:50:45,789 - INFO - *****STOP GROWING RR RULE*****
2026-04-14 13:50:45,789 - INFO - ***RR NOT FOUND***
2026-04-14 13:50:45,922 - INFO - Iteracja 4: condition_best: Wind_speed <= 58.55, quality_best: 0.571, coverage_best: (p=409, n=173, P=424, N=1037)
2026-04-14 13:50:45,922 - INFO - Regula po iteracji 4: IF Min_temperature <= 49.90 AND Max_temperature >= 49.90 AND Max_temperature <= 75.30 AND Dewpoint <= 56.15 AND Wind_speed <= 58.55 THEN class = {50.11} [44.90, 55.32], (p=409, n=173, P=424, N=1037)
2026-04-14 13:50:45,923 - INFO - *****GROWING RR RULE*****
2026-04-14 13:50:46,528 - INFO - Iteracja 0: condition_best: None, quality_best: -inf, coverage_best: (p=0, n=0, P=0, N=0), p_value: 0
2026-04-14 13:50:46,529 - INFO - Regula po iteracji 0: IF  THEN class = {61.51} [47.14, 75.88], (p=850, n=611, P=850, N=611)
2026-04-14 13:50:46,529 - INFO - *****STOP GROWING RR RULE*****
2026-04-14 13:50:46,529 - INFO - ***RR NOT FOUND***
2026-04-14 13:50:46,529 - INFO - *******STOP GROWING CR RULE*******
2026-04-14 13:50:46,529 - INFO - *******GROWING CR RULE*******
2026-04-14 13:50:46,846 - INFO - Iteracja 0: condition_best: Min_temperature >= 51.35, quality_best: 0.485, coverage_best: (p=438, n=245, P=441, N=1020)
2026-04-14 13:50:46,846 - INFO - Regula po iteracji 0: IF Min_temperature >= 51.35 THEN class = {74.57} [66.92, 82.22], (p=438, n=245, P=441, N=1020)
2026-04-14 13:50:46,846 - INFO - *****GROWING RR RULE*****
2026-04-14 13:50:47,447 - INFO - Iteracja 0: condition_best: None, quality_best: -inf, coverage_best: (p=0, n=0, P=0, N=0), p_value: 0
2026-04-14 13:50:47,447 - INFO - Regula po iteracji 0: IF  THEN class = {61.51} [47.14, 75.88], (p=850, n=611, P=850, N=611)
2026-04-14 13:50:47,447 - INFO - *****STOP GROWING RR RULE*****
2026-04-14 13:50:47,447 - INFO - ***RR NOT FOUND***
2026-04-14 13:50:47,583 - INFO - Iteracja 1: condition_best: Min_temperature <= 71.15, quality_best: 0.528, coverage_best: (p=394, n=197, P=408, N=1053)
2026-04-14 13:50:47,583 - INFO - Regula po iteracji 1: IF Min_temperature >= 51.35 AND Min_temperature <= 71.15 THEN class = {73.17} [65.93, 80.41], (p=394, n=197, P=408, N=1053)
2026-04-14 13:50:47,584 - INFO - *****GROWING RR RULE*****
2026-04-14 13:50:48,183 - INFO - Iteracja 0: condition_best: None, quality_best: -inf, coverage_best: (p=0, n=0, P=0, N=0), p_value: 0
2026-04-14 13:50:48,183 - INFO - Regula po iteracji 0: IF  THEN class = {61.51} [47.14, 75.88], (p=850, n=611, P=850, N=611)
2026-04-14 13:50:48,184 - INFO - *****STOP GROWING RR RULE*****
2026-04-14 13:50:48,184 - INFO - ***RR NOT FOUND***
2026-04-14 13:50:48,304 - INFO - Iteracja 2: condition_best: Precipitation <= 0.10, quality_best: 0.549, coverage_best: (p=364, n=176, P=379, N=1082)
2026-04-14 13:50:48,305 - INFO - Regula po iteracji 2: IF Min_temperature >= 51.35 AND Min_temperature <= 71.15 AND Precipitation <= 0.10 THEN class = {74.16} [67.64, 80.69], (p=364, n=176, P=379, N=1082)
2026-04-14 13:50:48,305 - INFO - *****GROWING RR RULE*****
2026-04-14 13:50:48,909 - INFO - Iteracja 0: condition_best: None, quality_best: -inf, coverage_best: (p=0, n=0, P=0, N=0), p_value: 0
2026-04-14 13:50:48,909 - INFO - Regula po iteracji 0: IF  THEN class = {61.51} [47.14, 75.88], (p=850, n=611, P=850, N=611)
2026-04-14 13:50:48,909 - INFO - *****STOP GROWING RR RULE*****
2026-04-14 13:50:48,909 - INFO - ***RR NOT FOUND***
2026-04-14 13:50:49,020 - INFO - Iteracja 3: condition_best: Sea_level_pressure <= 30.05, quality_best: 0.569, coverage_best: (p=349, n=156, P=371, N=1090)
2026-04-14 13:50:49,020 - INFO - Regula po iteracji 3: IF Min_temperature >= 51.35 AND Min_temperature <= 71.15 AND Precipitation <= 0.10 AND Sea_level_pressure <= 30.05 THEN class = {74.73} [68.49, 80.98], (p=349, n=156, P=371, N=1090)
2026-04-14 13:50:49,020 - INFO - *****GROWING RR RULE*****
2026-04-14 13:50:49,614 - INFO - Iteracja 0: condition_best: None, quality_best: -inf, coverage_best: (p=0, n=0, P=0, N=0), p_value: 0
2026-04-14 13:50:49,614 - INFO - Regula po iteracji 0: IF  THEN class = {61.51} [47.14, 75.88], (p=850, n=611, P=850, N=611)
2026-04-14 13:50:49,614 - INFO - *****STOP GROWING RR RULE*****
2026-04-14 13:50:49,614 - INFO - ***RR NOT FOUND***
2026-04-14 13:50:49,719 - INFO - Iteracja 4: condition_best: Max_temperature <= 99.15, quality_best: 0.578, coverage_best: (p=341, n=149, P=362, N=1099)
2026-04-14 13:50:49,719 - INFO - Regula po iteracji 4: IF Min_temperature >= 51.35 AND Min_temperature <= 71.15 AND Precipitation <= 0.10 AND Sea_level_pressure <= 30.05 AND Max_temperature <= 99.15 THEN class = {74.43} [68.35, 80.50], (p=341, n=149, P=362, N=1099)
2026-04-14 13:50:49,719 - INFO - *****GROWING RR RULE*****
2026-04-14 13:50:50,322 - INFO - Iteracja 0: condition_best: None, quality_best: -inf, coverage_best: (p=0, n=0, P=0, N=0), p_value: 0
2026-04-14 13:50:50,322 - INFO - Regula po iteracji 0: IF  THEN class = {61.51} [47.14, 75.88], (p=850, n=611, P=850, N=611)
2026-04-14 13:50:50,322 - INFO - *****STOP GROWING RR RULE*****
2026-04-14 13:50:50,322 - INFO - ***RR NOT FOUND***
2026-04-14 13:50:50,322 - INFO - *******STOP GROWING CR RULE*******
2026-04-14 13:50:50,323 - INFO - *******GROWING CR RULE*******
2026-04-14 13:50:50,642 - INFO - Iteracja 0: condition_best: Min_temperature <= 50.30, quality_best: 0.484, coverage_best: (p=505, n=244, P=523, N=938)
2026-04-14 13:50:50,642 - INFO - Regula po iteracji 0: IF Min_temperature <= 50.30 THEN class = {49.62} [42.42, 56.81], (p=505, n=244, P=523, N=938)
2026-04-14 13:50:50,642 - INFO - *****GROWING RR RULE*****
2026-04-14 13:50:51,246 - INFO - Iteracja 0: condition_best: None, quality_best: -inf, coverage_best: (p=0, n=0, P=0, N=0), p_value: 0
2026-04-14 13:50:51,246 - INFO - Regula po iteracji 0: IF  THEN class = {61.51} [47.14, 75.88], (p=850, n=611, P=850, N=611)
2026-04-14 13:50:51,246 - INFO - *****STOP GROWING RR RULE*****
2026-04-14 13:50:51,246 - INFO - ***RR NOT FOUND***
2026-04-14 13:50:51,419 - INFO - Iteracja 1: condition_best: Max_temperature >= 53.30, quality_best: 0.544, coverage_best: (p=397, n=166, P=446, N=1015)
2026-04-14 13:50:51,419 - INFO - Regula po iteracji 1: IF Min_temperature <= 50.30 AND Max_temperature >= 53.30 THEN class = {52.36} [46.58, 58.14], (p=397, n=166, P=446, N=1015)
2026-04-14 13:50:51,420 - INFO - *****GROWING RR RULE*****
2026-04-14 13:50:52,028 - INFO - Iteracja 0: condition_best: None, quality_best: -inf, coverage_best: (p=0, n=0, P=0, N=0), p_value: 0
2026-04-14 13:50:52,028 - INFO - Regula po iteracji 0: IF  THEN class = {61.51} [47.14, 75.88], (p=850, n=611, P=850, N=611)
2026-04-14 13:50:52,028 - INFO - *****STOP GROWING RR RULE*****
2026-04-14 13:50:52,028 - INFO - ***RR NOT FOUND***
2026-04-14 13:50:52,154 - INFO - Iteracja 2: condition_best: Max_temperature <= 77.10, quality_best: 0.557, coverage_best: (p=375, n=160, P=412, N=1049)
2026-04-14 13:50:52,154 - INFO - Regula po iteracji 2: IF Min_temperature <= 50.30 AND Max_temperature >= 53.30 AND Max_temperature <= 77.10 THEN class = {51.70} [46.58, 56.83], (p=375, n=160, P=412, N=1049)
2026-04-14 13:50:52,154 - INFO - *****GROWING RR RULE*****
2026-04-14 13:50:52,758 - INFO - Iteracja 0: condition_best: None, quality_best: -inf, coverage_best: (p=0, n=0, P=0, N=0), p_value: 0
2026-04-14 13:50:52,759 - INFO - Regula po iteracji 0: IF  THEN class = {61.51} [47.14, 75.88], (p=850, n=611, P=850, N=611)
2026-04-14 13:50:52,759 - INFO - *****STOP GROWING RR RULE*****
2026-04-14 13:50:52,759 - INFO - ***RR NOT FOUND***
2026-04-14 13:50:52,882 - INFO - Iteracja 3: condition_best: Dewpoint >= 30.35, quality_best: 0.566, coverage_best: (p=356, n=154, P=387, N=1074)
2026-04-14 13:50:52,882 - INFO - Regula po iteracji 3: IF Min_temperature <= 50.30 AND Max_temperature >= 53.30 AND Max_temperature <= 77.10 AND Dewpoint >= 30.35 THEN class = {52.09} [47.20, 56.97], (p=356, n=154, P=387, N=1074)
2026-04-14 13:50:52,882 - INFO - *****GROWING RR RULE*****
2026-04-14 13:50:53,483 - INFO - Iteracja 0: condition_best: None, quality_best: -inf, coverage_best: (p=0, n=0, P=0, N=0), p_value: 0
2026-04-14 13:50:53,483 - INFO - Regula po iteracji 0: IF  THEN class = {61.51} [47.14, 75.88], (p=850, n=611, P=850, N=611)
2026-04-14 13:50:53,483 - INFO - *****STOP GROWING RR RULE*****
2026-04-14 13:50:53,483 - INFO - ***RR NOT FOUND***
2026-04-14 13:50:53,604 - INFO - Iteracja 4: condition_best: Max_temperature >= 57.30, quality_best: 0.57, coverage_best: (p=279, n=114, P=336, N=1125)
2026-04-14 13:50:53,604 - INFO - Regula po iteracji 4: IF Min_temperature <= 50.30 AND Max_temperature >= 53.30 AND Max_temperature <= 77.10 AND Dewpoint >= 30.35 AND Max_temperature >= 57.30 THEN class = {53.53} [49.13, 57.94], (p=279, n=114, P=336, N=1125)
2026-04-14 13:50:53,605 - INFO - *****GROWING RR RULE*****
2026-04-14 13:50:54,201 - INFO - Iteracja 0: condition_best: None, quality_best: -inf, coverage_best: (p=0, n=0, P=0, N=0), p_value: 0
2026-04-14 13:50:54,201 - INFO - Regula po iteracji 0: IF  THEN class = {61.51} [47.14, 75.88], (p=850, n=611, P=850, N=611)
2026-04-14 13:50:54,201 - INFO - *****STOP GROWING RR RULE*****
2026-04-14 13:50:54,202 - INFO - ***RR NOT FOUND***
2026-04-14 13:50:54,202 - INFO - *******STOP GROWING CR RULE*******
2026-04-14 13:50:54,202 - INFO - *******GROWING CR RULE*******
2026-04-14 13:50:54,520 - INFO - Iteracja 0: condition_best: Min_temperature <= 51.50, quality_best: 0.475, coverage_best: (p=525, n=256, P=538, N=923)
2026-04-14 13:50:54,521 - INFO - Regula po iteracji 0: IF Min_temperature <= 51.50 THEN class = {50.08} [42.63, 57.53], (p=525, n=256, P=538, N=923)
2026-04-14 13:50:54,521 - INFO - *****GROWING RR RULE*****
2026-04-14 13:50:55,130 - INFO - Iteracja 0: condition_best: None, quality_best: -inf, coverage_best: (p=0, n=0, P=0, N=0), p_value: 0
2026-04-14 13:50:55,131 - INFO - Regula po iteracji 0: IF  THEN class = {61.51} [47.14, 75.88], (p=850, n=611, P=850, N=611)
2026-04-14 13:50:55,131 - INFO - *****STOP GROWING RR RULE*****
2026-04-14 13:50:55,131 - INFO - ***RR NOT FOUND***
2026-04-14 13:50:55,308 - INFO - Iteracja 1: condition_best: Max_temperature >= 53.00, quality_best: 0.531, coverage_best: (p=421, n=185, P=460, N=1001)
2026-04-14 13:50:55,308 - INFO - Regula po iteracji 1: IF Min_temperature <= 51.50 AND Max_temperature >= 53.00 THEN class = {52.68} [46.57, 58.78], (p=421, n=185, P=460, N=1001)
2026-04-14 13:50:55,308 - INFO - *****GROWING RR RULE*****
2026-04-14 13:50:55,904 - INFO - Iteracja 0: condition_best: None, quality_best: -inf, coverage_best: (p=0, n=0, P=0, N=0), p_value: 0
2026-04-14 13:50:55,904 - INFO - Regula po iteracji 0: IF  THEN class = {61.51} [47.14, 75.88], (p=850, n=611, P=850, N=611)
2026-04-14 13:50:55,904 - INFO - *****STOP GROWING RR RULE*****
2026-04-14 13:50:55,904 - INFO - ***RR NOT FOUND***
2026-04-14 13:50:56,039 - INFO - Iteracja 2: condition_best: Max_temperature <= 78.90, quality_best: 0.555, coverage_best: (p=410, n=173, P=441, N=1020)
2026-04-14 13:50:56,039 - INFO - Regula po iteracji 2: IF Min_temperature <= 51.50 AND Max_temperature >= 53.00 AND Max_temperature <= 78.90 THEN class = {52.17} [46.53, 57.80], (p=410, n=173, P=441, N=1020)
2026-04-14 13:50:56,040 - INFO - *****GROWING RR RULE*****
2026-04-14 13:50:56,638 - INFO - Iteracja 0: condition_best: None, quality_best: -inf, coverage_best: (p=0, n=0, P=0, N=0), p_value: 0
2026-04-14 13:50:56,638 - INFO - Regula po iteracji 0: IF  THEN class = {61.51} [47.14, 75.88], (p=850, n=611, P=850, N=611)
2026-04-14 13:50:56,638 - INFO - *****STOP GROWING RR RULE*****
2026-04-14 13:50:56,638 - INFO - ***RR NOT FOUND***
2026-04-14 13:50:56,769 - INFO - Iteracja 3: condition_best: Dewpoint >= 24.00, quality_best: 0.558, coverage_best: (p=410, n=171, P=441, N=1020)
2026-04-14 13:50:56,769 - INFO - Regula po iteracji 3: IF Min_temperature <= 51.50 AND Max_temperature >= 53.00 AND Max_temperature <= 78.90 AND Dewpoint >= 24.00 THEN class = {52.19} [46.56, 57.82], (p=410, n=171, P=441, N=1020)
2026-04-14 13:50:56,769 - INFO - *****GROWING RR RULE*****
2026-04-14 13:50:57,371 - INFO - Iteracja 0: condition_best: None, quality_best: -inf, coverage_best: (p=0, n=0, P=0, N=0), p_value: 0
2026-04-14 13:50:57,371 - INFO - Regula po iteracji 0: IF  THEN class = {61.51} [47.14, 75.88], (p=850, n=611, P=850, N=611)
2026-04-14 13:50:57,371 - INFO - *****STOP GROWING RR RULE*****
2026-04-14 13:50:57,371 - INFO - ***RR NOT FOUND***
2026-04-14 13:50:57,502 - INFO - Iteracja 4: condition_best: Visibility >= 1.27, quality_best: 0.56, coverage_best: (p=410, n=170, P=441, N=1020)
2026-04-14 13:50:57,503 - INFO - Regula po iteracji 4: IF Min_temperature <= 51.50 AND Max_temperature >= 53.00 AND Max_temperature <= 78.90 AND Dewpoint >= 24.00 AND Visibility >= 1.27 THEN class = {52.21} [46.59, 57.83], (p=410, n=170, P=441, N=1020)
2026-04-14 13:50:57,503 - INFO - *****GROWING RR RULE*****
2026-04-14 13:50:58,099 - INFO - Iteracja 0: condition_best: None, quality_best: -inf, coverage_best: (p=0, n=0, P=0, N=0), p_value: 0
2026-04-14 13:50:58,099 - INFO - Regula po iteracji 0: IF  THEN class = {61.51} [47.14, 75.88], (p=850, n=611, P=850, N=611)
2026-04-14 13:50:58,099 - INFO - *****STOP GROWING RR RULE*****
2026-04-14 13:50:58,099 - INFO - ***RR NOT FOUND***
2026-04-14 13:50:58,099 - INFO - *******STOP GROWING CR RULE*******
2026-04-14 13:50:58,100 - INFO - *******GROWING CR RULE*******
2026-04-14 13:50:58,414 - INFO - Iteracja 0: condition_best: Max_temperature <= 37.95, quality_best: 1.0, coverage_best: (p=1, n=0, P=1, N=1460)
2026-04-14 13:50:58,414 - INFO - Regula po iteracji 0: IF Max_temperature <= 37.95 THEN class = {34.90} [34.90, 34.90], (p=1, n=0, P=1, N=1460)
2026-04-14 13:50:58,415 - INFO - *****GROWING RR RULE*****
2026-04-14 13:50:58,955 - INFO - Iteracja 0: condition_best: None, quality_best: -inf, coverage_best: (p=0, n=0, P=0, N=0), p_value: 0
2026-04-14 13:50:58,955 - INFO - Regula po iteracji 0: IF  THEN class = {61.51} [47.14, 75.88], (p=850, n=611, P=850, N=611)
2026-04-14 13:50:58,955 - INFO - *****STOP GROWING RR RULE*****
2026-04-14 13:50:58,955 - INFO - ***RR NOT FOUND***
2026-04-14 13:50:58,956 - INFO - Iteracja 1: condition_best: None, quality_best: -inf, coverage_best: (p=0, n=0, P=0, N=0)
2026-04-14 13:50:58,956 - INFO - Regula po iteracji 1: IF Max_temperature <= 37.95 THEN class = {34.90} [34.90, 34.90], (p=1, n=0, P=1, N=1460)
2026-04-14 13:50:58,956 - INFO - *******STOP GROWING CR RULE*******
2026-04-14 13:50:58,976 - INFO - ************************Finished experiment for wizmir.arff with algorithm************************
2026-04-14 13:50:58,976 - INFO - *************************************************************************************************************************
2026-04-14 13:50:58,976 - INFO - *************************************************************************************************************************
2026-04-14 13:50:58,976 - INFO - *************************************************************************************************************************
