dataset,model,thread_time,process_time,raw_time,liczba_regul,liczba_wyjatkow,srednia_dlugosc_reguly,suma_warunkow,avg_precision,avg_coverage,balanced_accuracy__train,accuracy__train,recall__train,precision__train,f1_score__train,balanced_accuracy__test,accuracy__test,recall__test,precision__test,f1_score__test
anneal.arff,algorithm_rulekit,1.08916903,14.011353567,2.035181760787964,29,0,2.4827586206896552,72,0.98,0.36,0.8999596774193549,0.9633757961783439,0.8999596774193549,0.9866721103248051,0.9373451731234377,0.8759273979862215,0.9259259259259259,0.8759273979862215,0.9443181818181818,0.8929694519317162
anneal.arff,algorithm_cer,0.8415229849999997,1.1258352129999984,0.8415515422821045,25,0,2.28,57,0.99,0.35,0.8499596774193549,0.9601910828025477,0.8499596774193549,0.985911801915778,0.9041272830755851,0.8271528881823,0.9222222222222223,0.8271528881823,0.9650784753363228,0.8765938069216758
anneal.arff,algorithm_cer_with_exceptions_prediction_type_0,2.346546593,2.3489129959999993,2.346564769744873,20,2,1.25,25,0.96,0.36,0.8712500000000001,0.9808917197452229,0.8712500000000001,0.9923356009070294,0.9190026962727993,0.9,0.9851851851851852,0.9,0.9951923076923077,0.9350728155339806
anneal.arff,algorithm_cer_with_exceptions_prediction_type_1,2.346546593,2.3489129959999993,2.346564769744873,20,2,1.25,25,0.96,0.36,0.8712500000000001,0.9808917197452229,0.8712500000000001,0.9923356009070294,0.9190026962727993,0.9,0.9851851851851852,0.9,0.9951923076923077,0.9350728155339806
anneal.arff,algorithm_cer_with_exceptions_prediction_type_2,2.346546593,2.3489129959999993,2.346564769744873,20,2,1.25,25,0.96,0.36,0.8712500000000001,0.9808917197452229,0.8712500000000001,0.9923356009070294,0.9190026962727993,0.9,0.9851851851851852,0.9,0.9951923076923077,0.9350728155339806
anneal.arff,algorithm_cer_with_exceptions_prediction_type_3,2.346546593,2.3489129959999993,2.346564769744873,20,2,1.25,25,0.96,0.36,0.8712500000000001,0.9808917197452229,0.8712500000000001,0.9923356009070294,0.9190026962727993,0.9,0.9851851851851852,0.9,0.9951923076923077,0.9350728155339806
anneal.arff,decision_tree,0.039600480000000715,0.039683265999997275,0.03959965705871582,9,0,3.888888888888889,35,0.0,0.0,0.9613709677419356,0.9777070063694268,0.9613709677419356,0.8887421383647798,0.9078113857025523,0.864394541600424,0.9444444444444444,0.6915156332803392,0.7697041110238282,0.7205679012345679
audiology.arff,algorithm_rulekit,0.2696783679999992,2.3560925930000067,0.5190513134002686,30,0,3.1333333333333333,94,0.9,0.84,0.8387471655328798,0.9177215189873418,0.8387471655328798,0.8791240219811649,0.8524337337800354,0.6104497354497355,0.7647058823529411,0.549404761904762,0.5755952380952382,0.544004329004329
audiology.arff,algorithm_cer,0.5099356289999992,0.510152705000003,0.5099320411682129,35,0,2.342857142857143,82,0.97,0.7,0.8479166666666667,0.8987341772151899,0.8479166666666667,0.8790970933828077,0.8602934011801008,0.6440145502645502,0.7794117647058824,0.6101190476190477,0.597165991902834,0.5920349462999192
audiology.arff,algorithm_cer_with_exceptions_prediction_type_0,1.2112637989999993,1.2117348620000001,1.2114193439483643,35,0,2.342857142857143,82,0.97,0.7,0.8479166666666667,0.8987341772151899,0.8479166666666667,0.8790970933828077,0.8602934011801008,0.6440145502645502,0.7794117647058824,0.6101190476190477,0.597165991902834,0.5920349462999192
audiology.arff,algorithm_cer_with_exceptions_prediction_type_1,1.2112637989999993,1.2117348620000001,1.2114193439483643,35,0,2.342857142857143,82,0.97,0.7,0.8479166666666667,0.8987341772151899,0.8479166666666667,0.8790970933828077,0.8602934011801008,0.6440145502645502,0.7794117647058824,0.6101190476190477,0.597165991902834,0.5920349462999192
audiology.arff,algorithm_cer_with_exceptions_prediction_type_2,1.2112637989999993,1.2117348620000001,1.2114193439483643,35,0,2.342857142857143,82,0.97,0.7,0.8479166666666667,0.8987341772151899,0.8479166666666667,0.8790970933828077,0.8602934011801008,0.6440145502645502,0.7794117647058824,0.6101190476190477,0.597165991902834,0.5920349462999192
audiology.arff,algorithm_cer_with_exceptions_prediction_type_3,1.2112637989999993,1.2117348620000001,1.2114193439483643,35,0,2.342857142857143,82,0.97,0.7,0.8479166666666667,0.8987341772151899,0.8479166666666667,0.8790970933828077,0.8602934011801008,0.6440145502645502,0.7794117647058824,0.6101190476190477,0.597165991902834,0.5920349462999192
audiology.arff,decision_tree,0.03874144000000079,0.03968498900000128,0.03874015808105469,19,0,4.421052631578948,84,0.0,0.0,0.4440476190476191,0.7721518987341772,0.4440476190476191,0.3326414404145496,0.35962431762924374,0.3116732804232804,0.6176470588235294,0.26714852607709755,0.236002886002886,0.23128908128908124
auto-mpg.arff,algorithm_rulekit,0.08225004300000016,2.4791429309999984,0.4432823657989502,29,0,3.206896551724138,93,0.89,0.48,0.7489603481624757,0.8453237410071942,0.7489603481624757,0.8567029276246165,0.788991896537134,0.5724306796373502,0.7,0.5724306796373502,0.5789055870356683,0.5628505165507063
auto-mpg.arff,algorithm_cer,1.1642269550000002,1.2157763909999986,1.1642184257507324,27,0,3.3703703703703702,91,0.89,0.47,0.7418681495809155,0.841726618705036,0.7418681495809155,0.8542402066293585,0.782651281001116,0.562504136059824,0.7,0.562504136059824,0.5665784832451499,0.5476588193663877
auto-mpg.arff,algorithm_cer_with_exceptions_prediction_type_0,11.001886410000001,11.012306273,11.092257261276245,25,0,3.08,77,0.88,0.45,0.7489603481624757,0.8453237410071942,0.7489603481624757,0.8567029276246165,0.788991896537134,0.5446529018595725,0.6833333333333333,0.5446529018595725,0.5493933708567855,0.5398190817545656
auto-mpg.arff,algorithm_cer_with_exceptions_prediction_type_1,11.001886410000001,11.012306273,11.092257261276245,25,0,3.08,77,0.88,0.45,0.7489603481624757,0.8453237410071942,0.7489603481624757,0.8567029276246165,0.788991896537134,0.5446529018595725,0.6833333333333333,0.5446529018595725,0.5493933708567855,0.5398190817545656
auto-mpg.arff,algorithm_cer_with_exceptions_prediction_type_2,11.001886410000001,11.012306273,11.092257261276245,25,0,3.08,77,0.88,0.45,0.7489603481624757,0.8453237410071942,0.7489603481624757,0.8567029276246165,0.788991896537134,0.5446529018595725,0.6833333333333333,0.5446529018595725,0.5493933708567855,0.5398190817545656
auto-mpg.arff,algorithm_cer_with_exceptions_prediction_type_3,11.001886410000001,11.012306273,11.092257261276245,25,0,3.08,77,0.88,0.45,0.7489603481624757,0.8453237410071942,0.7489603481624757,0.8567029276246165,0.788991896537134,0.5446529018595725,0.6833333333333333,0.5446529018595725,0.5493933708567855,0.5398190817545656
auto-mpg.arff,decision_tree,0.007446542000000278,0.0074868279999975584,0.0074462890625,14,0,4.357142857142857,61,0.0,0.0,0.8659896840747905,0.89568345323741,0.8659896840747905,0.8504084481448442,0.8577717107369769,0.5984713122890609,0.725,0.5984713122890609,0.5977901894123361,0.5960338355029009
autos.arff,algorithm_rulekit,0.08855839100000296,3.137764693000001,0.38042521476745605,26,0,3.1923076923076925,83,0.92,0.47,0.9265472021504846,0.916083916083916,0.9265472021504846,0.9394883485309017,0.929619055866929,0.8331552706552706,0.7741935483870968,0.8331552706552706,0.8042328042328042,0.8055150196279227
autos.arff,algorithm_cer,1.4337849260000013,1.4343197849999996,1.4337868690490723,21,0,2.9523809523809526,62,0.94,0.46,0.8590618072510351,0.8531468531468531,0.8590618072510351,0.9032492997198881,0.8759494495472607,0.8146367521367521,0.7580645161290323,0.8146367521367521,0.8095725424672793,0.8004439143974027
autos.arff,algorithm_cer_with_exceptions_prediction_type_0,12.062917871999996,12.070301987999997,12.123129844665527,21,0,2.9047619047619047,61,0.93,0.46,0.8549967666006286,0.8461538461538461,0.8549967666006286,0.8991787412639475,0.8721914605635536,0.8018162393162394,0.7419354838709677,0.8018162393162394,0.7981690336953494,0.790504403004403
autos.arff,algorithm_cer_with_exceptions_prediction_type_1,12.062917871999996,12.070301987999997,12.123129844665527,21,0,2.9047619047619047,61,0.93,0.46,0.8549967666006286,0.8461538461538461,0.8549967666006286,0.8991787412639475,0.8721914605635536,0.8018162393162394,0.7419354838709677,0.8018162393162394,0.7981690336953494,0.790504403004403
autos.arff,algorithm_cer_with_exceptions_prediction_type_2,12.062917871999996,12.070301987999997,12.123129844665527,21,0,2.9047619047619047,61,0.93,0.46,0.8549967666006286,0.8461538461538461,0.8549967666006286,0.8991787412639475,0.8721914605635536,0.8018162393162394,0.7419354838709677,0.8018162393162394,0.7981690336953494,0.790504403004403
autos.arff,algorithm_cer_with_exceptions_prediction_type_3,12.062917871999996,12.070301987999997,12.123129844665527,21,0,2.9047619047619047,61,0.93,0.46,0.8549967666006286,0.8461538461538461,0.8549967666006286,0.8991787412639475,0.8721914605635536,0.8018162393162394,0.7419354838709677,0.8018162393162394,0.7981690336953494,0.790504403004403
autos.arff,decision_tree,0.016603000000003476,0.01664001999999698,0.01660299301147461,18,0,4.444444444444445,80,0.0,0.0,0.8580600471491738,0.8671328671328671,0.8580600471491738,0.8540079365079364,0.8449482118428766,0.7913105413105413,0.7580645161290323,0.7913105413105413,0.8511695906432749,0.8070436507936508
balance-scale.arff,algorithm_rulekit,0.07891509999999613,1.898612591999992,0.44379615783691406,40,0,3.1,124,0.87,0.27,0.7501347219089155,0.931350114416476,0.7501347219089155,0.9536064425770308,0.7863091947669062,0.6060185185185185,0.8191489361702128,0.6060185185185185,0.5646421170094054,0.5805008944543828
balance-scale.arff,algorithm_cer,0.3493749479999977,0.3494904639999987,0.3494398593902588,36,0,2.9722222222222223,107,0.82,0.31,0.7344934038482425,0.9221967963386728,0.7344934038482425,0.911476948976949,0.7647192425149241,0.574537037037037,0.776595744680851,0.574537037037037,0.5371336163331312,0.5530481571159537
balance-scale.arff,algorithm_cer_with_exceptions_prediction_type_0,1.0613145629999963,1.0616491900000113,1.0613279342651367,29,0,2.3793103448275863,69,0.75,0.35,0.660523765362475,0.8947368421052632,0.660523765362475,0.9297303392960347,0.6571210413126961,0.6314814814814814,0.8351063829787234,0.6314814814814814,0.7268518518518517,0.6175084175084175
balance-scale.arff,algorithm_cer_with_exceptions_prediction_type_1,1.0613145629999963,1.0616491900000113,1.0613279342651367,29,0,2.3793103448275863,69,0.75,0.35,0.660523765362475,0.8947368421052632,0.660523765362475,0.9297303392960347,0.6571210413126961,0.6314814814814814,0.8351063829787234,0.6314814814814814,0.7268518518518517,0.6175084175084175
balance-scale.arff,algorithm_cer_with_exceptions_prediction_type_2,1.0613145629999963,1.0616491900000113,1.0613279342651367,29,0,2.3793103448275863,69,0.75,0.35,0.660523765362475,0.8947368421052632,0.660523765362475,0.9297303392960347,0.6571210413126961,0.6314814814814814,0.8351063829787234,0.6314814814814814,0.7268518518518517,0.6175084175084175
balance-scale.arff,algorithm_cer_with_exceptions_prediction_type_3,1.0613145629999963,1.0616491900000113,1.0613279342651367,29,0,2.3793103448275863,69,0.75,0.35,0.660523765362475,0.8947368421052632,0.660523765362475,0.9297303392960347,0.6571210413126961,0.6314814814814814,0.8351063829787234,0.6314814814814814,0.7268518518518517,0.6175084175084175
balance-scale.arff,decision_tree,0.00566576399999974,0.005712490999997044,0.00566554069519043,29,0,4.896551724137931,142,0.0,0.0,0.6552549899324093,0.8627002288329519,0.6552549899324093,0.7296633793172828,0.6630030721966206,0.5523148148148148,0.723404255319149,0.5523148148148148,0.5529554557591941,0.5415713934476613
breast-cancer.arff,algorithm_rulekit,0.07078606399999643,1.4398624519999998,0.09379911422729492,27,0,2.5185185185185186,68,0.82,0.21,0.6893501592168888,0.76,0.6893501592168888,0.716988782267874,0.6990595611285266,0.6021505376344086,0.7209302325581395,0.6021505376344086,0.6357142857142857,0.6090909090909091
breast-cancer.arff,algorithm_cer,0.18693044500000155,0.18704727499999763,0.18692898750305176,29,0,2.413793103448276,70,0.8,0.25,0.6991390494162047,0.78,0.6991390494162047,0.7501110946526441,0.7141372141372141,0.6344086021505376,0.7674418604651163,0.6344086021505376,0.7252252252252251,0.6486928104575163
breast-cancer.arff,algorithm_cer_with_exceptions_prediction_type_0,0.34525237800000497,0.34535064199999965,0.34524989128112793,22,0,2.0454545454545454,45,0.74,0.31,0.6853402523882534,0.78,0.6853402523882534,0.7605703863372575,0.7026625219624274,0.6760752688172043,0.7906976744186046,0.6760752688172043,0.7599206349206349,0.6959937156323645
breast-cancer.arff,algorithm_cer_with_exceptions_prediction_type_1,0.34525237800000497,0.34535064199999965,0.34524989128112793,22,0,2.0454545454545454,45,0.74,0.31,0.6853402523882534,0.78,0.6853402523882534,0.7605703863372575,0.7026625219624274,0.6760752688172043,0.7906976744186046,0.6760752688172043,0.7599206349206349,0.6959937156323645
breast-cancer.arff,algorithm_cer_with_exceptions_prediction_type_2,0.34525237800000497,0.34535064199999965,0.34524989128112793,22,0,2.0454545454545454,45,0.74,0.31,0.6853402523882534,0.78,0.6853402523882534,0.7605703863372575,0.7026625219624274,0.6760752688172043,0.7906976744186046,0.6760752688172043,0.7599206349206349,0.6959937156323645
breast-cancer.arff,algorithm_cer_with_exceptions_prediction_type_3,0.34525237800000497,0.34535064199999965,0.34524989128112793,22,0,2.0454545454545454,45,0.74,0.31,0.6853402523882534,0.78,0.6853402523882534,0.7605703863372575,0.7026625219624274,0.6760752688172043,0.7906976744186046,0.6760752688172043,0.7599206349206349,0.6959937156323645
breast-cancer.arff,decision_tree,0.01313494799999404,0.013165415000003122,0.013134956359863281,18,0,4.5,81,0.0,0.0,0.7059205094940441,0.815,0.7059205094940441,0.8625415282392026,0.7326493009140503,0.5799731182795699,0.7441860465116279,0.5799731182795699,0.6907051282051282,0.5776785714285715
breast-w.arff,algorithm_rulekit,0.09013932700000282,3.514955612999998,0.3819427490234375,12,0,2.9166666666666665,35,0.97,0.87,0.9684729064039409,0.9693251533742331,0.9684729064039409,0.964960886571056,0.9666707561444403,0.9447343701075044,0.9571428571428572,0.9447343701075044,0.9560145547945205,0.9500779207057767
breast-w.arff,algorithm_cer,0.2672404759999978,0.34653791699999204,0.2672383785247803,10,0,3.0,30,0.97,0.85,0.9668856048166393,0.967280163599182,0.9668856048166393,0.9622638101087466,0.9644931745570724,0.9521970566746687,0.9619047619047619,0.9521970566746687,0.9596816976127321,0.9558080808080809
breast-w.arff,algorithm_cer_with_exceptions_prediction_type_0,3.4135536009999967,3.4148138820000042,3.4239282608032227,10,0,1.5,15,0.95,0.87,0.9499452654625069,0.9570552147239264,0.9499452654625069,0.9560188609467455,0.9528523220311746,0.9188498069095083,0.9380952380952381,0.9188498069095083,0.9373365300784655,0.927275633341325
breast-w.arff,algorithm_cer_with_exceptions_prediction_type_1,3.4135536009999967,3.4148138820000042,3.4239282608032227,10,0,1.5,15,0.95,0.87,0.9499452654625069,0.9570552147239264,0.9499452654625069,0.9560188609467455,0.9528523220311746,0.9188498069095083,0.9380952380952381,0.9188498069095083,0.9373365300784655,0.927275633341325
breast-w.arff,algorithm_cer_with_exceptions_prediction_type_2,3.4135536009999967,3.4148138820000042,3.4239282608032227,10,0,1.5,15,0.95,0.87,0.9499452654625069,0.9570552147239264,0.9499452654625069,0.9560188609467455,0.9528523220311746,0.9188498069095083,0.9380952380952381,0.9188498069095083,0.9373365300784655,0.927275633341325
breast-w.arff,algorithm_cer_with_exceptions_prediction_type_3,3.4135536009999967,3.4148138820000042,3.4239282608032227,10,0,1.5,15,0.95,0.87,0.9499452654625069,0.9570552147239264,0.9499452654625069,0.9560188609467455,0.9528523220311746,0.9188498069095083,0.9380952380952381,0.9188498069095083,0.9373365300784655,0.927275633341325
breast-w.arff,decision_tree,0.007097929000003944,0.007141550000000052,0.007097959518432617,17,0,4.235294117647059,72,0.0,0.0,0.9745210727969349,0.9754601226993865,0.9745210727969349,0.9721264159163521,0.9733030027297543,0.9302786765473332,0.9428571428571428,0.9302786765473332,0.9374005305039788,0.9337121212121212
bupa-liver-disorders.arff,algorithm_rulekit,0.07814330599999408,2.202444497000002,0.2940104007720947,39,0,3.8461538461538463,150,0.92,0.19,0.9018741159830269,0.9004149377593361,0.9018741159830269,0.896324452503836,0.8985120718697361,0.6909090909090909,0.6923076923076923,0.6909090909090909,0.6875,0.6881559220389806
bupa-liver-disorders.arff,algorithm_cer,1.2356489399999973,1.239182232999994,1.2356960773468018,38,0,3.9210526315789473,149,0.91,0.21,0.9040664780763791,0.9045643153526971,0.9040664780763791,0.9010036496350364,0.9023861935370256,0.7159090909090908,0.7211538461538461,0.7159090909090908,0.7146892655367232,0.7152299121895949
bupa-liver-disorders.arff,algorithm_cer_with_exceptions_prediction_type_0,8.507068859,8.510459447999992,8.508027076721191,31,0,3.0,93,0.86,0.23,0.811951909476662,0.8215767634854771,0.811951909476662,0.819221305543494,0.814830697757527,0.6954545454545455,0.7115384615384616,0.6954545454545455,0.7057416267942584,0.6980255516840883
bupa-liver-disorders.arff,algorithm_cer_with_exceptions_prediction_type_1,8.507068859,8.510459447999992,8.508027076721191,31,0,3.0,93,0.86,0.23,0.811951909476662,0.8215767634854771,0.811951909476662,0.819221305543494,0.814830697757527,0.6954545454545455,0.7115384615384616,0.6954545454545455,0.7057416267942584,0.6980255516840883
bupa-liver-disorders.arff,algorithm_cer_with_exceptions_prediction_type_2,8.507068859,8.510459447999992,8.508027076721191,31,0,3.0,93,0.86,0.23,0.811951909476662,0.8215767634854771,0.811951909476662,0.819221305543494,0.814830697757527,0.6954545454545455,0.7115384615384616,0.6954545454545455,0.7057416267942584,0.6980255516840883
bupa-liver-disorders.arff,algorithm_cer_with_exceptions_prediction_type_3,8.507068859,8.510459447999992,8.508027076721191,31,0,3.0,93,0.86,0.23,0.811951909476662,0.8215767634854771,0.811951909476662,0.819221305543494,0.814830697757527,0.6954545454545455,0.7115384615384616,0.6954545454545455,0.7057416267942584,0.6980255516840883
bupa-liver-disorders.arff,decision_tree,0.00603482500000041,0.0060666450000042005,0.0060346126556396484,24,0,4.666666666666667,112,0.0,0.0,0.8347595473833098,0.8464730290456431,0.8347595473833098,0.848307579102281,0.8395674780950324,0.5856060606060606,0.6057692307692307,0.5856060606060606,0.59116579265833,0.585496257412268
car.arff,algorithm_rulekit,0.16200443099999973,1.434101193999993,0.3262617588043213,64,0,3.15625,202,0.73,0.12,0.7005242128853566,0.9189412737799835,0.7005242128853566,0.8287799380729546,0.7376650829662208,0.5672937878025239,0.8747591522157996,0.5672937878025239,0.6248292655620242,0.5805639147703541
car.arff,algorithm_cer,0.8623310800000041,0.8627509290000006,0.8623247146606445,61,0,3.180327868852459,194,0.74,0.12,0.700877208049323,0.9181141439205955,0.700877208049323,0.8280392148048442,0.7372887015409617,0.5672937878025239,0.8747591522157996,0.5672937878025239,0.6248292655620242,0.5805639147703541
car.arff,algorithm_cer_with_exceptions_prediction_type_0,1.200645127999998,1.2011067749999995,1.200800895690918,56,0,3.1964285714285716,179,0.71,0.13,0.6768625058007437,0.8759305210918115,0.6768625058007437,0.8005935132673759,0.7101720385989134,0.551161319286285,0.8420038535645472,0.551161319286285,0.6056030662885502,0.5613314497846871
car.arff,algorithm_cer_with_exceptions_prediction_type_1,1.200645127999998,1.2011067749999995,1.200800895690918,56,0,3.1964285714285716,179,0.71,0.13,0.6768625058007437,0.8759305210918115,0.6768625058007437,0.8005935132673759,0.7101720385989134,0.551161319286285,0.8420038535645472,0.551161319286285,0.6056030662885502,0.5613314497846871
car.arff,algorithm_cer_with_exceptions_prediction_type_2,1.200645127999998,1.2011067749999995,1.200800895690918,56,0,3.1964285714285716,179,0.71,0.13,0.6768625058007437,0.8759305210918115,0.6768625058007437,0.8005935132673759,0.7101720385989134,0.551161319286285,0.8420038535645472,0.551161319286285,0.6056030662885502,0.5613314497846871
car.arff,algorithm_cer_with_exceptions_prediction_type_3,1.200645127999998,1.2011067749999995,1.200800895690918,56,0,3.1964285714285716,179,0.71,0.13,0.6768625058007437,0.8759305210918115,0.6768625058007437,0.8005935132673759,0.7101720385989134,0.551161319286285,0.8420038535645472,0.551161319286285,0.6056030662885502,0.5613314497846871
car.arff,decision_tree,0.01580061600000704,0.015874263999990035,0.01580071449279785,10,0,4.3,43,0.0,0.0,0.583358131243602,0.8535980148883374,0.583358131243602,0.532972465503905,0.555873952511201,0.6186745922186396,0.861271676300578,0.6186745922186396,0.5283672358948602,0.5628752560570742
cleveland.arff,algorithm_rulekit,0.08234405099999265,0.7867228879999999,0.28554368019104004,32,0,4.3125,138,0.79,0.38,0.7058957451099012,0.8632075471698113,0.7058957451099012,0.7983447864471486,0.7287792847620704,0.31612745098039213,0.5494505494505495,0.31612745098039213,0.33038847117794484,0.31875673346261585
cleveland.arff,algorithm_cer,1.1980358269999982,1.2546253920000083,1.1980493068695068,28,0,4.142857142857143,116,0.82,0.36,0.7358753781004235,0.8632075471698113,0.7358753781004235,0.8549396351449138,0.7592611960966391,0.2903921568627451,0.5274725274725275,0.2903921568627451,0.27616554250119296,0.28105577475040733
cleveland.arff,algorithm_cer_with_exceptions_prediction_type_0,5.790890095999998,5.794050509999991,5.821793079376221,24,0,3.8333333333333335,92,0.76,0.4,0.6190088727566042,0.7924528301886793,0.6190088727566042,0.83085960591133,0.6617236351611351,0.2744607843137255,0.5054945054945055,0.2744607843137255,0.26336028751123086,0.26227057159497463
cleveland.arff,algorithm_cer_with_exceptions_prediction_type_1,5.790890095999998,5.794050509999991,5.821793079376221,24,0,3.8333333333333335,92,0.76,0.4,0.6190088727566042,0.7924528301886793,0.6190088727566042,0.83085960591133,0.6617236351611351,0.2744607843137255,0.5054945054945055,0.2744607843137255,0.26336028751123086,0.26227057159497463
cleveland.arff,algorithm_cer_with_exceptions_prediction_type_2,5.790890095999998,5.794050509999991,5.821793079376221,24,0,3.8333333333333335,92,0.76,0.4,0.6190088727566042,0.7924528301886793,0.6190088727566042,0.83085960591133,0.6617236351611351,0.2744607843137255,0.5054945054945055,0.2744607843137255,0.26336028751123086,0.26227057159497463
cleveland.arff,algorithm_cer_with_exceptions_prediction_type_3,5.790890095999998,5.794050509999991,5.821793079376221,24,0,3.8333333333333335,92,0.76,0.4,0.6190088727566042,0.7924528301886793,0.6190088727566042,0.83085960591133,0.6617236351611351,0.2744607843137255,0.5054945054945055,0.2744607843137255,0.26336028751123086,0.26227057159497463
cleveland.arff,decision_tree,0.009640936000010925,0.009690109000004554,0.009640932083129883,21,0,4.571428571428571,96,0.0,0.0,0.5951524500907441,0.75,0.5951524500907441,0.6589241502023457,0.615363818562012,0.2372549019607843,0.5054945054945055,0.2372549019607843,0.20285714285714285,0.2165986394557823
contact-lenses.arff,algorithm_rulekit,0.00963799199999471,0.028922809999997412,0.012988567352294922,3,0,2.0,6,0.87,0.91,0.9393939393939394,0.875,0.9393939393939394,0.8666666666666667,0.8833333333333333,0.7777777777777778,0.75,0.7777777777777778,0.8888888888888888,0.7666666666666666
contact-lenses.arff,algorithm_cer,0.009739521000000195,0.00974410999999975,0.009739160537719727,4,0,2.5,10,1.0,0.77,1.0,1.0,1.0,1.0,1.0,0.7777777777777778,0.75,0.7777777777777778,0.8888888888888888,0.7666666666666666
contact-lenses.arff,algorithm_cer_with_exceptions_prediction_type_0,0.009810244999997053,0.009813820999994505,0.009810209274291992,4,0,2.5,10,1.0,0.77,1.0,1.0,1.0,1.0,1.0,0.7777777777777778,0.75,0.7777777777777778,0.8888888888888888,0.7666666666666666
contact-lenses.arff,algorithm_cer_with_exceptions_prediction_type_1,0.009810244999997053,0.009813820999994505,0.009810209274291992,4,0,2.5,10,1.0,0.77,1.0,1.0,1.0,1.0,1.0,0.7777777777777778,0.75,0.7777777777777778,0.8888888888888888,0.7666666666666666
contact-lenses.arff,algorithm_cer_with_exceptions_prediction_type_2,0.009810244999997053,0.009813820999994505,0.009810209274291992,4,0,2.5,10,1.0,0.77,1.0,1.0,1.0,1.0,1.0,0.7777777777777778,0.75,0.7777777777777778,0.8888888888888888,0.7666666666666666
contact-lenses.arff,algorithm_cer_with_exceptions_prediction_type_3,0.009810244999997053,0.009813820999994505,0.009810209274291992,4,0,2.5,10,1.0,0.77,1.0,1.0,1.0,1.0,1.0,0.7777777777777778,0.75,0.7777777777777778,0.8888888888888888,0.7666666666666666
contact-lenses.arff,decision_tree,0.005637880999998401,0.0056483999999983325,0.0056378841400146484,3,0,1.6666666666666667,5,0.0,0.0,0.9090909090909092,0.8125,0.9090909090909092,0.7555555555555555,0.7973684210526315,1.0,1.0,1.0,1.0,1.0
credit-a.arff,algorithm_rulekit,0.11015119399999662,0.9494584880000048,0.3876991271972656,26,0,3.8461538461538463,100,0.88,0.55,0.8901098901098901,0.8944099378881988,0.8901098901098901,0.8945697046681487,0.8920102584336161,0.8196344892221181,0.821256038647343,0.8196344892221181,0.8210788928638675,0.8201817200009391
credit-a.arff,algorithm_cer,2.3378422729999926,2.339219189000005,2.3381378650665283,23,0,3.782608695652174,87,0.87,0.56,0.8864468864468864,0.8902691511387164,0.8864468864468864,0.8897783251231528,0.887914917093205,0.840253045923149,0.8405797101449275,0.840253045923149,0.8398708107096049,0.8400421496311907
credit-a.arff,algorithm_cer_with_exceptions_prediction_type_0,16.701199099000007,16.706732539,16.733692169189453,15,0,2.466666666666667,37,0.82,0.58,0.8706959706959707,0.8737060041407867,0.8706959706959707,0.8719806763285025,0.8713029576338929,0.8408622305529522,0.8405797101449275,0.8408622305529522,0.8399065420560747,0.8402067884628881
credit-a.arff,algorithm_cer_with_exceptions_prediction_type_1,16.701199099000007,16.706732539,16.733692169189453,15,0,2.466666666666667,37,0.82,0.58,0.8706959706959707,0.8737060041407867,0.8706959706959707,0.8719806763285025,0.8713029576338929,0.8408622305529522,0.8405797101449275,0.8408622305529522,0.8399065420560747,0.8402067884628881
credit-a.arff,algorithm_cer_with_exceptions_prediction_type_2,16.701199099000007,16.706732539,16.733692169189453,15,0,2.466666666666667,37,0.82,0.58,0.8706959706959707,0.8737060041407867,0.8706959706959707,0.8719806763285025,0.8713029576338929,0.8408622305529522,0.8405797101449275,0.8408622305529522,0.8399065420560747,0.8402067884628881
credit-a.arff,algorithm_cer_with_exceptions_prediction_type_3,16.701199099000007,16.706732539,16.733692169189453,15,0,2.466666666666667,37,0.82,0.58,0.8706959706959707,0.8737060041407867,0.8706959706959707,0.8719806763285025,0.8713029576338929,0.8408622305529522,0.8405797101449275,0.8408622305529522,0.8399065420560747,0.8402067884628881
credit-a.arff,decision_tree,0.01697494799999788,0.017034919999986187,0.016974687576293945,24,0,4.75,114,0.0,0.0,0.9113553113553114,0.917184265010352,0.9113553113553114,0.9206292583740592,0.9149078608928509,0.8062792877225866,0.8115942028985508,0.8062792877225866,0.818829268292683,0.8080827291097111
credit-g.arff,algorithm_rulekit,0.2285707429999917,1.8101052690000188,0.56998610496521,104,0,3.980769230769231,414,0.9,0.14,0.8101813504321811,0.8628571428571429,0.8101813504321811,0.8518776462264672,0.826625386996904,0.676718018823282,0.77,0.676718018823282,0.7394556853804504,0.6919597017812765
credit-g.arff,algorithm_cer,7.118705289000005,7.12548097200002,7.129398584365845,101,0,3.99009900990099,403,0.9,0.14,0.8208177822820335,0.8642857142857143,0.8208177822820335,0.8467517694641051,0.8319650487301359,0.6747725958252274,0.75,0.6747725958252274,0.702485380116959,0.6841262933273434
credit-g.arff,algorithm_cer_with_exceptions_prediction_type_0,37.452069077000004,37.466462906000004,37.54733657836914,63,0,3.2063492063492065,202,0.83,0.17,0.7590212338845632,0.82,0.7590212338845632,0.7938403033418455,0.7724458204334366,0.6558967348441033,0.7366666666666667,0.6558967348441033,0.6841614906832298,0.6646811641364478
credit-g.arff,algorithm_cer_with_exceptions_prediction_type_1,37.452069077000004,37.466462906000004,37.54733657836914,63,0,3.2063492063492065,202,0.83,0.17,0.7590212338845632,0.82,0.7590212338845632,0.7938403033418455,0.7724458204334366,0.6558967348441033,0.7366666666666667,0.6558967348441033,0.6841614906832298,0.6646811641364478
credit-g.arff,algorithm_cer_with_exceptions_prediction_type_2,37.452069077000004,37.466462906000004,37.54733657836914,63,0,3.2063492063492065,202,0.83,0.17,0.7590212338845632,0.82,0.7590212338845632,0.7938403033418455,0.7724458204334366,0.6558967348441033,0.7366666666666667,0.6558967348441033,0.6841614906832298,0.6646811641364478
credit-g.arff,algorithm_cer_with_exceptions_prediction_type_3,37.452069077000004,37.466462906000004,37.54733657836914,63,0,3.2063492063492065,202,0.83,0.17,0.7590212338845632,0.82,0.7590212338845632,0.7938403033418455,0.7724458204334366,0.6558967348441033,0.7366666666666667,0.6558967348441033,0.6841614906832298,0.6646811641364478
credit-g.arff,decision_tree,0.025427356999983886,0.0255098210000142,0.02542734146118164,25,0,4.76,119,0.0,0.0,0.7494518558941327,0.8142857142857143,0.7494518558941327,0.7875880509150555,0.7636510970744681,0.5677217519322783,0.67,0.5677217519322783,0.5852754237288136,0.5694092062341428
cylinder-bands.arff,algorithm_rulekit,0.18347303499999157,1.3372261369999876,0.43483471870422363,57,0,3.1578947368421053,180,0.96,0.15,0.9544179523141655,0.955026455026455,0.9544179523141655,0.9537037037037037,0.9540537255378632,0.7283582089552239,0.7407407407407407,0.7283582089552239,0.7330447330447329,0.7302141157811262
cylinder-bands.arff,algorithm_cer,4.907562939000002,4.909727969999977,4.907598972320557,56,0,3.375,189,0.95,0.15,0.9249649368863955,0.9285714285714286,0.9249649368863955,0.9287075537075538,0.9266615407831105,0.7458758837391988,0.7716049382716049,0.7458758837391988,0.7794642857142857,0.7525083612040133
cylinder-bands.arff,algorithm_cer_with_exceptions_prediction_type_0,29.288890461000022,29.29849302399998,29.32381844520569,46,0,2.282608695652174,105,0.87,0.18,0.8672610699258665,0.8650793650793651,0.8672610699258665,0.8614773495605139,0.8633105257560181,0.7590730557737628,0.7716049382716049,0.7590730557737628,0.7659677419354839,0.7617173524150269
cylinder-bands.arff,algorithm_cer_with_exceptions_prediction_type_1,29.288890461000022,29.29849302399998,29.32381844520569,46,0,2.282608695652174,105,0.87,0.18,0.8672610699258665,0.8650793650793651,0.8672610699258665,0.8614773495605139,0.8633105257560181,0.7590730557737628,0.7716049382716049,0.7590730557737628,0.7659677419354839,0.7617173524150269
cylinder-bands.arff,algorithm_cer_with_exceptions_prediction_type_2,29.288890461000022,29.29849302399998,29.32381844520569,46,0,2.282608695652174,105,0.87,0.18,0.8672610699258665,0.8650793650793651,0.8672610699258665,0.8614773495605139,0.8633105257560181,0.7590730557737628,0.7716049382716049,0.7590730557737628,0.7659677419354839,0.7617173524150269
cylinder-bands.arff,algorithm_cer_with_exceptions_prediction_type_3,29.288890461000022,29.29849302399998,29.32381844520569,46,0,2.282608695652174,105,0.87,0.18,0.8672610699258665,0.8650793650793651,0.8672610699258665,0.8614773495605139,0.8633105257560181,0.7590730557737628,0.7716049382716049,0.7590730557737628,0.7659677419354839,0.7617173524150269
cylinder-bands.arff,decision_tree,0.0261908779999942,0.026246843000024,0.026190757751464844,18,0,4.444444444444445,80,0.0,0.0,0.815668202764977,0.8306878306878307,0.815668202764977,0.8384532760472609,0.8218923933209648,0.7098978790259229,0.7345679012345679,0.7098978790259229,0.7335664335664336,0.7144496823119492
diabetes.arff,algorithm_rulekit,0.11782793500000821,1.6063266689999978,0.4761230945587158,72,0,4.263888888888889,307,0.91,0.36,0.8076647564469914,0.8249534450651769,0.8076647564469914,0.8076647564469914,0.8076647564469914,0.7190397350993378,0.7402597402597403,0.7190397350993378,0.7142857142857143,0.71640202979211
diabetes.arff,algorithm_cer,7.396481635000015,7.399546695999987,7.396588325500488,70,0,4.1,287,0.9,0.37,0.8183030543193319,0.8324022346368715,0.8183030543193319,0.8152853260869566,0.8167374488093433,0.7311672185430463,0.7445887445887446,0.7311672185430463,0.7209605950308593,0.7247611931255933
diabetes.arff,algorithm_cer_with_exceptions_prediction_type_0,32.068760284999996,32.07999841899999,32.07151484489441,42,0,2.619047619047619,110,0.81,0.48,0.7612250807779065,0.7932960893854749,0.7612250807779065,0.7755901080524827,0.7671319573854647,0.7135347682119206,0.7445887445887446,0.7135347682119206,0.7175324675324675,0.7153805993526157
diabetes.arff,algorithm_cer_with_exceptions_prediction_type_1,32.068760284999996,32.07999841899999,32.07151484489441,42,0,2.619047619047619,110,0.81,0.48,0.7612250807779065,0.7932960893854749,0.7612250807779065,0.7755901080524827,0.7671319573854647,0.7135347682119206,0.7445887445887446,0.7135347682119206,0.7175324675324675,0.7153805993526157
diabetes.arff,algorithm_cer_with_exceptions_prediction_type_2,32.068760284999996,32.07999841899999,32.07151484489441,42,0,2.619047619047619,110,0.81,0.48,0.7612250807779065,0.7932960893854749,0.7612250807779065,0.7755901080524827,0.7671319573854647,0.7135347682119206,0.7445887445887446,0.7135347682119206,0.7175324675324675,0.7153805993526157
diabetes.arff,algorithm_cer_with_exceptions_prediction_type_3,32.068760284999996,32.07999841899999,32.07151484489441,42,0,2.619047619047619,110,0.81,0.48,0.7612250807779065,0.7932960893854749,0.7612250807779065,0.7755901080524827,0.7671319573854647,0.7135347682119206,0.7445887445887446,0.7135347682119206,0.7175324675324675,0.7153805993526157
diabetes.arff,decision_tree,0.007890715000002047,0.007961638000040239,0.007890701293945312,21,0,4.571428571428571,96,0.0,0.0,0.7634883862708042,0.813780260707635,0.7634883862708042,0.8170016136130263,0.7790123456790123,0.7179635761589404,0.7619047619047619,0.7179635761589404,0.7396250455041864,0.7256235827664399
echocardiogram.arff,algorithm_rulekit,0.04444025199998691,0.09934335899998814,0.055962324142456055,6,0,2.3333333333333335,14,0.93,0.77,0.9516129032258065,0.967032967032967,0.9516129032258065,0.9761904761904762,0.9623811492352212,0.7321428571428572,0.825,0.7321428571428572,0.8376623376623377,0.7584124245038826
echocardiogram.arff,algorithm_cer,0.09470021300001008,0.09477704699997958,0.09469962120056152,4,0,2.0,8,0.98,0.85,0.935483870967742,0.9560439560439561,0.935483870967742,0.96875,0.9493882091212458,0.7321428571428572,0.825,0.7321428571428572,0.8376623376623377,0.7584124245038826
echocardiogram.arff,algorithm_cer_with_exceptions_prediction_type_0,0.7483272430000056,0.748518611999998,0.74833083152771,3,0,1.6666666666666667,5,0.98,0.87,0.935483870967742,0.9560439560439561,0.935483870967742,0.96875,0.9493882091212458,0.7321428571428572,0.825,0.7321428571428572,0.8376623376623377,0.7584124245038826
echocardiogram.arff,algorithm_cer_with_exceptions_prediction_type_1,0.7483272430000056,0.748518611999998,0.74833083152771,3,0,1.6666666666666667,5,0.98,0.87,0.935483870967742,0.9560439560439561,0.935483870967742,0.96875,0.9493882091212458,0.7321428571428572,0.825,0.7321428571428572,0.8376623376623377,0.7584124245038826
echocardiogram.arff,algorithm_cer_with_exceptions_prediction_type_2,0.7483272430000056,0.748518611999998,0.74833083152771,3,0,1.6666666666666667,5,0.98,0.87,0.935483870967742,0.9560439560439561,0.935483870967742,0.96875,0.9493882091212458,0.7321428571428572,0.825,0.7321428571428572,0.8376623376623377,0.7584124245038826
echocardiogram.arff,algorithm_cer_with_exceptions_prediction_type_3,0.7483272430000056,0.748518611999998,0.74833083152771,3,0,1.6666666666666667,5,0.98,0.87,0.935483870967742,0.9560439560439561,0.935483870967742,0.96875,0.9493882091212458,0.7321428571428572,0.825,0.7321428571428572,0.8376623376623377,0.7584124245038826
echocardiogram.arff,decision_tree,0.007544045000003052,0.007566728000028888,0.007544040679931641,7,0,3.4285714285714284,24,0.0,0.0,0.9594086021505376,0.967032967032967,0.9594086021505376,0.9669398907103826,0.9630131418506978,0.7321428571428572,0.825,0.7321428571428572,0.8376623376623377,0.7584124245038826
ecoli.arff,algorithm_rulekit,0.060088686999989704,0.3442443170000047,0.22283625602722168,26,0,3.423076923076923,89,0.92,0.69,0.8018774871223324,0.9319148936170213,0.8018774871223324,0.8459015622059101,0.8157050364005252,0.6562192465919174,0.8118811881188119,0.6562192465919174,0.7208994708994708,0.6667287642579337
ecoli.arff,algorithm_cer,0.7082066669999847,0.708468688000039,0.7082011699676514,22,0,3.3636363636363638,74,0.94,0.69,0.8394392621366306,0.9574468085106383,0.8394392621366306,0.8473269649740238,0.8427564436295591,0.7188620902906617,0.8811881188118812,0.7188620902906617,0.780007711586659,0.7402570218896749
ecoli.arff,algorithm_cer_with_exceptions_prediction_type_0,13.792077132999992,13.797005152000054,13.794960260391235,21,0,3.238095238095238,68,0.94,0.69,0.8285352177274314,0.948936170212766,0.8285352177274314,0.8426292525557232,0.8344187314767096,0.7093382807668522,0.8712871287128713,0.7093382807668522,0.77694303143303,0.7336478518744529
ecoli.arff,algorithm_cer_with_exceptions_prediction_type_1,13.792077132999992,13.797005152000054,13.794960260391235,21,0,3.238095238095238,68,0.94,0.69,0.8285352177274314,0.948936170212766,0.8285352177274314,0.8426292525557232,0.8344187314767096,0.7093382807668522,0.8712871287128713,0.7093382807668522,0.77694303143303,0.7336478518744529
ecoli.arff,algorithm_cer_with_exceptions_prediction_type_2,13.792077132999992,13.797005152000054,13.794960260391235,21,0,3.238095238095238,68,0.94,0.69,0.8285352177274314,0.948936170212766,0.8285352177274314,0.8426292525557232,0.8344187314767096,0.7093382807668522,0.8712871287128713,0.7093382807668522,0.77694303143303,0.7336478518744529
ecoli.arff,algorithm_cer_with_exceptions_prediction_type_3,13.792077132999992,13.797005152000054,13.794960260391235,21,0,3.238095238095238,68,0.94,0.69,0.8285352177274314,0.948936170212766,0.8285352177274314,0.8426292525557232,0.8344187314767096,0.7093382807668522,0.8712871287128713,0.7093382807668522,0.77694303143303,0.7336478518744529
ecoli.arff,decision_tree,0.006105848000004244,0.006137306999960401,0.006105661392211914,18,0,4.333333333333333,78,0.0,0.0,0.660114504686873,0.9063829787234042,0.660114504686873,0.6580102173268061,0.6495520451549455,0.6581672985399692,0.7920792079207921,0.6581672985399692,0.6142424242424243,0.6075757575757575
flag.arff,algorithm_rulekit,0.07502424499998028,0.734444218999954,0.31819581985473633,18,0,3.5,63,0.81,0.4,0.911616663720985,0.9185185185185185,0.911616663720985,0.9163533834586466,0.9112408828388837,0.5696068637245109,0.6271186440677966,0.5696068637245109,0.703494623655914,0.60038197292863
flag.arff,algorithm_cer,0.41646280699998783,0.4166255709999973,0.41660213470458984,15,0,3.466666666666667,52,0.84,0.38,0.8307153587840226,0.8814814814814815,0.8307153587840226,0.8866959064327485,0.8484693419517012,0.5260254451430921,0.6101694915254238,0.5260254451430921,0.6972455648926237,0.5490824140017688
flag.arff,algorithm_cer_with_exceptions_prediction_type_0,2.3588631270000064,2.359960692999948,2.35904860496521,14,0,2.9285714285714284,41,0.81,0.38,0.8040440526687875,0.8666666666666667,0.8040440526687875,0.8602678571428571,0.8271787130497477,0.5260254451430921,0.6101694915254238,0.5260254451430921,0.6908143939393939,0.5457431457431458
flag.arff,algorithm_cer_with_exceptions_prediction_type_1,2.3588631270000064,2.359960692999948,2.35904860496521,14,0,2.9285714285714284,41,0.81,0.38,0.8040440526687875,0.8666666666666667,0.8040440526687875,0.8602678571428571,0.8271787130497477,0.5260254451430921,0.6101694915254238,0.5260254451430921,0.6908143939393939,0.5457431457431458
flag.arff,algorithm_cer_with_exceptions_prediction_type_2,2.3588631270000064,2.359960692999948,2.35904860496521,14,0,2.9285714285714284,41,0.81,0.38,0.8040440526687875,0.8666666666666667,0.8040440526687875,0.8602678571428571,0.8271787130497477,0.5260254451430921,0.6101694915254238,0.5260254451430921,0.6908143939393939,0.5457431457431458
flag.arff,algorithm_cer_with_exceptions_prediction_type_3,2.3588631270000064,2.359960692999948,2.35904860496521,14,0,2.9285714285714284,41,0.81,0.38,0.8040440526687875,0.8666666666666667,0.8040440526687875,0.8602678571428571,0.8271787130497477,0.5260254451430921,0.6101694915254238,0.5260254451430921,0.6908143939393939,0.5457431457431458
flag.arff,decision_tree,0.016800359999990633,0.01687332800003105,0.0167999267578125,15,0,4.266666666666667,64,0.0,0.0,0.7945166136443973,0.8666666666666667,0.7945166136443973,0.8435758513931888,0.8140096518726283,0.516380678145384,0.6271186440677966,0.516380678145384,0.5618872549019608,0.5123734767697616
glass.arff,algorithm_rulekit,0.05910733500002152,0.5219505880000384,0.2134697437286377,22,0,3.5454545454545454,78,0.92,0.45,0.9124803767660911,0.9194630872483222,0.9124803767660911,0.9518489984591679,0.9226452483730218,0.4641975308641975,0.5846153846153846,0.4641975308641975,0.44814814814814813,0.4471380471380471
glass.arff,algorithm_cer,0.9409071099999835,0.9412045240000566,0.9410743713378906,18,0,3.5,63,0.95,0.42,0.8302710760417528,0.8926174496644296,0.8302710760417528,0.958498023715415,0.876199407689149,0.5753086419753086,0.6615384615384615,0.5753086419753086,0.5806513409961686,0.567104226286757
glass.arff,algorithm_cer_with_exceptions_prediction_type_0,6.85204100499999,6.854697230999989,6.91324782371521,18,0,3.3333333333333335,60,0.94,0.42,0.8270659478366245,0.8859060402684564,0.8270659478366245,0.9544462629569012,0.8729370166870166,0.5771604938271605,0.6923076923076923,0.5771604938271605,0.6047138047138048,0.5806789382419635
glass.arff,algorithm_cer_with_exceptions_prediction_type_1,6.85204100499999,6.854697230999989,6.91324782371521,18,0,3.3333333333333335,60,0.94,0.42,0.8270659478366245,0.8859060402684564,0.8270659478366245,0.9544462629569012,0.8729370166870166,0.5771604938271605,0.6923076923076923,0.5771604938271605,0.6047138047138048,0.5806789382419635
glass.arff,algorithm_cer_with_exceptions_prediction_type_2,6.85204100499999,6.854697230999989,6.91324782371521,18,0,3.3333333333333335,60,0.94,0.42,0.8270659478366245,0.8859060402684564,0.8270659478366245,0.9544462629569012,0.8729370166870166,0.5771604938271605,0.6923076923076923,0.5771604938271605,0.6047138047138048,0.5806789382419635
glass.arff,algorithm_cer_with_exceptions_prediction_type_3,6.85204100499999,6.854697230999989,6.91324782371521,18,0,3.3333333333333335,60,0.94,0.42,0.8270659478366245,0.8859060402684564,0.8270659478366245,0.9544462629569012,0.8729370166870166,0.5771604938271605,0.6923076923076923,0.5771604938271605,0.6047138047138048,0.5806789382419635
glass.arff,decision_tree,0.006532187999994221,0.006569648000038342,0.006532192230224609,15,0,4.466666666666667,67,0.0,0.0,0.8071621361095046,0.8456375838926175,0.8071621361095046,0.8254862619171225,0.8121059667886291,0.6055555555555556,0.676923076923077,0.6055555555555556,0.5738888888888889,0.5830919286881682
hayes-roth.arff,algorithm_rulekit,0.02843618899999001,0.07809745399998747,0.037557125091552734,13,0,2.076923076923077,27,0.89,0.29,0.9026930894308943,0.8913043478260869,0.9026930894308943,0.9124338624338625,0.9056847545219638,0.8105263157894737,0.775,0.8105263157894737,0.7968253968253968,0.7890909090909091
hayes-roth.arff,algorithm_cer,0.02819570700000895,0.028221234000000095,0.02819538116455078,11,0,2.272727272727273,25,0.91,0.27,0.8325176508344031,0.8478260869565217,0.8325176508344031,0.8894557823129251,0.8533769063180827,0.6893141945773524,0.675,0.6893141945773524,0.7593984962406015,0.6855915476605131
hayes-roth.arff,algorithm_cer_with_exceptions_prediction_type_0,0.06322469600002023,0.06324976399997695,0.06322431564331055,11,0,2.272727272727273,25,0.91,0.27,0.8325176508344031,0.8478260869565217,0.8325176508344031,0.8894557823129251,0.8533769063180827,0.6893141945773524,0.675,0.6893141945773524,0.7593984962406015,0.6855915476605131
hayes-roth.arff,algorithm_cer_with_exceptions_prediction_type_1,0.06322469600002023,0.06324976399997695,0.06322431564331055,11,0,2.272727272727273,25,0.91,0.27,0.8325176508344031,0.8478260869565217,0.8325176508344031,0.8894557823129251,0.8533769063180827,0.6893141945773524,0.675,0.6893141945773524,0.7593984962406015,0.6855915476605131
hayes-roth.arff,algorithm_cer_with_exceptions_prediction_type_2,0.06322469600002023,0.06324976399997695,0.06322431564331055,11,0,2.272727272727273,25,0.91,0.27,0.8325176508344031,0.8478260869565217,0.8325176508344031,0.8894557823129251,0.8533769063180827,0.6893141945773524,0.675,0.6893141945773524,0.7593984962406015,0.6855915476605131
hayes-roth.arff,algorithm_cer_with_exceptions_prediction_type_3,0.06322469600002023,0.06324976399997695,0.06322431564331055,11,0,2.272727272727273,25,0.91,0.27,0.8325176508344031,0.8478260869565217,0.8325176508344031,0.8894557823129251,0.8533769063180827,0.6893141945773524,0.675,0.6893141945773524,0.7593984962406015,0.6855915476605131
hayes-roth.arff,decision_tree,0.005627430999993521,0.005639825000002929,0.005627155303955078,7,0,3.7142857142857144,26,0.0,0.0,0.7774390243902438,0.7391304347826086,0.7774390243902438,0.7774390243902438,0.7774390243902438,0.707017543859649,0.65,0.707017543859649,0.7053872053872053,0.6777777777777777
heart-c.arff,algorithm_rulekit,0.06906480200001397,0.3932822090000059,0.24211835861206055,21,0,4.238095238095238,89,0.95,0.45,0.9155797101449274,0.9245283018867925,0.9155797101449274,0.934469696969697,0.9217423403469915,0.7579710144927536,0.7582417582417582,0.7579710144927536,0.7587209302325582,0.7579787234042553
heart-c.arff,algorithm_cer,0.720044683000026,0.7594577590000426,0.7492904663085938,20,0,4.1,82,0.94,0.47,0.9085144927536233,0.9150943396226415,0.9085144927536233,0.9194568452380952,0.9125733137829912,0.7468599033816425,0.7472527472527473,0.7468599033816425,0.7482993197278911,0.7467634603750757
heart-c.arff,algorithm_cer_with_exceptions_prediction_type_0,3.9350961430000098,3.936803210999983,3.935854911804199,12,0,2.0,24,0.88,0.51,0.903623188405797,0.9009433962264151,0.903623188405797,0.8983194779654957,0.8999618003280678,0.7243961352657005,0.7252747252747253,0.7243961352657005,0.730635551142006,0.7231349640988196
heart-c.arff,algorithm_cer_with_exceptions_prediction_type_1,3.9350961430000098,3.936803210999983,3.935854911804199,12,0,2.0,24,0.88,0.51,0.903623188405797,0.9009433962264151,0.903623188405797,0.8983194779654957,0.8999618003280678,0.7243961352657005,0.7252747252747253,0.7243961352657005,0.730635551142006,0.7231349640988196
heart-c.arff,algorithm_cer_with_exceptions_prediction_type_2,3.9350961430000098,3.936803210999983,3.935854911804199,12,0,2.0,24,0.88,0.51,0.903623188405797,0.9009433962264151,0.903623188405797,0.8983194779654957,0.8999618003280678,0.7243961352657005,0.7252747252747253,0.7243961352657005,0.730635551142006,0.7231349640988196
heart-c.arff,algorithm_cer_with_exceptions_prediction_type_3,3.9350961430000098,3.936803210999983,3.935854911804199,12,0,2.0,24,0.88,0.51,0.903623188405797,0.9009433962264151,0.903623188405797,0.8983194779654957,0.8999618003280678,0.7243961352657005,0.7252747252747253,0.7243961352657005,0.730635551142006,0.7231349640988196
heart-c.arff,decision_tree,0.012738334000005125,0.01280583100003696,0.012738227844238281,20,0,4.5,90,0.0,0.0,0.9123188405797101,0.9150943396226415,0.9123188405797101,0.9145719489981785,0.9133593679048224,0.770048309178744,0.7692307692307693,0.770048309178744,0.7756410256410255,0.7682231655548817
heart-statlog.arff,algorithm_rulekit,0.06355955399999402,0.46663274399998045,0.2326340675354004,23,0,3.8260869565217392,88,0.95,0.42,0.9226485148514851,0.9259259259259259,0.9226485148514851,0.9307912844036698,0.925,0.7764668367346939,0.8148148148148148,0.7764668367346939,0.844047619047619,0.7896832265881946
heart-statlog.arff,algorithm_cer,0.6977209059999723,0.697969315000023,0.6977269649505615,19,0,3.6842105263157894,70,0.93,0.47,0.9134788478847884,0.9153439153439153,0.9134788478847884,0.9166666666666667,0.9146534206367125,0.7404336734693877,0.7777777777777778,0.7404336734693877,0.7904468412942989,0.75
heart-statlog.arff,algorithm_cer_with_exceptions_prediction_type_0,4.661283875000038,4.66465112100002,4.661977767944336,15,0,2.066666666666667,31,0.88,0.49,0.8795567056705671,0.8783068783068783,0.8795567056705671,0.877856182795699,0.8780884538800235,0.7512755102040816,0.7777777777777778,0.7512755102040816,0.7755244755244756,0.758289124668435
heart-statlog.arff,algorithm_cer_with_exceptions_prediction_type_1,4.661283875000038,4.66465112100002,4.661977767944336,15,0,2.066666666666667,31,0.88,0.49,0.8795567056705671,0.8783068783068783,0.8795567056705671,0.877856182795699,0.8780884538800235,0.7512755102040816,0.7777777777777778,0.7512755102040816,0.7755244755244756,0.758289124668435
heart-statlog.arff,algorithm_cer_with_exceptions_prediction_type_2,4.661283875000038,4.66465112100002,4.661977767944336,15,0,2.066666666666667,31,0.88,0.49,0.8795567056705671,0.8783068783068783,0.8795567056705671,0.877856182795699,0.8780884538800235,0.7512755102040816,0.7777777777777778,0.7512755102040816,0.7755244755244756,0.758289124668435
heart-statlog.arff,algorithm_cer_with_exceptions_prediction_type_3,4.661283875000038,4.66465112100002,4.661977767944336,15,0,2.066666666666667,31,0.88,0.49,0.8795567056705671,0.8783068783068783,0.8795567056705671,0.877856182795699,0.8780884538800235,0.7512755102040816,0.7777777777777778,0.7512755102040816,0.7755244755244756,0.758289124668435
heart-statlog.arff,decision_tree,0.007443606999970598,0.0074818989999698715,0.007443428039550781,21,0,4.523809523809524,95,0.0,0.0,0.9127475247524752,0.9153439153439153,0.9127475247524752,0.9181103259630727,0.9144796380090499,0.7302295918367347,0.7654320987654321,0.7302295918367347,0.7706146926536732,0.7384876805437552
hepatitis.arff,algorithm_rulekit,0.05976169999996728,0.31385696099999905,0.22776460647583008,11,0,2.727272727272727,30,0.93,0.49,0.9289002557544757,0.9629629629629629,0.9289002557544757,0.9589490968801313,0.9429175475687104,0.4868421052631579,0.7872340425531915,0.4868421052631579,0.40217391304347827,0.44047619047619047
hepatitis.arff,algorithm_cer,0.16439566100001457,0.16445968099998254,0.16439437866210938,8,0,2.75,22,0.96,0.57,0.9289002557544757,0.9629629629629629,0.9289002557544757,0.9589490968801313,0.9429175475687104,0.4868421052631579,0.7872340425531915,0.4868421052631579,0.40217391304347827,0.44047619047619047
hepatitis.arff,algorithm_cer_with_exceptions_prediction_type_0,1.2830713980000041,1.284272916999953,1.2832443714141846,7,0,2.142857142857143,15,0.95,0.59,0.8854219948849105,0.9444444444444444,0.8854219948849105,0.9455943228858663,0.9113300492610837,0.47368421052631576,0.7659574468085106,0.47368421052631576,0.4,0.43373493975903615
hepatitis.arff,algorithm_cer_with_exceptions_prediction_type_1,1.2830713980000041,1.284272916999953,1.2832443714141846,7,0,2.142857142857143,15,0.95,0.59,0.8854219948849105,0.9444444444444444,0.8854219948849105,0.9455943228858663,0.9113300492610837,0.47368421052631576,0.7659574468085106,0.47368421052631576,0.4,0.43373493975903615
hepatitis.arff,algorithm_cer_with_exceptions_prediction_type_2,1.2830713980000041,1.284272916999953,1.2832443714141846,7,0,2.142857142857143,15,0.95,0.59,0.8854219948849105,0.9444444444444444,0.8854219948849105,0.9455943228858663,0.9113300492610837,0.47368421052631576,0.7659574468085106,0.47368421052631576,0.4,0.43373493975903615
hepatitis.arff,algorithm_cer_with_exceptions_prediction_type_3,1.2830713980000041,1.284272916999953,1.2832443714141846,7,0,2.142857142857143,15,0.95,0.59,0.8854219948849105,0.9444444444444444,0.8854219948849105,0.9455943228858663,0.9113300492610837,0.47368421052631576,0.7659574468085106,0.47368421052631576,0.4,0.43373493975903615
hepatitis.arff,decision_tree,0.014005170000018552,0.014047048999998424,0.014004945755004883,10,0,3.7,37,0.0,0.0,0.9547314578005115,0.9537037037037037,0.9547314578005115,0.9169793621013134,0.9340095319564952,0.5584795321637427,0.7659574468085106,0.5584795321637427,0.5813008130081301,0.5637130801687764
horse-colic.arff,algorithm_rulekit,0.09055664300001354,0.9842055749999759,0.45908117294311523,22,0,3.3181818181818183,73,0.88,0.44,0.9054412525879917,0.9105058365758755,0.9054412525879917,0.9037693298969072,0.9045889626006811,0.8139084507042254,0.8108108108108109,0.8139084507042254,0.796376329787234,0.8015325670498084
horse-colic.arff,algorithm_cer,0.862607879000052,0.8628895460000194,0.8626084327697754,21,0,3.238095238095238,68,0.86,0.48,0.8720885093167702,0.8871595330739299,0.8720885093167702,0.8846308186195827,0.8775486732933542,0.8154929577464789,0.8198198198198198,0.8154929577464789,0.8039348710990502,0.8084886128364389
horse-colic.arff,algorithm_cer_with_exceptions_prediction_type_0,3.821575481000025,3.8232098710000173,3.8217122554779053,11,0,1.8181818181818181,20,0.83,0.48,0.875194099378882,0.8910505836575876,0.875194099378882,0.8899273803119957,0.8814888010540185,0.8295774647887324,0.8378378378378378,0.8295774647887324,0.8229813664596273,0.8259581881533101
horse-colic.arff,algorithm_cer_with_exceptions_prediction_type_1,3.821575481000025,3.8232098710000173,3.8217122554779053,11,0,1.8181818181818181,20,0.83,0.48,0.875194099378882,0.8910505836575876,0.875194099378882,0.8899273803119957,0.8814888010540185,0.8295774647887324,0.8378378378378378,0.8295774647887324,0.8229813664596273,0.8259581881533101
horse-colic.arff,algorithm_cer_with_exceptions_prediction_type_2,3.821575481000025,3.8232098710000173,3.8217122554779053,11,0,1.8181818181818181,20,0.83,0.48,0.875194099378882,0.8910505836575876,0.875194099378882,0.8899273803119957,0.8814888010540185,0.8295774647887324,0.8378378378378378,0.8295774647887324,0.8229813664596273,0.8259581881533101
horse-colic.arff,algorithm_cer_with_exceptions_prediction_type_3,3.821575481000025,3.8232098710000173,3.8217122554779053,11,0,1.8181818181818181,20,0.83,0.48,0.875194099378882,0.8910505836575876,0.875194099378882,0.8899273803119957,0.8814888010540185,0.8295774647887324,0.8378378378378378,0.8295774647887324,0.8229813664596273,0.8259581881533101
horse-colic.arff,decision_tree,0.01811831199995595,0.0181716619999861,0.01811838150024414,22,0,4.590909090909091,101,0.0,0.0,0.926177536231884,0.933852140077821,0.926177536231884,0.9318777865198007,0.9288726088726089,0.8209507042253521,0.8198198198198198,0.8209507042253521,0.8048494983277592,0.8101915184678523
hungarian-heart-disease.arff,algorithm_rulekit,0.06425371899996435,0.34957660100002386,0.24571681022644043,17,0,4.0,68,0.89,0.52,0.8609933373712901,0.8829268292682927,0.8609933373712901,0.8897972531066056,0.8715538847117794,0.7737119437939111,0.8089887640449438,0.7737119437939111,0.7792712066905616,0.7763488543976349
hungarian-heart-disease.arff,algorithm_cer,0.43541336999999203,0.43556323900003235,0.4354238510131836,15,0,3.6666666666666665,55,0.89,0.5,0.8861800928730063,0.8926829268292683,0.8861800928730063,0.8861800928730063,0.8861800928730063,0.7617096018735363,0.7528089887640449,0.7617096018735363,0.7306501547987616,0.7351190476190477
hungarian-heart-disease.arff,algorithm_cer_with_exceptions_prediction_type_0,2.516884317000006,2.519986748000008,2.575650930404663,9,0,2.3333333333333335,21,0.82,0.58,0.8650312941651525,0.8634146341463415,0.8650312941651525,0.8533320304866132,0.8577235772357723,0.7892271662763466,0.7640449438202247,0.7892271662763466,0.7510162601626016,0.751495811727164
hungarian-heart-disease.arff,algorithm_cer_with_exceptions_prediction_type_1,2.516884317000006,2.519986748000008,2.575650930404663,9,0,2.3333333333333335,21,0.82,0.58,0.8650312941651525,0.8634146341463415,0.8650312941651525,0.8533320304866132,0.8577235772357723,0.7892271662763466,0.7640449438202247,0.7892271662763466,0.7510162601626016,0.751495811727164
hungarian-heart-disease.arff,algorithm_cer_with_exceptions_prediction_type_2,2.516884317000006,2.519986748000008,2.575650930404663,9,0,2.3333333333333335,21,0.82,0.58,0.8650312941651525,0.8634146341463415,0.8650312941651525,0.8533320304866132,0.8577235772357723,0.7892271662763466,0.7640449438202247,0.7892271662763466,0.7510162601626016,0.751495811727164
hungarian-heart-disease.arff,algorithm_cer_with_exceptions_prediction_type_3,2.516884317000006,2.519986748000008,2.575650930404663,9,0,2.3333333333333335,21,0.82,0.58,0.8650312941651525,0.8634146341463415,0.8650312941651525,0.8533320304866132,0.8577235772357723,0.7892271662763466,0.7640449438202247,0.7892271662763466,0.7510162601626016,0.751495811727164
hungarian-heart-disease.arff,decision_tree,0.00934147500004201,0.009388604000037049,0.009341001510620117,18,0,4.333333333333333,78,0.0,0.0,0.875277609529578,0.8975609756097561,0.875277609529578,0.9085164835164835,0.8872475838767974,0.7655152224824355,0.797752808988764,0.7655152224824355,0.7655152224824355,0.7655152224824355
hypothyroid.arff,algorithm_rulekit,0.9730643749999786,4.699626379999984,1.2222552299499512,24,0,3.0416666666666665,73,0.95,0.64,0.8309231920343032,0.9893939393939394,0.8309231920343032,0.9681605534004059,0.8785183768242053,0.882372219423767,0.9867491166077739,0.882372219423767,0.9390297202797203,0.9071222611955229
hypothyroid.arff,algorithm_cer,5.485863128999995,5.48817627599999,5.486448049545288,22,0,2.8181818181818183,62,0.99,0.61,0.6922458200235978,0.9871212121212121,0.6922458200235978,0.7292311143298413,0.7095405528937052,0.8503267973856209,0.9840989399293286,0.8503267973856209,0.9791285461388554,0.9068617618530633
hypothyroid.arff,algorithm_cer_with_exceptions_prediction_type_0,36.778912107999986,36.79172298999998,36.88445568084717,20,0,1.75,35,0.96,0.65,0.6823937379492935,0.9821969696969697,0.6823937379492935,0.7190754937165849,0.6960391563024964,0.8702710770321449,0.9840989399293286,0.8702710770321449,0.9823434806252674,0.9192382341515479
hypothyroid.arff,algorithm_cer_with_exceptions_prediction_type_1,36.778912107999986,36.79172298999998,36.88445568084717,20,0,1.75,35,0.96,0.65,0.6823937379492935,0.9821969696969697,0.6823937379492935,0.7190754937165849,0.6960391563024964,0.8702710770321449,0.9840989399293286,0.8702710770321449,0.9823434806252674,0.9192382341515479
hypothyroid.arff,algorithm_cer_with_exceptions_prediction_type_2,36.778912107999986,36.79172298999998,36.88445568084717,20,0,1.75,35,0.96,0.65,0.6823937379492935,0.9821969696969697,0.6823937379492935,0.7190754937165849,0.6960391563024964,0.8702710770321449,0.9840989399293286,0.8702710770321449,0.9823434806252674,0.9192382341515479
hypothyroid.arff,algorithm_cer_with_exceptions_prediction_type_3,36.778912107999986,36.79172298999998,36.88445568084717,20,0,1.75,35,0.96,0.65,0.6823937379492935,0.9821969696969697,0.6823937379492935,0.7190754937165849,0.6960391563024964,0.8702710770321449,0.9840989399293286,0.8702710770321449,0.9823434806252674,0.9192382341515479
hypothyroid.arff,decision_tree,0.08103299700002253,0.08107169899994915,0.08103132247924805,11,0,3.727272727272727,41,0.0,0.0,0.7228711617600506,0.9958333333333333,0.7228711617600506,0.737922149122807,0.7294911464634461,0.9444444444444445,0.9955830388692579,0.9444444444444445,0.9864726170443832,0.9628116539042905
ionosphere.arff,algorithm_rulekit,0.11621168600004239,0.37135505899999544,0.1339094638824463,15,0,3.466666666666667,52,0.97,0.58,0.9482758620689655,0.963265306122449,0.9482758620689655,0.9730538922155689,0.9588811188811188,0.9156142365097588,0.9339622641509434,0.9156142365097588,0.9436274509803921,0.92687493840544
ionosphere.arff,algorithm_cer,2.5884027810000134,2.6364860620000172,2.5888612270355225,13,0,3.3076923076923075,43,0.97,0.59,0.9540229885057472,0.9673469387755103,0.9540229885057472,0.9759036144578312,0.9635579354454856,0.9284347493302717,0.9433962264150944,0.9284347493302717,0.9505030181086519,0.937720329024677
ionosphere.arff,algorithm_cer_with_exceptions_prediction_type_0,15.12422583199998,15.13041432,15.160852432250977,9,0,1.6666666666666667,15,0.93,0.53,0.9376182162083515,0.9428571428571428,0.9376182162083515,0.9376182162083515,0.9376182162083515,0.9337925755836204,0.9433962264150944,0.9337925755836204,0.9439874657265961,0.938467492260062
ionosphere.arff,algorithm_cer_with_exceptions_prediction_type_1,15.12422583199998,15.13041432,15.160852432250977,9,0,1.6666666666666667,15,0.93,0.53,0.9376182162083515,0.9428571428571428,0.9376182162083515,0.9376182162083515,0.9376182162083515,0.9337925755836204,0.9433962264150944,0.9337925755836204,0.9439874657265961,0.938467492260062
ionosphere.arff,algorithm_cer_with_exceptions_prediction_type_2,15.12422583199998,15.13041432,15.160852432250977,9,0,1.6666666666666667,15,0.93,0.53,0.9376182162083515,0.9428571428571428,0.9376182162083515,0.9376182162083515,0.9376182162083515,0.9337925755836204,0.9433962264150944,0.9337925755836204,0.9439874657265961,0.938467492260062
ionosphere.arff,algorithm_cer_with_exceptions_prediction_type_3,15.12422583199998,15.13041432,15.160852432250977,9,0,1.6666666666666667,15,0.93,0.53,0.9376182162083515,0.9428571428571428,0.9376182162083515,0.9376182162083515,0.9376182162083515,0.9337925755836204,0.9433962264150944,0.9337925755836204,0.9439874657265961,0.938467492260062
ionosphere.arff,decision_tree,0.014908304000016415,0.01493379100003267,0.014908552169799805,10,0,4.0,40,0.0,0.0,0.9387821911828895,0.9510204081632653,0.9387821911828895,0.9540424570912376,0.9456521739130435,0.8878683505549176,0.9056603773584906,0.8878683505549176,0.9078470824949698,0.8962005483744615
iris.arff,algorithm_rulekit,0.034766945000001215,0.09874622899997121,0.046442270278930664,10,0,2.9,29,0.96,0.7,0.963963963963964,0.9619047619047619,0.963963963963964,0.9674796747967479,0.9638583638583639,1.0,1.0,1.0,1.0,1.0
iris.arff,algorithm_cer,0.0642295499999932,0.06426726099999769,0.06422924995422363,7,0,2.7142857142857144,19,0.98,0.73,0.954954954954955,0.9523809523809523,0.954954954954955,0.9603174603174603,0.9547483642145173,0.9743589743589745,0.9777777777777777,0.9743589743589745,0.9761904761904763,0.974320987654321
iris.arff,algorithm_cer_with_exceptions_prediction_type_0,0.8266632429999845,0.8269598399999722,0.8268091678619385,7,0,2.7142857142857144,19,0.98,0.73,0.954954954954955,0.9523809523809523,0.954954954954955,0.9603174603174603,0.9547483642145173,0.9743589743589745,0.9777777777777777,0.9743589743589745,0.9761904761904763,0.974320987654321
iris.arff,algorithm_cer_with_exceptions_prediction_type_1,0.8266632429999845,0.8269598399999722,0.8268091678619385,7,0,2.7142857142857144,19,0.98,0.73,0.954954954954955,0.9523809523809523,0.954954954954955,0.9603174603174603,0.9547483642145173,0.9743589743589745,0.9777777777777777,0.9743589743589745,0.9761904761904763,0.974320987654321
iris.arff,algorithm_cer_with_exceptions_prediction_type_2,0.8266632429999845,0.8269598399999722,0.8268091678619385,7,0,2.7142857142857144,19,0.98,0.73,0.954954954954955,0.9523809523809523,0.954954954954955,0.9603174603174603,0.9547483642145173,0.9743589743589745,0.9777777777777777,0.9743589743589745,0.9761904761904763,0.974320987654321
iris.arff,algorithm_cer_with_exceptions_prediction_type_3,0.8266632429999845,0.8269598399999722,0.8268091678619385,7,0,2.7142857142857144,19,0.98,0.73,0.954954954954955,0.9523809523809523,0.954954954954955,0.9603174603174603,0.9547483642145173,0.9743589743589745,0.9777777777777777,0.9743589743589745,0.9761904761904763,0.974320987654321
iris.arff,decision_tree,0.005051261000005525,0.005067351000036524,0.005051136016845703,7,0,3.2857142857142856,23,0.0,0.0,0.963963963963964,0.9619047619047619,0.963963963963964,0.963963963963964,0.963963963963964,1.0,1.0,1.0,1.0,1.0
kdd-synthetic-control.arff,algorithm_rulekit,0.44177706400000716,2.3451156859999855,0.8653035163879395,37,0,2.5675675675675675,95,1.0,0.51,0.9978070175438596,0.9976190476190476,0.9978070175438596,0.9975490196078431,0.9976616793393834,0.9339097564841081,0.9333333333333333,0.9339097564841081,0.9339593305659402,0.9305321762482895
kdd-synthetic-control.arff,algorithm_cer,40.62079239999997,40.63511977999997,40.64137864112854,34,0,2.4705882352941178,84,1.0,0.49,0.9928966232786266,0.9928571428571429,0.9928966232786266,0.9932200152788387,0.9930238764597585,0.9184711599928801,0.9166666666666666,0.9184711599928801,0.9225029175421625,0.9150142935473631
kdd-synthetic-control.arff,algorithm_cer_with_exceptions_prediction_type_0,393.462437918,393.60725010299996,394.84713196754456,33,0,2.0303030303030303,67,0.97,0.48,0.9907036408224862,0.9904761904761905,0.9907036408224862,0.9907831172133231,0.9906894729127648,0.9216277256494457,0.9222222222222223,0.9216277256494457,0.923237082175758,0.9196644018948287
kdd-synthetic-control.arff,algorithm_cer_with_exceptions_prediction_type_1,393.462437918,393.60725010299996,394.84713196754456,33,0,2.0303030303030303,67,0.97,0.48,0.9907036408224862,0.9904761904761905,0.9907036408224862,0.9907831172133231,0.9906894729127648,0.9216277256494457,0.9222222222222223,0.9216277256494457,0.923237082175758,0.9196644018948287
kdd-synthetic-control.arff,algorithm_cer_with_exceptions_prediction_type_2,393.462437918,393.60725010299996,394.84713196754456,33,0,2.0303030303030303,67,0.97,0.48,0.9907036408224862,0.9904761904761905,0.9907036408224862,0.9907831172133231,0.9906894729127648,0.9216277256494457,0.9222222222222223,0.9216277256494457,0.923237082175758,0.9196644018948287
kdd-synthetic-control.arff,algorithm_cer_with_exceptions_prediction_type_3,393.462437918,393.60725010299996,394.84713196754456,33,0,2.0303030303030303,67,0.97,0.48,0.9907036408224862,0.9904761904761905,0.9907036408224862,0.9907831172133231,0.9906894729127648,0.9216277256494457,0.9222222222222223,0.9216277256494457,0.923237082175758,0.9196644018948287
kdd-synthetic-control.arff,decision_tree,0.03016046099992309,0.03021461199989517,0.030160188674926758,15,0,4.6,69,0.0,0.0,0.9605137751616947,0.9595238095238096,0.9605137751616947,0.9607698826523876,0.9602805620531196,0.8846475320502017,0.8888888888888888,0.8846475320502017,0.8861260878142679,0.8840380231323924
kr-vs-kp.arff,algorithm_rulekit,0.9495614190000197,1.6088180240000156,1.0197489261627197,28,0,3.4285714285714284,96,0.95,0.28,0.9266925901196258,0.9293696915511847,0.9266925901196258,0.9384706830877574,0.9285950366473531,0.903910251376419,0.908237747653806,0.903910251376419,0.9196742638526254,0.9067029866718552
kr-vs-kp.arff,algorithm_cer,2.050304309000012,2.050997802999973,2.0507612228393555,26,0,3.3076923076923075,86,0.96,0.26,0.925761491423164,0.9284756370138578,0.925761491423164,0.9377868898343036,0.9276775004930344,0.9005989930982732,0.9051094890510949,0.9005989930982732,0.9173461503499682,0.9034426673895365
kr-vs-kp.arff,algorithm_cer_with_exceptions_prediction_type_0,4.5347478090000095,4.536626999000077,4.535006999969482,21,0,2.761904761904762,58,0.9,0.23,0.9438774856652432,0.9450156459544032,0.9438774856652432,0.9470024106487789,0.9447739130696581,0.9279506845012171,0.9290928050052137,0.9279506845012171,0.9300218311896683,0.9287238228478993
kr-vs-kp.arff,algorithm_cer_with_exceptions_prediction_type_1,4.5347478090000095,4.536626999000077,4.535006999969482,21,0,2.761904761904762,58,0.9,0.23,0.9438774856652432,0.9450156459544032,0.9438774856652432,0.9470024106487789,0.9447739130696581,0.9279506845012171,0.9290928050052137,0.9279506845012171,0.9300218311896683,0.9287238228478993
kr-vs-kp.arff,algorithm_cer_with_exceptions_prediction_type_2,4.5347478090000095,4.536626999000077,4.535006999969482,21,0,2.761904761904762,58,0.9,0.23,0.9438774856652432,0.9450156459544032,0.9438774856652432,0.9470024106487789,0.9447739130696581,0.9279506845012171,0.9290928050052137,0.9279506845012171,0.9300218311896683,0.9287238228478993
kr-vs-kp.arff,algorithm_cer_with_exceptions_prediction_type_3,4.5347478090000095,4.536626999000077,4.535006999969482,21,0,2.761904761904762,58,0.9,0.23,0.9438774856652432,0.9450156459544032,0.9438774856652432,0.9470024106487789,0.9447739130696581,0.9279506845012171,0.9290928050052137,0.9279506845012171,0.9300218311896683,0.9287238228478993
kr-vs-kp.arff,decision_tree,0.09562045799998486,0.09566694400007236,0.09561967849731445,12,0,4.333333333333333,52,0.0,0.0,0.9432338026455052,0.9445686186857398,0.9432338026455052,0.9472188294672081,0.944287158096346,0.9307995009117958,0.9322210636079249,0.9307995009117958,0.9337400730901679,0.931815074299528
labor.arff,algorithm_rulekit,0.031379748000063046,0.44516325300003246,0.19447731971740723,5,0,1.0,5,0.96,0.64,0.98,0.9743589743589743,0.98,0.9666666666666667,0.9725545390570021,0.7916666666666666,0.8333333333333334,0.7916666666666666,0.823076923076923,0.8036363636363637
labor.arff,algorithm_cer,0.02719570199997179,0.027225987999941026,0.027195215225219727,4,0,1.0,4,0.95,0.67,0.9442857142857143,0.9487179487179487,0.9442857142857143,0.9442857142857143,0.9442857142857143,0.7916666666666666,0.8333333333333334,0.7916666666666666,0.823076923076923,0.8036363636363637
labor.arff,algorithm_cer_with_exceptions_prediction_type_0,0.32239947899995514,0.3224885259999155,0.32239723205566406,4,0,1.0,4,0.95,0.67,0.9442857142857143,0.9487179487179487,0.9442857142857143,0.9442857142857143,0.9442857142857143,0.7916666666666666,0.8333333333333334,0.7916666666666666,0.823076923076923,0.8036363636363637
labor.arff,algorithm_cer_with_exceptions_prediction_type_1,0.32239947899995514,0.3224885259999155,0.32239723205566406,4,0,1.0,4,0.95,0.67,0.9442857142857143,0.9487179487179487,0.9442857142857143,0.9442857142857143,0.9442857142857143,0.7916666666666666,0.8333333333333334,0.7916666666666666,0.823076923076923,0.8036363636363637
labor.arff,algorithm_cer_with_exceptions_prediction_type_2,0.32239947899995514,0.3224885259999155,0.32239723205566406,4,0,1.0,4,0.95,0.67,0.9442857142857143,0.9487179487179487,0.9442857142857143,0.9442857142857143,0.9442857142857143,0.7916666666666666,0.8333333333333334,0.7916666666666666,0.823076923076923,0.8036363636363637
labor.arff,algorithm_cer_with_exceptions_prediction_type_3,0.32239947899995514,0.3224885259999155,0.32239723205566406,4,0,1.0,4,0.95,0.67,0.9442857142857143,0.9487179487179487,0.9442857142857143,0.9442857142857143,0.9442857142857143,0.7916666666666666,0.8333333333333334,0.7916666666666666,0.823076923076923,0.8036363636363637
labor.arff,decision_tree,0.011456640999995216,0.011506042999940291,0.011456489562988281,4,0,2.0,8,0.0,0.0,0.98,0.9743589743589743,0.98,0.9666666666666667,0.9725545390570021,0.7083333333333333,0.7777777777777778,0.7083333333333333,0.7678571428571428,0.7230769230769231
lymph.arff,algorithm_rulekit,0.0558722509999825,0.14659431500001574,0.07059121131896973,15,0,2.7333333333333334,41,0.94,0.52,0.9650479094076655,0.941747572815534,0.9650479094076655,0.9724099099099099,0.9678381962864722,0.81,0.8222222222222222,0.54,0.584920634920635,0.5559748427672956
lymph.arff,algorithm_cer,0.12219902199990429,0.12227221000000554,0.1222074031829834,13,0,2.3076923076923075,30,0.91,0.58,0.9622168989547037,0.9320388349514563,0.9622168989547037,0.9637061403508772,0.9629083360646783,0.785,0.8,0.5233333333333333,0.5738916256157636,0.5388525780682644
lymph.arff,algorithm_cer_with_exceptions_prediction_type_0,0.33997175700005755,0.3400154800000337,0.3401198387145996,9,0,1.7777777777777777,16,0.91,0.61,0.9366289198606271,0.883495145631068,0.9366289198606271,0.9366289198606271,0.9366289198606271,0.77,0.7777777777777778,0.5133333333333333,0.5437405731523378,0.5267620561738209
lymph.arff,algorithm_cer_with_exceptions_prediction_type_1,0.33997175700005755,0.3400154800000337,0.3401198387145996,9,0,1.7777777777777777,16,0.91,0.61,0.9366289198606271,0.883495145631068,0.9366289198606271,0.9366289198606271,0.9366289198606271,0.77,0.7777777777777778,0.5133333333333333,0.5437405731523378,0.5267620561738209
lymph.arff,algorithm_cer_with_exceptions_prediction_type_2,0.33997175700005755,0.3400154800000337,0.3401198387145996,9,0,1.7777777777777777,16,0.91,0.61,0.9366289198606271,0.883495145631068,0.9366289198606271,0.9366289198606271,0.9366289198606271,0.77,0.7777777777777778,0.5133333333333333,0.5437405731523378,0.5267620561738209
lymph.arff,algorithm_cer_with_exceptions_prediction_type_3,0.33997175700005755,0.3400154800000337,0.3401198387145996,9,0,1.7777777777777777,16,0.91,0.61,0.9366289198606271,0.883495145631068,0.9366289198606271,0.9366289198606271,0.9366289198606271,0.77,0.7777777777777778,0.5133333333333333,0.5437405731523378,0.5267620561738209
lymph.arff,decision_tree,0.01408556100000169,0.0141576560000658,0.014085531234741211,14,0,4.0,56,0.0,0.0,0.7150479094076655,0.9223300970873787,0.7150479094076655,0.7122519413287316,0.7128908363085578,0.74,0.7555555555555555,0.49333333333333335,0.5195402298850574,0.5001763668430335
mammographic-masses.arff,algorithm_rulekit,0.07841110200001822,0.2048914130000412,0.10067129135131836,29,0,2.4827586206896552,72,0.76,0.67,0.8315252698746074,0.8333333333333334,0.8315252698746074,0.8331857576001502,0.8321678321678322,0.8175062729202857,0.8200692041522492,0.8175062729202857,0.8192934782608696,0.8182389937106919
mammographic-masses.arff,algorithm_cer,0.7657257449999406,0.7659629199999927,0.765733003616333,27,0,2.4074074074074074,65,0.77,0.67,0.8299278257851505,0.8318452380952381,0.8299278257851505,0.831779130123501,0.8306266519455319,0.8212941517081644,0.8235294117647058,0.8212941517081644,0.8226017441860465,0.8218572101961638
mammographic-masses.arff,algorithm_cer_with_exceptions_prediction_type_0,5.9749708159999955,5.977442654000015,6.004886627197266,25,0,2.2,55,0.76,0.68,0.8301325122144402,0.8318452380952381,0.8301325122144402,0.8315932494279177,0.8307112330819357,0.8212941517081644,0.8235294117647058,0.8212941517081644,0.8226017441860465,0.8218572101961638
mammographic-masses.arff,algorithm_cer_with_exceptions_prediction_type_1,5.9749708159999955,5.977442654000015,6.004886627197266,25,0,2.2,55,0.76,0.68,0.8301325122144402,0.8318452380952381,0.8301325122144402,0.8315932494279177,0.8307112330819357,0.8212941517081644,0.8235294117647058,0.8212941517081644,0.8226017441860465,0.8218572101961638
mammographic-masses.arff,algorithm_cer_with_exceptions_prediction_type_2,5.9749708159999955,5.977442654000015,6.004886627197266,25,0,2.2,55,0.76,0.68,0.8301325122144402,0.8318452380952381,0.8301325122144402,0.8315932494279177,0.8307112330819357,0.8212941517081644,0.8235294117647058,0.8212941517081644,0.8226017441860465,0.8218572101961638
mammographic-masses.arff,algorithm_cer_with_exceptions_prediction_type_3,5.9749708159999955,5.977442654000015,6.004886627197266,25,0,2.2,55,0.76,0.68,0.8301325122144402,0.8318452380952381,0.8301325122144402,0.8315932494279177,0.8307112330819357,0.8212941517081644,0.8235294117647058,0.8212941517081644,0.8226017441860465,0.8218572101961638
mammographic-masses.arff,decision_tree,0.007988108000063221,0.00806364000004578,0.007988214492797852,23,0,4.695652173913044,108,0.0,0.0,0.851268610891098,0.8526785714285714,0.851268610891098,0.85243222972249,0.8517564481087405,0.8428150936112719,0.8442906574394463,0.8428150936112719,0.8432457242245628,0.8430200977729494
mushroom.arff,algorithm_rulekit,0.950993799999992,2.566325372000051,1.2658171653747559,15,0,1.6666666666666667,25,0.98,0.4,0.9675932367610645,0.9671122054168132,0.9675932367610645,0.966967044997852,0.9670931018540053,0.9655238033650002,0.965135356849877,0.9655238033650002,0.965079249711966,0.9651245078462705
mushroom.arff,algorithm_cer,1.781593466000004,1.7825339310001027,1.7816035747528076,16,0,1.625,26,0.98,0.43,0.9675932367610645,0.9671122054168132,0.9675932367610645,0.966967044997852,0.9670931018540053,0.9655238033650002,0.965135356849877,0.9655238033650002,0.965079249711966,0.9651245078462705
mushroom.arff,algorithm_cer_with_exceptions_prediction_type_0,2.5049295609999263,2.505837645999918,2.5049450397491455,10,2,1.0,10,0.97,0.37,0.9837652405499453,0.9839957791065775,0.9837652405499453,0.9842246278459712,0.9839655214676284,0.9814091047795344,0.9815422477440525,0.9814091047795344,0.9816573120036232,0.981519784240828
mushroom.arff,algorithm_cer_with_exceptions_prediction_type_1,2.5049295609999263,2.505837645999918,2.5049450397491455,10,2,1.0,10,0.97,0.37,0.9850449480453749,0.9852268730214562,0.9850449480453749,0.9853913560997989,0.9852005063304318,0.9818324748049365,0.9819524200164069,0.9818324748049365,0.9820506858870031,0.9819309700801173
mushroom.arff,algorithm_cer_with_exceptions_prediction_type_2,2.5049295609999263,2.505837645999918,2.5049450397491455,10,2,1.0,10,0.97,0.37,0.9850449480453749,0.9852268730214562,0.9850449480453749,0.9853913560997989,0.9852005063304318,0.9818324748049365,0.9819524200164069,0.9818324748049365,0.9820506858870031,0.9819309700801173
mushroom.arff,algorithm_cer_with_exceptions_prediction_type_3,2.5049295609999263,2.505837645999918,2.5049450397491455,10,2,1.0,10,0.97,0.37,0.9850449480453749,0.9852268730214562,0.9850449480453749,0.9853913560997989,0.9852005063304318,0.9818324748049365,0.9819524200164069,0.9818324748049365,0.9820506858870031,0.9819309700801173
mushroom.arff,decision_tree,0.13931924399992113,0.13934490099995855,0.13931775093078613,12,0,3.8333333333333335,46,0.0,0.0,1.0,1.0,1.0,1.0,1.0,1.0,1.0,1.0,1.0,1.0
primary-tumor.arff,algorithm_rulekit,0.12166274099990915,0.27841474600006677,0.14887595176696777,49,0,4.387755102040816,215,0.52,0.57,0.5382574791326191,0.6497890295358649,0.5382574791326191,0.5198472823472824,0.5174998849269478,0.1911487050960735,0.4019607843137255,0.1911487050960735,0.18749445452712243,0.17414120045698994
primary-tumor.arff,algorithm_cer,0.5246247110000013,0.5247859609999068,0.5247740745544434,51,0,4.333333333333333,221,0.57,0.48,0.5866023072588269,0.6497890295358649,0.5866023072588269,0.6087437081216465,0.5783310018330643,0.2479908103592314,0.43137254901960786,0.23559126984126982,0.20148629148629152,0.1997992530275051
primary-tumor.arff,algorithm_cer_with_exceptions_prediction_type_0,0.9438565110000354,0.9444291110000904,0.9438648223876953,51,0,4.333333333333333,221,0.57,0.48,0.5866023072588269,0.6497890295358649,0.5866023072588269,0.6087437081216465,0.5783310018330643,0.2479908103592314,0.43137254901960786,0.23559126984126982,0.20148629148629152,0.1997992530275051
primary-tumor.arff,algorithm_cer_with_exceptions_prediction_type_1,0.9438565110000354,0.9444291110000904,0.9438648223876953,51,0,4.333333333333333,221,0.57,0.48,0.5866023072588269,0.6497890295358649,0.5866023072588269,0.6087437081216465,0.5783310018330643,0.2479908103592314,0.43137254901960786,0.23559126984126982,0.20148629148629152,0.1997992530275051
primary-tumor.arff,algorithm_cer_with_exceptions_prediction_type_2,0.9438565110000354,0.9444291110000904,0.9438648223876953,51,0,4.333333333333333,221,0.57,0.48,0.5866023072588269,0.6497890295358649,0.5866023072588269,0.6087437081216465,0.5783310018330643,0.2479908103592314,0.43137254901960786,0.23559126984126982,0.20148629148629152,0.1997992530275051
primary-tumor.arff,algorithm_cer_with_exceptions_prediction_type_3,0.9438565110000354,0.9444291110000904,0.9438648223876953,51,0,4.333333333333333,221,0.57,0.48,0.5866023072588269,0.6497890295358649,0.5866023072588269,0.6087437081216465,0.5783310018330643,0.2479908103592314,0.43137254901960786,0.23559126984126982,0.20148629148629152,0.1997992530275051
primary-tumor.arff,decision_tree,0.01467097800002648,0.014749085000062223,0.014671087265014648,22,0,4.590909090909091,101,0.0,0.0,0.26891960303567586,0.4472573839662447,0.26891960303567586,0.2106469219841313,0.22486340844870523,0.2078529657477026,0.4019607843137255,0.2078529657477026,0.14143602171235214,0.16478560900897227
prnn-synth.arff,algorithm_rulekit,0.04495095799995852,0.11551979700004722,0.06122016906738281,15,0,1.8666666666666667,28,0.91,0.65,0.8918300653594771,0.8914285714285715,0.8918300653594771,0.8915229885057472,0.8914143888181314,0.8821428571428571,0.88,0.8821428571428571,0.8805120910384068,0.8799146059420031
prnn-synth.arff,algorithm_cer,0.15296968900008778,0.15301870000007511,0.1529686450958252,14,0,1.8571428571428572,26,0.9,0.69,0.8859477124183006,0.8857142857142857,0.8859477124183006,0.8856452455590387,0.8856806898353802,0.8821428571428571,0.88,0.8821428571428571,0.8805120910384068,0.8799146059420031
prnn-synth.arff,algorithm_cer_with_exceptions_prediction_type_0,1.2137433680001095,1.2147037949999913,1.2137541770935059,13,0,1.4615384615384615,19,0.88,0.7,0.8581699346405229,0.8571428571428571,0.8581699346405229,0.8588266107909901,0.8571241958133307,0.9196428571428572,0.92,0.9196428571428572,0.9196428571428572,0.9196428571428572
prnn-synth.arff,algorithm_cer_with_exceptions_prediction_type_1,1.2137433680001095,1.2147037949999913,1.2137541770935059,13,0,1.4615384615384615,19,0.88,0.7,0.8581699346405229,0.8571428571428571,0.8581699346405229,0.8588266107909901,0.8571241958133307,0.9196428571428572,0.92,0.9196428571428572,0.9196428571428572,0.9196428571428572
prnn-synth.arff,algorithm_cer_with_exceptions_prediction_type_2,1.2137433680001095,1.2147037949999913,1.2137541770935059,13,0,1.4615384615384615,19,0.88,0.7,0.8581699346405229,0.8571428571428571,0.8581699346405229,0.8588266107909901,0.8571241958133307,0.9196428571428572,0.92,0.9196428571428572,0.9196428571428572,0.9196428571428572
prnn-synth.arff,algorithm_cer_with_exceptions_prediction_type_3,1.2137433680001095,1.2147037949999913,1.2137541770935059,13,0,1.4615384615384615,19,0.88,0.7,0.8581699346405229,0.8571428571428571,0.8581699346405229,0.8588266107909901,0.8571241958133307,0.9196428571428572,0.92,0.9196428571428572,0.9196428571428572,0.9196428571428572
prnn-synth.arff,decision_tree,0.004868568999995659,0.004897042000038709,0.004868507385253906,14,0,4.285714285714286,60,0.0,0.0,0.9258169934640523,0.9257142857142857,0.9258169934640523,0.925594460412856,0.925675454931556,0.7875000000000001,0.7866666666666666,0.7875000000000001,0.7862731152204836,0.7863247863247863
segment.arff,algorithm_rulekit,0.33558237799991275,4.002070088999972,0.757504940032959,89,0,3.6741573033707864,327,0.97,0.48,0.9639459059589234,0.9647495361781077,0.9639459059589234,0.966391175988191,0.9641155263216282,0.9288418391540935,0.924963924963925,0.9288418391540935,0.930676198423889,0.9281073082965575
segment.arff,algorithm_cer,77.94874179699991,78.35407068400002,78.18747210502625,83,0,3.6265060240963853,301,0.97,0.46,0.9601882396901026,0.961038961038961,0.9601882396901026,0.962711319075101,0.9604389795143711,0.9217565583846021,0.9177489177489178,0.9217565583846021,0.9243389635737641,0.9211030838182385
segment.arff,algorithm_cer_with_exceptions_prediction_type_0,1006.2859201800001,1006.854891954,1009.61305975914,80,0,3.0875,247,0.94,0.46,0.9486816879088497,0.9499072356215214,0.9486816879088497,0.9507232353326114,0.9488381470099606,0.9212581809317025,0.9177489177489178,0.9212581809317025,0.9237387493872783,0.9212047193585698
segment.arff,algorithm_cer_with_exceptions_prediction_type_1,1006.2859201800001,1006.854891954,1009.61305975914,80,0,3.0875,247,0.94,0.46,0.9486816879088497,0.9499072356215214,0.9486816879088497,0.9507232353326114,0.9488381470099606,0.9212581809317025,0.9177489177489178,0.9212581809317025,0.9237387493872783,0.9212047193585698
segment.arff,algorithm_cer_with_exceptions_prediction_type_2,1006.2859201800001,1006.854891954,1009.61305975914,80,0,3.0875,247,0.94,0.46,0.9486816879088497,0.9499072356215214,0.9486816879088497,0.9507232353326114,0.9488381470099606,0.9212581809317025,0.9177489177489178,0.9212581809317025,0.9237387493872783,0.9212047193585698
segment.arff,algorithm_cer_with_exceptions_prediction_type_3,1006.2859201800001,1006.854891954,1009.61305975914,80,0,3.0875,247,0.94,0.46,0.9486816879088497,0.9499072356215214,0.9486816879088497,0.9507232353326114,0.9488381470099606,0.9212581809317025,0.9177489177489178,0.9212581809317025,0.9237387493872783,0.9212047193585698
segment.arff,decision_tree,0.02066719100002956,0.02073511799994776,0.02066659927368164,9,0,4.111111111111111,37,0.0,0.0,0.8298885941384327,0.8367346938775511,0.8298885941384327,0.851387265032045,0.8111590873477593,0.8269991423073383,0.810966810966811,0.8269991423073383,0.8456057866522533,0.8000065504865821
seismic-bumps.arff,algorithm_rulekit,0.4626095769999665,4.64292397600002,0.9594287872314453,161,0,4.15527950310559,669,0.92,0.39,0.698757120401118,0.9424778761061947,0.698757120401118,0.7685022703219418,0.727342857308578,0.6147863983924424,0.9175257731958762,0.6147863983924424,0.6530285634763247,0.6302561048243002
seismic-bumps.arff,algorithm_cer,50.048387447000096,50.06772976399975,50.08626317977905,158,0,4.158227848101266,657,0.92,0.4,0.6853452415250167,0.9397123893805309,0.6853452415250167,0.7532178764777373,0.7128967170006484,0.653213810381273,0.9239690721649485,0.653213810381273,0.6904437524328533,0.6692266011631688
seismic-bumps.arff,algorithm_cer_with_exceptions_prediction_type_0,88.90287734599974,88.9332450869997,89.30303263664246,73,0,2.219178082191781,162,0.82,0.49,0.6243334495847801,0.9297566371681416,0.6243334495847801,0.6917064122946476,0.6489991210303054,0.6161695242568961,0.9201030927835051,0.6161695242568961,0.6628021797169295,0.6343517251861985
seismic-bumps.arff,algorithm_cer_with_exceptions_prediction_type_1,88.90287734599974,88.9332450869997,89.30303263664246,73,0,2.219178082191781,162,0.82,0.49,0.6243334495847801,0.9297566371681416,0.6243334495847801,0.6917064122946476,0.6489991210303054,0.6161695242568961,0.9201030927835051,0.6161695242568961,0.6628021797169295,0.6343517251861985
seismic-bumps.arff,algorithm_cer_with_exceptions_prediction_type_2,88.90287734599974,88.9332450869997,89.30303263664246,73,0,2.219178082191781,162,0.82,0.49,0.6243334495847801,0.9297566371681416,0.6243334495847801,0.6917064122946476,0.6489991210303054,0.6161695242568961,0.9201030927835051,0.6161695242568961,0.6628021797169295,0.6343517251861985
seismic-bumps.arff,algorithm_cer_with_exceptions_prediction_type_3,88.90287734599974,88.9332450869997,89.30303263664246,73,0,2.219178082191781,162,0.82,0.49,0.6243334495847801,0.9297566371681416,0.6243334495847801,0.6917064122946476,0.6489991210303054,0.6161695242568961,0.9201030927835051,0.6161695242568961,0.6628021797169295,0.6343517251861985
seismic-bumps.arff,decision_tree,0.025428898999962257,0.025507375999950455,0.025428295135498047,29,0,4.896551724137931,142,0.0,0.0,0.6457287702113249,0.9474557522123894,0.6457287702113249,0.8412878787878788,0.6983570857810208,0.5340301156084449,0.913659793814433,0.5340301156084449,0.5722517730496454,0.5422232005282853
sick-euthyroid.arff,algorithm_rulekit,0.7482916620001561,2.034949425999912,0.9357976913452148,45,0,3.7111111111111112,167,0.94,0.54,0.9152179090259586,0.9848484848484849,0.9152179090259586,0.9554074244339731,0.9342360924281828,0.9311582556519875,0.9867491166077739,0.9311582556519875,0.9379353233830845,0.9345167622433986
sick-euthyroid.arff,algorithm_cer,13.73422379800013,13.73956933799991,13.753699779510498,44,0,3.9545454545454546,174,0.93,0.56,0.912479161705168,0.9848484848484849,0.912479161705168,0.9579878151971569,0.9338543141268645,0.9316251090600174,0.9876325088339223,0.9316251090600174,0.9454246765760501,0.9384017412935324
sick-euthyroid.arff,algorithm_cer_with_exceptions_prediction_type_0,46.932373708999876,46.949148874,47.0120735168457,17,0,3.0588235294117645,52,0.84,0.59,0.923231721838533,0.984469696969697,0.923231721838533,0.9452682032175868,0.9339242142970077,0.9374875633313435,0.9840989399293286,0.9374875633313435,0.912104390454906,0.9243618869437391
sick-euthyroid.arff,algorithm_cer_with_exceptions_prediction_type_1,46.932373708999876,46.949148874,47.0120735168457,17,0,3.0588235294117645,52,0.84,0.59,0.923231721838533,0.984469696969697,0.923231721838533,0.9452682032175868,0.9339242142970077,0.9374875633313435,0.9840989399293286,0.9374875633313435,0.912104390454906,0.9243618869437391
sick-euthyroid.arff,algorithm_cer_with_exceptions_prediction_type_2,46.932373708999876,46.949148874,47.0120735168457,17,0,3.0588235294117645,52,0.84,0.59,0.923231721838533,0.984469696969697,0.923231721838533,0.9452682032175868,0.9339242142970077,0.9374875633313435,0.9840989399293286,0.9374875633313435,0.912104390454906,0.9243618869437391
sick-euthyroid.arff,algorithm_cer_with_exceptions_prediction_type_3,46.932373708999876,46.949148874,47.0120735168457,17,0,3.0588235294117645,52,0.84,0.59,0.923231721838533,0.984469696969697,0.923231721838533,0.9452682032175868,0.9339242142970077,0.9374875633313435,0.9840989399293286,0.9374875633313435,0.912104390454906,0.9243618869437391
sick-euthyroid.arff,decision_tree,0.08229838899978859,0.08234423500016419,0.08229732513427734,20,0,4.55,91,0.0,0.0,0.9495951417004049,0.9928030303030303,0.9495951417004049,0.9901278639579412,0.9688519754715517,0.9065680917175614,0.9840989399293286,0.9065680917175614,0.9334802121583028,0.9195349645378867
sonar.arff,algorithm_rulekit,0.15041746999986572,0.36606814300012047,0.1719803810119629,18,0,2.6666666666666665,48,1.0,0.35,1.0,1.0,1.0,1.0,1.0,0.775,0.7777777777777778,0.775,0.775,0.775
sonar.arff,algorithm_cer,5.041458774000148,5.93057068600001,5.358426332473755,16,0,2.75,44,1.0,0.38,0.9782608695652174,0.9793103448275862,0.9782608695652174,0.9810126582278481,0.9792114695340501,0.7571428571428571,0.7619047619047619,0.7571428571428571,0.7592592592592593,0.7580025608194623
sonar.arff,algorithm_cer_with_exceptions_prediction_type_0,50.072714560999884,50.08839371099975,50.19132113456726,16,2,1.375,22,0.91,0.41,0.8769069412662089,0.8758620689655172,0.8769069412662089,0.8760464231354642,0.8758089074990483,0.6964285714285714,0.6984126984126984,0.6964285714285714,0.6952332657200812,0.6956521739130435
sonar.arff,algorithm_cer_with_exceptions_prediction_type_1,50.072714560999884,50.08839371099975,50.19132113456726,16,2,1.375,22,0.91,0.41,0.8769069412662089,0.8758620689655172,0.8769069412662089,0.8760464231354642,0.8758089074990483,0.6964285714285714,0.6984126984126984,0.6964285714285714,0.6952332657200812,0.6956521739130435
sonar.arff,algorithm_cer_with_exceptions_prediction_type_2,50.072714560999884,50.08839371099975,50.19132113456726,16,2,1.375,22,0.91,0.41,0.8841533180778032,0.8827586206896552,0.8841533180778032,0.8834221545489152,0.8827363113077399,0.6821428571428572,0.6825396825396826,0.6821428571428572,0.6803030303030303,0.6805273833671399
sonar.arff,algorithm_cer_with_exceptions_prediction_type_3,50.072714560999884,50.08839371099975,50.19132113456726,16,2,1.375,22,0.91,0.41,0.8841533180778032,0.8827586206896552,0.8841533180778032,0.8834221545489152,0.8827363113077399,0.6964285714285714,0.6984126984126984,0.6964285714285714,0.6952332657200812,0.6956521739130435
sonar.arff,decision_tree,0.019724543999927846,0.019780767999691307,0.019724607467651367,12,0,3.75,45,0.0,0.0,0.9716819221967963,0.9724137931034482,0.9716819221967963,0.9733065442020665,0.9723071046600458,0.7535714285714286,0.746031746031746,0.7535714285714286,0.752028397565923,0.7459677419354839
soybean.arff,algorithm_rulekit,0.2000958650000939,0.6869293670001753,0.452512264251709,39,0,3.0256410256410255,118,0.9,0.67,0.958935072717156,0.9372384937238494,0.958935072717156,0.9770030585220705,0.9648139693141398,0.9205536276588909,0.8926829268292683,0.9205536276588909,0.9478584784846128,0.9289472739163143
soybean.arff,algorithm_cer,0.6919005019999531,0.6921454999996968,0.6919145584106445,34,0,2.9705882352941178,101,0.9,0.71,0.9414976511775672,0.9163179916317992,0.9414976511775672,0.9709567479304322,0.9503773020037872,0.9206914722704196,0.8926829268292683,0.9206914722704196,0.951183789513309,0.9292748816297991
soybean.arff,algorithm_cer_with_exceptions_prediction_type_0,2.887204607000058,2.8883815040003356,2.8877100944519043,34,0,2.9705882352941178,101,0.9,0.71,0.9414976511775672,0.9163179916317992,0.9414976511775672,0.9709567479304322,0.9503773020037872,0.9206914722704196,0.8926829268292683,0.9206914722704196,0.951183789513309,0.9292748816297991
soybean.arff,algorithm_cer_with_exceptions_prediction_type_1,2.887204607000058,2.8883815040003356,2.8877100944519043,34,0,2.9705882352941178,101,0.9,0.71,0.9414976511775672,0.9163179916317992,0.9414976511775672,0.9709567479304322,0.9503773020037872,0.9206914722704196,0.8926829268292683,0.9206914722704196,0.951183789513309,0.9292748816297991
soybean.arff,algorithm_cer_with_exceptions_prediction_type_2,2.887204607000058,2.8883815040003356,2.8877100944519043,34,0,2.9705882352941178,101,0.9,0.71,0.9414976511775672,0.9163179916317992,0.9414976511775672,0.9709567479304322,0.9503773020037872,0.9206914722704196,0.8926829268292683,0.9206914722704196,0.951183789513309,0.9292748816297991
soybean.arff,algorithm_cer_with_exceptions_prediction_type_3,2.887204607000058,2.8883815040003356,2.8877100944519043,34,0,2.9705882352941178,101,0.9,0.71,0.9414976511775672,0.9163179916317992,0.9414976511775672,0.9709567479304322,0.9503773020037872,0.9206914722704196,0.8926829268292683,0.9206914722704196,0.951183789513309,0.9292748816297991
soybean.arff,decision_tree,0.03587791100017057,0.03594050799983961,0.035877227783203125,11,0,3.8181818181818183,42,0.0,0.0,0.4879096568400473,0.602510460251046,0.4879096568400473,0.40583584482326945,0.4155126717957508,0.49943319838056677,0.5707317073170731,0.49943319838056677,0.3668241115609537,0.38089523438540024
splice.arff,algorithm_rulekit,2.399156944999959,4.4673315,2.6023871898651123,75,0,2.3066666666666666,173,0.93,0.16,0.9460093152081512,0.9431258396775638,0.9460093152081512,0.9281082497834271,0.9361861839431774,0.9487277278150579,0.9425287356321839,0.9487277278150579,0.9275648078880102,0.9366636750993939
splice.arff,algorithm_cer,7.1160399999998845,7.1202861880001365,7.116219520568848,73,0,2.232876712328767,163,0.93,0.17,0.9445750065449269,0.9408866995073891,0.9445750065449269,0.925396663697601,0.9339950003641898,0.9460231977271607,0.9383490073145245,0.9460231977271607,0.9227440131096234,0.932723617281419
splice.arff,algorithm_cer_with_exceptions_prediction_type_0,41.98044869899968,41.996343814000284,42.04350185394287,40,0,2.225,89,0.86,0.27,0.9381653698651521,0.9319301388266905,0.9381653698651521,0.9150164924422476,0.9251177408525907,0.9377186626308744,0.9268547544409613,0.9377186626308744,0.9101731011208831,0.9216203639740875
splice.arff,algorithm_cer_with_exceptions_prediction_type_1,41.98044869899968,41.996343814000284,42.04350185394287,40,0,2.225,89,0.86,0.27,0.9381653698651521,0.9319301388266905,0.9381653698651521,0.9150164924422476,0.9251177408525907,0.9377186626308744,0.9268547544409613,0.9377186626308744,0.9101731011208831,0.9216203639740875
splice.arff,algorithm_cer_with_exceptions_prediction_type_2,41.98044869899968,41.996343814000284,42.04350185394287,40,0,2.225,89,0.86,0.27,0.9381653698651521,0.9319301388266905,0.9381653698651521,0.9150164924422476,0.9251177408525907,0.9377186626308744,0.9268547544409613,0.9377186626308744,0.9101731011208831,0.9216203639740875
splice.arff,algorithm_cer_with_exceptions_prediction_type_3,41.98044869899968,41.996343814000284,42.04350185394287,40,0,2.225,89,0.86,0.27,0.9381653698651521,0.9319301388266905,0.9381653698651521,0.9150164924422476,0.9251177408525907,0.9377186626308744,0.9268547544409613,0.9377186626308744,0.9101731011208831,0.9216203639740875
splice.arff,decision_tree,0.1701852669998516,0.17023806499992133,0.17019271850585938,27,0,4.814814814814815,130,0.0,0.0,0.9406941784779347,0.9408866995073891,0.9406941784779347,0.9282135624651827,0.9338857902759804,0.9493867954630457,0.9487983281086729,0.9493867954630457,0.9360921069717835,0.9422300923185934
tic-tac-toe.arff,algorithm_rulekit,0.1071710589999384,0.3134813890001169,0.12710976600646973,45,0,3.066666666666667,138,0.94,0.11,0.9455033570126972,0.9567164179104478,0.9455033570126972,0.9596806628056628,0.9519510162496074,0.915953095173166,0.9375,0.915953095173166,0.9419878296146045,0.9272727272727272
tic-tac-toe.arff,algorithm_cer,0.5179480820002027,1.0341741750003166,0.518108606338501,46,0,3.0217391304347827,139,0.92,0.11,0.9370645384472964,0.9507462686567164,0.9370645384472964,0.9551838921815377,0.9450921959396537,0.9001636214889556,0.9270833333333334,0.9001636214889556,0.9343476201752309,0.9143621766280107
tic-tac-toe.arff,algorithm_cer_with_exceptions_prediction_type_0,2.090443551000135,4.182936108999911,2.090803623199463,46,0,3.0217391304347827,139,0.92,0.11,0.9370645384472964,0.9507462686567164,0.9370645384472964,0.9551838921815377,0.9450921959396537,0.9001636214889556,0.9270833333333334,0.9001636214889556,0.9343476201752309,0.9143621766280107
tic-tac-toe.arff,algorithm_cer_with_exceptions_prediction_type_1,2.090443551000135,4.182936108999911,2.090803623199463,46,0,3.0217391304347827,139,0.92,0.11,0.9370645384472964,0.9507462686567164,0.9370645384472964,0.9551838921815377,0.9450921959396537,0.9001636214889556,0.9270833333333334,0.9001636214889556,0.9343476201752309,0.9143621766280107
tic-tac-toe.arff,algorithm_cer_with_exceptions_prediction_type_2,2.090443551000135,4.182936108999911,2.090803623199463,46,0,3.0217391304347827,139,0.92,0.11,0.9370645384472964,0.9507462686567164,0.9370645384472964,0.9551838921815377,0.9450921959396537,0.9001636214889556,0.9270833333333334,0.9001636214889556,0.9343476201752309,0.9143621766280107
tic-tac-toe.arff,algorithm_cer_with_exceptions_prediction_type_3,2.090443551000135,4.182936108999911,2.090803623199463,46,0,3.0217391304347827,139,0.92,0.11,0.9370645384472964,0.9507462686567164,0.9370645384472964,0.9551838921815377,0.9450921959396537,0.9001636214889556,0.9270833333333334,0.9001636214889556,0.9343476201752309,0.9143621766280107
tic-tac-toe.arff,decision_tree,0.014262831999985792,0.030346578999797202,0.01426243782043457,22,0,4.636363636363637,102,0.0,0.0,0.9292932245836623,0.9283582089552239,0.9292932245836623,0.917574241002455,0.9227851140456182,0.8749113716934824,0.8645833333333334,0.8749113716934824,0.8445268644747395,0.8541582808543791
titanic.arff,algorithm_rulekit,0.06475066299981336,0.19623436399979255,0.0741724967956543,13,0,1.5384615384615385,20,0.76,0.38,0.7056422329983367,0.7837662337662338,0.7056422329983367,0.7655709931400652,0.7217578704238741,0.7219418960244648,0.7821482602118003,0.7219418960244648,0.7727768172592648,0.7357409381663114
titanic.arff,algorithm_cer,0.16479486099979113,0.33293990100037263,0.1647934913635254,14,0,1.5,21,0.73,0.42,0.7056422329983367,0.7837662337662338,0.7056422329983367,0.7655709931400652,0.7217578704238741,0.7219418960244648,0.7821482602118003,0.7219418960244648,0.7727768172592648,0.7357409381663114
titanic.arff,algorithm_cer_with_exceptions_prediction_type_0,0.3171698030000698,0.6372907580002902,0.3171675205230713,14,0,1.5,21,0.73,0.42,0.7056422329983367,0.7837662337662338,0.7056422329983367,0.7655709931400652,0.7217578704238741,0.7219418960244648,0.7821482602118003,0.7219418960244648,0.7727768172592648,0.7357409381663114
titanic.arff,algorithm_cer_with_exceptions_prediction_type_1,0.3171698030000698,0.6372907580002902,0.3171675205230713,14,0,1.5,21,0.73,0.42,0.7056422329983367,0.7837662337662338,0.7056422329983367,0.7655709931400652,0.7217578704238741,0.7219418960244648,0.7821482602118003,0.7219418960244648,0.7727768172592648,0.7357409381663114
titanic.arff,algorithm_cer_with_exceptions_prediction_type_2,0.3171698030000698,0.6372907580002902,0.3171675205230713,14,0,1.5,21,0.73,0.42,0.7056422329983367,0.7837662337662338,0.7056422329983367,0.7655709931400652,0.7217578704238741,0.7219418960244648,0.7821482602118003,0.7219418960244648,0.7727768172592648,0.7357409381663114
titanic.arff,algorithm_cer_with_exceptions_prediction_type_3,0.3171698030000698,0.6372907580002902,0.3171675205230713,14,0,1.5,21,0.73,0.42,0.7056422329983367,0.7837662337662338,0.7056422329983367,0.7655709931400652,0.7217578704238741,0.7219418960244648,0.7821482602118003,0.7219418960244648,0.7727768172592648,0.7357409381663114
titanic.arff,decision_tree,0.012161622999883548,0.024224510999829363,0.0121612548828125,12,0,3.8333333333333335,46,0.0,0.0,0.6783837389993831,0.7935064935064935,0.6783837389993831,0.8594989298753619,0.698010167459689,0.6929765545361876,0.783661119515885,0.6929765545361876,0.8320179592409415,0.7094862692668233
vehicle.arff,algorithm_rulekit,0.19082437799988838,1.3588239650002834,0.3898918628692627,80,0,3.9125,313,0.9,0.2,0.9241313602359944,0.9206081081081081,0.9241313602359944,0.9217079264564311,0.9227564539952526,0.726245294632138,0.7322834645669292,0.726245294632138,0.7169156184486374,0.7147458455522971
vehicle.arff,algorithm_cer,15.177761613999792,17.540450691999922,15.177972555160522,78,0,4.0,312,0.87,0.21,0.872223462925882,0.8665540540540541,0.872223462925882,0.8670978927087949,0.8688501132392159,0.7206866213743132,0.7244094488188977,0.7206866213743132,0.7213181426416719,0.7113280852954549
vehicle.arff,algorithm_cer_with_exceptions_prediction_type_0,115.92888476899998,115.97007510100002,116.26796197891235,76,0,3.8026315789473686,289,0.87,0.21,0.8766451257379558,0.8716216216216216,0.8766451257379558,0.8720333250176582,0.8736938540426129,0.7204529261843803,0.7283464566929134,0.7204529261843803,0.7131106327063969,0.7080232617981576
vehicle.arff,algorithm_cer_with_exceptions_prediction_type_1,115.92888476899998,115.97007510100002,116.26796197891235,76,0,3.8026315789473686,289,0.87,0.21,0.8766451257379558,0.8716216216216216,0.8766451257379558,0.8720333250176582,0.8736938540426129,0.7204529261843803,0.7283464566929134,0.7204529261843803,0.7131106327063969,0.7080232617981576
vehicle.arff,algorithm_cer_with_exceptions_prediction_type_2,115.92888476899998,115.97007510100002,116.26796197891235,76,0,3.8026315789473686,289,0.87,0.21,0.8766451257379558,0.8716216216216216,0.8766451257379558,0.8720333250176582,0.8736938540426129,0.7204529261843803,0.7283464566929134,0.7204529261843803,0.7131106327063969,0.7080232617981576
vehicle.arff,algorithm_cer_with_exceptions_prediction_type_3,115.92888476899998,115.97007510100002,116.26796197891235,76,0,3.8026315789473686,289,0.87,0.21,0.8766451257379558,0.8716216216216216,0.8766451257379558,0.8720333250176582,0.8736938540426129,0.7204529261843803,0.7283464566929134,0.7204529261843803,0.7131106327063969,0.7080232617981576
vehicle.arff,decision_tree,0.012222207000377239,0.012283472000035545,0.012221813201904297,23,0,4.695652173913044,108,0.0,0.0,0.7933812350090403,0.7871621621621622,0.7933812350090403,0.7902479339034165,0.7916360935834894,0.699263899895791,0.7125984251968503,0.699263899895791,0.7090797857604579,0.6944223510107745
vote.arff,algorithm_rulekit,0.06591586900003676,0.12646985000037603,0.0782475471496582,6,0,1.5,9,0.9,0.86,0.949378490362097,0.9539473684210527,0.949378490362097,0.9546200109349372,0.9518115942028986,0.9180306905370844,0.9389312977099237,0.9180306905370844,0.9490384615384615,0.9307610993657505
vote.arff,algorithm_cer,0.055117825999786874,0.05519181399995432,0.055117130279541016,6,0,1.5,9,0.9,0.86,0.949378490362097,0.9539473684210527,0.949378490362097,0.9546200109349372,0.9518115942028986,0.9180306905370844,0.9389312977099237,0.9180306905370844,0.9490384615384615,0.9307610993657505
vote.arff,algorithm_cer_with_exceptions_prediction_type_0,0.2389324979999401,0.2390671520001888,0.23893094062805176,6,0,1.3333333333333333,8,0.9,0.86,0.9438839848675915,0.9473684210526315,0.9438839848675915,0.9463768115942028,0.9450842252630628,0.9180306905370844,0.9389312977099237,0.9180306905370844,0.9490384615384615,0.9307610993657505
vote.arff,algorithm_cer_with_exceptions_prediction_type_1,0.2389324979999401,0.2390671520001888,0.23893094062805176,6,0,1.3333333333333333,8,0.9,0.86,0.9438839848675915,0.9473684210526315,0.9438839848675915,0.9463768115942028,0.9450842252630628,0.9180306905370844,0.9389312977099237,0.9180306905370844,0.9490384615384615,0.9307610993657505
vote.arff,algorithm_cer_with_exceptions_prediction_type_2,0.2389324979999401,0.2390671520001888,0.23893094062805176,6,0,1.3333333333333333,8,0.9,0.86,0.9438839848675915,0.9473684210526315,0.9438839848675915,0.9463768115942028,0.9450842252630628,0.9180306905370844,0.9389312977099237,0.9180306905370844,0.9490384615384615,0.9307610993657505
vote.arff,algorithm_cer_with_exceptions_prediction_type_3,0.2389324979999401,0.2390671520001888,0.23893094062805176,6,0,1.3333333333333333,8,0.9,0.86,0.9438839848675915,0.9473684210526315,0.9438839848675915,0.9463768115942028,0.9450842252630628,0.9180306905370844,0.9389312977099237,0.9180306905370844,0.9490384615384615,0.9307610993657505
vote.arff,decision_tree,0.014513291999719513,0.014582663000055618,0.014513015747070312,16,0,4.3125,69,0.0,0.0,0.9589713565123401,0.9638157894736842,0.9589713565123401,0.9657891128479363,0.9620822986472543,0.9388746803069054,0.9465648854961832,0.9388746803069054,0.9434108527131784,0.9410706252811516
wine.arff,algorithm_rulekit,0.048318334000214236,0.11744088100022054,0.06016182899475098,10,0,2.1,21,1.0,0.81,1.0,1.0,1.0,1.0,1.0,1.0,1.0,1.0,1.0,1.0
wine.arff,algorithm_cer,0.3105539189996307,0.31061851000004026,0.3105602264404297,7,0,2.142857142857143,15,1.0,0.83,0.9833333333333334,0.9838709677419355,0.9833333333333334,0.9871794871794872,0.9849170437405732,1.0,1.0,1.0,1.0,1.0
wine.arff,algorithm_cer_with_exceptions_prediction_type_0,3.239360539000245,3.240631933000259,3.264293909072876,7,0,1.4285714285714286,10,0.96,0.84,0.9833333333333334,0.9838709677419355,0.9833333333333334,0.9871794871794872,0.9849170437405732,1.0,1.0,1.0,1.0,1.0
wine.arff,algorithm_cer_with_exceptions_prediction_type_1,3.239360539000245,3.240631933000259,3.264293909072876,7,0,1.4285714285714286,10,0.96,0.84,0.9833333333333334,0.9838709677419355,0.9833333333333334,0.9871794871794872,0.9849170437405732,1.0,1.0,1.0,1.0,1.0
wine.arff,algorithm_cer_with_exceptions_prediction_type_2,3.239360539000245,3.240631933000259,3.264293909072876,7,0,1.4285714285714286,10,0.96,0.84,0.9833333333333334,0.9838709677419355,0.9833333333333334,0.9871794871794872,0.9849170437405732,1.0,1.0,1.0,1.0,1.0
wine.arff,algorithm_cer_with_exceptions_prediction_type_3,3.239360539000245,3.240631933000259,3.264293909072876,7,0,1.4285714285714286,10,0.96,0.84,0.9833333333333334,0.9838709677419355,0.9833333333333334,0.9871794871794872,0.9849170437405732,1.0,1.0,1.0,1.0,1.0
wine.arff,decision_tree,0.00719635300038135,0.007234605000121519,0.007196187973022461,7,0,3.0,21,0.0,0.0,0.985,0.9838709677419355,0.985,0.985,0.985,0.9761904761904763,0.9814814814814815,0.9761904761904763,0.9848484848484849,0.9799023830031581
yeast.arff,algorithm_rulekit,0.2160278350002045,0.8316311270000369,0.29050159454345703,164,0,4.573170731707317,750,0.73,0.34,0.5989655341667964,0.6714836223506744,0.5989655341667964,0.6113297831458201,0.6022358784581051,0.45881166503208426,0.5896860986547086,0.45881166503208426,0.4627489508762539,0.45705900982964465
yeast.arff,algorithm_cer,16.770715513999676,17.204582459999983,16.792755365371704,157,0,4.617834394904459,725,0.74,0.33,0.5923521135136481,0.6714836223506744,0.5923521135136481,0.7050000671992338,0.6014684419584538,0.4486842400297437,0.5896860986547086,0.4486842400297437,0.477939023939024,0.4565193337935702
yeast.arff,algorithm_cer_with_exceptions_prediction_type_0,93.41847024400022,93.45732159700037,93.7150011062622,155,1,4.587096774193548,711,0.73,0.33,0.5901292807975242,0.6657032755298651,0.5901292807975242,0.7017793479565828,0.5986420808422688,0.4472982892185055,0.5874439461883408,0.4472982892185055,0.4808801229528752,0.4566224772714449
yeast.arff,algorithm_cer_with_exceptions_prediction_type_1,93.41847024400022,93.45732159700037,93.7150011062622,155,1,4.587096774193548,711,0.73,0.33,0.5901292807975242,0.6657032755298651,0.5901292807975242,0.7017793479565828,0.5986420808422688,0.4472982892185055,0.5874439461883408,0.4472982892185055,0.4808801229528752,0.4566224772714449
yeast.arff,algorithm_cer_with_exceptions_prediction_type_2,93.41847024400022,93.45732159700037,93.7150011062622,155,1,4.587096774193548,711,0.73,0.33,0.5901292807975242,0.6657032755298651,0.5901292807975242,0.7017793479565828,0.5986420808422688,0.4472982892185055,0.5874439461883408,0.4472982892185055,0.4808801229528752,0.4566224772714449
yeast.arff,algorithm_cer_with_exceptions_prediction_type_3,93.41847024400022,93.45732159700037,93.7150011062622,155,1,4.587096774193548,711,0.73,0.33,0.5901292807975242,0.6657032755298651,0.5901292807975242,0.7017793479565828,0.5986420808422688,0.4472982892185055,0.5874439461883408,0.4472982892185055,0.4808801229528752,0.4566224772714449
yeast.arff,decision_tree,0.008769674000177474,0.008883095999863144,0.008769750595092773,27,0,4.814814814814815,130,0.0,0.0,0.47915250948450394,0.630057803468208,0.47915250948450394,0.4910478203212418,0.4690536354824662,0.4429387941896394,0.5582959641255605,0.4429387941896394,0.4691100889249038,0.4457240533090457
zoo.arff,algorithm_rulekit,0.0440425229999164,0.10855301799983863,0.05635857582092285,8,0,2.25,18,1.0,0.93,1.0,1.0,1.0,1.0,1.0,0.8095238095238095,0.9354838709677419,0.8095238095238095,0.824404761904762,0.81097612065354
zoo.arff,algorithm_cer,0.051214307000009285,0.05126659600000494,0.05121350288391113,10,0,2.4,24,1.0,0.82,0.9591836734693878,0.9714285714285714,0.9591836734693878,0.9897959183673469,0.9708994708994708,0.8095238095238095,0.9354838709677419,0.8095238095238095,0.824404761904762,0.81097612065354
zoo.arff,algorithm_cer_with_exceptions_prediction_type_0,0.05146555800001806,0.05148282999971343,0.05147433280944824,10,0,2.4,24,1.0,0.82,0.9591836734693878,0.9714285714285714,0.9591836734693878,0.9897959183673469,0.9708994708994708,0.8095238095238095,0.9354838709677419,0.8095238095238095,0.824404761904762,0.81097612065354
zoo.arff,algorithm_cer_with_exceptions_prediction_type_1,0.05146555800001806,0.05148282999971343,0.05147433280944824,10,0,2.4,24,1.0,0.82,0.9591836734693878,0.9714285714285714,0.9591836734693878,0.9897959183673469,0.9708994708994708,0.8095238095238095,0.9354838709677419,0.8095238095238095,0.824404761904762,0.81097612065354
zoo.arff,algorithm_cer_with_exceptions_prediction_type_2,0.05146555800001806,0.05148282999971343,0.05147433280944824,10,0,2.4,24,1.0,0.82,0.9591836734693878,0.9714285714285714,0.9591836734693878,0.9897959183673469,0.9708994708994708,0.8095238095238095,0.9354838709677419,0.8095238095238095,0.824404761904762,0.81097612065354
zoo.arff,algorithm_cer_with_exceptions_prediction_type_3,0.05146555800001806,0.05148282999971343,0.05147433280944824,10,0,2.4,24,1.0,0.82,0.9591836734693878,0.9714285714285714,0.9591836734693878,0.9897959183673469,0.9708994708994708,0.8095238095238095,0.9354838709677419,0.8095238095238095,0.824404761904762,0.81097612065354
zoo.arff,decision_tree,0.012851596000018617,0.012873407999904884,0.012851238250732422,6,0,3.3333333333333335,20,0.0,0.0,0.8163265306122449,0.9428571428571428,0.8163265306122449,0.7523809523809524,0.7690476190476191,0.8285714285714285,0.9032258064516129,0.8285714285714285,0.7261904761904762,0.7494331065759637
