2026-04-14 12:06:15,520 - INFO - **********Starting experiment for friedman.arff with algorithm**********
2026-04-14 12:06:15,530 - INFO - *******GROWING CR RULE*******
2026-04-14 12:06:17,407 - INFO - Iteracja 0: condition_best: Input2 <= 0.01, quality_best: 0.389, coverage_best: (p=11, n=2, P=437, N=763)
2026-04-14 12:06:17,408 - INFO - Regula po iteracji 0: IF Input2 <= 0.01 THEN class = {9.43} [5.65, 13.21], (p=11, n=2, P=437, N=763)
2026-04-14 12:06:17,408 - INFO - *****GROWING RR RULE*****
2026-04-14 12:06:20,023 - INFO - Iteracja 0: condition_best: Input4 <= 0.20, quality_best: 0.326, coverage_best: (p=149, n=68, P=459, N=741), p_value: 3
2026-04-14 12:06:20,023 - INFO - Regula po iteracji 0: IF Input4 <= 0.20 THEN class = {14.57} [9.38, 19.75], (p=149, n=68, P=459, N=741)
2026-04-14 12:06:20,287 - INFO - Iteracja 1: condition_best: None, quality_best: -inf, coverage_best: (p=0, n=0, P=0, N=0), p_value: 3
2026-04-14 12:06:20,287 - INFO - Regula po iteracji 1: IF Input4 <= 0.20 THEN class = {9.58} [5.55, 13.61], (p=149, n=68, P=459, N=741)
2026-04-14 12:06:20,287 - INFO - *****STOP GROWING RR RULE*****
2026-04-14 12:06:20,287 - INFO - ***RR FOUND***
2026-04-14 12:06:20,287 - INFO - Reference rule: IF Input4 <= 0.20 THEN class = {9.58} [5.55, 13.61]
2026-04-14 12:06:20,287 - INFO - ***CHECKING EXCEPTION***
2026-04-14 12:06:20,289 - INFO - *******STOP GROWING CR RULE*******
2026-04-14 12:06:20,297 - INFO - *******GROWING CR RULE*******
2026-04-14 12:06:21,967 - INFO - Iteracja 0: condition_best: Input1 <= 0.13, quality_best: 0.374, coverage_best: (p=115, n=42, P=422, N=778)
2026-04-14 12:06:21,967 - INFO - Regula po iteracji 0: IF Input1 <= 0.13 THEN class = {9.52} [5.89, 13.15], (p=115, n=42, P=422, N=778)
2026-04-14 12:06:21,967 - INFO - *****GROWING RR RULE*****
2026-04-14 12:06:24,221 - INFO - Iteracja 0: condition_best: Input4 <= 0.05, quality_best: 0.327, coverage_best: (p=47, n=17, P=425, N=775), p_value: 14
2026-04-14 12:06:24,222 - INFO - Regula po iteracji 0: IF Input4 <= 0.05 THEN class = {14.57} [9.38, 19.75], (p=47, n=17, P=425, N=775)
2026-04-14 12:06:24,289 - INFO - Iteracja 1: condition_best: None, quality_best: -inf, coverage_best: (p=0, n=0, P=0, N=0), p_value: 14
2026-04-14 12:06:24,290 - INFO - Regula po iteracji 1: IF Input4 <= 0.05 THEN class = {8.87} [4.94, 12.80], (p=47, n=17, P=425, N=775)
2026-04-14 12:06:24,290 - INFO - *****STOP GROWING RR RULE*****
2026-04-14 12:06:24,290 - INFO - ***RR FOUND***
2026-04-14 12:06:24,290 - INFO - Reference rule: IF Input4 <= 0.05 THEN class = {8.87} [4.94, 12.80]
2026-04-14 12:06:24,290 - INFO - ***CHECKING EXCEPTION***
2026-04-14 12:06:24,292 - INFO - *******STOP GROWING CR RULE*******
2026-04-14 12:06:24,299 - INFO - *******GROWING CR RULE*******
2026-04-14 12:06:25,924 - INFO - Iteracja 0: condition_best: Input1 >= 0.99, quality_best: 0.366, coverage_best: (p=17, n=3, P=577, N=623)
2026-04-14 12:06:25,925 - INFO - Regula po iteracji 0: IF Input1 >= 0.99 THEN class = {15.96} [12.22, 19.70], (p=17, n=3, P=577, N=623)
2026-04-14 12:06:25,925 - INFO - *****GROWING RR RULE*****
2026-04-14 12:06:28,386 - INFO - Iteracja 0: condition_best: Input1 <= 0.99, quality_best: -0.012, coverage_best: (p=755, n=428, P=771, N=429), p_value: 3
2026-04-14 12:06:28,386 - INFO - Regula po iteracji 0: IF Input1 <= 0.99 THEN class = {14.57} [9.38, 19.75], (p=755, n=428, P=771, N=429)
2026-04-14 12:06:30,517 - INFO - Iteracja 1: condition_best: None, quality_best: -inf, coverage_best: (p=0, n=0, P=0, N=0), p_value: 3
2026-04-14 12:06:30,517 - INFO - Regula po iteracji 1: IF Input1 <= 0.99 THEN class = {14.56} [9.35, 19.76], (p=755, n=428, P=771, N=429)
2026-04-14 12:06:30,517 - INFO - *****STOP GROWING RR RULE*****
2026-04-14 12:06:30,517 - INFO - ***RR FOUND***
2026-04-14 12:06:30,517 - INFO - Reference rule: IF Input1 <= 0.99 THEN class = {14.56} [9.35, 19.76]
2026-04-14 12:06:30,517 - INFO - ***CHECKING EXCEPTION***
2026-04-14 12:06:30,519 - INFO - *******STOP GROWING CR RULE*******
2026-04-14 12:06:30,526 - INFO - *******GROWING CR RULE*******
2026-04-14 12:06:32,134 - INFO - Iteracja 0: condition_best: Input4 <= 0.12, quality_best: 0.365, coverage_best: (p=92, n=33, P=414, N=786)
2026-04-14 12:06:32,135 - INFO - Regula po iteracji 0: IF Input4 <= 0.12 THEN class = {8.70} [4.81, 12.60], (p=92, n=33, P=414, N=786)
2026-04-14 12:06:32,135 - INFO - *****GROWING RR RULE*****
2026-04-14 12:06:34,411 - INFO - Iteracja 0: condition_best: Input1 <= 0.05, quality_best: 0.335, coverage_best: (p=50, n=21, P=344, N=856), p_value: 16
2026-04-14 12:06:34,412 - INFO - Regula po iteracji 0: IF Input1 <= 0.05 THEN class = {14.57} [9.38, 19.75], (p=50, n=21, P=344, N=856)
2026-04-14 12:06:34,489 - INFO - Iteracja 1: condition_best: None, quality_best: -inf, coverage_best: (p=0, n=0, P=0, N=0), p_value: 16
2026-04-14 12:06:34,489 - INFO - Regula po iteracji 1: IF Input1 <= 0.05 THEN class = {8.31} [4.84, 11.79], (p=50, n=21, P=344, N=856)
2026-04-14 12:06:34,489 - INFO - *****STOP GROWING RR RULE*****
2026-04-14 12:06:34,489 - INFO - ***RR FOUND***
2026-04-14 12:06:34,489 - INFO - Reference rule: IF Input1 <= 0.05 THEN class = {8.31} [4.84, 11.79]
2026-04-14 12:06:34,489 - INFO - ***CHECKING EXCEPTION***
2026-04-14 12:06:34,491 - INFO - *******STOP GROWING CR RULE*******
2026-04-14 12:06:34,498 - INFO - *******GROWING CR RULE*******
2026-04-14 12:06:36,403 - INFO - Iteracja 0: condition_best: Input4 <= 0.13, quality_best: 0.358, coverage_best: (p=99, n=38, P=413, N=787)
2026-04-14 12:06:36,403 - INFO - Regula po iteracji 0: IF Input4 <= 0.13 THEN class = {8.72} [4.83, 12.60], (p=99, n=38, P=413, N=787)
2026-04-14 12:06:36,403 - INFO - *****GROWING RR RULE*****
2026-04-14 12:06:38,693 - INFO - Iteracja 0: condition_best: Input1 <= 0.05, quality_best: 0.335, coverage_best: (p=50, n=21, P=344, N=856), p_value: 17
2026-04-14 12:06:38,693 - INFO - Regula po iteracji 0: IF Input1 <= 0.05 THEN class = {14.57} [9.38, 19.75], (p=50, n=21, P=344, N=856)
2026-04-14 12:06:38,762 - INFO - Iteracja 1: condition_best: None, quality_best: -inf, coverage_best: (p=0, n=0, P=0, N=0), p_value: 17
2026-04-14 12:06:38,762 - INFO - Regula po iteracji 1: IF Input1 <= 0.05 THEN class = {8.31} [4.84, 11.79], (p=50, n=21, P=344, N=856)
2026-04-14 12:06:38,762 - INFO - *****STOP GROWING RR RULE*****
2026-04-14 12:06:38,762 - INFO - ***RR FOUND***
2026-04-14 12:06:38,763 - INFO - Reference rule: IF Input1 <= 0.05 THEN class = {8.31} [4.84, 11.79]
2026-04-14 12:06:38,763 - INFO - ***CHECKING EXCEPTION***
2026-04-14 12:06:38,764 - INFO - *******STOP GROWING CR RULE*******
2026-04-14 12:06:38,770 - INFO - *******GROWING CR RULE*******
2026-04-14 12:06:40,371 - INFO - Iteracja 0: condition_best: Input1 <= 0.13, quality_best: 0.355, coverage_best: (p=117, n=45, P=441, N=759)
2026-04-14 12:06:40,372 - INFO - Regula po iteracji 0: IF Input1 <= 0.13 THEN class = {9.72} [5.95, 13.48], (p=117, n=45, P=441, N=759)
2026-04-14 12:06:40,372 - INFO - *****GROWING RR RULE*****
2026-04-14 12:06:42,643 - INFO - Iteracja 0: condition_best: Input4 <= 0.05, quality_best: 0.327, coverage_best: (p=47, n=17, P=425, N=775), p_value: 14
2026-04-14 12:06:42,643 - INFO - Regula po iteracji 0: IF Input4 <= 0.05 THEN class = {14.57} [9.38, 19.75], (p=47, n=17, P=425, N=775)
2026-04-14 12:06:42,705 - INFO - Iteracja 1: condition_best: None, quality_best: -inf, coverage_best: (p=0, n=0, P=0, N=0), p_value: 14
2026-04-14 12:06:42,706 - INFO - Regula po iteracji 1: IF Input4 <= 0.05 THEN class = {8.87} [4.94, 12.80], (p=47, n=17, P=425, N=775)
2026-04-14 12:06:42,706 - INFO - *****STOP GROWING RR RULE*****
2026-04-14 12:06:42,706 - INFO - ***RR FOUND***
2026-04-14 12:06:42,706 - INFO - Reference rule: IF Input4 <= 0.05 THEN class = {8.87} [4.94, 12.80]
2026-04-14 12:06:42,706 - INFO - ***CHECKING EXCEPTION***
2026-04-14 12:06:42,707 - INFO - *******STOP GROWING CR RULE*******
2026-04-14 12:06:42,714 - INFO - *******GROWING CR RULE*******
2026-04-14 12:06:44,303 - INFO - Iteracja 0: condition_best: Input4 <= 0.15, quality_best: 0.345, coverage_best: (p=111, n=42, P=458, N=742)
2026-04-14 12:06:44,304 - INFO - Regula po iteracji 0: IF Input4 <= 0.15 THEN class = {9.17} [5.11, 13.23], (p=111, n=42, P=458, N=742)
2026-04-14 12:06:44,304 - INFO - *****GROWING RR RULE*****
2026-04-14 12:06:46,878 - INFO - Iteracja 0: condition_best: Input1 <= 0.06, quality_best: 0.364, coverage_best: (p=61, n=20, P=398, N=802), p_value: 19
2026-04-14 12:06:46,879 - INFO - Regula po iteracji 0: IF Input1 <= 0.06 THEN class = {14.57} [9.38, 19.75], (p=61, n=20, P=398, N=802)
2026-04-14 12:06:46,960 - INFO - Iteracja 1: condition_best: None, quality_best: -inf, coverage_best: (p=0, n=0, P=0, N=0), p_value: 19
2026-04-14 12:06:46,961 - INFO - Regula po iteracji 1: IF Input1 <= 0.06 THEN class = {8.82} [5.16, 12.48], (p=61, n=20, P=398, N=802)
2026-04-14 12:06:46,961 - INFO - *****STOP GROWING RR RULE*****
2026-04-14 12:06:46,961 - INFO - ***RR FOUND***
2026-04-14 12:06:46,961 - INFO - Reference rule: IF Input1 <= 0.06 THEN class = {8.82} [5.16, 12.48]
2026-04-14 12:06:46,961 - INFO - ***CHECKING EXCEPTION***
2026-04-14 12:06:46,962 - INFO - *******STOP GROWING CR RULE*******
2026-04-14 12:06:46,969 - INFO - *******GROWING CR RULE*******
2026-04-14 12:06:48,548 - INFO - Iteracja 0: condition_best: Input5 <= 0.01, quality_best: 0.341, coverage_best: (p=5, n=1, P=581, N=619)
2026-04-14 12:06:48,549 - INFO - Regula po iteracji 0: IF Input5 <= 0.01 THEN class = {12.99} [9.27, 16.72], (p=5, n=1, P=581, N=619)
2026-04-14 12:06:48,549 - INFO - *****GROWING RR RULE*****
2026-04-14 12:06:52,608 - INFO - Iteracja 0: condition_best: None, quality_best: -inf, coverage_best: (p=0, n=0, P=0, N=0), p_value: 0
2026-04-14 12:06:52,609 - INFO - Regula po iteracji 0: IF  THEN class = {14.57} [9.38, 19.75], (p=768, n=432, P=768, N=432)
2026-04-14 12:06:52,609 - INFO - *****STOP GROWING RR RULE*****
2026-04-14 12:06:52,609 - INFO - ***RR NOT FOUND***
2026-04-14 12:06:52,612 - INFO - Iteracja 1: condition_best: Input1 >= 0.27, quality_best: 0.37, coverage_best: (p=4, n=1, P=309, N=891)
2026-04-14 12:06:52,612 - INFO - Regula po iteracji 1: IF Input5 <= 0.01 AND Input1 >= 0.27 THEN class = {14.48} [12.65, 16.31], (p=4, n=1, P=309, N=891)
2026-04-14 12:06:52,613 - INFO - *****GROWING RR RULE*****
2026-04-14 12:06:54,742 - INFO - Iteracja 0: condition_best: None, quality_best: -inf, coverage_best: (p=0, n=0, P=0, N=0), p_value: 0
2026-04-14 12:06:54,743 - INFO - Regula po iteracji 0: IF  THEN class = {14.57} [9.38, 19.75], (p=768, n=432, P=768, N=432)
2026-04-14 12:06:54,743 - INFO - *****STOP GROWING RR RULE*****
2026-04-14 12:06:54,743 - INFO - ***RR NOT FOUND***
2026-04-14 12:06:54,745 - INFO - Iteracja 2: condition_best: None, quality_best: -inf, coverage_best: (p=0, n=0, P=0, N=0)
2026-04-14 12:06:54,745 - INFO - Regula po iteracji 2: IF Input5 <= 0.01 AND Input1 >= 0.27 THEN class = {14.48} [12.65, 16.31], (p=4, n=1, P=309, N=891)
2026-04-14 12:06:54,745 - INFO - *******STOP GROWING CR RULE*******
2026-04-14 12:06:54,751 - INFO - *******GROWING CR RULE*******
2026-04-14 12:06:56,630 - INFO - Iteracja 0: condition_best: Input4 <= 0.20, quality_best: 0.34, coverage_best: (p=150, n=64, P=462, N=738)
2026-04-14 12:06:56,630 - INFO - Regula po iteracji 0: IF Input4 <= 0.20 THEN class = {9.56} [5.51, 13.61], (p=150, n=64, P=462, N=738)
2026-04-14 12:06:56,630 - INFO - *****GROWING RR RULE*****
2026-04-14 12:06:58,903 - INFO - Iteracja 0: condition_best: Input1 <= 0.02, quality_best: 0.276, coverage_best: (p=22, n=10, P=412, N=788), p_value: 8
2026-04-14 12:06:58,903 - INFO - Regula po iteracji 0: IF Input1 <= 0.02 THEN class = {14.57} [9.38, 19.75], (p=22, n=10, P=412, N=788)
2026-04-14 12:06:58,936 - INFO - Iteracja 1: condition_best: None, quality_best: -inf, coverage_best: (p=0, n=0, P=0, N=0), p_value: 8
2026-04-14 12:06:58,936 - INFO - Regula po iteracji 1: IF Input1 <= 0.02 THEN class = {9.03} [5.37, 12.70], (p=22, n=10, P=412, N=788)
2026-04-14 12:06:58,936 - INFO - *****STOP GROWING RR RULE*****
2026-04-14 12:06:58,936 - INFO - ***RR FOUND***
2026-04-14 12:06:58,936 - INFO - Reference rule: IF Input1 <= 0.02 THEN class = {9.03} [5.37, 12.70]
2026-04-14 12:06:58,936 - INFO - ***CHECKING EXCEPTION***
2026-04-14 12:06:58,938 - INFO - *******STOP GROWING CR RULE*******
2026-04-14 12:06:58,944 - INFO - *******GROWING CR RULE*******
2026-04-14 12:07:00,524 - INFO - Iteracja 0: condition_best: Input1 <= 0.14, quality_best: 0.335, coverage_best: (p=119, n=50, P=446, N=754)
2026-04-14 12:07:00,524 - INFO - Regula po iteracji 0: IF Input1 <= 0.14 THEN class = {9.79} [5.96, 13.62], (p=119, n=50, P=446, N=754)
2026-04-14 12:07:00,525 - INFO - *****GROWING RR RULE*****
2026-04-14 12:07:02,771 - INFO - Iteracja 0: condition_best: Input4 <= 0.02, quality_best: 0.244, coverage_best: (p=19, n=9, P=473, N=727), p_value: 7
2026-04-14 12:07:02,771 - INFO - Regula po iteracji 0: IF Input4 <= 0.02 THEN class = {14.57} [9.38, 19.75], (p=19, n=9, P=473, N=727)
2026-04-14 12:07:02,799 - INFO - Iteracja 1: condition_best: None, quality_best: -inf, coverage_best: (p=0, n=0, P=0, N=0), p_value: 7
2026-04-14 12:07:02,800 - INFO - Regula po iteracji 1: IF Input4 <= 0.02 THEN class = {8.73} [4.16, 13.30], (p=19, n=9, P=473, N=727)
2026-04-14 12:07:02,800 - INFO - *****STOP GROWING RR RULE*****
2026-04-14 12:07:02,800 - INFO - ***RR FOUND***
2026-04-14 12:07:02,800 - INFO - Reference rule: IF Input4 <= 0.02 THEN class = {8.73} [4.16, 13.30]
2026-04-14 12:07:02,800 - INFO - ***CHECKING EXCEPTION***
2026-04-14 12:07:02,801 - INFO - *******STOP GROWING CR RULE*******
2026-04-14 12:07:02,807 - INFO - *******GROWING CR RULE*******
2026-04-14 12:07:04,685 - INFO - Iteracja 0: condition_best: Input1 >= 0.98, quality_best: 0.331, coverage_best: (p=22, n=5, P=585, N=615)
2026-04-14 12:07:04,686 - INFO - Regula po iteracji 0: IF Input1 >= 0.98 THEN class = {15.89} [12.10, 19.69], (p=22, n=5, P=585, N=615)
2026-04-14 12:07:04,686 - INFO - *****GROWING RR RULE*****
2026-04-14 12:07:07,334 - INFO - Iteracja 0: condition_best: None, quality_best: -inf, coverage_best: (p=0, n=0, P=0, N=0), p_value: 0
2026-04-14 12:07:07,335 - INFO - Regula po iteracji 0: IF  THEN class = {14.57} [9.38, 19.75], (p=768, n=432, P=768, N=432)
2026-04-14 12:07:07,335 - INFO - *****STOP GROWING RR RULE*****
2026-04-14 12:07:07,335 - INFO - ***RR NOT FOUND***
2026-04-14 12:07:07,351 - INFO - Iteracja 1: condition_best: Input2 <= 0.97, quality_best: 0.374, coverage_best: (p=22, n=4, P=545, N=655)
2026-04-14 12:07:07,351 - INFO - Regula po iteracji 1: IF Input1 >= 0.98 AND Input2 <= 0.97 THEN class = {16.18} [12.62, 19.75], (p=22, n=4, P=545, N=655)
2026-04-14 12:07:07,351 - INFO - *****GROWING RR RULE*****
2026-04-14 12:07:09,588 - INFO - Iteracja 0: condition_best: None, quality_best: -inf, coverage_best: (p=0, n=0, P=0, N=0), p_value: 0
2026-04-14 12:07:09,588 - INFO - Regula po iteracji 0: IF  THEN class = {14.57} [9.38, 19.75], (p=768, n=432, P=768, N=432)
2026-04-14 12:07:09,588 - INFO - *****STOP GROWING RR RULE*****
2026-04-14 12:07:09,588 - INFO - ***RR NOT FOUND***
2026-04-14 12:07:09,601 - INFO - Iteracja 2: condition_best: Input1 <= 1.00, quality_best: 0.397, coverage_best: (p=18, n=3, P=470, N=730)
2026-04-14 12:07:09,601 - INFO - Regula po iteracji 2: IF Input1 >= 0.98 AND Input2 <= 0.97 AND Input1 <= 1.00 THEN class = {16.86} [13.83, 19.90], (p=18, n=3, P=470, N=730)
2026-04-14 12:07:09,601 - INFO - *****GROWING RR RULE*****
2026-04-14 12:07:12,121 - INFO - Iteracja 0: condition_best: None, quality_best: -inf, coverage_best: (p=0, n=0, P=0, N=0), p_value: 0
2026-04-14 12:07:12,121 - INFO - Regula po iteracji 0: IF  THEN class = {14.57} [9.38, 19.75], (p=768, n=432, P=768, N=432)
2026-04-14 12:07:12,122 - INFO - *****STOP GROWING RR RULE*****
2026-04-14 12:07:12,122 - INFO - ***RR NOT FOUND***
2026-04-14 12:07:12,132 - INFO - Iteracja 3: condition_best: Input1 <= 1.00, quality_best: 0.388, coverage_best: (p=17, n=3, P=479, N=721)
2026-04-14 12:07:12,132 - INFO - Regula po iteracji 3: IF Input1 >= 0.98 AND Input2 <= 0.97 AND Input1 <= 1.00 AND Input1 <= 1.00 THEN class = {16.74} [13.68, 19.79], (p=17, n=3, P=479, N=721)
2026-04-14 12:07:12,133 - INFO - *****GROWING RR RULE*****
2026-04-14 12:07:15,007 - INFO - Iteracja 0: condition_best: None, quality_best: -inf, coverage_best: (p=0, n=0, P=0, N=0), p_value: 0
2026-04-14 12:07:15,008 - INFO - Regula po iteracji 0: IF  THEN class = {14.57} [9.38, 19.75], (p=768, n=432, P=768, N=432)
2026-04-14 12:07:15,008 - INFO - *****STOP GROWING RR RULE*****
2026-04-14 12:07:15,008 - INFO - ***RR NOT FOUND***
2026-04-14 12:07:15,018 - INFO - Iteracja 4: condition_best: Input4 <= 0.96, quality_best: 0.381, coverage_best: (p=16, n=3, P=478, N=722)
2026-04-14 12:07:15,018 - INFO - Regula po iteracji 4: IF Input1 >= 0.98 AND Input2 <= 0.97 AND Input1 <= 1.00 AND Input1 <= 1.00 AND Input4 <= 0.96 THEN class = {16.59} [13.53, 19.66], (p=16, n=3, P=478, N=722)
2026-04-14 12:07:15,018 - INFO - *****GROWING RR RULE*****
2026-04-14 12:07:17,604 - INFO - Iteracja 0: condition_best: None, quality_best: -inf, coverage_best: (p=0, n=0, P=0, N=0), p_value: 0
2026-04-14 12:07:17,604 - INFO - Regula po iteracji 0: IF  THEN class = {14.57} [9.38, 19.75], (p=768, n=432, P=768, N=432)
2026-04-14 12:07:17,604 - INFO - *****STOP GROWING RR RULE*****
2026-04-14 12:07:17,604 - INFO - ***RR NOT FOUND***
2026-04-14 12:07:17,604 - INFO - *******STOP GROWING CR RULE*******
2026-04-14 12:07:17,610 - INFO - *******GROWING CR RULE*******
2026-04-14 12:07:19,185 - INFO - Iteracja 0: condition_best: Input1 <= 0.14, quality_best: 0.331, coverage_best: (p=125, n=52, P=463, N=737)
2026-04-14 12:07:19,185 - INFO - Regula po iteracji 0: IF Input1 <= 0.14 THEN class = {9.95} [6.08, 13.83], (p=125, n=52, P=463, N=737)
2026-04-14 12:07:19,185 - INFO - *****GROWING RR RULE*****
2026-04-14 12:07:21,437 - INFO - Iteracja 0: condition_best: Input4 <= 0.02, quality_best: 0.244, coverage_best: (p=19, n=9, P=473, N=727), p_value: 7
2026-04-14 12:07:21,438 - INFO - Regula po iteracji 0: IF Input4 <= 0.02 THEN class = {14.57} [9.38, 19.75], (p=19, n=9, P=473, N=727)
2026-04-14 12:07:21,463 - INFO - Iteracja 1: condition_best: None, quality_best: -inf, coverage_best: (p=0, n=0, P=0, N=0), p_value: 7
2026-04-14 12:07:21,464 - INFO - Regula po iteracji 1: IF Input4 <= 0.02 THEN class = {8.73} [4.16, 13.30], (p=19, n=9, P=473, N=727)
2026-04-14 12:07:21,464 - INFO - *****STOP GROWING RR RULE*****
2026-04-14 12:07:21,464 - INFO - ***RR FOUND***
2026-04-14 12:07:21,464 - INFO - Reference rule: IF Input4 <= 0.02 THEN class = {8.73} [4.16, 13.30]
2026-04-14 12:07:21,464 - INFO - ***CHECKING EXCEPTION***
2026-04-14 12:07:21,465 - INFO - *******STOP GROWING CR RULE*******
2026-04-14 12:07:21,471 - INFO - *******GROWING CR RULE*******
2026-04-14 12:07:23,034 - INFO - Iteracja 0: condition_best: Input1 <= 0.15, quality_best: 0.329, coverage_best: (p=132, n=56, P=467, N=733)
2026-04-14 12:07:23,034 - INFO - Regula po iteracji 0: IF Input1 <= 0.15 THEN class = {10.02} [6.11, 13.92], (p=132, n=56, P=467, N=733)
2026-04-14 12:07:23,034 - INFO - *****GROWING RR RULE*****
2026-04-14 12:07:25,562 - INFO - Iteracja 0: condition_best: Input4 <= 0.02, quality_best: 0.244, coverage_best: (p=19, n=9, P=473, N=727), p_value: 7
2026-04-14 12:07:25,562 - INFO - Regula po iteracji 0: IF Input4 <= 0.02 THEN class = {14.57} [9.38, 19.75], (p=19, n=9, P=473, N=727)
2026-04-14 12:07:25,588 - INFO - Iteracja 1: condition_best: None, quality_best: -inf, coverage_best: (p=0, n=0, P=0, N=0), p_value: 7
2026-04-14 12:07:25,588 - INFO - Regula po iteracji 1: IF Input4 <= 0.02 THEN class = {8.73} [4.16, 13.30], (p=19, n=9, P=473, N=727)
2026-04-14 12:07:25,589 - INFO - *****STOP GROWING RR RULE*****
2026-04-14 12:07:25,589 - INFO - ***RR FOUND***
2026-04-14 12:07:25,589 - INFO - Reference rule: IF Input4 <= 0.02 THEN class = {8.73} [4.16, 13.30]
2026-04-14 12:07:25,589 - INFO - ***CHECKING EXCEPTION***
2026-04-14 12:07:25,590 - INFO - *******STOP GROWING CR RULE*******
2026-04-14 12:07:25,596 - INFO - *******GROWING CR RULE*******
2026-04-14 12:07:27,151 - INFO - Iteracja 0: condition_best: Input4 <= 0.20, quality_best: 0.326, coverage_best: (p=156, n=72, P=461, N=739)
2026-04-14 12:07:27,151 - INFO - Regula po iteracji 0: IF Input4 <= 0.20 THEN class = {9.64} [5.62, 13.67], (p=156, n=72, P=461, N=739)
2026-04-14 12:07:27,152 - INFO - *****GROWING RR RULE*****
2026-04-14 12:07:29,412 - INFO - Iteracja 0: condition_best: Input1 <= 0.02, quality_best: 0.276, coverage_best: (p=22, n=10, P=412, N=788), p_value: 8
2026-04-14 12:07:29,412 - INFO - Regula po iteracji 0: IF Input1 <= 0.02 THEN class = {14.57} [9.38, 19.75], (p=22, n=10, P=412, N=788)
2026-04-14 12:07:29,442 - INFO - Iteracja 1: condition_best: None, quality_best: -inf, coverage_best: (p=0, n=0, P=0, N=0), p_value: 8
2026-04-14 12:07:29,442 - INFO - Regula po iteracji 1: IF Input1 <= 0.02 THEN class = {9.03} [5.37, 12.70], (p=22, n=10, P=412, N=788)
2026-04-14 12:07:29,443 - INFO - *****STOP GROWING RR RULE*****
2026-04-14 12:07:29,443 - INFO - ***RR FOUND***
2026-04-14 12:07:29,443 - INFO - Reference rule: IF Input1 <= 0.02 THEN class = {9.03} [5.37, 12.70]
2026-04-14 12:07:29,443 - INFO - ***CHECKING EXCEPTION***
2026-04-14 12:07:29,444 - INFO - *******STOP GROWING CR RULE*******
2026-04-14 12:07:29,450 - INFO - *******GROWING CR RULE*******
2026-04-14 12:07:30,997 - INFO - Iteracja 0: condition_best: Input4 <= 0.21, quality_best: 0.326, coverage_best: (p=164, n=74, P=476, N=724)
2026-04-14 12:07:30,997 - INFO - Regula po iteracji 0: IF Input4 <= 0.21 THEN class = {9.75} [5.69, 13.81], (p=164, n=74, P=476, N=724)
2026-04-14 12:07:30,998 - INFO - *****GROWING RR RULE*****
2026-04-14 12:07:33,615 - INFO - Iteracja 0: condition_best: Input1 <= 0.01, quality_best: 0.238, coverage_best: (p=12, n=7, P=378, N=822), p_value: 5
2026-04-14 12:07:33,616 - INFO - Regula po iteracji 0: IF Input1 <= 0.01 THEN class = {14.57} [9.38, 19.75], (p=12, n=7, P=378, N=822)
2026-04-14 12:07:33,634 - INFO - Iteracja 1: condition_best: None, quality_best: -inf, coverage_best: (p=0, n=0, P=0, N=0), p_value: 5
2026-04-14 12:07:33,634 - INFO - Regula po iteracji 1: IF Input1 <= 0.01 THEN class = {9.08} [5.72, 12.45], (p=12, n=7, P=378, N=822)
2026-04-14 12:07:33,634 - INFO - *****STOP GROWING RR RULE*****
2026-04-14 12:07:33,634 - INFO - ***RR FOUND***
2026-04-14 12:07:33,634 - INFO - Reference rule: IF Input1 <= 0.01 THEN class = {9.08} [5.72, 12.45]
2026-04-14 12:07:33,634 - INFO - ***CHECKING EXCEPTION***
2026-04-14 12:07:33,636 - INFO - *******STOP GROWING CR RULE*******
2026-04-14 12:07:33,642 - INFO - *******GROWING CR RULE*******
2026-04-14 12:07:35,185 - INFO - Iteracja 0: condition_best: Input2 <= 0.01, quality_best: 0.324, coverage_best: (p=15, n=5, P=400, N=800)
2026-04-14 12:07:35,185 - INFO - Regula po iteracji 0: IF Input2 <= 0.01 THEN class = {9.30} [5.84, 12.75], (p=15, n=5, P=400, N=800)
2026-04-14 12:07:35,186 - INFO - *****GROWING RR RULE*****
2026-04-14 12:07:37,460 - INFO - Iteracja 0: condition_best: Input4 <= 0.20, quality_best: 0.326, coverage_best: (p=149, n=68, P=459, N=741), p_value: 3
2026-04-14 12:07:37,460 - INFO - Regula po iteracji 0: IF Input4 <= 0.20 THEN class = {14.57} [9.38, 19.75], (p=149, n=68, P=459, N=741)
2026-04-14 12:07:37,698 - INFO - Iteracja 1: condition_best: None, quality_best: -inf, coverage_best: (p=0, n=0, P=0, N=0), p_value: 3
2026-04-14 12:07:37,698 - INFO - Regula po iteracji 1: IF Input4 <= 0.20 THEN class = {9.58} [5.55, 13.61], (p=149, n=68, P=459, N=741)
2026-04-14 12:07:37,698 - INFO - *****STOP GROWING RR RULE*****
2026-04-14 12:07:37,698 - INFO - ***RR FOUND***
2026-04-14 12:07:37,698 - INFO - Reference rule: IF Input4 <= 0.20 THEN class = {9.58} [5.55, 13.61]
2026-04-14 12:07:37,698 - INFO - ***CHECKING EXCEPTION***
2026-04-14 12:07:37,700 - INFO - *******STOP GROWING CR RULE*******
2026-04-14 12:07:37,706 - INFO - *******GROWING CR RULE*******
2026-04-14 12:07:39,256 - INFO - Iteracja 0: condition_best: Input1 <= 0.16, quality_best: 0.319, coverage_best: (p=136, n=59, P=479, N=721)
2026-04-14 12:07:39,256 - INFO - Regula po iteracji 0: IF Input1 <= 0.16 THEN class = {10.11} [6.15, 14.08], (p=136, n=59, P=479, N=721)
2026-04-14 12:07:39,256 - INFO - *****GROWING RR RULE*****
2026-04-14 12:07:41,802 - INFO - Iteracja 0: condition_best: Input4 <= 0.01, quality_best: 0.134, coverage_best: (p=6, n=5, P=459, N=741), p_value: 4
2026-04-14 12:07:41,803 - INFO - Regula po iteracji 0: IF Input4 <= 0.01 THEN class = {14.57} [9.38, 19.75], (p=6, n=5, P=459, N=741)
2026-04-14 12:07:41,813 - INFO - Iteracja 1: condition_best: None, quality_best: -inf, coverage_best: (p=0, n=0, P=0, N=0), p_value: 4
2026-04-14 12:07:41,813 - INFO - Regula po iteracji 1: IF Input4 <= 0.01 THEN class = {8.01} [2.94, 13.08], (p=6, n=5, P=459, N=741)
2026-04-14 12:07:41,813 - INFO - *****STOP GROWING RR RULE*****
2026-04-14 12:07:41,814 - INFO - ***RR FOUND***
2026-04-14 12:07:41,814 - INFO - Reference rule: IF Input4 <= 0.01 THEN class = {8.01} [2.94, 13.08]
2026-04-14 12:07:41,814 - INFO - ***CHECKING EXCEPTION***
2026-04-14 12:07:41,815 - INFO - *******STOP GROWING CR RULE*******
2026-04-14 12:07:41,821 - INFO - *******GROWING CR RULE*******
2026-04-14 12:07:43,387 - INFO - Iteracja 0: condition_best: Input4 <= 0.22, quality_best: 0.316, coverage_best: (p=171, n=80, P=483, N=717)
2026-04-14 12:07:43,388 - INFO - Regula po iteracji 0: IF Input4 <= 0.22 THEN class = {9.89} [5.79, 13.99], (p=171, n=80, P=483, N=717)
2026-04-14 12:07:43,388 - INFO - *****GROWING RR RULE*****
2026-04-14 12:07:45,730 - INFO - Iteracja 0: condition_best: Input1 <= 0.01, quality_best: 0.238, coverage_best: (p=12, n=7, P=378, N=822), p_value: 5
2026-04-14 12:07:45,730 - INFO - Regula po iteracji 0: IF Input1 <= 0.01 THEN class = {14.57} [9.38, 19.75], (p=12, n=7, P=378, N=822)
2026-04-14 12:07:45,747 - INFO - Iteracja 1: condition_best: None, quality_best: -inf, coverage_best: (p=0, n=0, P=0, N=0), p_value: 5
2026-04-14 12:07:45,748 - INFO - Regula po iteracji 1: IF Input1 <= 0.01 THEN class = {9.08} [5.72, 12.45], (p=12, n=7, P=378, N=822)
2026-04-14 12:07:45,748 - INFO - *****STOP GROWING RR RULE*****
2026-04-14 12:07:45,748 - INFO - ***RR FOUND***
2026-04-14 12:07:45,748 - INFO - Reference rule: IF Input1 <= 0.01 THEN class = {9.08} [5.72, 12.45]
2026-04-14 12:07:45,748 - INFO - ***CHECKING EXCEPTION***
2026-04-14 12:07:45,749 - INFO - *******STOP GROWING CR RULE*******
2026-04-14 12:07:45,755 - INFO - *******GROWING CR RULE*******
2026-04-14 12:07:47,320 - INFO - Iteracja 0: condition_best: Input4 <= 0.23, quality_best: 0.307, coverage_best: (p=175, n=84, P=489, N=711)
2026-04-14 12:07:47,320 - INFO - Regula po iteracji 0: IF Input4 <= 0.23 THEN class = {9.97} [5.84, 14.10], (p=175, n=84, P=489, N=711)
2026-04-14 12:07:47,321 - INFO - *****GROWING RR RULE*****
2026-04-14 12:07:49,999 - INFO - Iteracja 0: condition_best: Input1 <= 0.01, quality_best: 0.238, coverage_best: (p=12, n=7, P=378, N=822), p_value: 5
2026-04-14 12:07:50,000 - INFO - Regula po iteracji 0: IF Input1 <= 0.01 THEN class = {14.57} [9.38, 19.75], (p=12, n=7, P=378, N=822)
2026-04-14 12:07:50,017 - INFO - Iteracja 1: condition_best: None, quality_best: -inf, coverage_best: (p=0, n=0, P=0, N=0), p_value: 5
2026-04-14 12:07:50,017 - INFO - Regula po iteracji 1: IF Input1 <= 0.01 THEN class = {9.08} [5.72, 12.45], (p=12, n=7, P=378, N=822)
2026-04-14 12:07:50,017 - INFO - *****STOP GROWING RR RULE*****
2026-04-14 12:07:50,017 - INFO - ***RR FOUND***
2026-04-14 12:07:50,017 - INFO - Reference rule: IF Input1 <= 0.01 THEN class = {9.08} [5.72, 12.45]
2026-04-14 12:07:50,017 - INFO - ***CHECKING EXCEPTION***
2026-04-14 12:07:50,019 - INFO - *******STOP GROWING CR RULE*******
2026-04-14 12:07:50,024 - INFO - *******GROWING CR RULE*******
2026-04-14 12:07:51,592 - INFO - Iteracja 0: condition_best: Input4 <= 0.24, quality_best: 0.305, coverage_best: (p=180, n=86, P=497, N=703)
2026-04-14 12:07:51,592 - INFO - Regula po iteracji 0: IF Input4 <= 0.24 THEN class = {10.02} [5.86, 14.17], (p=180, n=86, P=497, N=703)
2026-04-14 12:07:51,593 - INFO - *****GROWING RR RULE*****
2026-04-14 12:07:53,966 - INFO - Iteracja 0: condition_best: Input1 <= 0.01, quality_best: 0.238, coverage_best: (p=12, n=7, P=378, N=822), p_value: 5
2026-04-14 12:07:53,966 - INFO - Regula po iteracji 0: IF Input1 <= 0.01 THEN class = {14.57} [9.38, 19.75], (p=12, n=7, P=378, N=822)
2026-04-14 12:07:53,984 - INFO - Iteracja 1: condition_best: None, quality_best: -inf, coverage_best: (p=0, n=0, P=0, N=0), p_value: 5
2026-04-14 12:07:53,984 - INFO - Regula po iteracji 1: IF Input1 <= 0.01 THEN class = {9.08} [5.72, 12.45], (p=12, n=7, P=378, N=822)
2026-04-14 12:07:53,984 - INFO - *****STOP GROWING RR RULE*****
2026-04-14 12:07:53,984 - INFO - ***RR FOUND***
2026-04-14 12:07:53,984 - INFO - Reference rule: IF Input1 <= 0.01 THEN class = {9.08} [5.72, 12.45]
2026-04-14 12:07:53,984 - INFO - ***CHECKING EXCEPTION***
2026-04-14 12:07:53,986 - INFO - *******STOP GROWING CR RULE*******
2026-04-14 12:07:53,991 - INFO - *******GROWING CR RULE*******
2026-04-14 12:07:55,543 - INFO - Iteracja 0: condition_best: Input3 <= 0.01, quality_best: 0.305, coverage_best: (p=5, n=2, P=342, N=858)
2026-04-14 12:07:55,543 - INFO - Regula po iteracji 0: IF Input3 <= 0.01 THEN class = {21.17} [17.44, 24.89], (p=5, n=2, P=342, N=858)
2026-04-14 12:07:55,543 - INFO - *****GROWING RR RULE*****
2026-04-14 12:07:57,742 - INFO - Iteracja 0: condition_best: None, quality_best: -inf, coverage_best: (p=0, n=0, P=0, N=0), p_value: 0
2026-04-14 12:07:57,742 - INFO - Regula po iteracji 0: IF  THEN class = {14.57} [9.38, 19.75], (p=768, n=432, P=768, N=432)
2026-04-14 12:07:57,742 - INFO - *****STOP GROWING RR RULE*****
2026-04-14 12:07:57,742 - INFO - ***RR NOT FOUND***
2026-04-14 12:07:57,746 - INFO - Iteracja 1: condition_best: Input5 <= 0.78, quality_best: 0.368, coverage_best: (p=4, n=1, P=319, N=881)
2026-04-14 12:07:57,746 - INFO - Regula po iteracji 1: IF Input3 <= 0.01 AND Input5 <= 0.78 THEN class = {20.77} [17.56, 23.98], (p=4, n=1, P=319, N=881)
2026-04-14 12:07:57,747 - INFO - *****GROWING RR RULE*****
2026-04-14 12:08:00,129 - INFO - Iteracja 0: condition_best: None, quality_best: -inf, coverage_best: (p=0, n=0, P=0, N=0), p_value: 0
2026-04-14 12:08:00,130 - INFO - Regula po iteracji 0: IF  THEN class = {14.57} [9.38, 19.75], (p=768, n=432, P=768, N=432)
2026-04-14 12:08:00,130 - INFO - *****STOP GROWING RR RULE*****
2026-04-14 12:08:00,130 - INFO - ***RR NOT FOUND***
2026-04-14 12:08:00,132 - INFO - Iteracja 2: condition_best: None, quality_best: -inf, coverage_best: (p=0, n=0, P=0, N=0)
2026-04-14 12:08:00,132 - INFO - Regula po iteracji 2: IF Input3 <= 0.01 AND Input5 <= 0.78 THEN class = {20.77} [17.56, 23.98], (p=4, n=1, P=319, N=881)
2026-04-14 12:08:00,132 - INFO - *******STOP GROWING CR RULE*******
2026-04-14 12:08:00,138 - INFO - *******GROWING CR RULE*******
2026-04-14 12:08:01,693 - INFO - Iteracja 0: condition_best: Input1 <= 0.17, quality_best: 0.3, coverage_best: (p=139, n=65, P=484, N=716)
2026-04-14 12:08:01,693 - INFO - Regula po iteracji 0: IF Input1 <= 0.17 THEN class = {10.17} [6.18, 14.16], (p=139, n=65, P=484, N=716)
2026-04-14 12:08:01,694 - INFO - *****GROWING RR RULE*****
2026-04-14 12:08:03,927 - INFO - Iteracja 0: condition_best: Input4 <= 0.01, quality_best: 0.134, coverage_best: (p=6, n=5, P=459, N=741), p_value: 4
2026-04-14 12:08:03,927 - INFO - Regula po iteracji 0: IF Input4 <= 0.01 THEN class = {14.57} [9.38, 19.75], (p=6, n=5, P=459, N=741)
2026-04-14 12:08:03,937 - INFO - Iteracja 1: condition_best: None, quality_best: -inf, coverage_best: (p=0, n=0, P=0, N=0), p_value: 4
2026-04-14 12:08:03,937 - INFO - Regula po iteracji 1: IF Input4 <= 0.01 THEN class = {8.01} [2.94, 13.08], (p=6, n=5, P=459, N=741)
2026-04-14 12:08:03,937 - INFO - *****STOP GROWING RR RULE*****
2026-04-14 12:08:03,937 - INFO - ***RR FOUND***
2026-04-14 12:08:03,937 - INFO - Reference rule: IF Input4 <= 0.01 THEN class = {8.01} [2.94, 13.08]
2026-04-14 12:08:03,937 - INFO - ***CHECKING EXCEPTION***
2026-04-14 12:08:03,939 - INFO - *******STOP GROWING CR RULE*******
2026-04-14 12:08:03,944 - INFO - *******GROWING CR RULE*******
2026-04-14 12:08:05,497 - INFO - Iteracja 0: condition_best: Input1 <= 0.19, quality_best: 0.299, coverage_best: (p=152, n=70, P=501, N=699)
2026-04-14 12:08:05,497 - INFO - Regula po iteracji 0: IF Input1 <= 0.19 THEN class = {10.32} [6.34, 14.30], (p=152, n=70, P=501, N=699)
2026-04-14 12:08:05,498 - INFO - *****GROWING RR RULE*****
2026-04-14 12:08:08,027 - INFO - Iteracja 0: condition_best: Input4 <= 0.01, quality_best: 0.266, coverage_best: (p=9, n=4, P=428, N=772), p_value: 5
2026-04-14 12:08:08,027 - INFO - Regula po iteracji 0: IF Input4 <= 0.01 THEN class = {14.57} [9.38, 19.75], (p=9, n=4, P=428, N=772)
2026-04-14 12:08:08,039 - INFO - Iteracja 1: condition_best: None, quality_best: -inf, coverage_best: (p=0, n=0, P=0, N=0), p_value: 5
2026-04-14 12:08:08,039 - INFO - Regula po iteracji 1: IF Input4 <= 0.01 THEN class = {7.76} [2.93, 12.59], (p=9, n=4, P=428, N=772)
2026-04-14 12:08:08,039 - INFO - *****STOP GROWING RR RULE*****
2026-04-14 12:08:08,039 - INFO - ***RR FOUND***
2026-04-14 12:08:08,039 - INFO - Reference rule: IF Input4 <= 0.01 THEN class = {7.76} [2.93, 12.59]
2026-04-14 12:08:08,039 - INFO - ***CHECKING EXCEPTION***
2026-04-14 12:08:08,041 - INFO - *******STOP GROWING CR RULE*******
2026-04-14 12:08:08,046 - INFO - *******GROWING CR RULE*******
2026-04-14 12:08:09,590 - INFO - Iteracja 0: condition_best: Input4 <= 0.33, quality_best: 0.297, coverage_best: (p=253, n=117, P=558, N=642)
2026-04-14 12:08:09,590 - INFO - Regula po iteracji 0: IF Input4 <= 0.33 THEN class = {10.62} [6.37, 14.86], (p=253, n=117, P=558, N=642)
2026-04-14 12:08:09,591 - INFO - *****GROWING RR RULE*****
2026-04-14 12:08:11,913 - INFO - Iteracja 0: condition_best: Input1 <= 0.02, quality_best: 0.277, coverage_best: (p=15, n=7, P=383, N=817), p_value: 6
2026-04-14 12:08:11,914 - INFO - Regula po iteracji 0: IF Input1 <= 0.02 THEN class = {14.57} [9.38, 19.75], (p=15, n=7, P=383, N=817)
2026-04-14 12:08:11,935 - INFO - Iteracja 1: condition_best: None, quality_best: -inf, coverage_best: (p=0, n=0, P=0, N=0), p_value: 6
2026-04-14 12:08:11,935 - INFO - Regula po iteracji 1: IF Input1 <= 0.02 THEN class = {9.19} [5.86, 12.52], (p=15, n=7, P=383, N=817)
2026-04-14 12:08:11,935 - INFO - *****STOP GROWING RR RULE*****
2026-04-14 12:08:11,935 - INFO - ***RR FOUND***
2026-04-14 12:08:11,935 - INFO - Reference rule: IF Input1 <= 0.02 THEN class = {9.19} [5.86, 12.52]
2026-04-14 12:08:11,935 - INFO - ***CHECKING EXCEPTION***
2026-04-14 12:08:11,937 - INFO - *******STOP GROWING CR RULE*******
2026-04-14 12:08:11,942 - INFO - *******GROWING CR RULE*******
2026-04-14 12:08:13,454 - INFO - Iteracja 0: condition_best: Input4 <= 0.33, quality_best: 0.292, coverage_best: (p=258, n=122, P=558, N=642)
2026-04-14 12:08:13,455 - INFO - Regula po iteracji 0: IF Input4 <= 0.33 THEN class = {10.65} [6.41, 14.90], (p=258, n=122, P=558, N=642)
2026-04-14 12:08:13,455 - INFO - *****GROWING RR RULE*****
2026-04-14 12:08:16,073 - INFO - Iteracja 0: condition_best: Input1 <= 0.02, quality_best: 0.277, coverage_best: (p=15, n=7, P=383, N=817), p_value: 6
2026-04-14 12:08:16,073 - INFO - Regula po iteracji 0: IF Input1 <= 0.02 THEN class = {14.57} [9.38, 19.75], (p=15, n=7, P=383, N=817)
2026-04-14 12:08:16,094 - INFO - Iteracja 1: condition_best: None, quality_best: -inf, coverage_best: (p=0, n=0, P=0, N=0), p_value: 6
2026-04-14 12:08:16,094 - INFO - Regula po iteracji 1: IF Input1 <= 0.02 THEN class = {9.19} [5.86, 12.52], (p=15, n=7, P=383, N=817)
2026-04-14 12:08:16,094 - INFO - *****STOP GROWING RR RULE*****
2026-04-14 12:08:16,094 - INFO - ***RR FOUND***
2026-04-14 12:08:16,094 - INFO - Reference rule: IF Input1 <= 0.02 THEN class = {9.19} [5.86, 12.52]
2026-04-14 12:08:16,095 - INFO - ***CHECKING EXCEPTION***
2026-04-14 12:08:16,096 - INFO - *******STOP GROWING CR RULE*******
2026-04-14 12:08:16,101 - INFO - *******GROWING CR RULE*******
2026-04-14 12:08:17,608 - INFO - Iteracja 0: condition_best: Input1 <= 0.20, quality_best: 0.291, coverage_best: (p=161, n=76, P=510, N=690)
2026-04-14 12:08:17,608 - INFO - Regula po iteracji 0: IF Input1 <= 0.20 THEN class = {10.46} [6.47, 14.45], (p=161, n=76, P=510, N=690)
2026-04-14 12:08:17,609 - INFO - *****GROWING RR RULE*****
2026-04-14 12:08:19,856 - INFO - Iteracja 0: condition_best: Input4 <= 0.01, quality_best: 0.266, coverage_best: (p=9, n=4, P=428, N=772), p_value: 5
2026-04-14 12:08:19,856 - INFO - Regula po iteracji 0: IF Input4 <= 0.01 THEN class = {14.57} [9.38, 19.75], (p=9, n=4, P=428, N=772)
2026-04-14 12:08:19,868 - INFO - Iteracja 1: condition_best: None, quality_best: -inf, coverage_best: (p=0, n=0, P=0, N=0), p_value: 5
2026-04-14 12:08:19,868 - INFO - Regula po iteracji 1: IF Input4 <= 0.01 THEN class = {7.76} [2.93, 12.59], (p=9, n=4, P=428, N=772)
2026-04-14 12:08:19,868 - INFO - *****STOP GROWING RR RULE*****
2026-04-14 12:08:19,868 - INFO - ***RR FOUND***
2026-04-14 12:08:19,868 - INFO - Reference rule: IF Input4 <= 0.01 THEN class = {7.76} [2.93, 12.59]
2026-04-14 12:08:19,868 - INFO - ***CHECKING EXCEPTION***
2026-04-14 12:08:19,870 - INFO - *******STOP GROWING CR RULE*******
2026-04-14 12:08:19,874 - INFO - *******GROWING CR RULE*******
2026-04-14 12:08:21,368 - INFO - Iteracja 0: condition_best: Input4 >= 0.96, quality_best: 0.289, coverage_best: (p=25, n=11, P=395, N=805)
2026-04-14 12:08:21,368 - INFO - Regula po iteracji 0: IF Input4 >= 0.96 THEN class = {19.44} [16.14, 22.74], (p=25, n=11, P=395, N=805)
2026-04-14 12:08:21,368 - INFO - *****GROWING RR RULE*****
2026-04-14 12:08:24,304 - INFO - Iteracja 0: condition_best: Input5 >= 0.90, quality_best: 0.075, coverage_best: (p=68, n=37, P=710, N=490), p_value: 3
2026-04-14 12:08:24,304 - INFO - Regula po iteracji 0: IF Input5 >= 0.90 THEN class = {14.57} [9.38, 19.75], (p=68, n=37, P=710, N=490)
2026-04-14 12:08:24,422 - INFO - Iteracja 1: condition_best: None, quality_best: -inf, coverage_best: (p=0, n=0, P=0, N=0), p_value: 3
2026-04-14 12:08:24,422 - INFO - Regula po iteracji 1: IF Input5 >= 0.90 THEN class = {17.41} [12.33, 22.49], (p=68, n=37, P=710, N=490)
2026-04-14 12:08:24,423 - INFO - *****STOP GROWING RR RULE*****
2026-04-14 12:08:24,423 - INFO - ***RR FOUND***
2026-04-14 12:08:24,423 - INFO - Reference rule: IF Input5 >= 0.90 THEN class = {17.41} [12.33, 22.49]
2026-04-14 12:08:24,423 - INFO - ***CHECKING EXCEPTION***
2026-04-14 12:08:24,424 - INFO - *******STOP GROWING CR RULE*******
2026-04-14 12:08:24,429 - INFO - *******GROWING CR RULE*******
2026-04-14 12:08:25,941 - INFO - Iteracja 0: condition_best: Input4 <= 0.34, quality_best: 0.287, coverage_best: (p=263, n=126, P=562, N=638)
2026-04-14 12:08:25,942 - INFO - Regula po iteracji 0: IF Input4 <= 0.34 THEN class = {10.70} [6.45, 14.96], (p=263, n=126, P=562, N=638)
2026-04-14 12:08:25,942 - INFO - *****GROWING RR RULE*****
2026-04-14 12:08:28,312 - INFO - Iteracja 0: condition_best: Input1 <= 0.02, quality_best: 0.277, coverage_best: (p=15, n=7, P=383, N=817), p_value: 6
2026-04-14 12:08:28,313 - INFO - Regula po iteracji 0: IF Input1 <= 0.02 THEN class = {14.57} [9.38, 19.75], (p=15, n=7, P=383, N=817)
2026-04-14 12:08:28,333 - INFO - Iteracja 1: condition_best: None, quality_best: -inf, coverage_best: (p=0, n=0, P=0, N=0), p_value: 6
2026-04-14 12:08:28,334 - INFO - Regula po iteracji 1: IF Input1 <= 0.02 THEN class = {9.19} [5.86, 12.52], (p=15, n=7, P=383, N=817)
2026-04-14 12:08:28,334 - INFO - *****STOP GROWING RR RULE*****
2026-04-14 12:08:28,334 - INFO - ***RR FOUND***
2026-04-14 12:08:28,334 - INFO - Reference rule: IF Input1 <= 0.02 THEN class = {9.19} [5.86, 12.52]
2026-04-14 12:08:28,334 - INFO - ***CHECKING EXCEPTION***
2026-04-14 12:08:28,335 - INFO - *******STOP GROWING CR RULE*******
2026-04-14 12:08:28,340 - INFO - *******GROWING CR RULE*******
2026-04-14 12:08:29,810 - INFO - Iteracja 0: condition_best: Input4 >= 0.72, quality_best: 0.28, coverage_best: (p=238, n=111, P=569, N=631)
2026-04-14 12:08:29,810 - INFO - Regula po iteracji 0: IF Input4 >= 0.72 THEN class = {18.34} [14.26, 22.42], (p=238, n=111, P=569, N=631)
2026-04-14 12:08:29,810 - INFO - *****GROWING RR RULE*****
2026-04-14 12:08:32,108 - INFO - Iteracja 0: condition_best: Input3 >= 0.95, quality_best: 0.178, coverage_best: (p=48, n=24, P=603, N=597), p_value: 16
2026-04-14 12:08:32,108 - INFO - Regula po iteracji 0: IF Input3 >= 0.95 THEN class = {14.57} [9.38, 19.75], (p=48, n=24, P=603, N=597)
2026-04-14 12:08:32,191 - INFO - Iteracja 1: condition_best: None, quality_best: -inf, coverage_best: (p=0, n=0, P=0, N=0), p_value: 16
2026-04-14 12:08:32,191 - INFO - Regula po iteracji 1: IF Input3 >= 0.95 THEN class = {18.59} [14.12, 23.06], (p=48, n=24, P=603, N=597)
2026-04-14 12:08:32,191 - INFO - *****STOP GROWING RR RULE*****
2026-04-14 12:08:32,191 - INFO - ***RR FOUND***
2026-04-14 12:08:32,191 - INFO - Reference rule: IF Input3 >= 0.95 THEN class = {18.59} [14.12, 23.06]
2026-04-14 12:08:32,191 - INFO - ***CHECKING EXCEPTION***
2026-04-14 12:08:32,193 - INFO - *******STOP GROWING CR RULE*******
2026-04-14 12:08:32,197 - INFO - *******GROWING CR RULE*******
2026-04-14 12:08:33,871 - INFO - Iteracja 0: condition_best: Input4 >= 0.71, quality_best: 0.277, coverage_best: (p=250, n=117, P=577, N=623)
2026-04-14 12:08:33,871 - INFO - Regula po iteracji 0: IF Input4 >= 0.71 THEN class = {18.28} [14.17, 22.39], (p=250, n=117, P=577, N=623)
2026-04-14 12:08:33,872 - INFO - *****GROWING RR RULE*****
2026-04-14 12:08:36,173 - INFO - Iteracja 0: condition_best: Input3 >= 0.95, quality_best: 0.178, coverage_best: (p=48, n=24, P=603, N=597), p_value: 16
2026-04-14 12:08:36,174 - INFO - Regula po iteracji 0: IF Input3 >= 0.95 THEN class = {14.57} [9.38, 19.75], (p=48, n=24, P=603, N=597)
2026-04-14 12:08:36,247 - INFO - Iteracja 1: condition_best: None, quality_best: -inf, coverage_best: (p=0, n=0, P=0, N=0), p_value: 16
2026-04-14 12:08:36,247 - INFO - Regula po iteracji 1: IF Input3 >= 0.95 THEN class = {18.59} [14.12, 23.06], (p=48, n=24, P=603, N=597)
2026-04-14 12:08:36,247 - INFO - *****STOP GROWING RR RULE*****
2026-04-14 12:08:36,247 - INFO - ***RR FOUND***
2026-04-14 12:08:36,247 - INFO - Reference rule: IF Input3 >= 0.95 THEN class = {18.59} [14.12, 23.06]
2026-04-14 12:08:36,247 - INFO - ***CHECKING EXCEPTION***
2026-04-14 12:08:36,249 - INFO - *******STOP GROWING CR RULE*******
2026-04-14 12:08:36,252 - INFO - *******GROWING CR RULE*******
2026-04-14 12:08:37,607 - INFO - Iteracja 0: condition_best: Input4 <= 0.35, quality_best: 0.276, coverage_best: (p=265, n=131, P=564, N=636)
2026-04-14 12:08:37,607 - INFO - Regula po iteracji 0: IF Input4 <= 0.35 THEN class = {10.75} [6.49, 15.02], (p=265, n=131, P=564, N=636)
2026-04-14 12:08:37,608 - INFO - *****GROWING RR RULE*****
2026-04-14 12:08:39,971 - INFO - Iteracja 0: condition_best: Input1 <= 0.02, quality_best: 0.277, coverage_best: (p=15, n=7, P=383, N=817), p_value: 6
2026-04-14 12:08:39,971 - INFO - Regula po iteracji 0: IF Input1 <= 0.02 THEN class = {14.57} [9.38, 19.75], (p=15, n=7, P=383, N=817)
2026-04-14 12:08:39,992 - INFO - Iteracja 1: condition_best: None, quality_best: -inf, coverage_best: (p=0, n=0, P=0, N=0), p_value: 6
2026-04-14 12:08:39,992 - INFO - Regula po iteracji 1: IF Input1 <= 0.02 THEN class = {9.19} [5.86, 12.52], (p=15, n=7, P=383, N=817)
2026-04-14 12:08:39,992 - INFO - *****STOP GROWING RR RULE*****
2026-04-14 12:08:39,992 - INFO - ***RR FOUND***
2026-04-14 12:08:39,992 - INFO - Reference rule: IF Input1 <= 0.02 THEN class = {9.19} [5.86, 12.52]
2026-04-14 12:08:39,992 - INFO - ***CHECKING EXCEPTION***
2026-04-14 12:08:39,994 - INFO - *******STOP GROWING CR RULE*******
2026-04-14 12:08:39,996 - INFO - *******GROWING CR RULE*******
2026-04-14 12:08:41,651 - INFO - Iteracja 0: condition_best: Input1 <= 0.20, quality_best: 0.274, coverage_best: (p=163, n=81, P=517, N=683)
2026-04-14 12:08:41,651 - INFO - Regula po iteracji 0: IF Input1 <= 0.20 THEN class = {10.58} [6.57, 14.59], (p=163, n=81, P=517, N=683)
2026-04-14 12:08:41,652 - INFO - *****GROWING RR RULE*****
2026-04-14 12:08:43,936 - INFO - Iteracja 0: condition_best: Input4 <= 0.01, quality_best: 0.266, coverage_best: (p=9, n=4, P=428, N=772), p_value: 5
2026-04-14 12:08:43,936 - INFO - Regula po iteracji 0: IF Input4 <= 0.01 THEN class = {14.57} [9.38, 19.75], (p=9, n=4, P=428, N=772)
2026-04-14 12:08:43,947 - INFO - Iteracja 1: condition_best: None, quality_best: -inf, coverage_best: (p=0, n=0, P=0, N=0), p_value: 5
2026-04-14 12:08:43,948 - INFO - Regula po iteracji 1: IF Input4 <= 0.01 THEN class = {7.76} [2.93, 12.59], (p=9, n=4, P=428, N=772)
2026-04-14 12:08:43,948 - INFO - *****STOP GROWING RR RULE*****
2026-04-14 12:08:43,948 - INFO - ***RR FOUND***
2026-04-14 12:08:43,948 - INFO - Reference rule: IF Input4 <= 0.01 THEN class = {7.76} [2.93, 12.59]
2026-04-14 12:08:43,948 - INFO - ***CHECKING EXCEPTION***
2026-04-14 12:08:43,950 - INFO - *******STOP GROWING CR RULE*******
2026-04-14 12:08:43,952 - INFO - *******GROWING CR RULE*******
2026-04-14 12:08:45,334 - INFO - Iteracja 0: condition_best: Input4 <= 0.35, quality_best: 0.272, coverage_best: (p=268, n=133, P=569, N=631)
2026-04-14 12:08:45,334 - INFO - Regula po iteracji 0: IF Input4 <= 0.35 THEN class = {10.80} [6.52, 15.08], (p=268, n=133, P=569, N=631)
2026-04-14 12:08:45,334 - INFO - *****GROWING RR RULE*****
2026-04-14 12:08:47,669 - INFO - Iteracja 0: condition_best: Input1 <= 0.02, quality_best: 0.277, coverage_best: (p=15, n=7, P=383, N=817), p_value: 6
2026-04-14 12:08:47,669 - INFO - Regula po iteracji 0: IF Input1 <= 0.02 THEN class = {14.57} [9.38, 19.75], (p=15, n=7, P=383, N=817)
2026-04-14 12:08:47,690 - INFO - Iteracja 1: condition_best: None, quality_best: -inf, coverage_best: (p=0, n=0, P=0, N=0), p_value: 6
2026-04-14 12:08:47,690 - INFO - Regula po iteracji 1: IF Input1 <= 0.02 THEN class = {9.19} [5.86, 12.52], (p=15, n=7, P=383, N=817)
2026-04-14 12:08:47,690 - INFO - *****STOP GROWING RR RULE*****
2026-04-14 12:08:47,690 - INFO - ***RR FOUND***
2026-04-14 12:08:47,691 - INFO - Reference rule: IF Input1 <= 0.02 THEN class = {9.19} [5.86, 12.52]
2026-04-14 12:08:47,691 - INFO - ***CHECKING EXCEPTION***
2026-04-14 12:08:47,692 - INFO - *******STOP GROWING CR RULE*******
2026-04-14 12:08:47,695 - INFO - *******GROWING CR RULE*******
2026-04-14 12:08:49,330 - INFO - Iteracja 0: condition_best: Input4 >= 0.70, quality_best: 0.263, coverage_best: (p=254, n=121, P=588, N=612)
2026-04-14 12:08:49,331 - INFO - Regula po iteracji 0: IF Input4 >= 0.70 THEN class = {18.16} [13.98, 22.33], (p=254, n=121, P=588, N=612)
2026-04-14 12:08:49,331 - INFO - *****GROWING RR RULE*****
2026-04-14 12:08:51,641 - INFO - Iteracja 0: condition_best: Input3 >= 0.95, quality_best: 0.178, coverage_best: (p=48, n=24, P=603, N=597), p_value: 16
2026-04-14 12:08:51,641 - INFO - Regula po iteracji 0: IF Input3 >= 0.95 THEN class = {14.57} [9.38, 19.75], (p=48, n=24, P=603, N=597)
2026-04-14 12:08:51,715 - INFO - Iteracja 1: condition_best: None, quality_best: -inf, coverage_best: (p=0, n=0, P=0, N=0), p_value: 16
2026-04-14 12:08:51,715 - INFO - Regula po iteracji 1: IF Input3 >= 0.95 THEN class = {18.59} [14.12, 23.06], (p=48, n=24, P=603, N=597)
2026-04-14 12:08:51,715 - INFO - *****STOP GROWING RR RULE*****
2026-04-14 12:08:51,715 - INFO - ***RR FOUND***
2026-04-14 12:08:51,716 - INFO - Reference rule: IF Input3 >= 0.95 THEN class = {18.59} [14.12, 23.06]
2026-04-14 12:08:51,716 - INFO - ***CHECKING EXCEPTION***
2026-04-14 12:08:51,717 - INFO - *******STOP GROWING CR RULE*******
2026-04-14 12:08:51,720 - INFO - *******GROWING CR RULE*******
2026-04-14 12:08:53,080 - INFO - Iteracja 0: condition_best: Input1 <= 0.22, quality_best: 0.261, coverage_best: (p=179, n=91, P=536, N=664)
2026-04-14 12:08:53,080 - INFO - Regula po iteracji 0: IF Input1 <= 0.22 THEN class = {10.62} [6.48, 14.75], (p=179, n=91, P=536, N=664)
2026-04-14 12:08:53,080 - INFO - *****GROWING RR RULE*****
2026-04-14 12:08:55,346 - INFO - Iteracja 0: condition_best: Input4 <= 0.01, quality_best: 0.23, coverage_best: (p=9, n=5, P=421, N=779), p_value: 6
2026-04-14 12:08:55,347 - INFO - Regula po iteracji 0: IF Input4 <= 0.01 THEN class = {14.57} [9.38, 19.75], (p=9, n=5, P=421, N=779)
2026-04-14 12:08:55,359 - INFO - Iteracja 1: condition_best: None, quality_best: -inf, coverage_best: (p=0, n=0, P=0, N=0), p_value: 6
2026-04-14 12:08:55,360 - INFO - Regula po iteracji 1: IF Input4 <= 0.01 THEN class = {7.85} [3.18, 12.51], (p=9, n=5, P=421, N=779)
2026-04-14 12:08:55,360 - INFO - *****STOP GROWING RR RULE*****
2026-04-14 12:08:55,360 - INFO - ***RR FOUND***
2026-04-14 12:08:55,360 - INFO - Reference rule: IF Input4 <= 0.01 THEN class = {7.85} [3.18, 12.51]
2026-04-14 12:08:55,360 - INFO - ***CHECKING EXCEPTION***
2026-04-14 12:08:55,361 - INFO - *******STOP GROWING CR RULE*******
2026-04-14 12:08:55,364 - INFO - *******GROWING CR RULE*******
2026-04-14 12:08:56,703 - INFO - Iteracja 0: condition_best: Input4 <= 0.36, quality_best: 0.259, coverage_best: (p=270, n=137, P=576, N=624)
2026-04-14 12:08:56,703 - INFO - Regula po iteracji 0: IF Input4 <= 0.36 THEN class = {10.88} [6.57, 15.19], (p=270, n=137, P=576, N=624)
2026-04-14 12:08:56,703 - INFO - *****GROWING RR RULE*****
2026-04-14 12:08:59,333 - INFO - Iteracja 0: condition_best: Input1 <= 0.02, quality_best: 0.277, coverage_best: (p=15, n=7, P=383, N=817), p_value: 6
2026-04-14 12:08:59,333 - INFO - Regula po iteracji 0: IF Input1 <= 0.02 THEN class = {14.57} [9.38, 19.75], (p=15, n=7, P=383, N=817)
2026-04-14 12:08:59,354 - INFO - Iteracja 1: condition_best: None, quality_best: -inf, coverage_best: (p=0, n=0, P=0, N=0), p_value: 6
2026-04-14 12:08:59,354 - INFO - Regula po iteracji 1: IF Input1 <= 0.02 THEN class = {9.19} [5.86, 12.52], (p=15, n=7, P=383, N=817)
2026-04-14 12:08:59,355 - INFO - *****STOP GROWING RR RULE*****
2026-04-14 12:08:59,355 - INFO - ***RR FOUND***
2026-04-14 12:08:59,355 - INFO - Reference rule: IF Input1 <= 0.02 THEN class = {9.19} [5.86, 12.52]
2026-04-14 12:08:59,355 - INFO - ***CHECKING EXCEPTION***
2026-04-14 12:08:59,356 - INFO - *******STOP GROWING CR RULE*******
2026-04-14 12:08:59,359 - INFO - *******GROWING CR RULE*******
2026-04-14 12:09:00,722 - INFO - Iteracja 0: condition_best: Input4 >= 0.70, quality_best: 0.256, coverage_best: (p=257, n=125, P=590, N=610)
2026-04-14 12:09:00,722 - INFO - Regula po iteracji 0: IF Input4 >= 0.70 THEN class = {18.11} [13.94, 22.29], (p=257, n=125, P=590, N=610)
2026-04-14 12:09:00,723 - INFO - *****GROWING RR RULE*****
2026-04-14 12:09:03,027 - INFO - Iteracja 0: condition_best: Input3 >= 0.97, quality_best: 0.14, coverage_best: (p=32, n=16, P=654, N=546), p_value: 12
2026-04-14 12:09:03,027 - INFO - Regula po iteracji 0: IF Input3 >= 0.97 THEN class = {14.57} [9.38, 19.75], (p=32, n=16, P=654, N=546)
2026-04-14 12:09:03,077 - INFO - Iteracja 1: condition_best: None, quality_best: -inf, coverage_best: (p=0, n=0, P=0, N=0), p_value: 12
2026-04-14 12:09:03,077 - INFO - Regula po iteracji 1: IF Input3 >= 0.97 THEN class = {18.12} [13.34, 22.91], (p=32, n=16, P=654, N=546)
2026-04-14 12:09:03,077 - INFO - *****STOP GROWING RR RULE*****
2026-04-14 12:09:03,077 - INFO - ***RR FOUND***
2026-04-14 12:09:03,077 - INFO - Reference rule: IF Input3 >= 0.97 THEN class = {18.12} [13.34, 22.91]
2026-04-14 12:09:03,078 - INFO - ***CHECKING EXCEPTION***
2026-04-14 12:09:03,079 - INFO - *******STOP GROWING CR RULE*******
2026-04-14 12:09:03,082 - INFO - *******GROWING CR RULE*******
2026-04-14 12:09:04,397 - INFO - Iteracja 0: condition_best: Input2 <= 0.11, quality_best: 0.255, coverage_best: (p=89, n=48, P=464, N=736)
2026-04-14 12:09:04,397 - INFO - Regula po iteracji 0: IF Input2 <= 0.11 THEN class = {10.47} [6.77, 14.17], (p=89, n=48, P=464, N=736)
2026-04-14 12:09:04,398 - INFO - *****GROWING RR RULE*****
2026-04-14 12:09:06,928 - INFO - Iteracja 0: condition_best: Input4 <= 0.02, quality_best: 0.244, coverage_best: (p=19, n=9, P=473, N=727), p_value: 2
2026-04-14 12:09:06,929 - INFO - Regula po iteracji 0: IF Input4 <= 0.02 THEN class = {14.57} [9.38, 19.75], (p=19, n=9, P=473, N=727)
2026-04-14 12:09:06,955 - INFO - Iteracja 1: condition_best: None, quality_best: -inf, coverage_best: (p=0, n=0, P=0, N=0), p_value: 2
2026-04-14 12:09:06,955 - INFO - Regula po iteracji 1: IF Input4 <= 0.02 THEN class = {8.73} [4.16, 13.30], (p=19, n=9, P=473, N=727)
2026-04-14 12:09:06,955 - INFO - *****STOP GROWING RR RULE*****
2026-04-14 12:09:06,956 - INFO - ***RR FOUND***
2026-04-14 12:09:06,956 - INFO - Reference rule: IF Input4 <= 0.02 THEN class = {8.73} [4.16, 13.30]
2026-04-14 12:09:06,956 - INFO - ***CHECKING EXCEPTION***
2026-04-14 12:09:06,957 - INFO - *******STOP GROWING CR RULE*******
2026-04-14 12:09:06,959 - INFO - *******GROWING CR RULE*******
2026-04-14 12:09:08,304 - INFO - Iteracja 0: condition_best: Input4 >= 0.64, quality_best: 0.255, coverage_best: (p=309, n=151, P=605, N=595)
2026-04-14 12:09:08,304 - INFO - Regula po iteracji 0: IF Input4 >= 0.64 THEN class = {17.79} [13.58, 22.00], (p=309, n=151, P=605, N=595)
2026-04-14 12:09:08,304 - INFO - *****GROWING RR RULE*****
2026-04-14 12:09:10,631 - INFO - Iteracja 0: condition_best: None, quality_best: -inf, coverage_best: (p=0, n=0, P=0, N=0), p_value: 0
2026-04-14 12:09:10,632 - INFO - Regula po iteracji 0: IF  THEN class = {14.57} [9.38, 19.75], (p=768, n=432, P=768, N=432)
2026-04-14 12:09:10,632 - INFO - *****STOP GROWING RR RULE*****
2026-04-14 12:09:10,632 - INFO - ***RR NOT FOUND***
2026-04-14 12:09:11,014 - INFO - Iteracja 1: condition_best: Input4 <= 0.67, quality_best: 0.386, coverage_best: (p=27, n=5, P=500, N=700)
2026-04-14 12:09:11,014 - INFO - Regula po iteracji 1: IF Input4 >= 0.64 AND Input4 <= 0.67 THEN class = {16.82} [13.64, 20.00], (p=27, n=5, P=500, N=700)
2026-04-14 12:09:11,014 - INFO - *****GROWING RR RULE*****
2026-04-14 12:09:13,472 - INFO - Iteracja 0: condition_best: None, quality_best: -inf, coverage_best: (p=0, n=0, P=0, N=0), p_value: 0
2026-04-14 12:09:13,472 - INFO - Regula po iteracji 0: IF  THEN class = {14.57} [9.38, 19.75], (p=768, n=432, P=768, N=432)
2026-04-14 12:09:13,473 - INFO - *****STOP GROWING RR RULE*****
2026-04-14 12:09:13,473 - INFO - ***RR NOT FOUND***
2026-04-14 12:09:13,492 - INFO - Iteracja 2: condition_best: Input5 >= 0.70, quality_best: 0.448, coverage_best: (p=8, n=1, P=218, N=982)
2026-04-14 12:09:13,492 - INFO - Regula po iteracji 2: IF Input4 >= 0.64 AND Input4 <= 0.67 AND Input5 >= 0.70 THEN class = {17.88} [16.26, 19.50], (p=8, n=1, P=218, N=982)
2026-04-14 12:09:13,492 - INFO - *****GROWING RR RULE*****
2026-04-14 12:09:15,600 - INFO - Iteracja 0: condition_best: None, quality_best: -inf, coverage_best: (p=0, n=0, P=0, N=0), p_value: 0
2026-04-14 12:09:15,601 - INFO - Regula po iteracji 0: IF  THEN class = {14.57} [9.38, 19.75], (p=768, n=432, P=768, N=432)
2026-04-14 12:09:15,601 - INFO - *****STOP GROWING RR RULE*****
2026-04-14 12:09:15,601 - INFO - ***RR NOT FOUND***
2026-04-14 12:09:15,606 - INFO - Iteracja 3: condition_best: Input4 <= 0.66, quality_best: 0.436, coverage_best: (p=7, n=1, P=227, N=973)
2026-04-14 12:09:15,606 - INFO - Regula po iteracji 3: IF Input4 >= 0.64 AND Input4 <= 0.67 AND Input5 >= 0.70 AND Input4 <= 0.66 THEN class = {17.86} [16.15, 19.58], (p=7, n=1, P=227, N=973)
2026-04-14 12:09:15,606 - INFO - *****GROWING RR RULE*****
2026-04-14 12:09:17,689 - INFO - Iteracja 0: condition_best: None, quality_best: -inf, coverage_best: (p=0, n=0, P=0, N=0), p_value: 0
2026-04-14 12:09:17,689 - INFO - Regula po iteracji 0: IF  THEN class = {14.57} [9.38, 19.75], (p=768, n=432, P=768, N=432)
2026-04-14 12:09:17,689 - INFO - *****STOP GROWING RR RULE*****
2026-04-14 12:09:17,689 - INFO - ***RR NOT FOUND***
2026-04-14 12:09:17,693 - INFO - Iteracja 4: condition_best: Input3 >= 0.02, quality_best: 0.419, coverage_best: (p=6, n=1, P=251, N=949)
2026-04-14 12:09:17,693 - INFO - Regula po iteracji 4: IF Input4 >= 0.64 AND Input4 <= 0.67 AND Input5 >= 0.70 AND Input4 <= 0.66 AND Input3 >= 0.02 THEN class = {17.91} [16.09, 19.74], (p=6, n=1, P=251, N=949)
2026-04-14 12:09:17,694 - INFO - *****GROWING RR RULE*****
2026-04-14 12:09:19,809 - INFO - Iteracja 0: condition_best: None, quality_best: -inf, coverage_best: (p=0, n=0, P=0, N=0), p_value: 0
2026-04-14 12:09:19,809 - INFO - Regula po iteracji 0: IF  THEN class = {14.57} [9.38, 19.75], (p=768, n=432, P=768, N=432)
2026-04-14 12:09:19,810 - INFO - *****STOP GROWING RR RULE*****
2026-04-14 12:09:19,810 - INFO - ***RR NOT FOUND***
2026-04-14 12:09:19,810 - INFO - *******STOP GROWING CR RULE*******
2026-04-14 12:09:19,812 - INFO - *******GROWING CR RULE*******
2026-04-14 12:09:21,141 - INFO - Iteracja 0: condition_best: Input4 >= 0.64, quality_best: 0.255, coverage_best: (p=309, n=151, P=605, N=595)
2026-04-14 12:09:21,141 - INFO - Regula po iteracji 0: IF Input4 >= 0.64 THEN class = {17.79} [13.58, 22.00], (p=309, n=151, P=605, N=595)
2026-04-14 12:09:21,141 - INFO - *****GROWING RR RULE*****
2026-04-14 12:09:23,774 - INFO - Iteracja 0: condition_best: None, quality_best: -inf, coverage_best: (p=0, n=0, P=0, N=0), p_value: 0
2026-04-14 12:09:23,775 - INFO - Regula po iteracji 0: IF  THEN class = {14.57} [9.38, 19.75], (p=768, n=432, P=768, N=432)
2026-04-14 12:09:23,775 - INFO - *****STOP GROWING RR RULE*****
2026-04-14 12:09:23,775 - INFO - ***RR NOT FOUND***
2026-04-14 12:09:24,113 - INFO - Iteracja 1: condition_best: Input4 <= 0.67, quality_best: 0.386, coverage_best: (p=27, n=5, P=500, N=700)
2026-04-14 12:09:24,113 - INFO - Regula po iteracji 1: IF Input4 >= 0.64 AND Input4 <= 0.67 THEN class = {16.82} [13.64, 20.00], (p=27, n=5, P=500, N=700)
2026-04-14 12:09:24,114 - INFO - *****GROWING RR RULE*****
2026-04-14 12:09:26,278 - INFO - Iteracja 0: condition_best: None, quality_best: -inf, coverage_best: (p=0, n=0, P=0, N=0), p_value: 0
2026-04-14 12:09:26,279 - INFO - Regula po iteracji 0: IF  THEN class = {14.57} [9.38, 19.75], (p=768, n=432, P=768, N=432)
2026-04-14 12:09:26,279 - INFO - *****STOP GROWING RR RULE*****
2026-04-14 12:09:26,279 - INFO - ***RR NOT FOUND***
2026-04-14 12:09:26,294 - INFO - Iteracja 2: condition_best: Input3 >= 0.10, quality_best: 0.384, coverage_best: (p=22, n=4, P=501, N=699)
2026-04-14 12:09:26,294 - INFO - Regula po iteracji 2: IF Input4 >= 0.64 AND Input4 <= 0.67 AND Input3 >= 0.10 THEN class = {16.83} [13.65, 20.01], (p=22, n=4, P=501, N=699)
2026-04-14 12:09:26,295 - INFO - *****GROWING RR RULE*****
2026-04-14 12:09:28,417 - INFO - Iteracja 0: condition_best: None, quality_best: -inf, coverage_best: (p=0, n=0, P=0, N=0), p_value: 0
2026-04-14 12:09:28,417 - INFO - Regula po iteracji 0: IF  THEN class = {14.57} [9.38, 19.75], (p=768, n=432, P=768, N=432)
2026-04-14 12:09:28,417 - INFO - *****STOP GROWING RR RULE*****
2026-04-14 12:09:28,417 - INFO - ***RR NOT FOUND***
2026-04-14 12:09:28,431 - INFO - Iteracja 3: condition_best: Input1 >= 0.41, quality_best: 0.414, coverage_best: (p=16, n=3, P=308, N=892)
2026-04-14 12:09:28,431 - INFO - Regula po iteracji 3: IF Input4 >= 0.64 AND Input4 <= 0.67 AND Input3 >= 0.10 AND Input1 >= 0.41 THEN class = {18.11} [15.90, 20.32], (p=16, n=3, P=308, N=892)
2026-04-14 12:09:28,431 - INFO - *****GROWING RR RULE*****
2026-04-14 12:09:30,888 - INFO - Iteracja 0: condition_best: None, quality_best: -inf, coverage_best: (p=0, n=0, P=0, N=0), p_value: 0
2026-04-14 12:09:30,889 - INFO - Regula po iteracji 0: IF  THEN class = {14.57} [9.38, 19.75], (p=768, n=432, P=768, N=432)
2026-04-14 12:09:30,889 - INFO - *****STOP GROWING RR RULE*****
2026-04-14 12:09:30,889 - INFO - ***RR NOT FOUND***
2026-04-14 12:09:30,899 - INFO - Iteracja 4: condition_best: Input2 <= 0.69, quality_best: 0.466, coverage_best: (p=12, n=1, P=302, N=898)
2026-04-14 12:09:30,899 - INFO - Regula po iteracji 4: IF Input4 >= 0.64 AND Input4 <= 0.67 AND Input3 >= 0.10 AND Input1 >= 0.41 AND Input2 <= 0.69 THEN class = {17.76} [15.60, 19.93], (p=12, n=1, P=302, N=898)
2026-04-14 12:09:30,899 - INFO - *****GROWING RR RULE*****
2026-04-14 12:09:33,003 - INFO - Iteracja 0: condition_best: None, quality_best: -inf, coverage_best: (p=0, n=0, P=0, N=0), p_value: 0
2026-04-14 12:09:33,003 - INFO - Regula po iteracji 0: IF  THEN class = {14.57} [9.38, 19.75], (p=768, n=432, P=768, N=432)
2026-04-14 12:09:33,003 - INFO - *****STOP GROWING RR RULE*****
2026-04-14 12:09:33,003 - INFO - ***RR NOT FOUND***
2026-04-14 12:09:33,003 - INFO - *******STOP GROWING CR RULE*******
2026-04-14 12:09:33,005 - INFO - *******GROWING CR RULE*******
2026-04-14 12:09:34,333 - INFO - Iteracja 0: condition_best: Input4 >= 0.64, quality_best: 0.255, coverage_best: (p=309, n=151, P=605, N=595)
2026-04-14 12:09:34,333 - INFO - Regula po iteracji 0: IF Input4 >= 0.64 THEN class = {17.79} [13.58, 22.00], (p=309, n=151, P=605, N=595)
2026-04-14 12:09:34,333 - INFO - *****GROWING RR RULE*****
2026-04-14 12:09:36,662 - INFO - Iteracja 0: condition_best: None, quality_best: -inf, coverage_best: (p=0, n=0, P=0, N=0), p_value: 0
2026-04-14 12:09:36,662 - INFO - Regula po iteracji 0: IF  THEN class = {14.57} [9.38, 19.75], (p=768, n=432, P=768, N=432)
2026-04-14 12:09:36,662 - INFO - *****STOP GROWING RR RULE*****
2026-04-14 12:09:36,662 - INFO - ***RR NOT FOUND***
2026-04-14 12:09:37,001 - INFO - Iteracja 1: condition_best: Input4 <= 0.67, quality_best: 0.386, coverage_best: (p=27, n=5, P=500, N=700)
2026-04-14 12:09:37,001 - INFO - Regula po iteracji 1: IF Input4 >= 0.64 AND Input4 <= 0.67 THEN class = {16.82} [13.64, 20.00], (p=27, n=5, P=500, N=700)
2026-04-14 12:09:37,002 - INFO - *****GROWING RR RULE*****
2026-04-14 12:09:39,462 - INFO - Iteracja 0: condition_best: None, quality_best: -inf, coverage_best: (p=0, n=0, P=0, N=0), p_value: 0
2026-04-14 12:09:39,462 - INFO - Regula po iteracji 0: IF  THEN class = {14.57} [9.38, 19.75], (p=768, n=432, P=768, N=432)
2026-04-14 12:09:39,462 - INFO - *****STOP GROWING RR RULE*****
2026-04-14 12:09:39,462 - INFO - ***RR NOT FOUND***
2026-04-14 12:09:39,478 - INFO - Iteracja 2: condition_best: Input3 >= 0.10, quality_best: 0.384, coverage_best: (p=22, n=4, P=501, N=699)
2026-04-14 12:09:39,478 - INFO - Regula po iteracji 2: IF Input4 >= 0.64 AND Input4 <= 0.67 AND Input3 >= 0.10 THEN class = {16.83} [13.65, 20.01], (p=22, n=4, P=501, N=699)
2026-04-14 12:09:39,478 - INFO - *****GROWING RR RULE*****
2026-04-14 12:09:41,629 - INFO - Iteracja 0: condition_best: None, quality_best: -inf, coverage_best: (p=0, n=0, P=0, N=0), p_value: 0
2026-04-14 12:09:41,630 - INFO - Regula po iteracji 0: IF  THEN class = {14.57} [9.38, 19.75], (p=768, n=432, P=768, N=432)
2026-04-14 12:09:41,630 - INFO - *****STOP GROWING RR RULE*****
2026-04-14 12:09:41,630 - INFO - ***RR NOT FOUND***
2026-04-14 12:09:41,642 - INFO - Iteracja 3: condition_best: Input1 >= 0.27, quality_best: 0.389, coverage_best: (p=17, n=4, P=324, N=876)
2026-04-14 12:09:41,642 - INFO - Regula po iteracji 3: IF Input4 >= 0.64 AND Input4 <= 0.67 AND Input3 >= 0.10 AND Input1 >= 0.27 THEN class = {17.89} [15.58, 20.19], (p=17, n=4, P=324, N=876)
2026-04-14 12:09:41,643 - INFO - *****GROWING RR RULE*****
2026-04-14 12:09:43,784 - INFO - Iteracja 0: condition_best: None, quality_best: -inf, coverage_best: (p=0, n=0, P=0, N=0), p_value: 0
2026-04-14 12:09:43,785 - INFO - Regula po iteracji 0: IF  THEN class = {14.57} [9.38, 19.75], (p=768, n=432, P=768, N=432)
2026-04-14 12:09:43,785 - INFO - *****STOP GROWING RR RULE*****
2026-04-14 12:09:43,785 - INFO - ***RR NOT FOUND***
2026-04-14 12:09:43,795 - INFO - Iteracja 4: condition_best: Input5 >= 0.14, quality_best: 0.43, coverage_best: (p=16, n=3, P=230, N=970)
2026-04-14 12:09:43,795 - INFO - Regula po iteracji 4: IF Input4 >= 0.64 AND Input4 <= 0.67 AND Input3 >= 0.10 AND Input1 >= 0.27 AND Input5 >= 0.14 THEN class = {18.39} [16.67, 20.11], (p=16, n=3, P=230, N=970)
2026-04-14 12:09:43,796 - INFO - *****GROWING RR RULE*****
2026-04-14 12:09:45,909 - INFO - Iteracja 0: condition_best: None, quality_best: -inf, coverage_best: (p=0, n=0, P=0, N=0), p_value: 0
2026-04-14 12:09:45,910 - INFO - Regula po iteracji 0: IF  THEN class = {14.57} [9.38, 19.75], (p=768, n=432, P=768, N=432)
2026-04-14 12:09:45,910 - INFO - *****STOP GROWING RR RULE*****
2026-04-14 12:09:45,910 - INFO - ***RR NOT FOUND***
2026-04-14 12:09:45,910 - INFO - *******STOP GROWING CR RULE*******
2026-04-14 12:09:45,912 - INFO - *******GROWING CR RULE*******
2026-04-14 12:09:47,248 - INFO - Iteracja 0: condition_best: Input4 >= 0.64, quality_best: 0.255, coverage_best: (p=309, n=151, P=605, N=595)
2026-04-14 12:09:47,248 - INFO - Regula po iteracji 0: IF Input4 >= 0.64 THEN class = {17.79} [13.58, 22.00], (p=309, n=151, P=605, N=595)
2026-04-14 12:09:47,249 - INFO - *****GROWING RR RULE*****
2026-04-14 12:09:49,853 - INFO - Iteracja 0: condition_best: None, quality_best: -inf, coverage_best: (p=0, n=0, P=0, N=0), p_value: 0
2026-04-14 12:09:49,854 - INFO - Regula po iteracji 0: IF  THEN class = {14.57} [9.38, 19.75], (p=768, n=432, P=768, N=432)
2026-04-14 12:09:49,854 - INFO - *****STOP GROWING RR RULE*****
2026-04-14 12:09:49,854 - INFO - ***RR NOT FOUND***
2026-04-14 12:09:50,186 - INFO - Iteracja 1: condition_best: Input4 <= 0.67, quality_best: 0.344, coverage_best: (p=30, n=7, P=547, N=653)
2026-04-14 12:09:50,186 - INFO - Regula po iteracji 1: IF Input4 >= 0.64 AND Input4 <= 0.67 THEN class = {16.88} [13.29, 20.48], (p=30, n=7, P=547, N=653)
2026-04-14 12:09:50,186 - INFO - *****GROWING RR RULE*****
2026-04-14 12:09:52,512 - INFO - Iteracja 0: condition_best: None, quality_best: -inf, coverage_best: (p=0, n=0, P=0, N=0), p_value: 0
2026-04-14 12:09:52,513 - INFO - Regula po iteracji 0: IF  THEN class = {14.57} [9.38, 19.75], (p=768, n=432, P=768, N=432)
2026-04-14 12:09:52,513 - INFO - *****STOP GROWING RR RULE*****
2026-04-14 12:09:52,513 - INFO - ***RR NOT FOUND***
2026-04-14 12:09:52,532 - INFO - Iteracja 2: condition_best: Input3 <= 0.59, quality_best: 0.391, coverage_best: (p=19, n=3, P=530, N=670)
2026-04-14 12:09:52,532 - INFO - Regula po iteracji 2: IF Input4 >= 0.64 AND Input4 <= 0.67 AND Input3 <= 0.59 THEN class = {16.52} [13.09, 19.96], (p=19, n=3, P=530, N=670)
2026-04-14 12:09:52,533 - INFO - *****GROWING RR RULE*****
2026-04-14 12:09:54,770 - INFO - Iteracja 0: condition_best: None, quality_best: -inf, coverage_best: (p=0, n=0, P=0, N=0), p_value: 0
2026-04-14 12:09:54,770 - INFO - Regula po iteracji 0: IF  THEN class = {14.57} [9.38, 19.75], (p=768, n=432, P=768, N=432)
2026-04-14 12:09:54,770 - INFO - *****STOP GROWING RR RULE*****
2026-04-14 12:09:54,770 - INFO - ***RR NOT FOUND***
2026-04-14 12:09:54,782 - INFO - Iteracja 3: condition_best: Input4 >= 0.64, quality_best: 0.385, coverage_best: (p=18, n=3, P=529, N=671)
2026-04-14 12:09:54,782 - INFO - Regula po iteracji 3: IF Input4 >= 0.64 AND Input4 <= 0.67 AND Input3 <= 0.59 AND Input4 >= 0.64 THEN class = {16.66} [13.20, 20.11], (p=18, n=3, P=529, N=671)
2026-04-14 12:09:54,782 - INFO - *****GROWING RR RULE*****
2026-04-14 12:09:57,025 - INFO - Iteracja 0: condition_best: None, quality_best: -inf, coverage_best: (p=0, n=0, P=0, N=0), p_value: 0
2026-04-14 12:09:57,025 - INFO - Regula po iteracji 0: IF  THEN class = {14.57} [9.38, 19.75], (p=768, n=432, P=768, N=432)
2026-04-14 12:09:57,026 - INFO - *****STOP GROWING RR RULE*****
2026-04-14 12:09:57,026 - INFO - ***RR NOT FOUND***
2026-04-14 12:09:57,036 - INFO - Iteracja 4: condition_best: Input1 >= 0.08, quality_best: 0.376, coverage_best: (p=17, n=3, P=534, N=666)
2026-04-14 12:09:57,036 - INFO - Regula po iteracji 4: IF Input4 >= 0.64 AND Input4 <= 0.67 AND Input3 <= 0.59 AND Input4 >= 0.64 AND Input1 >= 0.08 THEN class = {16.80} [13.32, 20.28], (p=17, n=3, P=534, N=666)
2026-04-14 12:09:57,036 - INFO - *****GROWING RR RULE*****
2026-04-14 12:09:59,555 - INFO - Iteracja 0: condition_best: None, quality_best: -inf, coverage_best: (p=0, n=0, P=0, N=0), p_value: 0
2026-04-14 12:09:59,556 - INFO - Regula po iteracji 0: IF  THEN class = {14.57} [9.38, 19.75], (p=768, n=432, P=768, N=432)
2026-04-14 12:09:59,556 - INFO - *****STOP GROWING RR RULE*****
2026-04-14 12:09:59,556 - INFO - ***RR NOT FOUND***
2026-04-14 12:09:59,556 - INFO - *******STOP GROWING CR RULE*******
2026-04-14 12:09:59,558 - INFO - *******GROWING CR RULE*******
2026-04-14 12:10:00,886 - INFO - Iteracja 0: condition_best: Input4 >= 0.64, quality_best: 0.255, coverage_best: (p=309, n=151, P=605, N=595)
2026-04-14 12:10:00,886 - INFO - Regula po iteracji 0: IF Input4 >= 0.64 THEN class = {17.79} [13.58, 22.00], (p=309, n=151, P=605, N=595)
2026-04-14 12:10:00,887 - INFO - *****GROWING RR RULE*****
2026-04-14 12:10:03,218 - INFO - Iteracja 0: condition_best: None, quality_best: -inf, coverage_best: (p=0, n=0, P=0, N=0), p_value: 0
2026-04-14 12:10:03,219 - INFO - Regula po iteracji 0: IF  THEN class = {14.57} [9.38, 19.75], (p=768, n=432, P=768, N=432)
2026-04-14 12:10:03,219 - INFO - *****STOP GROWING RR RULE*****
2026-04-14 12:10:03,219 - INFO - ***RR NOT FOUND***
2026-04-14 12:10:03,554 - INFO - Iteracja 1: condition_best: Input1 >= 0.55, quality_best: 0.34, coverage_best: (p=162, n=74, P=449, N=751)
2026-04-14 12:10:03,555 - INFO - Regula po iteracji 1: IF Input4 >= 0.64 AND Input1 >= 0.55 THEN class = {19.33} [15.60, 23.06], (p=162, n=74, P=449, N=751)
2026-04-14 12:10:03,555 - INFO - *****GROWING RR RULE*****
2026-04-14 12:10:05,795 - INFO - Iteracja 0: condition_best: None, quality_best: -inf, coverage_best: (p=0, n=0, P=0, N=0), p_value: 0
2026-04-14 12:10:05,796 - INFO - Regula po iteracji 0: IF  THEN class = {14.57} [9.38, 19.75], (p=768, n=432, P=768, N=432)
2026-04-14 12:10:05,796 - INFO - *****STOP GROWING RR RULE*****
2026-04-14 12:10:05,796 - INFO - ***RR NOT FOUND***
2026-04-14 12:10:05,956 - INFO - Iteracja 2: condition_best: Input2 >= 0.26, quality_best: 0.414, coverage_best: (p=126, n=55, P=311, N=889)
2026-04-14 12:10:05,956 - INFO - Regula po iteracji 2: IF Input4 >= 0.64 AND Input1 >= 0.55 AND Input2 >= 0.26 THEN class = {20.52} [17.55, 23.50], (p=126, n=55, P=311, N=889)
2026-04-14 12:10:05,956 - INFO - *****GROWING RR RULE*****
2026-04-14 12:10:08,499 - INFO - Iteracja 0: condition_best: None, quality_best: -inf, coverage_best: (p=0, n=0, P=0, N=0), p_value: 0
2026-04-14 12:10:08,499 - INFO - Regula po iteracji 0: IF  THEN class = {14.57} [9.38, 19.75], (p=768, n=432, P=768, N=432)
2026-04-14 12:10:08,499 - INFO - *****STOP GROWING RR RULE*****
2026-04-14 12:10:08,499 - INFO - ***RR NOT FOUND***
2026-04-14 12:10:08,610 - INFO - Iteracja 3: condition_best: Input2 <= 0.94, quality_best: 0.436, coverage_best: (p=119, n=48, P=293, N=907)
2026-04-14 12:10:08,610 - INFO - Regula po iteracji 3: IF Input4 >= 0.64 AND Input1 >= 0.55 AND Input2 >= 0.26 AND Input2 <= 0.94 THEN class = {20.75} [17.96, 23.54], (p=119, n=48, P=293, N=907)
2026-04-14 12:10:08,611 - INFO - *****GROWING RR RULE*****
2026-04-14 12:10:11,018 - INFO - Iteracja 0: condition_best: None, quality_best: -inf, coverage_best: (p=0, n=0, P=0, N=0), p_value: 0
2026-04-14 12:10:11,018 - INFO - Regula po iteracji 0: IF  THEN class = {14.57} [9.38, 19.75], (p=768, n=432, P=768, N=432)
2026-04-14 12:10:11,018 - INFO - *****STOP GROWING RR RULE*****
2026-04-14 12:10:11,019 - INFO - ***RR NOT FOUND***
2026-04-14 12:10:11,117 - INFO - Iteracja 4: condition_best: Input5 <= 0.93, quality_best: 0.447, coverage_best: (p=115, n=43, P=291, N=909)
2026-04-14 12:10:11,117 - INFO - Regula po iteracji 4: IF Input4 >= 0.64 AND Input1 >= 0.55 AND Input2 >= 0.26 AND Input2 <= 0.94 AND Input5 <= 0.93 THEN class = {20.58} [17.86, 23.31], (p=115, n=43, P=291, N=909)
2026-04-14 12:10:11,118 - INFO - *****GROWING RR RULE*****
2026-04-14 12:10:13,511 - INFO - Iteracja 0: condition_best: None, quality_best: -inf, coverage_best: (p=0, n=0, P=0, N=0), p_value: 0
2026-04-14 12:10:13,512 - INFO - Regula po iteracji 0: IF  THEN class = {14.57} [9.38, 19.75], (p=768, n=432, P=768, N=432)
2026-04-14 12:10:13,512 - INFO - *****STOP GROWING RR RULE*****
2026-04-14 12:10:13,512 - INFO - ***RR NOT FOUND***
2026-04-14 12:10:13,512 - INFO - *******STOP GROWING CR RULE*******
2026-04-14 12:10:13,514 - INFO - *******GROWING CR RULE*******
2026-04-14 12:10:14,834 - INFO - Iteracja 0: condition_best: Input4 >= 0.64, quality_best: 0.255, coverage_best: (p=309, n=151, P=605, N=595)
2026-04-14 12:10:14,834 - INFO - Regula po iteracji 0: IF Input4 >= 0.64 THEN class = {17.79} [13.58, 22.00], (p=309, n=151, P=605, N=595)
2026-04-14 12:10:14,834 - INFO - *****GROWING RR RULE*****
2026-04-14 12:10:17,485 - INFO - Iteracja 0: condition_best: None, quality_best: -inf, coverage_best: (p=0, n=0, P=0, N=0), p_value: 0
2026-04-14 12:10:17,485 - INFO - Regula po iteracji 0: IF  THEN class = {14.57} [9.38, 19.75], (p=768, n=432, P=768, N=432)
2026-04-14 12:10:17,485 - INFO - *****STOP GROWING RR RULE*****
2026-04-14 12:10:17,485 - INFO - ***RR NOT FOUND***
2026-04-14 12:10:17,820 - INFO - Iteracja 1: condition_best: Input1 >= 0.53, quality_best: 0.338, coverage_best: (p=167, n=78, P=448, N=752)
2026-04-14 12:10:17,820 - INFO - Regula po iteracji 1: IF Input4 >= 0.64 AND Input1 >= 0.53 THEN class = {19.38} [15.62, 23.14], (p=167, n=78, P=448, N=752)
2026-04-14 12:10:17,820 - INFO - *****GROWING RR RULE*****
2026-04-14 12:10:20,091 - INFO - Iteracja 0: condition_best: None, quality_best: -inf, coverage_best: (p=0, n=0, P=0, N=0), p_value: 0
2026-04-14 12:10:20,091 - INFO - Regula po iteracji 0: IF  THEN class = {14.57} [9.38, 19.75], (p=768, n=432, P=768, N=432)
2026-04-14 12:10:20,091 - INFO - *****STOP GROWING RR RULE*****
2026-04-14 12:10:20,091 - INFO - ***RR NOT FOUND***
2026-04-14 12:10:20,242 - INFO - Iteracja 2: condition_best: Input1 <= 0.86, quality_best: 0.386, coverage_best: (p=136, n=49, P=430, N=770)
2026-04-14 12:10:20,242 - INFO - Regula po iteracji 2: IF Input4 >= 0.64 AND Input1 >= 0.53 AND Input1 <= 0.86 THEN class = {19.59} [15.91, 23.26], (p=136, n=49, P=430, N=770)
2026-04-14 12:10:20,242 - INFO - *****GROWING RR RULE*****
2026-04-14 12:10:22,497 - INFO - Iteracja 0: condition_best: None, quality_best: -inf, coverage_best: (p=0, n=0, P=0, N=0), p_value: 0
2026-04-14 12:10:22,498 - INFO - Regula po iteracji 0: IF  THEN class = {14.57} [9.38, 19.75], (p=768, n=432, P=768, N=432)
2026-04-14 12:10:22,498 - INFO - *****STOP GROWING RR RULE*****
2026-04-14 12:10:22,498 - INFO - ***RR NOT FOUND***
2026-04-14 12:10:22,610 - INFO - Iteracja 3: condition_best: Input5 >= 0.01, quality_best: 0.411, coverage_best: (p=137, n=45, P=419, N=781)
2026-04-14 12:10:22,610 - INFO - Regula po iteracji 3: IF Input4 >= 0.64 AND Input1 >= 0.53 AND Input1 <= 0.86 AND Input5 >= 0.01 THEN class = {19.68} [16.06, 23.30], (p=137, n=45, P=419, N=781)
2026-04-14 12:10:22,611 - INFO - *****GROWING RR RULE*****
2026-04-14 12:10:25,176 - INFO - Iteracja 0: condition_best: None, quality_best: -inf, coverage_best: (p=0, n=0, P=0, N=0), p_value: 0
2026-04-14 12:10:25,176 - INFO - Regula po iteracji 0: IF  THEN class = {14.57} [9.38, 19.75], (p=768, n=432, P=768, N=432)
2026-04-14 12:10:25,176 - INFO - *****STOP GROWING RR RULE*****
2026-04-14 12:10:25,176 - INFO - ***RR NOT FOUND***
2026-04-14 12:10:25,284 - INFO - Iteracja 4: condition_best: Input1 <= 0.86, quality_best: 0.409, coverage_best: (p=136, n=45, P=420, N=780)
2026-04-14 12:10:25,284 - INFO - Regula po iteracji 4: IF Input4 >= 0.64 AND Input1 >= 0.53 AND Input1 <= 0.86 AND Input5 >= 0.01 AND Input1 <= 0.86 THEN class = {19.69} [16.06, 23.32], (p=136, n=45, P=420, N=780)
2026-04-14 12:10:25,285 - INFO - *****GROWING RR RULE*****
2026-04-14 12:10:27,533 - INFO - Iteracja 0: condition_best: None, quality_best: -inf, coverage_best: (p=0, n=0, P=0, N=0), p_value: 0
2026-04-14 12:10:27,533 - INFO - Regula po iteracji 0: IF  THEN class = {14.57} [9.38, 19.75], (p=768, n=432, P=768, N=432)
2026-04-14 12:10:27,534 - INFO - *****STOP GROWING RR RULE*****
2026-04-14 12:10:27,534 - INFO - ***RR NOT FOUND***
2026-04-14 12:10:27,534 - INFO - *******STOP GROWING CR RULE*******
2026-04-14 12:10:27,536 - INFO - *******GROWING CR RULE*******
2026-04-14 12:10:28,829 - INFO - Iteracja 0: condition_best: Input4 >= 0.64, quality_best: 0.255, coverage_best: (p=309, n=151, P=605, N=595)
2026-04-14 12:10:28,829 - INFO - Regula po iteracji 0: IF Input4 >= 0.64 THEN class = {17.79} [13.58, 22.00], (p=309, n=151, P=605, N=595)
2026-04-14 12:10:28,829 - INFO - *****GROWING RR RULE*****
2026-04-14 12:10:31,148 - INFO - Iteracja 0: condition_best: None, quality_best: -inf, coverage_best: (p=0, n=0, P=0, N=0), p_value: 0
2026-04-14 12:10:31,149 - INFO - Regula po iteracji 0: IF  THEN class = {14.57} [9.38, 19.75], (p=768, n=432, P=768, N=432)
2026-04-14 12:10:31,149 - INFO - *****STOP GROWING RR RULE*****
2026-04-14 12:10:31,149 - INFO - ***RR NOT FOUND***
2026-04-14 12:10:31,483 - INFO - Iteracja 1: condition_best: Input1 >= 0.32, quality_best: 0.335, coverage_best: (p=232, n=103, P=514, N=686)
2026-04-14 12:10:31,484 - INFO - Regula po iteracji 1: IF Input4 >= 0.64 AND Input1 >= 0.32 THEN class = {18.95} [14.95, 22.95], (p=232, n=103, P=514, N=686)
2026-04-14 12:10:31,484 - INFO - *****GROWING RR RULE*****
2026-04-14 12:10:34,102 - INFO - Iteracja 0: condition_best: None, quality_best: -inf, coverage_best: (p=0, n=0, P=0, N=0), p_value: 0
2026-04-14 12:10:34,102 - INFO - Regula po iteracji 0: IF  THEN class = {14.57} [9.38, 19.75], (p=768, n=432, P=768, N=432)
2026-04-14 12:10:34,102 - INFO - *****STOP GROWING RR RULE*****
2026-04-14 12:10:34,103 - INFO - ***RR NOT FOUND***
2026-04-14 12:10:34,332 - INFO - Iteracja 2: condition_best: Input2 >= 0.21, quality_best: 0.413, coverage_best: (p=178, n=83, P=353, N=847)
2026-04-14 12:10:34,332 - INFO - Regula po iteracji 2: IF Input4 >= 0.64 AND Input1 >= 0.32 AND Input2 >= 0.21 THEN class = {20.13} [16.82, 23.44], (p=178, n=83, P=353, N=847)
2026-04-14 12:10:34,332 - INFO - *****GROWING RR RULE*****
2026-04-14 12:10:36,727 - INFO - Iteracja 0: condition_best: None, quality_best: -inf, coverage_best: (p=0, n=0, P=0, N=0), p_value: 0
2026-04-14 12:10:36,727 - INFO - Regula po iteracji 0: IF  THEN class = {14.57} [9.38, 19.75], (p=768, n=432, P=768, N=432)
2026-04-14 12:10:36,728 - INFO - *****STOP GROWING RR RULE*****
2026-04-14 12:10:36,728 - INFO - ***RR NOT FOUND***
2026-04-14 12:10:36,894 - INFO - Iteracja 3: condition_best: Input3 <= 0.99, quality_best: 0.42, coverage_best: (p=177, n=80, P=352, N=848)
2026-04-14 12:10:36,895 - INFO - Regula po iteracji 3: IF Input4 >= 0.64 AND Input1 >= 0.32 AND Input2 >= 0.21 AND Input3 <= 0.99 THEN class = {20.09} [16.82, 23.35], (p=177, n=80, P=352, N=848)
2026-04-14 12:10:36,895 - INFO - *****GROWING RR RULE*****
2026-04-14 12:10:39,318 - INFO - Iteracja 0: condition_best: None, quality_best: -inf, coverage_best: (p=0, n=0, P=0, N=0), p_value: 0
2026-04-14 12:10:39,319 - INFO - Regula po iteracji 0: IF  THEN class = {14.57} [9.38, 19.75], (p=768, n=432, P=768, N=432)
2026-04-14 12:10:39,319 - INFO - *****STOP GROWING RR RULE*****
2026-04-14 12:10:39,319 - INFO - ***RR NOT FOUND***
2026-04-14 12:10:39,482 - INFO - Iteracja 4: condition_best: Input5 >= 0.01, quality_best: 0.421, coverage_best: (p=175, n=80, P=346, N=854)
2026-04-14 12:10:39,482 - INFO - Regula po iteracji 4: IF Input4 >= 0.64 AND Input1 >= 0.32 AND Input2 >= 0.21 AND Input3 <= 0.99 AND Input5 >= 0.01 THEN class = {20.12} [16.87, 23.38], (p=175, n=80, P=346, N=854)
2026-04-14 12:10:39,482 - INFO - *****GROWING RR RULE*****
2026-04-14 12:10:41,901 - INFO - Iteracja 0: condition_best: None, quality_best: -inf, coverage_best: (p=0, n=0, P=0, N=0), p_value: 0
2026-04-14 12:10:41,901 - INFO - Regula po iteracji 0: IF  THEN class = {14.57} [9.38, 19.75], (p=768, n=432, P=768, N=432)
2026-04-14 12:10:41,901 - INFO - *****STOP GROWING RR RULE*****
2026-04-14 12:10:41,901 - INFO - ***RR NOT FOUND***
2026-04-14 12:10:41,901 - INFO - *******STOP GROWING CR RULE*******
2026-04-14 12:10:41,903 - INFO - *******GROWING CR RULE*******
2026-04-14 12:10:43,218 - INFO - Iteracja 0: condition_best: Input4 >= 0.64, quality_best: 0.255, coverage_best: (p=309, n=151, P=605, N=595)
2026-04-14 12:10:43,218 - INFO - Regula po iteracji 0: IF Input4 >= 0.64 THEN class = {17.79} [13.58, 22.00], (p=309, n=151, P=605, N=595)
2026-04-14 12:10:43,218 - INFO - *****GROWING RR RULE*****
2026-04-14 12:10:45,853 - INFO - Iteracja 0: condition_best: None, quality_best: -inf, coverage_best: (p=0, n=0, P=0, N=0), p_value: 0
2026-04-14 12:10:45,854 - INFO - Regula po iteracji 0: IF  THEN class = {14.57} [9.38, 19.75], (p=768, n=432, P=768, N=432)
2026-04-14 12:10:45,854 - INFO - *****STOP GROWING RR RULE*****
2026-04-14 12:10:45,854 - INFO - ***RR NOT FOUND***
2026-04-14 12:10:46,186 - INFO - Iteracja 1: condition_best: Input2 >= 0.24, quality_best: 0.333, coverage_best: (p=240, n=111, P=507, N=693)
2026-04-14 12:10:46,186 - INFO - Regula po iteracji 1: IF Input4 >= 0.64 AND Input2 >= 0.24 THEN class = {18.86} [14.95, 22.77], (p=240, n=111, P=507, N=693)
2026-04-14 12:10:46,186 - INFO - *****GROWING RR RULE*****
2026-04-14 12:10:48,500 - INFO - Iteracja 0: condition_best: None, quality_best: -inf, coverage_best: (p=0, n=0, P=0, N=0), p_value: 0
2026-04-14 12:10:48,500 - INFO - Regula po iteracji 0: IF  THEN class = {14.57} [9.38, 19.75], (p=768, n=432, P=768, N=432)
2026-04-14 12:10:48,500 - INFO - *****STOP GROWING RR RULE*****
2026-04-14 12:10:48,500 - INFO - ***RR NOT FOUND***
2026-04-14 12:10:48,741 - INFO - Iteracja 2: condition_best: Input1 >= 0.20, quality_best: 0.39, coverage_best: (p=194, n=93, P=389, N=811)
2026-04-14 12:10:48,741 - INFO - Regula po iteracji 2: IF Input4 >= 0.64 AND Input2 >= 0.24 AND Input1 >= 0.20 THEN class = {19.83} [16.40, 23.27], (p=194, n=93, P=389, N=811)
2026-04-14 12:10:48,741 - INFO - *****GROWING RR RULE*****
2026-04-14 12:10:51,102 - INFO - Iteracja 0: condition_best: None, quality_best: -inf, coverage_best: (p=0, n=0, P=0, N=0), p_value: 0
2026-04-14 12:10:51,103 - INFO - Regula po iteracji 0: IF  THEN class = {14.57} [9.38, 19.75], (p=768, n=432, P=768, N=432)
2026-04-14 12:10:51,103 - INFO - *****STOP GROWING RR RULE*****
2026-04-14 12:10:51,103 - INFO - ***RR NOT FOUND***
2026-04-14 12:10:51,288 - INFO - Iteracja 3: condition_best: Input5 >= 0.05, quality_best: 0.404, coverage_best: (p=190, n=87, P=382, N=818)
2026-04-14 12:10:51,288 - INFO - Regula po iteracji 3: IF Input4 >= 0.64 AND Input2 >= 0.24 AND Input1 >= 0.20 AND Input5 >= 0.05 THEN class = {19.94} [16.54, 23.34], (p=190, n=87, P=382, N=818)
2026-04-14 12:10:51,289 - INFO - *****GROWING RR RULE*****
2026-04-14 12:10:53,948 - INFO - Iteracja 0: condition_best: None, quality_best: -inf, coverage_best: (p=0, n=0, P=0, N=0), p_value: 0
2026-04-14 12:10:53,948 - INFO - Regula po iteracji 0: IF  THEN class = {14.57} [9.38, 19.75], (p=768, n=432, P=768, N=432)
2026-04-14 12:10:53,948 - INFO - *****STOP GROWING RR RULE*****
2026-04-14 12:10:53,948 - INFO - ***RR NOT FOUND***
2026-04-14 12:10:54,127 - INFO - Iteracja 4: condition_best: Input2 >= 0.26, quality_best: 0.411, coverage_best: (p=183, n=86, P=358, N=842)
2026-04-14 12:10:54,127 - INFO - Regula po iteracji 4: IF Input4 >= 0.64 AND Input2 >= 0.24 AND Input1 >= 0.20 AND Input5 >= 0.05 AND Input2 >= 0.26 THEN class = {20.09} [16.77, 23.40], (p=183, n=86, P=358, N=842)
2026-04-14 12:10:54,128 - INFO - *****GROWING RR RULE*****
2026-04-14 12:10:56,474 - INFO - Iteracja 0: condition_best: None, quality_best: -inf, coverage_best: (p=0, n=0, P=0, N=0), p_value: 0
2026-04-14 12:10:56,475 - INFO - Regula po iteracji 0: IF  THEN class = {14.57} [9.38, 19.75], (p=768, n=432, P=768, N=432)
2026-04-14 12:10:56,475 - INFO - *****STOP GROWING RR RULE*****
2026-04-14 12:10:56,475 - INFO - ***RR NOT FOUND***
2026-04-14 12:10:56,475 - INFO - *******STOP GROWING CR RULE*******
2026-04-14 12:10:56,477 - INFO - *******GROWING CR RULE*******
2026-04-14 12:10:57,797 - INFO - Iteracja 0: condition_best: Input1 <= 0.32, quality_best: 0.255, coverage_best: (p=246, n=118, P=592, N=608)
2026-04-14 12:10:57,797 - INFO - Regula po iteracji 0: IF Input1 <= 0.32 THEN class = {11.33} [7.07, 15.58], (p=246, n=118, P=592, N=608)
2026-04-14 12:10:57,798 - INFO - *****GROWING RR RULE*****
2026-04-14 12:11:00,112 - INFO - Iteracja 0: condition_best: Input4 <= 0.01, quality_best: 0.23, coverage_best: (p=9, n=5, P=421, N=779), p_value: 6
2026-04-14 12:11:00,112 - INFO - Regula po iteracji 0: IF Input4 <= 0.01 THEN class = {14.57} [9.38, 19.75], (p=9, n=5, P=421, N=779)
2026-04-14 12:11:00,125 - INFO - Iteracja 1: condition_best: None, quality_best: -inf, coverage_best: (p=0, n=0, P=0, N=0), p_value: 6
2026-04-14 12:11:00,125 - INFO - Regula po iteracji 1: IF Input4 <= 0.01 THEN class = {7.85} [3.18, 12.51], (p=9, n=5, P=421, N=779)
2026-04-14 12:11:00,125 - INFO - *****STOP GROWING RR RULE*****
2026-04-14 12:11:00,125 - INFO - ***RR FOUND***
2026-04-14 12:11:00,125 - INFO - Reference rule: IF Input4 <= 0.01 THEN class = {7.85} [3.18, 12.51]
2026-04-14 12:11:00,125 - INFO - ***CHECKING EXCEPTION***
2026-04-14 12:11:00,127 - INFO - *******STOP GROWING CR RULE*******
2026-04-14 12:11:00,129 - INFO - *******GROWING CR RULE*******
2026-04-14 12:11:01,438 - INFO - Iteracja 0: condition_best: Input4 <= 0.39, quality_best: 0.25, coverage_best: (p=294, n=146, P=601, N=599)
2026-04-14 12:11:01,438 - INFO - Regula po iteracji 0: IF Input4 <= 0.39 THEN class = {11.04} [6.68, 15.41], (p=294, n=146, P=601, N=599)
2026-04-14 12:11:01,439 - INFO - *****GROWING RR RULE*****
2026-04-14 12:11:04,062 - INFO - Iteracja 0: condition_best: Input1 <= 0.02, quality_best: 0.277, coverage_best: (p=15, n=7, P=383, N=817), p_value: 6
2026-04-14 12:11:04,062 - INFO - Regula po iteracji 0: IF Input1 <= 0.02 THEN class = {14.57} [9.38, 19.75], (p=15, n=7, P=383, N=817)
2026-04-14 12:11:04,083 - INFO - Iteracja 1: condition_best: None, quality_best: -inf, coverage_best: (p=0, n=0, P=0, N=0), p_value: 6
2026-04-14 12:11:04,083 - INFO - Regula po iteracji 1: IF Input1 <= 0.02 THEN class = {9.19} [5.86, 12.52], (p=15, n=7, P=383, N=817)
2026-04-14 12:11:04,083 - INFO - *****STOP GROWING RR RULE*****
2026-04-14 12:11:04,083 - INFO - ***RR FOUND***
2026-04-14 12:11:04,083 - INFO - Reference rule: IF Input1 <= 0.02 THEN class = {9.19} [5.86, 12.52]
2026-04-14 12:11:04,083 - INFO - ***CHECKING EXCEPTION***
2026-04-14 12:11:04,085 - INFO - *******STOP GROWING CR RULE*******
2026-04-14 12:11:04,086 - INFO - *******GROWING CR RULE*******
2026-04-14 12:11:05,371 - INFO - Iteracja 0: condition_best: Input4 >= 0.62, quality_best: 0.248, coverage_best: (p=323, n=164, P=603, N=597)
2026-04-14 12:11:05,371 - INFO - Regula po iteracji 0: IF Input4 >= 0.62 THEN class = {17.75} [13.53, 21.98], (p=323, n=164, P=603, N=597)
2026-04-14 12:11:05,372 - INFO - *****GROWING RR RULE*****
2026-04-14 12:11:07,694 - INFO - Iteracja 0: condition_best: None, quality_best: -inf, coverage_best: (p=0, n=0, P=0, N=0), p_value: 0
2026-04-14 12:11:07,695 - INFO - Regula po iteracji 0: IF  THEN class = {14.57} [9.38, 19.75], (p=768, n=432, P=768, N=432)
2026-04-14 12:11:07,695 - INFO - *****STOP GROWING RR RULE*****
2026-04-14 12:11:07,695 - INFO - ***RR NOT FOUND***
2026-04-14 12:11:08,053 - INFO - Iteracja 1: condition_best: Input2 >= 0.24, quality_best: 0.347, coverage_best: (p=259, n=115, P=515, N=685)
2026-04-14 12:11:08,053 - INFO - Regula po iteracji 1: IF Input4 >= 0.62 AND Input2 >= 0.24 THEN class = {18.79} [14.86, 22.73], (p=259, n=115, P=515, N=685)
2026-04-14 12:11:08,053 - INFO - *****GROWING RR RULE*****
2026-04-14 12:11:10,660 - INFO - Iteracja 0: condition_best: None, quality_best: -inf, coverage_best: (p=0, n=0, P=0, N=0), p_value: 0
2026-04-14 12:11:10,660 - INFO - Regula po iteracji 0: IF  THEN class = {14.57} [9.38, 19.75], (p=768, n=432, P=768, N=432)
2026-04-14 12:11:10,660 - INFO - *****STOP GROWING RR RULE*****
2026-04-14 12:11:10,660 - INFO - ***RR NOT FOUND***
2026-04-14 12:11:10,914 - INFO - Iteracja 2: condition_best: Input1 >= 0.27, quality_best: 0.432, coverage_best: (p=189, n=88, P=341, N=859)
2026-04-14 12:11:10,914 - INFO - Regula po iteracji 2: IF Input4 >= 0.62 AND Input2 >= 0.24 AND Input1 >= 0.27 THEN class = {20.21} [16.99, 23.43], (p=189, n=88, P=341, N=859)
2026-04-14 12:11:10,915 - INFO - *****GROWING RR RULE*****
2026-04-14 12:11:13,213 - INFO - Iteracja 0: condition_best: None, quality_best: -inf, coverage_best: (p=0, n=0, P=0, N=0), p_value: 0
2026-04-14 12:11:13,213 - INFO - Regula po iteracji 0: IF  THEN class = {14.57} [9.38, 19.75], (p=768, n=432, P=768, N=432)
2026-04-14 12:11:13,213 - INFO - *****STOP GROWING RR RULE*****
2026-04-14 12:11:13,213 - INFO - ***RR NOT FOUND***
2026-04-14 12:11:13,390 - INFO - Iteracja 3: condition_best: Input3 <= 0.99, quality_best: 0.438, coverage_best: (p=187, n=84, P=342, N=858)
2026-04-14 12:11:13,390 - INFO - Regula po iteracji 3: IF Input4 >= 0.62 AND Input2 >= 0.24 AND Input1 >= 0.27 AND Input3 <= 0.99 THEN class = {20.15} [16.97, 23.32], (p=187, n=84, P=342, N=858)
2026-04-14 12:11:13,390 - INFO - *****GROWING RR RULE*****
2026-04-14 12:11:15,764 - INFO - Iteracja 0: condition_best: None, quality_best: -inf, coverage_best: (p=0, n=0, P=0, N=0), p_value: 0
2026-04-14 12:11:15,764 - INFO - Regula po iteracji 0: IF  THEN class = {14.57} [9.38, 19.75], (p=768, n=432, P=768, N=432)
2026-04-14 12:11:15,764 - INFO - *****STOP GROWING RR RULE*****
2026-04-14 12:11:15,764 - INFO - ***RR NOT FOUND***
2026-04-14 12:11:15,937 - INFO - Iteracja 4: condition_best: Input2 >= 0.33, quality_best: 0.44, coverage_best: (p=165, n=74, P=318, N=882)
2026-04-14 12:11:15,937 - INFO - Regula po iteracji 4: IF Input4 >= 0.62 AND Input2 >= 0.24 AND Input1 >= 0.27 AND Input3 <= 0.99 AND Input2 >= 0.33 THEN class = {20.49} [17.46, 23.52], (p=165, n=74, P=318, N=882)
2026-04-14 12:11:15,937 - INFO - *****GROWING RR RULE*****
2026-04-14 12:11:18,351 - INFO - Iteracja 0: condition_best: None, quality_best: -inf, coverage_best: (p=0, n=0, P=0, N=0), p_value: 0
2026-04-14 12:11:18,351 - INFO - Regula po iteracji 0: IF  THEN class = {14.57} [9.38, 19.75], (p=768, n=432, P=768, N=432)
2026-04-14 12:11:18,352 - INFO - *****STOP GROWING RR RULE*****
2026-04-14 12:11:18,352 - INFO - ***RR NOT FOUND***
2026-04-14 12:11:18,352 - INFO - *******STOP GROWING CR RULE*******
2026-04-14 12:11:18,353 - INFO - *******GROWING CR RULE*******
2026-04-14 12:11:19,939 - INFO - Iteracja 0: condition_best: Input4 >= 0.62, quality_best: 0.248, coverage_best: (p=323, n=164, P=603, N=597)
2026-04-14 12:11:19,939 - INFO - Regula po iteracji 0: IF Input4 >= 0.62 THEN class = {17.75} [13.53, 21.98], (p=323, n=164, P=603, N=597)
2026-04-14 12:11:19,939 - INFO - *****GROWING RR RULE*****
2026-04-14 12:11:22,274 - INFO - Iteracja 0: condition_best: None, quality_best: -inf, coverage_best: (p=0, n=0, P=0, N=0), p_value: 0
2026-04-14 12:11:22,274 - INFO - Regula po iteracji 0: IF  THEN class = {14.57} [9.38, 19.75], (p=768, n=432, P=768, N=432)
2026-04-14 12:11:22,274 - INFO - *****STOP GROWING RR RULE*****
2026-04-14 12:11:22,274 - INFO - ***RR NOT FOUND***
2026-04-14 12:11:22,631 - INFO - Iteracja 1: condition_best: Input1 >= 0.38, quality_best: 0.343, coverage_best: (p=225, n=101, P=496, N=704)
2026-04-14 12:11:22,631 - INFO - Regula po iteracji 1: IF Input4 >= 0.62 AND Input1 >= 0.38 THEN class = {19.12} [15.16, 23.08], (p=225, n=101, P=496, N=704)
2026-04-14 12:11:22,632 - INFO - *****GROWING RR RULE*****
2026-04-14 12:11:24,947 - INFO - Iteracja 0: condition_best: None, quality_best: -inf, coverage_best: (p=0, n=0, P=0, N=0), p_value: 0
2026-04-14 12:11:24,947 - INFO - Regula po iteracji 0: IF  THEN class = {14.57} [9.38, 19.75], (p=768, n=432, P=768, N=432)
2026-04-14 12:11:24,947 - INFO - *****STOP GROWING RR RULE*****
2026-04-14 12:11:24,947 - INFO - ***RR NOT FOUND***
2026-04-14 12:11:25,162 - INFO - Iteracja 2: condition_best: Input2 >= 0.13, quality_best: 0.414, coverage_best: (p=198, n=88, P=385, N=815)
2026-04-14 12:11:25,162 - INFO - Regula po iteracji 2: IF Input4 >= 0.62 AND Input1 >= 0.38 AND Input2 >= 0.13 THEN class = {19.90} [16.49, 23.31], (p=198, n=88, P=385, N=815)
2026-04-14 12:11:25,163 - INFO - *****GROWING RR RULE*****
2026-04-14 12:11:27,479 - INFO - Iteracja 0: condition_best: None, quality_best: -inf, coverage_best: (p=0, n=0, P=0, N=0), p_value: 0
2026-04-14 12:11:27,479 - INFO - Regula po iteracji 0: IF  THEN class = {14.57} [9.38, 19.75], (p=768, n=432, P=768, N=432)
2026-04-14 12:11:27,480 - INFO - *****STOP GROWING RR RULE*****
2026-04-14 12:11:27,480 - INFO - ***RR NOT FOUND***
2026-04-14 12:11:27,661 - INFO - Iteracja 3: condition_best: Input5 <= 0.92, quality_best: 0.422, coverage_best: (p=187, n=77, P=388, N=812)
2026-04-14 12:11:27,661 - INFO - Regula po iteracji 3: IF Input4 >= 0.62 AND Input1 >= 0.38 AND Input2 >= 0.13 AND Input5 <= 0.92 THEN class = {19.64} [16.35, 22.94], (p=187, n=77, P=388, N=812)
2026-04-14 12:11:27,662 - INFO - *****GROWING RR RULE*****
2026-04-14 12:11:30,226 - INFO - Iteracja 0: condition_best: None, quality_best: -inf, coverage_best: (p=0, n=0, P=0, N=0), p_value: 0
2026-04-14 12:11:30,226 - INFO - Regula po iteracji 0: IF  THEN class = {14.57} [9.38, 19.75], (p=768, n=432, P=768, N=432)
2026-04-14 12:11:30,227 - INFO - *****STOP GROWING RR RULE*****
2026-04-14 12:11:30,227 - INFO - ***RR NOT FOUND***
2026-04-14 12:11:30,396 - INFO - Iteracja 4: condition_best: Input3 <= 0.99, quality_best: 0.428, coverage_best: (p=187, n=75, P=387, N=813)
2026-04-14 12:11:30,396 - INFO - Regula po iteracji 4: IF Input4 >= 0.62 AND Input1 >= 0.38 AND Input2 >= 0.13 AND Input5 <= 0.92 AND Input3 <= 0.99 THEN class = {19.64} [16.35, 22.93], (p=187, n=75, P=387, N=813)
2026-04-14 12:11:30,396 - INFO - *****GROWING RR RULE*****
2026-04-14 12:11:32,787 - INFO - Iteracja 0: condition_best: Input3 >= 0.98, quality_best: 0.209, coverage_best: (p=12, n=6, P=523, N=677), p_value: 3
2026-04-14 12:11:32,787 - INFO - Regula po iteracji 0: IF Input3 >= 0.98 THEN class = {14.57} [9.38, 19.75], (p=12, n=6, P=523, N=677)
2026-04-14 12:11:32,805 - INFO - Iteracja 1: condition_best: None, quality_best: -inf, coverage_best: (p=0, n=0, P=0, N=0), p_value: 3
2026-04-14 12:11:32,805 - INFO - Regula po iteracji 1: IF Input3 >= 0.98 THEN class = {19.15} [14.92, 23.38], (p=12, n=6, P=523, N=677)
2026-04-14 12:11:32,806 - INFO - *****STOP GROWING RR RULE*****
2026-04-14 12:11:32,806 - INFO - ***RR FOUND***
2026-04-14 12:11:32,806 - INFO - Reference rule: IF Input3 >= 0.98 THEN class = {19.15} [14.92, 23.38]
2026-04-14 12:11:32,806 - INFO - ***CHECKING EXCEPTION***
2026-04-14 12:11:32,807 - INFO - *******STOP GROWING CR RULE*******
2026-04-14 12:11:32,809 - INFO - *******GROWING CR RULE*******
2026-04-14 12:11:34,082 - INFO - Iteracja 0: condition_best: Input2 <= 0.25, quality_best: 0.247, coverage_best: (p=200, n=105, P=552, N=648)
2026-04-14 12:11:34,083 - INFO - Regula po iteracji 0: IF Input2 <= 0.25 THEN class = {11.22} [7.13, 15.30], (p=200, n=105, P=552, N=648)
2026-04-14 12:11:34,083 - INFO - *****GROWING RR RULE*****
2026-04-14 12:11:36,373 - INFO - Iteracja 0: condition_best: None, quality_best: -inf, coverage_best: (p=0, n=0, P=0, N=0), p_value: 0
2026-04-14 12:11:36,373 - INFO - Regula po iteracji 0: IF  THEN class = {14.57} [9.38, 19.75], (p=768, n=432, P=768, N=432)
2026-04-14 12:11:36,373 - INFO - *****STOP GROWING RR RULE*****
2026-04-14 12:11:36,373 - INFO - ***RR NOT FOUND***
2026-04-14 12:11:36,599 - INFO - Iteracja 1: condition_best: Input4 <= 0.42, quality_best: 0.403, coverage_best: (p=93, n=38, P=298, N=902)
2026-04-14 12:11:36,599 - INFO - Regula po iteracji 1: IF Input2 <= 0.25 AND Input4 <= 0.42 THEN class = {8.22} [5.22, 11.23], (p=93, n=38, P=298, N=902)
2026-04-14 12:11:36,599 - INFO - *****GROWING RR RULE*****
2026-04-14 12:11:39,117 - INFO - Iteracja 0: condition_best: Input1 <= 0.02, quality_best: 0.28, coverage_best: (p=25, n=11, P=422, N=778), p_value: 5
2026-04-14 12:11:39,118 - INFO - Regula po iteracji 0: IF Input1 <= 0.02 THEN class = {14.57} [9.38, 19.75], (p=25, n=11, P=422, N=778)
2026-04-14 12:11:39,153 - INFO - Iteracja 1: condition_best: None, quality_best: -inf, coverage_best: (p=0, n=0, P=0, N=0), p_value: 5
2026-04-14 12:11:39,153 - INFO - Regula po iteracji 1: IF Input1 <= 0.02 THEN class = {8.84} [4.93, 12.74], (p=25, n=11, P=422, N=778)
2026-04-14 12:11:39,153 - INFO - *****STOP GROWING RR RULE*****
2026-04-14 12:11:39,153 - INFO - ***RR FOUND***
2026-04-14 12:11:39,153 - INFO - Reference rule: IF Input1 <= 0.02 THEN class = {8.84} [4.93, 12.74]
2026-04-14 12:11:39,153 - INFO - ***CHECKING EXCEPTION***
2026-04-14 12:11:39,155 - INFO - *******STOP GROWING CR RULE*******
2026-04-14 12:11:39,156 - INFO - *******GROWING CR RULE*******
2026-04-14 12:11:40,453 - INFO - Iteracja 0: condition_best: Input2 <= 0.25, quality_best: 0.247, coverage_best: (p=200, n=105, P=552, N=648)
2026-04-14 12:11:40,453 - INFO - Regula po iteracji 0: IF Input2 <= 0.25 THEN class = {11.22} [7.13, 15.30], (p=200, n=105, P=552, N=648)
2026-04-14 12:11:40,454 - INFO - *****GROWING RR RULE*****
2026-04-14 12:11:42,738 - INFO - Iteracja 0: condition_best: None, quality_best: -inf, coverage_best: (p=0, n=0, P=0, N=0), p_value: 0
2026-04-14 12:11:42,739 - INFO - Regula po iteracji 0: IF  THEN class = {14.57} [9.38, 19.75], (p=768, n=432, P=768, N=432)
2026-04-14 12:11:42,739 - INFO - *****STOP GROWING RR RULE*****
2026-04-14 12:11:42,739 - INFO - ***RR NOT FOUND***
2026-04-14 12:11:42,935 - INFO - Iteracja 1: condition_best: Input4 <= 0.71, quality_best: 0.397, coverage_best: (p=156, n=61, P=407, N=793)
2026-04-14 12:11:42,935 - INFO - Regula po iteracji 1: IF Input2 <= 0.25 AND Input4 <= 0.71 THEN class = {9.68} [6.28, 13.08], (p=156, n=61, P=407, N=793)
2026-04-14 12:11:42,935 - INFO - *****GROWING RR RULE*****
2026-04-14 12:11:45,295 - INFO - Iteracja 0: condition_best: None, quality_best: -inf, coverage_best: (p=0, n=0, P=0, N=0), p_value: 0
2026-04-14 12:11:45,296 - INFO - Regula po iteracji 0: IF  THEN class = {14.57} [9.38, 19.75], (p=768, n=432, P=768, N=432)
2026-04-14 12:11:45,296 - INFO - *****STOP GROWING RR RULE*****
2026-04-14 12:11:45,296 - INFO - ***RR NOT FOUND***
2026-04-14 12:11:45,434 - INFO - Iteracja 2: condition_best: Input2 >= 0.02, quality_best: 0.409, coverage_best: (p=149, n=53, P=411, N=789)
2026-04-14 12:11:45,435 - INFO - Regula po iteracji 2: IF Input2 <= 0.25 AND Input4 <= 0.71 AND Input2 >= 0.02 THEN class = {9.76} [6.36, 13.17], (p=149, n=53, P=411, N=789)
2026-04-14 12:11:45,435 - INFO - *****GROWING RR RULE*****
2026-04-14 12:11:48,095 - INFO - Iteracja 0: condition_best: None, quality_best: -inf, coverage_best: (p=0, n=0, P=0, N=0), p_value: 0
2026-04-14 12:11:48,096 - INFO - Regula po iteracji 0: IF  THEN class = {14.57} [9.38, 19.75], (p=768, n=432, P=768, N=432)
2026-04-14 12:11:48,096 - INFO - *****STOP GROWING RR RULE*****
2026-04-14 12:11:48,096 - INFO - ***RR NOT FOUND***
2026-04-14 12:11:48,218 - INFO - Iteracja 3: condition_best: Input3 <= 0.92, quality_best: 0.42, coverage_best: (p=137, n=48, P=383, N=817)
2026-04-14 12:11:48,218 - INFO - Regula po iteracji 3: IF Input2 <= 0.25 AND Input4 <= 0.71 AND Input2 >= 0.02 AND Input3 <= 0.92 THEN class = {9.41} [6.18, 12.64], (p=137, n=48, P=383, N=817)
2026-04-14 12:11:48,218 - INFO - *****GROWING RR RULE*****
2026-04-14 12:11:50,646 - INFO - Iteracja 0: condition_best: None, quality_best: -inf, coverage_best: (p=0, n=0, P=0, N=0), p_value: 0
2026-04-14 12:11:50,646 - INFO - Regula po iteracji 0: IF  THEN class = {14.57} [9.38, 19.75], (p=768, n=432, P=768, N=432)
2026-04-14 12:11:50,646 - INFO - *****STOP GROWING RR RULE*****
2026-04-14 12:11:50,646 - INFO - ***RR NOT FOUND***
2026-04-14 12:11:50,757 - INFO - Iteracja 4: condition_best: Input4 >= 0.01, quality_best: 0.431, coverage_best: (p=136, n=45, P=382, N=818)
2026-04-14 12:11:50,757 - INFO - Regula po iteracji 4: IF Input2 <= 0.25 AND Input4 <= 0.71 AND Input2 >= 0.02 AND Input3 <= 0.92 AND Input4 >= 0.01 THEN class = {9.52} [6.37, 12.66], (p=136, n=45, P=382, N=818)
2026-04-14 12:11:50,757 - INFO - *****GROWING RR RULE*****
2026-04-14 12:11:53,155 - INFO - Iteracja 0: condition_best: None, quality_best: -inf, coverage_best: (p=0, n=0, P=0, N=0), p_value: 0
2026-04-14 12:11:53,155 - INFO - Regula po iteracji 0: IF  THEN class = {14.57} [9.38, 19.75], (p=768, n=432, P=768, N=432)
2026-04-14 12:11:53,155 - INFO - *****STOP GROWING RR RULE*****
2026-04-14 12:11:53,155 - INFO - ***RR NOT FOUND***
2026-04-14 12:11:53,155 - INFO - *******STOP GROWING CR RULE*******
2026-04-14 12:11:53,157 - INFO - *******GROWING CR RULE*******
2026-04-14 12:11:54,451 - INFO - Iteracja 0: condition_best: Input4 <= 0.39, quality_best: 0.247, coverage_best: (p=297, n=150, P=599, N=601)
2026-04-14 12:11:54,451 - INFO - Regula po iteracji 0: IF Input4 <= 0.39 THEN class = {11.07} [6.72, 15.42], (p=297, n=150, P=599, N=601)
2026-04-14 12:11:54,451 - INFO - *****GROWING RR RULE*****
2026-04-14 12:11:57,116 - INFO - Iteracja 0: condition_best: Input1 <= 0.02, quality_best: 0.277, coverage_best: (p=15, n=7, P=383, N=817), p_value: 6
2026-04-14 12:11:57,117 - INFO - Regula po iteracji 0: IF Input1 <= 0.02 THEN class = {14.57} [9.38, 19.75], (p=15, n=7, P=383, N=817)
2026-04-14 12:11:57,137 - INFO - Iteracja 1: condition_best: None, quality_best: -inf, coverage_best: (p=0, n=0, P=0, N=0), p_value: 6
2026-04-14 12:11:57,138 - INFO - Regula po iteracji 1: IF Input1 <= 0.02 THEN class = {9.19} [5.86, 12.52], (p=15, n=7, P=383, N=817)
2026-04-14 12:11:57,138 - INFO - *****STOP GROWING RR RULE*****
2026-04-14 12:11:57,138 - INFO - ***RR FOUND***
2026-04-14 12:11:57,138 - INFO - Reference rule: IF Input1 <= 0.02 THEN class = {9.19} [5.86, 12.52]
2026-04-14 12:11:57,138 - INFO - ***CHECKING EXCEPTION***
2026-04-14 12:11:57,140 - INFO - *******STOP GROWING CR RULE*******
2026-04-14 12:11:57,141 - INFO - *******GROWING CR RULE*******
2026-04-14 12:11:58,430 - INFO - Iteracja 0: condition_best: Input2 <= 0.25, quality_best: 0.244, coverage_best: (p=202, n=106, P=557, N=643)
2026-04-14 12:11:58,431 - INFO - Regula po iteracji 0: IF Input2 <= 0.25 THEN class = {11.25} [7.17, 15.34], (p=202, n=106, P=557, N=643)
2026-04-14 12:11:58,431 - INFO - *****GROWING RR RULE*****
2026-04-14 12:12:00,713 - INFO - Iteracja 0: condition_best: None, quality_best: -inf, coverage_best: (p=0, n=0, P=0, N=0), p_value: 0
2026-04-14 12:12:00,713 - INFO - Regula po iteracji 0: IF  THEN class = {14.57} [9.38, 19.75], (p=768, n=432, P=768, N=432)
2026-04-14 12:12:00,713 - INFO - *****STOP GROWING RR RULE*****
2026-04-14 12:12:00,713 - INFO - ***RR NOT FOUND***
2026-04-14 12:12:00,910 - INFO - Iteracja 1: condition_best: Input4 <= 0.60, quality_best: 0.39, coverage_best: (p=133, n=52, P=392, N=808)
2026-04-14 12:12:00,910 - INFO - Regula po iteracji 1: IF Input2 <= 0.25 AND Input4 <= 0.60 THEN class = {9.28} [5.91, 12.66], (p=133, n=52, P=392, N=808)
2026-04-14 12:12:00,910 - INFO - *****GROWING RR RULE*****
2026-04-14 12:12:03,287 - INFO - Iteracja 0: condition_best: None, quality_best: -inf, coverage_best: (p=0, n=0, P=0, N=0), p_value: 0
2026-04-14 12:12:03,287 - INFO - Regula po iteracji 0: IF  THEN class = {14.57} [9.38, 19.75], (p=768, n=432, P=768, N=432)
2026-04-14 12:12:03,287 - INFO - *****STOP GROWING RR RULE*****
2026-04-14 12:12:03,287 - INFO - ***RR NOT FOUND***
2026-04-14 12:12:03,397 - INFO - Iteracja 2: condition_best: Input1 <= 0.93, quality_best: 0.399, coverage_best: (p=125, n=46, P=387, N=813)
2026-04-14 12:12:03,397 - INFO - Regula po iteracji 2: IF Input2 <= 0.25 AND Input4 <= 0.60 AND Input1 <= 0.93 THEN class = {9.12} [5.72, 12.52], (p=125, n=46, P=387, N=813)
2026-04-14 12:12:03,398 - INFO - *****GROWING RR RULE*****
2026-04-14 12:12:06,037 - INFO - Iteracja 0: condition_best: None, quality_best: -inf, coverage_best: (p=0, n=0, P=0, N=0), p_value: 0
2026-04-14 12:12:06,037 - INFO - Regula po iteracji 0: IF  THEN class = {14.57} [9.38, 19.75], (p=768, n=432, P=768, N=432)
2026-04-14 12:12:06,037 - INFO - *****STOP GROWING RR RULE*****
2026-04-14 12:12:06,037 - INFO - ***RR NOT FOUND***
2026-04-14 12:12:06,136 - INFO - Iteracja 3: condition_best: Input3 >= 0.02, quality_best: 0.406, coverage_best: (p=122, n=43, P=384, N=816)
2026-04-14 12:12:06,136 - INFO - Regula po iteracji 3: IF Input2 <= 0.25 AND Input4 <= 0.60 AND Input1 <= 0.93 AND Input3 >= 0.02 THEN class = {9.08} [5.67, 12.49], (p=122, n=43, P=384, N=816)
2026-04-14 12:12:06,137 - INFO - *****GROWING RR RULE*****
2026-04-14 12:12:08,485 - INFO - Iteracja 0: condition_best: None, quality_best: -inf, coverage_best: (p=0, n=0, P=0, N=0), p_value: 0
2026-04-14 12:12:08,485 - INFO - Regula po iteracji 0: IF  THEN class = {14.57} [9.38, 19.75], (p=768, n=432, P=768, N=432)
2026-04-14 12:12:08,485 - INFO - *****STOP GROWING RR RULE*****
2026-04-14 12:12:08,485 - INFO - ***RR NOT FOUND***
2026-04-14 12:12:08,580 - INFO - Iteracja 4: condition_best: Input5 <= 0.87, quality_best: 0.406, coverage_best: (p=107, n=38, P=360, N=840)
2026-04-14 12:12:08,580 - INFO - Regula po iteracji 4: IF Input2 <= 0.25 AND Input4 <= 0.60 AND Input1 <= 0.93 AND Input3 >= 0.02 AND Input5 <= 0.87 THEN class = {8.73} [5.35, 12.11], (p=107, n=38, P=360, N=840)
2026-04-14 12:12:08,581 - INFO - *****GROWING RR RULE*****
2026-04-14 12:12:10,886 - INFO - Iteracja 0: condition_best: None, quality_best: -inf, coverage_best: (p=0, n=0, P=0, N=0), p_value: 0
2026-04-14 12:12:10,886 - INFO - Regula po iteracji 0: IF  THEN class = {14.57} [9.38, 19.75], (p=768, n=432, P=768, N=432)
2026-04-14 12:12:10,886 - INFO - *****STOP GROWING RR RULE*****
2026-04-14 12:12:10,886 - INFO - ***RR NOT FOUND***
2026-04-14 12:12:10,886 - INFO - *******STOP GROWING CR RULE*******
2026-04-14 12:12:10,887 - INFO - *******GROWING CR RULE*******
2026-04-14 12:12:12,167 - INFO - Iteracja 0: condition_best: Input4 <= 0.40, quality_best: 0.243, coverage_best: (p=305, n=155, P=603, N=597)
2026-04-14 12:12:12,168 - INFO - Regula po iteracji 0: IF Input4 <= 0.40 THEN class = {11.15} [6.77, 15.52], (p=305, n=155, P=603, N=597)
2026-04-14 12:12:12,168 - INFO - *****GROWING RR RULE*****
2026-04-14 12:12:14,839 - INFO - Iteracja 0: condition_best: Input1 <= 0.02, quality_best: 0.277, coverage_best: (p=15, n=7, P=383, N=817), p_value: 6
2026-04-14 12:12:14,840 - INFO - Regula po iteracji 0: IF Input1 <= 0.02 THEN class = {14.57} [9.38, 19.75], (p=15, n=7, P=383, N=817)
2026-04-14 12:12:14,860 - INFO - Iteracja 1: condition_best: None, quality_best: -inf, coverage_best: (p=0, n=0, P=0, N=0), p_value: 6
2026-04-14 12:12:14,861 - INFO - Regula po iteracji 1: IF Input1 <= 0.02 THEN class = {9.19} [5.86, 12.52], (p=15, n=7, P=383, N=817)
2026-04-14 12:12:14,861 - INFO - *****STOP GROWING RR RULE*****
2026-04-14 12:12:14,861 - INFO - ***RR FOUND***
2026-04-14 12:12:14,861 - INFO - Reference rule: IF Input1 <= 0.02 THEN class = {9.19} [5.86, 12.52]
2026-04-14 12:12:14,861 - INFO - ***CHECKING EXCEPTION***
2026-04-14 12:12:14,863 - INFO - *******STOP GROWING CR RULE*******
2026-04-14 12:12:14,864 - INFO - *******GROWING CR RULE*******
2026-04-14 12:12:16,140 - INFO - Iteracja 0: condition_best: Input1 <= 0.38, quality_best: 0.24, coverage_best: (p=292, n=145, P=610, N=590)
2026-04-14 12:12:16,140 - INFO - Regula po iteracji 0: IF Input1 <= 0.38 THEN class = {11.72} [7.43, 16.01], (p=292, n=145, P=610, N=590)
2026-04-14 12:12:16,141 - INFO - *****GROWING RR RULE*****
2026-04-14 12:12:18,475 - INFO - Iteracja 0: condition_best: None, quality_best: -inf, coverage_best: (p=0, n=0, P=0, N=0), p_value: 0
2026-04-14 12:12:18,475 - INFO - Regula po iteracji 0: IF  THEN class = {14.57} [9.38, 19.75], (p=768, n=432, P=768, N=432)
2026-04-14 12:12:18,476 - INFO - *****STOP GROWING RR RULE*****
2026-04-14 12:12:18,476 - INFO - ***RR NOT FOUND***
2026-04-14 12:12:18,816 - INFO - Iteracja 1: condition_best: Input4 <= 0.54, quality_best: 0.402, coverage_best: (p=174, n=70, P=410, N=790)
2026-04-14 12:12:18,816 - INFO - Regula po iteracji 1: IF Input1 <= 0.38 AND Input4 <= 0.54 THEN class = {9.43} [5.89, 12.97], (p=174, n=70, P=410, N=790)
2026-04-14 12:12:18,816 - INFO - *****GROWING RR RULE*****
2026-04-14 12:12:21,170 - INFO - Iteracja 0: condition_best: None, quality_best: -inf, coverage_best: (p=0, n=0, P=0, N=0), p_value: 0
2026-04-14 12:12:21,170 - INFO - Regula po iteracji 0: IF  THEN class = {14.57} [9.38, 19.75], (p=768, n=432, P=768, N=432)
2026-04-14 12:12:21,170 - INFO - *****STOP GROWING RR RULE*****
2026-04-14 12:12:21,171 - INFO - ***RR NOT FOUND***
2026-04-14 12:12:21,618 - INFO - Iteracja 2: condition_best: Input3 >= 0.05, quality_best: 0.405, coverage_best: (p=165, n=65, P=403, N=797)
2026-04-14 12:12:21,619 - INFO - Regula po iteracji 2: IF Input1 <= 0.38 AND Input4 <= 0.54 AND Input3 >= 0.05 THEN class = {9.30} [5.78, 12.81], (p=165, n=65, P=403, N=797)
2026-04-14 12:12:21,619 - INFO - *****GROWING RR RULE*****
2026-04-14 12:12:23,948 - INFO - Iteracja 0: condition_best: None, quality_best: -inf, coverage_best: (p=0, n=0, P=0, N=0), p_value: 0
2026-04-14 12:12:23,949 - INFO - Regula po iteracji 0: IF  THEN class = {14.57} [9.38, 19.75], (p=768, n=432, P=768, N=432)
2026-04-14 12:12:23,949 - INFO - *****STOP GROWING RR RULE*****
2026-04-14 12:12:23,949 - INFO - ***RR NOT FOUND***
2026-04-14 12:12:24,089 - INFO - Iteracja 3: condition_best: Input4 >= 0.01, quality_best: 0.415, coverage_best: (p=163, n=62, P=397, N=803)
2026-04-14 12:12:24,089 - INFO - Regula po iteracji 3: IF Input1 <= 0.38 AND Input4 <= 0.54 AND Input3 >= 0.05 AND Input4 >= 0.01 THEN class = {9.37} [5.94, 12.80], (p=163, n=62, P=397, N=803)
2026-04-14 12:12:24,089 - INFO - *****GROWING RR RULE*****
2026-04-14 12:12:26,444 - INFO - Iteracja 0: condition_best: None, quality_best: -inf, coverage_best: (p=0, n=0, P=0, N=0), p_value: 0
2026-04-14 12:12:26,445 - INFO - Regula po iteracji 0: IF  THEN class = {14.57} [9.38, 19.75], (p=768, n=432, P=768, N=432)
2026-04-14 12:12:26,445 - INFO - *****STOP GROWING RR RULE*****
2026-04-14 12:12:26,445 - INFO - ***RR NOT FOUND***
2026-04-14 12:12:26,583 - INFO - Iteracja 4: condition_best: Input1 <= 0.36, quality_best: 0.421, coverage_best: (p=160, n=58, P=400, N=800)
2026-04-14 12:12:26,583 - INFO - Regula po iteracji 4: IF Input1 <= 0.38 AND Input4 <= 0.54 AND Input3 >= 0.05 AND Input4 >= 0.01 AND Input1 <= 0.36 THEN class = {9.35} [5.89, 12.80], (p=160, n=58, P=400, N=800)
2026-04-14 12:12:26,583 - INFO - *****GROWING RR RULE*****
2026-04-14 12:12:28,931 - INFO - Iteracja 0: condition_best: None, quality_best: -inf, coverage_best: (p=0, n=0, P=0, N=0), p_value: 0
2026-04-14 12:12:28,932 - INFO - Regula po iteracji 0: IF  THEN class = {14.57} [9.38, 19.75], (p=768, n=432, P=768, N=432)
2026-04-14 12:12:28,932 - INFO - *****STOP GROWING RR RULE*****
2026-04-14 12:12:28,932 - INFO - ***RR NOT FOUND***
2026-04-14 12:12:28,932 - INFO - *******STOP GROWING CR RULE*******
2026-04-14 12:12:28,933 - INFO - *******GROWING CR RULE*******
2026-04-14 12:12:30,494 - INFO - Iteracja 0: condition_best: Input4 >= 0.60, quality_best: 0.24, coverage_best: (p=334, n=173, P=607, N=593)
2026-04-14 12:12:30,494 - INFO - Regula po iteracji 0: IF Input4 >= 0.60 THEN class = {17.69} [13.46, 21.92], (p=334, n=173, P=607, N=593)
2026-04-14 12:12:30,494 - INFO - *****GROWING RR RULE*****
2026-04-14 12:12:32,868 - INFO - Iteracja 0: condition_best: None, quality_best: -inf, coverage_best: (p=0, n=0, P=0, N=0), p_value: 0
2026-04-14 12:12:32,868 - INFO - Regula po iteracji 0: IF  THEN class = {14.57} [9.38, 19.75], (p=768, n=432, P=768, N=432)
2026-04-14 12:12:32,869 - INFO - *****STOP GROWING RR RULE*****
2026-04-14 12:12:32,869 - INFO - ***RR NOT FOUND***
2026-04-14 12:12:33,247 - INFO - Iteracja 1: condition_best: Input2 >= 0.31, quality_best: 0.354, coverage_best: (p=247, n=108, P=504, N=696)
2026-04-14 12:12:33,247 - INFO - Regula po iteracji 1: IF Input4 >= 0.60 AND Input2 >= 0.31 THEN class = {18.95} [15.04, 22.86], (p=247, n=108, P=504, N=696)
2026-04-14 12:12:33,248 - INFO - *****GROWING RR RULE*****
2026-04-14 12:12:35,570 - INFO - Iteracja 0: condition_best: None, quality_best: -inf, coverage_best: (p=0, n=0, P=0, N=0), p_value: 0
2026-04-14 12:12:35,571 - INFO - Regula po iteracji 0: IF  THEN class = {14.57} [9.38, 19.75], (p=768, n=432, P=768, N=432)
2026-04-14 12:12:35,571 - INFO - *****STOP GROWING RR RULE*****
2026-04-14 12:12:35,571 - INFO - ***RR NOT FOUND***
2026-04-14 12:12:35,809 - INFO - Iteracja 2: condition_best: Input1 >= 0.27, quality_best: 0.425, coverage_best: (p=174, n=86, P=319, N=881)
2026-04-14 12:12:35,810 - INFO - Regula po iteracji 2: IF Input4 >= 0.60 AND Input2 >= 0.31 AND Input1 >= 0.27 THEN class = {20.47} [17.40, 23.54], (p=174, n=86, P=319, N=881)
2026-04-14 12:12:35,810 - INFO - *****GROWING RR RULE*****
2026-04-14 12:12:38,090 - INFO - Iteracja 0: condition_best: None, quality_best: -inf, coverage_best: (p=0, n=0, P=0, N=0), p_value: 0
2026-04-14 12:12:38,090 - INFO - Regula po iteracji 0: IF  THEN class = {14.57} [9.38, 19.75], (p=768, n=432, P=768, N=432)
2026-04-14 12:12:38,090 - INFO - *****STOP GROWING RR RULE*****
2026-04-14 12:12:38,090 - INFO - ***RR NOT FOUND***
2026-04-14 12:12:38,253 - INFO - Iteracja 3: condition_best: Input2 <= 0.94, quality_best: 0.436, coverage_best: (p=160, n=75, P=305, N=895)
2026-04-14 12:12:38,253 - INFO - Regula po iteracji 3: IF Input4 >= 0.60 AND Input2 >= 0.31 AND Input1 >= 0.27 AND Input2 <= 0.94 THEN class = {20.58} [17.66, 23.51], (p=160, n=75, P=305, N=895)
2026-04-14 12:12:38,253 - INFO - *****GROWING RR RULE*****
2026-04-14 12:12:41,005 - INFO - Iteracja 0: condition_best: None, quality_best: -inf, coverage_best: (p=0, n=0, P=0, N=0), p_value: 0
2026-04-14 12:12:41,005 - INFO - Regula po iteracji 0: IF  THEN class = {14.57} [9.38, 19.75], (p=768, n=432, P=768, N=432)
2026-04-14 12:12:41,005 - INFO - *****STOP GROWING RR RULE*****
2026-04-14 12:12:41,005 - INFO - ***RR NOT FOUND***
2026-04-14 12:12:41,151 - INFO - Iteracja 4: condition_best: Input2 >= 0.41, quality_best: 0.447, coverage_best: (p=138, n=62, P=277, N=923)
2026-04-14 12:12:41,151 - INFO - Regula po iteracji 4: IF Input4 >= 0.60 AND Input2 >= 0.31 AND Input1 >= 0.27 AND Input2 <= 0.94 AND Input2 >= 0.41 THEN class = {20.89} [18.12, 23.66], (p=138, n=62, P=277, N=923)
2026-04-14 12:12:41,152 - INFO - *****GROWING RR RULE*****
2026-04-14 12:12:43,554 - INFO - Iteracja 0: condition_best: None, quality_best: -inf, coverage_best: (p=0, n=0, P=0, N=0), p_value: 0
2026-04-14 12:12:43,554 - INFO - Regula po iteracji 0: IF  THEN class = {14.57} [9.38, 19.75], (p=768, n=432, P=768, N=432)
2026-04-14 12:12:43,554 - INFO - *****STOP GROWING RR RULE*****
2026-04-14 12:12:43,554 - INFO - ***RR NOT FOUND***
2026-04-14 12:12:43,554 - INFO - *******STOP GROWING CR RULE*******
2026-04-14 12:12:43,555 - INFO - *******GROWING CR RULE*******
2026-04-14 12:12:44,822 - INFO - Iteracja 0: condition_best: Input1 <= 0.39, quality_best: 0.238, coverage_best: (p=299, n=148, P=615, N=585)
2026-04-14 12:12:44,822 - INFO - Regula po iteracji 0: IF Input1 <= 0.39 THEN class = {11.74} [7.41, 16.07], (p=299, n=148, P=615, N=585)
2026-04-14 12:12:44,822 - INFO - *****GROWING RR RULE*****
2026-04-14 12:12:47,160 - INFO - Iteracja 0: condition_best: None, quality_best: -inf, coverage_best: (p=0, n=0, P=0, N=0), p_value: 0
2026-04-14 12:12:47,161 - INFO - Regula po iteracji 0: IF  THEN class = {14.57} [9.38, 19.75], (p=768, n=432, P=768, N=432)
2026-04-14 12:12:47,161 - INFO - *****STOP GROWING RR RULE*****
2026-04-14 12:12:47,161 - INFO - ***RR NOT FOUND***
2026-04-14 12:12:47,479 - INFO - Iteracja 1: condition_best: Input4 <= 0.62, quality_best: 0.387, coverage_best: (p=200, n=84, P=441, N=759)
2026-04-14 12:12:47,479 - INFO - Regula po iteracji 1: IF Input1 <= 0.39 AND Input4 <= 0.62 THEN class = {9.89} [6.14, 13.63], (p=200, n=84, P=441, N=759)
2026-04-14 12:12:47,480 - INFO - *****GROWING RR RULE*****
2026-04-14 12:12:50,100 - INFO - Iteracja 0: condition_best: None, quality_best: -inf, coverage_best: (p=0, n=0, P=0, N=0), p_value: 0
2026-04-14 12:12:50,100 - INFO - Regula po iteracji 0: IF  THEN class = {14.57} [9.38, 19.75], (p=768, n=432, P=768, N=432)
2026-04-14 12:12:50,100 - INFO - *****STOP GROWING RR RULE*****
2026-04-14 12:12:50,100 - INFO - ***RR NOT FOUND***
2026-04-14 12:12:50,281 - INFO - Iteracja 2: condition_best: Input3 <= 0.89, quality_best: 0.396, coverage_best: (p=184, n=73, P=433, N=767)
2026-04-14 12:12:50,281 - INFO - Regula po iteracji 2: IF Input1 <= 0.39 AND Input4 <= 0.62 AND Input3 <= 0.89 THEN class = {9.58} [5.92, 13.24], (p=184, n=73, P=433, N=767)
2026-04-14 12:12:50,281 - INFO - *****GROWING RR RULE*****
2026-04-14 12:12:52,589 - INFO - Iteracja 0: condition_best: Input4 <= 0.01, quality_best: 0.23, coverage_best: (p=9, n=5, P=421, N=779), p_value: 6
2026-04-14 12:12:52,589 - INFO - Regula po iteracji 0: IF Input4 <= 0.01 THEN class = {14.57} [9.38, 19.75], (p=9, n=5, P=421, N=779)
2026-04-14 12:12:52,602 - INFO - Iteracja 1: condition_best: None, quality_best: -inf, coverage_best: (p=0, n=0, P=0, N=0), p_value: 6
2026-04-14 12:12:52,602 - INFO - Regula po iteracji 1: IF Input4 <= 0.01 THEN class = {7.85} [3.18, 12.51], (p=9, n=5, P=421, N=779)
2026-04-14 12:12:52,602 - INFO - *****STOP GROWING RR RULE*****
2026-04-14 12:12:52,602 - INFO - ***RR FOUND***
2026-04-14 12:12:52,602 - INFO - Reference rule: IF Input4 <= 0.01 THEN class = {7.85} [3.18, 12.51]
2026-04-14 12:12:52,602 - INFO - ***CHECKING EXCEPTION***
2026-04-14 12:12:52,604 - INFO - *******STOP GROWING CR RULE*******
2026-04-14 12:12:52,605 - INFO - *******GROWING CR RULE*******
2026-04-14 12:12:53,835 - INFO - Iteracja 0: condition_best: Input4 >= 0.55, quality_best: 0.234, coverage_best: (p=376, n=198, P=616, N=584)
2026-04-14 12:12:53,835 - INFO - Regula po iteracji 0: IF Input4 >= 0.55 THEN class = {17.46} [13.18, 21.74], (p=376, n=198, P=616, N=584)
2026-04-14 12:12:53,835 - INFO - *****GROWING RR RULE*****
2026-04-14 12:12:56,215 - INFO - Iteracja 0: condition_best: None, quality_best: -inf, coverage_best: (p=0, n=0, P=0, N=0), p_value: 0
2026-04-14 12:12:56,216 - INFO - Regula po iteracji 0: IF  THEN class = {14.57} [9.38, 19.75], (p=768, n=432, P=768, N=432)
2026-04-14 12:12:56,216 - INFO - *****STOP GROWING RR RULE*****
2026-04-14 12:12:56,216 - INFO - ***RR NOT FOUND***
2026-04-14 12:12:56,961 - INFO - Iteracja 1: condition_best: Input1 >= 0.39, quality_best: 0.36, coverage_best: (p=263, n=113, P=512, N=688)
2026-04-14 12:12:56,961 - INFO - Regula po iteracji 1: IF Input4 >= 0.55 AND Input1 >= 0.39 THEN class = {18.93} [14.97, 22.90], (p=263, n=113, P=512, N=688)
2026-04-14 12:12:56,961 - INFO - *****GROWING RR RULE*****
2026-04-14 12:12:59,322 - INFO - Iteracja 0: condition_best: None, quality_best: -inf, coverage_best: (p=0, n=0, P=0, N=0), p_value: 0
2026-04-14 12:12:59,322 - INFO - Regula po iteracji 0: IF  THEN class = {14.57} [9.38, 19.75], (p=768, n=432, P=768, N=432)
2026-04-14 12:12:59,322 - INFO - *****STOP GROWING RR RULE*****
2026-04-14 12:12:59,322 - INFO - ***RR NOT FOUND***
2026-04-14 12:12:59,584 - INFO - Iteracja 2: condition_best: Input2 >= 0.41, quality_best: 0.439, coverage_best: (p=150, n=68, P=299, N=901)
2026-04-14 12:12:59,584 - INFO - Regula po iteracji 2: IF Input4 >= 0.55 AND Input1 >= 0.39 AND Input2 >= 0.41 THEN class = {20.86} [17.89, 23.82], (p=150, n=68, P=299, N=901)
2026-04-14 12:12:59,585 - INFO - *****GROWING RR RULE*****
2026-04-14 12:13:01,892 - INFO - Iteracja 0: condition_best: Input3 <= 0.01, quality_best: 0.178, coverage_best: (p=5, n=4, P=377, N=823), p_value: 3
2026-04-14 12:13:01,892 - INFO - Regula po iteracji 0: IF Input3 <= 0.01 THEN class = {14.57} [9.38, 19.75], (p=5, n=4, P=377, N=823)
2026-04-14 12:13:01,901 - INFO - Iteracja 1: condition_best: None, quality_best: -inf, coverage_best: (p=0, n=0, P=0, N=0), p_value: 3
2026-04-14 12:13:01,901 - INFO - Regula po iteracji 1: IF Input3 <= 0.01 THEN class = {20.94} [16.84, 25.03], (p=5, n=4, P=377, N=823)
2026-04-14 12:13:01,901 - INFO - *****STOP GROWING RR RULE*****
2026-04-14 12:13:01,901 - INFO - ***RR FOUND***
2026-04-14 12:13:01,901 - INFO - Reference rule: IF Input3 <= 0.01 THEN class = {20.94} [16.84, 25.03]
2026-04-14 12:13:01,901 - INFO - ***CHECKING EXCEPTION***
2026-04-14 12:13:01,903 - INFO - *******STOP GROWING CR RULE*******
2026-04-14 12:13:01,904 - INFO - *******GROWING CR RULE*******
2026-04-14 12:13:03,163 - INFO - Iteracja 0: condition_best: Input4 >= 0.55, quality_best: 0.234, coverage_best: (p=376, n=198, P=616, N=584)
2026-04-14 12:13:03,163 - INFO - Regula po iteracji 0: IF Input4 >= 0.55 THEN class = {17.46} [13.18, 21.74], (p=376, n=198, P=616, N=584)
2026-04-14 12:13:03,164 - INFO - *****GROWING RR RULE*****
2026-04-14 12:13:05,836 - INFO - Iteracja 0: condition_best: None, quality_best: -inf, coverage_best: (p=0, n=0, P=0, N=0), p_value: 0
2026-04-14 12:13:05,836 - INFO - Regula po iteracji 0: IF  THEN class = {14.57} [9.38, 19.75], (p=768, n=432, P=768, N=432)
2026-04-14 12:13:05,836 - INFO - *****STOP GROWING RR RULE*****
2026-04-14 12:13:05,837 - INFO - ***RR NOT FOUND***
2026-04-14 12:13:06,281 - INFO - Iteracja 1: condition_best: Input1 >= 0.39, quality_best: 0.36, coverage_best: (p=263, n=113, P=512, N=688)
2026-04-14 12:13:06,281 - INFO - Regula po iteracji 1: IF Input4 >= 0.55 AND Input1 >= 0.39 THEN class = {18.93} [14.97, 22.90], (p=263, n=113, P=512, N=688)
2026-04-14 12:13:06,282 - INFO - *****GROWING RR RULE*****
2026-04-14 12:13:08,620 - INFO - Iteracja 0: condition_best: None, quality_best: -inf, coverage_best: (p=0, n=0, P=0, N=0), p_value: 0
2026-04-14 12:13:08,620 - INFO - Regula po iteracji 0: IF  THEN class = {14.57} [9.38, 19.75], (p=768, n=432, P=768, N=432)
2026-04-14 12:13:08,620 - INFO - *****STOP GROWING RR RULE*****
2026-04-14 12:13:08,620 - INFO - ***RR NOT FOUND***
2026-04-14 12:13:08,872 - INFO - Iteracja 2: condition_best: Input2 >= 0.13, quality_best: 0.427, coverage_best: (p=226, n=102, P=389, N=811)
2026-04-14 12:13:08,872 - INFO - Regula po iteracji 2: IF Input4 >= 0.55 AND Input1 >= 0.39 AND Input2 >= 0.13 THEN class = {19.75} [16.35, 23.15], (p=226, n=102, P=389, N=811)
2026-04-14 12:13:08,872 - INFO - *****GROWING RR RULE*****
2026-04-14 12:13:11,186 - INFO - Iteracja 0: condition_best: None, quality_best: -inf, coverage_best: (p=0, n=0, P=0, N=0), p_value: 0
2026-04-14 12:13:11,187 - INFO - Regula po iteracji 0: IF  THEN class = {14.57} [9.38, 19.75], (p=768, n=432, P=768, N=432)
2026-04-14 12:13:11,187 - INFO - *****STOP GROWING RR RULE*****
2026-04-14 12:13:11,187 - INFO - ***RR NOT FOUND***
2026-04-14 12:13:11,405 - INFO - Iteracja 3: condition_best: Input3 >= 0.01, quality_best: 0.438, coverage_best: (p=226, n=97, P=391, N=809)
2026-04-14 12:13:11,405 - INFO - Regula po iteracji 3: IF Input4 >= 0.55 AND Input1 >= 0.39 AND Input2 >= 0.13 AND Input3 >= 0.01 THEN class = {19.68} [16.31, 23.06], (p=226, n=97, P=391, N=809)
2026-04-14 12:13:11,405 - INFO - *****GROWING RR RULE*****
2026-04-14 12:13:13,713 - INFO - Iteracja 0: condition_best: None, quality_best: -inf, coverage_best: (p=0, n=0, P=0, N=0), p_value: 0
2026-04-14 12:13:13,714 - INFO - Regula po iteracji 0: IF  THEN class = {14.57} [9.38, 19.75], (p=768, n=432, P=768, N=432)
2026-04-14 12:13:13,714 - INFO - *****STOP GROWING RR RULE*****
2026-04-14 12:13:13,714 - INFO - ***RR NOT FOUND***
2026-04-14 12:13:13,928 - INFO - Iteracja 4: condition_best: Input3 <= 0.99, quality_best: 0.446, coverage_best: (p=225, n=92, P=394, N=806)
2026-04-14 12:13:13,928 - INFO - Regula po iteracji 4: IF Input4 >= 0.55 AND Input1 >= 0.39 AND Input2 >= 0.13 AND Input3 >= 0.01 AND Input3 <= 0.99 THEN class = {19.61} [16.28, 22.94], (p=225, n=92, P=394, N=806)
2026-04-14 12:13:13,929 - INFO - *****GROWING RR RULE*****
2026-04-14 12:13:16,539 - INFO - Iteracja 0: condition_best: None, quality_best: -inf, coverage_best: (p=0, n=0, P=0, N=0), p_value: 0
2026-04-14 12:13:16,539 - INFO - Regula po iteracji 0: IF  THEN class = {14.57} [9.38, 19.75], (p=768, n=432, P=768, N=432)
2026-04-14 12:13:16,539 - INFO - *****STOP GROWING RR RULE*****
2026-04-14 12:13:16,539 - INFO - ***RR NOT FOUND***
2026-04-14 12:13:16,539 - INFO - *******STOP GROWING CR RULE*******
2026-04-14 12:13:16,540 - INFO - *******GROWING CR RULE*******
2026-04-14 12:13:17,794 - INFO - Iteracja 0: condition_best: Input4 <= 0.43, quality_best: 0.229, coverage_best: (p=319, n=167, P=610, N=590)
2026-04-14 12:13:17,794 - INFO - Regula po iteracji 0: IF Input4 <= 0.43 THEN class = {11.29} [6.88, 15.71], (p=319, n=167, P=610, N=590)
2026-04-14 12:13:17,795 - INFO - *****GROWING RR RULE*****
2026-04-14 12:13:20,171 - INFO - Iteracja 0: condition_best: Input1 <= 0.01, quality_best: 0.271, coverage_best: (p=9, n=4, P=415, N=785), p_value: 4
2026-04-14 12:13:20,172 - INFO - Regula po iteracji 0: IF Input1 <= 0.01 THEN class = {14.57} [9.38, 19.75], (p=9, n=4, P=415, N=785)
2026-04-14 12:13:20,185 - INFO - Iteracja 1: condition_best: None, quality_best: -inf, coverage_best: (p=0, n=0, P=0, N=0), p_value: 4
2026-04-14 12:13:20,185 - INFO - Regula po iteracji 1: IF Input1 <= 0.01 THEN class = {8.99} [5.27, 12.71], (p=9, n=4, P=415, N=785)
2026-04-14 12:13:20,185 - INFO - *****STOP GROWING RR RULE*****
2026-04-14 12:13:20,185 - INFO - ***RR FOUND***
2026-04-14 12:13:20,185 - INFO - Reference rule: IF Input1 <= 0.01 THEN class = {8.99} [5.27, 12.71]
2026-04-14 12:13:20,185 - INFO - ***CHECKING EXCEPTION***
2026-04-14 12:13:20,187 - INFO - *******STOP GROWING CR RULE*******
2026-04-14 12:13:20,187 - INFO - *******GROWING CR RULE*******
2026-04-14 12:13:21,416 - INFO - Iteracja 0: condition_best: Input4 >= 0.54, quality_best: 0.229, coverage_best: (p=386, n=205, P=620, N=580)
2026-04-14 12:13:21,416 - INFO - Regula po iteracji 0: IF Input4 >= 0.54 THEN class = {17.39} [13.10, 21.68], (p=386, n=205, P=620, N=580)
2026-04-14 12:13:21,416 - INFO - *****GROWING RR RULE*****
2026-04-14 12:13:24,083 - INFO - Iteracja 0: condition_best: None, quality_best: -inf, coverage_best: (p=0, n=0, P=0, N=0), p_value: 0
2026-04-14 12:13:24,083 - INFO - Regula po iteracji 0: IF  THEN class = {14.57} [9.38, 19.75], (p=768, n=432, P=768, N=432)
2026-04-14 12:13:24,083 - INFO - *****STOP GROWING RR RULE*****
2026-04-14 12:13:24,083 - INFO - ***RR NOT FOUND***
2026-04-14 12:13:24,540 - INFO - Iteracja 1: condition_best: Input1 >= 0.53, quality_best: 0.362, coverage_best: (p=217, n=89, P=497, N=703)
2026-04-14 12:13:24,541 - INFO - Regula po iteracji 1: IF Input4 >= 0.54 AND Input1 >= 0.53 THEN class = {18.98} [15.11, 22.84], (p=217, n=89, P=497, N=703)
2026-04-14 12:13:24,541 - INFO - *****GROWING RR RULE*****
2026-04-14 12:13:26,875 - INFO - Iteracja 0: condition_best: None, quality_best: -inf, coverage_best: (p=0, n=0, P=0, N=0), p_value: 0
2026-04-14 12:13:26,876 - INFO - Regula po iteracji 0: IF  THEN class = {14.57} [9.38, 19.75], (p=768, n=432, P=768, N=432)
2026-04-14 12:13:26,876 - INFO - *****STOP GROWING RR RULE*****
2026-04-14 12:13:26,876 - INFO - ***RR NOT FOUND***
2026-04-14 12:13:27,073 - INFO - Iteracja 2: condition_best: Input2 >= 0.13, quality_best: 0.422, coverage_best: (p=192, n=79, P=392, N=808)
2026-04-14 12:13:27,073 - INFO - Regula po iteracji 2: IF Input4 >= 0.54 AND Input1 >= 0.53 AND Input2 >= 0.13 THEN class = {19.69} [16.30, 23.07], (p=192, n=79, P=392, N=808)
2026-04-14 12:13:27,073 - INFO - *****GROWING RR RULE*****
2026-04-14 12:13:29,378 - INFO - Iteracja 0: condition_best: None, quality_best: -inf, coverage_best: (p=0, n=0, P=0, N=0), p_value: 0
2026-04-14 12:13:29,378 - INFO - Regula po iteracji 0: IF  THEN class = {14.57} [9.38, 19.75], (p=768, n=432, P=768, N=432)
2026-04-14 12:13:29,378 - INFO - *****STOP GROWING RR RULE*****
2026-04-14 12:13:29,378 - INFO - ***RR NOT FOUND***
2026-04-14 12:13:29,547 - INFO - Iteracja 3: condition_best: Input3 <= 0.99, quality_best: 0.433, coverage_best: (p=192, n=75, P=394, N=806)
2026-04-14 12:13:29,547 - INFO - Regula po iteracji 3: IF Input4 >= 0.54 AND Input1 >= 0.53 AND Input2 >= 0.13 AND Input3 <= 0.99 THEN class = {19.65} [16.29, 23.01], (p=192, n=75, P=394, N=806)
2026-04-14 12:13:29,547 - INFO - *****GROWING RR RULE*****
2026-04-14 12:13:31,855 - INFO - Iteracja 0: condition_best: None, quality_best: -inf, coverage_best: (p=0, n=0, P=0, N=0), p_value: 0
2026-04-14 12:13:31,855 - INFO - Regula po iteracji 0: IF  THEN class = {14.57} [9.38, 19.75], (p=768, n=432, P=768, N=432)
2026-04-14 12:13:31,855 - INFO - *****STOP GROWING RR RULE*****
2026-04-14 12:13:31,856 - INFO - ***RR NOT FOUND***
2026-04-14 12:13:32,024 - INFO - Iteracja 4: condition_best: Input3 >= 0.11, quality_best: 0.446, coverage_best: (p=178, n=61, P=400, N=800)
2026-04-14 12:13:32,024 - INFO - Regula po iteracji 4: IF Input4 >= 0.54 AND Input1 >= 0.53 AND Input2 >= 0.13 AND Input3 <= 0.99 AND Input3 >= 0.11 THEN class = {19.41} [16.10, 22.73], (p=178, n=61, P=400, N=800)
2026-04-14 12:13:32,024 - INFO - *****GROWING RR RULE*****
2026-04-14 12:13:34,623 - INFO - Iteracja 0: condition_best: None, quality_best: -inf, coverage_best: (p=0, n=0, P=0, N=0), p_value: 0
2026-04-14 12:13:34,623 - INFO - Regula po iteracji 0: IF  THEN class = {14.57} [9.38, 19.75], (p=768, n=432, P=768, N=432)
2026-04-14 12:13:34,623 - INFO - *****STOP GROWING RR RULE*****
2026-04-14 12:13:34,623 - INFO - ***RR NOT FOUND***
2026-04-14 12:13:34,623 - INFO - *******STOP GROWING CR RULE*******
2026-04-14 12:13:34,624 - INFO - *******GROWING CR RULE*******
2026-04-14 12:13:35,867 - INFO - Iteracja 0: condition_best: Input4 <= 0.47, quality_best: 0.228, coverage_best: (p=346, n=188, P=605, N=595)
2026-04-14 12:13:35,868 - INFO - Regula po iteracji 0: IF Input4 <= 0.47 THEN class = {11.41} [7.04, 15.79], (p=346, n=188, P=605, N=595)
2026-04-14 12:13:35,868 - INFO - *****GROWING RR RULE*****
2026-04-14 12:13:38,207 - INFO - Iteracja 0: condition_best: None, quality_best: -inf, coverage_best: (p=0, n=0, P=0, N=0), p_value: 0
2026-04-14 12:13:38,207 - INFO - Regula po iteracji 0: IF  THEN class = {14.57} [9.38, 19.75], (p=768, n=432, P=768, N=432)
2026-04-14 12:13:38,207 - INFO - *****STOP GROWING RR RULE*****
2026-04-14 12:13:38,207 - INFO - ***RR NOT FOUND***
2026-04-14 12:13:38,632 - INFO - Iteracja 1: condition_best: Input2 <= 0.39, quality_best: 0.409, coverage_best: (p=166, n=63, P=410, N=790)
2026-04-14 12:13:38,632 - INFO - Regula po iteracji 1: IF Input4 <= 0.47 AND Input2 <= 0.39 THEN class = {9.27} [5.67, 12.86], (p=166, n=63, P=410, N=790)
2026-04-14 12:13:38,632 - INFO - *****GROWING RR RULE*****
2026-04-14 12:13:40,946 - INFO - Iteracja 0: condition_best: Input1 <= 0.02, quality_best: 0.28, coverage_best: (p=25, n=11, P=422, N=778), p_value: 7
2026-04-14 12:13:40,946 - INFO - Regula po iteracji 0: IF Input1 <= 0.02 THEN class = {14.57} [9.38, 19.75], (p=25, n=11, P=422, N=778)
2026-04-14 12:13:40,980 - INFO - Iteracja 1: condition_best: None, quality_best: -inf, coverage_best: (p=0, n=0, P=0, N=0), p_value: 7
2026-04-14 12:13:40,980 - INFO - Regula po iteracji 1: IF Input1 <= 0.02 THEN class = {8.84} [4.93, 12.74], (p=25, n=11, P=422, N=778)
2026-04-14 12:13:40,980 - INFO - *****STOP GROWING RR RULE*****
2026-04-14 12:13:40,980 - INFO - ***RR FOUND***
2026-04-14 12:13:40,980 - INFO - Reference rule: IF Input1 <= 0.02 THEN class = {8.84} [4.93, 12.74]
2026-04-14 12:13:40,980 - INFO - ***CHECKING EXCEPTION***
2026-04-14 12:13:40,982 - INFO - *******STOP GROWING CR RULE*******
2026-04-14 12:13:40,983 - INFO - *******GROWING CR RULE*******
2026-04-14 12:13:42,519 - INFO - Iteracja 0: condition_best: Input4 <= 0.47, quality_best: 0.228, coverage_best: (p=346, n=188, P=605, N=595)
2026-04-14 12:13:42,519 - INFO - Regula po iteracji 0: IF Input4 <= 0.47 THEN class = {11.41} [7.04, 15.79], (p=346, n=188, P=605, N=595)
2026-04-14 12:13:42,519 - INFO - *****GROWING RR RULE*****
2026-04-14 12:13:44,866 - INFO - Iteracja 0: condition_best: None, quality_best: -inf, coverage_best: (p=0, n=0, P=0, N=0), p_value: 0
2026-04-14 12:13:44,866 - INFO - Regula po iteracji 0: IF  THEN class = {14.57} [9.38, 19.75], (p=768, n=432, P=768, N=432)
2026-04-14 12:13:44,866 - INFO - *****STOP GROWING RR RULE*****
2026-04-14 12:13:44,866 - INFO - ***RR NOT FOUND***
2026-04-14 12:13:45,263 - INFO - Iteracja 1: condition_best: Input2 <= 0.50, quality_best: 0.358, coverage_best: (p=200, n=90, P=458, N=742)
2026-04-14 12:13:45,263 - INFO - Regula po iteracji 1: IF Input4 <= 0.47 AND Input2 <= 0.50 THEN class = {9.81} [5.92, 13.69], (p=200, n=90, P=458, N=742)
2026-04-14 12:13:45,264 - INFO - *****GROWING RR RULE*****
2026-04-14 12:13:47,584 - INFO - Iteracja 0: condition_best: None, quality_best: -inf, coverage_best: (p=0, n=0, P=0, N=0), p_value: 0
2026-04-14 12:13:47,584 - INFO - Regula po iteracji 0: IF  THEN class = {14.57} [9.38, 19.75], (p=768, n=432, P=768, N=432)
2026-04-14 12:13:47,584 - INFO - *****STOP GROWING RR RULE*****
2026-04-14 12:13:47,584 - INFO - ***RR NOT FOUND***
2026-04-14 12:13:47,778 - INFO - Iteracja 2: condition_best: Input1 <= 0.97, quality_best: 0.378, coverage_best: (p=195, n=84, P=441, N=759)
2026-04-14 12:13:47,779 - INFO - Regula po iteracji 2: IF Input4 <= 0.47 AND Input2 <= 0.50 AND Input1 <= 0.97 THEN class = {9.61} [5.86, 13.36], (p=195, n=84, P=441, N=759)
2026-04-14 12:13:47,779 - INFO - *****GROWING RR RULE*****
2026-04-14 12:13:50,384 - INFO - Iteracja 0: condition_best: None, quality_best: -inf, coverage_best: (p=0, n=0, P=0, N=0), p_value: 0
2026-04-14 12:13:50,384 - INFO - Regula po iteracji 0: IF  THEN class = {14.57} [9.38, 19.75], (p=768, n=432, P=768, N=432)
2026-04-14 12:13:50,385 - INFO - *****STOP GROWING RR RULE*****
2026-04-14 12:13:50,385 - INFO - ***RR NOT FOUND***
2026-04-14 12:13:50,559 - INFO - Iteracja 3: condition_best: Input3 <= 0.92, quality_best: 0.387, coverage_best: (p=183, n=79, P=417, N=783)
2026-04-14 12:13:50,559 - INFO - Regula po iteracji 3: IF Input4 <= 0.47 AND Input2 <= 0.50 AND Input1 <= 0.97 AND Input3 <= 0.92 THEN class = {9.35} [5.71, 12.98], (p=183, n=79, P=417, N=783)
2026-04-14 12:13:50,559 - INFO - *****GROWING RR RULE*****
2026-04-14 12:13:52,830 - INFO - Iteracja 0: condition_best: Input2 <= 0.01, quality_best: 0.249, coverage_best: (p=5, n=3, P=316, N=884), p_value: 3
2026-04-14 12:13:52,830 - INFO - Regula po iteracji 0: IF Input2 <= 0.01 THEN class = {14.57} [9.38, 19.75], (p=5, n=3, P=316, N=884)
2026-04-14 12:13:52,838 - INFO - Iteracja 1: condition_best: None, quality_best: -inf, coverage_best: (p=0, n=0, P=0, N=0), p_value: 3
2026-04-14 12:13:52,838 - INFO - Regula po iteracji 1: IF Input2 <= 0.01 THEN class = {8.66} [5.63, 11.70], (p=5, n=3, P=316, N=884)
2026-04-14 12:13:52,838 - INFO - *****STOP GROWING RR RULE*****
2026-04-14 12:13:52,838 - INFO - ***RR FOUND***
2026-04-14 12:13:52,838 - INFO - Reference rule: IF Input2 <= 0.01 THEN class = {8.66} [5.63, 11.70]
2026-04-14 12:13:52,839 - INFO - ***CHECKING EXCEPTION***
2026-04-14 12:13:52,840 - INFO - *******STOP GROWING CR RULE*******
2026-04-14 12:13:52,841 - INFO - *******GROWING CR RULE*******
2026-04-14 12:13:54,085 - INFO - Iteracja 0: condition_best: Input4 <= 0.47, quality_best: 0.228, coverage_best: (p=346, n=188, P=605, N=595)
2026-04-14 12:13:54,086 - INFO - Regula po iteracji 0: IF Input4 <= 0.47 THEN class = {11.41} [7.04, 15.79], (p=346, n=188, P=605, N=595)
2026-04-14 12:13:54,086 - INFO - *****GROWING RR RULE*****
2026-04-14 12:13:56,424 - INFO - Iteracja 0: condition_best: None, quality_best: -inf, coverage_best: (p=0, n=0, P=0, N=0), p_value: 0
2026-04-14 12:13:56,425 - INFO - Regula po iteracji 0: IF  THEN class = {14.57} [9.38, 19.75], (p=768, n=432, P=768, N=432)
2026-04-14 12:13:56,425 - INFO - *****STOP GROWING RR RULE*****
2026-04-14 12:13:56,425 - INFO - ***RR NOT FOUND***
2026-04-14 12:13:56,827 - INFO - Iteracja 1: condition_best: Input3 <= 0.87, quality_best: 0.295, coverage_best: (p=313, n=151, P=569, N=631)
2026-04-14 12:13:56,827 - INFO - Regula po iteracji 1: IF Input4 <= 0.47 AND Input3 <= 0.87 THEN class = {10.95} [6.73, 15.17], (p=313, n=151, P=569, N=631)
2026-04-14 12:13:56,827 - INFO - *****GROWING RR RULE*****
2026-04-14 12:13:59,472 - INFO - Iteracja 0: condition_best: Input2 <= 0.01, quality_best: 0.249, coverage_best: (p=5, n=3, P=316, N=884), p_value: 3
2026-04-14 12:13:59,473 - INFO - Regula po iteracji 0: IF Input2 <= 0.01 THEN class = {14.57} [9.38, 19.75], (p=5, n=3, P=316, N=884)
2026-04-14 12:13:59,480 - INFO - Iteracja 1: condition_best: None, quality_best: -inf, coverage_best: (p=0, n=0, P=0, N=0), p_value: 3
2026-04-14 12:13:59,480 - INFO - Regula po iteracji 1: IF Input2 <= 0.01 THEN class = {8.66} [5.63, 11.70], (p=5, n=3, P=316, N=884)
2026-04-14 12:13:59,480 - INFO - *****STOP GROWING RR RULE*****
2026-04-14 12:13:59,480 - INFO - ***RR FOUND***
2026-04-14 12:13:59,480 - INFO - Reference rule: IF Input2 <= 0.01 THEN class = {8.66} [5.63, 11.70]
2026-04-14 12:13:59,480 - INFO - ***CHECKING EXCEPTION***
2026-04-14 12:13:59,482 - INFO - *******STOP GROWING CR RULE*******
2026-04-14 12:13:59,482 - INFO - *******GROWING CR RULE*******
2026-04-14 12:14:00,721 - INFO - Iteracja 0: condition_best: Input4 >= 0.53, quality_best: 0.228, coverage_best: (p=388, n=207, P=620, N=580)
2026-04-14 12:14:00,722 - INFO - Regula po iteracji 0: IF Input4 >= 0.53 THEN class = {17.37} [13.07, 21.67], (p=388, n=207, P=620, N=580)
2026-04-14 12:14:00,722 - INFO - *****GROWING RR RULE*****
2026-04-14 12:14:03,094 - INFO - Iteracja 0: condition_best: None, quality_best: -inf, coverage_best: (p=0, n=0, P=0, N=0), p_value: 0
2026-04-14 12:14:03,094 - INFO - Regula po iteracji 0: IF  THEN class = {14.57} [9.38, 19.75], (p=768, n=432, P=768, N=432)
2026-04-14 12:14:03,094 - INFO - *****STOP GROWING RR RULE*****
2026-04-14 12:14:03,094 - INFO - ***RR NOT FOUND***
2026-04-14 12:14:03,553 - INFO - Iteracja 1: condition_best: Input1 >= 0.39, quality_best: 0.36, coverage_best: (p=277, n=114, P=535, N=665)
2026-04-14 12:14:03,553 - INFO - Regula po iteracji 1: IF Input4 >= 0.53 AND Input1 >= 0.39 THEN class = {18.80} [14.76, 22.83], (p=277, n=114, P=535, N=665)
2026-04-14 12:14:03,553 - INFO - *****GROWING RR RULE*****
2026-04-14 12:14:05,865 - INFO - Iteracja 0: condition_best: None, quality_best: -inf, coverage_best: (p=0, n=0, P=0, N=0), p_value: 0
2026-04-14 12:14:05,865 - INFO - Regula po iteracji 0: IF  THEN class = {14.57} [9.38, 19.75], (p=768, n=432, P=768, N=432)
2026-04-14 12:14:05,865 - INFO - *****STOP GROWING RR RULE*****
2026-04-14 12:14:05,865 - INFO - ***RR NOT FOUND***
2026-04-14 12:14:06,418 - INFO - Iteracja 2: condition_best: Input2 >= 0.17, quality_best: 0.45, coverage_best: (p=228, n=94, P=390, N=810)
2026-04-14 12:14:06,418 - INFO - Regula po iteracji 2: IF Input4 >= 0.53 AND Input1 >= 0.39 AND Input2 >= 0.17 THEN class = {19.83} [16.39, 23.26], (p=228, n=94, P=390, N=810)
2026-04-14 12:14:06,418 - INFO - *****GROWING RR RULE*****
2026-04-14 12:14:08,738 - INFO - Iteracja 0: condition_best: None, quality_best: -inf, coverage_best: (p=0, n=0, P=0, N=0), p_value: 0
2026-04-14 12:14:08,738 - INFO - Regula po iteracji 0: IF  THEN class = {14.57} [9.38, 19.75], (p=768, n=432, P=768, N=432)
2026-04-14 12:14:08,738 - INFO - *****STOP GROWING RR RULE*****
2026-04-14 12:14:08,738 - INFO - ***RR NOT FOUND***
2026-04-14 12:14:08,945 - INFO - Iteracja 3: condition_best: Input2 <= 0.99, quality_best: 0.453, coverage_best: (p=227, n=92, P=390, N=810)
2026-04-14 12:14:08,945 - INFO - Regula po iteracji 3: IF Input4 >= 0.53 AND Input1 >= 0.39 AND Input2 >= 0.17 AND Input2 <= 0.99 THEN class = {19.82} [16.39, 23.26], (p=227, n=92, P=390, N=810)
2026-04-14 12:14:08,945 - INFO - *****GROWING RR RULE*****
2026-04-14 12:14:11,428 - INFO - Iteracja 0: condition_best: None, quality_best: -inf, coverage_best: (p=0, n=0, P=0, N=0), p_value: 0
2026-04-14 12:14:11,428 - INFO - Regula po iteracji 0: IF  THEN class = {14.57} [9.38, 19.75], (p=768, n=432, P=768, N=432)
2026-04-14 12:14:11,428 - INFO - *****STOP GROWING RR RULE*****
2026-04-14 12:14:11,428 - INFO - ***RR NOT FOUND***
2026-04-14 12:14:11,635 - INFO - Iteracja 4: condition_best: Input5 <= 0.92, quality_best: 0.458, coverage_best: (p=216, n=81, P=396, N=804)
2026-04-14 12:14:11,635 - INFO - Regula po iteracji 4: IF Input4 >= 0.53 AND Input1 >= 0.39 AND Input2 >= 0.17 AND Input2 <= 0.99 AND Input5 <= 0.92 THEN class = {19.59} [16.26, 22.92], (p=216, n=81, P=396, N=804)
2026-04-14 12:14:11,636 - INFO - *****GROWING RR RULE*****
2026-04-14 12:14:14,146 - INFO - Iteracja 0: condition_best: None, quality_best: -inf, coverage_best: (p=0, n=0, P=0, N=0), p_value: 0
2026-04-14 12:14:14,146 - INFO - Regula po iteracji 0: IF  THEN class = {14.57} [9.38, 19.75], (p=768, n=432, P=768, N=432)
2026-04-14 12:14:14,146 - INFO - *****STOP GROWING RR RULE*****
2026-04-14 12:14:14,146 - INFO - ***RR NOT FOUND***
2026-04-14 12:14:14,146 - INFO - *******STOP GROWING CR RULE*******
2026-04-14 12:14:14,147 - INFO - *******GROWING CR RULE*******
2026-04-14 12:14:15,654 - INFO - Iteracja 0: condition_best: Input4 <= 0.48, quality_best: 0.227, coverage_best: (p=353, n=189, P=612, N=588)
2026-04-14 12:14:15,654 - INFO - Regula po iteracji 0: IF Input4 <= 0.48 THEN class = {11.48} [7.08, 15.87], (p=353, n=189, P=612, N=588)
2026-04-14 12:14:15,654 - INFO - *****GROWING RR RULE*****
2026-04-14 12:14:17,982 - INFO - Iteracja 0: condition_best: None, quality_best: -inf, coverage_best: (p=0, n=0, P=0, N=0), p_value: 0
2026-04-14 12:14:17,982 - INFO - Regula po iteracji 0: IF  THEN class = {14.57} [9.38, 19.75], (p=768, n=432, P=768, N=432)
2026-04-14 12:14:17,982 - INFO - *****STOP GROWING RR RULE*****
2026-04-14 12:14:17,982 - INFO - ***RR NOT FOUND***
2026-04-14 12:14:18,388 - INFO - Iteracja 1: condition_best: Input1 <= 0.72, quality_best: 0.291, coverage_best: (p=271, n=123, P=579, N=621)
2026-04-14 12:14:18,388 - INFO - Regula po iteracji 1: IF Input4 <= 0.48 AND Input1 <= 0.72 THEN class = {10.77} [6.42, 15.12], (p=271, n=123, P=579, N=621)
2026-04-14 12:14:18,389 - INFO - *****GROWING RR RULE*****
2026-04-14 12:14:20,680 - INFO - Iteracja 0: condition_best: None, quality_best: -inf, coverage_best: (p=0, n=0, P=0, N=0), p_value: 0
2026-04-14 12:14:20,680 - INFO - Regula po iteracji 0: IF  THEN class = {14.57} [9.38, 19.75], (p=768, n=432, P=768, N=432)
2026-04-14 12:14:20,681 - INFO - *****STOP GROWING RR RULE*****
2026-04-14 12:14:20,681 - INFO - ***RR NOT FOUND***
2026-04-14 12:14:20,959 - INFO - Iteracja 2: condition_best: Input3 <= 0.89, quality_best: 0.34, coverage_best: (p=249, n=106, P=533, N=667)
2026-04-14 12:14:20,959 - INFO - Regula po iteracji 2: IF Input4 <= 0.48 AND Input1 <= 0.72 AND Input3 <= 0.89 THEN class = {10.37} [6.14, 14.60], (p=249, n=106, P=533, N=667)
2026-04-14 12:14:20,960 - INFO - *****GROWING RR RULE*****
2026-04-14 12:14:23,248 - INFO - Iteracja 0: condition_best: None, quality_best: -inf, coverage_best: (p=0, n=0, P=0, N=0), p_value: 0
2026-04-14 12:14:23,248 - INFO - Regula po iteracji 0: IF  THEN class = {14.57} [9.38, 19.75], (p=768, n=432, P=768, N=432)
2026-04-14 12:14:23,248 - INFO - *****STOP GROWING RR RULE*****
2026-04-14 12:14:23,248 - INFO - ***RR NOT FOUND***
2026-04-14 12:14:23,801 - INFO - Iteracja 3: condition_best: Input5 >= 0.02, quality_best: 0.346, coverage_best: (p=246, n=102, P=532, N=668)
2026-04-14 12:14:23,801 - INFO - Regula po iteracji 3: IF Input4 <= 0.48 AND Input1 <= 0.72 AND Input3 <= 0.89 AND Input5 >= 0.02 THEN class = {10.41} [6.21, 14.60], (p=246, n=102, P=532, N=668)
2026-04-14 12:14:23,801 - INFO - *****GROWING RR RULE*****
2026-04-14 12:14:26,082 - INFO - Iteracja 0: condition_best: None, quality_best: -inf, coverage_best: (p=0, n=0, P=0, N=0), p_value: 0
2026-04-14 12:14:26,082 - INFO - Regula po iteracji 0: IF  THEN class = {14.57} [9.38, 19.75], (p=768, n=432, P=768, N=432)
2026-04-14 12:14:26,083 - INFO - *****STOP GROWING RR RULE*****
2026-04-14 12:14:26,083 - INFO - ***RR NOT FOUND***
2026-04-14 12:14:26,313 - INFO - Iteracja 4: condition_best: Input5 <= 0.99, quality_best: 0.35, coverage_best: (p=243, n=101, P=525, N=675)
2026-04-14 12:14:26,313 - INFO - Regula po iteracji 4: IF Input4 <= 0.48 AND Input1 <= 0.72 AND Input3 <= 0.89 AND Input5 >= 0.02 AND Input5 <= 0.99 THEN class = {10.36} [6.19, 14.53], (p=243, n=101, P=525, N=675)
2026-04-14 12:14:26,314 - INFO - *****GROWING RR RULE*****
2026-04-14 12:14:28,583 - INFO - Iteracja 0: condition_best: None, quality_best: -inf, coverage_best: (p=0, n=0, P=0, N=0), p_value: 0
2026-04-14 12:14:28,583 - INFO - Regula po iteracji 0: IF  THEN class = {14.57} [9.38, 19.75], (p=768, n=432, P=768, N=432)
2026-04-14 12:14:28,583 - INFO - *****STOP GROWING RR RULE*****
2026-04-14 12:14:28,583 - INFO - ***RR NOT FOUND***
2026-04-14 12:14:28,583 - INFO - *******STOP GROWING CR RULE*******
2026-04-14 12:14:28,584 - INFO - *******GROWING CR RULE*******
2026-04-14 12:14:29,810 - INFO - Iteracja 0: condition_best: Input4 >= 0.48, quality_best: 0.218, coverage_best: (p=429, n=233, P=630, N=570)
2026-04-14 12:14:29,810 - INFO - Regula po iteracji 0: IF Input4 >= 0.48 THEN class = {17.11} [12.79, 21.43], (p=429, n=233, P=630, N=570)
2026-04-14 12:14:29,810 - INFO - *****GROWING RR RULE*****
2026-04-14 12:14:32,481 - INFO - Iteracja 0: condition_best: None, quality_best: -inf, coverage_best: (p=0, n=0, P=0, N=0), p_value: 0
2026-04-14 12:14:32,481 - INFO - Regula po iteracji 0: IF  THEN class = {14.57} [9.38, 19.75], (p=768, n=432, P=768, N=432)
2026-04-14 12:14:32,481 - INFO - *****STOP GROWING RR RULE*****
2026-04-14 12:14:32,481 - INFO - ***RR NOT FOUND***
2026-04-14 12:14:33,021 - INFO - Iteracja 1: condition_best: Input1 >= 0.51, quality_best: 0.353, coverage_best: (p=254, n=112, P=507, N=693)
2026-04-14 12:14:33,022 - INFO - Regula po iteracji 1: IF Input4 >= 0.48 AND Input1 >= 0.51 THEN class = {18.78} [14.91, 22.66], (p=254, n=112, P=507, N=693)
2026-04-14 12:14:33,022 - INFO - *****GROWING RR RULE*****
2026-04-14 12:14:35,311 - INFO - Iteracja 0: condition_best: Input3 <= 0.02, quality_best: 0.065, coverage_best: (p=12, n=7, P=693, N=507), p_value: 5
2026-04-14 12:14:35,311 - INFO - Regula po iteracji 0: IF Input3 <= 0.02 THEN class = {14.57} [9.38, 19.75], (p=12, n=7, P=693, N=507)
2026-04-14 12:14:35,331 - INFO - Iteracja 1: condition_best: None, quality_best: -inf, coverage_best: (p=0, n=0, P=0, N=0), p_value: 5
2026-04-14 12:14:35,332 - INFO - Regula po iteracji 1: IF Input3 <= 0.02 THEN class = {18.33} [12.99, 23.67], (p=12, n=7, P=693, N=507)
2026-04-14 12:14:35,332 - INFO - *****STOP GROWING RR RULE*****
2026-04-14 12:14:35,332 - INFO - ***RR FOUND***
2026-04-14 12:14:35,332 - INFO - Reference rule: IF Input3 <= 0.02 THEN class = {18.33} [12.99, 23.67]
2026-04-14 12:14:35,332 - INFO - ***CHECKING EXCEPTION***
2026-04-14 12:14:35,334 - INFO - *******STOP GROWING CR RULE*******
2026-04-14 12:14:35,334 - INFO - *******GROWING CR RULE*******
2026-04-14 12:14:36,557 - INFO - Iteracja 0: condition_best: Input1 <= 0.00, quality_best: 1.0, coverage_best: (p=1, n=0, P=1, N=1199)
2026-04-14 12:14:36,557 - INFO - Regula po iteracji 0: IF Input1 <= 0.00 THEN class = {11.40} [11.40, 11.40], (p=1, n=0, P=1, N=1199)
2026-04-14 12:14:36,557 - INFO - *****GROWING RR RULE*****
2026-04-14 12:14:38,665 - INFO - Iteracja 0: condition_best: None, quality_best: -inf, coverage_best: (p=0, n=0, P=0, N=0), p_value: 0
2026-04-14 12:14:38,665 - INFO - Regula po iteracji 0: IF  THEN class = {14.57} [9.38, 19.75], (p=768, n=432, P=768, N=432)
2026-04-14 12:14:38,665 - INFO - *****STOP GROWING RR RULE*****
2026-04-14 12:14:38,665 - INFO - ***RR NOT FOUND***
2026-04-14 12:14:38,666 - INFO - Iteracja 1: condition_best: None, quality_best: -inf, coverage_best: (p=0, n=0, P=0, N=0)
2026-04-14 12:14:38,666 - INFO - Regula po iteracji 1: IF Input1 <= 0.00 THEN class = {11.40} [11.40, 11.40], (p=1, n=0, P=1, N=1199)
2026-04-14 12:14:38,666 - INFO - *******STOP GROWING CR RULE*******
2026-04-14 12:14:48,891 - INFO - ************************Finished experiment for friedman.arff with algorithm************************
2026-04-14 12:14:48,891 - INFO - *************************************************************************************************************************
2026-04-14 12:14:48,891 - INFO - *************************************************************************************************************************
2026-04-14 12:14:48,891 - INFO - *************************************************************************************************************************
