2026-04-14 13:02:45,537 - INFO - **********Starting experiment for strike.arff with algorithm**********
2026-04-14 13:02:45,545 - INFO - *******GROWING CR RULE*******
2026-04-14 13:02:45,643 - INFO - Iteracja 0: condition_best: unemployment <= 2.35, quality_best: 0.617, coverage_best: (p=295, n=10, P=527, N=98)
2026-04-14 13:02:45,643 - INFO - Regula po iteracji 0: IF unemployment <= 2.35 THEN class = {152.84} [-240.68, 546.36], (p=295, n=10, P=527, N=98)
2026-04-14 13:02:45,643 - INFO - *****GROWING RR RULE*****
2026-04-14 13:02:45,749 - INFO - Iteracja 0: condition_best: None, quality_best: -inf, coverage_best: (p=0, n=0, P=0, N=0), p_value: 0
2026-04-14 13:02:45,749 - INFO - Regula po iteracji 0: IF  THEN class = {302.30} [-257.91, 862.51], (p=574, n=51, P=574, N=51)
2026-04-14 13:02:45,749 - INFO - *****STOP GROWING RR RULE*****
2026-04-14 13:02:45,749 - INFO - ***RR NOT FOUND***
2026-04-14 13:02:45,782 - INFO - Iteracja 1: condition_best: representation >= 23.50, quality_best: 0.639, coverage_best: (p=286, n=8, P=526, N=99)
2026-04-14 13:02:45,782 - INFO - Regula po iteracji 1: IF unemployment <= 2.35 AND representation >= 23.50 THEN class = {147.50} [-246.36, 541.36], (p=286, n=8, P=526, N=99)
2026-04-14 13:02:45,782 - INFO - *****GROWING RR RULE*****
2026-04-14 13:02:45,888 - INFO - Iteracja 0: condition_best: None, quality_best: -inf, coverage_best: (p=0, n=0, P=0, N=0), p_value: 0
2026-04-14 13:02:45,888 - INFO - Regula po iteracji 0: IF  THEN class = {302.30} [-257.91, 862.51], (p=574, n=51, P=574, N=51)
2026-04-14 13:02:45,888 - INFO - *****STOP GROWING RR RULE*****
2026-04-14 13:02:45,888 - INFO - ***RR NOT FOUND***
2026-04-14 13:02:45,918 - INFO - Iteracja 2: condition_best: inflation >= -1.45, quality_best: 0.654, coverage_best: (p=285, n=7, P=526, N=99)
2026-04-14 13:02:45,918 - INFO - Regula po iteracji 2: IF unemployment <= 2.35 AND representation >= 23.50 AND inflation >= -1.45 THEN class = {144.78} [-248.44, 538.01], (p=285, n=7, P=526, N=99)
2026-04-14 13:02:45,918 - INFO - *****GROWING RR RULE*****
2026-04-14 13:02:46,023 - INFO - Iteracja 0: condition_best: None, quality_best: -inf, coverage_best: (p=0, n=0, P=0, N=0), p_value: 0
2026-04-14 13:02:46,023 - INFO - Regula po iteracji 0: IF  THEN class = {302.30} [-257.91, 862.51], (p=574, n=51, P=574, N=51)
2026-04-14 13:02:46,023 - INFO - *****STOP GROWING RR RULE*****
2026-04-14 13:02:46,023 - INFO - ***RR NOT FOUND***
2026-04-14 13:02:46,053 - INFO - Iteracja 3: condition_best: inflation <= 13.65, quality_best: 0.67, coverage_best: (p=270, n=5, P=526, N=99)
2026-04-14 13:02:46,053 - INFO - Regula po iteracji 3: IF unemployment <= 2.35 AND representation >= 23.50 AND inflation >= -1.45 AND inflation <= 13.65 THEN class = {132.00} [-265.04, 529.04], (p=270, n=5, P=526, N=99)
2026-04-14 13:02:46,054 - INFO - *****GROWING RR RULE*****
2026-04-14 13:02:46,158 - INFO - Iteracja 0: condition_best: None, quality_best: -inf, coverage_best: (p=0, n=0, P=0, N=0), p_value: 0
2026-04-14 13:02:46,159 - INFO - Regula po iteracji 0: IF  THEN class = {302.30} [-257.91, 862.51], (p=574, n=51, P=574, N=51)
2026-04-14 13:02:46,159 - INFO - *****STOP GROWING RR RULE*****
2026-04-14 13:02:46,159 - INFO - ***RR NOT FOUND***
2026-04-14 13:02:46,186 - INFO - Iteracja 4: condition_best: year <= 1,984.50, quality_best: 0.669, coverage_best: (p=269, n=5, P=526, N=99)
2026-04-14 13:02:46,186 - INFO - Regula po iteracji 4: IF unemployment <= 2.35 AND representation >= 23.50 AND inflation >= -1.45 AND inflation <= 13.65 AND year <= 1,984.50 THEN class = {132.48} [-265.20, 530.17], (p=269, n=5, P=526, N=99)
2026-04-14 13:02:46,187 - INFO - *****GROWING RR RULE*****
2026-04-14 13:02:46,292 - INFO - Iteracja 0: condition_best: None, quality_best: -inf, coverage_best: (p=0, n=0, P=0, N=0), p_value: 0
2026-04-14 13:02:46,293 - INFO - Regula po iteracji 0: IF  THEN class = {302.30} [-257.91, 862.51], (p=574, n=51, P=574, N=51)
2026-04-14 13:02:46,293 - INFO - *****STOP GROWING RR RULE*****
2026-04-14 13:02:46,293 - INFO - ***RR NOT FOUND***
2026-04-14 13:02:46,293 - INFO - *******STOP GROWING CR RULE*******
2026-04-14 13:02:46,297 - INFO - *******GROWING CR RULE*******
2026-04-14 13:02:46,361 - INFO - Iteracja 0: condition_best: unemployment <= 2.35, quality_best: 0.617, coverage_best: (p=295, n=10, P=527, N=98)
2026-04-14 13:02:46,361 - INFO - Regula po iteracji 0: IF unemployment <= 2.35 THEN class = {152.84} [-240.68, 546.36], (p=295, n=10, P=527, N=98)
2026-04-14 13:02:46,361 - INFO - *****GROWING RR RULE*****
2026-04-14 13:02:46,466 - INFO - Iteracja 0: condition_best: None, quality_best: -inf, coverage_best: (p=0, n=0, P=0, N=0), p_value: 0
2026-04-14 13:02:46,466 - INFO - Regula po iteracji 0: IF  THEN class = {302.30} [-257.91, 862.51], (p=574, n=51, P=574, N=51)
2026-04-14 13:02:46,466 - INFO - *****STOP GROWING RR RULE*****
2026-04-14 13:02:46,466 - INFO - ***RR NOT FOUND***
2026-04-14 13:02:46,493 - INFO - Iteracja 1: condition_best: representation >= 23.50, quality_best: 0.639, coverage_best: (p=286, n=8, P=526, N=99)
2026-04-14 13:02:46,493 - INFO - Regula po iteracji 1: IF unemployment <= 2.35 AND representation >= 23.50 THEN class = {147.50} [-246.36, 541.36], (p=286, n=8, P=526, N=99)
2026-04-14 13:02:46,494 - INFO - *****GROWING RR RULE*****
2026-04-14 13:02:46,599 - INFO - Iteracja 0: condition_best: None, quality_best: -inf, coverage_best: (p=0, n=0, P=0, N=0), p_value: 0
2026-04-14 13:02:46,599 - INFO - Regula po iteracji 0: IF  THEN class = {302.30} [-257.91, 862.51], (p=574, n=51, P=574, N=51)
2026-04-14 13:02:46,599 - INFO - *****STOP GROWING RR RULE*****
2026-04-14 13:02:46,599 - INFO - ***RR NOT FOUND***
2026-04-14 13:02:46,625 - INFO - Iteracja 2: condition_best: inflation >= -1.45, quality_best: 0.654, coverage_best: (p=285, n=7, P=526, N=99)
2026-04-14 13:02:46,625 - INFO - Regula po iteracji 2: IF unemployment <= 2.35 AND representation >= 23.50 AND inflation >= -1.45 THEN class = {144.78} [-248.44, 538.01], (p=285, n=7, P=526, N=99)
2026-04-14 13:02:46,626 - INFO - *****GROWING RR RULE*****
2026-04-14 13:02:46,731 - INFO - Iteracja 0: condition_best: None, quality_best: -inf, coverage_best: (p=0, n=0, P=0, N=0), p_value: 0
2026-04-14 13:02:46,731 - INFO - Regula po iteracji 0: IF  THEN class = {302.30} [-257.91, 862.51], (p=574, n=51, P=574, N=51)
2026-04-14 13:02:46,732 - INFO - *****STOP GROWING RR RULE*****
2026-04-14 13:02:46,732 - INFO - ***RR NOT FOUND***
2026-04-14 13:02:46,758 - INFO - Iteracja 3: condition_best: inflation <= 15.85, quality_best: 0.659, coverage_best: (p=275, n=6, P=526, N=99)
2026-04-14 13:02:46,758 - INFO - Regula po iteracji 3: IF unemployment <= 2.35 AND representation >= 23.50 AND inflation >= -1.45 AND inflation <= 15.85 THEN class = {138.04} [-260.11, 536.20], (p=275, n=6, P=526, N=99)
2026-04-14 13:02:46,758 - INFO - *****GROWING RR RULE*****
2026-04-14 13:02:46,864 - INFO - Iteracja 0: condition_best: None, quality_best: -inf, coverage_best: (p=0, n=0, P=0, N=0), p_value: 0
2026-04-14 13:02:46,864 - INFO - Regula po iteracji 0: IF  THEN class = {302.30} [-257.91, 862.51], (p=574, n=51, P=574, N=51)
2026-04-14 13:02:46,864 - INFO - *****STOP GROWING RR RULE*****
2026-04-14 13:02:46,864 - INFO - ***RR NOT FOUND***
2026-04-14 13:02:46,889 - INFO - Iteracja 4: condition_best: year <= 1,979.50, quality_best: 0.662, coverage_best: (p=263, n=5, P=526, N=99)
2026-04-14 13:02:46,889 - INFO - Regula po iteracji 4: IF unemployment <= 2.35 AND representation >= 23.50 AND inflation >= -1.45 AND inflation <= 15.85 AND year <= 1,979.50 THEN class = {139.96} [-262.10, 542.03], (p=263, n=5, P=526, N=99)
2026-04-14 13:02:46,890 - INFO - *****GROWING RR RULE*****
2026-04-14 13:02:46,996 - INFO - Iteracja 0: condition_best: None, quality_best: -inf, coverage_best: (p=0, n=0, P=0, N=0), p_value: 0
2026-04-14 13:02:46,996 - INFO - Regula po iteracji 0: IF  THEN class = {302.30} [-257.91, 862.51], (p=574, n=51, P=574, N=51)
2026-04-14 13:02:46,996 - INFO - *****STOP GROWING RR RULE*****
2026-04-14 13:02:46,996 - INFO - ***RR NOT FOUND***
2026-04-14 13:02:46,996 - INFO - *******STOP GROWING CR RULE*******
2026-04-14 13:02:46,999 - INFO - *******GROWING CR RULE*******
2026-04-14 13:02:47,064 - INFO - Iteracja 0: condition_best: unemployment <= 2.35, quality_best: 0.617, coverage_best: (p=295, n=10, P=527, N=98)
2026-04-14 13:02:47,064 - INFO - Regula po iteracji 0: IF unemployment <= 2.35 THEN class = {152.84} [-240.68, 546.36], (p=295, n=10, P=527, N=98)
2026-04-14 13:02:47,064 - INFO - *****GROWING RR RULE*****
2026-04-14 13:02:47,169 - INFO - Iteracja 0: condition_best: None, quality_best: -inf, coverage_best: (p=0, n=0, P=0, N=0), p_value: 0
2026-04-14 13:02:47,169 - INFO - Regula po iteracji 0: IF  THEN class = {302.30} [-257.91, 862.51], (p=574, n=51, P=574, N=51)
2026-04-14 13:02:47,169 - INFO - *****STOP GROWING RR RULE*****
2026-04-14 13:02:47,169 - INFO - ***RR NOT FOUND***
2026-04-14 13:02:47,196 - INFO - Iteracja 1: condition_best: representation >= 23.50, quality_best: 0.639, coverage_best: (p=286, n=8, P=526, N=99)
2026-04-14 13:02:47,196 - INFO - Regula po iteracji 1: IF unemployment <= 2.35 AND representation >= 23.50 THEN class = {147.50} [-246.36, 541.36], (p=286, n=8, P=526, N=99)
2026-04-14 13:02:47,197 - INFO - *****GROWING RR RULE*****
2026-04-14 13:02:47,301 - INFO - Iteracja 0: condition_best: None, quality_best: -inf, coverage_best: (p=0, n=0, P=0, N=0), p_value: 0
2026-04-14 13:02:47,301 - INFO - Regula po iteracji 0: IF  THEN class = {302.30} [-257.91, 862.51], (p=574, n=51, P=574, N=51)
2026-04-14 13:02:47,302 - INFO - *****STOP GROWING RR RULE*****
2026-04-14 13:02:47,302 - INFO - ***RR NOT FOUND***
2026-04-14 13:02:47,327 - INFO - Iteracja 2: condition_best: inflation >= -1.45, quality_best: 0.654, coverage_best: (p=285, n=7, P=526, N=99)
2026-04-14 13:02:47,328 - INFO - Regula po iteracji 2: IF unemployment <= 2.35 AND representation >= 23.50 AND inflation >= -1.45 THEN class = {144.78} [-248.44, 538.01], (p=285, n=7, P=526, N=99)
2026-04-14 13:02:47,328 - INFO - *****GROWING RR RULE*****
2026-04-14 13:02:47,433 - INFO - Iteracja 0: condition_best: None, quality_best: -inf, coverage_best: (p=0, n=0, P=0, N=0), p_value: 0
2026-04-14 13:02:47,433 - INFO - Regula po iteracji 0: IF  THEN class = {302.30} [-257.91, 862.51], (p=574, n=51, P=574, N=51)
2026-04-14 13:02:47,433 - INFO - *****STOP GROWING RR RULE*****
2026-04-14 13:02:47,433 - INFO - ***RR NOT FOUND***
2026-04-14 13:02:47,459 - INFO - Iteracja 3: condition_best: year <= 1,979.50, quality_best: 0.655, coverage_best: (p=272, n=6, P=526, N=99)
2026-04-14 13:02:47,459 - INFO - Regula po iteracji 3: IF unemployment <= 2.35 AND representation >= 23.50 AND inflation >= -1.45 AND year <= 1,979.50 THEN class = {146.17} [-251.10, 543.44], (p=272, n=6, P=526, N=99)
2026-04-14 13:02:47,460 - INFO - *****GROWING RR RULE*****
2026-04-14 13:02:47,564 - INFO - Iteracja 0: condition_best: None, quality_best: -inf, coverage_best: (p=0, n=0, P=0, N=0), p_value: 0
2026-04-14 13:02:47,564 - INFO - Regula po iteracji 0: IF  THEN class = {302.30} [-257.91, 862.51], (p=574, n=51, P=574, N=51)
2026-04-14 13:02:47,565 - INFO - *****STOP GROWING RR RULE*****
2026-04-14 13:02:47,565 - INFO - ***RR NOT FOUND***
2026-04-14 13:02:47,589 - INFO - Iteracja 4: condition_best: inflation <= 21.50, quality_best: 0.654, coverage_best: (p=271, n=6, P=526, N=99)
2026-04-14 13:02:47,590 - INFO - Regula po iteracji 4: IF unemployment <= 2.35 AND representation >= 23.50 AND inflation >= -1.45 AND year <= 1,979.50 AND inflation <= 21.50 THEN class = {145.74} [-252.18, 543.66], (p=271, n=6, P=526, N=99)
2026-04-14 13:02:47,590 - INFO - *****GROWING RR RULE*****
2026-04-14 13:02:47,695 - INFO - Iteracja 0: condition_best: None, quality_best: -inf, coverage_best: (p=0, n=0, P=0, N=0), p_value: 0
2026-04-14 13:02:47,695 - INFO - Regula po iteracji 0: IF  THEN class = {302.30} [-257.91, 862.51], (p=574, n=51, P=574, N=51)
2026-04-14 13:02:47,695 - INFO - *****STOP GROWING RR RULE*****
2026-04-14 13:02:47,695 - INFO - ***RR NOT FOUND***
2026-04-14 13:02:47,695 - INFO - *******STOP GROWING CR RULE*******
2026-04-14 13:02:47,698 - INFO - *******GROWING CR RULE*******
2026-04-14 13:02:47,762 - INFO - Iteracja 0: condition_best: unemployment <= 2.35, quality_best: 0.617, coverage_best: (p=295, n=10, P=527, N=98)
2026-04-14 13:02:47,762 - INFO - Regula po iteracji 0: IF unemployment <= 2.35 THEN class = {152.84} [-240.68, 546.36], (p=295, n=10, P=527, N=98)
2026-04-14 13:02:47,763 - INFO - *****GROWING RR RULE*****
2026-04-14 13:02:47,868 - INFO - Iteracja 0: condition_best: None, quality_best: -inf, coverage_best: (p=0, n=0, P=0, N=0), p_value: 0
2026-04-14 13:02:47,868 - INFO - Regula po iteracji 0: IF  THEN class = {302.30} [-257.91, 862.51], (p=574, n=51, P=574, N=51)
2026-04-14 13:02:47,868 - INFO - *****STOP GROWING RR RULE*****
2026-04-14 13:02:47,868 - INFO - ***RR NOT FOUND***
2026-04-14 13:02:47,895 - INFO - Iteracja 1: condition_best: representation >= 23.50, quality_best: 0.639, coverage_best: (p=286, n=8, P=526, N=99)
2026-04-14 13:02:47,895 - INFO - Regula po iteracji 1: IF unemployment <= 2.35 AND representation >= 23.50 THEN class = {147.50} [-246.36, 541.36], (p=286, n=8, P=526, N=99)
2026-04-14 13:02:47,895 - INFO - *****GROWING RR RULE*****
2026-04-14 13:02:48,000 - INFO - Iteracja 0: condition_best: None, quality_best: -inf, coverage_best: (p=0, n=0, P=0, N=0), p_value: 0
2026-04-14 13:02:48,000 - INFO - Regula po iteracji 0: IF  THEN class = {302.30} [-257.91, 862.51], (p=574, n=51, P=574, N=51)
2026-04-14 13:02:48,000 - INFO - *****STOP GROWING RR RULE*****
2026-04-14 13:02:48,000 - INFO - ***RR NOT FOUND***
2026-04-14 13:02:48,026 - INFO - Iteracja 2: condition_best: year <= 1,984.50, quality_best: 0.638, coverage_best: (p=285, n=8, P=526, N=99)
2026-04-14 13:02:48,026 - INFO - Regula po iteracji 2: IF unemployment <= 2.35 AND representation >= 23.50 AND year <= 1,984.50 THEN class = {148.00} [-246.43, 542.44], (p=285, n=8, P=526, N=99)
2026-04-14 13:02:48,026 - INFO - *****GROWING RR RULE*****
2026-04-14 13:02:48,131 - INFO - Iteracja 0: condition_best: None, quality_best: -inf, coverage_best: (p=0, n=0, P=0, N=0), p_value: 0
2026-04-14 13:02:48,131 - INFO - Regula po iteracji 0: IF  THEN class = {302.30} [-257.91, 862.51], (p=574, n=51, P=574, N=51)
2026-04-14 13:02:48,131 - INFO - *****STOP GROWING RR RULE*****
2026-04-14 13:02:48,131 - INFO - ***RR NOT FOUND***
2026-04-14 13:02:48,157 - INFO - Iteracja 3: condition_best: year <= 1,983.50, quality_best: 0.637, coverage_best: (p=284, n=8, P=526, N=99)
2026-04-14 13:02:48,157 - INFO - Regula po iteracji 3: IF unemployment <= 2.35 AND representation >= 23.50 AND year <= 1,984.50 AND year <= 1,983.50 THEN class = {148.51} [-246.50, 543.53], (p=284, n=8, P=526, N=99)
2026-04-14 13:02:48,158 - INFO - *****GROWING RR RULE*****
2026-04-14 13:02:48,263 - INFO - Iteracja 0: condition_best: None, quality_best: -inf, coverage_best: (p=0, n=0, P=0, N=0), p_value: 0
2026-04-14 13:02:48,263 - INFO - Regula po iteracji 0: IF  THEN class = {302.30} [-257.91, 862.51], (p=574, n=51, P=574, N=51)
2026-04-14 13:02:48,263 - INFO - *****STOP GROWING RR RULE*****
2026-04-14 13:02:48,263 - INFO - ***RR NOT FOUND***
2026-04-14 13:02:48,289 - INFO - Iteracja 4: condition_best: year <= 1,982.50, quality_best: 0.636, coverage_best: (p=283, n=8, P=526, N=99)
2026-04-14 13:02:48,289 - INFO - Regula po iteracji 4: IF unemployment <= 2.35 AND representation >= 23.50 AND year <= 1,984.50 AND year <= 1,983.50 AND year <= 1,982.50 THEN class = {149.01} [-246.59, 544.61], (p=283, n=8, P=526, N=99)
2026-04-14 13:02:48,289 - INFO - *****GROWING RR RULE*****
2026-04-14 13:02:48,394 - INFO - Iteracja 0: condition_best: None, quality_best: -inf, coverage_best: (p=0, n=0, P=0, N=0), p_value: 0
2026-04-14 13:02:48,394 - INFO - Regula po iteracji 0: IF  THEN class = {302.30} [-257.91, 862.51], (p=574, n=51, P=574, N=51)
2026-04-14 13:02:48,394 - INFO - *****STOP GROWING RR RULE*****
2026-04-14 13:02:48,394 - INFO - ***RR NOT FOUND***
2026-04-14 13:02:48,394 - INFO - *******STOP GROWING CR RULE*******
2026-04-14 13:02:48,397 - INFO - *******GROWING CR RULE*******
2026-04-14 13:02:48,460 - INFO - Iteracja 0: condition_best: unemployment <= 2.35, quality_best: 0.617, coverage_best: (p=295, n=10, P=527, N=98)
2026-04-14 13:02:48,460 - INFO - Regula po iteracji 0: IF unemployment <= 2.35 THEN class = {152.84} [-240.68, 546.36], (p=295, n=10, P=527, N=98)
2026-04-14 13:02:48,460 - INFO - *****GROWING RR RULE*****
2026-04-14 13:02:48,565 - INFO - Iteracja 0: condition_best: None, quality_best: -inf, coverage_best: (p=0, n=0, P=0, N=0), p_value: 0
2026-04-14 13:02:48,565 - INFO - Regula po iteracji 0: IF  THEN class = {302.30} [-257.91, 862.51], (p=574, n=51, P=574, N=51)
2026-04-14 13:02:48,565 - INFO - *****STOP GROWING RR RULE*****
2026-04-14 13:02:48,565 - INFO - ***RR NOT FOUND***
2026-04-14 13:02:48,592 - INFO - Iteracja 1: condition_best: inflation >= -1.45, quality_best: 0.633, coverage_best: (p=294, n=9, P=526, N=99)
2026-04-14 13:02:48,592 - INFO - Regula po iteracji 1: IF unemployment <= 2.35 AND inflation >= -1.45 THEN class = {150.25} [-242.69, 543.20], (p=294, n=9, P=526, N=99)
2026-04-14 13:02:48,592 - INFO - *****GROWING RR RULE*****
2026-04-14 13:02:48,696 - INFO - Iteracja 0: condition_best: None, quality_best: -inf, coverage_best: (p=0, n=0, P=0, N=0), p_value: 0
2026-04-14 13:02:48,696 - INFO - Regula po iteracji 0: IF  THEN class = {302.30} [-257.91, 862.51], (p=574, n=51, P=574, N=51)
2026-04-14 13:02:48,697 - INFO - *****STOP GROWING RR RULE*****
2026-04-14 13:02:48,697 - INFO - ***RR NOT FOUND***
2026-04-14 13:02:48,723 - INFO - Iteracja 2: condition_best: inflation <= 13.65, quality_best: 0.646, coverage_best: (p=278, n=7, P=526, N=99)
2026-04-14 13:02:48,723 - INFO - Regula po iteracji 2: IF unemployment <= 2.35 AND inflation >= -1.45 AND inflation <= 13.65 THEN class = {137.23} [-259.85, 534.31], (p=278, n=7, P=526, N=99)
2026-04-14 13:02:48,724 - INFO - *****GROWING RR RULE*****
2026-04-14 13:02:48,830 - INFO - Iteracja 0: condition_best: None, quality_best: -inf, coverage_best: (p=0, n=0, P=0, N=0), p_value: 0
2026-04-14 13:02:48,830 - INFO - Regula po iteracji 0: IF  THEN class = {302.30} [-257.91, 862.51], (p=574, n=51, P=574, N=51)
2026-04-14 13:02:48,831 - INFO - *****STOP GROWING RR RULE*****
2026-04-14 13:02:48,831 - INFO - ***RR NOT FOUND***
2026-04-14 13:02:48,855 - INFO - Iteracja 3: condition_best: year >= 1,952.50, quality_best: 0.646, coverage_best: (p=268, n=7, P=518, N=107)
2026-04-14 13:02:48,855 - INFO - Regula po iteracji 3: IF unemployment <= 2.35 AND inflation >= -1.45 AND inflation <= 13.65 AND year >= 1,952.50 THEN class = {127.39} [-247.25, 502.02], (p=268, n=7, P=518, N=107)
2026-04-14 13:02:48,856 - INFO - *****GROWING RR RULE*****
2026-04-14 13:02:48,960 - INFO - Iteracja 0: condition_best: None, quality_best: -inf, coverage_best: (p=0, n=0, P=0, N=0), p_value: 0
2026-04-14 13:02:48,961 - INFO - Regula po iteracji 0: IF  THEN class = {302.30} [-257.91, 862.51], (p=574, n=51, P=574, N=51)
2026-04-14 13:02:48,961 - INFO - *****STOP GROWING RR RULE*****
2026-04-14 13:02:48,961 - INFO - ***RR NOT FOUND***
2026-04-14 13:02:48,985 - INFO - Iteracja 4: condition_best: representation <= 52.50, quality_best: 0.659, coverage_best: (p=253, n=5, P=519, N=106)
2026-04-14 13:02:48,985 - INFO - Regula po iteracji 4: IF unemployment <= 2.35 AND inflation >= -1.45 AND inflation <= 13.65 AND year >= 1,952.50 AND representation <= 52.50 THEN class = {121.62} [-260.19, 503.44], (p=253, n=5, P=519, N=106)
2026-04-14 13:02:48,985 - INFO - *****GROWING RR RULE*****
2026-04-14 13:02:49,090 - INFO - Iteracja 0: condition_best: None, quality_best: -inf, coverage_best: (p=0, n=0, P=0, N=0), p_value: 0
2026-04-14 13:02:49,090 - INFO - Regula po iteracji 0: IF  THEN class = {302.30} [-257.91, 862.51], (p=574, n=51, P=574, N=51)
2026-04-14 13:02:49,090 - INFO - *****STOP GROWING RR RULE*****
2026-04-14 13:02:49,090 - INFO - ***RR NOT FOUND***
2026-04-14 13:02:49,090 - INFO - *******STOP GROWING CR RULE*******
2026-04-14 13:02:49,092 - INFO - *******GROWING CR RULE*******
2026-04-14 13:02:49,156 - INFO - Iteracja 0: condition_best: unemployment <= 2.55, quality_best: 0.609, coverage_best: (p=313, n=12, P=527, N=98)
2026-04-14 13:02:49,156 - INFO - Regula po iteracji 0: IF unemployment <= 2.55 THEN class = {158.63} [-238.80, 556.06], (p=313, n=12, P=527, N=98)
2026-04-14 13:02:49,156 - INFO - *****GROWING RR RULE*****
2026-04-14 13:02:49,261 - INFO - Iteracja 0: condition_best: None, quality_best: -inf, coverage_best: (p=0, n=0, P=0, N=0), p_value: 0
2026-04-14 13:02:49,261 - INFO - Regula po iteracji 0: IF  THEN class = {302.30} [-257.91, 862.51], (p=574, n=51, P=574, N=51)
2026-04-14 13:02:49,261 - INFO - *****STOP GROWING RR RULE*****
2026-04-14 13:02:49,261 - INFO - ***RR NOT FOUND***
2026-04-14 13:02:49,289 - INFO - Iteracja 1: condition_best: representation >= 23.50, quality_best: 0.627, coverage_best: (p=303, n=10, P=527, N=98)
2026-04-14 13:02:49,289 - INFO - Regula po iteracji 1: IF unemployment <= 2.55 AND representation >= 23.50 THEN class = {153.98} [-244.60, 552.56], (p=303, n=10, P=527, N=98)
2026-04-14 13:02:49,289 - INFO - *****GROWING RR RULE*****
2026-04-14 13:02:49,394 - INFO - Iteracja 0: condition_best: None, quality_best: -inf, coverage_best: (p=0, n=0, P=0, N=0), p_value: 0
2026-04-14 13:02:49,394 - INFO - Regula po iteracji 0: IF  THEN class = {302.30} [-257.91, 862.51], (p=574, n=51, P=574, N=51)
2026-04-14 13:02:49,394 - INFO - *****STOP GROWING RR RULE*****
2026-04-14 13:02:49,394 - INFO - ***RR NOT FOUND***
2026-04-14 13:02:49,421 - INFO - Iteracja 2: condition_best: inflation >= -1.45, quality_best: 0.641, coverage_best: (p=302, n=9, P=527, N=98)
2026-04-14 13:02:49,421 - INFO - Regula po iteracji 2: IF unemployment <= 2.55 AND representation >= 23.50 AND inflation >= -1.45 THEN class = {151.47} [-246.60, 549.54], (p=302, n=9, P=527, N=98)
2026-04-14 13:02:49,422 - INFO - *****GROWING RR RULE*****
2026-04-14 13:02:49,526 - INFO - Iteracja 0: condition_best: None, quality_best: -inf, coverage_best: (p=0, n=0, P=0, N=0), p_value: 0
2026-04-14 13:02:49,527 - INFO - Regula po iteracji 0: IF  THEN class = {302.30} [-257.91, 862.51], (p=574, n=51, P=574, N=51)
2026-04-14 13:02:49,527 - INFO - *****STOP GROWING RR RULE*****
2026-04-14 13:02:49,527 - INFO - ***RR NOT FOUND***
2026-04-14 13:02:49,554 - INFO - Iteracja 3: condition_best: inflation <= 13.65, quality_best: 0.657, coverage_best: (p=287, n=7, P=526, N=99)
2026-04-14 13:02:49,554 - INFO - Regula po iteracji 3: IF unemployment <= 2.55 AND representation >= 23.50 AND inflation >= -1.45 AND inflation <= 13.65 THEN class = {139.90} [-262.19, 541.99], (p=287, n=7, P=526, N=99)
2026-04-14 13:02:49,555 - INFO - *****GROWING RR RULE*****
2026-04-14 13:02:49,661 - INFO - Iteracja 0: condition_best: None, quality_best: -inf, coverage_best: (p=0, n=0, P=0, N=0), p_value: 0
2026-04-14 13:02:49,661 - INFO - Regula po iteracji 0: IF  THEN class = {302.30} [-257.91, 862.51], (p=574, n=51, P=574, N=51)
2026-04-14 13:02:49,661 - INFO - *****STOP GROWING RR RULE*****
2026-04-14 13:02:49,661 - INFO - ***RR NOT FOUND***
2026-04-14 13:02:49,686 - INFO - Iteracja 4: condition_best: unemployment <= 2.45, quality_best: 0.659, coverage_best: (p=275, n=6, P=526, N=99)
2026-04-14 13:02:49,686 - INFO - Regula po iteracji 4: IF unemployment <= 2.55 AND representation >= 23.50 AND inflation >= -1.45 AND inflation <= 13.65 AND unemployment <= 2.45 THEN class = {136.11} [-264.70, 536.92], (p=275, n=6, P=526, N=99)
2026-04-14 13:02:49,687 - INFO - *****GROWING RR RULE*****
2026-04-14 13:02:49,791 - INFO - Iteracja 0: condition_best: None, quality_best: -inf, coverage_best: (p=0, n=0, P=0, N=0), p_value: 0
2026-04-14 13:02:49,791 - INFO - Regula po iteracji 0: IF  THEN class = {302.30} [-257.91, 862.51], (p=574, n=51, P=574, N=51)
2026-04-14 13:02:49,791 - INFO - *****STOP GROWING RR RULE*****
2026-04-14 13:02:49,791 - INFO - ***RR NOT FOUND***
2026-04-14 13:02:49,791 - INFO - *******STOP GROWING CR RULE*******
2026-04-14 13:02:49,794 - INFO - *******GROWING CR RULE*******
2026-04-14 13:02:49,855 - INFO - Iteracja 0: condition_best: unemployment <= 2.55, quality_best: 0.609, coverage_best: (p=313, n=12, P=527, N=98)
2026-04-14 13:02:49,855 - INFO - Regula po iteracji 0: IF unemployment <= 2.55 THEN class = {158.63} [-238.80, 556.06], (p=313, n=12, P=527, N=98)
2026-04-14 13:02:49,856 - INFO - *****GROWING RR RULE*****
2026-04-14 13:02:49,960 - INFO - Iteracja 0: condition_best: None, quality_best: -inf, coverage_best: (p=0, n=0, P=0, N=0), p_value: 0
2026-04-14 13:02:49,961 - INFO - Regula po iteracji 0: IF  THEN class = {302.30} [-257.91, 862.51], (p=574, n=51, P=574, N=51)
2026-04-14 13:02:49,961 - INFO - *****STOP GROWING RR RULE*****
2026-04-14 13:02:49,961 - INFO - ***RR NOT FOUND***
2026-04-14 13:02:49,989 - INFO - Iteracja 1: condition_best: representation >= 23.50, quality_best: 0.627, coverage_best: (p=303, n=10, P=527, N=98)
2026-04-14 13:02:49,989 - INFO - Regula po iteracji 1: IF unemployment <= 2.55 AND representation >= 23.50 THEN class = {153.98} [-244.60, 552.56], (p=303, n=10, P=527, N=98)
2026-04-14 13:02:49,989 - INFO - *****GROWING RR RULE*****
2026-04-14 13:02:50,094 - INFO - Iteracja 0: condition_best: None, quality_best: -inf, coverage_best: (p=0, n=0, P=0, N=0), p_value: 0
2026-04-14 13:02:50,094 - INFO - Regula po iteracji 0: IF  THEN class = {302.30} [-257.91, 862.51], (p=574, n=51, P=574, N=51)
2026-04-14 13:02:50,094 - INFO - *****STOP GROWING RR RULE*****
2026-04-14 13:02:50,094 - INFO - ***RR NOT FOUND***
2026-04-14 13:02:50,121 - INFO - Iteracja 2: condition_best: inflation >= -1.45, quality_best: 0.641, coverage_best: (p=302, n=9, P=527, N=98)
2026-04-14 13:02:50,121 - INFO - Regula po iteracji 2: IF unemployment <= 2.55 AND representation >= 23.50 AND inflation >= -1.45 THEN class = {151.47} [-246.60, 549.54], (p=302, n=9, P=527, N=98)
2026-04-14 13:02:50,122 - INFO - *****GROWING RR RULE*****
2026-04-14 13:02:50,226 - INFO - Iteracja 0: condition_best: None, quality_best: -inf, coverage_best: (p=0, n=0, P=0, N=0), p_value: 0
2026-04-14 13:02:50,227 - INFO - Regula po iteracji 0: IF  THEN class = {302.30} [-257.91, 862.51], (p=574, n=51, P=574, N=51)
2026-04-14 13:02:50,227 - INFO - *****STOP GROWING RR RULE*****
2026-04-14 13:02:50,227 - INFO - ***RR NOT FOUND***
2026-04-14 13:02:50,254 - INFO - Iteracja 3: condition_best: inflation <= 13.65, quality_best: 0.657, coverage_best: (p=287, n=7, P=526, N=99)
2026-04-14 13:02:50,254 - INFO - Regula po iteracji 3: IF unemployment <= 2.55 AND representation >= 23.50 AND inflation >= -1.45 AND inflation <= 13.65 THEN class = {139.90} [-262.19, 541.99], (p=287, n=7, P=526, N=99)
2026-04-14 13:02:50,255 - INFO - *****GROWING RR RULE*****
2026-04-14 13:02:50,360 - INFO - Iteracja 0: condition_best: None, quality_best: -inf, coverage_best: (p=0, n=0, P=0, N=0), p_value: 0
2026-04-14 13:02:50,360 - INFO - Regula po iteracji 0: IF  THEN class = {302.30} [-257.91, 862.51], (p=574, n=51, P=574, N=51)
2026-04-14 13:02:50,360 - INFO - *****STOP GROWING RR RULE*****
2026-04-14 13:02:50,360 - INFO - ***RR NOT FOUND***
2026-04-14 13:02:50,386 - INFO - Iteracja 4: condition_best: inflation <= 13.15, quality_best: 0.655, coverage_best: (p=286, n=7, P=526, N=99)
2026-04-14 13:02:50,386 - INFO - Regula po iteracji 4: IF unemployment <= 2.55 AND representation >= 23.50 AND inflation >= -1.45 AND inflation <= 13.65 AND inflation <= 13.15 THEN class = {140.32} [-262.39, 543.03], (p=286, n=7, P=526, N=99)
2026-04-14 13:02:50,386 - INFO - *****GROWING RR RULE*****
2026-04-14 13:02:50,491 - INFO - Iteracja 0: condition_best: None, quality_best: -inf, coverage_best: (p=0, n=0, P=0, N=0), p_value: 0
2026-04-14 13:02:50,491 - INFO - Regula po iteracji 0: IF  THEN class = {302.30} [-257.91, 862.51], (p=574, n=51, P=574, N=51)
2026-04-14 13:02:50,491 - INFO - *****STOP GROWING RR RULE*****
2026-04-14 13:02:50,491 - INFO - ***RR NOT FOUND***
2026-04-14 13:02:50,491 - INFO - *******STOP GROWING CR RULE*******
2026-04-14 13:02:50,494 - INFO - *******GROWING CR RULE*******
2026-04-14 13:02:50,556 - INFO - Iteracja 0: condition_best: unemployment <= 2.85, quality_best: 0.57, coverage_best: (p=338, n=12, P=552, N=73)
2026-04-14 13:02:50,556 - INFO - Regula po iteracji 0: IF unemployment <= 2.85 THEN class = {181.48} [-352.50, 715.46], (p=338, n=12, P=552, N=73)
2026-04-14 13:02:50,556 - INFO - *****GROWING RR RULE*****
2026-04-14 13:02:50,661 - INFO - Iteracja 0: condition_best: None, quality_best: -inf, coverage_best: (p=0, n=0, P=0, N=0), p_value: 0
2026-04-14 13:02:50,661 - INFO - Regula po iteracji 0: IF  THEN class = {302.30} [-257.91, 862.51], (p=574, n=51, P=574, N=51)
2026-04-14 13:02:50,661 - INFO - *****STOP GROWING RR RULE*****
2026-04-14 13:02:50,661 - INFO - ***RR NOT FOUND***
2026-04-14 13:02:50,691 - INFO - Iteracja 1: condition_best: inflation <= 9.25, quality_best: 0.633, coverage_best: (p=288, n=8, P=531, N=94)
2026-04-14 13:02:50,691 - INFO - Regula po iteracji 1: IF unemployment <= 2.85 AND inflation <= 9.25 THEN class = {139.83} [-303.89, 583.54], (p=288, n=8, P=531, N=94)
2026-04-14 13:02:50,692 - INFO - *****GROWING RR RULE*****
2026-04-14 13:02:50,796 - INFO - Iteracja 0: condition_best: None, quality_best: -inf, coverage_best: (p=0, n=0, P=0, N=0), p_value: 0
2026-04-14 13:02:50,797 - INFO - Regula po iteracji 0: IF  THEN class = {302.30} [-257.91, 862.51], (p=574, n=51, P=574, N=51)
2026-04-14 13:02:50,797 - INFO - *****STOP GROWING RR RULE*****
2026-04-14 13:02:50,797 - INFO - ***RR NOT FOUND***
2026-04-14 13:02:50,820 - INFO - Iteracja 2: condition_best: inflation >= -1.45, quality_best: 0.648, coverage_best: (p=287, n=7, P=531, N=94)
2026-04-14 13:02:50,820 - INFO - Regula po iteracji 2: IF unemployment <= 2.85 AND inflation <= 9.25 AND inflation >= -1.45 THEN class = {137.08} [-306.35, 580.51], (p=287, n=7, P=531, N=94)
2026-04-14 13:02:50,821 - INFO - *****GROWING RR RULE*****
2026-04-14 13:02:50,926 - INFO - Iteracja 0: condition_best: None, quality_best: -inf, coverage_best: (p=0, n=0, P=0, N=0), p_value: 0
2026-04-14 13:02:50,926 - INFO - Regula po iteracji 0: IF  THEN class = {302.30} [-257.91, 862.51], (p=574, n=51, P=574, N=51)
2026-04-14 13:02:50,926 - INFO - *****STOP GROWING RR RULE*****
2026-04-14 13:02:50,926 - INFO - ***RR NOT FOUND***
2026-04-14 13:02:50,953 - INFO - Iteracja 3: condition_best: year >= 1,952.50, quality_best: 0.657, coverage_best: (p=280, n=6, P=531, N=94)
2026-04-14 13:02:50,953 - INFO - Regula po iteracji 3: IF unemployment <= 2.85 AND inflation <= 9.25 AND inflation >= -1.45 AND year >= 1,952.50 THEN class = {135.94} [-310.08, 581.95], (p=280, n=6, P=531, N=94)
2026-04-14 13:02:50,953 - INFO - *****GROWING RR RULE*****
2026-04-14 13:02:51,059 - INFO - Iteracja 0: condition_best: None, quality_best: -inf, coverage_best: (p=0, n=0, P=0, N=0), p_value: 0
2026-04-14 13:02:51,059 - INFO - Regula po iteracji 0: IF  THEN class = {302.30} [-257.91, 862.51], (p=574, n=51, P=574, N=51)
2026-04-14 13:02:51,059 - INFO - *****STOP GROWING RR RULE*****
2026-04-14 13:02:51,059 - INFO - ***RR NOT FOUND***
2026-04-14 13:02:51,083 - INFO - Iteracja 4: condition_best: representation <= 52.50, quality_best: 0.656, coverage_best: (p=264, n=5, P=531, N=94)
2026-04-14 13:02:51,083 - INFO - Regula po iteracji 4: IF unemployment <= 2.85 AND inflation <= 9.25 AND inflation >= -1.45 AND year >= 1,952.50 AND representation <= 52.50 THEN class = {131.63} [-324.70, 587.95], (p=264, n=5, P=531, N=94)
2026-04-14 13:02:51,083 - INFO - *****GROWING RR RULE*****
2026-04-14 13:02:51,188 - INFO - Iteracja 0: condition_best: None, quality_best: -inf, coverage_best: (p=0, n=0, P=0, N=0), p_value: 0
2026-04-14 13:02:51,188 - INFO - Regula po iteracji 0: IF  THEN class = {302.30} [-257.91, 862.51], (p=574, n=51, P=574, N=51)
2026-04-14 13:02:51,188 - INFO - *****STOP GROWING RR RULE*****
2026-04-14 13:02:51,188 - INFO - ***RR NOT FOUND***
2026-04-14 13:02:51,189 - INFO - *******STOP GROWING CR RULE*******
2026-04-14 13:02:51,191 - INFO - *******GROWING CR RULE*******
2026-04-14 13:02:51,254 - INFO - Iteracja 0: condition_best: unemployment <= 2.85, quality_best: 0.57, coverage_best: (p=338, n=12, P=552, N=73)
2026-04-14 13:02:51,254 - INFO - Regula po iteracji 0: IF unemployment <= 2.85 THEN class = {181.48} [-352.50, 715.46], (p=338, n=12, P=552, N=73)
2026-04-14 13:02:51,254 - INFO - *****GROWING RR RULE*****
2026-04-14 13:02:51,358 - INFO - Iteracja 0: condition_best: None, quality_best: -inf, coverage_best: (p=0, n=0, P=0, N=0), p_value: 0
2026-04-14 13:02:51,358 - INFO - Regula po iteracji 0: IF  THEN class = {302.30} [-257.91, 862.51], (p=574, n=51, P=574, N=51)
2026-04-14 13:02:51,358 - INFO - *****STOP GROWING RR RULE*****
2026-04-14 13:02:51,359 - INFO - ***RR NOT FOUND***
2026-04-14 13:02:51,389 - INFO - Iteracja 1: condition_best: inflation <= 10.95, quality_best: 0.618, coverage_best: (p=304, n=10, P=532, N=93)
2026-04-14 13:02:51,389 - INFO - Regula po iteracji 1: IF unemployment <= 2.85 AND inflation <= 10.95 THEN class = {145.34} [-299.97, 590.65], (p=304, n=10, P=532, N=93)
2026-04-14 13:02:51,389 - INFO - *****GROWING RR RULE*****
2026-04-14 13:02:51,494 - INFO - Iteracja 0: condition_best: None, quality_best: -inf, coverage_best: (p=0, n=0, P=0, N=0), p_value: 0
2026-04-14 13:02:51,494 - INFO - Regula po iteracji 0: IF  THEN class = {302.30} [-257.91, 862.51], (p=574, n=51, P=574, N=51)
2026-04-14 13:02:51,494 - INFO - *****STOP GROWING RR RULE*****
2026-04-14 13:02:51,494 - INFO - ***RR NOT FOUND***
2026-04-14 13:02:51,520 - INFO - Iteracja 2: condition_best: inflation >= -1.45, quality_best: 0.635, coverage_best: (p=303, n=9, P=531, N=94)
2026-04-14 13:02:51,520 - INFO - Regula po iteracji 2: IF unemployment <= 2.85 AND inflation <= 10.95 AND inflation >= -1.45 THEN class = {142.78} [-302.30, 587.87], (p=303, n=9, P=531, N=94)
2026-04-14 13:02:51,520 - INFO - *****GROWING RR RULE*****
2026-04-14 13:02:51,625 - INFO - Iteracja 0: condition_best: None, quality_best: -inf, coverage_best: (p=0, n=0, P=0, N=0), p_value: 0
2026-04-14 13:02:51,626 - INFO - Regula po iteracji 0: IF  THEN class = {302.30} [-257.91, 862.51], (p=574, n=51, P=574, N=51)
2026-04-14 13:02:51,626 - INFO - *****STOP GROWING RR RULE*****
2026-04-14 13:02:51,626 - INFO - ***RR NOT FOUND***
2026-04-14 13:02:51,651 - INFO - Iteracja 3: condition_best: inflation <= 10.75, quality_best: 0.633, coverage_best: (p=302, n=9, P=531, N=94)
2026-04-14 13:02:51,651 - INFO - Regula po iteracji 3: IF unemployment <= 2.85 AND inflation <= 10.95 AND inflation >= -1.45 AND inflation <= 10.75 THEN class = {143.04} [-302.74, 588.82], (p=302, n=9, P=531, N=94)
2026-04-14 13:02:51,652 - INFO - *****GROWING RR RULE*****
2026-04-14 13:02:51,757 - INFO - Iteracja 0: condition_best: None, quality_best: -inf, coverage_best: (p=0, n=0, P=0, N=0), p_value: 0
2026-04-14 13:02:51,757 - INFO - Regula po iteracji 0: IF  THEN class = {302.30} [-257.91, 862.51], (p=574, n=51, P=574, N=51)
2026-04-14 13:02:51,757 - INFO - *****STOP GROWING RR RULE*****
2026-04-14 13:02:51,757 - INFO - ***RR NOT FOUND***
2026-04-14 13:02:51,783 - INFO - Iteracja 4: condition_best: inflation <= 10.55, quality_best: 0.63, coverage_best: (p=301, n=9, P=532, N=93)
2026-04-14 13:02:51,783 - INFO - Regula po iteracji 4: IF unemployment <= 2.85 AND inflation <= 10.95 AND inflation >= -1.45 AND inflation <= 10.75 AND inflation <= 10.55 THEN class = {143.37} [-303.08, 589.83], (p=301, n=9, P=532, N=93)
2026-04-14 13:02:51,783 - INFO - *****GROWING RR RULE*****
2026-04-14 13:02:51,888 - INFO - Iteracja 0: condition_best: None, quality_best: -inf, coverage_best: (p=0, n=0, P=0, N=0), p_value: 0
2026-04-14 13:02:51,888 - INFO - Regula po iteracji 0: IF  THEN class = {302.30} [-257.91, 862.51], (p=574, n=51, P=574, N=51)
2026-04-14 13:02:51,888 - INFO - *****STOP GROWING RR RULE*****
2026-04-14 13:02:51,888 - INFO - ***RR NOT FOUND***
2026-04-14 13:02:51,888 - INFO - *******STOP GROWING CR RULE*******
2026-04-14 13:02:51,890 - INFO - *******GROWING CR RULE*******
2026-04-14 13:02:51,953 - INFO - Iteracja 0: condition_best: country = {2}, quality_best: 0.543, coverage_best: (p=34, n=1, P=244, N=381)
2026-04-14 13:02:51,953 - INFO - Regula po iteracji 0: IF country = {2} THEN class = {25.60} [-21.77, 72.97], (p=34, n=1, P=244, N=381)
2026-04-14 13:02:51,953 - INFO - *****GROWING RR RULE*****
2026-04-14 13:02:52,052 - INFO - Iteracja 0: condition_best: None, quality_best: -inf, coverage_best: (p=0, n=0, P=0, N=0), p_value: 0
2026-04-14 13:02:52,052 - INFO - Regula po iteracji 0: IF  THEN class = {302.30} [-257.91, 862.51], (p=574, n=51, P=574, N=51)
2026-04-14 13:02:52,052 - INFO - *****STOP GROWING RR RULE*****
2026-04-14 13:02:52,052 - INFO - ***RR NOT FOUND***
2026-04-14 13:02:52,062 - INFO - Iteracja 1: condition_best: unemployment >= 1.05, quality_best: 0.54, coverage_best: (p=33, n=1, P=244, N=381)
2026-04-14 13:02:52,062 - INFO - Regula po iteracji 1: IF country = {2} AND unemployment >= 1.05 THEN class = {24.56} [-23.11, 72.23], (p=33, n=1, P=244, N=381)
2026-04-14 13:02:52,063 - INFO - *****GROWING RR RULE*****
2026-04-14 13:02:52,161 - INFO - Iteracja 0: condition_best: None, quality_best: -inf, coverage_best: (p=0, n=0, P=0, N=0), p_value: 0
2026-04-14 13:02:52,162 - INFO - Regula po iteracji 0: IF  THEN class = {302.30} [-257.91, 862.51], (p=574, n=51, P=574, N=51)
2026-04-14 13:02:52,162 - INFO - *****STOP GROWING RR RULE*****
2026-04-14 13:02:52,162 - INFO - ***RR NOT FOUND***
2026-04-14 13:02:52,170 - INFO - Iteracja 2: condition_best: year >= 1,951.50, quality_best: 0.537, coverage_best: (p=32, n=1, P=244, N=381)
2026-04-14 13:02:52,170 - INFO - Regula po iteracji 2: IF country = {2} AND unemployment >= 1.05 AND year >= 1,951.50 THEN class = {24.00} [-24.27, 72.27], (p=32, n=1, P=244, N=381)
2026-04-14 13:02:52,171 - INFO - *****GROWING RR RULE*****
2026-04-14 13:02:52,270 - INFO - Iteracja 0: condition_best: None, quality_best: -inf, coverage_best: (p=0, n=0, P=0, N=0), p_value: 0
2026-04-14 13:02:52,270 - INFO - Regula po iteracji 0: IF  THEN class = {302.30} [-257.91, 862.51], (p=574, n=51, P=574, N=51)
2026-04-14 13:02:52,270 - INFO - *****STOP GROWING RR RULE*****
2026-04-14 13:02:52,270 - INFO - ***RR NOT FOUND***
2026-04-14 13:02:52,279 - INFO - Iteracja 3: condition_best: year >= 1,952.50, quality_best: 0.535, coverage_best: (p=31, n=1, P=244, N=381)
2026-04-14 13:02:52,279 - INFO - Regula po iteracji 3: IF country = {2} AND unemployment >= 1.05 AND year >= 1,951.50 AND year >= 1,952.50 THEN class = {23.53} [-25.42, 72.48], (p=31, n=1, P=244, N=381)
2026-04-14 13:02:52,279 - INFO - *****GROWING RR RULE*****
2026-04-14 13:02:52,378 - INFO - Iteracja 0: condition_best: None, quality_best: -inf, coverage_best: (p=0, n=0, P=0, N=0), p_value: 0
2026-04-14 13:02:52,378 - INFO - Regula po iteracji 0: IF  THEN class = {302.30} [-257.91, 862.51], (p=574, n=51, P=574, N=51)
2026-04-14 13:02:52,378 - INFO - *****STOP GROWING RR RULE*****
2026-04-14 13:02:52,378 - INFO - ***RR NOT FOUND***
2026-04-14 13:02:52,387 - INFO - Iteracja 4: condition_best: year <= 1,984.50, quality_best: 0.531, coverage_best: (p=30, n=1, P=246, N=379)
2026-04-14 13:02:52,387 - INFO - Regula po iteracji 4: IF country = {2} AND unemployment >= 1.05 AND year >= 1,951.50 AND year >= 1,952.50 AND year <= 1,984.50 THEN class = {24.03} [-25.62, 73.68], (p=30, n=1, P=246, N=379)
2026-04-14 13:02:52,387 - INFO - *****GROWING RR RULE*****
2026-04-14 13:02:52,486 - INFO - Iteracja 0: condition_best: None, quality_best: -inf, coverage_best: (p=0, n=0, P=0, N=0), p_value: 0
2026-04-14 13:02:52,487 - INFO - Regula po iteracji 0: IF  THEN class = {302.30} [-257.91, 862.51], (p=574, n=51, P=574, N=51)
2026-04-14 13:02:52,487 - INFO - *****STOP GROWING RR RULE*****
2026-04-14 13:02:52,487 - INFO - ***RR NOT FOUND***
2026-04-14 13:02:52,487 - INFO - *******STOP GROWING CR RULE*******
2026-04-14 13:02:52,489 - INFO - *******GROWING CR RULE*******
2026-04-14 13:02:52,550 - INFO - Iteracja 0: condition_best: unemployment <= 3.05, quality_best: 0.47, coverage_best: (p=344, n=13, P=570, N=55)
2026-04-14 13:02:52,550 - INFO - Regula po iteracji 0: IF unemployment <= 3.05 THEN class = {200.94} [-410.96, 812.83], (p=344, n=13, P=570, N=55)
2026-04-14 13:02:52,550 - INFO - *****GROWING RR RULE*****
2026-04-14 13:02:52,668 - INFO - Iteracja 0: condition_best: None, quality_best: -inf, coverage_best: (p=0, n=0, P=0, N=0), p_value: 0
2026-04-14 13:02:52,668 - INFO - Regula po iteracji 0: IF  THEN class = {302.30} [-257.91, 862.51], (p=574, n=51, P=574, N=51)
2026-04-14 13:02:52,668 - INFO - *****STOP GROWING RR RULE*****
2026-04-14 13:02:52,668 - INFO - ***RR NOT FOUND***
2026-04-14 13:02:52,699 - INFO - Iteracja 1: condition_best: year >= 1,957.50, quality_best: 0.598, coverage_best: (p=272, n=8, P=538, N=87)
2026-04-14 13:02:52,699 - INFO - Regula po iteracji 1: IF unemployment <= 3.05 AND year >= 1,957.50 THEN class = {149.93} [-315.62, 615.48], (p=272, n=8, P=538, N=87)
2026-04-14 13:02:52,699 - INFO - *****GROWING RR RULE*****
2026-04-14 13:02:52,804 - INFO - Iteracja 0: condition_best: None, quality_best: -inf, coverage_best: (p=0, n=0, P=0, N=0), p_value: 0
2026-04-14 13:02:52,804 - INFO - Regula po iteracji 0: IF  THEN class = {302.30} [-257.91, 862.51], (p=574, n=51, P=574, N=51)
2026-04-14 13:02:52,804 - INFO - *****STOP GROWING RR RULE*****
2026-04-14 13:02:52,804 - INFO - ***RR NOT FOUND***
2026-04-14 13:02:52,830 - INFO - Iteracja 2: condition_best: inflation <= 14.85, quality_best: 0.616, coverage_best: (p=265, n=7, P=534, N=91)
2026-04-14 13:02:52,830 - INFO - Regula po iteracji 2: IF unemployment <= 3.05 AND year >= 1,957.50 AND inflation <= 14.85 THEN class = {141.43} [-324.35, 607.22], (p=265, n=7, P=534, N=91)
2026-04-14 13:02:52,831 - INFO - *****GROWING RR RULE*****
2026-04-14 13:02:52,935 - INFO - Iteracja 0: condition_best: None, quality_best: -inf, coverage_best: (p=0, n=0, P=0, N=0), p_value: 0
2026-04-14 13:02:52,935 - INFO - Regula po iteracji 0: IF  THEN class = {302.30} [-257.91, 862.51], (p=574, n=51, P=574, N=51)
2026-04-14 13:02:52,935 - INFO - *****STOP GROWING RR RULE*****
2026-04-14 13:02:52,935 - INFO - ***RR NOT FOUND***
2026-04-14 13:02:52,959 - INFO - Iteracja 3: condition_best: inflation >= 0.75, quality_best: 0.623, coverage_best: (p=260, n=6, P=537, N=88)
2026-04-14 13:02:52,959 - INFO - Regula po iteracji 3: IF unemployment <= 3.05 AND year >= 1,957.50 AND inflation <= 14.85 AND inflation >= 0.75 THEN class = {141.44} [-329.27, 612.14], (p=260, n=6, P=537, N=88)
2026-04-14 13:02:52,960 - INFO - *****GROWING RR RULE*****
2026-04-14 13:02:53,065 - INFO - Iteracja 0: condition_best: None, quality_best: -inf, coverage_best: (p=0, n=0, P=0, N=0), p_value: 0
2026-04-14 13:02:53,065 - INFO - Regula po iteracji 0: IF  THEN class = {302.30} [-257.91, 862.51], (p=574, n=51, P=574, N=51)
2026-04-14 13:02:53,065 - INFO - *****STOP GROWING RR RULE*****
2026-04-14 13:02:53,065 - INFO - ***RR NOT FOUND***
2026-04-14 13:02:53,088 - INFO - Iteracja 4: condition_best: inflation <= 14.50, quality_best: 0.622, coverage_best: (p=259, n=6, P=537, N=88)
2026-04-14 13:02:53,089 - INFO - Regula po iteracji 4: IF unemployment <= 3.05 AND year >= 1,957.50 AND inflation <= 14.85 AND inflation >= 0.75 AND inflation <= 14.50 THEN class = {141.12} [-330.44, 612.68], (p=259, n=6, P=537, N=88)
2026-04-14 13:02:53,089 - INFO - *****GROWING RR RULE*****
2026-04-14 13:02:53,193 - INFO - Iteracja 0: condition_best: None, quality_best: -inf, coverage_best: (p=0, n=0, P=0, N=0), p_value: 0
2026-04-14 13:02:53,194 - INFO - Regula po iteracji 0: IF  THEN class = {302.30} [-257.91, 862.51], (p=574, n=51, P=574, N=51)
2026-04-14 13:02:53,194 - INFO - *****STOP GROWING RR RULE*****
2026-04-14 13:02:53,194 - INFO - ***RR NOT FOUND***
2026-04-14 13:02:53,194 - INFO - *******STOP GROWING CR RULE*******
2026-04-14 13:02:53,196 - INFO - *******GROWING CR RULE*******
2026-04-14 13:02:53,257 - INFO - Iteracja 0: condition_best: unemployment <= 3.05, quality_best: 0.47, coverage_best: (p=344, n=13, P=570, N=55)
2026-04-14 13:02:53,258 - INFO - Regula po iteracji 0: IF unemployment <= 3.05 THEN class = {200.94} [-410.96, 812.83], (p=344, n=13, P=570, N=55)
2026-04-14 13:02:53,258 - INFO - *****GROWING RR RULE*****
2026-04-14 13:02:53,375 - INFO - Iteracja 0: condition_best: None, quality_best: -inf, coverage_best: (p=0, n=0, P=0, N=0), p_value: 0
2026-04-14 13:02:53,375 - INFO - Regula po iteracji 0: IF  THEN class = {302.30} [-257.91, 862.51], (p=574, n=51, P=574, N=51)
2026-04-14 13:02:53,375 - INFO - *****STOP GROWING RR RULE*****
2026-04-14 13:02:53,376 - INFO - ***RR NOT FOUND***
2026-04-14 13:02:53,406 - INFO - Iteracja 1: condition_best: representation >= 23.50, quality_best: 0.593, coverage_best: (p=331, n=11, P=548, N=77)
2026-04-14 13:02:53,406 - INFO - Regula po iteracji 1: IF unemployment <= 3.05 AND representation >= 23.50 THEN class = {178.00} [-322.74, 678.74], (p=331, n=11, P=548, N=77)
2026-04-14 13:02:53,407 - INFO - *****GROWING RR RULE*****
2026-04-14 13:02:53,522 - INFO - Iteracja 0: condition_best: None, quality_best: -inf, coverage_best: (p=0, n=0, P=0, N=0), p_value: 0
2026-04-14 13:02:53,522 - INFO - Regula po iteracji 0: IF  THEN class = {302.30} [-257.91, 862.51], (p=574, n=51, P=574, N=51)
2026-04-14 13:02:53,522 - INFO - *****STOP GROWING RR RULE*****
2026-04-14 13:02:53,522 - INFO - ***RR NOT FOUND***
2026-04-14 13:02:53,552 - INFO - Iteracja 2: condition_best: inflation >= -1.45, quality_best: 0.61, coverage_best: (p=330, n=10, P=548, N=77)
2026-04-14 13:02:53,552 - INFO - Regula po iteracji 2: IF unemployment <= 3.05 AND representation >= 23.50 AND inflation >= -1.45 THEN class = {175.85} [-325.17, 676.86], (p=330, n=10, P=548, N=77)
2026-04-14 13:02:53,552 - INFO - *****GROWING RR RULE*****
2026-04-14 13:02:53,666 - INFO - Iteracja 0: condition_best: None, quality_best: -inf, coverage_best: (p=0, n=0, P=0, N=0), p_value: 0
2026-04-14 13:02:53,666 - INFO - Regula po iteracji 0: IF  THEN class = {302.30} [-257.91, 862.51], (p=574, n=51, P=574, N=51)
2026-04-14 13:02:53,667 - INFO - *****STOP GROWING RR RULE*****
2026-04-14 13:02:53,667 - INFO - ***RR NOT FOUND***
2026-04-14 13:02:53,696 - INFO - Iteracja 3: condition_best: year >= 1,951.50, quality_best: 0.623, coverage_best: (p=321, n=9, P=546, N=79)
2026-04-14 13:02:53,696 - INFO - Regula po iteracji 3: IF unemployment <= 3.05 AND representation >= 23.50 AND inflation >= -1.45 AND year >= 1,951.50 THEN class = {169.20} [-323.09, 661.49], (p=321, n=9, P=546, N=79)
2026-04-14 13:02:53,697 - INFO - *****GROWING RR RULE*****
2026-04-14 13:02:53,808 - INFO - Iteracja 0: condition_best: None, quality_best: -inf, coverage_best: (p=0, n=0, P=0, N=0), p_value: 0
2026-04-14 13:02:53,809 - INFO - Regula po iteracji 0: IF  THEN class = {302.30} [-257.91, 862.51], (p=574, n=51, P=574, N=51)
2026-04-14 13:02:53,809 - INFO - *****STOP GROWING RR RULE*****
2026-04-14 13:02:53,809 - INFO - ***RR NOT FOUND***
2026-04-14 13:02:53,837 - INFO - Iteracja 4: condition_best: unemployment <= 2.95, quality_best: 0.621, coverage_best: (p=320, n=9, P=546, N=79)
2026-04-14 13:02:53,837 - INFO - Regula po iteracji 4: IF unemployment <= 3.05 AND representation >= 23.50 AND inflation >= -1.45 AND year >= 1,951.50 AND unemployment <= 2.95 THEN class = {169.53} [-323.47, 662.53], (p=320, n=9, P=546, N=79)
2026-04-14 13:02:53,838 - INFO - *****GROWING RR RULE*****
2026-04-14 13:02:53,951 - INFO - Iteracja 0: condition_best: None, quality_best: -inf, coverage_best: (p=0, n=0, P=0, N=0), p_value: 0
2026-04-14 13:02:53,951 - INFO - Regula po iteracji 0: IF  THEN class = {302.30} [-257.91, 862.51], (p=574, n=51, P=574, N=51)
2026-04-14 13:02:53,951 - INFO - *****STOP GROWING RR RULE*****
2026-04-14 13:02:53,951 - INFO - ***RR NOT FOUND***
2026-04-14 13:02:53,951 - INFO - *******STOP GROWING CR RULE*******
2026-04-14 13:02:53,953 - INFO - *******GROWING CR RULE*******
2026-04-14 13:02:54,015 - INFO - Iteracja 0: condition_best: unemployment <= 3.25, quality_best: 0.454, coverage_best: (p=350, n=14, P=570, N=55)
2026-04-14 13:02:54,015 - INFO - Regula po iteracji 0: IF unemployment <= 3.25 THEN class = {202.31} [-405.88, 810.50], (p=350, n=14, P=570, N=55)
2026-04-14 13:02:54,015 - INFO - *****GROWING RR RULE*****
2026-04-14 13:02:54,129 - INFO - Iteracja 0: condition_best: None, quality_best: -inf, coverage_best: (p=0, n=0, P=0, N=0), p_value: 0
2026-04-14 13:02:54,129 - INFO - Regula po iteracji 0: IF  THEN class = {302.30} [-257.91, 862.51], (p=574, n=51, P=574, N=51)
2026-04-14 13:02:54,129 - INFO - *****STOP GROWING RR RULE*****
2026-04-14 13:02:54,129 - INFO - ***RR NOT FOUND***
2026-04-14 13:02:54,160 - INFO - Iteracja 1: condition_best: year >= 1,952.50, quality_best: 0.588, coverage_best: (p=330, n=11, P=549, N=76)
2026-04-14 13:02:54,160 - INFO - Regula po iteracji 1: IF unemployment <= 3.25 AND year >= 1,952.50 THEN class = {175.12} [-351.20, 701.45], (p=330, n=11, P=549, N=76)
2026-04-14 13:02:54,161 - INFO - *****GROWING RR RULE*****
2026-04-14 13:02:54,265 - INFO - Iteracja 0: condition_best: None, quality_best: -inf, coverage_best: (p=0, n=0, P=0, N=0), p_value: 0
2026-04-14 13:02:54,265 - INFO - Regula po iteracji 0: IF  THEN class = {302.30} [-257.91, 862.51], (p=574, n=51, P=574, N=51)
2026-04-14 13:02:54,265 - INFO - *****STOP GROWING RR RULE*****
2026-04-14 13:02:54,265 - INFO - ***RR NOT FOUND***
2026-04-14 13:02:54,294 - INFO - Iteracja 2: condition_best: inflation >= -1.45, quality_best: 0.606, coverage_best: (p=329, n=10, P=549, N=76)
2026-04-14 13:02:54,294 - INFO - Regula po iteracji 2: IF unemployment <= 3.25 AND year >= 1,952.50 AND inflation >= -1.45 THEN class = {172.95} [-353.78, 699.67], (p=329, n=10, P=549, N=76)
2026-04-14 13:02:54,294 - INFO - *****GROWING RR RULE*****
2026-04-14 13:02:54,399 - INFO - Iteracja 0: condition_best: None, quality_best: -inf, coverage_best: (p=0, n=0, P=0, N=0), p_value: 0
2026-04-14 13:02:54,399 - INFO - Regula po iteracji 0: IF  THEN class = {302.30} [-257.91, 862.51], (p=574, n=51, P=574, N=51)
2026-04-14 13:02:54,399 - INFO - *****STOP GROWING RR RULE*****
2026-04-14 13:02:54,399 - INFO - ***RR NOT FOUND***
2026-04-14 13:02:54,428 - INFO - Iteracja 3: condition_best: representation >= 22.00, quality_best: 0.613, coverage_best: (p=314, n=12, P=526, N=99)
2026-04-14 13:02:54,428 - INFO - Regula po iteracji 3: IF unemployment <= 3.25 AND year >= 1,952.50 AND inflation >= -1.45 AND representation >= 22.00 THEN class = {151.14} [-226.83, 529.11], (p=314, n=12, P=526, N=99)
2026-04-14 13:02:54,428 - INFO - *****GROWING RR RULE*****
2026-04-14 13:02:54,533 - INFO - Iteracja 0: condition_best: None, quality_best: -inf, coverage_best: (p=0, n=0, P=0, N=0), p_value: 0
2026-04-14 13:02:54,533 - INFO - Regula po iteracji 0: IF  THEN class = {302.30} [-257.91, 862.51], (p=574, n=51, P=574, N=51)
2026-04-14 13:02:54,533 - INFO - *****STOP GROWING RR RULE*****
2026-04-14 13:02:54,533 - INFO - ***RR NOT FOUND***
2026-04-14 13:02:54,562 - INFO - Iteracja 4: condition_best: year >= 1,953.50, quality_best: 0.615, coverage_best: (p=304, n=11, P=526, N=99)
2026-04-14 13:02:54,562 - INFO - Regula po iteracji 4: IF unemployment <= 3.25 AND year >= 1,952.50 AND inflation >= -1.45 AND representation >= 22.00 AND year >= 1,953.50 THEN class = {149.88} [-233.23, 532.99], (p=304, n=11, P=526, N=99)
2026-04-14 13:02:54,562 - INFO - *****GROWING RR RULE*****
2026-04-14 13:02:54,666 - INFO - Iteracja 0: condition_best: None, quality_best: -inf, coverage_best: (p=0, n=0, P=0, N=0), p_value: 0
2026-04-14 13:02:54,667 - INFO - Regula po iteracji 0: IF  THEN class = {302.30} [-257.91, 862.51], (p=574, n=51, P=574, N=51)
2026-04-14 13:02:54,667 - INFO - *****STOP GROWING RR RULE*****
2026-04-14 13:02:54,667 - INFO - ***RR NOT FOUND***
2026-04-14 13:02:54,667 - INFO - *******STOP GROWING CR RULE*******
2026-04-14 13:02:54,669 - INFO - *******GROWING CR RULE*******
2026-04-14 13:02:54,730 - INFO - Iteracja 0: condition_best: country = {12}, quality_best: 0.439, coverage_best: (p=30, n=5, P=228, N=397)
2026-04-14 13:02:54,731 - INFO - Regula po iteracji 0: IF country = {12} THEN class = {26.11} [-8.66, 60.89], (p=30, n=5, P=228, N=397)
2026-04-14 13:02:54,731 - INFO - *****GROWING RR RULE*****
2026-04-14 13:02:54,831 - INFO - Iteracja 0: condition_best: None, quality_best: -inf, coverage_best: (p=0, n=0, P=0, N=0), p_value: 0
2026-04-14 13:02:54,831 - INFO - Regula po iteracji 0: IF  THEN class = {302.30} [-257.91, 862.51], (p=574, n=51, P=574, N=51)
2026-04-14 13:02:54,831 - INFO - *****STOP GROWING RR RULE*****
2026-04-14 13:02:54,831 - INFO - ***RR NOT FOUND***
2026-04-14 13:02:54,841 - INFO - Iteracja 1: condition_best: inflation >= 5.00, quality_best: 0.482, coverage_best: (p=15, n=1, P=224, N=401)
2026-04-14 13:02:54,841 - INFO - Regula po iteracji 1: IF country = {12} AND inflation >= 5.00 THEN class = {24.38} [-10.03, 58.78], (p=15, n=1, P=224, N=401)
2026-04-14 13:02:54,842 - INFO - *****GROWING RR RULE*****
2026-04-14 13:02:54,942 - INFO - Iteracja 0: condition_best: None, quality_best: -inf, coverage_best: (p=0, n=0, P=0, N=0), p_value: 0
2026-04-14 13:02:54,942 - INFO - Regula po iteracji 0: IF  THEN class = {302.30} [-257.91, 862.51], (p=574, n=51, P=574, N=51)
2026-04-14 13:02:54,942 - INFO - *****STOP GROWING RR RULE*****
2026-04-14 13:02:54,942 - INFO - ***RR NOT FOUND***
2026-04-14 13:02:54,948 - INFO - Iteracja 2: condition_best: year <= 1,981.50, quality_best: 0.477, coverage_best: (p=14, n=1, P=222, N=403)
2026-04-14 13:02:54,948 - INFO - Regula po iteracji 2: IF country = {12} AND inflation >= 5.00 AND year <= 1,981.50 THEN class = {22.73} [-12.19, 57.66], (p=14, n=1, P=222, N=403)
2026-04-14 13:02:54,948 - INFO - *****GROWING RR RULE*****
2026-04-14 13:02:55,048 - INFO - Iteracja 0: condition_best: None, quality_best: -inf, coverage_best: (p=0, n=0, P=0, N=0), p_value: 0
2026-04-14 13:02:55,048 - INFO - Regula po iteracji 0: IF  THEN class = {302.30} [-257.91, 862.51], (p=574, n=51, P=574, N=51)
2026-04-14 13:02:55,048 - INFO - *****STOP GROWING RR RULE*****
2026-04-14 13:02:55,048 - INFO - ***RR NOT FOUND***
2026-04-14 13:02:55,053 - INFO - Iteracja 3: condition_best: year >= 1,954.00, quality_best: 0.47, coverage_best: (p=13, n=1, P=224, N=401)
2026-04-14 13:02:55,053 - INFO - Regula po iteracji 3: IF country = {12} AND inflation >= 5.00 AND year <= 1,981.50 AND year >= 1,954.00 THEN class = {22.64} [-13.50, 58.79], (p=13, n=1, P=224, N=401)
2026-04-14 13:02:55,054 - INFO - *****GROWING RR RULE*****
2026-04-14 13:02:55,153 - INFO - Iteracja 0: condition_best: None, quality_best: -inf, coverage_best: (p=0, n=0, P=0, N=0), p_value: 0
2026-04-14 13:02:55,154 - INFO - Regula po iteracji 0: IF  THEN class = {302.30} [-257.91, 862.51], (p=574, n=51, P=574, N=51)
2026-04-14 13:02:55,154 - INFO - *****STOP GROWING RR RULE*****
2026-04-14 13:02:55,154 - INFO - ***RR NOT FOUND***
2026-04-14 13:02:55,158 - INFO - Iteracja 4: condition_best: year >= 1,960.50, quality_best: 0.462, coverage_best: (p=12, n=1, P=230, N=395)
2026-04-14 13:02:55,158 - INFO - Regula po iteracji 4: IF country = {12} AND inflation >= 5.00 AND year <= 1,981.50 AND year >= 1,954.00 AND year >= 1,960.50 THEN class = {24.23} [-12.81, 61.27], (p=12, n=1, P=230, N=395)
2026-04-14 13:02:55,159 - INFO - *****GROWING RR RULE*****
2026-04-14 13:02:55,260 - INFO - Iteracja 0: condition_best: None, quality_best: -inf, coverage_best: (p=0, n=0, P=0, N=0), p_value: 0
2026-04-14 13:02:55,260 - INFO - Regula po iteracji 0: IF  THEN class = {302.30} [-257.91, 862.51], (p=574, n=51, P=574, N=51)
2026-04-14 13:02:55,260 - INFO - *****STOP GROWING RR RULE*****
2026-04-14 13:02:55,260 - INFO - ***RR NOT FOUND***
2026-04-14 13:02:55,260 - INFO - *******STOP GROWING CR RULE*******
2026-04-14 13:02:55,262 - INFO - *******GROWING CR RULE*******
2026-04-14 13:02:55,323 - INFO - Iteracja 0: condition_best: country = {12}, quality_best: 0.439, coverage_best: (p=30, n=5, P=228, N=397)
2026-04-14 13:02:55,323 - INFO - Regula po iteracji 0: IF country = {12} THEN class = {26.11} [-8.66, 60.89], (p=30, n=5, P=228, N=397)
2026-04-14 13:02:55,324 - INFO - *****GROWING RR RULE*****
2026-04-14 13:02:55,424 - INFO - Iteracja 0: condition_best: None, quality_best: -inf, coverage_best: (p=0, n=0, P=0, N=0), p_value: 0
2026-04-14 13:02:55,424 - INFO - Regula po iteracji 0: IF  THEN class = {302.30} [-257.91, 862.51], (p=574, n=51, P=574, N=51)
2026-04-14 13:02:55,424 - INFO - *****STOP GROWING RR RULE*****
2026-04-14 13:02:55,424 - INFO - ***RR NOT FOUND***
2026-04-14 13:02:55,433 - INFO - Iteracja 1: condition_best: year >= 1,969.50, quality_best: 0.478, coverage_best: (p=15, n=1, P=239, N=386)
2026-04-14 13:02:55,433 - INFO - Regula po iteracji 1: IF country = {12} AND year >= 1,969.50 THEN class = {32.12} [-4.10, 68.35], (p=15, n=1, P=239, N=386)
2026-04-14 13:02:55,434 - INFO - *****GROWING RR RULE*****
2026-04-14 13:02:55,534 - INFO - Iteracja 0: condition_best: None, quality_best: -inf, coverage_best: (p=0, n=0, P=0, N=0), p_value: 0
2026-04-14 13:02:55,534 - INFO - Regula po iteracji 0: IF  THEN class = {302.30} [-257.91, 862.51], (p=574, n=51, P=574, N=51)
2026-04-14 13:02:55,534 - INFO - *****STOP GROWING RR RULE*****
2026-04-14 13:02:55,534 - INFO - ***RR NOT FOUND***
2026-04-14 13:02:55,539 - INFO - Iteracja 2: condition_best: year <= 1,984.50, quality_best: 0.471, coverage_best: (p=14, n=1, P=242, N=383)
2026-04-14 13:02:55,539 - INFO - Regula po iteracji 2: IF country = {12} AND year >= 1,969.50 AND year <= 1,984.50 THEN class = {33.00} [-4.25, 70.25], (p=14, n=1, P=242, N=383)
2026-04-14 13:02:55,540 - INFO - *****GROWING RR RULE*****
2026-04-14 13:02:55,640 - INFO - Iteracja 0: condition_best: None, quality_best: -inf, coverage_best: (p=0, n=0, P=0, N=0), p_value: 0
2026-04-14 13:02:55,640 - INFO - Regula po iteracji 0: IF  THEN class = {302.30} [-257.91, 862.51], (p=574, n=51, P=574, N=51)
2026-04-14 13:02:55,640 - INFO - *****STOP GROWING RR RULE*****
2026-04-14 13:02:55,640 - INFO - ***RR NOT FOUND***
2026-04-14 13:02:55,645 - INFO - Iteracja 3: condition_best: year >= 1,970.50, quality_best: 0.466, coverage_best: (p=13, n=1, P=239, N=386)
2026-04-14 13:02:55,645 - INFO - Regula po iteracji 3: IF country = {12} AND year >= 1,969.50 AND year <= 1,984.50 AND year >= 1,970.50 THEN class = {30.64} [-6.81, 68.10], (p=13, n=1, P=239, N=386)
2026-04-14 13:02:55,646 - INFO - *****GROWING RR RULE*****
2026-04-14 13:02:55,746 - INFO - Iteracja 0: condition_best: None, quality_best: -inf, coverage_best: (p=0, n=0, P=0, N=0), p_value: 0
2026-04-14 13:02:55,746 - INFO - Regula po iteracji 0: IF  THEN class = {302.30} [-257.91, 862.51], (p=574, n=51, P=574, N=51)
2026-04-14 13:02:55,746 - INFO - *****STOP GROWING RR RULE*****
2026-04-14 13:02:55,746 - INFO - ***RR NOT FOUND***
2026-04-14 13:02:55,751 - INFO - Iteracja 4: condition_best: year >= 1,971.50, quality_best: 0.459, coverage_best: (p=12, n=1, P=241, N=384)
2026-04-14 13:02:55,751 - INFO - Regula po iteracji 4: IF country = {12} AND year >= 1,969.50 AND year <= 1,984.50 AND year >= 1,970.50 AND year >= 1,971.50 THEN class = {31.08} [-7.76, 69.91], (p=12, n=1, P=241, N=384)
2026-04-14 13:02:55,752 - INFO - *****GROWING RR RULE*****
2026-04-14 13:02:55,852 - INFO - Iteracja 0: condition_best: None, quality_best: -inf, coverage_best: (p=0, n=0, P=0, N=0), p_value: 0
2026-04-14 13:02:55,852 - INFO - Regula po iteracji 0: IF  THEN class = {302.30} [-257.91, 862.51], (p=574, n=51, P=574, N=51)
2026-04-14 13:02:55,853 - INFO - *****STOP GROWING RR RULE*****
2026-04-14 13:02:55,853 - INFO - ***RR NOT FOUND***
2026-04-14 13:02:55,853 - INFO - *******STOP GROWING CR RULE*******
2026-04-14 13:02:55,855 - INFO - *******GROWING CR RULE*******
2026-04-14 13:02:55,916 - INFO - Iteracja 0: condition_best: country = {8}, quality_best: 0.436, coverage_best: (p=31, n=4, P=289, N=336)
2026-04-14 13:02:55,916 - INFO - Regula po iteracji 0: IF country = {8} THEN class = {43.83} [-19.65, 107.31], (p=31, n=4, P=289, N=336)
2026-04-14 13:02:55,916 - INFO - *****GROWING RR RULE*****
2026-04-14 13:02:56,017 - INFO - Iteracja 0: condition_best: None, quality_best: -inf, coverage_best: (p=0, n=0, P=0, N=0), p_value: 0
2026-04-14 13:02:56,017 - INFO - Regula po iteracji 0: IF  THEN class = {302.30} [-257.91, 862.51], (p=574, n=51, P=574, N=51)
2026-04-14 13:02:56,017 - INFO - *****STOP GROWING RR RULE*****
2026-04-14 13:02:56,017 - INFO - ***RR NOT FOUND***
2026-04-14 13:02:56,027 - INFO - Iteracja 1: condition_best: unemployment <= 4.30, quality_best: 0.473, coverage_best: (p=24, n=2, P=264, N=361)
2026-04-14 13:02:56,027 - INFO - Regula po iteracji 1: IF country = {8} AND unemployment <= 4.30 THEN class = {35.85} [-17.95, 89.64], (p=24, n=2, P=264, N=361)
2026-04-14 13:02:56,028 - INFO - *****GROWING RR RULE*****
2026-04-14 13:02:56,128 - INFO - Iteracja 0: condition_best: None, quality_best: -inf, coverage_best: (p=0, n=0, P=0, N=0), p_value: 0
2026-04-14 13:02:56,128 - INFO - Regula po iteracji 0: IF  THEN class = {302.30} [-257.91, 862.51], (p=574, n=51, P=574, N=51)
2026-04-14 13:02:56,128 - INFO - *****STOP GROWING RR RULE*****
2026-04-14 13:02:56,128 - INFO - ***RR NOT FOUND***
2026-04-14 13:02:56,135 - INFO - Iteracja 2: condition_best: year <= 1,979.50, quality_best: 0.467, coverage_best: (p=23, n=2, P=268, N=357)
2026-04-14 13:02:56,135 - INFO - Regula po iteracji 2: IF country = {8} AND unemployment <= 4.30 AND year <= 1,979.50 THEN class = {37.04} [-17.48, 91.56], (p=23, n=2, P=268, N=357)
2026-04-14 13:02:56,135 - INFO - *****GROWING RR RULE*****
2026-04-14 13:02:56,236 - INFO - Iteracja 0: condition_best: None, quality_best: -inf, coverage_best: (p=0, n=0, P=0, N=0), p_value: 0
2026-04-14 13:02:56,236 - INFO - Regula po iteracji 0: IF  THEN class = {302.30} [-257.91, 862.51], (p=574, n=51, P=574, N=51)
2026-04-14 13:02:56,236 - INFO - *****STOP GROWING RR RULE*****
2026-04-14 13:02:56,236 - INFO - ***RR NOT FOUND***
2026-04-14 13:02:56,243 - INFO - Iteracja 3: condition_best: year >= 1,955.50, quality_best: 0.462, coverage_best: (p=22, n=2, P=268, N=357)
2026-04-14 13:02:56,243 - INFO - Regula po iteracji 3: IF country = {8} AND unemployment <= 4.30 AND year <= 1,979.50 AND year >= 1,955.50 THEN class = {36.50} [-19.08, 92.08], (p=22, n=2, P=268, N=357)
2026-04-14 13:02:56,244 - INFO - *****GROWING RR RULE*****
2026-04-14 13:02:56,344 - INFO - Iteracja 0: condition_best: None, quality_best: -inf, coverage_best: (p=0, n=0, P=0, N=0), p_value: 0
2026-04-14 13:02:56,344 - INFO - Regula po iteracji 0: IF  THEN class = {302.30} [-257.91, 862.51], (p=574, n=51, P=574, N=51)
2026-04-14 13:02:56,344 - INFO - *****STOP GROWING RR RULE*****
2026-04-14 13:02:56,344 - INFO - ***RR NOT FOUND***
2026-04-14 13:02:56,351 - INFO - Iteracja 4: condition_best: year >= 1,956.50, quality_best: 0.459, coverage_best: (p=21, n=2, P=264, N=361)
2026-04-14 13:02:56,351 - INFO - Regula po iteracji 4: IF country = {8} AND unemployment <= 4.30 AND year <= 1,979.50 AND year >= 1,955.50 AND year >= 1,956.50 THEN class = {34.22} [-21.44, 89.88], (p=21, n=2, P=264, N=361)
2026-04-14 13:02:56,352 - INFO - *****GROWING RR RULE*****
2026-04-14 13:02:56,452 - INFO - Iteracja 0: condition_best: None, quality_best: -inf, coverage_best: (p=0, n=0, P=0, N=0), p_value: 0
2026-04-14 13:02:56,453 - INFO - Regula po iteracji 0: IF  THEN class = {302.30} [-257.91, 862.51], (p=574, n=51, P=574, N=51)
2026-04-14 13:02:56,453 - INFO - *****STOP GROWING RR RULE*****
2026-04-14 13:02:56,453 - INFO - ***RR NOT FOUND***
2026-04-14 13:02:56,453 - INFO - *******STOP GROWING CR RULE*******
2026-04-14 13:02:56,455 - INFO - *******GROWING CR RULE*******
2026-04-14 13:02:56,515 - INFO - Iteracja 0: condition_best: country = {8}, quality_best: 0.436, coverage_best: (p=31, n=4, P=289, N=336)
2026-04-14 13:02:56,516 - INFO - Regula po iteracji 0: IF country = {8} THEN class = {43.83} [-19.65, 107.31], (p=31, n=4, P=289, N=336)
2026-04-14 13:02:56,516 - INFO - *****GROWING RR RULE*****
2026-04-14 13:02:56,617 - INFO - Iteracja 0: condition_best: None, quality_best: -inf, coverage_best: (p=0, n=0, P=0, N=0), p_value: 0
2026-04-14 13:02:56,617 - INFO - Regula po iteracji 0: IF  THEN class = {302.30} [-257.91, 862.51], (p=574, n=51, P=574, N=51)
2026-04-14 13:02:56,617 - INFO - *****STOP GROWING RR RULE*****
2026-04-14 13:02:56,617 - INFO - ***RR NOT FOUND***
2026-04-14 13:02:56,626 - INFO - Iteracja 1: condition_best: representation <= 39.00, quality_best: 0.472, coverage_best: (p=17, n=1, P=300, N=325)
2026-04-14 13:02:56,626 - INFO - Regula po iteracji 1: IF country = {8} AND representation <= 39.00 THEN class = {53.33} [-10.10, 116.77], (p=17, n=1, P=300, N=325)
2026-04-14 13:02:56,626 - INFO - *****GROWING RR RULE*****
2026-04-14 13:02:56,726 - INFO - Iteracja 0: condition_best: None, quality_best: -inf, coverage_best: (p=0, n=0, P=0, N=0), p_value: 0
2026-04-14 13:02:56,726 - INFO - Regula po iteracji 0: IF  THEN class = {302.30} [-257.91, 862.51], (p=574, n=51, P=574, N=51)
2026-04-14 13:02:56,727 - INFO - *****STOP GROWING RR RULE*****
2026-04-14 13:02:56,727 - INFO - ***RR NOT FOUND***
2026-04-14 13:02:56,732 - INFO - Iteracja 2: condition_best: year >= 1,951.50, quality_best: 0.469, coverage_best: (p=16, n=1, P=293, N=332)
2026-04-14 13:02:56,732 - INFO - Regula po iteracji 2: IF country = {8} AND representation <= 39.00 AND year >= 1,951.50 THEN class = {49.88} [-13.73, 113.49], (p=16, n=1, P=293, N=332)
2026-04-14 13:02:56,732 - INFO - *****GROWING RR RULE*****
2026-04-14 13:02:56,833 - INFO - Iteracja 0: condition_best: None, quality_best: -inf, coverage_best: (p=0, n=0, P=0, N=0), p_value: 0
2026-04-14 13:02:56,833 - INFO - Regula po iteracji 0: IF  THEN class = {302.30} [-257.91, 862.51], (p=574, n=51, P=574, N=51)
2026-04-14 13:02:56,834 - INFO - *****STOP GROWING RR RULE*****
2026-04-14 13:02:56,834 - INFO - ***RR NOT FOUND***
2026-04-14 13:02:56,838 - INFO - Iteracja 3: condition_best: inflation >= -0.85, quality_best: 0.464, coverage_best: (p=15, n=1, P=292, N=333)
2026-04-14 13:02:56,838 - INFO - Regula po iteracji 3: IF country = {8} AND representation <= 39.00 AND year >= 1,951.50 AND inflation >= -0.85 THEN class = {47.06} [-17.47, 111.59], (p=15, n=1, P=292, N=333)
2026-04-14 13:02:56,839 - INFO - *****GROWING RR RULE*****
2026-04-14 13:02:56,940 - INFO - Iteracja 0: condition_best: None, quality_best: -inf, coverage_best: (p=0, n=0, P=0, N=0), p_value: 0
2026-04-14 13:02:56,940 - INFO - Regula po iteracji 0: IF  THEN class = {302.30} [-257.91, 862.51], (p=574, n=51, P=574, N=51)
2026-04-14 13:02:56,940 - INFO - *****STOP GROWING RR RULE*****
2026-04-14 13:02:56,940 - INFO - ***RR NOT FOUND***
2026-04-14 13:02:56,944 - INFO - Iteracja 4: condition_best: inflation >= 0.60, quality_best: 0.459, coverage_best: (p=14, n=1, P=289, N=336)
2026-04-14 13:02:56,945 - INFO - Regula po iteracji 4: IF country = {8} AND representation <= 39.00 AND year >= 1,951.50 AND inflation >= -0.85 AND inflation >= 0.60 THEN class = {43.67} [-21.58, 108.91], (p=14, n=1, P=289, N=336)
2026-04-14 13:02:56,945 - INFO - *****GROWING RR RULE*****
2026-04-14 13:02:57,045 - INFO - Iteracja 0: condition_best: None, quality_best: -inf, coverage_best: (p=0, n=0, P=0, N=0), p_value: 0
2026-04-14 13:02:57,045 - INFO - Regula po iteracji 0: IF  THEN class = {302.30} [-257.91, 862.51], (p=574, n=51, P=574, N=51)
2026-04-14 13:02:57,045 - INFO - *****STOP GROWING RR RULE*****
2026-04-14 13:02:57,045 - INFO - ***RR NOT FOUND***
2026-04-14 13:02:57,045 - INFO - *******STOP GROWING CR RULE*******
2026-04-14 13:02:57,047 - INFO - *******GROWING CR RULE*******
2026-04-14 13:02:57,109 - INFO - Iteracja 0: condition_best: country = {8}, quality_best: 0.436, coverage_best: (p=31, n=4, P=289, N=336)
2026-04-14 13:02:57,109 - INFO - Regula po iteracji 0: IF country = {8} THEN class = {43.83} [-19.65, 107.31], (p=31, n=4, P=289, N=336)
2026-04-14 13:02:57,110 - INFO - *****GROWING RR RULE*****
2026-04-14 13:02:57,209 - INFO - Iteracja 0: condition_best: None, quality_best: -inf, coverage_best: (p=0, n=0, P=0, N=0), p_value: 0
2026-04-14 13:02:57,209 - INFO - Regula po iteracji 0: IF  THEN class = {302.30} [-257.91, 862.51], (p=574, n=51, P=574, N=51)
2026-04-14 13:02:57,209 - INFO - *****STOP GROWING RR RULE*****
2026-04-14 13:02:57,209 - INFO - ***RR NOT FOUND***
2026-04-14 13:02:57,218 - INFO - Iteracja 1: condition_best: year >= 1,951.50, quality_best: 0.464, coverage_best: (p=31, n=3, P=287, N=338)
2026-04-14 13:02:57,218 - INFO - Regula po iteracji 1: IF country = {8} AND year >= 1,951.50 THEN class = {41.82} [-21.48, 105.13], (p=31, n=3, P=287, N=338)
2026-04-14 13:02:57,219 - INFO - *****GROWING RR RULE*****
2026-04-14 13:02:57,318 - INFO - Iteracja 0: condition_best: None, quality_best: -inf, coverage_best: (p=0, n=0, P=0, N=0), p_value: 0
2026-04-14 13:02:57,319 - INFO - Regula po iteracji 0: IF  THEN class = {302.30} [-257.91, 862.51], (p=574, n=51, P=574, N=51)
2026-04-14 13:02:57,319 - INFO - *****STOP GROWING RR RULE*****
2026-04-14 13:02:57,319 - INFO - ***RR NOT FOUND***
2026-04-14 13:02:57,327 - INFO - Iteracja 2: condition_best: representation <= 44.00, quality_best: 0.471, coverage_best: (p=25, n=2, P=282, N=343)
2026-04-14 13:02:57,327 - INFO - Regula po iteracji 2: IF country = {8} AND year >= 1,951.50 AND representation <= 44.00 THEN class = {41.15} [-21.28, 103.57], (p=25, n=2, P=282, N=343)
2026-04-14 13:02:57,328 - INFO - *****GROWING RR RULE*****
2026-04-14 13:02:57,428 - INFO - Iteracja 0: condition_best: None, quality_best: -inf, coverage_best: (p=0, n=0, P=0, N=0), p_value: 0
2026-04-14 13:02:57,428 - INFO - Regula po iteracji 0: IF  THEN class = {302.30} [-257.91, 862.51], (p=574, n=51, P=574, N=51)
2026-04-14 13:02:57,429 - INFO - *****STOP GROWING RR RULE*****
2026-04-14 13:02:57,429 - INFO - ***RR NOT FOUND***
2026-04-14 13:02:57,436 - INFO - Iteracja 3: condition_best: year <= 1,984.50, quality_best: 0.465, coverage_best: (p=24, n=2, P=287, N=338)
2026-04-14 13:02:57,436 - INFO - Regula po iteracji 3: IF country = {8} AND year >= 1,951.50 AND representation <= 44.00 AND year <= 1,984.50 THEN class = {42.65} [-20.48, 105.78], (p=24, n=2, P=287, N=338)
2026-04-14 13:02:57,437 - INFO - *****GROWING RR RULE*****
2026-04-14 13:02:57,536 - INFO - Iteracja 0: condition_best: None, quality_best: -inf, coverage_best: (p=0, n=0, P=0, N=0), p_value: 0
2026-04-14 13:02:57,536 - INFO - Regula po iteracji 0: IF  THEN class = {302.30} [-257.91, 862.51], (p=574, n=51, P=574, N=51)
2026-04-14 13:02:57,536 - INFO - *****STOP GROWING RR RULE*****
2026-04-14 13:02:57,536 - INFO - ***RR NOT FOUND***
2026-04-14 13:02:57,543 - INFO - Iteracja 4: condition_best: year >= 1,952.50, quality_best: 0.459, coverage_best: (p=23, n=2, P=289, N=336)
2026-04-14 13:02:57,543 - INFO - Regula po iteracji 4: IF country = {8} AND year >= 1,951.50 AND representation <= 44.00 AND year <= 1,984.50 AND year >= 1,952.50 THEN class = {43.20} [-21.12, 107.52], (p=23, n=2, P=289, N=336)
2026-04-14 13:02:57,544 - INFO - *****GROWING RR RULE*****
2026-04-14 13:02:57,643 - INFO - Iteracja 0: condition_best: None, quality_best: -inf, coverage_best: (p=0, n=0, P=0, N=0), p_value: 0
2026-04-14 13:02:57,644 - INFO - Regula po iteracji 0: IF  THEN class = {302.30} [-257.91, 862.51], (p=574, n=51, P=574, N=51)
2026-04-14 13:02:57,644 - INFO - *****STOP GROWING RR RULE*****
2026-04-14 13:02:57,644 - INFO - ***RR NOT FOUND***
2026-04-14 13:02:57,644 - INFO - *******STOP GROWING CR RULE*******
2026-04-14 13:02:57,646 - INFO - *******GROWING CR RULE*******
2026-04-14 13:02:57,707 - INFO - Iteracja 0: condition_best: country = {3}, quality_best: 0.425, coverage_best: (p=29, n=1, P=518, N=107)
2026-04-14 13:02:57,707 - INFO - Regula po iteracji 0: IF country = {3} THEN class = {247.30} [-7.82, 502.42], (p=29, n=1, P=518, N=107)
2026-04-14 13:02:57,707 - INFO - *****GROWING RR RULE*****
2026-04-14 13:02:57,807 - INFO - Iteracja 0: condition_best: None, quality_best: -inf, coverage_best: (p=0, n=0, P=0, N=0), p_value: 0
2026-04-14 13:02:57,808 - INFO - Regula po iteracji 0: IF  THEN class = {302.30} [-257.91, 862.51], (p=574, n=51, P=574, N=51)
2026-04-14 13:02:57,808 - INFO - *****STOP GROWING RR RULE*****
2026-04-14 13:02:57,808 - INFO - ***RR NOT FOUND***
2026-04-14 13:02:57,817 - INFO - Iteracja 1: condition_best: unemployment >= 1.75, quality_best: 0.452, coverage_best: (p=26, n=1, P=464, N=161)
2026-04-14 13:02:57,817 - INFO - Regula po iteracji 1: IF country = {3} AND unemployment >= 1.75 THEN class = {264.70} [2.09, 527.31], (p=26, n=1, P=464, N=161)
2026-04-14 13:02:57,817 - INFO - *****GROWING RR RULE*****
2026-04-14 13:02:57,917 - INFO - Iteracja 0: condition_best: None, quality_best: -inf, coverage_best: (p=0, n=0, P=0, N=0), p_value: 0
2026-04-14 13:02:57,917 - INFO - Regula po iteracji 0: IF  THEN class = {302.30} [-257.91, 862.51], (p=574, n=51, P=574, N=51)
2026-04-14 13:02:57,918 - INFO - *****STOP GROWING RR RULE*****
2026-04-14 13:02:57,918 - INFO - ***RR NOT FOUND***
2026-04-14 13:02:57,925 - INFO - Iteracja 2: condition_best: year <= 1,979.50, quality_best: 0.467, coverage_best: (p=25, n=1, P=422, N=203)
2026-04-14 13:02:57,925 - INFO - Regula po iteracji 2: IF country = {3} AND unemployment >= 1.75 AND year <= 1,979.50 THEN class = {272.23} [7.49, 536.97], (p=25, n=1, P=422, N=203)
2026-04-14 13:02:57,926 - INFO - *****GROWING RR RULE*****
2026-04-14 13:02:58,025 - INFO - Iteracja 0: condition_best: None, quality_best: -inf, coverage_best: (p=0, n=0, P=0, N=0), p_value: 0
2026-04-14 13:02:58,025 - INFO - Regula po iteracji 0: IF  THEN class = {302.30} [-257.91, 862.51], (p=574, n=51, P=574, N=51)
2026-04-14 13:02:58,025 - INFO - *****STOP GROWING RR RULE*****
2026-04-14 13:02:58,025 - INFO - ***RR NOT FOUND***
2026-04-14 13:02:58,033 - INFO - Iteracja 3: condition_best: inflation >= 0.00, quality_best: 0.467, coverage_best: (p=25, n=1, P=422, N=203)
2026-04-14 13:02:58,033 - INFO - Regula po iteracji 3: IF country = {3} AND unemployment >= 1.75 AND year <= 1,979.50 AND inflation >= 0.00 THEN class = {272.23} [7.49, 536.97], (p=25, n=1, P=422, N=203)
2026-04-14 13:02:58,033 - INFO - *****GROWING RR RULE*****
2026-04-14 13:02:58,132 - INFO - Iteracja 0: condition_best: None, quality_best: -inf, coverage_best: (p=0, n=0, P=0, N=0), p_value: 0
2026-04-14 13:02:58,132 - INFO - Regula po iteracji 0: IF  THEN class = {302.30} [-257.91, 862.51], (p=574, n=51, P=574, N=51)
2026-04-14 13:02:58,132 - INFO - *****STOP GROWING RR RULE*****
2026-04-14 13:02:58,132 - INFO - ***RR NOT FOUND***
2026-04-14 13:02:58,140 - INFO - Iteracja 4: condition_best: year <= 1,978.50, quality_best: 0.456, coverage_best: (p=24, n=1, P=439, N=186)
2026-04-14 13:02:58,140 - INFO - Regula po iteracji 4: IF country = {3} AND unemployment >= 1.75 AND year <= 1,979.50 AND inflation >= 0.00 AND year <= 1,978.50 THEN class = {275.24} [5.69, 544.79], (p=24, n=1, P=439, N=186)
2026-04-14 13:02:58,140 - INFO - *****GROWING RR RULE*****
2026-04-14 13:02:58,240 - INFO - Iteracja 0: condition_best: None, quality_best: -inf, coverage_best: (p=0, n=0, P=0, N=0), p_value: 0
2026-04-14 13:02:58,240 - INFO - Regula po iteracji 0: IF  THEN class = {302.30} [-257.91, 862.51], (p=574, n=51, P=574, N=51)
2026-04-14 13:02:58,240 - INFO - *****STOP GROWING RR RULE*****
2026-04-14 13:02:58,240 - INFO - ***RR NOT FOUND***
2026-04-14 13:02:58,240 - INFO - *******STOP GROWING CR RULE*******
2026-04-14 13:02:58,242 - INFO - *******GROWING CR RULE*******
2026-04-14 13:02:58,302 - INFO - Iteracja 0: condition_best: unemployment <= 3.75, quality_best: 0.425, coverage_best: (p=373, n=17, P=569, N=56)
2026-04-14 13:02:58,302 - INFO - Regula po iteracji 0: IF unemployment <= 3.75 THEN class = {208.43} [-386.82, 803.67], (p=373, n=17, P=569, N=56)
2026-04-14 13:02:58,302 - INFO - *****GROWING RR RULE*****
2026-04-14 13:02:58,407 - INFO - Iteracja 0: condition_best: None, quality_best: -inf, coverage_best: (p=0, n=0, P=0, N=0), p_value: 0
2026-04-14 13:02:58,407 - INFO - Regula po iteracji 0: IF  THEN class = {302.30} [-257.91, 862.51], (p=574, n=51, P=574, N=51)
2026-04-14 13:02:58,407 - INFO - *****STOP GROWING RR RULE*****
2026-04-14 13:02:58,407 - INFO - ***RR NOT FOUND***
2026-04-14 13:02:58,440 - INFO - Iteracja 1: condition_best: representation >= 23.50, quality_best: 0.541, coverage_best: (p=359, n=16, P=548, N=77)
2026-04-14 13:02:58,441 - INFO - Regula po iteracji 1: IF unemployment <= 3.75 AND representation >= 23.50 THEN class = {187.81} [-303.20, 678.82], (p=359, n=16, P=548, N=77)
2026-04-14 13:02:58,441 - INFO - *****GROWING RR RULE*****
2026-04-14 13:02:58,546 - INFO - Iteracja 0: condition_best: None, quality_best: -inf, coverage_best: (p=0, n=0, P=0, N=0), p_value: 0
2026-04-14 13:02:58,546 - INFO - Regula po iteracji 0: IF  THEN class = {302.30} [-257.91, 862.51], (p=574, n=51, P=574, N=51)
2026-04-14 13:02:58,546 - INFO - *****STOP GROWING RR RULE*****
2026-04-14 13:02:58,546 - INFO - ***RR NOT FOUND***
2026-04-14 13:02:58,578 - INFO - Iteracja 2: condition_best: representation <= 56.50, quality_best: 0.584, coverage_best: (p=342, n=16, P=529, N=96)
2026-04-14 13:02:58,578 - INFO - Regula po iteracji 2: IF unemployment <= 3.75 AND representation >= 23.50 AND representation <= 56.50 THEN class = {163.78} [-232.05, 559.62], (p=342, n=16, P=529, N=96)
2026-04-14 13:02:58,579 - INFO - *****GROWING RR RULE*****
2026-04-14 13:02:58,687 - INFO - Iteracja 0: condition_best: None, quality_best: -inf, coverage_best: (p=0, n=0, P=0, N=0), p_value: 0
2026-04-14 13:02:58,687 - INFO - Regula po iteracji 0: IF  THEN class = {302.30} [-257.91, 862.51], (p=574, n=51, P=574, N=51)
2026-04-14 13:02:58,687 - INFO - *****STOP GROWING RR RULE*****
2026-04-14 13:02:58,687 - INFO - ***RR NOT FOUND***
2026-04-14 13:02:58,718 - INFO - Iteracja 3: condition_best: year >= 1,953.50, quality_best: 0.597, coverage_best: (p=313, n=13, P=526, N=99)
2026-04-14 13:02:58,718 - INFO - Regula po iteracji 3: IF unemployment <= 3.75 AND representation >= 23.50 AND representation <= 56.50 AND year >= 1,953.50 THEN class = {152.71} [-233.48, 538.91], (p=313, n=13, P=526, N=99)
2026-04-14 13:02:58,718 - INFO - *****GROWING RR RULE*****
2026-04-14 13:02:58,823 - INFO - Iteracja 0: condition_best: None, quality_best: -inf, coverage_best: (p=0, n=0, P=0, N=0), p_value: 0
2026-04-14 13:02:58,823 - INFO - Regula po iteracji 0: IF  THEN class = {302.30} [-257.91, 862.51], (p=574, n=51, P=574, N=51)
2026-04-14 13:02:58,823 - INFO - *****STOP GROWING RR RULE*****
2026-04-14 13:02:58,823 - INFO - ***RR NOT FOUND***
2026-04-14 13:02:58,852 - INFO - Iteracja 4: condition_best: inflation <= 15.65, quality_best: 0.602, coverage_best: (p=306, n=12, P=526, N=99)
2026-04-14 13:02:58,852 - INFO - Regula po iteracji 4: IF unemployment <= 3.75 AND representation >= 23.50 AND representation <= 56.50 AND year >= 1,953.50 AND inflation <= 15.65 THEN class = {147.97} [-241.16, 537.11], (p=306, n=12, P=526, N=99)
2026-04-14 13:02:58,853 - INFO - *****GROWING RR RULE*****
2026-04-14 13:02:58,959 - INFO - Iteracja 0: condition_best: None, quality_best: -inf, coverage_best: (p=0, n=0, P=0, N=0), p_value: 0
2026-04-14 13:02:58,959 - INFO - Regula po iteracji 0: IF  THEN class = {302.30} [-257.91, 862.51], (p=574, n=51, P=574, N=51)
2026-04-14 13:02:58,959 - INFO - *****STOP GROWING RR RULE*****
2026-04-14 13:02:58,959 - INFO - ***RR NOT FOUND***
2026-04-14 13:02:58,959 - INFO - *******STOP GROWING CR RULE*******
2026-04-14 13:02:58,961 - INFO - *******GROWING CR RULE*******
2026-04-14 13:02:59,021 - INFO - Iteracja 0: condition_best: unemployment <= 3.75, quality_best: 0.425, coverage_best: (p=373, n=17, P=569, N=56)
2026-04-14 13:02:59,021 - INFO - Regula po iteracji 0: IF unemployment <= 3.75 THEN class = {208.43} [-386.82, 803.67], (p=373, n=17, P=569, N=56)
2026-04-14 13:02:59,022 - INFO - *****GROWING RR RULE*****
2026-04-14 13:02:59,127 - INFO - Iteracja 0: condition_best: None, quality_best: -inf, coverage_best: (p=0, n=0, P=0, N=0), p_value: 0
2026-04-14 13:02:59,127 - INFO - Regula po iteracji 0: IF  THEN class = {302.30} [-257.91, 862.51], (p=574, n=51, P=574, N=51)
2026-04-14 13:02:59,127 - INFO - *****STOP GROWING RR RULE*****
2026-04-14 13:02:59,128 - INFO - ***RR NOT FOUND***
2026-04-14 13:02:59,161 - INFO - Iteracja 1: condition_best: representation >= 23.50, quality_best: 0.541, coverage_best: (p=359, n=16, P=548, N=77)
2026-04-14 13:02:59,161 - INFO - Regula po iteracji 1: IF unemployment <= 3.75 AND representation >= 23.50 THEN class = {187.81} [-303.20, 678.82], (p=359, n=16, P=548, N=77)
2026-04-14 13:02:59,162 - INFO - *****GROWING RR RULE*****
2026-04-14 13:02:59,267 - INFO - Iteracja 0: condition_best: None, quality_best: -inf, coverage_best: (p=0, n=0, P=0, N=0), p_value: 0
2026-04-14 13:02:59,267 - INFO - Regula po iteracji 0: IF  THEN class = {302.30} [-257.91, 862.51], (p=574, n=51, P=574, N=51)
2026-04-14 13:02:59,268 - INFO - *****STOP GROWING RR RULE*****
2026-04-14 13:02:59,268 - INFO - ***RR NOT FOUND***
2026-04-14 13:02:59,300 - INFO - Iteracja 2: condition_best: representation <= 57.50, quality_best: 0.576, coverage_best: (p=347, n=17, P=529, N=96)
2026-04-14 13:02:59,300 - INFO - Regula po iteracji 2: IF unemployment <= 3.75 AND representation >= 23.50 AND representation <= 57.50 THEN class = {166.56} [-227.93, 561.05], (p=347, n=17, P=529, N=96)
2026-04-14 13:02:59,301 - INFO - *****GROWING RR RULE*****
2026-04-14 13:02:59,408 - INFO - Iteracja 0: condition_best: None, quality_best: -inf, coverage_best: (p=0, n=0, P=0, N=0), p_value: 0
2026-04-14 13:02:59,408 - INFO - Regula po iteracji 0: IF  THEN class = {302.30} [-257.91, 862.51], (p=574, n=51, P=574, N=51)
2026-04-14 13:02:59,408 - INFO - *****STOP GROWING RR RULE*****
2026-04-14 13:02:59,408 - INFO - ***RR NOT FOUND***
2026-04-14 13:02:59,440 - INFO - Iteracja 3: condition_best: inflation >= -0.65, quality_best: 0.585, coverage_best: (p=343, n=16, P=529, N=96)
2026-04-14 13:02:59,440 - INFO - Regula po iteracji 3: IF unemployment <= 3.75 AND representation >= 23.50 AND representation <= 57.50 AND inflation >= -0.65 THEN class = {164.34} [-231.20, 559.88], (p=343, n=16, P=529, N=96)
2026-04-14 13:02:59,441 - INFO - *****GROWING RR RULE*****
2026-04-14 13:02:59,549 - INFO - Iteracja 0: condition_best: None, quality_best: -inf, coverage_best: (p=0, n=0, P=0, N=0), p_value: 0
2026-04-14 13:02:59,549 - INFO - Regula po iteracji 0: IF  THEN class = {302.30} [-257.91, 862.51], (p=574, n=51, P=574, N=51)
2026-04-14 13:02:59,549 - INFO - *****STOP GROWING RR RULE*****
2026-04-14 13:02:59,549 - INFO - ***RR NOT FOUND***
2026-04-14 13:02:59,580 - INFO - Iteracja 4: condition_best: unemployment <= 3.65, quality_best: 0.584, coverage_best: (p=342, n=16, P=529, N=96)
2026-04-14 13:02:59,580 - INFO - Regula po iteracji 4: IF unemployment <= 3.75 AND representation >= 23.50 AND representation <= 57.50 AND inflation >= -0.65 AND unemployment <= 3.65 THEN class = {164.25} [-231.84, 560.34], (p=342, n=16, P=529, N=96)
2026-04-14 13:02:59,580 - INFO - *****GROWING RR RULE*****
2026-04-14 13:02:59,687 - INFO - Iteracja 0: condition_best: None, quality_best: -inf, coverage_best: (p=0, n=0, P=0, N=0), p_value: 0
2026-04-14 13:02:59,687 - INFO - Regula po iteracji 0: IF  THEN class = {302.30} [-257.91, 862.51], (p=574, n=51, P=574, N=51)
2026-04-14 13:02:59,687 - INFO - *****STOP GROWING RR RULE*****
2026-04-14 13:02:59,687 - INFO - ***RR NOT FOUND***
2026-04-14 13:02:59,687 - INFO - *******STOP GROWING CR RULE*******
2026-04-14 13:02:59,689 - INFO - *******GROWING CR RULE*******
2026-04-14 13:02:59,748 - INFO - Iteracja 0: condition_best: unemployment <= 3.75, quality_best: 0.425, coverage_best: (p=373, n=17, P=569, N=56)
2026-04-14 13:02:59,748 - INFO - Regula po iteracji 0: IF unemployment <= 3.75 THEN class = {208.43} [-386.82, 803.67], (p=373, n=17, P=569, N=56)
2026-04-14 13:02:59,748 - INFO - *****GROWING RR RULE*****
2026-04-14 13:02:59,855 - INFO - Iteracja 0: condition_best: None, quality_best: -inf, coverage_best: (p=0, n=0, P=0, N=0), p_value: 0
2026-04-14 13:02:59,855 - INFO - Regula po iteracji 0: IF  THEN class = {302.30} [-257.91, 862.51], (p=574, n=51, P=574, N=51)
2026-04-14 13:02:59,855 - INFO - *****STOP GROWING RR RULE*****
2026-04-14 13:02:59,855 - INFO - ***RR NOT FOUND***
2026-04-14 13:02:59,888 - INFO - Iteracja 1: condition_best: representation >= 23.50, quality_best: 0.541, coverage_best: (p=359, n=16, P=548, N=77)
2026-04-14 13:02:59,888 - INFO - Regula po iteracji 1: IF unemployment <= 3.75 AND representation >= 23.50 THEN class = {187.81} [-303.20, 678.82], (p=359, n=16, P=548, N=77)
2026-04-14 13:02:59,889 - INFO - *****GROWING RR RULE*****
2026-04-14 13:02:59,994 - INFO - Iteracja 0: condition_best: None, quality_best: -inf, coverage_best: (p=0, n=0, P=0, N=0), p_value: 0
2026-04-14 13:02:59,994 - INFO - Regula po iteracji 0: IF  THEN class = {302.30} [-257.91, 862.51], (p=574, n=51, P=574, N=51)
2026-04-14 13:02:59,994 - INFO - *****STOP GROWING RR RULE*****
2026-04-14 13:02:59,994 - INFO - ***RR NOT FOUND***
2026-04-14 13:03:00,026 - INFO - Iteracja 2: condition_best: inflation >= -1.45, quality_best: 0.557, coverage_best: (p=358, n=15, P=548, N=77)
2026-04-14 13:03:00,026 - INFO - Regula po iteracji 2: IF unemployment <= 3.75 AND representation >= 23.50 AND inflation >= -1.45 THEN class = {185.90} [-305.35, 677.15], (p=358, n=15, P=548, N=77)
2026-04-14 13:03:00,027 - INFO - *****GROWING RR RULE*****
2026-04-14 13:03:00,133 - INFO - Iteracja 0: condition_best: None, quality_best: -inf, coverage_best: (p=0, n=0, P=0, N=0), p_value: 0
2026-04-14 13:03:00,133 - INFO - Regula po iteracji 0: IF  THEN class = {302.30} [-257.91, 862.51], (p=574, n=51, P=574, N=51)
2026-04-14 13:03:00,133 - INFO - *****STOP GROWING RR RULE*****
2026-04-14 13:03:00,133 - INFO - ***RR NOT FOUND***
2026-04-14 13:03:00,166 - INFO - Iteracja 3: condition_best: inflation <= 11.05, quality_best: 0.57, coverage_best: (p=323, n=12, P=546, N=79)
2026-04-14 13:03:00,166 - INFO - Regula po iteracji 3: IF unemployment <= 3.75 AND representation >= 23.50 AND inflation >= -1.45 AND inflation <= 11.05 THEN class = {169.22} [-325.12, 663.55], (p=323, n=12, P=546, N=79)
2026-04-14 13:03:00,166 - INFO - *****GROWING RR RULE*****
2026-04-14 13:03:00,280 - INFO - Iteracja 0: condition_best: None, quality_best: -inf, coverage_best: (p=0, n=0, P=0, N=0), p_value: 0
2026-04-14 13:03:00,280 - INFO - Regula po iteracji 0: IF  THEN class = {302.30} [-257.91, 862.51], (p=574, n=51, P=574, N=51)
2026-04-14 13:03:00,280 - INFO - *****STOP GROWING RR RULE*****
2026-04-14 13:03:00,280 - INFO - ***RR NOT FOUND***
2026-04-14 13:03:00,308 - INFO - Iteracja 4: condition_best: inflation >= -0.95, quality_best: 0.569, coverage_best: (p=322, n=12, P=546, N=79)
2026-04-14 13:03:00,308 - INFO - Regula po iteracji 4: IF unemployment <= 3.75 AND representation >= 23.50 AND inflation >= -1.45 AND inflation <= 11.05 AND inflation >= -0.95 THEN class = {169.08} [-325.99, 664.15], (p=322, n=12, P=546, N=79)
2026-04-14 13:03:00,308 - INFO - *****GROWING RR RULE*****
2026-04-14 13:03:00,421 - INFO - Iteracja 0: condition_best: None, quality_best: -inf, coverage_best: (p=0, n=0, P=0, N=0), p_value: 0
2026-04-14 13:03:00,421 - INFO - Regula po iteracji 0: IF  THEN class = {302.30} [-257.91, 862.51], (p=574, n=51, P=574, N=51)
2026-04-14 13:03:00,421 - INFO - *****STOP GROWING RR RULE*****
2026-04-14 13:03:00,421 - INFO - ***RR NOT FOUND***
2026-04-14 13:03:00,421 - INFO - *******STOP GROWING CR RULE*******
2026-04-14 13:03:00,423 - INFO - *******GROWING CR RULE*******
2026-04-14 13:03:00,482 - INFO - Iteracja 0: condition_best: unemployment <= 4.15, quality_best: 0.411, coverage_best: (p=388, n=19, P=568, N=57)
2026-04-14 13:03:00,482 - INFO - Regula po iteracji 0: IF unemployment <= 4.15 THEN class = {212.50} [-373.55, 798.56], (p=388, n=19, P=568, N=57)
2026-04-14 13:03:00,483 - INFO - *****GROWING RR RULE*****
2026-04-14 13:03:00,588 - INFO - Iteracja 0: condition_best: None, quality_best: -inf, coverage_best: (p=0, n=0, P=0, N=0), p_value: 0
2026-04-14 13:03:00,588 - INFO - Regula po iteracji 0: IF  THEN class = {302.30} [-257.91, 862.51], (p=574, n=51, P=574, N=51)
2026-04-14 13:03:00,588 - INFO - *****STOP GROWING RR RULE*****
2026-04-14 13:03:00,588 - INFO - ***RR NOT FOUND***
2026-04-14 13:03:00,623 - INFO - Iteracja 1: condition_best: year >= 1,952.50, quality_best: 0.546, coverage_best: (p=366, n=16, P=549, N=76)
2026-04-14 13:03:00,623 - INFO - Regula po iteracji 1: IF unemployment <= 4.15 AND year >= 1,952.50 THEN class = {189.81} [-321.27, 700.90], (p=366, n=16, P=549, N=76)
2026-04-14 13:03:00,623 - INFO - *****GROWING RR RULE*****
2026-04-14 13:03:00,728 - INFO - Iteracja 0: condition_best: None, quality_best: -inf, coverage_best: (p=0, n=0, P=0, N=0), p_value: 0
2026-04-14 13:03:00,728 - INFO - Regula po iteracji 0: IF  THEN class = {302.30} [-257.91, 862.51], (p=574, n=51, P=574, N=51)
2026-04-14 13:03:00,728 - INFO - *****STOP GROWING RR RULE*****
2026-04-14 13:03:00,728 - INFO - ***RR NOT FOUND***
2026-04-14 13:03:00,760 - INFO - Iteracja 2: condition_best: inflation >= -1.45, quality_best: 0.562, coverage_best: (p=365, n=15, P=549, N=76)
2026-04-14 13:03:00,760 - INFO - Regula po iteracji 2: IF unemployment <= 4.15 AND year >= 1,952.50 AND inflation >= -1.45 THEN class = {187.95} [-323.48, 699.38], (p=365, n=15, P=549, N=76)
2026-04-14 13:03:00,761 - INFO - *****GROWING RR RULE*****
2026-04-14 13:03:00,865 - INFO - Iteracja 0: condition_best: None, quality_best: -inf, coverage_best: (p=0, n=0, P=0, N=0), p_value: 0
2026-04-14 13:03:00,866 - INFO - Regula po iteracji 0: IF  THEN class = {302.30} [-257.91, 862.51], (p=574, n=51, P=574, N=51)
2026-04-14 13:03:00,866 - INFO - *****STOP GROWING RR RULE*****
2026-04-14 13:03:00,866 - INFO - ***RR NOT FOUND***
2026-04-14 13:03:00,898 - INFO - Iteracja 3: condition_best: representation <= 56.50, quality_best: 0.578, coverage_best: (p=350, n=13, P=549, N=76)
2026-04-14 13:03:00,898 - INFO - Regula po iteracji 3: IF unemployment <= 4.15 AND year >= 1,952.50 AND inflation >= -1.45 AND representation <= 56.50 THEN class = {177.80} [-341.01, 696.62], (p=350, n=13, P=549, N=76)
2026-04-14 13:03:00,898 - INFO - *****GROWING RR RULE*****
2026-04-14 13:03:01,002 - INFO - Iteracja 0: condition_best: None, quality_best: -inf, coverage_best: (p=0, n=0, P=0, N=0), p_value: 0
2026-04-14 13:03:01,003 - INFO - Regula po iteracji 0: IF  THEN class = {302.30} [-257.91, 862.51], (p=574, n=51, P=574, N=51)
2026-04-14 13:03:01,003 - INFO - *****STOP GROWING RR RULE*****
2026-04-14 13:03:01,003 - INFO - ***RR NOT FOUND***
2026-04-14 13:03:01,034 - INFO - Iteracja 4: condition_best: inflation <= 9.25, quality_best: 0.605, coverage_best: (p=305, n=11, P=531, N=94)
2026-04-14 13:03:01,034 - INFO - Regula po iteracji 4: IF unemployment <= 4.15 AND year >= 1,952.50 AND inflation >= -1.45 AND representation <= 56.50 AND inflation <= 9.25 THEN class = {144.37} [-296.33, 585.08], (p=305, n=11, P=531, N=94)
2026-04-14 13:03:01,034 - INFO - *****GROWING RR RULE*****
2026-04-14 13:03:01,139 - INFO - Iteracja 0: condition_best: None, quality_best: -inf, coverage_best: (p=0, n=0, P=0, N=0), p_value: 0
2026-04-14 13:03:01,139 - INFO - Regula po iteracji 0: IF  THEN class = {302.30} [-257.91, 862.51], (p=574, n=51, P=574, N=51)
2026-04-14 13:03:01,139 - INFO - *****STOP GROWING RR RULE*****
2026-04-14 13:03:01,139 - INFO - ***RR NOT FOUND***
2026-04-14 13:03:01,139 - INFO - *******STOP GROWING CR RULE*******
2026-04-14 13:03:01,141 - INFO - *******GROWING CR RULE*******
2026-04-14 13:03:01,201 - INFO - Iteracja 0: condition_best: unemployment <= 4.15, quality_best: 0.411, coverage_best: (p=388, n=19, P=568, N=57)
2026-04-14 13:03:01,201 - INFO - Regula po iteracji 0: IF unemployment <= 4.15 THEN class = {212.50} [-373.55, 798.56], (p=388, n=19, P=568, N=57)
2026-04-14 13:03:01,202 - INFO - *****GROWING RR RULE*****
2026-04-14 13:03:01,306 - INFO - Iteracja 0: condition_best: None, quality_best: -inf, coverage_best: (p=0, n=0, P=0, N=0), p_value: 0
2026-04-14 13:03:01,307 - INFO - Regula po iteracji 0: IF  THEN class = {302.30} [-257.91, 862.51], (p=574, n=51, P=574, N=51)
2026-04-14 13:03:01,307 - INFO - *****STOP GROWING RR RULE*****
2026-04-14 13:03:01,307 - INFO - ***RR NOT FOUND***
2026-04-14 13:03:01,342 - INFO - Iteracja 1: condition_best: representation <= 63.50, quality_best: 0.52, coverage_best: (p=382, n=18, P=552, N=73)
2026-04-14 13:03:01,342 - INFO - Regula po iteracji 1: IF unemployment <= 4.15 AND representation <= 63.50 THEN class = {194.88} [-321.40, 711.15], (p=382, n=18, P=552, N=73)
2026-04-14 13:03:01,342 - INFO - *****GROWING RR RULE*****
2026-04-14 13:03:01,447 - INFO - Iteracja 0: condition_best: None, quality_best: -inf, coverage_best: (p=0, n=0, P=0, N=0), p_value: 0
2026-04-14 13:03:01,447 - INFO - Regula po iteracji 0: IF  THEN class = {302.30} [-257.91, 862.51], (p=574, n=51, P=574, N=51)
2026-04-14 13:03:01,447 - INFO - *****STOP GROWING RR RULE*****
2026-04-14 13:03:01,447 - INFO - ***RR NOT FOUND***
2026-04-14 13:03:01,480 - INFO - Iteracja 2: condition_best: inflation >= -1.45, quality_best: 0.536, coverage_best: (p=381, n=17, P=552, N=73)
2026-04-14 13:03:01,480 - INFO - Regula po iteracji 2: IF unemployment <= 4.15 AND representation <= 63.50 AND inflation >= -1.45 THEN class = {193.12} [-323.52, 709.76], (p=381, n=17, P=552, N=73)
2026-04-14 13:03:01,481 - INFO - *****GROWING RR RULE*****
2026-04-14 13:03:01,585 - INFO - Iteracja 0: condition_best: None, quality_best: -inf, coverage_best: (p=0, n=0, P=0, N=0), p_value: 0
2026-04-14 13:03:01,586 - INFO - Regula po iteracji 0: IF  THEN class = {302.30} [-257.91, 862.51], (p=574, n=51, P=574, N=51)
2026-04-14 13:03:01,586 - INFO - *****STOP GROWING RR RULE*****
2026-04-14 13:03:01,586 - INFO - ***RR NOT FOUND***
2026-04-14 13:03:01,619 - INFO - Iteracja 3: condition_best: inflation <= 25.85, quality_best: 0.535, coverage_best: (p=380, n=17, P=552, N=73)
2026-04-14 13:03:01,619 - INFO - Regula po iteracji 3: IF unemployment <= 4.15 AND representation <= 63.50 AND inflation >= -1.45 AND inflation <= 25.85 THEN class = {193.50} [-323.73, 710.74], (p=380, n=17, P=552, N=73)
2026-04-14 13:03:01,620 - INFO - *****GROWING RR RULE*****
2026-04-14 13:03:01,725 - INFO - Iteracja 0: condition_best: None, quality_best: -inf, coverage_best: (p=0, n=0, P=0, N=0), p_value: 0
2026-04-14 13:03:01,725 - INFO - Regula po iteracji 0: IF  THEN class = {302.30} [-257.91, 862.51], (p=574, n=51, P=574, N=51)
2026-04-14 13:03:01,725 - INFO - *****STOP GROWING RR RULE*****
2026-04-14 13:03:01,725 - INFO - ***RR NOT FOUND***
2026-04-14 13:03:01,759 - INFO - Iteracja 4: condition_best: inflation <= 23.70, quality_best: 0.533, coverage_best: (p=379, n=17, P=552, N=73)
2026-04-14 13:03:01,759 - INFO - Regula po iteracji 4: IF unemployment <= 4.15 AND representation <= 63.50 AND inflation >= -1.45 AND inflation <= 25.85 AND inflation <= 23.70 THEN class = {193.32} [-324.55, 711.20], (p=379, n=17, P=552, N=73)
2026-04-14 13:03:01,760 - INFO - *****GROWING RR RULE*****
2026-04-14 13:03:01,864 - INFO - Iteracja 0: condition_best: None, quality_best: -inf, coverage_best: (p=0, n=0, P=0, N=0), p_value: 0
2026-04-14 13:03:01,864 - INFO - Regula po iteracji 0: IF  THEN class = {302.30} [-257.91, 862.51], (p=574, n=51, P=574, N=51)
2026-04-14 13:03:01,864 - INFO - *****STOP GROWING RR RULE*****
2026-04-14 13:03:01,865 - INFO - ***RR NOT FOUND***
2026-04-14 13:03:01,865 - INFO - *******STOP GROWING CR RULE*******
2026-04-14 13:03:01,866 - INFO - *******GROWING CR RULE*******
2026-04-14 13:03:01,926 - INFO - Iteracja 0: condition_best: inflation <= 3.05, quality_best: 0.405, coverage_best: (p=179, n=8, P=556, N=69)
2026-04-14 13:03:01,926 - INFO - Regula po iteracji 0: IF inflation <= 3.05 THEN class = {235.64} [-278.22, 749.50], (p=179, n=8, P=556, N=69)
2026-04-14 13:03:01,927 - INFO - *****GROWING RR RULE*****
2026-04-14 13:03:02,031 - INFO - Iteracja 0: condition_best: None, quality_best: -inf, coverage_best: (p=0, n=0, P=0, N=0), p_value: 0
2026-04-14 13:03:02,031 - INFO - Regula po iteracji 0: IF  THEN class = {302.30} [-257.91, 862.51], (p=574, n=51, P=574, N=51)
2026-04-14 13:03:02,031 - INFO - *****STOP GROWING RR RULE*****
2026-04-14 13:03:02,031 - INFO - ***RR NOT FOUND***
2026-04-14 13:03:02,054 - INFO - Iteracja 1: condition_best: unemployment <= 5.25, quality_best: 0.479, coverage_best: (p=141, n=4, P=552, N=73)
2026-04-14 13:03:02,054 - INFO - Regula po iteracji 1: IF inflation <= 3.05 AND unemployment <= 5.25 THEN class = {192.61} [-320.49, 705.72], (p=141, n=4, P=552, N=73)
2026-04-14 13:03:02,054 - INFO - *****GROWING RR RULE*****
2026-04-14 13:03:02,158 - INFO - Iteracja 0: condition_best: None, quality_best: -inf, coverage_best: (p=0, n=0, P=0, N=0), p_value: 0
2026-04-14 13:03:02,158 - INFO - Regula po iteracji 0: IF  THEN class = {302.30} [-257.91, 862.51], (p=574, n=51, P=574, N=51)
2026-04-14 13:03:02,158 - INFO - *****STOP GROWING RR RULE*****
2026-04-14 13:03:02,158 - INFO - ***RR NOT FOUND***
2026-04-14 13:03:02,175 - INFO - Iteracja 2: condition_best: inflation >= -1.45, quality_best: 0.519, coverage_best: (p=140, n=3, P=549, N=76)
2026-04-14 13:03:02,175 - INFO - Regula po iteracji 2: IF inflation <= 3.05 AND unemployment <= 5.25 AND inflation >= -1.45 THEN class = {187.70} [-326.34, 701.74], (p=140, n=3, P=549, N=76)
2026-04-14 13:03:02,175 - INFO - *****GROWING RR RULE*****
2026-04-14 13:03:02,281 - INFO - Iteracja 0: condition_best: None, quality_best: -inf, coverage_best: (p=0, n=0, P=0, N=0), p_value: 0
2026-04-14 13:03:02,281 - INFO - Regula po iteracji 0: IF  THEN class = {302.30} [-257.91, 862.51], (p=574, n=51, P=574, N=51)
2026-04-14 13:03:02,281 - INFO - *****STOP GROWING RR RULE*****
2026-04-14 13:03:02,281 - INFO - ***RR NOT FOUND***
2026-04-14 13:03:02,298 - INFO - Iteracja 3: condition_best: year <= 1,984.50, quality_best: 0.514, coverage_best: (p=139, n=3, P=551, N=74)
2026-04-14 13:03:02,299 - INFO - Regula po iteracji 3: IF inflation <= 3.05 AND unemployment <= 5.25 AND inflation >= -1.45 AND year <= 1,984.50 THEN class = {188.98} [-326.64, 704.60], (p=139, n=3, P=551, N=74)
2026-04-14 13:03:02,299 - INFO - *****GROWING RR RULE*****
2026-04-14 13:03:02,404 - INFO - Iteracja 0: condition_best: None, quality_best: -inf, coverage_best: (p=0, n=0, P=0, N=0), p_value: 0
2026-04-14 13:03:02,405 - INFO - Regula po iteracji 0: IF  THEN class = {302.30} [-257.91, 862.51], (p=574, n=51, P=574, N=51)
2026-04-14 13:03:02,405 - INFO - *****STOP GROWING RR RULE*****
2026-04-14 13:03:02,405 - INFO - ***RR NOT FOUND***
2026-04-14 13:03:02,421 - INFO - Iteracja 4: condition_best: inflation >= -0.95, quality_best: 0.511, coverage_best: (p=138, n=3, P=552, N=73)
2026-04-14 13:03:02,421 - INFO - Regula po iteracji 4: IF inflation <= 3.05 AND unemployment <= 5.25 AND inflation >= -1.45 AND year <= 1,984.50 AND inflation >= -0.95 THEN class = {188.79} [-328.65, 706.24], (p=138, n=3, P=552, N=73)
2026-04-14 13:03:02,422 - INFO - *****GROWING RR RULE*****
2026-04-14 13:03:02,526 - INFO - Iteracja 0: condition_best: None, quality_best: -inf, coverage_best: (p=0, n=0, P=0, N=0), p_value: 0
2026-04-14 13:03:02,531 - INFO - Regula po iteracji 0: IF  THEN class = {302.30} [-257.91, 862.51], (p=574, n=51, P=574, N=51)
2026-04-14 13:03:02,531 - INFO - *****STOP GROWING RR RULE*****
2026-04-14 13:03:02,531 - INFO - ***RR NOT FOUND***
2026-04-14 13:03:02,531 - INFO - *******STOP GROWING CR RULE*******
2026-04-14 13:03:02,532 - INFO - *******GROWING CR RULE*******
2026-04-14 13:03:02,593 - INFO - Iteracja 0: condition_best: inflation <= 3.05, quality_best: 0.405, coverage_best: (p=179, n=8, P=556, N=69)
2026-04-14 13:03:02,593 - INFO - Regula po iteracji 0: IF inflation <= 3.05 THEN class = {235.64} [-278.22, 749.50], (p=179, n=8, P=556, N=69)
2026-04-14 13:03:02,593 - INFO - *****GROWING RR RULE*****
2026-04-14 13:03:02,699 - INFO - Iteracja 0: condition_best: None, quality_best: -inf, coverage_best: (p=0, n=0, P=0, N=0), p_value: 0
2026-04-14 13:03:02,699 - INFO - Regula po iteracji 0: IF  THEN class = {302.30} [-257.91, 862.51], (p=574, n=51, P=574, N=51)
2026-04-14 13:03:02,699 - INFO - *****STOP GROWING RR RULE*****
2026-04-14 13:03:02,699 - INFO - ***RR NOT FOUND***
2026-04-14 13:03:02,721 - INFO - Iteracja 1: condition_best: country = {10}, quality_best: 0.444, coverage_best: (p=11, n=1, P=271, N=354)
2026-04-14 13:03:02,721 - INFO - Regula po iteracji 1: IF inflation <= 3.05 AND country = {10} THEN class = {816.92} [160.64, 1,473.19], (p=11, n=1, P=271, N=354)
2026-04-14 13:03:02,721 - INFO - *****GROWING RR RULE*****
2026-04-14 13:03:02,832 - INFO - Iteracja 0: condition_best: None, quality_best: -inf, coverage_best: (p=0, n=0, P=0, N=0), p_value: 0
2026-04-14 13:03:02,832 - INFO - Regula po iteracji 0: IF  THEN class = {302.30} [-257.91, 862.51], (p=574, n=51, P=574, N=51)
2026-04-14 13:03:02,832 - INFO - *****STOP GROWING RR RULE*****
2026-04-14 13:03:02,832 - INFO - ***RR NOT FOUND***
2026-04-14 13:03:02,836 - INFO - Iteracja 2: condition_best: year >= 1,952.50, quality_best: 0.442, coverage_best: (p=10, n=1, P=248, N=377)
2026-04-14 13:03:02,836 - INFO - Regula po iteracji 2: IF inflation <= 3.05 AND country = {10} AND year >= 1,952.50 THEN class = {860.55} [191.96, 1,529.13], (p=10, n=1, P=248, N=377)
2026-04-14 13:03:02,837 - INFO - *****GROWING RR RULE*****
2026-04-14 13:03:02,946 - INFO - Iteracja 0: condition_best: None, quality_best: -inf, coverage_best: (p=0, n=0, P=0, N=0), p_value: 0
2026-04-14 13:03:02,946 - INFO - Regula po iteracji 0: IF  THEN class = {302.30} [-257.91, 862.51], (p=574, n=51, P=574, N=51)
2026-04-14 13:03:02,946 - INFO - *****STOP GROWING RR RULE*****
2026-04-14 13:03:02,946 - INFO - ***RR NOT FOUND***
2026-04-14 13:03:02,949 - INFO - Iteracja 3: condition_best: year >= 1,953.50, quality_best: 0.435, coverage_best: (p=9, n=1, P=239, N=386)
2026-04-14 13:03:02,950 - INFO - Regula po iteracji 3: IF inflation <= 3.05 AND country = {10} AND year >= 1,952.50 AND year >= 1,953.50 THEN class = {892.10} [198.74, 1,585.46], (p=9, n=1, P=239, N=386)
2026-04-14 13:03:02,950 - INFO - *****GROWING RR RULE*****
2026-04-14 13:03:03,059 - INFO - Iteracja 0: condition_best: None, quality_best: -inf, coverage_best: (p=0, n=0, P=0, N=0), p_value: 0
2026-04-14 13:03:03,059 - INFO - Regula po iteracji 0: IF  THEN class = {302.30} [-257.91, 862.51], (p=574, n=51, P=574, N=51)
2026-04-14 13:03:03,059 - INFO - *****STOP GROWING RR RULE*****
2026-04-14 13:03:03,059 - INFO - ***RR NOT FOUND***
2026-04-14 13:03:03,063 - INFO - Iteracja 4: condition_best: year >= 1,954.50, quality_best: 0.427, coverage_best: (p=8, n=1, P=229, N=396)
2026-04-14 13:03:03,063 - INFO - Regula po iteracji 4: IF inflation <= 3.05 AND country = {10} AND year >= 1,952.50 AND year >= 1,953.50 AND year >= 1,954.50 THEN class = {936.44} [219.15, 1,653.74], (p=8, n=1, P=229, N=396)
2026-04-14 13:03:03,063 - INFO - *****GROWING RR RULE*****
2026-04-14 13:03:03,174 - INFO - Iteracja 0: condition_best: None, quality_best: -inf, coverage_best: (p=0, n=0, P=0, N=0), p_value: 0
2026-04-14 13:03:03,174 - INFO - Regula po iteracji 0: IF  THEN class = {302.30} [-257.91, 862.51], (p=574, n=51, P=574, N=51)
2026-04-14 13:03:03,174 - INFO - *****STOP GROWING RR RULE*****
2026-04-14 13:03:03,174 - INFO - ***RR NOT FOUND***
2026-04-14 13:03:03,174 - INFO - *******STOP GROWING CR RULE*******
2026-04-14 13:03:03,176 - INFO - *******GROWING CR RULE*******
2026-04-14 13:03:03,245 - INFO - Iteracja 0: condition_best: inflation <= 3.05, quality_best: 0.405, coverage_best: (p=179, n=8, P=556, N=69)
2026-04-14 13:03:03,245 - INFO - Regula po iteracji 0: IF inflation <= 3.05 THEN class = {235.64} [-278.22, 749.50], (p=179, n=8, P=556, N=69)
2026-04-14 13:03:03,245 - INFO - *****GROWING RR RULE*****
2026-04-14 13:03:03,352 - INFO - Iteracja 0: condition_best: None, quality_best: -inf, coverage_best: (p=0, n=0, P=0, N=0), p_value: 0
2026-04-14 13:03:03,352 - INFO - Regula po iteracji 0: IF  THEN class = {302.30} [-257.91, 862.51], (p=574, n=51, P=574, N=51)
2026-04-14 13:03:03,353 - INFO - *****STOP GROWING RR RULE*****
2026-04-14 13:03:03,353 - INFO - ***RR NOT FOUND***
2026-04-14 13:03:03,374 - INFO - Iteracja 1: condition_best: country = {18}, quality_best: 0.441, coverage_best: (p=13, n=2, P=167, N=458)
2026-04-14 13:03:03,374 - INFO - Regula po iteracji 1: IF inflation <= 3.05 AND country = {18} THEN class = {535.47} [248.09, 822.84], (p=13, n=2, P=167, N=458)
2026-04-14 13:03:03,375 - INFO - *****GROWING RR RULE*****
2026-04-14 13:03:03,477 - INFO - Iteracja 0: condition_best: None, quality_best: -inf, coverage_best: (p=0, n=0, P=0, N=0), p_value: 0
2026-04-14 13:03:03,477 - INFO - Regula po iteracji 0: IF  THEN class = {302.30} [-257.91, 862.51], (p=574, n=51, P=574, N=51)
2026-04-14 13:03:03,477 - INFO - *****STOP GROWING RR RULE*****
2026-04-14 13:03:03,477 - INFO - ***RR NOT FOUND***
2026-04-14 13:03:03,482 - INFO - Iteracja 2: condition_best: year >= 1,952.50, quality_best: 0.493, coverage_best: (p=13, n=1, P=148, N=477)
2026-04-14 13:03:03,482 - INFO - Regula po iteracji 2: IF inflation <= 3.05 AND country = {18} AND year >= 1,952.50 THEN class = {488.71} [252.71, 724.72], (p=13, n=1, P=148, N=477)
2026-04-14 13:03:03,483 - INFO - *****GROWING RR RULE*****
2026-04-14 13:03:03,584 - INFO - Iteracja 0: condition_best: None, quality_best: -inf, coverage_best: (p=0, n=0, P=0, N=0), p_value: 0
2026-04-14 13:03:03,584 - INFO - Regula po iteracji 0: IF  THEN class = {302.30} [-257.91, 862.51], (p=574, n=51, P=574, N=51)
2026-04-14 13:03:03,585 - INFO - *****STOP GROWING RR RULE*****
2026-04-14 13:03:03,585 - INFO - ***RR NOT FOUND***
2026-04-14 13:03:03,589 - INFO - Iteracja 3: condition_best: inflation <= 2.90, quality_best: 0.486, coverage_best: (p=12, n=1, P=149, N=476)
2026-04-14 13:03:03,589 - INFO - Regula po iteracji 3: IF inflation <= 3.05 AND country = {18} AND year >= 1,952.50 AND inflation <= 2.90 THEN class = {495.62} [252.07, 739.16], (p=12, n=1, P=149, N=476)
2026-04-14 13:03:03,590 - INFO - *****GROWING RR RULE*****
2026-04-14 13:03:03,691 - INFO - Iteracja 0: condition_best: None, quality_best: -inf, coverage_best: (p=0, n=0, P=0, N=0), p_value: 0
2026-04-14 13:03:03,691 - INFO - Regula po iteracji 0: IF  THEN class = {302.30} [-257.91, 862.51], (p=574, n=51, P=574, N=51)
2026-04-14 13:03:03,691 - INFO - *****STOP GROWING RR RULE*****
2026-04-14 13:03:03,691 - INFO - ***RR NOT FOUND***
2026-04-14 13:03:03,695 - INFO - Iteracja 4: condition_best: unemployment <= 6.55, quality_best: 0.476, coverage_best: (p=11, n=1, P=155, N=470)
2026-04-14 13:03:03,695 - INFO - Regula po iteracji 4: IF inflation <= 3.05 AND country = {18} AND year >= 1,952.50 AND inflation <= 2.90 AND unemployment <= 6.55 THEN class = {500.42} [247.52, 753.31], (p=11, n=1, P=155, N=470)
2026-04-14 13:03:03,696 - INFO - *****GROWING RR RULE*****
2026-04-14 13:03:03,797 - INFO - Iteracja 0: condition_best: None, quality_best: -inf, coverage_best: (p=0, n=0, P=0, N=0), p_value: 0
2026-04-14 13:03:03,797 - INFO - Regula po iteracji 0: IF  THEN class = {302.30} [-257.91, 862.51], (p=574, n=51, P=574, N=51)
2026-04-14 13:03:03,797 - INFO - *****STOP GROWING RR RULE*****
2026-04-14 13:03:03,797 - INFO - ***RR NOT FOUND***
2026-04-14 13:03:03,797 - INFO - *******STOP GROWING CR RULE*******
2026-04-14 13:03:03,799 - INFO - *******GROWING CR RULE*******
2026-04-14 13:03:03,858 - INFO - Iteracja 0: condition_best: inflation <= 3.05, quality_best: 0.405, coverage_best: (p=179, n=8, P=556, N=69)
2026-04-14 13:03:03,858 - INFO - Regula po iteracji 0: IF inflation <= 3.05 THEN class = {235.64} [-278.22, 749.50], (p=179, n=8, P=556, N=69)
2026-04-14 13:03:03,859 - INFO - *****GROWING RR RULE*****
2026-04-14 13:03:03,962 - INFO - Iteracja 0: condition_best: None, quality_best: -inf, coverage_best: (p=0, n=0, P=0, N=0), p_value: 0
2026-04-14 13:03:03,963 - INFO - Regula po iteracji 0: IF  THEN class = {302.30} [-257.91, 862.51], (p=574, n=51, P=574, N=51)
2026-04-14 13:03:03,963 - INFO - *****STOP GROWING RR RULE*****
2026-04-14 13:03:03,963 - INFO - ***RR NOT FOUND***
2026-04-14 13:03:03,984 - INFO - Iteracja 1: condition_best: year <= 1,961.50, quality_best: 0.433, coverage_best: (p=118, n=3, P=570, N=55)
2026-04-14 13:03:03,984 - INFO - Regula po iteracji 1: IF inflation <= 3.05 AND year <= 1,961.50 THEN class = {250.16} [-318.55, 818.87], (p=118, n=3, P=570, N=55)
2026-04-14 13:03:03,984 - INFO - *****GROWING RR RULE*****
2026-04-14 13:03:04,087 - INFO - Iteracja 0: condition_best: None, quality_best: -inf, coverage_best: (p=0, n=0, P=0, N=0), p_value: 0
2026-04-14 13:03:04,087 - INFO - Regula po iteracji 0: IF  THEN class = {302.30} [-257.91, 862.51], (p=574, n=51, P=574, N=51)
2026-04-14 13:03:04,087 - INFO - *****STOP GROWING RR RULE*****
2026-04-14 13:03:04,087 - INFO - ***RR NOT FOUND***
2026-04-14 13:03:04,104 - INFO - Iteracja 2: condition_best: unemployment <= 9.95, quality_best: 0.431, coverage_best: (p=117, n=3, P=570, N=55)
2026-04-14 13:03:04,104 - INFO - Regula po iteracji 2: IF inflation <= 3.05 AND year <= 1,961.50 AND unemployment <= 9.95 THEN class = {247.70} [-322.74, 818.14], (p=117, n=3, P=570, N=55)
2026-04-14 13:03:04,104 - INFO - *****GROWING RR RULE*****
2026-04-14 13:03:04,208 - INFO - Iteracja 0: condition_best: None, quality_best: -inf, coverage_best: (p=0, n=0, P=0, N=0), p_value: 0
2026-04-14 13:03:04,208 - INFO - Regula po iteracji 0: IF  THEN class = {302.30} [-257.91, 862.51], (p=574, n=51, P=574, N=51)
2026-04-14 13:03:04,208 - INFO - *****STOP GROWING RR RULE*****
2026-04-14 13:03:04,208 - INFO - ***RR NOT FOUND***
2026-04-14 13:03:04,224 - INFO - Iteracja 3: condition_best: unemployment <= 9.70, quality_best: 0.429, coverage_best: (p=116, n=3, P=570, N=55)
2026-04-14 13:03:04,224 - INFO - Regula po iteracji 3: IF inflation <= 3.05 AND year <= 1,961.50 AND unemployment <= 9.95 AND unemployment <= 9.70 THEN class = {249.74} [-322.65, 822.13], (p=116, n=3, P=570, N=55)
2026-04-14 13:03:04,224 - INFO - *****GROWING RR RULE*****
2026-04-14 13:03:04,328 - INFO - Iteracja 0: condition_best: None, quality_best: -inf, coverage_best: (p=0, n=0, P=0, N=0), p_value: 0
2026-04-14 13:03:04,328 - INFO - Regula po iteracji 0: IF  THEN class = {302.30} [-257.91, 862.51], (p=574, n=51, P=574, N=51)
2026-04-14 13:03:04,328 - INFO - *****STOP GROWING RR RULE*****
2026-04-14 13:03:04,328 - INFO - ***RR NOT FOUND***
2026-04-14 13:03:04,344 - INFO - Iteracja 4: condition_best: unemployment <= 9.35, quality_best: 0.427, coverage_best: (p=115, n=3, P=570, N=55)
2026-04-14 13:03:04,344 - INFO - Regula po iteracji 4: IF inflation <= 3.05 AND year <= 1,961.50 AND unemployment <= 9.95 AND unemployment <= 9.70 AND unemployment <= 9.35 THEN class = {249.00} [-325.75, 823.75], (p=115, n=3, P=570, N=55)
2026-04-14 13:03:04,344 - INFO - *****GROWING RR RULE*****
2026-04-14 13:03:04,446 - INFO - Iteracja 0: condition_best: None, quality_best: -inf, coverage_best: (p=0, n=0, P=0, N=0), p_value: 0
2026-04-14 13:03:04,446 - INFO - Regula po iteracji 0: IF  THEN class = {302.30} [-257.91, 862.51], (p=574, n=51, P=574, N=51)
2026-04-14 13:03:04,447 - INFO - *****STOP GROWING RR RULE*****
2026-04-14 13:03:04,447 - INFO - ***RR NOT FOUND***
2026-04-14 13:03:04,447 - INFO - *******STOP GROWING CR RULE*******
2026-04-14 13:03:04,448 - INFO - *******GROWING CR RULE*******
2026-04-14 13:03:04,507 - INFO - Iteracja 0: condition_best: inflation <= 3.05, quality_best: 0.405, coverage_best: (p=179, n=8, P=556, N=69)
2026-04-14 13:03:04,507 - INFO - Regula po iteracji 0: IF inflation <= 3.05 THEN class = {235.64} [-278.22, 749.50], (p=179, n=8, P=556, N=69)
2026-04-14 13:03:04,507 - INFO - *****GROWING RR RULE*****
2026-04-14 13:03:04,611 - INFO - Iteracja 0: condition_best: None, quality_best: -inf, coverage_best: (p=0, n=0, P=0, N=0), p_value: 0
2026-04-14 13:03:04,611 - INFO - Regula po iteracji 0: IF  THEN class = {302.30} [-257.91, 862.51], (p=574, n=51, P=574, N=51)
2026-04-14 13:03:04,611 - INFO - *****STOP GROWING RR RULE*****
2026-04-14 13:03:04,611 - INFO - ***RR NOT FOUND***
2026-04-14 13:03:04,632 - INFO - Iteracja 1: condition_best: inflation >= -1.75, quality_best: 0.432, coverage_best: (p=177, n=7, P=556, N=69)
2026-04-14 13:03:04,632 - INFO - Regula po iteracji 1: IF inflation <= 3.05 AND inflation >= -1.75 THEN class = {233.05} [-283.14, 749.25], (p=177, n=7, P=556, N=69)
2026-04-14 13:03:04,633 - INFO - *****GROWING RR RULE*****
2026-04-14 13:03:04,737 - INFO - Iteracja 0: condition_best: None, quality_best: -inf, coverage_best: (p=0, n=0, P=0, N=0), p_value: 0
2026-04-14 13:03:04,737 - INFO - Regula po iteracji 0: IF  THEN class = {302.30} [-257.91, 862.51], (p=574, n=51, P=574, N=51)
2026-04-14 13:03:04,737 - INFO - *****STOP GROWING RR RULE*****
2026-04-14 13:03:04,737 - INFO - ***RR NOT FOUND***
2026-04-14 13:03:04,758 - INFO - Iteracja 2: condition_best: unemployment <= 13.25, quality_best: 0.43, coverage_best: (p=176, n=7, P=556, N=69)
2026-04-14 13:03:04,758 - INFO - Regula po iteracji 2: IF inflation <= 3.05 AND inflation >= -1.75 AND unemployment <= 13.25 THEN class = {234.19} [-283.19, 751.56], (p=176, n=7, P=556, N=69)
2026-04-14 13:03:04,759 - INFO - *****GROWING RR RULE*****
2026-04-14 13:03:04,862 - INFO - Iteracja 0: condition_best: None, quality_best: -inf, coverage_best: (p=0, n=0, P=0, N=0), p_value: 0
2026-04-14 13:03:04,863 - INFO - Regula po iteracji 0: IF  THEN class = {302.30} [-257.91, 862.51], (p=574, n=51, P=574, N=51)
2026-04-14 13:03:04,863 - INFO - *****STOP GROWING RR RULE*****
2026-04-14 13:03:04,863 - INFO - ***RR NOT FOUND***
2026-04-14 13:03:04,884 - INFO - Iteracja 3: condition_best: year <= 1,968.50, quality_best: 0.425, coverage_best: (p=156, n=6, P=556, N=69)
2026-04-14 13:03:04,884 - INFO - Regula po iteracji 3: IF inflation <= 3.05 AND inflation >= -1.75 AND unemployment <= 13.25 AND year <= 1,968.50 THEN class = {236.80} [-267.44, 741.05], (p=156, n=6, P=556, N=69)
2026-04-14 13:03:04,884 - INFO - *****GROWING RR RULE*****
2026-04-14 13:03:04,988 - INFO - Iteracja 0: condition_best: None, quality_best: -inf, coverage_best: (p=0, n=0, P=0, N=0), p_value: 0
2026-04-14 13:03:04,988 - INFO - Regula po iteracji 0: IF  THEN class = {302.30} [-257.91, 862.51], (p=574, n=51, P=574, N=51)
2026-04-14 13:03:04,988 - INFO - *****STOP GROWING RR RULE*****
2026-04-14 13:03:04,988 - INFO - ***RR NOT FOUND***
2026-04-14 13:03:05,007 - INFO - Iteracja 4: condition_best: inflation >= 0.95, quality_best: 0.431, coverage_best: (p=117, n=3, P=570, N=55)
2026-04-14 13:03:05,007 - INFO - Regula po iteracji 4: IF inflation <= 3.05 AND inflation >= -1.75 AND unemployment <= 13.25 AND year <= 1,968.50 AND inflation >= 0.95 THEN class = {247.23} [-319.86, 814.33], (p=117, n=3, P=570, N=55)
2026-04-14 13:03:05,008 - INFO - *****GROWING RR RULE*****
2026-04-14 13:03:05,110 - INFO - Iteracja 0: condition_best: None, quality_best: -inf, coverage_best: (p=0, n=0, P=0, N=0), p_value: 0
2026-04-14 13:03:05,110 - INFO - Regula po iteracji 0: IF  THEN class = {302.30} [-257.91, 862.51], (p=574, n=51, P=574, N=51)
2026-04-14 13:03:05,110 - INFO - *****STOP GROWING RR RULE*****
2026-04-14 13:03:05,110 - INFO - ***RR NOT FOUND***
2026-04-14 13:03:05,110 - INFO - *******STOP GROWING CR RULE*******
2026-04-14 13:03:05,112 - INFO - *******GROWING CR RULE*******
2026-04-14 13:03:05,170 - INFO - Iteracja 0: condition_best: country = {18}, quality_best: 0.403, coverage_best: (p=28, n=7, P=199, N=426)
2026-04-14 13:03:05,170 - INFO - Regula po iteracji 0: IF country = {18} THEN class = {448.23} [178.67, 717.78], (p=28, n=7, P=199, N=426)
2026-04-14 13:03:05,170 - INFO - *****GROWING RR RULE*****
2026-04-14 13:03:05,276 - INFO - Iteracja 0: condition_best: None, quality_best: -inf, coverage_best: (p=0, n=0, P=0, N=0), p_value: 0
2026-04-14 13:03:05,276 - INFO - Regula po iteracji 0: IF  THEN class = {302.30} [-257.91, 862.51], (p=574, n=51, P=574, N=51)
2026-04-14 13:03:05,276 - INFO - *****STOP GROWING RR RULE*****
2026-04-14 13:03:05,276 - INFO - ***RR NOT FOUND***
2026-04-14 13:03:05,287 - INFO - Iteracja 1: condition_best: representation >= 52.50, quality_best: 0.489, coverage_best: (p=20, n=2, P=169, N=456)
2026-04-14 13:03:05,287 - INFO - Regula po iteracji 1: IF country = {18} AND representation >= 52.50 THEN class = {476.45} [225.61, 727.29], (p=20, n=2, P=169, N=456)
2026-04-14 13:03:05,287 - INFO - *****GROWING RR RULE*****
2026-04-14 13:03:05,389 - INFO - Iteracja 0: condition_best: None, quality_best: -inf, coverage_best: (p=0, n=0, P=0, N=0), p_value: 0
2026-04-14 13:03:05,389 - INFO - Regula po iteracji 0: IF  THEN class = {302.30} [-257.91, 862.51], (p=574, n=51, P=574, N=51)
2026-04-14 13:03:05,389 - INFO - *****STOP GROWING RR RULE*****
2026-04-14 13:03:05,389 - INFO - ***RR NOT FOUND***
2026-04-14 13:03:05,396 - INFO - Iteracja 2: condition_best: year <= 1,978.50, quality_best: 0.486, coverage_best: (p=18, n=2, P=150, N=475)
2026-04-14 13:03:05,396 - INFO - Regula po iteracji 2: IF country = {18} AND representation >= 52.50 AND year <= 1,978.50 THEN class = {501.10} [251.04, 751.16], (p=18, n=2, P=150, N=475)
2026-04-14 13:03:05,396 - INFO - *****GROWING RR RULE*****
2026-04-14 13:03:05,498 - INFO - Iteracja 0: condition_best: None, quality_best: -inf, coverage_best: (p=0, n=0, P=0, N=0), p_value: 0
2026-04-14 13:03:05,498 - INFO - Regula po iteracji 0: IF  THEN class = {302.30} [-257.91, 862.51], (p=574, n=51, P=574, N=51)
2026-04-14 13:03:05,498 - INFO - *****STOP GROWING RR RULE*****
2026-04-14 13:03:05,498 - INFO - ***RR NOT FOUND***
2026-04-14 13:03:05,504 - INFO - Iteracja 3: condition_best: unemployment <= 7.95, quality_best: 0.478, coverage_best: (p=17, n=2, P=154, N=471)
2026-04-14 13:03:05,504 - INFO - Regula po iteracji 3: IF country = {18} AND representation >= 52.50 AND year <= 1,978.50 AND unemployment <= 7.95 THEN class = {506.26} [250.75, 761.78], (p=17, n=2, P=154, N=471)
2026-04-14 13:03:05,505 - INFO - *****GROWING RR RULE*****
2026-04-14 13:03:05,607 - INFO - Iteracja 0: condition_best: None, quality_best: -inf, coverage_best: (p=0, n=0, P=0, N=0), p_value: 0
2026-04-14 13:03:05,607 - INFO - Regula po iteracji 0: IF  THEN class = {302.30} [-257.91, 862.51], (p=574, n=51, P=574, N=51)
2026-04-14 13:03:05,607 - INFO - *****STOP GROWING RR RULE*****
2026-04-14 13:03:05,607 - INFO - ***RR NOT FOUND***
2026-04-14 13:03:05,613 - INFO - Iteracja 4: condition_best: unemployment >= 3.45, quality_best: 0.467, coverage_best: (p=16, n=2, P=162, N=463)
2026-04-14 13:03:05,613 - INFO - Regula po iteracji 4: IF country = {18} AND representation >= 52.50 AND year <= 1,978.50 AND unemployment <= 7.95 AND unemployment >= 3.45 THEN class = {500.22} [239.03, 761.42], (p=16, n=2, P=162, N=463)
2026-04-14 13:03:05,614 - INFO - *****GROWING RR RULE*****
2026-04-14 13:03:05,715 - INFO - Iteracja 0: condition_best: None, quality_best: -inf, coverage_best: (p=0, n=0, P=0, N=0), p_value: 0
2026-04-14 13:03:05,715 - INFO - Regula po iteracji 0: IF  THEN class = {302.30} [-257.91, 862.51], (p=574, n=51, P=574, N=51)
2026-04-14 13:03:05,716 - INFO - *****STOP GROWING RR RULE*****
2026-04-14 13:03:05,716 - INFO - ***RR NOT FOUND***
2026-04-14 13:03:05,716 - INFO - *******STOP GROWING CR RULE*******
2026-04-14 13:03:05,717 - INFO - *******GROWING CR RULE*******
2026-04-14 13:03:05,776 - INFO - Iteracja 0: condition_best: country = {18}, quality_best: 0.403, coverage_best: (p=28, n=7, P=199, N=426)
2026-04-14 13:03:05,777 - INFO - Regula po iteracji 0: IF country = {18} THEN class = {448.23} [178.67, 717.78], (p=28, n=7, P=199, N=426)
2026-04-14 13:03:05,777 - INFO - *****GROWING RR RULE*****
2026-04-14 13:03:05,882 - INFO - Iteracja 0: condition_best: None, quality_best: -inf, coverage_best: (p=0, n=0, P=0, N=0), p_value: 0
2026-04-14 13:03:05,882 - INFO - Regula po iteracji 0: IF  THEN class = {302.30} [-257.91, 862.51], (p=574, n=51, P=574, N=51)
2026-04-14 13:03:05,882 - INFO - *****STOP GROWING RR RULE*****
2026-04-14 13:03:05,882 - INFO - ***RR NOT FOUND***
2026-04-14 13:03:05,892 - INFO - Iteracja 1: condition_best: representation >= 46.50, quality_best: 0.477, coverage_best: (p=27, n=4, P=169, N=456)
2026-04-14 13:03:05,892 - INFO - Regula po iteracji 1: IF country = {18} AND representation >= 46.50 THEN class = {487.74} [226.81, 748.67], (p=27, n=4, P=169, N=456)
2026-04-14 13:03:05,893 - INFO - *****GROWING RR RULE*****
2026-04-14 13:03:05,992 - INFO - Iteracja 0: condition_best: None, quality_best: -inf, coverage_best: (p=0, n=0, P=0, N=0), p_value: 0
2026-04-14 13:03:05,993 - INFO - Regula po iteracji 0: IF  THEN class = {302.30} [-257.91, 862.51], (p=574, n=51, P=574, N=51)
2026-04-14 13:03:05,993 - INFO - *****STOP GROWING RR RULE*****
2026-04-14 13:03:05,993 - INFO - ***RR NOT FOUND***
2026-04-14 13:03:06,001 - INFO - Iteracja 2: condition_best: unemployment >= 3.60, quality_best: 0.475, coverage_best: (p=23, n=3, P=175, N=450)
2026-04-14 13:03:06,002 - INFO - Regula po iteracji 2: IF country = {18} AND representation >= 46.50 AND unemployment >= 3.60 THEN class = {444.88} [205.28, 684.49], (p=23, n=3, P=175, N=450)
2026-04-14 13:03:06,002 - INFO - *****GROWING RR RULE*****
2026-04-14 13:03:06,106 - INFO - Iteracja 0: condition_best: None, quality_best: -inf, coverage_best: (p=0, n=0, P=0, N=0), p_value: 0
2026-04-14 13:03:06,106 - INFO - Regula po iteracji 0: IF  THEN class = {302.30} [-257.91, 862.51], (p=574, n=51, P=574, N=51)
2026-04-14 13:03:06,106 - INFO - *****STOP GROWING RR RULE*****
2026-04-14 13:03:06,106 - INFO - ***RR NOT FOUND***
2026-04-14 13:03:06,114 - INFO - Iteracja 3: condition_best: year >= 1,954.50, quality_best: 0.469, coverage_best: (p=22, n=3, P=176, N=449)
2026-04-14 13:03:06,114 - INFO - Regula po iteracji 3: IF country = {18} AND representation >= 46.50 AND unemployment >= 3.60 AND year >= 1,954.50 THEN class = {444.44} [200.10, 688.78], (p=22, n=3, P=176, N=449)
2026-04-14 13:03:06,115 - INFO - *****GROWING RR RULE*****
2026-04-14 13:03:06,218 - INFO - Iteracja 0: condition_best: None, quality_best: -inf, coverage_best: (p=0, n=0, P=0, N=0), p_value: 0
2026-04-14 13:03:06,218 - INFO - Regula po iteracji 0: IF  THEN class = {302.30} [-257.91, 862.51], (p=574, n=51, P=574, N=51)
2026-04-14 13:03:06,218 - INFO - *****STOP GROWING RR RULE*****
2026-04-14 13:03:06,218 - INFO - ***RR NOT FOUND***
2026-04-14 13:03:06,225 - INFO - Iteracja 4: condition_best: year >= 1,955.50, quality_best: 0.458, coverage_best: (p=21, n=3, P=185, N=440)
2026-04-14 13:03:06,226 - INFO - Regula po iteracji 4: IF country = {18} AND representation >= 46.50 AND unemployment >= 3.60 AND year >= 1,954.50 AND year >= 1,955.50 THEN class = {440.92} [192.16, 689.67], (p=21, n=3, P=185, N=440)
2026-04-14 13:03:06,226 - INFO - *****GROWING RR RULE*****
2026-04-14 13:03:06,329 - INFO - Iteracja 0: condition_best: None, quality_best: -inf, coverage_best: (p=0, n=0, P=0, N=0), p_value: 0
2026-04-14 13:03:06,329 - INFO - Regula po iteracji 0: IF  THEN class = {302.30} [-257.91, 862.51], (p=574, n=51, P=574, N=51)
2026-04-14 13:03:06,329 - INFO - *****STOP GROWING RR RULE*****
2026-04-14 13:03:06,329 - INFO - ***RR NOT FOUND***
2026-04-14 13:03:06,329 - INFO - *******STOP GROWING CR RULE*******
2026-04-14 13:03:06,331 - INFO - *******GROWING CR RULE*******
2026-04-14 13:03:06,388 - INFO - Iteracja 0: condition_best: inflation <= 3.35, quality_best: 0.395, coverage_best: (p=202, n=10, P=555, N=70)
2026-04-14 13:03:06,388 - INFO - Regula po iteracji 0: IF inflation <= 3.35 THEN class = {232.45} [-264.56, 729.46], (p=202, n=10, P=555, N=70)
2026-04-14 13:03:06,388 - INFO - *****GROWING RR RULE*****
2026-04-14 13:03:06,492 - INFO - Iteracja 0: condition_best: None, quality_best: -inf, coverage_best: (p=0, n=0, P=0, N=0), p_value: 0
2026-04-14 13:03:06,493 - INFO - Regula po iteracji 0: IF  THEN class = {302.30} [-257.91, 862.51], (p=574, n=51, P=574, N=51)
2026-04-14 13:03:06,493 - INFO - *****STOP GROWING RR RULE*****
2026-04-14 13:03:06,493 - INFO - ***RR NOT FOUND***
2026-04-14 13:03:06,515 - INFO - Iteracja 1: condition_best: inflation >= -1.75, quality_best: 0.419, coverage_best: (p=200, n=9, P=555, N=70)
2026-04-14 13:03:06,515 - INFO - Regula po iteracji 1: IF inflation <= 3.35 AND inflation >= -1.75 THEN class = {230.13} [-268.75, 729.00], (p=200, n=9, P=555, N=70)
2026-04-14 13:03:06,515 - INFO - *****GROWING RR RULE*****
2026-04-14 13:03:06,621 - INFO - Iteracja 0: condition_best: None, quality_best: -inf, coverage_best: (p=0, n=0, P=0, N=0), p_value: 0
2026-04-14 13:03:06,621 - INFO - Regula po iteracji 0: IF  THEN class = {302.30} [-257.91, 862.51], (p=574, n=51, P=574, N=51)
2026-04-14 13:03:06,621 - INFO - *****STOP GROWING RR RULE*****
2026-04-14 13:03:06,621 - INFO - ***RR NOT FOUND***
2026-04-14 13:03:06,643 - INFO - Iteracja 2: condition_best: representation >= 15.50, quality_best: 0.434, coverage_best: (p=193, n=8, P=555, N=70)
2026-04-14 13:03:06,643 - INFO - Regula po iteracji 2: IF inflation <= 3.35 AND inflation >= -1.75 AND representation >= 15.50 THEN class = {224.06} [-279.71, 727.82], (p=193, n=8, P=555, N=70)
2026-04-14 13:03:06,644 - INFO - *****GROWING RR RULE*****
2026-04-14 13:03:06,748 - INFO - Iteracja 0: condition_best: None, quality_best: -inf, coverage_best: (p=0, n=0, P=0, N=0), p_value: 0
2026-04-14 13:03:06,748 - INFO - Regula po iteracji 0: IF  THEN class = {302.30} [-257.91, 862.51], (p=574, n=51, P=574, N=51)
2026-04-14 13:03:06,748 - INFO - *****STOP GROWING RR RULE*****
2026-04-14 13:03:06,748 - INFO - ***RR NOT FOUND***
2026-04-14 13:03:06,770 - INFO - Iteracja 3: condition_best: unemployment <= 13.90, quality_best: 0.433, coverage_best: (p=192, n=8, P=555, N=70)
2026-04-14 13:03:06,770 - INFO - Regula po iteracji 3: IF inflation <= 3.35 AND inflation >= -1.75 AND representation >= 15.50 AND unemployment <= 13.90 THEN class = {225.15} [-279.64, 729.94], (p=192, n=8, P=555, N=70)
2026-04-14 13:03:06,770 - INFO - *****GROWING RR RULE*****
2026-04-14 13:03:06,875 - INFO - Iteracja 0: condition_best: None, quality_best: -inf, coverage_best: (p=0, n=0, P=0, N=0), p_value: 0
2026-04-14 13:03:06,875 - INFO - Regula po iteracji 0: IF  THEN class = {302.30} [-257.91, 862.51], (p=574, n=51, P=574, N=51)
2026-04-14 13:03:06,875 - INFO - *****STOP GROWING RR RULE*****
2026-04-14 13:03:06,875 - INFO - ***RR NOT FOUND***
2026-04-14 13:03:06,896 - INFO - Iteracja 4: condition_best: representation >= 18.50, quality_best: 0.431, coverage_best: (p=191, n=8, P=555, N=70)
2026-04-14 13:03:06,897 - INFO - Regula po iteracji 4: IF inflation <= 3.35 AND inflation >= -1.75 AND representation >= 15.50 AND unemployment <= 13.90 AND representation >= 18.50 THEN class = {225.29} [-280.76, 731.34], (p=191, n=8, P=555, N=70)
2026-04-14 13:03:06,897 - INFO - *****GROWING RR RULE*****
2026-04-14 13:03:07,001 - INFO - Iteracja 0: condition_best: None, quality_best: -inf, coverage_best: (p=0, n=0, P=0, N=0), p_value: 0
2026-04-14 13:03:07,001 - INFO - Regula po iteracji 0: IF  THEN class = {302.30} [-257.91, 862.51], (p=574, n=51, P=574, N=51)
2026-04-14 13:03:07,002 - INFO - *****STOP GROWING RR RULE*****
2026-04-14 13:03:07,002 - INFO - ***RR NOT FOUND***
2026-04-14 13:03:07,002 - INFO - *******STOP GROWING CR RULE*******
2026-04-14 13:03:07,003 - INFO - *******GROWING CR RULE*******
2026-04-14 13:03:07,061 - INFO - Iteracja 0: condition_best: unemployment <= 4.55, quality_best: 0.393, coverage_best: (p=402, n=20, P=570, N=55)
2026-04-14 13:03:07,061 - INFO - Regula po iteracji 0: IF unemployment <= 4.55 THEN class = {224.65} [-360.99, 810.30], (p=402, n=20, P=570, N=55)
2026-04-14 13:03:07,061 - INFO - *****GROWING RR RULE*****
2026-04-14 13:03:07,166 - INFO - Iteracja 0: condition_best: None, quality_best: -inf, coverage_best: (p=0, n=0, P=0, N=0), p_value: 0
2026-04-14 13:03:07,166 - INFO - Regula po iteracji 0: IF  THEN class = {302.30} [-257.91, 862.51], (p=574, n=51, P=574, N=51)
2026-04-14 13:03:07,166 - INFO - *****STOP GROWING RR RULE*****
2026-04-14 13:03:07,166 - INFO - ***RR NOT FOUND***
2026-04-14 13:03:07,202 - INFO - Iteracja 1: condition_best: representation >= 23.50, quality_best: 0.49, coverage_best: (p=386, n=21, P=549, N=76)
2026-04-14 13:03:07,202 - INFO - Regula po iteracji 1: IF unemployment <= 4.55 AND representation >= 23.50 THEN class = {206.25} [-282.52, 695.02], (p=386, n=21, P=549, N=76)
2026-04-14 13:03:07,202 - INFO - *****GROWING RR RULE*****
2026-04-14 13:03:07,308 - INFO - Iteracja 0: condition_best: None, quality_best: -inf, coverage_best: (p=0, n=0, P=0, N=0), p_value: 0
2026-04-14 13:03:07,308 - INFO - Regula po iteracji 0: IF  THEN class = {302.30} [-257.91, 862.51], (p=574, n=51, P=574, N=51)
2026-04-14 13:03:07,308 - INFO - *****STOP GROWING RR RULE*****
2026-04-14 13:03:07,309 - INFO - ***RR NOT FOUND***
2026-04-14 13:03:07,343 - INFO - Iteracja 2: condition_best: inflation >= -1.45, quality_best: 0.505, coverage_best: (p=385, n=20, P=549, N=76)
2026-04-14 13:03:07,344 - INFO - Regula po iteracji 2: IF unemployment <= 4.55 AND representation >= 23.50 AND inflation >= -1.45 THEN class = {204.59} [-284.46, 693.63], (p=385, n=20, P=549, N=76)
2026-04-14 13:03:07,344 - INFO - *****GROWING RR RULE*****
2026-04-14 13:03:07,448 - INFO - Iteracja 0: condition_best: None, quality_best: -inf, coverage_best: (p=0, n=0, P=0, N=0), p_value: 0
2026-04-14 13:03:07,449 - INFO - Regula po iteracji 0: IF  THEN class = {302.30} [-257.91, 862.51], (p=574, n=51, P=574, N=51)
2026-04-14 13:03:07,449 - INFO - *****STOP GROWING RR RULE*****
2026-04-14 13:03:07,449 - INFO - ***RR NOT FOUND***
2026-04-14 13:03:07,484 - INFO - Iteracja 3: condition_best: inflation <= 11.05, quality_best: 0.506, coverage_best: (p=346, n=17, P=548, N=77)
2026-04-14 13:03:07,484 - INFO - Regula po iteracji 3: IF unemployment <= 4.55 AND representation >= 23.50 AND inflation >= -1.45 AND inflation <= 11.05 THEN class = {188.61} [-305.14, 682.36], (p=346, n=17, P=548, N=77)
2026-04-14 13:03:07,484 - INFO - *****GROWING RR RULE*****
2026-04-14 13:03:07,596 - INFO - Iteracja 0: condition_best: None, quality_best: -inf, coverage_best: (p=0, n=0, P=0, N=0), p_value: 0
2026-04-14 13:03:07,596 - INFO - Regula po iteracji 0: IF  THEN class = {302.30} [-257.91, 862.51], (p=574, n=51, P=574, N=51)
2026-04-14 13:03:07,596 - INFO - *****STOP GROWING RR RULE*****
2026-04-14 13:03:07,596 - INFO - ***RR NOT FOUND***
2026-04-14 13:03:07,627 - INFO - Iteracja 4: condition_best: inflation >= -0.95, quality_best: 0.504, coverage_best: (p=345, n=17, P=548, N=77)
2026-04-14 13:03:07,627 - INFO - Regula po iteracji 4: IF unemployment <= 4.55 AND representation >= 23.50 AND inflation >= -1.45 AND inflation <= 11.05 AND inflation >= -0.95 THEN class = {188.54} [-305.89, 682.96], (p=345, n=17, P=548, N=77)
2026-04-14 13:03:07,627 - INFO - *****GROWING RR RULE*****
2026-04-14 13:03:07,739 - INFO - Iteracja 0: condition_best: None, quality_best: -inf, coverage_best: (p=0, n=0, P=0, N=0), p_value: 0
2026-04-14 13:03:07,739 - INFO - Regula po iteracji 0: IF  THEN class = {302.30} [-257.91, 862.51], (p=574, n=51, P=574, N=51)
2026-04-14 13:03:07,739 - INFO - *****STOP GROWING RR RULE*****
2026-04-14 13:03:07,739 - INFO - ***RR NOT FOUND***
2026-04-14 13:03:07,739 - INFO - *******STOP GROWING CR RULE*******
2026-04-14 13:03:07,741 - INFO - *******GROWING CR RULE*******
2026-04-14 13:03:07,799 - INFO - Iteracja 0: condition_best: inflation <= 4.65, quality_best: 0.393, coverage_best: (p=294, n=13, P=570, N=55)
2026-04-14 13:03:07,800 - INFO - Regula po iteracji 0: IF inflation <= 4.65 THEN class = {238.79} [-347.78, 825.36], (p=294, n=13, P=570, N=55)
2026-04-14 13:03:07,800 - INFO - *****GROWING RR RULE*****
2026-04-14 13:03:07,908 - INFO - Iteracja 0: condition_best: None, quality_best: -inf, coverage_best: (p=0, n=0, P=0, N=0), p_value: 0
2026-04-14 13:03:07,908 - INFO - Regula po iteracji 0: IF  THEN class = {302.30} [-257.91, 862.51], (p=574, n=51, P=574, N=51)
2026-04-14 13:03:07,908 - INFO - *****STOP GROWING RR RULE*****
2026-04-14 13:03:07,908 - INFO - ***RR NOT FOUND***
2026-04-14 13:03:07,937 - INFO - Iteracja 1: condition_best: representation <= 39.50, quality_best: 0.52, coverage_best: (p=130, n=2, P=564, N=61)
2026-04-14 13:03:07,937 - INFO - Regula po iteracji 1: IF inflation <= 4.65 AND representation <= 39.50 THEN class = {169.16} [-448.48, 786.80], (p=130, n=2, P=564, N=61)
2026-04-14 13:03:07,937 - INFO - *****GROWING RR RULE*****
2026-04-14 13:03:08,046 - INFO - Iteracja 0: condition_best: None, quality_best: -inf, coverage_best: (p=0, n=0, P=0, N=0), p_value: 0
2026-04-14 13:03:08,046 - INFO - Regula po iteracji 0: IF  THEN class = {302.30} [-257.91, 862.51], (p=574, n=51, P=574, N=51)
2026-04-14 13:03:08,046 - INFO - *****STOP GROWING RR RULE*****
2026-04-14 13:03:08,046 - INFO - ***RR NOT FOUND***
2026-04-14 13:03:08,063 - INFO - Iteracja 2: condition_best: inflation >= -2.40, quality_best: 0.518, coverage_best: (p=129, n=2, P=564, N=61)
2026-04-14 13:03:08,063 - INFO - Regula po iteracji 2: IF inflation <= 4.65 AND representation <= 39.50 AND inflation >= -2.40 THEN class = {168.31} [-451.61, 788.22], (p=129, n=2, P=564, N=61)
2026-04-14 13:03:08,064 - INFO - *****GROWING RR RULE*****
2026-04-14 13:03:08,172 - INFO - Iteracja 0: condition_best: None, quality_best: -inf, coverage_best: (p=0, n=0, P=0, N=0), p_value: 0
2026-04-14 13:03:08,172 - INFO - Regula po iteracji 0: IF  THEN class = {302.30} [-257.91, 862.51], (p=574, n=51, P=574, N=51)
2026-04-14 13:03:08,172 - INFO - *****STOP GROWING RR RULE*****
2026-04-14 13:03:08,172 - INFO - ***RR NOT FOUND***
2026-04-14 13:03:08,189 - INFO - Iteracja 3: condition_best: unemployment <= 13.90, quality_best: 0.515, coverage_best: (p=128, n=2, P=565, N=60)
2026-04-14 13:03:08,190 - INFO - Regula po iteracji 3: IF inflation <= 4.65 AND representation <= 39.50 AND inflation >= -2.40 AND unemployment <= 13.90 THEN class = {169.55} [-452.58, 791.68], (p=128, n=2, P=565, N=60)
2026-04-14 13:03:08,190 - INFO - *****GROWING RR RULE*****
2026-04-14 13:03:08,298 - INFO - Iteracja 0: condition_best: None, quality_best: -inf, coverage_best: (p=0, n=0, P=0, N=0), p_value: 0
2026-04-14 13:03:08,298 - INFO - Regula po iteracji 0: IF  THEN class = {302.30} [-257.91, 862.51], (p=574, n=51, P=574, N=51)
2026-04-14 13:03:08,298 - INFO - *****STOP GROWING RR RULE*****
2026-04-14 13:03:08,298 - INFO - ***RR NOT FOUND***
2026-04-14 13:03:08,316 - INFO - Iteracja 4: condition_best: unemployment <= 13.25, quality_best: 0.51, coverage_best: (p=127, n=2, P=567, N=58)
2026-04-14 13:03:08,316 - INFO - Regula po iteracji 4: IF inflation <= 4.65 AND representation <= 39.50 AND inflation >= -2.40 AND unemployment <= 13.90 AND unemployment <= 13.25 THEN class = {170.67} [-453.74, 795.08], (p=127, n=2, P=567, N=58)
2026-04-14 13:03:08,316 - INFO - *****GROWING RR RULE*****
2026-04-14 13:03:08,424 - INFO - Iteracja 0: condition_best: None, quality_best: -inf, coverage_best: (p=0, n=0, P=0, N=0), p_value: 0
2026-04-14 13:03:08,424 - INFO - Regula po iteracji 0: IF  THEN class = {302.30} [-257.91, 862.51], (p=574, n=51, P=574, N=51)
2026-04-14 13:03:08,424 - INFO - *****STOP GROWING RR RULE*****
2026-04-14 13:03:08,424 - INFO - ***RR NOT FOUND***
2026-04-14 13:03:08,424 - INFO - *******STOP GROWING CR RULE*******
2026-04-14 13:03:08,426 - INFO - *******GROWING CR RULE*******
2026-04-14 13:03:08,482 - INFO - Iteracja 0: condition_best: inflation <= 4.65, quality_best: 0.393, coverage_best: (p=294, n=13, P=570, N=55)
2026-04-14 13:03:08,483 - INFO - Regula po iteracji 0: IF inflation <= 4.65 THEN class = {238.79} [-347.78, 825.36], (p=294, n=13, P=570, N=55)
2026-04-14 13:03:08,483 - INFO - *****GROWING RR RULE*****
2026-04-14 13:03:08,590 - INFO - Iteracja 0: condition_best: None, quality_best: -inf, coverage_best: (p=0, n=0, P=0, N=0), p_value: 0
2026-04-14 13:03:08,590 - INFO - Regula po iteracji 0: IF  THEN class = {302.30} [-257.91, 862.51], (p=574, n=51, P=574, N=51)
2026-04-14 13:03:08,590 - INFO - *****STOP GROWING RR RULE*****
2026-04-14 13:03:08,590 - INFO - ***RR NOT FOUND***
2026-04-14 13:03:08,618 - INFO - Iteracja 1: condition_best: representation <= 56.50, quality_best: 0.486, coverage_best: (p=271, n=12, P=549, N=76)
2026-04-14 13:03:08,618 - INFO - Regula po iteracji 1: IF inflation <= 4.65 AND representation <= 56.50 THEN class = {196.70} [-297.74, 691.13], (p=271, n=12, P=549, N=76)
2026-04-14 13:03:08,618 - INFO - *****GROWING RR RULE*****
2026-04-14 13:03:08,726 - INFO - Iteracja 0: condition_best: None, quality_best: -inf, coverage_best: (p=0, n=0, P=0, N=0), p_value: 0
2026-04-14 13:03:08,726 - INFO - Regula po iteracji 0: IF  THEN class = {302.30} [-257.91, 862.51], (p=574, n=51, P=574, N=51)
2026-04-14 13:03:08,726 - INFO - *****STOP GROWING RR RULE*****
2026-04-14 13:03:08,726 - INFO - ***RR NOT FOUND***
2026-04-14 13:03:08,752 - INFO - Iteracja 2: condition_best: inflation >= -1.75, quality_best: 0.504, coverage_best: (p=269, n=11, P=549, N=76)
2026-04-14 13:03:08,752 - INFO - Regula po iteracji 2: IF inflation <= 4.65 AND representation <= 56.50 AND inflation >= -1.75 THEN class = {194.58} [-301.09, 690.25], (p=269, n=11, P=549, N=76)
2026-04-14 13:03:08,753 - INFO - *****GROWING RR RULE*****
2026-04-14 13:03:08,860 - INFO - Iteracja 0: condition_best: None, quality_best: -inf, coverage_best: (p=0, n=0, P=0, N=0), p_value: 0
2026-04-14 13:03:08,860 - INFO - Regula po iteracji 0: IF  THEN class = {302.30} [-257.91, 862.51], (p=574, n=51, P=574, N=51)
2026-04-14 13:03:08,860 - INFO - *****STOP GROWING RR RULE*****
2026-04-14 13:03:08,860 - INFO - ***RR NOT FOUND***
2026-04-14 13:03:08,886 - INFO - Iteracja 3: condition_best: representation >= 15.50, quality_best: 0.509, coverage_best: (p=258, n=10, P=549, N=76)
2026-04-14 13:03:08,886 - INFO - Regula po iteracji 3: IF inflation <= 4.65 AND representation <= 56.50 AND inflation >= -1.75 AND representation >= 15.50 THEN class = {189.81} [-312.69, 692.31], (p=258, n=10, P=549, N=76)
2026-04-14 13:03:08,886 - INFO - *****GROWING RR RULE*****
2026-04-14 13:03:08,998 - INFO - Iteracja 0: condition_best: None, quality_best: -inf, coverage_best: (p=0, n=0, P=0, N=0), p_value: 0
2026-04-14 13:03:08,998 - INFO - Regula po iteracji 0: IF  THEN class = {302.30} [-257.91, 862.51], (p=574, n=51, P=574, N=51)
2026-04-14 13:03:08,998 - INFO - *****STOP GROWING RR RULE*****
2026-04-14 13:03:08,999 - INFO - ***RR NOT FOUND***
2026-04-14 13:03:09,023 - INFO - Iteracja 4: condition_best: unemployment <= 13.90, quality_best: 0.508, coverage_best: (p=257, n=10, P=549, N=76)
2026-04-14 13:03:09,023 - INFO - Regula po iteracji 4: IF inflation <= 4.65 AND representation <= 56.50 AND inflation >= -1.75 AND representation >= 15.50 AND unemployment <= 13.90 THEN class = {190.50} [-312.82, 693.81], (p=257, n=10, P=549, N=76)
2026-04-14 13:03:09,024 - INFO - *****GROWING RR RULE*****
2026-04-14 13:03:09,135 - INFO - Iteracja 0: condition_best: None, quality_best: -inf, coverage_best: (p=0, n=0, P=0, N=0), p_value: 0
2026-04-14 13:03:09,136 - INFO - Regula po iteracji 0: IF  THEN class = {302.30} [-257.91, 862.51], (p=574, n=51, P=574, N=51)
2026-04-14 13:03:09,136 - INFO - *****STOP GROWING RR RULE*****
2026-04-14 13:03:09,136 - INFO - ***RR NOT FOUND***
2026-04-14 13:03:09,136 - INFO - *******STOP GROWING CR RULE*******
2026-04-14 13:03:09,137 - INFO - *******GROWING CR RULE*******
2026-04-14 13:03:09,195 - INFO - Iteracja 0: condition_best: country = {10}, quality_best: 0.372, coverage_best: (p=24, n=11, P=115, N=510)
2026-04-14 13:03:09,195 - INFO - Regula po iteracji 0: IF country = {10} THEN class = {997.69} [413.51, 1,581.86], (p=24, n=11, P=115, N=510)
2026-04-14 13:03:09,195 - INFO - *****GROWING RR RULE*****
2026-04-14 13:03:09,295 - INFO - Iteracja 0: condition_best: None, quality_best: -inf, coverage_best: (p=0, n=0, P=0, N=0), p_value: 0
2026-04-14 13:03:09,295 - INFO - Regula po iteracji 0: IF  THEN class = {302.30} [-257.91, 862.51], (p=574, n=51, P=574, N=51)
2026-04-14 13:03:09,295 - INFO - *****STOP GROWING RR RULE*****
2026-04-14 13:03:09,295 - INFO - ***RR NOT FOUND***
2026-04-14 13:03:09,306 - INFO - Iteracja 1: condition_best: year >= 1,967.50, quality_best: 0.45, coverage_best: (p=14, n=4, P=70, N=555)
2026-04-14 13:03:09,306 - INFO - Regula po iteracji 1: IF country = {10} AND year >= 1,967.50 THEN class = {1,279.89} [677.64, 1,882.13], (p=14, n=4, P=70, N=555)
2026-04-14 13:03:09,306 - INFO - *****GROWING RR RULE*****
2026-04-14 13:03:09,406 - INFO - Iteracja 0: condition_best: None, quality_best: -inf, coverage_best: (p=0, n=0, P=0, N=0), p_value: 0
2026-04-14 13:03:09,406 - INFO - Regula po iteracji 0: IF  THEN class = {302.30} [-257.91, 862.51], (p=574, n=51, P=574, N=51)
2026-04-14 13:03:09,406 - INFO - *****STOP GROWING RR RULE*****
2026-04-14 13:03:09,406 - INFO - ***RR NOT FOUND***
2026-04-14 13:03:09,411 - INFO - Iteracja 2: condition_best: year <= 1,977.50, quality_best: 0.476, coverage_best: (p=8, n=2, P=38, N=587)
2026-04-14 13:03:09,411 - INFO - Regula po iteracji 2: IF country = {10} AND year >= 1,967.50 AND year <= 1,977.50 THEN class = {1,561.50} [1,008.41, 2,114.59], (p=8, n=2, P=38, N=587)
2026-04-14 13:03:09,412 - INFO - *****GROWING RR RULE*****
2026-04-14 13:03:09,511 - INFO - Iteracja 0: condition_best: None, quality_best: -inf, coverage_best: (p=0, n=0, P=0, N=0), p_value: 0
2026-04-14 13:03:09,511 - INFO - Regula po iteracji 0: IF  THEN class = {302.30} [-257.91, 862.51], (p=574, n=51, P=574, N=51)
2026-04-14 13:03:09,512 - INFO - *****STOP GROWING RR RULE*****
2026-04-14 13:03:09,512 - INFO - ***RR NOT FOUND***
2026-04-14 13:03:09,515 - INFO - Iteracja 3: condition_best: inflation >= 4.95, quality_best: 0.502, coverage_best: (p=5, n=2, P=12, N=613)
2026-04-14 13:03:09,515 - INFO - Regula po iteracji 3: IF country = {10} AND year >= 1,967.50 AND year <= 1,977.50 AND inflation >= 4.95 THEN class = {1,560.43} [1,318.67, 1,802.19], (p=5, n=2, P=12, N=613)
2026-04-14 13:03:09,515 - INFO - *****GROWING RR RULE*****
2026-04-14 13:03:09,615 - INFO - Iteracja 0: condition_best: None, quality_best: -inf, coverage_best: (p=0, n=0, P=0, N=0), p_value: 0
2026-04-14 13:03:09,615 - INFO - Regula po iteracji 0: IF  THEN class = {302.30} [-257.91, 862.51], (p=574, n=51, P=574, N=51)
2026-04-14 13:03:09,616 - INFO - *****STOP GROWING RR RULE*****
2026-04-14 13:03:09,616 - INFO - ***RR NOT FOUND***
2026-04-14 13:03:09,618 - INFO - Iteracja 4: condition_best: inflation <= 17.75, quality_best: 0.447, coverage_best: (p=3, n=2, P=6, N=619)
2026-04-14 13:03:09,618 - INFO - Regula po iteracji 4: IF country = {10} AND year >= 1,967.50 AND year <= 1,977.50 AND inflation >= 4.95 AND inflation <= 17.75 THEN class = {1,678.60} [1,512.56, 1,844.64], (p=3, n=2, P=6, N=619)
2026-04-14 13:03:09,619 - INFO - *****GROWING RR RULE*****
2026-04-14 13:03:09,719 - INFO - Iteracja 0: condition_best: None, quality_best: -inf, coverage_best: (p=0, n=0, P=0, N=0), p_value: 0
2026-04-14 13:03:09,719 - INFO - Regula po iteracji 0: IF  THEN class = {302.30} [-257.91, 862.51], (p=574, n=51, P=574, N=51)
2026-04-14 13:03:09,719 - INFO - *****STOP GROWING RR RULE*****
2026-04-14 13:03:09,719 - INFO - ***RR NOT FOUND***
2026-04-14 13:03:09,719 - INFO - *******STOP GROWING CR RULE*******
2026-04-14 13:03:09,720 - INFO - *******GROWING CR RULE*******
2026-04-14 13:03:09,777 - INFO - Iteracja 0: condition_best: country = {10}, quality_best: 0.372, coverage_best: (p=24, n=11, P=115, N=510)
2026-04-14 13:03:09,777 - INFO - Regula po iteracji 0: IF country = {10} THEN class = {997.69} [413.51, 1,581.86], (p=24, n=11, P=115, N=510)
2026-04-14 13:03:09,778 - INFO - *****GROWING RR RULE*****
2026-04-14 13:03:09,878 - INFO - Iteracja 0: condition_best: None, quality_best: -inf, coverage_best: (p=0, n=0, P=0, N=0), p_value: 0
2026-04-14 13:03:09,878 - INFO - Regula po iteracji 0: IF  THEN class = {302.30} [-257.91, 862.51], (p=574, n=51, P=574, N=51)
2026-04-14 13:03:09,878 - INFO - *****STOP GROWING RR RULE*****
2026-04-14 13:03:09,878 - INFO - ***RR NOT FOUND***
2026-04-14 13:03:09,887 - INFO - Iteracja 1: condition_best: year >= 1,967.50, quality_best: 0.45, coverage_best: (p=14, n=4, P=70, N=555)
2026-04-14 13:03:09,887 - INFO - Regula po iteracji 1: IF country = {10} AND year >= 1,967.50 THEN class = {1,279.89} [677.64, 1,882.13], (p=14, n=4, P=70, N=555)
2026-04-14 13:03:09,888 - INFO - *****GROWING RR RULE*****
2026-04-14 13:03:09,987 - INFO - Iteracja 0: condition_best: None, quality_best: -inf, coverage_best: (p=0, n=0, P=0, N=0), p_value: 0
2026-04-14 13:03:09,987 - INFO - Regula po iteracji 0: IF  THEN class = {302.30} [-257.91, 862.51], (p=574, n=51, P=574, N=51)
2026-04-14 13:03:09,988 - INFO - *****STOP GROWING RR RULE*****
2026-04-14 13:03:09,988 - INFO - ***RR NOT FOUND***
2026-04-14 13:03:09,993 - INFO - Iteracja 2: condition_best: year <= 1,980.50, quality_best: 0.461, coverage_best: (p=10, n=3, P=44, N=581)
2026-04-14 13:03:09,993 - INFO - Regula po iteracji 2: IF country = {10} AND year >= 1,967.50 AND year <= 1,980.50 THEN class = {1,484.23} [928.08, 2,040.39], (p=10, n=3, P=44, N=581)
2026-04-14 13:03:09,993 - INFO - *****GROWING RR RULE*****
2026-04-14 13:03:10,093 - INFO - Iteracja 0: condition_best: None, quality_best: -inf, coverage_best: (p=0, n=0, P=0, N=0), p_value: 0
2026-04-14 13:03:10,093 - INFO - Regula po iteracji 0: IF  THEN class = {302.30} [-257.91, 862.51], (p=574, n=51, P=574, N=51)
2026-04-14 13:03:10,093 - INFO - *****STOP GROWING RR RULE*****
2026-04-14 13:03:10,093 - INFO - ***RR NOT FOUND***
2026-04-14 13:03:10,097 - INFO - Iteracja 3: condition_best: year >= 1,968.50, quality_best: 0.52, coverage_best: (p=10, n=2, P=38, N=587)
2026-04-14 13:03:10,097 - INFO - Regula po iteracji 3: IF country = {10} AND year >= 1,967.50 AND year <= 1,980.50 AND year >= 1,968.50 THEN class = {1,548.00} [1,016.76, 2,079.24], (p=10, n=2, P=38, N=587)
2026-04-14 13:03:10,098 - INFO - *****GROWING RR RULE*****
2026-04-14 13:03:10,198 - INFO - Iteracja 0: condition_best: None, quality_best: -inf, coverage_best: (p=0, n=0, P=0, N=0), p_value: 0
2026-04-14 13:03:10,198 - INFO - Regula po iteracji 0: IF  THEN class = {302.30} [-257.91, 862.51], (p=574, n=51, P=574, N=51)
2026-04-14 13:03:10,198 - INFO - *****STOP GROWING RR RULE*****
2026-04-14 13:03:10,198 - INFO - ***RR NOT FOUND***
2026-04-14 13:03:10,202 - INFO - Iteracja 4: condition_best: year <= 1,979.50, quality_best: 0.504, coverage_best: (p=9, n=2, P=36, N=589)
2026-04-14 13:03:10,202 - INFO - Regula po iteracji 4: IF country = {10} AND year >= 1,967.50 AND year <= 1,980.50 AND year >= 1,968.50 AND year <= 1,979.50 THEN class = {1,588.00} [1,050.71, 2,125.29], (p=9, n=2, P=36, N=589)
2026-04-14 13:03:10,203 - INFO - *****GROWING RR RULE*****
2026-04-14 13:03:10,302 - INFO - Iteracja 0: condition_best: None, quality_best: -inf, coverage_best: (p=0, n=0, P=0, N=0), p_value: 0
2026-04-14 13:03:10,302 - INFO - Regula po iteracji 0: IF  THEN class = {302.30} [-257.91, 862.51], (p=574, n=51, P=574, N=51)
2026-04-14 13:03:10,302 - INFO - *****STOP GROWING RR RULE*****
2026-04-14 13:03:10,302 - INFO - ***RR NOT FOUND***
2026-04-14 13:03:10,303 - INFO - *******STOP GROWING CR RULE*******
2026-04-14 13:03:10,304 - INFO - *******GROWING CR RULE*******
2026-04-14 13:03:10,362 - INFO - Iteracja 0: condition_best: country = {10}, quality_best: 0.372, coverage_best: (p=24, n=11, P=115, N=510)
2026-04-14 13:03:10,362 - INFO - Regula po iteracji 0: IF country = {10} THEN class = {997.69} [413.51, 1,581.86], (p=24, n=11, P=115, N=510)
2026-04-14 13:03:10,362 - INFO - *****GROWING RR RULE*****
2026-04-14 13:03:10,462 - INFO - Iteracja 0: condition_best: None, quality_best: -inf, coverage_best: (p=0, n=0, P=0, N=0), p_value: 0
2026-04-14 13:03:10,462 - INFO - Regula po iteracji 0: IF  THEN class = {302.30} [-257.91, 862.51], (p=574, n=51, P=574, N=51)
2026-04-14 13:03:10,462 - INFO - *****STOP GROWING RR RULE*****
2026-04-14 13:03:10,463 - INFO - ***RR NOT FOUND***
2026-04-14 13:03:10,472 - INFO - Iteracja 1: condition_best: year >= 1,967.50, quality_best: 0.45, coverage_best: (p=14, n=4, P=70, N=555)
2026-04-14 13:03:10,472 - INFO - Regula po iteracji 1: IF country = {10} AND year >= 1,967.50 THEN class = {1,279.89} [677.64, 1,882.13], (p=14, n=4, P=70, N=555)
2026-04-14 13:03:10,472 - INFO - *****GROWING RR RULE*****
2026-04-14 13:03:10,573 - INFO - Iteracja 0: condition_best: None, quality_best: -inf, coverage_best: (p=0, n=0, P=0, N=0), p_value: 0
2026-04-14 13:03:10,573 - INFO - Regula po iteracji 0: IF  THEN class = {302.30} [-257.91, 862.51], (p=574, n=51, P=574, N=51)
2026-04-14 13:03:10,573 - INFO - *****STOP GROWING RR RULE*****
2026-04-14 13:03:10,573 - INFO - ***RR NOT FOUND***
2026-04-14 13:03:10,578 - INFO - Iteracja 2: condition_best: unemployment >= 5.45, quality_best: 0.441, coverage_best: (p=12, n=3, P=82, N=543)
2026-04-14 13:03:10,578 - INFO - Regula po iteracji 2: IF country = {10} AND year >= 1,967.50 AND unemployment >= 5.45 THEN class = {1,266.20} [612.97, 1,919.43], (p=12, n=3, P=82, N=543)
2026-04-14 13:03:10,579 - INFO - *****GROWING RR RULE*****
2026-04-14 13:03:10,679 - INFO - Iteracja 0: condition_best: None, quality_best: -inf, coverage_best: (p=0, n=0, P=0, N=0), p_value: 0
2026-04-14 13:03:10,679 - INFO - Regula po iteracji 0: IF  THEN class = {302.30} [-257.91, 862.51], (p=574, n=51, P=574, N=51)
2026-04-14 13:03:10,679 - INFO - *****STOP GROWING RR RULE*****
2026-04-14 13:03:10,679 - INFO - ***RR NOT FOUND***
2026-04-14 13:03:10,684 - INFO - Iteracja 3: condition_best: year >= 1,968.50, quality_best: 0.435, coverage_best: (p=11, n=3, P=74, N=551)
2026-04-14 13:03:10,684 - INFO - Regula po iteracji 3: IF country = {10} AND year >= 1,967.50 AND unemployment >= 5.45 AND year >= 1,968.50 THEN class = {1,305.29} [646.29, 1,964.28], (p=11, n=3, P=74, N=551)
2026-04-14 13:03:10,684 - INFO - *****GROWING RR RULE*****
2026-04-14 13:03:10,784 - INFO - Iteracja 0: condition_best: None, quality_best: -inf, coverage_best: (p=0, n=0, P=0, N=0), p_value: 0
2026-04-14 13:03:10,784 - INFO - Regula po iteracji 0: IF  THEN class = {302.30} [-257.91, 862.51], (p=574, n=51, P=574, N=51)
2026-04-14 13:03:10,784 - INFO - *****STOP GROWING RR RULE*****
2026-04-14 13:03:10,784 - INFO - ***RR NOT FOUND***
2026-04-14 13:03:10,789 - INFO - Iteracja 4: condition_best: inflation <= 20.40, quality_best: 0.417, coverage_best: (p=10, n=3, P=76, N=549)
2026-04-14 13:03:10,789 - INFO - Regula po iteracji 4: IF country = {10} AND year >= 1,967.50 AND unemployment >= 5.45 AND year >= 1,968.50 AND inflation <= 20.40 THEN class = {1,320.46} [638.95, 2,001.97], (p=10, n=3, P=76, N=549)
2026-04-14 13:03:10,789 - INFO - *****GROWING RR RULE*****
2026-04-14 13:03:10,889 - INFO - Iteracja 0: condition_best: None, quality_best: -inf, coverage_best: (p=0, n=0, P=0, N=0), p_value: 0
2026-04-14 13:03:10,889 - INFO - Regula po iteracji 0: IF  THEN class = {302.30} [-257.91, 862.51], (p=574, n=51, P=574, N=51)
2026-04-14 13:03:10,889 - INFO - *****STOP GROWING RR RULE*****
2026-04-14 13:03:10,889 - INFO - ***RR NOT FOUND***
2026-04-14 13:03:10,889 - INFO - *******STOP GROWING CR RULE*******
2026-04-14 13:03:10,890 - INFO - *******GROWING CR RULE*******
2026-04-14 13:03:10,946 - INFO - Iteracja 0: condition_best: country = {17}, quality_best: 0.364, coverage_best: (p=31, n=4, P=405, N=220)
2026-04-14 13:03:10,946 - INFO - Regula po iteracji 0: IF country = {17} THEN class = {325.54} [14.40, 636.69], (p=31, n=4, P=405, N=220)
2026-04-14 13:03:10,947 - INFO - *****GROWING RR RULE*****
2026-04-14 13:03:11,048 - INFO - Iteracja 0: condition_best: None, quality_best: -inf, coverage_best: (p=0, n=0, P=0, N=0), p_value: 0
2026-04-14 13:03:11,049 - INFO - Regula po iteracji 0: IF  THEN class = {302.30} [-257.91, 862.51], (p=574, n=51, P=574, N=51)
2026-04-14 13:03:11,049 - INFO - *****STOP GROWING RR RULE*****
2026-04-14 13:03:11,049 - INFO - ***RR NOT FOUND***
2026-04-14 13:03:11,059 - INFO - Iteracja 1: condition_best: year >= 1,953.50, quality_best: 0.418, coverage_best: (p=29, n=3, P=366, N=259)
2026-04-14 13:03:11,059 - INFO - Regula po iteracji 1: IF country = {17} AND year >= 1,953.50 THEN class = {347.59} [31.04, 664.15], (p=29, n=3, P=366, N=259)
2026-04-14 13:03:11,060 - INFO - *****GROWING RR RULE*****
2026-04-14 13:03:11,162 - INFO - Iteracja 0: condition_best: None, quality_best: -inf, coverage_best: (p=0, n=0, P=0, N=0), p_value: 0
2026-04-14 13:03:11,162 - INFO - Regula po iteracji 0: IF  THEN class = {302.30} [-257.91, 862.51], (p=574, n=51, P=574, N=51)
2026-04-14 13:03:11,163 - INFO - *****STOP GROWING RR RULE*****
2026-04-14 13:03:11,163 - INFO - ***RR NOT FOUND***
2026-04-14 13:03:11,172 - INFO - Iteracja 2: condition_best: representation >= 41.50, quality_best: 0.442, coverage_best: (p=22, n=2, P=322, N=303)
2026-04-14 13:03:11,172 - INFO - Regula po iteracji 2: IF country = {17} AND year >= 1,953.50 AND representation >= 41.50 THEN class = {355.54} [58.15, 652.94], (p=22, n=2, P=322, N=303)
2026-04-14 13:03:11,172 - INFO - *****GROWING RR RULE*****
2026-04-14 13:03:11,273 - INFO - Iteracja 0: condition_best: None, quality_best: -inf, coverage_best: (p=0, n=0, P=0, N=0), p_value: 0
2026-04-14 13:03:11,273 - INFO - Regula po iteracji 0: IF  THEN class = {302.30} [-257.91, 862.51], (p=574, n=51, P=574, N=51)
2026-04-14 13:03:11,273 - INFO - *****STOP GROWING RR RULE*****
2026-04-14 13:03:11,273 - INFO - ***RR NOT FOUND***
2026-04-14 13:03:11,280 - INFO - Iteracja 3: condition_best: year >= 1,954.50, quality_best: 0.442, coverage_best: (p=21, n=2, P=309, N=316)
2026-04-14 13:03:11,281 - INFO - Regula po iteracji 3: IF country = {17} AND year >= 1,953.50 AND representation >= 41.50 AND year >= 1,954.50 THEN class = {366.04} [66.64, 665.45], (p=21, n=2, P=309, N=316)
2026-04-14 13:03:11,281 - INFO - *****GROWING RR RULE*****
2026-04-14 13:03:11,382 - INFO - Iteracja 0: condition_best: None, quality_best: -inf, coverage_best: (p=0, n=0, P=0, N=0), p_value: 0
2026-04-14 13:03:11,382 - INFO - Regula po iteracji 0: IF  THEN class = {302.30} [-257.91, 862.51], (p=574, n=51, P=574, N=51)
2026-04-14 13:03:11,382 - INFO - *****STOP GROWING RR RULE*****
2026-04-14 13:03:11,382 - INFO - ***RR NOT FOUND***
2026-04-14 13:03:11,389 - INFO - Iteracja 4: condition_best: year >= 1,955.50, quality_best: 0.438, coverage_best: (p=20, n=2, P=305, N=320)
2026-04-14 13:03:11,389 - INFO - Regula po iteracji 4: IF country = {17} AND year >= 1,953.50 AND representation >= 41.50 AND year >= 1,954.50 AND year >= 1,955.50 THEN class = {374.82} [71.59, 678.05], (p=20, n=2, P=305, N=320)
2026-04-14 13:03:11,390 - INFO - *****GROWING RR RULE*****
2026-04-14 13:03:11,489 - INFO - Iteracja 0: condition_best: None, quality_best: -inf, coverage_best: (p=0, n=0, P=0, N=0), p_value: 0
2026-04-14 13:03:11,490 - INFO - Regula po iteracji 0: IF  THEN class = {302.30} [-257.91, 862.51], (p=574, n=51, P=574, N=51)
2026-04-14 13:03:11,490 - INFO - *****STOP GROWING RR RULE*****
2026-04-14 13:03:11,490 - INFO - ***RR NOT FOUND***
2026-04-14 13:03:11,490 - INFO - *******STOP GROWING CR RULE*******
2026-04-14 13:03:11,491 - INFO - *******GROWING CR RULE*******
2026-04-14 13:03:11,547 - INFO - Iteracja 0: condition_best: representation <= 12.50, quality_best: 0.354, coverage_best: (p=22, n=5, P=287, N=338)
2026-04-14 13:03:11,547 - INFO - Regula po iteracji 0: IF representation <= 12.50 THEN class = {517.78} [107.29, 928.27], (p=22, n=5, P=287, N=338)
2026-04-14 13:03:11,547 - INFO - *****GROWING RR RULE*****
2026-04-14 13:03:11,655 - INFO - Iteracja 0: condition_best: None, quality_best: -inf, coverage_best: (p=0, n=0, P=0, N=0), p_value: 0
2026-04-14 13:03:11,655 - INFO - Regula po iteracji 0: IF  THEN class = {302.30} [-257.91, 862.51], (p=574, n=51, P=574, N=51)
2026-04-14 13:03:11,655 - INFO - *****STOP GROWING RR RULE*****
2026-04-14 13:03:11,655 - INFO - ***RR NOT FOUND***
2026-04-14 13:03:11,664 - INFO - Iteracja 1: condition_best: year >= 1,979.50, quality_best: 0.496, coverage_best: (p=5, n=1, P=25, N=600)
2026-04-14 13:03:11,664 - INFO - Regula po iteracji 1: IF representation <= 12.50 AND year >= 1,979.50 THEN class = {477.00} [431.54, 522.46], (p=5, n=1, P=25, N=600)
2026-04-14 13:03:11,665 - INFO - *****GROWING RR RULE*****
2026-04-14 13:03:11,764 - INFO - Iteracja 0: condition_best: None, quality_best: -inf, coverage_best: (p=0, n=0, P=0, N=0), p_value: 0
2026-04-14 13:03:11,765 - INFO - Regula po iteracji 0: IF  THEN class = {302.30} [-257.91, 862.51], (p=574, n=51, P=574, N=51)
2026-04-14 13:03:11,765 - INFO - *****STOP GROWING RR RULE*****
2026-04-14 13:03:11,765 - INFO - ***RR NOT FOUND***
2026-04-14 13:03:11,767 - INFO - Iteracja 2: condition_best: country = {9}, quality_best: 0.496, coverage_best: (p=5, n=1, P=25, N=600)
2026-04-14 13:03:11,767 - INFO - Regula po iteracji 2: IF representation <= 12.50 AND year >= 1,979.50 AND country = {9} THEN class = {477.00} [431.54, 522.46], (p=5, n=1, P=25, N=600)
2026-04-14 13:03:11,768 - INFO - *****GROWING RR RULE*****
2026-04-14 13:03:11,867 - INFO - Iteracja 0: condition_best: None, quality_best: -inf, coverage_best: (p=0, n=0, P=0, N=0), p_value: 0
2026-04-14 13:03:11,867 - INFO - Regula po iteracji 0: IF  THEN class = {302.30} [-257.91, 862.51], (p=574, n=51, P=574, N=51)
2026-04-14 13:03:11,867 - INFO - *****STOP GROWING RR RULE*****
2026-04-14 13:03:11,867 - INFO - ***RR NOT FOUND***
2026-04-14 13:03:11,869 - INFO - Iteracja 3: condition_best: year <= 1,984.50, quality_best: 0.468, coverage_best: (p=4, n=1, P=22, N=603)
2026-04-14 13:03:11,869 - INFO - Regula po iteracji 3: IF representation <= 12.50 AND year >= 1,979.50 AND country = {9} AND year <= 1,984.50 THEN class = {468.20} [423.31, 513.09], (p=4, n=1, P=22, N=603)
2026-04-14 13:03:11,870 - INFO - *****GROWING RR RULE*****
2026-04-14 13:03:11,969 - INFO - Iteracja 0: condition_best: None, quality_best: -inf, coverage_best: (p=0, n=0, P=0, N=0), p_value: 0
2026-04-14 13:03:11,969 - INFO - Regula po iteracji 0: IF  THEN class = {302.30} [-257.91, 862.51], (p=574, n=51, P=574, N=51)
2026-04-14 13:03:11,970 - INFO - *****STOP GROWING RR RULE*****
2026-04-14 13:03:11,970 - INFO - ***RR NOT FOUND***
2026-04-14 13:03:11,972 - INFO - Iteracja 4: condition_best: None, quality_best: -inf, coverage_best: (p=0, n=0, P=0, N=0)
2026-04-14 13:03:11,972 - INFO - Regula po iteracji 4: IF representation <= 12.50 AND year >= 1,979.50 AND country = {9} AND year <= 1,984.50 THEN class = {468.20} [423.31, 513.09], (p=4, n=1, P=22, N=603)
2026-04-14 13:03:11,972 - INFO - *******STOP GROWING CR RULE*******
2026-04-14 13:03:11,973 - INFO - *******GROWING CR RULE*******
2026-04-14 13:03:12,030 - INFO - Iteracja 0: condition_best: representation <= 12.50, quality_best: 0.354, coverage_best: (p=22, n=5, P=287, N=338)
2026-04-14 13:03:12,030 - INFO - Regula po iteracji 0: IF representation <= 12.50 THEN class = {517.78} [107.29, 928.27], (p=22, n=5, P=287, N=338)
2026-04-14 13:03:12,031 - INFO - *****GROWING RR RULE*****
2026-04-14 13:03:12,138 - INFO - Iteracja 0: condition_best: None, quality_best: -inf, coverage_best: (p=0, n=0, P=0, N=0), p_value: 0
2026-04-14 13:03:12,139 - INFO - Regula po iteracji 0: IF  THEN class = {302.30} [-257.91, 862.51], (p=574, n=51, P=574, N=51)
2026-04-14 13:03:12,139 - INFO - *****STOP GROWING RR RULE*****
2026-04-14 13:03:12,139 - INFO - ***RR NOT FOUND***
2026-04-14 13:03:12,146 - INFO - Iteracja 1: condition_best: year >= 1,970.50, quality_best: 0.455, coverage_best: (p=10, n=1, P=198, N=427)
2026-04-14 13:03:12,146 - INFO - Regula po iteracji 1: IF representation <= 12.50 AND year >= 1,970.50 THEN class = {601.18} [218.96, 983.40], (p=10, n=1, P=198, N=427)
2026-04-14 13:03:12,147 - INFO - *****GROWING RR RULE*****
2026-04-14 13:03:12,246 - INFO - Iteracja 0: condition_best: None, quality_best: -inf, coverage_best: (p=0, n=0, P=0, N=0), p_value: 0
2026-04-14 13:03:12,246 - INFO - Regula po iteracji 0: IF  THEN class = {302.30} [-257.91, 862.51], (p=574, n=51, P=574, N=51)
2026-04-14 13:03:12,246 - INFO - *****STOP GROWING RR RULE*****
2026-04-14 13:03:12,246 - INFO - ***RR NOT FOUND***
2026-04-14 13:03:12,250 - INFO - Iteracja 2: condition_best: country = {9}, quality_best: 0.455, coverage_best: (p=10, n=1, P=198, N=427)
2026-04-14 13:03:12,250 - INFO - Regula po iteracji 2: IF representation <= 12.50 AND year >= 1,970.50 AND country = {9} THEN class = {601.18} [218.96, 983.40], (p=10, n=1, P=198, N=427)
2026-04-14 13:03:12,250 - INFO - *****GROWING RR RULE*****
2026-04-14 13:03:12,350 - INFO - Iteracja 0: condition_best: None, quality_best: -inf, coverage_best: (p=0, n=0, P=0, N=0), p_value: 0
2026-04-14 13:03:12,350 - INFO - Regula po iteracji 0: IF  THEN class = {302.30} [-257.91, 862.51], (p=574, n=51, P=574, N=51)
2026-04-14 13:03:12,350 - INFO - *****STOP GROWING RR RULE*****
2026-04-14 13:03:12,350 - INFO - ***RR NOT FOUND***
2026-04-14 13:03:12,354 - INFO - Iteracja 3: condition_best: year >= 1,971.50, quality_best: 0.448, coverage_best: (p=9, n=1, P=191, N=434)
2026-04-14 13:03:12,354 - INFO - Regula po iteracji 3: IF representation <= 12.50 AND year >= 1,970.50 AND country = {9} AND year >= 1,971.50 THEN class = {623.40} [229.35, 1,017.45], (p=9, n=1, P=191, N=434)
2026-04-14 13:03:12,355 - INFO - *****GROWING RR RULE*****
2026-04-14 13:03:12,458 - INFO - Iteracja 0: condition_best: None, quality_best: -inf, coverage_best: (p=0, n=0, P=0, N=0), p_value: 0
2026-04-14 13:03:12,458 - INFO - Regula po iteracji 0: IF  THEN class = {302.30} [-257.91, 862.51], (p=574, n=51, P=574, N=51)
2026-04-14 13:03:12,458 - INFO - *****STOP GROWING RR RULE*****
2026-04-14 13:03:12,458 - INFO - ***RR NOT FOUND***
2026-04-14 13:03:12,462 - INFO - Iteracja 4: condition_best: inflation <= 19.30, quality_best: 0.435, coverage_best: (p=8, n=1, P=199, N=426)
2026-04-14 13:03:12,462 - INFO - Regula po iteracji 4: IF representation <= 12.50 AND year >= 1,970.50 AND country = {9} AND year >= 1,971.50 AND inflation <= 19.30 THEN class = {636.78} [223.58, 1,049.98], (p=8, n=1, P=199, N=426)
2026-04-14 13:03:12,462 - INFO - *****GROWING RR RULE*****
2026-04-14 13:03:12,562 - INFO - Iteracja 0: condition_best: None, quality_best: -inf, coverage_best: (p=0, n=0, P=0, N=0), p_value: 0
2026-04-14 13:03:12,562 - INFO - Regula po iteracji 0: IF  THEN class = {302.30} [-257.91, 862.51], (p=574, n=51, P=574, N=51)
2026-04-14 13:03:12,562 - INFO - *****STOP GROWING RR RULE*****
2026-04-14 13:03:12,562 - INFO - ***RR NOT FOUND***
2026-04-14 13:03:12,562 - INFO - *******STOP GROWING CR RULE*******
2026-04-14 13:03:12,563 - INFO - *******GROWING CR RULE*******
2026-04-14 13:03:12,620 - INFO - Iteracja 0: condition_best: representation <= 12.50, quality_best: 0.354, coverage_best: (p=22, n=5, P=287, N=338)
2026-04-14 13:03:12,620 - INFO - Regula po iteracji 0: IF representation <= 12.50 THEN class = {517.78} [107.29, 928.27], (p=22, n=5, P=287, N=338)
2026-04-14 13:03:12,620 - INFO - *****GROWING RR RULE*****
2026-04-14 13:03:12,728 - INFO - Iteracja 0: condition_best: None, quality_best: -inf, coverage_best: (p=0, n=0, P=0, N=0), p_value: 0
2026-04-14 13:03:12,728 - INFO - Regula po iteracji 0: IF  THEN class = {302.30} [-257.91, 862.51], (p=574, n=51, P=574, N=51)
2026-04-14 13:03:12,728 - INFO - *****STOP GROWING RR RULE*****
2026-04-14 13:03:12,728 - INFO - ***RR NOT FOUND***
2026-04-14 13:03:12,735 - INFO - Iteracja 1: condition_best: year <= 1,977.50, quality_best: 0.406, coverage_best: (p=17, n=2, P=336, N=289)
2026-04-14 13:03:12,735 - INFO - Regula po iteracji 1: IF representation <= 12.50 AND year <= 1,977.50 THEN class = {452.68} [64.56, 840.81], (p=17, n=2, P=336, N=289)
2026-04-14 13:03:12,736 - INFO - *****GROWING RR RULE*****
2026-04-14 13:03:12,844 - INFO - Iteracja 0: condition_best: None, quality_best: -inf, coverage_best: (p=0, n=0, P=0, N=0), p_value: 0
2026-04-14 13:03:12,844 - INFO - Regula po iteracji 0: IF  THEN class = {302.30} [-257.91, 862.51], (p=574, n=51, P=574, N=51)
2026-04-14 13:03:12,844 - INFO - *****STOP GROWING RR RULE*****
2026-04-14 13:03:12,844 - INFO - ***RR NOT FOUND***
2026-04-14 13:03:12,850 - INFO - Iteracja 2: condition_best: country = {9}, quality_best: 0.406, coverage_best: (p=17, n=2, P=336, N=289)
2026-04-14 13:03:12,850 - INFO - Regula po iteracji 2: IF representation <= 12.50 AND year <= 1,977.50 AND country = {9} THEN class = {452.68} [64.56, 840.81], (p=17, n=2, P=336, N=289)
2026-04-14 13:03:12,850 - INFO - *****GROWING RR RULE*****
2026-04-14 13:03:12,959 - INFO - Iteracja 0: condition_best: None, quality_best: -inf, coverage_best: (p=0, n=0, P=0, N=0), p_value: 0
2026-04-14 13:03:12,959 - INFO - Regula po iteracji 0: IF  THEN class = {302.30} [-257.91, 862.51], (p=574, n=51, P=574, N=51)
2026-04-14 13:03:12,959 - INFO - *****STOP GROWING RR RULE*****
2026-04-14 13:03:12,959 - INFO - ***RR NOT FOUND***
2026-04-14 13:03:12,965 - INFO - Iteracja 3: condition_best: year <= 1,974.50, quality_best: 0.384, coverage_best: (p=16, n=2, P=362, N=263)
2026-04-14 13:03:12,965 - INFO - Regula po iteracji 3: IF representation <= 12.50 AND year <= 1,977.50 AND country = {9} AND year <= 1,974.50 THEN class = {446.11} [48.38, 843.85], (p=16, n=2, P=362, N=263)
2026-04-14 13:03:12,966 - INFO - *****GROWING RR RULE*****
2026-04-14 13:03:13,074 - INFO - Iteracja 0: condition_best: None, quality_best: -inf, coverage_best: (p=0, n=0, P=0, N=0), p_value: 0
2026-04-14 13:03:13,074 - INFO - Regula po iteracji 0: IF  THEN class = {302.30} [-257.91, 862.51], (p=574, n=51, P=574, N=51)
2026-04-14 13:03:13,074 - INFO - *****STOP GROWING RR RULE*****
2026-04-14 13:03:13,074 - INFO - ***RR NOT FOUND***
2026-04-14 13:03:13,080 - INFO - Iteracja 4: condition_best: unemployment <= 9.40, quality_best: 0.388, coverage_best: (p=15, n=2, P=338, N=287)
2026-04-14 13:03:13,080 - INFO - Regula po iteracji 4: IF representation <= 12.50 AND year <= 1,977.50 AND country = {9} AND year <= 1,974.50 AND unemployment <= 9.40 THEN class = {465.47} [64.53, 866.41], (p=15, n=2, P=338, N=287)
2026-04-14 13:03:13,080 - INFO - *****GROWING RR RULE*****
2026-04-14 13:03:13,188 - INFO - Iteracja 0: condition_best: None, quality_best: -inf, coverage_best: (p=0, n=0, P=0, N=0), p_value: 0
2026-04-14 13:03:13,189 - INFO - Regula po iteracji 0: IF  THEN class = {302.30} [-257.91, 862.51], (p=574, n=51, P=574, N=51)
2026-04-14 13:03:13,189 - INFO - *****STOP GROWING RR RULE*****
2026-04-14 13:03:13,189 - INFO - ***RR NOT FOUND***
2026-04-14 13:03:13,189 - INFO - *******STOP GROWING CR RULE*******
2026-04-14 13:03:13,190 - INFO - *******GROWING CR RULE*******
2026-04-14 13:03:13,245 - INFO - Iteracja 0: condition_best: representation <= 16.50, quality_best: 0.347, coverage_best: (p=31, n=8, P=283, N=342)
2026-04-14 13:03:13,245 - INFO - Regula po iteracji 0: IF representation <= 16.50 THEN class = {505.97} [113.38, 898.57], (p=31, n=8, P=283, N=342)
2026-04-14 13:03:13,245 - INFO - *****GROWING RR RULE*****
2026-04-14 13:03:13,345 - INFO - Iteracja 0: condition_best: None, quality_best: -inf, coverage_best: (p=0, n=0, P=0, N=0), p_value: 0
2026-04-14 13:03:13,345 - INFO - Regula po iteracji 0: IF  THEN class = {302.30} [-257.91, 862.51], (p=574, n=51, P=574, N=51)
2026-04-14 13:03:13,345 - INFO - *****STOP GROWING RR RULE*****
2026-04-14 13:03:13,345 - INFO - ***RR NOT FOUND***
2026-04-14 13:03:13,356 - INFO - Iteracja 1: condition_best: year >= 1,966.50, quality_best: 0.425, coverage_best: (p=16, n=3, P=178, N=447)
2026-04-14 13:03:13,356 - INFO - Regula po iteracji 1: IF representation <= 16.50 AND year >= 1,966.50 THEN class = {661.95} [255.28, 1,068.61], (p=16, n=3, P=178, N=447)
2026-04-14 13:03:13,356 - INFO - *****GROWING RR RULE*****
2026-04-14 13:03:13,455 - INFO - Iteracja 0: condition_best: None, quality_best: -inf, coverage_best: (p=0, n=0, P=0, N=0), p_value: 0
2026-04-14 13:03:13,456 - INFO - Regula po iteracji 0: IF  THEN class = {302.30} [-257.91, 862.51], (p=574, n=51, P=574, N=51)
2026-04-14 13:03:13,456 - INFO - *****STOP GROWING RR RULE*****
2026-04-14 13:03:13,456 - INFO - ***RR NOT FOUND***
2026-04-14 13:03:13,461 - INFO - Iteracja 2: condition_best: unemployment >= 5.15, quality_best: 0.455, coverage_best: (p=15, n=2, P=173, N=452)
2026-04-14 13:03:13,461 - INFO - Regula po iteracji 2: IF representation <= 16.50 AND year >= 1,966.50 AND unemployment >= 5.15 THEN class = {647.71} [259.16, 1,036.26], (p=15, n=2, P=173, N=452)
2026-04-14 13:03:13,462 - INFO - *****GROWING RR RULE*****
2026-04-14 13:03:13,561 - INFO - Iteracja 0: condition_best: None, quality_best: -inf, coverage_best: (p=0, n=0, P=0, N=0), p_value: 0
2026-04-14 13:03:13,561 - INFO - Regula po iteracji 0: IF  THEN class = {302.30} [-257.91, 862.51], (p=574, n=51, P=574, N=51)
2026-04-14 13:03:13,561 - INFO - *****STOP GROWING RR RULE*****
2026-04-14 13:03:13,562 - INFO - ***RR NOT FOUND***
2026-04-14 13:03:13,567 - INFO - Iteracja 3: condition_best: country = {9}, quality_best: 0.455, coverage_best: (p=15, n=2, P=173, N=452)
2026-04-14 13:03:13,567 - INFO - Regula po iteracji 3: IF representation <= 16.50 AND year >= 1,966.50 AND unemployment >= 5.15 AND country = {9} THEN class = {647.71} [259.16, 1,036.26], (p=15, n=2, P=173, N=452)
2026-04-14 13:03:13,568 - INFO - *****GROWING RR RULE*****
2026-04-14 13:03:13,667 - INFO - Iteracja 0: condition_best: None, quality_best: -inf, coverage_best: (p=0, n=0, P=0, N=0), p_value: 0
2026-04-14 13:03:13,667 - INFO - Regula po iteracji 0: IF  THEN class = {302.30} [-257.91, 862.51], (p=574, n=51, P=574, N=51)
2026-04-14 13:03:13,667 - INFO - *****STOP GROWING RR RULE*****
2026-04-14 13:03:13,667 - INFO - ***RR NOT FOUND***
2026-04-14 13:03:13,673 - INFO - Iteracja 4: condition_best: year <= 1,984.50, quality_best: 0.446, coverage_best: (p=14, n=2, P=176, N=449)
2026-04-14 13:03:13,673 - INFO - Regula po iteracji 4: IF representation <= 16.50 AND year >= 1,966.50 AND unemployment >= 5.15 AND country = {9} AND year <= 1,984.50 THEN class = {655.62} [256.45, 1,054.80], (p=14, n=2, P=176, N=449)
2026-04-14 13:03:13,674 - INFO - *****GROWING RR RULE*****
2026-04-14 13:03:13,773 - INFO - Iteracja 0: condition_best: None, quality_best: -inf, coverage_best: (p=0, n=0, P=0, N=0), p_value: 0
2026-04-14 13:03:13,773 - INFO - Regula po iteracji 0: IF  THEN class = {302.30} [-257.91, 862.51], (p=574, n=51, P=574, N=51)
2026-04-14 13:03:13,774 - INFO - *****STOP GROWING RR RULE*****
2026-04-14 13:03:13,774 - INFO - ***RR NOT FOUND***
2026-04-14 13:03:13,774 - INFO - *******STOP GROWING CR RULE*******
2026-04-14 13:03:13,775 - INFO - *******GROWING CR RULE*******
2026-04-14 13:03:13,830 - INFO - Iteracja 0: condition_best: year <= 1,965.50, quality_best: 0.329, coverage_best: (p=257, n=13, P=570, N=55)
2026-04-14 13:03:13,830 - INFO - Regula po iteracji 0: IF year <= 1,965.50 THEN class = {260.05} [-304.90, 825.01], (p=257, n=13, P=570, N=55)
2026-04-14 13:03:13,830 - INFO - *****GROWING RR RULE*****
2026-04-14 13:03:13,934 - INFO - Iteracja 0: condition_best: None, quality_best: -inf, coverage_best: (p=0, n=0, P=0, N=0), p_value: 0
2026-04-14 13:03:13,935 - INFO - Regula po iteracji 0: IF  THEN class = {302.30} [-257.91, 862.51], (p=574, n=51, P=574, N=51)
2026-04-14 13:03:13,935 - INFO - *****STOP GROWING RR RULE*****
2026-04-14 13:03:13,935 - INFO - ***RR NOT FOUND***
2026-04-14 13:03:13,964 - INFO - Iteracja 1: condition_best: unemployment >= 0.05, quality_best: 0.341, coverage_best: (p=248, n=12, P=570, N=55)
2026-04-14 13:03:13,964 - INFO - Regula po iteracji 1: IF year <= 1,965.50 AND unemployment >= 0.05 THEN class = {259.70} [-297.84, 817.25], (p=248, n=12, P=570, N=55)
2026-04-14 13:03:13,964 - INFO - *****GROWING RR RULE*****
2026-04-14 13:03:14,068 - INFO - Iteracja 0: condition_best: None, quality_best: -inf, coverage_best: (p=0, n=0, P=0, N=0), p_value: 0
2026-04-14 13:03:14,068 - INFO - Regula po iteracji 0: IF  THEN class = {302.30} [-257.91, 862.51], (p=574, n=51, P=574, N=51)
2026-04-14 13:03:14,068 - INFO - *****STOP GROWING RR RULE*****
2026-04-14 13:03:14,068 - INFO - ***RR NOT FOUND***
2026-04-14 13:03:14,096 - INFO - Iteracja 2: condition_best: representation >= 24.00, quality_best: 0.346, coverage_best: (p=221, n=10, P=571, N=54)
2026-04-14 13:03:14,096 - INFO - Regula po iteracji 2: IF year <= 1,965.50 AND unemployment >= 0.05 AND representation >= 24.00 THEN class = {249.75} [-330.68, 830.19], (p=221, n=10, P=571, N=54)
2026-04-14 13:03:14,097 - INFO - *****GROWING RR RULE*****
2026-04-14 13:03:14,200 - INFO - Iteracja 0: condition_best: None, quality_best: -inf, coverage_best: (p=0, n=0, P=0, N=0), p_value: 0
2026-04-14 13:03:14,200 - INFO - Regula po iteracji 0: IF  THEN class = {302.30} [-257.91, 862.51], (p=574, n=51, P=574, N=51)
2026-04-14 13:03:14,201 - INFO - *****STOP GROWING RR RULE*****
2026-04-14 13:03:14,201 - INFO - ***RR NOT FOUND***
2026-04-14 13:03:14,226 - INFO - Iteracja 3: condition_best: representation <= 64.50, quality_best: 0.393, coverage_best: (p=208, n=12, P=546, N=79)
2026-04-14 13:03:14,226 - INFO - Regula po iteracji 3: IF year <= 1,965.50 AND unemployment >= 0.05 AND representation >= 24.00 AND representation <= 64.50 THEN class = {215.82} [-233.23, 664.87], (p=208, n=12, P=546, N=79)
2026-04-14 13:03:14,226 - INFO - *****GROWING RR RULE*****
2026-04-14 13:03:14,329 - INFO - Iteracja 0: condition_best: None, quality_best: -inf, coverage_best: (p=0, n=0, P=0, N=0), p_value: 0
2026-04-14 13:03:14,330 - INFO - Regula po iteracji 0: IF  THEN class = {302.30} [-257.91, 862.51], (p=574, n=51, P=574, N=51)
2026-04-14 13:03:14,330 - INFO - *****STOP GROWING RR RULE*****
2026-04-14 13:03:14,330 - INFO - ***RR NOT FOUND***
2026-04-14 13:03:14,354 - INFO - Iteracja 4: condition_best: unemployment <= 10.55, quality_best: 0.414, coverage_best: (p=207, n=11, P=546, N=79)
2026-04-14 13:03:14,354 - INFO - Regula po iteracji 4: IF year <= 1,965.50 AND unemployment >= 0.05 AND representation >= 24.00 AND representation <= 64.50 AND unemployment <= 10.55 THEN class = {214.17} [-235.03, 663.36], (p=207, n=11, P=546, N=79)
2026-04-14 13:03:14,354 - INFO - *****GROWING RR RULE*****
2026-04-14 13:03:14,458 - INFO - Iteracja 0: condition_best: None, quality_best: -inf, coverage_best: (p=0, n=0, P=0, N=0), p_value: 0
2026-04-14 13:03:14,458 - INFO - Regula po iteracji 0: IF  THEN class = {302.30} [-257.91, 862.51], (p=574, n=51, P=574, N=51)
2026-04-14 13:03:14,458 - INFO - *****STOP GROWING RR RULE*****
2026-04-14 13:03:14,458 - INFO - ***RR NOT FOUND***
2026-04-14 13:03:14,458 - INFO - *******STOP GROWING CR RULE*******
2026-04-14 13:03:14,459 - INFO - *******GROWING CR RULE*******
2026-04-14 13:03:14,514 - INFO - Iteracja 0: condition_best: unemployment <= 4.95, quality_best: 0.327, coverage_best: (p=415, n=24, P=570, N=55)
2026-04-14 13:03:14,514 - INFO - Regula po iteracji 0: IF unemployment <= 4.95 THEN class = {236.67} [-346.43, 819.78], (p=415, n=24, P=570, N=55)
2026-04-14 13:03:14,514 - INFO - *****GROWING RR RULE*****
2026-04-14 13:03:14,619 - INFO - Iteracja 0: condition_best: None, quality_best: -inf, coverage_best: (p=0, n=0, P=0, N=0), p_value: 0
2026-04-14 13:03:14,619 - INFO - Regula po iteracji 0: IF  THEN class = {302.30} [-257.91, 862.51], (p=574, n=51, P=574, N=51)
2026-04-14 13:03:14,619 - INFO - *****STOP GROWING RR RULE*****
2026-04-14 13:03:14,619 - INFO - ***RR NOT FOUND***
2026-04-14 13:03:14,656 - INFO - Iteracja 1: condition_best: representation >= 23.50, quality_best: 0.411, coverage_best: (p=395, n=26, P=551, N=74)
2026-04-14 13:03:14,656 - INFO - Regula po iteracji 1: IF unemployment <= 4.95 AND representation >= 23.50 THEN class = {214.54} [-273.92, 703.01], (p=395, n=26, P=551, N=74)
2026-04-14 13:03:14,656 - INFO - *****GROWING RR RULE*****
2026-04-14 13:03:14,762 - INFO - Iteracja 0: condition_best: None, quality_best: -inf, coverage_best: (p=0, n=0, P=0, N=0), p_value: 0
2026-04-14 13:03:14,762 - INFO - Regula po iteracji 0: IF  THEN class = {302.30} [-257.91, 862.51], (p=574, n=51, P=574, N=51)
2026-04-14 13:03:14,762 - INFO - *****STOP GROWING RR RULE*****
2026-04-14 13:03:14,762 - INFO - ***RR NOT FOUND***
2026-04-14 13:03:14,798 - INFO - Iteracja 2: condition_best: representation <= 55.50, quality_best: 0.463, coverage_best: (p=363, n=26, P=532, N=93)
2026-04-14 13:03:14,798 - INFO - Regula po iteracji 2: IF unemployment <= 4.95 AND representation >= 23.50 AND representation <= 55.50 THEN class = {184.83} [-221.02, 590.67], (p=363, n=26, P=532, N=93)
2026-04-14 13:03:14,798 - INFO - *****GROWING RR RULE*****
2026-04-14 13:03:14,903 - INFO - Iteracja 0: condition_best: None, quality_best: -inf, coverage_best: (p=0, n=0, P=0, N=0), p_value: 0
2026-04-14 13:03:14,903 - INFO - Regula po iteracji 0: IF  THEN class = {302.30} [-257.91, 862.51], (p=574, n=51, P=574, N=51)
2026-04-14 13:03:14,904 - INFO - *****STOP GROWING RR RULE*****
2026-04-14 13:03:14,904 - INFO - ***RR NOT FOUND***
2026-04-14 13:03:14,936 - INFO - Iteracja 3: condition_best: inflation <= 13.15, quality_best: 0.536, coverage_best: (p=341, n=19, P=530, N=95)
2026-04-14 13:03:14,936 - INFO - Regula po iteracji 3: IF unemployment <= 4.95 AND representation >= 23.50 AND representation <= 55.50 AND inflation <= 13.15 THEN class = {166.46} [-239.01, 571.93], (p=341, n=19, P=530, N=95)
2026-04-14 13:03:14,937 - INFO - *****GROWING RR RULE*****
2026-04-14 13:03:15,042 - INFO - Iteracja 0: condition_best: None, quality_best: -inf, coverage_best: (p=0, n=0, P=0, N=0), p_value: 0
2026-04-14 13:03:15,042 - INFO - Regula po iteracji 0: IF  THEN class = {302.30} [-257.91, 862.51], (p=574, n=51, P=574, N=51)
2026-04-14 13:03:15,042 - INFO - *****STOP GROWING RR RULE*****
2026-04-14 13:03:15,042 - INFO - ***RR NOT FOUND***
2026-04-14 13:03:15,072 - INFO - Iteracja 4: condition_best: year >= 1,953.50, quality_best: 0.56, coverage_best: (p=320, n=16, P=527, N=98)
2026-04-14 13:03:15,072 - INFO - Regula po iteracji 4: IF unemployment <= 4.95 AND representation >= 23.50 AND representation <= 55.50 AND inflation <= 13.15 AND year >= 1,953.50 THEN class = {156.49} [-236.50, 549.47], (p=320, n=16, P=527, N=98)
2026-04-14 13:03:15,073 - INFO - *****GROWING RR RULE*****
2026-04-14 13:03:15,177 - INFO - Iteracja 0: condition_best: None, quality_best: -inf, coverage_best: (p=0, n=0, P=0, N=0), p_value: 0
2026-04-14 13:03:15,178 - INFO - Regula po iteracji 0: IF  THEN class = {302.30} [-257.91, 862.51], (p=574, n=51, P=574, N=51)
2026-04-14 13:03:15,178 - INFO - *****STOP GROWING RR RULE*****
2026-04-14 13:03:15,178 - INFO - ***RR NOT FOUND***
2026-04-14 13:03:15,178 - INFO - *******STOP GROWING CR RULE*******
2026-04-14 13:03:15,179 - INFO - *******GROWING CR RULE*******
2026-04-14 13:03:15,235 - INFO - Iteracja 0: condition_best: unemployment <= 5.25, quality_best: 0.323, coverage_best: (p=426, n=25, P=570, N=55)
2026-04-14 13:03:15,235 - INFO - Regula po iteracji 0: IF unemployment <= 5.25 THEN class = {239.42} [-338.48, 817.32], (p=426, n=25, P=570, N=55)
2026-04-14 13:03:15,236 - INFO - *****GROWING RR RULE*****
2026-04-14 13:03:15,345 - INFO - Iteracja 0: condition_best: None, quality_best: -inf, coverage_best: (p=0, n=0, P=0, N=0), p_value: 0
2026-04-14 13:03:15,345 - INFO - Regula po iteracji 0: IF  THEN class = {302.30} [-257.91, 862.51], (p=574, n=51, P=574, N=51)
2026-04-14 13:03:15,345 - INFO - *****STOP GROWING RR RULE*****
2026-04-14 13:03:15,345 - INFO - ***RR NOT FOUND***
2026-04-14 13:03:15,383 - INFO - Iteracja 1: condition_best: representation <= 56.50, quality_best: 0.364, coverage_best: (p=398, n=27, P=556, N=69)
2026-04-14 13:03:15,383 - INFO - Regula po iteracji 1: IF unemployment <= 5.25 AND representation <= 56.50 THEN class = {213.00} [-307.44, 733.43], (p=398, n=27, P=556, N=69)
2026-04-14 13:03:15,383 - INFO - *****GROWING RR RULE*****
2026-04-14 13:03:15,492 - INFO - Iteracja 0: condition_best: None, quality_best: -inf, coverage_best: (p=0, n=0, P=0, N=0), p_value: 0
2026-04-14 13:03:15,492 - INFO - Regula po iteracji 0: IF  THEN class = {302.30} [-257.91, 862.51], (p=574, n=51, P=574, N=51)
2026-04-14 13:03:15,492 - INFO - *****STOP GROWING RR RULE*****
2026-04-14 13:03:15,492 - INFO - ***RR NOT FOUND***
2026-04-14 13:03:15,528 - INFO - Iteracja 2: condition_best: representation >= 13.50, quality_best: 0.406, coverage_best: (p=398, n=25, P=555, N=70)
2026-04-14 13:03:15,529 - INFO - Regula po iteracji 2: IF unemployment <= 5.25 AND representation <= 56.50 AND representation >= 13.50 THEN class = {209.04} [-309.13, 727.22], (p=398, n=25, P=555, N=70)
2026-04-14 13:03:15,529 - INFO - *****GROWING RR RULE*****
2026-04-14 13:03:15,634 - INFO - Iteracja 0: condition_best: None, quality_best: -inf, coverage_best: (p=0, n=0, P=0, N=0), p_value: 0
2026-04-14 13:03:15,634 - INFO - Regula po iteracji 0: IF  THEN class = {302.30} [-257.91, 862.51], (p=574, n=51, P=574, N=51)
2026-04-14 13:03:15,634 - INFO - *****STOP GROWING RR RULE*****
2026-04-14 13:03:15,634 - INFO - ***RR NOT FOUND***
2026-04-14 13:03:15,671 - INFO - Iteracja 3: condition_best: year >= 1,952.50, quality_best: 0.441, coverage_best: (p=375, n=22, P=552, N=73)
2026-04-14 13:03:15,671 - INFO - Regula po iteracji 3: IF unemployment <= 5.25 AND representation <= 56.50 AND representation >= 13.50 AND year >= 1,952.50 THEN class = {201.43} [-315.85, 718.71], (p=375, n=22, P=552, N=73)
2026-04-14 13:03:15,672 - INFO - *****GROWING RR RULE*****
2026-04-14 13:03:15,778 - INFO - Iteracja 0: condition_best: None, quality_best: -inf, coverage_best: (p=0, n=0, P=0, N=0), p_value: 0
2026-04-14 13:03:15,778 - INFO - Regula po iteracji 0: IF  THEN class = {302.30} [-257.91, 862.51], (p=574, n=51, P=574, N=51)
2026-04-14 13:03:15,778 - INFO - *****STOP GROWING RR RULE*****
2026-04-14 13:03:15,778 - INFO - ***RR NOT FOUND***
2026-04-14 13:03:15,813 - INFO - Iteracja 4: condition_best: inflation >= -1.45, quality_best: 0.457, coverage_best: (p=374, n=21, P=552, N=73)
2026-04-14 13:03:15,824 - INFO - Regula po iteracji 4: IF unemployment <= 5.25 AND representation <= 56.50 AND representation >= 13.50 AND year >= 1,952.50 AND inflation >= -1.45 THEN class = {199.70} [-317.97, 717.37], (p=374, n=21, P=552, N=73)
2026-04-14 13:03:15,825 - INFO - *****GROWING RR RULE*****
2026-04-14 13:03:15,930 - INFO - Iteracja 0: condition_best: None, quality_best: -inf, coverage_best: (p=0, n=0, P=0, N=0), p_value: 0
2026-04-14 13:03:15,930 - INFO - Regula po iteracji 0: IF  THEN class = {302.30} [-257.91, 862.51], (p=574, n=51, P=574, N=51)
2026-04-14 13:03:15,930 - INFO - *****STOP GROWING RR RULE*****
2026-04-14 13:03:15,930 - INFO - ***RR NOT FOUND***
2026-04-14 13:03:15,930 - INFO - *******STOP GROWING CR RULE*******
2026-04-14 13:03:15,931 - INFO - *******GROWING CR RULE*******
2026-04-14 13:03:15,985 - INFO - Iteracja 0: condition_best: country = {1}, quality_best: 0.317, coverage_best: (p=25, n=10, P=213, N=412)
2026-04-14 13:03:15,986 - INFO - Regula po iteracji 0: IF country = {1} THEN class = {387.09} [143.99, 630.18], (p=25, n=10, P=213, N=412)
2026-04-14 13:03:15,986 - INFO - *****GROWING RR RULE*****
2026-04-14 13:03:16,084 - INFO - Iteracja 0: condition_best: None, quality_best: -inf, coverage_best: (p=0, n=0, P=0, N=0), p_value: 0
2026-04-14 13:03:16,085 - INFO - Regula po iteracji 0: IF  THEN class = {302.30} [-257.91, 862.51], (p=574, n=51, P=574, N=51)
2026-04-14 13:03:16,085 - INFO - *****STOP GROWING RR RULE*****
2026-04-14 13:03:16,085 - INFO - ***RR NOT FOUND***
2026-04-14 13:03:16,095 - INFO - Iteracja 1: condition_best: inflation >= 4.15, quality_best: 0.477, coverage_best: (p=16, n=2, P=140, N=485)
2026-04-14 13:03:16,095 - INFO - Regula po iteracji 1: IF country = {1} AND inflation >= 4.15 THEN class = {530.83} [281.96, 779.71], (p=16, n=2, P=140, N=485)
2026-04-14 13:03:16,095 - INFO - *****GROWING RR RULE*****
2026-04-14 13:03:16,194 - INFO - Iteracja 0: condition_best: None, quality_best: -inf, coverage_best: (p=0, n=0, P=0, N=0), p_value: 0
2026-04-14 13:03:16,194 - INFO - Regula po iteracji 0: IF  THEN class = {302.30} [-257.91, 862.51], (p=574, n=51, P=574, N=51)
2026-04-14 13:03:16,194 - INFO - *****STOP GROWING RR RULE*****
2026-04-14 13:03:16,194 - INFO - ***RR NOT FOUND***
2026-04-14 13:03:16,200 - INFO - Iteracja 2: condition_best: year <= 1,984.00, quality_best: 0.478, coverage_best: (p=15, n=2, P=124, N=501)
2026-04-14 13:03:16,200 - INFO - Regula po iteracji 2: IF country = {1} AND inflation >= 4.15 AND year <= 1,984.00 THEN class = {548.76} [304.23, 793.30], (p=15, n=2, P=124, N=501)
2026-04-14 13:03:16,201 - INFO - *****GROWING RR RULE*****
2026-04-14 13:03:16,299 - INFO - Iteracja 0: condition_best: None, quality_best: -inf, coverage_best: (p=0, n=0, P=0, N=0), p_value: 0
2026-04-14 13:03:16,299 - INFO - Regula po iteracji 0: IF  THEN class = {302.30} [-257.91, 862.51], (p=574, n=51, P=574, N=51)
2026-04-14 13:03:16,300 - INFO - *****STOP GROWING RR RULE*****
2026-04-14 13:03:16,300 - INFO - ***RR NOT FOUND***
2026-04-14 13:03:16,305 - INFO - Iteracja 3: condition_best: year >= 1,951.50, quality_best: 0.471, coverage_best: (p=14, n=2, P=121, N=504)
2026-04-14 13:03:16,305 - INFO - Regula po iteracji 3: IF country = {1} AND inflation >= 4.15 AND year <= 1,984.00 AND year >= 1,951.50 THEN class = {564.56} [321.07, 808.06], (p=14, n=2, P=121, N=504)
2026-04-14 13:03:16,306 - INFO - *****GROWING RR RULE*****
2026-04-14 13:03:16,406 - INFO - Iteracja 0: condition_best: None, quality_best: -inf, coverage_best: (p=0, n=0, P=0, N=0), p_value: 0
2026-04-14 13:03:16,406 - INFO - Regula po iteracji 0: IF  THEN class = {302.30} [-257.91, 862.51], (p=574, n=51, P=574, N=51)
2026-04-14 13:03:16,406 - INFO - *****STOP GROWING RR RULE*****
2026-04-14 13:03:16,406 - INFO - ***RR NOT FOUND***
2026-04-14 13:03:16,411 - INFO - Iteracja 4: condition_best: representation >= 29.00, quality_best: 0.499, coverage_best: (p=13, n=1, P=134, N=491)
2026-04-14 13:03:16,412 - INFO - Regula po iteracji 4: IF country = {1} AND inflation >= 4.15 AND year <= 1,984.00 AND year >= 1,951.50 AND representation >= 29.00 THEN class = {540.79} [289.55, 792.02], (p=13, n=1, P=134, N=491)
2026-04-14 13:03:16,412 - INFO - *****GROWING RR RULE*****
2026-04-14 13:03:16,512 - INFO - Iteracja 0: condition_best: None, quality_best: -inf, coverage_best: (p=0, n=0, P=0, N=0), p_value: 0
2026-04-14 13:03:16,512 - INFO - Regula po iteracji 0: IF  THEN class = {302.30} [-257.91, 862.51], (p=574, n=51, P=574, N=51)
2026-04-14 13:03:16,512 - INFO - *****STOP GROWING RR RULE*****
2026-04-14 13:03:16,512 - INFO - ***RR NOT FOUND***
2026-04-14 13:03:16,512 - INFO - *******STOP GROWING CR RULE*******
2026-04-14 13:03:16,513 - INFO - *******GROWING CR RULE*******
2026-04-14 13:03:16,569 - INFO - Iteracja 0: condition_best: representation <= 39.50, quality_best: 0.272, coverage_best: (p=249, n=13, P=575, N=50)
2026-04-14 13:03:16,569 - INFO - Regula po iteracji 0: IF representation <= 39.50 THEN class = {269.09} [-352.20, 890.37], (p=249, n=13, P=575, N=50)
2026-04-14 13:03:16,570 - INFO - *****GROWING RR RULE*****
2026-04-14 13:03:16,673 - INFO - Iteracja 0: condition_best: None, quality_best: -inf, coverage_best: (p=0, n=0, P=0, N=0), p_value: 0
2026-04-14 13:03:16,674 - INFO - Regula po iteracji 0: IF  THEN class = {302.30} [-257.91, 862.51], (p=574, n=51, P=574, N=51)
2026-04-14 13:03:16,674 - INFO - *****STOP GROWING RR RULE*****
2026-04-14 13:03:16,674 - INFO - ***RR NOT FOUND***
2026-04-14 13:03:16,706 - INFO - Iteracja 1: condition_best: representation >= 23.50, quality_best: 0.396, coverage_best: (p=197, n=11, P=546, N=79)
2026-04-14 13:03:16,706 - INFO - Regula po iteracji 1: IF representation <= 39.50 AND representation >= 23.50 THEN class = {188.53} [-274.97, 652.03], (p=197, n=11, P=546, N=79)
2026-04-14 13:03:16,706 - INFO - *****GROWING RR RULE*****
2026-04-14 13:03:16,809 - INFO - Iteracja 0: condition_best: None, quality_best: -inf, coverage_best: (p=0, n=0, P=0, N=0), p_value: 0
2026-04-14 13:03:16,809 - INFO - Regula po iteracji 0: IF  THEN class = {302.30} [-257.91, 862.51], (p=574, n=51, P=574, N=51)
2026-04-14 13:03:16,809 - INFO - *****STOP GROWING RR RULE*****
2026-04-14 13:03:16,809 - INFO - ***RR NOT FOUND***
2026-04-14 13:03:16,834 - INFO - Iteracja 2: condition_best: inflation <= 11.05, quality_best: 0.543, coverage_best: (p=178, n=5, P=533, N=92)
2026-04-14 13:03:16,834 - INFO - Regula po iteracji 2: IF representation <= 39.50 AND representation >= 23.50 AND inflation <= 11.05 THEN class = {151.93} [-294.25, 598.12], (p=178, n=5, P=533, N=92)
2026-04-14 13:03:16,835 - INFO - *****GROWING RR RULE*****
2026-04-14 13:03:16,961 - INFO - Iteracja 0: condition_best: None, quality_best: -inf, coverage_best: (p=0, n=0, P=0, N=0), p_value: 0
2026-04-14 13:03:16,961 - INFO - Regula po iteracji 0: IF  THEN class = {302.30} [-257.91, 862.51], (p=574, n=51, P=574, N=51)
2026-04-14 13:03:16,961 - INFO - *****STOP GROWING RR RULE*****
2026-04-14 13:03:16,961 - INFO - ***RR NOT FOUND***
2026-04-14 13:03:16,983 - INFO - Iteracja 3: condition_best: year <= 1,983.50, quality_best: 0.577, coverage_best: (p=166, n=3, P=533, N=92)
2026-04-14 13:03:16,983 - INFO - Regula po iteracji 3: IF representation <= 39.50 AND representation >= 23.50 AND inflation <= 11.05 AND year <= 1,983.50 THEN class = {144.27} [-307.68, 596.22], (p=166, n=3, P=533, N=92)
2026-04-14 13:03:16,984 - INFO - *****GROWING RR RULE*****
2026-04-14 13:03:17,109 - INFO - Iteracja 0: condition_best: None, quality_best: -inf, coverage_best: (p=0, n=0, P=0, N=0), p_value: 0
2026-04-14 13:03:17,109 - INFO - Regula po iteracji 0: IF  THEN class = {302.30} [-257.91, 862.51], (p=574, n=51, P=574, N=51)
2026-04-14 13:03:17,109 - INFO - *****STOP GROWING RR RULE*****
2026-04-14 13:03:17,109 - INFO - ***RR NOT FOUND***
2026-04-14 13:03:17,130 - INFO - Iteracja 4: condition_best: unemployment <= 12.55, quality_best: 0.575, coverage_best: (p=165, n=3, P=533, N=92)
2026-04-14 13:03:17,130 - INFO - Regula po iteracji 4: IF representation <= 39.50 AND representation >= 23.50 AND inflation <= 11.05 AND year <= 1,983.50 AND unemployment <= 12.55 THEN class = {144.97} [-308.23, 598.17], (p=165, n=3, P=533, N=92)
2026-04-14 13:03:17,131 - INFO - *****GROWING RR RULE*****
2026-04-14 13:03:17,255 - INFO - Iteracja 0: condition_best: None, quality_best: -inf, coverage_best: (p=0, n=0, P=0, N=0), p_value: 0
2026-04-14 13:03:17,255 - INFO - Regula po iteracji 0: IF  THEN class = {302.30} [-257.91, 862.51], (p=574, n=51, P=574, N=51)
2026-04-14 13:03:17,255 - INFO - *****STOP GROWING RR RULE*****
2026-04-14 13:03:17,256 - INFO - ***RR NOT FOUND***
2026-04-14 13:03:17,256 - INFO - *******STOP GROWING CR RULE*******
2026-04-14 13:03:17,256 - INFO - *******GROWING CR RULE*******
2026-04-14 13:03:17,311 - INFO - Iteracja 0: condition_best: inflation >= 11.95, quality_best: 0.265, coverage_best: (p=50, n=17, P=331, N=294)
2026-04-14 13:03:17,311 - INFO - Regula po iteracji 0: IF inflation >= 11.95 THEN class = {561.67} [81.44, 1,041.90], (p=50, n=17, P=331, N=294)
2026-04-14 13:03:17,312 - INFO - *****GROWING RR RULE*****
2026-04-14 13:03:17,413 - INFO - Iteracja 0: condition_best: None, quality_best: -inf, coverage_best: (p=0, n=0, P=0, N=0), p_value: 0
2026-04-14 13:03:17,414 - INFO - Regula po iteracji 0: IF  THEN class = {302.30} [-257.91, 862.51], (p=574, n=51, P=574, N=51)
2026-04-14 13:03:17,414 - INFO - *****STOP GROWING RR RULE*****
2026-04-14 13:03:17,414 - INFO - ***RR NOT FOUND***
2026-04-14 13:03:17,428 - INFO - Iteracja 1: condition_best: unemployment >= 5.25, quality_best: 0.327, coverage_best: (p=19, n=8, P=174, N=451)
2026-04-14 13:03:17,428 - INFO - Regula po iteracji 1: IF inflation >= 11.95 AND unemployment >= 5.25 THEN class = {841.78} [293.80, 1,389.75], (p=19, n=8, P=174, N=451)
2026-04-14 13:03:17,428 - INFO - *****GROWING RR RULE*****
2026-04-14 13:03:17,529 - INFO - Iteracja 0: condition_best: None, quality_best: -inf, coverage_best: (p=0, n=0, P=0, N=0), p_value: 0
2026-04-14 13:03:17,529 - INFO - Regula po iteracji 0: IF  THEN class = {302.30} [-257.91, 862.51], (p=574, n=51, P=574, N=51)
2026-04-14 13:03:17,530 - INFO - *****STOP GROWING RR RULE*****
2026-04-14 13:03:17,530 - INFO - ***RR NOT FOUND***
2026-04-14 13:03:17,536 - INFO - Iteracja 2: condition_best: inflation >= 12.40, quality_best: 0.346, coverage_best: (p=17, n=7, P=146, N=479)
2026-04-14 13:03:17,537 - INFO - Regula po iteracji 2: IF inflation >= 11.95 AND unemployment >= 5.25 AND inflation >= 12.40 THEN class = {900.33} [353.50, 1,447.16], (p=17, n=7, P=146, N=479)
2026-04-14 13:03:17,537 - INFO - *****GROWING RR RULE*****
2026-04-14 13:03:17,638 - INFO - Iteracja 0: condition_best: None, quality_best: -inf, coverage_best: (p=0, n=0, P=0, N=0), p_value: 0
2026-04-14 13:03:17,638 - INFO - Regula po iteracji 0: IF  THEN class = {302.30} [-257.91, 862.51], (p=574, n=51, P=574, N=51)
2026-04-14 13:03:17,638 - INFO - *****STOP GROWING RR RULE*****
2026-04-14 13:03:17,638 - INFO - ***RR NOT FOUND***
2026-04-14 13:03:17,644 - INFO - Iteracja 3: condition_best: year >= 1,962.50, quality_best: 0.341, coverage_best: (p=16, n=7, P=137, N=488)
2026-04-14 13:03:17,644 - INFO - Regula po iteracji 3: IF inflation >= 11.95 AND unemployment >= 5.25 AND inflation >= 12.40 AND year >= 1,962.50 THEN class = {920.48} [370.67, 1,470.28], (p=16, n=7, P=137, N=488)
2026-04-14 13:03:17,645 - INFO - *****GROWING RR RULE*****
2026-04-14 13:03:17,746 - INFO - Iteracja 0: condition_best: None, quality_best: -inf, coverage_best: (p=0, n=0, P=0, N=0), p_value: 0
2026-04-14 13:03:17,746 - INFO - Regula po iteracji 0: IF  THEN class = {302.30} [-257.91, 862.51], (p=574, n=51, P=574, N=51)
2026-04-14 13:03:17,746 - INFO - *****STOP GROWING RR RULE*****
2026-04-14 13:03:17,746 - INFO - ***RR NOT FOUND***
2026-04-14 13:03:17,752 - INFO - Iteracja 4: condition_best: unemployment <= 10.65, quality_best: 0.336, coverage_best: (p=15, n=7, P=127, N=498)
2026-04-14 13:03:17,752 - INFO - Regula po iteracji 4: IF inflation >= 11.95 AND unemployment >= 5.25 AND inflation >= 12.40 AND year >= 1,962.50 AND unemployment <= 10.65 THEN class = {939.41} [384.63, 1,494.19], (p=15, n=7, P=127, N=498)
2026-04-14 13:03:17,753 - INFO - *****GROWING RR RULE*****
2026-04-14 13:03:17,854 - INFO - Iteracja 0: condition_best: None, quality_best: -inf, coverage_best: (p=0, n=0, P=0, N=0), p_value: 0
2026-04-14 13:03:17,854 - INFO - Regula po iteracji 0: IF  THEN class = {302.30} [-257.91, 862.51], (p=574, n=51, P=574, N=51)
2026-04-14 13:03:17,854 - INFO - *****STOP GROWING RR RULE*****
2026-04-14 13:03:17,854 - INFO - ***RR NOT FOUND***
2026-04-14 13:03:17,854 - INFO - *******STOP GROWING CR RULE*******
2026-04-14 13:03:17,855 - INFO - *******GROWING CR RULE*******
2026-04-14 13:03:17,910 - INFO - Iteracja 0: condition_best: inflation <= 5.65, quality_best: 0.258, coverage_best: (p=333, n=21, P=570, N=55)
2026-04-14 13:03:17,910 - INFO - Regula po iteracji 0: IF inflation <= 5.65 THEN class = {251.51} [-320.56, 823.58], (p=333, n=21, P=570, N=55)
2026-04-14 13:03:17,911 - INFO - *****GROWING RR RULE*****
2026-04-14 13:03:18,016 - INFO - Iteracja 0: condition_best: None, quality_best: -inf, coverage_best: (p=0, n=0, P=0, N=0), p_value: 0
2026-04-14 13:03:18,016 - INFO - Regula po iteracji 0: IF  THEN class = {302.30} [-257.91, 862.51], (p=574, n=51, P=574, N=51)
2026-04-14 13:03:18,016 - INFO - *****STOP GROWING RR RULE*****
2026-04-14 13:03:18,016 - INFO - ***RR NOT FOUND***
2026-04-14 13:03:18,047 - INFO - Iteracja 1: condition_best: year >= 1,952.50, quality_best: 0.303, coverage_best: (p=319, n=24, P=554, N=71)
2026-04-14 13:03:18,047 - INFO - Regula po iteracji 1: IF inflation <= 5.65 AND year >= 1,952.50 THEN class = {233.44} [-254.74, 721.62], (p=319, n=24, P=554, N=71)
2026-04-14 13:03:18,048 - INFO - *****GROWING RR RULE*****
2026-04-14 13:03:18,152 - INFO - Iteracja 0: condition_best: None, quality_best: -inf, coverage_best: (p=0, n=0, P=0, N=0), p_value: 0
2026-04-14 13:03:18,152 - INFO - Regula po iteracji 0: IF  THEN class = {302.30} [-257.91, 862.51], (p=574, n=51, P=574, N=51)
2026-04-14 13:03:18,152 - INFO - *****STOP GROWING RR RULE*****
2026-04-14 13:03:18,152 - INFO - ***RR NOT FOUND***
2026-04-14 13:03:18,182 - INFO - Iteracja 2: condition_best: inflation >= -0.95, quality_best: 0.329, coverage_best: (p=316, n=22, P=555, N=70)
2026-04-14 13:03:18,182 - INFO - Regula po iteracji 2: IF inflation <= 5.65 AND year >= 1,952.50 AND inflation >= -0.95 THEN class = {232.70} [-257.88, 723.28], (p=316, n=22, P=555, N=70)
2026-04-14 13:03:18,182 - INFO - *****GROWING RR RULE*****
2026-04-14 13:03:18,288 - INFO - Iteracja 0: condition_best: None, quality_best: -inf, coverage_best: (p=0, n=0, P=0, N=0), p_value: 0
2026-04-14 13:03:18,288 - INFO - Regula po iteracji 0: IF  THEN class = {302.30} [-257.91, 862.51], (p=574, n=51, P=574, N=51)
2026-04-14 13:03:18,288 - INFO - *****STOP GROWING RR RULE*****
2026-04-14 13:03:18,288 - INFO - ***RR NOT FOUND***
2026-04-14 13:03:18,318 - INFO - Iteracja 3: condition_best: inflation <= 5.55, quality_best: 0.327, coverage_best: (p=315, n=22, P=555, N=70)
2026-04-14 13:03:18,318 - INFO - Regula po iteracji 3: IF inflation <= 5.65 AND year >= 1,952.50 AND inflation >= -0.95 AND inflation <= 5.55 THEN class = {232.77} [-258.54, 724.07], (p=315, n=22, P=555, N=70)
2026-04-14 13:03:18,318 - INFO - *****GROWING RR RULE*****
2026-04-14 13:03:18,423 - INFO - Iteracja 0: condition_best: None, quality_best: -inf, coverage_best: (p=0, n=0, P=0, N=0), p_value: 0
2026-04-14 13:03:18,423 - INFO - Regula po iteracji 0: IF  THEN class = {302.30} [-257.91, 862.51], (p=574, n=51, P=574, N=51)
2026-04-14 13:03:18,423 - INFO - *****STOP GROWING RR RULE*****
2026-04-14 13:03:18,423 - INFO - ***RR NOT FOUND***
2026-04-14 13:03:18,454 - INFO - Iteracja 4: condition_best: unemployment <= 15.55, quality_best: 0.325, coverage_best: (p=314, n=22, P=555, N=70)
2026-04-14 13:03:18,454 - INFO - Regula po iteracji 4: IF inflation <= 5.65 AND year >= 1,952.50 AND inflation >= -0.95 AND inflation <= 5.55 AND unemployment <= 15.55 THEN class = {231.91} [-259.88, 723.70], (p=314, n=22, P=555, N=70)
2026-04-14 13:03:18,454 - INFO - *****GROWING RR RULE*****
2026-04-14 13:03:18,559 - INFO - Iteracja 0: condition_best: None, quality_best: -inf, coverage_best: (p=0, n=0, P=0, N=0), p_value: 0
2026-04-14 13:03:18,559 - INFO - Regula po iteracji 0: IF  THEN class = {302.30} [-257.91, 862.51], (p=574, n=51, P=574, N=51)
2026-04-14 13:03:18,560 - INFO - *****STOP GROWING RR RULE*****
2026-04-14 13:03:18,560 - INFO - ***RR NOT FOUND***
2026-04-14 13:03:18,560 - INFO - *******STOP GROWING CR RULE*******
2026-04-14 13:03:18,560 - INFO - *******GROWING CR RULE*******
2026-04-14 13:03:18,616 - INFO - Iteracja 0: condition_best: unemployment >= 10.10, quality_best: 0.254, coverage_best: (p=18, n=4, P=404, N=221)
2026-04-14 13:03:18,616 - INFO - Regula po iteracji 0: IF unemployment >= 10.10 THEN class = {317.77} [12.22, 623.32], (p=18, n=4, P=404, N=221)
2026-04-14 13:03:18,616 - INFO - *****GROWING RR RULE*****
2026-04-14 13:03:18,718 - INFO - Iteracja 0: condition_best: None, quality_best: -inf, coverage_best: (p=0, n=0, P=0, N=0), p_value: 0
2026-04-14 13:03:18,718 - INFO - Regula po iteracji 0: IF  THEN class = {302.30} [-257.91, 862.51], (p=574, n=51, P=574, N=51)
2026-04-14 13:03:18,718 - INFO - *****STOP GROWING RR RULE*****
2026-04-14 13:03:18,718 - INFO - ***RR NOT FOUND***
2026-04-14 13:03:18,724 - INFO - Iteracja 1: condition_best: year >= 1,981.50, quality_best: 0.344, coverage_best: (p=17, n=2, P=430, N=195)
2026-04-14 13:03:18,724 - INFO - Regula po iteracji 1: IF unemployment >= 10.10 AND year >= 1,981.50 THEN class = {309.47} [7.59, 611.35], (p=17, n=2, P=430, N=195)
2026-04-14 13:03:18,724 - INFO - *****GROWING RR RULE*****
2026-04-14 13:03:18,824 - INFO - Iteracja 0: condition_best: None, quality_best: -inf, coverage_best: (p=0, n=0, P=0, N=0), p_value: 0
2026-04-14 13:03:18,824 - INFO - Regula po iteracji 0: IF  THEN class = {302.30} [-257.91, 862.51], (p=574, n=51, P=574, N=51)
2026-04-14 13:03:18,824 - INFO - *****STOP GROWING RR RULE*****
2026-04-14 13:03:18,824 - INFO - ***RR NOT FOUND***
2026-04-14 13:03:18,829 - INFO - Iteracja 2: condition_best: unemployment <= 12.30, quality_best: 0.404, coverage_best: (p=12, n=1, P=401, N=224)
2026-04-14 13:03:18,829 - INFO - Regula po iteracji 2: IF unemployment >= 10.10 AND year >= 1,981.50 AND unemployment <= 12.30 THEN class = {342.62} [16.33, 668.90], (p=12, n=1, P=401, N=224)
2026-04-14 13:03:18,829 - INFO - *****GROWING RR RULE*****
2026-04-14 13:03:18,930 - INFO - Iteracja 0: condition_best: None, quality_best: -inf, coverage_best: (p=0, n=0, P=0, N=0), p_value: 0
2026-04-14 13:03:18,930 - INFO - Regula po iteracji 0: IF  THEN class = {302.30} [-257.91, 862.51], (p=574, n=51, P=574, N=51)
2026-04-14 13:03:18,930 - INFO - *****STOP GROWING RR RULE*****
2026-04-14 13:03:18,930 - INFO - ***RR NOT FOUND***
2026-04-14 13:03:18,934 - INFO - Iteracja 3: condition_best: unemployment >= 10.65, quality_best: 0.381, coverage_best: (p=9, n=1, P=380, N=245)
2026-04-14 13:03:18,934 - INFO - Regula po iteracji 3: IF unemployment >= 10.10 AND year >= 1,981.50 AND unemployment <= 12.30 AND unemployment >= 10.65 THEN class = {385.00} [29.29, 740.71], (p=9, n=1, P=380, N=245)
2026-04-14 13:03:18,934 - INFO - *****GROWING RR RULE*****
2026-04-14 13:03:19,035 - INFO - Iteracja 0: condition_best: None, quality_best: -inf, coverage_best: (p=0, n=0, P=0, N=0), p_value: 0
2026-04-14 13:03:19,035 - INFO - Regula po iteracji 0: IF  THEN class = {302.30} [-257.91, 862.51], (p=574, n=51, P=574, N=51)
2026-04-14 13:03:19,035 - INFO - *****STOP GROWING RR RULE*****
2026-04-14 13:03:19,035 - INFO - ***RR NOT FOUND***
2026-04-14 13:03:19,038 - INFO - Iteracja 4: condition_best: inflation >= 4.45, quality_best: 0.319, coverage_best: (p=8, n=1, P=439, N=186)
2026-04-14 13:03:19,038 - INFO - Regula po iteracji 4: IF unemployment >= 10.10 AND year >= 1,981.50 AND unemployment <= 12.30 AND unemployment >= 10.65 AND inflation >= 4.45 THEN class = {384.11} [9.17, 759.06], (p=8, n=1, P=439, N=186)
2026-04-14 13:03:19,038 - INFO - *****GROWING RR RULE*****
2026-04-14 13:03:19,140 - INFO - Iteracja 0: condition_best: None, quality_best: -inf, coverage_best: (p=0, n=0, P=0, N=0), p_value: 0
2026-04-14 13:03:19,141 - INFO - Regula po iteracji 0: IF  THEN class = {302.30} [-257.91, 862.51], (p=574, n=51, P=574, N=51)
2026-04-14 13:03:19,141 - INFO - *****STOP GROWING RR RULE*****
2026-04-14 13:03:19,141 - INFO - ***RR NOT FOUND***
2026-04-14 13:03:19,141 - INFO - *******STOP GROWING CR RULE*******
2026-04-14 13:03:19,141 - INFO - *******GROWING CR RULE*******
2026-04-14 13:03:19,197 - INFO - Iteracja 0: condition_best: unemployment >= 8.95, quality_best: 0.254, coverage_best: (p=39, n=5, P=491, N=134)
2026-04-14 13:03:19,197 - INFO - Regula po iteracji 0: IF unemployment >= 8.95 THEN class = {306.66} [1.42, 611.90], (p=39, n=5, P=491, N=134)
2026-04-14 13:03:19,197 - INFO - *****GROWING RR RULE*****
2026-04-14 13:03:19,298 - INFO - Iteracja 0: condition_best: None, quality_best: -inf, coverage_best: (p=0, n=0, P=0, N=0), p_value: 0
2026-04-14 13:03:19,298 - INFO - Regula po iteracji 0: IF  THEN class = {302.30} [-257.91, 862.51], (p=574, n=51, P=574, N=51)
2026-04-14 13:03:19,298 - INFO - *****STOP GROWING RR RULE*****
2026-04-14 13:03:19,298 - INFO - ***RR NOT FOUND***
2026-04-14 13:03:19,308 - INFO - Iteracja 1: condition_best: year >= 1,952.50, quality_best: 0.25, coverage_best: (p=34, n=6, P=450, N=175)
2026-04-14 13:03:19,308 - INFO - Regula po iteracji 1: IF unemployment >= 8.95 AND year >= 1,952.50 THEN class = {309.95} [5.17, 614.73], (p=34, n=6, P=450, N=175)
2026-04-14 13:03:19,309 - INFO - *****GROWING RR RULE*****
2026-04-14 13:03:19,409 - INFO - Iteracja 0: condition_best: None, quality_best: -inf, coverage_best: (p=0, n=0, P=0, N=0), p_value: 0
2026-04-14 13:03:19,409 - INFO - Regula po iteracji 0: IF  THEN class = {302.30} [-257.91, 862.51], (p=574, n=51, P=574, N=51)
2026-04-14 13:03:19,410 - INFO - *****STOP GROWING RR RULE*****
2026-04-14 13:03:19,410 - INFO - ***RR NOT FOUND***
2026-04-14 13:03:19,419 - INFO - Iteracja 2: condition_best: unemployment >= 9.25, quality_best: 0.247, coverage_best: (p=26, n=8, P=353, N=272)
2026-04-14 13:03:19,419 - INFO - Regula po iteracji 2: IF unemployment >= 8.95 AND year >= 1,952.50 AND unemployment >= 9.25 THEN class = {323.85} [33.28, 614.43], (p=26, n=8, P=353, N=272)
2026-04-14 13:03:19,419 - INFO - *****GROWING RR RULE*****
2026-04-14 13:03:19,521 - INFO - Iteracja 0: condition_best: None, quality_best: -inf, coverage_best: (p=0, n=0, P=0, N=0), p_value: 0
2026-04-14 13:03:19,521 - INFO - Regula po iteracji 0: IF  THEN class = {302.30} [-257.91, 862.51], (p=574, n=51, P=574, N=51)
2026-04-14 13:03:19,521 - INFO - *****STOP GROWING RR RULE*****
2026-04-14 13:03:19,521 - INFO - ***RR NOT FOUND***
2026-04-14 13:03:19,529 - INFO - Iteracja 3: condition_best: unemployment <= 11.65, quality_best: 0.299, coverage_best: (p=22, n=5, P=360, N=265)
2026-04-14 13:03:19,529 - INFO - Regula po iteracji 3: IF unemployment >= 8.95 AND year >= 1,952.50 AND unemployment >= 9.25 AND unemployment <= 11.65 THEN class = {337.89} [33.63, 642.15], (p=22, n=5, P=360, N=265)
2026-04-14 13:03:19,530 - INFO - *****GROWING RR RULE*****
2026-04-14 13:03:19,642 - INFO - Iteracja 0: condition_best: None, quality_best: -inf, coverage_best: (p=0, n=0, P=0, N=0), p_value: 0
2026-04-14 13:03:19,642 - INFO - Regula po iteracji 0: IF  THEN class = {302.30} [-257.91, 862.51], (p=574, n=51, P=574, N=51)
2026-04-14 13:03:19,643 - INFO - *****STOP GROWING RR RULE*****
2026-04-14 13:03:19,643 - INFO - ***RR NOT FOUND***
2026-04-14 13:03:19,649 - INFO - Iteracja 4: condition_best: inflation >= 2.95, quality_best: 0.332, coverage_best: (p=21, n=4, P=357, N=268)
2026-04-14 13:03:19,649 - INFO - Regula po iteracji 4: IF unemployment >= 8.95 AND year >= 1,952.50 AND unemployment >= 9.25 AND unemployment <= 11.65 AND inflation >= 2.95 THEN class = {342.92} [36.64, 649.20], (p=21, n=4, P=357, N=268)
2026-04-14 13:03:19,650 - INFO - *****GROWING RR RULE*****
2026-04-14 13:03:19,751 - INFO - Iteracja 0: condition_best: None, quality_best: -inf, coverage_best: (p=0, n=0, P=0, N=0), p_value: 0
2026-04-14 13:03:19,751 - INFO - Regula po iteracji 0: IF  THEN class = {302.30} [-257.91, 862.51], (p=574, n=51, P=574, N=51)
2026-04-14 13:03:19,751 - INFO - *****STOP GROWING RR RULE*****
2026-04-14 13:03:19,752 - INFO - ***RR NOT FOUND***
2026-04-14 13:03:19,752 - INFO - *******STOP GROWING CR RULE*******
2026-04-14 13:03:19,752 - INFO - *******GROWING CR RULE*******
2026-04-14 13:03:19,807 - INFO - Iteracja 0: condition_best: inflation <= 8.75, quality_best: 0.226, coverage_best: (p=442, n=36, P=562, N=63)
2026-04-14 13:03:19,807 - INFO - Regula po iteracji 0: IF inflation <= 8.75 THEN class = {249.47} [-274.29, 773.23], (p=442, n=36, P=562, N=63)
2026-04-14 13:03:19,807 - INFO - *****GROWING RR RULE*****
2026-04-14 13:03:19,913 - INFO - Iteracja 0: condition_best: None, quality_best: -inf, coverage_best: (p=0, n=0, P=0, N=0), p_value: 0
2026-04-14 13:03:19,913 - INFO - Regula po iteracji 0: IF  THEN class = {302.30} [-257.91, 862.51], (p=574, n=51, P=574, N=51)
2026-04-14 13:03:19,913 - INFO - *****STOP GROWING RR RULE*****
2026-04-14 13:03:19,913 - INFO - ***RR NOT FOUND***
2026-04-14 13:03:19,952 - INFO - Iteracja 1: condition_best: representation >= 24.50, quality_best: 0.32, coverage_best: (p=399, n=35, P=545, N=80)
2026-04-14 13:03:19,952 - INFO - Regula po iteracji 1: IF inflation <= 8.75 AND representation >= 24.50 THEN class = {219.98} [-205.56, 645.53], (p=399, n=35, P=545, N=80)
2026-04-14 13:03:19,953 - INFO - *****GROWING RR RULE*****
2026-04-14 13:03:20,058 - INFO - Iteracja 0: condition_best: None, quality_best: -inf, coverage_best: (p=0, n=0, P=0, N=0), p_value: 0
2026-04-14 13:03:20,058 - INFO - Regula po iteracji 0: IF  THEN class = {302.30} [-257.91, 862.51], (p=574, n=51, P=574, N=51)
2026-04-14 13:03:20,058 - INFO - *****STOP GROWING RR RULE*****
2026-04-14 13:03:20,058 - INFO - ***RR NOT FOUND***
2026-04-14 13:03:20,094 - INFO - Iteracja 2: condition_best: year >= 1,975.50, quality_best: 0.379, coverage_best: (p=82, n=7, P=485, N=140)
2026-04-14 13:03:20,094 - INFO - Regula po iteracji 2: IF inflation <= 8.75 AND representation >= 24.50 AND year >= 1,975.50 THEN class = {137.28} [-111.87, 386.43], (p=82, n=7, P=485, N=140)
2026-04-14 13:03:20,094 - INFO - *****GROWING RR RULE*****
2026-04-14 13:03:20,196 - INFO - Iteracja 0: condition_best: None, quality_best: -inf, coverage_best: (p=0, n=0, P=0, N=0), p_value: 0
2026-04-14 13:03:20,196 - INFO - Regula po iteracji 0: IF  THEN class = {302.30} [-257.91, 862.51], (p=574, n=51, P=574, N=51)
2026-04-14 13:03:20,196 - INFO - *****STOP GROWING RR RULE*****
2026-04-14 13:03:20,196 - INFO - ***RR NOT FOUND***
2026-04-14 13:03:20,212 - INFO - Iteracja 3: condition_best: inflation <= 7.85, quality_best: 0.413, coverage_best: (p=74, n=5, P=485, N=140)
2026-04-14 13:03:20,212 - INFO - Regula po iteracji 3: IF inflation <= 8.75 AND representation >= 24.50 AND year >= 1,975.50 AND inflation <= 7.85 THEN class = {130.43} [-125.39, 386.25], (p=74, n=5, P=485, N=140)
2026-04-14 13:03:20,213 - INFO - *****GROWING RR RULE*****
2026-04-14 13:03:20,314 - INFO - Iteracja 0: condition_best: None, quality_best: -inf, coverage_best: (p=0, n=0, P=0, N=0), p_value: 0
2026-04-14 13:03:20,315 - INFO - Regula po iteracji 0: IF  THEN class = {302.30} [-257.91, 862.51], (p=574, n=51, P=574, N=51)
2026-04-14 13:03:20,315 - INFO - *****STOP GROWING RR RULE*****
2026-04-14 13:03:20,315 - INFO - ***RR NOT FOUND***
2026-04-14 13:03:20,330 - INFO - Iteracja 4: condition_best: unemployment <= 10.70, quality_best: 0.446, coverage_best: (p=66, n=4, P=462, N=163)
2026-04-14 13:03:20,330 - INFO - Regula po iteracji 4: IF inflation <= 8.75 AND representation >= 24.50 AND year >= 1,975.50 AND inflation <= 7.85 AND unemployment <= 10.70 THEN class = {113.57} [-114.43, 341.57], (p=66, n=4, P=462, N=163)
2026-04-14 13:03:20,330 - INFO - *****GROWING RR RULE*****
2026-04-14 13:03:20,432 - INFO - Iteracja 0: condition_best: None, quality_best: -inf, coverage_best: (p=0, n=0, P=0, N=0), p_value: 0
2026-04-14 13:03:20,432 - INFO - Regula po iteracji 0: IF  THEN class = {302.30} [-257.91, 862.51], (p=574, n=51, P=574, N=51)
2026-04-14 13:03:20,432 - INFO - *****STOP GROWING RR RULE*****
2026-04-14 13:03:20,432 - INFO - ***RR NOT FOUND***
2026-04-14 13:03:20,432 - INFO - *******STOP GROWING CR RULE*******
2026-04-14 13:03:20,433 - INFO - *******GROWING CR RULE*******
2026-04-14 13:03:20,487 - INFO - Iteracja 0: condition_best: unemployment >= 7.90, quality_best: 0.225, coverage_best: (p=57, n=8, P=496, N=129)
2026-04-14 13:03:20,487 - INFO - Regula po iteracji 0: IF unemployment >= 7.90 THEN class = {309.85} [1.87, 617.83], (p=57, n=8, P=496, N=129)
2026-04-14 13:03:20,488 - INFO - *****GROWING RR RULE*****
2026-04-14 13:03:20,589 - INFO - Iteracja 0: condition_best: None, quality_best: -inf, coverage_best: (p=0, n=0, P=0, N=0), p_value: 0
2026-04-14 13:03:20,589 - INFO - Regula po iteracji 0: IF  THEN class = {302.30} [-257.91, 862.51], (p=574, n=51, P=574, N=51)
2026-04-14 13:03:20,589 - INFO - *****STOP GROWING RR RULE*****
2026-04-14 13:03:20,589 - INFO - ***RR NOT FOUND***
2026-04-14 13:03:20,602 - INFO - Iteracja 1: condition_best: representation >= 46.50, quality_best: 0.34, coverage_best: (p=17, n=3, P=358, N=267)
2026-04-14 13:03:20,602 - INFO - Regula po iteracji 1: IF unemployment >= 7.90 AND representation >= 46.50 THEN class = {363.90} [37.97, 689.83], (p=17, n=3, P=358, N=267)
2026-04-14 13:03:20,603 - INFO - *****GROWING RR RULE*****
2026-04-14 13:03:20,743 - INFO - Iteracja 0: condition_best: None, quality_best: -inf, coverage_best: (p=0, n=0, P=0, N=0), p_value: 0
2026-04-14 13:03:20,743 - INFO - Regula po iteracji 0: IF  THEN class = {302.30} [-257.91, 862.51], (p=574, n=51, P=574, N=51)
2026-04-14 13:03:20,743 - INFO - *****STOP GROWING RR RULE*****
2026-04-14 13:03:20,743 - INFO - ***RR NOT FOUND***
2026-04-14 13:03:20,748 - INFO - Iteracja 2: condition_best: unemployment <= 8.35, quality_best: 0.365, coverage_best: (p=6, n=1, P=311, N=314)
2026-04-14 13:03:20,749 - INFO - Regula po iteracji 2: IF unemployment >= 7.90 AND representation >= 46.50 AND unemployment <= 8.35 THEN class = {300.14} [50.57, 549.72], (p=6, n=1, P=311, N=314)
2026-04-14 13:03:20,749 - INFO - *****GROWING RR RULE*****
2026-04-14 13:03:20,850 - INFO - Iteracja 0: condition_best: None, quality_best: -inf, coverage_best: (p=0, n=0, P=0, N=0), p_value: 0
2026-04-14 13:03:20,850 - INFO - Regula po iteracji 0: IF  THEN class = {302.30} [-257.91, 862.51], (p=574, n=51, P=574, N=51)
2026-04-14 13:03:20,850 - INFO - *****STOP GROWING RR RULE*****
2026-04-14 13:03:20,850 - INFO - ***RR NOT FOUND***
2026-04-14 13:03:20,853 - INFO - Iteracja 3: condition_best: year <= 1,984.00, quality_best: 0.331, coverage_best: (p=5, n=1, P=325, N=300)
2026-04-14 13:03:20,853 - INFO - Regula po iteracji 3: IF unemployment >= 7.90 AND representation >= 46.50 AND unemployment <= 8.35 AND year <= 1,984.00 THEN class = {312.50} [44.92, 580.08], (p=5, n=1, P=325, N=300)
2026-04-14 13:03:20,853 - INFO - *****GROWING RR RULE*****
2026-04-14 13:03:20,954 - INFO - Iteracja 0: condition_best: None, quality_best: -inf, coverage_best: (p=0, n=0, P=0, N=0), p_value: 0
2026-04-14 13:03:20,954 - INFO - Regula po iteracji 0: IF  THEN class = {302.30} [-257.91, 862.51], (p=574, n=51, P=574, N=51)
2026-04-14 13:03:20,954 - INFO - *****STOP GROWING RR RULE*****
2026-04-14 13:03:20,954 - INFO - ***RR NOT FOUND***
2026-04-14 13:03:20,956 - INFO - Iteracja 4: condition_best: year >= 1,976.00, quality_best: 0.148, coverage_best: (p=4, n=1, P=448, N=177)
2026-04-14 13:03:20,956 - INFO - Regula po iteracji 4: IF unemployment >= 7.90 AND representation >= 46.50 AND unemployment <= 8.35 AND year <= 1,984.00 AND year >= 1,976.00 THEN class = {294.40} [4.65, 584.15], (p=4, n=1, P=448, N=177)
2026-04-14 13:03:20,957 - INFO - *****GROWING RR RULE*****
2026-04-14 13:03:21,057 - INFO - Iteracja 0: condition_best: None, quality_best: -inf, coverage_best: (p=0, n=0, P=0, N=0), p_value: 0
2026-04-14 13:03:21,058 - INFO - Regula po iteracji 0: IF  THEN class = {302.30} [-257.91, 862.51], (p=574, n=51, P=574, N=51)
2026-04-14 13:03:21,058 - INFO - *****STOP GROWING RR RULE*****
2026-04-14 13:03:21,058 - INFO - ***RR NOT FOUND***
2026-04-14 13:03:21,058 - INFO - *******STOP GROWING CR RULE*******
2026-04-14 13:03:21,058 - INFO - *******GROWING CR RULE*******
2026-04-14 13:03:21,112 - INFO - Iteracja 0: condition_best: inflation <= 11.05, quality_best: 0.195, coverage_best: (p=503, n=37, P=571, N=54)
2026-04-14 13:03:21,112 - INFO - Regula po iteracji 0: IF inflation <= 11.05 THEN class = {268.91} [-292.54, 830.35], (p=503, n=37, P=571, N=54)
2026-04-14 13:03:21,113 - INFO - *****GROWING RR RULE*****
2026-04-14 13:03:21,222 - INFO - Iteracja 0: condition_best: None, quality_best: -inf, coverage_best: (p=0, n=0, P=0, N=0), p_value: 0
2026-04-14 13:03:21,222 - INFO - Regula po iteracji 0: IF  THEN class = {302.30} [-257.91, 862.51], (p=574, n=51, P=574, N=51)
2026-04-14 13:03:21,222 - INFO - *****STOP GROWING RR RULE*****
2026-04-14 13:03:21,222 - INFO - ***RR NOT FOUND***
2026-04-14 13:03:21,267 - INFO - Iteracja 1: condition_best: representation <= 52.50, quality_best: 0.259, coverage_best: (p=431, n=36, P=557, N=68)
2026-04-14 13:03:21,267 - INFO - Regula po iteracji 1: IF inflation <= 11.05 AND representation <= 52.50 THEN class = {230.82} [-291.48, 753.13], (p=431, n=36, P=557, N=68)
2026-04-14 13:03:21,268 - INFO - *****GROWING RR RULE*****
2026-04-14 13:03:21,379 - INFO - Iteracja 0: condition_best: None, quality_best: -inf, coverage_best: (p=0, n=0, P=0, N=0), p_value: 0
2026-04-14 13:03:21,379 - INFO - Regula po iteracji 0: IF  THEN class = {302.30} [-257.91, 862.51], (p=574, n=51, P=574, N=51)
2026-04-14 13:03:21,379 - INFO - *****STOP GROWING RR RULE*****
2026-04-14 13:03:21,379 - INFO - ***RR NOT FOUND***
2026-04-14 13:03:21,418 - INFO - Iteracja 2: condition_best: representation >= 24.50, quality_best: 0.413, coverage_best: (p=389, n=30, P=539, N=86)
2026-04-14 13:03:21,418 - INFO - Regula po iteracji 2: IF inflation <= 11.05 AND representation <= 52.50 AND representation >= 24.50 THEN class = {196.82} [-223.17, 616.81], (p=389, n=30, P=539, N=86)
2026-04-14 13:03:21,419 - INFO - *****GROWING RR RULE*****
2026-04-14 13:03:21,530 - INFO - Iteracja 0: condition_best: None, quality_best: -inf, coverage_best: (p=0, n=0, P=0, N=0), p_value: 0
2026-04-14 13:03:21,530 - INFO - Regula po iteracji 0: IF  THEN class = {302.30} [-257.91, 862.51], (p=574, n=51, P=574, N=51)
2026-04-14 13:03:21,530 - INFO - *****STOP GROWING RR RULE*****
2026-04-14 13:03:21,530 - INFO - ***RR NOT FOUND***
2026-04-14 13:03:21,566 - INFO - Iteracja 3: condition_best: year <= 1,983.50, quality_best: 0.429, coverage_best: (p=372, n=27, P=539, N=86)
2026-04-14 13:03:21,566 - INFO - Regula po iteracji 3: IF inflation <= 11.05 AND representation <= 52.50 AND representation >= 24.50 AND year <= 1,983.50 THEN class = {194.28} [-228.03, 616.60], (p=372, n=27, P=539, N=86)
2026-04-14 13:03:21,567 - INFO - *****GROWING RR RULE*****
2026-04-14 13:03:21,679 - INFO - Iteracja 0: condition_best: None, quality_best: -inf, coverage_best: (p=0, n=0, P=0, N=0), p_value: 0
2026-04-14 13:03:21,680 - INFO - Regula po iteracji 0: IF  THEN class = {302.30} [-257.91, 862.51], (p=574, n=51, P=574, N=51)
2026-04-14 13:03:21,680 - INFO - *****STOP GROWING RR RULE*****
2026-04-14 13:03:21,680 - INFO - ***RR NOT FOUND***
2026-04-14 13:03:21,714 - INFO - Iteracja 4: condition_best: inflation >= -1.30, quality_best: 0.439, coverage_best: (p=369, n=26, P=539, N=86)
2026-04-14 13:03:21,714 - INFO - Regula po iteracji 4: IF inflation <= 11.05 AND representation <= 52.50 AND representation >= 24.50 AND year <= 1,983.50 AND inflation >= -1.30 THEN class = {193.21} [-229.98, 616.39], (p=369, n=26, P=539, N=86)
2026-04-14 13:03:21,714 - INFO - *****GROWING RR RULE*****
2026-04-14 13:03:21,827 - INFO - Iteracja 0: condition_best: None, quality_best: -inf, coverage_best: (p=0, n=0, P=0, N=0), p_value: 0
2026-04-14 13:03:21,827 - INFO - Regula po iteracji 0: IF  THEN class = {302.30} [-257.91, 862.51], (p=574, n=51, P=574, N=51)
2026-04-14 13:03:21,827 - INFO - *****STOP GROWING RR RULE*****
2026-04-14 13:03:21,827 - INFO - ***RR NOT FOUND***
2026-04-14 13:03:21,827 - INFO - *******STOP GROWING CR RULE*******
2026-04-14 13:03:21,828 - INFO - *******GROWING CR RULE*******
2026-04-14 13:03:21,883 - INFO - Iteracja 0: condition_best: inflation <= 12.40, quality_best: 0.193, coverage_best: (p=526, n=39, P=571, N=54)
2026-04-14 13:03:21,883 - INFO - Regula po iteracji 0: IF inflation <= 12.40 THEN class = {271.39} [-286.65, 829.43], (p=526, n=39, P=571, N=54)
2026-04-14 13:03:21,883 - INFO - *****GROWING RR RULE*****
2026-04-14 13:03:21,988 - INFO - Iteracja 0: condition_best: None, quality_best: -inf, coverage_best: (p=0, n=0, P=0, N=0), p_value: 0
2026-04-14 13:03:21,989 - INFO - Regula po iteracji 0: IF  THEN class = {302.30} [-257.91, 862.51], (p=574, n=51, P=574, N=51)
2026-04-14 13:03:21,989 - INFO - *****STOP GROWING RR RULE*****
2026-04-14 13:03:21,989 - INFO - ***RR NOT FOUND***
2026-04-14 13:03:22,036 - INFO - Iteracja 1: condition_best: representation >= 23.50, quality_best: 0.25, coverage_best: (p=478, n=42, P=556, N=69)
2026-04-14 13:03:22,037 - INFO - Regula po iteracji 1: IF inflation <= 12.40 AND representation >= 23.50 THEN class = {247.00} [-241.08, 735.08], (p=478, n=42, P=556, N=69)
2026-04-14 13:03:22,037 - INFO - *****GROWING RR RULE*****
2026-04-14 13:03:22,142 - INFO - Iteracja 0: condition_best: None, quality_best: -inf, coverage_best: (p=0, n=0, P=0, N=0), p_value: 0
2026-04-14 13:03:22,143 - INFO - Regula po iteracji 0: IF  THEN class = {302.30} [-257.91, 862.51], (p=574, n=51, P=574, N=51)
2026-04-14 13:03:22,143 - INFO - *****STOP GROWING RR RULE*****
2026-04-14 13:03:22,143 - INFO - ***RR NOT FOUND***
2026-04-14 13:03:22,186 - INFO - Iteracja 2: condition_best: representation <= 62.50, quality_best: 0.316, coverage_best: (p=449, n=41, P=545, N=80)
2026-04-14 13:03:22,186 - INFO - Regula po iteracji 2: IF inflation <= 12.40 AND representation >= 23.50 AND representation <= 62.50 THEN class = {223.84} [-199.09, 646.78], (p=449, n=41, P=545, N=80)
2026-04-14 13:03:22,187 - INFO - *****GROWING RR RULE*****
2026-04-14 13:03:22,292 - INFO - Iteracja 0: condition_best: None, quality_best: -inf, coverage_best: (p=0, n=0, P=0, N=0), p_value: 0
2026-04-14 13:03:22,292 - INFO - Regula po iteracji 0: IF  THEN class = {302.30} [-257.91, 862.51], (p=574, n=51, P=574, N=51)
2026-04-14 13:03:22,292 - INFO - *****STOP GROWING RR RULE*****
2026-04-14 13:03:22,292 - INFO - ***RR NOT FOUND***
2026-04-14 13:03:22,333 - INFO - Iteracja 3: condition_best: unemployment <= 11.05, quality_best: 0.329, coverage_best: (p=440, n=39, P=545, N=80)
2026-04-14 13:03:22,334 - INFO - Regula po iteracji 3: IF inflation <= 12.40 AND representation >= 23.50 AND representation <= 62.50 AND unemployment <= 11.05 THEN class = {222.56} [-201.01, 646.13], (p=440, n=39, P=545, N=80)
2026-04-14 13:03:22,334 - INFO - *****GROWING RR RULE*****
2026-04-14 13:03:22,440 - INFO - Iteracja 0: condition_best: None, quality_best: -inf, coverage_best: (p=0, n=0, P=0, N=0), p_value: 0
2026-04-14 13:03:22,441 - INFO - Regula po iteracji 0: IF  THEN class = {302.30} [-257.91, 862.51], (p=574, n=51, P=574, N=51)
2026-04-14 13:03:22,441 - INFO - *****STOP GROWING RR RULE*****
2026-04-14 13:03:22,441 - INFO - ***RR NOT FOUND***
2026-04-14 13:03:22,481 - INFO - Iteracja 4: condition_best: inflation >= -1.75, quality_best: 0.339, coverage_best: (p=438, n=38, P=545, N=80)
2026-04-14 13:03:22,481 - INFO - Regula po iteracji 4: IF inflation <= 12.40 AND representation >= 23.50 AND representation <= 62.50 AND unemployment <= 11.05 AND inflation >= -1.75 THEN class = {221.48} [-202.53, 645.49], (p=438, n=38, P=545, N=80)
2026-04-14 13:03:22,482 - INFO - *****GROWING RR RULE*****
2026-04-14 13:03:22,588 - INFO - Iteracja 0: condition_best: None, quality_best: -inf, coverage_best: (p=0, n=0, P=0, N=0), p_value: 0
2026-04-14 13:03:22,588 - INFO - Regula po iteracji 0: IF  THEN class = {302.30} [-257.91, 862.51], (p=574, n=51, P=574, N=51)
2026-04-14 13:03:22,588 - INFO - *****STOP GROWING RR RULE*****
2026-04-14 13:03:22,588 - INFO - ***RR NOT FOUND***
2026-04-14 13:03:22,588 - INFO - *******STOP GROWING CR RULE*******
2026-04-14 13:03:22,589 - INFO - *******GROWING CR RULE*******
2026-04-14 13:03:22,643 - INFO - Iteracja 0: condition_best: unemployment >= 16.30, quality_best: 1.0, coverage_best: (p=1, n=0, P=1, N=624)
2026-04-14 13:03:22,643 - INFO - Regula po iteracji 0: IF unemployment >= 16.30 THEN class = {521.00} [521.00, 521.00], (p=1, n=0, P=1, N=624)
2026-04-14 13:03:22,643 - INFO - *****GROWING RR RULE*****
2026-04-14 13:03:22,743 - INFO - Iteracja 0: condition_best: None, quality_best: -inf, coverage_best: (p=0, n=0, P=0, N=0), p_value: 0
2026-04-14 13:03:22,744 - INFO - Regula po iteracji 0: IF  THEN class = {302.30} [-257.91, 862.51], (p=574, n=51, P=574, N=51)
2026-04-14 13:03:22,744 - INFO - *****STOP GROWING RR RULE*****
2026-04-14 13:03:22,744 - INFO - ***RR NOT FOUND***
2026-04-14 13:03:22,744 - INFO - Iteracja 1: condition_best: country = {9}, quality_best: 1.0, coverage_best: (p=1, n=0, P=1, N=624)
2026-04-14 13:03:22,744 - INFO - Regula po iteracji 1: IF unemployment >= 16.30 AND country = {9} THEN class = {521.00} [521.00, 521.00], (p=1, n=0, P=1, N=624)
2026-04-14 13:03:22,745 - INFO - *****GROWING RR RULE*****
2026-04-14 13:03:22,846 - INFO - Iteracja 0: condition_best: None, quality_best: -inf, coverage_best: (p=0, n=0, P=0, N=0), p_value: 0
2026-04-14 13:03:22,846 - INFO - Regula po iteracji 0: IF  THEN class = {302.30} [-257.91, 862.51], (p=574, n=51, P=574, N=51)
2026-04-14 13:03:22,846 - INFO - *****STOP GROWING RR RULE*****
2026-04-14 13:03:22,846 - INFO - ***RR NOT FOUND***
2026-04-14 13:03:22,847 - INFO - Iteracja 2: condition_best: None, quality_best: -inf, coverage_best: (p=0, n=0, P=0, N=0)
2026-04-14 13:03:22,847 - INFO - Regula po iteracji 2: IF unemployment >= 16.30 AND country = {9} THEN class = {521.00} [521.00, 521.00], (p=1, n=0, P=1, N=624)
2026-04-14 13:03:22,847 - INFO - *******STOP GROWING CR RULE*******
2026-04-14 13:03:22,864 - INFO - ************************Finished experiment for strike.arff with algorithm************************
2026-04-14 13:03:22,864 - INFO - *************************************************************************************************************************
2026-04-14 13:03:22,864 - INFO - *************************************************************************************************************************
2026-04-14 13:03:22,864 - INFO - *************************************************************************************************************************
