2026-04-14 11:58:23,687 - INFO - **********Starting experiment for baseball.arff with algorithm_rulekit**********
2026-04-14 11:58:24,353 - INFO - ************************Finished experiment for baseball.arff with algorithm_rulekit************************
2026-04-14 11:58:24,354 - INFO - *************************************************************************************************************************
2026-04-14 11:58:24,354 - INFO - *************************************************************************************************************************
2026-04-14 11:58:24,354 - INFO - *************************************************************************************************************************
2026-04-14 11:58:24,354 - INFO - **********Starting experiment for baseball.arff with algorithm_rer**********
2026-04-14 11:58:24,361 - INFO - *******GROWING CR RULE*******
2026-04-14 11:58:24,500 - INFO - Iteracja 0: condition_best: Hits <= 19.50, quality_best: 0.679, coverage_best: (p=18, n=1, P=40, N=195)
2026-04-14 11:58:24,501 - INFO - Regula po iteracji 0: IF Hits <= 19.50 THEN class = {127.89} [102.19, 153.60], (p=18, n=1, P=40, N=195)
2026-04-14 11:58:24,511 - INFO - Iteracja 1: condition_best: Batting_average <= 0.30, quality_best: 0.665, coverage_best: (p=17, n=1, P=40, N=195)
2026-04-14 11:58:24,511 - INFO - Regula po iteracji 1: IF Hits <= 19.50 AND Batting_average <= 0.30 THEN class = {128.94} [102.93, 154.96], (p=17, n=1, P=40, N=195)
2026-04-14 11:58:24,521 - INFO - Iteracja 2: condition_best: Batting_average <= 0.29, quality_best: 0.646, coverage_best: (p=16, n=1, P=41, N=194)
2026-04-14 11:58:24,522 - INFO - Regula po iteracji 2: IF Hits <= 19.50 AND Batting_average <= 0.30 AND Batting_average <= 0.29 THEN class = {128.88} [102.12, 155.65], (p=16, n=1, P=41, N=194)
2026-04-14 11:58:24,531 - INFO - Iteracja 3: condition_best: Batting_average <= 0.28, quality_best: 0.631, coverage_best: (p=15, n=1, P=41, N=194)
2026-04-14 11:58:24,531 - INFO - Regula po iteracji 3: IF Hits <= 19.50 AND Batting_average <= 0.30 AND Batting_average <= 0.29 AND Batting_average <= 0.28 THEN class = {128.81} [101.22, 156.40], (p=15, n=1, P=41, N=194)
2026-04-14 11:58:24,540 - INFO - Iteracja 4: condition_best: Batting_average <= 0.26, quality_best: 0.617, coverage_best: (p=14, n=1, P=41, N=194)
2026-04-14 11:58:24,541 - INFO - Regula po iteracji 4: IF Hits <= 19.50 AND Batting_average <= 0.30 AND Batting_average <= 0.29 AND Batting_average <= 0.28 AND Batting_average <= 0.26 THEN class = {128.40} [99.95, 156.85], (p=14, n=1, P=41, N=194)
2026-04-14 11:58:24,541 - INFO - *******STOP GROWING CR RULE*******
2026-04-14 11:58:24,542 - INFO - *******GROWING CR RULE*******
2026-04-14 11:58:24,652 - INFO - Iteracja 0: condition_best: Hits <= 27.00, quality_best: 0.665, coverage_best: (p=23, n=2, P=48, N=187)
2026-04-14 11:58:24,652 - INFO - Regula po iteracji 0: IF Hits <= 27.00 THEN class = {137.28} [92.66, 181.90], (p=23, n=2, P=48, N=187)
2026-04-14 11:58:24,666 - INFO - Iteracja 1: condition_best: Runs_batted_in <= 10.00, quality_best: 0.721, coverage_best: (p=21, n=1, P=40, N=195)
2026-04-14 11:58:24,666 - INFO - Regula po iteracji 1: IF Hits <= 27.00 AND Runs_batted_in <= 10.00 THEN class = {127.00} [102.81, 151.19], (p=21, n=1, P=40, N=195)
2026-04-14 11:58:24,678 - INFO - Iteracja 2: condition_best: Batting_average <= 0.30, quality_best: 0.707, coverage_best: (p=20, n=1, P=40, N=195)
2026-04-14 11:58:24,678 - INFO - Regula po iteracji 2: IF Hits <= 27.00 AND Runs_batted_in <= 10.00 AND Batting_average <= 0.30 THEN class = {127.86} [103.42, 152.29], (p=20, n=1, P=40, N=195)
2026-04-14 11:58:24,690 - INFO - Iteracja 3: condition_best: Batting_average <= 0.29, quality_best: 0.693, coverage_best: (p=19, n=1, P=40, N=195)
2026-04-14 11:58:24,690 - INFO - Regula po iteracji 3: IF Hits <= 27.00 AND Runs_batted_in <= 10.00 AND Batting_average <= 0.30 AND Batting_average <= 0.29 THEN class = {127.75} [102.72, 152.78], (p=19, n=1, P=40, N=195)
2026-04-14 11:58:24,701 - INFO - Iteracja 4: condition_best: Batting_average >= 0.12, quality_best: 0.679, coverage_best: (p=18, n=1, P=40, N=195)
2026-04-14 11:58:24,701 - INFO - Regula po iteracji 4: IF Hits <= 27.00 AND Runs_batted_in <= 10.00 AND Batting_average <= 0.30 AND Batting_average <= 0.29 AND Batting_average >= 0.12 THEN class = {128.74} [103.43, 154.04], (p=18, n=1, P=40, N=195)
2026-04-14 11:58:24,701 - INFO - *******STOP GROWING CR RULE*******
2026-04-14 11:58:24,703 - INFO - *******GROWING CR RULE*******
2026-04-14 11:58:24,811 - INFO - Iteracja 0: condition_best: Hits <= 27.00, quality_best: 0.665, coverage_best: (p=23, n=2, P=48, N=187)
2026-04-14 11:58:24,811 - INFO - Regula po iteracji 0: IF Hits <= 27.00 THEN class = {137.28} [92.66, 181.90], (p=23, n=2, P=48, N=187)
2026-04-14 11:58:24,825 - INFO - Iteracja 1: condition_best: Runs <= 14.00, quality_best: 0.699, coverage_best: (p=22, n=1, P=46, N=189)
2026-04-14 11:58:24,825 - INFO - Regula po iteracji 1: IF Hits <= 27.00 AND Runs <= 14.00 THEN class = {134.70} [92.41, 176.98], (p=22, n=1, P=46, N=189)
2026-04-14 11:58:24,837 - INFO - Iteracja 2: condition_best: Batting_average >= 0.12, quality_best: 0.687, coverage_best: (p=21, n=1, P=46, N=189)
2026-04-14 11:58:24,837 - INFO - Regula po iteracji 2: IF Hits <= 27.00 AND Runs <= 14.00 AND Batting_average >= 0.12 THEN class = {135.86} [92.99, 178.74], (p=21, n=1, P=46, N=189)
2026-04-14 11:58:24,849 - INFO - Iteracja 3: condition_best: Walks <= 11.50, quality_best: 0.675, coverage_best: (p=20, n=1, P=46, N=189)
2026-04-14 11:58:24,849 - INFO - Regula po iteracji 3: IF Hits <= 27.00 AND Runs <= 14.00 AND Batting_average >= 0.12 AND Walks <= 11.50 THEN class = {136.00} [92.12, 179.88], (p=20, n=1, P=46, N=189)
2026-04-14 11:58:24,860 - INFO - Iteracja 4: condition_best: Batting_average >= 0.12, quality_best: 0.654, coverage_best: (p=19, n=1, P=48, N=187)
2026-04-14 11:58:24,860 - INFO - Regula po iteracji 4: IF Hits <= 27.00 AND Runs <= 14.00 AND Batting_average >= 0.12 AND Walks <= 11.50 AND Batting_average >= 0.12 THEN class = {137.35} [92.82, 181.88], (p=19, n=1, P=48, N=187)
2026-04-14 11:58:24,860 - INFO - *******STOP GROWING CR RULE*******
2026-04-14 11:58:24,862 - INFO - *******GROWING CR RULE*******
2026-04-14 11:58:24,969 - INFO - Iteracja 0: condition_best: Runs <= 34.50, quality_best: 0.657, coverage_best: (p=75, n=7, P=124, N=111)
2026-04-14 11:58:24,969 - INFO - Regula po iteracji 0: IF Runs <= 34.50 THEN class = {408.34} [-31.98, 848.67], (p=75, n=7, P=124, N=111)
2026-04-14 11:58:25,009 - INFO - Iteracja 1: condition_best: Hits <= 91.50, quality_best: 0.683, coverage_best: (p=75, n=6, P=122, N=113)
2026-04-14 11:58:25,009 - INFO - Regula po iteracji 1: IF Runs <= 34.50 AND Hits <= 91.50 THEN class = {390.54} [-22.13, 803.22], (p=75, n=6, P=122, N=113)
2026-04-14 11:58:25,048 - INFO - Iteracja 2: condition_best: Triples <= 3.50, quality_best: 0.701, coverage_best: (p=74, n=5, P=121, N=114)
2026-04-14 11:58:25,048 - INFO - Regula po iteracji 2: IF Runs <= 34.50 AND Hits <= 91.50 AND Triples <= 3.50 THEN class = {380.59} [-27.92, 789.11], (p=74, n=5, P=121, N=114)
2026-04-14 11:58:25,086 - INFO - Iteracja 3: condition_best: Batting_average <= 0.35, quality_best: 0.696, coverage_best: (p=73, n=5, P=121, N=114)
2026-04-14 11:58:25,086 - INFO - Regula po iteracji 3: IF Runs <= 34.50 AND Hits <= 91.50 AND Triples <= 3.50 AND Batting_average <= 0.35 THEN class = {383.82} [-26.30, 793.94], (p=73, n=5, P=121, N=114)
2026-04-14 11:58:25,124 - INFO - Iteracja 4: condition_best: Batting_average <= 0.32, quality_best: 0.691, coverage_best: (p=72, n=5, P=121, N=114)
2026-04-14 11:58:25,124 - INFO - Regula po iteracji 4: IF Runs <= 34.50 AND Hits <= 91.50 AND Triples <= 3.50 AND Batting_average <= 0.35 AND Batting_average <= 0.32 THEN class = {387.34} [-24.27, 798.94], (p=72, n=5, P=121, N=114)
2026-04-14 11:58:25,124 - INFO - *******STOP GROWING CR RULE*******
2026-04-14 11:58:25,126 - INFO - *******GROWING CR RULE*******
2026-04-14 11:58:25,231 - INFO - Iteracja 0: condition_best: Runs <= 34.50, quality_best: 0.657, coverage_best: (p=75, n=7, P=124, N=111)
2026-04-14 11:58:25,232 - INFO - Regula po iteracji 0: IF Runs <= 34.50 THEN class = {408.34} [-31.98, 848.67], (p=75, n=7, P=124, N=111)
2026-04-14 11:58:25,268 - INFO - Iteracja 1: condition_best: Runs_batted_in <= 43.00, quality_best: 0.676, coverage_best: (p=73, n=6, P=121, N=114)
2026-04-14 11:58:25,268 - INFO - Regula po iteracji 1: IF Runs <= 34.50 AND Runs_batted_in <= 43.00 THEN class = {389.09} [2.77, 775.41], (p=73, n=6, P=121, N=114)
2026-04-14 11:58:25,304 - INFO - Iteracja 2: condition_best: Batting_average >= 0.12, quality_best: 0.671, coverage_best: (p=72, n=6, P=121, N=114)
2026-04-14 11:58:25,304 - INFO - Regula po iteracji 2: IF Runs <= 34.50 AND Runs_batted_in <= 43.00 AND Batting_average >= 0.12 THEN class = {392.68} [5.20, 780.16], (p=72, n=6, P=121, N=114)
2026-04-14 11:58:25,339 - INFO - Iteracja 3: condition_best: Batting_average >= 0.12, quality_best: 0.666, coverage_best: (p=71, n=6, P=121, N=114)
2026-04-14 11:58:25,339 - INFO - Regula po iteracji 3: IF Runs <= 34.50 AND Runs_batted_in <= 43.00 AND Batting_average >= 0.12 AND Batting_average >= 0.12 THEN class = {396.36} [7.74, 784.99], (p=71, n=6, P=121, N=114)
2026-04-14 11:58:25,375 - INFO - Iteracja 4: condition_best: Batting_average >= 0.14, quality_best: 0.661, coverage_best: (p=70, n=6, P=121, N=114)
2026-04-14 11:58:25,375 - INFO - Regula po iteracji 4: IF Runs <= 34.50 AND Runs_batted_in <= 43.00 AND Batting_average >= 0.12 AND Batting_average >= 0.12 AND Batting_average >= 0.14 THEN class = {399.61} [9.47, 789.74], (p=70, n=6, P=121, N=114)
2026-04-14 11:58:25,375 - INFO - *******STOP GROWING CR RULE*******
2026-04-14 11:58:25,376 - INFO - *******GROWING CR RULE*******
2026-04-14 11:58:25,481 - INFO - Iteracja 0: condition_best: Hits <= 63.50, quality_best: 0.656, coverage_best: (p=74, n=7, P=123, N=112)
2026-04-14 11:58:25,481 - INFO - Regula po iteracji 0: IF Hits <= 63.50 THEN class = {388.25} [-60.74, 837.23], (p=74, n=7, P=123, N=112)
2026-04-14 11:58:25,519 - INFO - Iteracja 1: condition_best: Runs <= 43.00, quality_best: 0.671, coverage_best: (p=72, n=6, P=121, N=114)
2026-04-14 11:58:25,519 - INFO - Regula po iteracji 1: IF Hits <= 63.50 AND Runs <= 43.00 THEN class = {365.35} [-48.61, 779.30], (p=72, n=6, P=121, N=114)
2026-04-14 11:58:25,554 - INFO - Iteracja 2: condition_best: Stolen_bases <= 13.50, quality_best: 0.682, coverage_best: (p=66, n=4, P=121, N=114)
2026-04-14 11:58:25,554 - INFO - Regula po iteracji 2: IF Hits <= 63.50 AND Runs <= 43.00 AND Stolen_bases <= 13.50 THEN class = {359.41} [-59.16, 777.99], (p=66, n=4, P=121, N=114)
2026-04-14 11:58:25,587 - INFO - Iteracja 3: condition_best: Batting_average <= 0.35, quality_best: 0.677, coverage_best: (p=65, n=4, P=121, N=114)
2026-04-14 11:58:25,587 - INFO - Regula po iteracji 3: IF Hits <= 63.50 AND Runs <= 43.00 AND Stolen_bases <= 13.50 AND Batting_average <= 0.35 THEN class = {362.75} [-57.92, 783.43], (p=65, n=4, P=121, N=114)
2026-04-14 11:58:25,620 - INFO - Iteracja 4: condition_best: Batting_average <= 0.32, quality_best: 0.672, coverage_best: (p=64, n=4, P=121, N=114)
2026-04-14 11:58:25,620 - INFO - Regula po iteracji 4: IF Hits <= 63.50 AND Runs <= 43.00 AND Stolen_bases <= 13.50 AND Batting_average <= 0.35 AND Batting_average <= 0.32 THEN class = {366.43} [-56.23, 789.08], (p=64, n=4, P=121, N=114)
2026-04-14 11:58:25,620 - INFO - *******STOP GROWING CR RULE*******
2026-04-14 11:58:25,621 - INFO - *******GROWING CR RULE*******
2026-04-14 11:58:25,726 - INFO - Iteracja 0: condition_best: Hits <= 63.50, quality_best: 0.656, coverage_best: (p=74, n=7, P=123, N=112)
2026-04-14 11:58:25,726 - INFO - Regula po iteracji 0: IF Hits <= 63.50 THEN class = {388.25} [-60.74, 837.23], (p=74, n=7, P=123, N=112)
2026-04-14 11:58:25,763 - INFO - Iteracja 1: condition_best: Triples <= 3.50, quality_best: 0.66, coverage_best: (p=71, n=6, P=123, N=112)
2026-04-14 11:58:25,763 - INFO - Regula po iteracji 1: IF Hits <= 63.50 AND Triples <= 3.50 THEN class = {385.23} [-64.38, 834.84], (p=71, n=6, P=123, N=112)
2026-04-14 11:58:25,797 - INFO - Iteracja 2: condition_best: Doubles <= 16.00, quality_best: 0.655, coverage_best: (p=70, n=6, P=123, N=112)
2026-04-14 11:58:25,797 - INFO - Regula po iteracji 2: IF Hits <= 63.50 AND Triples <= 3.50 AND Doubles <= 16.00 THEN class = {386.36} [-66.10, 838.81], (p=70, n=6, P=123, N=112)
2026-04-14 11:58:25,832 - INFO - Iteracja 3: condition_best: Batting_average <= 0.35, quality_best: 0.646, coverage_best: (p=69, n=6, P=124, N=111)
2026-04-14 11:58:25,832 - INFO - Regula po iteracji 3: IF Hits <= 63.50 AND Triples <= 3.50 AND Doubles <= 16.00 AND Batting_average <= 0.35 THEN class = {389.79} [-64.69, 844.26], (p=69, n=6, P=124, N=111)
2026-04-14 11:58:25,866 - INFO - Iteracja 4: condition_best: Batting_average <= 0.32, quality_best: 0.641, coverage_best: (p=68, n=6, P=124, N=111)
2026-04-14 11:58:25,866 - INFO - Regula po iteracji 4: IF Hits <= 63.50 AND Triples <= 3.50 AND Doubles <= 16.00 AND Batting_average <= 0.35 AND Batting_average <= 0.32 THEN class = {393.53} [-62.86, 849.91], (p=68, n=6, P=124, N=111)
2026-04-14 11:58:25,866 - INFO - *******STOP GROWING CR RULE*******
2026-04-14 11:58:25,868 - INFO - *******GROWING CR RULE*******
2026-04-14 11:58:25,972 - INFO - Iteracja 0: condition_best: Runs_batted_in <= 35.50, quality_best: 0.653, coverage_best: (p=94, n=10, P=136, N=99)
2026-04-14 11:58:25,972 - INFO - Regula po iteracji 0: IF Runs_batted_in <= 35.50 THEN class = {485.22} [-93.22, 1,063.66], (p=94, n=10, P=136, N=99)
2026-04-14 11:58:26,019 - INFO - Iteracja 1: condition_best: Hits <= 86.50, quality_best: 0.731, coverage_best: (p=88, n=5, P=132, N=103)
2026-04-14 11:58:26,019 - INFO - Regula po iteracji 1: IF Runs_batted_in <= 35.50 AND Hits <= 86.50 THEN class = {425.15} [-116.29, 966.60], (p=88, n=5, P=132, N=103)
2026-04-14 11:58:26,059 - INFO - Iteracja 2: condition_best: On-base_percentage <= 0.37, quality_best: 0.731, coverage_best: (p=82, n=4, P=130, N=105)
2026-04-14 11:58:26,059 - INFO - Regula po iteracji 2: IF Runs_batted_in <= 35.50 AND Hits <= 86.50 AND On-base_percentage <= 0.37 THEN class = {418.55} [-101.75, 938.84], (p=82, n=4, P=130, N=105)
2026-04-14 11:58:26,098 - INFO - Iteracja 3: condition_best: Hits <= 84.00, quality_best: 0.726, coverage_best: (p=81, n=4, P=130, N=105)
2026-04-14 11:58:26,098 - INFO - Regula po iteracji 3: IF Runs_batted_in <= 35.50 AND Hits <= 86.50 AND On-base_percentage <= 0.37 AND Hits <= 84.00 THEN class = {416.41} [-106.56, 939.38], (p=81, n=4, P=130, N=105)
2026-04-14 11:58:26,138 - INFO - Iteracja 4: condition_best: Runs_batted_in <= 34.50, quality_best: 0.722, coverage_best: (p=80, n=4, P=130, N=105)
2026-04-14 11:58:26,138 - INFO - Regula po iteracji 4: IF Runs_batted_in <= 35.50 AND Hits <= 86.50 AND On-base_percentage <= 0.37 AND Hits <= 84.00 AND Runs_batted_in <= 34.50 THEN class = {412.14} [-112.46, 936.74], (p=80, n=4, P=130, N=105)
2026-04-14 11:58:26,138 - INFO - *******STOP GROWING CR RULE*******
2026-04-14 11:58:26,139 - INFO - *******GROWING CR RULE*******
2026-04-14 11:58:26,243 - INFO - Iteracja 0: condition_best: Runs_batted_in <= 35.50, quality_best: 0.653, coverage_best: (p=94, n=10, P=136, N=99)
2026-04-14 11:58:26,243 - INFO - Regula po iteracji 0: IF Runs_batted_in <= 35.50 THEN class = {485.22} [-93.22, 1,063.66], (p=94, n=10, P=136, N=99)
2026-04-14 11:58:26,288 - INFO - Iteracja 1: condition_best: Hits <= 95.00, quality_best: 0.722, coverage_best: (p=91, n=6, P=133, N=102)
2026-04-14 11:58:26,288 - INFO - Regula po iteracji 1: IF Runs_batted_in <= 35.50 AND Hits <= 95.00 THEN class = {442.57} [-113.43, 998.57], (p=91, n=6, P=133, N=102)
2026-04-14 11:58:26,330 - INFO - Iteracja 2: condition_best: Doubles <= 20.50, quality_best: 0.718, coverage_best: (p=90, n=6, P=133, N=102)
2026-04-14 11:58:26,330 - INFO - Regula po iteracji 2: IF Runs_batted_in <= 35.50 AND Hits <= 95.00 AND Doubles <= 20.50 THEN class = {441.19} [-117.54, 999.91], (p=90, n=6, P=133, N=102)
2026-04-14 11:58:26,372 - INFO - Iteracja 3: condition_best: Runs_batted_in <= 34.50, quality_best: 0.713, coverage_best: (p=89, n=6, P=133, N=102)
2026-04-14 11:58:26,372 - INFO - Regula po iteracji 3: IF Runs_batted_in <= 35.50 AND Hits <= 95.00 AND Doubles <= 20.50 AND Runs_batted_in <= 34.50 THEN class = {437.67} [-122.93, 998.27], (p=89, n=6, P=133, N=102)
2026-04-14 11:58:26,414 - INFO - Iteracja 4: condition_best: Errors <= 20.00, quality_best: 0.709, coverage_best: (p=88, n=6, P=133, N=102)
2026-04-14 11:58:26,414 - INFO - Regula po iteracji 4: IF Runs_batted_in <= 35.50 AND Hits <= 95.00 AND Doubles <= 20.50 AND Runs_batted_in <= 34.50 AND Errors <= 20.00 THEN class = {435.95} [-127.38, 999.27], (p=88, n=6, P=133, N=102)
2026-04-14 11:58:26,414 - INFO - *******STOP GROWING CR RULE*******
2026-04-14 11:58:26,415 - INFO - *******GROWING CR RULE*******
2026-04-14 11:58:26,519 - INFO - Iteracja 0: condition_best: Runs_batted_in <= 35.50, quality_best: 0.653, coverage_best: (p=94, n=10, P=136, N=99)
2026-04-14 11:58:26,519 - INFO - Regula po iteracji 0: IF Runs_batted_in <= 35.50 THEN class = {485.22} [-93.22, 1,063.66], (p=94, n=10, P=136, N=99)
2026-04-14 11:58:26,564 - INFO - Iteracja 1: condition_best: HomeRuns <= 5.50, quality_best: 0.69, coverage_best: (p=83, n=8, P=121, N=114)
2026-04-14 11:58:26,564 - INFO - Regula po iteracji 1: IF Runs_batted_in <= 35.50 AND HomeRuns <= 5.50 THEN class = {387.16} [-21.72, 796.04], (p=83, n=8, P=121, N=114)
2026-04-14 11:58:26,605 - INFO - Iteracja 2: condition_best: Doubles <= 20.50, quality_best: 0.685, coverage_best: (p=82, n=8, P=121, N=114)
2026-04-14 11:58:26,605 - INFO - Regula po iteracji 2: IF Runs_batted_in <= 35.50 AND HomeRuns <= 5.50 AND Doubles <= 20.50 THEN class = {385.08} [-25.59, 795.74], (p=82, n=8, P=121, N=114)
2026-04-14 11:58:26,646 - INFO - Iteracja 3: condition_best: Runs_batted_in <= 34.50, quality_best: 0.68, coverage_best: (p=81, n=8, P=121, N=114)
2026-04-14 11:58:26,646 - INFO - Regula po iteracji 3: IF Runs_batted_in <= 35.50 AND HomeRuns <= 5.50 AND Doubles <= 20.50 AND Runs_batted_in <= 34.50 THEN class = {380.70} [-30.17, 791.56], (p=81, n=8, P=121, N=114)
2026-04-14 11:58:26,687 - INFO - Iteracja 4: condition_best: Batting_average <= 0.35, quality_best: 0.675, coverage_best: (p=80, n=8, P=121, N=114)
2026-04-14 11:58:26,688 - INFO - Regula po iteracji 4: IF Runs_batted_in <= 35.50 AND HomeRuns <= 5.50 AND Doubles <= 20.50 AND Runs_batted_in <= 34.50 AND Batting_average <= 0.35 THEN class = {383.56} [-28.76, 795.87], (p=80, n=8, P=121, N=114)
2026-04-14 11:58:26,688 - INFO - *******STOP GROWING CR RULE*******
2026-04-14 11:58:26,689 - INFO - *******GROWING CR RULE*******
2026-04-14 11:58:26,792 - INFO - Iteracja 0: condition_best: Hits <= 81.50, quality_best: 0.644, coverage_best: (p=93, n=10, P=137, N=98)
2026-04-14 11:58:26,792 - INFO - Regula po iteracji 0: IF Hits <= 81.50 THEN class = {503.32} [-112.46, 1,119.10], (p=93, n=10, P=137, N=98)
2026-04-14 11:58:26,836 - INFO - Iteracja 1: condition_best: Runs <= 46.50, quality_best: 0.679, coverage_best: (p=92, n=8, P=136, N=99)
2026-04-14 11:58:26,836 - INFO - Regula po iteracji 1: IF Hits <= 81.50 AND Runs <= 46.50 THEN class = {473.99} [-102.50, 1,050.48], (p=92, n=8, P=136, N=99)
2026-04-14 11:58:26,880 - INFO - Iteracja 2: condition_best: Arbitration_eligibility <= 0.50, quality_best: 0.698, coverage_best: (p=85, n=6, P=132, N=103)
2026-04-14 11:58:26,880 - INFO - Regula po iteracji 2: IF Hits <= 81.50 AND Runs <= 46.50 AND Arbitration_eligibility <= 0.50 THEN class = {423.24} [-124.21, 970.69], (p=85, n=6, P=132, N=103)
2026-04-14 11:58:26,922 - INFO - Iteracja 3: condition_best: Batting_average <= 0.35, quality_best: 0.694, coverage_best: (p=84, n=6, P=132, N=103)
2026-04-14 11:58:26,922 - INFO - Regula po iteracji 3: IF Hits <= 81.50 AND Runs <= 46.50 AND Arbitration_eligibility <= 0.50 AND Batting_average <= 0.35 THEN class = {426.51} [-123.08, 976.11], (p=84, n=6, P=132, N=103)
2026-04-14 11:58:26,964 - INFO - Iteracja 4: condition_best: Batting_average <= 0.32, quality_best: 0.689, coverage_best: (p=83, n=6, P=132, N=103)
2026-04-14 11:58:26,964 - INFO - Regula po iteracji 4: IF Hits <= 81.50 AND Runs <= 46.50 AND Arbitration_eligibility <= 0.50 AND Batting_average <= 0.35 AND Batting_average <= 0.32 THEN class = {430.03} [-121.63, 981.70], (p=83, n=6, P=132, N=103)
2026-04-14 11:58:26,964 - INFO - *******STOP GROWING CR RULE*******
2026-04-14 11:58:26,965 - INFO - *******GROWING CR RULE*******
2026-04-14 11:58:27,068 - INFO - Iteracja 0: condition_best: Walks <= 21.50, quality_best: 0.632, coverage_best: (p=65, n=6, P=122, N=113)
2026-04-14 11:58:27,068 - INFO - Regula po iteracji 0: IF Walks <= 21.50 THEN class = {372.34} [-65.91, 810.59], (p=65, n=6, P=122, N=113)
2026-04-14 11:58:27,102 - INFO - Iteracja 1: condition_best: Stolen_bases <= 15.50, quality_best: 0.647, coverage_best: (p=64, n=5, P=122, N=113)
2026-04-14 11:58:27,102 - INFO - Regula po iteracji 1: IF Walks <= 21.50 AND Stolen_bases <= 15.50 THEN class = {368.87} [-70.39, 808.13], (p=64, n=5, P=122, N=113)
2026-04-14 11:58:27,135 - INFO - Iteracja 2: condition_best: Batting_average <= 0.35, quality_best: 0.642, coverage_best: (p=63, n=5, P=122, N=113)
2026-04-14 11:58:27,135 - INFO - Regula po iteracji 2: IF Walks <= 21.50 AND Stolen_bases <= 15.50 AND Batting_average <= 0.35 THEN class = {372.40} [-69.11, 813.90], (p=63, n=5, P=122, N=113)
2026-04-14 11:58:27,168 - INFO - Iteracja 3: condition_best: Batting_average <= 0.33, quality_best: 0.637, coverage_best: (p=62, n=5, P=122, N=113)
2026-04-14 11:58:27,168 - INFO - Regula po iteracji 3: IF Walks <= 21.50 AND Stolen_bases <= 15.50 AND Batting_average <= 0.35 AND Batting_average <= 0.33 THEN class = {376.27} [-67.37, 819.91], (p=62, n=5, P=122, N=113)
2026-04-14 11:58:27,201 - INFO - Iteracja 4: condition_best: Triples <= 4.50, quality_best: 0.632, coverage_best: (p=61, n=5, P=122, N=113)
2026-04-14 11:58:27,201 - INFO - Regula po iteracji 4: IF Walks <= 21.50 AND Stolen_bases <= 15.50 AND Batting_average <= 0.35 AND Batting_average <= 0.33 AND Triples <= 4.50 THEN class = {375.91} [-71.07, 822.89], (p=61, n=5, P=122, N=113)
2026-04-14 11:58:27,201 - INFO - *******STOP GROWING CR RULE*******
2026-04-14 11:58:27,202 - INFO - *******GROWING CR RULE*******
2026-04-14 11:58:27,305 - INFO - Iteracja 0: condition_best: Runs_batted_in <= 39.50, quality_best: 0.623, coverage_best: (p=102, n=13, P=140, N=95)
2026-04-14 11:58:27,305 - INFO - Regula po iteracji 0: IF Runs_batted_in <= 39.50 THEN class = {545.26} [-92.72, 1,183.24], (p=102, n=13, P=140, N=95)
2026-04-14 11:58:27,355 - INFO - Iteracja 1: condition_best: Walks <= 49.00, quality_best: 0.676, coverage_best: (p=99, n=10, P=136, N=99)
2026-04-14 11:58:27,355 - INFO - Regula po iteracji 1: IF Runs_batted_in <= 39.50 AND Walks <= 49.00 THEN class = {488.83} [-58.09, 1,035.76], (p=99, n=10, P=136, N=99)
2026-04-14 11:58:27,402 - INFO - Iteracja 2: condition_best: On-base_percentage <= 0.39, quality_best: 0.688, coverage_best: (p=97, n=9, P=135, N=100)
2026-04-14 11:58:27,402 - INFO - Regula po iteracji 2: IF Runs_batted_in <= 39.50 AND Walks <= 49.00 AND On-base_percentage <= 0.39 THEN class = {478.37} [-44.62, 1,001.36], (p=97, n=9, P=135, N=100)
2026-04-14 11:58:27,448 - INFO - Iteracja 3: condition_best: Batting_average <= 0.31, quality_best: 0.696, coverage_best: (p=95, n=8, P=135, N=100)
2026-04-14 11:58:27,448 - INFO - Regula po iteracji 3: IF Runs_batted_in <= 39.50 AND Walks <= 49.00 AND On-base_percentage <= 0.39 AND Batting_average <= 0.31 THEN class = {477.89} [-44.51, 1,000.29], (p=95, n=8, P=135, N=100)
2026-04-14 11:58:27,495 - INFO - Iteracja 4: condition_best: Batting_average >= 0.12, quality_best: 0.692, coverage_best: (p=94, n=8, P=135, N=100)
2026-04-14 11:58:27,495 - INFO - Regula po iteracji 4: IF Runs_batted_in <= 39.50 AND Walks <= 49.00 AND On-base_percentage <= 0.39 AND Batting_average <= 0.31 AND Batting_average >= 0.12 THEN class = {481.51} [-42.16, 1,005.18], (p=94, n=8, P=135, N=100)
2026-04-14 11:58:27,495 - INFO - *******STOP GROWING CR RULE*******
2026-04-14 11:58:27,496 - INFO - *******GROWING CR RULE*******
2026-04-14 11:58:27,598 - INFO - Iteracja 0: condition_best: Hits <= 92.50, quality_best: 0.607, coverage_best: (p=105, n=14, P=143, N=92)
2026-04-14 11:58:27,598 - INFO - Regula po iteracji 0: IF Hits <= 92.50 THEN class = {571.27} [-95.47, 1,238.01], (p=105, n=14, P=143, N=92)
2026-04-14 11:58:27,649 - INFO - Iteracja 1: condition_best: Walks <= 60.50, quality_best: 0.653, coverage_best: (p=105, n=12, P=140, N=95)
2026-04-14 11:58:27,649 - INFO - Regula po iteracji 1: IF Hits <= 92.50 AND Walks <= 60.50 THEN class = {546.27} [-97.90, 1,190.45], (p=105, n=12, P=140, N=95)
2026-04-14 11:58:27,699 - INFO - Iteracja 2: condition_best: On-base_percentage <= 0.38, quality_best: 0.656, coverage_best: (p=102, n=11, P=140, N=95)
2026-04-14 11:58:27,699 - INFO - Regula po iteracji 2: IF Hits <= 92.50 AND Walks <= 60.50 AND On-base_percentage <= 0.38 THEN class = {538.39} [-93.08, 1,169.86], (p=102, n=11, P=140, N=95)
2026-04-14 11:58:27,747 - INFO - Iteracja 3: condition_best: HomeRuns <= 16.50, quality_best: 0.659, coverage_best: (p=100, n=11, P=137, N=98)
2026-04-14 11:58:27,747 - INFO - Regula po iteracji 3: IF Hits <= 92.50 AND Walks <= 60.50 AND On-base_percentage <= 0.38 AND HomeRuns <= 16.50 THEN class = {522.38} [-95.35, 1,140.10], (p=100, n=11, P=137, N=98)
2026-04-14 11:58:27,795 - INFO - Iteracja 4: condition_best: Strike-Outs <= 84.00, quality_best: 0.679, coverage_best: (p=95, n=9, P=135, N=100)
2026-04-14 11:58:27,795 - INFO - Regula po iteracji 4: IF Hits <= 92.50 AND Walks <= 60.50 AND On-base_percentage <= 0.38 AND HomeRuns <= 16.50 AND Strike-Outs <= 84.00 THEN class = {486.21} [-39.52, 1,011.94], (p=95, n=9, P=135, N=100)
2026-04-14 11:58:27,796 - INFO - *******STOP GROWING CR RULE*******
2026-04-14 11:58:27,796 - INFO - *******GROWING CR RULE*******
2026-04-14 11:58:27,899 - INFO - Iteracja 0: condition_best: HomeRuns <= 2.50, quality_best: 0.596, coverage_best: (p=68, n=7, P=132, N=103)
2026-04-14 11:58:27,899 - INFO - Regula po iteracji 0: IF HomeRuns <= 2.50 THEN class = {445.47} [-75.87, 966.80], (p=68, n=7, P=132, N=103)
2026-04-14 11:58:27,937 - INFO - Iteracja 1: condition_best: Doubles <= 17.50, quality_best: 0.661, coverage_best: (p=65, n=4, P=127, N=108)
2026-04-14 11:58:27,937 - INFO - Regula po iteracji 1: IF HomeRuns <= 2.50 AND Doubles <= 17.50 THEN class = {395.65} [-93.04, 884.35], (p=65, n=4, P=127, N=108)
2026-04-14 11:58:27,971 - INFO - Iteracja 2: condition_best: Batting_average >= 0.14, quality_best: 0.672, coverage_best: (p=63, n=3, P=128, N=107)
2026-04-14 11:58:27,971 - INFO - Regula po iteracji 2: IF HomeRuns <= 2.50 AND Doubles <= 17.50 AND Batting_average >= 0.14 THEN class = {408.06} [-88.04, 904.17], (p=63, n=3, P=128, N=107)
2026-04-14 11:58:28,004 - INFO - Iteracja 3: condition_best: Batting_average <= 0.35, quality_best: 0.667, coverage_best: (p=62, n=3, P=128, N=107)
2026-04-14 11:58:28,005 - INFO - Regula po iteracji 3: IF HomeRuns <= 2.50 AND Doubles <= 17.50 AND Batting_average >= 0.14 AND Batting_average <= 0.35 THEN class = {412.35} [-86.33, 911.04], (p=62, n=3, P=128, N=107)
2026-04-14 11:58:28,038 - INFO - Iteracja 4: condition_best: Batting_average <= 0.33, quality_best: 0.662, coverage_best: (p=61, n=3, P=128, N=107)
2026-04-14 11:58:28,038 - INFO - Regula po iteracji 4: IF HomeRuns <= 2.50 AND Doubles <= 17.50 AND Batting_average >= 0.14 AND Batting_average <= 0.35 AND Batting_average <= 0.33 THEN class = {417.03} [-84.12, 918.18], (p=61, n=3, P=128, N=107)
2026-04-14 11:58:28,038 - INFO - *******STOP GROWING CR RULE*******
2026-04-14 11:58:28,039 - INFO - *******GROWING CR RULE*******
2026-04-14 11:58:28,140 - INFO - Iteracja 0: condition_best: Walks <= 30.50, quality_best: 0.577, coverage_best: (p=98, n=13, P=146, N=89)
2026-04-14 11:58:28,140 - INFO - Regula po iteracji 0: IF Walks <= 30.50 THEN class = {628.73} [-92.37, 1,349.83], (p=98, n=13, P=146, N=89)
2026-04-14 11:58:28,191 - INFO - Iteracja 1: condition_best: Doubles <= 21.50, quality_best: 0.63, coverage_best: (p=90, n=10, P=137, N=98)
2026-04-14 11:58:28,191 - INFO - Regula po iteracji 1: IF Walks <= 30.50 AND Doubles <= 21.50 THEN class = {510.31} [-85.77, 1,106.39], (p=90, n=10, P=137, N=98)
2026-04-14 11:58:28,235 - INFO - Iteracja 2: condition_best: Strike-Outs <= 85.50, quality_best: 0.642, coverage_best: (p=88, n=9, P=136, N=99)
2026-04-14 11:58:28,235 - INFO - Regula po iteracji 2: IF Walks <= 30.50 AND Doubles <= 21.50 AND Strike-Outs <= 85.50 THEN class = {489.32} [-82.40, 1,061.04], (p=88, n=9, P=136, N=99)
2026-04-14 11:58:28,278 - INFO - Iteracja 3: condition_best: Batting_average <= 0.31, quality_best: 0.651, coverage_best: (p=86, n=8, P=136, N=99)
2026-04-14 11:58:28,279 - INFO - Regula po iteracji 3: IF Walks <= 30.50 AND Doubles <= 21.50 AND Strike-Outs <= 85.50 AND Batting_average <= 0.31 THEN class = {488.94} [-83.82, 1,061.69], (p=86, n=8, P=136, N=99)
2026-04-14 11:58:28,321 - INFO - Iteracja 4: condition_best: Batting_average <= 0.31, quality_best: 0.647, coverage_best: (p=85, n=8, P=136, N=99)
2026-04-14 11:58:28,321 - INFO - Regula po iteracji 4: IF Walks <= 30.50 AND Doubles <= 21.50 AND Strike-Outs <= 85.50 AND Batting_average <= 0.31 AND Batting_average <= 0.31 THEN class = {493.02} [-81.44, 1,067.49], (p=85, n=8, P=136, N=99)
2026-04-14 11:58:28,321 - INFO - *******STOP GROWING CR RULE*******
2026-04-14 11:58:28,322 - INFO - *******GROWING CR RULE*******
2026-04-14 11:58:28,526 - INFO - Iteracja 0: condition_best: Walks <= 30.50, quality_best: 0.577, coverage_best: (p=98, n=13, P=146, N=89)
2026-04-14 11:58:28,526 - INFO - Regula po iteracji 0: IF Walks <= 30.50 THEN class = {628.73} [-92.37, 1,349.83], (p=98, n=13, P=146, N=89)
2026-04-14 11:58:28,576 - INFO - Iteracja 1: condition_best: Doubles <= 29.50, quality_best: 0.59, coverage_best: (p=97, n=12, P=146, N=89)
2026-04-14 11:58:28,577 - INFO - Regula po iteracji 1: IF Walks <= 30.50 AND Doubles <= 29.50 THEN class = {619.85} [-93.61, 1,333.31], (p=97, n=12, P=146, N=89)
2026-04-14 11:58:28,626 - INFO - Iteracja 2: condition_best: Batting_average <= 0.30, quality_best: 0.599, coverage_best: (p=91, n=10, P=146, N=89)
2026-04-14 11:58:28,626 - INFO - Regula po iteracji 2: IF Walks <= 30.50 AND Doubles <= 29.50 AND Batting_average <= 0.30 THEN class = {601.45} [-98.08, 1,300.98], (p=91, n=10, P=146, N=89)
2026-04-14 11:58:28,673 - INFO - Iteracja 3: condition_best: HomeRuns <= 18.00, quality_best: 0.609, coverage_best: (p=88, n=10, P=140, N=95)
2026-04-14 11:58:28,673 - INFO - Regula po iteracji 3: IF Walks <= 30.50 AND Doubles <= 29.50 AND Batting_average <= 0.30 AND HomeRuns <= 18.00 THEN class = {547.41} [-73.34, 1,168.16], (p=88, n=10, P=140, N=95)
2026-04-14 11:58:28,718 - INFO - Iteracja 4: condition_best: Batting_average >= 0.12, quality_best: 0.604, coverage_best: (p=87, n=10, P=140, N=95)
2026-04-14 11:58:28,719 - INFO - Regula po iteracji 4: IF Walks <= 30.50 AND Doubles <= 29.50 AND Batting_average <= 0.30 AND HomeRuns <= 18.00 AND Batting_average >= 0.12 THEN class = {551.93} [-70.41, 1,174.27], (p=87, n=10, P=140, N=95)
2026-04-14 11:58:28,719 - INFO - *******STOP GROWING CR RULE*******
2026-04-14 11:58:28,720 - INFO - *******GROWING CR RULE*******
2026-04-14 11:58:28,820 - INFO - Iteracja 0: condition_best: Strike-Outs <= 48.50, quality_best: 0.555, coverage_best: (p=97, n=14, P=146, N=89)
2026-04-14 11:58:28,820 - INFO - Regula po iteracji 0: IF Strike-Outs <= 48.50 THEN class = {642.05} [-79.34, 1,363.43], (p=97, n=14, P=146, N=89)
2026-04-14 11:58:28,872 - INFO - Iteracja 1: condition_best: Batting_average <= 0.29, quality_best: 0.604, coverage_best: (p=87, n=10, P=140, N=95)
2026-04-14 11:58:28,872 - INFO - Regula po iteracji 1: IF Strike-Outs <= 48.50 AND Batting_average <= 0.29 THEN class = {550.00} [-68.59, 1,168.59], (p=87, n=10, P=140, N=95)
2026-04-14 11:58:28,916 - INFO - Iteracja 2: condition_best: Batting_average <= 0.28, quality_best: 0.603, coverage_best: (p=76, n=8, P=136, N=99)
2026-04-14 11:58:28,916 - INFO - Regula po iteracji 2: IF Strike-Outs <= 48.50 AND Batting_average <= 0.29 AND Batting_average <= 0.28 THEN class = {497.87} [-72.47, 1,068.21], (p=76, n=8, P=136, N=99)
2026-04-14 11:58:28,956 - INFO - Iteracja 3: condition_best: Batting_average >= 0.12, quality_best: 0.598, coverage_best: (p=75, n=8, P=136, N=99)
2026-04-14 11:58:28,956 - INFO - Regula po iteracji 3: IF Strike-Outs <= 48.50 AND Batting_average <= 0.29 AND Batting_average <= 0.28 AND Batting_average >= 0.12 THEN class = {502.55} [-69.60, 1,074.71], (p=75, n=8, P=136, N=99)
2026-04-14 11:58:28,996 - INFO - Iteracja 4: condition_best: Arbitration <= 0.50, quality_best: 0.593, coverage_best: (p=74, n=8, P=136, N=99)
2026-04-14 11:58:28,996 - INFO - Regula po iteracji 4: IF Strike-Outs <= 48.50 AND Batting_average <= 0.29 AND Batting_average <= 0.28 AND Batting_average >= 0.12 AND Arbitration <= 0.50 THEN class = {496.49} [-76.48, 1,069.46], (p=74, n=8, P=136, N=99)
2026-04-14 11:58:28,996 - INFO - *******STOP GROWING CR RULE*******
2026-04-14 11:58:28,997 - INFO - *******GROWING CR RULE*******
2026-04-14 11:58:29,097 - INFO - Iteracja 0: condition_best: Strike-Outs <= 48.50, quality_best: 0.555, coverage_best: (p=97, n=14, P=146, N=89)
2026-04-14 11:58:29,098 - INFO - Regula po iteracji 0: IF Strike-Outs <= 48.50 THEN class = {642.05} [-79.34, 1,363.43], (p=97, n=14, P=146, N=89)
2026-04-14 11:58:29,147 - INFO - Iteracja 1: condition_best: On-base_percentage <= 0.39, quality_best: 0.576, coverage_best: (p=94, n=12, P=146, N=89)
2026-04-14 11:58:29,147 - INFO - Regula po iteracji 1: IF Strike-Outs <= 48.50 AND On-base_percentage <= 0.39 THEN class = {619.25} [-80.53, 1,319.04], (p=94, n=12, P=146, N=89)
2026-04-14 11:58:29,195 - INFO - Iteracja 2: condition_best: Batting_average <= 0.33, quality_best: 0.572, coverage_best: (p=93, n=12, P=146, N=89)
2026-04-14 11:58:29,195 - INFO - Regula po iteracji 2: IF Strike-Outs <= 48.50 AND On-base_percentage <= 0.39 AND Batting_average <= 0.33 THEN class = {624.08} [-77.28, 1,325.43], (p=93, n=12, P=146, N=89)
2026-04-14 11:58:29,243 - INFO - Iteracja 3: condition_best: Batting_average >= 0.12, quality_best: 0.567, coverage_best: (p=92, n=12, P=146, N=89)
2026-04-14 11:58:29,243 - INFO - Regula po iteracji 3: IF Strike-Outs <= 48.50 AND On-base_percentage <= 0.39 AND Batting_average <= 0.33 AND Batting_average >= 0.12 THEN class = {629.03} [-73.86, 1,331.92], (p=92, n=12, P=146, N=89)
2026-04-14 11:58:29,291 - INFO - Iteracja 4: condition_best: Batting_average >= 0.12, quality_best: 0.562, coverage_best: (p=91, n=12, P=146, N=89)
2026-04-14 11:58:29,291 - INFO - Regula po iteracji 4: IF Strike-Outs <= 48.50 AND On-base_percentage <= 0.39 AND Batting_average <= 0.33 AND Batting_average >= 0.12 AND Batting_average >= 0.12 THEN class = {634.08} [-70.34, 1,338.49], (p=91, n=12, P=146, N=89)
2026-04-14 11:58:29,291 - INFO - *******STOP GROWING CR RULE*******
2026-04-14 11:58:29,292 - INFO - *******GROWING CR RULE*******
2026-04-14 11:58:29,392 - INFO - Iteracja 0: condition_best: Free_agency_eligibility <= 0.50, quality_best: 0.545, coverage_best: (p=117, n=18, P=153, N=82)
2026-04-14 11:58:29,392 - INFO - Regula po iteracji 0: IF Free_agency_eligibility <= 0.50 THEN class = {698.41} [-187.70, 1,584.52], (p=117, n=18, P=153, N=82)
2026-04-14 11:58:29,464 - INFO - Iteracja 1: condition_best: Arbitration_eligibility <= 0.50, quality_best: 0.752, coverage_best: (p=82, n=11, P=94, N=141)
2026-04-14 11:58:29,464 - INFO - Regula po iteracji 1: IF Free_agency_eligibility <= 0.50 AND Arbitration_eligibility <= 0.50 THEN class = {253.20} [94.37, 412.04], (p=82, n=11, P=94, N=141)
2026-04-14 11:58:29,516 - INFO - Iteracja 2: condition_best: Hits <= 160.00, quality_best: 0.776, coverage_best: (p=81, n=9, P=94, N=141)
2026-04-14 11:58:29,516 - INFO - Regula po iteracji 2: IF Free_agency_eligibility <= 0.50 AND Arbitration_eligibility <= 0.50 AND Hits <= 160.00 THEN class = {246.03} [90.87, 401.20], (p=81, n=9, P=94, N=141)
2026-04-14 11:58:29,565 - INFO - Iteracja 3: condition_best: Runs_batted_in <= 84.00, quality_best: 0.772, coverage_best: (p=78, n=9, P=91, N=144)
2026-04-14 11:58:29,565 - INFO - Regula po iteracji 3: IF Free_agency_eligibility <= 0.50 AND Arbitration_eligibility <= 0.50 AND Hits <= 160.00 AND Runs_batted_in <= 84.00 THEN class = {242.83} [88.81, 396.84], (p=78, n=9, P=91, N=144)
2026-04-14 11:58:29,613 - INFO - Iteracja 4: condition_best: Batting_average <= 0.33, quality_best: 0.767, coverage_best: (p=77, n=8, P=94, N=141)
2026-04-14 11:58:29,613 - INFO - Regula po iteracji 4: IF Free_agency_eligibility <= 0.50 AND Arbitration_eligibility <= 0.50 AND Hits <= 160.00 AND Runs_batted_in <= 84.00 AND Batting_average <= 0.33 THEN class = {245.69} [91.03, 400.36], (p=77, n=8, P=94, N=141)
2026-04-14 11:58:29,613 - INFO - *******STOP GROWING CR RULE*******
2026-04-14 11:58:29,614 - INFO - *******GROWING CR RULE*******
2026-04-14 11:58:29,713 - INFO - Iteracja 0: condition_best: Free_agency_eligibility <= 0.50, quality_best: 0.545, coverage_best: (p=117, n=18, P=153, N=82)
2026-04-14 11:58:29,713 - INFO - Regula po iteracji 0: IF Free_agency_eligibility <= 0.50 THEN class = {698.41} [-187.70, 1,584.52], (p=117, n=18, P=153, N=82)
2026-04-14 11:58:29,782 - INFO - Iteracja 1: condition_best: Arbitration_eligibility <= 0.50, quality_best: 0.752, coverage_best: (p=82, n=11, P=94, N=141)
2026-04-14 11:58:29,782 - INFO - Regula po iteracji 1: IF Free_agency_eligibility <= 0.50 AND Arbitration_eligibility <= 0.50 THEN class = {253.20} [94.37, 412.04], (p=82, n=11, P=94, N=141)
2026-04-14 11:58:29,832 - INFO - Iteracja 2: condition_best: Triples <= 11.00, quality_best: 0.76, coverage_best: (p=81, n=10, P=94, N=141)
2026-04-14 11:58:29,832 - INFO - Regula po iteracji 2: IF Free_agency_eligibility <= 0.50 AND Arbitration_eligibility <= 0.50 AND Triples <= 11.00 THEN class = {250.03} [92.87, 407.19], (p=81, n=10, P=94, N=141)
2026-04-14 11:58:29,882 - INFO - Iteracja 3: condition_best: Batting_average <= 0.35, quality_best: 0.754, coverage_best: (p=80, n=10, P=94, N=141)
2026-04-14 11:58:29,882 - INFO - Regula po iteracji 3: IF Free_agency_eligibility <= 0.50 AND Arbitration_eligibility <= 0.50 AND Triples <= 11.00 AND Batting_average <= 0.35 THEN class = {251.38} [93.87, 408.89], (p=80, n=10, P=94, N=141)
2026-04-14 11:58:29,933 - INFO - Iteracja 4: condition_best: Batting_average <= 0.33, quality_best: 0.748, coverage_best: (p=79, n=10, P=94, N=141)
2026-04-14 11:58:29,933 - INFO - Regula po iteracji 4: IF Free_agency_eligibility <= 0.50 AND Arbitration_eligibility <= 0.50 AND Triples <= 11.00 AND Batting_average <= 0.35 AND Batting_average <= 0.33 THEN class = {252.93} [95.23, 410.64], (p=79, n=10, P=94, N=141)
2026-04-14 11:58:29,933 - INFO - *******STOP GROWING CR RULE*******
2026-04-14 11:58:29,933 - INFO - *******GROWING CR RULE*******
2026-04-14 11:58:30,033 - INFO - Iteracja 0: condition_best: Free_agency_eligibility <= 0.50, quality_best: 0.545, coverage_best: (p=117, n=18, P=153, N=82)
2026-04-14 11:58:30,033 - INFO - Regula po iteracji 0: IF Free_agency_eligibility <= 0.50 THEN class = {698.41} [-187.70, 1,584.52], (p=117, n=18, P=153, N=82)
2026-04-14 11:58:30,102 - INFO - Iteracja 1: condition_best: Hits <= 136.50, quality_best: 0.616, coverage_best: (p=97, n=13, P=136, N=99)
2026-04-14 11:58:30,102 - INFO - Regula po iteracji 1: IF Free_agency_eligibility <= 0.50 AND Hits <= 136.50 THEN class = {480.56} [-85.19, 1,046.32], (p=97, n=13, P=136, N=99)
2026-04-14 11:58:30,156 - INFO - Iteracja 2: condition_best: Errors <= 20.00, quality_best: 0.632, coverage_best: (p=96, n=12, P=135, N=100)
2026-04-14 11:58:30,157 - INFO - Regula po iteracji 2: IF Free_agency_eligibility <= 0.50 AND Hits <= 136.50 AND Errors <= 20.00 THEN class = {463.75} [-73.46, 1,000.96], (p=96, n=12, P=135, N=100)
2026-04-14 11:58:30,210 - INFO - Iteracja 3: condition_best: Batting_average <= 0.31, quality_best: 0.635, coverage_best: (p=93, n=11, P=135, N=100)
2026-04-14 11:58:30,210 - INFO - Regula po iteracji 3: IF Free_agency_eligibility <= 0.50 AND Hits <= 136.50 AND Errors <= 20.00 AND Batting_average <= 0.31 THEN class = {463.33} [-76.36, 1,003.02], (p=93, n=11, P=135, N=100)
2026-04-14 11:58:30,264 - INFO - Iteracja 4: condition_best: Batting_average <= 0.31, quality_best: 0.63, coverage_best: (p=92, n=11, P=135, N=100)
2026-04-14 11:58:30,264 - INFO - Regula po iteracji 4: IF Free_agency_eligibility <= 0.50 AND Hits <= 136.50 AND Errors <= 20.00 AND Batting_average <= 0.31 AND Batting_average <= 0.31 THEN class = {466.77} [-74.40, 1,007.93], (p=92, n=11, P=135, N=100)
2026-04-14 11:58:30,264 - INFO - *******STOP GROWING CR RULE*******
2026-04-14 11:58:30,265 - INFO - *******GROWING CR RULE*******
2026-04-14 11:58:30,364 - INFO - Iteracja 0: condition_best: Free_agency_eligibility <= 0.50, quality_best: 0.545, coverage_best: (p=117, n=18, P=153, N=82)
2026-04-14 11:58:30,364 - INFO - Regula po iteracji 0: IF Free_agency_eligibility <= 0.50 THEN class = {698.41} [-187.70, 1,584.52], (p=117, n=18, P=153, N=82)
2026-04-14 11:58:30,432 - INFO - Iteracja 1: condition_best: Runs_batted_in <= 67.50, quality_best: 0.616, coverage_best: (p=97, n=13, P=136, N=99)
2026-04-14 11:58:30,433 - INFO - Regula po iteracji 1: IF Free_agency_eligibility <= 0.50 AND Runs_batted_in <= 67.50 THEN class = {484.18} [-66.50, 1,034.87], (p=97, n=13, P=136, N=99)
2026-04-14 11:58:30,488 - INFO - Iteracja 2: condition_best: Batting_average <= 0.32, quality_best: 0.623, coverage_best: (p=95, n=12, P=136, N=99)
2026-04-14 11:58:30,489 - INFO - Regula po iteracji 2: IF Free_agency_eligibility <= 0.50 AND Runs_batted_in <= 67.50 AND Batting_average <= 0.32 THEN class = {483.70} [-67.33, 1,034.73], (p=95, n=12, P=136, N=99)
2026-04-14 11:58:30,544 - INFO - Iteracja 3: condition_best: Batting_average <= 0.31, quality_best: 0.618, coverage_best: (p=94, n=12, P=136, N=99)
2026-04-14 11:58:30,544 - INFO - Regula po iteracji 3: IF Free_agency_eligibility <= 0.50 AND Runs_batted_in <= 67.50 AND Batting_average <= 0.32 AND Batting_average <= 0.31 THEN class = {484.54} [-69.02, 1,038.09], (p=94, n=12, P=136, N=99)
2026-04-14 11:58:30,599 - INFO - Iteracja 4: condition_best: Batting_average <= 0.31, quality_best: 0.614, coverage_best: (p=93, n=12, P=136, N=99)
2026-04-14 11:58:30,599 - INFO - Regula po iteracji 4: IF Free_agency_eligibility <= 0.50 AND Runs_batted_in <= 67.50 AND Batting_average <= 0.32 AND Batting_average <= 0.31 AND Batting_average <= 0.31 THEN class = {488.11} [-66.85, 1,043.08], (p=93, n=12, P=136, N=99)
2026-04-14 11:58:30,600 - INFO - *******STOP GROWING CR RULE*******
2026-04-14 11:58:30,600 - INFO - *******GROWING CR RULE*******
2026-04-14 11:58:30,699 - INFO - Iteracja 0: condition_best: Free_agency_eligibility <= 0.50, quality_best: 0.545, coverage_best: (p=117, n=18, P=153, N=82)
2026-04-14 11:58:30,699 - INFO - Regula po iteracji 0: IF Free_agency_eligibility <= 0.50 THEN class = {698.41} [-187.70, 1,584.52], (p=117, n=18, P=153, N=82)
2026-04-14 11:58:30,767 - INFO - Iteracja 1: condition_best: Stolen_bases <= 22.00, quality_best: 0.6, coverage_best: (p=107, n=13, P=150, N=85)
2026-04-14 11:58:30,767 - INFO - Regula po iteracji 1: IF Free_agency_eligibility <= 0.50 AND Stolen_bases <= 22.00 THEN class = {639.13} [-221.83, 1,500.10], (p=107, n=13, P=150, N=85)
2026-04-14 11:58:30,829 - INFO - Iteracja 2: condition_best: HomeRuns <= 27.50, quality_best: 0.6, coverage_best: (p=106, n=13, P=149, N=86)
2026-04-14 11:58:30,829 - INFO - Regula po iteracji 2: IF Free_agency_eligibility <= 0.50 AND Stolen_bases <= 22.00 AND HomeRuns <= 27.50 THEN class = {620.70} [-219.96, 1,461.35], (p=106, n=13, P=149, N=86)
2026-04-14 11:58:30,890 - INFO - Iteracja 3: condition_best: Strike-Outs <= 113.50, quality_best: 0.609, coverage_best: (p=103, n=12, P=148, N=87)
2026-04-14 11:58:30,890 - INFO - Regula po iteracji 3: IF Free_agency_eligibility <= 0.50 AND Stolen_bases <= 22.00 AND HomeRuns <= 27.50 AND Strike-Outs <= 113.50 THEN class = {596.31} [-216.23, 1,408.86], (p=103, n=12, P=148, N=87)
2026-04-14 11:58:30,950 - INFO - Iteracja 4: condition_best: Walks <= 69.00, quality_best: 0.627, coverage_best: (p=102, n=11, P=147, N=88)
2026-04-14 11:58:30,950 - INFO - Regula po iteracji 4: IF Free_agency_eligibility <= 0.50 AND Stolen_bases <= 22.00 AND HomeRuns <= 27.50 AND Strike-Outs <= 113.50 AND Walks <= 69.00 THEN class = {575.78} [-225.59, 1,377.14], (p=102, n=11, P=147, N=88)
2026-04-14 11:58:30,950 - INFO - *******STOP GROWING CR RULE*******
2026-04-14 11:58:30,951 - INFO - *******GROWING CR RULE*******
2026-04-14 11:58:31,049 - INFO - Iteracja 0: condition_best: Hits <= 107.50, quality_best: 0.517, coverage_best: (p=116, n=21, P=149, N=86)
2026-04-14 11:58:31,049 - INFO - Regula po iteracji 0: IF Hits <= 107.50 THEN class = {693.38} [-89.70, 1,476.46], (p=116, n=21, P=149, N=86)
2026-04-14 11:58:31,107 - INFO - Iteracja 1: condition_best: Walks <= 64.50, quality_best: 0.547, coverage_best: (p=116, n=19, P=149, N=86)
2026-04-14 11:58:31,107 - INFO - Regula po iteracji 1: IF Hits <= 107.50 AND Walks <= 64.50 THEN class = {673.53} [-98.03, 1,445.08], (p=116, n=19, P=149, N=86)
2026-04-14 11:58:31,164 - INFO - Iteracja 2: condition_best: Runs_batted_in <= 73.50, quality_best: 0.548, coverage_best: (p=115, n=19, P=148, N=87)
2026-04-14 11:58:31,164 - INFO - Regula po iteracji 2: IF Hits <= 107.50 AND Walks <= 64.50 AND Runs_batted_in <= 73.50 THEN class = {667.77} [-103.76, 1,439.30], (p=115, n=19, P=148, N=87)
2026-04-14 11:58:31,221 - INFO - Iteracja 3: condition_best: On-base_percentage <= 0.39, quality_best: 0.554, coverage_best: (p=113, n=18, P=148, N=87)
2026-04-14 11:58:31,221 - INFO - Regula po iteracji 3: IF Hits <= 107.50 AND Walks <= 64.50 AND Runs_batted_in <= 73.50 AND On-base_percentage <= 0.39 THEN class = {663.40} [-100.60, 1,427.39], (p=113, n=18, P=148, N=87)
2026-04-14 11:58:31,277 - INFO - Iteracja 4: condition_best: Batting_average <= 0.31, quality_best: 0.556, coverage_best: (p=110, n=17, P=148, N=87)
2026-04-14 11:58:31,277 - INFO - Regula po iteracji 4: IF Hits <= 107.50 AND Walks <= 64.50 AND Runs_batted_in <= 73.50 AND On-base_percentage <= 0.39 AND Batting_average <= 0.31 THEN class = {659.87} [-106.46, 1,426.21], (p=110, n=17, P=148, N=87)
2026-04-14 11:58:31,277 - INFO - *******STOP GROWING CR RULE*******
2026-04-14 11:58:31,278 - INFO - *******GROWING CR RULE*******
2026-04-14 11:58:31,376 - INFO - Iteracja 0: condition_best: Doubles <= 18.50, quality_best: 0.489, coverage_best: (p=126, n=23, P=156, N=79)
2026-04-14 11:58:31,376 - INFO - Regula po iteracji 0: IF Doubles <= 18.50 THEN class = {766.54} [-105.59, 1,638.67], (p=126, n=23, P=156, N=79)
2026-04-14 11:58:31,441 - INFO - Iteracja 1: condition_best: Walks <= 86.50, quality_best: 0.544, coverage_best: (p=122, n=21, P=149, N=86)
2026-04-14 11:58:31,441 - INFO - Regula po iteracji 1: IF Doubles <= 18.50 AND Walks <= 86.50 THEN class = {692.69} [-86.19, 1,471.56], (p=122, n=21, P=149, N=86)
2026-04-14 11:58:31,503 - INFO - Iteracja 2: condition_best: HomeRuns <= 25.00, quality_best: 0.561, coverage_best: (p=121, n=20, P=148, N=87)
2026-04-14 11:58:31,503 - INFO - Regula po iteracji 2: IF Doubles <= 18.50 AND Walks <= 86.50 AND HomeRuns <= 25.00 THEN class = {665.67} [-72.04, 1,403.38], (p=121, n=20, P=148, N=87)
2026-04-14 11:58:31,564 - INFO - Iteracja 3: condition_best: Stolen_bases <= 22.50, quality_best: 0.578, coverage_best: (p=117, n=18, P=147, N=88)
2026-04-14 11:58:31,564 - INFO - Regula po iteracji 3: IF Doubles <= 18.50 AND Walks <= 86.50 AND HomeRuns <= 25.00 AND Stolen_bases <= 22.50 THEN class = {659.10} [-73.22, 1,391.43], (p=117, n=18, P=147, N=88)
2026-04-14 11:58:31,623 - INFO - Iteracja 4: condition_best: Hits <= 138.50, quality_best: 0.574, coverage_best: (p=116, n=18, P=147, N=88)
2026-04-14 11:58:31,623 - INFO - Regula po iteracji 4: IF Doubles <= 18.50 AND Walks <= 86.50 AND HomeRuns <= 25.00 AND Stolen_bases <= 22.50 AND Hits <= 138.50 THEN class = {657.68} [-77.18, 1,392.54], (p=116, n=18, P=147, N=88)
2026-04-14 11:58:31,623 - INFO - *******STOP GROWING CR RULE*******
2026-04-14 11:58:31,624 - INFO - *******GROWING CR RULE*******
2026-04-14 11:58:31,819 - INFO - Iteracja 0: condition_best: Walks >= 85.50, quality_best: 0.474, coverage_best: (p=8, n=1, P=66, N=169)
2026-04-14 11:58:31,820 - INFO - Regula po iteracji 0: IF Walks >= 85.50 THEN class = {2,481.67} [1,568.82, 3,394.52], (p=8, n=1, P=66, N=169)
2026-04-14 11:58:31,828 - INFO - Iteracja 1: condition_best: Batting_average >= 0.21, quality_best: 0.457, coverage_best: (p=7, n=1, P=66, N=169)
2026-04-14 11:58:31,828 - INFO - Regula po iteracji 1: IF Walks >= 85.50 AND Batting_average >= 0.21 THEN class = {2,539.75} [1,587.34, 3,492.16], (p=7, n=1, P=66, N=169)
2026-04-14 11:58:31,835 - INFO - Iteracja 2: condition_best: Batting_average <= 0.29, quality_best: 0.434, coverage_best: (p=6, n=1, P=69, N=166)
2026-04-14 11:58:31,835 - INFO - Regula po iteracji 2: IF Walks >= 85.50 AND Batting_average >= 0.21 AND Batting_average <= 0.29 THEN class = {2,426.43} [1,460.02, 3,392.84], (p=6, n=1, P=69, N=166)
2026-04-14 11:58:31,841 - INFO - Iteracja 3: condition_best: Strike-Outs >= 59.00, quality_best: 0.406, coverage_best: (p=5, n=1, P=72, N=163)
2026-04-14 11:58:31,841 - INFO - Regula po iteracji 3: IF Walks >= 85.50 AND Batting_average >= 0.21 AND Batting_average <= 0.29 AND Strike-Outs >= 59.00 THEN class = {2,464.17} [1,425.11, 3,503.22], (p=5, n=1, P=72, N=163)
2026-04-14 11:58:31,846 - INFO - Iteracja 4: condition_best: Batting_average >= 0.24, quality_best: 0.309, coverage_best: (p=3, n=2, P=25, N=210)
2026-04-14 11:58:31,847 - INFO - Regula po iteracji 4: IF Walks >= 85.50 AND Batting_average >= 0.21 AND Batting_average <= 0.29 AND Strike-Outs >= 59.00 AND Batting_average >= 0.24 THEN class = {2,896.60} [2,479.99, 3,313.21], (p=3, n=2, P=25, N=210)
2026-04-14 11:58:31,847 - INFO - *******STOP GROWING CR RULE*******
2026-04-14 11:58:31,847 - INFO - *******GROWING CR RULE*******
2026-04-14 11:58:31,944 - INFO - Iteracja 0: condition_best: HomeRuns <= 11.50, quality_best: 0.465, coverage_best: (p=132, n=25, P=159, N=76)
2026-04-14 11:58:31,945 - INFO - Regula po iteracji 0: IF HomeRuns <= 11.50 THEN class = {796.03} [-64.23, 1,656.28], (p=132, n=25, P=159, N=76)
2026-04-14 11:58:32,013 - INFO - Iteracja 1: condition_best: Batting_average <= 0.31, quality_best: 0.462, coverage_best: (p=128, n=24, P=159, N=76)
2026-04-14 11:58:32,014 - INFO - Regula po iteracji 1: IF HomeRuns <= 11.50 AND Batting_average <= 0.31 THEN class = {791.02} [-69.36, 1,651.40], (p=128, n=24, P=159, N=76)
2026-04-14 11:58:32,081 - INFO - Iteracja 2: condition_best: Batting_average >= 0.12, quality_best: 0.457, coverage_best: (p=127, n=24, P=159, N=76)
2026-04-14 11:58:32,081 - INFO - Regula po iteracji 2: IF HomeRuns <= 11.50 AND Batting_average <= 0.31 AND Batting_average >= 0.12 THEN class = {795.54} [-65.89, 1,656.96], (p=127, n=24, P=159, N=76)
2026-04-14 11:58:32,149 - INFO - Iteracja 3: condition_best: Batting_average >= 0.12, quality_best: 0.453, coverage_best: (p=126, n=24, P=159, N=76)
2026-04-14 11:58:32,149 - INFO - Regula po iteracji 3: IF HomeRuns <= 11.50 AND Batting_average <= 0.31 AND Batting_average >= 0.12 AND Batting_average >= 0.12 THEN class = {800.11} [-62.35, 1,662.57], (p=126, n=24, P=159, N=76)
2026-04-14 11:58:32,218 - INFO - Iteracja 4: condition_best: Batting_average >= 0.14, quality_best: 0.448, coverage_best: (p=125, n=24, P=159, N=76)
2026-04-14 11:58:32,218 - INFO - Regula po iteracji 4: IF HomeRuns <= 11.50 AND Batting_average <= 0.31 AND Batting_average >= 0.12 AND Batting_average >= 0.12 AND Batting_average >= 0.14 THEN class = {804.48} [-59.22, 1,668.18], (p=125, n=24, P=159, N=76)
2026-04-14 11:58:32,218 - INFO - *******STOP GROWING CR RULE*******
2026-04-14 11:58:32,218 - INFO - *******GROWING CR RULE*******
2026-04-14 11:58:32,315 - INFO - Iteracja 0: condition_best: Runs >= 88.50, quality_best: 0.451, coverage_best: (p=16, n=4, P=65, N=170)
2026-04-14 11:58:32,315 - INFO - Regula po iteracji 0: IF Runs >= 88.50 THEN class = {2,896.30} [1,936.61, 3,855.99], (p=16, n=4, P=65, N=170)
2026-04-14 11:58:32,333 - INFO - Iteracja 1: condition_best: HomeRuns >= 2.50, quality_best: 0.476, coverage_best: (p=15, n=3, P=64, N=171)
2026-04-14 11:58:32,333 - INFO - Regula po iteracji 1: IF Runs >= 88.50 AND HomeRuns >= 2.50 THEN class = {2,941.28} [1,979.81, 3,902.75], (p=15, n=3, P=64, N=171)
2026-04-14 11:58:32,348 - INFO - Iteracja 2: condition_best: HomeRuns <= 33.50, quality_best: 0.491, coverage_best: (p=13, n=2, P=64, N=171)
2026-04-14 11:58:32,348 - INFO - Regula po iteracji 2: IF Runs >= 88.50 AND HomeRuns >= 2.50 AND HomeRuns <= 33.50 THEN class = {2,934.93} [1,999.90, 3,869.97], (p=13, n=2, P=64, N=171)
2026-04-14 11:58:32,361 - INFO - Iteracja 3: condition_best: HomeRuns >= 4.00, quality_best: 0.489, coverage_best: (p=12, n=2, P=58, N=177)
2026-04-14 11:58:32,361 - INFO - Regula po iteracji 3: IF Runs >= 88.50 AND HomeRuns >= 2.50 AND HomeRuns <= 33.50 AND HomeRuns >= 4.00 THEN class = {3,001.71} [2,069.06, 3,934.37], (p=12, n=2, P=58, N=177)
2026-04-14 11:58:32,373 - INFO - Iteracja 4: condition_best: Strike-Outs >= 53.50, quality_best: 0.477, coverage_best: (p=11, n=2, P=56, N=179)
2026-04-14 11:58:32,373 - INFO - Regula po iteracji 4: IF Runs >= 88.50 AND HomeRuns >= 2.50 AND HomeRuns <= 33.50 AND HomeRuns >= 4.00 AND Strike-Outs >= 53.50 THEN class = {3,063.38} [2,123.43, 4,003.34], (p=11, n=2, P=56, N=179)
2026-04-14 11:58:32,373 - INFO - *******STOP GROWING CR RULE*******
2026-04-14 11:58:32,373 - INFO - *******GROWING CR RULE*******
2026-04-14 11:58:32,469 - INFO - Iteracja 0: condition_best: Runs_batted_in <= 64.50, quality_best: 0.446, coverage_best: (p=141, n=29, P=159, N=76)
2026-04-14 11:58:32,469 - INFO - Regula po iteracji 0: IF Runs_batted_in <= 64.50 THEN class = {824.10} [-29.58, 1,677.78], (p=141, n=29, P=159, N=76)
2026-04-14 11:58:32,541 - INFO - Iteracja 1: condition_best: Walks <= 65.50, quality_best: 0.476, coverage_best: (p=130, n=28, P=150, N=85)
2026-04-14 11:58:32,541 - INFO - Regula po iteracji 1: IF Runs_batted_in <= 64.50 AND Walks <= 65.50 THEN class = {739.77} [-34.47, 1,514.00], (p=130, n=28, P=150, N=85)
2026-04-14 11:58:32,608 - INFO - Iteracja 2: condition_best: Batting_average <= 0.29, quality_best: 0.54, coverage_best: (p=123, n=22, P=148, N=87)
2026-04-14 11:58:32,608 - INFO - Regula po iteracji 2: IF Runs_batted_in <= 64.50 AND Walks <= 65.50 AND Batting_average <= 0.29 THEN class = {694.04} [-34.31, 1,422.40], (p=123, n=22, P=148, N=87)
2026-04-14 11:58:32,671 - INFO - Iteracja 3: condition_best: Errors <= 17.50, quality_best: 0.563, coverage_best: (p=117, n=19, P=147, N=88)
2026-04-14 11:58:32,671 - INFO - Regula po iteracji 3: IF Runs_batted_in <= 64.50 AND Walks <= 65.50 AND Batting_average <= 0.29 AND Errors <= 17.50 THEN class = {664.79} [-53.98, 1,383.55], (p=117, n=19, P=147, N=88)
2026-04-14 11:58:32,731 - INFO - Iteracja 4: condition_best: Doubles <= 36.50, quality_best: 0.564, coverage_best: (p=116, n=19, P=146, N=89)
2026-04-14 11:58:32,731 - INFO - Regula po iteracji 4: IF Runs_batted_in <= 64.50 AND Walks <= 65.50 AND Batting_average <= 0.29 AND Errors <= 17.50 AND Doubles <= 36.50 THEN class = {646.75} [-43.32, 1,336.82], (p=116, n=19, P=146, N=89)
2026-04-14 11:58:32,731 - INFO - *******STOP GROWING CR RULE*******
2026-04-14 11:58:32,732 - INFO - *******GROWING CR RULE*******
2026-04-14 11:58:32,827 - INFO - Iteracja 0: condition_best: Runs >= 84.50, quality_best: 0.422, coverage_best: (p=20, n=7, P=64, N=171)
2026-04-14 11:58:32,827 - INFO - Regula po iteracji 0: IF Runs >= 84.50 THEN class = {2,946.19} [1,978.26, 3,914.11], (p=20, n=7, P=64, N=171)
2026-04-14 11:58:32,848 - INFO - Iteracja 1: condition_best: HomeRuns >= 4.00, quality_best: 0.438, coverage_best: (p=18, n=6, P=58, N=177)
2026-04-14 11:58:32,848 - INFO - Regula po iteracji 1: IF Runs >= 84.50 AND HomeRuns >= 4.00 THEN class = {3,023.50} [2,056.82, 3,990.18], (p=18, n=6, P=58, N=177)
2026-04-14 11:58:32,868 - INFO - Iteracja 2: condition_best: HomeRuns <= 41.00, quality_best: 0.46, coverage_best: (p=18, n=5, P=60, N=175)
2026-04-14 11:58:32,868 - INFO - Regula po iteracji 2: IF Runs >= 84.50 AND HomeRuns >= 4.00 AND HomeRuns <= 41.00 THEN class = {2,959.30} [2,023.25, 3,895.36], (p=18, n=5, P=60, N=175)
2026-04-14 11:58:32,887 - INFO - Iteracja 3: condition_best: Strike-Outs >= 45.50, quality_best: 0.451, coverage_best: (p=17, n=5, P=58, N=177)
2026-04-14 11:58:32,887 - INFO - Regula po iteracji 3: IF Runs >= 84.50 AND HomeRuns >= 4.00 AND HomeRuns <= 41.00 AND Strike-Outs >= 45.50 THEN class = {2,993.82} [2,051.15, 3,936.49], (p=17, n=5, P=58, N=177)
2026-04-14 11:58:32,905 - INFO - Iteracja 4: condition_best: Doubles <= 43.00, quality_best: 0.453, coverage_best: (p=15, n=4, P=58, N=177)
2026-04-14 11:58:32,906 - INFO - Regula po iteracji 4: IF Runs >= 84.50 AND HomeRuns >= 4.00 AND HomeRuns <= 41.00 AND Strike-Outs >= 45.50 AND Doubles <= 43.00 THEN class = {2,890.21} [2,038.31, 3,742.11], (p=15, n=4, P=58, N=177)
2026-04-14 11:58:32,906 - INFO - *******STOP GROWING CR RULE*******
2026-04-14 11:58:32,906 - INFO - *******GROWING CR RULE*******
2026-04-14 11:58:33,001 - INFO - Iteracja 0: condition_best: HomeRuns >= 23.50, quality_best: 0.397, coverage_best: (p=19, n=7, P=68, N=167)
2026-04-14 11:58:33,001 - INFO - Regula po iteracji 0: IF HomeRuns >= 23.50 THEN class = {2,889.46} [1,690.36, 4,088.57], (p=19, n=7, P=68, N=167)
2026-04-14 11:58:33,021 - INFO - Iteracja 1: condition_best: Stolen_bases >= 0.50, quality_best: 0.439, coverage_best: (p=18, n=5, P=68, N=167)
2026-04-14 11:58:33,021 - INFO - Regula po iteracji 1: IF HomeRuns >= 23.50 AND Stolen_bases >= 0.50 THEN class = {2,881.78} [1,689.37, 4,074.19], (p=18, n=5, P=68, N=167)
2026-04-14 11:58:33,038 - INFO - Iteracja 2: condition_best: Runs >= 61.50, quality_best: 0.448, coverage_best: (p=16, n=4, P=66, N=169)
2026-04-14 11:58:33,039 - INFO - Regula po iteracji 2: IF HomeRuns >= 23.50 AND Stolen_bases >= 0.50 AND Runs >= 61.50 THEN class = {2,992.80} [1,892.12, 4,093.48], (p=16, n=4, P=66, N=169)
2026-04-14 11:58:33,055 - INFO - Iteracja 3: condition_best: Runs <= 109.00, quality_best: 0.469, coverage_best: (p=15, n=3, P=67, N=168)
2026-04-14 11:58:33,055 - INFO - Regula po iteracji 3: IF HomeRuns >= 23.50 AND Stolen_bases >= 0.50 AND Runs >= 61.50 AND Runs <= 109.00 THEN class = {2,833.67} [1,805.99, 3,861.35], (p=15, n=3, P=67, N=168)
2026-04-14 11:58:33,070 - INFO - Iteracja 4: condition_best: Batting_average <= 0.32, quality_best: 0.455, coverage_best: (p=14, n=3, P=67, N=168)
2026-04-14 11:58:33,070 - INFO - Regula po iteracji 4: IF HomeRuns >= 23.50 AND Stolen_bases >= 0.50 AND Runs >= 61.50 AND Runs <= 109.00 AND Batting_average <= 0.32 THEN class = {2,876.82} [1,835.32, 3,918.33], (p=14, n=3, P=67, N=168)
2026-04-14 11:58:33,070 - INFO - *******STOP GROWING CR RULE*******
2026-04-14 11:58:33,070 - INFO - *******GROWING CR RULE*******
2026-04-14 11:58:33,164 - INFO - Iteracja 0: condition_best: Runs_batted_in >= 82.00, quality_best: 0.384, coverage_best: (p=23, n=10, P=68, N=167)
2026-04-14 11:58:33,164 - INFO - Regula po iteracji 0: IF Runs_batted_in >= 82.00 THEN class = {2,968.39} [1,772.15, 4,164.64], (p=23, n=10, P=68, N=167)
2026-04-14 11:58:33,189 - INFO - Iteracja 1: condition_best: Hits >= 130.50, quality_best: 0.465, coverage_best: (p=22, n=7, P=59, N=176)
2026-04-14 11:58:33,189 - INFO - Regula po iteracji 1: IF Runs_batted_in >= 82.00 AND Hits >= 130.50 THEN class = {3,099.21} [2,066.98, 4,131.44], (p=22, n=7, P=59, N=176)
2026-04-14 11:58:33,211 - INFO - Iteracja 2: condition_best: Runs_batted_in <= 115.00, quality_best: 0.476, coverage_best: (p=20, n=5, P=64, N=171)
2026-04-14 11:58:33,211 - INFO - Regula po iteracji 2: IF Runs_batted_in >= 82.00 AND Hits >= 130.50 AND Runs_batted_in <= 115.00 THEN class = {2,951.32} [1,996.62, 3,906.02], (p=20, n=5, P=64, N=171)
2026-04-14 11:58:33,231 - INFO - Iteracja 3: condition_best: Batting_average <= 0.32, quality_best: 0.474, coverage_best: (p=19, n=5, P=60, N=175)
2026-04-14 11:58:33,231 - INFO - Regula po iteracji 3: IF Runs_batted_in >= 82.00 AND Hits >= 130.50 AND Runs_batted_in <= 115.00 AND Batting_average <= 0.32 THEN class = {2,986.79} [2,028.68, 3,944.90], (p=19, n=5, P=60, N=175)
2026-04-14 11:58:33,250 - INFO - Iteracja 4: condition_best: Stolen_bases <= 28.00, quality_best: 0.46, coverage_best: (p=18, n=5, P=60, N=175)
2026-04-14 11:58:33,250 - INFO - Regula po iteracji 4: IF Runs_batted_in >= 82.00 AND Hits >= 130.50 AND Runs_batted_in <= 115.00 AND Batting_average <= 0.32 AND Stolen_bases <= 28.00 THEN class = {2,999.26} [2,022.45, 3,976.07], (p=18, n=5, P=60, N=175)
2026-04-14 11:58:33,250 - INFO - *******STOP GROWING CR RULE*******
2026-04-14 11:58:33,250 - INFO - *******GROWING CR RULE*******
2026-04-14 11:58:33,345 - INFO - Iteracja 0: condition_best: Walks >= 98.50, quality_best: 1.0, coverage_best: (p=2, n=0, P=2, N=233)
2026-04-14 11:58:33,345 - INFO - Regula po iteracji 0: IF Walks >= 98.50 THEN class = {3,345.50} [3,333.00, 3,358.00], (p=2, n=0, P=2, N=233)
2026-04-14 11:58:33,346 - INFO - Iteracja 1: condition_best: Batting_average <= 0.28, quality_best: 1.0, coverage_best: (p=1, n=0, P=1, N=234)
2026-04-14 11:58:33,346 - INFO - Regula po iteracji 1: IF Walks >= 98.50 AND Batting_average <= 0.28 THEN class = {3,358.00} [3,358.00, 3,358.00], (p=1, n=0, P=1, N=234)
2026-04-14 11:58:33,347 - INFO - Iteracja 2: condition_best: None, quality_best: -inf, coverage_best: (p=0, n=0, P=0, N=0)
2026-04-14 11:58:33,347 - INFO - Regula po iteracji 2: IF Walks >= 98.50 AND Batting_average <= 0.28 THEN class = {3,358.00} [3,358.00, 3,358.00], (p=1, n=0, P=1, N=234)
2026-04-14 11:58:33,347 - INFO - *******STOP GROWING CR RULE*******
2026-04-14 11:58:33,361 - INFO - ************************Finished experiment for baseball.arff with algorithm_rer************************
2026-04-14 11:58:33,361 - INFO - *************************************************************************************************************************
2026-04-14 11:58:33,361 - INFO - *************************************************************************************************************************
2026-04-14 11:58:33,361 - INFO - *************************************************************************************************************************
2026-04-14 11:58:33,361 - INFO - **********Starting experiment for baseball.arff with algorithm_rer_with_exceptions**********
2026-04-14 11:58:33,367 - INFO - *******GROWING CR RULE*******
2026-04-14 11:58:33,505 - INFO - Iteracja 0: condition_best: Hits <= 19.50, quality_best: 0.679, coverage_best: (p=18, n=1, P=40, N=195)
2026-04-14 11:58:33,505 - INFO - Regula po iteracji 0: IF Hits <= 19.50 THEN class = {127.89} [102.19, 153.60], (p=18, n=1, P=40, N=195)
2026-04-14 11:58:33,506 - INFO - *****GROWING RR RULE*****
2026-04-14 11:58:33,689 - INFO - Iteracja 0: condition_best: None, quality_best: -inf, coverage_best: (p=0, n=0, P=0, N=0), p_value: 0
2026-04-14 11:58:33,689 - INFO - Regula po iteracji 0: IF  THEN class = {1,274.44} [46.17, 2,502.72], (p=196, n=39, P=196, N=39)
2026-04-14 11:58:33,689 - INFO - *****STOP GROWING RR RULE*****
2026-04-14 11:58:33,689 - INFO - ***RR NOT FOUND***
2026-04-14 11:58:33,700 - INFO - Iteracja 1: condition_best: Batting_average <= 0.30, quality_best: 0.665, coverage_best: (p=17, n=1, P=40, N=195)
2026-04-14 11:58:33,700 - INFO - Regula po iteracji 1: IF Hits <= 19.50 AND Batting_average <= 0.30 THEN class = {128.94} [102.93, 154.96], (p=17, n=1, P=40, N=195)
2026-04-14 11:58:33,700 - INFO - *****GROWING RR RULE*****
2026-04-14 11:58:33,884 - INFO - Iteracja 0: condition_best: None, quality_best: -inf, coverage_best: (p=0, n=0, P=0, N=0), p_value: 0
2026-04-14 11:58:33,884 - INFO - Regula po iteracji 0: IF  THEN class = {1,274.44} [46.17, 2,502.72], (p=196, n=39, P=196, N=39)
2026-04-14 11:58:33,884 - INFO - *****STOP GROWING RR RULE*****
2026-04-14 11:58:33,884 - INFO - ***RR NOT FOUND***
2026-04-14 11:58:33,894 - INFO - Iteracja 2: condition_best: Batting_average <= 0.29, quality_best: 0.646, coverage_best: (p=16, n=1, P=41, N=194)
2026-04-14 11:58:33,894 - INFO - Regula po iteracji 2: IF Hits <= 19.50 AND Batting_average <= 0.30 AND Batting_average <= 0.29 THEN class = {128.88} [102.12, 155.65], (p=16, n=1, P=41, N=194)
2026-04-14 11:58:33,894 - INFO - *****GROWING RR RULE*****
2026-04-14 11:58:34,078 - INFO - Iteracja 0: condition_best: None, quality_best: -inf, coverage_best: (p=0, n=0, P=0, N=0), p_value: 0
2026-04-14 11:58:34,078 - INFO - Regula po iteracji 0: IF  THEN class = {1,274.44} [46.17, 2,502.72], (p=196, n=39, P=196, N=39)
2026-04-14 11:58:34,078 - INFO - *****STOP GROWING RR RULE*****
2026-04-14 11:58:34,079 - INFO - ***RR NOT FOUND***
2026-04-14 11:58:34,088 - INFO - Iteracja 3: condition_best: Batting_average <= 0.28, quality_best: 0.631, coverage_best: (p=15, n=1, P=41, N=194)
2026-04-14 11:58:34,088 - INFO - Regula po iteracji 3: IF Hits <= 19.50 AND Batting_average <= 0.30 AND Batting_average <= 0.29 AND Batting_average <= 0.28 THEN class = {128.81} [101.22, 156.40], (p=15, n=1, P=41, N=194)
2026-04-14 11:58:34,089 - INFO - *****GROWING RR RULE*****
2026-04-14 11:58:34,273 - INFO - Iteracja 0: condition_best: None, quality_best: -inf, coverage_best: (p=0, n=0, P=0, N=0), p_value: 0
2026-04-14 11:58:34,273 - INFO - Regula po iteracji 0: IF  THEN class = {1,274.44} [46.17, 2,502.72], (p=196, n=39, P=196, N=39)
2026-04-14 11:58:34,273 - INFO - *****STOP GROWING RR RULE*****
2026-04-14 11:58:34,273 - INFO - ***RR NOT FOUND***
2026-04-14 11:58:34,282 - INFO - Iteracja 4: condition_best: Batting_average <= 0.26, quality_best: 0.617, coverage_best: (p=14, n=1, P=41, N=194)
2026-04-14 11:58:34,282 - INFO - Regula po iteracji 4: IF Hits <= 19.50 AND Batting_average <= 0.30 AND Batting_average <= 0.29 AND Batting_average <= 0.28 AND Batting_average <= 0.26 THEN class = {128.40} [99.95, 156.85], (p=14, n=1, P=41, N=194)
2026-04-14 11:58:34,283 - INFO - *****GROWING RR RULE*****
2026-04-14 11:58:34,467 - INFO - Iteracja 0: condition_best: None, quality_best: -inf, coverage_best: (p=0, n=0, P=0, N=0), p_value: 0
2026-04-14 11:58:34,467 - INFO - Regula po iteracji 0: IF  THEN class = {1,274.44} [46.17, 2,502.72], (p=196, n=39, P=196, N=39)
2026-04-14 11:58:34,467 - INFO - *****STOP GROWING RR RULE*****
2026-04-14 11:58:34,467 - INFO - ***RR NOT FOUND***
2026-04-14 11:58:34,467 - INFO - *******STOP GROWING CR RULE*******
2026-04-14 11:58:34,469 - INFO - *******GROWING CR RULE*******
2026-04-14 11:58:34,577 - INFO - Iteracja 0: condition_best: Hits <= 27.00, quality_best: 0.665, coverage_best: (p=23, n=2, P=48, N=187)
2026-04-14 11:58:34,577 - INFO - Regula po iteracji 0: IF Hits <= 27.00 THEN class = {137.28} [92.66, 181.90], (p=23, n=2, P=48, N=187)
2026-04-14 11:58:34,577 - INFO - *****GROWING RR RULE*****
2026-04-14 11:58:34,761 - INFO - Iteracja 0: condition_best: None, quality_best: -inf, coverage_best: (p=0, n=0, P=0, N=0), p_value: 0
2026-04-14 11:58:34,761 - INFO - Regula po iteracji 0: IF  THEN class = {1,274.44} [46.17, 2,502.72], (p=196, n=39, P=196, N=39)
2026-04-14 11:58:34,761 - INFO - *****STOP GROWING RR RULE*****
2026-04-14 11:58:34,761 - INFO - ***RR NOT FOUND***
2026-04-14 11:58:34,776 - INFO - Iteracja 1: condition_best: Runs_batted_in <= 10.00, quality_best: 0.721, coverage_best: (p=21, n=1, P=40, N=195)
2026-04-14 11:58:34,776 - INFO - Regula po iteracji 1: IF Hits <= 27.00 AND Runs_batted_in <= 10.00 THEN class = {127.00} [102.81, 151.19], (p=21, n=1, P=40, N=195)
2026-04-14 11:58:34,776 - INFO - *****GROWING RR RULE*****
2026-04-14 11:58:34,960 - INFO - Iteracja 0: condition_best: None, quality_best: -inf, coverage_best: (p=0, n=0, P=0, N=0), p_value: 0
2026-04-14 11:58:34,960 - INFO - Regula po iteracji 0: IF  THEN class = {1,274.44} [46.17, 2,502.72], (p=196, n=39, P=196, N=39)
2026-04-14 11:58:34,961 - INFO - *****STOP GROWING RR RULE*****
2026-04-14 11:58:34,961 - INFO - ***RR NOT FOUND***
2026-04-14 11:58:34,973 - INFO - Iteracja 2: condition_best: Batting_average <= 0.30, quality_best: 0.707, coverage_best: (p=20, n=1, P=40, N=195)
2026-04-14 11:58:34,973 - INFO - Regula po iteracji 2: IF Hits <= 27.00 AND Runs_batted_in <= 10.00 AND Batting_average <= 0.30 THEN class = {127.86} [103.42, 152.29], (p=20, n=1, P=40, N=195)
2026-04-14 11:58:34,973 - INFO - *****GROWING RR RULE*****
2026-04-14 11:58:35,158 - INFO - Iteracja 0: condition_best: None, quality_best: -inf, coverage_best: (p=0, n=0, P=0, N=0), p_value: 0
2026-04-14 11:58:35,158 - INFO - Regula po iteracji 0: IF  THEN class = {1,274.44} [46.17, 2,502.72], (p=196, n=39, P=196, N=39)
2026-04-14 11:58:35,158 - INFO - *****STOP GROWING RR RULE*****
2026-04-14 11:58:35,158 - INFO - ***RR NOT FOUND***
2026-04-14 11:58:35,170 - INFO - Iteracja 3: condition_best: Batting_average <= 0.29, quality_best: 0.693, coverage_best: (p=19, n=1, P=40, N=195)
2026-04-14 11:58:35,170 - INFO - Regula po iteracji 3: IF Hits <= 27.00 AND Runs_batted_in <= 10.00 AND Batting_average <= 0.30 AND Batting_average <= 0.29 THEN class = {127.75} [102.72, 152.78], (p=19, n=1, P=40, N=195)
2026-04-14 11:58:35,170 - INFO - *****GROWING RR RULE*****
2026-04-14 11:58:35,354 - INFO - Iteracja 0: condition_best: None, quality_best: -inf, coverage_best: (p=0, n=0, P=0, N=0), p_value: 0
2026-04-14 11:58:35,354 - INFO - Regula po iteracji 0: IF  THEN class = {1,274.44} [46.17, 2,502.72], (p=196, n=39, P=196, N=39)
2026-04-14 11:58:35,354 - INFO - *****STOP GROWING RR RULE*****
2026-04-14 11:58:35,355 - INFO - ***RR NOT FOUND***
2026-04-14 11:58:35,366 - INFO - Iteracja 4: condition_best: Batting_average >= 0.12, quality_best: 0.679, coverage_best: (p=18, n=1, P=40, N=195)
2026-04-14 11:58:35,366 - INFO - Regula po iteracji 4: IF Hits <= 27.00 AND Runs_batted_in <= 10.00 AND Batting_average <= 0.30 AND Batting_average <= 0.29 AND Batting_average >= 0.12 THEN class = {128.74} [103.43, 154.04], (p=18, n=1, P=40, N=195)
2026-04-14 11:58:35,366 - INFO - *****GROWING RR RULE*****
2026-04-14 11:58:35,557 - INFO - Iteracja 0: condition_best: None, quality_best: -inf, coverage_best: (p=0, n=0, P=0, N=0), p_value: 0
2026-04-14 11:58:35,557 - INFO - Regula po iteracji 0: IF  THEN class = {1,274.44} [46.17, 2,502.72], (p=196, n=39, P=196, N=39)
2026-04-14 11:58:35,557 - INFO - *****STOP GROWING RR RULE*****
2026-04-14 11:58:35,557 - INFO - ***RR NOT FOUND***
2026-04-14 11:58:35,557 - INFO - *******STOP GROWING CR RULE*******
2026-04-14 11:58:35,559 - INFO - *******GROWING CR RULE*******
2026-04-14 11:58:35,673 - INFO - Iteracja 0: condition_best: Hits <= 27.00, quality_best: 0.665, coverage_best: (p=23, n=2, P=48, N=187)
2026-04-14 11:58:35,674 - INFO - Regula po iteracji 0: IF Hits <= 27.00 THEN class = {137.28} [92.66, 181.90], (p=23, n=2, P=48, N=187)
2026-04-14 11:58:35,674 - INFO - *****GROWING RR RULE*****
2026-04-14 11:58:35,857 - INFO - Iteracja 0: condition_best: None, quality_best: -inf, coverage_best: (p=0, n=0, P=0, N=0), p_value: 0
2026-04-14 11:58:35,857 - INFO - Regula po iteracji 0: IF  THEN class = {1,274.44} [46.17, 2,502.72], (p=196, n=39, P=196, N=39)
2026-04-14 11:58:35,857 - INFO - *****STOP GROWING RR RULE*****
2026-04-14 11:58:35,857 - INFO - ***RR NOT FOUND***
2026-04-14 11:58:35,871 - INFO - Iteracja 1: condition_best: Runs <= 14.00, quality_best: 0.699, coverage_best: (p=22, n=1, P=46, N=189)
2026-04-14 11:58:35,871 - INFO - Regula po iteracji 1: IF Hits <= 27.00 AND Runs <= 14.00 THEN class = {134.70} [92.41, 176.98], (p=22, n=1, P=46, N=189)
2026-04-14 11:58:35,871 - INFO - *****GROWING RR RULE*****
2026-04-14 11:58:36,055 - INFO - Iteracja 0: condition_best: None, quality_best: -inf, coverage_best: (p=0, n=0, P=0, N=0), p_value: 0
2026-04-14 11:58:36,055 - INFO - Regula po iteracji 0: IF  THEN class = {1,274.44} [46.17, 2,502.72], (p=196, n=39, P=196, N=39)
2026-04-14 11:58:36,055 - INFO - *****STOP GROWING RR RULE*****
2026-04-14 11:58:36,055 - INFO - ***RR NOT FOUND***
2026-04-14 11:58:36,067 - INFO - Iteracja 2: condition_best: Batting_average >= 0.12, quality_best: 0.687, coverage_best: (p=21, n=1, P=46, N=189)
2026-04-14 11:58:36,067 - INFO - Regula po iteracji 2: IF Hits <= 27.00 AND Runs <= 14.00 AND Batting_average >= 0.12 THEN class = {135.86} [92.99, 178.74], (p=21, n=1, P=46, N=189)
2026-04-14 11:58:36,068 - INFO - *****GROWING RR RULE*****
2026-04-14 11:58:36,251 - INFO - Iteracja 0: condition_best: None, quality_best: -inf, coverage_best: (p=0, n=0, P=0, N=0), p_value: 0
2026-04-14 11:58:36,251 - INFO - Regula po iteracji 0: IF  THEN class = {1,274.44} [46.17, 2,502.72], (p=196, n=39, P=196, N=39)
2026-04-14 11:58:36,251 - INFO - *****STOP GROWING RR RULE*****
2026-04-14 11:58:36,251 - INFO - ***RR NOT FOUND***
2026-04-14 11:58:36,263 - INFO - Iteracja 3: condition_best: Walks <= 11.50, quality_best: 0.675, coverage_best: (p=20, n=1, P=46, N=189)
2026-04-14 11:58:36,263 - INFO - Regula po iteracji 3: IF Hits <= 27.00 AND Runs <= 14.00 AND Batting_average >= 0.12 AND Walks <= 11.50 THEN class = {136.00} [92.12, 179.88], (p=20, n=1, P=46, N=189)
2026-04-14 11:58:36,264 - INFO - *****GROWING RR RULE*****
2026-04-14 11:58:36,447 - INFO - Iteracja 0: condition_best: None, quality_best: -inf, coverage_best: (p=0, n=0, P=0, N=0), p_value: 0
2026-04-14 11:58:36,448 - INFO - Regula po iteracji 0: IF  THEN class = {1,274.44} [46.17, 2,502.72], (p=196, n=39, P=196, N=39)
2026-04-14 11:58:36,448 - INFO - *****STOP GROWING RR RULE*****
2026-04-14 11:58:36,448 - INFO - ***RR NOT FOUND***
2026-04-14 11:58:36,459 - INFO - Iteracja 4: condition_best: Batting_average >= 0.12, quality_best: 0.654, coverage_best: (p=19, n=1, P=48, N=187)
2026-04-14 11:58:36,459 - INFO - Regula po iteracji 4: IF Hits <= 27.00 AND Runs <= 14.00 AND Batting_average >= 0.12 AND Walks <= 11.50 AND Batting_average >= 0.12 THEN class = {137.35} [92.82, 181.88], (p=19, n=1, P=48, N=187)
2026-04-14 11:58:36,460 - INFO - *****GROWING RR RULE*****
2026-04-14 11:58:36,642 - INFO - Iteracja 0: condition_best: None, quality_best: -inf, coverage_best: (p=0, n=0, P=0, N=0), p_value: 0
2026-04-14 11:58:36,642 - INFO - Regula po iteracji 0: IF  THEN class = {1,274.44} [46.17, 2,502.72], (p=196, n=39, P=196, N=39)
2026-04-14 11:58:36,642 - INFO - *****STOP GROWING RR RULE*****
2026-04-14 11:58:36,642 - INFO - ***RR NOT FOUND***
2026-04-14 11:58:36,642 - INFO - *******STOP GROWING CR RULE*******
2026-04-14 11:58:36,644 - INFO - *******GROWING CR RULE*******
2026-04-14 11:58:36,750 - INFO - Iteracja 0: condition_best: Runs <= 34.50, quality_best: 0.657, coverage_best: (p=75, n=7, P=124, N=111)
2026-04-14 11:58:36,750 - INFO - Regula po iteracji 0: IF Runs <= 34.50 THEN class = {408.34} [-31.98, 848.67], (p=75, n=7, P=124, N=111)
2026-04-14 11:58:36,751 - INFO - *****GROWING RR RULE*****
2026-04-14 11:58:37,033 - INFO - Iteracja 0: condition_best: None, quality_best: -inf, coverage_best: (p=0, n=0, P=0, N=0), p_value: 0
2026-04-14 11:58:37,033 - INFO - Regula po iteracji 0: IF  THEN class = {1,274.44} [46.17, 2,502.72], (p=196, n=39, P=196, N=39)
2026-04-14 11:58:37,033 - INFO - *****STOP GROWING RR RULE*****
2026-04-14 11:58:37,033 - INFO - ***RR NOT FOUND***
2026-04-14 11:58:37,074 - INFO - Iteracja 1: condition_best: Hits <= 91.50, quality_best: 0.683, coverage_best: (p=75, n=6, P=122, N=113)
2026-04-14 11:58:37,074 - INFO - Regula po iteracji 1: IF Runs <= 34.50 AND Hits <= 91.50 THEN class = {390.54} [-22.13, 803.22], (p=75, n=6, P=122, N=113)
2026-04-14 11:58:37,074 - INFO - *****GROWING RR RULE*****
2026-04-14 11:58:37,259 - INFO - Iteracja 0: condition_best: None, quality_best: -inf, coverage_best: (p=0, n=0, P=0, N=0), p_value: 0
2026-04-14 11:58:37,259 - INFO - Regula po iteracji 0: IF  THEN class = {1,274.44} [46.17, 2,502.72], (p=196, n=39, P=196, N=39)
2026-04-14 11:58:37,259 - INFO - *****STOP GROWING RR RULE*****
2026-04-14 11:58:37,259 - INFO - ***RR NOT FOUND***
2026-04-14 11:58:37,298 - INFO - Iteracja 2: condition_best: Triples <= 3.50, quality_best: 0.701, coverage_best: (p=74, n=5, P=121, N=114)
2026-04-14 11:58:37,298 - INFO - Regula po iteracji 2: IF Runs <= 34.50 AND Hits <= 91.50 AND Triples <= 3.50 THEN class = {380.59} [-27.92, 789.11], (p=74, n=5, P=121, N=114)
2026-04-14 11:58:37,298 - INFO - *****GROWING RR RULE*****
2026-04-14 11:58:37,483 - INFO - Iteracja 0: condition_best: None, quality_best: -inf, coverage_best: (p=0, n=0, P=0, N=0), p_value: 0
2026-04-14 11:58:37,484 - INFO - Regula po iteracji 0: IF  THEN class = {1,274.44} [46.17, 2,502.72], (p=196, n=39, P=196, N=39)
2026-04-14 11:58:37,484 - INFO - *****STOP GROWING RR RULE*****
2026-04-14 11:58:37,484 - INFO - ***RR NOT FOUND***
2026-04-14 11:58:37,522 - INFO - Iteracja 3: condition_best: Batting_average <= 0.35, quality_best: 0.696, coverage_best: (p=73, n=5, P=121, N=114)
2026-04-14 11:58:37,522 - INFO - Regula po iteracji 3: IF Runs <= 34.50 AND Hits <= 91.50 AND Triples <= 3.50 AND Batting_average <= 0.35 THEN class = {383.82} [-26.30, 793.94], (p=73, n=5, P=121, N=114)
2026-04-14 11:58:37,523 - INFO - *****GROWING RR RULE*****
2026-04-14 11:58:37,707 - INFO - Iteracja 0: condition_best: None, quality_best: -inf, coverage_best: (p=0, n=0, P=0, N=0), p_value: 0
2026-04-14 11:58:37,707 - INFO - Regula po iteracji 0: IF  THEN class = {1,274.44} [46.17, 2,502.72], (p=196, n=39, P=196, N=39)
2026-04-14 11:58:37,707 - INFO - *****STOP GROWING RR RULE*****
2026-04-14 11:58:37,707 - INFO - ***RR NOT FOUND***
2026-04-14 11:58:37,745 - INFO - Iteracja 4: condition_best: Batting_average <= 0.32, quality_best: 0.691, coverage_best: (p=72, n=5, P=121, N=114)
2026-04-14 11:58:37,745 - INFO - Regula po iteracji 4: IF Runs <= 34.50 AND Hits <= 91.50 AND Triples <= 3.50 AND Batting_average <= 0.35 AND Batting_average <= 0.32 THEN class = {387.34} [-24.27, 798.94], (p=72, n=5, P=121, N=114)
2026-04-14 11:58:37,745 - INFO - *****GROWING RR RULE*****
2026-04-14 11:58:37,928 - INFO - Iteracja 0: condition_best: None, quality_best: -inf, coverage_best: (p=0, n=0, P=0, N=0), p_value: 0
2026-04-14 11:58:37,928 - INFO - Regula po iteracji 0: IF  THEN class = {1,274.44} [46.17, 2,502.72], (p=196, n=39, P=196, N=39)
2026-04-14 11:58:37,928 - INFO - *****STOP GROWING RR RULE*****
2026-04-14 11:58:37,928 - INFO - ***RR NOT FOUND***
2026-04-14 11:58:37,929 - INFO - *******STOP GROWING CR RULE*******
2026-04-14 11:58:37,930 - INFO - *******GROWING CR RULE*******
2026-04-14 11:58:38,035 - INFO - Iteracja 0: condition_best: Runs <= 34.50, quality_best: 0.657, coverage_best: (p=75, n=7, P=124, N=111)
2026-04-14 11:58:38,035 - INFO - Regula po iteracji 0: IF Runs <= 34.50 THEN class = {408.34} [-31.98, 848.67], (p=75, n=7, P=124, N=111)
2026-04-14 11:58:38,035 - INFO - *****GROWING RR RULE*****
2026-04-14 11:58:38,220 - INFO - Iteracja 0: condition_best: None, quality_best: -inf, coverage_best: (p=0, n=0, P=0, N=0), p_value: 0
2026-04-14 11:58:38,220 - INFO - Regula po iteracji 0: IF  THEN class = {1,274.44} [46.17, 2,502.72], (p=196, n=39, P=196, N=39)
2026-04-14 11:58:38,220 - INFO - *****STOP GROWING RR RULE*****
2026-04-14 11:58:38,220 - INFO - ***RR NOT FOUND***
2026-04-14 11:58:38,257 - INFO - Iteracja 1: condition_best: Runs_batted_in <= 43.00, quality_best: 0.676, coverage_best: (p=73, n=6, P=121, N=114)
2026-04-14 11:58:38,257 - INFO - Regula po iteracji 1: IF Runs <= 34.50 AND Runs_batted_in <= 43.00 THEN class = {389.09} [2.77, 775.41], (p=73, n=6, P=121, N=114)
2026-04-14 11:58:38,257 - INFO - *****GROWING RR RULE*****
2026-04-14 11:58:38,441 - INFO - Iteracja 0: condition_best: None, quality_best: -inf, coverage_best: (p=0, n=0, P=0, N=0), p_value: 0
2026-04-14 11:58:38,441 - INFO - Regula po iteracji 0: IF  THEN class = {1,274.44} [46.17, 2,502.72], (p=196, n=39, P=196, N=39)
2026-04-14 11:58:38,442 - INFO - *****STOP GROWING RR RULE*****
2026-04-14 11:58:38,442 - INFO - ***RR NOT FOUND***
2026-04-14 11:58:38,477 - INFO - Iteracja 2: condition_best: Batting_average >= 0.12, quality_best: 0.671, coverage_best: (p=72, n=6, P=121, N=114)
2026-04-14 11:58:38,477 - INFO - Regula po iteracji 2: IF Runs <= 34.50 AND Runs_batted_in <= 43.00 AND Batting_average >= 0.12 THEN class = {392.68} [5.20, 780.16], (p=72, n=6, P=121, N=114)
2026-04-14 11:58:38,478 - INFO - *****GROWING RR RULE*****
2026-04-14 11:58:38,660 - INFO - Iteracja 0: condition_best: None, quality_best: -inf, coverage_best: (p=0, n=0, P=0, N=0), p_value: 0
2026-04-14 11:58:38,660 - INFO - Regula po iteracji 0: IF  THEN class = {1,274.44} [46.17, 2,502.72], (p=196, n=39, P=196, N=39)
2026-04-14 11:58:38,661 - INFO - *****STOP GROWING RR RULE*****
2026-04-14 11:58:38,661 - INFO - ***RR NOT FOUND***
2026-04-14 11:58:38,696 - INFO - Iteracja 3: condition_best: Batting_average >= 0.12, quality_best: 0.666, coverage_best: (p=71, n=6, P=121, N=114)
2026-04-14 11:58:38,696 - INFO - Regula po iteracji 3: IF Runs <= 34.50 AND Runs_batted_in <= 43.00 AND Batting_average >= 0.12 AND Batting_average >= 0.12 THEN class = {396.36} [7.74, 784.99], (p=71, n=6, P=121, N=114)
2026-04-14 11:58:38,696 - INFO - *****GROWING RR RULE*****
2026-04-14 11:58:38,880 - INFO - Iteracja 0: condition_best: None, quality_best: -inf, coverage_best: (p=0, n=0, P=0, N=0), p_value: 0
2026-04-14 11:58:38,880 - INFO - Regula po iteracji 0: IF  THEN class = {1,274.44} [46.17, 2,502.72], (p=196, n=39, P=196, N=39)
2026-04-14 11:58:38,880 - INFO - *****STOP GROWING RR RULE*****
2026-04-14 11:58:38,881 - INFO - ***RR NOT FOUND***
2026-04-14 11:58:38,916 - INFO - Iteracja 4: condition_best: Batting_average >= 0.14, quality_best: 0.661, coverage_best: (p=70, n=6, P=121, N=114)
2026-04-14 11:58:38,916 - INFO - Regula po iteracji 4: IF Runs <= 34.50 AND Runs_batted_in <= 43.00 AND Batting_average >= 0.12 AND Batting_average >= 0.12 AND Batting_average >= 0.14 THEN class = {399.61} [9.47, 789.74], (p=70, n=6, P=121, N=114)
2026-04-14 11:58:38,916 - INFO - *****GROWING RR RULE*****
2026-04-14 11:58:39,101 - INFO - Iteracja 0: condition_best: None, quality_best: -inf, coverage_best: (p=0, n=0, P=0, N=0), p_value: 0
2026-04-14 11:58:39,101 - INFO - Regula po iteracji 0: IF  THEN class = {1,274.44} [46.17, 2,502.72], (p=196, n=39, P=196, N=39)
2026-04-14 11:58:39,102 - INFO - *****STOP GROWING RR RULE*****
2026-04-14 11:58:39,102 - INFO - ***RR NOT FOUND***
2026-04-14 11:58:39,102 - INFO - *******STOP GROWING CR RULE*******
2026-04-14 11:58:39,103 - INFO - *******GROWING CR RULE*******
2026-04-14 11:58:39,207 - INFO - Iteracja 0: condition_best: Hits <= 63.50, quality_best: 0.656, coverage_best: (p=74, n=7, P=123, N=112)
2026-04-14 11:58:39,207 - INFO - Regula po iteracji 0: IF Hits <= 63.50 THEN class = {388.25} [-60.74, 837.23], (p=74, n=7, P=123, N=112)
2026-04-14 11:58:39,208 - INFO - *****GROWING RR RULE*****
2026-04-14 11:58:39,391 - INFO - Iteracja 0: condition_best: None, quality_best: -inf, coverage_best: (p=0, n=0, P=0, N=0), p_value: 0
2026-04-14 11:58:39,391 - INFO - Regula po iteracji 0: IF  THEN class = {1,274.44} [46.17, 2,502.72], (p=196, n=39, P=196, N=39)
2026-04-14 11:58:39,392 - INFO - *****STOP GROWING RR RULE*****
2026-04-14 11:58:39,392 - INFO - ***RR NOT FOUND***
2026-04-14 11:58:39,429 - INFO - Iteracja 1: condition_best: Runs <= 43.00, quality_best: 0.671, coverage_best: (p=72, n=6, P=121, N=114)
2026-04-14 11:58:39,429 - INFO - Regula po iteracji 1: IF Hits <= 63.50 AND Runs <= 43.00 THEN class = {365.35} [-48.61, 779.30], (p=72, n=6, P=121, N=114)
2026-04-14 11:58:39,430 - INFO - *****GROWING RR RULE*****
2026-04-14 11:58:39,613 - INFO - Iteracja 0: condition_best: None, quality_best: -inf, coverage_best: (p=0, n=0, P=0, N=0), p_value: 0
2026-04-14 11:58:39,613 - INFO - Regula po iteracji 0: IF  THEN class = {1,274.44} [46.17, 2,502.72], (p=196, n=39, P=196, N=39)
2026-04-14 11:58:39,613 - INFO - *****STOP GROWING RR RULE*****
2026-04-14 11:58:39,613 - INFO - ***RR NOT FOUND***
2026-04-14 11:58:39,648 - INFO - Iteracja 2: condition_best: Stolen_bases <= 13.50, quality_best: 0.682, coverage_best: (p=66, n=4, P=121, N=114)
2026-04-14 11:58:39,648 - INFO - Regula po iteracji 2: IF Hits <= 63.50 AND Runs <= 43.00 AND Stolen_bases <= 13.50 THEN class = {359.41} [-59.16, 777.99], (p=66, n=4, P=121, N=114)
2026-04-14 11:58:39,648 - INFO - *****GROWING RR RULE*****
2026-04-14 11:58:39,832 - INFO - Iteracja 0: condition_best: None, quality_best: -inf, coverage_best: (p=0, n=0, P=0, N=0), p_value: 0
2026-04-14 11:58:39,832 - INFO - Regula po iteracji 0: IF  THEN class = {1,274.44} [46.17, 2,502.72], (p=196, n=39, P=196, N=39)
2026-04-14 11:58:39,832 - INFO - *****STOP GROWING RR RULE*****
2026-04-14 11:58:39,833 - INFO - ***RR NOT FOUND***
2026-04-14 11:58:39,865 - INFO - Iteracja 3: condition_best: Batting_average <= 0.35, quality_best: 0.677, coverage_best: (p=65, n=4, P=121, N=114)
2026-04-14 11:58:39,866 - INFO - Regula po iteracji 3: IF Hits <= 63.50 AND Runs <= 43.00 AND Stolen_bases <= 13.50 AND Batting_average <= 0.35 THEN class = {362.75} [-57.92, 783.43], (p=65, n=4, P=121, N=114)
2026-04-14 11:58:39,866 - INFO - *****GROWING RR RULE*****
2026-04-14 11:58:40,050 - INFO - Iteracja 0: condition_best: None, quality_best: -inf, coverage_best: (p=0, n=0, P=0, N=0), p_value: 0
2026-04-14 11:58:40,050 - INFO - Regula po iteracji 0: IF  THEN class = {1,274.44} [46.17, 2,502.72], (p=196, n=39, P=196, N=39)
2026-04-14 11:58:40,051 - INFO - *****STOP GROWING RR RULE*****
2026-04-14 11:58:40,051 - INFO - ***RR NOT FOUND***
2026-04-14 11:58:40,084 - INFO - Iteracja 4: condition_best: Batting_average <= 0.32, quality_best: 0.672, coverage_best: (p=64, n=4, P=121, N=114)
2026-04-14 11:58:40,084 - INFO - Regula po iteracji 4: IF Hits <= 63.50 AND Runs <= 43.00 AND Stolen_bases <= 13.50 AND Batting_average <= 0.35 AND Batting_average <= 0.32 THEN class = {366.43} [-56.23, 789.08], (p=64, n=4, P=121, N=114)
2026-04-14 11:58:40,084 - INFO - *****GROWING RR RULE*****
2026-04-14 11:58:40,268 - INFO - Iteracja 0: condition_best: None, quality_best: -inf, coverage_best: (p=0, n=0, P=0, N=0), p_value: 0
2026-04-14 11:58:40,268 - INFO - Regula po iteracji 0: IF  THEN class = {1,274.44} [46.17, 2,502.72], (p=196, n=39, P=196, N=39)
2026-04-14 11:58:40,268 - INFO - *****STOP GROWING RR RULE*****
2026-04-14 11:58:40,268 - INFO - ***RR NOT FOUND***
2026-04-14 11:58:40,268 - INFO - *******STOP GROWING CR RULE*******
2026-04-14 11:58:40,270 - INFO - *******GROWING CR RULE*******
2026-04-14 11:58:40,375 - INFO - Iteracja 0: condition_best: Hits <= 63.50, quality_best: 0.656, coverage_best: (p=74, n=7, P=123, N=112)
2026-04-14 11:58:40,375 - INFO - Regula po iteracji 0: IF Hits <= 63.50 THEN class = {388.25} [-60.74, 837.23], (p=74, n=7, P=123, N=112)
2026-04-14 11:58:40,375 - INFO - *****GROWING RR RULE*****
2026-04-14 11:58:40,558 - INFO - Iteracja 0: condition_best: None, quality_best: -inf, coverage_best: (p=0, n=0, P=0, N=0), p_value: 0
2026-04-14 11:58:40,558 - INFO - Regula po iteracji 0: IF  THEN class = {1,274.44} [46.17, 2,502.72], (p=196, n=39, P=196, N=39)
2026-04-14 11:58:40,559 - INFO - *****STOP GROWING RR RULE*****
2026-04-14 11:58:40,559 - INFO - ***RR NOT FOUND***
2026-04-14 11:58:40,595 - INFO - Iteracja 1: condition_best: Triples <= 3.50, quality_best: 0.66, coverage_best: (p=71, n=6, P=123, N=112)
2026-04-14 11:58:40,595 - INFO - Regula po iteracji 1: IF Hits <= 63.50 AND Triples <= 3.50 THEN class = {385.23} [-64.38, 834.84], (p=71, n=6, P=123, N=112)
2026-04-14 11:58:40,595 - INFO - *****GROWING RR RULE*****
2026-04-14 11:58:40,777 - INFO - Iteracja 0: condition_best: None, quality_best: -inf, coverage_best: (p=0, n=0, P=0, N=0), p_value: 0
2026-04-14 11:58:40,777 - INFO - Regula po iteracji 0: IF  THEN class = {1,274.44} [46.17, 2,502.72], (p=196, n=39, P=196, N=39)
2026-04-14 11:58:40,777 - INFO - *****STOP GROWING RR RULE*****
2026-04-14 11:58:40,777 - INFO - ***RR NOT FOUND***
2026-04-14 11:58:40,812 - INFO - Iteracja 2: condition_best: Doubles <= 16.00, quality_best: 0.655, coverage_best: (p=70, n=6, P=123, N=112)
2026-04-14 11:58:40,812 - INFO - Regula po iteracji 2: IF Hits <= 63.50 AND Triples <= 3.50 AND Doubles <= 16.00 THEN class = {386.36} [-66.10, 838.81], (p=70, n=6, P=123, N=112)
2026-04-14 11:58:40,812 - INFO - *****GROWING RR RULE*****
2026-04-14 11:58:40,996 - INFO - Iteracja 0: condition_best: None, quality_best: -inf, coverage_best: (p=0, n=0, P=0, N=0), p_value: 0
2026-04-14 11:58:40,996 - INFO - Regula po iteracji 0: IF  THEN class = {1,274.44} [46.17, 2,502.72], (p=196, n=39, P=196, N=39)
2026-04-14 11:58:40,996 - INFO - *****STOP GROWING RR RULE*****
2026-04-14 11:58:40,996 - INFO - ***RR NOT FOUND***
2026-04-14 11:58:41,126 - INFO - Iteracja 3: condition_best: Batting_average <= 0.35, quality_best: 0.646, coverage_best: (p=69, n=6, P=124, N=111)
2026-04-14 11:58:41,127 - INFO - Regula po iteracji 3: IF Hits <= 63.50 AND Triples <= 3.50 AND Doubles <= 16.00 AND Batting_average <= 0.35 THEN class = {389.79} [-64.69, 844.26], (p=69, n=6, P=124, N=111)
2026-04-14 11:58:41,127 - INFO - *****GROWING RR RULE*****
2026-04-14 11:58:41,313 - INFO - Iteracja 0: condition_best: None, quality_best: -inf, coverage_best: (p=0, n=0, P=0, N=0), p_value: 0
2026-04-14 11:58:41,313 - INFO - Regula po iteracji 0: IF  THEN class = {1,274.44} [46.17, 2,502.72], (p=196, n=39, P=196, N=39)
2026-04-14 11:58:41,313 - INFO - *****STOP GROWING RR RULE*****
2026-04-14 11:58:41,313 - INFO - ***RR NOT FOUND***
2026-04-14 11:58:41,349 - INFO - Iteracja 4: condition_best: Batting_average <= 0.32, quality_best: 0.641, coverage_best: (p=68, n=6, P=124, N=111)
2026-04-14 11:58:41,349 - INFO - Regula po iteracji 4: IF Hits <= 63.50 AND Triples <= 3.50 AND Doubles <= 16.00 AND Batting_average <= 0.35 AND Batting_average <= 0.32 THEN class = {393.53} [-62.86, 849.91], (p=68, n=6, P=124, N=111)
2026-04-14 11:58:41,349 - INFO - *****GROWING RR RULE*****
2026-04-14 11:58:41,532 - INFO - Iteracja 0: condition_best: None, quality_best: -inf, coverage_best: (p=0, n=0, P=0, N=0), p_value: 0
2026-04-14 11:58:41,532 - INFO - Regula po iteracji 0: IF  THEN class = {1,274.44} [46.17, 2,502.72], (p=196, n=39, P=196, N=39)
2026-04-14 11:58:41,533 - INFO - *****STOP GROWING RR RULE*****
2026-04-14 11:58:41,533 - INFO - ***RR NOT FOUND***
2026-04-14 11:58:41,533 - INFO - *******STOP GROWING CR RULE*******
2026-04-14 11:58:41,534 - INFO - *******GROWING CR RULE*******
2026-04-14 11:58:41,638 - INFO - Iteracja 0: condition_best: Runs_batted_in <= 35.50, quality_best: 0.653, coverage_best: (p=94, n=10, P=136, N=99)
2026-04-14 11:58:41,638 - INFO - Regula po iteracji 0: IF Runs_batted_in <= 35.50 THEN class = {485.22} [-93.22, 1,063.66], (p=94, n=10, P=136, N=99)
2026-04-14 11:58:41,638 - INFO - *****GROWING RR RULE*****
2026-04-14 11:58:41,822 - INFO - Iteracja 0: condition_best: None, quality_best: -inf, coverage_best: (p=0, n=0, P=0, N=0), p_value: 0
2026-04-14 11:58:41,822 - INFO - Regula po iteracji 0: IF  THEN class = {1,274.44} [46.17, 2,502.72], (p=196, n=39, P=196, N=39)
2026-04-14 11:58:41,822 - INFO - *****STOP GROWING RR RULE*****
2026-04-14 11:58:41,822 - INFO - ***RR NOT FOUND***
2026-04-14 11:58:41,869 - INFO - Iteracja 1: condition_best: Hits <= 86.50, quality_best: 0.731, coverage_best: (p=88, n=5, P=132, N=103)
2026-04-14 11:58:41,869 - INFO - Regula po iteracji 1: IF Runs_batted_in <= 35.50 AND Hits <= 86.50 THEN class = {425.15} [-116.29, 966.60], (p=88, n=5, P=132, N=103)
2026-04-14 11:58:41,869 - INFO - *****GROWING RR RULE*****
2026-04-14 11:58:42,054 - INFO - Iteracja 0: condition_best: None, quality_best: -inf, coverage_best: (p=0, n=0, P=0, N=0), p_value: 0
2026-04-14 11:58:42,054 - INFO - Regula po iteracji 0: IF  THEN class = {1,274.44} [46.17, 2,502.72], (p=196, n=39, P=196, N=39)
2026-04-14 11:58:42,054 - INFO - *****STOP GROWING RR RULE*****
2026-04-14 11:58:42,054 - INFO - ***RR NOT FOUND***
2026-04-14 11:58:42,096 - INFO - Iteracja 2: condition_best: On-base_percentage <= 0.37, quality_best: 0.731, coverage_best: (p=82, n=4, P=130, N=105)
2026-04-14 11:58:42,096 - INFO - Regula po iteracji 2: IF Runs_batted_in <= 35.50 AND Hits <= 86.50 AND On-base_percentage <= 0.37 THEN class = {418.55} [-101.75, 938.84], (p=82, n=4, P=130, N=105)
2026-04-14 11:58:42,096 - INFO - *****GROWING RR RULE*****
2026-04-14 11:58:42,282 - INFO - Iteracja 0: condition_best: None, quality_best: -inf, coverage_best: (p=0, n=0, P=0, N=0), p_value: 0
2026-04-14 11:58:42,282 - INFO - Regula po iteracji 0: IF  THEN class = {1,274.44} [46.17, 2,502.72], (p=196, n=39, P=196, N=39)
2026-04-14 11:58:42,282 - INFO - *****STOP GROWING RR RULE*****
2026-04-14 11:58:42,282 - INFO - ***RR NOT FOUND***
2026-04-14 11:58:42,321 - INFO - Iteracja 3: condition_best: Hits <= 84.00, quality_best: 0.726, coverage_best: (p=81, n=4, P=130, N=105)
2026-04-14 11:58:42,321 - INFO - Regula po iteracji 3: IF Runs_batted_in <= 35.50 AND Hits <= 86.50 AND On-base_percentage <= 0.37 AND Hits <= 84.00 THEN class = {416.41} [-106.56, 939.38], (p=81, n=4, P=130, N=105)
2026-04-14 11:58:42,322 - INFO - *****GROWING RR RULE*****
2026-04-14 11:58:42,507 - INFO - Iteracja 0: condition_best: None, quality_best: -inf, coverage_best: (p=0, n=0, P=0, N=0), p_value: 0
2026-04-14 11:58:42,507 - INFO - Regula po iteracji 0: IF  THEN class = {1,274.44} [46.17, 2,502.72], (p=196, n=39, P=196, N=39)
2026-04-14 11:58:42,508 - INFO - *****STOP GROWING RR RULE*****
2026-04-14 11:58:42,508 - INFO - ***RR NOT FOUND***
2026-04-14 11:58:42,547 - INFO - Iteracja 4: condition_best: Runs_batted_in <= 34.50, quality_best: 0.722, coverage_best: (p=80, n=4, P=130, N=105)
2026-04-14 11:58:42,547 - INFO - Regula po iteracji 4: IF Runs_batted_in <= 35.50 AND Hits <= 86.50 AND On-base_percentage <= 0.37 AND Hits <= 84.00 AND Runs_batted_in <= 34.50 THEN class = {412.14} [-112.46, 936.74], (p=80, n=4, P=130, N=105)
2026-04-14 11:58:42,547 - INFO - *****GROWING RR RULE*****
2026-04-14 11:58:42,732 - INFO - Iteracja 0: condition_best: None, quality_best: -inf, coverage_best: (p=0, n=0, P=0, N=0), p_value: 0
2026-04-14 11:58:42,732 - INFO - Regula po iteracji 0: IF  THEN class = {1,274.44} [46.17, 2,502.72], (p=196, n=39, P=196, N=39)
2026-04-14 11:58:42,732 - INFO - *****STOP GROWING RR RULE*****
2026-04-14 11:58:42,732 - INFO - ***RR NOT FOUND***
2026-04-14 11:58:42,732 - INFO - *******STOP GROWING CR RULE*******
2026-04-14 11:58:42,733 - INFO - *******GROWING CR RULE*******
2026-04-14 11:58:42,837 - INFO - Iteracja 0: condition_best: Runs_batted_in <= 35.50, quality_best: 0.653, coverage_best: (p=94, n=10, P=136, N=99)
2026-04-14 11:58:42,837 - INFO - Regula po iteracji 0: IF Runs_batted_in <= 35.50 THEN class = {485.22} [-93.22, 1,063.66], (p=94, n=10, P=136, N=99)
2026-04-14 11:58:42,837 - INFO - *****GROWING RR RULE*****
2026-04-14 11:58:43,024 - INFO - Iteracja 0: condition_best: None, quality_best: -inf, coverage_best: (p=0, n=0, P=0, N=0), p_value: 0
2026-04-14 11:58:43,025 - INFO - Regula po iteracji 0: IF  THEN class = {1,274.44} [46.17, 2,502.72], (p=196, n=39, P=196, N=39)
2026-04-14 11:58:43,025 - INFO - *****STOP GROWING RR RULE*****
2026-04-14 11:58:43,025 - INFO - ***RR NOT FOUND***
2026-04-14 11:58:43,073 - INFO - Iteracja 1: condition_best: Hits <= 95.00, quality_best: 0.722, coverage_best: (p=91, n=6, P=133, N=102)
2026-04-14 11:58:43,073 - INFO - Regula po iteracji 1: IF Runs_batted_in <= 35.50 AND Hits <= 95.00 THEN class = {442.57} [-113.43, 998.57], (p=91, n=6, P=133, N=102)
2026-04-14 11:58:43,074 - INFO - *****GROWING RR RULE*****
2026-04-14 11:58:43,259 - INFO - Iteracja 0: condition_best: None, quality_best: -inf, coverage_best: (p=0, n=0, P=0, N=0), p_value: 0
2026-04-14 11:58:43,259 - INFO - Regula po iteracji 0: IF  THEN class = {1,274.44} [46.17, 2,502.72], (p=196, n=39, P=196, N=39)
2026-04-14 11:58:43,260 - INFO - *****STOP GROWING RR RULE*****
2026-04-14 11:58:43,260 - INFO - ***RR NOT FOUND***
2026-04-14 11:58:43,302 - INFO - Iteracja 2: condition_best: Doubles <= 20.50, quality_best: 0.718, coverage_best: (p=90, n=6, P=133, N=102)
2026-04-14 11:58:43,302 - INFO - Regula po iteracji 2: IF Runs_batted_in <= 35.50 AND Hits <= 95.00 AND Doubles <= 20.50 THEN class = {441.19} [-117.54, 999.91], (p=90, n=6, P=133, N=102)
2026-04-14 11:58:43,302 - INFO - *****GROWING RR RULE*****
2026-04-14 11:58:43,487 - INFO - Iteracja 0: condition_best: None, quality_best: -inf, coverage_best: (p=0, n=0, P=0, N=0), p_value: 0
2026-04-14 11:58:43,487 - INFO - Regula po iteracji 0: IF  THEN class = {1,274.44} [46.17, 2,502.72], (p=196, n=39, P=196, N=39)
2026-04-14 11:58:43,487 - INFO - *****STOP GROWING RR RULE*****
2026-04-14 11:58:43,487 - INFO - ***RR NOT FOUND***
2026-04-14 11:58:43,529 - INFO - Iteracja 3: condition_best: Runs_batted_in <= 34.50, quality_best: 0.713, coverage_best: (p=89, n=6, P=133, N=102)
2026-04-14 11:58:43,530 - INFO - Regula po iteracji 3: IF Runs_batted_in <= 35.50 AND Hits <= 95.00 AND Doubles <= 20.50 AND Runs_batted_in <= 34.50 THEN class = {437.67} [-122.93, 998.27], (p=89, n=6, P=133, N=102)
2026-04-14 11:58:43,530 - INFO - *****GROWING RR RULE*****
2026-04-14 11:58:43,714 - INFO - Iteracja 0: condition_best: None, quality_best: -inf, coverage_best: (p=0, n=0, P=0, N=0), p_value: 0
2026-04-14 11:58:43,714 - INFO - Regula po iteracji 0: IF  THEN class = {1,274.44} [46.17, 2,502.72], (p=196, n=39, P=196, N=39)
2026-04-14 11:58:43,714 - INFO - *****STOP GROWING RR RULE*****
2026-04-14 11:58:43,714 - INFO - ***RR NOT FOUND***
2026-04-14 11:58:43,756 - INFO - Iteracja 4: condition_best: Errors <= 20.00, quality_best: 0.709, coverage_best: (p=88, n=6, P=133, N=102)
2026-04-14 11:58:43,756 - INFO - Regula po iteracji 4: IF Runs_batted_in <= 35.50 AND Hits <= 95.00 AND Doubles <= 20.50 AND Runs_batted_in <= 34.50 AND Errors <= 20.00 THEN class = {435.95} [-127.38, 999.27], (p=88, n=6, P=133, N=102)
2026-04-14 11:58:43,757 - INFO - *****GROWING RR RULE*****
2026-04-14 11:58:43,941 - INFO - Iteracja 0: condition_best: None, quality_best: -inf, coverage_best: (p=0, n=0, P=0, N=0), p_value: 0
2026-04-14 11:58:43,941 - INFO - Regula po iteracji 0: IF  THEN class = {1,274.44} [46.17, 2,502.72], (p=196, n=39, P=196, N=39)
2026-04-14 11:58:43,941 - INFO - *****STOP GROWING RR RULE*****
2026-04-14 11:58:43,941 - INFO - ***RR NOT FOUND***
2026-04-14 11:58:43,941 - INFO - *******STOP GROWING CR RULE*******
2026-04-14 11:58:43,942 - INFO - *******GROWING CR RULE*******
2026-04-14 11:58:44,046 - INFO - Iteracja 0: condition_best: Runs_batted_in <= 35.50, quality_best: 0.653, coverage_best: (p=94, n=10, P=136, N=99)
2026-04-14 11:58:44,046 - INFO - Regula po iteracji 0: IF Runs_batted_in <= 35.50 THEN class = {485.22} [-93.22, 1,063.66], (p=94, n=10, P=136, N=99)
2026-04-14 11:58:44,047 - INFO - *****GROWING RR RULE*****
2026-04-14 11:58:44,231 - INFO - Iteracja 0: condition_best: None, quality_best: -inf, coverage_best: (p=0, n=0, P=0, N=0), p_value: 0
2026-04-14 11:58:44,231 - INFO - Regula po iteracji 0: IF  THEN class = {1,274.44} [46.17, 2,502.72], (p=196, n=39, P=196, N=39)
2026-04-14 11:58:44,231 - INFO - *****STOP GROWING RR RULE*****
2026-04-14 11:58:44,231 - INFO - ***RR NOT FOUND***
2026-04-14 11:58:44,276 - INFO - Iteracja 1: condition_best: HomeRuns <= 5.50, quality_best: 0.69, coverage_best: (p=83, n=8, P=121, N=114)
2026-04-14 11:58:44,276 - INFO - Regula po iteracji 1: IF Runs_batted_in <= 35.50 AND HomeRuns <= 5.50 THEN class = {387.16} [-21.72, 796.04], (p=83, n=8, P=121, N=114)
2026-04-14 11:58:44,276 - INFO - *****GROWING RR RULE*****
2026-04-14 11:58:44,463 - INFO - Iteracja 0: condition_best: None, quality_best: -inf, coverage_best: (p=0, n=0, P=0, N=0), p_value: 0
2026-04-14 11:58:44,463 - INFO - Regula po iteracji 0: IF  THEN class = {1,274.44} [46.17, 2,502.72], (p=196, n=39, P=196, N=39)
2026-04-14 11:58:44,464 - INFO - *****STOP GROWING RR RULE*****
2026-04-14 11:58:44,464 - INFO - ***RR NOT FOUND***
2026-04-14 11:58:44,507 - INFO - Iteracja 2: condition_best: Doubles <= 20.50, quality_best: 0.685, coverage_best: (p=82, n=8, P=121, N=114)
2026-04-14 11:58:44,507 - INFO - Regula po iteracji 2: IF Runs_batted_in <= 35.50 AND HomeRuns <= 5.50 AND Doubles <= 20.50 THEN class = {385.08} [-25.59, 795.74], (p=82, n=8, P=121, N=114)
2026-04-14 11:58:44,507 - INFO - *****GROWING RR RULE*****
2026-04-14 11:58:44,692 - INFO - Iteracja 0: condition_best: None, quality_best: -inf, coverage_best: (p=0, n=0, P=0, N=0), p_value: 0
2026-04-14 11:58:44,692 - INFO - Regula po iteracji 0: IF  THEN class = {1,274.44} [46.17, 2,502.72], (p=196, n=39, P=196, N=39)
2026-04-14 11:58:44,692 - INFO - *****STOP GROWING RR RULE*****
2026-04-14 11:58:44,692 - INFO - ***RR NOT FOUND***
2026-04-14 11:58:44,734 - INFO - Iteracja 3: condition_best: Runs_batted_in <= 34.50, quality_best: 0.68, coverage_best: (p=81, n=8, P=121, N=114)
2026-04-14 11:58:44,734 - INFO - Regula po iteracji 3: IF Runs_batted_in <= 35.50 AND HomeRuns <= 5.50 AND Doubles <= 20.50 AND Runs_batted_in <= 34.50 THEN class = {380.70} [-30.17, 791.56], (p=81, n=8, P=121, N=114)
2026-04-14 11:58:44,734 - INFO - *****GROWING RR RULE*****
2026-04-14 11:58:44,919 - INFO - Iteracja 0: condition_best: None, quality_best: -inf, coverage_best: (p=0, n=0, P=0, N=0), p_value: 0
2026-04-14 11:58:44,919 - INFO - Regula po iteracji 0: IF  THEN class = {1,274.44} [46.17, 2,502.72], (p=196, n=39, P=196, N=39)
2026-04-14 11:58:44,919 - INFO - *****STOP GROWING RR RULE*****
2026-04-14 11:58:44,919 - INFO - ***RR NOT FOUND***
2026-04-14 11:58:44,960 - INFO - Iteracja 4: condition_best: Batting_average <= 0.35, quality_best: 0.675, coverage_best: (p=80, n=8, P=121, N=114)
2026-04-14 11:58:44,960 - INFO - Regula po iteracji 4: IF Runs_batted_in <= 35.50 AND HomeRuns <= 5.50 AND Doubles <= 20.50 AND Runs_batted_in <= 34.50 AND Batting_average <= 0.35 THEN class = {383.56} [-28.76, 795.87], (p=80, n=8, P=121, N=114)
2026-04-14 11:58:44,961 - INFO - *****GROWING RR RULE*****
2026-04-14 11:58:45,145 - INFO - Iteracja 0: condition_best: None, quality_best: -inf, coverage_best: (p=0, n=0, P=0, N=0), p_value: 0
2026-04-14 11:58:45,146 - INFO - Regula po iteracji 0: IF  THEN class = {1,274.44} [46.17, 2,502.72], (p=196, n=39, P=196, N=39)
2026-04-14 11:58:45,146 - INFO - *****STOP GROWING RR RULE*****
2026-04-14 11:58:45,146 - INFO - ***RR NOT FOUND***
2026-04-14 11:58:45,146 - INFO - *******STOP GROWING CR RULE*******
2026-04-14 11:58:45,147 - INFO - *******GROWING CR RULE*******
2026-04-14 11:58:45,250 - INFO - Iteracja 0: condition_best: Hits <= 81.50, quality_best: 0.644, coverage_best: (p=93, n=10, P=137, N=98)
2026-04-14 11:58:45,250 - INFO - Regula po iteracji 0: IF Hits <= 81.50 THEN class = {503.32} [-112.46, 1,119.10], (p=93, n=10, P=137, N=98)
2026-04-14 11:58:45,251 - INFO - *****GROWING RR RULE*****
2026-04-14 11:58:45,541 - INFO - Iteracja 0: condition_best: None, quality_best: -inf, coverage_best: (p=0, n=0, P=0, N=0), p_value: 0
2026-04-14 11:58:45,542 - INFO - Regula po iteracji 0: IF  THEN class = {1,274.44} [46.17, 2,502.72], (p=196, n=39, P=196, N=39)
2026-04-14 11:58:45,542 - INFO - *****STOP GROWING RR RULE*****
2026-04-14 11:58:45,542 - INFO - ***RR NOT FOUND***
2026-04-14 11:58:45,589 - INFO - Iteracja 1: condition_best: Runs <= 46.50, quality_best: 0.679, coverage_best: (p=92, n=8, P=136, N=99)
2026-04-14 11:58:45,589 - INFO - Regula po iteracji 1: IF Hits <= 81.50 AND Runs <= 46.50 THEN class = {473.99} [-102.50, 1,050.48], (p=92, n=8, P=136, N=99)
2026-04-14 11:58:45,589 - INFO - *****GROWING RR RULE*****
2026-04-14 11:58:45,774 - INFO - Iteracja 0: condition_best: None, quality_best: -inf, coverage_best: (p=0, n=0, P=0, N=0), p_value: 0
2026-04-14 11:58:45,774 - INFO - Regula po iteracji 0: IF  THEN class = {1,274.44} [46.17, 2,502.72], (p=196, n=39, P=196, N=39)
2026-04-14 11:58:45,774 - INFO - *****STOP GROWING RR RULE*****
2026-04-14 11:58:45,774 - INFO - ***RR NOT FOUND***
2026-04-14 11:58:45,818 - INFO - Iteracja 2: condition_best: Arbitration_eligibility <= 0.50, quality_best: 0.698, coverage_best: (p=85, n=6, P=132, N=103)
2026-04-14 11:58:45,818 - INFO - Regula po iteracji 2: IF Hits <= 81.50 AND Runs <= 46.50 AND Arbitration_eligibility <= 0.50 THEN class = {423.24} [-124.21, 970.69], (p=85, n=6, P=132, N=103)
2026-04-14 11:58:45,819 - INFO - *****GROWING RR RULE*****
2026-04-14 11:58:46,004 - INFO - Iteracja 0: condition_best: None, quality_best: -inf, coverage_best: (p=0, n=0, P=0, N=0), p_value: 0
2026-04-14 11:58:46,004 - INFO - Regula po iteracji 0: IF  THEN class = {1,274.44} [46.17, 2,502.72], (p=196, n=39, P=196, N=39)
2026-04-14 11:58:46,004 - INFO - *****STOP GROWING RR RULE*****
2026-04-14 11:58:46,004 - INFO - ***RR NOT FOUND***
2026-04-14 11:58:46,047 - INFO - Iteracja 3: condition_best: Batting_average <= 0.35, quality_best: 0.694, coverage_best: (p=84, n=6, P=132, N=103)
2026-04-14 11:58:46,047 - INFO - Regula po iteracji 3: IF Hits <= 81.50 AND Runs <= 46.50 AND Arbitration_eligibility <= 0.50 AND Batting_average <= 0.35 THEN class = {426.51} [-123.08, 976.11], (p=84, n=6, P=132, N=103)
2026-04-14 11:58:46,047 - INFO - *****GROWING RR RULE*****
2026-04-14 11:58:46,232 - INFO - Iteracja 0: condition_best: None, quality_best: -inf, coverage_best: (p=0, n=0, P=0, N=0), p_value: 0
2026-04-14 11:58:46,232 - INFO - Regula po iteracji 0: IF  THEN class = {1,274.44} [46.17, 2,502.72], (p=196, n=39, P=196, N=39)
2026-04-14 11:58:46,232 - INFO - *****STOP GROWING RR RULE*****
2026-04-14 11:58:46,232 - INFO - ***RR NOT FOUND***
2026-04-14 11:58:46,275 - INFO - Iteracja 4: condition_best: Batting_average <= 0.32, quality_best: 0.689, coverage_best: (p=83, n=6, P=132, N=103)
2026-04-14 11:58:46,275 - INFO - Regula po iteracji 4: IF Hits <= 81.50 AND Runs <= 46.50 AND Arbitration_eligibility <= 0.50 AND Batting_average <= 0.35 AND Batting_average <= 0.32 THEN class = {430.03} [-121.63, 981.70], (p=83, n=6, P=132, N=103)
2026-04-14 11:58:46,275 - INFO - *****GROWING RR RULE*****
2026-04-14 11:58:46,461 - INFO - Iteracja 0: condition_best: None, quality_best: -inf, coverage_best: (p=0, n=0, P=0, N=0), p_value: 0
2026-04-14 11:58:46,461 - INFO - Regula po iteracji 0: IF  THEN class = {1,274.44} [46.17, 2,502.72], (p=196, n=39, P=196, N=39)
2026-04-14 11:58:46,461 - INFO - *****STOP GROWING RR RULE*****
2026-04-14 11:58:46,461 - INFO - ***RR NOT FOUND***
2026-04-14 11:58:46,462 - INFO - *******STOP GROWING CR RULE*******
2026-04-14 11:58:46,463 - INFO - *******GROWING CR RULE*******
2026-04-14 11:58:46,566 - INFO - Iteracja 0: condition_best: Walks <= 21.50, quality_best: 0.632, coverage_best: (p=65, n=6, P=122, N=113)
2026-04-14 11:58:46,566 - INFO - Regula po iteracji 0: IF Walks <= 21.50 THEN class = {372.34} [-65.91, 810.59], (p=65, n=6, P=122, N=113)
2026-04-14 11:58:46,566 - INFO - *****GROWING RR RULE*****
2026-04-14 11:58:46,751 - INFO - Iteracja 0: condition_best: None, quality_best: -inf, coverage_best: (p=0, n=0, P=0, N=0), p_value: 0
2026-04-14 11:58:46,751 - INFO - Regula po iteracji 0: IF  THEN class = {1,274.44} [46.17, 2,502.72], (p=196, n=39, P=196, N=39)
2026-04-14 11:58:46,751 - INFO - *****STOP GROWING RR RULE*****
2026-04-14 11:58:46,751 - INFO - ***RR NOT FOUND***
2026-04-14 11:58:46,785 - INFO - Iteracja 1: condition_best: Stolen_bases <= 15.50, quality_best: 0.647, coverage_best: (p=64, n=5, P=122, N=113)
2026-04-14 11:58:46,785 - INFO - Regula po iteracji 1: IF Walks <= 21.50 AND Stolen_bases <= 15.50 THEN class = {368.87} [-70.39, 808.13], (p=64, n=5, P=122, N=113)
2026-04-14 11:58:46,785 - INFO - *****GROWING RR RULE*****
2026-04-14 11:58:46,970 - INFO - Iteracja 0: condition_best: None, quality_best: -inf, coverage_best: (p=0, n=0, P=0, N=0), p_value: 0
2026-04-14 11:58:46,970 - INFO - Regula po iteracji 0: IF  THEN class = {1,274.44} [46.17, 2,502.72], (p=196, n=39, P=196, N=39)
2026-04-14 11:58:46,970 - INFO - *****STOP GROWING RR RULE*****
2026-04-14 11:58:46,970 - INFO - ***RR NOT FOUND***
2026-04-14 11:58:47,003 - INFO - Iteracja 2: condition_best: Batting_average <= 0.35, quality_best: 0.642, coverage_best: (p=63, n=5, P=122, N=113)
2026-04-14 11:58:47,003 - INFO - Regula po iteracji 2: IF Walks <= 21.50 AND Stolen_bases <= 15.50 AND Batting_average <= 0.35 THEN class = {372.40} [-69.11, 813.90], (p=63, n=5, P=122, N=113)
2026-04-14 11:58:47,004 - INFO - *****GROWING RR RULE*****
2026-04-14 11:58:47,188 - INFO - Iteracja 0: condition_best: None, quality_best: -inf, coverage_best: (p=0, n=0, P=0, N=0), p_value: 0
2026-04-14 11:58:47,188 - INFO - Regula po iteracji 0: IF  THEN class = {1,274.44} [46.17, 2,502.72], (p=196, n=39, P=196, N=39)
2026-04-14 11:58:47,188 - INFO - *****STOP GROWING RR RULE*****
2026-04-14 11:58:47,188 - INFO - ***RR NOT FOUND***
2026-04-14 11:58:47,221 - INFO - Iteracja 3: condition_best: Batting_average <= 0.33, quality_best: 0.637, coverage_best: (p=62, n=5, P=122, N=113)
2026-04-14 11:58:47,222 - INFO - Regula po iteracji 3: IF Walks <= 21.50 AND Stolen_bases <= 15.50 AND Batting_average <= 0.35 AND Batting_average <= 0.33 THEN class = {376.27} [-67.37, 819.91], (p=62, n=5, P=122, N=113)
2026-04-14 11:58:47,222 - INFO - *****GROWING RR RULE*****
2026-04-14 11:58:47,406 - INFO - Iteracja 0: condition_best: None, quality_best: -inf, coverage_best: (p=0, n=0, P=0, N=0), p_value: 0
2026-04-14 11:58:47,407 - INFO - Regula po iteracji 0: IF  THEN class = {1,274.44} [46.17, 2,502.72], (p=196, n=39, P=196, N=39)
2026-04-14 11:58:47,407 - INFO - *****STOP GROWING RR RULE*****
2026-04-14 11:58:47,407 - INFO - ***RR NOT FOUND***
2026-04-14 11:58:47,440 - INFO - Iteracja 4: condition_best: Triples <= 4.50, quality_best: 0.632, coverage_best: (p=61, n=5, P=122, N=113)
2026-04-14 11:58:47,440 - INFO - Regula po iteracji 4: IF Walks <= 21.50 AND Stolen_bases <= 15.50 AND Batting_average <= 0.35 AND Batting_average <= 0.33 AND Triples <= 4.50 THEN class = {375.91} [-71.07, 822.89], (p=61, n=5, P=122, N=113)
2026-04-14 11:58:47,441 - INFO - *****GROWING RR RULE*****
2026-04-14 11:58:47,625 - INFO - Iteracja 0: condition_best: None, quality_best: -inf, coverage_best: (p=0, n=0, P=0, N=0), p_value: 0
2026-04-14 11:58:47,625 - INFO - Regula po iteracji 0: IF  THEN class = {1,274.44} [46.17, 2,502.72], (p=196, n=39, P=196, N=39)
2026-04-14 11:58:47,625 - INFO - *****STOP GROWING RR RULE*****
2026-04-14 11:58:47,626 - INFO - ***RR NOT FOUND***
2026-04-14 11:58:47,626 - INFO - *******STOP GROWING CR RULE*******
2026-04-14 11:58:47,627 - INFO - *******GROWING CR RULE*******
2026-04-14 11:58:47,730 - INFO - Iteracja 0: condition_best: Runs_batted_in <= 39.50, quality_best: 0.623, coverage_best: (p=102, n=13, P=140, N=95)
2026-04-14 11:58:47,730 - INFO - Regula po iteracji 0: IF Runs_batted_in <= 39.50 THEN class = {545.26} [-92.72, 1,183.24], (p=102, n=13, P=140, N=95)
2026-04-14 11:58:47,730 - INFO - *****GROWING RR RULE*****
2026-04-14 11:58:47,915 - INFO - Iteracja 0: condition_best: None, quality_best: -inf, coverage_best: (p=0, n=0, P=0, N=0), p_value: 0
2026-04-14 11:58:47,915 - INFO - Regula po iteracji 0: IF  THEN class = {1,274.44} [46.17, 2,502.72], (p=196, n=39, P=196, N=39)
2026-04-14 11:58:47,915 - INFO - *****STOP GROWING RR RULE*****
2026-04-14 11:58:47,915 - INFO - ***RR NOT FOUND***
2026-04-14 11:58:47,966 - INFO - Iteracja 1: condition_best: Walks <= 49.00, quality_best: 0.676, coverage_best: (p=99, n=10, P=136, N=99)
2026-04-14 11:58:47,967 - INFO - Regula po iteracji 1: IF Runs_batted_in <= 39.50 AND Walks <= 49.00 THEN class = {488.83} [-58.09, 1,035.76], (p=99, n=10, P=136, N=99)
2026-04-14 11:58:47,967 - INFO - *****GROWING RR RULE*****
2026-04-14 11:58:48,153 - INFO - Iteracja 0: condition_best: None, quality_best: -inf, coverage_best: (p=0, n=0, P=0, N=0), p_value: 0
2026-04-14 11:58:48,153 - INFO - Regula po iteracji 0: IF  THEN class = {1,274.44} [46.17, 2,502.72], (p=196, n=39, P=196, N=39)
2026-04-14 11:58:48,153 - INFO - *****STOP GROWING RR RULE*****
2026-04-14 11:58:48,153 - INFO - ***RR NOT FOUND***
2026-04-14 11:58:48,201 - INFO - Iteracja 2: condition_best: On-base_percentage <= 0.39, quality_best: 0.688, coverage_best: (p=97, n=9, P=135, N=100)
2026-04-14 11:58:48,201 - INFO - Regula po iteracji 2: IF Runs_batted_in <= 39.50 AND Walks <= 49.00 AND On-base_percentage <= 0.39 THEN class = {478.37} [-44.62, 1,001.36], (p=97, n=9, P=135, N=100)
2026-04-14 11:58:48,201 - INFO - *****GROWING RR RULE*****
2026-04-14 11:58:48,387 - INFO - Iteracja 0: condition_best: None, quality_best: -inf, coverage_best: (p=0, n=0, P=0, N=0), p_value: 0
2026-04-14 11:58:48,387 - INFO - Regula po iteracji 0: IF  THEN class = {1,274.44} [46.17, 2,502.72], (p=196, n=39, P=196, N=39)
2026-04-14 11:58:48,388 - INFO - *****STOP GROWING RR RULE*****
2026-04-14 11:58:48,388 - INFO - ***RR NOT FOUND***
2026-04-14 11:58:48,434 - INFO - Iteracja 3: condition_best: Batting_average <= 0.31, quality_best: 0.696, coverage_best: (p=95, n=8, P=135, N=100)
2026-04-14 11:58:48,434 - INFO - Regula po iteracji 3: IF Runs_batted_in <= 39.50 AND Walks <= 49.00 AND On-base_percentage <= 0.39 AND Batting_average <= 0.31 THEN class = {477.89} [-44.51, 1,000.29], (p=95, n=8, P=135, N=100)
2026-04-14 11:58:48,435 - INFO - *****GROWING RR RULE*****
2026-04-14 11:58:48,621 - INFO - Iteracja 0: condition_best: None, quality_best: -inf, coverage_best: (p=0, n=0, P=0, N=0), p_value: 0
2026-04-14 11:58:48,621 - INFO - Regula po iteracji 0: IF  THEN class = {1,274.44} [46.17, 2,502.72], (p=196, n=39, P=196, N=39)
2026-04-14 11:58:48,621 - INFO - *****STOP GROWING RR RULE*****
2026-04-14 11:58:48,621 - INFO - ***RR NOT FOUND***
2026-04-14 11:58:48,670 - INFO - Iteracja 4: condition_best: Batting_average >= 0.12, quality_best: 0.692, coverage_best: (p=94, n=8, P=135, N=100)
2026-04-14 11:58:48,670 - INFO - Regula po iteracji 4: IF Runs_batted_in <= 39.50 AND Walks <= 49.00 AND On-base_percentage <= 0.39 AND Batting_average <= 0.31 AND Batting_average >= 0.12 THEN class = {481.51} [-42.16, 1,005.18], (p=94, n=8, P=135, N=100)
2026-04-14 11:58:48,670 - INFO - *****GROWING RR RULE*****
2026-04-14 11:58:48,857 - INFO - Iteracja 0: condition_best: None, quality_best: -inf, coverage_best: (p=0, n=0, P=0, N=0), p_value: 0
2026-04-14 11:58:48,857 - INFO - Regula po iteracji 0: IF  THEN class = {1,274.44} [46.17, 2,502.72], (p=196, n=39, P=196, N=39)
2026-04-14 11:58:48,857 - INFO - *****STOP GROWING RR RULE*****
2026-04-14 11:58:48,857 - INFO - ***RR NOT FOUND***
2026-04-14 11:58:48,857 - INFO - *******STOP GROWING CR RULE*******
2026-04-14 11:58:48,858 - INFO - *******GROWING CR RULE*******
2026-04-14 11:58:48,961 - INFO - Iteracja 0: condition_best: Hits <= 92.50, quality_best: 0.607, coverage_best: (p=105, n=14, P=143, N=92)
2026-04-14 11:58:48,961 - INFO - Regula po iteracji 0: IF Hits <= 92.50 THEN class = {571.27} [-95.47, 1,238.01], (p=105, n=14, P=143, N=92)
2026-04-14 11:58:48,961 - INFO - *****GROWING RR RULE*****
2026-04-14 11:58:49,147 - INFO - Iteracja 0: condition_best: None, quality_best: -inf, coverage_best: (p=0, n=0, P=0, N=0), p_value: 0
2026-04-14 11:58:49,147 - INFO - Regula po iteracji 0: IF  THEN class = {1,274.44} [46.17, 2,502.72], (p=196, n=39, P=196, N=39)
2026-04-14 11:58:49,147 - INFO - *****STOP GROWING RR RULE*****
2026-04-14 11:58:49,147 - INFO - ***RR NOT FOUND***
2026-04-14 11:58:49,198 - INFO - Iteracja 1: condition_best: Walks <= 60.50, quality_best: 0.653, coverage_best: (p=105, n=12, P=140, N=95)
2026-04-14 11:58:49,199 - INFO - Regula po iteracji 1: IF Hits <= 92.50 AND Walks <= 60.50 THEN class = {546.27} [-97.90, 1,190.45], (p=105, n=12, P=140, N=95)
2026-04-14 11:58:49,199 - INFO - *****GROWING RR RULE*****
2026-04-14 11:58:49,384 - INFO - Iteracja 0: condition_best: None, quality_best: -inf, coverage_best: (p=0, n=0, P=0, N=0), p_value: 0
2026-04-14 11:58:49,384 - INFO - Regula po iteracji 0: IF  THEN class = {1,274.44} [46.17, 2,502.72], (p=196, n=39, P=196, N=39)
2026-04-14 11:58:49,385 - INFO - *****STOP GROWING RR RULE*****
2026-04-14 11:58:49,385 - INFO - ***RR NOT FOUND***
2026-04-14 11:58:49,435 - INFO - Iteracja 2: condition_best: On-base_percentage <= 0.38, quality_best: 0.656, coverage_best: (p=102, n=11, P=140, N=95)
2026-04-14 11:58:49,435 - INFO - Regula po iteracji 2: IF Hits <= 92.50 AND Walks <= 60.50 AND On-base_percentage <= 0.38 THEN class = {538.39} [-93.08, 1,169.86], (p=102, n=11, P=140, N=95)
2026-04-14 11:58:49,435 - INFO - *****GROWING RR RULE*****
2026-04-14 11:58:49,620 - INFO - Iteracja 0: condition_best: None, quality_best: -inf, coverage_best: (p=0, n=0, P=0, N=0), p_value: 0
2026-04-14 11:58:49,620 - INFO - Regula po iteracji 0: IF  THEN class = {1,274.44} [46.17, 2,502.72], (p=196, n=39, P=196, N=39)
2026-04-14 11:58:49,620 - INFO - *****STOP GROWING RR RULE*****
2026-04-14 11:58:49,620 - INFO - ***RR NOT FOUND***
2026-04-14 11:58:49,669 - INFO - Iteracja 3: condition_best: HomeRuns <= 16.50, quality_best: 0.659, coverage_best: (p=100, n=11, P=137, N=98)
2026-04-14 11:58:49,670 - INFO - Regula po iteracji 3: IF Hits <= 92.50 AND Walks <= 60.50 AND On-base_percentage <= 0.38 AND HomeRuns <= 16.50 THEN class = {522.38} [-95.35, 1,140.10], (p=100, n=11, P=137, N=98)
2026-04-14 11:58:49,670 - INFO - *****GROWING RR RULE*****
2026-04-14 11:58:49,856 - INFO - Iteracja 0: condition_best: None, quality_best: -inf, coverage_best: (p=0, n=0, P=0, N=0), p_value: 0
2026-04-14 11:58:49,856 - INFO - Regula po iteracji 0: IF  THEN class = {1,274.44} [46.17, 2,502.72], (p=196, n=39, P=196, N=39)
2026-04-14 11:58:49,856 - INFO - *****STOP GROWING RR RULE*****
2026-04-14 11:58:49,856 - INFO - ***RR NOT FOUND***
2026-04-14 11:58:49,905 - INFO - Iteracja 4: condition_best: Strike-Outs <= 84.00, quality_best: 0.679, coverage_best: (p=95, n=9, P=135, N=100)
2026-04-14 11:58:49,905 - INFO - Regula po iteracji 4: IF Hits <= 92.50 AND Walks <= 60.50 AND On-base_percentage <= 0.38 AND HomeRuns <= 16.50 AND Strike-Outs <= 84.00 THEN class = {486.21} [-39.52, 1,011.94], (p=95, n=9, P=135, N=100)
2026-04-14 11:58:49,906 - INFO - *****GROWING RR RULE*****
2026-04-14 11:58:50,091 - INFO - Iteracja 0: condition_best: None, quality_best: -inf, coverage_best: (p=0, n=0, P=0, N=0), p_value: 0
2026-04-14 11:58:50,091 - INFO - Regula po iteracji 0: IF  THEN class = {1,274.44} [46.17, 2,502.72], (p=196, n=39, P=196, N=39)
2026-04-14 11:58:50,091 - INFO - *****STOP GROWING RR RULE*****
2026-04-14 11:58:50,091 - INFO - ***RR NOT FOUND***
2026-04-14 11:58:50,091 - INFO - *******STOP GROWING CR RULE*******
2026-04-14 11:58:50,092 - INFO - *******GROWING CR RULE*******
2026-04-14 11:58:50,195 - INFO - Iteracja 0: condition_best: HomeRuns <= 2.50, quality_best: 0.596, coverage_best: (p=68, n=7, P=132, N=103)
2026-04-14 11:58:50,196 - INFO - Regula po iteracji 0: IF HomeRuns <= 2.50 THEN class = {445.47} [-75.87, 966.80], (p=68, n=7, P=132, N=103)
2026-04-14 11:58:50,196 - INFO - *****GROWING RR RULE*****
2026-04-14 11:58:50,381 - INFO - Iteracja 0: condition_best: None, quality_best: -inf, coverage_best: (p=0, n=0, P=0, N=0), p_value: 0
2026-04-14 11:58:50,381 - INFO - Regula po iteracji 0: IF  THEN class = {1,274.44} [46.17, 2,502.72], (p=196, n=39, P=196, N=39)
2026-04-14 11:58:50,381 - INFO - *****STOP GROWING RR RULE*****
2026-04-14 11:58:50,381 - INFO - ***RR NOT FOUND***
2026-04-14 11:58:50,522 - INFO - Iteracja 1: condition_best: Doubles <= 17.50, quality_best: 0.661, coverage_best: (p=65, n=4, P=127, N=108)
2026-04-14 11:58:50,523 - INFO - Regula po iteracji 1: IF HomeRuns <= 2.50 AND Doubles <= 17.50 THEN class = {395.65} [-93.04, 884.35], (p=65, n=4, P=127, N=108)
2026-04-14 11:58:50,523 - INFO - *****GROWING RR RULE*****
2026-04-14 11:58:50,708 - INFO - Iteracja 0: condition_best: None, quality_best: -inf, coverage_best: (p=0, n=0, P=0, N=0), p_value: 0
2026-04-14 11:58:50,709 - INFO - Regula po iteracji 0: IF  THEN class = {1,274.44} [46.17, 2,502.72], (p=196, n=39, P=196, N=39)
2026-04-14 11:58:50,709 - INFO - *****STOP GROWING RR RULE*****
2026-04-14 11:58:50,709 - INFO - ***RR NOT FOUND***
2026-04-14 11:58:50,746 - INFO - Iteracja 2: condition_best: Batting_average >= 0.14, quality_best: 0.672, coverage_best: (p=63, n=3, P=128, N=107)
2026-04-14 11:58:50,746 - INFO - Regula po iteracji 2: IF HomeRuns <= 2.50 AND Doubles <= 17.50 AND Batting_average >= 0.14 THEN class = {408.06} [-88.04, 904.17], (p=63, n=3, P=128, N=107)
2026-04-14 11:58:50,747 - INFO - *****GROWING RR RULE*****
2026-04-14 11:58:50,931 - INFO - Iteracja 0: condition_best: None, quality_best: -inf, coverage_best: (p=0, n=0, P=0, N=0), p_value: 0
2026-04-14 11:58:50,932 - INFO - Regula po iteracji 0: IF  THEN class = {1,274.44} [46.17, 2,502.72], (p=196, n=39, P=196, N=39)
2026-04-14 11:58:50,932 - INFO - *****STOP GROWING RR RULE*****
2026-04-14 11:58:50,932 - INFO - ***RR NOT FOUND***
2026-04-14 11:58:50,965 - INFO - Iteracja 3: condition_best: Batting_average <= 0.35, quality_best: 0.667, coverage_best: (p=62, n=3, P=128, N=107)
2026-04-14 11:58:50,966 - INFO - Regula po iteracji 3: IF HomeRuns <= 2.50 AND Doubles <= 17.50 AND Batting_average >= 0.14 AND Batting_average <= 0.35 THEN class = {412.35} [-86.33, 911.04], (p=62, n=3, P=128, N=107)
2026-04-14 11:58:50,966 - INFO - *****GROWING RR RULE*****
2026-04-14 11:58:51,149 - INFO - Iteracja 0: condition_best: None, quality_best: -inf, coverage_best: (p=0, n=0, P=0, N=0), p_value: 0
2026-04-14 11:58:51,149 - INFO - Regula po iteracji 0: IF  THEN class = {1,274.44} [46.17, 2,502.72], (p=196, n=39, P=196, N=39)
2026-04-14 11:58:51,149 - INFO - *****STOP GROWING RR RULE*****
2026-04-14 11:58:51,150 - INFO - ***RR NOT FOUND***
2026-04-14 11:58:51,183 - INFO - Iteracja 4: condition_best: Batting_average <= 0.33, quality_best: 0.662, coverage_best: (p=61, n=3, P=128, N=107)
2026-04-14 11:58:51,183 - INFO - Regula po iteracji 4: IF HomeRuns <= 2.50 AND Doubles <= 17.50 AND Batting_average >= 0.14 AND Batting_average <= 0.35 AND Batting_average <= 0.33 THEN class = {417.03} [-84.12, 918.18], (p=61, n=3, P=128, N=107)
2026-04-14 11:58:51,184 - INFO - *****GROWING RR RULE*****
2026-04-14 11:58:51,367 - INFO - Iteracja 0: condition_best: None, quality_best: -inf, coverage_best: (p=0, n=0, P=0, N=0), p_value: 0
2026-04-14 11:58:51,367 - INFO - Regula po iteracji 0: IF  THEN class = {1,274.44} [46.17, 2,502.72], (p=196, n=39, P=196, N=39)
2026-04-14 11:58:51,367 - INFO - *****STOP GROWING RR RULE*****
2026-04-14 11:58:51,367 - INFO - ***RR NOT FOUND***
2026-04-14 11:58:51,367 - INFO - *******STOP GROWING CR RULE*******
2026-04-14 11:58:51,368 - INFO - *******GROWING CR RULE*******
2026-04-14 11:58:51,470 - INFO - Iteracja 0: condition_best: Walks <= 30.50, quality_best: 0.577, coverage_best: (p=98, n=13, P=146, N=89)
2026-04-14 11:58:51,470 - INFO - Regula po iteracji 0: IF Walks <= 30.50 THEN class = {628.73} [-92.37, 1,349.83], (p=98, n=13, P=146, N=89)
2026-04-14 11:58:51,471 - INFO - *****GROWING RR RULE*****
2026-04-14 11:58:51,655 - INFO - Iteracja 0: condition_best: None, quality_best: -inf, coverage_best: (p=0, n=0, P=0, N=0), p_value: 0
2026-04-14 11:58:51,655 - INFO - Regula po iteracji 0: IF  THEN class = {1,274.44} [46.17, 2,502.72], (p=196, n=39, P=196, N=39)
2026-04-14 11:58:51,656 - INFO - *****STOP GROWING RR RULE*****
2026-04-14 11:58:51,656 - INFO - ***RR NOT FOUND***
2026-04-14 11:58:51,706 - INFO - Iteracja 1: condition_best: Doubles <= 21.50, quality_best: 0.63, coverage_best: (p=90, n=10, P=137, N=98)
2026-04-14 11:58:51,707 - INFO - Regula po iteracji 1: IF Walks <= 30.50 AND Doubles <= 21.50 THEN class = {510.31} [-85.77, 1,106.39], (p=90, n=10, P=137, N=98)
2026-04-14 11:58:51,707 - INFO - *****GROWING RR RULE*****
2026-04-14 11:58:51,893 - INFO - Iteracja 0: condition_best: None, quality_best: -inf, coverage_best: (p=0, n=0, P=0, N=0), p_value: 0
2026-04-14 11:58:51,893 - INFO - Regula po iteracji 0: IF  THEN class = {1,274.44} [46.17, 2,502.72], (p=196, n=39, P=196, N=39)
2026-04-14 11:58:51,893 - INFO - *****STOP GROWING RR RULE*****
2026-04-14 11:58:51,893 - INFO - ***RR NOT FOUND***
2026-04-14 11:58:51,939 - INFO - Iteracja 2: condition_best: Strike-Outs <= 85.50, quality_best: 0.642, coverage_best: (p=88, n=9, P=136, N=99)
2026-04-14 11:58:51,940 - INFO - Regula po iteracji 2: IF Walks <= 30.50 AND Doubles <= 21.50 AND Strike-Outs <= 85.50 THEN class = {489.32} [-82.40, 1,061.04], (p=88, n=9, P=136, N=99)
2026-04-14 11:58:51,940 - INFO - *****GROWING RR RULE*****
2026-04-14 11:58:52,125 - INFO - Iteracja 0: condition_best: None, quality_best: -inf, coverage_best: (p=0, n=0, P=0, N=0), p_value: 0
2026-04-14 11:58:52,125 - INFO - Regula po iteracji 0: IF  THEN class = {1,274.44} [46.17, 2,502.72], (p=196, n=39, P=196, N=39)
2026-04-14 11:58:52,125 - INFO - *****STOP GROWING RR RULE*****
2026-04-14 11:58:52,125 - INFO - ***RR NOT FOUND***
2026-04-14 11:58:52,169 - INFO - Iteracja 3: condition_best: Batting_average <= 0.31, quality_best: 0.651, coverage_best: (p=86, n=8, P=136, N=99)
2026-04-14 11:58:52,169 - INFO - Regula po iteracji 3: IF Walks <= 30.50 AND Doubles <= 21.50 AND Strike-Outs <= 85.50 AND Batting_average <= 0.31 THEN class = {488.94} [-83.82, 1,061.69], (p=86, n=8, P=136, N=99)
2026-04-14 11:58:52,169 - INFO - *****GROWING RR RULE*****
2026-04-14 11:58:52,355 - INFO - Iteracja 0: condition_best: None, quality_best: -inf, coverage_best: (p=0, n=0, P=0, N=0), p_value: 0
2026-04-14 11:58:52,355 - INFO - Regula po iteracji 0: IF  THEN class = {1,274.44} [46.17, 2,502.72], (p=196, n=39, P=196, N=39)
2026-04-14 11:58:52,355 - INFO - *****STOP GROWING RR RULE*****
2026-04-14 11:58:52,355 - INFO - ***RR NOT FOUND***
2026-04-14 11:58:52,398 - INFO - Iteracja 4: condition_best: Batting_average <= 0.31, quality_best: 0.647, coverage_best: (p=85, n=8, P=136, N=99)
2026-04-14 11:58:52,398 - INFO - Regula po iteracji 4: IF Walks <= 30.50 AND Doubles <= 21.50 AND Strike-Outs <= 85.50 AND Batting_average <= 0.31 AND Batting_average <= 0.31 THEN class = {493.02} [-81.44, 1,067.49], (p=85, n=8, P=136, N=99)
2026-04-14 11:58:52,398 - INFO - *****GROWING RR RULE*****
2026-04-14 11:58:52,584 - INFO - Iteracja 0: condition_best: None, quality_best: -inf, coverage_best: (p=0, n=0, P=0, N=0), p_value: 0
2026-04-14 11:58:52,584 - INFO - Regula po iteracji 0: IF  THEN class = {1,274.44} [46.17, 2,502.72], (p=196, n=39, P=196, N=39)
2026-04-14 11:58:52,584 - INFO - *****STOP GROWING RR RULE*****
2026-04-14 11:58:52,584 - INFO - ***RR NOT FOUND***
2026-04-14 11:58:52,584 - INFO - *******STOP GROWING CR RULE*******
2026-04-14 11:58:52,586 - INFO - *******GROWING CR RULE*******
2026-04-14 11:58:52,687 - INFO - Iteracja 0: condition_best: Walks <= 30.50, quality_best: 0.577, coverage_best: (p=98, n=13, P=146, N=89)
2026-04-14 11:58:52,688 - INFO - Regula po iteracji 0: IF Walks <= 30.50 THEN class = {628.73} [-92.37, 1,349.83], (p=98, n=13, P=146, N=89)
2026-04-14 11:58:52,688 - INFO - *****GROWING RR RULE*****
2026-04-14 11:58:52,873 - INFO - Iteracja 0: condition_best: None, quality_best: -inf, coverage_best: (p=0, n=0, P=0, N=0), p_value: 0
2026-04-14 11:58:52,873 - INFO - Regula po iteracji 0: IF  THEN class = {1,274.44} [46.17, 2,502.72], (p=196, n=39, P=196, N=39)
2026-04-14 11:58:52,873 - INFO - *****STOP GROWING RR RULE*****
2026-04-14 11:58:52,873 - INFO - ***RR NOT FOUND***
2026-04-14 11:58:52,924 - INFO - Iteracja 1: condition_best: Doubles <= 29.50, quality_best: 0.59, coverage_best: (p=97, n=12, P=146, N=89)
2026-04-14 11:58:52,924 - INFO - Regula po iteracji 1: IF Walks <= 30.50 AND Doubles <= 29.50 THEN class = {619.85} [-93.61, 1,333.31], (p=97, n=12, P=146, N=89)
2026-04-14 11:58:52,924 - INFO - *****GROWING RR RULE*****
2026-04-14 11:58:53,110 - INFO - Iteracja 0: condition_best: None, quality_best: -inf, coverage_best: (p=0, n=0, P=0, N=0), p_value: 0
2026-04-14 11:58:53,110 - INFO - Regula po iteracji 0: IF  THEN class = {1,274.44} [46.17, 2,502.72], (p=196, n=39, P=196, N=39)
2026-04-14 11:58:53,110 - INFO - *****STOP GROWING RR RULE*****
2026-04-14 11:58:53,110 - INFO - ***RR NOT FOUND***
2026-04-14 11:58:53,160 - INFO - Iteracja 2: condition_best: Batting_average <= 0.30, quality_best: 0.599, coverage_best: (p=91, n=10, P=146, N=89)
2026-04-14 11:58:53,160 - INFO - Regula po iteracji 2: IF Walks <= 30.50 AND Doubles <= 29.50 AND Batting_average <= 0.30 THEN class = {601.45} [-98.08, 1,300.98], (p=91, n=10, P=146, N=89)
2026-04-14 11:58:53,160 - INFO - *****GROWING RR RULE*****
2026-04-14 11:58:53,345 - INFO - Iteracja 0: condition_best: None, quality_best: -inf, coverage_best: (p=0, n=0, P=0, N=0), p_value: 0
2026-04-14 11:58:53,346 - INFO - Regula po iteracji 0: IF  THEN class = {1,274.44} [46.17, 2,502.72], (p=196, n=39, P=196, N=39)
2026-04-14 11:58:53,346 - INFO - *****STOP GROWING RR RULE*****
2026-04-14 11:58:53,346 - INFO - ***RR NOT FOUND***
2026-04-14 11:58:53,394 - INFO - Iteracja 3: condition_best: HomeRuns <= 18.00, quality_best: 0.609, coverage_best: (p=88, n=10, P=140, N=95)
2026-04-14 11:58:53,394 - INFO - Regula po iteracji 3: IF Walks <= 30.50 AND Doubles <= 29.50 AND Batting_average <= 0.30 AND HomeRuns <= 18.00 THEN class = {547.41} [-73.34, 1,168.16], (p=88, n=10, P=140, N=95)
2026-04-14 11:58:53,394 - INFO - *****GROWING RR RULE*****
2026-04-14 11:58:53,579 - INFO - Iteracja 0: condition_best: None, quality_best: -inf, coverage_best: (p=0, n=0, P=0, N=0), p_value: 0
2026-04-14 11:58:53,580 - INFO - Regula po iteracji 0: IF  THEN class = {1,274.44} [46.17, 2,502.72], (p=196, n=39, P=196, N=39)
2026-04-14 11:58:53,580 - INFO - *****STOP GROWING RR RULE*****
2026-04-14 11:58:53,580 - INFO - ***RR NOT FOUND***
2026-04-14 11:58:53,626 - INFO - Iteracja 4: condition_best: Batting_average >= 0.12, quality_best: 0.604, coverage_best: (p=87, n=10, P=140, N=95)
2026-04-14 11:58:53,626 - INFO - Regula po iteracji 4: IF Walks <= 30.50 AND Doubles <= 29.50 AND Batting_average <= 0.30 AND HomeRuns <= 18.00 AND Batting_average >= 0.12 THEN class = {551.93} [-70.41, 1,174.27], (p=87, n=10, P=140, N=95)
2026-04-14 11:58:53,627 - INFO - *****GROWING RR RULE*****
2026-04-14 11:58:53,812 - INFO - Iteracja 0: condition_best: None, quality_best: -inf, coverage_best: (p=0, n=0, P=0, N=0), p_value: 0
2026-04-14 11:58:53,812 - INFO - Regula po iteracji 0: IF  THEN class = {1,274.44} [46.17, 2,502.72], (p=196, n=39, P=196, N=39)
2026-04-14 11:58:53,812 - INFO - *****STOP GROWING RR RULE*****
2026-04-14 11:58:53,812 - INFO - ***RR NOT FOUND***
2026-04-14 11:58:53,812 - INFO - *******STOP GROWING CR RULE*******
2026-04-14 11:58:53,813 - INFO - *******GROWING CR RULE*******
2026-04-14 11:58:53,914 - INFO - Iteracja 0: condition_best: Strike-Outs <= 48.50, quality_best: 0.555, coverage_best: (p=97, n=14, P=146, N=89)
2026-04-14 11:58:53,914 - INFO - Regula po iteracji 0: IF Strike-Outs <= 48.50 THEN class = {642.05} [-79.34, 1,363.43], (p=97, n=14, P=146, N=89)
2026-04-14 11:58:53,914 - INFO - *****GROWING RR RULE*****
2026-04-14 11:58:54,100 - INFO - Iteracja 0: condition_best: None, quality_best: -inf, coverage_best: (p=0, n=0, P=0, N=0), p_value: 0
2026-04-14 11:58:54,100 - INFO - Regula po iteracji 0: IF  THEN class = {1,274.44} [46.17, 2,502.72], (p=196, n=39, P=196, N=39)
2026-04-14 11:58:54,100 - INFO - *****STOP GROWING RR RULE*****
2026-04-14 11:58:54,100 - INFO - ***RR NOT FOUND***
2026-04-14 11:58:54,151 - INFO - Iteracja 1: condition_best: Batting_average <= 0.29, quality_best: 0.604, coverage_best: (p=87, n=10, P=140, N=95)
2026-04-14 11:58:54,151 - INFO - Regula po iteracji 1: IF Strike-Outs <= 48.50 AND Batting_average <= 0.29 THEN class = {550.00} [-68.59, 1,168.59], (p=87, n=10, P=140, N=95)
2026-04-14 11:58:54,152 - INFO - *****GROWING RR RULE*****
2026-04-14 11:58:54,337 - INFO - Iteracja 0: condition_best: None, quality_best: -inf, coverage_best: (p=0, n=0, P=0, N=0), p_value: 0
2026-04-14 11:58:54,337 - INFO - Regula po iteracji 0: IF  THEN class = {1,274.44} [46.17, 2,502.72], (p=196, n=39, P=196, N=39)
2026-04-14 11:58:54,337 - INFO - *****STOP GROWING RR RULE*****
2026-04-14 11:58:54,337 - INFO - ***RR NOT FOUND***
2026-04-14 11:58:54,383 - INFO - Iteracja 2: condition_best: Batting_average <= 0.28, quality_best: 0.603, coverage_best: (p=76, n=8, P=136, N=99)
2026-04-14 11:58:54,383 - INFO - Regula po iteracji 2: IF Strike-Outs <= 48.50 AND Batting_average <= 0.29 AND Batting_average <= 0.28 THEN class = {497.87} [-72.47, 1,068.21], (p=76, n=8, P=136, N=99)
2026-04-14 11:58:54,383 - INFO - *****GROWING RR RULE*****
2026-04-14 11:58:54,567 - INFO - Iteracja 0: condition_best: None, quality_best: -inf, coverage_best: (p=0, n=0, P=0, N=0), p_value: 0
2026-04-14 11:58:54,568 - INFO - Regula po iteracji 0: IF  THEN class = {1,274.44} [46.17, 2,502.72], (p=196, n=39, P=196, N=39)
2026-04-14 11:58:54,568 - INFO - *****STOP GROWING RR RULE*****
2026-04-14 11:58:54,568 - INFO - ***RR NOT FOUND***
2026-04-14 11:58:54,608 - INFO - Iteracja 3: condition_best: Batting_average >= 0.12, quality_best: 0.598, coverage_best: (p=75, n=8, P=136, N=99)
2026-04-14 11:58:54,608 - INFO - Regula po iteracji 3: IF Strike-Outs <= 48.50 AND Batting_average <= 0.29 AND Batting_average <= 0.28 AND Batting_average >= 0.12 THEN class = {502.55} [-69.60, 1,074.71], (p=75, n=8, P=136, N=99)
2026-04-14 11:58:54,608 - INFO - *****GROWING RR RULE*****
2026-04-14 11:58:54,793 - INFO - Iteracja 0: condition_best: None, quality_best: -inf, coverage_best: (p=0, n=0, P=0, N=0), p_value: 0
2026-04-14 11:58:54,793 - INFO - Regula po iteracji 0: IF  THEN class = {1,274.44} [46.17, 2,502.72], (p=196, n=39, P=196, N=39)
2026-04-14 11:58:54,793 - INFO - *****STOP GROWING RR RULE*****
2026-04-14 11:58:54,793 - INFO - ***RR NOT FOUND***
2026-04-14 11:58:54,834 - INFO - Iteracja 4: condition_best: Arbitration <= 0.50, quality_best: 0.593, coverage_best: (p=74, n=8, P=136, N=99)
2026-04-14 11:58:54,834 - INFO - Regula po iteracji 4: IF Strike-Outs <= 48.50 AND Batting_average <= 0.29 AND Batting_average <= 0.28 AND Batting_average >= 0.12 AND Arbitration <= 0.50 THEN class = {496.49} [-76.48, 1,069.46], (p=74, n=8, P=136, N=99)
2026-04-14 11:58:54,834 - INFO - *****GROWING RR RULE*****
2026-04-14 11:58:55,022 - INFO - Iteracja 0: condition_best: None, quality_best: -inf, coverage_best: (p=0, n=0, P=0, N=0), p_value: 0
2026-04-14 11:58:55,022 - INFO - Regula po iteracji 0: IF  THEN class = {1,274.44} [46.17, 2,502.72], (p=196, n=39, P=196, N=39)
2026-04-14 11:58:55,022 - INFO - *****STOP GROWING RR RULE*****
2026-04-14 11:58:55,022 - INFO - ***RR NOT FOUND***
2026-04-14 11:58:55,022 - INFO - *******STOP GROWING CR RULE*******
2026-04-14 11:58:55,023 - INFO - *******GROWING CR RULE*******
2026-04-14 11:58:55,225 - INFO - Iteracja 0: condition_best: Strike-Outs <= 48.50, quality_best: 0.555, coverage_best: (p=97, n=14, P=146, N=89)
2026-04-14 11:58:55,225 - INFO - Regula po iteracji 0: IF Strike-Outs <= 48.50 THEN class = {642.05} [-79.34, 1,363.43], (p=97, n=14, P=146, N=89)
2026-04-14 11:58:55,225 - INFO - *****GROWING RR RULE*****
2026-04-14 11:58:55,411 - INFO - Iteracja 0: condition_best: None, quality_best: -inf, coverage_best: (p=0, n=0, P=0, N=0), p_value: 0
2026-04-14 11:58:55,411 - INFO - Regula po iteracji 0: IF  THEN class = {1,274.44} [46.17, 2,502.72], (p=196, n=39, P=196, N=39)
2026-04-14 11:58:55,411 - INFO - *****STOP GROWING RR RULE*****
2026-04-14 11:58:55,411 - INFO - ***RR NOT FOUND***
2026-04-14 11:58:55,461 - INFO - Iteracja 1: condition_best: On-base_percentage <= 0.39, quality_best: 0.576, coverage_best: (p=94, n=12, P=146, N=89)
2026-04-14 11:58:55,462 - INFO - Regula po iteracji 1: IF Strike-Outs <= 48.50 AND On-base_percentage <= 0.39 THEN class = {619.25} [-80.53, 1,319.04], (p=94, n=12, P=146, N=89)
2026-04-14 11:58:55,462 - INFO - *****GROWING RR RULE*****
2026-04-14 11:58:55,646 - INFO - Iteracja 0: condition_best: None, quality_best: -inf, coverage_best: (p=0, n=0, P=0, N=0), p_value: 0
2026-04-14 11:58:55,646 - INFO - Regula po iteracji 0: IF  THEN class = {1,274.44} [46.17, 2,502.72], (p=196, n=39, P=196, N=39)
2026-04-14 11:58:55,646 - INFO - *****STOP GROWING RR RULE*****
2026-04-14 11:58:55,646 - INFO - ***RR NOT FOUND***
2026-04-14 11:58:55,695 - INFO - Iteracja 2: condition_best: Batting_average <= 0.33, quality_best: 0.572, coverage_best: (p=93, n=12, P=146, N=89)
2026-04-14 11:58:55,695 - INFO - Regula po iteracji 2: IF Strike-Outs <= 48.50 AND On-base_percentage <= 0.39 AND Batting_average <= 0.33 THEN class = {624.08} [-77.28, 1,325.43], (p=93, n=12, P=146, N=89)
2026-04-14 11:58:55,695 - INFO - *****GROWING RR RULE*****
2026-04-14 11:58:55,880 - INFO - Iteracja 0: condition_best: None, quality_best: -inf, coverage_best: (p=0, n=0, P=0, N=0), p_value: 0
2026-04-14 11:58:55,880 - INFO - Regula po iteracji 0: IF  THEN class = {1,274.44} [46.17, 2,502.72], (p=196, n=39, P=196, N=39)
2026-04-14 11:58:55,880 - INFO - *****STOP GROWING RR RULE*****
2026-04-14 11:58:55,880 - INFO - ***RR NOT FOUND***
2026-04-14 11:58:55,928 - INFO - Iteracja 3: condition_best: Batting_average >= 0.12, quality_best: 0.567, coverage_best: (p=92, n=12, P=146, N=89)
2026-04-14 11:58:55,928 - INFO - Regula po iteracji 3: IF Strike-Outs <= 48.50 AND On-base_percentage <= 0.39 AND Batting_average <= 0.33 AND Batting_average >= 0.12 THEN class = {629.03} [-73.86, 1,331.92], (p=92, n=12, P=146, N=89)
2026-04-14 11:58:55,929 - INFO - *****GROWING RR RULE*****
2026-04-14 11:58:56,115 - INFO - Iteracja 0: condition_best: None, quality_best: -inf, coverage_best: (p=0, n=0, P=0, N=0), p_value: 0
2026-04-14 11:58:56,115 - INFO - Regula po iteracji 0: IF  THEN class = {1,274.44} [46.17, 2,502.72], (p=196, n=39, P=196, N=39)
2026-04-14 11:58:56,115 - INFO - *****STOP GROWING RR RULE*****
2026-04-14 11:58:56,115 - INFO - ***RR NOT FOUND***
2026-04-14 11:58:56,164 - INFO - Iteracja 4: condition_best: Batting_average >= 0.12, quality_best: 0.562, coverage_best: (p=91, n=12, P=146, N=89)
2026-04-14 11:58:56,164 - INFO - Regula po iteracji 4: IF Strike-Outs <= 48.50 AND On-base_percentage <= 0.39 AND Batting_average <= 0.33 AND Batting_average >= 0.12 AND Batting_average >= 0.12 THEN class = {634.08} [-70.34, 1,338.49], (p=91, n=12, P=146, N=89)
2026-04-14 11:58:56,164 - INFO - *****GROWING RR RULE*****
2026-04-14 11:58:56,349 - INFO - Iteracja 0: condition_best: None, quality_best: -inf, coverage_best: (p=0, n=0, P=0, N=0), p_value: 0
2026-04-14 11:58:56,349 - INFO - Regula po iteracji 0: IF  THEN class = {1,274.44} [46.17, 2,502.72], (p=196, n=39, P=196, N=39)
2026-04-14 11:58:56,349 - INFO - *****STOP GROWING RR RULE*****
2026-04-14 11:58:56,350 - INFO - ***RR NOT FOUND***
2026-04-14 11:58:56,350 - INFO - *******STOP GROWING CR RULE*******
2026-04-14 11:58:56,350 - INFO - *******GROWING CR RULE*******
2026-04-14 11:58:56,451 - INFO - Iteracja 0: condition_best: Free_agency_eligibility <= 0.50, quality_best: 0.545, coverage_best: (p=117, n=18, P=153, N=82)
2026-04-14 11:58:56,451 - INFO - Regula po iteracji 0: IF Free_agency_eligibility <= 0.50 THEN class = {698.41} [-187.70, 1,584.52], (p=117, n=18, P=153, N=82)
2026-04-14 11:58:56,451 - INFO - *****GROWING RR RULE*****
2026-04-14 11:58:56,636 - INFO - Iteracja 0: condition_best: None, quality_best: -inf, coverage_best: (p=0, n=0, P=0, N=0), p_value: 0
2026-04-14 11:58:56,637 - INFO - Regula po iteracji 0: IF  THEN class = {1,274.44} [46.17, 2,502.72], (p=196, n=39, P=196, N=39)
2026-04-14 11:58:56,637 - INFO - *****STOP GROWING RR RULE*****
2026-04-14 11:58:56,637 - INFO - ***RR NOT FOUND***
2026-04-14 11:58:56,708 - INFO - Iteracja 1: condition_best: Arbitration_eligibility <= 0.50, quality_best: 0.752, coverage_best: (p=82, n=11, P=94, N=141)
2026-04-14 11:58:56,708 - INFO - Regula po iteracji 1: IF Free_agency_eligibility <= 0.50 AND Arbitration_eligibility <= 0.50 THEN class = {253.20} [94.37, 412.04], (p=82, n=11, P=94, N=141)
2026-04-14 11:58:56,709 - INFO - *****GROWING RR RULE*****
2026-04-14 11:58:56,893 - INFO - Iteracja 0: condition_best: None, quality_best: -inf, coverage_best: (p=0, n=0, P=0, N=0), p_value: 0
2026-04-14 11:58:56,893 - INFO - Regula po iteracji 0: IF  THEN class = {1,274.44} [46.17, 2,502.72], (p=196, n=39, P=196, N=39)
2026-04-14 11:58:56,893 - INFO - *****STOP GROWING RR RULE*****
2026-04-14 11:58:56,893 - INFO - ***RR NOT FOUND***
2026-04-14 11:58:56,946 - INFO - Iteracja 2: condition_best: Hits <= 160.00, quality_best: 0.776, coverage_best: (p=81, n=9, P=94, N=141)
2026-04-14 11:58:56,946 - INFO - Regula po iteracji 2: IF Free_agency_eligibility <= 0.50 AND Arbitration_eligibility <= 0.50 AND Hits <= 160.00 THEN class = {246.03} [90.87, 401.20], (p=81, n=9, P=94, N=141)
2026-04-14 11:58:56,946 - INFO - *****GROWING RR RULE*****
2026-04-14 11:58:57,132 - INFO - Iteracja 0: condition_best: None, quality_best: -inf, coverage_best: (p=0, n=0, P=0, N=0), p_value: 0
2026-04-14 11:58:57,132 - INFO - Regula po iteracji 0: IF  THEN class = {1,274.44} [46.17, 2,502.72], (p=196, n=39, P=196, N=39)
2026-04-14 11:58:57,132 - INFO - *****STOP GROWING RR RULE*****
2026-04-14 11:58:57,132 - INFO - ***RR NOT FOUND***
2026-04-14 11:58:57,182 - INFO - Iteracja 3: condition_best: Runs_batted_in <= 84.00, quality_best: 0.772, coverage_best: (p=78, n=9, P=91, N=144)
2026-04-14 11:58:57,182 - INFO - Regula po iteracji 3: IF Free_agency_eligibility <= 0.50 AND Arbitration_eligibility <= 0.50 AND Hits <= 160.00 AND Runs_batted_in <= 84.00 THEN class = {242.83} [88.81, 396.84], (p=78, n=9, P=91, N=144)
2026-04-14 11:58:57,182 - INFO - *****GROWING RR RULE*****
2026-04-14 11:58:57,367 - INFO - Iteracja 0: condition_best: None, quality_best: -inf, coverage_best: (p=0, n=0, P=0, N=0), p_value: 0
2026-04-14 11:58:57,367 - INFO - Regula po iteracji 0: IF  THEN class = {1,274.44} [46.17, 2,502.72], (p=196, n=39, P=196, N=39)
2026-04-14 11:58:57,367 - INFO - *****STOP GROWING RR RULE*****
2026-04-14 11:58:57,367 - INFO - ***RR NOT FOUND***
2026-04-14 11:58:57,415 - INFO - Iteracja 4: condition_best: Batting_average <= 0.33, quality_best: 0.767, coverage_best: (p=77, n=8, P=94, N=141)
2026-04-14 11:58:57,415 - INFO - Regula po iteracji 4: IF Free_agency_eligibility <= 0.50 AND Arbitration_eligibility <= 0.50 AND Hits <= 160.00 AND Runs_batted_in <= 84.00 AND Batting_average <= 0.33 THEN class = {245.69} [91.03, 400.36], (p=77, n=8, P=94, N=141)
2026-04-14 11:58:57,415 - INFO - *****GROWING RR RULE*****
2026-04-14 11:58:57,600 - INFO - Iteracja 0: condition_best: None, quality_best: -inf, coverage_best: (p=0, n=0, P=0, N=0), p_value: 0
2026-04-14 11:58:57,600 - INFO - Regula po iteracji 0: IF  THEN class = {1,274.44} [46.17, 2,502.72], (p=196, n=39, P=196, N=39)
2026-04-14 11:58:57,600 - INFO - *****STOP GROWING RR RULE*****
2026-04-14 11:58:57,600 - INFO - ***RR NOT FOUND***
2026-04-14 11:58:57,600 - INFO - *******STOP GROWING CR RULE*******
2026-04-14 11:58:57,601 - INFO - *******GROWING CR RULE*******
2026-04-14 11:58:57,700 - INFO - Iteracja 0: condition_best: Free_agency_eligibility <= 0.50, quality_best: 0.545, coverage_best: (p=117, n=18, P=153, N=82)
2026-04-14 11:58:57,700 - INFO - Regula po iteracji 0: IF Free_agency_eligibility <= 0.50 THEN class = {698.41} [-187.70, 1,584.52], (p=117, n=18, P=153, N=82)
2026-04-14 11:58:57,700 - INFO - *****GROWING RR RULE*****
2026-04-14 11:58:57,886 - INFO - Iteracja 0: condition_best: None, quality_best: -inf, coverage_best: (p=0, n=0, P=0, N=0), p_value: 0
2026-04-14 11:58:57,886 - INFO - Regula po iteracji 0: IF  THEN class = {1,274.44} [46.17, 2,502.72], (p=196, n=39, P=196, N=39)
2026-04-14 11:58:57,886 - INFO - *****STOP GROWING RR RULE*****
2026-04-14 11:58:57,886 - INFO - ***RR NOT FOUND***
2026-04-14 11:58:57,956 - INFO - Iteracja 1: condition_best: Arbitration_eligibility <= 0.50, quality_best: 0.752, coverage_best: (p=82, n=11, P=94, N=141)
2026-04-14 11:58:57,956 - INFO - Regula po iteracji 1: IF Free_agency_eligibility <= 0.50 AND Arbitration_eligibility <= 0.50 THEN class = {253.20} [94.37, 412.04], (p=82, n=11, P=94, N=141)
2026-04-14 11:58:57,956 - INFO - *****GROWING RR RULE*****
2026-04-14 11:58:58,141 - INFO - Iteracja 0: condition_best: None, quality_best: -inf, coverage_best: (p=0, n=0, P=0, N=0), p_value: 0
2026-04-14 11:58:58,141 - INFO - Regula po iteracji 0: IF  THEN class = {1,274.44} [46.17, 2,502.72], (p=196, n=39, P=196, N=39)
2026-04-14 11:58:58,141 - INFO - *****STOP GROWING RR RULE*****
2026-04-14 11:58:58,141 - INFO - ***RR NOT FOUND***
2026-04-14 11:58:58,193 - INFO - Iteracja 2: condition_best: Triples <= 11.00, quality_best: 0.76, coverage_best: (p=81, n=10, P=94, N=141)
2026-04-14 11:58:58,193 - INFO - Regula po iteracji 2: IF Free_agency_eligibility <= 0.50 AND Arbitration_eligibility <= 0.50 AND Triples <= 11.00 THEN class = {250.03} [92.87, 407.19], (p=81, n=10, P=94, N=141)
2026-04-14 11:58:58,193 - INFO - *****GROWING RR RULE*****
2026-04-14 11:58:58,378 - INFO - Iteracja 0: condition_best: None, quality_best: -inf, coverage_best: (p=0, n=0, P=0, N=0), p_value: 0
2026-04-14 11:58:58,378 - INFO - Regula po iteracji 0: IF  THEN class = {1,274.44} [46.17, 2,502.72], (p=196, n=39, P=196, N=39)
2026-04-14 11:58:58,378 - INFO - *****STOP GROWING RR RULE*****
2026-04-14 11:58:58,378 - INFO - ***RR NOT FOUND***
2026-04-14 11:58:58,429 - INFO - Iteracja 3: condition_best: Batting_average <= 0.35, quality_best: 0.754, coverage_best: (p=80, n=10, P=94, N=141)
2026-04-14 11:58:58,429 - INFO - Regula po iteracji 3: IF Free_agency_eligibility <= 0.50 AND Arbitration_eligibility <= 0.50 AND Triples <= 11.00 AND Batting_average <= 0.35 THEN class = {251.38} [93.87, 408.89], (p=80, n=10, P=94, N=141)
2026-04-14 11:58:58,429 - INFO - *****GROWING RR RULE*****
2026-04-14 11:58:58,614 - INFO - Iteracja 0: condition_best: None, quality_best: -inf, coverage_best: (p=0, n=0, P=0, N=0), p_value: 0
2026-04-14 11:58:58,615 - INFO - Regula po iteracji 0: IF  THEN class = {1,274.44} [46.17, 2,502.72], (p=196, n=39, P=196, N=39)
2026-04-14 11:58:58,615 - INFO - *****STOP GROWING RR RULE*****
2026-04-14 11:58:58,615 - INFO - ***RR NOT FOUND***
2026-04-14 11:58:58,665 - INFO - Iteracja 4: condition_best: Batting_average <= 0.33, quality_best: 0.748, coverage_best: (p=79, n=10, P=94, N=141)
2026-04-14 11:58:58,665 - INFO - Regula po iteracji 4: IF Free_agency_eligibility <= 0.50 AND Arbitration_eligibility <= 0.50 AND Triples <= 11.00 AND Batting_average <= 0.35 AND Batting_average <= 0.33 THEN class = {252.93} [95.23, 410.64], (p=79, n=10, P=94, N=141)
2026-04-14 11:58:58,666 - INFO - *****GROWING RR RULE*****
2026-04-14 11:58:58,850 - INFO - Iteracja 0: condition_best: None, quality_best: -inf, coverage_best: (p=0, n=0, P=0, N=0), p_value: 0
2026-04-14 11:58:58,850 - INFO - Regula po iteracji 0: IF  THEN class = {1,274.44} [46.17, 2,502.72], (p=196, n=39, P=196, N=39)
2026-04-14 11:58:58,850 - INFO - *****STOP GROWING RR RULE*****
2026-04-14 11:58:58,850 - INFO - ***RR NOT FOUND***
2026-04-14 11:58:58,851 - INFO - *******STOP GROWING CR RULE*******
2026-04-14 11:58:58,851 - INFO - *******GROWING CR RULE*******
2026-04-14 11:58:58,950 - INFO - Iteracja 0: condition_best: Free_agency_eligibility <= 0.50, quality_best: 0.545, coverage_best: (p=117, n=18, P=153, N=82)
2026-04-14 11:58:58,950 - INFO - Regula po iteracji 0: IF Free_agency_eligibility <= 0.50 THEN class = {698.41} [-187.70, 1,584.52], (p=117, n=18, P=153, N=82)
2026-04-14 11:58:58,951 - INFO - *****GROWING RR RULE*****
2026-04-14 11:58:59,136 - INFO - Iteracja 0: condition_best: None, quality_best: -inf, coverage_best: (p=0, n=0, P=0, N=0), p_value: 0
2026-04-14 11:58:59,136 - INFO - Regula po iteracji 0: IF  THEN class = {1,274.44} [46.17, 2,502.72], (p=196, n=39, P=196, N=39)
2026-04-14 11:58:59,137 - INFO - *****STOP GROWING RR RULE*****
2026-04-14 11:58:59,137 - INFO - ***RR NOT FOUND***
2026-04-14 11:58:59,206 - INFO - Iteracja 1: condition_best: Hits <= 136.50, quality_best: 0.616, coverage_best: (p=97, n=13, P=136, N=99)
2026-04-14 11:58:59,206 - INFO - Regula po iteracji 1: IF Free_agency_eligibility <= 0.50 AND Hits <= 136.50 THEN class = {480.56} [-85.19, 1,046.32], (p=97, n=13, P=136, N=99)
2026-04-14 11:58:59,206 - INFO - *****GROWING RR RULE*****
2026-04-14 11:58:59,493 - INFO - Iteracja 0: condition_best: None, quality_best: -inf, coverage_best: (p=0, n=0, P=0, N=0), p_value: 0
2026-04-14 11:58:59,494 - INFO - Regula po iteracji 0: IF  THEN class = {1,274.44} [46.17, 2,502.72], (p=196, n=39, P=196, N=39)
2026-04-14 11:58:59,494 - INFO - *****STOP GROWING RR RULE*****
2026-04-14 11:58:59,494 - INFO - ***RR NOT FOUND***
2026-04-14 11:58:59,549 - INFO - Iteracja 2: condition_best: Errors <= 20.00, quality_best: 0.632, coverage_best: (p=96, n=12, P=135, N=100)
2026-04-14 11:58:59,550 - INFO - Regula po iteracji 2: IF Free_agency_eligibility <= 0.50 AND Hits <= 136.50 AND Errors <= 20.00 THEN class = {463.75} [-73.46, 1,000.96], (p=96, n=12, P=135, N=100)
2026-04-14 11:58:59,550 - INFO - *****GROWING RR RULE*****
2026-04-14 11:58:59,736 - INFO - Iteracja 0: condition_best: None, quality_best: -inf, coverage_best: (p=0, n=0, P=0, N=0), p_value: 0
2026-04-14 11:58:59,737 - INFO - Regula po iteracji 0: IF  THEN class = {1,274.44} [46.17, 2,502.72], (p=196, n=39, P=196, N=39)
2026-04-14 11:58:59,737 - INFO - *****STOP GROWING RR RULE*****
2026-04-14 11:58:59,737 - INFO - ***RR NOT FOUND***
2026-04-14 11:58:59,791 - INFO - Iteracja 3: condition_best: Batting_average <= 0.31, quality_best: 0.635, coverage_best: (p=93, n=11, P=135, N=100)
2026-04-14 11:58:59,791 - INFO - Regula po iteracji 3: IF Free_agency_eligibility <= 0.50 AND Hits <= 136.50 AND Errors <= 20.00 AND Batting_average <= 0.31 THEN class = {463.33} [-76.36, 1,003.02], (p=93, n=11, P=135, N=100)
2026-04-14 11:58:59,792 - INFO - *****GROWING RR RULE*****
2026-04-14 11:58:59,978 - INFO - Iteracja 0: condition_best: None, quality_best: -inf, coverage_best: (p=0, n=0, P=0, N=0), p_value: 0
2026-04-14 11:58:59,978 - INFO - Regula po iteracji 0: IF  THEN class = {1,274.44} [46.17, 2,502.72], (p=196, n=39, P=196, N=39)
2026-04-14 11:58:59,978 - INFO - *****STOP GROWING RR RULE*****
2026-04-14 11:58:59,978 - INFO - ***RR NOT FOUND***
2026-04-14 11:59:00,032 - INFO - Iteracja 4: condition_best: Batting_average <= 0.31, quality_best: 0.63, coverage_best: (p=92, n=11, P=135, N=100)
2026-04-14 11:59:00,032 - INFO - Regula po iteracji 4: IF Free_agency_eligibility <= 0.50 AND Hits <= 136.50 AND Errors <= 20.00 AND Batting_average <= 0.31 AND Batting_average <= 0.31 THEN class = {466.77} [-74.40, 1,007.93], (p=92, n=11, P=135, N=100)
2026-04-14 11:59:00,032 - INFO - *****GROWING RR RULE*****
2026-04-14 11:59:00,218 - INFO - Iteracja 0: condition_best: None, quality_best: -inf, coverage_best: (p=0, n=0, P=0, N=0), p_value: 0
2026-04-14 11:59:00,219 - INFO - Regula po iteracji 0: IF  THEN class = {1,274.44} [46.17, 2,502.72], (p=196, n=39, P=196, N=39)
2026-04-14 11:59:00,219 - INFO - *****STOP GROWING RR RULE*****
2026-04-14 11:59:00,219 - INFO - ***RR NOT FOUND***
2026-04-14 11:59:00,219 - INFO - *******STOP GROWING CR RULE*******
2026-04-14 11:59:00,219 - INFO - *******GROWING CR RULE*******
2026-04-14 11:59:00,319 - INFO - Iteracja 0: condition_best: Free_agency_eligibility <= 0.50, quality_best: 0.545, coverage_best: (p=117, n=18, P=153, N=82)
2026-04-14 11:59:00,319 - INFO - Regula po iteracji 0: IF Free_agency_eligibility <= 0.50 THEN class = {698.41} [-187.70, 1,584.52], (p=117, n=18, P=153, N=82)
2026-04-14 11:59:00,319 - INFO - *****GROWING RR RULE*****
2026-04-14 11:59:00,505 - INFO - Iteracja 0: condition_best: None, quality_best: -inf, coverage_best: (p=0, n=0, P=0, N=0), p_value: 0
2026-04-14 11:59:00,505 - INFO - Regula po iteracji 0: IF  THEN class = {1,274.44} [46.17, 2,502.72], (p=196, n=39, P=196, N=39)
2026-04-14 11:59:00,505 - INFO - *****STOP GROWING RR RULE*****
2026-04-14 11:59:00,505 - INFO - ***RR NOT FOUND***
2026-04-14 11:59:00,575 - INFO - Iteracja 1: condition_best: Runs_batted_in <= 67.50, quality_best: 0.616, coverage_best: (p=97, n=13, P=136, N=99)
2026-04-14 11:59:00,575 - INFO - Regula po iteracji 1: IF Free_agency_eligibility <= 0.50 AND Runs_batted_in <= 67.50 THEN class = {484.18} [-66.50, 1,034.87], (p=97, n=13, P=136, N=99)
2026-04-14 11:59:00,575 - INFO - *****GROWING RR RULE*****
2026-04-14 11:59:00,761 - INFO - Iteracja 0: condition_best: None, quality_best: -inf, coverage_best: (p=0, n=0, P=0, N=0), p_value: 0
2026-04-14 11:59:00,761 - INFO - Regula po iteracji 0: IF  THEN class = {1,274.44} [46.17, 2,502.72], (p=196, n=39, P=196, N=39)
2026-04-14 11:59:00,761 - INFO - *****STOP GROWING RR RULE*****
2026-04-14 11:59:00,761 - INFO - ***RR NOT FOUND***
2026-04-14 11:59:00,817 - INFO - Iteracja 2: condition_best: Batting_average <= 0.32, quality_best: 0.623, coverage_best: (p=95, n=12, P=136, N=99)
2026-04-14 11:59:00,817 - INFO - Regula po iteracji 2: IF Free_agency_eligibility <= 0.50 AND Runs_batted_in <= 67.50 AND Batting_average <= 0.32 THEN class = {483.70} [-67.33, 1,034.73], (p=95, n=12, P=136, N=99)
2026-04-14 11:59:00,818 - INFO - *****GROWING RR RULE*****
2026-04-14 11:59:01,003 - INFO - Iteracja 0: condition_best: None, quality_best: -inf, coverage_best: (p=0, n=0, P=0, N=0), p_value: 0
2026-04-14 11:59:01,003 - INFO - Regula po iteracji 0: IF  THEN class = {1,274.44} [46.17, 2,502.72], (p=196, n=39, P=196, N=39)
2026-04-14 11:59:01,003 - INFO - *****STOP GROWING RR RULE*****
2026-04-14 11:59:01,003 - INFO - ***RR NOT FOUND***
2026-04-14 11:59:01,058 - INFO - Iteracja 3: condition_best: Batting_average <= 0.31, quality_best: 0.618, coverage_best: (p=94, n=12, P=136, N=99)
2026-04-14 11:59:01,059 - INFO - Regula po iteracji 3: IF Free_agency_eligibility <= 0.50 AND Runs_batted_in <= 67.50 AND Batting_average <= 0.32 AND Batting_average <= 0.31 THEN class = {484.54} [-69.02, 1,038.09], (p=94, n=12, P=136, N=99)
2026-04-14 11:59:01,059 - INFO - *****GROWING RR RULE*****
2026-04-14 11:59:01,244 - INFO - Iteracja 0: condition_best: None, quality_best: -inf, coverage_best: (p=0, n=0, P=0, N=0), p_value: 0
2026-04-14 11:59:01,244 - INFO - Regula po iteracji 0: IF  THEN class = {1,274.44} [46.17, 2,502.72], (p=196, n=39, P=196, N=39)
2026-04-14 11:59:01,244 - INFO - *****STOP GROWING RR RULE*****
2026-04-14 11:59:01,244 - INFO - ***RR NOT FOUND***
2026-04-14 11:59:01,300 - INFO - Iteracja 4: condition_best: Batting_average <= 0.31, quality_best: 0.614, coverage_best: (p=93, n=12, P=136, N=99)
2026-04-14 11:59:01,300 - INFO - Regula po iteracji 4: IF Free_agency_eligibility <= 0.50 AND Runs_batted_in <= 67.50 AND Batting_average <= 0.32 AND Batting_average <= 0.31 AND Batting_average <= 0.31 THEN class = {488.11} [-66.85, 1,043.08], (p=93, n=12, P=136, N=99)
2026-04-14 11:59:01,300 - INFO - *****GROWING RR RULE*****
2026-04-14 11:59:01,485 - INFO - Iteracja 0: condition_best: None, quality_best: -inf, coverage_best: (p=0, n=0, P=0, N=0), p_value: 0
2026-04-14 11:59:01,485 - INFO - Regula po iteracji 0: IF  THEN class = {1,274.44} [46.17, 2,502.72], (p=196, n=39, P=196, N=39)
2026-04-14 11:59:01,485 - INFO - *****STOP GROWING RR RULE*****
2026-04-14 11:59:01,486 - INFO - ***RR NOT FOUND***
2026-04-14 11:59:01,486 - INFO - *******STOP GROWING CR RULE*******
2026-04-14 11:59:01,486 - INFO - *******GROWING CR RULE*******
2026-04-14 11:59:01,585 - INFO - Iteracja 0: condition_best: Free_agency_eligibility <= 0.50, quality_best: 0.545, coverage_best: (p=117, n=18, P=153, N=82)
2026-04-14 11:59:01,586 - INFO - Regula po iteracji 0: IF Free_agency_eligibility <= 0.50 THEN class = {698.41} [-187.70, 1,584.52], (p=117, n=18, P=153, N=82)
2026-04-14 11:59:01,586 - INFO - *****GROWING RR RULE*****
2026-04-14 11:59:01,772 - INFO - Iteracja 0: condition_best: None, quality_best: -inf, coverage_best: (p=0, n=0, P=0, N=0), p_value: 0
2026-04-14 11:59:01,772 - INFO - Regula po iteracji 0: IF  THEN class = {1,274.44} [46.17, 2,502.72], (p=196, n=39, P=196, N=39)
2026-04-14 11:59:01,772 - INFO - *****STOP GROWING RR RULE*****
2026-04-14 11:59:01,772 - INFO - ***RR NOT FOUND***
2026-04-14 11:59:01,841 - INFO - Iteracja 1: condition_best: Stolen_bases <= 22.00, quality_best: 0.6, coverage_best: (p=107, n=13, P=150, N=85)
2026-04-14 11:59:01,841 - INFO - Regula po iteracji 1: IF Free_agency_eligibility <= 0.50 AND Stolen_bases <= 22.00 THEN class = {639.13} [-221.83, 1,500.10], (p=107, n=13, P=150, N=85)
2026-04-14 11:59:01,841 - INFO - *****GROWING RR RULE*****
2026-04-14 11:59:02,026 - INFO - Iteracja 0: condition_best: None, quality_best: -inf, coverage_best: (p=0, n=0, P=0, N=0), p_value: 0
2026-04-14 11:59:02,026 - INFO - Regula po iteracji 0: IF  THEN class = {1,274.44} [46.17, 2,502.72], (p=196, n=39, P=196, N=39)
2026-04-14 11:59:02,026 - INFO - *****STOP GROWING RR RULE*****
2026-04-14 11:59:02,026 - INFO - ***RR NOT FOUND***
2026-04-14 11:59:02,088 - INFO - Iteracja 2: condition_best: HomeRuns <= 27.50, quality_best: 0.6, coverage_best: (p=106, n=13, P=149, N=86)
2026-04-14 11:59:02,088 - INFO - Regula po iteracji 2: IF Free_agency_eligibility <= 0.50 AND Stolen_bases <= 22.00 AND HomeRuns <= 27.50 THEN class = {620.70} [-219.96, 1,461.35], (p=106, n=13, P=149, N=86)
2026-04-14 11:59:02,089 - INFO - *****GROWING RR RULE*****
2026-04-14 11:59:02,274 - INFO - Iteracja 0: condition_best: None, quality_best: -inf, coverage_best: (p=0, n=0, P=0, N=0), p_value: 0
2026-04-14 11:59:02,274 - INFO - Regula po iteracji 0: IF  THEN class = {1,274.44} [46.17, 2,502.72], (p=196, n=39, P=196, N=39)
2026-04-14 11:59:02,274 - INFO - *****STOP GROWING RR RULE*****
2026-04-14 11:59:02,274 - INFO - ***RR NOT FOUND***
2026-04-14 11:59:02,336 - INFO - Iteracja 3: condition_best: Strike-Outs <= 113.50, quality_best: 0.609, coverage_best: (p=103, n=12, P=148, N=87)
2026-04-14 11:59:02,336 - INFO - Regula po iteracji 3: IF Free_agency_eligibility <= 0.50 AND Stolen_bases <= 22.00 AND HomeRuns <= 27.50 AND Strike-Outs <= 113.50 THEN class = {596.31} [-216.23, 1,408.86], (p=103, n=12, P=148, N=87)
2026-04-14 11:59:02,336 - INFO - *****GROWING RR RULE*****
2026-04-14 11:59:02,520 - INFO - Iteracja 0: condition_best: None, quality_best: -inf, coverage_best: (p=0, n=0, P=0, N=0), p_value: 0
2026-04-14 11:59:02,521 - INFO - Regula po iteracji 0: IF  THEN class = {1,274.44} [46.17, 2,502.72], (p=196, n=39, P=196, N=39)
2026-04-14 11:59:02,521 - INFO - *****STOP GROWING RR RULE*****
2026-04-14 11:59:02,521 - INFO - ***RR NOT FOUND***
2026-04-14 11:59:02,581 - INFO - Iteracja 4: condition_best: Walks <= 69.00, quality_best: 0.627, coverage_best: (p=102, n=11, P=147, N=88)
2026-04-14 11:59:02,581 - INFO - Regula po iteracji 4: IF Free_agency_eligibility <= 0.50 AND Stolen_bases <= 22.00 AND HomeRuns <= 27.50 AND Strike-Outs <= 113.50 AND Walks <= 69.00 THEN class = {575.78} [-225.59, 1,377.14], (p=102, n=11, P=147, N=88)
2026-04-14 11:59:02,581 - INFO - *****GROWING RR RULE*****
2026-04-14 11:59:02,766 - INFO - Iteracja 0: condition_best: None, quality_best: -inf, coverage_best: (p=0, n=0, P=0, N=0), p_value: 0
2026-04-14 11:59:02,766 - INFO - Regula po iteracji 0: IF  THEN class = {1,274.44} [46.17, 2,502.72], (p=196, n=39, P=196, N=39)
2026-04-14 11:59:02,766 - INFO - *****STOP GROWING RR RULE*****
2026-04-14 11:59:02,766 - INFO - ***RR NOT FOUND***
2026-04-14 11:59:02,766 - INFO - *******STOP GROWING CR RULE*******
2026-04-14 11:59:02,767 - INFO - *******GROWING CR RULE*******
2026-04-14 11:59:02,866 - INFO - Iteracja 0: condition_best: Hits <= 107.50, quality_best: 0.517, coverage_best: (p=116, n=21, P=149, N=86)
2026-04-14 11:59:02,866 - INFO - Regula po iteracji 0: IF Hits <= 107.50 THEN class = {693.38} [-89.70, 1,476.46], (p=116, n=21, P=149, N=86)
2026-04-14 11:59:02,866 - INFO - *****GROWING RR RULE*****
2026-04-14 11:59:03,052 - INFO - Iteracja 0: condition_best: None, quality_best: -inf, coverage_best: (p=0, n=0, P=0, N=0), p_value: 0
2026-04-14 11:59:03,052 - INFO - Regula po iteracji 0: IF  THEN class = {1,274.44} [46.17, 2,502.72], (p=196, n=39, P=196, N=39)
2026-04-14 11:59:03,052 - INFO - *****STOP GROWING RR RULE*****
2026-04-14 11:59:03,052 - INFO - ***RR NOT FOUND***
2026-04-14 11:59:03,110 - INFO - Iteracja 1: condition_best: Walks <= 64.50, quality_best: 0.547, coverage_best: (p=116, n=19, P=149, N=86)
2026-04-14 11:59:03,110 - INFO - Regula po iteracji 1: IF Hits <= 107.50 AND Walks <= 64.50 THEN class = {673.53} [-98.03, 1,445.08], (p=116, n=19, P=149, N=86)
2026-04-14 11:59:03,110 - INFO - *****GROWING RR RULE*****
2026-04-14 11:59:03,296 - INFO - Iteracja 0: condition_best: None, quality_best: -inf, coverage_best: (p=0, n=0, P=0, N=0), p_value: 0
2026-04-14 11:59:03,297 - INFO - Regula po iteracji 0: IF  THEN class = {1,274.44} [46.17, 2,502.72], (p=196, n=39, P=196, N=39)
2026-04-14 11:59:03,297 - INFO - *****STOP GROWING RR RULE*****
2026-04-14 11:59:03,297 - INFO - ***RR NOT FOUND***
2026-04-14 11:59:03,354 - INFO - Iteracja 2: condition_best: Runs_batted_in <= 73.50, quality_best: 0.548, coverage_best: (p=115, n=19, P=148, N=87)
2026-04-14 11:59:03,354 - INFO - Regula po iteracji 2: IF Hits <= 107.50 AND Walks <= 64.50 AND Runs_batted_in <= 73.50 THEN class = {667.77} [-103.76, 1,439.30], (p=115, n=19, P=148, N=87)
2026-04-14 11:59:03,354 - INFO - *****GROWING RR RULE*****
2026-04-14 11:59:03,540 - INFO - Iteracja 0: condition_best: None, quality_best: -inf, coverage_best: (p=0, n=0, P=0, N=0), p_value: 0
2026-04-14 11:59:03,540 - INFO - Regula po iteracji 0: IF  THEN class = {1,274.44} [46.17, 2,502.72], (p=196, n=39, P=196, N=39)
2026-04-14 11:59:03,541 - INFO - *****STOP GROWING RR RULE*****
2026-04-14 11:59:03,541 - INFO - ***RR NOT FOUND***
2026-04-14 11:59:03,598 - INFO - Iteracja 3: condition_best: On-base_percentage <= 0.39, quality_best: 0.554, coverage_best: (p=113, n=18, P=148, N=87)
2026-04-14 11:59:03,598 - INFO - Regula po iteracji 3: IF Hits <= 107.50 AND Walks <= 64.50 AND Runs_batted_in <= 73.50 AND On-base_percentage <= 0.39 THEN class = {663.40} [-100.60, 1,427.39], (p=113, n=18, P=148, N=87)
2026-04-14 11:59:03,598 - INFO - *****GROWING RR RULE*****
2026-04-14 11:59:03,784 - INFO - Iteracja 0: condition_best: None, quality_best: -inf, coverage_best: (p=0, n=0, P=0, N=0), p_value: 0
2026-04-14 11:59:03,784 - INFO - Regula po iteracji 0: IF  THEN class = {1,274.44} [46.17, 2,502.72], (p=196, n=39, P=196, N=39)
2026-04-14 11:59:03,784 - INFO - *****STOP GROWING RR RULE*****
2026-04-14 11:59:03,784 - INFO - ***RR NOT FOUND***
2026-04-14 11:59:03,841 - INFO - Iteracja 4: condition_best: Batting_average <= 0.31, quality_best: 0.556, coverage_best: (p=110, n=17, P=148, N=87)
2026-04-14 11:59:03,841 - INFO - Regula po iteracji 4: IF Hits <= 107.50 AND Walks <= 64.50 AND Runs_batted_in <= 73.50 AND On-base_percentage <= 0.39 AND Batting_average <= 0.31 THEN class = {659.87} [-106.46, 1,426.21], (p=110, n=17, P=148, N=87)
2026-04-14 11:59:03,841 - INFO - *****GROWING RR RULE*****
2026-04-14 11:59:04,027 - INFO - Iteracja 0: condition_best: None, quality_best: -inf, coverage_best: (p=0, n=0, P=0, N=0), p_value: 0
2026-04-14 11:59:04,027 - INFO - Regula po iteracji 0: IF  THEN class = {1,274.44} [46.17, 2,502.72], (p=196, n=39, P=196, N=39)
2026-04-14 11:59:04,027 - INFO - *****STOP GROWING RR RULE*****
2026-04-14 11:59:04,027 - INFO - ***RR NOT FOUND***
2026-04-14 11:59:04,027 - INFO - *******STOP GROWING CR RULE*******
2026-04-14 11:59:04,028 - INFO - *******GROWING CR RULE*******
2026-04-14 11:59:04,126 - INFO - Iteracja 0: condition_best: Doubles <= 18.50, quality_best: 0.489, coverage_best: (p=126, n=23, P=156, N=79)
2026-04-14 11:59:04,126 - INFO - Regula po iteracji 0: IF Doubles <= 18.50 THEN class = {766.54} [-105.59, 1,638.67], (p=126, n=23, P=156, N=79)
2026-04-14 11:59:04,126 - INFO - *****GROWING RR RULE*****
2026-04-14 11:59:04,312 - INFO - Iteracja 0: condition_best: None, quality_best: -inf, coverage_best: (p=0, n=0, P=0, N=0), p_value: 0
2026-04-14 11:59:04,312 - INFO - Regula po iteracji 0: IF  THEN class = {1,274.44} [46.17, 2,502.72], (p=196, n=39, P=196, N=39)
2026-04-14 11:59:04,312 - INFO - *****STOP GROWING RR RULE*****
2026-04-14 11:59:04,312 - INFO - ***RR NOT FOUND***
2026-04-14 11:59:04,378 - INFO - Iteracja 1: condition_best: Walks <= 86.50, quality_best: 0.544, coverage_best: (p=122, n=21, P=149, N=86)
2026-04-14 11:59:04,378 - INFO - Regula po iteracji 1: IF Doubles <= 18.50 AND Walks <= 86.50 THEN class = {692.69} [-86.19, 1,471.56], (p=122, n=21, P=149, N=86)
2026-04-14 11:59:04,378 - INFO - *****GROWING RR RULE*****
2026-04-14 11:59:04,564 - INFO - Iteracja 0: condition_best: None, quality_best: -inf, coverage_best: (p=0, n=0, P=0, N=0), p_value: 0
2026-04-14 11:59:04,564 - INFO - Regula po iteracji 0: IF  THEN class = {1,274.44} [46.17, 2,502.72], (p=196, n=39, P=196, N=39)
2026-04-14 11:59:04,564 - INFO - *****STOP GROWING RR RULE*****
2026-04-14 11:59:04,564 - INFO - ***RR NOT FOUND***
2026-04-14 11:59:04,627 - INFO - Iteracja 2: condition_best: HomeRuns <= 25.00, quality_best: 0.561, coverage_best: (p=121, n=20, P=148, N=87)
2026-04-14 11:59:04,627 - INFO - Regula po iteracji 2: IF Doubles <= 18.50 AND Walks <= 86.50 AND HomeRuns <= 25.00 THEN class = {665.67} [-72.04, 1,403.38], (p=121, n=20, P=148, N=87)
2026-04-14 11:59:04,627 - INFO - *****GROWING RR RULE*****
2026-04-14 11:59:04,813 - INFO - Iteracja 0: condition_best: None, quality_best: -inf, coverage_best: (p=0, n=0, P=0, N=0), p_value: 0
2026-04-14 11:59:04,814 - INFO - Regula po iteracji 0: IF  THEN class = {1,274.44} [46.17, 2,502.72], (p=196, n=39, P=196, N=39)
2026-04-14 11:59:04,814 - INFO - *****STOP GROWING RR RULE*****
2026-04-14 11:59:04,814 - INFO - ***RR NOT FOUND***
2026-04-14 11:59:04,975 - INFO - Iteracja 3: condition_best: Stolen_bases <= 22.50, quality_best: 0.578, coverage_best: (p=117, n=18, P=147, N=88)
2026-04-14 11:59:04,975 - INFO - Regula po iteracji 3: IF Doubles <= 18.50 AND Walks <= 86.50 AND HomeRuns <= 25.00 AND Stolen_bases <= 22.50 THEN class = {659.10} [-73.22, 1,391.43], (p=117, n=18, P=147, N=88)
2026-04-14 11:59:04,976 - INFO - *****GROWING RR RULE*****
2026-04-14 11:59:05,163 - INFO - Iteracja 0: condition_best: None, quality_best: -inf, coverage_best: (p=0, n=0, P=0, N=0), p_value: 0
2026-04-14 11:59:05,163 - INFO - Regula po iteracji 0: IF  THEN class = {1,274.44} [46.17, 2,502.72], (p=196, n=39, P=196, N=39)
2026-04-14 11:59:05,163 - INFO - *****STOP GROWING RR RULE*****
2026-04-14 11:59:05,163 - INFO - ***RR NOT FOUND***
2026-04-14 11:59:05,223 - INFO - Iteracja 4: condition_best: Hits <= 138.50, quality_best: 0.574, coverage_best: (p=116, n=18, P=147, N=88)
2026-04-14 11:59:05,223 - INFO - Regula po iteracji 4: IF Doubles <= 18.50 AND Walks <= 86.50 AND HomeRuns <= 25.00 AND Stolen_bases <= 22.50 AND Hits <= 138.50 THEN class = {657.68} [-77.18, 1,392.54], (p=116, n=18, P=147, N=88)
2026-04-14 11:59:05,223 - INFO - *****GROWING RR RULE*****
2026-04-14 11:59:05,410 - INFO - Iteracja 0: condition_best: None, quality_best: -inf, coverage_best: (p=0, n=0, P=0, N=0), p_value: 0
2026-04-14 11:59:05,410 - INFO - Regula po iteracji 0: IF  THEN class = {1,274.44} [46.17, 2,502.72], (p=196, n=39, P=196, N=39)
2026-04-14 11:59:05,410 - INFO - *****STOP GROWING RR RULE*****
2026-04-14 11:59:05,410 - INFO - ***RR NOT FOUND***
2026-04-14 11:59:05,410 - INFO - *******STOP GROWING CR RULE*******
2026-04-14 11:59:05,411 - INFO - *******GROWING CR RULE*******
2026-04-14 11:59:05,509 - INFO - Iteracja 0: condition_best: Walks >= 85.50, quality_best: 0.474, coverage_best: (p=8, n=1, P=66, N=169)
2026-04-14 11:59:05,509 - INFO - Regula po iteracji 0: IF Walks >= 85.50 THEN class = {2,481.67} [1,568.82, 3,394.52], (p=8, n=1, P=66, N=169)
2026-04-14 11:59:05,509 - INFO - *****GROWING RR RULE*****
2026-04-14 11:59:05,691 - INFO - Iteracja 0: condition_best: None, quality_best: -inf, coverage_best: (p=0, n=0, P=0, N=0), p_value: 0
2026-04-14 11:59:05,691 - INFO - Regula po iteracji 0: IF  THEN class = {1,274.44} [46.17, 2,502.72], (p=196, n=39, P=196, N=39)
2026-04-14 11:59:05,691 - INFO - *****STOP GROWING RR RULE*****
2026-04-14 11:59:05,692 - INFO - ***RR NOT FOUND***
2026-04-14 11:59:05,700 - INFO - Iteracja 1: condition_best: Batting_average >= 0.21, quality_best: 0.457, coverage_best: (p=7, n=1, P=66, N=169)
2026-04-14 11:59:05,700 - INFO - Regula po iteracji 1: IF Walks >= 85.50 AND Batting_average >= 0.21 THEN class = {2,539.75} [1,587.34, 3,492.16], (p=7, n=1, P=66, N=169)
2026-04-14 11:59:05,700 - INFO - *****GROWING RR RULE*****
2026-04-14 11:59:05,883 - INFO - Iteracja 0: condition_best: None, quality_best: -inf, coverage_best: (p=0, n=0, P=0, N=0), p_value: 0
2026-04-14 11:59:05,883 - INFO - Regula po iteracji 0: IF  THEN class = {1,274.44} [46.17, 2,502.72], (p=196, n=39, P=196, N=39)
2026-04-14 11:59:05,883 - INFO - *****STOP GROWING RR RULE*****
2026-04-14 11:59:05,883 - INFO - ***RR NOT FOUND***
2026-04-14 11:59:05,890 - INFO - Iteracja 2: condition_best: Batting_average <= 0.29, quality_best: 0.434, coverage_best: (p=6, n=1, P=69, N=166)
2026-04-14 11:59:05,890 - INFO - Regula po iteracji 2: IF Walks >= 85.50 AND Batting_average >= 0.21 AND Batting_average <= 0.29 THEN class = {2,426.43} [1,460.02, 3,392.84], (p=6, n=1, P=69, N=166)
2026-04-14 11:59:05,891 - INFO - *****GROWING RR RULE*****
2026-04-14 11:59:06,077 - INFO - Iteracja 0: condition_best: None, quality_best: -inf, coverage_best: (p=0, n=0, P=0, N=0), p_value: 0
2026-04-14 11:59:06,077 - INFO - Regula po iteracji 0: IF  THEN class = {1,274.44} [46.17, 2,502.72], (p=196, n=39, P=196, N=39)
2026-04-14 11:59:06,077 - INFO - *****STOP GROWING RR RULE*****
2026-04-14 11:59:06,077 - INFO - ***RR NOT FOUND***
2026-04-14 11:59:06,083 - INFO - Iteracja 3: condition_best: Strike-Outs >= 59.00, quality_best: 0.406, coverage_best: (p=5, n=1, P=72, N=163)
2026-04-14 11:59:06,083 - INFO - Regula po iteracji 3: IF Walks >= 85.50 AND Batting_average >= 0.21 AND Batting_average <= 0.29 AND Strike-Outs >= 59.00 THEN class = {2,464.17} [1,425.11, 3,503.22], (p=5, n=1, P=72, N=163)
2026-04-14 11:59:06,083 - INFO - *****GROWING RR RULE*****
2026-04-14 11:59:06,270 - INFO - Iteracja 0: condition_best: None, quality_best: -inf, coverage_best: (p=0, n=0, P=0, N=0), p_value: 0
2026-04-14 11:59:06,270 - INFO - Regula po iteracji 0: IF  THEN class = {1,274.44} [46.17, 2,502.72], (p=196, n=39, P=196, N=39)
2026-04-14 11:59:06,270 - INFO - *****STOP GROWING RR RULE*****
2026-04-14 11:59:06,270 - INFO - ***RR NOT FOUND***
2026-04-14 11:59:06,275 - INFO - Iteracja 4: condition_best: Batting_average >= 0.24, quality_best: 0.309, coverage_best: (p=3, n=2, P=25, N=210)
2026-04-14 11:59:06,275 - INFO - Regula po iteracji 4: IF Walks >= 85.50 AND Batting_average >= 0.21 AND Batting_average <= 0.29 AND Strike-Outs >= 59.00 AND Batting_average >= 0.24 THEN class = {2,896.60} [2,479.99, 3,313.21], (p=3, n=2, P=25, N=210)
2026-04-14 11:59:06,276 - INFO - *****GROWING RR RULE*****
2026-04-14 11:59:06,460 - INFO - Iteracja 0: condition_best: None, quality_best: -inf, coverage_best: (p=0, n=0, P=0, N=0), p_value: 0
2026-04-14 11:59:06,461 - INFO - Regula po iteracji 0: IF  THEN class = {1,274.44} [46.17, 2,502.72], (p=196, n=39, P=196, N=39)
2026-04-14 11:59:06,461 - INFO - *****STOP GROWING RR RULE*****
2026-04-14 11:59:06,461 - INFO - ***RR NOT FOUND***
2026-04-14 11:59:06,461 - INFO - *******STOP GROWING CR RULE*******
2026-04-14 11:59:06,461 - INFO - *******GROWING CR RULE*******
2026-04-14 11:59:06,560 - INFO - Iteracja 0: condition_best: HomeRuns <= 11.50, quality_best: 0.465, coverage_best: (p=132, n=25, P=159, N=76)
2026-04-14 11:59:06,560 - INFO - Regula po iteracji 0: IF HomeRuns <= 11.50 THEN class = {796.03} [-64.23, 1,656.28], (p=132, n=25, P=159, N=76)
2026-04-14 11:59:06,561 - INFO - *****GROWING RR RULE*****
2026-04-14 11:59:06,747 - INFO - Iteracja 0: condition_best: None, quality_best: -inf, coverage_best: (p=0, n=0, P=0, N=0), p_value: 0
2026-04-14 11:59:06,747 - INFO - Regula po iteracji 0: IF  THEN class = {1,274.44} [46.17, 2,502.72], (p=196, n=39, P=196, N=39)
2026-04-14 11:59:06,747 - INFO - *****STOP GROWING RR RULE*****
2026-04-14 11:59:06,747 - INFO - ***RR NOT FOUND***
2026-04-14 11:59:06,817 - INFO - Iteracja 1: condition_best: Batting_average <= 0.31, quality_best: 0.462, coverage_best: (p=128, n=24, P=159, N=76)
2026-04-14 11:59:06,817 - INFO - Regula po iteracji 1: IF HomeRuns <= 11.50 AND Batting_average <= 0.31 THEN class = {791.02} [-69.36, 1,651.40], (p=128, n=24, P=159, N=76)
2026-04-14 11:59:06,817 - INFO - *****GROWING RR RULE*****
2026-04-14 11:59:07,003 - INFO - Iteracja 0: condition_best: None, quality_best: -inf, coverage_best: (p=0, n=0, P=0, N=0), p_value: 0
2026-04-14 11:59:07,003 - INFO - Regula po iteracji 0: IF  THEN class = {1,274.44} [46.17, 2,502.72], (p=196, n=39, P=196, N=39)
2026-04-14 11:59:07,003 - INFO - *****STOP GROWING RR RULE*****
2026-04-14 11:59:07,003 - INFO - ***RR NOT FOUND***
2026-04-14 11:59:07,072 - INFO - Iteracja 2: condition_best: Batting_average >= 0.12, quality_best: 0.457, coverage_best: (p=127, n=24, P=159, N=76)
2026-04-14 11:59:07,072 - INFO - Regula po iteracji 2: IF HomeRuns <= 11.50 AND Batting_average <= 0.31 AND Batting_average >= 0.12 THEN class = {795.54} [-65.89, 1,656.96], (p=127, n=24, P=159, N=76)
2026-04-14 11:59:07,072 - INFO - *****GROWING RR RULE*****
2026-04-14 11:59:07,258 - INFO - Iteracja 0: condition_best: None, quality_best: -inf, coverage_best: (p=0, n=0, P=0, N=0), p_value: 0
2026-04-14 11:59:07,258 - INFO - Regula po iteracji 0: IF  THEN class = {1,274.44} [46.17, 2,502.72], (p=196, n=39, P=196, N=39)
2026-04-14 11:59:07,258 - INFO - *****STOP GROWING RR RULE*****
2026-04-14 11:59:07,258 - INFO - ***RR NOT FOUND***
2026-04-14 11:59:07,328 - INFO - Iteracja 3: condition_best: Batting_average >= 0.12, quality_best: 0.453, coverage_best: (p=126, n=24, P=159, N=76)
2026-04-14 11:59:07,328 - INFO - Regula po iteracji 3: IF HomeRuns <= 11.50 AND Batting_average <= 0.31 AND Batting_average >= 0.12 AND Batting_average >= 0.12 THEN class = {800.11} [-62.35, 1,662.57], (p=126, n=24, P=159, N=76)
2026-04-14 11:59:07,328 - INFO - *****GROWING RR RULE*****
2026-04-14 11:59:07,514 - INFO - Iteracja 0: condition_best: None, quality_best: -inf, coverage_best: (p=0, n=0, P=0, N=0), p_value: 0
2026-04-14 11:59:07,514 - INFO - Regula po iteracji 0: IF  THEN class = {1,274.44} [46.17, 2,502.72], (p=196, n=39, P=196, N=39)
2026-04-14 11:59:07,514 - INFO - *****STOP GROWING RR RULE*****
2026-04-14 11:59:07,515 - INFO - ***RR NOT FOUND***
2026-04-14 11:59:07,584 - INFO - Iteracja 4: condition_best: Batting_average >= 0.14, quality_best: 0.448, coverage_best: (p=125, n=24, P=159, N=76)
2026-04-14 11:59:07,584 - INFO - Regula po iteracji 4: IF HomeRuns <= 11.50 AND Batting_average <= 0.31 AND Batting_average >= 0.12 AND Batting_average >= 0.12 AND Batting_average >= 0.14 THEN class = {804.48} [-59.22, 1,668.18], (p=125, n=24, P=159, N=76)
2026-04-14 11:59:07,584 - INFO - *****GROWING RR RULE*****
2026-04-14 11:59:07,770 - INFO - Iteracja 0: condition_best: None, quality_best: -inf, coverage_best: (p=0, n=0, P=0, N=0), p_value: 0
2026-04-14 11:59:07,770 - INFO - Regula po iteracji 0: IF  THEN class = {1,274.44} [46.17, 2,502.72], (p=196, n=39, P=196, N=39)
2026-04-14 11:59:07,770 - INFO - *****STOP GROWING RR RULE*****
2026-04-14 11:59:07,770 - INFO - ***RR NOT FOUND***
2026-04-14 11:59:07,770 - INFO - *******STOP GROWING CR RULE*******
2026-04-14 11:59:07,771 - INFO - *******GROWING CR RULE*******
2026-04-14 11:59:07,867 - INFO - Iteracja 0: condition_best: Runs >= 88.50, quality_best: 0.451, coverage_best: (p=16, n=4, P=65, N=170)
2026-04-14 11:59:07,867 - INFO - Regula po iteracji 0: IF Runs >= 88.50 THEN class = {2,896.30} [1,936.61, 3,855.99], (p=16, n=4, P=65, N=170)
2026-04-14 11:59:07,868 - INFO - *****GROWING RR RULE*****
2026-04-14 11:59:08,055 - INFO - Iteracja 0: condition_best: None, quality_best: -inf, coverage_best: (p=0, n=0, P=0, N=0), p_value: 0
2026-04-14 11:59:08,055 - INFO - Regula po iteracji 0: IF  THEN class = {1,274.44} [46.17, 2,502.72], (p=196, n=39, P=196, N=39)
2026-04-14 11:59:08,055 - INFO - *****STOP GROWING RR RULE*****
2026-04-14 11:59:08,055 - INFO - ***RR NOT FOUND***
2026-04-14 11:59:08,073 - INFO - Iteracja 1: condition_best: HomeRuns >= 2.50, quality_best: 0.476, coverage_best: (p=15, n=3, P=64, N=171)
2026-04-14 11:59:08,073 - INFO - Regula po iteracji 1: IF Runs >= 88.50 AND HomeRuns >= 2.50 THEN class = {2,941.28} [1,979.81, 3,902.75], (p=15, n=3, P=64, N=171)
2026-04-14 11:59:08,074 - INFO - *****GROWING RR RULE*****
2026-04-14 11:59:08,260 - INFO - Iteracja 0: condition_best: None, quality_best: -inf, coverage_best: (p=0, n=0, P=0, N=0), p_value: 0
2026-04-14 11:59:08,260 - INFO - Regula po iteracji 0: IF  THEN class = {1,274.44} [46.17, 2,502.72], (p=196, n=39, P=196, N=39)
2026-04-14 11:59:08,260 - INFO - *****STOP GROWING RR RULE*****
2026-04-14 11:59:08,260 - INFO - ***RR NOT FOUND***
2026-04-14 11:59:08,276 - INFO - Iteracja 2: condition_best: HomeRuns <= 33.50, quality_best: 0.491, coverage_best: (p=13, n=2, P=64, N=171)
2026-04-14 11:59:08,276 - INFO - Regula po iteracji 2: IF Runs >= 88.50 AND HomeRuns >= 2.50 AND HomeRuns <= 33.50 THEN class = {2,934.93} [1,999.90, 3,869.97], (p=13, n=2, P=64, N=171)
2026-04-14 11:59:08,276 - INFO - *****GROWING RR RULE*****
2026-04-14 11:59:08,461 - INFO - Iteracja 0: condition_best: Doubles >= 35.50, quality_best: 0.256, coverage_best: (p=6, n=3, P=85, N=150), p_value: 3
2026-04-14 11:59:08,461 - INFO - Regula po iteracji 0: IF Doubles >= 35.50 THEN class = {1,274.44} [46.17, 2,502.72], (p=6, n=3, P=85, N=150)
2026-04-14 11:59:08,477 - INFO - Iteracja 1: condition_best: None, quality_best: -inf, coverage_best: (p=0, n=0, P=0, N=0), p_value: 3
2026-04-14 11:59:08,478 - INFO - Regula po iteracji 1: IF Doubles >= 35.50 THEN class = {2,693.11} [1,213.92, 4,172.30], (p=6, n=3, P=85, N=150)
2026-04-14 11:59:08,478 - INFO - *****STOP GROWING RR RULE*****
2026-04-14 11:59:08,478 - INFO - ***RR FOUND***
2026-04-14 11:59:08,478 - INFO - Reference rule: IF Doubles >= 35.50 THEN class = {2,693.11} [1,213.92, 4,172.30]
2026-04-14 11:59:08,478 - INFO - ***CHECKING EXCEPTION***
2026-04-14 11:59:08,479 - INFO - *******STOP GROWING CR RULE*******
2026-04-14 11:59:08,480 - INFO - *******GROWING CR RULE*******
2026-04-14 11:59:08,577 - INFO - Iteracja 0: condition_best: Runs_batted_in <= 64.50, quality_best: 0.446, coverage_best: (p=141, n=29, P=159, N=76)
2026-04-14 11:59:08,577 - INFO - Regula po iteracji 0: IF Runs_batted_in <= 64.50 THEN class = {824.10} [-29.58, 1,677.78], (p=141, n=29, P=159, N=76)
2026-04-14 11:59:08,578 - INFO - *****GROWING RR RULE*****
2026-04-14 11:59:08,764 - INFO - Iteracja 0: condition_best: None, quality_best: -inf, coverage_best: (p=0, n=0, P=0, N=0), p_value: 0
2026-04-14 11:59:08,764 - INFO - Regula po iteracji 0: IF  THEN class = {1,274.44} [46.17, 2,502.72], (p=196, n=39, P=196, N=39)
2026-04-14 11:59:08,764 - INFO - *****STOP GROWING RR RULE*****
2026-04-14 11:59:08,764 - INFO - ***RR NOT FOUND***
2026-04-14 11:59:08,936 - INFO - Iteracja 1: condition_best: Walks <= 65.50, quality_best: 0.476, coverage_best: (p=130, n=28, P=150, N=85)
2026-04-14 11:59:08,936 - INFO - Regula po iteracji 1: IF Runs_batted_in <= 64.50 AND Walks <= 65.50 THEN class = {739.77} [-34.47, 1,514.00], (p=130, n=28, P=150, N=85)
2026-04-14 11:59:08,937 - INFO - *****GROWING RR RULE*****
2026-04-14 11:59:09,123 - INFO - Iteracja 0: condition_best: None, quality_best: -inf, coverage_best: (p=0, n=0, P=0, N=0), p_value: 0
2026-04-14 11:59:09,123 - INFO - Regula po iteracji 0: IF  THEN class = {1,274.44} [46.17, 2,502.72], (p=196, n=39, P=196, N=39)
2026-04-14 11:59:09,124 - INFO - *****STOP GROWING RR RULE*****
2026-04-14 11:59:09,124 - INFO - ***RR NOT FOUND***
2026-04-14 11:59:09,192 - INFO - Iteracja 2: condition_best: Batting_average <= 0.29, quality_best: 0.54, coverage_best: (p=123, n=22, P=148, N=87)
2026-04-14 11:59:09,192 - INFO - Regula po iteracji 2: IF Runs_batted_in <= 64.50 AND Walks <= 65.50 AND Batting_average <= 0.29 THEN class = {694.04} [-34.31, 1,422.40], (p=123, n=22, P=148, N=87)
2026-04-14 11:59:09,192 - INFO - *****GROWING RR RULE*****
2026-04-14 11:59:09,379 - INFO - Iteracja 0: condition_best: None, quality_best: -inf, coverage_best: (p=0, n=0, P=0, N=0), p_value: 0
2026-04-14 11:59:09,379 - INFO - Regula po iteracji 0: IF  THEN class = {1,274.44} [46.17, 2,502.72], (p=196, n=39, P=196, N=39)
2026-04-14 11:59:09,379 - INFO - *****STOP GROWING RR RULE*****
2026-04-14 11:59:09,379 - INFO - ***RR NOT FOUND***
2026-04-14 11:59:09,444 - INFO - Iteracja 3: condition_best: Errors <= 17.50, quality_best: 0.563, coverage_best: (p=117, n=19, P=147, N=88)
2026-04-14 11:59:09,444 - INFO - Regula po iteracji 3: IF Runs_batted_in <= 64.50 AND Walks <= 65.50 AND Batting_average <= 0.29 AND Errors <= 17.50 THEN class = {664.79} [-53.98, 1,383.55], (p=117, n=19, P=147, N=88)
2026-04-14 11:59:09,444 - INFO - *****GROWING RR RULE*****
2026-04-14 11:59:09,631 - INFO - Iteracja 0: condition_best: None, quality_best: -inf, coverage_best: (p=0, n=0, P=0, N=0), p_value: 0
2026-04-14 11:59:09,631 - INFO - Regula po iteracji 0: IF  THEN class = {1,274.44} [46.17, 2,502.72], (p=196, n=39, P=196, N=39)
2026-04-14 11:59:09,631 - INFO - *****STOP GROWING RR RULE*****
2026-04-14 11:59:09,631 - INFO - ***RR NOT FOUND***
2026-04-14 11:59:09,693 - INFO - Iteracja 4: condition_best: Doubles <= 36.50, quality_best: 0.564, coverage_best: (p=116, n=19, P=146, N=89)
2026-04-14 11:59:09,693 - INFO - Regula po iteracji 4: IF Runs_batted_in <= 64.50 AND Walks <= 65.50 AND Batting_average <= 0.29 AND Errors <= 17.50 AND Doubles <= 36.50 THEN class = {646.75} [-43.32, 1,336.82], (p=116, n=19, P=146, N=89)
2026-04-14 11:59:09,693 - INFO - *****GROWING RR RULE*****
2026-04-14 11:59:09,881 - INFO - Iteracja 0: condition_best: None, quality_best: -inf, coverage_best: (p=0, n=0, P=0, N=0), p_value: 0
2026-04-14 11:59:09,881 - INFO - Regula po iteracji 0: IF  THEN class = {1,274.44} [46.17, 2,502.72], (p=196, n=39, P=196, N=39)
2026-04-14 11:59:09,881 - INFO - *****STOP GROWING RR RULE*****
2026-04-14 11:59:09,881 - INFO - ***RR NOT FOUND***
2026-04-14 11:59:09,881 - INFO - *******STOP GROWING CR RULE*******
2026-04-14 11:59:09,881 - INFO - *******GROWING CR RULE*******
2026-04-14 11:59:09,978 - INFO - Iteracja 0: condition_best: Runs >= 84.50, quality_best: 0.422, coverage_best: (p=20, n=7, P=64, N=171)
2026-04-14 11:59:09,978 - INFO - Regula po iteracji 0: IF Runs >= 84.50 THEN class = {2,946.19} [1,978.26, 3,914.11], (p=20, n=7, P=64, N=171)
2026-04-14 11:59:09,979 - INFO - *****GROWING RR RULE*****
2026-04-14 11:59:10,163 - INFO - Iteracja 0: condition_best: None, quality_best: -inf, coverage_best: (p=0, n=0, P=0, N=0), p_value: 0
2026-04-14 11:59:10,163 - INFO - Regula po iteracji 0: IF  THEN class = {1,274.44} [46.17, 2,502.72], (p=196, n=39, P=196, N=39)
2026-04-14 11:59:10,163 - INFO - *****STOP GROWING RR RULE*****
2026-04-14 11:59:10,163 - INFO - ***RR NOT FOUND***
2026-04-14 11:59:10,185 - INFO - Iteracja 1: condition_best: HomeRuns >= 4.00, quality_best: 0.438, coverage_best: (p=18, n=6, P=58, N=177)
2026-04-14 11:59:10,185 - INFO - Regula po iteracji 1: IF Runs >= 84.50 AND HomeRuns >= 4.00 THEN class = {3,023.50} [2,056.82, 3,990.18], (p=18, n=6, P=58, N=177)
2026-04-14 11:59:10,185 - INFO - *****GROWING RR RULE*****
2026-04-14 11:59:10,368 - INFO - Iteracja 0: condition_best: None, quality_best: -inf, coverage_best: (p=0, n=0, P=0, N=0), p_value: 0
2026-04-14 11:59:10,369 - INFO - Regula po iteracji 0: IF  THEN class = {1,274.44} [46.17, 2,502.72], (p=196, n=39, P=196, N=39)
2026-04-14 11:59:10,369 - INFO - *****STOP GROWING RR RULE*****
2026-04-14 11:59:10,369 - INFO - ***RR NOT FOUND***
2026-04-14 11:59:10,388 - INFO - Iteracja 2: condition_best: HomeRuns <= 41.00, quality_best: 0.46, coverage_best: (p=18, n=5, P=60, N=175)
2026-04-14 11:59:10,388 - INFO - Regula po iteracji 2: IF Runs >= 84.50 AND HomeRuns >= 4.00 AND HomeRuns <= 41.00 THEN class = {2,959.30} [2,023.25, 3,895.36], (p=18, n=5, P=60, N=175)
2026-04-14 11:59:10,389 - INFO - *****GROWING RR RULE*****
2026-04-14 11:59:10,572 - INFO - Iteracja 0: condition_best: None, quality_best: -inf, coverage_best: (p=0, n=0, P=0, N=0), p_value: 0
2026-04-14 11:59:10,572 - INFO - Regula po iteracji 0: IF  THEN class = {1,274.44} [46.17, 2,502.72], (p=196, n=39, P=196, N=39)
2026-04-14 11:59:10,572 - INFO - *****STOP GROWING RR RULE*****
2026-04-14 11:59:10,572 - INFO - ***RR NOT FOUND***
2026-04-14 11:59:10,591 - INFO - Iteracja 3: condition_best: Strike-Outs >= 45.50, quality_best: 0.451, coverage_best: (p=17, n=5, P=58, N=177)
2026-04-14 11:59:10,591 - INFO - Regula po iteracji 3: IF Runs >= 84.50 AND HomeRuns >= 4.00 AND HomeRuns <= 41.00 AND Strike-Outs >= 45.50 THEN class = {2,993.82} [2,051.15, 3,936.49], (p=17, n=5, P=58, N=177)
2026-04-14 11:59:10,592 - INFO - *****GROWING RR RULE*****
2026-04-14 11:59:10,774 - INFO - Iteracja 0: condition_best: None, quality_best: -inf, coverage_best: (p=0, n=0, P=0, N=0), p_value: 0
2026-04-14 11:59:10,775 - INFO - Regula po iteracji 0: IF  THEN class = {1,274.44} [46.17, 2,502.72], (p=196, n=39, P=196, N=39)
2026-04-14 11:59:10,775 - INFO - *****STOP GROWING RR RULE*****
2026-04-14 11:59:10,775 - INFO - ***RR NOT FOUND***
2026-04-14 11:59:10,793 - INFO - Iteracja 4: condition_best: Doubles <= 43.00, quality_best: 0.453, coverage_best: (p=15, n=4, P=58, N=177)
2026-04-14 11:59:10,794 - INFO - Regula po iteracji 4: IF Runs >= 84.50 AND HomeRuns >= 4.00 AND HomeRuns <= 41.00 AND Strike-Outs >= 45.50 AND Doubles <= 43.00 THEN class = {2,890.21} [2,038.31, 3,742.11], (p=15, n=4, P=58, N=177)
2026-04-14 11:59:10,794 - INFO - *****GROWING RR RULE*****
2026-04-14 11:59:10,977 - INFO - Iteracja 0: condition_best: None, quality_best: -inf, coverage_best: (p=0, n=0, P=0, N=0), p_value: 0
2026-04-14 11:59:10,977 - INFO - Regula po iteracji 0: IF  THEN class = {1,274.44} [46.17, 2,502.72], (p=196, n=39, P=196, N=39)
2026-04-14 11:59:10,977 - INFO - *****STOP GROWING RR RULE*****
2026-04-14 11:59:10,977 - INFO - ***RR NOT FOUND***
2026-04-14 11:59:10,977 - INFO - *******STOP GROWING CR RULE*******
2026-04-14 11:59:10,977 - INFO - *******GROWING CR RULE*******
2026-04-14 11:59:11,074 - INFO - Iteracja 0: condition_best: HomeRuns >= 23.50, quality_best: 0.397, coverage_best: (p=19, n=7, P=68, N=167)
2026-04-14 11:59:11,074 - INFO - Regula po iteracji 0: IF HomeRuns >= 23.50 THEN class = {2,889.46} [1,690.36, 4,088.57], (p=19, n=7, P=68, N=167)
2026-04-14 11:59:11,074 - INFO - *****GROWING RR RULE*****
2026-04-14 11:59:11,260 - INFO - Iteracja 0: condition_best: On-base_percentage >= 0.39, quality_best: 0.248, coverage_best: (p=8, n=4, P=91, N=144), p_value: 3
2026-04-14 11:59:11,260 - INFO - Regula po iteracji 0: IF On-base_percentage >= 0.39 THEN class = {1,274.44} [46.17, 2,502.72], (p=8, n=4, P=91, N=144)
2026-04-14 11:59:11,281 - INFO - Iteracja 1: condition_best: None, quality_best: -inf, coverage_best: (p=0, n=0, P=0, N=0), p_value: 3
2026-04-14 11:59:11,281 - INFO - Regula po iteracji 1: IF On-base_percentage >= 0.39 THEN class = {2,546.42} [1,056.60, 4,036.24], (p=8, n=4, P=91, N=144)
2026-04-14 11:59:11,281 - INFO - *****STOP GROWING RR RULE*****
2026-04-14 11:59:11,281 - INFO - ***RR FOUND***
2026-04-14 11:59:11,281 - INFO - Reference rule: IF On-base_percentage >= 0.39 THEN class = {2,546.42} [1,056.60, 4,036.24]
2026-04-14 11:59:11,281 - INFO - ***CHECKING EXCEPTION***
2026-04-14 11:59:11,282 - INFO - *******STOP GROWING CR RULE*******
2026-04-14 11:59:11,283 - INFO - *******GROWING CR RULE*******
2026-04-14 11:59:11,378 - INFO - Iteracja 0: condition_best: Runs_batted_in >= 82.00, quality_best: 0.384, coverage_best: (p=23, n=10, P=68, N=167)
2026-04-14 11:59:11,379 - INFO - Regula po iteracji 0: IF Runs_batted_in >= 82.00 THEN class = {2,968.39} [1,772.15, 4,164.64], (p=23, n=10, P=68, N=167)
2026-04-14 11:59:11,379 - INFO - *****GROWING RR RULE*****
2026-04-14 11:59:11,570 - INFO - Iteracja 0: condition_best: None, quality_best: -inf, coverage_best: (p=0, n=0, P=0, N=0), p_value: 0
2026-04-14 11:59:11,570 - INFO - Regula po iteracji 0: IF  THEN class = {1,274.44} [46.17, 2,502.72], (p=196, n=39, P=196, N=39)
2026-04-14 11:59:11,571 - INFO - *****STOP GROWING RR RULE*****
2026-04-14 11:59:11,571 - INFO - ***RR NOT FOUND***
2026-04-14 11:59:11,596 - INFO - Iteracja 1: condition_best: Hits >= 130.50, quality_best: 0.465, coverage_best: (p=22, n=7, P=59, N=176)
2026-04-14 11:59:11,596 - INFO - Regula po iteracji 1: IF Runs_batted_in >= 82.00 AND Hits >= 130.50 THEN class = {3,099.21} [2,066.98, 4,131.44], (p=22, n=7, P=59, N=176)
2026-04-14 11:59:11,596 - INFO - *****GROWING RR RULE*****
2026-04-14 11:59:11,788 - INFO - Iteracja 0: condition_best: None, quality_best: -inf, coverage_best: (p=0, n=0, P=0, N=0), p_value: 0
2026-04-14 11:59:11,788 - INFO - Regula po iteracji 0: IF  THEN class = {1,274.44} [46.17, 2,502.72], (p=196, n=39, P=196, N=39)
2026-04-14 11:59:11,788 - INFO - *****STOP GROWING RR RULE*****
2026-04-14 11:59:11,788 - INFO - ***RR NOT FOUND***
2026-04-14 11:59:11,811 - INFO - Iteracja 2: condition_best: Runs_batted_in <= 115.00, quality_best: 0.476, coverage_best: (p=20, n=5, P=64, N=171)
2026-04-14 11:59:11,811 - INFO - Regula po iteracji 2: IF Runs_batted_in >= 82.00 AND Hits >= 130.50 AND Runs_batted_in <= 115.00 THEN class = {2,951.32} [1,996.62, 3,906.02], (p=20, n=5, P=64, N=171)
2026-04-14 11:59:11,811 - INFO - *****GROWING RR RULE*****
2026-04-14 11:59:11,996 - INFO - Iteracja 0: condition_best: On-base_percentage >= 0.39, quality_best: 0.248, coverage_best: (p=8, n=4, P=91, N=144), p_value: 3
2026-04-14 11:59:11,996 - INFO - Regula po iteracji 0: IF On-base_percentage >= 0.39 THEN class = {1,274.44} [46.17, 2,502.72], (p=8, n=4, P=91, N=144)
2026-04-14 11:59:12,016 - INFO - Iteracja 1: condition_best: None, quality_best: -inf, coverage_best: (p=0, n=0, P=0, N=0), p_value: 3
2026-04-14 11:59:12,017 - INFO - Regula po iteracji 1: IF On-base_percentage >= 0.39 THEN class = {2,546.42} [1,056.60, 4,036.24], (p=8, n=4, P=91, N=144)
2026-04-14 11:59:12,017 - INFO - *****STOP GROWING RR RULE*****
2026-04-14 11:59:12,017 - INFO - ***RR FOUND***
2026-04-14 11:59:12,017 - INFO - Reference rule: IF On-base_percentage >= 0.39 THEN class = {2,546.42} [1,056.60, 4,036.24]
2026-04-14 11:59:12,017 - INFO - ***CHECKING EXCEPTION***
2026-04-14 11:59:12,018 - INFO - *******STOP GROWING CR RULE*******
2026-04-14 11:59:12,018 - INFO - *******GROWING CR RULE*******
2026-04-14 11:59:12,113 - INFO - Iteracja 0: condition_best: Walks >= 98.50, quality_best: 1.0, coverage_best: (p=2, n=0, P=2, N=233)
2026-04-14 11:59:12,113 - INFO - Regula po iteracji 0: IF Walks >= 98.50 THEN class = {3,345.50} [3,333.00, 3,358.00], (p=2, n=0, P=2, N=233)
2026-04-14 11:59:12,113 - INFO - *****GROWING RR RULE*****
2026-04-14 11:59:12,296 - INFO - Iteracja 0: condition_best: None, quality_best: -inf, coverage_best: (p=0, n=0, P=0, N=0), p_value: 0
2026-04-14 11:59:12,296 - INFO - Regula po iteracji 0: IF  THEN class = {1,274.44} [46.17, 2,502.72], (p=196, n=39, P=196, N=39)
2026-04-14 11:59:12,297 - INFO - *****STOP GROWING RR RULE*****
2026-04-14 11:59:12,297 - INFO - ***RR NOT FOUND***
2026-04-14 11:59:12,298 - INFO - Iteracja 1: condition_best: Batting_average <= 0.28, quality_best: 1.0, coverage_best: (p=1, n=0, P=1, N=234)
2026-04-14 11:59:12,298 - INFO - Regula po iteracji 1: IF Walks >= 98.50 AND Batting_average <= 0.28 THEN class = {3,358.00} [3,358.00, 3,358.00], (p=1, n=0, P=1, N=234)
2026-04-14 11:59:12,298 - INFO - *****GROWING RR RULE*****
2026-04-14 11:59:12,483 - INFO - Iteracja 0: condition_best: None, quality_best: -inf, coverage_best: (p=0, n=0, P=0, N=0), p_value: 0
2026-04-14 11:59:12,483 - INFO - Regula po iteracji 0: IF  THEN class = {1,274.44} [46.17, 2,502.72], (p=196, n=39, P=196, N=39)
2026-04-14 11:59:12,483 - INFO - *****STOP GROWING RR RULE*****
2026-04-14 11:59:12,483 - INFO - ***RR NOT FOUND***
2026-04-14 11:59:12,484 - INFO - Iteracja 2: condition_best: None, quality_best: -inf, coverage_best: (p=0, n=0, P=0, N=0)
2026-04-14 11:59:12,484 - INFO - Regula po iteracji 2: IF Walks >= 98.50 AND Batting_average <= 0.28 THEN class = {3,358.00} [3,358.00, 3,358.00], (p=1, n=0, P=1, N=234)
2026-04-14 11:59:12,484 - INFO - *******STOP GROWING CR RULE*******
2026-04-14 11:59:13,277 - INFO - ************************Finished experiment for baseball.arff with algorithm_rer_with_exceptions************************
2026-04-14 11:59:13,277 - INFO - *************************************************************************************************************************
2026-04-14 11:59:13,277 - INFO - *************************************************************************************************************************
2026-04-14 11:59:13,277 - INFO - *************************************************************************************************************************
2026-04-14 11:59:13,278 - INFO - **********Starting experiment for baseball.arff with decision_tree**********
2026-04-14 11:59:13,299 - INFO - ************************Finished experiment for baseball.arff with decision_tree************************
2026-04-14 11:59:13,299 - INFO - *************************************************************************************************************************
2026-04-14 11:59:13,299 - INFO - *************************************************************************************************************************
2026-04-14 11:59:13,299 - INFO - *************************************************************************************************************************
