2026-04-14 12:04:56,368 - INFO - **********Starting experiment for ele-1.arff with algorithm**********
2026-04-14 12:04:56,373 - INFO - *******GROWING CR RULE*******
2026-04-14 12:04:56,448 - INFO - Iteracja 0: condition_best: Distance <= 127.50, quality_best: 0.777, coverage_best: (p=11, n=2, P=13, N=482)
2026-04-14 12:04:56,448 - INFO - Regula po iteracji 0: IF Distance <= 127.50 THEN class = {197.77} [68.44, 327.10], (p=11, n=2, P=13, N=482)
2026-04-14 12:04:56,449 - INFO - *****GROWING RR RULE*****
2026-04-14 12:04:56,544 - INFO - Iteracja 0: condition_best: None, quality_best: -inf, coverage_best: (p=0, n=0, P=0, N=0), p_value: 0
2026-04-14 12:04:56,544 - INFO - Regula po iteracji 0: IF  THEN class = {1,726.43} [573.14, 2,879.71], (p=373, n=122, P=373, N=122)
2026-04-14 12:04:56,544 - INFO - *****STOP GROWING RR RULE*****
2026-04-14 12:04:56,544 - INFO - ***RR NOT FOUND***
2026-04-14 12:04:56,546 - INFO - Iteracja 1: condition_best: Inhabitants <= 12.50, quality_best: 0.785, coverage_best: (p=9, n=1, P=12, N=483)
2026-04-14 12:04:56,546 - INFO - Regula po iteracji 1: IF Distance <= 127.50 AND Inhabitants <= 12.50 THEN class = {153.50} [65.00, 242.00], (p=9, n=1, P=12, N=483)
2026-04-14 12:04:56,546 - INFO - *****GROWING RR RULE*****
2026-04-14 12:04:56,641 - INFO - Iteracja 0: condition_best: None, quality_best: -inf, coverage_best: (p=0, n=0, P=0, N=0), p_value: 0
2026-04-14 12:04:56,641 - INFO - Regula po iteracji 0: IF  THEN class = {1,726.43} [573.14, 2,879.71], (p=373, n=122, P=373, N=122)
2026-04-14 12:04:56,641 - INFO - *****STOP GROWING RR RULE*****
2026-04-14 12:04:56,641 - INFO - ***RR NOT FOUND***
2026-04-14 12:04:56,642 - INFO - Iteracja 2: condition_best: Inhabitants <= 8.50, quality_best: 0.69, coverage_best: (p=7, n=1, P=12, N=483)
2026-04-14 12:04:56,643 - INFO - Regula po iteracji 2: IF Distance <= 127.50 AND Inhabitants <= 12.50 AND Inhabitants <= 8.50 THEN class = {154.12} [55.98, 252.27], (p=7, n=1, P=12, N=483)
2026-04-14 12:04:56,643 - INFO - *****GROWING RR RULE*****
2026-04-14 12:04:56,737 - INFO - Iteracja 0: condition_best: None, quality_best: -inf, coverage_best: (p=0, n=0, P=0, N=0), p_value: 0
2026-04-14 12:04:56,737 - INFO - Regula po iteracji 0: IF  THEN class = {1,726.43} [573.14, 2,879.71], (p=373, n=122, P=373, N=122)
2026-04-14 12:04:56,737 - INFO - *****STOP GROWING RR RULE*****
2026-04-14 12:04:56,737 - INFO - ***RR NOT FOUND***
2026-04-14 12:04:56,738 - INFO - Iteracja 3: condition_best: Distance <= 123.33, quality_best: 0.712, coverage_best: (p=6, n=1, P=9, N=486)
2026-04-14 12:04:56,739 - INFO - Regula po iteracji 3: IF Distance <= 127.50 AND Inhabitants <= 12.50 AND Inhabitants <= 8.50 AND Distance <= 123.33 THEN class = {120.14} [78.06, 162.23], (p=6, n=1, P=9, N=486)
2026-04-14 12:04:56,739 - INFO - *****GROWING RR RULE*****
2026-04-14 12:04:56,833 - INFO - Iteracja 0: condition_best: None, quality_best: -inf, coverage_best: (p=0, n=0, P=0, N=0), p_value: 0
2026-04-14 12:04:56,833 - INFO - Regula po iteracji 0: IF  THEN class = {1,726.43} [573.14, 2,879.71], (p=373, n=122, P=373, N=122)
2026-04-14 12:04:56,833 - INFO - *****STOP GROWING RR RULE*****
2026-04-14 12:04:56,833 - INFO - ***RR NOT FOUND***
2026-04-14 12:04:56,834 - INFO - Iteracja 4: condition_best: Inhabitants <= 7.00, quality_best: 0.646, coverage_best: (p=5, n=1, P=9, N=486)
2026-04-14 12:04:56,834 - INFO - Regula po iteracji 4: IF Distance <= 127.50 AND Inhabitants <= 12.50 AND Inhabitants <= 8.50 AND Distance <= 123.33 AND Inhabitants <= 7.00 THEN class = {120.50} [75.05, 165.95], (p=5, n=1, P=9, N=486)
2026-04-14 12:04:56,835 - INFO - *****GROWING RR RULE*****
2026-04-14 12:04:56,928 - INFO - Iteracja 0: condition_best: None, quality_best: -inf, coverage_best: (p=0, n=0, P=0, N=0), p_value: 0
2026-04-14 12:04:56,929 - INFO - Regula po iteracji 0: IF  THEN class = {1,726.43} [573.14, 2,879.71], (p=373, n=122, P=373, N=122)
2026-04-14 12:04:56,929 - INFO - *****STOP GROWING RR RULE*****
2026-04-14 12:04:56,929 - INFO - ***RR NOT FOUND***
2026-04-14 12:04:56,929 - INFO - *******STOP GROWING CR RULE*******
2026-04-14 12:04:56,932 - INFO - *******GROWING CR RULE*******
2026-04-14 12:04:56,995 - INFO - Iteracja 0: condition_best: Distance <= 127.50, quality_best: 0.777, coverage_best: (p=11, n=2, P=13, N=482)
2026-04-14 12:04:56,995 - INFO - Regula po iteracji 0: IF Distance <= 127.50 THEN class = {197.77} [68.44, 327.10], (p=11, n=2, P=13, N=482)
2026-04-14 12:04:56,995 - INFO - *****GROWING RR RULE*****
2026-04-14 12:04:57,089 - INFO - Iteracja 0: condition_best: None, quality_best: -inf, coverage_best: (p=0, n=0, P=0, N=0), p_value: 0
2026-04-14 12:04:57,089 - INFO - Regula po iteracji 0: IF  THEN class = {1,726.43} [573.14, 2,879.71], (p=373, n=122, P=373, N=122)
2026-04-14 12:04:57,089 - INFO - *****STOP GROWING RR RULE*****
2026-04-14 12:04:57,089 - INFO - ***RR NOT FOUND***
2026-04-14 12:04:57,091 - INFO - Iteracja 1: condition_best: Inhabitants <= 23.50, quality_best: 0.733, coverage_best: (p=10, n=2, P=13, N=482)
2026-04-14 12:04:57,091 - INFO - Regula po iteracji 1: IF Distance <= 127.50 AND Inhabitants <= 23.50 THEN class = {195.00} [60.76, 329.24], (p=10, n=2, P=13, N=482)
2026-04-14 12:04:57,092 - INFO - *****GROWING RR RULE*****
2026-04-14 12:04:57,186 - INFO - Iteracja 0: condition_best: None, quality_best: -inf, coverage_best: (p=0, n=0, P=0, N=0), p_value: 0
2026-04-14 12:04:57,186 - INFO - Regula po iteracji 0: IF  THEN class = {1,726.43} [573.14, 2,879.71], (p=373, n=122, P=373, N=122)
2026-04-14 12:04:57,186 - INFO - *****STOP GROWING RR RULE*****
2026-04-14 12:04:57,186 - INFO - ***RR NOT FOUND***
2026-04-14 12:04:57,188 - INFO - Iteracja 2: condition_best: Inhabitants <= 18.50, quality_best: 0.688, coverage_best: (p=9, n=2, P=13, N=482)
2026-04-14 12:04:57,188 - INFO - Regula po iteracji 2: IF Distance <= 127.50 AND Inhabitants <= 23.50 AND Inhabitants <= 18.50 THEN class = {188.09} [49.94, 326.24], (p=9, n=2, P=13, N=482)
2026-04-14 12:04:57,188 - INFO - *****GROWING RR RULE*****
2026-04-14 12:04:57,283 - INFO - Iteracja 0: condition_best: None, quality_best: -inf, coverage_best: (p=0, n=0, P=0, N=0), p_value: 0
2026-04-14 12:04:57,283 - INFO - Regula po iteracji 0: IF  THEN class = {1,726.43} [573.14, 2,879.71], (p=373, n=122, P=373, N=122)
2026-04-14 12:04:57,283 - INFO - *****STOP GROWING RR RULE*****
2026-04-14 12:04:57,283 - INFO - ***RR NOT FOUND***
2026-04-14 12:04:57,285 - INFO - Iteracja 3: condition_best: Inhabitants >= 1.50, quality_best: 0.594, coverage_best: (p=7, n=2, P=13, N=482)
2026-04-14 12:04:57,285 - INFO - Regula po iteracji 3: IF Distance <= 127.50 AND Inhabitants <= 23.50 AND Inhabitants <= 18.50 AND Inhabitants >= 1.50 THEN class = {197.44} [49.53, 345.36], (p=7, n=2, P=13, N=482)
2026-04-14 12:04:57,285 - INFO - *****GROWING RR RULE*****
2026-04-14 12:04:57,379 - INFO - Iteracja 0: condition_best: None, quality_best: -inf, coverage_best: (p=0, n=0, P=0, N=0), p_value: 0
2026-04-14 12:04:57,379 - INFO - Regula po iteracji 0: IF  THEN class = {1,726.43} [573.14, 2,879.71], (p=373, n=122, P=373, N=122)
2026-04-14 12:04:57,379 - INFO - *****STOP GROWING RR RULE*****
2026-04-14 12:04:57,379 - INFO - ***RR NOT FOUND***
2026-04-14 12:04:57,380 - INFO - Iteracja 4: condition_best: Inhabitants >= 3.50, quality_best: 0.491, coverage_best: (p=5, n=1, P=26, N=469)
2026-04-14 12:04:57,380 - INFO - Regula po iteracji 4: IF Distance <= 127.50 AND Inhabitants <= 23.50 AND Inhabitants <= 18.50 AND Inhabitants >= 1.50 AND Inhabitants >= 3.50 THEN class = {246.33} [86.68, 405.99], (p=5, n=1, P=26, N=469)
2026-04-14 12:04:57,381 - INFO - *****GROWING RR RULE*****
2026-04-14 12:04:57,475 - INFO - Iteracja 0: condition_best: None, quality_best: -inf, coverage_best: (p=0, n=0, P=0, N=0), p_value: 0
2026-04-14 12:04:57,475 - INFO - Regula po iteracji 0: IF  THEN class = {1,726.43} [573.14, 2,879.71], (p=373, n=122, P=373, N=122)
2026-04-14 12:04:57,475 - INFO - *****STOP GROWING RR RULE*****
2026-04-14 12:04:57,475 - INFO - ***RR NOT FOUND***
2026-04-14 12:04:57,475 - INFO - *******STOP GROWING CR RULE*******
2026-04-14 12:04:57,479 - INFO - *******GROWING CR RULE*******
2026-04-14 12:04:57,541 - INFO - Iteracja 0: condition_best: Distance <= 137.50, quality_best: 0.597, coverage_best: (p=15, n=3, P=33, N=462)
2026-04-14 12:04:57,541 - INFO - Regula po iteracji 0: IF Distance <= 137.50 THEN class = {268.06} [73.82, 462.29], (p=15, n=3, P=33, N=462)
2026-04-14 12:04:57,541 - INFO - *****GROWING RR RULE*****
2026-04-14 12:04:57,636 - INFO - Iteracja 0: condition_best: None, quality_best: -inf, coverage_best: (p=0, n=0, P=0, N=0), p_value: 0
2026-04-14 12:04:57,636 - INFO - Regula po iteracji 0: IF  THEN class = {1,726.43} [573.14, 2,879.71], (p=373, n=122, P=373, N=122)
2026-04-14 12:04:57,636 - INFO - *****STOP GROWING RR RULE*****
2026-04-14 12:04:57,636 - INFO - ***RR NOT FOUND***
2026-04-14 12:04:57,638 - INFO - Iteracja 1: condition_best: Distance <= 135.83, quality_best: 0.557, coverage_best: (p=13, n=3, P=33, N=462)
2026-04-14 12:04:57,638 - INFO - Regula po iteracji 1: IF Distance <= 137.50 AND Distance <= 135.83 THEN class = {265.25} [64.64, 465.86], (p=13, n=3, P=33, N=462)
2026-04-14 12:04:57,639 - INFO - *****GROWING RR RULE*****
2026-04-14 12:04:57,733 - INFO - Iteracja 0: condition_best: None, quality_best: -inf, coverage_best: (p=0, n=0, P=0, N=0), p_value: 0
2026-04-14 12:04:57,733 - INFO - Regula po iteracji 0: IF  THEN class = {1,726.43} [573.14, 2,879.71], (p=373, n=122, P=373, N=122)
2026-04-14 12:04:57,733 - INFO - *****STOP GROWING RR RULE*****
2026-04-14 12:04:57,733 - INFO - ***RR NOT FOUND***
2026-04-14 12:04:57,735 - INFO - Iteracja 2: condition_best: Inhabitants >= 5.00, quality_best: 0.526, coverage_best: (p=9, n=1, P=49, N=446)
2026-04-14 12:04:57,735 - INFO - Regula po iteracji 2: IF Distance <= 137.50 AND Distance <= 135.83 AND Inhabitants >= 5.00 THEN class = {326.10} [109.20, 543.00], (p=9, n=1, P=49, N=446)
2026-04-14 12:04:57,736 - INFO - *****GROWING RR RULE*****
2026-04-14 12:04:57,830 - INFO - Iteracja 0: condition_best: None, quality_best: -inf, coverage_best: (p=0, n=0, P=0, N=0), p_value: 0
2026-04-14 12:04:57,830 - INFO - Regula po iteracji 0: IF  THEN class = {1,726.43} [573.14, 2,879.71], (p=373, n=122, P=373, N=122)
2026-04-14 12:04:57,830 - INFO - *****STOP GROWING RR RULE*****
2026-04-14 12:04:57,830 - INFO - ***RR NOT FOUND***
2026-04-14 12:04:57,831 - INFO - Iteracja 3: condition_best: Inhabitants >= 8.50, quality_best: 0.407, coverage_best: (p=6, n=2, P=48, N=447)
2026-04-14 12:04:57,832 - INFO - Regula po iteracji 3: IF Distance <= 137.50 AND Distance <= 135.83 AND Inhabitants >= 5.00 AND Inhabitants >= 8.50 THEN class = {376.38} [161.54, 591.21], (p=6, n=2, P=48, N=447)
2026-04-14 12:04:57,832 - INFO - *****GROWING RR RULE*****
2026-04-14 12:04:57,925 - INFO - Iteracja 0: condition_best: None, quality_best: -inf, coverage_best: (p=0, n=0, P=0, N=0), p_value: 0
2026-04-14 12:04:57,926 - INFO - Regula po iteracji 0: IF  THEN class = {1,726.43} [573.14, 2,879.71], (p=373, n=122, P=373, N=122)
2026-04-14 12:04:57,926 - INFO - *****STOP GROWING RR RULE*****
2026-04-14 12:04:57,926 - INFO - ***RR NOT FOUND***
2026-04-14 12:04:57,927 - INFO - Iteracja 4: condition_best: None, quality_best: -inf, coverage_best: (p=0, n=0, P=0, N=0)
2026-04-14 12:04:57,927 - INFO - Regula po iteracji 4: IF Distance <= 137.50 AND Distance <= 135.83 AND Inhabitants >= 5.00 AND Inhabitants >= 8.50 THEN class = {376.38} [161.54, 591.21], (p=6, n=2, P=48, N=447)
2026-04-14 12:04:57,927 - INFO - *******STOP GROWING CR RULE*******
2026-04-14 12:04:57,930 - INFO - *******GROWING CR RULE*******
2026-04-14 12:04:57,992 - INFO - Iteracja 0: condition_best: Distance <= 335.84, quality_best: 0.569, coverage_best: (p=102, n=32, P=143, N=352)
2026-04-14 12:04:57,992 - INFO - Regula po iteracji 0: IF Distance <= 335.84 THEN class = {706.14} [344.53, 1,067.75], (p=102, n=32, P=143, N=352)
2026-04-14 12:04:57,993 - INFO - *****GROWING RR RULE*****
2026-04-14 12:04:58,088 - INFO - Iteracja 0: condition_best: None, quality_best: -inf, coverage_best: (p=0, n=0, P=0, N=0), p_value: 0
2026-04-14 12:04:58,088 - INFO - Regula po iteracji 0: IF  THEN class = {1,726.43} [573.14, 2,879.71], (p=373, n=122, P=373, N=122)
2026-04-14 12:04:58,088 - INFO - *****STOP GROWING RR RULE*****
2026-04-14 12:04:58,088 - INFO - ***RR NOT FOUND***
2026-04-14 12:04:58,104 - INFO - Iteracja 1: condition_best: Distance <= 334.16, quality_best: 0.564, coverage_best: (p=101, n=32, P=143, N=352)
2026-04-14 12:04:58,104 - INFO - Regula po iteracji 1: IF Distance <= 335.84 AND Distance <= 334.16 THEN class = {704.81} [342.17, 1,067.45], (p=101, n=32, P=143, N=352)
2026-04-14 12:04:58,104 - INFO - *****GROWING RR RULE*****
2026-04-14 12:04:58,200 - INFO - Iteracja 0: condition_best: None, quality_best: -inf, coverage_best: (p=0, n=0, P=0, N=0), p_value: 0
2026-04-14 12:04:58,200 - INFO - Regula po iteracji 0: IF  THEN class = {1,726.43} [573.14, 2,879.71], (p=373, n=122, P=373, N=122)
2026-04-14 12:04:58,201 - INFO - *****STOP GROWING RR RULE*****
2026-04-14 12:04:58,201 - INFO - ***RR NOT FOUND***
2026-04-14 12:04:58,216 - INFO - Iteracja 2: condition_best: Distance <= 331.66, quality_best: 0.56, coverage_best: (p=100, n=32, P=143, N=352)
2026-04-14 12:04:58,216 - INFO - Regula po iteracji 2: IF Distance <= 335.84 AND Distance <= 334.16 AND Distance <= 331.66 THEN class = {704.95} [340.94, 1,068.96], (p=100, n=32, P=143, N=352)
2026-04-14 12:04:58,216 - INFO - *****GROWING RR RULE*****
2026-04-14 12:04:58,312 - INFO - Iteracja 0: condition_best: None, quality_best: -inf, coverage_best: (p=0, n=0, P=0, N=0), p_value: 0
2026-04-14 12:04:58,312 - INFO - Regula po iteracji 0: IF  THEN class = {1,726.43} [573.14, 2,879.71], (p=373, n=122, P=373, N=122)
2026-04-14 12:04:58,312 - INFO - *****STOP GROWING RR RULE*****
2026-04-14 12:04:58,312 - INFO - ***RR NOT FOUND***
2026-04-14 12:04:58,327 - INFO - Iteracja 3: condition_best: Distance <= 328.34, quality_best: 0.558, coverage_best: (p=98, n=31, P=143, N=352)
2026-04-14 12:04:58,327 - INFO - Regula po iteracji 3: IF Distance <= 335.84 AND Distance <= 334.16 AND Distance <= 331.66 AND Distance <= 328.34 THEN class = {702.60} [336.44, 1,068.76], (p=98, n=31, P=143, N=352)
2026-04-14 12:04:58,328 - INFO - *****GROWING RR RULE*****
2026-04-14 12:04:58,425 - INFO - Iteracja 0: condition_best: None, quality_best: -inf, coverage_best: (p=0, n=0, P=0, N=0), p_value: 0
2026-04-14 12:04:58,425 - INFO - Regula po iteracji 0: IF  THEN class = {1,726.43} [573.14, 2,879.71], (p=373, n=122, P=373, N=122)
2026-04-14 12:04:58,425 - INFO - *****STOP GROWING RR RULE*****
2026-04-14 12:04:58,425 - INFO - ***RR NOT FOUND***
2026-04-14 12:04:58,440 - INFO - Iteracja 4: condition_best: Distance >= 70.00, quality_best: 0.563, coverage_best: (p=97, n=30, P=142, N=353)
2026-04-14 12:04:58,440 - INFO - Regula po iteracji 4: IF Distance <= 335.84 AND Distance <= 334.16 AND Distance <= 331.66 AND Distance <= 328.34 AND Distance >= 70.00 THEN class = {711.98} [350.72, 1,073.24], (p=97, n=30, P=142, N=353)
2026-04-14 12:04:58,440 - INFO - *****GROWING RR RULE*****
2026-04-14 12:04:58,536 - INFO - Iteracja 0: condition_best: None, quality_best: -inf, coverage_best: (p=0, n=0, P=0, N=0), p_value: 0
2026-04-14 12:04:58,536 - INFO - Regula po iteracji 0: IF  THEN class = {1,726.43} [573.14, 2,879.71], (p=373, n=122, P=373, N=122)
2026-04-14 12:04:58,536 - INFO - *****STOP GROWING RR RULE*****
2026-04-14 12:04:58,536 - INFO - ***RR NOT FOUND***
2026-04-14 12:04:58,536 - INFO - *******STOP GROWING CR RULE*******
2026-04-14 12:04:58,540 - INFO - *******GROWING CR RULE*******
2026-04-14 12:04:58,599 - INFO - Iteracja 0: condition_best: Distance <= 335.84, quality_best: 0.569, coverage_best: (p=102, n=32, P=143, N=352)
2026-04-14 12:04:58,600 - INFO - Regula po iteracji 0: IF Distance <= 335.84 THEN class = {706.14} [344.53, 1,067.75], (p=102, n=32, P=143, N=352)
2026-04-14 12:04:58,600 - INFO - *****GROWING RR RULE*****
2026-04-14 12:04:58,696 - INFO - Iteracja 0: condition_best: None, quality_best: -inf, coverage_best: (p=0, n=0, P=0, N=0), p_value: 0
2026-04-14 12:04:58,696 - INFO - Regula po iteracji 0: IF  THEN class = {1,726.43} [573.14, 2,879.71], (p=373, n=122, P=373, N=122)
2026-04-14 12:04:58,696 - INFO - *****STOP GROWING RR RULE*****
2026-04-14 12:04:58,696 - INFO - ***RR NOT FOUND***
2026-04-14 12:04:58,710 - INFO - Iteracja 1: condition_best: Inhabitants <= 119.50, quality_best: 0.539, coverage_best: (p=97, n=36, P=135, N=360)
2026-04-14 12:04:58,710 - INFO - Regula po iteracji 1: IF Distance <= 335.84 AND Inhabitants <= 119.50 THEN class = {696.63} [350.76, 1,042.50], (p=97, n=36, P=135, N=360)
2026-04-14 12:04:58,710 - INFO - *****GROWING RR RULE*****
2026-04-14 12:04:58,806 - INFO - Iteracja 0: condition_best: None, quality_best: -inf, coverage_best: (p=0, n=0, P=0, N=0), p_value: 0
2026-04-14 12:04:58,806 - INFO - Regula po iteracji 0: IF  THEN class = {1,726.43} [573.14, 2,879.71], (p=373, n=122, P=373, N=122)
2026-04-14 12:04:58,807 - INFO - *****STOP GROWING RR RULE*****
2026-04-14 12:04:58,807 - INFO - ***RR NOT FOUND***
2026-04-14 12:04:58,821 - INFO - Iteracja 2: condition_best: Inhabitants <= 69.00, quality_best: 0.535, coverage_best: (p=91, n=37, P=123, N=372)
2026-04-14 12:04:58,821 - INFO - Regula po iteracji 2: IF Distance <= 335.84 AND Inhabitants <= 119.50 AND Inhabitants <= 69.00 THEN class = {672.04} [344.02, 1,000.06], (p=91, n=37, P=123, N=372)
2026-04-14 12:04:58,821 - INFO - *****GROWING RR RULE*****
2026-04-14 12:04:58,917 - INFO - Iteracja 0: condition_best: None, quality_best: -inf, coverage_best: (p=0, n=0, P=0, N=0), p_value: 0
2026-04-14 12:04:58,917 - INFO - Regula po iteracji 0: IF  THEN class = {1,726.43} [573.14, 2,879.71], (p=373, n=122, P=373, N=122)
2026-04-14 12:04:58,917 - INFO - *****STOP GROWING RR RULE*****
2026-04-14 12:04:58,917 - INFO - ***RR NOT FOUND***
2026-04-14 12:04:58,931 - INFO - Iteracja 3: condition_best: Inhabitants <= 61.00, quality_best: 0.533, coverage_best: (p=89, n=37, P=120, N=375)
2026-04-14 12:04:58,931 - INFO - Regula po iteracji 3: IF Distance <= 335.84 AND Inhabitants <= 119.50 AND Inhabitants <= 69.00 AND Inhabitants <= 61.00 THEN class = {665.97} [343.08, 988.86], (p=89, n=37, P=120, N=375)
2026-04-14 12:04:58,931 - INFO - *****GROWING RR RULE*****
2026-04-14 12:04:59,027 - INFO - Iteracja 0: condition_best: None, quality_best: -inf, coverage_best: (p=0, n=0, P=0, N=0), p_value: 0
2026-04-14 12:04:59,027 - INFO - Regula po iteracji 0: IF  THEN class = {1,726.43} [573.14, 2,879.71], (p=373, n=122, P=373, N=122)
2026-04-14 12:04:59,027 - INFO - *****STOP GROWING RR RULE*****
2026-04-14 12:04:59,027 - INFO - ***RR NOT FOUND***
2026-04-14 12:04:59,040 - INFO - Iteracja 4: condition_best: Inhabitants <= 55.50, quality_best: 0.527, coverage_best: (p=86, n=36, P=119, N=376)
2026-04-14 12:04:59,040 - INFO - Regula po iteracji 4: IF Distance <= 335.84 AND Inhabitants <= 119.50 AND Inhabitants <= 69.00 AND Inhabitants <= 61.00 AND Inhabitants <= 55.50 THEN class = {662.66} [338.53, 986.78], (p=86, n=36, P=119, N=376)
2026-04-14 12:04:59,041 - INFO - *****GROWING RR RULE*****
2026-04-14 12:04:59,137 - INFO - Iteracja 0: condition_best: None, quality_best: -inf, coverage_best: (p=0, n=0, P=0, N=0), p_value: 0
2026-04-14 12:04:59,137 - INFO - Regula po iteracji 0: IF  THEN class = {1,726.43} [573.14, 2,879.71], (p=373, n=122, P=373, N=122)
2026-04-14 12:04:59,137 - INFO - *****STOP GROWING RR RULE*****
2026-04-14 12:04:59,137 - INFO - ***RR NOT FOUND***
2026-04-14 12:04:59,137 - INFO - *******STOP GROWING CR RULE*******
2026-04-14 12:04:59,139 - INFO - *******GROWING CR RULE*******
2026-04-14 12:04:59,198 - INFO - Iteracja 0: condition_best: Distance <= 340.84, quality_best: 0.538, coverage_best: (p=103, n=37, P=144, N=351)
2026-04-14 12:04:59,198 - INFO - Regula po iteracji 0: IF Distance <= 340.84 THEN class = {722.22} [354.38, 1,090.06], (p=103, n=37, P=144, N=351)
2026-04-14 12:04:59,199 - INFO - *****GROWING RR RULE*****
2026-04-14 12:04:59,295 - INFO - Iteracja 0: condition_best: None, quality_best: -inf, coverage_best: (p=0, n=0, P=0, N=0), p_value: 0
2026-04-14 12:04:59,295 - INFO - Regula po iteracji 0: IF  THEN class = {1,726.43} [573.14, 2,879.71], (p=373, n=122, P=373, N=122)
2026-04-14 12:04:59,295 - INFO - *****STOP GROWING RR RULE*****
2026-04-14 12:04:59,295 - INFO - ***RR NOT FOUND***
2026-04-14 12:04:59,310 - INFO - Iteracja 1: condition_best: Inhabitants <= 61.00, quality_best: 0.534, coverage_best: (p=93, n=38, P=125, N=370)
2026-04-14 12:04:59,310 - INFO - Regula po iteracji 1: IF Distance <= 340.84 AND Inhabitants <= 61.00 THEN class = {677.85} [352.22, 1,003.49], (p=93, n=38, P=125, N=370)
2026-04-14 12:04:59,310 - INFO - *****GROWING RR RULE*****
2026-04-14 12:04:59,406 - INFO - Iteracja 0: condition_best: None, quality_best: -inf, coverage_best: (p=0, n=0, P=0, N=0), p_value: 0
2026-04-14 12:04:59,407 - INFO - Regula po iteracji 0: IF  THEN class = {1,726.43} [573.14, 2,879.71], (p=373, n=122, P=373, N=122)
2026-04-14 12:04:59,407 - INFO - *****STOP GROWING RR RULE*****
2026-04-14 12:04:59,407 - INFO - ***RR NOT FOUND***
2026-04-14 12:04:59,420 - INFO - Iteracja 2: condition_best: Distance >= 239.17, quality_best: 0.53, coverage_best: (p=53, n=14, P=116, N=379)
2026-04-14 12:04:59,420 - INFO - Regula po iteracji 2: IF Distance <= 340.84 AND Inhabitants <= 61.00 AND Distance >= 239.17 THEN class = {890.73} [619.99, 1,161.47], (p=53, n=14, P=116, N=379)
2026-04-14 12:04:59,420 - INFO - *****GROWING RR RULE*****
2026-04-14 12:04:59,516 - INFO - Iteracja 0: condition_best: None, quality_best: -inf, coverage_best: (p=0, n=0, P=0, N=0), p_value: 0
2026-04-14 12:04:59,516 - INFO - Regula po iteracji 0: IF  THEN class = {1,726.43} [573.14, 2,879.71], (p=373, n=122, P=373, N=122)
2026-04-14 12:04:59,516 - INFO - *****STOP GROWING RR RULE*****
2026-04-14 12:04:59,516 - INFO - ***RR NOT FOUND***
2026-04-14 12:04:59,524 - INFO - Iteracja 3: condition_best: Inhabitants <= 57.00, quality_best: 0.529, coverage_best: (p=52, n=14, P=113, N=382)
2026-04-14 12:04:59,524 - INFO - Regula po iteracji 3: IF Distance <= 340.84 AND Inhabitants <= 61.00 AND Distance >= 239.17 AND Inhabitants <= 57.00 THEN class = {893.74} [622.07, 1,165.41], (p=52, n=14, P=113, N=382)
2026-04-14 12:04:59,524 - INFO - *****GROWING RR RULE*****
2026-04-14 12:04:59,619 - INFO - Iteracja 0: condition_best: None, quality_best: -inf, coverage_best: (p=0, n=0, P=0, N=0), p_value: 0
2026-04-14 12:04:59,619 - INFO - Regula po iteracji 0: IF  THEN class = {1,726.43} [573.14, 2,879.71], (p=373, n=122, P=373, N=122)
2026-04-14 12:04:59,619 - INFO - *****STOP GROWING RR RULE*****
2026-04-14 12:04:59,619 - INFO - ***RR NOT FOUND***
2026-04-14 12:04:59,626 - INFO - Iteracja 4: condition_best: Distance >= 242.50, quality_best: 0.519, coverage_best: (p=51, n=14, P=115, N=380)
2026-04-14 12:04:59,626 - INFO - Regula po iteracji 4: IF Distance <= 340.84 AND Inhabitants <= 61.00 AND Distance >= 239.17 AND Inhabitants <= 57.00 AND Distance >= 242.50 THEN class = {895.60} [622.27, 1,168.93], (p=51, n=14, P=115, N=380)
2026-04-14 12:04:59,627 - INFO - *****GROWING RR RULE*****
2026-04-14 12:04:59,723 - INFO - Iteracja 0: condition_best: None, quality_best: -inf, coverage_best: (p=0, n=0, P=0, N=0), p_value: 0
2026-04-14 12:04:59,723 - INFO - Regula po iteracji 0: IF  THEN class = {1,726.43} [573.14, 2,879.71], (p=373, n=122, P=373, N=122)
2026-04-14 12:04:59,723 - INFO - *****STOP GROWING RR RULE*****
2026-04-14 12:04:59,723 - INFO - ***RR NOT FOUND***
2026-04-14 12:04:59,723 - INFO - *******STOP GROWING CR RULE*******
2026-04-14 12:04:59,726 - INFO - *******GROWING CR RULE*******
2026-04-14 12:04:59,785 - INFO - Iteracja 0: condition_best: Distance <= 391.66, quality_best: 0.502, coverage_best: (p=137, n=53, P=177, N=318)
2026-04-14 12:04:59,785 - INFO - Regula po iteracji 0: IF Distance <= 391.66 THEN class = {860.86} [427.84, 1,293.88], (p=137, n=53, P=177, N=318)
2026-04-14 12:04:59,785 - INFO - *****GROWING RR RULE*****
2026-04-14 12:04:59,882 - INFO - Iteracja 0: condition_best: None, quality_best: -inf, coverage_best: (p=0, n=0, P=0, N=0), p_value: 0
2026-04-14 12:04:59,883 - INFO - Regula po iteracji 0: IF  THEN class = {1,726.43} [573.14, 2,879.71], (p=373, n=122, P=373, N=122)
2026-04-14 12:04:59,883 - INFO - *****STOP GROWING RR RULE*****
2026-04-14 12:04:59,883 - INFO - ***RR NOT FOUND***
2026-04-14 12:04:59,902 - INFO - Iteracja 1: condition_best: Distance >= 100.00, quality_best: 0.516, coverage_best: (p=135, n=49, P=177, N=318)
2026-04-14 12:04:59,902 - INFO - Regula po iteracji 1: IF Distance <= 391.66 AND Distance >= 100.00 THEN class = {884.69} [465.69, 1,303.69], (p=135, n=49, P=177, N=318)
2026-04-14 12:04:59,902 - INFO - *****GROWING RR RULE*****
2026-04-14 12:05:00,000 - INFO - Iteracja 0: condition_best: None, quality_best: -inf, coverage_best: (p=0, n=0, P=0, N=0), p_value: 0
2026-04-14 12:05:00,000 - INFO - Regula po iteracji 0: IF  THEN class = {1,726.43} [573.14, 2,879.71], (p=373, n=122, P=373, N=122)
2026-04-14 12:05:00,000 - INFO - *****STOP GROWING RR RULE*****
2026-04-14 12:05:00,000 - INFO - ***RR NOT FOUND***
2026-04-14 12:05:00,018 - INFO - Iteracja 2: condition_best: Inhabitants <= 57.50, quality_best: 0.527, coverage_best: (p=123, n=45, P=163, N=332)
2026-04-14 12:05:00,018 - INFO - Regula po iteracji 2: IF Distance <= 391.66 AND Distance >= 100.00 AND Inhabitants <= 57.50 THEN class = {841.65} [451.99, 1,231.31], (p=123, n=45, P=163, N=332)
2026-04-14 12:05:00,019 - INFO - *****GROWING RR RULE*****
2026-04-14 12:05:00,117 - INFO - Iteracja 0: condition_best: None, quality_best: -inf, coverage_best: (p=0, n=0, P=0, N=0), p_value: 0
2026-04-14 12:05:00,117 - INFO - Regula po iteracji 0: IF  THEN class = {1,726.43} [573.14, 2,879.71], (p=373, n=122, P=373, N=122)
2026-04-14 12:05:00,117 - INFO - *****STOP GROWING RR RULE*****
2026-04-14 12:05:00,117 - INFO - ***RR NOT FOUND***
2026-04-14 12:05:00,133 - INFO - Iteracja 3: condition_best: Distance >= 215.00, quality_best: 0.536, coverage_best: (p=92, n=29, P=147, N=348)
2026-04-14 12:05:00,133 - INFO - Regula po iteracji 3: IF Distance <= 391.66 AND Distance >= 100.00 AND Inhabitants <= 57.50 AND Distance >= 215.00 THEN class = {986.26} [636.90, 1,335.62], (p=92, n=29, P=147, N=348)
2026-04-14 12:05:00,133 - INFO - *****GROWING RR RULE*****
2026-04-14 12:05:00,231 - INFO - Iteracja 0: condition_best: None, quality_best: -inf, coverage_best: (p=0, n=0, P=0, N=0), p_value: 0
2026-04-14 12:05:00,231 - INFO - Regula po iteracji 0: IF  THEN class = {1,726.43} [573.14, 2,879.71], (p=373, n=122, P=373, N=122)
2026-04-14 12:05:00,231 - INFO - *****STOP GROWING RR RULE*****
2026-04-14 12:05:00,231 - INFO - ***RR NOT FOUND***
2026-04-14 12:05:00,243 - INFO - Iteracja 4: condition_best: Inhabitants <= 42.50, quality_best: 0.544, coverage_best: (p=86, n=26, P=141, N=354)
2026-04-14 12:05:00,243 - INFO - Regula po iteracji 4: IF Distance <= 391.66 AND Distance >= 100.00 AND Inhabitants <= 57.50 AND Distance >= 215.00 AND Inhabitants <= 42.50 THEN class = {954.84} [622.00, 1,287.68], (p=86, n=26, P=141, N=354)
2026-04-14 12:05:00,243 - INFO - *****GROWING RR RULE*****
2026-04-14 12:05:00,340 - INFO - Iteracja 0: condition_best: None, quality_best: -inf, coverage_best: (p=0, n=0, P=0, N=0), p_value: 0
2026-04-14 12:05:00,340 - INFO - Regula po iteracji 0: IF  THEN class = {1,726.43} [573.14, 2,879.71], (p=373, n=122, P=373, N=122)
2026-04-14 12:05:00,340 - INFO - *****STOP GROWING RR RULE*****
2026-04-14 12:05:00,340 - INFO - ***RR NOT FOUND***
2026-04-14 12:05:00,340 - INFO - *******STOP GROWING CR RULE*******
2026-04-14 12:05:00,342 - INFO - *******GROWING CR RULE*******
2026-04-14 12:05:00,401 - INFO - Iteracja 0: condition_best: Distance <= 391.66, quality_best: 0.502, coverage_best: (p=137, n=53, P=177, N=318)
2026-04-14 12:05:00,401 - INFO - Regula po iteracji 0: IF Distance <= 391.66 THEN class = {860.86} [427.84, 1,293.88], (p=137, n=53, P=177, N=318)
2026-04-14 12:05:00,402 - INFO - *****GROWING RR RULE*****
2026-04-14 12:05:00,499 - INFO - Iteracja 0: condition_best: None, quality_best: -inf, coverage_best: (p=0, n=0, P=0, N=0), p_value: 0
2026-04-14 12:05:00,499 - INFO - Regula po iteracji 0: IF  THEN class = {1,726.43} [573.14, 2,879.71], (p=373, n=122, P=373, N=122)
2026-04-14 12:05:00,499 - INFO - *****STOP GROWING RR RULE*****
2026-04-14 12:05:00,499 - INFO - ***RR NOT FOUND***
2026-04-14 12:05:00,518 - INFO - Iteracja 1: condition_best: Distance >= 100.00, quality_best: 0.516, coverage_best: (p=135, n=49, P=177, N=318)
2026-04-14 12:05:00,518 - INFO - Regula po iteracji 1: IF Distance <= 391.66 AND Distance >= 100.00 THEN class = {884.69} [465.69, 1,303.69], (p=135, n=49, P=177, N=318)
2026-04-14 12:05:00,518 - INFO - *****GROWING RR RULE*****
2026-04-14 12:05:00,616 - INFO - Iteracja 0: condition_best: None, quality_best: -inf, coverage_best: (p=0, n=0, P=0, N=0), p_value: 0
2026-04-14 12:05:00,616 - INFO - Regula po iteracji 0: IF  THEN class = {1,726.43} [573.14, 2,879.71], (p=373, n=122, P=373, N=122)
2026-04-14 12:05:00,616 - INFO - *****STOP GROWING RR RULE*****
2026-04-14 12:05:00,616 - INFO - ***RR NOT FOUND***
2026-04-14 12:05:00,634 - INFO - Iteracja 2: condition_best: Inhabitants <= 57.50, quality_best: 0.527, coverage_best: (p=123, n=45, P=163, N=332)
2026-04-14 12:05:00,634 - INFO - Regula po iteracji 2: IF Distance <= 391.66 AND Distance >= 100.00 AND Inhabitants <= 57.50 THEN class = {841.65} [451.99, 1,231.31], (p=123, n=45, P=163, N=332)
2026-04-14 12:05:00,634 - INFO - *****GROWING RR RULE*****
2026-04-14 12:05:00,733 - INFO - Iteracja 0: condition_best: None, quality_best: -inf, coverage_best: (p=0, n=0, P=0, N=0), p_value: 0
2026-04-14 12:05:00,733 - INFO - Regula po iteracji 0: IF  THEN class = {1,726.43} [573.14, 2,879.71], (p=373, n=122, P=373, N=122)
2026-04-14 12:05:00,733 - INFO - *****STOP GROWING RR RULE*****
2026-04-14 12:05:00,733 - INFO - ***RR NOT FOUND***
2026-04-14 12:05:00,749 - INFO - Iteracja 3: condition_best: Distance >= 215.00, quality_best: 0.536, coverage_best: (p=92, n=29, P=147, N=348)
2026-04-14 12:05:00,749 - INFO - Regula po iteracji 3: IF Distance <= 391.66 AND Distance >= 100.00 AND Inhabitants <= 57.50 AND Distance >= 215.00 THEN class = {986.26} [636.90, 1,335.62], (p=92, n=29, P=147, N=348)
2026-04-14 12:05:00,749 - INFO - *****GROWING RR RULE*****
2026-04-14 12:05:00,846 - INFO - Iteracja 0: condition_best: None, quality_best: -inf, coverage_best: (p=0, n=0, P=0, N=0), p_value: 0
2026-04-14 12:05:00,846 - INFO - Regula po iteracji 0: IF  THEN class = {1,726.43} [573.14, 2,879.71], (p=373, n=122, P=373, N=122)
2026-04-14 12:05:00,846 - INFO - *****STOP GROWING RR RULE*****
2026-04-14 12:05:00,846 - INFO - ***RR NOT FOUND***
2026-04-14 12:05:00,858 - INFO - Iteracja 4: condition_best: Inhabitants <= 50.50, quality_best: 0.543, coverage_best: (p=90, n=28, P=143, N=352)
2026-04-14 12:05:00,858 - INFO - Regula po iteracji 4: IF Distance <= 391.66 AND Distance >= 100.00 AND Inhabitants <= 57.50 AND Distance >= 215.00 AND Inhabitants <= 50.50 THEN class = {972.37} [635.26, 1,309.49], (p=90, n=28, P=143, N=352)
2026-04-14 12:05:00,858 - INFO - *****GROWING RR RULE*****
2026-04-14 12:05:00,955 - INFO - Iteracja 0: condition_best: None, quality_best: -inf, coverage_best: (p=0, n=0, P=0, N=0), p_value: 0
2026-04-14 12:05:00,955 - INFO - Regula po iteracji 0: IF  THEN class = {1,726.43} [573.14, 2,879.71], (p=373, n=122, P=373, N=122)
2026-04-14 12:05:00,955 - INFO - *****STOP GROWING RR RULE*****
2026-04-14 12:05:00,955 - INFO - ***RR NOT FOUND***
2026-04-14 12:05:00,955 - INFO - *******STOP GROWING CR RULE*******
2026-04-14 12:05:00,957 - INFO - *******GROWING CR RULE*******
2026-04-14 12:05:01,015 - INFO - Iteracja 0: condition_best: Distance <= 391.66, quality_best: 0.502, coverage_best: (p=137, n=53, P=177, N=318)
2026-04-14 12:05:01,015 - INFO - Regula po iteracji 0: IF Distance <= 391.66 THEN class = {860.86} [427.84, 1,293.88], (p=137, n=53, P=177, N=318)
2026-04-14 12:05:01,015 - INFO - *****GROWING RR RULE*****
2026-04-14 12:05:01,113 - INFO - Iteracja 0: condition_best: None, quality_best: -inf, coverage_best: (p=0, n=0, P=0, N=0), p_value: 0
2026-04-14 12:05:01,113 - INFO - Regula po iteracji 0: IF  THEN class = {1,726.43} [573.14, 2,879.71], (p=373, n=122, P=373, N=122)
2026-04-14 12:05:01,113 - INFO - *****STOP GROWING RR RULE*****
2026-04-14 12:05:01,113 - INFO - ***RR NOT FOUND***
2026-04-14 12:05:01,131 - INFO - Iteracja 1: condition_best: Distance >= 100.00, quality_best: 0.516, coverage_best: (p=135, n=49, P=177, N=318)
2026-04-14 12:05:01,132 - INFO - Regula po iteracji 1: IF Distance <= 391.66 AND Distance >= 100.00 THEN class = {884.69} [465.69, 1,303.69], (p=135, n=49, P=177, N=318)
2026-04-14 12:05:01,132 - INFO - *****GROWING RR RULE*****
2026-04-14 12:05:01,229 - INFO - Iteracja 0: condition_best: None, quality_best: -inf, coverage_best: (p=0, n=0, P=0, N=0), p_value: 0
2026-04-14 12:05:01,229 - INFO - Regula po iteracji 0: IF  THEN class = {1,726.43} [573.14, 2,879.71], (p=373, n=122, P=373, N=122)
2026-04-14 12:05:01,230 - INFO - *****STOP GROWING RR RULE*****
2026-04-14 12:05:01,230 - INFO - ***RR NOT FOUND***
2026-04-14 12:05:01,247 - INFO - Iteracja 2: condition_best: Inhabitants <= 94.50, quality_best: 0.517, coverage_best: (p=132, n=49, P=172, N=323)
2026-04-14 12:05:01,247 - INFO - Regula po iteracji 2: IF Distance <= 391.66 AND Distance >= 100.00 AND Inhabitants <= 94.50 THEN class = {874.46} [462.66, 1,286.27], (p=132, n=49, P=172, N=323)
2026-04-14 12:05:01,248 - INFO - *****GROWING RR RULE*****
2026-04-14 12:05:01,345 - INFO - Iteracja 0: condition_best: None, quality_best: -inf, coverage_best: (p=0, n=0, P=0, N=0), p_value: 0
2026-04-14 12:05:01,345 - INFO - Regula po iteracji 0: IF  THEN class = {1,726.43} [573.14, 2,879.71], (p=373, n=122, P=373, N=122)
2026-04-14 12:05:01,346 - INFO - *****STOP GROWING RR RULE*****
2026-04-14 12:05:01,346 - INFO - ***RR NOT FOUND***
2026-04-14 12:05:01,363 - INFO - Iteracja 3: condition_best: Inhabitants >= 1.50, quality_best: 0.514, coverage_best: (p=130, n=49, P=170, N=325)
2026-04-14 12:05:01,364 - INFO - Regula po iteracji 3: IF Distance <= 391.66 AND Distance >= 100.00 AND Inhabitants <= 94.50 AND Inhabitants >= 1.50 THEN class = {882.21} [474.74, 1,289.68], (p=130, n=49, P=170, N=325)
2026-04-14 12:05:01,364 - INFO - *****GROWING RR RULE*****
2026-04-14 12:05:01,462 - INFO - Iteracja 0: condition_best: None, quality_best: -inf, coverage_best: (p=0, n=0, P=0, N=0), p_value: 0
2026-04-14 12:05:01,462 - INFO - Regula po iteracji 0: IF  THEN class = {1,726.43} [573.14, 2,879.71], (p=373, n=122, P=373, N=122)
2026-04-14 12:05:01,462 - INFO - *****STOP GROWING RR RULE*****
2026-04-14 12:05:01,462 - INFO - ***RR NOT FOUND***
2026-04-14 12:05:01,480 - INFO - Iteracja 4: condition_best: Distance <= 385.00, quality_best: 0.513, coverage_best: (p=128, n=47, P=172, N=323)
2026-04-14 12:05:01,480 - INFO - Regula po iteracji 4: IF Distance <= 391.66 AND Distance >= 100.00 AND Inhabitants <= 94.50 AND Inhabitants >= 1.50 AND Distance <= 385.00 THEN class = {875.50} [465.98, 1,285.02], (p=128, n=47, P=172, N=323)
2026-04-14 12:05:01,480 - INFO - *****GROWING RR RULE*****
2026-04-14 12:05:01,577 - INFO - Iteracja 0: condition_best: None, quality_best: -inf, coverage_best: (p=0, n=0, P=0, N=0), p_value: 0
2026-04-14 12:05:01,578 - INFO - Regula po iteracji 0: IF  THEN class = {1,726.43} [573.14, 2,879.71], (p=373, n=122, P=373, N=122)
2026-04-14 12:05:01,578 - INFO - *****STOP GROWING RR RULE*****
2026-04-14 12:05:01,578 - INFO - ***RR NOT FOUND***
2026-04-14 12:05:01,578 - INFO - *******STOP GROWING CR RULE*******
2026-04-14 12:05:01,580 - INFO - *******GROWING CR RULE*******
2026-04-14 12:05:01,639 - INFO - Iteracja 0: condition_best: Distance >= 500.84, quality_best: 0.5, coverage_best: (p=162, n=48, P=225, N=270)
2026-04-14 12:05:01,639 - INFO - Regula po iteracji 0: IF Distance >= 500.84 THEN class = {2,612.09} [1,449.77, 3,774.40], (p=162, n=48, P=225, N=270)
2026-04-14 12:05:01,639 - INFO - *****GROWING RR RULE*****
2026-04-14 12:05:01,736 - INFO - Iteracja 0: condition_best: None, quality_best: -inf, coverage_best: (p=0, n=0, P=0, N=0), p_value: 0
2026-04-14 12:05:01,736 - INFO - Regula po iteracji 0: IF  THEN class = {1,726.43} [573.14, 2,879.71], (p=373, n=122, P=373, N=122)
2026-04-14 12:05:01,736 - INFO - *****STOP GROWING RR RULE*****
2026-04-14 12:05:01,736 - INFO - ***RR NOT FOUND***
2026-04-14 12:05:01,764 - INFO - Iteracja 1: condition_best: Distance <= 970.83, quality_best: 0.535, coverage_best: (p=149, n=36, P=225, N=270)
2026-04-14 12:05:01,764 - INFO - Regula po iteracji 1: IF Distance >= 500.84 AND Distance <= 970.83 THEN class = {2,465.39} [1,416.04, 3,514.74], (p=149, n=36, P=225, N=270)
2026-04-14 12:05:01,764 - INFO - *****GROWING RR RULE*****
2026-04-14 12:05:01,861 - INFO - Iteracja 0: condition_best: None, quality_best: -inf, coverage_best: (p=0, n=0, P=0, N=0), p_value: 0
2026-04-14 12:05:01,861 - INFO - Regula po iteracji 0: IF  THEN class = {1,726.43} [573.14, 2,879.71], (p=373, n=122, P=373, N=122)
2026-04-14 12:05:01,861 - INFO - *****STOP GROWING RR RULE*****
2026-04-14 12:05:01,861 - INFO - ***RR NOT FOUND***
2026-04-14 12:05:01,885 - INFO - Iteracja 2: condition_best: Inhabitants >= 13.50, quality_best: 0.547, coverage_best: (p=136, n=32, P=212, N=283)
2026-04-14 12:05:01,885 - INFO - Regula po iteracji 2: IF Distance >= 500.84 AND Distance <= 970.83 AND Inhabitants >= 13.50 THEN class = {2,559.20} [1,511.55, 3,606.84], (p=136, n=32, P=212, N=283)
2026-04-14 12:05:01,886 - INFO - *****GROWING RR RULE*****
2026-04-14 12:05:01,982 - INFO - Iteracja 0: condition_best: None, quality_best: -inf, coverage_best: (p=0, n=0, P=0, N=0), p_value: 0
2026-04-14 12:05:01,983 - INFO - Regula po iteracji 0: IF  THEN class = {1,726.43} [573.14, 2,879.71], (p=373, n=122, P=373, N=122)
2026-04-14 12:05:01,983 - INFO - *****STOP GROWING RR RULE*****
2026-04-14 12:05:01,983 - INFO - ***RR NOT FOUND***
2026-04-14 12:05:02,004 - INFO - Iteracja 3: condition_best: Inhabitants <= 260.00, quality_best: 0.542, coverage_best: (p=135, n=32, P=213, N=282)
2026-04-14 12:05:02,005 - INFO - Regula po iteracji 3: IF Distance >= 500.84 AND Distance <= 970.83 AND Inhabitants >= 13.50 AND Inhabitants <= 260.00 THEN class = {2,556.02} [1,506.05, 3,605.99], (p=135, n=32, P=213, N=282)
2026-04-14 12:05:02,005 - INFO - *****GROWING RR RULE*****
2026-04-14 12:05:02,101 - INFO - Iteracja 0: condition_best: None, quality_best: -inf, coverage_best: (p=0, n=0, P=0, N=0), p_value: 0
2026-04-14 12:05:02,101 - INFO - Regula po iteracji 0: IF  THEN class = {1,726.43} [573.14, 2,879.71], (p=373, n=122, P=373, N=122)
2026-04-14 12:05:02,102 - INFO - *****STOP GROWING RR RULE*****
2026-04-14 12:05:02,102 - INFO - ***RR NOT FOUND***
2026-04-14 12:05:02,123 - INFO - Iteracja 4: condition_best: Distance <= 949.17, quality_best: 0.544, coverage_best: (p=130, n=32, P=204, N=291)
2026-04-14 12:05:02,123 - INFO - Regula po iteracji 4: IF Distance >= 500.84 AND Distance <= 970.83 AND Inhabitants >= 13.50 AND Inhabitants <= 260.00 AND Distance <= 949.17 THEN class = {2,515.36} [1,534.79, 3,495.92], (p=130, n=32, P=204, N=291)
2026-04-14 12:05:02,123 - INFO - *****GROWING RR RULE*****
2026-04-14 12:05:02,220 - INFO - Iteracja 0: condition_best: None, quality_best: -inf, coverage_best: (p=0, n=0, P=0, N=0), p_value: 0
2026-04-14 12:05:02,220 - INFO - Regula po iteracji 0: IF  THEN class = {1,726.43} [573.14, 2,879.71], (p=373, n=122, P=373, N=122)
2026-04-14 12:05:02,220 - INFO - *****STOP GROWING RR RULE*****
2026-04-14 12:05:02,220 - INFO - ***RR NOT FOUND***
2026-04-14 12:05:02,220 - INFO - *******STOP GROWING CR RULE*******
2026-04-14 12:05:02,222 - INFO - *******GROWING CR RULE*******
2026-04-14 12:05:02,275 - INFO - Iteracja 0: condition_best: Distance >= 500.84, quality_best: 0.5, coverage_best: (p=162, n=48, P=225, N=270)
2026-04-14 12:05:02,275 - INFO - Regula po iteracji 0: IF Distance >= 500.84 THEN class = {2,612.09} [1,449.77, 3,774.40], (p=162, n=48, P=225, N=270)
2026-04-14 12:05:02,275 - INFO - *****GROWING RR RULE*****
2026-04-14 12:05:02,371 - INFO - Iteracja 0: condition_best: None, quality_best: -inf, coverage_best: (p=0, n=0, P=0, N=0), p_value: 0
2026-04-14 12:05:02,371 - INFO - Regula po iteracji 0: IF  THEN class = {1,726.43} [573.14, 2,879.71], (p=373, n=122, P=373, N=122)
2026-04-14 12:05:02,371 - INFO - *****STOP GROWING RR RULE*****
2026-04-14 12:05:02,371 - INFO - ***RR NOT FOUND***
2026-04-14 12:05:02,396 - INFO - Iteracja 1: condition_best: Distance <= 970.83, quality_best: 0.535, coverage_best: (p=149, n=36, P=225, N=270)
2026-04-14 12:05:02,396 - INFO - Regula po iteracji 1: IF Distance >= 500.84 AND Distance <= 970.83 THEN class = {2,465.39} [1,416.04, 3,514.74], (p=149, n=36, P=225, N=270)
2026-04-14 12:05:02,396 - INFO - *****GROWING RR RULE*****
2026-04-14 12:05:02,493 - INFO - Iteracja 0: condition_best: None, quality_best: -inf, coverage_best: (p=0, n=0, P=0, N=0), p_value: 0
2026-04-14 12:05:02,493 - INFO - Regula po iteracji 0: IF  THEN class = {1,726.43} [573.14, 2,879.71], (p=373, n=122, P=373, N=122)
2026-04-14 12:05:02,493 - INFO - *****STOP GROWING RR RULE*****
2026-04-14 12:05:02,493 - INFO - ***RR NOT FOUND***
2026-04-14 12:05:02,514 - INFO - Iteracja 2: condition_best: Inhabitants >= 13.50, quality_best: 0.547, coverage_best: (p=136, n=32, P=212, N=283)
2026-04-14 12:05:02,514 - INFO - Regula po iteracji 2: IF Distance >= 500.84 AND Distance <= 970.83 AND Inhabitants >= 13.50 THEN class = {2,559.20} [1,511.55, 3,606.84], (p=136, n=32, P=212, N=283)
2026-04-14 12:05:02,515 - INFO - *****GROWING RR RULE*****
2026-04-14 12:05:02,612 - INFO - Iteracja 0: condition_best: None, quality_best: -inf, coverage_best: (p=0, n=0, P=0, N=0), p_value: 0
2026-04-14 12:05:02,612 - INFO - Regula po iteracji 0: IF  THEN class = {1,726.43} [573.14, 2,879.71], (p=373, n=122, P=373, N=122)
2026-04-14 12:05:02,612 - INFO - *****STOP GROWING RR RULE*****
2026-04-14 12:05:02,612 - INFO - ***RR NOT FOUND***
2026-04-14 12:05:02,631 - INFO - Iteracja 3: condition_best: Inhabitants <= 260.00, quality_best: 0.542, coverage_best: (p=135, n=32, P=213, N=282)
2026-04-14 12:05:02,631 - INFO - Regula po iteracji 3: IF Distance >= 500.84 AND Distance <= 970.83 AND Inhabitants >= 13.50 AND Inhabitants <= 260.00 THEN class = {2,556.02} [1,506.05, 3,605.99], (p=135, n=32, P=213, N=282)
2026-04-14 12:05:02,632 - INFO - *****GROWING RR RULE*****
2026-04-14 12:05:02,729 - INFO - Iteracja 0: condition_best: None, quality_best: -inf, coverage_best: (p=0, n=0, P=0, N=0), p_value: 0
2026-04-14 12:05:02,729 - INFO - Regula po iteracji 0: IF  THEN class = {1,726.43} [573.14, 2,879.71], (p=373, n=122, P=373, N=122)
2026-04-14 12:05:02,729 - INFO - *****STOP GROWING RR RULE*****
2026-04-14 12:05:02,729 - INFO - ***RR NOT FOUND***
2026-04-14 12:05:02,748 - INFO - Iteracja 4: condition_best: Inhabitants >= 14.50, quality_best: 0.542, coverage_best: (p=134, n=31, P=215, N=280)
2026-04-14 12:05:02,749 - INFO - Regula po iteracji 4: IF Distance >= 500.84 AND Distance <= 970.83 AND Inhabitants >= 13.50 AND Inhabitants <= 260.00 AND Inhabitants >= 14.50 THEN class = {2,553.29} [1,497.27, 3,609.31], (p=134, n=31, P=215, N=280)
2026-04-14 12:05:02,749 - INFO - *****GROWING RR RULE*****
2026-04-14 12:05:02,846 - INFO - Iteracja 0: condition_best: None, quality_best: -inf, coverage_best: (p=0, n=0, P=0, N=0), p_value: 0
2026-04-14 12:05:02,847 - INFO - Regula po iteracji 0: IF  THEN class = {1,726.43} [573.14, 2,879.71], (p=373, n=122, P=373, N=122)
2026-04-14 12:05:02,847 - INFO - *****STOP GROWING RR RULE*****
2026-04-14 12:05:02,847 - INFO - ***RR NOT FOUND***
2026-04-14 12:05:02,847 - INFO - *******STOP GROWING CR RULE*******
2026-04-14 12:05:02,848 - INFO - *******GROWING CR RULE*******
2026-04-14 12:05:02,901 - INFO - Iteracja 0: condition_best: Distance >= 500.84, quality_best: 0.5, coverage_best: (p=162, n=48, P=225, N=270)
2026-04-14 12:05:02,901 - INFO - Regula po iteracji 0: IF Distance >= 500.84 THEN class = {2,612.09} [1,449.77, 3,774.40], (p=162, n=48, P=225, N=270)
2026-04-14 12:05:02,901 - INFO - *****GROWING RR RULE*****
2026-04-14 12:05:02,997 - INFO - Iteracja 0: condition_best: None, quality_best: -inf, coverage_best: (p=0, n=0, P=0, N=0), p_value: 0
2026-04-14 12:05:02,997 - INFO - Regula po iteracji 0: IF  THEN class = {1,726.43} [573.14, 2,879.71], (p=373, n=122, P=373, N=122)
2026-04-14 12:05:02,997 - INFO - *****STOP GROWING RR RULE*****
2026-04-14 12:05:02,997 - INFO - ***RR NOT FOUND***
2026-04-14 12:05:03,022 - INFO - Iteracja 1: condition_best: Distance <= 970.83, quality_best: 0.535, coverage_best: (p=149, n=36, P=225, N=270)
2026-04-14 12:05:03,022 - INFO - Regula po iteracji 1: IF Distance >= 500.84 AND Distance <= 970.83 THEN class = {2,465.39} [1,416.04, 3,514.74], (p=149, n=36, P=225, N=270)
2026-04-14 12:05:03,022 - INFO - *****GROWING RR RULE*****
2026-04-14 12:05:03,119 - INFO - Iteracja 0: condition_best: None, quality_best: -inf, coverage_best: (p=0, n=0, P=0, N=0), p_value: 0
2026-04-14 12:05:03,119 - INFO - Regula po iteracji 0: IF  THEN class = {1,726.43} [573.14, 2,879.71], (p=373, n=122, P=373, N=122)
2026-04-14 12:05:03,119 - INFO - *****STOP GROWING RR RULE*****
2026-04-14 12:05:03,119 - INFO - ***RR NOT FOUND***
2026-04-14 12:05:03,140 - INFO - Iteracja 2: condition_best: Inhabitants >= 9.50, quality_best: 0.547, coverage_best: (p=144, n=34, P=218, N=277)
2026-04-14 12:05:03,140 - INFO - Regula po iteracji 2: IF Distance >= 500.84 AND Distance <= 970.83 AND Inhabitants >= 9.50 THEN class = {2,510.28} [1,466.73, 3,553.82], (p=144, n=34, P=218, N=277)
2026-04-14 12:05:03,140 - INFO - *****GROWING RR RULE*****
2026-04-14 12:05:03,237 - INFO - Iteracja 0: condition_best: None, quality_best: -inf, coverage_best: (p=0, n=0, P=0, N=0), p_value: 0
2026-04-14 12:05:03,237 - INFO - Regula po iteracji 0: IF  THEN class = {1,726.43} [573.14, 2,879.71], (p=373, n=122, P=373, N=122)
2026-04-14 12:05:03,237 - INFO - *****STOP GROWING RR RULE*****
2026-04-14 12:05:03,237 - INFO - ***RR NOT FOUND***
2026-04-14 12:05:03,258 - INFO - Iteracja 3: condition_best: Inhabitants <= 260.00, quality_best: 0.542, coverage_best: (p=143, n=34, P=219, N=276)
2026-04-14 12:05:03,258 - INFO - Regula po iteracji 3: IF Distance >= 500.84 AND Distance <= 970.83 AND Inhabitants >= 9.50 AND Inhabitants <= 260.00 THEN class = {2,507.00} [1,461.43, 3,552.57], (p=143, n=34, P=219, N=276)
2026-04-14 12:05:03,258 - INFO - *****GROWING RR RULE*****
2026-04-14 12:05:03,355 - INFO - Iteracja 0: condition_best: None, quality_best: -inf, coverage_best: (p=0, n=0, P=0, N=0), p_value: 0
2026-04-14 12:05:03,355 - INFO - Regula po iteracji 0: IF  THEN class = {1,726.43} [573.14, 2,879.71], (p=373, n=122, P=373, N=122)
2026-04-14 12:05:03,355 - INFO - *****STOP GROWING RR RULE*****
2026-04-14 12:05:03,355 - INFO - ***RR NOT FOUND***
2026-04-14 12:05:03,376 - INFO - Iteracja 4: condition_best: Inhabitants >= 11.50, quality_best: 0.544, coverage_best: (p=141, n=33, P=218, N=277)
2026-04-14 12:05:03,376 - INFO - Regula po iteracji 4: IF Distance >= 500.84 AND Distance <= 970.83 AND Inhabitants >= 9.50 AND Inhabitants <= 260.00 AND Inhabitants >= 11.50 THEN class = {2,518.78} [1,469.50, 3,568.05], (p=141, n=33, P=218, N=277)
2026-04-14 12:05:03,376 - INFO - *****GROWING RR RULE*****
2026-04-14 12:05:03,472 - INFO - Iteracja 0: condition_best: None, quality_best: -inf, coverage_best: (p=0, n=0, P=0, N=0), p_value: 0
2026-04-14 12:05:03,473 - INFO - Regula po iteracji 0: IF  THEN class = {1,726.43} [573.14, 2,879.71], (p=373, n=122, P=373, N=122)
2026-04-14 12:05:03,473 - INFO - *****STOP GROWING RR RULE*****
2026-04-14 12:05:03,473 - INFO - ***RR NOT FOUND***
2026-04-14 12:05:03,473 - INFO - *******STOP GROWING CR RULE*******
2026-04-14 12:05:03,474 - INFO - *******GROWING CR RULE*******
2026-04-14 12:05:03,527 - INFO - Iteracja 0: condition_best: Distance >= 500.84, quality_best: 0.5, coverage_best: (p=162, n=48, P=225, N=270)
2026-04-14 12:05:03,527 - INFO - Regula po iteracji 0: IF Distance >= 500.84 THEN class = {2,612.09} [1,449.77, 3,774.40], (p=162, n=48, P=225, N=270)
2026-04-14 12:05:03,527 - INFO - *****GROWING RR RULE*****
2026-04-14 12:05:03,631 - INFO - Iteracja 0: condition_best: None, quality_best: -inf, coverage_best: (p=0, n=0, P=0, N=0), p_value: 0
2026-04-14 12:05:03,631 - INFO - Regula po iteracji 0: IF  THEN class = {1,726.43} [573.14, 2,879.71], (p=373, n=122, P=373, N=122)
2026-04-14 12:05:03,631 - INFO - *****STOP GROWING RR RULE*****
2026-04-14 12:05:03,631 - INFO - ***RR NOT FOUND***
2026-04-14 12:05:03,656 - INFO - Iteracja 1: condition_best: Distance <= 970.83, quality_best: 0.535, coverage_best: (p=149, n=36, P=225, N=270)
2026-04-14 12:05:03,656 - INFO - Regula po iteracji 1: IF Distance >= 500.84 AND Distance <= 970.83 THEN class = {2,465.39} [1,416.04, 3,514.74], (p=149, n=36, P=225, N=270)
2026-04-14 12:05:03,657 - INFO - *****GROWING RR RULE*****
2026-04-14 12:05:03,754 - INFO - Iteracja 0: condition_best: None, quality_best: -inf, coverage_best: (p=0, n=0, P=0, N=0), p_value: 0
2026-04-14 12:05:03,754 - INFO - Regula po iteracji 0: IF  THEN class = {1,726.43} [573.14, 2,879.71], (p=373, n=122, P=373, N=122)
2026-04-14 12:05:03,754 - INFO - *****STOP GROWING RR RULE*****
2026-04-14 12:05:03,754 - INFO - ***RR NOT FOUND***
2026-04-14 12:05:03,775 - INFO - Iteracja 2: condition_best: Inhabitants >= 8.50, quality_best: 0.542, coverage_best: (p=146, n=35, P=220, N=275)
2026-04-14 12:05:03,775 - INFO - Regula po iteracji 2: IF Distance >= 500.84 AND Distance <= 970.83 AND Inhabitants >= 8.50 THEN class = {2,494.08} [1,451.72, 3,536.44], (p=146, n=35, P=220, N=275)
2026-04-14 12:05:03,776 - INFO - *****GROWING RR RULE*****
2026-04-14 12:05:03,873 - INFO - Iteracja 0: condition_best: None, quality_best: -inf, coverage_best: (p=0, n=0, P=0, N=0), p_value: 0
2026-04-14 12:05:03,873 - INFO - Regula po iteracji 0: IF  THEN class = {1,726.43} [573.14, 2,879.71], (p=373, n=122, P=373, N=122)
2026-04-14 12:05:03,873 - INFO - *****STOP GROWING RR RULE*****
2026-04-14 12:05:03,873 - INFO - ***RR NOT FOUND***
2026-04-14 12:05:03,893 - INFO - Iteracja 3: condition_best: Distance <= 965.00, quality_best: 0.55, coverage_best: (p=145, n=34, P=218, N=277)
2026-04-14 12:05:03,893 - INFO - Regula po iteracji 3: IF Distance >= 500.84 AND Distance <= 970.83 AND Inhabitants >= 8.50 AND Distance <= 965.00 THEN class = {2,470.13} [1,465.43, 3,474.84], (p=145, n=34, P=218, N=277)
2026-04-14 12:05:03,894 - INFO - *****GROWING RR RULE*****
2026-04-14 12:05:03,990 - INFO - Iteracja 0: condition_best: None, quality_best: -inf, coverage_best: (p=0, n=0, P=0, N=0), p_value: 0
2026-04-14 12:05:03,991 - INFO - Regula po iteracji 0: IF  THEN class = {1,726.43} [573.14, 2,879.71], (p=373, n=122, P=373, N=122)
2026-04-14 12:05:03,991 - INFO - *****STOP GROWING RR RULE*****
2026-04-14 12:05:03,991 - INFO - ***RR NOT FOUND***
2026-04-14 12:05:04,011 - INFO - Iteracja 4: condition_best: Inhabitants <= 260.00, quality_best: 0.547, coverage_best: (p=144, n=34, P=218, N=277)
2026-04-14 12:05:04,011 - INFO - Regula po iteracji 4: IF Distance >= 500.84 AND Distance <= 970.83 AND Inhabitants >= 8.50 AND Distance <= 965.00 AND Inhabitants <= 260.00 THEN class = {2,466.65} [1,460.21, 3,473.10], (p=144, n=34, P=218, N=277)
2026-04-14 12:05:04,012 - INFO - *****GROWING RR RULE*****
2026-04-14 12:05:04,109 - INFO - Iteracja 0: condition_best: None, quality_best: -inf, coverage_best: (p=0, n=0, P=0, N=0), p_value: 0
2026-04-14 12:05:04,109 - INFO - Regula po iteracji 0: IF  THEN class = {1,726.43} [573.14, 2,879.71], (p=373, n=122, P=373, N=122)
2026-04-14 12:05:04,109 - INFO - *****STOP GROWING RR RULE*****
2026-04-14 12:05:04,109 - INFO - ***RR NOT FOUND***
2026-04-14 12:05:04,109 - INFO - *******STOP GROWING CR RULE*******
2026-04-14 12:05:04,110 - INFO - *******GROWING CR RULE*******
2026-04-14 12:05:04,163 - INFO - Iteracja 0: condition_best: Distance >= 500.84, quality_best: 0.5, coverage_best: (p=162, n=48, P=225, N=270)
2026-04-14 12:05:04,163 - INFO - Regula po iteracji 0: IF Distance >= 500.84 THEN class = {2,612.09} [1,449.77, 3,774.40], (p=162, n=48, P=225, N=270)
2026-04-14 12:05:04,163 - INFO - *****GROWING RR RULE*****
2026-04-14 12:05:04,260 - INFO - Iteracja 0: condition_best: None, quality_best: -inf, coverage_best: (p=0, n=0, P=0, N=0), p_value: 0
2026-04-14 12:05:04,260 - INFO - Regula po iteracji 0: IF  THEN class = {1,726.43} [573.14, 2,879.71], (p=373, n=122, P=373, N=122)
2026-04-14 12:05:04,260 - INFO - *****STOP GROWING RR RULE*****
2026-04-14 12:05:04,260 - INFO - ***RR NOT FOUND***
2026-04-14 12:05:04,285 - INFO - Iteracja 1: condition_best: Distance <= 970.83, quality_best: 0.535, coverage_best: (p=149, n=36, P=225, N=270)
2026-04-14 12:05:04,285 - INFO - Regula po iteracji 1: IF Distance >= 500.84 AND Distance <= 970.83 THEN class = {2,465.39} [1,416.04, 3,514.74], (p=149, n=36, P=225, N=270)
2026-04-14 12:05:04,285 - INFO - *****GROWING RR RULE*****
2026-04-14 12:05:04,382 - INFO - Iteracja 0: condition_best: None, quality_best: -inf, coverage_best: (p=0, n=0, P=0, N=0), p_value: 0
2026-04-14 12:05:04,382 - INFO - Regula po iteracji 0: IF  THEN class = {1,726.43} [573.14, 2,879.71], (p=373, n=122, P=373, N=122)
2026-04-14 12:05:04,382 - INFO - *****STOP GROWING RR RULE*****
2026-04-14 12:05:04,382 - INFO - ***RR NOT FOUND***
2026-04-14 12:05:04,403 - INFO - Iteracja 2: condition_best: Distance <= 965.00, quality_best: 0.525, coverage_best: (p=146, n=37, P=222, N=273)
2026-04-14 12:05:04,403 - INFO - Regula po iteracji 2: IF Distance >= 500.84 AND Distance <= 970.83 AND Distance <= 965.00 THEN class = {2,441.66} [1,429.46, 3,453.85], (p=146, n=37, P=222, N=273)
2026-04-14 12:05:04,403 - INFO - *****GROWING RR RULE*****
2026-04-14 12:05:04,500 - INFO - Iteracja 0: condition_best: None, quality_best: -inf, coverage_best: (p=0, n=0, P=0, N=0), p_value: 0
2026-04-14 12:05:04,500 - INFO - Regula po iteracji 0: IF  THEN class = {1,726.43} [573.14, 2,879.71], (p=373, n=122, P=373, N=122)
2026-04-14 12:05:04,500 - INFO - *****STOP GROWING RR RULE*****
2026-04-14 12:05:04,500 - INFO - ***RR NOT FOUND***
2026-04-14 12:05:04,521 - INFO - Iteracja 3: condition_best: Distance >= 502.50, quality_best: 0.511, coverage_best: (p=143, n=38, P=221, N=274)
2026-04-14 12:05:04,521 - INFO - Regula po iteracji 3: IF Distance >= 500.84 AND Distance <= 970.83 AND Distance <= 965.00 AND Distance >= 502.50 THEN class = {2,447.80} [1,431.75, 3,463.85], (p=143, n=38, P=221, N=274)
2026-04-14 12:05:04,521 - INFO - *****GROWING RR RULE*****
2026-04-14 12:05:04,618 - INFO - Iteracja 0: condition_best: None, quality_best: -inf, coverage_best: (p=0, n=0, P=0, N=0), p_value: 0
2026-04-14 12:05:04,618 - INFO - Regula po iteracji 0: IF  THEN class = {1,726.43} [573.14, 2,879.71], (p=373, n=122, P=373, N=122)
2026-04-14 12:05:04,619 - INFO - *****STOP GROWING RR RULE*****
2026-04-14 12:05:04,619 - INFO - ***RR NOT FOUND***
2026-04-14 12:05:04,640 - INFO - Iteracja 4: condition_best: Distance <= 958.33, quality_best: 0.511, coverage_best: (p=141, n=38, P=218, N=277)
2026-04-14 12:05:04,640 - INFO - Regula po iteracji 4: IF Distance >= 500.84 AND Distance <= 970.83 AND Distance <= 965.00 AND Distance >= 502.50 AND Distance <= 958.33 THEN class = {2,432.82} [1,448.22, 3,417.42], (p=141, n=38, P=218, N=277)
2026-04-14 12:05:04,640 - INFO - *****GROWING RR RULE*****
2026-04-14 12:05:04,737 - INFO - Iteracja 0: condition_best: None, quality_best: -inf, coverage_best: (p=0, n=0, P=0, N=0), p_value: 0
2026-04-14 12:05:04,737 - INFO - Regula po iteracji 0: IF  THEN class = {1,726.43} [573.14, 2,879.71], (p=373, n=122, P=373, N=122)
2026-04-14 12:05:04,737 - INFO - *****STOP GROWING RR RULE*****
2026-04-14 12:05:04,737 - INFO - ***RR NOT FOUND***
2026-04-14 12:05:04,737 - INFO - *******STOP GROWING CR RULE*******
2026-04-14 12:05:04,738 - INFO - *******GROWING CR RULE*******
2026-04-14 12:05:04,791 - INFO - Iteracja 0: condition_best: Distance >= 500.84, quality_best: 0.5, coverage_best: (p=162, n=48, P=225, N=270)
2026-04-14 12:05:04,791 - INFO - Regula po iteracji 0: IF Distance >= 500.84 THEN class = {2,612.09} [1,449.77, 3,774.40], (p=162, n=48, P=225, N=270)
2026-04-14 12:05:04,791 - INFO - *****GROWING RR RULE*****
2026-04-14 12:05:04,890 - INFO - Iteracja 0: condition_best: None, quality_best: -inf, coverage_best: (p=0, n=0, P=0, N=0), p_value: 0
2026-04-14 12:05:04,890 - INFO - Regula po iteracji 0: IF  THEN class = {1,726.43} [573.14, 2,879.71], (p=373, n=122, P=373, N=122)
2026-04-14 12:05:04,890 - INFO - *****STOP GROWING RR RULE*****
2026-04-14 12:05:04,890 - INFO - ***RR NOT FOUND***
2026-04-14 12:05:04,915 - INFO - Iteracja 1: condition_best: Distance <= 1,015.00, quality_best: 0.526, coverage_best: (p=154, n=40, P=224, N=271)
2026-04-14 12:05:04,915 - INFO - Regula po iteracji 1: IF Distance >= 500.84 AND Distance <= 1,015.00 THEN class = {2,508.02} [1,429.54, 3,586.49], (p=154, n=40, P=224, N=271)
2026-04-14 12:05:04,915 - INFO - *****GROWING RR RULE*****
2026-04-14 12:05:05,011 - INFO - Iteracja 0: condition_best: None, quality_best: -inf, coverage_best: (p=0, n=0, P=0, N=0), p_value: 0
2026-04-14 12:05:05,011 - INFO - Regula po iteracji 0: IF  THEN class = {1,726.43} [573.14, 2,879.71], (p=373, n=122, P=373, N=122)
2026-04-14 12:05:05,011 - INFO - *****STOP GROWING RR RULE*****
2026-04-14 12:05:05,011 - INFO - ***RR NOT FOUND***
2026-04-14 12:05:05,033 - INFO - Iteracja 2: condition_best: Inhabitants >= 8.50, quality_best: 0.557, coverage_best: (p=153, n=36, P=220, N=275)
2026-04-14 12:05:05,033 - INFO - Regula po iteracji 2: IF Distance >= 500.84 AND Distance <= 1,015.00 AND Inhabitants >= 8.50 THEN class = {2,541.97} [1,470.56, 3,613.39], (p=153, n=36, P=220, N=275)
2026-04-14 12:05:05,034 - INFO - *****GROWING RR RULE*****
2026-04-14 12:05:05,130 - INFO - Iteracja 0: condition_best: None, quality_best: -inf, coverage_best: (p=0, n=0, P=0, N=0), p_value: 0
2026-04-14 12:05:05,130 - INFO - Regula po iteracji 0: IF  THEN class = {1,726.43} [573.14, 2,879.71], (p=373, n=122, P=373, N=122)
2026-04-14 12:05:05,131 - INFO - *****STOP GROWING RR RULE*****
2026-04-14 12:05:05,131 - INFO - ***RR NOT FOUND***
2026-04-14 12:05:05,153 - INFO - Iteracja 3: condition_best: Distance <= 1,010.00, quality_best: 0.554, coverage_best: (p=152, n=36, P=220, N=275)
2026-04-14 12:05:05,153 - INFO - Regula po iteracji 3: IF Distance >= 500.84 AND Distance <= 1,015.00 AND Inhabitants >= 8.50 AND Distance <= 1,010.00 THEN class = {2,540.60} [1,466.50, 3,614.70], (p=152, n=36, P=220, N=275)
2026-04-14 12:05:05,153 - INFO - *****GROWING RR RULE*****
2026-04-14 12:05:05,250 - INFO - Iteracja 0: condition_best: None, quality_best: -inf, coverage_best: (p=0, n=0, P=0, N=0), p_value: 0
2026-04-14 12:05:05,250 - INFO - Regula po iteracji 0: IF  THEN class = {1,726.43} [573.14, 2,879.71], (p=373, n=122, P=373, N=122)
2026-04-14 12:05:05,251 - INFO - *****STOP GROWING RR RULE*****
2026-04-14 12:05:05,251 - INFO - ***RR NOT FOUND***
2026-04-14 12:05:05,273 - INFO - Iteracja 4: condition_best: Inhabitants <= 260.00, quality_best: 0.549, coverage_best: (p=151, n=36, P=221, N=274)
2026-04-14 12:05:05,273 - INFO - Regula po iteracji 4: IF Distance >= 500.84 AND Distance <= 1,015.00 AND Inhabitants >= 8.50 AND Distance <= 1,010.00 AND Inhabitants <= 260.00 THEN class = {2,537.66} [1,461.45, 3,613.87], (p=151, n=36, P=221, N=274)
2026-04-14 12:05:05,273 - INFO - *****GROWING RR RULE*****
2026-04-14 12:05:05,370 - INFO - Iteracja 0: condition_best: None, quality_best: -inf, coverage_best: (p=0, n=0, P=0, N=0), p_value: 0
2026-04-14 12:05:05,370 - INFO - Regula po iteracji 0: IF  THEN class = {1,726.43} [573.14, 2,879.71], (p=373, n=122, P=373, N=122)
2026-04-14 12:05:05,371 - INFO - *****STOP GROWING RR RULE*****
2026-04-14 12:05:05,371 - INFO - ***RR NOT FOUND***
2026-04-14 12:05:05,371 - INFO - *******STOP GROWING CR RULE*******
2026-04-14 12:05:05,372 - INFO - *******GROWING CR RULE*******
2026-04-14 12:05:05,425 - INFO - Iteracja 0: condition_best: Distance >= 500.84, quality_best: 0.5, coverage_best: (p=162, n=48, P=225, N=270)
2026-04-14 12:05:05,426 - INFO - Regula po iteracji 0: IF Distance >= 500.84 THEN class = {2,612.09} [1,449.77, 3,774.40], (p=162, n=48, P=225, N=270)
2026-04-14 12:05:05,426 - INFO - *****GROWING RR RULE*****
2026-04-14 12:05:05,522 - INFO - Iteracja 0: condition_best: None, quality_best: -inf, coverage_best: (p=0, n=0, P=0, N=0), p_value: 0
2026-04-14 12:05:05,522 - INFO - Regula po iteracji 0: IF  THEN class = {1,726.43} [573.14, 2,879.71], (p=373, n=122, P=373, N=122)
2026-04-14 12:05:05,522 - INFO - *****STOP GROWING RR RULE*****
2026-04-14 12:05:05,522 - INFO - ***RR NOT FOUND***
2026-04-14 12:05:05,547 - INFO - Iteracja 1: condition_best: Distance <= 1,072.50, quality_best: 0.52, coverage_best: (p=157, n=41, P=228, N=267)
2026-04-14 12:05:05,547 - INFO - Regula po iteracji 1: IF Distance >= 500.84 AND Distance <= 1,072.50 THEN class = {2,557.19} [1,413.86, 3,700.51], (p=157, n=41, P=228, N=267)
2026-04-14 12:05:05,547 - INFO - *****GROWING RR RULE*****
2026-04-14 12:05:05,643 - INFO - Iteracja 0: condition_best: None, quality_best: -inf, coverage_best: (p=0, n=0, P=0, N=0), p_value: 0
2026-04-14 12:05:05,643 - INFO - Regula po iteracji 0: IF  THEN class = {1,726.43} [573.14, 2,879.71], (p=373, n=122, P=373, N=122)
2026-04-14 12:05:05,644 - INFO - *****STOP GROWING RR RULE*****
2026-04-14 12:05:05,644 - INFO - ***RR NOT FOUND***
2026-04-14 12:05:05,666 - INFO - Iteracja 2: condition_best: Inhabitants >= 9.50, quality_best: 0.527, coverage_best: (p=151, n=39, P=222, N=273)
2026-04-14 12:05:05,666 - INFO - Regula po iteracji 2: IF Distance >= 500.84 AND Distance <= 1,072.50 AND Inhabitants >= 9.50 THEN class = {2,608.43} [1,470.41, 3,746.45], (p=151, n=39, P=222, N=273)
2026-04-14 12:05:05,666 - INFO - *****GROWING RR RULE*****
2026-04-14 12:05:05,763 - INFO - Iteracja 0: condition_best: None, quality_best: -inf, coverage_best: (p=0, n=0, P=0, N=0), p_value: 0
2026-04-14 12:05:05,763 - INFO - Regula po iteracji 0: IF  THEN class = {1,726.43} [573.14, 2,879.71], (p=373, n=122, P=373, N=122)
2026-04-14 12:05:05,763 - INFO - *****STOP GROWING RR RULE*****
2026-04-14 12:05:05,763 - INFO - ***RR NOT FOUND***
2026-04-14 12:05:05,785 - INFO - Iteracja 3: condition_best: Inhabitants >= 13.50, quality_best: 0.522, coverage_best: (p=142, n=38, P=214, N=281)
2026-04-14 12:05:05,785 - INFO - Regula po iteracji 3: IF Distance >= 500.84 AND Distance <= 1,072.50 AND Inhabitants >= 9.50 AND Inhabitants >= 13.50 THEN class = {2,659.54} [1,517.32, 3,801.77], (p=142, n=38, P=214, N=281)
2026-04-14 12:05:05,785 - INFO - *****GROWING RR RULE*****
2026-04-14 12:05:05,882 - INFO - Iteracja 0: condition_best: None, quality_best: -inf, coverage_best: (p=0, n=0, P=0, N=0), p_value: 0
2026-04-14 12:05:05,882 - INFO - Regula po iteracji 0: IF  THEN class = {1,726.43} [573.14, 2,879.71], (p=373, n=122, P=373, N=122)
2026-04-14 12:05:05,882 - INFO - *****STOP GROWING RR RULE*****
2026-04-14 12:05:05,882 - INFO - ***RR NOT FOUND***
2026-04-14 12:05:05,903 - INFO - Iteracja 4: condition_best: Inhabitants <= 167.50, quality_best: 0.519, coverage_best: (p=139, n=37, P=214, N=281)
2026-04-14 12:05:05,903 - INFO - Regula po iteracji 4: IF Distance >= 500.84 AND Distance <= 1,072.50 AND Inhabitants >= 9.50 AND Inhabitants >= 13.50 AND Inhabitants <= 167.50 THEN class = {2,627.71} [1,513.26, 3,742.16], (p=139, n=37, P=214, N=281)
2026-04-14 12:05:05,903 - INFO - *****GROWING RR RULE*****
2026-04-14 12:05:06,000 - INFO - Iteracja 0: condition_best: None, quality_best: -inf, coverage_best: (p=0, n=0, P=0, N=0), p_value: 0
2026-04-14 12:05:06,000 - INFO - Regula po iteracji 0: IF  THEN class = {1,726.43} [573.14, 2,879.71], (p=373, n=122, P=373, N=122)
2026-04-14 12:05:06,000 - INFO - *****STOP GROWING RR RULE*****
2026-04-14 12:05:06,000 - INFO - ***RR NOT FOUND***
2026-04-14 12:05:06,000 - INFO - *******STOP GROWING CR RULE*******
2026-04-14 12:05:06,001 - INFO - *******GROWING CR RULE*******
2026-04-14 12:05:06,053 - INFO - Iteracja 0: condition_best: Distance >= 500.84, quality_best: 0.5, coverage_best: (p=162, n=48, P=225, N=270)
2026-04-14 12:05:06,053 - INFO - Regula po iteracji 0: IF Distance >= 500.84 THEN class = {2,612.09} [1,449.77, 3,774.40], (p=162, n=48, P=225, N=270)
2026-04-14 12:05:06,054 - INFO - *****GROWING RR RULE*****
2026-04-14 12:05:06,149 - INFO - Iteracja 0: condition_best: None, quality_best: -inf, coverage_best: (p=0, n=0, P=0, N=0), p_value: 0
2026-04-14 12:05:06,150 - INFO - Regula po iteracji 0: IF  THEN class = {1,726.43} [573.14, 2,879.71], (p=373, n=122, P=373, N=122)
2026-04-14 12:05:06,150 - INFO - *****STOP GROWING RR RULE*****
2026-04-14 12:05:06,150 - INFO - ***RR NOT FOUND***
2026-04-14 12:05:06,174 - INFO - Iteracja 1: condition_best: Distance <= 1,145.00, quality_best: 0.516, coverage_best: (p=159, n=43, P=227, N=268)
2026-04-14 12:05:06,174 - INFO - Regula po iteracji 1: IF Distance >= 500.84 AND Distance <= 1,145.00 THEN class = {2,562.23} [1,418.86, 3,705.60], (p=159, n=43, P=227, N=268)
2026-04-14 12:05:06,174 - INFO - *****GROWING RR RULE*****
2026-04-14 12:05:06,270 - INFO - Iteracja 0: condition_best: None, quality_best: -inf, coverage_best: (p=0, n=0, P=0, N=0), p_value: 0
2026-04-14 12:05:06,270 - INFO - Regula po iteracji 0: IF  THEN class = {1,726.43} [573.14, 2,879.71], (p=373, n=122, P=373, N=122)
2026-04-14 12:05:06,271 - INFO - *****STOP GROWING RR RULE*****
2026-04-14 12:05:06,271 - INFO - ***RR NOT FOUND***
2026-04-14 12:05:06,294 - INFO - Iteracja 2: condition_best: Inhabitants <= 167.50, quality_best: 0.52, coverage_best: (p=157, n=41, P=228, N=267)
2026-04-14 12:05:06,294 - INFO - Regula po iteracji 2: IF Distance >= 500.84 AND Distance <= 1,145.00 AND Inhabitants <= 167.50 THEN class = {2,531.97} [1,415.76, 3,648.18], (p=157, n=41, P=228, N=267)
2026-04-14 12:05:06,294 - INFO - *****GROWING RR RULE*****
2026-04-14 12:05:06,390 - INFO - Iteracja 0: condition_best: None, quality_best: -inf, coverage_best: (p=0, n=0, P=0, N=0), p_value: 0
2026-04-14 12:05:06,390 - INFO - Regula po iteracji 0: IF  THEN class = {1,726.43} [573.14, 2,879.71], (p=373, n=122, P=373, N=122)
2026-04-14 12:05:06,390 - INFO - *****STOP GROWING RR RULE*****
2026-04-14 12:05:06,390 - INFO - ***RR NOT FOUND***
2026-04-14 12:05:06,413 - INFO - Iteracja 3: condition_best: Inhabitants >= 5.00, quality_best: 0.514, coverage_best: (p=155, n=42, P=225, N=270)
2026-04-14 12:05:06,413 - INFO - Regula po iteracji 3: IF Distance >= 500.84 AND Distance <= 1,145.00 AND Inhabitants <= 167.50 AND Inhabitants >= 5.00 THEN class = {2,540.01} [1,426.71, 3,653.31], (p=155, n=42, P=225, N=270)
2026-04-14 12:05:06,413 - INFO - *****GROWING RR RULE*****
2026-04-14 12:05:06,509 - INFO - Iteracja 0: condition_best: None, quality_best: -inf, coverage_best: (p=0, n=0, P=0, N=0), p_value: 0
2026-04-14 12:05:06,509 - INFO - Regula po iteracji 0: IF  THEN class = {1,726.43} [573.14, 2,879.71], (p=373, n=122, P=373, N=122)
2026-04-14 12:05:06,509 - INFO - *****STOP GROWING RR RULE*****
2026-04-14 12:05:06,509 - INFO - ***RR NOT FOUND***
2026-04-14 12:05:06,532 - INFO - Iteracja 4: condition_best: Inhabitants >= 6.50, quality_best: 0.513, coverage_best: (p=154, n=42, P=224, N=271)
2026-04-14 12:05:06,532 - INFO - Regula po iteracji 4: IF Distance >= 500.84 AND Distance <= 1,145.00 AND Inhabitants <= 167.50 AND Inhabitants >= 5.00 AND Inhabitants >= 6.50 THEN class = {2,546.01} [1,433.05, 3,658.97], (p=154, n=42, P=224, N=271)
2026-04-14 12:05:06,533 - INFO - *****GROWING RR RULE*****
2026-04-14 12:05:06,629 - INFO - Iteracja 0: condition_best: None, quality_best: -inf, coverage_best: (p=0, n=0, P=0, N=0), p_value: 0
2026-04-14 12:05:06,629 - INFO - Regula po iteracji 0: IF  THEN class = {1,726.43} [573.14, 2,879.71], (p=373, n=122, P=373, N=122)
2026-04-14 12:05:06,629 - INFO - *****STOP GROWING RR RULE*****
2026-04-14 12:05:06,629 - INFO - ***RR NOT FOUND***
2026-04-14 12:05:06,629 - INFO - *******STOP GROWING CR RULE*******
2026-04-14 12:05:06,630 - INFO - *******GROWING CR RULE*******
2026-04-14 12:05:06,683 - INFO - Iteracja 0: condition_best: Distance >= 500.84, quality_best: 0.5, coverage_best: (p=162, n=48, P=225, N=270)
2026-04-14 12:05:06,683 - INFO - Regula po iteracji 0: IF Distance >= 500.84 THEN class = {2,612.09} [1,449.77, 3,774.40], (p=162, n=48, P=225, N=270)
2026-04-14 12:05:06,683 - INFO - *****GROWING RR RULE*****
2026-04-14 12:05:06,780 - INFO - Iteracja 0: condition_best: None, quality_best: -inf, coverage_best: (p=0, n=0, P=0, N=0), p_value: 0
2026-04-14 12:05:06,780 - INFO - Regula po iteracji 0: IF  THEN class = {1,726.43} [573.14, 2,879.71], (p=373, n=122, P=373, N=122)
2026-04-14 12:05:06,780 - INFO - *****STOP GROWING RR RULE*****
2026-04-14 12:05:06,780 - INFO - ***RR NOT FOUND***
2026-04-14 12:05:06,804 - INFO - Iteracja 1: condition_best: Inhabitants >= 12.50, quality_best: 0.515, coverage_best: (p=152, n=45, P=212, N=283)
2026-04-14 12:05:06,804 - INFO - Regula po iteracji 1: IF Distance >= 500.84 AND Inhabitants >= 12.50 THEN class = {2,687.22} [1,529.67, 3,844.78], (p=152, n=45, P=212, N=283)
2026-04-14 12:05:06,805 - INFO - *****GROWING RR RULE*****
2026-04-14 12:05:06,901 - INFO - Iteracja 0: condition_best: None, quality_best: -inf, coverage_best: (p=0, n=0, P=0, N=0), p_value: 0
2026-04-14 12:05:06,901 - INFO - Regula po iteracji 0: IF  THEN class = {1,726.43} [573.14, 2,879.71], (p=373, n=122, P=373, N=122)
2026-04-14 12:05:06,901 - INFO - *****STOP GROWING RR RULE*****
2026-04-14 12:05:06,901 - INFO - ***RR NOT FOUND***
2026-04-14 12:05:06,924 - INFO - Iteracja 2: condition_best: Distance <= 1,315.84, quality_best: 0.52, coverage_best: (p=151, n=43, P=214, N=281)
2026-04-14 12:05:06,924 - INFO - Regula po iteracji 2: IF Distance >= 500.84 AND Inhabitants >= 12.50 AND Distance <= 1,315.84 THEN class = {2,660.10} [1,516.25, 3,803.95], (p=151, n=43, P=214, N=281)
2026-04-14 12:05:06,924 - INFO - *****GROWING RR RULE*****
2026-04-14 12:05:07,021 - INFO - Iteracja 0: condition_best: None, quality_best: -inf, coverage_best: (p=0, n=0, P=0, N=0), p_value: 0
2026-04-14 12:05:07,021 - INFO - Regula po iteracji 0: IF  THEN class = {1,726.43} [573.14, 2,879.71], (p=373, n=122, P=373, N=122)
2026-04-14 12:05:07,021 - INFO - *****STOP GROWING RR RULE*****
2026-04-14 12:05:07,021 - INFO - ***RR NOT FOUND***
2026-04-14 12:05:07,044 - INFO - Iteracja 3: condition_best: Inhabitants >= 14.50, quality_best: 0.522, coverage_best: (p=145, n=41, P=210, N=285)
2026-04-14 12:05:07,044 - INFO - Regula po iteracji 3: IF Distance >= 500.84 AND Inhabitants >= 12.50 AND Distance <= 1,315.84 AND Inhabitants >= 14.50 THEN class = {2,685.92} [1,532.08, 3,839.77], (p=145, n=41, P=210, N=285)
2026-04-14 12:05:07,044 - INFO - *****GROWING RR RULE*****
2026-04-14 12:05:07,140 - INFO - Iteracja 0: condition_best: None, quality_best: -inf, coverage_best: (p=0, n=0, P=0, N=0), p_value: 0
2026-04-14 12:05:07,141 - INFO - Regula po iteracji 0: IF  THEN class = {1,726.43} [573.14, 2,879.71], (p=373, n=122, P=373, N=122)
2026-04-14 12:05:07,141 - INFO - *****STOP GROWING RR RULE*****
2026-04-14 12:05:07,141 - INFO - ***RR NOT FOUND***
2026-04-14 12:05:07,163 - INFO - Iteracja 4: condition_best: Inhabitants >= 20.50, quality_best: 0.518, coverage_best: (p=117, n=35, P=184, N=311)
2026-04-14 12:05:07,163 - INFO - Regula po iteracji 4: IF Distance >= 500.84 AND Inhabitants >= 12.50 AND Distance <= 1,315.84 AND Inhabitants >= 14.50 AND Inhabitants >= 20.50 THEN class = {2,851.53} [1,677.20, 4,025.85], (p=117, n=35, P=184, N=311)
2026-04-14 12:05:07,163 - INFO - *****GROWING RR RULE*****
2026-04-14 12:05:07,259 - INFO - Iteracja 0: condition_best: None, quality_best: -inf, coverage_best: (p=0, n=0, P=0, N=0), p_value: 0
2026-04-14 12:05:07,260 - INFO - Regula po iteracji 0: IF  THEN class = {1,726.43} [573.14, 2,879.71], (p=373, n=122, P=373, N=122)
2026-04-14 12:05:07,260 - INFO - *****STOP GROWING RR RULE*****
2026-04-14 12:05:07,260 - INFO - ***RR NOT FOUND***
2026-04-14 12:05:07,260 - INFO - *******STOP GROWING CR RULE*******
2026-04-14 12:05:07,261 - INFO - *******GROWING CR RULE*******
2026-04-14 12:05:07,313 - INFO - Iteracja 0: condition_best: Distance <= 399.16, quality_best: 0.496, coverage_best: (p=141, n=56, P=179, N=316)
2026-04-14 12:05:07,313 - INFO - Regula po iteracji 0: IF Distance <= 399.16 THEN class = {876.67} [437.21, 1,316.13], (p=141, n=56, P=179, N=316)
2026-04-14 12:05:07,313 - INFO - *****GROWING RR RULE*****
2026-04-14 12:05:07,409 - INFO - Iteracja 0: condition_best: None, quality_best: -inf, coverage_best: (p=0, n=0, P=0, N=0), p_value: 0
2026-04-14 12:05:07,410 - INFO - Regula po iteracji 0: IF  THEN class = {1,726.43} [573.14, 2,879.71], (p=373, n=122, P=373, N=122)
2026-04-14 12:05:07,410 - INFO - *****STOP GROWING RR RULE*****
2026-04-14 12:05:07,410 - INFO - ***RR NOT FOUND***
2026-04-14 12:05:07,428 - INFO - Iteracja 1: condition_best: Inhabitants <= 83.00, quality_best: 0.518, coverage_best: (p=140, n=52, P=177, N=318)
2026-04-14 12:05:07,429 - INFO - Regula po iteracji 1: IF Distance <= 399.16 AND Inhabitants <= 83.00 THEN class = {860.23} [430.05, 1,290.41], (p=140, n=52, P=177, N=318)
2026-04-14 12:05:07,429 - INFO - *****GROWING RR RULE*****
2026-04-14 12:05:07,525 - INFO - Iteracja 0: condition_best: None, quality_best: -inf, coverage_best: (p=0, n=0, P=0, N=0), p_value: 0
2026-04-14 12:05:07,525 - INFO - Regula po iteracji 0: IF  THEN class = {1,726.43} [573.14, 2,879.71], (p=373, n=122, P=373, N=122)
2026-04-14 12:05:07,525 - INFO - *****STOP GROWING RR RULE*****
2026-04-14 12:05:07,525 - INFO - ***RR NOT FOUND***
2026-04-14 12:05:07,543 - INFO - Iteracja 2: condition_best: Distance >= 85.83, quality_best: 0.528, coverage_best: (p=139, n=49, P=178, N=317)
2026-04-14 12:05:07,543 - INFO - Regula po iteracji 2: IF Distance <= 399.16 AND Inhabitants <= 83.00 AND Distance >= 85.83 THEN class = {876.27} [455.98, 1,296.55], (p=139, n=49, P=178, N=317)
2026-04-14 12:05:07,544 - INFO - *****GROWING RR RULE*****
2026-04-14 12:05:07,641 - INFO - Iteracja 0: condition_best: None, quality_best: -inf, coverage_best: (p=0, n=0, P=0, N=0), p_value: 0
2026-04-14 12:05:07,641 - INFO - Regula po iteracji 0: IF  THEN class = {1,726.43} [573.14, 2,879.71], (p=373, n=122, P=373, N=122)
2026-04-14 12:05:07,641 - INFO - *****STOP GROWING RR RULE*****
2026-04-14 12:05:07,641 - INFO - ***RR NOT FOUND***
2026-04-14 12:05:07,659 - INFO - Iteracja 3: condition_best: Inhabitants <= 75.50, quality_best: 0.529, coverage_best: (p=138, n=49, P=176, N=319)
2026-04-14 12:05:07,659 - INFO - Regula po iteracji 3: IF Distance <= 399.16 AND Inhabitants <= 83.00 AND Distance >= 85.83 AND Inhabitants <= 75.50 THEN class = {874.86} [453.90, 1,295.82], (p=138, n=49, P=176, N=319)
2026-04-14 12:05:07,659 - INFO - *****GROWING RR RULE*****
2026-04-14 12:05:07,756 - INFO - Iteracja 0: condition_best: None, quality_best: -inf, coverage_best: (p=0, n=0, P=0, N=0), p_value: 0
2026-04-14 12:05:07,756 - INFO - Regula po iteracji 0: IF  THEN class = {1,726.43} [573.14, 2,879.71], (p=373, n=122, P=373, N=122)
2026-04-14 12:05:07,756 - INFO - *****STOP GROWING RR RULE*****
2026-04-14 12:05:07,756 - INFO - ***RR NOT FOUND***
2026-04-14 12:05:07,774 - INFO - Iteracja 4: condition_best: Inhabitants >= 1.50, quality_best: 0.529, coverage_best: (p=137, n=48, P=177, N=318)
2026-04-14 12:05:07,774 - INFO - Regula po iteracji 4: IF Distance <= 399.16 AND Inhabitants <= 83.00 AND Distance >= 85.83 AND Inhabitants <= 75.50 AND Inhabitants >= 1.50 THEN class = {882.36} [465.40, 1,299.31], (p=137, n=48, P=177, N=318)
2026-04-14 12:05:07,774 - INFO - *****GROWING RR RULE*****
2026-04-14 12:05:07,871 - INFO - Iteracja 0: condition_best: None, quality_best: -inf, coverage_best: (p=0, n=0, P=0, N=0), p_value: 0
2026-04-14 12:05:07,871 - INFO - Regula po iteracji 0: IF  THEN class = {1,726.43} [573.14, 2,879.71], (p=373, n=122, P=373, N=122)
2026-04-14 12:05:07,871 - INFO - *****STOP GROWING RR RULE*****
2026-04-14 12:05:07,871 - INFO - ***RR NOT FOUND***
2026-04-14 12:05:07,871 - INFO - *******STOP GROWING CR RULE*******
2026-04-14 12:05:07,872 - INFO - *******GROWING CR RULE*******
2026-04-14 12:05:07,924 - INFO - Iteracja 0: condition_best: Distance >= 489.16, quality_best: 0.496, coverage_best: (p=170, n=50, P=232, N=263)
2026-04-14 12:05:07,924 - INFO - Regula po iteracji 0: IF Distance >= 489.16 THEN class = {2,565.43} [1,400.92, 3,729.93], (p=170, n=50, P=232, N=263)
2026-04-14 12:05:07,924 - INFO - *****GROWING RR RULE*****
2026-04-14 12:05:08,020 - INFO - Iteracja 0: condition_best: None, quality_best: -inf, coverage_best: (p=0, n=0, P=0, N=0), p_value: 0
2026-04-14 12:05:08,020 - INFO - Regula po iteracji 0: IF  THEN class = {1,726.43} [573.14, 2,879.71], (p=373, n=122, P=373, N=122)
2026-04-14 12:05:08,020 - INFO - *****STOP GROWING RR RULE*****
2026-04-14 12:05:08,020 - INFO - ***RR NOT FOUND***
2026-04-14 12:05:08,045 - INFO - Iteracja 1: condition_best: Distance <= 1,003.33, quality_best: 0.532, coverage_best: (p=161, n=40, P=231, N=264)
2026-04-14 12:05:08,045 - INFO - Regula po iteracji 1: IF Distance >= 489.16 AND Distance <= 1,003.33 THEN class = {2,431.84} [1,385.35, 3,478.33], (p=161, n=40, P=231, N=264)
2026-04-14 12:05:08,045 - INFO - *****GROWING RR RULE*****
2026-04-14 12:05:08,141 - INFO - Iteracja 0: condition_best: None, quality_best: -inf, coverage_best: (p=0, n=0, P=0, N=0), p_value: 0
2026-04-14 12:05:08,141 - INFO - Regula po iteracji 0: IF  THEN class = {1,726.43} [573.14, 2,879.71], (p=373, n=122, P=373, N=122)
2026-04-14 12:05:08,141 - INFO - *****STOP GROWING RR RULE*****
2026-04-14 12:05:08,141 - INFO - ***RR NOT FOUND***
2026-04-14 12:05:08,164 - INFO - Iteracja 2: condition_best: Inhabitants >= 6.50, quality_best: 0.536, coverage_best: (p=158, n=40, P=225, N=270)
2026-04-14 12:05:08,164 - INFO - Regula po iteracji 2: IF Distance >= 489.16 AND Distance <= 1,003.33 AND Inhabitants >= 6.50 THEN class = {2,452.68} [1,412.55, 3,492.82], (p=158, n=40, P=225, N=270)
2026-04-14 12:05:08,164 - INFO - *****GROWING RR RULE*****
2026-04-14 12:05:08,260 - INFO - Iteracja 0: condition_best: None, quality_best: -inf, coverage_best: (p=0, n=0, P=0, N=0), p_value: 0
2026-04-14 12:05:08,261 - INFO - Regula po iteracji 0: IF  THEN class = {1,726.43} [573.14, 2,879.71], (p=373, n=122, P=373, N=122)
2026-04-14 12:05:08,261 - INFO - *****STOP GROWING RR RULE*****
2026-04-14 12:05:08,261 - INFO - ***RR NOT FOUND***
2026-04-14 12:05:08,283 - INFO - Iteracja 3: condition_best: Distance <= 975.83, quality_best: 0.543, coverage_best: (p=156, n=37, P=228, N=267)
2026-04-14 12:05:08,283 - INFO - Regula po iteracji 3: IF Distance >= 489.16 AND Distance <= 1,003.33 AND Inhabitants >= 6.50 AND Distance <= 975.83 THEN class = {2,445.57} [1,401.47, 3,489.67], (p=156, n=37, P=228, N=267)
2026-04-14 12:05:08,283 - INFO - *****GROWING RR RULE*****
2026-04-14 12:05:08,380 - INFO - Iteracja 0: condition_best: None, quality_best: -inf, coverage_best: (p=0, n=0, P=0, N=0), p_value: 0
2026-04-14 12:05:08,380 - INFO - Regula po iteracji 0: IF  THEN class = {1,726.43} [573.14, 2,879.71], (p=373, n=122, P=373, N=122)
2026-04-14 12:05:08,380 - INFO - *****STOP GROWING RR RULE*****
2026-04-14 12:05:08,380 - INFO - ***RR NOT FOUND***
2026-04-14 12:05:08,402 - INFO - Iteracja 4: condition_best: Inhabitants >= 7.50, quality_best: 0.542, coverage_best: (p=155, n=37, P=227, N=268)
2026-04-14 12:05:08,402 - INFO - Regula po iteracji 4: IF Distance >= 489.16 AND Distance <= 1,003.33 AND Inhabitants >= 6.50 AND Distance <= 975.83 AND Inhabitants >= 7.50 THEN class = {2,451.17} [1,407.26, 3,495.09], (p=155, n=37, P=227, N=268)
2026-04-14 12:05:08,402 - INFO - *****GROWING RR RULE*****
2026-04-14 12:05:08,498 - INFO - Iteracja 0: condition_best: None, quality_best: -inf, coverage_best: (p=0, n=0, P=0, N=0), p_value: 0
2026-04-14 12:05:08,498 - INFO - Regula po iteracji 0: IF  THEN class = {1,726.43} [573.14, 2,879.71], (p=373, n=122, P=373, N=122)
2026-04-14 12:05:08,498 - INFO - *****STOP GROWING RR RULE*****
2026-04-14 12:05:08,498 - INFO - ***RR NOT FOUND***
2026-04-14 12:05:08,498 - INFO - *******STOP GROWING CR RULE*******
2026-04-14 12:05:08,499 - INFO - *******GROWING CR RULE*******
2026-04-14 12:05:08,552 - INFO - Iteracja 0: condition_best: Distance >= 465.00, quality_best: 0.494, coverage_best: (p=189, n=51, P=253, N=242)
2026-04-14 12:05:08,552 - INFO - Regula po iteracji 0: IF Distance >= 465.00 THEN class = {2,479.93} [1,318.21, 3,641.64], (p=189, n=51, P=253, N=242)
2026-04-14 12:05:08,552 - INFO - *****GROWING RR RULE*****
2026-04-14 12:05:08,649 - INFO - Iteracja 0: condition_best: None, quality_best: -inf, coverage_best: (p=0, n=0, P=0, N=0), p_value: 0
2026-04-14 12:05:08,649 - INFO - Regula po iteracji 0: IF  THEN class = {1,726.43} [573.14, 2,879.71], (p=373, n=122, P=373, N=122)
2026-04-14 12:05:08,649 - INFO - *****STOP GROWING RR RULE*****
2026-04-14 12:05:08,649 - INFO - ***RR NOT FOUND***
2026-04-14 12:05:08,676 - INFO - Iteracja 1: condition_best: Distance <= 1,015.00, quality_best: 0.528, coverage_best: (p=181, n=43, P=250, N=245)
2026-04-14 12:05:08,676 - INFO - Regula po iteracji 1: IF Distance >= 465.00 AND Distance <= 1,015.00 THEN class = {2,380.35} [1,302.77, 3,457.93], (p=181, n=43, P=250, N=245)
2026-04-14 12:05:08,676 - INFO - *****GROWING RR RULE*****
2026-04-14 12:05:08,773 - INFO - Iteracja 0: condition_best: None, quality_best: -inf, coverage_best: (p=0, n=0, P=0, N=0), p_value: 0
2026-04-14 12:05:08,773 - INFO - Regula po iteracji 0: IF  THEN class = {1,726.43} [573.14, 2,879.71], (p=373, n=122, P=373, N=122)
2026-04-14 12:05:08,773 - INFO - *****STOP GROWING RR RULE*****
2026-04-14 12:05:08,773 - INFO - ***RR NOT FOUND***
2026-04-14 12:05:08,798 - INFO - Iteracja 2: condition_best: Distance >= 469.17, quality_best: 0.535, coverage_best: (p=179, n=41, P=250, N=245)
2026-04-14 12:05:08,798 - INFO - Regula po iteracji 2: IF Distance >= 465.00 AND Distance <= 1,015.00 AND Distance >= 469.17 THEN class = {2,391.90} [1,313.77, 3,470.04], (p=179, n=41, P=250, N=245)
2026-04-14 12:05:08,798 - INFO - *****GROWING RR RULE*****
2026-04-14 12:05:08,895 - INFO - Iteracja 0: condition_best: None, quality_best: -inf, coverage_best: (p=0, n=0, P=0, N=0), p_value: 0
2026-04-14 12:05:08,895 - INFO - Regula po iteracji 0: IF  THEN class = {1,726.43} [573.14, 2,879.71], (p=373, n=122, P=373, N=122)
2026-04-14 12:05:08,895 - INFO - *****STOP GROWING RR RULE*****
2026-04-14 12:05:08,895 - INFO - ***RR NOT FOUND***
2026-04-14 12:05:08,920 - INFO - Iteracja 3: condition_best: Inhabitants >= 5.00, quality_best: 0.544, coverage_best: (p=179, n=40, P=249, N=246)
2026-04-14 12:05:08,920 - INFO - Regula po iteracji 3: IF Distance >= 465.00 AND Distance <= 1,015.00 AND Distance >= 469.17 AND Inhabitants >= 5.00 THEN class = {2,398.50} [1,322.34, 3,474.65], (p=179, n=40, P=249, N=246)
2026-04-14 12:05:08,920 - INFO - *****GROWING RR RULE*****
2026-04-14 12:05:09,016 - INFO - Iteracja 0: condition_best: None, quality_best: -inf, coverage_best: (p=0, n=0, P=0, N=0), p_value: 0
2026-04-14 12:05:09,016 - INFO - Regula po iteracji 0: IF  THEN class = {1,726.43} [573.14, 2,879.71], (p=373, n=122, P=373, N=122)
2026-04-14 12:05:09,017 - INFO - *****STOP GROWING RR RULE*****
2026-04-14 12:05:09,017 - INFO - ***RR NOT FOUND***
2026-04-14 12:05:09,041 - INFO - Iteracja 4: condition_best: Distance <= 1,003.33, quality_best: 0.542, coverage_best: (p=176, n=40, P=246, N=249)
2026-04-14 12:05:09,041 - INFO - Regula po iteracji 4: IF Distance >= 465.00 AND Distance <= 1,015.00 AND Distance >= 469.17 AND Inhabitants >= 5.00 AND Distance <= 1,003.33 THEN class = {2,368.79} [1,326.56, 3,411.03], (p=176, n=40, P=246, N=249)
2026-04-14 12:05:09,042 - INFO - *****GROWING RR RULE*****
2026-04-14 12:05:09,138 - INFO - Iteracja 0: condition_best: None, quality_best: -inf, coverage_best: (p=0, n=0, P=0, N=0), p_value: 0
2026-04-14 12:05:09,138 - INFO - Regula po iteracji 0: IF  THEN class = {1,726.43} [573.14, 2,879.71], (p=373, n=122, P=373, N=122)
2026-04-14 12:05:09,138 - INFO - *****STOP GROWING RR RULE*****
2026-04-14 12:05:09,139 - INFO - ***RR NOT FOUND***
2026-04-14 12:05:09,139 - INFO - *******STOP GROWING CR RULE*******
2026-04-14 12:05:09,139 - INFO - *******GROWING CR RULE*******
2026-04-14 12:05:09,190 - INFO - Iteracja 0: condition_best: Distance >= 465.00, quality_best: 0.494, coverage_best: (p=189, n=51, P=253, N=242)
2026-04-14 12:05:09,190 - INFO - Regula po iteracji 0: IF Distance >= 465.00 THEN class = {2,479.93} [1,318.21, 3,641.64], (p=189, n=51, P=253, N=242)
2026-04-14 12:05:09,190 - INFO - *****GROWING RR RULE*****
2026-04-14 12:05:09,286 - INFO - Iteracja 0: condition_best: None, quality_best: -inf, coverage_best: (p=0, n=0, P=0, N=0), p_value: 0
2026-04-14 12:05:09,287 - INFO - Regula po iteracji 0: IF  THEN class = {1,726.43} [573.14, 2,879.71], (p=373, n=122, P=373, N=122)
2026-04-14 12:05:09,287 - INFO - *****STOP GROWING RR RULE*****
2026-04-14 12:05:09,287 - INFO - ***RR NOT FOUND***
2026-04-14 12:05:09,313 - INFO - Iteracja 1: condition_best: Distance <= 1,365.00, quality_best: 0.506, coverage_best: (p=189, n=49, P=253, N=242)
2026-04-14 12:05:09,313 - INFO - Regula po iteracji 1: IF Distance >= 465.00 AND Distance <= 1,365.00 THEN class = {2,465.14} [1,310.80, 3,619.48], (p=189, n=49, P=253, N=242)
2026-04-14 12:05:09,313 - INFO - *****GROWING RR RULE*****
2026-04-14 12:05:09,409 - INFO - Iteracja 0: condition_best: None, quality_best: -inf, coverage_best: (p=0, n=0, P=0, N=0), p_value: 0
2026-04-14 12:05:09,410 - INFO - Regula po iteracji 0: IF  THEN class = {1,726.43} [573.14, 2,879.71], (p=373, n=122, P=373, N=122)
2026-04-14 12:05:09,410 - INFO - *****STOP GROWING RR RULE*****
2026-04-14 12:05:09,410 - INFO - ***RR NOT FOUND***
2026-04-14 12:05:09,436 - INFO - Iteracja 2: condition_best: Inhabitants >= 5.00, quality_best: 0.512, coverage_best: (p=189, n=48, P=253, N=242)
2026-04-14 12:05:09,436 - INFO - Regula po iteracji 2: IF Distance >= 465.00 AND Distance <= 1,365.00 AND Inhabitants >= 5.00 THEN class = {2,471.54} [1,318.99, 3,624.09], (p=189, n=48, P=253, N=242)
2026-04-14 12:05:09,436 - INFO - *****GROWING RR RULE*****
2026-04-14 12:05:09,532 - INFO - Iteracja 0: condition_best: None, quality_best: -inf, coverage_best: (p=0, n=0, P=0, N=0), p_value: 0
2026-04-14 12:05:09,532 - INFO - Regula po iteracji 0: IF  THEN class = {1,726.43} [573.14, 2,879.71], (p=373, n=122, P=373, N=122)
2026-04-14 12:05:09,532 - INFO - *****STOP GROWING RR RULE*****
2026-04-14 12:05:09,532 - INFO - ***RR NOT FOUND***
2026-04-14 12:05:09,559 - INFO - Iteracja 3: condition_best: Inhabitants <= 260.00, quality_best: 0.509, coverage_best: (p=188, n=48, P=253, N=242)
2026-04-14 12:05:09,559 - INFO - Regula po iteracji 3: IF Distance >= 465.00 AND Distance <= 1,365.00 AND Inhabitants >= 5.00 AND Inhabitants <= 260.00 THEN class = {2,468.92} [1,314.63, 3,623.21], (p=188, n=48, P=253, N=242)
2026-04-14 12:05:09,559 - INFO - *****GROWING RR RULE*****
2026-04-14 12:05:09,655 - INFO - Iteracja 0: condition_best: None, quality_best: -inf, coverage_best: (p=0, n=0, P=0, N=0), p_value: 0
2026-04-14 12:05:09,655 - INFO - Regula po iteracji 0: IF  THEN class = {1,726.43} [573.14, 2,879.71], (p=373, n=122, P=373, N=122)
2026-04-14 12:05:09,655 - INFO - *****STOP GROWING RR RULE*****
2026-04-14 12:05:09,655 - INFO - ***RR NOT FOUND***
2026-04-14 12:05:09,681 - INFO - Iteracja 4: condition_best: Inhabitants >= 11.50, quality_best: 0.504, coverage_best: (p=170, n=49, P=231, N=264)
2026-04-14 12:05:09,681 - INFO - Regula po iteracji 4: IF Distance >= 465.00 AND Distance <= 1,365.00 AND Inhabitants >= 5.00 AND Inhabitants <= 260.00 AND Inhabitants >= 11.50 THEN class = {2,551.97} [1,401.24, 3,702.71], (p=170, n=49, P=231, N=264)
2026-04-14 12:05:09,682 - INFO - *****GROWING RR RULE*****
2026-04-14 12:05:09,778 - INFO - Iteracja 0: condition_best: None, quality_best: -inf, coverage_best: (p=0, n=0, P=0, N=0), p_value: 0
2026-04-14 12:05:09,778 - INFO - Regula po iteracji 0: IF  THEN class = {1,726.43} [573.14, 2,879.71], (p=373, n=122, P=373, N=122)
2026-04-14 12:05:09,778 - INFO - *****STOP GROWING RR RULE*****
2026-04-14 12:05:09,778 - INFO - ***RR NOT FOUND***
2026-04-14 12:05:09,778 - INFO - *******STOP GROWING CR RULE*******
2026-04-14 12:05:09,779 - INFO - *******GROWING CR RULE*******
2026-04-14 12:05:09,829 - INFO - Iteracja 0: condition_best: Distance >= 460.84, quality_best: 0.493, coverage_best: (p=191, n=52, P=253, N=242)
2026-04-14 12:05:09,829 - INFO - Regula po iteracji 0: IF Distance >= 460.84 THEN class = {2,467.27} [1,305.73, 3,628.81], (p=191, n=52, P=253, N=242)
2026-04-14 12:05:09,829 - INFO - *****GROWING RR RULE*****
2026-04-14 12:05:09,926 - INFO - Iteracja 0: condition_best: None, quality_best: -inf, coverage_best: (p=0, n=0, P=0, N=0), p_value: 0
2026-04-14 12:05:09,926 - INFO - Regula po iteracji 0: IF  THEN class = {1,726.43} [573.14, 2,879.71], (p=373, n=122, P=373, N=122)
2026-04-14 12:05:09,926 - INFO - *****STOP GROWING RR RULE*****
2026-04-14 12:05:09,926 - INFO - ***RR NOT FOUND***
2026-04-14 12:05:09,952 - INFO - Iteracja 1: condition_best: Inhabitants >= 5.00, quality_best: 0.499, coverage_best: (p=191, n=51, P=253, N=242)
2026-04-14 12:05:09,952 - INFO - Regula po iteracji 1: IF Distance >= 460.84 AND Inhabitants >= 5.00 THEN class = {2,473.55} [1,313.73, 3,633.36], (p=191, n=51, P=253, N=242)
2026-04-14 12:05:09,952 - INFO - *****GROWING RR RULE*****
2026-04-14 12:05:10,049 - INFO - Iteracja 0: condition_best: None, quality_best: -inf, coverage_best: (p=0, n=0, P=0, N=0), p_value: 0
2026-04-14 12:05:10,049 - INFO - Regula po iteracji 0: IF  THEN class = {1,726.43} [573.14, 2,879.71], (p=373, n=122, P=373, N=122)
2026-04-14 12:05:10,049 - INFO - *****STOP GROWING RR RULE*****
2026-04-14 12:05:10,049 - INFO - ***RR NOT FOUND***
2026-04-14 12:05:10,075 - INFO - Iteracja 2: condition_best: Inhabitants <= 260.00, quality_best: 0.497, coverage_best: (p=190, n=51, P=253, N=242)
2026-04-14 12:05:10,075 - INFO - Regula po iteracji 2: IF Distance >= 460.84 AND Inhabitants >= 5.00 AND Inhabitants <= 260.00 THEN class = {2,470.99} [1,309.45, 3,632.53], (p=190, n=51, P=253, N=242)
2026-04-14 12:05:10,076 - INFO - *****GROWING RR RULE*****
2026-04-14 12:05:10,172 - INFO - Iteracja 0: condition_best: None, quality_best: -inf, coverage_best: (p=0, n=0, P=0, N=0), p_value: 0
2026-04-14 12:05:10,172 - INFO - Regula po iteracji 0: IF  THEN class = {1,726.43} [573.14, 2,879.71], (p=373, n=122, P=373, N=122)
2026-04-14 12:05:10,172 - INFO - *****STOP GROWING RR RULE*****
2026-04-14 12:05:10,173 - INFO - ***RR NOT FOUND***
2026-04-14 12:05:10,199 - INFO - Iteracja 3: condition_best: Inhabitants >= 6.50, quality_best: 0.496, coverage_best: (p=187, n=51, P=250, N=245)
2026-04-14 12:05:10,199 - INFO - Regula po iteracji 3: IF Distance >= 460.84 AND Inhabitants >= 5.00 AND Inhabitants <= 260.00 AND Inhabitants >= 6.50 THEN class = {2,487.39} [1,328.10, 3,646.67], (p=187, n=51, P=250, N=245)
2026-04-14 12:05:10,200 - INFO - *****GROWING RR RULE*****
2026-04-14 12:05:10,296 - INFO - Iteracja 0: condition_best: None, quality_best: -inf, coverage_best: (p=0, n=0, P=0, N=0), p_value: 0
2026-04-14 12:05:10,296 - INFO - Regula po iteracji 0: IF  THEN class = {1,726.43} [573.14, 2,879.71], (p=373, n=122, P=373, N=122)
2026-04-14 12:05:10,296 - INFO - *****STOP GROWING RR RULE*****
2026-04-14 12:05:10,296 - INFO - ***RR NOT FOUND***
2026-04-14 12:05:10,323 - INFO - Iteracja 4: condition_best: Inhabitants <= 192.50, quality_best: 0.5, coverage_best: (p=187, n=49, P=253, N=242)
2026-04-14 12:05:10,323 - INFO - Regula po iteracji 4: IF Distance >= 460.84 AND Inhabitants >= 5.00 AND Inhabitants <= 260.00 AND Inhabitants >= 6.50 AND Inhabitants <= 192.50 THEN class = {2,480.45} [1,318.73, 3,642.17], (p=187, n=49, P=253, N=242)
2026-04-14 12:05:10,324 - INFO - *****GROWING RR RULE*****
2026-04-14 12:05:10,420 - INFO - Iteracja 0: condition_best: None, quality_best: -inf, coverage_best: (p=0, n=0, P=0, N=0), p_value: 0
2026-04-14 12:05:10,420 - INFO - Regula po iteracji 0: IF  THEN class = {1,726.43} [573.14, 2,879.71], (p=373, n=122, P=373, N=122)
2026-04-14 12:05:10,420 - INFO - *****STOP GROWING RR RULE*****
2026-04-14 12:05:10,420 - INFO - ***RR NOT FOUND***
2026-04-14 12:05:10,420 - INFO - *******STOP GROWING CR RULE*******
2026-04-14 12:05:10,421 - INFO - *******GROWING CR RULE*******
2026-04-14 12:05:10,472 - INFO - Iteracja 0: condition_best: Distance >= 459.16, quality_best: 0.491, coverage_best: (p=195, n=53, P=256, N=239)
2026-04-14 12:05:10,472 - INFO - Regula po iteracji 0: IF Distance >= 459.16 THEN class = {2,448.62} [1,290.98, 3,606.27], (p=195, n=53, P=256, N=239)
2026-04-14 12:05:10,472 - INFO - *****GROWING RR RULE*****
2026-04-14 12:05:10,568 - INFO - Iteracja 0: condition_best: None, quality_best: -inf, coverage_best: (p=0, n=0, P=0, N=0), p_value: 0
2026-04-14 12:05:10,569 - INFO - Regula po iteracji 0: IF  THEN class = {1,726.43} [573.14, 2,879.71], (p=373, n=122, P=373, N=122)
2026-04-14 12:05:10,569 - INFO - *****STOP GROWING RR RULE*****
2026-04-14 12:05:10,569 - INFO - ***RR NOT FOUND***
2026-04-14 12:05:10,595 - INFO - Iteracja 1: condition_best: Distance <= 998.33, quality_best: 0.518, coverage_best: (p=183, n=45, P=251, N=244)
2026-04-14 12:05:10,595 - INFO - Regula po iteracji 1: IF Distance >= 459.16 AND Distance <= 998.33 THEN class = {2,325.49} [1,285.18, 3,365.79], (p=183, n=45, P=251, N=244)
2026-04-14 12:05:10,595 - INFO - *****GROWING RR RULE*****
2026-04-14 12:05:10,692 - INFO - Iteracja 0: condition_best: None, quality_best: -inf, coverage_best: (p=0, n=0, P=0, N=0), p_value: 0
2026-04-14 12:05:10,692 - INFO - Regula po iteracji 0: IF  THEN class = {1,726.43} [573.14, 2,879.71], (p=373, n=122, P=373, N=122)
2026-04-14 12:05:10,692 - INFO - *****STOP GROWING RR RULE*****
2026-04-14 12:05:10,692 - INFO - ***RR NOT FOUND***
2026-04-14 12:05:10,716 - INFO - Iteracja 2: condition_best: Inhabitants >= 7.50, quality_best: 0.549, coverage_best: (p=181, n=41, P=246, N=249)
2026-04-14 12:05:10,716 - INFO - Regula po iteracji 2: IF Distance >= 459.16 AND Distance <= 998.33 AND Inhabitants >= 7.50 THEN class = {2,358.20} [1,324.09, 3,392.32], (p=181, n=41, P=246, N=249)
2026-04-14 12:05:10,717 - INFO - *****GROWING RR RULE*****
2026-04-14 12:05:10,813 - INFO - Iteracja 0: condition_best: None, quality_best: -inf, coverage_best: (p=0, n=0, P=0, N=0), p_value: 0
2026-04-14 12:05:10,813 - INFO - Regula po iteracji 0: IF  THEN class = {1,726.43} [573.14, 2,879.71], (p=373, n=122, P=373, N=122)
2026-04-14 12:05:10,813 - INFO - *****STOP GROWING RR RULE*****
2026-04-14 12:05:10,813 - INFO - ***RR NOT FOUND***
2026-04-14 12:05:10,837 - INFO - Iteracja 3: condition_best: Distance <= 980.00, quality_best: 0.548, coverage_best: (p=179, n=40, P=247, N=248)
2026-04-14 12:05:10,837 - INFO - Regula po iteracji 3: IF Distance >= 459.16 AND Distance <= 998.33 AND Inhabitants >= 7.50 AND Distance <= 980.00 THEN class = {2,346.13} [1,312.24, 3,380.02], (p=179, n=40, P=247, N=248)
2026-04-14 12:05:10,838 - INFO - *****GROWING RR RULE*****
2026-04-14 12:05:10,934 - INFO - Iteracja 0: condition_best: None, quality_best: -inf, coverage_best: (p=0, n=0, P=0, N=0), p_value: 0
2026-04-14 12:05:10,935 - INFO - Regula po iteracji 0: IF  THEN class = {1,726.43} [573.14, 2,879.71], (p=373, n=122, P=373, N=122)
2026-04-14 12:05:10,935 - INFO - *****STOP GROWING RR RULE*****
2026-04-14 12:05:10,935 - INFO - ***RR NOT FOUND***
2026-04-14 12:05:10,958 - INFO - Iteracja 4: condition_best: Inhabitants >= 8.50, quality_best: 0.556, coverage_best: (p=178, n=39, P=245, N=250)
2026-04-14 12:05:10,958 - INFO - Regula po iteracji 4: IF Distance >= 459.16 AND Distance <= 998.33 AND Inhabitants >= 7.50 AND Distance <= 980.00 AND Inhabitants >= 8.50 THEN class = {2,357.79} [1,326.37, 3,389.20], (p=178, n=39, P=245, N=250)
2026-04-14 12:05:10,958 - INFO - *****GROWING RR RULE*****
2026-04-14 12:05:11,055 - INFO - Iteracja 0: condition_best: None, quality_best: -inf, coverage_best: (p=0, n=0, P=0, N=0), p_value: 0
2026-04-14 12:05:11,055 - INFO - Regula po iteracji 0: IF  THEN class = {1,726.43} [573.14, 2,879.71], (p=373, n=122, P=373, N=122)
2026-04-14 12:05:11,055 - INFO - *****STOP GROWING RR RULE*****
2026-04-14 12:05:11,055 - INFO - ***RR NOT FOUND***
2026-04-14 12:05:11,055 - INFO - *******STOP GROWING CR RULE*******
2026-04-14 12:05:11,056 - INFO - *******GROWING CR RULE*******
2026-04-14 12:05:11,398 - INFO - Iteracja 0: condition_best: Distance <= 405.84, quality_best: 0.478, coverage_best: (p=145, n=60, P=184, N=311)
2026-04-14 12:05:11,398 - INFO - Regula po iteracji 0: IF Distance <= 405.84 THEN class = {896.12} [448.89, 1,343.36], (p=145, n=60, P=184, N=311)
2026-04-14 12:05:11,398 - INFO - *****GROWING RR RULE*****
2026-04-14 12:05:11,495 - INFO - Iteracja 0: condition_best: None, quality_best: -inf, coverage_best: (p=0, n=0, P=0, N=0), p_value: 0
2026-04-14 12:05:11,495 - INFO - Regula po iteracji 0: IF  THEN class = {1,726.43} [573.14, 2,879.71], (p=373, n=122, P=373, N=122)
2026-04-14 12:05:11,495 - INFO - *****STOP GROWING RR RULE*****
2026-04-14 12:05:11,495 - INFO - ***RR NOT FOUND***
2026-04-14 12:05:11,514 - INFO - Iteracja 1: condition_best: Inhabitants <= 70.50, quality_best: 0.518, coverage_best: (p=143, n=53, P=179, N=316)
2026-04-14 12:05:11,514 - INFO - Regula po iteracji 1: IF Distance <= 405.84 AND Inhabitants <= 70.50 THEN class = {868.55} [434.32, 1,302.78], (p=143, n=53, P=179, N=316)
2026-04-14 12:05:11,514 - INFO - *****GROWING RR RULE*****
2026-04-14 12:05:11,611 - INFO - Iteracja 0: condition_best: None, quality_best: -inf, coverage_best: (p=0, n=0, P=0, N=0), p_value: 0
2026-04-14 12:05:11,611 - INFO - Regula po iteracji 0: IF  THEN class = {1,726.43} [573.14, 2,879.71], (p=373, n=122, P=373, N=122)
2026-04-14 12:05:11,612 - INFO - *****STOP GROWING RR RULE*****
2026-04-14 12:05:11,612 - INFO - ***RR NOT FOUND***
2026-04-14 12:05:11,629 - INFO - Iteracja 2: condition_best: Distance >= 90.83, quality_best: 0.532, coverage_best: (p=141, n=50, P=177, N=318)
2026-04-14 12:05:11,629 - INFO - Regula po iteracji 2: IF Distance <= 405.84 AND Inhabitants <= 70.50 AND Distance >= 90.83 THEN class = {887.85} [464.97, 1,310.72], (p=141, n=50, P=177, N=318)
2026-04-14 12:05:11,630 - INFO - *****GROWING RR RULE*****
2026-04-14 12:05:11,727 - INFO - Iteracja 0: condition_best: None, quality_best: -inf, coverage_best: (p=0, n=0, P=0, N=0), p_value: 0
2026-04-14 12:05:11,727 - INFO - Regula po iteracji 0: IF  THEN class = {1,726.43} [573.14, 2,879.71], (p=373, n=122, P=373, N=122)
2026-04-14 12:05:11,727 - INFO - *****STOP GROWING RR RULE*****
2026-04-14 12:05:11,727 - INFO - ***RR NOT FOUND***
2026-04-14 12:05:11,745 - INFO - Iteracja 3: condition_best: Inhabitants <= 58.50, quality_best: 0.538, coverage_best: (p=138, n=47, P=177, N=318)
2026-04-14 12:05:11,745 - INFO - Regula po iteracji 3: IF Distance <= 405.84 AND Inhabitants <= 70.50 AND Distance >= 90.83 AND Inhabitants <= 58.50 THEN class = {880.46} [460.03, 1,300.90], (p=138, n=47, P=177, N=318)
2026-04-14 12:05:11,745 - INFO - *****GROWING RR RULE*****
2026-04-14 12:05:11,842 - INFO - Iteracja 0: condition_best: None, quality_best: -inf, coverage_best: (p=0, n=0, P=0, N=0), p_value: 0
2026-04-14 12:05:11,842 - INFO - Regula po iteracji 0: IF  THEN class = {1,726.43} [573.14, 2,879.71], (p=373, n=122, P=373, N=122)
2026-04-14 12:05:11,842 - INFO - *****STOP GROWING RR RULE*****
2026-04-14 12:05:11,842 - INFO - ***RR NOT FOUND***
2026-04-14 12:05:11,859 - INFO - Iteracja 4: condition_best: Distance >= 100.00, quality_best: 0.537, coverage_best: (p=137, n=47, P=176, N=319)
2026-04-14 12:05:11,859 - INFO - Regula po iteracji 4: IF Distance <= 405.84 AND Inhabitants <= 70.50 AND Distance >= 90.83 AND Inhabitants <= 58.50 AND Distance >= 100.00 THEN class = {884.58} [466.74, 1,302.42], (p=137, n=47, P=176, N=319)
2026-04-14 12:05:11,859 - INFO - *****GROWING RR RULE*****
2026-04-14 12:05:11,957 - INFO - Iteracja 0: condition_best: None, quality_best: -inf, coverage_best: (p=0, n=0, P=0, N=0), p_value: 0
2026-04-14 12:05:11,957 - INFO - Regula po iteracji 0: IF  THEN class = {1,726.43} [573.14, 2,879.71], (p=373, n=122, P=373, N=122)
2026-04-14 12:05:11,957 - INFO - *****STOP GROWING RR RULE*****
2026-04-14 12:05:11,957 - INFO - ***RR NOT FOUND***
2026-04-14 12:05:11,957 - INFO - *******STOP GROWING CR RULE*******
2026-04-14 12:05:11,958 - INFO - *******GROWING CR RULE*******
2026-04-14 12:05:12,008 - INFO - Iteracja 0: condition_best: Distance >= 454.16, quality_best: 0.473, coverage_best: (p=199, n=55, P=263, N=232)
2026-04-14 12:05:12,008 - INFO - Regula po iteracji 0: IF Distance >= 454.16 THEN class = {2,425.52} [1,269.14, 3,581.90], (p=199, n=55, P=263, N=232)
2026-04-14 12:05:12,009 - INFO - *****GROWING RR RULE*****
2026-04-14 12:05:12,105 - INFO - Iteracja 0: condition_best: None, quality_best: -inf, coverage_best: (p=0, n=0, P=0, N=0), p_value: 0
2026-04-14 12:05:12,105 - INFO - Regula po iteracji 0: IF  THEN class = {1,726.43} [573.14, 2,879.71], (p=373, n=122, P=373, N=122)
2026-04-14 12:05:12,105 - INFO - *****STOP GROWING RR RULE*****
2026-04-14 12:05:12,105 - INFO - ***RR NOT FOUND***
2026-04-14 12:05:12,132 - INFO - Iteracja 1: condition_best: Inhabitants >= 8.50, quality_best: 0.514, coverage_best: (p=193, n=51, P=249, N=246)
2026-04-14 12:05:12,132 - INFO - Regula po iteracji 1: IF Distance >= 454.16 AND Inhabitants >= 8.50 THEN class = {2,478.99} [1,331.22, 3,626.75], (p=193, n=51, P=249, N=246)
2026-04-14 12:05:12,133 - INFO - *****GROWING RR RULE*****
2026-04-14 12:05:12,229 - INFO - Iteracja 0: condition_best: None, quality_best: -inf, coverage_best: (p=0, n=0, P=0, N=0), p_value: 0
2026-04-14 12:05:12,229 - INFO - Regula po iteracji 0: IF  THEN class = {1,726.43} [573.14, 2,879.71], (p=373, n=122, P=373, N=122)
2026-04-14 12:05:12,229 - INFO - *****STOP GROWING RR RULE*****
2026-04-14 12:05:12,230 - INFO - ***RR NOT FOUND***
2026-04-14 12:05:12,256 - INFO - Iteracja 2: condition_best: Distance <= 1,001.67, quality_best: 0.566, coverage_best: (p=185, n=40, P=246, N=249)
2026-04-14 12:05:12,256 - INFO - Regula po iteracji 2: IF Distance >= 454.16 AND Inhabitants >= 8.50 AND Distance <= 1,001.67 THEN class = {2,352.35} [1,322.96, 3,381.73], (p=185, n=40, P=246, N=249)
2026-04-14 12:05:12,256 - INFO - *****GROWING RR RULE*****
2026-04-14 12:05:12,355 - INFO - Iteracja 0: condition_best: None, quality_best: -inf, coverage_best: (p=0, n=0, P=0, N=0), p_value: 0
2026-04-14 12:05:12,355 - INFO - Regula po iteracji 0: IF  THEN class = {1,726.43} [573.14, 2,879.71], (p=373, n=122, P=373, N=122)
2026-04-14 12:05:12,355 - INFO - *****STOP GROWING RR RULE*****
2026-04-14 12:05:12,355 - INFO - ***RR NOT FOUND***
2026-04-14 12:05:12,379 - INFO - Iteracja 3: condition_best: Distance <= 994.17, quality_best: 0.562, coverage_best: (p=184, n=40, P=247, N=248)
2026-04-14 12:05:12,379 - INFO - Regula po iteracji 3: IF Distance >= 454.16 AND Inhabitants >= 8.50 AND Distance <= 1,001.67 AND Distance <= 994.17 THEN class = {2,350.79} [1,319.37, 3,382.20], (p=184, n=40, P=247, N=248)
2026-04-14 12:05:12,379 - INFO - *****GROWING RR RULE*****
2026-04-14 12:05:12,476 - INFO - Iteracja 0: condition_best: None, quality_best: -inf, coverage_best: (p=0, n=0, P=0, N=0), p_value: 0
2026-04-14 12:05:12,476 - INFO - Regula po iteracji 0: IF  THEN class = {1,726.43} [573.14, 2,879.71], (p=373, n=122, P=373, N=122)
2026-04-14 12:05:12,476 - INFO - *****STOP GROWING RR RULE*****
2026-04-14 12:05:12,476 - INFO - ***RR NOT FOUND***
2026-04-14 12:05:12,501 - INFO - Iteracja 4: condition_best: Inhabitants <= 260.00, quality_best: 0.559, coverage_best: (p=183, n=40, P=247, N=248)
2026-04-14 12:05:12,501 - INFO - Regula po iteracji 4: IF Distance >= 454.16 AND Inhabitants >= 8.50 AND Distance <= 1,001.67 AND Distance <= 994.17 AND Inhabitants <= 260.00 THEN class = {2,347.47} [1,314.94, 3,380.01], (p=183, n=40, P=247, N=248)
2026-04-14 12:05:12,501 - INFO - *****GROWING RR RULE*****
2026-04-14 12:05:12,598 - INFO - Iteracja 0: condition_best: None, quality_best: -inf, coverage_best: (p=0, n=0, P=0, N=0), p_value: 0
2026-04-14 12:05:12,598 - INFO - Regula po iteracji 0: IF  THEN class = {1,726.43} [573.14, 2,879.71], (p=373, n=122, P=373, N=122)
2026-04-14 12:05:12,598 - INFO - *****STOP GROWING RR RULE*****
2026-04-14 12:05:12,598 - INFO - ***RR NOT FOUND***
2026-04-14 12:05:12,598 - INFO - *******STOP GROWING CR RULE*******
2026-04-14 12:05:12,599 - INFO - *******GROWING CR RULE*******
2026-04-14 12:05:12,649 - INFO - Iteracja 0: condition_best: Distance >= 447.50, quality_best: 0.466, coverage_best: (p=202, n=57, P=264, N=231)
2026-04-14 12:05:12,649 - INFO - Regula po iteracji 0: IF Distance >= 447.50 THEN class = {2,406.50} [1,252.60, 3,560.40], (p=202, n=57, P=264, N=231)
2026-04-14 12:05:12,649 - INFO - *****GROWING RR RULE*****
2026-04-14 12:05:12,747 - INFO - Iteracja 0: condition_best: None, quality_best: -inf, coverage_best: (p=0, n=0, P=0, N=0), p_value: 0
2026-04-14 12:05:12,747 - INFO - Regula po iteracji 0: IF  THEN class = {1,726.43} [573.14, 2,879.71], (p=373, n=122, P=373, N=122)
2026-04-14 12:05:12,747 - INFO - *****STOP GROWING RR RULE*****
2026-04-14 12:05:12,747 - INFO - ***RR NOT FOUND***
2026-04-14 12:05:12,775 - INFO - Iteracja 1: condition_best: Inhabitants >= 8.50, quality_best: 0.529, coverage_best: (p=199, n=50, P=252, N=243)
2026-04-14 12:05:12,775 - INFO - Regula po iteracji 1: IF Distance >= 447.50 AND Inhabitants >= 8.50 THEN class = {2,458.13} [1,311.87, 3,604.40], (p=199, n=50, P=252, N=243)
2026-04-14 12:05:12,775 - INFO - *****GROWING RR RULE*****
2026-04-14 12:05:12,872 - INFO - Iteracja 0: condition_best: None, quality_best: -inf, coverage_best: (p=0, n=0, P=0, N=0), p_value: 0
2026-04-14 12:05:12,872 - INFO - Regula po iteracji 0: IF  THEN class = {1,726.43} [573.14, 2,879.71], (p=373, n=122, P=373, N=122)
2026-04-14 12:05:12,872 - INFO - *****STOP GROWING RR RULE*****
2026-04-14 12:05:12,872 - INFO - ***RR NOT FOUND***
2026-04-14 12:05:12,899 - INFO - Iteracja 2: condition_best: Distance <= 1,015.00, quality_best: 0.565, coverage_best: (p=191, n=42, P=248, N=247)
2026-04-14 12:05:12,899 - INFO - Regula po iteracji 2: IF Distance >= 447.50 AND Inhabitants >= 8.50 AND Distance <= 1,015.00 THEN class = {2,360.91} [1,299.68, 3,422.14], (p=191, n=42, P=248, N=247)
2026-04-14 12:05:12,900 - INFO - *****GROWING RR RULE*****
2026-04-14 12:05:12,996 - INFO - Iteracja 0: condition_best: None, quality_best: -inf, coverage_best: (p=0, n=0, P=0, N=0), p_value: 0
2026-04-14 12:05:12,996 - INFO - Regula po iteracji 0: IF  THEN class = {1,726.43} [573.14, 2,879.71], (p=373, n=122, P=373, N=122)
2026-04-14 12:05:12,996 - INFO - *****STOP GROWING RR RULE*****
2026-04-14 12:05:12,996 - INFO - ***RR NOT FOUND***
2026-04-14 12:05:13,021 - INFO - Iteracja 3: condition_best: Inhabitants >= 9.50, quality_best: 0.565, coverage_best: (p=188, n=40, P=250, N=245)
2026-04-14 12:05:13,021 - INFO - Regula po iteracji 3: IF Distance >= 447.50 AND Inhabitants >= 8.50 AND Distance <= 1,015.00 AND Inhabitants >= 9.50 THEN class = {2,376.97} [1,311.83, 3,442.11], (p=188, n=40, P=250, N=245)
2026-04-14 12:05:13,022 - INFO - *****GROWING RR RULE*****
2026-04-14 12:05:13,118 - INFO - Iteracja 0: condition_best: None, quality_best: -inf, coverage_best: (p=0, n=0, P=0, N=0), p_value: 0
2026-04-14 12:05:13,118 - INFO - Regula po iteracji 0: IF  THEN class = {1,726.43} [573.14, 2,879.71], (p=373, n=122, P=373, N=122)
2026-04-14 12:05:13,118 - INFO - *****STOP GROWING RR RULE*****
2026-04-14 12:05:13,118 - INFO - ***RR NOT FOUND***
2026-04-14 12:05:13,143 - INFO - Iteracja 4: condition_best: Inhabitants <= 260.00, quality_best: 0.563, coverage_best: (p=187, n=40, P=250, N=245)
2026-04-14 12:05:13,144 - INFO - Regula po iteracji 4: IF Distance >= 447.50 AND Inhabitants >= 8.50 AND Distance <= 1,015.00 AND Inhabitants >= 9.50 AND Inhabitants <= 260.00 THEN class = {2,373.83} [1,307.40, 3,440.26], (p=187, n=40, P=250, N=245)
2026-04-14 12:05:13,144 - INFO - *****GROWING RR RULE*****
2026-04-14 12:05:13,240 - INFO - Iteracja 0: condition_best: None, quality_best: -inf, coverage_best: (p=0, n=0, P=0, N=0), p_value: 0
2026-04-14 12:05:13,240 - INFO - Regula po iteracji 0: IF  THEN class = {1,726.43} [573.14, 2,879.71], (p=373, n=122, P=373, N=122)
2026-04-14 12:05:13,240 - INFO - *****STOP GROWING RR RULE*****
2026-04-14 12:05:13,240 - INFO - ***RR NOT FOUND***
2026-04-14 12:05:13,241 - INFO - *******STOP GROWING CR RULE*******
2026-04-14 12:05:13,241 - INFO - *******GROWING CR RULE*******
2026-04-14 12:05:13,291 - INFO - Iteracja 0: condition_best: Distance >= 428.34, quality_best: 0.465, coverage_best: (p=211, n=60, P=267, N=228)
2026-04-14 12:05:13,291 - INFO - Regula po iteracji 0: IF Distance >= 428.34 THEN class = {2,371.49} [1,226.48, 3,516.51], (p=211, n=60, P=267, N=228)
2026-04-14 12:05:13,291 - INFO - *****GROWING RR RULE*****
2026-04-14 12:05:13,388 - INFO - Iteracja 0: condition_best: None, quality_best: -inf, coverage_best: (p=0, n=0, P=0, N=0), p_value: 0
2026-04-14 12:05:13,388 - INFO - Regula po iteracji 0: IF  THEN class = {1,726.43} [573.14, 2,879.71], (p=373, n=122, P=373, N=122)
2026-04-14 12:05:13,388 - INFO - *****STOP GROWING RR RULE*****
2026-04-14 12:05:13,388 - INFO - ***RR NOT FOUND***
2026-04-14 12:05:13,417 - INFO - Iteracja 1: condition_best: Inhabitants >= 10.50, quality_best: 0.537, coverage_best: (p=202, n=50, P=252, N=243)
2026-04-14 12:05:13,417 - INFO - Regula po iteracji 1: IF Distance >= 428.34 AND Inhabitants >= 10.50 THEN class = {2,450.84} [1,309.14, 3,592.55], (p=202, n=50, P=252, N=243)
2026-04-14 12:05:13,417 - INFO - *****GROWING RR RULE*****
2026-04-14 12:05:13,514 - INFO - Iteracja 0: condition_best: None, quality_best: -inf, coverage_best: (p=0, n=0, P=0, N=0), p_value: 0
2026-04-14 12:05:13,514 - INFO - Regula po iteracji 0: IF  THEN class = {1,726.43} [573.14, 2,879.71], (p=373, n=122, P=373, N=122)
2026-04-14 12:05:13,515 - INFO - *****STOP GROWING RR RULE*****
2026-04-14 12:05:13,515 - INFO - ***RR NOT FOUND***
2026-04-14 12:05:13,542 - INFO - Iteracja 2: condition_best: Distance <= 1,017.50, quality_best: 0.567, coverage_best: (p=194, n=43, P=248, N=247)
2026-04-14 12:05:13,542 - INFO - Regula po iteracji 2: IF Distance >= 428.34 AND Inhabitants >= 10.50 AND Distance <= 1,017.50 THEN class = {2,361.50} [1,301.59, 3,421.40], (p=194, n=43, P=248, N=247)
2026-04-14 12:05:13,542 - INFO - *****GROWING RR RULE*****
2026-04-14 12:05:13,640 - INFO - Iteracja 0: condition_best: None, quality_best: -inf, coverage_best: (p=0, n=0, P=0, N=0), p_value: 0
2026-04-14 12:05:13,640 - INFO - Regula po iteracji 0: IF  THEN class = {1,726.43} [573.14, 2,879.71], (p=373, n=122, P=373, N=122)
2026-04-14 12:05:13,640 - INFO - *****STOP GROWING RR RULE*****
2026-04-14 12:05:13,640 - INFO - ***RR NOT FOUND***
2026-04-14 12:05:13,666 - INFO - Iteracja 3: condition_best: Inhabitants >= 11.50, quality_best: 0.584, coverage_best: (p=194, n=40, P=249, N=246)
2026-04-14 12:05:13,666 - INFO - Regula po iteracji 3: IF Distance >= 428.34 AND Inhabitants >= 10.50 AND Distance <= 1,017.50 AND Inhabitants >= 11.50 THEN class = {2,378.64} [1,323.22, 3,434.05], (p=194, n=40, P=249, N=246)
2026-04-14 12:05:13,666 - INFO - *****GROWING RR RULE*****
2026-04-14 12:05:13,763 - INFO - Iteracja 0: condition_best: None, quality_best: -inf, coverage_best: (p=0, n=0, P=0, N=0), p_value: 0
2026-04-14 12:05:13,763 - INFO - Regula po iteracji 0: IF  THEN class = {1,726.43} [573.14, 2,879.71], (p=373, n=122, P=373, N=122)
2026-04-14 12:05:13,763 - INFO - *****STOP GROWING RR RULE*****
2026-04-14 12:05:13,763 - INFO - ***RR NOT FOUND***
2026-04-14 12:05:13,789 - INFO - Iteracja 4: condition_best: Distance <= 1,015.00, quality_best: 0.583, coverage_best: (p=193, n=40, P=248, N=247)
2026-04-14 12:05:13,789 - INFO - Regula po iteracji 4: IF Distance >= 428.34 AND Inhabitants >= 10.50 AND Distance <= 1,017.50 AND Inhabitants >= 11.50 AND Distance <= 1,015.00 THEN class = {2,371.48} [1,319.48, 3,423.48], (p=193, n=40, P=248, N=247)
2026-04-14 12:05:13,789 - INFO - *****GROWING RR RULE*****
2026-04-14 12:05:13,886 - INFO - Iteracja 0: condition_best: None, quality_best: -inf, coverage_best: (p=0, n=0, P=0, N=0), p_value: 0
2026-04-14 12:05:13,886 - INFO - Regula po iteracji 0: IF  THEN class = {1,726.43} [573.14, 2,879.71], (p=373, n=122, P=373, N=122)
2026-04-14 12:05:13,886 - INFO - *****STOP GROWING RR RULE*****
2026-04-14 12:05:13,886 - INFO - ***RR NOT FOUND***
2026-04-14 12:05:13,886 - INFO - *******STOP GROWING CR RULE*******
2026-04-14 12:05:13,887 - INFO - *******GROWING CR RULE*******
2026-04-14 12:05:13,937 - INFO - Iteracja 0: condition_best: Distance <= 415.84, quality_best: 0.462, coverage_best: (p=147, n=63, P=187, N=308)
2026-04-14 12:05:13,937 - INFO - Regula po iteracji 0: IF Distance <= 415.84 THEN class = {907.70} [458.59, 1,356.81], (p=147, n=63, P=187, N=308)
2026-04-14 12:05:13,937 - INFO - *****GROWING RR RULE*****
2026-04-14 12:05:14,033 - INFO - Iteracja 0: condition_best: None, quality_best: -inf, coverage_best: (p=0, n=0, P=0, N=0), p_value: 0
2026-04-14 12:05:14,033 - INFO - Regula po iteracji 0: IF  THEN class = {1,726.43} [573.14, 2,879.71], (p=373, n=122, P=373, N=122)
2026-04-14 12:05:14,033 - INFO - *****STOP GROWING RR RULE*****
2026-04-14 12:05:14,033 - INFO - ***RR NOT FOUND***
2026-04-14 12:05:14,053 - INFO - Iteracja 1: condition_best: Inhabitants <= 80.50, quality_best: 0.496, coverage_best: (p=146, n=58, P=182, N=313)
2026-04-14 12:05:14,053 - INFO - Regula po iteracji 1: IF Distance <= 415.84 AND Inhabitants <= 80.50 THEN class = {889.93} [449.17, 1,330.68], (p=146, n=58, P=182, N=313)
2026-04-14 12:05:14,053 - INFO - *****GROWING RR RULE*****
2026-04-14 12:05:14,150 - INFO - Iteracja 0: condition_best: None, quality_best: -inf, coverage_best: (p=0, n=0, P=0, N=0), p_value: 0
2026-04-14 12:05:14,150 - INFO - Regula po iteracji 0: IF  THEN class = {1,726.43} [573.14, 2,879.71], (p=373, n=122, P=373, N=122)
2026-04-14 12:05:14,150 - INFO - *****STOP GROWING RR RULE*****
2026-04-14 12:05:14,150 - INFO - ***RR NOT FOUND***
2026-04-14 12:05:14,168 - INFO - Iteracja 2: condition_best: Distance >= 70.00, quality_best: 0.5, coverage_best: (p=145, n=57, P=181, N=314)
2026-04-14 12:05:14,168 - INFO - Regula po iteracji 2: IF Distance <= 415.84 AND Inhabitants <= 80.50 AND Distance >= 70.00 THEN class = {897.68} [461.72, 1,333.64], (p=145, n=57, P=181, N=314)
2026-04-14 12:05:14,169 - INFO - *****GROWING RR RULE*****
2026-04-14 12:05:14,265 - INFO - Iteracja 0: condition_best: None, quality_best: -inf, coverage_best: (p=0, n=0, P=0, N=0), p_value: 0
2026-04-14 12:05:14,265 - INFO - Regula po iteracji 0: IF  THEN class = {1,726.43} [573.14, 2,879.71], (p=373, n=122, P=373, N=122)
2026-04-14 12:05:14,265 - INFO - *****STOP GROWING RR RULE*****
2026-04-14 12:05:14,265 - INFO - ***RR NOT FOUND***
2026-04-14 12:05:14,284 - INFO - Iteracja 3: condition_best: Inhabitants <= 75.50, quality_best: 0.496, coverage_best: (p=144, n=57, P=181, N=314)
2026-04-14 12:05:14,284 - INFO - Regula po iteracji 3: IF Distance <= 415.84 AND Inhabitants <= 80.50 AND Distance >= 70.00 AND Inhabitants <= 75.50 THEN class = {896.47} [459.77, 1,333.18], (p=144, n=57, P=181, N=314)
2026-04-14 12:05:14,285 - INFO - *****GROWING RR RULE*****
2026-04-14 12:05:14,381 - INFO - Iteracja 0: condition_best: None, quality_best: -inf, coverage_best: (p=0, n=0, P=0, N=0), p_value: 0
2026-04-14 12:05:14,382 - INFO - Regula po iteracji 0: IF  THEN class = {1,726.43} [573.14, 2,879.71], (p=373, n=122, P=373, N=122)
2026-04-14 12:05:14,382 - INFO - *****STOP GROWING RR RULE*****
2026-04-14 12:05:14,382 - INFO - ***RR NOT FOUND***
2026-04-14 12:05:14,400 - INFO - Iteracja 4: condition_best: Distance >= 82.50, quality_best: 0.495, coverage_best: (p=143, n=57, P=180, N=315)
2026-04-14 12:05:14,400 - INFO - Regula po iteracji 4: IF Distance <= 415.84 AND Inhabitants <= 80.50 AND Distance >= 70.00 AND Inhabitants <= 75.50 AND Distance >= 82.50 THEN class = {900.55} [466.60, 1,334.51], (p=143, n=57, P=180, N=315)
2026-04-14 12:05:14,401 - INFO - *****GROWING RR RULE*****
2026-04-14 12:05:14,497 - INFO - Iteracja 0: condition_best: None, quality_best: -inf, coverage_best: (p=0, n=0, P=0, N=0), p_value: 0
2026-04-14 12:05:14,497 - INFO - Regula po iteracji 0: IF  THEN class = {1,726.43} [573.14, 2,879.71], (p=373, n=122, P=373, N=122)
2026-04-14 12:05:14,497 - INFO - *****STOP GROWING RR RULE*****
2026-04-14 12:05:14,498 - INFO - ***RR NOT FOUND***
2026-04-14 12:05:14,498 - INFO - *******STOP GROWING CR RULE*******
2026-04-14 12:05:14,498 - INFO - *******GROWING CR RULE*******
2026-04-14 12:05:14,547 - INFO - Iteracja 0: condition_best: Distance <= 425.00, quality_best: 0.451, coverage_best: (p=157, n=64, P=203, N=292)
2026-04-14 12:05:14,547 - INFO - Regula po iteracji 0: IF Distance <= 425.00 THEN class = {937.72} [456.88, 1,418.57], (p=157, n=64, P=203, N=292)
2026-04-14 12:05:14,548 - INFO - *****GROWING RR RULE*****
2026-04-14 12:05:14,644 - INFO - Iteracja 0: condition_best: None, quality_best: -inf, coverage_best: (p=0, n=0, P=0, N=0), p_value: 0
2026-04-14 12:05:14,644 - INFO - Regula po iteracji 0: IF  THEN class = {1,726.43} [573.14, 2,879.71], (p=373, n=122, P=373, N=122)
2026-04-14 12:05:14,644 - INFO - *****STOP GROWING RR RULE*****
2026-04-14 12:05:14,644 - INFO - ***RR NOT FOUND***
2026-04-14 12:05:14,665 - INFO - Iteracja 1: condition_best: Inhabitants <= 53.50, quality_best: 0.506, coverage_best: (p=141, n=54, P=179, N=316)
2026-04-14 12:05:14,665 - INFO - Regula po iteracji 1: IF Distance <= 425.00 AND Inhabitants <= 53.50 THEN class = {868.23} [439.61, 1,296.86], (p=141, n=54, P=179, N=316)
2026-04-14 12:05:14,665 - INFO - *****GROWING RR RULE*****
2026-04-14 12:05:14,761 - INFO - Iteracja 0: condition_best: None, quality_best: -inf, coverage_best: (p=0, n=0, P=0, N=0), p_value: 0
2026-04-14 12:05:14,761 - INFO - Regula po iteracji 0: IF  THEN class = {1,726.43} [573.14, 2,879.71], (p=373, n=122, P=373, N=122)
2026-04-14 12:05:14,762 - INFO - *****STOP GROWING RR RULE*****
2026-04-14 12:05:14,762 - INFO - ***RR NOT FOUND***
2026-04-14 12:05:14,779 - INFO - Iteracja 2: condition_best: Distance >= 85.83, quality_best: 0.514, coverage_best: (p=139, n=52, P=177, N=318)
2026-04-14 12:05:14,779 - INFO - Regula po iteracji 2: IF Distance <= 425.00 AND Inhabitants <= 53.50 AND Distance >= 85.83 THEN class = {884.18} [465.67, 1,302.70], (p=139, n=52, P=177, N=318)
2026-04-14 12:05:14,779 - INFO - *****GROWING RR RULE*****
2026-04-14 12:05:14,876 - INFO - Iteracja 0: condition_best: None, quality_best: -inf, coverage_best: (p=0, n=0, P=0, N=0), p_value: 0
2026-04-14 12:05:14,876 - INFO - Regula po iteracji 0: IF  THEN class = {1,726.43} [573.14, 2,879.71], (p=373, n=122, P=373, N=122)
2026-04-14 12:05:14,876 - INFO - *****STOP GROWING RR RULE*****
2026-04-14 12:05:14,876 - INFO - ***RR NOT FOUND***
2026-04-14 12:05:14,893 - INFO - Iteracja 3: condition_best: Inhabitants <= 51.50, quality_best: 0.516, coverage_best: (p=138, n=51, P=177, N=318)
2026-04-14 12:05:14,893 - INFO - Regula po iteracji 3: IF Distance <= 425.00 AND Inhabitants <= 53.50 AND Distance >= 85.83 AND Inhabitants <= 51.50 THEN class = {879.50} [461.30, 1,297.69], (p=138, n=51, P=177, N=318)
2026-04-14 12:05:14,893 - INFO - *****GROWING RR RULE*****
2026-04-14 12:05:14,990 - INFO - Iteracja 0: condition_best: None, quality_best: -inf, coverage_best: (p=0, n=0, P=0, N=0), p_value: 0
2026-04-14 12:05:14,990 - INFO - Regula po iteracji 0: IF  THEN class = {1,726.43} [573.14, 2,879.71], (p=373, n=122, P=373, N=122)
2026-04-14 12:05:14,990 - INFO - *****STOP GROWING RR RULE*****
2026-04-14 12:05:14,990 - INFO - ***RR NOT FOUND***
2026-04-14 12:05:15,007 - INFO - Iteracja 4: condition_best: Distance >= 90.83, quality_best: 0.515, coverage_best: (p=137, n=51, P=176, N=319)
2026-04-14 12:05:15,007 - INFO - Regula po iteracji 4: IF Distance <= 425.00 AND Inhabitants <= 53.50 AND Distance >= 85.83 AND Inhabitants <= 51.50 AND Distance >= 90.83 THEN class = {882.95} [466.33, 1,299.56], (p=137, n=51, P=176, N=319)
2026-04-14 12:05:15,007 - INFO - *****GROWING RR RULE*****
2026-04-14 12:05:15,104 - INFO - Iteracja 0: condition_best: None, quality_best: -inf, coverage_best: (p=0, n=0, P=0, N=0), p_value: 0
2026-04-14 12:05:15,104 - INFO - Regula po iteracji 0: IF  THEN class = {1,726.43} [573.14, 2,879.71], (p=373, n=122, P=373, N=122)
2026-04-14 12:05:15,104 - INFO - *****STOP GROWING RR RULE*****
2026-04-14 12:05:15,104 - INFO - ***RR NOT FOUND***
2026-04-14 12:05:15,104 - INFO - *******STOP GROWING CR RULE*******
2026-04-14 12:05:15,105 - INFO - *******GROWING CR RULE*******
2026-04-14 12:05:15,153 - INFO - Iteracja 0: condition_best: Distance <= 425.00, quality_best: 0.451, coverage_best: (p=157, n=64, P=203, N=292)
2026-04-14 12:05:15,154 - INFO - Regula po iteracji 0: IF Distance <= 425.00 THEN class = {937.72} [456.88, 1,418.57], (p=157, n=64, P=203, N=292)
2026-04-14 12:05:15,154 - INFO - *****GROWING RR RULE*****
2026-04-14 12:05:15,250 - INFO - Iteracja 0: condition_best: None, quality_best: -inf, coverage_best: (p=0, n=0, P=0, N=0), p_value: 0
2026-04-14 12:05:15,250 - INFO - Regula po iteracji 0: IF  THEN class = {1,726.43} [573.14, 2,879.71], (p=373, n=122, P=373, N=122)
2026-04-14 12:05:15,251 - INFO - *****STOP GROWING RR RULE*****
2026-04-14 12:05:15,251 - INFO - ***RR NOT FOUND***
2026-04-14 12:05:15,271 - INFO - Iteracja 1: condition_best: Inhabitants <= 87.50, quality_best: 0.475, coverage_best: (p=156, n=60, P=200, N=295)
2026-04-14 12:05:15,271 - INFO - Regula po iteracji 1: IF Distance <= 425.00 AND Inhabitants <= 87.50 THEN class = {924.52} [448.41, 1,400.64], (p=156, n=60, P=200, N=295)
2026-04-14 12:05:15,271 - INFO - *****GROWING RR RULE*****
2026-04-14 12:05:15,367 - INFO - Iteracja 0: condition_best: None, quality_best: -inf, coverage_best: (p=0, n=0, P=0, N=0), p_value: 0
2026-04-14 12:05:15,367 - INFO - Regula po iteracji 0: IF  THEN class = {1,726.43} [573.14, 2,879.71], (p=373, n=122, P=373, N=122)
2026-04-14 12:05:15,367 - INFO - *****STOP GROWING RR RULE*****
2026-04-14 12:05:15,367 - INFO - ***RR NOT FOUND***
2026-04-14 12:05:15,387 - INFO - Iteracja 2: condition_best: Inhabitants >= 1.50, quality_best: 0.482, coverage_best: (p=155, n=58, P=200, N=295)
2026-04-14 12:05:15,387 - INFO - Regula po iteracji 2: IF Distance <= 425.00 AND Inhabitants <= 87.50 AND Inhabitants >= 1.50 THEN class = {935.47} [465.14, 1,405.80], (p=155, n=58, P=200, N=295)
2026-04-14 12:05:15,387 - INFO - *****GROWING RR RULE*****
2026-04-14 12:05:15,484 - INFO - Iteracja 0: condition_best: None, quality_best: -inf, coverage_best: (p=0, n=0, P=0, N=0), p_value: 0
2026-04-14 12:05:15,484 - INFO - Regula po iteracji 0: IF  THEN class = {1,726.43} [573.14, 2,879.71], (p=373, n=122, P=373, N=122)
2026-04-14 12:05:15,484 - INFO - *****STOP GROWING RR RULE*****
2026-04-14 12:05:15,484 - INFO - ***RR NOT FOUND***
2026-04-14 12:05:15,503 - INFO - Iteracja 3: condition_best: Distance >= 72.50, quality_best: 0.468, coverage_best: (p=151, n=60, P=196, N=299)
2026-04-14 12:05:15,503 - INFO - Regula po iteracji 3: IF Distance <= 425.00 AND Inhabitants <= 87.50 AND Inhabitants >= 1.50 AND Distance >= 72.50 THEN class = {943.32} [477.77, 1,408.88], (p=151, n=60, P=196, N=299)
2026-04-14 12:05:15,503 - INFO - *****GROWING RR RULE*****
2026-04-14 12:05:15,600 - INFO - Iteracja 0: condition_best: None, quality_best: -inf, coverage_best: (p=0, n=0, P=0, N=0), p_value: 0
2026-04-14 12:05:15,600 - INFO - Regula po iteracji 0: IF  THEN class = {1,726.43} [573.14, 2,879.71], (p=373, n=122, P=373, N=122)
2026-04-14 12:05:15,600 - INFO - *****STOP GROWING RR RULE*****
2026-04-14 12:05:15,600 - INFO - ***RR NOT FOUND***
2026-04-14 12:05:15,619 - INFO - Iteracja 4: condition_best: Distance >= 100.00, quality_best: 0.461, coverage_best: (p=148, n=60, P=195, N=300)
2026-04-14 12:05:15,619 - INFO - Regula po iteracji 4: IF Distance <= 425.00 AND Inhabitants <= 87.50 AND Inhabitants >= 1.50 AND Distance >= 72.50 AND Distance >= 100.00 THEN class = {954.59} [495.35, 1,413.83], (p=148, n=60, P=195, N=300)
2026-04-14 12:05:15,620 - INFO - *****GROWING RR RULE*****
2026-04-14 12:05:15,716 - INFO - Iteracja 0: condition_best: None, quality_best: -inf, coverage_best: (p=0, n=0, P=0, N=0), p_value: 0
2026-04-14 12:05:15,716 - INFO - Regula po iteracji 0: IF  THEN class = {1,726.43} [573.14, 2,879.71], (p=373, n=122, P=373, N=122)
2026-04-14 12:05:15,716 - INFO - *****STOP GROWING RR RULE*****
2026-04-14 12:05:15,716 - INFO - ***RR NOT FOUND***
2026-04-14 12:05:15,716 - INFO - *******STOP GROWING CR RULE*******
2026-04-14 12:05:15,717 - INFO - *******GROWING CR RULE*******
2026-04-14 12:05:15,767 - INFO - Iteracja 0: condition_best: Distance <= 70.00, quality_best: 1.0, coverage_best: (p=2, n=0, P=2, N=493)
2026-04-14 12:05:15,767 - INFO - Regula po iteracji 0: IF Distance <= 70.00 THEN class = {107.00} [96.00, 118.00], (p=2, n=0, P=2, N=493)
2026-04-14 12:05:15,767 - INFO - *****GROWING RR RULE*****
2026-04-14 12:05:15,860 - INFO - Iteracja 0: condition_best: None, quality_best: -inf, coverage_best: (p=0, n=0, P=0, N=0), p_value: 0
2026-04-14 12:05:15,860 - INFO - Regula po iteracji 0: IF  THEN class = {1,726.43} [573.14, 2,879.71], (p=373, n=122, P=373, N=122)
2026-04-14 12:05:15,860 - INFO - *****STOP GROWING RR RULE*****
2026-04-14 12:05:15,860 - INFO - ***RR NOT FOUND***
2026-04-14 12:05:15,861 - INFO - Iteracja 1: condition_best: Inhabitants <= 5.50, quality_best: 1.0, coverage_best: (p=1, n=0, P=1, N=494)
2026-04-14 12:05:15,861 - INFO - Regula po iteracji 1: IF Distance <= 70.00 AND Inhabitants <= 5.50 THEN class = {96.00} [96.00, 96.00], (p=1, n=0, P=1, N=494)
2026-04-14 12:05:15,861 - INFO - *****GROWING RR RULE*****
2026-04-14 12:05:15,954 - INFO - Iteracja 0: condition_best: None, quality_best: -inf, coverage_best: (p=0, n=0, P=0, N=0), p_value: 0
2026-04-14 12:05:15,954 - INFO - Regula po iteracji 0: IF  THEN class = {1,726.43} [573.14, 2,879.71], (p=373, n=122, P=373, N=122)
2026-04-14 12:05:15,954 - INFO - *****STOP GROWING RR RULE*****
2026-04-14 12:05:15,954 - INFO - ***RR NOT FOUND***
2026-04-14 12:05:15,955 - INFO - Iteracja 2: condition_best: None, quality_best: -inf, coverage_best: (p=0, n=0, P=0, N=0)
2026-04-14 12:05:15,955 - INFO - Regula po iteracji 2: IF Distance <= 70.00 AND Inhabitants <= 5.50 THEN class = {96.00} [96.00, 96.00], (p=1, n=0, P=1, N=494)
2026-04-14 12:05:15,955 - INFO - *******STOP GROWING CR RULE*******
2026-04-14 12:05:15,962 - INFO - ************************Finished experiment for ele-1.arff with algorithm************************
2026-04-14 12:05:15,962 - INFO - *************************************************************************************************************************
2026-04-14 12:05:15,962 - INFO - *************************************************************************************************************************
2026-04-14 12:05:15,962 - INFO - *************************************************************************************************************************
