2026-04-14 12:53:44,713 - INFO - **********Starting experiment for ozone.arff with algorithm**********
2026-04-14 12:53:44,717 - INFO - *******GROWING CR RULE*******
2026-04-14 12:53:44,814 - INFO - Iteracja 0: condition_best: SDAFBTMP <= 53.50, quality_best: 0.566, coverage_best: (p=88, n=14, P=161, N=169)
2026-04-14 12:53:44,814 - INFO - Regula po iteracji 0: IF SDAFBTMP <= 53.50 THEN class = {5.62} [1.99, 9.25], (p=88, n=14, P=161, N=169)
2026-04-14 12:53:44,814 - INFO - *****GROWING RR RULE*****
2026-04-14 12:53:44,943 - INFO - Iteracja 0: condition_best: None, quality_best: -inf, coverage_best: (p=0, n=0, P=0, N=0), p_value: 0
2026-04-14 12:53:44,944 - INFO - Regula po iteracji 0: IF  THEN class = {11.78} [3.78, 19.77], (p=232, n=98, P=232, N=98)
2026-04-14 12:53:44,944 - INFO - *****STOP GROWING RR RULE*****
2026-04-14 12:53:44,944 - INFO - ***RR NOT FOUND***
2026-04-14 12:53:44,975 - INFO - Iteracja 1: condition_best: INVHT >= 578.50, quality_best: 0.613, coverage_best: (p=80, n=11, P=143, N=187)
2026-04-14 12:53:44,975 - INFO - Regula po iteracji 1: IF SDAFBTMP <= 53.50 AND INVHT >= 578.50 THEN class = {5.38} [1.92, 8.85], (p=80, n=11, P=143, N=187)
2026-04-14 12:53:44,976 - INFO - *****GROWING RR RULE*****
2026-04-14 12:53:45,105 - INFO - Iteracja 0: condition_best: None, quality_best: -inf, coverage_best: (p=0, n=0, P=0, N=0), p_value: 0
2026-04-14 12:53:45,105 - INFO - Regula po iteracji 0: IF  THEN class = {11.78} [3.78, 19.77], (p=232, n=98, P=232, N=98)
2026-04-14 12:53:45,105 - INFO - *****STOP GROWING RR RULE*****
2026-04-14 12:53:45,105 - INFO - ***RR NOT FOUND***
2026-04-14 12:53:45,132 - INFO - Iteracja 2: condition_best: VZBLTY >= 45.00, quality_best: 0.646, coverage_best: (p=78, n=8, P=143, N=187)
2026-04-14 12:53:45,132 - INFO - Regula po iteracji 2: IF SDAFBTMP <= 53.50 AND INVHT >= 578.50 AND VZBLTY >= 45.00 THEN class = {5.06} [1.97, 8.15], (p=78, n=8, P=143, N=187)
2026-04-14 12:53:45,132 - INFO - *****GROWING RR RULE*****
2026-04-14 12:53:45,261 - INFO - Iteracja 0: condition_best: None, quality_best: -inf, coverage_best: (p=0, n=0, P=0, N=0), p_value: 0
2026-04-14 12:53:45,261 - INFO - Regula po iteracji 0: IF  THEN class = {11.78} [3.78, 19.77], (p=232, n=98, P=232, N=98)
2026-04-14 12:53:45,261 - INFO - *****STOP GROWING RR RULE*****
2026-04-14 12:53:45,261 - INFO - ***RR NOT FOUND***
2026-04-14 12:53:45,286 - INFO - Iteracja 3: condition_best: VDB500HT <= 5,840.00, quality_best: 0.641, coverage_best: (p=77, n=8, P=143, N=187)
2026-04-14 12:53:45,287 - INFO - Regula po iteracji 3: IF SDAFBTMP <= 53.50 AND INVHT >= 578.50 AND VZBLTY >= 45.00 AND VDB500HT <= 5,840.00 THEN class = {5.08} [1.98, 8.18], (p=77, n=8, P=143, N=187)
2026-04-14 12:53:45,287 - INFO - *****GROWING RR RULE*****
2026-04-14 12:53:45,415 - INFO - Iteracja 0: condition_best: None, quality_best: -inf, coverage_best: (p=0, n=0, P=0, N=0), p_value: 0
2026-04-14 12:53:45,415 - INFO - Regula po iteracji 0: IF  THEN class = {11.78} [3.78, 19.77], (p=232, n=98, P=232, N=98)
2026-04-14 12:53:45,415 - INFO - *****STOP GROWING RR RULE*****
2026-04-14 12:53:45,415 - INFO - ***RR NOT FOUND***
2026-04-14 12:53:45,440 - INFO - Iteracja 4: condition_best: VDB500HT >= 5,335.00, quality_best: 0.637, coverage_best: (p=76, n=8, P=143, N=187)
2026-04-14 12:53:45,440 - INFO - Regula po iteracji 4: IF SDAFBTMP <= 53.50 AND INVHT >= 578.50 AND VZBLTY >= 45.00 AND VDB500HT <= 5,840.00 AND VDB500HT >= 5,335.00 THEN class = {5.11} [2.00, 8.22], (p=76, n=8, P=143, N=187)
2026-04-14 12:53:45,441 - INFO - *****GROWING RR RULE*****
2026-04-14 12:53:45,569 - INFO - Iteracja 0: condition_best: None, quality_best: -inf, coverage_best: (p=0, n=0, P=0, N=0), p_value: 0
2026-04-14 12:53:45,569 - INFO - Regula po iteracji 0: IF  THEN class = {11.78} [3.78, 19.77], (p=232, n=98, P=232, N=98)
2026-04-14 12:53:45,569 - INFO - *****STOP GROWING RR RULE*****
2026-04-14 12:53:45,569 - INFO - ***RR NOT FOUND***
2026-04-14 12:53:45,569 - INFO - *******STOP GROWING CR RULE*******
2026-04-14 12:53:45,571 - INFO - *******GROWING CR RULE*******
2026-04-14 12:53:45,648 - INFO - Iteracja 0: condition_best: SDAFBTMP <= 53.50, quality_best: 0.566, coverage_best: (p=88, n=14, P=161, N=169)
2026-04-14 12:53:45,648 - INFO - Regula po iteracji 0: IF SDAFBTMP <= 53.50 THEN class = {5.62} [1.99, 9.25], (p=88, n=14, P=161, N=169)
2026-04-14 12:53:45,648 - INFO - *****GROWING RR RULE*****
2026-04-14 12:53:45,776 - INFO - Iteracja 0: condition_best: None, quality_best: -inf, coverage_best: (p=0, n=0, P=0, N=0), p_value: 0
2026-04-14 12:53:45,776 - INFO - Regula po iteracji 0: IF  THEN class = {11.78} [3.78, 19.77], (p=232, n=98, P=232, N=98)
2026-04-14 12:53:45,776 - INFO - *****STOP GROWING RR RULE*****
2026-04-14 12:53:45,776 - INFO - ***RR NOT FOUND***
2026-04-14 12:53:45,803 - INFO - Iteracja 1: condition_best: INVHT >= 578.50, quality_best: 0.613, coverage_best: (p=80, n=11, P=143, N=187)
2026-04-14 12:53:45,803 - INFO - Regula po iteracji 1: IF SDAFBTMP <= 53.50 AND INVHT >= 578.50 THEN class = {5.38} [1.92, 8.85], (p=80, n=11, P=143, N=187)
2026-04-14 12:53:45,804 - INFO - *****GROWING RR RULE*****
2026-04-14 12:53:45,931 - INFO - Iteracja 0: condition_best: None, quality_best: -inf, coverage_best: (p=0, n=0, P=0, N=0), p_value: 0
2026-04-14 12:53:45,932 - INFO - Regula po iteracji 0: IF  THEN class = {11.78} [3.78, 19.77], (p=232, n=98, P=232, N=98)
2026-04-14 12:53:45,932 - INFO - *****STOP GROWING RR RULE*****
2026-04-14 12:53:45,932 - INFO - ***RR NOT FOUND***
2026-04-14 12:53:45,957 - INFO - Iteracja 2: condition_best: VDB500HT <= 5,815.00, quality_best: 0.622, coverage_best: (p=79, n=10, P=143, N=187)
2026-04-14 12:53:45,957 - INFO - Regula po iteracji 2: IF SDAFBTMP <= 53.50 AND INVHT >= 578.50 AND VDB500HT <= 5,815.00 THEN class = {5.33} [1.92, 8.73], (p=79, n=10, P=143, N=187)
2026-04-14 12:53:45,957 - INFO - *****GROWING RR RULE*****
2026-04-14 12:53:46,085 - INFO - Iteracja 0: condition_best: None, quality_best: -inf, coverage_best: (p=0, n=0, P=0, N=0), p_value: 0
2026-04-14 12:53:46,085 - INFO - Regula po iteracji 0: IF  THEN class = {11.78} [3.78, 19.77], (p=232, n=98, P=232, N=98)
2026-04-14 12:53:46,085 - INFO - *****STOP GROWING RR RULE*****
2026-04-14 12:53:46,085 - INFO - ***RR NOT FOUND***
2026-04-14 12:53:46,110 - INFO - Iteracja 3: condition_best: HMDTY <= 86.00, quality_best: 0.618, coverage_best: (p=78, n=10, P=143, N=187)
2026-04-14 12:53:46,110 - INFO - Regula po iteracji 3: IF SDAFBTMP <= 53.50 AND INVHT >= 578.50 AND VDB500HT <= 5,815.00 AND HMDTY <= 86.00 THEN class = {5.35} [1.94, 8.76], (p=78, n=10, P=143, N=187)
2026-04-14 12:53:46,110 - INFO - *****GROWING RR RULE*****
2026-04-14 12:53:46,238 - INFO - Iteracja 0: condition_best: None, quality_best: -inf, coverage_best: (p=0, n=0, P=0, N=0), p_value: 0
2026-04-14 12:53:46,239 - INFO - Regula po iteracji 0: IF  THEN class = {11.78} [3.78, 19.77], (p=232, n=98, P=232, N=98)
2026-04-14 12:53:46,239 - INFO - *****STOP GROWING RR RULE*****
2026-04-14 12:53:46,239 - INFO - ***RR NOT FOUND***
2026-04-14 12:53:46,264 - INFO - Iteracja 4: condition_best: INVHT >= 601.50, quality_best: 0.613, coverage_best: (p=77, n=10, P=143, N=187)
2026-04-14 12:53:46,264 - INFO - Regula po iteracji 4: IF SDAFBTMP <= 53.50 AND INVHT >= 578.50 AND VDB500HT <= 5,815.00 AND HMDTY <= 86.00 AND INVHT >= 601.50 THEN class = {5.36} [1.93, 8.79], (p=77, n=10, P=143, N=187)
2026-04-14 12:53:46,264 - INFO - *****GROWING RR RULE*****
2026-04-14 12:53:46,392 - INFO - Iteracja 0: condition_best: None, quality_best: -inf, coverage_best: (p=0, n=0, P=0, N=0), p_value: 0
2026-04-14 12:53:46,392 - INFO - Regula po iteracji 0: IF  THEN class = {11.78} [3.78, 19.77], (p=232, n=98, P=232, N=98)
2026-04-14 12:53:46,392 - INFO - *****STOP GROWING RR RULE*****
2026-04-14 12:53:46,392 - INFO - ***RR NOT FOUND***
2026-04-14 12:53:46,392 - INFO - *******STOP GROWING CR RULE*******
2026-04-14 12:53:46,394 - INFO - *******GROWING CR RULE*******
2026-04-14 12:53:46,469 - INFO - Iteracja 0: condition_best: SDAFBTMP <= 53.50, quality_best: 0.566, coverage_best: (p=88, n=14, P=161, N=169)
2026-04-14 12:53:46,470 - INFO - Regula po iteracji 0: IF SDAFBTMP <= 53.50 THEN class = {5.62} [1.99, 9.25], (p=88, n=14, P=161, N=169)
2026-04-14 12:53:46,470 - INFO - *****GROWING RR RULE*****
2026-04-14 12:53:46,598 - INFO - Iteracja 0: condition_best: None, quality_best: -inf, coverage_best: (p=0, n=0, P=0, N=0), p_value: 0
2026-04-14 12:53:46,598 - INFO - Regula po iteracji 0: IF  THEN class = {11.78} [3.78, 19.77], (p=232, n=98, P=232, N=98)
2026-04-14 12:53:46,598 - INFO - *****STOP GROWING RR RULE*****
2026-04-14 12:53:46,598 - INFO - ***RR NOT FOUND***
2026-04-14 12:53:46,625 - INFO - Iteracja 1: condition_best: VZBLTY >= 55.00, quality_best: 0.613, coverage_best: (p=80, n=11, P=143, N=187)
2026-04-14 12:53:46,625 - INFO - Regula po iteracji 1: IF SDAFBTMP <= 53.50 AND VZBLTY >= 55.00 THEN class = {5.18} [1.98, 8.37], (p=80, n=11, P=143, N=187)
2026-04-14 12:53:46,625 - INFO - *****GROWING RR RULE*****
2026-04-14 12:53:46,753 - INFO - Iteracja 0: condition_best: None, quality_best: -inf, coverage_best: (p=0, n=0, P=0, N=0), p_value: 0
2026-04-14 12:53:46,753 - INFO - Regula po iteracji 0: IF  THEN class = {11.78} [3.78, 19.77], (p=232, n=98, P=232, N=98)
2026-04-14 12:53:46,754 - INFO - *****STOP GROWING RR RULE*****
2026-04-14 12:53:46,754 - INFO - ***RR NOT FOUND***
2026-04-14 12:53:46,778 - INFO - Iteracja 2: condition_best: VDB500HT <= 5,840.00, quality_best: 0.609, coverage_best: (p=79, n=11, P=143, N=187)
2026-04-14 12:53:46,778 - INFO - Regula po iteracji 2: IF SDAFBTMP <= 53.50 AND VZBLTY >= 55.00 AND VDB500HT <= 5,840.00 THEN class = {5.20} [2.00, 8.40], (p=79, n=11, P=143, N=187)
2026-04-14 12:53:46,779 - INFO - *****GROWING RR RULE*****
2026-04-14 12:53:46,907 - INFO - Iteracja 0: condition_best: None, quality_best: -inf, coverage_best: (p=0, n=0, P=0, N=0), p_value: 0
2026-04-14 12:53:46,907 - INFO - Regula po iteracji 0: IF  THEN class = {11.78} [3.78, 19.77], (p=232, n=98, P=232, N=98)
2026-04-14 12:53:46,907 - INFO - *****STOP GROWING RR RULE*****
2026-04-14 12:53:46,907 - INFO - ***RR NOT FOUND***
2026-04-14 12:53:46,931 - INFO - Iteracja 3: condition_best: VZBLTY >= 65.00, quality_best: 0.604, coverage_best: (p=75, n=10, P=143, N=187)
2026-04-14 12:53:46,932 - INFO - Regula po iteracji 3: IF SDAFBTMP <= 53.50 AND VZBLTY >= 55.00 AND VDB500HT <= 5,840.00 AND VZBLTY >= 65.00 THEN class = {5.09} [1.96, 8.23], (p=75, n=10, P=143, N=187)
2026-04-14 12:53:46,932 - INFO - *****GROWING RR RULE*****
2026-04-14 12:53:47,060 - INFO - Iteracja 0: condition_best: None, quality_best: -inf, coverage_best: (p=0, n=0, P=0, N=0), p_value: 0
2026-04-14 12:53:47,060 - INFO - Regula po iteracji 0: IF  THEN class = {11.78} [3.78, 19.77], (p=232, n=98, P=232, N=98)
2026-04-14 12:53:47,060 - INFO - *****STOP GROWING RR RULE*****
2026-04-14 12:53:47,060 - INFO - ***RR NOT FOUND***
2026-04-14 12:53:47,084 - INFO - Iteracja 4: condition_best: VDB500HT >= 5,365.00, quality_best: 0.599, coverage_best: (p=74, n=10, P=143, N=187)
2026-04-14 12:53:47,084 - INFO - Regula po iteracji 4: IF SDAFBTMP <= 53.50 AND VZBLTY >= 55.00 AND VDB500HT <= 5,840.00 AND VZBLTY >= 65.00 AND VDB500HT >= 5,365.00 THEN class = {5.12} [1.97, 8.27], (p=74, n=10, P=143, N=187)
2026-04-14 12:53:47,085 - INFO - *****GROWING RR RULE*****
2026-04-14 12:53:47,212 - INFO - Iteracja 0: condition_best: None, quality_best: -inf, coverage_best: (p=0, n=0, P=0, N=0), p_value: 0
2026-04-14 12:53:47,212 - INFO - Regula po iteracji 0: IF  THEN class = {11.78} [3.78, 19.77], (p=232, n=98, P=232, N=98)
2026-04-14 12:53:47,212 - INFO - *****STOP GROWING RR RULE*****
2026-04-14 12:53:47,213 - INFO - ***RR NOT FOUND***
2026-04-14 12:53:47,213 - INFO - *******STOP GROWING CR RULE*******
2026-04-14 12:53:47,214 - INFO - *******GROWING CR RULE*******
2026-04-14 12:53:47,289 - INFO - Iteracja 0: condition_best: SDAFBTMP <= 53.50, quality_best: 0.566, coverage_best: (p=88, n=14, P=161, N=169)
2026-04-14 12:53:47,289 - INFO - Regula po iteracji 0: IF SDAFBTMP <= 53.50 THEN class = {5.62} [1.99, 9.25], (p=88, n=14, P=161, N=169)
2026-04-14 12:53:47,290 - INFO - *****GROWING RR RULE*****
2026-04-14 12:53:47,417 - INFO - Iteracja 0: condition_best: None, quality_best: -inf, coverage_best: (p=0, n=0, P=0, N=0), p_value: 0
2026-04-14 12:53:47,418 - INFO - Regula po iteracji 0: IF  THEN class = {11.78} [3.78, 19.77], (p=232, n=98, P=232, N=98)
2026-04-14 12:53:47,418 - INFO - *****STOP GROWING RR RULE*****
2026-04-14 12:53:47,418 - INFO - ***RR NOT FOUND***
2026-04-14 12:53:47,445 - INFO - Iteracja 1: condition_best: VDB500HT <= 5,815.00, quality_best: 0.575, coverage_best: (p=87, n=13, P=161, N=169)
2026-04-14 12:53:47,445 - INFO - Regula po iteracji 1: IF SDAFBTMP <= 53.50 AND VDB500HT <= 5,815.00 THEN class = {5.57} [1.99, 9.15], (p=87, n=13, P=161, N=169)
2026-04-14 12:53:47,445 - INFO - *****GROWING RR RULE*****
2026-04-14 12:53:47,573 - INFO - Iteracja 0: condition_best: None, quality_best: -inf, coverage_best: (p=0, n=0, P=0, N=0), p_value: 0
2026-04-14 12:53:47,574 - INFO - Regula po iteracji 0: IF  THEN class = {11.78} [3.78, 19.77], (p=232, n=98, P=232, N=98)
2026-04-14 12:53:47,574 - INFO - *****STOP GROWING RR RULE*****
2026-04-14 12:53:47,574 - INFO - ***RR NOT FOUND***
2026-04-14 12:53:47,600 - INFO - Iteracja 2: condition_best: DAGPG <= 75.50, quality_best: 0.566, coverage_best: (p=85, n=13, P=161, N=169)
2026-04-14 12:53:47,600 - INFO - Regula po iteracji 2: IF SDAFBTMP <= 53.50 AND VDB500HT <= 5,815.00 AND DAGPG <= 75.50 THEN class = {5.60} [2.00, 9.21], (p=85, n=13, P=161, N=169)
2026-04-14 12:53:47,601 - INFO - *****GROWING RR RULE*****
2026-04-14 12:53:47,729 - INFO - Iteracja 0: condition_best: None, quality_best: -inf, coverage_best: (p=0, n=0, P=0, N=0), p_value: 0
2026-04-14 12:53:47,729 - INFO - Regula po iteracji 0: IF  THEN class = {11.78} [3.78, 19.77], (p=232, n=98, P=232, N=98)
2026-04-14 12:53:47,729 - INFO - *****STOP GROWING RR RULE*****
2026-04-14 12:53:47,729 - INFO - ***RR NOT FOUND***
2026-04-14 12:53:47,756 - INFO - Iteracja 3: condition_best: DAGPG <= 52.50, quality_best: 0.518, coverage_best: (p=70, n=13, P=152, N=178)
2026-04-14 12:53:47,756 - INFO - Regula po iteracji 3: IF SDAFBTMP <= 53.50 AND VDB500HT <= 5,815.00 AND DAGPG <= 75.50 AND DAGPG <= 52.50 THEN class = {5.71} [2.24, 9.18], (p=70, n=13, P=152, N=178)
2026-04-14 12:53:47,756 - INFO - *****GROWING RR RULE*****
2026-04-14 12:53:47,884 - INFO - Iteracja 0: condition_best: None, quality_best: -inf, coverage_best: (p=0, n=0, P=0, N=0), p_value: 0
2026-04-14 12:53:47,885 - INFO - Regula po iteracji 0: IF  THEN class = {11.78} [3.78, 19.77], (p=232, n=98, P=232, N=98)
2026-04-14 12:53:47,885 - INFO - *****STOP GROWING RR RULE*****
2026-04-14 12:53:47,885 - INFO - ***RR NOT FOUND***
2026-04-14 12:53:47,909 - INFO - Iteracja 4: condition_best: INVTMP <= 71.50, quality_best: 0.532, coverage_best: (p=70, n=12, P=152, N=178)
2026-04-14 12:53:47,909 - INFO - Regula po iteracji 4: IF SDAFBTMP <= 53.50 AND VDB500HT <= 5,815.00 AND DAGPG <= 75.50 AND DAGPG <= 52.50 AND INVTMP <= 71.50 THEN class = {5.76} [2.29, 9.22], (p=70, n=12, P=152, N=178)
2026-04-14 12:53:47,909 - INFO - *****GROWING RR RULE*****
2026-04-14 12:53:48,037 - INFO - Iteracja 0: condition_best: None, quality_best: -inf, coverage_best: (p=0, n=0, P=0, N=0), p_value: 0
2026-04-14 12:53:48,037 - INFO - Regula po iteracji 0: IF  THEN class = {11.78} [3.78, 19.77], (p=232, n=98, P=232, N=98)
2026-04-14 12:53:48,037 - INFO - *****STOP GROWING RR RULE*****
2026-04-14 12:53:48,037 - INFO - ***RR NOT FOUND***
2026-04-14 12:53:48,037 - INFO - *******STOP GROWING CR RULE*******
2026-04-14 12:53:48,039 - INFO - *******GROWING CR RULE*******
2026-04-14 12:53:48,114 - INFO - Iteracja 0: condition_best: HMDTY <= 27.50, quality_best: 0.541, coverage_best: (p=43, n=6, P=124, N=206)
2026-04-14 12:53:48,114 - INFO - Regula po iteracji 0: IF HMDTY <= 27.50 THEN class = {4.88} [2.70, 7.06], (p=43, n=6, P=124, N=206)
2026-04-14 12:53:48,115 - INFO - *****GROWING RR RULE*****
2026-04-14 12:53:48,242 - INFO - Iteracja 0: condition_best: None, quality_best: -inf, coverage_best: (p=0, n=0, P=0, N=0), p_value: 0
2026-04-14 12:53:48,242 - INFO - Regula po iteracji 0: IF  THEN class = {11.78} [3.78, 19.77], (p=232, n=98, P=232, N=98)
2026-04-14 12:53:48,242 - INFO - *****STOP GROWING RR RULE*****
2026-04-14 12:53:48,242 - INFO - ***RR NOT FOUND***
2026-04-14 12:53:48,257 - INFO - Iteracja 1: condition_best: VDB500HT >= 5,740.00, quality_best: 0.564, coverage_best: (p=31, n=2, P=124, N=206)
2026-04-14 12:53:48,257 - INFO - Regula po iteracji 1: IF HMDTY <= 27.50 AND VDB500HT >= 5,740.00 THEN class = {4.88} [2.74, 7.02], (p=31, n=2, P=124, N=206)
2026-04-14 12:53:48,257 - INFO - *****GROWING RR RULE*****
2026-04-14 12:53:48,384 - INFO - Iteracja 0: condition_best: None, quality_best: -inf, coverage_best: (p=0, n=0, P=0, N=0), p_value: 0
2026-04-14 12:53:48,384 - INFO - Regula po iteracji 0: IF  THEN class = {11.78} [3.78, 19.77], (p=232, n=98, P=232, N=98)
2026-04-14 12:53:48,384 - INFO - *****STOP GROWING RR RULE*****
2026-04-14 12:53:48,384 - INFO - ***RR NOT FOUND***
2026-04-14 12:53:48,395 - INFO - Iteracja 2: condition_best: SDAFBTMP <= 60.50, quality_best: 0.566, coverage_best: (p=22, n=2, P=81, N=249)
2026-04-14 12:53:48,395 - INFO - Regula po iteracji 2: IF HMDTY <= 27.50 AND VDB500HT >= 5,740.00 AND SDAFBTMP <= 60.50 THEN class = {3.96} [2.90, 5.02], (p=22, n=2, P=81, N=249)
2026-04-14 12:53:48,395 - INFO - *****GROWING RR RULE*****
2026-04-14 12:53:48,523 - INFO - Iteracja 0: condition_best: None, quality_best: -inf, coverage_best: (p=0, n=0, P=0, N=0), p_value: 0
2026-04-14 12:53:48,523 - INFO - Regula po iteracji 0: IF  THEN class = {11.78} [3.78, 19.77], (p=232, n=98, P=232, N=98)
2026-04-14 12:53:48,523 - INFO - *****STOP GROWING RR RULE*****
2026-04-14 12:53:48,523 - INFO - ***RR NOT FOUND***
2026-04-14 12:53:48,531 - INFO - Iteracja 3: condition_best: VDB500HT <= 5,865.00, quality_best: 0.557, coverage_best: (p=21, n=2, P=81, N=249)
2026-04-14 12:53:48,531 - INFO - Regula po iteracji 3: IF HMDTY <= 27.50 AND VDB500HT >= 5,740.00 AND SDAFBTMP <= 60.50 AND VDB500HT <= 5,865.00 THEN class = {4.00} [2.94, 5.06], (p=21, n=2, P=81, N=249)
2026-04-14 12:53:48,531 - INFO - *****GROWING RR RULE*****
2026-04-14 12:53:48,658 - INFO - Iteracja 0: condition_best: None, quality_best: -inf, coverage_best: (p=0, n=0, P=0, N=0), p_value: 0
2026-04-14 12:53:48,658 - INFO - Regula po iteracji 0: IF  THEN class = {11.78} [3.78, 19.77], (p=232, n=98, P=232, N=98)
2026-04-14 12:53:48,658 - INFO - *****STOP GROWING RR RULE*****
2026-04-14 12:53:48,658 - INFO - ***RR NOT FOUND***
2026-04-14 12:53:48,666 - INFO - Iteracja 4: condition_best: VDB500HT <= 5,845.00, quality_best: 0.548, coverage_best: (p=20, n=2, P=81, N=249)
2026-04-14 12:53:48,666 - INFO - Regula po iteracji 4: IF HMDTY <= 27.50 AND VDB500HT >= 5,740.00 AND SDAFBTMP <= 60.50 AND VDB500HT <= 5,865.00 AND VDB500HT <= 5,845.00 THEN class = {4.00} [2.91, 5.09], (p=20, n=2, P=81, N=249)
2026-04-14 12:53:48,667 - INFO - *****GROWING RR RULE*****
2026-04-14 12:53:48,793 - INFO - Iteracja 0: condition_best: None, quality_best: -inf, coverage_best: (p=0, n=0, P=0, N=0), p_value: 0
2026-04-14 12:53:48,793 - INFO - Regula po iteracji 0: IF  THEN class = {11.78} [3.78, 19.77], (p=232, n=98, P=232, N=98)
2026-04-14 12:53:48,794 - INFO - *****STOP GROWING RR RULE*****
2026-04-14 12:53:48,794 - INFO - ***RR NOT FOUND***
2026-04-14 12:53:48,794 - INFO - *******STOP GROWING CR RULE*******
2026-04-14 12:53:48,795 - INFO - *******GROWING CR RULE*******
2026-04-14 12:53:48,870 - INFO - Iteracja 0: condition_best: HMDTY <= 27.50, quality_best: 0.541, coverage_best: (p=43, n=6, P=124, N=206)
2026-04-14 12:53:48,870 - INFO - Regula po iteracji 0: IF HMDTY <= 27.50 THEN class = {4.88} [2.70, 7.06], (p=43, n=6, P=124, N=206)
2026-04-14 12:53:48,870 - INFO - *****GROWING RR RULE*****
2026-04-14 12:53:48,997 - INFO - Iteracja 0: condition_best: None, quality_best: -inf, coverage_best: (p=0, n=0, P=0, N=0), p_value: 0
2026-04-14 12:53:48,997 - INFO - Regula po iteracji 0: IF  THEN class = {11.78} [3.78, 19.77], (p=232, n=98, P=232, N=98)
2026-04-14 12:53:48,997 - INFO - *****STOP GROWING RR RULE*****
2026-04-14 12:53:48,997 - INFO - ***RR NOT FOUND***
2026-04-14 12:53:49,010 - INFO - Iteracja 1: condition_best: VDB500HT >= 5,740.00, quality_best: 0.564, coverage_best: (p=31, n=2, P=124, N=206)
2026-04-14 12:53:49,011 - INFO - Regula po iteracji 1: IF HMDTY <= 27.50 AND VDB500HT >= 5,740.00 THEN class = {4.88} [2.74, 7.02], (p=31, n=2, P=124, N=206)
2026-04-14 12:53:49,011 - INFO - *****GROWING RR RULE*****
2026-04-14 12:53:49,138 - INFO - Iteracja 0: condition_best: None, quality_best: -inf, coverage_best: (p=0, n=0, P=0, N=0), p_value: 0
2026-04-14 12:53:49,138 - INFO - Regula po iteracji 0: IF  THEN class = {11.78} [3.78, 19.77], (p=232, n=98, P=232, N=98)
2026-04-14 12:53:49,138 - INFO - *****STOP GROWING RR RULE*****
2026-04-14 12:53:49,138 - INFO - ***RR NOT FOUND***
2026-04-14 12:53:49,148 - INFO - Iteracja 2: condition_best: VDB500HT <= 5,910.00, quality_best: 0.559, coverage_best: (p=30, n=2, P=124, N=206)
2026-04-14 12:53:49,148 - INFO - Regula po iteracji 2: IF HMDTY <= 27.50 AND VDB500HT >= 5,740.00 AND VDB500HT <= 5,910.00 THEN class = {4.84} [2.68, 7.01], (p=30, n=2, P=124, N=206)
2026-04-14 12:53:49,148 - INFO - *****GROWING RR RULE*****
2026-04-14 12:53:49,275 - INFO - Iteracja 0: condition_best: None, quality_best: -inf, coverage_best: (p=0, n=0, P=0, N=0), p_value: 0
2026-04-14 12:53:49,275 - INFO - Regula po iteracji 0: IF  THEN class = {11.78} [3.78, 19.77], (p=232, n=98, P=232, N=98)
2026-04-14 12:53:49,275 - INFO - *****STOP GROWING RR RULE*****
2026-04-14 12:53:49,275 - INFO - ***RR NOT FOUND***
2026-04-14 12:53:49,285 - INFO - Iteracja 3: condition_best: WDSP <= 7.50, quality_best: 0.553, coverage_best: (p=29, n=2, P=124, N=206)
2026-04-14 12:53:49,285 - INFO - Regula po iteracji 3: IF HMDTY <= 27.50 AND VDB500HT >= 5,740.00 AND VDB500HT <= 5,910.00 AND WDSP <= 7.50 THEN class = {4.87} [2.68, 7.07], (p=29, n=2, P=124, N=206)
2026-04-14 12:53:49,285 - INFO - *****GROWING RR RULE*****
2026-04-14 12:53:49,413 - INFO - Iteracja 0: condition_best: None, quality_best: -inf, coverage_best: (p=0, n=0, P=0, N=0), p_value: 0
2026-04-14 12:53:49,413 - INFO - Regula po iteracji 0: IF  THEN class = {11.78} [3.78, 19.77], (p=232, n=98, P=232, N=98)
2026-04-14 12:53:49,413 - INFO - *****STOP GROWING RR RULE*****
2026-04-14 12:53:49,413 - INFO - ***RR NOT FOUND***
2026-04-14 12:53:49,423 - INFO - Iteracja 4: condition_best: WDSP <= 6.50, quality_best: 0.547, coverage_best: (p=28, n=2, P=124, N=206)
2026-04-14 12:53:49,423 - INFO - Regula po iteracji 4: IF HMDTY <= 27.50 AND VDB500HT >= 5,740.00 AND VDB500HT <= 5,910.00 AND WDSP <= 7.50 AND WDSP <= 6.50 THEN class = {4.87} [2.63, 7.10], (p=28, n=2, P=124, N=206)
2026-04-14 12:53:49,423 - INFO - *****GROWING RR RULE*****
2026-04-14 12:53:49,550 - INFO - Iteracja 0: condition_best: None, quality_best: -inf, coverage_best: (p=0, n=0, P=0, N=0), p_value: 0
2026-04-14 12:53:49,550 - INFO - Regula po iteracji 0: IF  THEN class = {11.78} [3.78, 19.77], (p=232, n=98, P=232, N=98)
2026-04-14 12:53:49,550 - INFO - *****STOP GROWING RR RULE*****
2026-04-14 12:53:49,550 - INFO - ***RR NOT FOUND***
2026-04-14 12:53:49,550 - INFO - *******STOP GROWING CR RULE*******
2026-04-14 12:53:49,552 - INFO - *******GROWING CR RULE*******
2026-04-14 12:53:49,626 - INFO - Iteracja 0: condition_best: HMDTY <= 27.50, quality_best: 0.541, coverage_best: (p=43, n=6, P=124, N=206)
2026-04-14 12:53:49,626 - INFO - Regula po iteracji 0: IF HMDTY <= 27.50 THEN class = {4.88} [2.70, 7.06], (p=43, n=6, P=124, N=206)
2026-04-14 12:53:49,626 - INFO - *****GROWING RR RULE*****
2026-04-14 12:53:49,753 - INFO - Iteracja 0: condition_best: None, quality_best: -inf, coverage_best: (p=0, n=0, P=0, N=0), p_value: 0
2026-04-14 12:53:49,753 - INFO - Regula po iteracji 0: IF  THEN class = {11.78} [3.78, 19.77], (p=232, n=98, P=232, N=98)
2026-04-14 12:53:49,753 - INFO - *****STOP GROWING RR RULE*****
2026-04-14 12:53:49,753 - INFO - ***RR NOT FOUND***
2026-04-14 12:53:49,766 - INFO - Iteracja 1: condition_best: SDAFBTMP <= 60.50, quality_best: 0.55, coverage_best: (p=35, n=5, P=102, N=228)
2026-04-14 12:53:49,766 - INFO - Regula po iteracji 1: IF HMDTY <= 27.50 AND SDAFBTMP <= 60.50 THEN class = {4.33} [2.62, 6.03], (p=35, n=5, P=102, N=228)
2026-04-14 12:53:49,766 - INFO - *****GROWING RR RULE*****
2026-04-14 12:53:49,893 - INFO - Iteracja 0: condition_best: None, quality_best: -inf, coverage_best: (p=0, n=0, P=0, N=0), p_value: 0
2026-04-14 12:53:49,893 - INFO - Regula po iteracji 0: IF  THEN class = {11.78} [3.78, 19.77], (p=232, n=98, P=232, N=98)
2026-04-14 12:53:49,893 - INFO - *****STOP GROWING RR RULE*****
2026-04-14 12:53:49,893 - INFO - ***RR NOT FOUND***
2026-04-14 12:53:49,905 - INFO - Iteracja 2: condition_best: VZBLTY >= 85.00, quality_best: 0.544, coverage_best: (p=31, n=4, P=102, N=228)
2026-04-14 12:53:49,905 - INFO - Regula po iteracji 2: IF HMDTY <= 27.50 AND SDAFBTMP <= 60.50 AND VZBLTY >= 85.00 THEN class = {4.34} [2.60, 6.08], (p=31, n=4, P=102, N=228)
2026-04-14 12:53:49,905 - INFO - *****GROWING RR RULE*****
2026-04-14 12:53:50,032 - INFO - Iteracja 0: condition_best: None, quality_best: -inf, coverage_best: (p=0, n=0, P=0, N=0), p_value: 0
2026-04-14 12:53:50,033 - INFO - Regula po iteracji 0: IF  THEN class = {11.78} [3.78, 19.77], (p=232, n=98, P=232, N=98)
2026-04-14 12:53:50,033 - INFO - *****STOP GROWING RR RULE*****
2026-04-14 12:53:50,033 - INFO - ***RR NOT FOUND***
2026-04-14 12:53:50,043 - INFO - Iteracja 3: condition_best: SDAFBTMP <= 59.50, quality_best: 0.562, coverage_best: (p=30, n=3, P=102, N=228)
2026-04-14 12:53:50,043 - INFO - Regula po iteracji 3: IF HMDTY <= 27.50 AND SDAFBTMP <= 60.50 AND VZBLTY >= 85.00 AND SDAFBTMP <= 59.50 THEN class = {4.27} [2.54, 6.00], (p=30, n=3, P=102, N=228)
2026-04-14 12:53:50,044 - INFO - *****GROWING RR RULE*****
2026-04-14 12:53:50,171 - INFO - Iteracja 0: condition_best: None, quality_best: -inf, coverage_best: (p=0, n=0, P=0, N=0), p_value: 0
2026-04-14 12:53:50,171 - INFO - Regula po iteracji 0: IF  THEN class = {11.78} [3.78, 19.77], (p=232, n=98, P=232, N=98)
2026-04-14 12:53:50,171 - INFO - *****STOP GROWING RR RULE*****
2026-04-14 12:53:50,171 - INFO - ***RR NOT FOUND***
2026-04-14 12:53:50,181 - INFO - Iteracja 4: condition_best: INVTMP >= 43.00, quality_best: 0.57, coverage_best: (p=26, n=3, P=81, N=249)
2026-04-14 12:53:50,181 - INFO - Regula po iteracji 4: IF HMDTY <= 27.50 AND SDAFBTMP <= 60.50 AND VZBLTY >= 85.00 AND SDAFBTMP <= 59.50 AND INVTMP >= 43.00 THEN class = {4.24} [2.49, 6.00], (p=26, n=3, P=81, N=249)
2026-04-14 12:53:50,182 - INFO - *****GROWING RR RULE*****
2026-04-14 12:53:50,309 - INFO - Iteracja 0: condition_best: None, quality_best: -inf, coverage_best: (p=0, n=0, P=0, N=0), p_value: 0
2026-04-14 12:53:50,309 - INFO - Regula po iteracji 0: IF  THEN class = {11.78} [3.78, 19.77], (p=232, n=98, P=232, N=98)
2026-04-14 12:53:50,309 - INFO - *****STOP GROWING RR RULE*****
2026-04-14 12:53:50,309 - INFO - ***RR NOT FOUND***
2026-04-14 12:53:50,309 - INFO - *******STOP GROWING CR RULE*******
2026-04-14 12:53:50,311 - INFO - *******GROWING CR RULE*******
2026-04-14 12:53:50,385 - INFO - Iteracja 0: condition_best: DAGPG <= -17.50, quality_best: 0.53, coverage_best: (p=57, n=6, P=174, N=156)
2026-04-14 12:53:50,385 - INFO - Regula po iteracji 0: IF DAGPG <= -17.50 THEN class = {5.95} [1.63, 10.27], (p=57, n=6, P=174, N=156)
2026-04-14 12:53:50,386 - INFO - *****GROWING RR RULE*****
2026-04-14 12:53:50,513 - INFO - Iteracja 0: condition_best: None, quality_best: -inf, coverage_best: (p=0, n=0, P=0, N=0), p_value: 0
2026-04-14 12:53:50,513 - INFO - Regula po iteracji 0: IF  THEN class = {11.78} [3.78, 19.77], (p=232, n=98, P=232, N=98)
2026-04-14 12:53:50,513 - INFO - *****STOP GROWING RR RULE*****
2026-04-14 12:53:50,513 - INFO - ***RR NOT FOUND***
2026-04-14 12:53:50,532 - INFO - Iteracja 1: condition_best: VZBLTY >= 50.00, quality_best: 0.587, coverage_best: (p=50, n=4, P=143, N=187)
2026-04-14 12:53:50,532 - INFO - Regula po iteracji 1: IF DAGPG <= -17.50 AND VZBLTY >= 50.00 THEN class = {5.24} [1.71, 8.77], (p=50, n=4, P=143, N=187)
2026-04-14 12:53:50,532 - INFO - *****GROWING RR RULE*****
2026-04-14 12:53:50,659 - INFO - Iteracja 0: condition_best: None, quality_best: -inf, coverage_best: (p=0, n=0, P=0, N=0), p_value: 0
2026-04-14 12:53:50,659 - INFO - Regula po iteracji 0: IF  THEN class = {11.78} [3.78, 19.77], (p=232, n=98, P=232, N=98)
2026-04-14 12:53:50,659 - INFO - *****STOP GROWING RR RULE*****
2026-04-14 12:53:50,659 - INFO - ***RR NOT FOUND***
2026-04-14 12:53:50,674 - INFO - Iteracja 2: condition_best: VDB500HT >= 5,625.00, quality_best: 0.582, coverage_best: (p=49, n=4, P=143, N=187)
2026-04-14 12:53:50,675 - INFO - Regula po iteracji 2: IF DAGPG <= -17.50 AND VZBLTY >= 50.00 AND VDB500HT >= 5,625.00 THEN class = {5.28} [1.73, 8.84], (p=49, n=4, P=143, N=187)
2026-04-14 12:53:50,675 - INFO - *****GROWING RR RULE*****
2026-04-14 12:53:50,802 - INFO - Iteracja 0: condition_best: None, quality_best: -inf, coverage_best: (p=0, n=0, P=0, N=0), p_value: 0
2026-04-14 12:53:50,802 - INFO - Regula po iteracji 0: IF  THEN class = {11.78} [3.78, 19.77], (p=232, n=98, P=232, N=98)
2026-04-14 12:53:50,802 - INFO - *****STOP GROWING RR RULE*****
2026-04-14 12:53:50,802 - INFO - ***RR NOT FOUND***
2026-04-14 12:53:50,817 - INFO - Iteracja 3: condition_best: VDB500HT >= 5,655.00, quality_best: 0.577, coverage_best: (p=48, n=4, P=143, N=187)
2026-04-14 12:53:50,817 - INFO - Regula po iteracji 3: IF DAGPG <= -17.50 AND VZBLTY >= 50.00 AND VDB500HT >= 5,625.00 AND VDB500HT >= 5,655.00 THEN class = {5.33} [1.76, 8.90], (p=48, n=4, P=143, N=187)
2026-04-14 12:53:50,817 - INFO - *****GROWING RR RULE*****
2026-04-14 12:53:50,944 - INFO - Iteracja 0: condition_best: None, quality_best: -inf, coverage_best: (p=0, n=0, P=0, N=0), p_value: 0
2026-04-14 12:53:50,945 - INFO - Regula po iteracji 0: IF  THEN class = {11.78} [3.78, 19.77], (p=232, n=98, P=232, N=98)
2026-04-14 12:53:50,945 - INFO - *****STOP GROWING RR RULE*****
2026-04-14 12:53:50,945 - INFO - ***RR NOT FOUND***
2026-04-14 12:53:50,960 - INFO - Iteracja 4: condition_best: VDB500HT >= 5,665.00, quality_best: 0.572, coverage_best: (p=47, n=4, P=143, N=187)
2026-04-14 12:53:50,960 - INFO - Regula po iteracji 4: IF DAGPG <= -17.50 AND VZBLTY >= 50.00 AND VDB500HT >= 5,625.00 AND VDB500HT >= 5,655.00 AND VDB500HT >= 5,665.00 THEN class = {5.35} [1.75, 8.95], (p=47, n=4, P=143, N=187)
2026-04-14 12:53:50,960 - INFO - *****GROWING RR RULE*****
2026-04-14 12:53:51,087 - INFO - Iteracja 0: condition_best: None, quality_best: -inf, coverage_best: (p=0, n=0, P=0, N=0), p_value: 0
2026-04-14 12:53:51,087 - INFO - Regula po iteracji 0: IF  THEN class = {11.78} [3.78, 19.77], (p=232, n=98, P=232, N=98)
2026-04-14 12:53:51,088 - INFO - *****STOP GROWING RR RULE*****
2026-04-14 12:53:51,088 - INFO - ***RR NOT FOUND***
2026-04-14 12:53:51,088 - INFO - *******STOP GROWING CR RULE*******
2026-04-14 12:53:51,090 - INFO - *******GROWING CR RULE*******
2026-04-14 12:53:51,164 - INFO - Iteracja 0: condition_best: DAGPG <= -17.50, quality_best: 0.53, coverage_best: (p=57, n=6, P=174, N=156)
2026-04-14 12:53:51,164 - INFO - Regula po iteracji 0: IF DAGPG <= -17.50 THEN class = {5.95} [1.63, 10.27], (p=57, n=6, P=174, N=156)
2026-04-14 12:53:51,164 - INFO - *****GROWING RR RULE*****
2026-04-14 12:53:51,291 - INFO - Iteracja 0: condition_best: None, quality_best: -inf, coverage_best: (p=0, n=0, P=0, N=0), p_value: 0
2026-04-14 12:53:51,292 - INFO - Regula po iteracji 0: IF  THEN class = {11.78} [3.78, 19.77], (p=232, n=98, P=232, N=98)
2026-04-14 12:53:51,292 - INFO - *****STOP GROWING RR RULE*****
2026-04-14 12:53:51,292 - INFO - ***RR NOT FOUND***
2026-04-14 12:53:51,309 - INFO - Iteracja 1: condition_best: VDB500HT <= 5,880.00, quality_best: 0.553, coverage_best: (p=53, n=5, P=161, N=169)
2026-04-14 12:53:51,309 - INFO - Regula po iteracji 1: IF DAGPG <= -17.50 AND VDB500HT <= 5,880.00 THEN class = {5.53} [1.47, 9.60], (p=53, n=5, P=161, N=169)
2026-04-14 12:53:51,310 - INFO - *****GROWING RR RULE*****
2026-04-14 12:53:51,436 - INFO - Iteracja 0: condition_best: None, quality_best: -inf, coverage_best: (p=0, n=0, P=0, N=0), p_value: 0
2026-04-14 12:53:51,436 - INFO - Regula po iteracji 0: IF  THEN class = {11.78} [3.78, 19.77], (p=232, n=98, P=232, N=98)
2026-04-14 12:53:51,436 - INFO - *****STOP GROWING RR RULE*****
2026-04-14 12:53:51,436 - INFO - ***RR NOT FOUND***
2026-04-14 12:53:51,453 - INFO - Iteracja 2: condition_best: SDAFBTMP <= 72.00, quality_best: 0.568, coverage_best: (p=51, n=6, P=134, N=196)
2026-04-14 12:53:51,453 - INFO - Regula po iteracji 2: IF DAGPG <= -17.50 AND VDB500HT <= 5,880.00 AND SDAFBTMP <= 72.00 THEN class = {5.18} [2.12, 8.23], (p=51, n=6, P=134, N=196)
2026-04-14 12:53:51,453 - INFO - *****GROWING RR RULE*****
2026-04-14 12:53:51,580 - INFO - Iteracja 0: condition_best: None, quality_best: -inf, coverage_best: (p=0, n=0, P=0, N=0), p_value: 0
2026-04-14 12:53:51,581 - INFO - Regula po iteracji 0: IF  THEN class = {11.78} [3.78, 19.77], (p=232, n=98, P=232, N=98)
2026-04-14 12:53:51,581 - INFO - *****STOP GROWING RR RULE*****
2026-04-14 12:53:51,581 - INFO - ***RR NOT FOUND***
2026-04-14 12:53:51,597 - INFO - Iteracja 3: condition_best: VDB500HT >= 5,625.00, quality_best: 0.563, coverage_best: (p=50, n=6, P=134, N=196)
2026-04-14 12:53:51,597 - INFO - Regula po iteracji 3: IF DAGPG <= -17.50 AND VDB500HT <= 5,880.00 AND SDAFBTMP <= 72.00 AND VDB500HT >= 5,625.00 THEN class = {5.21} [2.15, 8.28], (p=50, n=6, P=134, N=196)
2026-04-14 12:53:51,597 - INFO - *****GROWING RR RULE*****
2026-04-14 12:53:51,724 - INFO - Iteracja 0: condition_best: None, quality_best: -inf, coverage_best: (p=0, n=0, P=0, N=0), p_value: 0
2026-04-14 12:53:51,724 - INFO - Regula po iteracji 0: IF  THEN class = {11.78} [3.78, 19.77], (p=232, n=98, P=232, N=98)
2026-04-14 12:53:51,724 - INFO - *****STOP GROWING RR RULE*****
2026-04-14 12:53:51,724 - INFO - ***RR NOT FOUND***
2026-04-14 12:53:51,740 - INFO - Iteracja 4: condition_best: VDB500HT >= 5,655.00, quality_best: 0.557, coverage_best: (p=49, n=6, P=134, N=196)
2026-04-14 12:53:51,740 - INFO - Regula po iteracji 4: IF DAGPG <= -17.50 AND VDB500HT <= 5,880.00 AND SDAFBTMP <= 72.00 AND VDB500HT >= 5,625.00 AND VDB500HT >= 5,655.00 THEN class = {5.25} [2.17, 8.34], (p=49, n=6, P=134, N=196)
2026-04-14 12:53:51,740 - INFO - *****GROWING RR RULE*****
2026-04-14 12:53:51,868 - INFO - Iteracja 0: condition_best: None, quality_best: -inf, coverage_best: (p=0, n=0, P=0, N=0), p_value: 0
2026-04-14 12:53:51,868 - INFO - Regula po iteracji 0: IF  THEN class = {11.78} [3.78, 19.77], (p=232, n=98, P=232, N=98)
2026-04-14 12:53:51,868 - INFO - *****STOP GROWING RR RULE*****
2026-04-14 12:53:51,868 - INFO - ***RR NOT FOUND***
2026-04-14 12:53:51,868 - INFO - *******STOP GROWING CR RULE*******
2026-04-14 12:53:51,870 - INFO - *******GROWING CR RULE*******
2026-04-14 12:53:51,944 - INFO - Iteracja 0: condition_best: SDAFBTMP <= 61.50, quality_best: 0.528, coverage_best: (p=129, n=33, P=165, N=165)
2026-04-14 12:53:51,944 - INFO - Regula po iteracji 0: IF SDAFBTMP <= 61.50 THEN class = {6.34} [2.60, 10.08], (p=129, n=33, P=165, N=165)
2026-04-14 12:53:51,945 - INFO - *****GROWING RR RULE*****
2026-04-14 12:53:52,074 - INFO - Iteracja 0: condition_best: None, quality_best: -inf, coverage_best: (p=0, n=0, P=0, N=0), p_value: 0
2026-04-14 12:53:52,074 - INFO - Regula po iteracji 0: IF  THEN class = {11.78} [3.78, 19.77], (p=232, n=98, P=232, N=98)
2026-04-14 12:53:52,074 - INFO - *****STOP GROWING RR RULE*****
2026-04-14 12:53:52,074 - INFO - ***RR NOT FOUND***
2026-04-14 12:53:52,113 - INFO - Iteracja 1: condition_best: HMDTY <= 60.50, quality_best: 0.579, coverage_best: (p=80, n=12, P=152, N=178)
2026-04-14 12:53:52,113 - INFO - Regula po iteracji 1: IF SDAFBTMP <= 61.50 AND HMDTY <= 60.50 THEN class = {6.00} [2.51, 9.49], (p=80, n=12, P=152, N=178)
2026-04-14 12:53:52,113 - INFO - *****GROWING RR RULE*****
2026-04-14 12:53:52,242 - INFO - Iteracja 0: condition_best: None, quality_best: -inf, coverage_best: (p=0, n=0, P=0, N=0), p_value: 0
2026-04-14 12:53:52,242 - INFO - Regula po iteracji 0: IF  THEN class = {11.78} [3.78, 19.77], (p=232, n=98, P=232, N=98)
2026-04-14 12:53:52,242 - INFO - *****STOP GROWING RR RULE*****
2026-04-14 12:53:52,243 - INFO - ***RR NOT FOUND***
2026-04-14 12:53:52,268 - INFO - Iteracja 2: condition_best: INVHT >= 368.50, quality_best: 0.607, coverage_best: (p=77, n=9, P=152, N=178)
2026-04-14 12:53:52,268 - INFO - Regula po iteracji 2: IF SDAFBTMP <= 61.50 AND HMDTY <= 60.50 AND INVHT >= 368.50 THEN class = {5.90} [2.60, 9.19], (p=77, n=9, P=152, N=178)
2026-04-14 12:53:52,268 - INFO - *****GROWING RR RULE*****
2026-04-14 12:53:52,396 - INFO - Iteracja 0: condition_best: None, quality_best: -inf, coverage_best: (p=0, n=0, P=0, N=0), p_value: 0
2026-04-14 12:53:52,396 - INFO - Regula po iteracji 0: IF  THEN class = {11.78} [3.78, 19.77], (p=232, n=98, P=232, N=98)
2026-04-14 12:53:52,396 - INFO - *****STOP GROWING RR RULE*****
2026-04-14 12:53:52,396 - INFO - ***RR NOT FOUND***
2026-04-14 12:53:52,420 - INFO - Iteracja 3: condition_best: VDB500HT >= 5,380.00, quality_best: 0.603, coverage_best: (p=76, n=9, P=152, N=178)
2026-04-14 12:53:52,420 - INFO - Regula po iteracji 3: IF SDAFBTMP <= 61.50 AND HMDTY <= 60.50 AND INVHT >= 368.50 AND VDB500HT >= 5,380.00 THEN class = {5.93} [2.63, 9.23], (p=76, n=9, P=152, N=178)
2026-04-14 12:53:52,420 - INFO - *****GROWING RR RULE*****
2026-04-14 12:53:52,548 - INFO - Iteracja 0: condition_best: None, quality_best: -inf, coverage_best: (p=0, n=0, P=0, N=0), p_value: 0
2026-04-14 12:53:52,548 - INFO - Regula po iteracji 0: IF  THEN class = {11.78} [3.78, 19.77], (p=232, n=98, P=232, N=98)
2026-04-14 12:53:52,548 - INFO - *****STOP GROWING RR RULE*****
2026-04-14 12:53:52,548 - INFO - ***RR NOT FOUND***
2026-04-14 12:53:52,571 - INFO - Iteracja 4: condition_best: INVHT >= 605.00, quality_best: 0.607, coverage_best: (p=70, n=7, P=152, N=178)
2026-04-14 12:53:52,571 - INFO - Regula po iteracji 4: IF SDAFBTMP <= 61.50 AND HMDTY <= 60.50 AND INVHT >= 368.50 AND VDB500HT >= 5,380.00 AND INVHT >= 605.00 THEN class = {5.81} [2.60, 9.01], (p=70, n=7, P=152, N=178)
2026-04-14 12:53:52,572 - INFO - *****GROWING RR RULE*****
2026-04-14 12:53:52,699 - INFO - Iteracja 0: condition_best: None, quality_best: -inf, coverage_best: (p=0, n=0, P=0, N=0), p_value: 0
2026-04-14 12:53:52,699 - INFO - Regula po iteracji 0: IF  THEN class = {11.78} [3.78, 19.77], (p=232, n=98, P=232, N=98)
2026-04-14 12:53:52,699 - INFO - *****STOP GROWING RR RULE*****
2026-04-14 12:53:52,699 - INFO - ***RR NOT FOUND***
2026-04-14 12:53:52,700 - INFO - *******STOP GROWING CR RULE*******
2026-04-14 12:53:52,701 - INFO - *******GROWING CR RULE*******
2026-04-14 12:53:52,775 - INFO - Iteracja 0: condition_best: SDAFBTMP <= 61.50, quality_best: 0.528, coverage_best: (p=129, n=33, P=165, N=165)
2026-04-14 12:53:52,775 - INFO - Regula po iteracji 0: IF SDAFBTMP <= 61.50 THEN class = {6.34} [2.60, 10.08], (p=129, n=33, P=165, N=165)
2026-04-14 12:53:52,775 - INFO - *****GROWING RR RULE*****
2026-04-14 12:53:52,904 - INFO - Iteracja 0: condition_best: None, quality_best: -inf, coverage_best: (p=0, n=0, P=0, N=0), p_value: 0
2026-04-14 12:53:52,904 - INFO - Regula po iteracji 0: IF  THEN class = {11.78} [3.78, 19.77], (p=232, n=98, P=232, N=98)
2026-04-14 12:53:52,904 - INFO - *****STOP GROWING RR RULE*****
2026-04-14 12:53:52,904 - INFO - ***RR NOT FOUND***
2026-04-14 12:53:52,941 - INFO - Iteracja 1: condition_best: HMDTY <= 65.50, quality_best: 0.568, coverage_best: (p=94, n=18, P=152, N=178)
2026-04-14 12:53:52,941 - INFO - Regula po iteracji 1: IF SDAFBTMP <= 61.50 AND HMDTY <= 65.50 THEN class = {6.06} [2.61, 9.52], (p=94, n=18, P=152, N=178)
2026-04-14 12:53:52,942 - INFO - *****GROWING RR RULE*****
2026-04-14 12:53:53,069 - INFO - Iteracja 0: condition_best: None, quality_best: -inf, coverage_best: (p=0, n=0, P=0, N=0), p_value: 0
2026-04-14 12:53:53,070 - INFO - Regula po iteracji 0: IF  THEN class = {11.78} [3.78, 19.77], (p=232, n=98, P=232, N=98)
2026-04-14 12:53:53,070 - INFO - *****STOP GROWING RR RULE*****
2026-04-14 12:53:53,070 - INFO - ***RR NOT FOUND***
2026-04-14 12:53:53,098 - INFO - Iteracja 2: condition_best: INVHT >= 593.50, quality_best: 0.601, coverage_best: (p=85, n=12, P=152, N=178)
2026-04-14 12:53:53,098 - INFO - Regula po iteracji 2: IF SDAFBTMP <= 61.50 AND HMDTY <= 65.50 AND INVHT >= 593.50 THEN class = {5.81} [2.62, 9.01], (p=85, n=12, P=152, N=178)
2026-04-14 12:53:53,098 - INFO - *****GROWING RR RULE*****
2026-04-14 12:53:53,226 - INFO - Iteracja 0: condition_best: None, quality_best: -inf, coverage_best: (p=0, n=0, P=0, N=0), p_value: 0
2026-04-14 12:53:53,227 - INFO - Regula po iteracji 0: IF  THEN class = {11.78} [3.78, 19.77], (p=232, n=98, P=232, N=98)
2026-04-14 12:53:53,227 - INFO - *****STOP GROWING RR RULE*****
2026-04-14 12:53:53,227 - INFO - ***RR NOT FOUND***
2026-04-14 12:53:53,252 - INFO - Iteracja 3: condition_best: DAGPG <= 64.00, quality_best: 0.597, coverage_best: (p=81, n=11, P=152, N=178)
2026-04-14 12:53:53,252 - INFO - Regula po iteracji 3: IF SDAFBTMP <= 61.50 AND HMDTY <= 65.50 AND INVHT >= 593.50 AND DAGPG <= 64.00 THEN class = {5.83} [2.58, 9.08], (p=81, n=11, P=152, N=178)
2026-04-14 12:53:53,253 - INFO - *****GROWING RR RULE*****
2026-04-14 12:53:53,380 - INFO - Iteracja 0: condition_best: None, quality_best: -inf, coverage_best: (p=0, n=0, P=0, N=0), p_value: 0
2026-04-14 12:53:53,380 - INFO - Regula po iteracji 0: IF  THEN class = {11.78} [3.78, 19.77], (p=232, n=98, P=232, N=98)
2026-04-14 12:53:53,381 - INFO - *****STOP GROWING RR RULE*****
2026-04-14 12:53:53,381 - INFO - ***RR NOT FOUND***
2026-04-14 12:53:53,405 - INFO - Iteracja 4: condition_best: VZBLTY >= 45.00, quality_best: 0.602, coverage_best: (p=79, n=10, P=152, N=178)
2026-04-14 12:53:53,405 - INFO - Regula po iteracji 4: IF SDAFBTMP <= 61.50 AND HMDTY <= 65.50 AND INVHT >= 593.50 AND DAGPG <= 64.00 AND VZBLTY >= 45.00 THEN class = {5.78} [2.54, 9.01], (p=79, n=10, P=152, N=178)
2026-04-14 12:53:53,405 - INFO - *****GROWING RR RULE*****
2026-04-14 12:53:53,533 - INFO - Iteracja 0: condition_best: None, quality_best: -inf, coverage_best: (p=0, n=0, P=0, N=0), p_value: 0
2026-04-14 12:53:53,533 - INFO - Regula po iteracji 0: IF  THEN class = {11.78} [3.78, 19.77], (p=232, n=98, P=232, N=98)
2026-04-14 12:53:53,534 - INFO - *****STOP GROWING RR RULE*****
2026-04-14 12:53:53,534 - INFO - ***RR NOT FOUND***
2026-04-14 12:53:53,534 - INFO - *******STOP GROWING CR RULE*******
2026-04-14 12:53:53,535 - INFO - *******GROWING CR RULE*******
2026-04-14 12:53:53,608 - INFO - Iteracja 0: condition_best: SDAFBTMP <= 61.50, quality_best: 0.528, coverage_best: (p=129, n=33, P=165, N=165)
2026-04-14 12:53:53,608 - INFO - Regula po iteracji 0: IF SDAFBTMP <= 61.50 THEN class = {6.34} [2.60, 10.08], (p=129, n=33, P=165, N=165)
2026-04-14 12:53:53,609 - INFO - *****GROWING RR RULE*****
2026-04-14 12:53:53,738 - INFO - Iteracja 0: condition_best: None, quality_best: -inf, coverage_best: (p=0, n=0, P=0, N=0), p_value: 0
2026-04-14 12:53:53,738 - INFO - Regula po iteracji 0: IF  THEN class = {11.78} [3.78, 19.77], (p=232, n=98, P=232, N=98)
2026-04-14 12:53:53,738 - INFO - *****STOP GROWING RR RULE*****
2026-04-14 12:53:53,738 - INFO - ***RR NOT FOUND***
2026-04-14 12:53:53,775 - INFO - Iteracja 1: condition_best: HMDTY <= 71.50, quality_best: 0.568, coverage_best: (p=113, n=22, P=165, N=165)
2026-04-14 12:53:53,775 - INFO - Regula po iteracji 1: IF SDAFBTMP <= 61.50 AND HMDTY <= 71.50 THEN class = {6.46} [2.90, 10.01], (p=113, n=22, P=165, N=165)
2026-04-14 12:53:53,775 - INFO - *****GROWING RR RULE*****
2026-04-14 12:53:53,905 - INFO - Iteracja 0: condition_best: None, quality_best: -inf, coverage_best: (p=0, n=0, P=0, N=0), p_value: 0
2026-04-14 12:53:53,905 - INFO - Regula po iteracji 0: IF  THEN class = {11.78} [3.78, 19.77], (p=232, n=98, P=232, N=98)
2026-04-14 12:53:53,905 - INFO - *****STOP GROWING RR RULE*****
2026-04-14 12:53:53,905 - INFO - ***RR NOT FOUND***
2026-04-14 12:53:53,937 - INFO - Iteracja 2: condition_best: INVHT >= 347.00, quality_best: 0.573, coverage_best: (p=109, n=20, P=165, N=165)
2026-04-14 12:53:53,937 - INFO - Regula po iteracji 2: IF SDAFBTMP <= 61.50 AND HMDTY <= 71.50 AND INVHT >= 347.00 THEN class = {6.47} [2.91, 10.03], (p=109, n=20, P=165, N=165)
2026-04-14 12:53:53,938 - INFO - *****GROWING RR RULE*****
2026-04-14 12:53:54,067 - INFO - Iteracja 0: condition_best: None, quality_best: -inf, coverage_best: (p=0, n=0, P=0, N=0), p_value: 0
2026-04-14 12:53:54,067 - INFO - Regula po iteracji 0: IF  THEN class = {11.78} [3.78, 19.77], (p=232, n=98, P=232, N=98)
2026-04-14 12:53:54,067 - INFO - *****STOP GROWING RR RULE*****
2026-04-14 12:53:54,067 - INFO - ***RR NOT FOUND***
2026-04-14 12:53:54,098 - INFO - Iteracja 3: condition_best: INVHT >= 578.50, quality_best: 0.573, coverage_best: (p=100, n=20, P=152, N=178)
2026-04-14 12:53:54,098 - INFO - Regula po iteracji 3: IF SDAFBTMP <= 61.50 AND HMDTY <= 71.50 AND INVHT >= 347.00 AND INVHT >= 578.50 THEN class = {6.25} [2.90, 9.60], (p=100, n=20, P=152, N=178)
2026-04-14 12:53:54,099 - INFO - *****GROWING RR RULE*****
2026-04-14 12:53:54,227 - INFO - Iteracja 0: condition_best: None, quality_best: -inf, coverage_best: (p=0, n=0, P=0, N=0), p_value: 0
2026-04-14 12:53:54,227 - INFO - Regula po iteracji 0: IF  THEN class = {11.78} [3.78, 19.77], (p=232, n=98, P=232, N=98)
2026-04-14 12:53:54,228 - INFO - *****STOP GROWING RR RULE*****
2026-04-14 12:53:54,228 - INFO - ***RR NOT FOUND***
2026-04-14 12:53:54,257 - INFO - Iteracja 4: condition_best: HMDTY <= 70.50, quality_best: 0.601, coverage_best: (p=99, n=17, P=152, N=178)
2026-04-14 12:53:54,257 - INFO - Regula po iteracji 4: IF SDAFBTMP <= 61.50 AND HMDTY <= 71.50 AND INVHT >= 347.00 AND INVHT >= 578.50 AND HMDTY <= 70.50 THEN class = {6.15} [2.92, 9.37], (p=99, n=17, P=152, N=178)
2026-04-14 12:53:54,258 - INFO - *****GROWING RR RULE*****
2026-04-14 12:53:54,386 - INFO - Iteracja 0: condition_best: None, quality_best: -inf, coverage_best: (p=0, n=0, P=0, N=0), p_value: 0
2026-04-14 12:53:54,386 - INFO - Regula po iteracji 0: IF  THEN class = {11.78} [3.78, 19.77], (p=232, n=98, P=232, N=98)
2026-04-14 12:53:54,386 - INFO - *****STOP GROWING RR RULE*****
2026-04-14 12:53:54,386 - INFO - ***RR NOT FOUND***
2026-04-14 12:53:54,386 - INFO - *******STOP GROWING CR RULE*******
2026-04-14 12:53:54,388 - INFO - *******GROWING CR RULE*******
2026-04-14 12:53:54,462 - INFO - Iteracja 0: condition_best: SDAFBTMP <= 61.50, quality_best: 0.528, coverage_best: (p=129, n=33, P=165, N=165)
2026-04-14 12:53:54,462 - INFO - Regula po iteracji 0: IF SDAFBTMP <= 61.50 THEN class = {6.34} [2.60, 10.08], (p=129, n=33, P=165, N=165)
2026-04-14 12:53:54,462 - INFO - *****GROWING RR RULE*****
2026-04-14 12:53:54,592 - INFO - Iteracja 0: condition_best: None, quality_best: -inf, coverage_best: (p=0, n=0, P=0, N=0), p_value: 0
2026-04-14 12:53:54,592 - INFO - Regula po iteracji 0: IF  THEN class = {11.78} [3.78, 19.77], (p=232, n=98, P=232, N=98)
2026-04-14 12:53:54,592 - INFO - *****STOP GROWING RR RULE*****
2026-04-14 12:53:54,592 - INFO - ***RR NOT FOUND***
2026-04-14 12:53:54,629 - INFO - Iteracja 1: condition_best: HMDTY <= 73.50, quality_best: 0.566, coverage_best: (p=120, n=25, P=165, N=165)
2026-04-14 12:53:54,629 - INFO - Regula po iteracji 1: IF SDAFBTMP <= 61.50 AND HMDTY <= 73.50 THEN class = {6.44} [2.72, 10.16], (p=120, n=25, P=165, N=165)
2026-04-14 12:53:54,630 - INFO - *****GROWING RR RULE*****
2026-04-14 12:53:54,759 - INFO - Iteracja 0: condition_best: None, quality_best: -inf, coverage_best: (p=0, n=0, P=0, N=0), p_value: 0
2026-04-14 12:53:54,759 - INFO - Regula po iteracji 0: IF  THEN class = {11.78} [3.78, 19.77], (p=232, n=98, P=232, N=98)
2026-04-14 12:53:54,759 - INFO - *****STOP GROWING RR RULE*****
2026-04-14 12:53:54,759 - INFO - ***RR NOT FOUND***
2026-04-14 12:53:54,793 - INFO - Iteracja 2: condition_best: INVHT >= 1,149.00, quality_best: 0.584, coverage_best: (p=100, n=19, P=152, N=178)
2026-04-14 12:53:54,793 - INFO - Regula po iteracji 2: IF SDAFBTMP <= 61.50 AND HMDTY <= 73.50 AND INVHT >= 1,149.00 THEN class = {5.91} [2.81, 9.01], (p=100, n=19, P=152, N=178)
2026-04-14 12:53:54,794 - INFO - *****GROWING RR RULE*****
2026-04-14 12:53:54,923 - INFO - Iteracja 0: condition_best: None, quality_best: -inf, coverage_best: (p=0, n=0, P=0, N=0), p_value: 0
2026-04-14 12:53:54,923 - INFO - Regula po iteracji 0: IF  THEN class = {11.78} [3.78, 19.77], (p=232, n=98, P=232, N=98)
2026-04-14 12:53:54,923 - INFO - *****STOP GROWING RR RULE*****
2026-04-14 12:53:54,923 - INFO - ***RR NOT FOUND***
2026-04-14 12:53:54,952 - INFO - Iteracja 3: condition_best: VZBLTY <= 325.00, quality_best: 0.59, coverage_best: (p=99, n=18, P=152, N=178)
2026-04-14 12:53:54,952 - INFO - Regula po iteracji 3: IF SDAFBTMP <= 61.50 AND HMDTY <= 73.50 AND INVHT >= 1,149.00 AND VZBLTY <= 325.00 THEN class = {5.97} [2.87, 9.06], (p=99, n=18, P=152, N=178)
2026-04-14 12:53:54,952 - INFO - *****GROWING RR RULE*****
2026-04-14 12:53:55,082 - INFO - Iteracja 0: condition_best: None, quality_best: -inf, coverage_best: (p=0, n=0, P=0, N=0), p_value: 0
2026-04-14 12:53:55,082 - INFO - Regula po iteracji 0: IF  THEN class = {11.78} [3.78, 19.77], (p=232, n=98, P=232, N=98)
2026-04-14 12:53:55,082 - INFO - *****STOP GROWING RR RULE*****
2026-04-14 12:53:55,082 - INFO - ***RR NOT FOUND***
2026-04-14 12:53:55,111 - INFO - Iteracja 4: condition_best: VDB500HT >= 5,335.00, quality_best: 0.586, coverage_best: (p=98, n=18, P=152, N=178)
2026-04-14 12:53:55,111 - INFO - Regula po iteracji 4: IF SDAFBTMP <= 61.50 AND HMDTY <= 73.50 AND INVHT >= 1,149.00 AND VZBLTY <= 325.00 AND VDB500HT >= 5,335.00 THEN class = {5.99} [2.90, 9.08], (p=98, n=18, P=152, N=178)
2026-04-14 12:53:55,111 - INFO - *****GROWING RR RULE*****
2026-04-14 12:53:55,240 - INFO - Iteracja 0: condition_best: None, quality_best: -inf, coverage_best: (p=0, n=0, P=0, N=0), p_value: 0
2026-04-14 12:53:55,240 - INFO - Regula po iteracji 0: IF  THEN class = {11.78} [3.78, 19.77], (p=232, n=98, P=232, N=98)
2026-04-14 12:53:55,241 - INFO - *****STOP GROWING RR RULE*****
2026-04-14 12:53:55,241 - INFO - ***RR NOT FOUND***
2026-04-14 12:53:55,241 - INFO - *******STOP GROWING CR RULE*******
2026-04-14 12:53:55,242 - INFO - *******GROWING CR RULE*******
2026-04-14 12:53:55,315 - INFO - Iteracja 0: condition_best: SDAFBTMP <= 61.50, quality_best: 0.528, coverage_best: (p=129, n=33, P=165, N=165)
2026-04-14 12:53:55,315 - INFO - Regula po iteracji 0: IF SDAFBTMP <= 61.50 THEN class = {6.34} [2.60, 10.08], (p=129, n=33, P=165, N=165)
2026-04-14 12:53:55,315 - INFO - *****GROWING RR RULE*****
2026-04-14 12:53:55,444 - INFO - Iteracja 0: condition_best: None, quality_best: -inf, coverage_best: (p=0, n=0, P=0, N=0), p_value: 0
2026-04-14 12:53:55,444 - INFO - Regula po iteracji 0: IF  THEN class = {11.78} [3.78, 19.77], (p=232, n=98, P=232, N=98)
2026-04-14 12:53:55,445 - INFO - *****STOP GROWING RR RULE*****
2026-04-14 12:53:55,445 - INFO - ***RR NOT FOUND***
2026-04-14 12:53:55,481 - INFO - Iteracja 1: condition_best: DAGPG <= 64.00, quality_best: 0.559, coverage_best: (p=123, n=27, P=165, N=165)
2026-04-14 12:53:55,482 - INFO - Regula po iteracji 1: IF SDAFBTMP <= 61.50 AND DAGPG <= 64.00 THEN class = {6.47} [2.71, 10.22], (p=123, n=27, P=165, N=165)
2026-04-14 12:53:55,482 - INFO - *****GROWING RR RULE*****
2026-04-14 12:53:55,611 - INFO - Iteracja 0: condition_best: None, quality_best: -inf, coverage_best: (p=0, n=0, P=0, N=0), p_value: 0
2026-04-14 12:53:55,612 - INFO - Regula po iteracji 0: IF  THEN class = {11.78} [3.78, 19.77], (p=232, n=98, P=232, N=98)
2026-04-14 12:53:55,612 - INFO - *****STOP GROWING RR RULE*****
2026-04-14 12:53:55,612 - INFO - ***RR NOT FOUND***
2026-04-14 12:53:55,647 - INFO - Iteracja 2: condition_best: HMDTY <= 80.50, quality_best: 0.576, coverage_best: (p=120, n=24, P=165, N=165)
2026-04-14 12:53:55,647 - INFO - Regula po iteracji 2: IF SDAFBTMP <= 61.50 AND DAGPG <= 64.00 AND HMDTY <= 80.50 THEN class = {6.50} [2.77, 10.23], (p=120, n=24, P=165, N=165)
2026-04-14 12:53:55,647 - INFO - *****GROWING RR RULE*****
2026-04-14 12:53:55,777 - INFO - Iteracja 0: condition_best: None, quality_best: -inf, coverage_best: (p=0, n=0, P=0, N=0), p_value: 0
2026-04-14 12:53:55,777 - INFO - Regula po iteracji 0: IF  THEN class = {11.78} [3.78, 19.77], (p=232, n=98, P=232, N=98)
2026-04-14 12:53:55,777 - INFO - *****STOP GROWING RR RULE*****
2026-04-14 12:53:55,777 - INFO - ***RR NOT FOUND***
2026-04-14 12:53:55,812 - INFO - Iteracja 3: condition_best: VZBLTY >= 6.00, quality_best: 0.586, coverage_best: (p=120, n=23, P=165, N=165)
2026-04-14 12:53:55,812 - INFO - Regula po iteracji 3: IF SDAFBTMP <= 61.50 AND DAGPG <= 64.00 AND HMDTY <= 80.50 AND VZBLTY >= 6.00 THEN class = {6.43} [2.78, 10.09], (p=120, n=23, P=165, N=165)
2026-04-14 12:53:55,812 - INFO - *****GROWING RR RULE*****
2026-04-14 12:53:55,941 - INFO - Iteracja 0: condition_best: None, quality_best: -inf, coverage_best: (p=0, n=0, P=0, N=0), p_value: 0
2026-04-14 12:53:55,941 - INFO - Regula po iteracji 0: IF  THEN class = {11.78} [3.78, 19.77], (p=232, n=98, P=232, N=98)
2026-04-14 12:53:55,941 - INFO - *****STOP GROWING RR RULE*****
2026-04-14 12:53:55,941 - INFO - ***RR NOT FOUND***
2026-04-14 12:53:55,976 - INFO - Iteracja 4: condition_best: VZBLTY <= 325.00, quality_best: 0.592, coverage_best: (p=119, n=22, P=165, N=165)
2026-04-14 12:53:55,976 - INFO - Regula po iteracji 4: IF SDAFBTMP <= 61.50 AND DAGPG <= 64.00 AND HMDTY <= 80.50 AND VZBLTY >= 6.00 AND VZBLTY <= 325.00 THEN class = {6.49} [2.84, 10.14], (p=119, n=22, P=165, N=165)
2026-04-14 12:53:55,976 - INFO - *****GROWING RR RULE*****
2026-04-14 12:53:56,106 - INFO - Iteracja 0: condition_best: None, quality_best: -inf, coverage_best: (p=0, n=0, P=0, N=0), p_value: 0
2026-04-14 12:53:56,106 - INFO - Regula po iteracji 0: IF  THEN class = {11.78} [3.78, 19.77], (p=232, n=98, P=232, N=98)
2026-04-14 12:53:56,106 - INFO - *****STOP GROWING RR RULE*****
2026-04-14 12:53:56,106 - INFO - ***RR NOT FOUND***
2026-04-14 12:53:56,106 - INFO - *******STOP GROWING CR RULE*******
2026-04-14 12:53:56,107 - INFO - *******GROWING CR RULE*******
2026-04-14 12:53:56,179 - INFO - Iteracja 0: condition_best: DAGPG <= -8.50, quality_best: 0.525, coverage_best: (p=77, n=8, P=201, N=129)
2026-04-14 12:53:56,179 - INFO - Regula po iteracji 0: IF DAGPG <= -8.50 THEN class = {7.12} [1.67, 12.57], (p=77, n=8, P=201, N=129)
2026-04-14 12:53:56,180 - INFO - *****GROWING RR RULE*****
2026-04-14 12:53:56,307 - INFO - Iteracja 0: condition_best: None, quality_best: -inf, coverage_best: (p=0, n=0, P=0, N=0), p_value: 0
2026-04-14 12:53:56,308 - INFO - Regula po iteracji 0: IF  THEN class = {11.78} [3.78, 19.77], (p=232, n=98, P=232, N=98)
2026-04-14 12:53:56,308 - INFO - *****STOP GROWING RR RULE*****
2026-04-14 12:53:56,308 - INFO - ***RR NOT FOUND***
2026-04-14 12:53:56,332 - INFO - Iteracja 1: condition_best: INVTMP <= 80.00, quality_best: 0.577, coverage_best: (p=75, n=5, P=201, N=129)
2026-04-14 12:53:56,332 - INFO - Regula po iteracji 1: IF DAGPG <= -8.50 AND INVTMP <= 80.00 THEN class = {6.76} [1.50, 12.02], (p=75, n=5, P=201, N=129)
2026-04-14 12:53:56,332 - INFO - *****GROWING RR RULE*****
2026-04-14 12:53:56,460 - INFO - Iteracja 0: condition_best: None, quality_best: -inf, coverage_best: (p=0, n=0, P=0, N=0), p_value: 0
2026-04-14 12:53:56,461 - INFO - Regula po iteracji 0: IF  THEN class = {11.78} [3.78, 19.77], (p=232, n=98, P=232, N=98)
2026-04-14 12:53:56,461 - INFO - *****STOP GROWING RR RULE*****
2026-04-14 12:53:56,461 - INFO - ***RR NOT FOUND***
2026-04-14 12:53:56,483 - INFO - Iteracja 2: condition_best: VDB500HT >= 5,565.00, quality_best: 0.573, coverage_best: (p=74, n=5, P=201, N=129)
2026-04-14 12:53:56,483 - INFO - Regula po iteracji 2: IF DAGPG <= -8.50 AND INVTMP <= 80.00 AND VDB500HT >= 5,565.00 THEN class = {6.80} [1.51, 12.08], (p=74, n=5, P=201, N=129)
2026-04-14 12:53:56,483 - INFO - *****GROWING RR RULE*****
2026-04-14 12:53:56,611 - INFO - Iteracja 0: condition_best: None, quality_best: -inf, coverage_best: (p=0, n=0, P=0, N=0), p_value: 0
2026-04-14 12:53:56,611 - INFO - Regula po iteracji 0: IF  THEN class = {11.78} [3.78, 19.77], (p=232, n=98, P=232, N=98)
2026-04-14 12:53:56,611 - INFO - *****STOP GROWING RR RULE*****
2026-04-14 12:53:56,611 - INFO - ***RR NOT FOUND***
2026-04-14 12:53:56,633 - INFO - Iteracja 3: condition_best: VDB500HT <= 5,895.00, quality_best: 0.57, coverage_best: (p=73, n=5, P=201, N=129)
2026-04-14 12:53:56,633 - INFO - Regula po iteracji 3: IF DAGPG <= -8.50 AND INVTMP <= 80.00 AND VDB500HT >= 5,565.00 AND VDB500HT <= 5,895.00 THEN class = {6.74} [1.45, 12.04], (p=73, n=5, P=201, N=129)
2026-04-14 12:53:56,633 - INFO - *****GROWING RR RULE*****
2026-04-14 12:53:56,761 - INFO - Iteracja 0: condition_best: None, quality_best: -inf, coverage_best: (p=0, n=0, P=0, N=0), p_value: 0
2026-04-14 12:53:56,761 - INFO - Regula po iteracji 0: IF  THEN class = {11.78} [3.78, 19.77], (p=232, n=98, P=232, N=98)
2026-04-14 12:53:56,761 - INFO - *****STOP GROWING RR RULE*****
2026-04-14 12:53:56,761 - INFO - ***RR NOT FOUND***
2026-04-14 12:53:56,783 - INFO - Iteracja 4: condition_best: VDB500HT >= 5,605.00, quality_best: 0.566, coverage_best: (p=72, n=5, P=201, N=129)
2026-04-14 12:53:56,783 - INFO - Regula po iteracji 4: IF DAGPG <= -8.50 AND INVTMP <= 80.00 AND VDB500HT >= 5,565.00 AND VDB500HT <= 5,895.00 AND VDB500HT >= 5,605.00 THEN class = {6.79} [1.48, 12.11], (p=72, n=5, P=201, N=129)
2026-04-14 12:53:56,783 - INFO - *****GROWING RR RULE*****
2026-04-14 12:53:56,911 - INFO - Iteracja 0: condition_best: None, quality_best: -inf, coverage_best: (p=0, n=0, P=0, N=0), p_value: 0
2026-04-14 12:53:56,911 - INFO - Regula po iteracji 0: IF  THEN class = {11.78} [3.78, 19.77], (p=232, n=98, P=232, N=98)
2026-04-14 12:53:56,912 - INFO - *****STOP GROWING RR RULE*****
2026-04-14 12:53:56,912 - INFO - ***RR NOT FOUND***
2026-04-14 12:53:56,912 - INFO - *******STOP GROWING CR RULE*******
2026-04-14 12:53:56,913 - INFO - *******GROWING CR RULE*******
2026-04-14 12:53:56,988 - INFO - Iteracja 0: condition_best: SDAFBTMP >= 67.50, quality_best: 0.514, coverage_best: (p=83, n=33, P=107, N=223)
2026-04-14 12:53:56,988 - INFO - Regula po iteracji 0: IF SDAFBTMP >= 67.50 THEN class = {19.80} [12.93, 26.67], (p=83, n=33, P=107, N=223)
2026-04-14 12:53:56,989 - INFO - *****GROWING RR RULE*****
2026-04-14 12:53:57,118 - INFO - Iteracja 0: condition_best: None, quality_best: -inf, coverage_best: (p=0, n=0, P=0, N=0), p_value: 0
2026-04-14 12:53:57,118 - INFO - Regula po iteracji 0: IF  THEN class = {11.78} [3.78, 19.77], (p=232, n=98, P=232, N=98)
2026-04-14 12:53:57,118 - INFO - *****STOP GROWING RR RULE*****
2026-04-14 12:53:57,118 - INFO - ***RR NOT FOUND***
2026-04-14 12:53:57,153 - INFO - Iteracja 1: condition_best: VZBLTY >= 25.00, quality_best: 0.551, coverage_best: (p=79, n=26, P=107, N=223)
2026-04-14 12:53:57,153 - INFO - Regula po iteracji 1: IF SDAFBTMP >= 67.50 AND VZBLTY >= 25.00 THEN class = {19.49} [12.87, 26.10], (p=79, n=26, P=107, N=223)
2026-04-14 12:53:57,153 - INFO - *****GROWING RR RULE*****
2026-04-14 12:53:57,284 - INFO - Iteracja 0: condition_best: None, quality_best: -inf, coverage_best: (p=0, n=0, P=0, N=0), p_value: 0
2026-04-14 12:53:57,284 - INFO - Regula po iteracji 0: IF  THEN class = {11.78} [3.78, 19.77], (p=232, n=98, P=232, N=98)
2026-04-14 12:53:57,285 - INFO - *****STOP GROWING RR RULE*****
2026-04-14 12:53:57,285 - INFO - ***RR NOT FOUND***
2026-04-14 12:53:57,315 - INFO - Iteracja 2: condition_best: HMDTY <= 88.00, quality_best: 0.554, coverage_best: (p=78, n=25, P=107, N=223)
2026-04-14 12:53:57,315 - INFO - Regula po iteracji 2: IF SDAFBTMP >= 67.50 AND VZBLTY >= 25.00 AND HMDTY <= 88.00 THEN class = {19.42} [12.81, 26.03], (p=78, n=25, P=107, N=223)
2026-04-14 12:53:57,315 - INFO - *****GROWING RR RULE*****
2026-04-14 12:53:57,450 - INFO - Iteracja 0: condition_best: None, quality_best: -inf, coverage_best: (p=0, n=0, P=0, N=0), p_value: 0
2026-04-14 12:53:57,450 - INFO - Regula po iteracji 0: IF  THEN class = {11.78} [3.78, 19.77], (p=232, n=98, P=232, N=98)
2026-04-14 12:53:57,450 - INFO - *****STOP GROWING RR RULE*****
2026-04-14 12:53:57,450 - INFO - ***RR NOT FOUND***
2026-04-14 12:53:57,479 - INFO - Iteracja 3: condition_best: INVHT >= 368.50, quality_best: 0.561, coverage_best: (p=76, n=23, P=107, N=223)
2026-04-14 12:53:57,479 - INFO - Regula po iteracji 3: IF SDAFBTMP >= 67.50 AND VZBLTY >= 25.00 AND HMDTY <= 88.00 AND INVHT >= 368.50 THEN class = {19.52} [12.98, 26.05], (p=76, n=23, P=107, N=223)
2026-04-14 12:53:57,480 - INFO - *****GROWING RR RULE*****
2026-04-14 12:53:57,615 - INFO - Iteracja 0: condition_best: None, quality_best: -inf, coverage_best: (p=0, n=0, P=0, N=0), p_value: 0
2026-04-14 12:53:57,615 - INFO - Regula po iteracji 0: IF  THEN class = {11.78} [3.78, 19.77], (p=232, n=98, P=232, N=98)
2026-04-14 12:53:57,616 - INFO - *****STOP GROWING RR RULE*****
2026-04-14 12:53:57,616 - INFO - ***RR NOT FOUND***
2026-04-14 12:53:57,645 - INFO - Iteracja 4: condition_best: WDSP >= 1.00, quality_best: 0.555, coverage_best: (p=75, n=23, P=107, N=223)
2026-04-14 12:53:57,645 - INFO - Regula po iteracji 4: IF SDAFBTMP >= 67.50 AND VZBLTY >= 25.00 AND HMDTY <= 88.00 AND INVHT >= 368.50 AND WDSP >= 1.00 THEN class = {19.51} [12.94, 26.08], (p=75, n=23, P=107, N=223)
2026-04-14 12:53:57,645 - INFO - *****GROWING RR RULE*****
2026-04-14 12:53:57,781 - INFO - Iteracja 0: condition_best: None, quality_best: -inf, coverage_best: (p=0, n=0, P=0, N=0), p_value: 0
2026-04-14 12:53:57,781 - INFO - Regula po iteracji 0: IF  THEN class = {11.78} [3.78, 19.77], (p=232, n=98, P=232, N=98)
2026-04-14 12:53:57,781 - INFO - *****STOP GROWING RR RULE*****
2026-04-14 12:53:57,781 - INFO - ***RR NOT FOUND***
2026-04-14 12:53:57,781 - INFO - *******STOP GROWING CR RULE*******
2026-04-14 12:53:57,782 - INFO - *******GROWING CR RULE*******
2026-04-14 12:53:57,850 - INFO - Iteracja 0: condition_best: SDAFBTMP >= 67.50, quality_best: 0.514, coverage_best: (p=83, n=33, P=107, N=223)
2026-04-14 12:53:57,850 - INFO - Regula po iteracji 0: IF SDAFBTMP >= 67.50 THEN class = {19.80} [12.93, 26.67], (p=83, n=33, P=107, N=223)
2026-04-14 12:53:57,850 - INFO - *****GROWING RR RULE*****
2026-04-14 12:53:57,978 - INFO - Iteracja 0: condition_best: None, quality_best: -inf, coverage_best: (p=0, n=0, P=0, N=0), p_value: 0
2026-04-14 12:53:57,978 - INFO - Regula po iteracji 0: IF  THEN class = {11.78} [3.78, 19.77], (p=232, n=98, P=232, N=98)
2026-04-14 12:53:57,978 - INFO - *****STOP GROWING RR RULE*****
2026-04-14 12:53:57,978 - INFO - ***RR NOT FOUND***
2026-04-14 12:53:58,008 - INFO - Iteracja 1: condition_best: VZBLTY >= 25.00, quality_best: 0.551, coverage_best: (p=79, n=26, P=107, N=223)
2026-04-14 12:53:58,008 - INFO - Regula po iteracji 1: IF SDAFBTMP >= 67.50 AND VZBLTY >= 25.00 THEN class = {19.49} [12.87, 26.10], (p=79, n=26, P=107, N=223)
2026-04-14 12:53:58,008 - INFO - *****GROWING RR RULE*****
2026-04-14 12:53:58,142 - INFO - Iteracja 0: condition_best: None, quality_best: -inf, coverage_best: (p=0, n=0, P=0, N=0), p_value: 0
2026-04-14 12:53:58,143 - INFO - Regula po iteracji 0: IF  THEN class = {11.78} [3.78, 19.77], (p=232, n=98, P=232, N=98)
2026-04-14 12:53:58,143 - INFO - *****STOP GROWING RR RULE*****
2026-04-14 12:53:58,143 - INFO - ***RR NOT FOUND***
2026-04-14 12:53:58,170 - INFO - Iteracja 2: condition_best: DAGPG <= 73.50, quality_best: 0.554, coverage_best: (p=78, n=25, P=107, N=223)
2026-04-14 12:53:58,171 - INFO - Regula po iteracji 2: IF SDAFBTMP >= 67.50 AND VZBLTY >= 25.00 AND DAGPG <= 73.50 THEN class = {19.58} [12.97, 26.19], (p=78, n=25, P=107, N=223)
2026-04-14 12:53:58,171 - INFO - *****GROWING RR RULE*****
2026-04-14 12:53:58,300 - INFO - Iteracja 0: condition_best: None, quality_best: -inf, coverage_best: (p=0, n=0, P=0, N=0), p_value: 0
2026-04-14 12:53:58,300 - INFO - Regula po iteracji 0: IF  THEN class = {11.78} [3.78, 19.77], (p=232, n=98, P=232, N=98)
2026-04-14 12:53:58,300 - INFO - *****STOP GROWING RR RULE*****
2026-04-14 12:53:58,300 - INFO - ***RR NOT FOUND***
2026-04-14 12:53:58,328 - INFO - Iteracja 3: condition_best: SDAFBTMP <= 92.50, quality_best: 0.551, coverage_best: (p=76, n=24, P=107, N=223)
2026-04-14 12:53:58,328 - INFO - Regula po iteracji 3: IF SDAFBTMP >= 67.50 AND VZBLTY >= 25.00 AND DAGPG <= 73.50 AND SDAFBTMP <= 92.50 THEN class = {19.45} [12.83, 26.07], (p=76, n=24, P=107, N=223)
2026-04-14 12:53:58,328 - INFO - *****GROWING RR RULE*****
2026-04-14 12:53:58,458 - INFO - Iteracja 0: condition_best: None, quality_best: -inf, coverage_best: (p=0, n=0, P=0, N=0), p_value: 0
2026-04-14 12:53:58,458 - INFO - Regula po iteracji 0: IF  THEN class = {11.78} [3.78, 19.77], (p=232, n=98, P=232, N=98)
2026-04-14 12:53:58,458 - INFO - *****STOP GROWING RR RULE*****
2026-04-14 12:53:58,458 - INFO - ***RR NOT FOUND***
2026-04-14 12:53:58,485 - INFO - Iteracja 4: condition_best: DAGPG <= 68.00, quality_best: 0.549, coverage_best: (p=74, n=23, P=107, N=223)
2026-04-14 12:53:58,485 - INFO - Regula po iteracji 4: IF SDAFBTMP >= 67.50 AND VZBLTY >= 25.00 AND DAGPG <= 73.50 AND SDAFBTMP <= 92.50 AND DAGPG <= 68.00 THEN class = {19.57} [12.91, 26.22], (p=74, n=23, P=107, N=223)
2026-04-14 12:53:58,486 - INFO - *****GROWING RR RULE*****
2026-04-14 12:53:58,614 - INFO - Iteracja 0: condition_best: None, quality_best: -inf, coverage_best: (p=0, n=0, P=0, N=0), p_value: 0
2026-04-14 12:53:58,615 - INFO - Regula po iteracji 0: IF  THEN class = {11.78} [3.78, 19.77], (p=232, n=98, P=232, N=98)
2026-04-14 12:53:58,615 - INFO - *****STOP GROWING RR RULE*****
2026-04-14 12:53:58,615 - INFO - ***RR NOT FOUND***
2026-04-14 12:53:58,615 - INFO - *******STOP GROWING CR RULE*******
2026-04-14 12:53:58,615 - INFO - *******GROWING CR RULE*******
2026-04-14 12:53:58,682 - INFO - Iteracja 0: condition_best: SDAFBTMP >= 67.50, quality_best: 0.514, coverage_best: (p=83, n=33, P=107, N=223)
2026-04-14 12:53:58,683 - INFO - Regula po iteracji 0: IF SDAFBTMP >= 67.50 THEN class = {19.80} [12.93, 26.67], (p=83, n=33, P=107, N=223)
2026-04-14 12:53:58,683 - INFO - *****GROWING RR RULE*****
2026-04-14 12:53:58,810 - INFO - Iteracja 0: condition_best: None, quality_best: -inf, coverage_best: (p=0, n=0, P=0, N=0), p_value: 0
2026-04-14 12:53:58,810 - INFO - Regula po iteracji 0: IF  THEN class = {11.78} [3.78, 19.77], (p=232, n=98, P=232, N=98)
2026-04-14 12:53:58,810 - INFO - *****STOP GROWING RR RULE*****
2026-04-14 12:53:58,810 - INFO - ***RR NOT FOUND***
2026-04-14 12:53:58,840 - INFO - Iteracja 1: condition_best: VZBLTY >= 12.00, quality_best: 0.539, coverage_best: (p=83, n=30, P=107, N=223)
2026-04-14 12:53:58,840 - INFO - Regula po iteracji 1: IF SDAFBTMP >= 67.50 AND VZBLTY >= 12.00 THEN class = {19.73} [12.89, 26.58], (p=83, n=30, P=107, N=223)
2026-04-14 12:53:58,840 - INFO - *****GROWING RR RULE*****
2026-04-14 12:53:58,966 - INFO - Iteracja 0: condition_best: None, quality_best: -inf, coverage_best: (p=0, n=0, P=0, N=0), p_value: 0
2026-04-14 12:53:58,967 - INFO - Regula po iteracji 0: IF  THEN class = {11.78} [3.78, 19.77], (p=232, n=98, P=232, N=98)
2026-04-14 12:53:58,967 - INFO - *****STOP GROWING RR RULE*****
2026-04-14 12:53:58,967 - INFO - ***RR NOT FOUND***
2026-04-14 12:53:58,996 - INFO - Iteracja 2: condition_best: INVTMP <= 88.00, quality_best: 0.551, coverage_best: (p=82, n=28, P=107, N=223)
2026-04-14 12:53:58,996 - INFO - Regula po iteracji 2: IF SDAFBTMP >= 67.50 AND VZBLTY >= 12.00 AND INVTMP <= 88.00 THEN class = {19.49} [12.85, 26.13], (p=82, n=28, P=107, N=223)
2026-04-14 12:53:58,996 - INFO - *****GROWING RR RULE*****
2026-04-14 12:53:59,122 - INFO - Iteracja 0: condition_best: None, quality_best: -inf, coverage_best: (p=0, n=0, P=0, N=0), p_value: 0
2026-04-14 12:53:59,123 - INFO - Regula po iteracji 0: IF  THEN class = {11.78} [3.78, 19.77], (p=232, n=98, P=232, N=98)
2026-04-14 12:53:59,123 - INFO - *****STOP GROWING RR RULE*****
2026-04-14 12:53:59,123 - INFO - ***RR NOT FOUND***
2026-04-14 12:53:59,151 - INFO - Iteracja 3: condition_best: INVHT >= 219.50, quality_best: 0.559, coverage_best: (p=82, n=27, P=107, N=223)
2026-04-14 12:53:59,151 - INFO - Regula po iteracji 3: IF SDAFBTMP >= 67.50 AND VZBLTY >= 12.00 AND INVTMP <= 88.00 AND INVHT >= 219.50 THEN class = {19.41} [12.79, 26.03], (p=82, n=27, P=107, N=223)
2026-04-14 12:53:59,152 - INFO - *****GROWING RR RULE*****
2026-04-14 12:53:59,280 - INFO - Iteracja 0: condition_best: None, quality_best: -inf, coverage_best: (p=0, n=0, P=0, N=0), p_value: 0
2026-04-14 12:53:59,280 - INFO - Regula po iteracji 0: IF  THEN class = {11.78} [3.78, 19.77], (p=232, n=98, P=232, N=98)
2026-04-14 12:53:59,280 - INFO - *****STOP GROWING RR RULE*****
2026-04-14 12:53:59,280 - INFO - ***RR NOT FOUND***
2026-04-14 12:53:59,310 - INFO - Iteracja 4: condition_best: DAGPG <= 75.50, quality_best: 0.563, coverage_best: (p=81, n=26, P=107, N=223)
2026-04-14 12:53:59,310 - INFO - Regula po iteracji 4: IF SDAFBTMP >= 67.50 AND VZBLTY >= 12.00 AND INVTMP <= 88.00 AND INVHT >= 219.50 AND DAGPG <= 75.50 THEN class = {19.50} [12.89, 26.12], (p=81, n=26, P=107, N=223)
2026-04-14 12:53:59,310 - INFO - *****GROWING RR RULE*****
2026-04-14 12:53:59,437 - INFO - Iteracja 0: condition_best: None, quality_best: -inf, coverage_best: (p=0, n=0, P=0, N=0), p_value: 0
2026-04-14 12:53:59,438 - INFO - Regula po iteracji 0: IF  THEN class = {11.78} [3.78, 19.77], (p=232, n=98, P=232, N=98)
2026-04-14 12:53:59,438 - INFO - *****STOP GROWING RR RULE*****
2026-04-14 12:53:59,438 - INFO - ***RR NOT FOUND***
2026-04-14 12:53:59,438 - INFO - *******STOP GROWING CR RULE*******
2026-04-14 12:53:59,438 - INFO - *******GROWING CR RULE*******
2026-04-14 12:53:59,505 - INFO - Iteracja 0: condition_best: INVTMP <= 55.50, quality_best: 0.511, coverage_best: (p=90, n=27, P=134, N=196)
2026-04-14 12:53:59,505 - INFO - Regula po iteracji 0: IF INVTMP <= 55.50 THEN class = {5.46} [2.78, 8.15], (p=90, n=27, P=134, N=196)
2026-04-14 12:53:59,506 - INFO - *****GROWING RR RULE*****
2026-04-14 12:53:59,633 - INFO - Iteracja 0: condition_best: None, quality_best: -inf, coverage_best: (p=0, n=0, P=0, N=0), p_value: 0
2026-04-14 12:53:59,634 - INFO - Regula po iteracji 0: IF  THEN class = {11.78} [3.78, 19.77], (p=232, n=98, P=232, N=98)
2026-04-14 12:53:59,634 - INFO - *****STOP GROWING RR RULE*****
2026-04-14 12:53:59,634 - INFO - ***RR NOT FOUND***
2026-04-14 12:53:59,661 - INFO - Iteracja 1: condition_best: DAGPG <= 47.50, quality_best: 0.561, coverage_best: (p=75, n=15, P=134, N=196)
2026-04-14 12:53:59,661 - INFO - Regula po iteracji 1: IF INVTMP <= 55.50 AND DAGPG <= 47.50 THEN class = {5.53} [2.97, 8.09], (p=75, n=15, P=134, N=196)
2026-04-14 12:53:59,661 - INFO - *****GROWING RR RULE*****
2026-04-14 12:53:59,788 - INFO - Iteracja 0: condition_best: None, quality_best: -inf, coverage_best: (p=0, n=0, P=0, N=0), p_value: 0
2026-04-14 12:53:59,789 - INFO - Regula po iteracji 0: IF  THEN class = {11.78} [3.78, 19.77], (p=232, n=98, P=232, N=98)
2026-04-14 12:53:59,789 - INFO - *****STOP GROWING RR RULE*****
2026-04-14 12:53:59,789 - INFO - ***RR NOT FOUND***
2026-04-14 12:53:59,812 - INFO - Iteracja 2: condition_best: INVHT >= 2,048.50, quality_best: 0.564, coverage_best: (p=66, n=13, P=124, N=206)
2026-04-14 12:53:59,812 - INFO - Regula po iteracji 2: IF INVTMP <= 55.50 AND DAGPG <= 47.50 AND INVHT >= 2,048.50 THEN class = {5.18} [2.88, 7.48], (p=66, n=13, P=124, N=206)
2026-04-14 12:53:59,812 - INFO - *****GROWING RR RULE*****
2026-04-14 12:53:59,939 - INFO - Iteracja 0: condition_best: None, quality_best: -inf, coverage_best: (p=0, n=0, P=0, N=0), p_value: 0
2026-04-14 12:53:59,940 - INFO - Regula po iteracji 0: IF  THEN class = {11.78} [3.78, 19.77], (p=232, n=98, P=232, N=98)
2026-04-14 12:53:59,940 - INFO - *****STOP GROWING RR RULE*****
2026-04-14 12:53:59,940 - INFO - ***RR NOT FOUND***
2026-04-14 12:53:59,961 - INFO - Iteracja 3: condition_best: DAGPG <= 45.50, quality_best: 0.577, coverage_best: (p=66, n=12, P=124, N=206)
2026-04-14 12:53:59,961 - INFO - Regula po iteracji 3: IF INVTMP <= 55.50 AND DAGPG <= 47.50 AND INVHT >= 2,048.50 AND DAGPG <= 45.50 THEN class = {5.09} [2.91, 7.27], (p=66, n=12, P=124, N=206)
2026-04-14 12:53:59,962 - INFO - *****GROWING RR RULE*****
2026-04-14 12:54:00,089 - INFO - Iteracja 0: condition_best: None, quality_best: -inf, coverage_best: (p=0, n=0, P=0, N=0), p_value: 0
2026-04-14 12:54:00,089 - INFO - Regula po iteracji 0: IF  THEN class = {11.78} [3.78, 19.77], (p=232, n=98, P=232, N=98)
2026-04-14 12:54:00,089 - INFO - *****STOP GROWING RR RULE*****
2026-04-14 12:54:00,089 - INFO - ***RR NOT FOUND***
2026-04-14 12:54:00,111 - INFO - Iteracja 4: condition_best: VZBLTY <= 325.00, quality_best: 0.585, coverage_best: (p=65, n=11, P=124, N=206)
2026-04-14 12:54:00,111 - INFO - Regula po iteracji 4: IF INVTMP <= 55.50 AND DAGPG <= 47.50 AND INVHT >= 2,048.50 AND DAGPG <= 45.50 AND VZBLTY <= 325.00 THEN class = {5.16} [2.99, 7.32], (p=65, n=11, P=124, N=206)
2026-04-14 12:54:00,111 - INFO - *****GROWING RR RULE*****
2026-04-14 12:54:00,239 - INFO - Iteracja 0: condition_best: None, quality_best: -inf, coverage_best: (p=0, n=0, P=0, N=0), p_value: 0
2026-04-14 12:54:00,239 - INFO - Regula po iteracji 0: IF  THEN class = {11.78} [3.78, 19.77], (p=232, n=98, P=232, N=98)
2026-04-14 12:54:00,239 - INFO - *****STOP GROWING RR RULE*****
2026-04-14 12:54:00,239 - INFO - ***RR NOT FOUND***
2026-04-14 12:54:00,239 - INFO - *******STOP GROWING CR RULE*******
2026-04-14 12:54:00,240 - INFO - *******GROWING CR RULE*******
2026-04-14 12:54:00,306 - INFO - Iteracja 0: condition_best: INVHT >= 3,359.50, quality_best: 0.509, coverage_best: (p=95, n=24, P=152, N=178)
2026-04-14 12:54:00,306 - INFO - Regula po iteracji 0: IF INVHT >= 3,359.50 THEN class = {5.71} [2.39, 9.02], (p=95, n=24, P=152, N=178)
2026-04-14 12:54:00,306 - INFO - *****GROWING RR RULE*****
2026-04-14 12:54:00,434 - INFO - Iteracja 0: condition_best: None, quality_best: -inf, coverage_best: (p=0, n=0, P=0, N=0), p_value: 0
2026-04-14 12:54:00,435 - INFO - Regula po iteracji 0: IF  THEN class = {11.78} [3.78, 19.77], (p=232, n=98, P=232, N=98)
2026-04-14 12:54:00,435 - INFO - *****STOP GROWING RR RULE*****
2026-04-14 12:54:00,435 - INFO - ***RR NOT FOUND***
2026-04-14 12:54:00,464 - INFO - Iteracja 1: condition_best: HMDTY <= 76.50, quality_best: 0.543, coverage_best: (p=91, n=19, P=152, N=178)
2026-04-14 12:54:00,464 - INFO - Regula po iteracji 1: IF INVHT >= 3,359.50 AND HMDTY <= 76.50 THEN class = {5.84} [2.51, 9.16], (p=91, n=19, P=152, N=178)
2026-04-14 12:54:00,464 - INFO - *****GROWING RR RULE*****
2026-04-14 12:54:00,592 - INFO - Iteracja 0: condition_best: None, quality_best: -inf, coverage_best: (p=0, n=0, P=0, N=0), p_value: 0
2026-04-14 12:54:00,592 - INFO - Regula po iteracji 0: IF  THEN class = {11.78} [3.78, 19.77], (p=232, n=98, P=232, N=98)
2026-04-14 12:54:00,592 - INFO - *****STOP GROWING RR RULE*****
2026-04-14 12:54:00,592 - INFO - ***RR NOT FOUND***
2026-04-14 12:54:00,620 - INFO - Iteracja 2: condition_best: DAGPG <= 64.00, quality_best: 0.562, coverage_best: (p=82, n=14, P=152, N=178)
2026-04-14 12:54:00,620 - INFO - Regula po iteracji 2: IF INVHT >= 3,359.50 AND HMDTY <= 76.50 AND DAGPG <= 64.00 THEN class = {5.76} [2.51, 9.01], (p=82, n=14, P=152, N=178)
2026-04-14 12:54:00,620 - INFO - *****GROWING RR RULE*****
2026-04-14 12:54:00,749 - INFO - Iteracja 0: condition_best: None, quality_best: -inf, coverage_best: (p=0, n=0, P=0, N=0), p_value: 0
2026-04-14 12:54:00,749 - INFO - Regula po iteracji 0: IF  THEN class = {11.78} [3.78, 19.77], (p=232, n=98, P=232, N=98)
2026-04-14 12:54:00,749 - INFO - *****STOP GROWING RR RULE*****
2026-04-14 12:54:00,749 - INFO - ***RR NOT FOUND***
2026-04-14 12:54:00,774 - INFO - Iteracja 3: condition_best: VZBLTY <= 325.00, quality_best: 0.57, coverage_best: (p=81, n=13, P=152, N=178)
2026-04-14 12:54:00,775 - INFO - Regula po iteracji 3: IF INVHT >= 3,359.50 AND HMDTY <= 76.50 AND DAGPG <= 64.00 AND VZBLTY <= 325.00 THEN class = {5.83} [2.59, 9.07], (p=81, n=13, P=152, N=178)
2026-04-14 12:54:00,775 - INFO - *****GROWING RR RULE*****
2026-04-14 12:54:00,903 - INFO - Iteracja 0: condition_best: None, quality_best: -inf, coverage_best: (p=0, n=0, P=0, N=0), p_value: 0
2026-04-14 12:54:00,903 - INFO - Regula po iteracji 0: IF  THEN class = {11.78} [3.78, 19.77], (p=232, n=98, P=232, N=98)
2026-04-14 12:54:00,903 - INFO - *****STOP GROWING RR RULE*****
2026-04-14 12:54:00,903 - INFO - ***RR NOT FOUND***
2026-04-14 12:54:00,928 - INFO - Iteracja 4: condition_best: WDSP >= 1.00, quality_best: 0.57, coverage_best: (p=75, n=11, P=152, N=178)
2026-04-14 12:54:00,928 - INFO - Regula po iteracji 4: IF INVHT >= 3,359.50 AND HMDTY <= 76.50 AND DAGPG <= 64.00 AND VZBLTY <= 325.00 AND WDSP >= 1.00 THEN class = {5.92} [2.65, 9.19], (p=75, n=11, P=152, N=178)
2026-04-14 12:54:00,928 - INFO - *****GROWING RR RULE*****
2026-04-14 12:54:01,056 - INFO - Iteracja 0: condition_best: None, quality_best: -inf, coverage_best: (p=0, n=0, P=0, N=0), p_value: 0
2026-04-14 12:54:01,056 - INFO - Regula po iteracji 0: IF  THEN class = {11.78} [3.78, 19.77], (p=232, n=98, P=232, N=98)
2026-04-14 12:54:01,056 - INFO - *****STOP GROWING RR RULE*****
2026-04-14 12:54:01,056 - INFO - ***RR NOT FOUND***
2026-04-14 12:54:01,056 - INFO - *******STOP GROWING CR RULE*******
2026-04-14 12:54:01,057 - INFO - *******GROWING CR RULE*******
2026-04-14 12:54:01,124 - INFO - Iteracja 0: condition_best: INVHT >= 3,359.50, quality_best: 0.509, coverage_best: (p=95, n=24, P=152, N=178)
2026-04-14 12:54:01,124 - INFO - Regula po iteracji 0: IF INVHT >= 3,359.50 THEN class = {5.71} [2.39, 9.02], (p=95, n=24, P=152, N=178)
2026-04-14 12:54:01,124 - INFO - *****GROWING RR RULE*****
2026-04-14 12:54:01,253 - INFO - Iteracja 0: condition_best: None, quality_best: -inf, coverage_best: (p=0, n=0, P=0, N=0), p_value: 0
2026-04-14 12:54:01,253 - INFO - Regula po iteracji 0: IF  THEN class = {11.78} [3.78, 19.77], (p=232, n=98, P=232, N=98)
2026-04-14 12:54:01,253 - INFO - *****STOP GROWING RR RULE*****
2026-04-14 12:54:01,253 - INFO - ***RR NOT FOUND***
2026-04-14 12:54:01,282 - INFO - Iteracja 1: condition_best: HMDTY <= 76.50, quality_best: 0.543, coverage_best: (p=91, n=19, P=152, N=178)
2026-04-14 12:54:01,282 - INFO - Regula po iteracji 1: IF INVHT >= 3,359.50 AND HMDTY <= 76.50 THEN class = {5.84} [2.51, 9.16], (p=91, n=19, P=152, N=178)
2026-04-14 12:54:01,282 - INFO - *****GROWING RR RULE*****
2026-04-14 12:54:01,411 - INFO - Iteracja 0: condition_best: None, quality_best: -inf, coverage_best: (p=0, n=0, P=0, N=0), p_value: 0
2026-04-14 12:54:01,411 - INFO - Regula po iteracji 0: IF  THEN class = {11.78} [3.78, 19.77], (p=232, n=98, P=232, N=98)
2026-04-14 12:54:01,411 - INFO - *****STOP GROWING RR RULE*****
2026-04-14 12:54:01,411 - INFO - ***RR NOT FOUND***
2026-04-14 12:54:01,439 - INFO - Iteracja 2: condition_best: VDB500HT <= 5,895.00, quality_best: 0.555, coverage_best: (p=91, n=18, P=152, N=178)
2026-04-14 12:54:01,439 - INFO - Regula po iteracji 2: IF INVHT >= 3,359.50 AND HMDTY <= 76.50 AND VDB500HT <= 5,895.00 THEN class = {5.79} [2.49, 9.09], (p=91, n=18, P=152, N=178)
2026-04-14 12:54:01,440 - INFO - *****GROWING RR RULE*****
2026-04-14 12:54:01,568 - INFO - Iteracja 0: condition_best: None, quality_best: -inf, coverage_best: (p=0, n=0, P=0, N=0), p_value: 0
2026-04-14 12:54:01,568 - INFO - Regula po iteracji 0: IF  THEN class = {11.78} [3.78, 19.77], (p=232, n=98, P=232, N=98)
2026-04-14 12:54:01,569 - INFO - *****STOP GROWING RR RULE*****
2026-04-14 12:54:01,569 - INFO - ***RR NOT FOUND***
2026-04-14 12:54:01,596 - INFO - Iteracja 3: condition_best: VZBLTY <= 325.00, quality_best: 0.562, coverage_best: (p=90, n=17, P=152, N=178)
2026-04-14 12:54:01,596 - INFO - Regula po iteracji 3: IF INVHT >= 3,359.50 AND HMDTY <= 76.50 AND VDB500HT <= 5,895.00 AND VZBLTY <= 325.00 THEN class = {5.85} [2.55, 9.15], (p=90, n=17, P=152, N=178)
2026-04-14 12:54:01,596 - INFO - *****GROWING RR RULE*****
2026-04-14 12:54:01,725 - INFO - Iteracja 0: condition_best: None, quality_best: -inf, coverage_best: (p=0, n=0, P=0, N=0), p_value: 0
2026-04-14 12:54:01,725 - INFO - Regula po iteracji 0: IF  THEN class = {11.78} [3.78, 19.77], (p=232, n=98, P=232, N=98)
2026-04-14 12:54:01,725 - INFO - *****STOP GROWING RR RULE*****
2026-04-14 12:54:01,725 - INFO - ***RR NOT FOUND***
2026-04-14 12:54:01,753 - INFO - Iteracja 4: condition_best: SDAFBTMP <= 75.00, quality_best: 0.573, coverage_best: (p=90, n=16, P=152, N=178)
2026-04-14 12:54:01,753 - INFO - Regula po iteracji 4: IF INVHT >= 3,359.50 AND HMDTY <= 76.50 AND VDB500HT <= 5,895.00 AND VZBLTY <= 325.00 AND SDAFBTMP <= 75.00 THEN class = {5.78} [2.54, 9.02], (p=90, n=16, P=152, N=178)
2026-04-14 12:54:01,753 - INFO - *****GROWING RR RULE*****
2026-04-14 12:54:01,881 - INFO - Iteracja 0: condition_best: None, quality_best: -inf, coverage_best: (p=0, n=0, P=0, N=0), p_value: 0
2026-04-14 12:54:01,881 - INFO - Regula po iteracji 0: IF  THEN class = {11.78} [3.78, 19.77], (p=232, n=98, P=232, N=98)
2026-04-14 12:54:01,881 - INFO - *****STOP GROWING RR RULE*****
2026-04-14 12:54:01,881 - INFO - ***RR NOT FOUND***
2026-04-14 12:54:01,881 - INFO - *******STOP GROWING CR RULE*******
2026-04-14 12:54:01,882 - INFO - *******GROWING CR RULE*******
2026-04-14 12:54:01,949 - INFO - Iteracja 0: condition_best: INVTMP <= 59.50, quality_best: 0.506, coverage_best: (p=113, n=33, P=152, N=178)
2026-04-14 12:54:01,949 - INFO - Regula po iteracji 0: IF INVTMP <= 59.50 THEN class = {6.08} [2.93, 9.22], (p=113, n=33, P=152, N=178)
2026-04-14 12:54:01,949 - INFO - *****GROWING RR RULE*****
2026-04-14 12:54:02,077 - INFO - Iteracja 0: condition_best: None, quality_best: -inf, coverage_best: (p=0, n=0, P=0, N=0), p_value: 0
2026-04-14 12:54:02,077 - INFO - Regula po iteracji 0: IF  THEN class = {11.78} [3.78, 19.77], (p=232, n=98, P=232, N=98)
2026-04-14 12:54:02,077 - INFO - *****STOP GROWING RR RULE*****
2026-04-14 12:54:02,077 - INFO - ***RR NOT FOUND***
2026-04-14 12:54:02,110 - INFO - Iteracja 1: condition_best: HMDTY <= 80.50, quality_best: 0.538, coverage_best: (p=110, n=28, P=152, N=178)
2026-04-14 12:54:02,110 - INFO - Regula po iteracji 1: IF INVTMP <= 59.50 AND HMDTY <= 80.50 THEN class = {6.04} [2.99, 9.09], (p=110, n=28, P=152, N=178)
2026-04-14 12:54:02,110 - INFO - *****GROWING RR RULE*****
2026-04-14 12:54:02,239 - INFO - Iteracja 0: condition_best: None, quality_best: -inf, coverage_best: (p=0, n=0, P=0, N=0), p_value: 0
2026-04-14 12:54:02,239 - INFO - Regula po iteracji 0: IF  THEN class = {11.78} [3.78, 19.77], (p=232, n=98, P=232, N=98)
2026-04-14 12:54:02,239 - INFO - *****STOP GROWING RR RULE*****
2026-04-14 12:54:02,239 - INFO - ***RR NOT FOUND***
2026-04-14 12:54:02,270 - INFO - Iteracja 2: condition_best: INVHT >= 557.00, quality_best: 0.552, coverage_best: (p=109, n=26, P=152, N=178)
2026-04-14 12:54:02,270 - INFO - Regula po iteracji 2: IF INVTMP <= 59.50 AND HMDTY <= 80.50 AND INVHT >= 557.00 THEN class = {6.00} [2.98, 9.02], (p=109, n=26, P=152, N=178)
2026-04-14 12:54:02,270 - INFO - *****GROWING RR RULE*****
2026-04-14 12:54:02,399 - INFO - Iteracja 0: condition_best: None, quality_best: -inf, coverage_best: (p=0, n=0, P=0, N=0), p_value: 0
2026-04-14 12:54:02,399 - INFO - Regula po iteracji 0: IF  THEN class = {11.78} [3.78, 19.77], (p=232, n=98, P=232, N=98)
2026-04-14 12:54:02,399 - INFO - *****STOP GROWING RR RULE*****
2026-04-14 12:54:02,399 - INFO - ***RR NOT FOUND***
2026-04-14 12:54:02,430 - INFO - Iteracja 3: condition_best: VDB500HT >= 5,335.00, quality_best: 0.548, coverage_best: (p=108, n=26, P=152, N=178)
2026-04-14 12:54:02,430 - INFO - Regula po iteracji 3: IF INVTMP <= 59.50 AND HMDTY <= 80.50 AND INVHT >= 557.00 AND VDB500HT >= 5,335.00 THEN class = {6.02} [3.00, 9.05], (p=108, n=26, P=152, N=178)
2026-04-14 12:54:02,430 - INFO - *****GROWING RR RULE*****
2026-04-14 12:54:02,558 - INFO - Iteracja 0: condition_best: None, quality_best: -inf, coverage_best: (p=0, n=0, P=0, N=0), p_value: 0
2026-04-14 12:54:02,559 - INFO - Regula po iteracji 0: IF  THEN class = {11.78} [3.78, 19.77], (p=232, n=98, P=232, N=98)
2026-04-14 12:54:02,559 - INFO - *****STOP GROWING RR RULE*****
2026-04-14 12:54:02,559 - INFO - ***RR NOT FOUND***
2026-04-14 12:54:02,589 - INFO - Iteracja 4: condition_best: HMDTY <= 79.00, quality_best: 0.543, coverage_best: (p=107, n=26, P=152, N=178)
2026-04-14 12:54:02,589 - INFO - Regula po iteracji 4: IF INVTMP <= 59.50 AND HMDTY <= 80.50 AND INVHT >= 557.00 AND VDB500HT >= 5,335.00 AND HMDTY <= 79.00 THEN class = {6.03} [3.00, 9.06], (p=107, n=26, P=152, N=178)
2026-04-14 12:54:02,590 - INFO - *****GROWING RR RULE*****
2026-04-14 12:54:02,718 - INFO - Iteracja 0: condition_best: None, quality_best: -inf, coverage_best: (p=0, n=0, P=0, N=0), p_value: 0
2026-04-14 12:54:02,718 - INFO - Regula po iteracji 0: IF  THEN class = {11.78} [3.78, 19.77], (p=232, n=98, P=232, N=98)
2026-04-14 12:54:02,719 - INFO - *****STOP GROWING RR RULE*****
2026-04-14 12:54:02,719 - INFO - ***RR NOT FOUND***
2026-04-14 12:54:02,719 - INFO - *******STOP GROWING CR RULE*******
2026-04-14 12:54:02,719 - INFO - *******GROWING CR RULE*******
2026-04-14 12:54:02,785 - INFO - Iteracja 0: condition_best: SDAFBTMP <= 64.50, quality_best: 0.49, coverage_best: (p=144, n=45, P=165, N=165)
2026-04-14 12:54:02,785 - INFO - Regula po iteracji 0: IF SDAFBTMP <= 64.50 THEN class = {6.80} [2.96, 10.64], (p=144, n=45, P=165, N=165)
2026-04-14 12:54:02,785 - INFO - *****GROWING RR RULE*****
2026-04-14 12:54:02,913 - INFO - Iteracja 0: condition_best: None, quality_best: -inf, coverage_best: (p=0, n=0, P=0, N=0), p_value: 0
2026-04-14 12:54:02,913 - INFO - Regula po iteracji 0: IF  THEN class = {11.78} [3.78, 19.77], (p=232, n=98, P=232, N=98)
2026-04-14 12:54:02,913 - INFO - *****STOP GROWING RR RULE*****
2026-04-14 12:54:02,913 - INFO - ***RR NOT FOUND***
2026-04-14 12:54:02,955 - INFO - Iteracja 1: condition_best: HMDTY <= 76.50, quality_best: 0.53, coverage_best: (p=136, n=36, P=165, N=165)
2026-04-14 12:54:02,955 - INFO - Regula po iteracji 1: IF SDAFBTMP <= 64.50 AND HMDTY <= 76.50 THEN class = {6.72} [2.99, 10.44], (p=136, n=36, P=165, N=165)
2026-04-14 12:54:02,955 - INFO - *****GROWING RR RULE*****
2026-04-14 12:54:03,084 - INFO - Iteracja 0: condition_best: None, quality_best: -inf, coverage_best: (p=0, n=0, P=0, N=0), p_value: 0
2026-04-14 12:54:03,084 - INFO - Regula po iteracji 0: IF  THEN class = {11.78} [3.78, 19.77], (p=232, n=98, P=232, N=98)
2026-04-14 12:54:03,084 - INFO - *****STOP GROWING RR RULE*****
2026-04-14 12:54:03,084 - INFO - ***RR NOT FOUND***
2026-04-14 12:54:03,123 - INFO - Iteracja 2: condition_best: VDB500HT <= 5,885.00, quality_best: 0.539, coverage_best: (p=136, n=35, P=165, N=165)
2026-04-14 12:54:03,123 - INFO - Regula po iteracji 2: IF SDAFBTMP <= 64.50 AND HMDTY <= 76.50 AND VDB500HT <= 5,885.00 THEN class = {6.69} [2.97, 10.41], (p=136, n=35, P=165, N=165)
2026-04-14 12:54:03,123 - INFO - *****GROWING RR RULE*****
2026-04-14 12:54:03,816 - INFO - Iteracja 0: condition_best: None, quality_best: -inf, coverage_best: (p=0, n=0, P=0, N=0), p_value: 0
2026-04-14 12:54:03,816 - INFO - Regula po iteracji 0: IF  THEN class = {11.78} [3.78, 19.77], (p=232, n=98, P=232, N=98)
2026-04-14 12:54:03,816 - INFO - *****STOP GROWING RR RULE*****
2026-04-14 12:54:03,816 - INFO - ***RR NOT FOUND***
2026-04-14 12:54:03,856 - INFO - Iteracja 3: condition_best: VZBLTY >= 4.00, quality_best: 0.543, coverage_best: (p=135, n=34, P=165, N=165)
2026-04-14 12:54:03,856 - INFO - Regula po iteracji 3: IF SDAFBTMP <= 64.50 AND HMDTY <= 76.50 AND VDB500HT <= 5,885.00 AND VZBLTY >= 4.00 THEN class = {6.63} [2.96, 10.30], (p=135, n=34, P=165, N=165)
2026-04-14 12:54:03,856 - INFO - *****GROWING RR RULE*****
2026-04-14 12:54:03,985 - INFO - Iteracja 0: condition_best: None, quality_best: -inf, coverage_best: (p=0, n=0, P=0, N=0), p_value: 0
2026-04-14 12:54:03,985 - INFO - Regula po iteracji 0: IF  THEN class = {11.78} [3.78, 19.77], (p=232, n=98, P=232, N=98)
2026-04-14 12:54:03,985 - INFO - *****STOP GROWING RR RULE*****
2026-04-14 12:54:03,985 - INFO - ***RR NOT FOUND***
2026-04-14 12:54:04,024 - INFO - Iteracja 4: condition_best: DAGPG <= 64.00, quality_best: 0.547, coverage_best: (p=127, n=30, P=165, N=165)
2026-04-14 12:54:04,024 - INFO - Regula po iteracji 4: IF SDAFBTMP <= 64.50 AND HMDTY <= 76.50 AND VDB500HT <= 5,885.00 AND VZBLTY >= 4.00 AND DAGPG <= 64.00 THEN class = {6.71} [2.99, 10.42], (p=127, n=30, P=165, N=165)
2026-04-14 12:54:04,024 - INFO - *****GROWING RR RULE*****
2026-04-14 12:54:04,153 - INFO - Iteracja 0: condition_best: None, quality_best: -inf, coverage_best: (p=0, n=0, P=0, N=0), p_value: 0
2026-04-14 12:54:04,153 - INFO - Regula po iteracji 0: IF  THEN class = {11.78} [3.78, 19.77], (p=232, n=98, P=232, N=98)
2026-04-14 12:54:04,153 - INFO - *****STOP GROWING RR RULE*****
2026-04-14 12:54:04,153 - INFO - ***RR NOT FOUND***
2026-04-14 12:54:04,153 - INFO - *******STOP GROWING CR RULE*******
2026-04-14 12:54:04,154 - INFO - *******GROWING CR RULE*******
2026-04-14 12:54:04,220 - INFO - Iteracja 0: condition_best: HMDTY <= 59.50, quality_best: 0.483, coverage_best: (p=111, n=19, P=202, N=128)
2026-04-14 12:54:04,220 - INFO - Regula po iteracji 0: IF HMDTY <= 59.50 THEN class = {7.85} [2.50, 13.19], (p=111, n=19, P=202, N=128)
2026-04-14 12:54:04,220 - INFO - *****GROWING RR RULE*****
2026-04-14 12:54:04,347 - INFO - Iteracja 0: condition_best: None, quality_best: -inf, coverage_best: (p=0, n=0, P=0, N=0), p_value: 0
2026-04-14 12:54:04,347 - INFO - Regula po iteracji 0: IF  THEN class = {11.78} [3.78, 19.77], (p=232, n=98, P=232, N=98)
2026-04-14 12:54:04,347 - INFO - *****STOP GROWING RR RULE*****
2026-04-14 12:54:04,347 - INFO - ***RR NOT FOUND***
2026-04-14 12:54:04,381 - INFO - Iteracja 1: condition_best: SDAFBTMP <= 68.50, quality_best: 0.545, coverage_best: (p=97, n=16, P=174, N=156)
2026-04-14 12:54:04,381 - INFO - Regula po iteracji 1: IF HMDTY <= 59.50 AND SDAFBTMP <= 68.50 THEN class = {6.84} [2.58, 11.10], (p=97, n=16, P=174, N=156)
2026-04-14 12:54:04,381 - INFO - *****GROWING RR RULE*****
2026-04-14 12:54:04,509 - INFO - Iteracja 0: condition_best: None, quality_best: -inf, coverage_best: (p=0, n=0, P=0, N=0), p_value: 0
2026-04-14 12:54:04,509 - INFO - Regula po iteracji 0: IF  THEN class = {11.78} [3.78, 19.77], (p=232, n=98, P=232, N=98)
2026-04-14 12:54:04,509 - INFO - *****STOP GROWING RR RULE*****
2026-04-14 12:54:04,509 - INFO - ***RR NOT FOUND***
2026-04-14 12:54:04,537 - INFO - Iteracja 2: condition_best: INVHT >= 347.00, quality_best: 0.559, coverage_best: (p=94, n=14, P=174, N=156)
2026-04-14 12:54:04,537 - INFO - Regula po iteracji 2: IF HMDTY <= 59.50 AND SDAFBTMP <= 68.50 AND INVHT >= 347.00 THEN class = {6.90} [2.62, 11.18], (p=94, n=14, P=174, N=156)
2026-04-14 12:54:04,537 - INFO - *****GROWING RR RULE*****
2026-04-14 12:54:04,665 - INFO - Iteracja 0: condition_best: None, quality_best: -inf, coverage_best: (p=0, n=0, P=0, N=0), p_value: 0
2026-04-14 12:54:04,665 - INFO - Regula po iteracji 0: IF  THEN class = {11.78} [3.78, 19.77], (p=232, n=98, P=232, N=98)
2026-04-14 12:54:04,665 - INFO - *****STOP GROWING RR RULE*****
2026-04-14 12:54:04,665 - INFO - ***RR NOT FOUND***
2026-04-14 12:54:04,692 - INFO - Iteracja 3: condition_best: VZBLTY >= 3.00, quality_best: 0.572, coverage_best: (p=94, n=13, P=174, N=156)
2026-04-14 12:54:04,693 - INFO - Regula po iteracji 3: IF HMDTY <= 59.50 AND SDAFBTMP <= 68.50 AND INVHT >= 347.00 AND VZBLTY >= 3.00 THEN class = {6.81} [2.60, 11.02], (p=94, n=13, P=174, N=156)
2026-04-14 12:54:04,693 - INFO - *****GROWING RR RULE*****
2026-04-14 12:54:04,820 - INFO - Iteracja 0: condition_best: None, quality_best: -inf, coverage_best: (p=0, n=0, P=0, N=0), p_value: 0
2026-04-14 12:54:04,820 - INFO - Regula po iteracji 0: IF  THEN class = {11.78} [3.78, 19.77], (p=232, n=98, P=232, N=98)
2026-04-14 12:54:04,820 - INFO - *****STOP GROWING RR RULE*****
2026-04-14 12:54:04,820 - INFO - ***RR NOT FOUND***
2026-04-14 12:54:04,847 - INFO - Iteracja 4: condition_best: DAGPG <= 50.50, quality_best: 0.57, coverage_best: (p=90, n=12, P=174, N=156)
2026-04-14 12:54:04,847 - INFO - Regula po iteracji 4: IF HMDTY <= 59.50 AND SDAFBTMP <= 68.50 AND INVHT >= 347.00 AND VZBLTY >= 3.00 AND DAGPG <= 50.50 THEN class = {6.79} [2.54, 11.05], (p=90, n=12, P=174, N=156)
2026-04-14 12:54:04,848 - INFO - *****GROWING RR RULE*****
2026-04-14 12:54:04,975 - INFO - Iteracja 0: condition_best: None, quality_best: -inf, coverage_best: (p=0, n=0, P=0, N=0), p_value: 0
2026-04-14 12:54:04,975 - INFO - Regula po iteracji 0: IF  THEN class = {11.78} [3.78, 19.77], (p=232, n=98, P=232, N=98)
2026-04-14 12:54:04,975 - INFO - *****STOP GROWING RR RULE*****
2026-04-14 12:54:04,975 - INFO - ***RR NOT FOUND***
2026-04-14 12:54:04,975 - INFO - *******STOP GROWING CR RULE*******
2026-04-14 12:54:04,975 - INFO - *******GROWING CR RULE*******
2026-04-14 12:54:05,041 - INFO - Iteracja 0: condition_best: SDAFBTMP <= 65.50, quality_best: 0.469, coverage_best: (p=148, n=50, P=165, N=165)
2026-04-14 12:54:05,041 - INFO - Regula po iteracji 0: IF SDAFBTMP <= 65.50 THEN class = {6.97} [2.99, 10.96], (p=148, n=50, P=165, N=165)
2026-04-14 12:54:05,041 - INFO - *****GROWING RR RULE*****
2026-04-14 12:54:05,170 - INFO - Iteracja 0: condition_best: None, quality_best: -inf, coverage_best: (p=0, n=0, P=0, N=0), p_value: 0
2026-04-14 12:54:05,170 - INFO - Regula po iteracji 0: IF  THEN class = {11.78} [3.78, 19.77], (p=232, n=98, P=232, N=98)
2026-04-14 12:54:05,170 - INFO - *****STOP GROWING RR RULE*****
2026-04-14 12:54:05,170 - INFO - ***RR NOT FOUND***
2026-04-14 12:54:05,213 - INFO - Iteracja 1: condition_best: VZBLTY >= 35.00, quality_best: 0.513, coverage_best: (p=144, n=42, P=165, N=165)
2026-04-14 12:54:05,213 - INFO - Regula po iteracji 1: IF SDAFBTMP <= 65.50 AND VZBLTY >= 35.00 THEN class = {6.63} [2.92, 10.34], (p=144, n=42, P=165, N=165)
2026-04-14 12:54:05,213 - INFO - *****GROWING RR RULE*****
2026-04-14 12:54:05,341 - INFO - Iteracja 0: condition_best: None, quality_best: -inf, coverage_best: (p=0, n=0, P=0, N=0), p_value: 0
2026-04-14 12:54:05,341 - INFO - Regula po iteracji 0: IF  THEN class = {11.78} [3.78, 19.77], (p=232, n=98, P=232, N=98)
2026-04-14 12:54:05,341 - INFO - *****STOP GROWING RR RULE*****
2026-04-14 12:54:05,341 - INFO - ***RR NOT FOUND***
2026-04-14 12:54:05,381 - INFO - Iteracja 2: condition_best: INVHT >= 368.50, quality_best: 0.53, coverage_best: (p=140, n=38, P=165, N=165)
2026-04-14 12:54:05,381 - INFO - Regula po iteracji 2: IF SDAFBTMP <= 65.50 AND VZBLTY >= 35.00 AND INVHT >= 368.50 THEN class = {6.56} [2.92, 10.20], (p=140, n=38, P=165, N=165)
2026-04-14 12:54:05,381 - INFO - *****GROWING RR RULE*****
2026-04-14 12:54:05,513 - INFO - Iteracja 0: condition_best: None, quality_best: -inf, coverage_best: (p=0, n=0, P=0, N=0), p_value: 0
2026-04-14 12:54:05,513 - INFO - Regula po iteracji 0: IF  THEN class = {11.78} [3.78, 19.77], (p=232, n=98, P=232, N=98)
2026-04-14 12:54:05,513 - INFO - *****STOP GROWING RR RULE*****
2026-04-14 12:54:05,513 - INFO - ***RR NOT FOUND***
2026-04-14 12:54:05,553 - INFO - Iteracja 3: condition_best: VDB500HT <= 5,885.00, quality_best: 0.538, coverage_best: (p=140, n=37, P=165, N=165)
2026-04-14 12:54:05,553 - INFO - Regula po iteracji 3: IF SDAFBTMP <= 65.50 AND VZBLTY >= 35.00 AND INVHT >= 368.50 AND VDB500HT <= 5,885.00 THEN class = {6.54} [2.90, 10.17], (p=140, n=37, P=165, N=165)
2026-04-14 12:54:05,554 - INFO - *****GROWING RR RULE*****
2026-04-14 12:54:05,683 - INFO - Iteracja 0: condition_best: None, quality_best: -inf, coverage_best: (p=0, n=0, P=0, N=0), p_value: 0
2026-04-14 12:54:05,684 - INFO - Regula po iteracji 0: IF  THEN class = {11.78} [3.78, 19.77], (p=232, n=98, P=232, N=98)
2026-04-14 12:54:05,684 - INFO - *****STOP GROWING RR RULE*****
2026-04-14 12:54:05,684 - INFO - ***RR NOT FOUND***
2026-04-14 12:54:05,724 - INFO - Iteracja 4: condition_best: DAGPG <= 64.00, quality_best: 0.55, coverage_best: (p=130, n=31, P=165, N=165)
2026-04-14 12:54:05,724 - INFO - Regula po iteracji 4: IF SDAFBTMP <= 65.50 AND VZBLTY >= 35.00 AND INVHT >= 368.50 AND VDB500HT <= 5,885.00 AND DAGPG <= 64.00 THEN class = {6.68} [3.00, 10.36], (p=130, n=31, P=165, N=165)
2026-04-14 12:54:05,724 - INFO - *****GROWING RR RULE*****
2026-04-14 12:54:05,853 - INFO - Iteracja 0: condition_best: None, quality_best: -inf, coverage_best: (p=0, n=0, P=0, N=0), p_value: 0
2026-04-14 12:54:05,853 - INFO - Regula po iteracji 0: IF  THEN class = {11.78} [3.78, 19.77], (p=232, n=98, P=232, N=98)
2026-04-14 12:54:05,853 - INFO - *****STOP GROWING RR RULE*****
2026-04-14 12:54:05,853 - INFO - ***RR NOT FOUND***
2026-04-14 12:54:05,853 - INFO - *******STOP GROWING CR RULE*******
2026-04-14 12:54:05,854 - INFO - *******GROWING CR RULE*******
2026-04-14 12:54:05,919 - INFO - Iteracja 0: condition_best: SDAFBTMP <= 66.50, quality_best: 0.469, coverage_best: (p=158, n=50, P=174, N=156)
2026-04-14 12:54:05,919 - INFO - Regula po iteracji 0: IF SDAFBTMP <= 66.50 THEN class = {7.31} [2.99, 11.62], (p=158, n=50, P=174, N=156)
2026-04-14 12:54:05,920 - INFO - *****GROWING RR RULE*****
2026-04-14 12:54:06,048 - INFO - Iteracja 0: condition_best: None, quality_best: -inf, coverage_best: (p=0, n=0, P=0, N=0), p_value: 0
2026-04-14 12:54:06,048 - INFO - Regula po iteracji 0: IF  THEN class = {11.78} [3.78, 19.77], (p=232, n=98, P=232, N=98)
2026-04-14 12:54:06,048 - INFO - *****STOP GROWING RR RULE*****
2026-04-14 12:54:06,048 - INFO - ***RR NOT FOUND***
2026-04-14 12:54:06,093 - INFO - Iteracja 1: condition_best: VZBLTY >= 28.50, quality_best: 0.492, coverage_best: (p=154, n=45, P=174, N=156)
2026-04-14 12:54:06,093 - INFO - Regula po iteracji 1: IF SDAFBTMP <= 66.50 AND VZBLTY >= 28.50 THEN class = {7.12} [2.91, 11.34], (p=154, n=45, P=174, N=156)
2026-04-14 12:54:06,093 - INFO - *****GROWING RR RULE*****
2026-04-14 12:54:06,221 - INFO - Iteracja 0: condition_best: None, quality_best: -inf, coverage_best: (p=0, n=0, P=0, N=0), p_value: 0
2026-04-14 12:54:06,222 - INFO - Regula po iteracji 0: IF  THEN class = {11.78} [3.78, 19.77], (p=232, n=98, P=232, N=98)
2026-04-14 12:54:06,222 - INFO - *****STOP GROWING RR RULE*****
2026-04-14 12:54:06,222 - INFO - ***RR NOT FOUND***
2026-04-14 12:54:06,265 - INFO - Iteracja 2: condition_best: INVHT >= 498.50, quality_best: 0.509, coverage_best: (p=146, n=39, P=174, N=156)
2026-04-14 12:54:06,265 - INFO - Regula po iteracji 2: IF SDAFBTMP <= 66.50 AND VZBLTY >= 28.50 AND INVHT >= 498.50 THEN class = {6.95} [2.88, 11.01], (p=146, n=39, P=174, N=156)
2026-04-14 12:54:06,265 - INFO - *****GROWING RR RULE*****
2026-04-14 12:54:06,393 - INFO - Iteracja 0: condition_best: None, quality_best: -inf, coverage_best: (p=0, n=0, P=0, N=0), p_value: 0
2026-04-14 12:54:06,393 - INFO - Regula po iteracji 0: IF  THEN class = {11.78} [3.78, 19.77], (p=232, n=98, P=232, N=98)
2026-04-14 12:54:06,393 - INFO - *****STOP GROWING RR RULE*****
2026-04-14 12:54:06,393 - INFO - ***RR NOT FOUND***
2026-04-14 12:54:06,434 - INFO - Iteracja 3: condition_best: DAGPG <= 56.50, quality_best: 0.527, coverage_best: (p=130, n=30, P=174, N=156)
2026-04-14 12:54:06,434 - INFO - Regula po iteracji 3: IF SDAFBTMP <= 66.50 AND VZBLTY >= 28.50 AND INVHT >= 498.50 AND DAGPG <= 56.50 THEN class = {7.06} [2.96, 11.15], (p=130, n=30, P=174, N=156)
2026-04-14 12:54:06,435 - INFO - *****GROWING RR RULE*****
2026-04-14 12:54:06,563 - INFO - Iteracja 0: condition_best: None, quality_best: -inf, coverage_best: (p=0, n=0, P=0, N=0), p_value: 0
2026-04-14 12:54:06,563 - INFO - Regula po iteracji 0: IF  THEN class = {11.78} [3.78, 19.77], (p=232, n=98, P=232, N=98)
2026-04-14 12:54:06,563 - INFO - *****STOP GROWING RR RULE*****
2026-04-14 12:54:06,563 - INFO - ***RR NOT FOUND***
2026-04-14 12:54:06,601 - INFO - Iteracja 4: condition_best: INVHT >= 593.50, quality_best: 0.532, coverage_best: (p=124, n=27, P=174, N=156)
2026-04-14 12:54:06,601 - INFO - Regula po iteracji 4: IF SDAFBTMP <= 66.50 AND VZBLTY >= 28.50 AND INVHT >= 498.50 AND DAGPG <= 56.50 AND INVHT >= 593.50 THEN class = {6.95} [2.86, 11.03], (p=124, n=27, P=174, N=156)
2026-04-14 12:54:06,601 - INFO - *****GROWING RR RULE*****
2026-04-14 12:54:06,730 - INFO - Iteracja 0: condition_best: None, quality_best: -inf, coverage_best: (p=0, n=0, P=0, N=0), p_value: 0
2026-04-14 12:54:06,730 - INFO - Regula po iteracji 0: IF  THEN class = {11.78} [3.78, 19.77], (p=232, n=98, P=232, N=98)
2026-04-14 12:54:06,730 - INFO - *****STOP GROWING RR RULE*****
2026-04-14 12:54:06,730 - INFO - ***RR NOT FOUND***
2026-04-14 12:54:06,730 - INFO - *******STOP GROWING CR RULE*******
2026-04-14 12:54:06,731 - INFO - *******GROWING CR RULE*******
2026-04-14 12:54:06,796 - INFO - Iteracja 0: condition_best: INVTMP >= 91.50, quality_best: 0.667, coverage_best: (p=1, n=0, P=3, N=327)
2026-04-14 12:54:06,796 - INFO - Regula po iteracji 0: IF INVTMP >= 91.50 THEN class = {27.00} [27.00, 27.00], (p=1, n=0, P=3, N=327)
2026-04-14 12:54:06,796 - INFO - *****GROWING RR RULE*****
2026-04-14 12:54:06,922 - INFO - Iteracja 0: condition_best: None, quality_best: -inf, coverage_best: (p=0, n=0, P=0, N=0), p_value: 0
2026-04-14 12:54:06,923 - INFO - Regula po iteracji 0: IF  THEN class = {11.78} [3.78, 19.77], (p=232, n=98, P=232, N=98)
2026-04-14 12:54:06,923 - INFO - *****STOP GROWING RR RULE*****
2026-04-14 12:54:06,923 - INFO - ***RR NOT FOUND***
2026-04-14 12:54:06,923 - INFO - Iteracja 1: condition_best: None, quality_best: -inf, coverage_best: (p=0, n=0, P=0, N=0)
2026-04-14 12:54:06,923 - INFO - Regula po iteracji 1: IF INVTMP >= 91.50 THEN class = {27.00} [27.00, 27.00], (p=1, n=0, P=3, N=327)
2026-04-14 12:54:06,923 - INFO - *******STOP GROWING CR RULE*******
2026-04-14 12:54:06,923 - INFO - *******GROWING CR RULE*******
2026-04-14 12:54:06,989 - INFO - Iteracja 0: condition_best: INVTMP >= 91.50, quality_best: 0.667, coverage_best: (p=1, n=0, P=3, N=327)
2026-04-14 12:54:06,989 - INFO - Regula po iteracji 0: IF INVTMP >= 91.50 THEN class = {27.00} [27.00, 27.00], (p=1, n=0, P=3, N=327)
2026-04-14 12:54:06,989 - INFO - *****GROWING RR RULE*****
2026-04-14 12:54:07,115 - INFO - Iteracja 0: condition_best: None, quality_best: -inf, coverage_best: (p=0, n=0, P=0, N=0), p_value: 0
2026-04-14 12:54:07,116 - INFO - Regula po iteracji 0: IF  THEN class = {11.78} [3.78, 19.77], (p=232, n=98, P=232, N=98)
2026-04-14 12:54:07,116 - INFO - *****STOP GROWING RR RULE*****
2026-04-14 12:54:07,116 - INFO - ***RR NOT FOUND***
2026-04-14 12:54:07,116 - INFO - Iteracja 1: condition_best: None, quality_best: -inf, coverage_best: (p=0, n=0, P=0, N=0)
2026-04-14 12:54:07,116 - INFO - Regula po iteracji 1: IF INVTMP >= 91.50 THEN class = {27.00} [27.00, 27.00], (p=1, n=0, P=3, N=327)
2026-04-14 12:54:07,116 - INFO - *******STOP GROWING CR RULE*******
2026-04-14 12:54:07,123 - INFO - ************************Finished experiment for ozone.arff with algorithm************************
2026-04-14 12:54:07,123 - INFO - *************************************************************************************************************************
2026-04-14 12:54:07,123 - INFO - *************************************************************************************************************************
2026-04-14 12:54:07,123 - INFO - *************************************************************************************************************************
