2026-04-14 12:22:19,396 - INFO - **********Starting experiment for mortgage.arff with algorithm_rulekit**********
2026-04-14 12:22:20,774 - INFO - ************************Finished experiment for mortgage.arff with algorithm_rulekit************************
2026-04-14 12:22:20,775 - INFO - *************************************************************************************************************************
2026-04-14 12:22:20,775 - INFO - *************************************************************************************************************************
2026-04-14 12:22:20,775 - INFO - *************************************************************************************************************************
2026-04-14 12:22:20,775 - INFO - **********Starting experiment for mortgage.arff with algorithm_rer**********
2026-04-14 12:22:20,790 - INFO - *******GROWING CR RULE*******
2026-04-14 12:22:22,824 - INFO - Iteracja 0: condition_best: 3M-Rate-SecondaryMarket <= 4.49, quality_best: 0.821, coverage_best: (p=98, n=16, P=102, N=632)
2026-04-14 12:22:22,824 - INFO - Regula po iteracji 0: IF 3M-Rate-SecondaryMarket <= 4.49 THEN class = {4.09} [3.26, 4.93], (p=98, n=16, P=102, N=632)
2026-04-14 12:22:23,003 - INFO - Iteracja 1: condition_best: currency <= 3,185.00, quality_best: 0.903, coverage_best: (p=78, n=3, P=88, N=646)
2026-04-14 12:22:23,003 - INFO - Regula po iteracji 1: IF 3M-Rate-SecondaryMarket <= 4.49 AND currency <= 3,185.00 THEN class = {3.80} [3.02, 4.59], (p=78, n=3, P=88, N=646)
2026-04-14 12:22:23,117 - INFO - Iteracja 2: condition_best: currency <= 3,179.00, quality_best: 0.898, coverage_best: (p=77, n=3, P=88, N=646)
2026-04-14 12:22:23,117 - INFO - Regula po iteracji 2: IF 3M-Rate-SecondaryMarket <= 4.49 AND currency <= 3,185.00 AND currency <= 3,179.00 THEN class = {3.79} [3.01, 4.58], (p=77, n=3, P=88, N=646)
2026-04-14 12:22:23,226 - INFO - Iteracja 3: condition_best: 1MonthCDRate >= 3.05, quality_best: 0.892, coverage_best: (p=76, n=3, P=88, N=646)
2026-04-14 12:22:23,226 - INFO - Regula po iteracji 3: IF 3M-Rate-SecondaryMarket <= 4.49 AND currency <= 3,185.00 AND currency <= 3,179.00 AND 1MonthCDRate >= 3.05 THEN class = {3.80} [3.01, 4.59], (p=76, n=3, P=88, N=646)
2026-04-14 12:22:23,335 - INFO - Iteracja 4: condition_best: currency <= 3,172.55, quality_best: 0.886, coverage_best: (p=75, n=3, P=88, N=646)
2026-04-14 12:22:23,336 - INFO - Regula po iteracji 4: IF 3M-Rate-SecondaryMarket <= 4.49 AND currency <= 3,185.00 AND currency <= 3,179.00 AND 1MonthCDRate >= 3.05 AND currency <= 3,172.55 THEN class = {3.79} [3.00, 4.59], (p=75, n=3, P=88, N=646)
2026-04-14 12:22:23,336 - INFO - *******STOP GROWING CR RULE*******
2026-04-14 12:22:23,340 - INFO - *******GROWING CR RULE*******
2026-04-14 12:22:25,055 - INFO - Iteracja 0: condition_best: 3M-Rate-SecondaryMarket <= 4.49, quality_best: 0.821, coverage_best: (p=98, n=16, P=102, N=632)
2026-04-14 12:22:25,055 - INFO - Regula po iteracji 0: IF 3M-Rate-SecondaryMarket <= 4.49 THEN class = {4.09} [3.26, 4.93], (p=98, n=16, P=102, N=632)
2026-04-14 12:22:25,214 - INFO - Iteracja 1: condition_best: checkableDeposits <= 1,129.10, quality_best: 0.903, coverage_best: (p=87, n=3, P=99, N=635)
2026-04-14 12:22:25,215 - INFO - Regula po iteracji 1: IF 3M-Rate-SecondaryMarket <= 4.49 AND checkableDeposits <= 1,129.10 THEN class = {3.95} [3.15, 4.76], (p=87, n=3, P=99, N=635)
2026-04-14 12:22:25,336 - INFO - Iteracja 2: condition_best: 3Y-CMaturityRate >= 2.90, quality_best: 0.913, coverage_best: (p=85, n=1, P=100, N=634)
2026-04-14 12:22:25,336 - INFO - Regula po iteracji 2: IF 3M-Rate-SecondaryMarket <= 4.49 AND checkableDeposits <= 1,129.10 AND 3Y-CMaturityRate >= 2.90 THEN class = {3.99} [3.18, 4.79], (p=85, n=1, P=100, N=634)
2026-04-14 12:22:25,452 - INFO - Iteracja 3: condition_best: 1Y-CMaturityRate >= 80.49, quality_best: 0.907, coverage_best: (p=84, n=1, P=100, N=634)
2026-04-14 12:22:25,452 - INFO - Regula po iteracji 3: IF 3M-Rate-SecondaryMarket <= 4.49 AND checkableDeposits <= 1,129.10 AND 3Y-CMaturityRate >= 2.90 AND 1Y-CMaturityRate >= 80.49 THEN class = {3.99} [3.19, 4.80], (p=84, n=1, P=100, N=634)
2026-04-14 12:22:25,568 - INFO - Iteracja 4: condition_best: 1Y-CMaturityRate >= 81.40, quality_best: 0.902, coverage_best: (p=83, n=1, P=100, N=634)
2026-04-14 12:22:25,568 - INFO - Regula po iteracji 4: IF 3M-Rate-SecondaryMarket <= 4.49 AND checkableDeposits <= 1,129.10 AND 3Y-CMaturityRate >= 2.90 AND 1Y-CMaturityRate >= 80.49 AND 1Y-CMaturityRate >= 81.40 THEN class = {4.00} [3.19, 4.81], (p=83, n=1, P=100, N=634)
2026-04-14 12:22:25,568 - INFO - *******STOP GROWING CR RULE*******
2026-04-14 12:22:25,572 - INFO - *******GROWING CR RULE*******
2026-04-14 12:22:27,268 - INFO - Iteracja 0: condition_best: 3M-Rate-SecondaryMarket <= 4.49, quality_best: 0.821, coverage_best: (p=98, n=16, P=102, N=632)
2026-04-14 12:22:27,268 - INFO - Regula po iteracji 0: IF 3M-Rate-SecondaryMarket <= 4.49 THEN class = {4.09} [3.26, 4.93], (p=98, n=16, P=102, N=632)
2026-04-14 12:22:27,424 - INFO - Iteracja 1: condition_best: checkableDeposits <= 1,143.25, quality_best: 0.903, coverage_best: (p=97, n=8, P=99, N=635)
2026-04-14 12:22:27,424 - INFO - Regula po iteracji 1: IF 3M-Rate-SecondaryMarket <= 4.49 AND checkableDeposits <= 1,143.25 THEN class = {3.99} [3.21, 4.78], (p=97, n=8, P=99, N=635)
2026-04-14 12:22:27,565 - INFO - Iteracja 2: condition_best: 3Y-CMaturityRate >= 2.90, quality_best: 0.933, coverage_best: (p=96, n=5, P=98, N=636)
2026-04-14 12:22:27,565 - INFO - Regula po iteracji 2: IF 3M-Rate-SecondaryMarket <= 4.49 AND checkableDeposits <= 1,143.25 AND 3Y-CMaturityRate >= 2.90 THEN class = {4.03} [3.24, 4.81], (p=96, n=5, P=98, N=636)
2026-04-14 12:22:27,701 - INFO - Iteracja 3: condition_best: bankCredit >= 4.20, quality_best: 0.928, coverage_best: (p=95, n=5, P=98, N=636)
2026-04-14 12:22:27,701 - INFO - Regula po iteracji 3: IF 3M-Rate-SecondaryMarket <= 4.49 AND checkableDeposits <= 1,143.25 AND 3Y-CMaturityRate >= 2.90 AND bankCredit >= 4.20 THEN class = {4.03} [3.24, 4.82], (p=95, n=5, P=98, N=636)
2026-04-14 12:22:27,836 - INFO - Iteracja 4: condition_best: 1Y-CMaturityRate >= 80.49, quality_best: 0.918, coverage_best: (p=94, n=5, P=99, N=635)
2026-04-14 12:22:27,836 - INFO - Regula po iteracji 4: IF 3M-Rate-SecondaryMarket <= 4.49 AND checkableDeposits <= 1,143.25 AND 3Y-CMaturityRate >= 2.90 AND bankCredit >= 4.20 AND 1Y-CMaturityRate >= 80.49 THEN class = {4.03} [3.24, 4.82], (p=94, n=5, P=99, N=635)
2026-04-14 12:22:27,836 - INFO - *******STOP GROWING CR RULE*******
2026-04-14 12:22:27,841 - INFO - *******GROWING CR RULE*******
2026-04-14 12:22:29,541 - INFO - Iteracja 0: condition_best: 3M-Rate-SecondaryMarket <= 4.49, quality_best: 0.821, coverage_best: (p=98, n=16, P=102, N=632)
2026-04-14 12:22:29,541 - INFO - Regula po iteracji 0: IF 3M-Rate-SecondaryMarket <= 4.49 THEN class = {4.09} [3.26, 4.93], (p=98, n=16, P=102, N=632)
2026-04-14 12:22:29,696 - INFO - Iteracja 1: condition_best: checkableDeposits <= 1,145.40, quality_best: 0.864, coverage_best: (p=97, n=12, P=99, N=635)
2026-04-14 12:22:29,696 - INFO - Regula po iteracji 1: IF 3M-Rate-SecondaryMarket <= 4.49 AND checkableDeposits <= 1,145.40 THEN class = {4.04} [3.23, 4.84], (p=97, n=12, P=99, N=635)
2026-04-14 12:22:29,840 - INFO - Iteracja 2: condition_best: 3Y-CMaturityRate >= 2.86, quality_best: 0.883, coverage_best: (p=97, n=10, P=99, N=635)
2026-04-14 12:22:29,840 - INFO - Regula po iteracji 2: IF 3M-Rate-SecondaryMarket <= 4.49 AND checkableDeposits <= 1,145.40 AND 3Y-CMaturityRate >= 2.86 THEN class = {4.05} [3.25, 4.86], (p=97, n=10, P=99, N=635)
2026-04-14 12:22:29,983 - INFO - Iteracja 3: condition_best: 1Y-CMaturityRate >= 80.49, quality_best: 0.877, coverage_best: (p=96, n=10, P=99, N=635)
2026-04-14 12:22:29,983 - INFO - Regula po iteracji 3: IF 3M-Rate-SecondaryMarket <= 4.49 AND checkableDeposits <= 1,145.40 AND 3Y-CMaturityRate >= 2.86 AND 1Y-CMaturityRate >= 80.49 THEN class = {4.06} [3.25, 4.86], (p=96, n=10, P=99, N=635)
2026-04-14 12:22:30,673 - INFO - Iteracja 4: condition_best: 1Y-CMaturityRate >= 81.40, quality_best: 0.872, coverage_best: (p=95, n=10, P=99, N=635)
2026-04-14 12:22:30,673 - INFO - Regula po iteracji 4: IF 3M-Rate-SecondaryMarket <= 4.49 AND checkableDeposits <= 1,145.40 AND 3Y-CMaturityRate >= 2.86 AND 1Y-CMaturityRate >= 80.49 AND 1Y-CMaturityRate >= 81.40 THEN class = {4.06} [3.26, 4.87], (p=95, n=10, P=99, N=635)
2026-04-14 12:22:30,673 - INFO - *******STOP GROWING CR RULE*******
2026-04-14 12:22:30,678 - INFO - *******GROWING CR RULE*******
2026-04-14 12:22:32,381 - INFO - Iteracja 0: condition_best: 3M-Rate-SecondaryMarket <= 4.49, quality_best: 0.821, coverage_best: (p=98, n=16, P=102, N=632)
2026-04-14 12:22:32,382 - INFO - Regula po iteracji 0: IF 3M-Rate-SecondaryMarket <= 4.49 THEN class = {4.09} [3.26, 4.93], (p=98, n=16, P=102, N=632)
2026-04-14 12:22:32,538 - INFO - Iteracja 1: condition_best: 3Y-CMaturityRate >= 2.90, quality_best: 0.837, coverage_best: (p=97, n=13, P=103, N=631)
2026-04-14 12:22:32,538 - INFO - Regula po iteracji 1: IF 3M-Rate-SecondaryMarket <= 4.49 AND 3Y-CMaturityRate >= 2.90 THEN class = {4.13} [3.30, 4.95], (p=97, n=13, P=103, N=631)
2026-04-14 12:22:32,686 - INFO - Iteracja 2: condition_best: 3M-Rate-SecondaryMarket >= 2.91, quality_best: 0.832, coverage_best: (p=96, n=13, P=103, N=631)
2026-04-14 12:22:32,686 - INFO - Regula po iteracji 2: IF 3M-Rate-SecondaryMarket <= 4.49 AND 3Y-CMaturityRate >= 2.90 AND 3M-Rate-SecondaryMarket >= 2.91 THEN class = {4.13} [3.31, 4.96], (p=96, n=13, P=103, N=631)
2026-04-14 12:22:32,833 - INFO - Iteracja 3: condition_best: demandDeposits <= 479.10, quality_best: 0.841, coverage_best: (p=96, n=12, P=103, N=631)
2026-04-14 12:22:32,833 - INFO - Regula po iteracji 3: IF 3M-Rate-SecondaryMarket <= 4.49 AND 3Y-CMaturityRate >= 2.90 AND 3M-Rate-SecondaryMarket >= 2.91 AND demandDeposits <= 479.10 THEN class = {4.13} [3.30, 4.96], (p=96, n=12, P=103, N=631)
2026-04-14 12:22:32,980 - INFO - Iteracja 4: condition_best: 3M-Rate-SecondaryMarket <= 4.47, quality_best: 0.836, coverage_best: (p=95, n=12, P=103, N=631)
2026-04-14 12:22:32,980 - INFO - Regula po iteracji 4: IF 3M-Rate-SecondaryMarket <= 4.49 AND 3Y-CMaturityRate >= 2.90 AND 3M-Rate-SecondaryMarket >= 2.91 AND demandDeposits <= 479.10 AND 3M-Rate-SecondaryMarket <= 4.47 THEN class = {4.12} [3.29, 4.95], (p=95, n=12, P=103, N=631)
2026-04-14 12:22:32,980 - INFO - *******STOP GROWING CR RULE*******
2026-04-14 12:22:32,985 - INFO - *******GROWING CR RULE*******
2026-04-14 12:22:34,685 - INFO - Iteracja 0: condition_best: 3M-Rate-SecondaryMarket <= 4.58, quality_best: 0.788, coverage_best: (p=101, n=21, P=104, N=630)
2026-04-14 12:22:34,685 - INFO - Regula po iteracji 0: IF 3M-Rate-SecondaryMarket <= 4.58 THEN class = {4.15} [3.32, 4.99], (p=101, n=21, P=104, N=630)
2026-04-14 12:22:34,852 - INFO - Iteracja 1: condition_best: checkableDeposits <= 1,137.95, quality_best: 0.862, coverage_best: (p=94, n=10, P=100, N=634)
2026-04-14 12:22:34,852 - INFO - Regula po iteracji 1: IF 3M-Rate-SecondaryMarket <= 4.58 AND checkableDeposits <= 1,137.95 THEN class = {4.00} [3.21, 4.80], (p=94, n=10, P=100, N=634)
2026-04-14 12:22:34,991 - INFO - Iteracja 2: condition_best: 3Y-CMaturityRate >= 2.90, quality_best: 0.891, coverage_best: (p=93, n=7, P=99, N=635)
2026-04-14 12:22:34,991 - INFO - Regula po iteracji 2: IF 3M-Rate-SecondaryMarket <= 4.58 AND checkableDeposits <= 1,137.95 AND 3Y-CMaturityRate >= 2.90 THEN class = {4.04} [3.24, 4.83], (p=93, n=7, P=99, N=635)
2026-04-14 12:22:35,125 - INFO - Iteracja 3: condition_best: 3M-Rate-SecondaryMarket <= 4.55, quality_best: 0.896, coverage_best: (p=92, n=6, P=99, N=635)
2026-04-14 12:22:35,126 - INFO - Regula po iteracji 3: IF 3M-Rate-SecondaryMarket <= 4.58 AND checkableDeposits <= 1,137.95 AND 3Y-CMaturityRate >= 2.90 AND 3M-Rate-SecondaryMarket <= 4.55 THEN class = {4.02} [3.22, 4.81], (p=92, n=6, P=99, N=635)
2026-04-14 12:22:35,259 - INFO - Iteracja 4: condition_best: 1Y-CMaturityRate >= 81.40, quality_best: 0.902, coverage_best: (p=91, n=5, P=99, N=635)
2026-04-14 12:22:35,259 - INFO - Regula po iteracji 4: IF 3M-Rate-SecondaryMarket <= 4.58 AND checkableDeposits <= 1,137.95 AND 3Y-CMaturityRate >= 2.90 AND 3M-Rate-SecondaryMarket <= 4.55 AND 1Y-CMaturityRate >= 81.40 THEN class = {4.03} [3.23, 4.83], (p=91, n=5, P=99, N=635)
2026-04-14 12:22:35,259 - INFO - *******STOP GROWING CR RULE*******
2026-04-14 12:22:35,263 - INFO - *******GROWING CR RULE*******
2026-04-14 12:22:36,962 - INFO - Iteracja 0: condition_best: 3M-Rate-SecondaryMarket <= 4.61, quality_best: 0.752, coverage_best: (p=100, n=25, P=104, N=630)
2026-04-14 12:22:36,962 - INFO - Regula po iteracji 0: IF 3M-Rate-SecondaryMarket <= 4.61 THEN class = {4.18} [3.33, 5.03], (p=100, n=25, P=104, N=630)
2026-04-14 12:22:37,132 - INFO - Iteracja 1: condition_best: loansLeases <= 796.65, quality_best: 0.777, coverage_best: (p=89, n=14, P=105, N=629)
2026-04-14 12:22:37,132 - INFO - Regula po iteracji 1: IF 3M-Rate-SecondaryMarket <= 4.61 AND loansLeases <= 796.65 THEN class = {4.11} [3.26, 4.96], (p=89, n=14, P=105, N=629)
2026-04-14 12:22:37,273 - INFO - Iteracja 2: condition_best: 3Y-CMaturityRate >= 2.90, quality_best: 0.811, coverage_best: (p=89, n=10, P=106, N=628)
2026-04-14 12:22:37,273 - INFO - Regula po iteracji 2: IF 3M-Rate-SecondaryMarket <= 4.61 AND loansLeases <= 796.65 AND 3Y-CMaturityRate >= 2.90 THEN class = {4.15} [3.30, 5.00], (p=89, n=10, P=106, N=628)
2026-04-14 12:22:37,407 - INFO - Iteracja 3: condition_best: demandDeposits <= 488.95, quality_best: 0.825, coverage_best: (p=89, n=9, P=105, N=629)
2026-04-14 12:22:37,407 - INFO - Regula po iteracji 3: IF 3M-Rate-SecondaryMarket <= 4.61 AND loansLeases <= 796.65 AND 3Y-CMaturityRate >= 2.90 AND demandDeposits <= 488.95 THEN class = {4.14} [3.29, 4.99], (p=89, n=9, P=105, N=629)
2026-04-14 12:22:37,540 - INFO - Iteracja 4: condition_best: 3M-Rate-SecondaryMarket >= 2.91, quality_best: 0.831, coverage_best: (p=89, n=8, P=106, N=628)
2026-04-14 12:22:37,540 - INFO - Regula po iteracji 4: IF 3M-Rate-SecondaryMarket <= 4.61 AND loansLeases <= 796.65 AND 3Y-CMaturityRate >= 2.90 AND demandDeposits <= 488.95 AND 3M-Rate-SecondaryMarket >= 2.91 THEN class = {4.15} [3.30, 4.99], (p=89, n=8, P=106, N=628)
2026-04-14 12:22:37,540 - INFO - *******STOP GROWING CR RULE*******
2026-04-14 12:22:37,544 - INFO - *******GROWING CR RULE*******
2026-04-14 12:22:39,779 - INFO - Iteracja 0: condition_best: 1MonthCDRate >= 12.54, quality_best: 0.727, coverage_best: (p=53, n=18, P=53, N=681)
2026-04-14 12:22:39,779 - INFO - Regula po iteracji 0: IF 1MonthCDRate >= 12.54 THEN class = {14.63} [13.46, 15.80], (p=53, n=18, P=53, N=681)
2026-04-14 12:22:39,888 - INFO - Iteracja 1: condition_best: 3Y-CMaturityRate <= 14.54, quality_best: 0.751, coverage_best: (p=40, n=10, P=44, N=690)
2026-04-14 12:22:39,888 - INFO - Regula po iteracji 1: IF 1MonthCDRate >= 12.54 AND 3Y-CMaturityRate <= 14.54 THEN class = {14.18} [13.19, 15.18], (p=40, n=10, P=44, N=690)
2026-04-14 12:22:39,961 - INFO - Iteracja 2: condition_best: 3M-Rate-AuctionAverage <= 18.58, quality_best: 0.768, coverage_best: (p=40, n=9, P=44, N=690)
2026-04-14 12:22:39,961 - INFO - Regula po iteracji 2: IF 1MonthCDRate >= 12.54 AND 3Y-CMaturityRate <= 14.54 AND 3M-Rate-AuctionAverage <= 18.58 THEN class = {14.15} [13.17, 15.14], (p=40, n=9, P=44, N=690)
2026-04-14 12:22:40,029 - INFO - Iteracja 3: condition_best: 3M-Rate-AuctionAverage <= 18.48, quality_best: 0.764, coverage_best: (p=39, n=9, P=43, N=691)
2026-04-14 12:22:40,030 - INFO - Regula po iteracji 3: IF 1MonthCDRate >= 12.54 AND 3Y-CMaturityRate <= 14.54 AND 3M-Rate-AuctionAverage <= 18.58 AND 3M-Rate-AuctionAverage <= 18.48 THEN class = {14.13} [13.15, 15.12], (p=39, n=9, P=43, N=691)
2026-04-14 12:22:40,097 - INFO - Iteracja 4: condition_best: demandDeposits >= 107.50, quality_best: 0.768, coverage_best: (p=38, n=8, P=43, N=691)
2026-04-14 12:22:40,097 - INFO - Regula po iteracji 4: IF 1MonthCDRate >= 12.54 AND 3Y-CMaturityRate <= 14.54 AND 3M-Rate-AuctionAverage <= 18.58 AND 3M-Rate-AuctionAverage <= 18.48 AND demandDeposits >= 107.50 THEN class = {14.16} [13.19, 15.13], (p=38, n=8, P=43, N=691)
2026-04-14 12:22:40,097 - INFO - *******STOP GROWING CR RULE*******
2026-04-14 12:22:40,102 - INFO - *******GROWING CR RULE*******
2026-04-14 12:22:41,786 - INFO - Iteracja 0: condition_best: 1MonthCDRate >= 12.54, quality_best: 0.727, coverage_best: (p=53, n=18, P=53, N=681)
2026-04-14 12:22:41,786 - INFO - Regula po iteracji 0: IF 1MonthCDRate >= 12.54 THEN class = {14.63} [13.46, 15.80], (p=53, n=18, P=53, N=681)
2026-04-14 12:22:41,886 - INFO - Iteracja 1: condition_best: 5Y-CMaturityRate <= 15.57, quality_best: 0.745, coverage_best: (p=48, n=15, P=48, N=686)
2026-04-14 12:22:41,886 - INFO - Regula po iteracji 1: IF 1MonthCDRate >= 12.54 AND 5Y-CMaturityRate <= 15.57 THEN class = {14.41} [13.37, 15.45], (p=48, n=15, P=48, N=686)
2026-04-14 12:22:41,975 - INFO - Iteracja 2: condition_best: demandDeposits >= 108.00, quality_best: 0.782, coverage_best: (p=45, n=11, P=46, N=688)
2026-04-14 12:22:41,975 - INFO - Regula po iteracji 2: IF 1MonthCDRate >= 12.54 AND 5Y-CMaturityRate <= 15.57 AND demandDeposits >= 108.00 THEN class = {14.37} [13.37, 15.37], (p=45, n=11, P=46, N=688)
2026-04-14 12:22:42,053 - INFO - Iteracja 3: condition_best: 1MonthCDRate <= 20.00, quality_best: 0.797, coverage_best: (p=45, n=10, P=46, N=688)
2026-04-14 12:22:42,053 - INFO - Regula po iteracji 3: IF 1MonthCDRate >= 12.54 AND 5Y-CMaturityRate <= 15.57 AND demandDeposits >= 108.00 AND 1MonthCDRate <= 20.00 THEN class = {14.35} [13.35, 15.34], (p=45, n=10, P=46, N=688)
2026-04-14 12:22:42,130 - INFO - Iteracja 4: condition_best: 1MonthCDRate >= 12.61, quality_best: 0.813, coverage_best: (p=45, n=9, P=46, N=688)
2026-04-14 12:22:42,130 - INFO - Regula po iteracji 4: IF 1MonthCDRate >= 12.54 AND 5Y-CMaturityRate <= 15.57 AND demandDeposits >= 108.00 AND 1MonthCDRate <= 20.00 AND 1MonthCDRate >= 12.61 THEN class = {14.39} [13.42, 15.35], (p=45, n=9, P=46, N=688)
2026-04-14 12:22:42,130 - INFO - *******STOP GROWING CR RULE*******
2026-04-14 12:22:42,134 - INFO - *******GROWING CR RULE*******
2026-04-14 12:22:43,806 - INFO - Iteracja 0: condition_best: 1MonthCDRate >= 12.54, quality_best: 0.727, coverage_best: (p=53, n=18, P=53, N=681)
2026-04-14 12:22:43,806 - INFO - Regula po iteracji 0: IF 1MonthCDRate >= 12.54 THEN class = {14.63} [13.46, 15.80], (p=53, n=18, P=53, N=681)
2026-04-14 12:22:43,905 - INFO - Iteracja 1: condition_best: 5Y-CMaturityRate <= 15.57, quality_best: 0.745, coverage_best: (p=48, n=15, P=48, N=686)
2026-04-14 12:22:43,905 - INFO - Regula po iteracji 1: IF 1MonthCDRate >= 12.54 AND 5Y-CMaturityRate <= 15.57 THEN class = {14.41} [13.37, 15.45], (p=48, n=15, P=48, N=686)
2026-04-14 12:22:43,992 - INFO - Iteracja 2: condition_best: currency >= 1,153.00, quality_best: 0.772, coverage_best: (p=48, n=13, P=48, N=686)
2026-04-14 12:22:43,992 - INFO - Regula po iteracji 2: IF 1MonthCDRate >= 12.54 AND 5Y-CMaturityRate <= 15.57 AND currency >= 1,153.00 THEN class = {14.46} [13.45, 15.47], (p=48, n=13, P=48, N=686)
2026-04-14 12:22:44,076 - INFO - Iteracja 3: condition_best: 3M-Rate-AuctionAverage >= 14.04, quality_best: 0.783, coverage_best: (p=47, n=12, P=47, N=687)
2026-04-14 12:22:44,076 - INFO - Regula po iteracji 3: IF 1MonthCDRate >= 12.54 AND 5Y-CMaturityRate <= 15.57 AND currency >= 1,153.00 AND 3M-Rate-AuctionAverage >= 14.04 THEN class = {14.47} [13.50, 15.45], (p=47, n=12, P=47, N=687)
2026-04-14 12:22:44,158 - INFO - Iteracja 4: condition_best: currency <= 1,384.15, quality_best: 0.779, coverage_best: (p=46, n=12, P=46, N=688)
2026-04-14 12:22:44,158 - INFO - Regula po iteracji 4: IF 1MonthCDRate >= 12.54 AND 5Y-CMaturityRate <= 15.57 AND currency >= 1,153.00 AND 3M-Rate-AuctionAverage >= 14.04 AND currency <= 1,384.15 THEN class = {14.49} [13.52, 15.46], (p=46, n=12, P=46, N=688)
2026-04-14 12:22:44,158 - INFO - *******STOP GROWING CR RULE*******
2026-04-14 12:22:44,162 - INFO - *******GROWING CR RULE*******
2026-04-14 12:22:45,838 - INFO - Iteracja 0: condition_best: 1MonthCDRate >= 12.54, quality_best: 0.727, coverage_best: (p=53, n=18, P=53, N=681)
2026-04-14 12:22:45,838 - INFO - Regula po iteracji 0: IF 1MonthCDRate >= 12.54 THEN class = {14.63} [13.46, 15.80], (p=53, n=18, P=53, N=681)
2026-04-14 12:22:45,937 - INFO - Iteracja 1: condition_best: 5Y-CMaturityRate <= 15.98, quality_best: 0.728, coverage_best: (p=50, n=17, P=50, N=684)
2026-04-14 12:22:45,937 - INFO - Regula po iteracji 1: IF 1MonthCDRate >= 12.54 AND 5Y-CMaturityRate <= 15.98 THEN class = {14.51} [13.42, 15.61], (p=50, n=17, P=50, N=684)
2026-04-14 12:22:46,029 - INFO - Iteracja 2: condition_best: checkableDeposits >= 382.90, quality_best: 0.74, coverage_best: (p=50, n=16, P=50, N=684)
2026-04-14 12:22:46,029 - INFO - Regula po iteracji 2: IF 1MonthCDRate >= 12.54 AND 5Y-CMaturityRate <= 15.98 AND checkableDeposits >= 382.90 THEN class = {14.53} [13.44, 15.62], (p=50, n=16, P=50, N=684)
2026-04-14 12:22:46,120 - INFO - Iteracja 3: condition_best: 5Y-CMaturityRate <= 15.93, quality_best: 0.752, coverage_best: (p=50, n=15, P=50, N=684)
2026-04-14 12:22:46,120 - INFO - Regula po iteracji 3: IF 1MonthCDRate >= 12.54 AND 5Y-CMaturityRate <= 15.98 AND checkableDeposits >= 382.90 AND 5Y-CMaturityRate <= 15.93 THEN class = {14.51} [13.42, 15.59], (p=50, n=15, P=50, N=684)
2026-04-14 12:22:46,210 - INFO - Iteracja 4: condition_best: 3M-Rate-SecondaryMarket <= 15.82, quality_best: 0.751, coverage_best: (p=46, n=14, P=46, N=688)
2026-04-14 12:22:46,210 - INFO - Regula po iteracji 4: IF 1MonthCDRate >= 12.54 AND 5Y-CMaturityRate <= 15.98 AND checkableDeposits >= 382.90 AND 5Y-CMaturityRate <= 15.93 AND 3M-Rate-SecondaryMarket <= 15.82 THEN class = {14.38} [13.36, 15.39], (p=46, n=14, P=46, N=688)
2026-04-14 12:22:46,210 - INFO - *******STOP GROWING CR RULE*******
2026-04-14 12:22:46,214 - INFO - *******GROWING CR RULE*******
2026-04-14 12:22:47,868 - INFO - Iteracja 0: condition_best: 3M-Rate-SecondaryMarket <= 4.62, quality_best: 0.718, coverage_best: (p=101, n=28, P=109, N=625)
2026-04-14 12:22:47,868 - INFO - Regula po iteracji 0: IF 3M-Rate-SecondaryMarket <= 4.62 THEN class = {4.22} [3.36, 5.09], (p=101, n=28, P=109, N=625)
2026-04-14 12:22:48,043 - INFO - Iteracja 1: condition_best: bankCredit >= 4.20, quality_best: 0.712, coverage_best: (p=100, n=28, P=109, N=625)
2026-04-14 12:22:48,043 - INFO - Regula po iteracji 1: IF 3M-Rate-SecondaryMarket <= 4.62 AND bankCredit >= 4.20 THEN class = {4.22} [3.35, 5.10], (p=100, n=28, P=109, N=625)
2026-04-14 12:22:48,216 - INFO - Iteracja 2: condition_best: 5Y-CMaturityRate >= 4.17, quality_best: 0.712, coverage_best: (p=98, n=27, P=108, N=626)
2026-04-14 12:22:48,216 - INFO - Regula po iteracji 2: IF 3M-Rate-SecondaryMarket <= 4.62 AND bankCredit >= 4.20 AND 5Y-CMaturityRate >= 4.17 THEN class = {4.25} [3.38, 5.12], (p=98, n=27, P=108, N=626)
2026-04-14 12:22:48,386 - INFO - Iteracja 3: condition_best: 1MonthCDRate >= 3.05, quality_best: 0.719, coverage_best: (p=98, n=26, P=108, N=626)
2026-04-14 12:22:48,386 - INFO - Regula po iteracji 3: IF 3M-Rate-SecondaryMarket <= 4.62 AND bankCredit >= 4.20 AND 5Y-CMaturityRate >= 4.17 AND 1MonthCDRate >= 3.05 THEN class = {4.25} [3.39, 5.12], (p=98, n=26, P=108, N=626)
2026-04-14 12:22:48,557 - INFO - Iteracja 4: condition_best: 3M-Rate-AuctionAverage >= 6.70, quality_best: 0.718, coverage_best: (p=97, n=25, P=109, N=625)
2026-04-14 12:22:48,557 - INFO - Regula po iteracji 4: IF 3M-Rate-SecondaryMarket <= 4.62 AND bankCredit >= 4.20 AND 5Y-CMaturityRate >= 4.17 AND 1MonthCDRate >= 3.05 AND 3M-Rate-AuctionAverage >= 6.70 THEN class = {4.25} [3.38, 5.13], (p=97, n=25, P=109, N=625)
2026-04-14 12:22:48,557 - INFO - *******STOP GROWING CR RULE*******
2026-04-14 12:22:48,561 - INFO - *******GROWING CR RULE*******
2026-04-14 12:22:50,755 - INFO - Iteracja 0: condition_best: 3M-Rate-SecondaryMarket >= 11.14, quality_best: 0.705, coverage_best: (p=52, n=19, P=53, N=681)
2026-04-14 12:22:50,755 - INFO - Regula po iteracji 0: IF 3M-Rate-SecondaryMarket >= 11.14 THEN class = {14.62} [13.45, 15.79], (p=52, n=19, P=53, N=681)
2026-04-14 12:22:50,856 - INFO - Iteracja 1: condition_best: 3M-Rate-AuctionAverage >= 13.66, quality_best: 0.705, coverage_best: (p=50, n=19, P=50, N=684)
2026-04-14 12:22:50,856 - INFO - Regula po iteracji 1: IF 3M-Rate-SecondaryMarket >= 11.14 AND 3M-Rate-AuctionAverage >= 13.66 THEN class = {14.69} [13.57, 15.80], (p=50, n=19, P=50, N=684)
2026-04-14 12:22:50,973 - INFO - Iteracja 2: condition_best: currency <= 1,384.15, quality_best: 0.716, coverage_best: (p=50, n=18, P=50, N=684)
2026-04-14 12:22:50,973 - INFO - Regula po iteracji 2: IF 3M-Rate-SecondaryMarket >= 11.14 AND 3M-Rate-AuctionAverage >= 13.66 AND currency <= 1,384.15 THEN class = {14.71} [13.59, 15.82], (p=50, n=18, P=50, N=684)
2026-04-14 12:22:51,066 - INFO - Iteracja 3: condition_best: 3Y-CMaturityRate <= 16.68, quality_best: 0.728, coverage_best: (p=50, n=17, P=50, N=684)
2026-04-14 12:22:51,066 - INFO - Regula po iteracji 3: IF 3M-Rate-SecondaryMarket >= 11.14 AND 3M-Rate-AuctionAverage >= 13.66 AND currency <= 1,384.15 AND 3Y-CMaturityRate <= 16.68 THEN class = {14.68} [13.58, 15.77], (p=50, n=17, P=50, N=684)
2026-04-14 12:22:51,160 - INFO - Iteracja 4: condition_best: currency >= 1,155.20, quality_best: 0.728, coverage_best: (p=49, n=16, P=50, N=684)
2026-04-14 12:22:51,160 - INFO - Regula po iteracji 4: IF 3M-Rate-SecondaryMarket >= 11.14 AND 3M-Rate-AuctionAverage >= 13.66 AND currency <= 1,384.15 AND 3Y-CMaturityRate <= 16.68 AND currency >= 1,155.20 THEN class = {14.68} [13.59, 15.77], (p=49, n=16, P=50, N=684)
2026-04-14 12:22:51,160 - INFO - *******STOP GROWING CR RULE*******
2026-04-14 12:22:51,164 - INFO - *******GROWING CR RULE*******
2026-04-14 12:22:52,828 - INFO - Iteracja 0: condition_best: moneyStock >= 12.20, quality_best: 0.695, coverage_best: (p=56, n=22, P=56, N=678)
2026-04-14 12:22:52,829 - INFO - Regula po iteracji 0: IF moneyStock >= 12.20 THEN class = {14.37} [12.95, 15.78], (p=56, n=22, P=56, N=678)
2026-04-14 12:22:52,937 - INFO - Iteracja 1: condition_best: 3M-Rate-AuctionAverage >= 13.89, quality_best: 0.722, coverage_best: (p=55, n=19, P=55, N=679)
2026-04-14 12:22:52,937 - INFO - Regula po iteracji 1: IF moneyStock >= 12.20 AND 3M-Rate-AuctionAverage >= 13.89 THEN class = {14.49} [13.14, 15.84], (p=55, n=19, P=55, N=679)
2026-04-14 12:22:53,038 - INFO - Iteracja 2: condition_best: 5Y-CMaturityRate <= 15.53, quality_best: 0.752, coverage_best: (p=50, n=15, P=50, N=684)
2026-04-14 12:22:53,038 - INFO - Regula po iteracji 2: IF moneyStock >= 12.20 AND 3M-Rate-AuctionAverage >= 13.89 AND 5Y-CMaturityRate <= 15.53 THEN class = {14.23} [13.00, 15.46], (p=50, n=15, P=50, N=684)
2026-04-14 12:22:53,128 - INFO - Iteracja 3: condition_best: demandDeposits >= 107.65, quality_best: 0.778, coverage_best: (p=48, n=12, P=49, N=685)
2026-04-14 12:22:53,128 - INFO - Regula po iteracji 3: IF moneyStock >= 12.20 AND 3M-Rate-AuctionAverage >= 13.89 AND 5Y-CMaturityRate <= 15.53 AND demandDeposits >= 107.65 THEN class = {14.13} [12.91, 15.34], (p=48, n=12, P=49, N=685)
2026-04-14 12:22:53,210 - INFO - Iteracja 4: condition_best: 3M-Rate-SecondaryMarket <= 16.55, quality_best: 0.771, coverage_best: (p=46, n=12, P=47, N=687)
2026-04-14 12:22:53,210 - INFO - Regula po iteracji 4: IF moneyStock >= 12.20 AND 3M-Rate-AuctionAverage >= 13.89 AND 5Y-CMaturityRate <= 15.53 AND demandDeposits >= 107.65 AND 3M-Rate-SecondaryMarket <= 16.55 THEN class = {14.08} [12.87, 15.29], (p=46, n=12, P=47, N=687)
2026-04-14 12:22:53,210 - INFO - *******STOP GROWING CR RULE*******
2026-04-14 12:22:53,214 - INFO - *******GROWING CR RULE*******
2026-04-14 12:22:54,872 - INFO - Iteracja 0: condition_best: 3M-Rate-SecondaryMarket <= 4.67, quality_best: 0.685, coverage_best: (p=101, n=33, P=109, N=625)
2026-04-14 12:22:54,873 - INFO - Regula po iteracji 0: IF 3M-Rate-SecondaryMarket <= 4.67 THEN class = {4.26} [3.39, 5.13], (p=101, n=33, P=109, N=625)
2026-04-14 12:22:55,055 - INFO - Iteracja 1: condition_best: checkableDeposits <= 1,152.50, quality_best: 0.711, coverage_best: (p=101, n=30, P=107, N=627)
2026-04-14 12:22:55,055 - INFO - Regula po iteracji 1: IF 3M-Rate-SecondaryMarket <= 4.67 AND checkableDeposits <= 1,152.50 THEN class = {4.23} [3.37, 5.08], (p=101, n=30, P=107, N=627)
2026-04-14 12:22:55,232 - INFO - Iteracja 2: condition_best: loansLeases <= 797.30, quality_best: 0.717, coverage_best: (p=91, n=20, P=111, N=623)
2026-04-14 12:22:55,232 - INFO - Regula po iteracji 2: IF 3M-Rate-SecondaryMarket <= 4.67 AND checkableDeposits <= 1,152.50 AND loansLeases <= 797.30 THEN class = {4.19} [3.32, 5.07], (p=91, n=20, P=111, N=623)
2026-04-14 12:22:55,383 - INFO - Iteracja 3: condition_best: 3M-Rate-AuctionAverage >= 6.72, quality_best: 0.732, coverage_best: (p=91, n=17, P=114, N=620)
2026-04-14 12:22:55,383 - INFO - Regula po iteracji 3: IF 3M-Rate-SecondaryMarket <= 4.67 AND checkableDeposits <= 1,152.50 AND loansLeases <= 797.30 AND 3M-Rate-AuctionAverage >= 6.72 THEN class = {4.18} [3.30, 5.07], (p=91, n=17, P=114, N=620)
2026-04-14 12:22:55,530 - INFO - Iteracja 4: condition_best: 1MonthCDRate >= 3.05, quality_best: 0.73, coverage_best: (p=90, n=17, P=113, N=621)
2026-04-14 12:22:55,530 - INFO - Regula po iteracji 4: IF 3M-Rate-SecondaryMarket <= 4.67 AND checkableDeposits <= 1,152.50 AND loansLeases <= 797.30 AND 3M-Rate-AuctionAverage >= 6.72 AND 1MonthCDRate >= 3.05 THEN class = {4.19} [3.31, 5.08], (p=90, n=17, P=113, N=621)
2026-04-14 12:22:55,531 - INFO - *******STOP GROWING CR RULE*******
2026-04-14 12:22:55,534 - INFO - *******GROWING CR RULE*******
2026-04-14 12:22:57,187 - INFO - Iteracja 0: condition_best: federalFunds >= 384.95, quality_best: 0.685, coverage_best: (p=134, n=21, P=197, N=537)
2026-04-14 12:22:57,187 - INFO - Regula po iteracji 0: IF federalFunds >= 384.95 THEN class = {5.41} [4.87, 5.94], (p=134, n=21, P=197, N=537)
2026-04-14 12:22:57,417 - INFO - Iteracja 1: condition_best: loansLeases <= 800.20, quality_best: 0.715, coverage_best: (p=132, n=17, P=191, N=543)
2026-04-14 12:22:57,417 - INFO - Regula po iteracji 1: IF federalFunds >= 384.95 AND loansLeases <= 800.20 THEN class = {5.46} [4.97, 5.94], (p=132, n=17, P=191, N=543)
2026-04-14 12:22:57,623 - INFO - Iteracja 2: condition_best: 5Y-CMaturityRate <= 6.45, quality_best: 0.734, coverage_best: (p=117, n=10, P=183, N=551)
2026-04-14 12:22:57,623 - INFO - Regula po iteracji 2: IF federalFunds >= 384.95 AND loansLeases <= 800.20 AND 5Y-CMaturityRate <= 6.45 THEN class = {5.39} [4.90, 5.87], (p=117, n=10, P=183, N=551)
2026-04-14 12:22:57,797 - INFO - Iteracja 3: condition_best: 1MonthCDRate <= 5.98, quality_best: 0.74, coverage_best: (p=117, n=9, P=184, N=550)
2026-04-14 12:22:57,797 - INFO - Regula po iteracji 3: IF federalFunds >= 384.95 AND loansLeases <= 800.20 AND 5Y-CMaturityRate <= 6.45 AND 1MonthCDRate <= 5.98 THEN class = {5.38} [4.90, 5.87], (p=117, n=9, P=184, N=550)
2026-04-14 12:22:57,969 - INFO - Iteracja 4: condition_best: 1MonthCDRate <= 5.95, quality_best: 0.737, coverage_best: (p=116, n=9, P=184, N=550)
2026-04-14 12:22:57,969 - INFO - Regula po iteracji 4: IF federalFunds >= 384.95 AND loansLeases <= 800.20 AND 5Y-CMaturityRate <= 6.45 AND 1MonthCDRate <= 5.98 AND 1MonthCDRate <= 5.95 THEN class = {5.38} [4.90, 5.87], (p=116, n=9, P=184, N=550)
2026-04-14 12:22:57,969 - INFO - *******STOP GROWING CR RULE*******
2026-04-14 12:22:57,973 - INFO - *******GROWING CR RULE*******
2026-04-14 12:23:00,112 - INFO - Iteracja 0: condition_best: federalFunds >= 384.95, quality_best: 0.685, coverage_best: (p=134, n=21, P=197, N=537)
2026-04-14 12:23:00,112 - INFO - Regula po iteracji 0: IF federalFunds >= 384.95 THEN class = {5.41} [4.87, 5.94], (p=134, n=21, P=197, N=537)
2026-04-14 12:23:00,315 - INFO - Iteracja 1: condition_best: loansLeases <= 800.20, quality_best: 0.715, coverage_best: (p=132, n=17, P=191, N=543)
2026-04-14 12:23:00,315 - INFO - Regula po iteracji 1: IF federalFunds >= 384.95 AND loansLeases <= 800.20 THEN class = {5.46} [4.97, 5.94], (p=132, n=17, P=191, N=543)
2026-04-14 12:23:00,507 - INFO - Iteracja 2: condition_best: 5Y-CMaturityRate <= 6.53, quality_best: 0.727, coverage_best: (p=121, n=12, P=185, N=549)
2026-04-14 12:23:00,507 - INFO - Regula po iteracji 2: IF federalFunds >= 384.95 AND loansLeases <= 800.20 AND 5Y-CMaturityRate <= 6.53 THEN class = {5.40} [4.92, 5.88], (p=121, n=12, P=185, N=549)
2026-04-14 12:23:00,675 - INFO - Iteracja 3: condition_best: loansLeases <= 800.05, quality_best: 0.732, coverage_best: (p=119, n=12, P=179, N=555)
2026-04-14 12:23:00,675 - INFO - Regula po iteracji 3: IF federalFunds >= 384.95 AND loansLeases <= 800.20 AND 5Y-CMaturityRate <= 6.53 AND loansLeases <= 800.05 THEN class = {5.43} [4.98, 5.87], (p=119, n=12, P=179, N=555)
2026-04-14 12:23:00,841 - INFO - Iteracja 4: condition_best: 5Y-CMaturityRate <= 6.51, quality_best: 0.734, coverage_best: (p=118, n=11, P=180, N=554)
2026-04-14 12:23:00,841 - INFO - Regula po iteracji 4: IF federalFunds >= 384.95 AND loansLeases <= 800.20 AND 5Y-CMaturityRate <= 6.53 AND loansLeases <= 800.05 AND 5Y-CMaturityRate <= 6.51 THEN class = {5.42} [4.98, 5.87], (p=118, n=11, P=180, N=554)
2026-04-14 12:23:00,841 - INFO - *******STOP GROWING CR RULE*******
2026-04-14 12:23:00,844 - INFO - *******GROWING CR RULE*******
2026-04-14 12:23:02,440 - INFO - Iteracja 0: condition_best: federalFunds >= 384.95, quality_best: 0.685, coverage_best: (p=134, n=21, P=197, N=537)
2026-04-14 12:23:02,440 - INFO - Regula po iteracji 0: IF federalFunds >= 384.95 THEN class = {5.41} [4.87, 5.94], (p=134, n=21, P=197, N=537)
2026-04-14 12:23:02,640 - INFO - Iteracja 1: condition_best: loansLeases <= 800.20, quality_best: 0.715, coverage_best: (p=132, n=17, P=191, N=543)
2026-04-14 12:23:02,640 - INFO - Regula po iteracji 1: IF federalFunds >= 384.95 AND loansLeases <= 800.20 THEN class = {5.46} [4.97, 5.94], (p=132, n=17, P=191, N=543)
2026-04-14 12:23:02,830 - INFO - Iteracja 2: condition_best: 3M-Rate-AuctionAverage <= 8.79, quality_best: 0.727, coverage_best: (p=129, n=15, P=187, N=547)
2026-04-14 12:23:02,830 - INFO - Regula po iteracji 2: IF federalFunds >= 384.95 AND loansLeases <= 800.20 AND 3M-Rate-AuctionAverage <= 8.79 THEN class = {5.43} [4.96, 5.91], (p=129, n=15, P=187, N=547)
2026-04-14 12:23:03,013 - INFO - Iteracja 3: condition_best: loansLeases <= 800.05, quality_best: 0.727, coverage_best: (p=126, n=16, P=178, N=556)
2026-04-14 12:23:03,013 - INFO - Regula po iteracji 3: IF federalFunds >= 384.95 AND loansLeases <= 800.20 AND 3M-Rate-AuctionAverage <= 8.79 AND loansLeases <= 800.05 THEN class = {5.45} [5.01, 5.89], (p=126, n=16, P=178, N=556)
2026-04-14 12:23:03,196 - INFO - Iteracja 4: condition_best: federalFunds <= 411.75, quality_best: 0.734, coverage_best: (p=126, n=15, P=178, N=556)
2026-04-14 12:23:03,196 - INFO - Regula po iteracji 4: IF federalFunds >= 384.95 AND loansLeases <= 800.20 AND 3M-Rate-AuctionAverage <= 8.79 AND loansLeases <= 800.05 AND federalFunds <= 411.75 THEN class = {5.45} [5.01, 5.89], (p=126, n=15, P=178, N=556)
2026-04-14 12:23:03,196 - INFO - *******STOP GROWING CR RULE*******
2026-04-14 12:23:03,199 - INFO - *******GROWING CR RULE*******
2026-04-14 12:23:04,794 - INFO - Iteracja 0: condition_best: federalFunds >= 384.95, quality_best: 0.685, coverage_best: (p=134, n=21, P=197, N=537)
2026-04-14 12:23:04,794 - INFO - Regula po iteracji 0: IF federalFunds >= 384.95 THEN class = {5.41} [4.87, 5.94], (p=134, n=21, P=197, N=537)
2026-04-14 12:23:04,995 - INFO - Iteracja 1: condition_best: loansLeases <= 800.20, quality_best: 0.715, coverage_best: (p=132, n=17, P=191, N=543)
2026-04-14 12:23:04,996 - INFO - Regula po iteracji 1: IF federalFunds >= 384.95 AND loansLeases <= 800.20 THEN class = {5.46} [4.97, 5.94], (p=132, n=17, P=191, N=543)
2026-04-14 12:23:05,188 - INFO - Iteracja 2: condition_best: checkableDeposits <= 1,153.40, quality_best: 0.712, coverage_best: (p=130, n=17, P=189, N=545)
2026-04-14 12:23:05,188 - INFO - Regula po iteracji 2: IF federalFunds >= 384.95 AND loansLeases <= 800.20 AND checkableDeposits <= 1,153.40 THEN class = {5.45} [4.96, 5.94], (p=130, n=17, P=189, N=545)
2026-04-14 12:23:05,377 - INFO - Iteracja 3: condition_best: 3M-Rate-AuctionAverage >= 6.92, quality_best: 0.716, coverage_best: (p=130, n=16, P=191, N=543)
2026-04-14 12:23:05,377 - INFO - Regula po iteracji 3: IF federalFunds >= 384.95 AND loansLeases <= 800.20 AND checkableDeposits <= 1,153.40 AND 3M-Rate-AuctionAverage >= 6.92 THEN class = {5.45} [4.97, 5.94], (p=130, n=16, P=191, N=543)
2026-04-14 12:23:05,567 - INFO - Iteracja 4: condition_best: 1MonthCDRate <= 5.98, quality_best: 0.713, coverage_best: (p=129, n=16, P=191, N=543)
2026-04-14 12:23:05,568 - INFO - Regula po iteracji 4: IF federalFunds >= 384.95 AND loansLeases <= 800.20 AND checkableDeposits <= 1,153.40 AND 3M-Rate-AuctionAverage >= 6.92 AND 1MonthCDRate <= 5.98 THEN class = {5.45} [4.96, 5.94], (p=129, n=16, P=191, N=543)
2026-04-14 12:23:05,568 - INFO - *******STOP GROWING CR RULE*******
2026-04-14 12:23:05,571 - INFO - *******GROWING CR RULE*******
2026-04-14 12:23:07,177 - INFO - Iteracja 0: condition_best: 5Y-CMaturityRate >= 13.25, quality_best: 0.672, coverage_best: (p=49, n=19, P=53, N=681)
2026-04-14 12:23:07,177 - INFO - Regula po iteracji 0: IF 5Y-CMaturityRate >= 13.25 THEN class = {14.64} [13.45, 15.83], (p=49, n=19, P=53, N=681)
2026-04-14 12:23:07,274 - INFO - Iteracja 1: condition_best: 5Y-CMaturityRate <= 15.57, quality_best: 0.685, coverage_best: (p=44, n=16, P=48, N=686)
2026-04-14 12:23:07,274 - INFO - Regula po iteracji 1: IF 5Y-CMaturityRate >= 13.25 AND 5Y-CMaturityRate <= 15.57 THEN class = {14.41} [13.35, 15.46], (p=44, n=16, P=48, N=686)
2026-04-14 12:23:07,355 - INFO - Iteracja 2: condition_best: tradeCurrencies >= 341.90, quality_best: 0.703, coverage_best: (p=41, n=13, P=46, N=688)
2026-04-14 12:23:07,355 - INFO - Regula po iteracji 2: IF 5Y-CMaturityRate >= 13.25 AND 5Y-CMaturityRate <= 15.57 AND tradeCurrencies >= 341.90 THEN class = {14.36} [13.35, 15.38], (p=41, n=13, P=46, N=688)
2026-04-14 12:23:07,429 - INFO - Iteracja 3: condition_best: 1MonthCDRate <= 19.70, quality_best: 0.717, coverage_best: (p=41, n=12, P=46, N=688)
2026-04-14 12:23:07,429 - INFO - Regula po iteracji 3: IF 5Y-CMaturityRate >= 13.25 AND 5Y-CMaturityRate <= 15.57 AND tradeCurrencies >= 341.90 AND 1MonthCDRate <= 19.70 THEN class = {14.34} [13.33, 15.36], (p=41, n=12, P=46, N=688)
2026-04-14 12:23:07,501 - INFO - Iteracja 4: condition_best: 5Y-CMaturityRate <= 15.43, quality_best: 0.707, coverage_best: (p=39, n=12, P=44, N=690)
2026-04-14 12:23:07,501 - INFO - Regula po iteracji 4: IF 5Y-CMaturityRate >= 13.25 AND 5Y-CMaturityRate <= 15.57 AND tradeCurrencies >= 341.90 AND 1MonthCDRate <= 19.70 AND 5Y-CMaturityRate <= 15.43 THEN class = {14.29} [13.30, 15.28], (p=39, n=12, P=44, N=690)
2026-04-14 12:23:07,501 - INFO - *******STOP GROWING CR RULE*******
2026-04-14 12:23:07,504 - INFO - *******GROWING CR RULE*******
2026-04-14 12:23:09,609 - INFO - Iteracja 0: condition_best: federalFunds >= 384.15, quality_best: 0.669, coverage_best: (p=138, n=23, P=206, N=528)
2026-04-14 12:23:09,609 - INFO - Regula po iteracji 0: IF federalFunds >= 384.15 THEN class = {5.45} [4.87, 6.04], (p=138, n=23, P=206, N=528)
2026-04-14 12:23:09,820 - INFO - Iteracja 1: condition_best: loansLeases <= 798.95, quality_best: 0.713, coverage_best: (p=127, n=18, P=180, N=554)
2026-04-14 12:23:09,820 - INFO - Regula po iteracji 1: IF federalFunds >= 384.15 AND loansLeases <= 798.95 THEN class = {5.58} [5.16, 5.99], (p=127, n=18, P=180, N=554)
2026-04-14 12:23:10,005 - INFO - Iteracja 2: condition_best: 5Y-CMaturityRate >= 5.53, quality_best: 0.721, coverage_best: (p=109, n=15, P=155, N=579)
2026-04-14 12:23:10,005 - INFO - Regula po iteracji 2: IF federalFunds >= 384.15 AND loansLeases <= 798.95 AND 5Y-CMaturityRate >= 5.53 THEN class = {5.66} [5.34, 5.99], (p=109, n=15, P=155, N=579)
2026-04-14 12:23:10,167 - INFO - Iteracja 3: condition_best: moneyStock >= 4.64, quality_best: 0.759, coverage_best: (p=106, n=10, P=151, N=583)
2026-04-14 12:23:10,167 - INFO - Regula po iteracji 3: IF federalFunds >= 384.15 AND loansLeases <= 798.95 AND 5Y-CMaturityRate >= 5.53 AND moneyStock >= 4.64 THEN class = {5.68} [5.37, 6.00], (p=106, n=10, P=151, N=583)
2026-04-14 12:23:10,316 - INFO - Iteracja 4: condition_best: federalFunds <= 411.75, quality_best: 0.757, coverage_best: (p=105, n=10, P=150, N=584)
2026-04-14 12:23:10,316 - INFO - Regula po iteracji 4: IF federalFunds >= 384.15 AND loansLeases <= 798.95 AND 5Y-CMaturityRate >= 5.53 AND moneyStock >= 4.64 AND federalFunds <= 411.75 THEN class = {5.68} [5.36, 6.00], (p=105, n=10, P=150, N=584)
2026-04-14 12:23:10,316 - INFO - *******STOP GROWING CR RULE*******
2026-04-14 12:23:10,319 - INFO - *******GROWING CR RULE*******
2026-04-14 12:23:11,912 - INFO - Iteracja 0: condition_best: moneyStock >= 10.19, quality_best: 0.659, coverage_best: (p=72, n=32, P=72, N=662)
2026-04-14 12:23:11,913 - INFO - Regula po iteracji 0: IF moneyStock >= 10.19 THEN class = {13.67} [11.88, 15.46], (p=72, n=32, P=72, N=662)
2026-04-14 12:23:12,066 - INFO - Iteracja 1: condition_best: 1MonthCDRate <= 15.48, quality_best: 0.722, coverage_best: (p=56, n=17, P=60, N=674)
2026-04-14 12:23:12,066 - INFO - Regula po iteracji 1: IF moneyStock >= 10.19 AND 1MonthCDRate <= 15.48 THEN class = {12.94} [11.38, 14.50], (p=56, n=17, P=60, N=674)
2026-04-14 12:23:12,171 - INFO - Iteracja 2: condition_best: 3M-Rate-AuctionAverage <= 18.58, quality_best: 0.724, coverage_best: (p=55, n=17, P=58, N=676)
2026-04-14 12:23:12,171 - INFO - Regula po iteracji 2: IF moneyStock >= 10.19 AND 1MonthCDRate <= 15.48 AND 3M-Rate-AuctionAverage <= 18.58 THEN class = {12.91} [11.36, 14.45], (p=55, n=17, P=58, N=676)
2026-04-14 12:23:12,273 - INFO - Iteracja 3: condition_best: moneyStock >= 10.55, quality_best: 0.73, coverage_best: (p=52, n=14, P=58, N=676)
2026-04-14 12:23:12,273 - INFO - Regula po iteracji 3: IF moneyStock >= 10.19 AND 1MonthCDRate <= 15.48 AND 3M-Rate-AuctionAverage <= 18.58 AND moneyStock >= 10.55 THEN class = {13.06} [11.56, 14.57], (p=52, n=14, P=58, N=676)
2026-04-14 12:23:12,366 - INFO - Iteracja 4: condition_best: 3M-Rate-AuctionAverage <= 18.38, quality_best: 0.758, coverage_best: (p=51, n=12, P=56, N=678)
2026-04-14 12:23:12,367 - INFO - Regula po iteracji 4: IF moneyStock >= 10.19 AND 1MonthCDRate <= 15.48 AND 3M-Rate-AuctionAverage <= 18.58 AND moneyStock >= 10.55 AND 3M-Rate-AuctionAverage <= 18.38 THEN class = {12.96} [11.49, 14.43], (p=51, n=12, P=56, N=678)
2026-04-14 12:23:12,367 - INFO - *******STOP GROWING CR RULE*******
2026-04-14 12:23:12,369 - INFO - *******GROWING CR RULE*******
2026-04-14 12:23:13,959 - INFO - Iteracja 0: condition_best: moneyStock >= 10.19, quality_best: 0.659, coverage_best: (p=72, n=32, P=72, N=662)
2026-04-14 12:23:13,959 - INFO - Regula po iteracji 0: IF moneyStock >= 10.19 THEN class = {13.67} [11.88, 15.46], (p=72, n=32, P=72, N=662)
2026-04-14 12:23:14,109 - INFO - Iteracja 1: condition_best: 1MonthCDRate <= 15.48, quality_best: 0.722, coverage_best: (p=56, n=17, P=60, N=674)
2026-04-14 12:23:14,109 - INFO - Regula po iteracji 1: IF moneyStock >= 10.19 AND 1MonthCDRate <= 15.48 THEN class = {12.94} [11.38, 14.50], (p=56, n=17, P=60, N=674)
2026-04-14 12:23:14,211 - INFO - Iteracja 2: condition_best: 3M-Rate-AuctionAverage <= 18.58, quality_best: 0.724, coverage_best: (p=55, n=17, P=58, N=676)
2026-04-14 12:23:14,211 - INFO - Regula po iteracji 2: IF moneyStock >= 10.19 AND 1MonthCDRate <= 15.48 AND 3M-Rate-AuctionAverage <= 18.58 THEN class = {12.91} [11.36, 14.45], (p=55, n=17, P=58, N=676)
2026-04-14 12:23:14,311 - INFO - Iteracja 3: condition_best: 3M-Rate-AuctionAverage <= 18.48, quality_best: 0.721, coverage_best: (p=54, n=17, P=57, N=677)
2026-04-14 12:23:14,312 - INFO - Regula po iteracji 3: IF moneyStock >= 10.19 AND 1MonthCDRate <= 15.48 AND 3M-Rate-AuctionAverage <= 18.58 AND 3M-Rate-AuctionAverage <= 18.48 THEN class = {12.87} [11.35, 14.40], (p=54, n=17, P=57, N=677)
2026-04-14 12:23:14,413 - INFO - Iteracja 4: condition_best: tradeCurrencies >= 175.75, quality_best: 0.747, coverage_best: (p=55, n=15, P=58, N=676)
2026-04-14 12:23:14,413 - INFO - Regula po iteracji 4: IF moneyStock >= 10.19 AND 1MonthCDRate <= 15.48 AND 3M-Rate-AuctionAverage <= 18.58 AND 3M-Rate-AuctionAverage <= 18.48 AND tradeCurrencies >= 175.75 THEN class = {12.90} [11.38, 14.42], (p=55, n=15, P=58, N=676)
2026-04-14 12:23:14,413 - INFO - *******STOP GROWING CR RULE*******
2026-04-14 12:23:14,416 - INFO - *******GROWING CR RULE*******
2026-04-14 12:23:16,000 - INFO - Iteracja 0: condition_best: federalFunds >= 383.35, quality_best: 0.658, coverage_best: (p=143, n=26, P=211, N=523)
2026-04-14 12:23:16,000 - INFO - Regula po iteracji 0: IF federalFunds >= 383.35 THEN class = {5.45} [4.82, 6.08], (p=143, n=26, P=211, N=523)
2026-04-14 12:23:16,222 - INFO - Iteracja 1: condition_best: 5Y-CMaturityRate >= 5.37, quality_best: 0.712, coverage_best: (p=128, n=20, P=175, N=559)
2026-04-14 12:23:16,222 - INFO - Regula po iteracji 1: IF federalFunds >= 383.35 AND 5Y-CMaturityRate >= 5.37 THEN class = {5.62} [5.23, 6.01], (p=128, n=20, P=175, N=559)
2026-04-14 12:23:16,413 - INFO - Iteracja 2: condition_best: 3M-Rate-AuctionAverage <= 9.23, quality_best: 0.715, coverage_best: (p=127, n=20, P=172, N=562)
2026-04-14 12:23:16,414 - INFO - Regula po iteracji 2: IF federalFunds >= 383.35 AND 5Y-CMaturityRate >= 5.37 AND 3M-Rate-AuctionAverage <= 9.23 THEN class = {5.61} [5.23, 5.99], (p=127, n=20, P=172, N=562)
2026-04-14 12:23:16,605 - INFO - Iteracja 3: condition_best: moneyStock <= 6.12, quality_best: 0.711, coverage_best: (p=126, n=20, P=172, N=562)
2026-04-14 12:23:16,605 - INFO - Regula po iteracji 3: IF federalFunds >= 383.35 AND 5Y-CMaturityRate >= 5.37 AND 3M-Rate-AuctionAverage <= 9.23 AND moneyStock <= 6.12 THEN class = {5.61} [5.23, 5.99], (p=126, n=20, P=172, N=562)
2026-04-14 12:23:16,796 - INFO - Iteracja 4: condition_best: 1Y-CMaturityRate <= 97.87, quality_best: 0.708, coverage_best: (p=125, n=20, P=172, N=562)
2026-04-14 12:23:16,797 - INFO - Regula po iteracji 4: IF federalFunds >= 383.35 AND 5Y-CMaturityRate >= 5.37 AND 3M-Rate-AuctionAverage <= 9.23 AND moneyStock <= 6.12 AND 1Y-CMaturityRate <= 97.87 THEN class = {5.61} [5.23, 6.00], (p=125, n=20, P=172, N=562)
2026-04-14 12:23:16,797 - INFO - *******STOP GROWING CR RULE*******
2026-04-14 12:23:16,799 - INFO - *******GROWING CR RULE*******
2026-04-14 12:23:18,906 - INFO - Iteracja 0: condition_best: 3M-Rate-SecondaryMarket <= 4.75, quality_best: 0.65, coverage_best: (p=100, n=39, P=107, N=627)
2026-04-14 12:23:18,906 - INFO - Regula po iteracji 0: IF 3M-Rate-SecondaryMarket <= 4.75 THEN class = {4.29} [3.42, 5.16], (p=100, n=39, P=107, N=627)
2026-04-14 12:23:19,098 - INFO - Iteracja 1: condition_best: checkableDeposits <= 1,140.00, quality_best: 0.779, coverage_best: (p=98, n=21, P=102, N=632)
2026-04-14 12:23:19,098 - INFO - Regula po iteracji 1: IF 3M-Rate-SecondaryMarket <= 4.75 AND checkableDeposits <= 1,140.00 THEN class = {4.12} [3.31, 4.94], (p=98, n=21, P=102, N=632)
2026-04-14 12:23:19,259 - INFO - Iteracja 2: condition_best: 3Y-CMaturityRate >= 2.92, quality_best: 0.809, coverage_best: (p=96, n=17, P=100, N=634)
2026-04-14 12:23:19,259 - INFO - Regula po iteracji 2: IF 3M-Rate-SecondaryMarket <= 4.75 AND checkableDeposits <= 1,140.00 AND 3Y-CMaturityRate >= 2.92 THEN class = {4.17} [3.36, 4.98], (p=96, n=17, P=100, N=634)
2026-04-14 12:23:19,414 - INFO - Iteracja 3: condition_best: 5Y-CMaturityRate >= 4.18, quality_best: 0.81, coverage_best: (p=93, n=15, P=100, N=634)
2026-04-14 12:23:19,414 - INFO - Regula po iteracji 3: IF 3M-Rate-SecondaryMarket <= 4.75 AND checkableDeposits <= 1,140.00 AND 3Y-CMaturityRate >= 2.92 AND 5Y-CMaturityRate >= 4.18 THEN class = {4.20} [3.39, 5.02], (p=93, n=15, P=100, N=634)
2026-04-14 12:23:19,563 - INFO - Iteracja 4: condition_best: tradeCurrencies <= 1,744.10, quality_best: 0.808, coverage_best: (p=92, n=15, P=99, N=635)
2026-04-14 12:23:19,563 - INFO - Regula po iteracji 4: IF 3M-Rate-SecondaryMarket <= 4.75 AND checkableDeposits <= 1,140.00 AND 3Y-CMaturityRate >= 2.92 AND 5Y-CMaturityRate >= 4.18 AND tradeCurrencies <= 1,744.10 THEN class = {4.19} [3.38, 5.00], (p=92, n=15, P=99, N=635)
2026-04-14 12:23:19,563 - INFO - *******STOP GROWING CR RULE*******
2026-04-14 12:23:19,566 - INFO - *******GROWING CR RULE*******
2026-04-14 12:23:21,142 - INFO - Iteracja 0: condition_best: federalFunds >= 381.85, quality_best: 0.639, coverage_best: (p=145, n=30, P=212, N=522)
2026-04-14 12:23:21,143 - INFO - Regula po iteracji 0: IF federalFunds >= 381.85 THEN class = {5.47} [4.83, 6.11], (p=145, n=30, P=212, N=522)
2026-04-14 12:23:21,372 - INFO - Iteracja 1: condition_best: 5Y-CMaturityRate >= 5.37, quality_best: 0.693, coverage_best: (p=130, n=23, P=178, N=556)
2026-04-14 12:23:21,372 - INFO - Regula po iteracji 1: IF federalFunds >= 381.85 AND 5Y-CMaturityRate >= 5.37 THEN class = {5.64} [5.23, 6.05], (p=130, n=23, P=178, N=556)
2026-04-14 12:23:21,568 - INFO - Iteracja 2: condition_best: 3M-Rate-SecondaryMarket >= 3.54, quality_best: 0.694, coverage_best: (p=128, n=24, P=171, N=563)
2026-04-14 12:23:21,568 - INFO - Regula po iteracji 2: IF federalFunds >= 381.85 AND 5Y-CMaturityRate >= 5.37 AND 3M-Rate-SecondaryMarket >= 3.54 THEN class = {5.65} [5.25, 6.05], (p=128, n=24, P=171, N=563)
2026-04-14 12:23:21,765 - INFO - Iteracja 3: condition_best: 5Y-CMaturityRate >= 5.39, quality_best: 0.694, coverage_best: (p=125, n=23, P=169, N=565)
2026-04-14 12:23:21,765 - INFO - Regula po iteracji 3: IF federalFunds >= 381.85 AND 5Y-CMaturityRate >= 5.37 AND 3M-Rate-SecondaryMarket >= 3.54 AND 5Y-CMaturityRate >= 5.39 THEN class = {5.66} [5.28, 6.05], (p=125, n=23, P=169, N=565)
2026-04-14 12:23:21,959 - INFO - Iteracja 4: condition_best: 1MonthCDRate >= 4.32, quality_best: 0.71, coverage_best: (p=119, n=19, P=164, N=570)
2026-04-14 12:23:21,959 - INFO - Regula po iteracji 4: IF federalFunds >= 381.85 AND 5Y-CMaturityRate >= 5.37 AND 3M-Rate-SecondaryMarket >= 3.54 AND 5Y-CMaturityRate >= 5.39 AND 1MonthCDRate >= 4.32 THEN class = {5.70} [5.33, 6.07], (p=119, n=19, P=164, N=570)
2026-04-14 12:23:21,959 - INFO - *******STOP GROWING CR RULE*******
2026-04-14 12:23:21,961 - INFO - *******GROWING CR RULE*******
2026-04-14 12:23:23,534 - INFO - Iteracja 0: condition_best: 3M-Rate-AuctionAverage >= 14.67, quality_best: 0.638, coverage_best: (p=55, n=25, P=59, N=675)
2026-04-14 12:23:23,534 - INFO - Regula po iteracji 0: IF 3M-Rate-AuctionAverage >= 14.67 THEN class = {14.07} [12.40, 15.75], (p=55, n=25, P=59, N=675)
2026-04-14 12:23:23,647 - INFO - Iteracja 1: condition_best: 5Y-CMaturityRate <= 15.78, quality_best: 0.662, coverage_best: (p=53, n=21, P=58, N=676)
2026-04-14 12:23:23,647 - INFO - Regula po iteracji 1: IF 3M-Rate-AuctionAverage >= 14.67 AND 5Y-CMaturityRate <= 15.78 THEN class = {13.88} [12.29, 15.46], (p=53, n=21, P=58, N=676)
2026-04-14 12:23:23,747 - INFO - Iteracja 2: condition_best: federalFunds <= 255.65, quality_best: 0.673, coverage_best: (p=51, n=18, P=58, N=676)
2026-04-14 12:23:23,747 - INFO - Regula po iteracji 2: IF 3M-Rate-AuctionAverage >= 14.67 AND 5Y-CMaturityRate <= 15.78 AND federalFunds <= 255.65 THEN class = {13.78} [12.20, 15.36], (p=51, n=18, P=58, N=676)
2026-04-14 12:23:23,842 - INFO - Iteracja 3: condition_best: tradeCurrencies >= 175.75, quality_best: 0.669, coverage_best: (p=50, n=18, P=57, N=677)
2026-04-14 12:23:23,842 - INFO - Regula po iteracji 3: IF 3M-Rate-AuctionAverage >= 14.67 AND 5Y-CMaturityRate <= 15.78 AND federalFunds <= 255.65 AND tradeCurrencies >= 175.75 THEN class = {13.82} [12.26, 15.37], (p=50, n=18, P=57, N=677)
2026-04-14 12:23:23,936 - INFO - Iteracja 4: condition_best: 3M-Rate-SecondaryMarket <= 15.78, quality_best: 0.69, coverage_best: (p=48, n=16, P=54, N=680)
2026-04-14 12:23:23,936 - INFO - Regula po iteracji 4: IF 3M-Rate-AuctionAverage >= 14.67 AND 5Y-CMaturityRate <= 15.78 AND federalFunds <= 255.65 AND tradeCurrencies >= 175.75 AND 3M-Rate-SecondaryMarket <= 15.78 THEN class = {13.67} [12.19, 15.14], (p=48, n=16, P=54, N=680)
2026-04-14 12:23:23,936 - INFO - *******STOP GROWING CR RULE*******
2026-04-14 12:23:23,939 - INFO - *******GROWING CR RULE*******
2026-04-14 12:23:25,509 - INFO - Iteracja 0: condition_best: demandDeposits >= 335.95, quality_best: 0.628, coverage_best: (p=169, n=53, P=196, N=538)
2026-04-14 12:23:25,510 - INFO - Regula po iteracji 0: IF demandDeposits >= 335.95 THEN class = {5.52} [5.01, 6.02], (p=169, n=53, P=196, N=538)
2026-04-14 12:23:26,323 - INFO - Iteracja 1: condition_best: 5Y-CMaturityRate <= 6.25, quality_best: 0.683, coverage_best: (p=121, n=32, P=143, N=591)
2026-04-14 12:23:26,323 - INFO - Regula po iteracji 1: IF demandDeposits >= 335.95 AND 5Y-CMaturityRate <= 6.25 THEN class = {5.29} [4.93, 5.66], (p=121, n=32, P=143, N=591)
2026-04-14 12:23:26,523 - INFO - Iteracja 2: condition_best: 1MonthCDRate >= 5.25, quality_best: 0.761, coverage_best: (p=103, n=16, P=126, N=608)
2026-04-14 12:23:26,523 - INFO - Regula po iteracji 2: IF demandDeposits >= 335.95 AND 5Y-CMaturityRate <= 6.25 AND 1MonthCDRate >= 5.25 THEN class = {5.43} [5.17, 5.69], (p=103, n=16, P=126, N=608)
2026-04-14 12:23:26,673 - INFO - Iteracja 3: condition_best: 1MonthCDRate <= 5.95, quality_best: 0.778, coverage_best: (p=100, n=13, P=124, N=610)
2026-04-14 12:23:26,673 - INFO - Regula po iteracji 3: IF demandDeposits >= 335.95 AND 5Y-CMaturityRate <= 6.25 AND 1MonthCDRate >= 5.25 AND 1MonthCDRate <= 5.95 THEN class = {5.41} [5.15, 5.67], (p=100, n=13, P=124, N=610)
2026-04-14 12:23:26,814 - INFO - Iteracja 4: condition_best: 3Y-CMaturityRate <= 5.39, quality_best: 0.796, coverage_best: (p=98, n=9, P=127, N=607)
2026-04-14 12:23:26,814 - INFO - Regula po iteracji 4: IF demandDeposits >= 335.95 AND 5Y-CMaturityRate <= 6.25 AND 1MonthCDRate >= 5.25 AND 1MonthCDRate <= 5.95 AND 3Y-CMaturityRate <= 5.39 THEN class = {5.40} [5.14, 5.65], (p=98, n=9, P=127, N=607)
2026-04-14 12:23:26,814 - INFO - *******STOP GROWING CR RULE*******
2026-04-14 12:23:26,816 - INFO - *******GROWING CR RULE*******
2026-04-14 12:23:28,371 - INFO - Iteracja 0: condition_best: demandDeposits >= 335.95, quality_best: 0.628, coverage_best: (p=169, n=53, P=196, N=538)
2026-04-14 12:23:28,371 - INFO - Regula po iteracji 0: IF demandDeposits >= 335.95 THEN class = {5.52} [5.01, 6.02], (p=169, n=53, P=196, N=538)
2026-04-14 12:23:28,667 - INFO - Iteracja 1: condition_best: demandDeposits <= 456.55, quality_best: 0.673, coverage_best: (p=143, n=30, P=189, N=545)
2026-04-14 12:23:28,668 - INFO - Regula po iteracji 1: IF demandDeposits >= 335.95 AND demandDeposits <= 456.55 THEN class = {5.62} [5.16, 6.08], (p=143, n=30, P=189, N=545)
2026-04-14 12:23:28,891 - INFO - Iteracja 2: condition_best: 3M-Rate-AuctionAverage <= 8.81, quality_best: 0.704, coverage_best: (p=133, n=26, P=169, N=565)
2026-04-14 12:23:28,892 - INFO - Regula po iteracji 2: IF demandDeposits >= 335.95 AND demandDeposits <= 456.55 AND 3M-Rate-AuctionAverage <= 8.81 THEN class = {5.54} [5.17, 5.91], (p=133, n=26, P=169, N=565)
2026-04-14 12:23:29,097 - INFO - Iteracja 3: condition_best: checkableDeposits >= 1,062.65, quality_best: 0.706, coverage_best: (p=129, n=23, P=170, N=564)
2026-04-14 12:23:29,097 - INFO - Regula po iteracji 3: IF demandDeposits >= 335.95 AND demandDeposits <= 456.55 AND 3M-Rate-AuctionAverage <= 8.81 AND checkableDeposits >= 1,062.65 THEN class = {5.53} [5.15, 5.90], (p=129, n=23, P=170, N=564)
2026-04-14 12:23:29,297 - INFO - Iteracja 4: condition_best: federalFunds <= 411.05, quality_best: 0.713, coverage_best: (p=128, n=22, P=168, N=566)
2026-04-14 12:23:29,297 - INFO - Regula po iteracji 4: IF demandDeposits >= 335.95 AND demandDeposits <= 456.55 AND 3M-Rate-AuctionAverage <= 8.81 AND checkableDeposits >= 1,062.65 AND federalFunds <= 411.05 THEN class = {5.52} [5.15, 5.90], (p=128, n=22, P=168, N=566)
2026-04-14 12:23:29,297 - INFO - *******STOP GROWING CR RULE*******
2026-04-14 12:23:29,300 - INFO - *******GROWING CR RULE*******
2026-04-14 12:23:30,858 - INFO - Iteracja 0: condition_best: demandDeposits >= 335.95, quality_best: 0.628, coverage_best: (p=169, n=53, P=196, N=538)
2026-04-14 12:23:30,858 - INFO - Regula po iteracji 0: IF demandDeposits >= 335.95 THEN class = {5.52} [5.01, 6.02], (p=169, n=53, P=196, N=538)
2026-04-14 12:23:31,156 - INFO - Iteracja 1: condition_best: 1MonthCDRate >= 5.21, quality_best: 0.667, coverage_best: (p=141, n=31, P=186, N=548)
2026-04-14 12:23:31,156 - INFO - Regula po iteracji 1: IF demandDeposits >= 335.95 AND 1MonthCDRate >= 5.21 THEN class = {5.61} [5.16, 6.06], (p=141, n=31, P=186, N=548)
2026-04-14 12:23:31,378 - INFO - Iteracja 2: condition_best: 5Y-CMaturityRate <= 6.37, quality_best: 0.754, coverage_best: (p=113, n=19, P=136, N=598)
2026-04-14 12:23:31,378 - INFO - Regula po iteracji 2: IF demandDeposits >= 335.95 AND 1MonthCDRate >= 5.21 AND 5Y-CMaturityRate <= 6.37 THEN class = {5.44} [5.15, 5.72], (p=113, n=19, P=136, N=598)
2026-04-14 12:23:31,544 - INFO - Iteracja 3: condition_best: 3M-Rate-AuctionAverage >= 6.68, quality_best: 0.764, coverage_best: (p=113, n=18, P=135, N=599)
2026-04-14 12:23:31,544 - INFO - Regula po iteracji 3: IF demandDeposits >= 335.95 AND 1MonthCDRate >= 5.21 AND 5Y-CMaturityRate <= 6.37 AND 3M-Rate-AuctionAverage >= 6.68 THEN class = {5.44} [5.16, 5.72], (p=113, n=18, P=135, N=599)
2026-04-14 12:23:31,708 - INFO - Iteracja 4: condition_best: 1Y-CMaturityRate <= 100.30, quality_best: 0.771, coverage_best: (p=113, n=17, P=135, N=599)
2026-04-14 12:23:31,709 - INFO - Regula po iteracji 4: IF demandDeposits >= 335.95 AND 1MonthCDRate >= 5.21 AND 5Y-CMaturityRate <= 6.37 AND 3M-Rate-AuctionAverage >= 6.68 AND 1Y-CMaturityRate <= 100.30 THEN class = {5.45} [5.17, 5.72], (p=113, n=17, P=135, N=599)
2026-04-14 12:23:31,709 - INFO - *******STOP GROWING CR RULE*******
2026-04-14 12:23:31,711 - INFO - *******GROWING CR RULE*******
2026-04-14 12:23:33,270 - INFO - Iteracja 0: condition_best: demandDeposits >= 335.95, quality_best: 0.628, coverage_best: (p=169, n=53, P=196, N=538)
2026-04-14 12:23:33,271 - INFO - Regula po iteracji 0: IF demandDeposits >= 335.95 THEN class = {5.52} [5.01, 6.02], (p=169, n=53, P=196, N=538)
2026-04-14 12:23:33,567 - INFO - Iteracja 1: condition_best: 1MonthCDRate >= 5.21, quality_best: 0.667, coverage_best: (p=141, n=31, P=186, N=548)
2026-04-14 12:23:33,567 - INFO - Regula po iteracji 1: IF demandDeposits >= 335.95 AND 1MonthCDRate >= 5.21 THEN class = {5.61} [5.16, 6.06], (p=141, n=31, P=186, N=548)
2026-04-14 12:23:33,792 - INFO - Iteracja 2: condition_best: 1MonthCDRate <= 5.97, quality_best: 0.693, coverage_best: (p=131, n=24, P=177, N=557)
2026-04-14 12:23:33,792 - INFO - Regula po iteracji 2: IF demandDeposits >= 335.95 AND 1MonthCDRate >= 5.21 AND 1MonthCDRate <= 5.97 THEN class = {5.54} [5.15, 5.94], (p=131, n=24, P=177, N=557)
2026-04-14 12:23:33,989 - INFO - Iteracja 3: condition_best: 1MonthCDRate >= 5.22, quality_best: 0.701, coverage_best: (p=130, n=23, P=174, N=560)
2026-04-14 12:23:33,989 - INFO - Regula po iteracji 3: IF demandDeposits >= 335.95 AND 1MonthCDRate >= 5.21 AND 1MonthCDRate <= 5.97 AND 1MonthCDRate >= 5.22 THEN class = {5.56} [5.17, 5.94], (p=130, n=23, P=174, N=560)
2026-04-14 12:23:34,186 - INFO - Iteracja 4: condition_best: 1Y-CMaturityRate <= 100.30, quality_best: 0.7, coverage_best: (p=129, n=23, P=173, N=561)
2026-04-14 12:23:34,186 - INFO - Regula po iteracji 4: IF demandDeposits >= 335.95 AND 1MonthCDRate >= 5.21 AND 1MonthCDRate <= 5.97 AND 1MonthCDRate >= 5.22 AND 1Y-CMaturityRate <= 100.30 THEN class = {5.56} [5.17, 5.95], (p=129, n=23, P=173, N=561)
2026-04-14 12:23:34,186 - INFO - *******STOP GROWING CR RULE*******
2026-04-14 12:23:34,188 - INFO - *******GROWING CR RULE*******
2026-04-14 12:23:36,254 - INFO - Iteracja 0: condition_best: currency <= 1,388.75, quality_best: 0.624, coverage_best: (p=71, n=28, P=85, N=649)
2026-04-14 12:23:36,254 - INFO - Regula po iteracji 0: IF currency <= 1,388.75 THEN class = {13.47} [11.19, 15.75], (p=71, n=28, P=85, N=649)
2026-04-14 12:23:36,399 - INFO - Iteracja 1: condition_best: 1Y-CMaturityRate >= 92.76, quality_best: 0.691, coverage_best: (p=65, n=23, P=69, N=665)
2026-04-14 12:23:36,400 - INFO - Regula po iteracji 1: IF currency <= 1,388.75 AND 1Y-CMaturityRate >= 92.76 THEN class = {13.93} [12.05, 15.82], (p=65, n=23, P=69, N=665)
2026-04-14 12:23:36,523 - INFO - Iteracja 2: condition_best: tradeCurrencies >= 176.40, quality_best: 0.714, coverage_best: (p=64, n=22, P=65, N=669)
2026-04-14 12:23:36,523 - INFO - Regula po iteracji 2: IF currency <= 1,388.75 AND 1Y-CMaturityRate >= 92.76 AND tradeCurrencies >= 176.40 THEN class = {14.02} [12.20, 15.84], (p=64, n=22, P=65, N=669)
2026-04-14 12:23:36,644 - INFO - Iteracja 3: condition_best: 5Y-CMaturityRate <= 15.53, quality_best: 0.729, coverage_best: (p=60, n=17, P=65, N=669)
2026-04-14 12:23:36,644 - INFO - Regula po iteracji 3: IF currency <= 1,388.75 AND 1Y-CMaturityRate >= 92.76 AND tradeCurrencies >= 176.40 AND 5Y-CMaturityRate <= 15.53 THEN class = {13.74} [12.02, 15.47], (p=60, n=17, P=65, N=669)
2026-04-14 12:23:36,753 - INFO - Iteracja 4: condition_best: currency >= 1,149.50, quality_best: 0.741, coverage_best: (p=58, n=17, P=60, N=674)
2026-04-14 12:23:36,753 - INFO - Regula po iteracji 4: IF currency <= 1,388.75 AND 1Y-CMaturityRate >= 92.76 AND tradeCurrencies >= 176.40 AND 5Y-CMaturityRate <= 15.53 AND currency >= 1,149.50 THEN class = {13.83} [12.20, 15.46], (p=58, n=17, P=60, N=674)
2026-04-14 12:23:36,753 - INFO - *******STOP GROWING CR RULE*******
2026-04-14 12:23:36,756 - INFO - *******GROWING CR RULE*******
2026-04-14 12:23:38,308 - INFO - Iteracja 0: condition_best: currency <= 1,388.75, quality_best: 0.624, coverage_best: (p=71, n=28, P=85, N=649)
2026-04-14 12:23:38,308 - INFO - Regula po iteracji 0: IF currency <= 1,388.75 THEN class = {13.47} [11.19, 15.75], (p=71, n=28, P=85, N=649)
2026-04-14 12:23:38,452 - INFO - Iteracja 1: condition_best: loansLeases >= 274.35, quality_best: 0.662, coverage_best: (p=69, n=23, P=82, N=652)
2026-04-14 12:23:38,452 - INFO - Regula po iteracji 1: IF currency <= 1,388.75 AND loansLeases >= 274.35 THEN class = {13.68} [11.54, 15.82], (p=69, n=23, P=82, N=652)
2026-04-14 12:23:38,583 - INFO - Iteracja 2: condition_best: moneyStock >= 8.91, quality_best: 0.67, coverage_best: (p=69, n=22, P=82, N=652)
2026-04-14 12:23:38,583 - INFO - Regula po iteracji 2: IF currency <= 1,388.75 AND loansLeases >= 274.35 AND moneyStock >= 8.91 THEN class = {13.72} [11.61, 15.83], (p=69, n=22, P=82, N=652)
2026-04-14 12:23:38,714 - INFO - Iteracja 3: condition_best: 5Y-CMaturityRate <= 15.53, quality_best: 0.682, coverage_best: (p=64, n=18, P=79, N=655)
2026-04-14 12:23:38,714 - INFO - Regula po iteracji 3: IF currency <= 1,388.75 AND loansLeases >= 274.35 AND moneyStock >= 8.91 AND 5Y-CMaturityRate <= 15.53 THEN class = {13.43} [11.41, 15.45], (p=64, n=18, P=79, N=655)
2026-04-14 12:23:38,832 - INFO - Iteracja 4: condition_best: 1Y-CMaturityRate >= 92.02, quality_best: 0.701, coverage_best: (p=64, n=17, P=77, N=657)
2026-04-14 12:23:38,832 - INFO - Regula po iteracji 4: IF currency <= 1,388.75 AND loansLeases >= 274.35 AND moneyStock >= 8.91 AND 5Y-CMaturityRate <= 15.53 AND 1Y-CMaturityRate >= 92.02 THEN class = {13.49} [11.53, 15.45], (p=64, n=17, P=77, N=657)
2026-04-14 12:23:38,832 - INFO - *******STOP GROWING CR RULE*******
2026-04-14 12:23:38,835 - INFO - *******GROWING CR RULE*******
2026-04-14 12:23:40,387 - INFO - Iteracja 0: condition_best: 1MonthCDRate >= 7.14, quality_best: 0.617, coverage_best: (p=255, n=85, P=255, N=479)
2026-04-14 12:23:40,387 - INFO - Regula po iteracji 0: IF 1MonthCDRate >= 7.14 THEN class = {10.20} [7.56, 12.84], (p=255, n=85, P=255, N=479)
2026-04-14 12:23:41,008 - INFO - Iteracja 1: condition_best: 3M-Rate-AuctionAverage <= 14.45, quality_best: 0.738, coverage_best: (p=208, n=47, P=210, N=524)
2026-04-14 12:23:41,008 - INFO - Regula po iteracji 1: IF 1MonthCDRate >= 7.14 AND 3M-Rate-AuctionAverage <= 14.45 THEN class = {8.95} [7.51, 10.40], (p=208, n=47, P=210, N=524)
2026-04-14 12:23:41,445 - INFO - Iteracja 2: condition_best: federalFunds >= 243.65, quality_best: 0.773, coverage_best: (p=167, n=19, P=208, N=526)
2026-04-14 12:23:41,445 - INFO - Regula po iteracji 2: IF 1MonthCDRate >= 7.14 AND 3M-Rate-AuctionAverage <= 14.45 AND federalFunds >= 243.65 THEN class = {8.58} [7.15, 10.00], (p=167, n=19, P=208, N=526)
2026-04-14 12:23:41,746 - INFO - Iteracja 3: condition_best: 5Y-CMaturityRate >= 7.53, quality_best: 0.794, coverage_best: (p=167, n=15, P=210, N=524)
2026-04-14 12:23:41,746 - INFO - Regula po iteracji 3: IF 1MonthCDRate >= 7.14 AND 3M-Rate-AuctionAverage <= 14.45 AND federalFunds >= 243.65 AND 5Y-CMaturityRate >= 7.53 THEN class = {8.62} [7.20, 10.03], (p=167, n=15, P=210, N=524)
2026-04-14 12:23:42,036 - INFO - Iteracja 4: condition_best: currency >= 1,185.20, quality_best: 0.814, coverage_best: (p=151, n=12, P=187, N=547)
2026-04-14 12:23:42,036 - INFO - Regula po iteracji 4: IF 1MonthCDRate >= 7.14 AND 3M-Rate-AuctionAverage <= 14.45 AND federalFunds >= 243.65 AND 5Y-CMaturityRate >= 7.53 AND currency >= 1,185.20 THEN class = {8.45} [7.21, 9.68], (p=151, n=12, P=187, N=547)
2026-04-14 12:23:42,036 - INFO - *******STOP GROWING CR RULE*******
2026-04-14 12:23:42,038 - INFO - *******GROWING CR RULE*******
2026-04-14 12:23:43,487 - INFO - Iteracja 0: condition_best: 1MonthCDRate >= 7.14, quality_best: 0.617, coverage_best: (p=255, n=85, P=255, N=479)
2026-04-14 12:23:43,487 - INFO - Regula po iteracji 0: IF 1MonthCDRate >= 7.14 THEN class = {10.20} [7.56, 12.84], (p=255, n=85, P=255, N=479)
2026-04-14 12:23:44,575 - INFO - Iteracja 1: condition_best: 3M-Rate-AuctionAverage <= 14.45, quality_best: 0.738, coverage_best: (p=208, n=47, P=210, N=524)
2026-04-14 12:23:44,576 - INFO - Regula po iteracji 1: IF 1MonthCDRate >= 7.14 AND 3M-Rate-AuctionAverage <= 14.45 THEN class = {8.95} [7.51, 10.40], (p=208, n=47, P=210, N=524)
2026-04-14 12:23:44,972 - INFO - Iteracja 2: condition_best: federalFunds >= 243.65, quality_best: 0.773, coverage_best: (p=167, n=19, P=208, N=526)
2026-04-14 12:23:44,972 - INFO - Regula po iteracji 2: IF 1MonthCDRate >= 7.14 AND 3M-Rate-AuctionAverage <= 14.45 AND federalFunds >= 243.65 THEN class = {8.58} [7.15, 10.00], (p=167, n=19, P=208, N=526)
2026-04-14 12:23:45,243 - INFO - Iteracja 3: condition_best: demandDeposits >= 108.15, quality_best: 0.784, coverage_best: (p=164, n=20, P=195, N=539)
2026-04-14 12:23:45,243 - INFO - Regula po iteracji 3: IF 1MonthCDRate >= 7.14 AND 3M-Rate-AuctionAverage <= 14.45 AND federalFunds >= 243.65 AND demandDeposits >= 108.15 THEN class = {8.52} [7.22, 9.82], (p=164, n=20, P=195, N=539)
2026-04-14 12:23:45,511 - INFO - Iteracja 4: condition_best: 1Y-CMaturityRate <= 141.01, quality_best: 0.796, coverage_best: (p=163, n=18, P=194, N=540)
2026-04-14 12:23:45,511 - INFO - Regula po iteracji 4: IF 1MonthCDRate >= 7.14 AND 3M-Rate-AuctionAverage <= 14.45 AND federalFunds >= 243.65 AND demandDeposits >= 108.15 AND 1Y-CMaturityRate <= 141.01 THEN class = {8.50} [7.20, 9.80], (p=163, n=18, P=194, N=540)
2026-04-14 12:23:45,511 - INFO - *******STOP GROWING CR RULE*******
2026-04-14 12:23:45,512 - INFO - *******GROWING CR RULE*******
2026-04-14 12:23:46,950 - INFO - Iteracja 0: condition_best: 1MonthCDRate >= 7.14, quality_best: 0.617, coverage_best: (p=255, n=85, P=255, N=479)
2026-04-14 12:23:46,950 - INFO - Regula po iteracji 0: IF 1MonthCDRate >= 7.14 THEN class = {10.20} [7.56, 12.84], (p=255, n=85, P=255, N=479)
2026-04-14 12:23:47,511 - INFO - Iteracja 1: condition_best: 3M-Rate-AuctionAverage <= 14.45, quality_best: 0.738, coverage_best: (p=208, n=47, P=210, N=524)
2026-04-14 12:23:47,512 - INFO - Regula po iteracji 1: IF 1MonthCDRate >= 7.14 AND 3M-Rate-AuctionAverage <= 14.45 THEN class = {8.95} [7.51, 10.40], (p=208, n=47, P=210, N=524)
2026-04-14 12:23:47,908 - INFO - Iteracja 2: condition_best: 1Y-CMaturityRate >= 84.67, quality_best: 0.76, coverage_best: (p=202, n=41, P=205, N=529)
2026-04-14 12:23:47,908 - INFO - Regula po iteracji 2: IF 1MonthCDRate >= 7.14 AND 3M-Rate-AuctionAverage <= 14.45 AND 1Y-CMaturityRate >= 84.67 THEN class = {9.04} [7.61, 10.46], (p=202, n=41, P=205, N=529)
2026-04-14 12:23:48,286 - INFO - Iteracja 3: condition_best: 1MonthCDRate >= 7.19, quality_best: 0.765, coverage_best: (p=202, n=40, P=205, N=529)
2026-04-14 12:23:48,286 - INFO - Regula po iteracji 3: IF 1MonthCDRate >= 7.14 AND 3M-Rate-AuctionAverage <= 14.45 AND 1Y-CMaturityRate >= 84.67 AND 1MonthCDRate >= 7.19 THEN class = {9.04} [7.62, 10.47], (p=202, n=40, P=205, N=529)
2026-04-14 12:23:48,667 - INFO - Iteracja 4: condition_best: bankCredit <= 13.67, quality_best: 0.764, coverage_best: (p=201, n=40, P=204, N=530)
2026-04-14 12:23:48,667 - INFO - Regula po iteracji 4: IF 1MonthCDRate >= 7.14 AND 3M-Rate-AuctionAverage <= 14.45 AND 1Y-CMaturityRate >= 84.67 AND 1MonthCDRate >= 7.19 AND bankCredit <= 13.67 THEN class = {9.03} [7.62, 10.44], (p=201, n=40, P=204, N=530)
2026-04-14 12:23:48,667 - INFO - *******STOP GROWING CR RULE*******
2026-04-14 12:23:48,669 - INFO - *******GROWING CR RULE*******
2026-04-14 12:23:50,074 - INFO - Iteracja 0: condition_best: 3Y-CMaturityRate >= 6.06, quality_best: 0.615, coverage_best: (p=259, n=86, P=259, N=475)
2026-04-14 12:23:50,074 - INFO - Regula po iteracji 0: IF 3Y-CMaturityRate >= 6.06 THEN class = {10.15} [7.50, 12.81], (p=259, n=86, P=259, N=475)
2026-04-14 12:23:50,630 - INFO - Iteracja 1: condition_best: 3Y-CMaturityRate <= 7.75, quality_best: 0.738, coverage_best: (p=98, n=19, P=118, N=616)
2026-04-14 12:23:50,630 - INFO - Regula po iteracji 1: IF 3Y-CMaturityRate >= 6.06 AND 3Y-CMaturityRate <= 7.75 THEN class = {7.87} [7.24, 8.50], (p=98, n=19, P=118, N=616)
2026-04-14 12:23:50,802 - INFO - Iteracja 2: condition_best: demandDeposits <= 244.95, quality_best: 0.763, coverage_best: (p=94, n=14, P=117, N=617)
2026-04-14 12:23:50,802 - INFO - Regula po iteracji 2: IF 3Y-CMaturityRate >= 6.06 AND 3Y-CMaturityRate <= 7.75 AND demandDeposits <= 244.95 THEN class = {7.94} [7.34, 8.54], (p=94, n=14, P=117, N=617)
2026-04-14 12:23:50,952 - INFO - Iteracja 3: condition_best: moneyStock <= 9.90, quality_best: 0.806, coverage_best: (p=93, n=12, P=108, N=626)
2026-04-14 12:23:50,952 - INFO - Regula po iteracji 3: IF 3Y-CMaturityRate >= 6.06 AND 3Y-CMaturityRate <= 7.75 AND demandDeposits <= 244.95 AND moneyStock <= 9.90 THEN class = {7.88} [7.40, 8.37], (p=93, n=12, P=108, N=626)
2026-04-14 12:23:51,097 - INFO - Iteracja 4: condition_best: demandDeposits >= 109.65, quality_best: 0.81, coverage_best: (p=92, n=11, P=108, N=626)
2026-04-14 12:23:51,097 - INFO - Regula po iteracji 4: IF 3Y-CMaturityRate >= 6.06 AND 3Y-CMaturityRate <= 7.75 AND demandDeposits <= 244.95 AND moneyStock <= 9.90 AND demandDeposits >= 109.65 THEN class = {7.88} [7.39, 8.36], (p=92, n=11, P=108, N=626)
2026-04-14 12:23:51,097 - INFO - *******STOP GROWING CR RULE*******
2026-04-14 12:23:51,098 - INFO - *******GROWING CR RULE*******
2026-04-14 12:23:53,030 - INFO - Iteracja 0: condition_best: moneyStock >= 6.92, quality_best: 0.615, coverage_best: (p=259, n=86, P=259, N=475)
2026-04-14 12:23:53,031 - INFO - Regula po iteracji 0: IF moneyStock >= 6.92 THEN class = {10.15} [7.49, 12.81], (p=259, n=86, P=259, N=475)
2026-04-14 12:23:53,582 - INFO - Iteracja 1: condition_best: 3Y-CMaturityRate <= 7.72, quality_best: 0.732, coverage_best: (p=96, n=17, P=122, N=612)
2026-04-14 12:23:53,582 - INFO - Regula po iteracji 1: IF moneyStock >= 6.92 AND 3Y-CMaturityRate <= 7.72 THEN class = {7.85} [7.20, 8.49], (p=96, n=17, P=122, N=612)
2026-04-14 12:23:53,739 - INFO - Iteracja 2: condition_best: 1MonthCDRate <= 9.11, quality_best: 0.755, coverage_best: (p=92, n=18, P=106, N=628)
2026-04-14 12:23:53,740 - INFO - Regula po iteracji 2: IF moneyStock >= 6.92 AND 3Y-CMaturityRate <= 7.72 AND 1MonthCDRate <= 9.11 THEN class = {7.80} [7.27, 8.34], (p=92, n=18, P=106, N=628)
2026-04-14 12:23:53,890 - INFO - Iteracja 3: condition_best: demandDeposits <= 245.90, quality_best: 0.767, coverage_best: (p=92, n=15, P=110, N=624)
2026-04-14 12:23:53,891 - INFO - Regula po iteracji 3: IF moneyStock >= 6.92 AND 3Y-CMaturityRate <= 7.72 AND 1MonthCDRate <= 9.11 AND demandDeposits <= 245.90 THEN class = {7.82} [7.30, 8.35], (p=92, n=15, P=110, N=624)
2026-04-14 12:23:54,039 - INFO - Iteracja 4: condition_best: 1Y-CMaturityRate <= 135.54, quality_best: 0.779, coverage_best: (p=91, n=15, P=105, N=629)
2026-04-14 12:23:54,039 - INFO - Regula po iteracji 4: IF moneyStock >= 6.92 AND 3Y-CMaturityRate <= 7.72 AND 1MonthCDRate <= 9.11 AND demandDeposits <= 245.90 AND 1Y-CMaturityRate <= 135.54 THEN class = {7.81} [7.30, 8.33], (p=91, n=15, P=105, N=629)
2026-04-14 12:23:54,039 - INFO - *******STOP GROWING CR RULE*******
2026-04-14 12:23:54,040 - INFO - *******GROWING CR RULE*******
2026-04-14 12:23:55,430 - INFO - Iteracja 0: condition_best: 3M-Rate-SecondaryMarket <= 5.54, quality_best: 0.605, coverage_best: (p=237, n=84, P=241, N=493)
2026-04-14 12:23:55,430 - INFO - Regula po iteracji 0: IF 3M-Rate-SecondaryMarket <= 5.54 THEN class = {5.06} [4.13, 5.99], (p=237, n=84, P=241, N=493)
2026-04-14 12:23:55,895 - INFO - Iteracja 1: condition_best: moneyStock >= 5.06, quality_best: 0.788, coverage_best: (p=161, n=17, P=198, N=536)
2026-04-14 12:23:55,895 - INFO - Regula po iteracji 1: IF 3M-Rate-SecondaryMarket <= 5.54 AND moneyStock >= 5.06 THEN class = {5.63} [5.13, 6.13], (p=161, n=17, P=198, N=536)
2026-04-14 12:23:56,131 - INFO - Iteracja 2: condition_best: 5Y-CMaturityRate >= 5.33, quality_best: 0.831, coverage_best: (p=155, n=11, P=188, N=546)
2026-04-14 12:23:56,131 - INFO - Regula po iteracji 2: IF 3M-Rate-SecondaryMarket <= 5.54 AND moneyStock >= 5.06 AND 5Y-CMaturityRate >= 5.33 THEN class = {5.68} [5.21, 6.16], (p=155, n=11, P=188, N=546)
2026-04-14 12:23:56,349 - INFO - Iteracja 3: condition_best: checkableDeposits <= 1,149.65, quality_best: 0.837, coverage_best: (p=153, n=9, P=189, N=545)
2026-04-14 12:23:56,349 - INFO - Regula po iteracji 3: IF 3M-Rate-SecondaryMarket <= 5.54 AND moneyStock >= 5.06 AND 5Y-CMaturityRate >= 5.33 AND checkableDeposits <= 1,149.65 THEN class = {5.67} [5.21, 6.13], (p=153, n=9, P=189, N=545)
2026-04-14 12:23:56,562 - INFO - Iteracja 4: condition_best: 1MonthCDRate >= 5.25, quality_best: 0.848, coverage_best: (p=151, n=7, P=188, N=546)
2026-04-14 12:23:56,562 - INFO - Regula po iteracji 4: IF 3M-Rate-SecondaryMarket <= 5.54 AND moneyStock >= 5.06 AND 5Y-CMaturityRate >= 5.33 AND checkableDeposits <= 1,149.65 AND 1MonthCDRate >= 5.25 THEN class = {5.68} [5.22, 6.14], (p=151, n=7, P=188, N=546)
2026-04-14 12:23:56,562 - INFO - *******STOP GROWING CR RULE*******
2026-04-14 12:23:56,563 - INFO - *******GROWING CR RULE*******
2026-04-14 12:23:57,940 - INFO - Iteracja 0: condition_best: 3Y-CMaturityRate >= 6.01, quality_best: 0.602, coverage_best: (p=259, n=90, P=259, N=475)
2026-04-14 12:23:57,940 - INFO - Regula po iteracji 0: IF 3Y-CMaturityRate >= 6.01 THEN class = {10.11} [7.44, 12.78], (p=259, n=90, P=259, N=475)
2026-04-14 12:23:58,498 - INFO - Iteracja 1: condition_best: 3Y-CMaturityRate <= 7.94, quality_best: 0.722, coverage_best: (p=120, n=31, P=130, N=604)
2026-04-14 12:23:58,498 - INFO - Regula po iteracji 1: IF 3Y-CMaturityRate >= 6.01 AND 3Y-CMaturityRate <= 7.94 THEN class = {7.98} [7.26, 8.69], (p=120, n=31, P=130, N=604)
2026-04-14 12:23:58,712 - INFO - Iteracja 2: condition_best: savingsDeposits >= 1,338.95, quality_best: 0.74, coverage_best: (p=106, n=27, P=112, N=622)
2026-04-14 12:23:58,712 - INFO - Regula po iteracji 2: IF 3Y-CMaturityRate >= 6.01 AND 3Y-CMaturityRate <= 7.94 AND savingsDeposits >= 1,338.95 THEN class = {7.83} [7.29, 8.37], (p=106, n=27, P=112, N=622)
2026-04-14 12:23:58,892 - INFO - Iteracja 3: condition_best: 1Y-CMaturityRate <= 136.66, quality_best: 0.747, coverage_best: (p=106, n=26, P=112, N=622)
2026-04-14 12:23:58,893 - INFO - Regula po iteracji 3: IF 3Y-CMaturityRate >= 6.01 AND 3Y-CMaturityRate <= 7.94 AND savingsDeposits >= 1,338.95 AND 1Y-CMaturityRate <= 136.66 THEN class = {7.82} [7.29, 8.36], (p=106, n=26, P=112, N=622)
2026-04-14 12:23:59,073 - INFO - Iteracja 4: condition_best: 1MonthCDRate <= 8.88, quality_best: 0.751, coverage_best: (p=104, n=24, P=112, N=622)
2026-04-14 12:23:59,073 - INFO - Regula po iteracji 4: IF 3Y-CMaturityRate >= 6.01 AND 3Y-CMaturityRate <= 7.94 AND savingsDeposits >= 1,338.95 AND 1Y-CMaturityRate <= 136.66 AND 1MonthCDRate <= 8.88 THEN class = {7.83} [7.29, 8.36], (p=104, n=24, P=112, N=622)
2026-04-14 12:23:59,073 - INFO - *******STOP GROWING CR RULE*******
2026-04-14 12:23:59,074 - INFO - *******GROWING CR RULE*******
2026-04-14 12:24:00,997 - INFO - Iteracja 0: condition_best: 5Y-CMaturityRate >= 7.73, quality_best: 0.595, coverage_best: (p=256, n=90, P=259, N=475)
2026-04-14 12:24:00,998 - INFO - Regula po iteracji 0: IF 5Y-CMaturityRate >= 7.73 THEN class = {10.14} [7.48, 12.80], (p=256, n=90, P=259, N=475)
2026-04-14 12:24:01,553 - INFO - Iteracja 1: condition_best: 3M-Rate-AuctionAverage <= 15.25, quality_best: 0.704, coverage_best: (p=220, n=55, P=225, N=509)
2026-04-14 12:24:01,553 - INFO - Regula po iteracji 1: IF 5Y-CMaturityRate >= 7.73 AND 3M-Rate-AuctionAverage <= 15.25 THEN class = {9.09} [7.39, 10.80], (p=220, n=55, P=225, N=509)
2026-04-14 12:24:01,972 - INFO - Iteracja 2: condition_best: 3Y-CMaturityRate >= 5.84, quality_best: 0.736, coverage_best: (p=217, n=47, P=222, N=512)
2026-04-14 12:24:01,972 - INFO - Regula po iteracji 2: IF 5Y-CMaturityRate >= 7.73 AND 3M-Rate-AuctionAverage <= 15.25 AND 3Y-CMaturityRate >= 5.84 THEN class = {9.18} [7.50, 10.86], (p=217, n=47, P=222, N=512)
2026-04-14 12:24:02,372 - INFO - Iteracja 3: condition_best: 3Y-CMaturityRate <= 7.75, quality_best: 0.752, coverage_best: (p=91, n=15, P=113, N=621)
2026-04-14 12:24:02,372 - INFO - Regula po iteracji 3: IF 5Y-CMaturityRate >= 7.73 AND 3M-Rate-AuctionAverage <= 15.25 AND 3Y-CMaturityRate >= 5.84 AND 3Y-CMaturityRate <= 7.75 THEN class = {7.92} [7.39, 8.45], (p=91, n=15, P=113, N=621)
2026-04-14 12:24:02,523 - INFO - Iteracja 4: condition_best: 1Y-CMaturityRate <= 135.44, quality_best: 0.773, coverage_best: (p=91, n=13, P=112, N=622)
2026-04-14 12:24:02,523 - INFO - Regula po iteracji 4: IF 5Y-CMaturityRate >= 7.73 AND 3M-Rate-AuctionAverage <= 15.25 AND 3Y-CMaturityRate >= 5.84 AND 3Y-CMaturityRate <= 7.75 AND 1Y-CMaturityRate <= 135.44 THEN class = {7.90} [7.38, 8.41], (p=91, n=13, P=112, N=622)
2026-04-14 12:24:02,523 - INFO - *******STOP GROWING CR RULE*******
2026-04-14 12:24:02,524 - INFO - *******GROWING CR RULE*******
2026-04-14 12:24:03,890 - INFO - Iteracja 0: condition_best: 3M-Rate-SecondaryMarket <= 5.55, quality_best: 0.593, coverage_best: (p=237, n=87, P=242, N=492)
2026-04-14 12:24:03,890 - INFO - Regula po iteracji 0: IF 3M-Rate-SecondaryMarket <= 5.55 THEN class = {5.07} [4.14, 6.00], (p=237, n=87, P=242, N=492)
2026-04-14 12:24:04,346 - INFO - Iteracja 1: condition_best: moneyStock >= 5.01, quality_best: 0.791, coverage_best: (p=167, n=19, P=199, N=535)
2026-04-14 12:24:04,346 - INFO - Regula po iteracji 1: IF 3M-Rate-SecondaryMarket <= 5.55 AND moneyStock >= 5.01 THEN class = {5.63} [5.13, 6.13], (p=167, n=19, P=199, N=535)
2026-04-14 12:24:04,587 - INFO - Iteracja 2: condition_best: 5Y-CMaturityRate >= 5.29, quality_best: 0.811, coverage_best: (p=161, n=16, P=190, N=544)
2026-04-14 12:24:04,587 - INFO - Regula po iteracji 2: IF 3M-Rate-SecondaryMarket <= 5.55 AND moneyStock >= 5.01 AND 5Y-CMaturityRate >= 5.29 THEN class = {5.67} [5.19, 6.14], (p=161, n=16, P=190, N=544)
2026-04-14 12:24:04,818 - INFO - Iteracja 3: condition_best: moneyStock >= 5.06, quality_best: 0.827, coverage_best: (p=159, n=13, P=189, N=545)
2026-04-14 12:24:04,818 - INFO - Regula po iteracji 3: IF 3M-Rate-SecondaryMarket <= 5.55 AND moneyStock >= 5.01 AND 5Y-CMaturityRate >= 5.29 AND moneyStock >= 5.06 THEN class = {5.68} [5.21, 6.16], (p=159, n=13, P=189, N=545)
2026-04-14 12:24:05,043 - INFO - Iteracja 4: condition_best: checkableDeposits <= 1,150.85, quality_best: 0.838, coverage_best: (p=158, n=11, P=189, N=545)
2026-04-14 12:24:05,043 - INFO - Regula po iteracji 4: IF 3M-Rate-SecondaryMarket <= 5.55 AND moneyStock >= 5.01 AND 5Y-CMaturityRate >= 5.29 AND moneyStock >= 5.06 AND checkableDeposits <= 1,150.85 THEN class = {5.67} [5.21, 6.13], (p=158, n=11, P=189, N=545)
2026-04-14 12:24:05,043 - INFO - *******STOP GROWING CR RULE*******
2026-04-14 12:24:05,044 - INFO - *******GROWING CR RULE*******
2026-04-14 12:24:06,412 - INFO - Iteracja 0: condition_best: 5Y-CMaturityRate >= 7.70, quality_best: 0.59, coverage_best: (p=257, n=92, P=259, N=475)
2026-04-14 12:24:06,412 - INFO - Regula po iteracji 0: IF 5Y-CMaturityRate >= 7.70 THEN class = {10.11} [7.45, 12.78], (p=257, n=92, P=259, N=475)
2026-04-14 12:24:07,532 - INFO - Iteracja 1: condition_best: 3M-Rate-AuctionAverage <= 14.45, quality_best: 0.7, coverage_best: (p=209, n=55, P=213, N=521)
2026-04-14 12:24:07,532 - INFO - Regula po iteracji 1: IF 5Y-CMaturityRate >= 7.70 AND 3M-Rate-AuctionAverage <= 14.45 THEN class = {8.88} [7.41, 10.35], (p=209, n=55, P=213, N=521)
2026-04-14 12:24:07,930 - INFO - Iteracja 2: condition_best: federalFunds >= 246.95, quality_best: 0.721, coverage_best: (p=163, n=25, P=211, N=523)
2026-04-14 12:24:07,930 - INFO - Regula po iteracji 2: IF 5Y-CMaturityRate >= 7.70 AND 3M-Rate-AuctionAverage <= 14.45 AND federalFunds >= 246.95 THEN class = {8.46} [7.01, 9.92], (p=163, n=25, P=211, N=523)
2026-04-14 12:24:08,203 - INFO - Iteracja 3: condition_best: savingsDeposits >= 873.40, quality_best: 0.724, coverage_best: (p=161, n=25, P=206, N=528)
2026-04-14 12:24:08,203 - INFO - Regula po iteracji 3: IF 5Y-CMaturityRate >= 7.70 AND 3M-Rate-AuctionAverage <= 14.45 AND federalFunds >= 246.95 AND savingsDeposits >= 873.40 THEN class = {8.44} [7.01, 9.88], (p=161, n=25, P=206, N=528)
2026-04-14 12:24:08,473 - INFO - Iteracja 4: condition_best: federalFunds >= 249.95, quality_best: 0.731, coverage_best: (p=157, n=22, P=206, N=528)
2026-04-14 12:24:08,473 - INFO - Regula po iteracji 4: IF 5Y-CMaturityRate >= 7.70 AND 3M-Rate-AuctionAverage <= 14.45 AND federalFunds >= 246.95 AND savingsDeposits >= 873.40 AND federalFunds >= 249.95 THEN class = {8.41} [6.96, 9.86], (p=157, n=22, P=206, N=528)
2026-04-14 12:24:08,473 - INFO - *******STOP GROWING CR RULE*******
2026-04-14 12:24:08,473 - INFO - *******GROWING CR RULE*******
2026-04-14 12:24:09,834 - INFO - Iteracja 0: condition_best: savingsDeposits >= 2,118.60, quality_best: 0.579, coverage_best: (p=201, n=69, P=235, N=499)
2026-04-14 12:24:09,834 - INFO - Regula po iteracji 0: IF savingsDeposits >= 2,118.60 THEN class = {5.27} [4.45, 6.09], (p=201, n=69, P=235, N=499)
2026-04-14 12:24:10,205 - INFO - Iteracja 1: condition_best: bankCredit >= 5.19, quality_best: 0.654, coverage_best: (p=181, n=47, P=214, N=520)
2026-04-14 12:24:10,205 - INFO - Regula po iteracji 1: IF savingsDeposits >= 2,118.60 AND bankCredit >= 5.19 THEN class = {5.50} [4.88, 6.12], (p=181, n=47, P=214, N=520)
2026-04-14 12:24:10,511 - INFO - Iteracja 2: condition_best: 5Y-CMaturityRate <= 7.25, quality_best: 0.674, coverage_best: (p=174, n=43, P=203, N=531)
2026-04-14 12:24:10,511 - INFO - Regula po iteracji 2: IF savingsDeposits >= 2,118.60 AND bankCredit >= 5.19 AND 5Y-CMaturityRate <= 7.25 THEN class = {5.44} [4.88, 6.00], (p=174, n=43, P=203, N=531)
2026-04-14 12:24:10,802 - INFO - Iteracja 3: condition_best: loansLeases <= 801.60, quality_best: 0.684, coverage_best: (p=174, n=41, P=203, N=531)
2026-04-14 12:24:10,802 - INFO - Regula po iteracji 3: IF savingsDeposits >= 2,118.60 AND bankCredit >= 5.19 AND 5Y-CMaturityRate <= 7.25 AND loansLeases <= 801.60 THEN class = {5.45} [4.89, 6.01], (p=174, n=41, P=203, N=531)
2026-04-14 12:24:11,094 - INFO - Iteracja 4: condition_best: savingsDeposits <= 3,534.05, quality_best: 0.693, coverage_best: (p=173, n=39, P=202, N=532)
2026-04-14 12:24:11,095 - INFO - Regula po iteracji 4: IF savingsDeposits >= 2,118.60 AND bankCredit >= 5.19 AND 5Y-CMaturityRate <= 7.25 AND loansLeases <= 801.60 AND savingsDeposits <= 3,534.05 THEN class = {5.44} [4.88, 5.99], (p=173, n=39, P=202, N=532)
2026-04-14 12:24:11,095 - INFO - *******STOP GROWING CR RULE*******
2026-04-14 12:24:11,095 - INFO - *******GROWING CR RULE*******
2026-04-14 12:24:12,459 - INFO - Iteracja 0: condition_best: 3M-Rate-SecondaryMarket <= 5.62, quality_best: 0.576, coverage_best: (p=241, n=94, P=244, N=490)
2026-04-14 12:24:12,459 - INFO - Regula po iteracji 0: IF 3M-Rate-SecondaryMarket <= 5.62 THEN class = {5.11} [4.17, 6.05], (p=241, n=94, P=244, N=490)
2026-04-14 12:24:12,937 - INFO - Iteracja 1: condition_best: 1MonthCDRate >= 5.22, quality_best: 0.767, coverage_best: (p=171, n=25, P=199, N=535)
2026-04-14 12:24:12,937 - INFO - Regula po iteracji 1: IF 3M-Rate-SecondaryMarket <= 5.62 AND 1MonthCDRate >= 5.22 THEN class = {5.66} [5.15, 6.18], (p=171, n=25, P=199, N=535)
2026-04-14 12:24:13,195 - INFO - Iteracja 2: condition_best: 5Y-CMaturityRate >= 5.37, quality_best: 0.784, coverage_best: (p=160, n=22, P=184, N=550)
2026-04-14 12:24:13,195 - INFO - Regula po iteracji 2: IF 3M-Rate-SecondaryMarket <= 5.62 AND 1MonthCDRate >= 5.22 AND 5Y-CMaturityRate >= 5.37 THEN class = {5.72} [5.25, 6.20], (p=160, n=22, P=184, N=550)
2026-04-14 12:24:13,435 - INFO - Iteracja 3: condition_best: loansLeases <= 770.95, quality_best: 0.802, coverage_best: (p=159, n=19, P=183, N=551)
2026-04-14 12:24:13,435 - INFO - Regula po iteracji 3: IF 3M-Rate-SecondaryMarket <= 5.62 AND 1MonthCDRate >= 5.22 AND 5Y-CMaturityRate >= 5.37 AND loansLeases <= 770.95 THEN class = {5.71} [5.24, 6.17], (p=159, n=19, P=183, N=551)
2026-04-14 12:24:13,669 - INFO - Iteracja 4: condition_best: 3Y-CMaturityRate >= 4.82, quality_best: 0.816, coverage_best: (p=156, n=16, P=181, N=553)
2026-04-14 12:24:13,669 - INFO - Regula po iteracji 4: IF 3M-Rate-SecondaryMarket <= 5.62 AND 1MonthCDRate >= 5.22 AND 5Y-CMaturityRate >= 5.37 AND loansLeases <= 770.95 AND 3Y-CMaturityRate >= 4.82 THEN class = {5.72} [5.26, 6.19], (p=156, n=16, P=181, N=553)
2026-04-14 12:24:13,669 - INFO - *******STOP GROWING CR RULE*******
2026-04-14 12:24:13,669 - INFO - *******GROWING CR RULE*******
2026-04-14 12:24:15,578 - INFO - Iteracja 0: condition_best: 5Y-CMaturityRate <= 6.79, quality_best: 0.575, coverage_best: (p=224, n=94, P=224, N=510)
2026-04-14 12:24:15,578 - INFO - Regula po iteracji 0: IF 5Y-CMaturityRate <= 6.79 THEN class = {5.02} [4.17, 5.87], (p=224, n=94, P=224, N=510)
2026-04-14 12:24:16,026 - INFO - Iteracja 1: condition_best: 5Y-CMaturityRate >= 5.26, quality_best: 0.699, coverage_best: (p=182, n=51, P=186, N=548)
2026-04-14 12:24:16,027 - INFO - Regula po iteracji 1: IF 5Y-CMaturityRate <= 6.79 AND 5Y-CMaturityRate >= 5.26 THEN class = {5.44} [4.98, 5.90], (p=182, n=51, P=186, N=548)
2026-04-14 12:24:16,341 - INFO - Iteracja 2: condition_best: moneyStock >= 3.67, quality_best: 0.708, coverage_best: (p=176, n=49, P=178, N=556)
2026-04-14 12:24:16,342 - INFO - Regula po iteracji 2: IF 5Y-CMaturityRate <= 6.79 AND 5Y-CMaturityRate >= 5.26 AND moneyStock >= 3.67 THEN class = {5.48} [5.05, 5.90], (p=176, n=49, P=178, N=556)
2026-04-14 12:24:16,643 - INFO - Iteracja 3: condition_best: currency <= 4,764.00, quality_best: 0.716, coverage_best: (p=171, n=46, P=174, N=560)
2026-04-14 12:24:16,643 - INFO - Regula po iteracji 3: IF 5Y-CMaturityRate <= 6.79 AND 5Y-CMaturityRate >= 5.26 AND moneyStock >= 3.67 AND currency <= 4,764.00 THEN class = {5.45} [5.04, 5.87], (p=171, n=46, P=174, N=560)
2026-04-14 12:24:16,936 - INFO - Iteracja 4: condition_best: moneyStock >= 3.86, quality_best: 0.726, coverage_best: (p=166, n=43, P=169, N=565)
2026-04-14 12:24:16,936 - INFO - Regula po iteracji 4: IF 5Y-CMaturityRate <= 6.79 AND 5Y-CMaturityRate >= 5.26 AND moneyStock >= 3.67 AND currency <= 4,764.00 AND moneyStock >= 3.86 THEN class = {5.49} [5.12, 5.86], (p=166, n=43, P=169, N=565)
2026-04-14 12:24:16,936 - INFO - *******STOP GROWING CR RULE*******
2026-04-14 12:24:16,936 - INFO - *******GROWING CR RULE*******
2026-04-14 12:24:18,283 - INFO - Iteracja 0: condition_best: 3Y-CMaturityRate >= 5.78, quality_best: 0.567, coverage_best: (p=267, n=101, P=268, N=466)
2026-04-14 12:24:18,283 - INFO - Regula po iteracji 0: IF 3Y-CMaturityRate >= 5.78 THEN class = {9.93} [7.23, 12.64], (p=267, n=101, P=268, N=466)
2026-04-14 12:24:18,874 - INFO - Iteracja 1: condition_best: 3Y-CMaturityRate <= 7.75, quality_best: 0.656, coverage_best: (p=108, n=32, P=132, N=602)
2026-04-14 12:24:18,874 - INFO - Regula po iteracji 1: IF 3Y-CMaturityRate >= 5.78 AND 3Y-CMaturityRate <= 7.75 THEN class = {7.67} [6.93, 8.41], (p=108, n=32, P=132, N=602)
2026-04-14 12:24:19,067 - INFO - Iteracja 2: condition_best: 1Y-CMaturityRate <= 135.05, quality_best: 0.672, coverage_best: (p=107, n=30, P=129, N=605)
2026-04-14 12:24:19,068 - INFO - Regula po iteracji 2: IF 3Y-CMaturityRate >= 5.78 AND 3Y-CMaturityRate <= 7.75 AND 1Y-CMaturityRate <= 135.05 THEN class = {7.65} [6.92, 8.38], (p=107, n=30, P=129, N=605)
2026-04-14 12:24:19,258 - INFO - Iteracja 3: condition_best: demandDeposits >= 109.45, quality_best: 0.685, coverage_best: (p=107, n=28, P=129, N=605)
2026-04-14 12:24:19,258 - INFO - Regula po iteracji 3: IF 3Y-CMaturityRate >= 5.78 AND 3Y-CMaturityRate <= 7.75 AND 1Y-CMaturityRate <= 135.05 AND demandDeposits >= 109.45 THEN class = {7.63} [6.91, 8.36], (p=107, n=28, P=129, N=605)
2026-04-14 12:24:19,449 - INFO - Iteracja 4: condition_best: currency <= 2,772.70, quality_best: 0.696, coverage_best: (p=106, n=26, P=128, N=606)
2026-04-14 12:24:19,449 - INFO - Regula po iteracji 4: IF 3Y-CMaturityRate >= 5.78 AND 3Y-CMaturityRate <= 7.75 AND 1Y-CMaturityRate <= 135.05 AND demandDeposits >= 109.45 AND currency <= 2,772.70 THEN class = {7.66} [6.95, 8.37], (p=106, n=26, P=128, N=606)
2026-04-14 12:24:19,449 - INFO - *******STOP GROWING CR RULE*******
2026-04-14 12:24:19,450 - INFO - *******GROWING CR RULE*******
2026-04-14 12:24:20,799 - INFO - Iteracja 0: condition_best: 5Y-CMaturityRate >= 7.42, quality_best: 0.563, coverage_best: (p=269, n=103, P=269, N=465)
2026-04-14 12:24:20,799 - INFO - Regula po iteracji 0: IF 5Y-CMaturityRate >= 7.42 THEN class = {9.91} [7.22, 12.61], (p=269, n=103, P=269, N=465)
2026-04-14 12:24:21,401 - INFO - Iteracja 1: condition_best: federalFunds >= 259.65, quality_best: 0.692, coverage_best: (p=157, n=23, P=225, N=509)
2026-04-14 12:24:21,401 - INFO - Regula po iteracji 1: IF 5Y-CMaturityRate >= 7.42 AND federalFunds >= 259.65 THEN class = {8.26} [6.71, 9.82], (p=157, n=23, P=225, N=509)
2026-04-14 12:24:21,660 - INFO - Iteracja 2: condition_best: currency >= 1,189.55, quality_best: 0.731, coverage_best: (p=152, n=18, P=212, N=522)
2026-04-14 12:24:21,660 - INFO - Regula po iteracji 2: IF 5Y-CMaturityRate >= 7.42 AND federalFunds >= 259.65 AND currency >= 1,189.55 THEN class = {8.10} [6.68, 9.51], (p=152, n=18, P=212, N=522)
2026-04-14 12:24:22,446 - INFO - Iteracja 3: condition_best: 1MonthCDRate >= 5.69, quality_best: 0.747, coverage_best: (p=152, n=16, P=210, N=524)
2026-04-14 12:24:22,447 - INFO - Regula po iteracji 3: IF 5Y-CMaturityRate >= 7.42 AND federalFunds >= 259.65 AND currency >= 1,189.55 AND 1MonthCDRate >= 5.69 THEN class = {8.11} [6.70, 9.53], (p=152, n=16, P=210, N=524)
2026-04-14 12:24:22,682 - INFO - Iteracja 4: condition_best: currency >= 1,191.35, quality_best: 0.748, coverage_best: (p=151, n=16, P=208, N=526)
2026-04-14 12:24:22,683 - INFO - Regula po iteracji 4: IF 5Y-CMaturityRate >= 7.42 AND federalFunds >= 259.65 AND currency >= 1,189.55 AND 1MonthCDRate >= 5.69 AND currency >= 1,191.35 THEN class = {8.09} [6.71, 9.47], (p=151, n=16, P=208, N=526)
2026-04-14 12:24:22,683 - INFO - *******STOP GROWING CR RULE*******
2026-04-14 12:24:22,683 - INFO - *******GROWING CR RULE*******
2026-04-14 12:24:24,026 - INFO - Iteracja 0: condition_best: 3M-Rate-SecondaryMarket <= 5.81, quality_best: 0.531, coverage_best: (p=256, n=112, P=257, N=477)
2026-04-14 12:24:24,026 - INFO - Regula po iteracji 0: IF 3M-Rate-SecondaryMarket <= 5.81 THEN class = {5.24} [4.25, 6.22], (p=256, n=112, P=257, N=477)
2026-04-14 12:24:24,562 - INFO - Iteracja 1: condition_best: 5Y-CMaturityRate >= 6.94, quality_best: 0.683, coverage_best: (p=42, n=3, P=88, N=646)
2026-04-14 12:24:24,562 - INFO - Regula po iteracji 1: IF 3M-Rate-SecondaryMarket <= 5.81 AND 5Y-CMaturityRate >= 6.94 THEN class = {6.67} [6.07, 7.27], (p=42, n=3, P=88, N=646)
2026-04-14 12:24:24,625 - INFO - Iteracja 2: condition_best: 3Y-CMaturityRate >= 4.93, quality_best: 0.697, coverage_best: (p=41, n=2, P=87, N=647)
2026-04-14 12:24:24,625 - INFO - Regula po iteracji 2: IF 3M-Rate-SecondaryMarket <= 5.81 AND 5Y-CMaturityRate >= 6.94 AND 3Y-CMaturityRate >= 4.93 THEN class = {6.69} [6.10, 7.29], (p=41, n=2, P=87, N=647)
2026-04-14 12:24:24,680 - INFO - Iteracja 3: condition_best: checkableDeposits <= 1,153.15, quality_best: 0.693, coverage_best: (p=40, n=2, P=86, N=648)
2026-04-14 12:24:24,680 - INFO - Regula po iteracji 3: IF 3M-Rate-SecondaryMarket <= 5.81 AND 5Y-CMaturityRate >= 6.94 AND 3Y-CMaturityRate >= 4.93 AND checkableDeposits <= 1,153.15 THEN class = {6.68} [6.08, 7.28], (p=40, n=2, P=86, N=648)
2026-04-14 12:24:24,735 - INFO - Iteracja 4: condition_best: 1MonthCDRate >= 4.93, quality_best: 0.684, coverage_best: (p=39, n=2, P=87, N=647)
2026-04-14 12:24:24,735 - INFO - Regula po iteracji 4: IF 3M-Rate-SecondaryMarket <= 5.81 AND 5Y-CMaturityRate >= 6.94 AND 3Y-CMaturityRate >= 4.93 AND checkableDeposits <= 1,153.15 AND 1MonthCDRate >= 4.93 THEN class = {6.70} [6.09, 7.30], (p=39, n=2, P=87, N=647)
2026-04-14 12:24:24,735 - INFO - *******STOP GROWING CR RULE*******
2026-04-14 12:24:24,736 - INFO - *******GROWING CR RULE*******
2026-04-14 12:24:26,080 - INFO - Iteracja 0: condition_best: 3M-Rate-SecondaryMarket >= 16.55, quality_best: 1.0, coverage_best: (p=2, n=0, P=2, N=732)
2026-04-14 12:24:26,081 - INFO - Regula po iteracji 0: IF 3M-Rate-SecondaryMarket >= 16.55 THEN class = {15.44} [15.44, 15.44], (p=2, n=0, P=2, N=732)
2026-04-14 12:24:26,083 - INFO - Iteracja 1: condition_best: 1MonthCDRate <= 19.10, quality_best: 0.75, coverage_best: (p=1, n=0, P=2, N=732)
2026-04-14 12:24:26,083 - INFO - Regula po iteracji 1: IF 3M-Rate-SecondaryMarket >= 16.55 AND 1MonthCDRate <= 19.10 THEN class = {15.44} [15.44, 15.44], (p=1, n=0, P=2, N=732)
2026-04-14 12:24:26,083 - INFO - Iteracja 2: condition_best: None, quality_best: -inf, coverage_best: (p=0, n=0, P=0, N=0)
2026-04-14 12:24:26,083 - INFO - Regula po iteracji 2: IF 3M-Rate-SecondaryMarket >= 16.55 AND 1MonthCDRate <= 19.10 THEN class = {15.44} [15.44, 15.44], (p=1, n=0, P=2, N=732)
2026-04-14 12:24:26,083 - INFO - *******STOP GROWING CR RULE*******
2026-04-14 12:24:26,103 - INFO - ************************Finished experiment for mortgage.arff with algorithm_rer************************
2026-04-14 12:24:26,103 - INFO - *************************************************************************************************************************
2026-04-14 12:24:26,103 - INFO - *************************************************************************************************************************
2026-04-14 12:24:26,103 - INFO - *************************************************************************************************************************
2026-04-14 12:24:26,104 - INFO - **********Starting experiment for mortgage.arff with algorithm_rer_with_exceptions**********
2026-04-14 12:24:26,120 - INFO - *******GROWING CR RULE*******
2026-04-14 12:24:28,203 - INFO - Iteracja 0: condition_best: 3M-Rate-SecondaryMarket <= 4.49, quality_best: 0.821, coverage_best: (p=98, n=16, P=102, N=632)
2026-04-14 12:24:28,203 - INFO - Regula po iteracji 0: IF 3M-Rate-SecondaryMarket <= 4.49 THEN class = {4.09} [3.26, 4.93], (p=98, n=16, P=102, N=632)
2026-04-14 12:24:28,203 - INFO - *****GROWING RR RULE*****
2026-04-14 12:24:31,411 - INFO - Iteracja 0: condition_best: None, quality_best: -inf, coverage_best: (p=0, n=0, P=0, N=0), p_value: 0
2026-04-14 12:24:31,411 - INFO - Regula po iteracji 0: IF  THEN class = {7.58} [4.47, 10.69], (p=543, n=191, P=543, N=191)
2026-04-14 12:24:31,411 - INFO - *****STOP GROWING RR RULE*****
2026-04-14 12:24:31,411 - INFO - ***RR NOT FOUND***
2026-04-14 12:24:31,593 - INFO - Iteracja 1: condition_best: currency <= 3,185.00, quality_best: 0.903, coverage_best: (p=78, n=3, P=88, N=646)
2026-04-14 12:24:31,593 - INFO - Regula po iteracji 1: IF 3M-Rate-SecondaryMarket <= 4.49 AND currency <= 3,185.00 THEN class = {3.80} [3.02, 4.59], (p=78, n=3, P=88, N=646)
2026-04-14 12:24:31,594 - INFO - *****GROWING RR RULE*****
2026-04-14 12:24:34,088 - INFO - Iteracja 0: condition_best: None, quality_best: -inf, coverage_best: (p=0, n=0, P=0, N=0), p_value: 0
2026-04-14 12:24:34,088 - INFO - Regula po iteracji 0: IF  THEN class = {7.58} [4.47, 10.69], (p=543, n=191, P=543, N=191)
2026-04-14 12:24:34,088 - INFO - *****STOP GROWING RR RULE*****
2026-04-14 12:24:34,089 - INFO - ***RR NOT FOUND***
2026-04-14 12:24:34,207 - INFO - Iteracja 2: condition_best: currency <= 3,179.00, quality_best: 0.898, coverage_best: (p=77, n=3, P=88, N=646)
2026-04-14 12:24:34,207 - INFO - Regula po iteracji 2: IF 3M-Rate-SecondaryMarket <= 4.49 AND currency <= 3,185.00 AND currency <= 3,179.00 THEN class = {3.79} [3.01, 4.58], (p=77, n=3, P=88, N=646)
2026-04-14 12:24:34,208 - INFO - *****GROWING RR RULE*****
2026-04-14 12:24:36,703 - INFO - Iteracja 0: condition_best: None, quality_best: -inf, coverage_best: (p=0, n=0, P=0, N=0), p_value: 0
2026-04-14 12:24:36,704 - INFO - Regula po iteracji 0: IF  THEN class = {7.58} [4.47, 10.69], (p=543, n=191, P=543, N=191)
2026-04-14 12:24:36,704 - INFO - *****STOP GROWING RR RULE*****
2026-04-14 12:24:36,704 - INFO - ***RR NOT FOUND***
2026-04-14 12:24:36,820 - INFO - Iteracja 3: condition_best: 1MonthCDRate >= 3.05, quality_best: 0.892, coverage_best: (p=76, n=3, P=88, N=646)
2026-04-14 12:24:36,820 - INFO - Regula po iteracji 3: IF 3M-Rate-SecondaryMarket <= 4.49 AND currency <= 3,185.00 AND currency <= 3,179.00 AND 1MonthCDRate >= 3.05 THEN class = {3.80} [3.01, 4.59], (p=76, n=3, P=88, N=646)
2026-04-14 12:24:36,820 - INFO - *****GROWING RR RULE*****
2026-04-14 12:24:39,317 - INFO - Iteracja 0: condition_best: None, quality_best: -inf, coverage_best: (p=0, n=0, P=0, N=0), p_value: 0
2026-04-14 12:24:39,317 - INFO - Regula po iteracji 0: IF  THEN class = {7.58} [4.47, 10.69], (p=543, n=191, P=543, N=191)
2026-04-14 12:24:39,317 - INFO - *****STOP GROWING RR RULE*****
2026-04-14 12:24:39,317 - INFO - ***RR NOT FOUND***
2026-04-14 12:24:39,433 - INFO - Iteracja 4: condition_best: currency <= 3,172.55, quality_best: 0.886, coverage_best: (p=75, n=3, P=88, N=646)
2026-04-14 12:24:39,433 - INFO - Regula po iteracji 4: IF 3M-Rate-SecondaryMarket <= 4.49 AND currency <= 3,185.00 AND currency <= 3,179.00 AND 1MonthCDRate >= 3.05 AND currency <= 3,172.55 THEN class = {3.79} [3.00, 4.59], (p=75, n=3, P=88, N=646)
2026-04-14 12:24:39,433 - INFO - *****GROWING RR RULE*****
2026-04-14 12:24:42,464 - INFO - Iteracja 0: condition_best: None, quality_best: -inf, coverage_best: (p=0, n=0, P=0, N=0), p_value: 0
2026-04-14 12:24:42,464 - INFO - Regula po iteracji 0: IF  THEN class = {7.58} [4.47, 10.69], (p=543, n=191, P=543, N=191)
2026-04-14 12:24:42,464 - INFO - *****STOP GROWING RR RULE*****
2026-04-14 12:24:42,464 - INFO - ***RR NOT FOUND***
2026-04-14 12:24:42,464 - INFO - *******STOP GROWING CR RULE*******
2026-04-14 12:24:42,469 - INFO - *******GROWING CR RULE*******
2026-04-14 12:24:44,204 - INFO - Iteracja 0: condition_best: 3M-Rate-SecondaryMarket <= 4.49, quality_best: 0.821, coverage_best: (p=98, n=16, P=102, N=632)
2026-04-14 12:24:44,204 - INFO - Regula po iteracji 0: IF 3M-Rate-SecondaryMarket <= 4.49 THEN class = {4.09} [3.26, 4.93], (p=98, n=16, P=102, N=632)
2026-04-14 12:24:44,204 - INFO - *****GROWING RR RULE*****
2026-04-14 12:24:46,717 - INFO - Iteracja 0: condition_best: None, quality_best: -inf, coverage_best: (p=0, n=0, P=0, N=0), p_value: 0
2026-04-14 12:24:46,718 - INFO - Regula po iteracji 0: IF  THEN class = {7.58} [4.47, 10.69], (p=543, n=191, P=543, N=191)
2026-04-14 12:24:46,718 - INFO - *****STOP GROWING RR RULE*****
2026-04-14 12:24:46,718 - INFO - ***RR NOT FOUND***
2026-04-14 12:24:46,881 - INFO - Iteracja 1: condition_best: checkableDeposits <= 1,129.10, quality_best: 0.903, coverage_best: (p=87, n=3, P=99, N=635)
2026-04-14 12:24:46,881 - INFO - Regula po iteracji 1: IF 3M-Rate-SecondaryMarket <= 4.49 AND checkableDeposits <= 1,129.10 THEN class = {3.95} [3.15, 4.76], (p=87, n=3, P=99, N=635)
2026-04-14 12:24:46,882 - INFO - *****GROWING RR RULE*****
2026-04-14 12:24:49,380 - INFO - Iteracja 0: condition_best: None, quality_best: -inf, coverage_best: (p=0, n=0, P=0, N=0), p_value: 0
2026-04-14 12:24:49,380 - INFO - Regula po iteracji 0: IF  THEN class = {7.58} [4.47, 10.69], (p=543, n=191, P=543, N=191)
2026-04-14 12:24:49,380 - INFO - *****STOP GROWING RR RULE*****
2026-04-14 12:24:49,380 - INFO - ***RR NOT FOUND***
2026-04-14 12:24:49,508 - INFO - Iteracja 2: condition_best: 3Y-CMaturityRate >= 2.90, quality_best: 0.913, coverage_best: (p=85, n=1, P=100, N=634)
2026-04-14 12:24:49,508 - INFO - Regula po iteracji 2: IF 3M-Rate-SecondaryMarket <= 4.49 AND checkableDeposits <= 1,129.10 AND 3Y-CMaturityRate >= 2.90 THEN class = {3.99} [3.18, 4.79], (p=85, n=1, P=100, N=634)
2026-04-14 12:24:49,509 - INFO - *****GROWING RR RULE*****
2026-04-14 12:24:52,011 - INFO - Iteracja 0: condition_best: None, quality_best: -inf, coverage_best: (p=0, n=0, P=0, N=0), p_value: 0
2026-04-14 12:24:52,012 - INFO - Regula po iteracji 0: IF  THEN class = {7.58} [4.47, 10.69], (p=543, n=191, P=543, N=191)
2026-04-14 12:24:52,012 - INFO - *****STOP GROWING RR RULE*****
2026-04-14 12:24:52,012 - INFO - ***RR NOT FOUND***
2026-04-14 12:24:52,133 - INFO - Iteracja 3: condition_best: 1Y-CMaturityRate >= 80.49, quality_best: 0.907, coverage_best: (p=84, n=1, P=100, N=634)
2026-04-14 12:24:52,133 - INFO - Regula po iteracji 3: IF 3M-Rate-SecondaryMarket <= 4.49 AND checkableDeposits <= 1,129.10 AND 3Y-CMaturityRate >= 2.90 AND 1Y-CMaturityRate >= 80.49 THEN class = {3.99} [3.19, 4.80], (p=84, n=1, P=100, N=634)
2026-04-14 12:24:52,133 - INFO - *****GROWING RR RULE*****
2026-04-14 12:24:55,163 - INFO - Iteracja 0: condition_best: None, quality_best: -inf, coverage_best: (p=0, n=0, P=0, N=0), p_value: 0
2026-04-14 12:24:55,163 - INFO - Regula po iteracji 0: IF  THEN class = {7.58} [4.47, 10.69], (p=543, n=191, P=543, N=191)
2026-04-14 12:24:55,163 - INFO - *****STOP GROWING RR RULE*****
2026-04-14 12:24:55,163 - INFO - ***RR NOT FOUND***
2026-04-14 12:24:55,285 - INFO - Iteracja 4: condition_best: 1Y-CMaturityRate >= 81.40, quality_best: 0.902, coverage_best: (p=83, n=1, P=100, N=634)
2026-04-14 12:24:55,285 - INFO - Regula po iteracji 4: IF 3M-Rate-SecondaryMarket <= 4.49 AND checkableDeposits <= 1,129.10 AND 3Y-CMaturityRate >= 2.90 AND 1Y-CMaturityRate >= 80.49 AND 1Y-CMaturityRate >= 81.40 THEN class = {4.00} [3.19, 4.81], (p=83, n=1, P=100, N=634)
2026-04-14 12:24:55,285 - INFO - *****GROWING RR RULE*****
2026-04-14 12:24:57,785 - INFO - Iteracja 0: condition_best: None, quality_best: -inf, coverage_best: (p=0, n=0, P=0, N=0), p_value: 0
2026-04-14 12:24:57,786 - INFO - Regula po iteracji 0: IF  THEN class = {7.58} [4.47, 10.69], (p=543, n=191, P=543, N=191)
2026-04-14 12:24:57,786 - INFO - *****STOP GROWING RR RULE*****
2026-04-14 12:24:57,786 - INFO - ***RR NOT FOUND***
2026-04-14 12:24:57,786 - INFO - *******STOP GROWING CR RULE*******
2026-04-14 12:24:57,790 - INFO - *******GROWING CR RULE*******
2026-04-14 12:24:59,516 - INFO - Iteracja 0: condition_best: 3M-Rate-SecondaryMarket <= 4.49, quality_best: 0.821, coverage_best: (p=98, n=16, P=102, N=632)
2026-04-14 12:24:59,517 - INFO - Regula po iteracji 0: IF 3M-Rate-SecondaryMarket <= 4.49 THEN class = {4.09} [3.26, 4.93], (p=98, n=16, P=102, N=632)
2026-04-14 12:24:59,517 - INFO - *****GROWING RR RULE*****
2026-04-14 12:25:02,028 - INFO - Iteracja 0: condition_best: None, quality_best: -inf, coverage_best: (p=0, n=0, P=0, N=0), p_value: 0
2026-04-14 12:25:02,028 - INFO - Regula po iteracji 0: IF  THEN class = {7.58} [4.47, 10.69], (p=543, n=191, P=543, N=191)
2026-04-14 12:25:02,028 - INFO - *****STOP GROWING RR RULE*****
2026-04-14 12:25:02,028 - INFO - ***RR NOT FOUND***
2026-04-14 12:25:02,186 - INFO - Iteracja 1: condition_best: checkableDeposits <= 1,143.25, quality_best: 0.903, coverage_best: (p=97, n=8, P=99, N=635)
2026-04-14 12:25:02,186 - INFO - Regula po iteracji 1: IF 3M-Rate-SecondaryMarket <= 4.49 AND checkableDeposits <= 1,143.25 THEN class = {3.99} [3.21, 4.78], (p=97, n=8, P=99, N=635)
2026-04-14 12:25:02,186 - INFO - *****GROWING RR RULE*****
2026-04-14 12:25:04,689 - INFO - Iteracja 0: condition_best: None, quality_best: -inf, coverage_best: (p=0, n=0, P=0, N=0), p_value: 0
2026-04-14 12:25:04,689 - INFO - Regula po iteracji 0: IF  THEN class = {7.58} [4.47, 10.69], (p=543, n=191, P=543, N=191)
2026-04-14 12:25:04,689 - INFO - *****STOP GROWING RR RULE*****
2026-04-14 12:25:04,689 - INFO - ***RR NOT FOUND***
2026-04-14 12:25:04,836 - INFO - Iteracja 2: condition_best: 3Y-CMaturityRate >= 2.90, quality_best: 0.933, coverage_best: (p=96, n=5, P=98, N=636)
2026-04-14 12:25:04,836 - INFO - Regula po iteracji 2: IF 3M-Rate-SecondaryMarket <= 4.49 AND checkableDeposits <= 1,143.25 AND 3Y-CMaturityRate >= 2.90 THEN class = {4.03} [3.24, 4.81], (p=96, n=5, P=98, N=636)
2026-04-14 12:25:04,836 - INFO - *****GROWING RR RULE*****
2026-04-14 12:25:07,342 - INFO - Iteracja 0: condition_best: None, quality_best: -inf, coverage_best: (p=0, n=0, P=0, N=0), p_value: 0
2026-04-14 12:25:07,343 - INFO - Regula po iteracji 0: IF  THEN class = {7.58} [4.47, 10.69], (p=543, n=191, P=543, N=191)
2026-04-14 12:25:07,343 - INFO - *****STOP GROWING RR RULE*****
2026-04-14 12:25:07,343 - INFO - ***RR NOT FOUND***
2026-04-14 12:25:07,485 - INFO - Iteracja 3: condition_best: bankCredit >= 4.20, quality_best: 0.928, coverage_best: (p=95, n=5, P=98, N=636)
2026-04-14 12:25:07,485 - INFO - Regula po iteracji 3: IF 3M-Rate-SecondaryMarket <= 4.49 AND checkableDeposits <= 1,143.25 AND 3Y-CMaturityRate >= 2.90 AND bankCredit >= 4.20 THEN class = {4.03} [3.24, 4.82], (p=95, n=5, P=98, N=636)
2026-04-14 12:25:07,485 - INFO - *****GROWING RR RULE*****
2026-04-14 12:25:10,531 - INFO - Iteracja 0: condition_best: None, quality_best: -inf, coverage_best: (p=0, n=0, P=0, N=0), p_value: 0
2026-04-14 12:25:10,532 - INFO - Regula po iteracji 0: IF  THEN class = {7.58} [4.47, 10.69], (p=543, n=191, P=543, N=191)
2026-04-14 12:25:10,532 - INFO - *****STOP GROWING RR RULE*****
2026-04-14 12:25:10,532 - INFO - ***RR NOT FOUND***
2026-04-14 12:25:10,673 - INFO - Iteracja 4: condition_best: 1Y-CMaturityRate >= 80.49, quality_best: 0.918, coverage_best: (p=94, n=5, P=99, N=635)
2026-04-14 12:25:10,673 - INFO - Regula po iteracji 4: IF 3M-Rate-SecondaryMarket <= 4.49 AND checkableDeposits <= 1,143.25 AND 3Y-CMaturityRate >= 2.90 AND bankCredit >= 4.20 AND 1Y-CMaturityRate >= 80.49 THEN class = {4.03} [3.24, 4.82], (p=94, n=5, P=99, N=635)
2026-04-14 12:25:10,674 - INFO - *****GROWING RR RULE*****
2026-04-14 12:25:13,190 - INFO - Iteracja 0: condition_best: None, quality_best: -inf, coverage_best: (p=0, n=0, P=0, N=0), p_value: 0
2026-04-14 12:25:13,190 - INFO - Regula po iteracji 0: IF  THEN class = {7.58} [4.47, 10.69], (p=543, n=191, P=543, N=191)
2026-04-14 12:25:13,190 - INFO - *****STOP GROWING RR RULE*****
2026-04-14 12:25:13,190 - INFO - ***RR NOT FOUND***
2026-04-14 12:25:13,190 - INFO - *******STOP GROWING CR RULE*******
2026-04-14 12:25:13,195 - INFO - *******GROWING CR RULE*******
2026-04-14 12:25:14,920 - INFO - Iteracja 0: condition_best: 3M-Rate-SecondaryMarket <= 4.49, quality_best: 0.821, coverage_best: (p=98, n=16, P=102, N=632)
2026-04-14 12:25:14,921 - INFO - Regula po iteracji 0: IF 3M-Rate-SecondaryMarket <= 4.49 THEN class = {4.09} [3.26, 4.93], (p=98, n=16, P=102, N=632)
2026-04-14 12:25:14,921 - INFO - *****GROWING RR RULE*****
2026-04-14 12:25:17,443 - INFO - Iteracja 0: condition_best: None, quality_best: -inf, coverage_best: (p=0, n=0, P=0, N=0), p_value: 0
2026-04-14 12:25:17,443 - INFO - Regula po iteracji 0: IF  THEN class = {7.58} [4.47, 10.69], (p=543, n=191, P=543, N=191)
2026-04-14 12:25:17,443 - INFO - *****STOP GROWING RR RULE*****
2026-04-14 12:25:17,443 - INFO - ***RR NOT FOUND***
2026-04-14 12:25:17,602 - INFO - Iteracja 1: condition_best: checkableDeposits <= 1,145.40, quality_best: 0.864, coverage_best: (p=97, n=12, P=99, N=635)
2026-04-14 12:25:17,602 - INFO - Regula po iteracji 1: IF 3M-Rate-SecondaryMarket <= 4.49 AND checkableDeposits <= 1,145.40 THEN class = {4.04} [3.23, 4.84], (p=97, n=12, P=99, N=635)
2026-04-14 12:25:17,603 - INFO - *****GROWING RR RULE*****
2026-04-14 12:25:20,130 - INFO - Iteracja 0: condition_best: None, quality_best: -inf, coverage_best: (p=0, n=0, P=0, N=0), p_value: 0
2026-04-14 12:25:20,130 - INFO - Regula po iteracji 0: IF  THEN class = {7.58} [4.47, 10.69], (p=543, n=191, P=543, N=191)
2026-04-14 12:25:20,130 - INFO - *****STOP GROWING RR RULE*****
2026-04-14 12:25:20,131 - INFO - ***RR NOT FOUND***
2026-04-14 12:25:20,280 - INFO - Iteracja 2: condition_best: 3Y-CMaturityRate >= 2.86, quality_best: 0.883, coverage_best: (p=97, n=10, P=99, N=635)
2026-04-14 12:25:20,280 - INFO - Regula po iteracji 2: IF 3M-Rate-SecondaryMarket <= 4.49 AND checkableDeposits <= 1,145.40 AND 3Y-CMaturityRate >= 2.86 THEN class = {4.05} [3.25, 4.86], (p=97, n=10, P=99, N=635)
2026-04-14 12:25:20,280 - INFO - *****GROWING RR RULE*****
2026-04-14 12:25:22,795 - INFO - Iteracja 0: condition_best: None, quality_best: -inf, coverage_best: (p=0, n=0, P=0, N=0), p_value: 0
2026-04-14 12:25:22,795 - INFO - Regula po iteracji 0: IF  THEN class = {7.58} [4.47, 10.69], (p=543, n=191, P=543, N=191)
2026-04-14 12:25:22,796 - INFO - *****STOP GROWING RR RULE*****
2026-04-14 12:25:22,796 - INFO - ***RR NOT FOUND***
2026-04-14 12:25:22,945 - INFO - Iteracja 3: condition_best: 1Y-CMaturityRate >= 80.49, quality_best: 0.877, coverage_best: (p=96, n=10, P=99, N=635)
2026-04-14 12:25:22,945 - INFO - Regula po iteracji 3: IF 3M-Rate-SecondaryMarket <= 4.49 AND checkableDeposits <= 1,145.40 AND 3Y-CMaturityRate >= 2.86 AND 1Y-CMaturityRate >= 80.49 THEN class = {4.06} [3.25, 4.86], (p=96, n=10, P=99, N=635)
2026-04-14 12:25:22,945 - INFO - *****GROWING RR RULE*****
2026-04-14 12:25:25,993 - INFO - Iteracja 0: condition_best: None, quality_best: -inf, coverage_best: (p=0, n=0, P=0, N=0), p_value: 0
2026-04-14 12:25:25,993 - INFO - Regula po iteracji 0: IF  THEN class = {7.58} [4.47, 10.69], (p=543, n=191, P=543, N=191)
2026-04-14 12:25:25,994 - INFO - *****STOP GROWING RR RULE*****
2026-04-14 12:25:25,994 - INFO - ***RR NOT FOUND***
2026-04-14 12:25:26,146 - INFO - Iteracja 4: condition_best: 1Y-CMaturityRate >= 81.40, quality_best: 0.872, coverage_best: (p=95, n=10, P=99, N=635)
2026-04-14 12:25:26,146 - INFO - Regula po iteracji 4: IF 3M-Rate-SecondaryMarket <= 4.49 AND checkableDeposits <= 1,145.40 AND 3Y-CMaturityRate >= 2.86 AND 1Y-CMaturityRate >= 80.49 AND 1Y-CMaturityRate >= 81.40 THEN class = {4.06} [3.26, 4.87], (p=95, n=10, P=99, N=635)
2026-04-14 12:25:26,146 - INFO - *****GROWING RR RULE*****
2026-04-14 12:25:28,671 - INFO - Iteracja 0: condition_best: None, quality_best: -inf, coverage_best: (p=0, n=0, P=0, N=0), p_value: 0
2026-04-14 12:25:28,671 - INFO - Regula po iteracji 0: IF  THEN class = {7.58} [4.47, 10.69], (p=543, n=191, P=543, N=191)
2026-04-14 12:25:28,671 - INFO - *****STOP GROWING RR RULE*****
2026-04-14 12:25:28,672 - INFO - ***RR NOT FOUND***
2026-04-14 12:25:28,672 - INFO - *******STOP GROWING CR RULE*******
2026-04-14 12:25:28,676 - INFO - *******GROWING CR RULE*******
2026-04-14 12:25:30,404 - INFO - Iteracja 0: condition_best: 3M-Rate-SecondaryMarket <= 4.49, quality_best: 0.821, coverage_best: (p=98, n=16, P=102, N=632)
2026-04-14 12:25:30,405 - INFO - Regula po iteracji 0: IF 3M-Rate-SecondaryMarket <= 4.49 THEN class = {4.09} [3.26, 4.93], (p=98, n=16, P=102, N=632)
2026-04-14 12:25:30,405 - INFO - *****GROWING RR RULE*****
2026-04-14 12:25:32,930 - INFO - Iteracja 0: condition_best: None, quality_best: -inf, coverage_best: (p=0, n=0, P=0, N=0), p_value: 0
2026-04-14 12:25:32,931 - INFO - Regula po iteracji 0: IF  THEN class = {7.58} [4.47, 10.69], (p=543, n=191, P=543, N=191)
2026-04-14 12:25:32,931 - INFO - *****STOP GROWING RR RULE*****
2026-04-14 12:25:32,931 - INFO - ***RR NOT FOUND***
2026-04-14 12:25:33,088 - INFO - Iteracja 1: condition_best: 3Y-CMaturityRate >= 2.90, quality_best: 0.837, coverage_best: (p=97, n=13, P=103, N=631)
2026-04-14 12:25:33,088 - INFO - Regula po iteracji 1: IF 3M-Rate-SecondaryMarket <= 4.49 AND 3Y-CMaturityRate >= 2.90 THEN class = {4.13} [3.30, 4.95], (p=97, n=13, P=103, N=631)
2026-04-14 12:25:33,089 - INFO - *****GROWING RR RULE*****
2026-04-14 12:25:35,617 - INFO - Iteracja 0: condition_best: None, quality_best: -inf, coverage_best: (p=0, n=0, P=0, N=0), p_value: 0
2026-04-14 12:25:35,618 - INFO - Regula po iteracji 0: IF  THEN class = {7.58} [4.47, 10.69], (p=543, n=191, P=543, N=191)
2026-04-14 12:25:35,618 - INFO - *****STOP GROWING RR RULE*****
2026-04-14 12:25:35,618 - INFO - ***RR NOT FOUND***
2026-04-14 12:25:35,772 - INFO - Iteracja 2: condition_best: 3M-Rate-SecondaryMarket >= 2.91, quality_best: 0.832, coverage_best: (p=96, n=13, P=103, N=631)
2026-04-14 12:25:35,772 - INFO - Regula po iteracji 2: IF 3M-Rate-SecondaryMarket <= 4.49 AND 3Y-CMaturityRate >= 2.90 AND 3M-Rate-SecondaryMarket >= 2.91 THEN class = {4.13} [3.31, 4.96], (p=96, n=13, P=103, N=631)
2026-04-14 12:25:35,773 - INFO - *****GROWING RR RULE*****
2026-04-14 12:25:38,822 - INFO - Iteracja 0: condition_best: None, quality_best: -inf, coverage_best: (p=0, n=0, P=0, N=0), p_value: 0
2026-04-14 12:25:38,822 - INFO - Regula po iteracji 0: IF  THEN class = {7.58} [4.47, 10.69], (p=543, n=191, P=543, N=191)
2026-04-14 12:25:38,822 - INFO - *****STOP GROWING RR RULE*****
2026-04-14 12:25:38,823 - INFO - ***RR NOT FOUND***
2026-04-14 12:25:38,978 - INFO - Iteracja 3: condition_best: demandDeposits <= 479.10, quality_best: 0.841, coverage_best: (p=96, n=12, P=103, N=631)
2026-04-14 12:25:38,978 - INFO - Regula po iteracji 3: IF 3M-Rate-SecondaryMarket <= 4.49 AND 3Y-CMaturityRate >= 2.90 AND 3M-Rate-SecondaryMarket >= 2.91 AND demandDeposits <= 479.10 THEN class = {4.13} [3.30, 4.96], (p=96, n=12, P=103, N=631)
2026-04-14 12:25:38,978 - INFO - *****GROWING RR RULE*****
2026-04-14 12:25:41,505 - INFO - Iteracja 0: condition_best: None, quality_best: -inf, coverage_best: (p=0, n=0, P=0, N=0), p_value: 0
2026-04-14 12:25:41,506 - INFO - Regula po iteracji 0: IF  THEN class = {7.58} [4.47, 10.69], (p=543, n=191, P=543, N=191)
2026-04-14 12:25:41,506 - INFO - *****STOP GROWING RR RULE*****
2026-04-14 12:25:41,506 - INFO - ***RR NOT FOUND***
2026-04-14 12:25:41,660 - INFO - Iteracja 4: condition_best: 3M-Rate-SecondaryMarket <= 4.47, quality_best: 0.836, coverage_best: (p=95, n=12, P=103, N=631)
2026-04-14 12:25:41,660 - INFO - Regula po iteracji 4: IF 3M-Rate-SecondaryMarket <= 4.49 AND 3Y-CMaturityRate >= 2.90 AND 3M-Rate-SecondaryMarket >= 2.91 AND demandDeposits <= 479.10 AND 3M-Rate-SecondaryMarket <= 4.47 THEN class = {4.12} [3.29, 4.95], (p=95, n=12, P=103, N=631)
2026-04-14 12:25:41,661 - INFO - *****GROWING RR RULE*****
2026-04-14 12:25:44,180 - INFO - Iteracja 0: condition_best: None, quality_best: -inf, coverage_best: (p=0, n=0, P=0, N=0), p_value: 0
2026-04-14 12:25:44,180 - INFO - Regula po iteracji 0: IF  THEN class = {7.58} [4.47, 10.69], (p=543, n=191, P=543, N=191)
2026-04-14 12:25:44,180 - INFO - *****STOP GROWING RR RULE*****
2026-04-14 12:25:44,180 - INFO - ***RR NOT FOUND***
2026-04-14 12:25:44,180 - INFO - *******STOP GROWING CR RULE*******
2026-04-14 12:25:44,185 - INFO - *******GROWING CR RULE*******
2026-04-14 12:25:45,907 - INFO - Iteracja 0: condition_best: 3M-Rate-SecondaryMarket <= 4.58, quality_best: 0.788, coverage_best: (p=101, n=21, P=104, N=630)
2026-04-14 12:25:45,907 - INFO - Regula po iteracji 0: IF 3M-Rate-SecondaryMarket <= 4.58 THEN class = {4.15} [3.32, 4.99], (p=101, n=21, P=104, N=630)
2026-04-14 12:25:45,908 - INFO - *****GROWING RR RULE*****
2026-04-14 12:25:48,433 - INFO - Iteracja 0: condition_best: None, quality_best: -inf, coverage_best: (p=0, n=0, P=0, N=0), p_value: 0
2026-04-14 12:25:48,433 - INFO - Regula po iteracji 0: IF  THEN class = {7.58} [4.47, 10.69], (p=543, n=191, P=543, N=191)
2026-04-14 12:25:48,433 - INFO - *****STOP GROWING RR RULE*****
2026-04-14 12:25:48,433 - INFO - ***RR NOT FOUND***
2026-04-14 12:25:48,604 - INFO - Iteracja 1: condition_best: checkableDeposits <= 1,137.95, quality_best: 0.862, coverage_best: (p=94, n=10, P=100, N=634)
2026-04-14 12:25:48,604 - INFO - Regula po iteracji 1: IF 3M-Rate-SecondaryMarket <= 4.58 AND checkableDeposits <= 1,137.95 THEN class = {4.00} [3.21, 4.80], (p=94, n=10, P=100, N=634)
2026-04-14 12:25:48,604 - INFO - *****GROWING RR RULE*****
2026-04-14 12:25:51,646 - INFO - Iteracja 0: condition_best: None, quality_best: -inf, coverage_best: (p=0, n=0, P=0, N=0), p_value: 0
2026-04-14 12:25:51,647 - INFO - Regula po iteracji 0: IF  THEN class = {7.58} [4.47, 10.69], (p=543, n=191, P=543, N=191)
2026-04-14 12:25:51,647 - INFO - *****STOP GROWING RR RULE*****
2026-04-14 12:25:51,647 - INFO - ***RR NOT FOUND***
2026-04-14 12:25:51,792 - INFO - Iteracja 2: condition_best: 3Y-CMaturityRate >= 2.90, quality_best: 0.891, coverage_best: (p=93, n=7, P=99, N=635)
2026-04-14 12:25:51,792 - INFO - Regula po iteracji 2: IF 3M-Rate-SecondaryMarket <= 4.58 AND checkableDeposits <= 1,137.95 AND 3Y-CMaturityRate >= 2.90 THEN class = {4.04} [3.24, 4.83], (p=93, n=7, P=99, N=635)
2026-04-14 12:25:51,792 - INFO - *****GROWING RR RULE*****
2026-04-14 12:25:54,305 - INFO - Iteracja 0: condition_best: None, quality_best: -inf, coverage_best: (p=0, n=0, P=0, N=0), p_value: 0
2026-04-14 12:25:54,305 - INFO - Regula po iteracji 0: IF  THEN class = {7.58} [4.47, 10.69], (p=543, n=191, P=543, N=191)
2026-04-14 12:25:54,305 - INFO - *****STOP GROWING RR RULE*****
2026-04-14 12:25:54,305 - INFO - ***RR NOT FOUND***
2026-04-14 12:25:54,446 - INFO - Iteracja 3: condition_best: 3M-Rate-SecondaryMarket <= 4.55, quality_best: 0.896, coverage_best: (p=92, n=6, P=99, N=635)
2026-04-14 12:25:54,446 - INFO - Regula po iteracji 3: IF 3M-Rate-SecondaryMarket <= 4.58 AND checkableDeposits <= 1,137.95 AND 3Y-CMaturityRate >= 2.90 AND 3M-Rate-SecondaryMarket <= 4.55 THEN class = {4.02} [3.22, 4.81], (p=92, n=6, P=99, N=635)
2026-04-14 12:25:54,447 - INFO - *****GROWING RR RULE*****
2026-04-14 12:25:56,954 - INFO - Iteracja 0: condition_best: None, quality_best: -inf, coverage_best: (p=0, n=0, P=0, N=0), p_value: 0
2026-04-14 12:25:56,954 - INFO - Regula po iteracji 0: IF  THEN class = {7.58} [4.47, 10.69], (p=543, n=191, P=543, N=191)
2026-04-14 12:25:56,954 - INFO - *****STOP GROWING RR RULE*****
2026-04-14 12:25:56,954 - INFO - ***RR NOT FOUND***
2026-04-14 12:25:57,094 - INFO - Iteracja 4: condition_best: 1Y-CMaturityRate >= 81.40, quality_best: 0.902, coverage_best: (p=91, n=5, P=99, N=635)
2026-04-14 12:25:57,094 - INFO - Regula po iteracji 4: IF 3M-Rate-SecondaryMarket <= 4.58 AND checkableDeposits <= 1,137.95 AND 3Y-CMaturityRate >= 2.90 AND 3M-Rate-SecondaryMarket <= 4.55 AND 1Y-CMaturityRate >= 81.40 THEN class = {4.03} [3.23, 4.83], (p=91, n=5, P=99, N=635)
2026-04-14 12:25:57,094 - INFO - *****GROWING RR RULE*****
2026-04-14 12:25:59,602 - INFO - Iteracja 0: condition_best: None, quality_best: -inf, coverage_best: (p=0, n=0, P=0, N=0), p_value: 0
2026-04-14 12:25:59,603 - INFO - Regula po iteracji 0: IF  THEN class = {7.58} [4.47, 10.69], (p=543, n=191, P=543, N=191)
2026-04-14 12:25:59,603 - INFO - *****STOP GROWING RR RULE*****
2026-04-14 12:25:59,603 - INFO - ***RR NOT FOUND***
2026-04-14 12:25:59,603 - INFO - *******STOP GROWING CR RULE*******
2026-04-14 12:25:59,607 - INFO - *******GROWING CR RULE*******
2026-04-14 12:26:01,866 - INFO - Iteracja 0: condition_best: 3M-Rate-SecondaryMarket <= 4.61, quality_best: 0.752, coverage_best: (p=100, n=25, P=104, N=630)
2026-04-14 12:26:01,866 - INFO - Regula po iteracji 0: IF 3M-Rate-SecondaryMarket <= 4.61 THEN class = {4.18} [3.33, 5.03], (p=100, n=25, P=104, N=630)
2026-04-14 12:26:01,866 - INFO - *****GROWING RR RULE*****
2026-04-14 12:26:04,386 - INFO - Iteracja 0: condition_best: None, quality_best: -inf, coverage_best: (p=0, n=0, P=0, N=0), p_value: 0
2026-04-14 12:26:04,386 - INFO - Regula po iteracji 0: IF  THEN class = {7.58} [4.47, 10.69], (p=543, n=191, P=543, N=191)
2026-04-14 12:26:04,386 - INFO - *****STOP GROWING RR RULE*****
2026-04-14 12:26:04,386 - INFO - ***RR NOT FOUND***
2026-04-14 12:26:04,560 - INFO - Iteracja 1: condition_best: loansLeases <= 796.65, quality_best: 0.777, coverage_best: (p=89, n=14, P=105, N=629)
2026-04-14 12:26:04,560 - INFO - Regula po iteracji 1: IF 3M-Rate-SecondaryMarket <= 4.61 AND loansLeases <= 796.65 THEN class = {4.11} [3.26, 4.96], (p=89, n=14, P=105, N=629)
2026-04-14 12:26:04,561 - INFO - *****GROWING RR RULE*****
2026-04-14 12:26:07,072 - INFO - Iteracja 0: condition_best: None, quality_best: -inf, coverage_best: (p=0, n=0, P=0, N=0), p_value: 0
2026-04-14 12:26:07,073 - INFO - Regula po iteracji 0: IF  THEN class = {7.58} [4.47, 10.69], (p=543, n=191, P=543, N=191)
2026-04-14 12:26:07,073 - INFO - *****STOP GROWING RR RULE*****
2026-04-14 12:26:07,073 - INFO - ***RR NOT FOUND***
2026-04-14 12:26:07,219 - INFO - Iteracja 2: condition_best: 3Y-CMaturityRate >= 2.90, quality_best: 0.811, coverage_best: (p=89, n=10, P=106, N=628)
2026-04-14 12:26:07,220 - INFO - Regula po iteracji 2: IF 3M-Rate-SecondaryMarket <= 4.61 AND loansLeases <= 796.65 AND 3Y-CMaturityRate >= 2.90 THEN class = {4.15} [3.30, 5.00], (p=89, n=10, P=106, N=628)
2026-04-14 12:26:07,220 - INFO - *****GROWING RR RULE*****
2026-04-14 12:26:09,724 - INFO - Iteracja 0: condition_best: None, quality_best: -inf, coverage_best: (p=0, n=0, P=0, N=0), p_value: 0
2026-04-14 12:26:09,724 - INFO - Regula po iteracji 0: IF  THEN class = {7.58} [4.47, 10.69], (p=543, n=191, P=543, N=191)
2026-04-14 12:26:09,724 - INFO - *****STOP GROWING RR RULE*****
2026-04-14 12:26:09,724 - INFO - ***RR NOT FOUND***
2026-04-14 12:26:09,865 - INFO - Iteracja 3: condition_best: demandDeposits <= 488.95, quality_best: 0.825, coverage_best: (p=89, n=9, P=105, N=629)
2026-04-14 12:26:09,865 - INFO - Regula po iteracji 3: IF 3M-Rate-SecondaryMarket <= 4.61 AND loansLeases <= 796.65 AND 3Y-CMaturityRate >= 2.90 AND demandDeposits <= 488.95 THEN class = {4.14} [3.29, 4.99], (p=89, n=9, P=105, N=629)
2026-04-14 12:26:09,866 - INFO - *****GROWING RR RULE*****
2026-04-14 12:26:12,375 - INFO - Iteracja 0: condition_best: None, quality_best: -inf, coverage_best: (p=0, n=0, P=0, N=0), p_value: 0
2026-04-14 12:26:12,376 - INFO - Regula po iteracji 0: IF  THEN class = {7.58} [4.47, 10.69], (p=543, n=191, P=543, N=191)
2026-04-14 12:26:12,376 - INFO - *****STOP GROWING RR RULE*****
2026-04-14 12:26:12,376 - INFO - ***RR NOT FOUND***
2026-04-14 12:26:12,515 - INFO - Iteracja 4: condition_best: 3M-Rate-SecondaryMarket >= 2.91, quality_best: 0.831, coverage_best: (p=89, n=8, P=106, N=628)
2026-04-14 12:26:12,515 - INFO - Regula po iteracji 4: IF 3M-Rate-SecondaryMarket <= 4.61 AND loansLeases <= 796.65 AND 3Y-CMaturityRate >= 2.90 AND demandDeposits <= 488.95 AND 3M-Rate-SecondaryMarket >= 2.91 THEN class = {4.15} [3.30, 4.99], (p=89, n=8, P=106, N=628)
2026-04-14 12:26:12,516 - INFO - *****GROWING RR RULE*****
2026-04-14 12:26:15,574 - INFO - Iteracja 0: condition_best: None, quality_best: -inf, coverage_best: (p=0, n=0, P=0, N=0), p_value: 0
2026-04-14 12:26:15,575 - INFO - Regula po iteracji 0: IF  THEN class = {7.58} [4.47, 10.69], (p=543, n=191, P=543, N=191)
2026-04-14 12:26:15,575 - INFO - *****STOP GROWING RR RULE*****
2026-04-14 12:26:15,575 - INFO - ***RR NOT FOUND***
2026-04-14 12:26:15,575 - INFO - *******STOP GROWING CR RULE*******
2026-04-14 12:26:15,580 - INFO - *******GROWING CR RULE*******
2026-04-14 12:26:17,298 - INFO - Iteracja 0: condition_best: 1MonthCDRate >= 12.54, quality_best: 0.727, coverage_best: (p=53, n=18, P=53, N=681)
2026-04-14 12:26:17,298 - INFO - Regula po iteracji 0: IF 1MonthCDRate >= 12.54 THEN class = {14.63} [13.46, 15.80], (p=53, n=18, P=53, N=681)
2026-04-14 12:26:17,298 - INFO - *****GROWING RR RULE*****
2026-04-14 12:26:19,833 - INFO - Iteracja 0: condition_best: None, quality_best: -inf, coverage_best: (p=0, n=0, P=0, N=0), p_value: 0
2026-04-14 12:26:19,834 - INFO - Regula po iteracji 0: IF  THEN class = {7.58} [4.47, 10.69], (p=543, n=191, P=543, N=191)
2026-04-14 12:26:19,834 - INFO - *****STOP GROWING RR RULE*****
2026-04-14 12:26:19,834 - INFO - ***RR NOT FOUND***
2026-04-14 12:26:19,945 - INFO - Iteracja 1: condition_best: 3Y-CMaturityRate <= 14.54, quality_best: 0.751, coverage_best: (p=40, n=10, P=44, N=690)
2026-04-14 12:26:19,945 - INFO - Regula po iteracji 1: IF 1MonthCDRate >= 12.54 AND 3Y-CMaturityRate <= 14.54 THEN class = {14.18} [13.19, 15.18], (p=40, n=10, P=44, N=690)
2026-04-14 12:26:19,945 - INFO - *****GROWING RR RULE*****
2026-04-14 12:26:22,448 - INFO - Iteracja 0: condition_best: None, quality_best: -inf, coverage_best: (p=0, n=0, P=0, N=0), p_value: 0
2026-04-14 12:26:22,448 - INFO - Regula po iteracji 0: IF  THEN class = {7.58} [4.47, 10.69], (p=543, n=191, P=543, N=191)
2026-04-14 12:26:22,448 - INFO - *****STOP GROWING RR RULE*****
2026-04-14 12:26:22,448 - INFO - ***RR NOT FOUND***
2026-04-14 12:26:22,526 - INFO - Iteracja 2: condition_best: 3M-Rate-AuctionAverage <= 18.58, quality_best: 0.768, coverage_best: (p=40, n=9, P=44, N=690)
2026-04-14 12:26:22,526 - INFO - Regula po iteracji 2: IF 1MonthCDRate >= 12.54 AND 3Y-CMaturityRate <= 14.54 AND 3M-Rate-AuctionAverage <= 18.58 THEN class = {14.15} [13.17, 15.14], (p=40, n=9, P=44, N=690)
2026-04-14 12:26:22,526 - INFO - *****GROWING RR RULE*****
2026-04-14 12:26:25,038 - INFO - Iteracja 0: condition_best: None, quality_best: -inf, coverage_best: (p=0, n=0, P=0, N=0), p_value: 0
2026-04-14 12:26:25,038 - INFO - Regula po iteracji 0: IF  THEN class = {7.58} [4.47, 10.69], (p=543, n=191, P=543, N=191)
2026-04-14 12:26:25,038 - INFO - *****STOP GROWING RR RULE*****
2026-04-14 12:26:25,038 - INFO - ***RR NOT FOUND***
2026-04-14 12:26:25,111 - INFO - Iteracja 3: condition_best: 3M-Rate-AuctionAverage <= 18.48, quality_best: 0.764, coverage_best: (p=39, n=9, P=43, N=691)
2026-04-14 12:26:25,112 - INFO - Regula po iteracji 3: IF 1MonthCDRate >= 12.54 AND 3Y-CMaturityRate <= 14.54 AND 3M-Rate-AuctionAverage <= 18.58 AND 3M-Rate-AuctionAverage <= 18.48 THEN class = {14.13} [13.15, 15.12], (p=39, n=9, P=43, N=691)
2026-04-14 12:26:25,112 - INFO - *****GROWING RR RULE*****
2026-04-14 12:26:28,149 - INFO - Iteracja 0: condition_best: None, quality_best: -inf, coverage_best: (p=0, n=0, P=0, N=0), p_value: 0
2026-04-14 12:26:28,150 - INFO - Regula po iteracji 0: IF  THEN class = {7.58} [4.47, 10.69], (p=543, n=191, P=543, N=191)
2026-04-14 12:26:28,150 - INFO - *****STOP GROWING RR RULE*****
2026-04-14 12:26:28,150 - INFO - ***RR NOT FOUND***
2026-04-14 12:26:28,223 - INFO - Iteracja 4: condition_best: demandDeposits >= 107.50, quality_best: 0.768, coverage_best: (p=38, n=8, P=43, N=691)
2026-04-14 12:26:28,223 - INFO - Regula po iteracji 4: IF 1MonthCDRate >= 12.54 AND 3Y-CMaturityRate <= 14.54 AND 3M-Rate-AuctionAverage <= 18.58 AND 3M-Rate-AuctionAverage <= 18.48 AND demandDeposits >= 107.50 THEN class = {14.16} [13.19, 15.13], (p=38, n=8, P=43, N=691)
2026-04-14 12:26:28,224 - INFO - *****GROWING RR RULE*****
2026-04-14 12:26:30,721 - INFO - Iteracja 0: condition_best: None, quality_best: -inf, coverage_best: (p=0, n=0, P=0, N=0), p_value: 0
2026-04-14 12:26:30,722 - INFO - Regula po iteracji 0: IF  THEN class = {7.58} [4.47, 10.69], (p=543, n=191, P=543, N=191)
2026-04-14 12:26:30,722 - INFO - *****STOP GROWING RR RULE*****
2026-04-14 12:26:30,722 - INFO - ***RR NOT FOUND***
2026-04-14 12:26:30,722 - INFO - *******STOP GROWING CR RULE*******
2026-04-14 12:26:30,726 - INFO - *******GROWING CR RULE*******
2026-04-14 12:26:32,428 - INFO - Iteracja 0: condition_best: 1MonthCDRate >= 12.54, quality_best: 0.727, coverage_best: (p=53, n=18, P=53, N=681)
2026-04-14 12:26:32,428 - INFO - Regula po iteracji 0: IF 1MonthCDRate >= 12.54 THEN class = {14.63} [13.46, 15.80], (p=53, n=18, P=53, N=681)
2026-04-14 12:26:32,429 - INFO - *****GROWING RR RULE*****
2026-04-14 12:26:34,947 - INFO - Iteracja 0: condition_best: None, quality_best: -inf, coverage_best: (p=0, n=0, P=0, N=0), p_value: 0
2026-04-14 12:26:34,947 - INFO - Regula po iteracji 0: IF  THEN class = {7.58} [4.47, 10.69], (p=543, n=191, P=543, N=191)
2026-04-14 12:26:34,948 - INFO - *****STOP GROWING RR RULE*****
2026-04-14 12:26:34,948 - INFO - ***RR NOT FOUND***
2026-04-14 12:26:35,049 - INFO - Iteracja 1: condition_best: 5Y-CMaturityRate <= 15.57, quality_best: 0.745, coverage_best: (p=48, n=15, P=48, N=686)
2026-04-14 12:26:35,050 - INFO - Regula po iteracji 1: IF 1MonthCDRate >= 12.54 AND 5Y-CMaturityRate <= 15.57 THEN class = {14.41} [13.37, 15.45], (p=48, n=15, P=48, N=686)
2026-04-14 12:26:35,050 - INFO - *****GROWING RR RULE*****
2026-04-14 12:26:37,560 - INFO - Iteracja 0: condition_best: None, quality_best: -inf, coverage_best: (p=0, n=0, P=0, N=0), p_value: 0
2026-04-14 12:26:37,560 - INFO - Regula po iteracji 0: IF  THEN class = {7.58} [4.47, 10.69], (p=543, n=191, P=543, N=191)
2026-04-14 12:26:37,560 - INFO - *****STOP GROWING RR RULE*****
2026-04-14 12:26:37,560 - INFO - ***RR NOT FOUND***
2026-04-14 12:26:37,653 - INFO - Iteracja 2: condition_best: demandDeposits >= 108.00, quality_best: 0.782, coverage_best: (p=45, n=11, P=46, N=688)
2026-04-14 12:26:37,653 - INFO - Regula po iteracji 2: IF 1MonthCDRate >= 12.54 AND 5Y-CMaturityRate <= 15.57 AND demandDeposits >= 108.00 THEN class = {14.37} [13.37, 15.37], (p=45, n=11, P=46, N=688)
2026-04-14 12:26:37,654 - INFO - *****GROWING RR RULE*****
2026-04-14 12:26:40,688 - INFO - Iteracja 0: condition_best: None, quality_best: -inf, coverage_best: (p=0, n=0, P=0, N=0), p_value: 0
2026-04-14 12:26:40,688 - INFO - Regula po iteracji 0: IF  THEN class = {7.58} [4.47, 10.69], (p=543, n=191, P=543, N=191)
2026-04-14 12:26:40,689 - INFO - *****STOP GROWING RR RULE*****
2026-04-14 12:26:40,689 - INFO - ***RR NOT FOUND***
2026-04-14 12:26:40,772 - INFO - Iteracja 3: condition_best: 1MonthCDRate <= 20.00, quality_best: 0.797, coverage_best: (p=45, n=10, P=46, N=688)
2026-04-14 12:26:40,772 - INFO - Regula po iteracji 3: IF 1MonthCDRate >= 12.54 AND 5Y-CMaturityRate <= 15.57 AND demandDeposits >= 108.00 AND 1MonthCDRate <= 20.00 THEN class = {14.35} [13.35, 15.34], (p=45, n=10, P=46, N=688)
2026-04-14 12:26:40,772 - INFO - *****GROWING RR RULE*****
2026-04-14 12:26:43,288 - INFO - Iteracja 0: condition_best: None, quality_best: -inf, coverage_best: (p=0, n=0, P=0, N=0), p_value: 0
2026-04-14 12:26:43,289 - INFO - Regula po iteracji 0: IF  THEN class = {7.58} [4.47, 10.69], (p=543, n=191, P=543, N=191)
2026-04-14 12:26:43,289 - INFO - *****STOP GROWING RR RULE*****
2026-04-14 12:26:43,289 - INFO - ***RR NOT FOUND***
2026-04-14 12:26:43,370 - INFO - Iteracja 4: condition_best: 1MonthCDRate >= 12.61, quality_best: 0.813, coverage_best: (p=45, n=9, P=46, N=688)
2026-04-14 12:26:43,370 - INFO - Regula po iteracji 4: IF 1MonthCDRate >= 12.54 AND 5Y-CMaturityRate <= 15.57 AND demandDeposits >= 108.00 AND 1MonthCDRate <= 20.00 AND 1MonthCDRate >= 12.61 THEN class = {14.39} [13.42, 15.35], (p=45, n=9, P=46, N=688)
2026-04-14 12:26:43,371 - INFO - *****GROWING RR RULE*****
2026-04-14 12:26:45,881 - INFO - Iteracja 0: condition_best: None, quality_best: -inf, coverage_best: (p=0, n=0, P=0, N=0), p_value: 0
2026-04-14 12:26:45,882 - INFO - Regula po iteracji 0: IF  THEN class = {7.58} [4.47, 10.69], (p=543, n=191, P=543, N=191)
2026-04-14 12:26:45,882 - INFO - *****STOP GROWING RR RULE*****
2026-04-14 12:26:45,882 - INFO - ***RR NOT FOUND***
2026-04-14 12:26:45,882 - INFO - *******STOP GROWING CR RULE*******
2026-04-14 12:26:45,886 - INFO - *******GROWING CR RULE*******
2026-04-14 12:26:47,584 - INFO - Iteracja 0: condition_best: 1MonthCDRate >= 12.54, quality_best: 0.727, coverage_best: (p=53, n=18, P=53, N=681)
2026-04-14 12:26:47,584 - INFO - Regula po iteracji 0: IF 1MonthCDRate >= 12.54 THEN class = {14.63} [13.46, 15.80], (p=53, n=18, P=53, N=681)
2026-04-14 12:26:47,584 - INFO - *****GROWING RR RULE*****
2026-04-14 12:26:50,099 - INFO - Iteracja 0: condition_best: None, quality_best: -inf, coverage_best: (p=0, n=0, P=0, N=0), p_value: 0
2026-04-14 12:26:50,100 - INFO - Regula po iteracji 0: IF  THEN class = {7.58} [4.47, 10.69], (p=543, n=191, P=543, N=191)
2026-04-14 12:26:50,100 - INFO - *****STOP GROWING RR RULE*****
2026-04-14 12:26:50,100 - INFO - ***RR NOT FOUND***
2026-04-14 12:26:50,201 - INFO - Iteracja 1: condition_best: 5Y-CMaturityRate <= 15.57, quality_best: 0.745, coverage_best: (p=48, n=15, P=48, N=686)
2026-04-14 12:26:50,201 - INFO - Regula po iteracji 1: IF 1MonthCDRate >= 12.54 AND 5Y-CMaturityRate <= 15.57 THEN class = {14.41} [13.37, 15.45], (p=48, n=15, P=48, N=686)
2026-04-14 12:26:50,201 - INFO - *****GROWING RR RULE*****
2026-04-14 12:26:52,704 - INFO - Iteracja 0: condition_best: None, quality_best: -inf, coverage_best: (p=0, n=0, P=0, N=0), p_value: 0
2026-04-14 12:26:52,704 - INFO - Regula po iteracji 0: IF  THEN class = {7.58} [4.47, 10.69], (p=543, n=191, P=543, N=191)
2026-04-14 12:26:52,704 - INFO - *****STOP GROWING RR RULE*****
2026-04-14 12:26:52,705 - INFO - ***RR NOT FOUND***
2026-04-14 12:26:52,795 - INFO - Iteracja 2: condition_best: currency >= 1,153.00, quality_best: 0.772, coverage_best: (p=48, n=13, P=48, N=686)
2026-04-14 12:26:52,795 - INFO - Regula po iteracji 2: IF 1MonthCDRate >= 12.54 AND 5Y-CMaturityRate <= 15.57 AND currency >= 1,153.00 THEN class = {14.46} [13.45, 15.47], (p=48, n=13, P=48, N=686)
2026-04-14 12:26:52,796 - INFO - *****GROWING RR RULE*****
2026-04-14 12:26:55,832 - INFO - Iteracja 0: condition_best: None, quality_best: -inf, coverage_best: (p=0, n=0, P=0, N=0), p_value: 0
2026-04-14 12:26:55,833 - INFO - Regula po iteracji 0: IF  THEN class = {7.58} [4.47, 10.69], (p=543, n=191, P=543, N=191)
2026-04-14 12:26:55,833 - INFO - *****STOP GROWING RR RULE*****
2026-04-14 12:26:55,833 - INFO - ***RR NOT FOUND***
2026-04-14 12:26:55,921 - INFO - Iteracja 3: condition_best: 3M-Rate-AuctionAverage >= 14.04, quality_best: 0.783, coverage_best: (p=47, n=12, P=47, N=687)
2026-04-14 12:26:55,921 - INFO - Regula po iteracji 3: IF 1MonthCDRate >= 12.54 AND 5Y-CMaturityRate <= 15.57 AND currency >= 1,153.00 AND 3M-Rate-AuctionAverage >= 14.04 THEN class = {14.47} [13.50, 15.45], (p=47, n=12, P=47, N=687)
2026-04-14 12:26:55,922 - INFO - *****GROWING RR RULE*****
2026-04-14 12:26:58,423 - INFO - Iteracja 0: condition_best: None, quality_best: -inf, coverage_best: (p=0, n=0, P=0, N=0), p_value: 0
2026-04-14 12:26:58,424 - INFO - Regula po iteracji 0: IF  THEN class = {7.58} [4.47, 10.69], (p=543, n=191, P=543, N=191)
2026-04-14 12:26:58,424 - INFO - *****STOP GROWING RR RULE*****
2026-04-14 12:26:58,424 - INFO - ***RR NOT FOUND***
2026-04-14 12:26:58,510 - INFO - Iteracja 4: condition_best: currency <= 1,384.15, quality_best: 0.779, coverage_best: (p=46, n=12, P=46, N=688)
2026-04-14 12:26:58,510 - INFO - Regula po iteracji 4: IF 1MonthCDRate >= 12.54 AND 5Y-CMaturityRate <= 15.57 AND currency >= 1,153.00 AND 3M-Rate-AuctionAverage >= 14.04 AND currency <= 1,384.15 THEN class = {14.49} [13.52, 15.46], (p=46, n=12, P=46, N=688)
2026-04-14 12:26:58,511 - INFO - *****GROWING RR RULE*****
2026-04-14 12:27:01,008 - INFO - Iteracja 0: condition_best: None, quality_best: -inf, coverage_best: (p=0, n=0, P=0, N=0), p_value: 0
2026-04-14 12:27:01,008 - INFO - Regula po iteracji 0: IF  THEN class = {7.58} [4.47, 10.69], (p=543, n=191, P=543, N=191)
2026-04-14 12:27:01,009 - INFO - *****STOP GROWING RR RULE*****
2026-04-14 12:27:01,009 - INFO - ***RR NOT FOUND***
2026-04-14 12:27:01,009 - INFO - *******STOP GROWING CR RULE*******
2026-04-14 12:27:01,013 - INFO - *******GROWING CR RULE*******
2026-04-14 12:27:02,703 - INFO - Iteracja 0: condition_best: 1MonthCDRate >= 12.54, quality_best: 0.727, coverage_best: (p=53, n=18, P=53, N=681)
2026-04-14 12:27:02,703 - INFO - Regula po iteracji 0: IF 1MonthCDRate >= 12.54 THEN class = {14.63} [13.46, 15.80], (p=53, n=18, P=53, N=681)
2026-04-14 12:27:02,703 - INFO - *****GROWING RR RULE*****
2026-04-14 12:27:05,225 - INFO - Iteracja 0: condition_best: None, quality_best: -inf, coverage_best: (p=0, n=0, P=0, N=0), p_value: 0
2026-04-14 12:27:05,225 - INFO - Regula po iteracji 0: IF  THEN class = {7.58} [4.47, 10.69], (p=543, n=191, P=543, N=191)
2026-04-14 12:27:05,226 - INFO - *****STOP GROWING RR RULE*****
2026-04-14 12:27:05,226 - INFO - ***RR NOT FOUND***
2026-04-14 12:27:05,327 - INFO - Iteracja 1: condition_best: 5Y-CMaturityRate <= 15.98, quality_best: 0.728, coverage_best: (p=50, n=17, P=50, N=684)
2026-04-14 12:27:05,327 - INFO - Regula po iteracji 1: IF 1MonthCDRate >= 12.54 AND 5Y-CMaturityRate <= 15.98 THEN class = {14.51} [13.42, 15.61], (p=50, n=17, P=50, N=684)
2026-04-14 12:27:05,327 - INFO - *****GROWING RR RULE*****
2026-04-14 12:27:08,355 - INFO - Iteracja 0: condition_best: None, quality_best: -inf, coverage_best: (p=0, n=0, P=0, N=0), p_value: 0
2026-04-14 12:27:08,355 - INFO - Regula po iteracji 0: IF  THEN class = {7.58} [4.47, 10.69], (p=543, n=191, P=543, N=191)
2026-04-14 12:27:08,356 - INFO - *****STOP GROWING RR RULE*****
2026-04-14 12:27:08,356 - INFO - ***RR NOT FOUND***
2026-04-14 12:27:08,453 - INFO - Iteracja 2: condition_best: checkableDeposits >= 382.90, quality_best: 0.74, coverage_best: (p=50, n=16, P=50, N=684)
2026-04-14 12:27:08,453 - INFO - Regula po iteracji 2: IF 1MonthCDRate >= 12.54 AND 5Y-CMaturityRate <= 15.98 AND checkableDeposits >= 382.90 THEN class = {14.53} [13.44, 15.62], (p=50, n=16, P=50, N=684)
2026-04-14 12:27:08,454 - INFO - *****GROWING RR RULE*****
2026-04-14 12:27:10,966 - INFO - Iteracja 0: condition_best: None, quality_best: -inf, coverage_best: (p=0, n=0, P=0, N=0), p_value: 0
2026-04-14 12:27:10,967 - INFO - Regula po iteracji 0: IF  THEN class = {7.58} [4.47, 10.69], (p=543, n=191, P=543, N=191)
2026-04-14 12:27:10,967 - INFO - *****STOP GROWING RR RULE*****
2026-04-14 12:27:10,967 - INFO - ***RR NOT FOUND***
2026-04-14 12:27:11,064 - INFO - Iteracja 3: condition_best: 5Y-CMaturityRate <= 15.93, quality_best: 0.752, coverage_best: (p=50, n=15, P=50, N=684)
2026-04-14 12:27:11,064 - INFO - Regula po iteracji 3: IF 1MonthCDRate >= 12.54 AND 5Y-CMaturityRate <= 15.98 AND checkableDeposits >= 382.90 AND 5Y-CMaturityRate <= 15.93 THEN class = {14.51} [13.42, 15.59], (p=50, n=15, P=50, N=684)
2026-04-14 12:27:11,064 - INFO - *****GROWING RR RULE*****
2026-04-14 12:27:13,574 - INFO - Iteracja 0: condition_best: None, quality_best: -inf, coverage_best: (p=0, n=0, P=0, N=0), p_value: 0
2026-04-14 12:27:13,574 - INFO - Regula po iteracji 0: IF  THEN class = {7.58} [4.47, 10.69], (p=543, n=191, P=543, N=191)
2026-04-14 12:27:13,574 - INFO - *****STOP GROWING RR RULE*****
2026-04-14 12:27:13,574 - INFO - ***RR NOT FOUND***
2026-04-14 12:27:13,671 - INFO - Iteracja 4: condition_best: 3M-Rate-SecondaryMarket <= 15.82, quality_best: 0.751, coverage_best: (p=46, n=14, P=46, N=688)
2026-04-14 12:27:13,671 - INFO - Regula po iteracji 4: IF 1MonthCDRate >= 12.54 AND 5Y-CMaturityRate <= 15.98 AND checkableDeposits >= 382.90 AND 5Y-CMaturityRate <= 15.93 AND 3M-Rate-SecondaryMarket <= 15.82 THEN class = {14.38} [13.36, 15.39], (p=46, n=14, P=46, N=688)
2026-04-14 12:27:13,671 - INFO - *****GROWING RR RULE*****
2026-04-14 12:27:16,183 - INFO - Iteracja 0: condition_best: None, quality_best: -inf, coverage_best: (p=0, n=0, P=0, N=0), p_value: 0
2026-04-14 12:27:16,183 - INFO - Regula po iteracji 0: IF  THEN class = {7.58} [4.47, 10.69], (p=543, n=191, P=543, N=191)
2026-04-14 12:27:16,183 - INFO - *****STOP GROWING RR RULE*****
2026-04-14 12:27:16,184 - INFO - ***RR NOT FOUND***
2026-04-14 12:27:16,184 - INFO - *******STOP GROWING CR RULE*******
2026-04-14 12:27:16,187 - INFO - *******GROWING CR RULE*******
2026-04-14 12:27:17,878 - INFO - Iteracja 0: condition_best: 3M-Rate-SecondaryMarket <= 4.62, quality_best: 0.718, coverage_best: (p=101, n=28, P=109, N=625)
2026-04-14 12:27:17,878 - INFO - Regula po iteracji 0: IF 3M-Rate-SecondaryMarket <= 4.62 THEN class = {4.22} [3.36, 5.09], (p=101, n=28, P=109, N=625)
2026-04-14 12:27:17,878 - INFO - *****GROWING RR RULE*****
2026-04-14 12:27:20,404 - INFO - Iteracja 0: condition_best: None, quality_best: -inf, coverage_best: (p=0, n=0, P=0, N=0), p_value: 0
2026-04-14 12:27:20,405 - INFO - Regula po iteracji 0: IF  THEN class = {7.58} [4.47, 10.69], (p=543, n=191, P=543, N=191)
2026-04-14 12:27:20,405 - INFO - *****STOP GROWING RR RULE*****
2026-04-14 12:27:20,405 - INFO - ***RR NOT FOUND***
2026-04-14 12:27:21,104 - INFO - Iteracja 1: condition_best: bankCredit >= 4.20, quality_best: 0.712, coverage_best: (p=100, n=28, P=109, N=625)
2026-04-14 12:27:21,104 - INFO - Regula po iteracji 1: IF 3M-Rate-SecondaryMarket <= 4.62 AND bankCredit >= 4.20 THEN class = {4.22} [3.35, 5.10], (p=100, n=28, P=109, N=625)
2026-04-14 12:27:21,105 - INFO - *****GROWING RR RULE*****
2026-04-14 12:27:23,631 - INFO - Iteracja 0: condition_best: None, quality_best: -inf, coverage_best: (p=0, n=0, P=0, N=0), p_value: 0
2026-04-14 12:27:23,632 - INFO - Regula po iteracji 0: IF  THEN class = {7.58} [4.47, 10.69], (p=543, n=191, P=543, N=191)
2026-04-14 12:27:23,632 - INFO - *****STOP GROWING RR RULE*****
2026-04-14 12:27:23,632 - INFO - ***RR NOT FOUND***
2026-04-14 12:27:23,811 - INFO - Iteracja 2: condition_best: 5Y-CMaturityRate >= 4.17, quality_best: 0.712, coverage_best: (p=98, n=27, P=108, N=626)
2026-04-14 12:27:23,812 - INFO - Regula po iteracji 2: IF 3M-Rate-SecondaryMarket <= 4.62 AND bankCredit >= 4.20 AND 5Y-CMaturityRate >= 4.17 THEN class = {4.25} [3.38, 5.12], (p=98, n=27, P=108, N=626)
2026-04-14 12:27:23,812 - INFO - *****GROWING RR RULE*****
2026-04-14 12:27:26,350 - INFO - Iteracja 0: condition_best: None, quality_best: -inf, coverage_best: (p=0, n=0, P=0, N=0), p_value: 0
2026-04-14 12:27:26,350 - INFO - Regula po iteracji 0: IF  THEN class = {7.58} [4.47, 10.69], (p=543, n=191, P=543, N=191)
2026-04-14 12:27:26,350 - INFO - *****STOP GROWING RR RULE*****
2026-04-14 12:27:26,350 - INFO - ***RR NOT FOUND***
2026-04-14 12:27:26,528 - INFO - Iteracja 3: condition_best: 1MonthCDRate >= 3.05, quality_best: 0.719, coverage_best: (p=98, n=26, P=108, N=626)
2026-04-14 12:27:26,528 - INFO - Regula po iteracji 3: IF 3M-Rate-SecondaryMarket <= 4.62 AND bankCredit >= 4.20 AND 5Y-CMaturityRate >= 4.17 AND 1MonthCDRate >= 3.05 THEN class = {4.25} [3.39, 5.12], (p=98, n=26, P=108, N=626)
2026-04-14 12:27:26,529 - INFO - *****GROWING RR RULE*****
2026-04-14 12:27:29,051 - INFO - Iteracja 0: condition_best: None, quality_best: -inf, coverage_best: (p=0, n=0, P=0, N=0), p_value: 0
2026-04-14 12:27:29,051 - INFO - Regula po iteracji 0: IF  THEN class = {7.58} [4.47, 10.69], (p=543, n=191, P=543, N=191)
2026-04-14 12:27:29,051 - INFO - *****STOP GROWING RR RULE*****
2026-04-14 12:27:29,051 - INFO - ***RR NOT FOUND***
2026-04-14 12:27:29,229 - INFO - Iteracja 4: condition_best: 3M-Rate-AuctionAverage >= 6.70, quality_best: 0.718, coverage_best: (p=97, n=25, P=109, N=625)
2026-04-14 12:27:29,229 - INFO - Regula po iteracji 4: IF 3M-Rate-SecondaryMarket <= 4.62 AND bankCredit >= 4.20 AND 5Y-CMaturityRate >= 4.17 AND 1MonthCDRate >= 3.05 AND 3M-Rate-AuctionAverage >= 6.70 THEN class = {4.25} [3.38, 5.13], (p=97, n=25, P=109, N=625)
2026-04-14 12:27:29,229 - INFO - *****GROWING RR RULE*****
2026-04-14 12:27:31,744 - INFO - Iteracja 0: condition_best: None, quality_best: -inf, coverage_best: (p=0, n=0, P=0, N=0), p_value: 0
2026-04-14 12:27:31,744 - INFO - Regula po iteracji 0: IF  THEN class = {7.58} [4.47, 10.69], (p=543, n=191, P=543, N=191)
2026-04-14 12:27:31,745 - INFO - *****STOP GROWING RR RULE*****
2026-04-14 12:27:31,745 - INFO - ***RR NOT FOUND***
2026-04-14 12:27:31,745 - INFO - *******STOP GROWING CR RULE*******
2026-04-14 12:27:31,749 - INFO - *******GROWING CR RULE*******
2026-04-14 12:27:33,437 - INFO - Iteracja 0: condition_best: 3M-Rate-SecondaryMarket >= 11.14, quality_best: 0.705, coverage_best: (p=52, n=19, P=53, N=681)
2026-04-14 12:27:33,437 - INFO - Regula po iteracji 0: IF 3M-Rate-SecondaryMarket >= 11.14 THEN class = {14.62} [13.45, 15.79], (p=52, n=19, P=53, N=681)
2026-04-14 12:27:33,438 - INFO - *****GROWING RR RULE*****
2026-04-14 12:27:36,483 - INFO - Iteracja 0: condition_best: None, quality_best: -inf, coverage_best: (p=0, n=0, P=0, N=0), p_value: 0
2026-04-14 12:27:36,484 - INFO - Regula po iteracji 0: IF  THEN class = {7.58} [4.47, 10.69], (p=543, n=191, P=543, N=191)
2026-04-14 12:27:36,484 - INFO - *****STOP GROWING RR RULE*****
2026-04-14 12:27:36,484 - INFO - ***RR NOT FOUND***
2026-04-14 12:27:36,587 - INFO - Iteracja 1: condition_best: 3M-Rate-AuctionAverage >= 13.66, quality_best: 0.705, coverage_best: (p=50, n=19, P=50, N=684)
2026-04-14 12:27:36,588 - INFO - Regula po iteracji 1: IF 3M-Rate-SecondaryMarket >= 11.14 AND 3M-Rate-AuctionAverage >= 13.66 THEN class = {14.69} [13.57, 15.80], (p=50, n=19, P=50, N=684)
2026-04-14 12:27:36,588 - INFO - *****GROWING RR RULE*****
2026-04-14 12:27:39,105 - INFO - Iteracja 0: condition_best: None, quality_best: -inf, coverage_best: (p=0, n=0, P=0, N=0), p_value: 0
2026-04-14 12:27:39,105 - INFO - Regula po iteracji 0: IF  THEN class = {7.58} [4.47, 10.69], (p=543, n=191, P=543, N=191)
2026-04-14 12:27:39,106 - INFO - *****STOP GROWING RR RULE*****
2026-04-14 12:27:39,106 - INFO - ***RR NOT FOUND***
2026-04-14 12:27:39,205 - INFO - Iteracja 2: condition_best: currency <= 1,384.15, quality_best: 0.716, coverage_best: (p=50, n=18, P=50, N=684)
2026-04-14 12:27:39,205 - INFO - Regula po iteracji 2: IF 3M-Rate-SecondaryMarket >= 11.14 AND 3M-Rate-AuctionAverage >= 13.66 AND currency <= 1,384.15 THEN class = {14.71} [13.59, 15.82], (p=50, n=18, P=50, N=684)
2026-04-14 12:27:39,205 - INFO - *****GROWING RR RULE*****
2026-04-14 12:27:41,718 - INFO - Iteracja 0: condition_best: None, quality_best: -inf, coverage_best: (p=0, n=0, P=0, N=0), p_value: 0
2026-04-14 12:27:41,718 - INFO - Regula po iteracji 0: IF  THEN class = {7.58} [4.47, 10.69], (p=543, n=191, P=543, N=191)
2026-04-14 12:27:41,719 - INFO - *****STOP GROWING RR RULE*****
2026-04-14 12:27:41,719 - INFO - ***RR NOT FOUND***
2026-04-14 12:27:41,817 - INFO - Iteracja 3: condition_best: 3Y-CMaturityRate <= 16.68, quality_best: 0.728, coverage_best: (p=50, n=17, P=50, N=684)
2026-04-14 12:27:41,817 - INFO - Regula po iteracji 3: IF 3M-Rate-SecondaryMarket >= 11.14 AND 3M-Rate-AuctionAverage >= 13.66 AND currency <= 1,384.15 AND 3Y-CMaturityRate <= 16.68 THEN class = {14.68} [13.58, 15.77], (p=50, n=17, P=50, N=684)
2026-04-14 12:27:41,817 - INFO - *****GROWING RR RULE*****
2026-04-14 12:27:44,332 - INFO - Iteracja 0: condition_best: None, quality_best: -inf, coverage_best: (p=0, n=0, P=0, N=0), p_value: 0
2026-04-14 12:27:44,332 - INFO - Regula po iteracji 0: IF  THEN class = {7.58} [4.47, 10.69], (p=543, n=191, P=543, N=191)
2026-04-14 12:27:44,332 - INFO - *****STOP GROWING RR RULE*****
2026-04-14 12:27:44,332 - INFO - ***RR NOT FOUND***
2026-04-14 12:27:44,431 - INFO - Iteracja 4: condition_best: currency >= 1,155.20, quality_best: 0.728, coverage_best: (p=49, n=16, P=50, N=684)
2026-04-14 12:27:44,431 - INFO - Regula po iteracji 4: IF 3M-Rate-SecondaryMarket >= 11.14 AND 3M-Rate-AuctionAverage >= 13.66 AND currency <= 1,384.15 AND 3Y-CMaturityRate <= 16.68 AND currency >= 1,155.20 THEN class = {14.68} [13.59, 15.77], (p=49, n=16, P=50, N=684)
2026-04-14 12:27:44,431 - INFO - *****GROWING RR RULE*****
2026-04-14 12:27:46,949 - INFO - Iteracja 0: condition_best: None, quality_best: -inf, coverage_best: (p=0, n=0, P=0, N=0), p_value: 0
2026-04-14 12:27:46,949 - INFO - Regula po iteracji 0: IF  THEN class = {7.58} [4.47, 10.69], (p=543, n=191, P=543, N=191)
2026-04-14 12:27:46,949 - INFO - *****STOP GROWING RR RULE*****
2026-04-14 12:27:46,949 - INFO - ***RR NOT FOUND***
2026-04-14 12:27:46,949 - INFO - *******STOP GROWING CR RULE*******
2026-04-14 12:27:46,953 - INFO - *******GROWING CR RULE*******
2026-04-14 12:27:49,170 - INFO - Iteracja 0: condition_best: moneyStock >= 12.20, quality_best: 0.695, coverage_best: (p=56, n=22, P=56, N=678)
2026-04-14 12:27:49,171 - INFO - Regula po iteracji 0: IF moneyStock >= 12.20 THEN class = {14.37} [12.95, 15.78], (p=56, n=22, P=56, N=678)
2026-04-14 12:27:49,171 - INFO - *****GROWING RR RULE*****
2026-04-14 12:27:51,697 - INFO - Iteracja 0: condition_best: None, quality_best: -inf, coverage_best: (p=0, n=0, P=0, N=0), p_value: 0
2026-04-14 12:27:51,697 - INFO - Regula po iteracji 0: IF  THEN class = {7.58} [4.47, 10.69], (p=543, n=191, P=543, N=191)
2026-04-14 12:27:51,698 - INFO - *****STOP GROWING RR RULE*****
2026-04-14 12:27:51,698 - INFO - ***RR NOT FOUND***
2026-04-14 12:27:51,810 - INFO - Iteracja 1: condition_best: 3M-Rate-AuctionAverage >= 13.89, quality_best: 0.722, coverage_best: (p=55, n=19, P=55, N=679)
2026-04-14 12:27:51,810 - INFO - Regula po iteracji 1: IF moneyStock >= 12.20 AND 3M-Rate-AuctionAverage >= 13.89 THEN class = {14.49} [13.14, 15.84], (p=55, n=19, P=55, N=679)
2026-04-14 12:27:51,810 - INFO - *****GROWING RR RULE*****
2026-04-14 12:27:54,327 - INFO - Iteracja 0: condition_best: None, quality_best: -inf, coverage_best: (p=0, n=0, P=0, N=0), p_value: 0
2026-04-14 12:27:54,327 - INFO - Regula po iteracji 0: IF  THEN class = {7.58} [4.47, 10.69], (p=543, n=191, P=543, N=191)
2026-04-14 12:27:54,327 - INFO - *****STOP GROWING RR RULE*****
2026-04-14 12:27:54,327 - INFO - ***RR NOT FOUND***
2026-04-14 12:27:54,434 - INFO - Iteracja 2: condition_best: 5Y-CMaturityRate <= 15.53, quality_best: 0.752, coverage_best: (p=50, n=15, P=50, N=684)
2026-04-14 12:27:54,434 - INFO - Regula po iteracji 2: IF moneyStock >= 12.20 AND 3M-Rate-AuctionAverage >= 13.89 AND 5Y-CMaturityRate <= 15.53 THEN class = {14.23} [13.00, 15.46], (p=50, n=15, P=50, N=684)
2026-04-14 12:27:54,434 - INFO - *****GROWING RR RULE*****
2026-04-14 12:27:56,948 - INFO - Iteracja 0: condition_best: None, quality_best: -inf, coverage_best: (p=0, n=0, P=0, N=0), p_value: 0
2026-04-14 12:27:56,948 - INFO - Regula po iteracji 0: IF  THEN class = {7.58} [4.47, 10.69], (p=543, n=191, P=543, N=191)
2026-04-14 12:27:56,948 - INFO - *****STOP GROWING RR RULE*****
2026-04-14 12:27:56,949 - INFO - ***RR NOT FOUND***
2026-04-14 12:27:57,044 - INFO - Iteracja 3: condition_best: demandDeposits >= 107.65, quality_best: 0.778, coverage_best: (p=48, n=12, P=49, N=685)
2026-04-14 12:27:57,044 - INFO - Regula po iteracji 3: IF moneyStock >= 12.20 AND 3M-Rate-AuctionAverage >= 13.89 AND 5Y-CMaturityRate <= 15.53 AND demandDeposits >= 107.65 THEN class = {14.13} [12.91, 15.34], (p=48, n=12, P=49, N=685)
2026-04-14 12:27:57,044 - INFO - *****GROWING RR RULE*****
2026-04-14 12:27:59,566 - INFO - Iteracja 0: condition_best: None, quality_best: -inf, coverage_best: (p=0, n=0, P=0, N=0), p_value: 0
2026-04-14 12:27:59,566 - INFO - Regula po iteracji 0: IF  THEN class = {7.58} [4.47, 10.69], (p=543, n=191, P=543, N=191)
2026-04-14 12:27:59,566 - INFO - *****STOP GROWING RR RULE*****
2026-04-14 12:27:59,566 - INFO - ***RR NOT FOUND***
2026-04-14 12:27:59,654 - INFO - Iteracja 4: condition_best: 3M-Rate-SecondaryMarket <= 16.55, quality_best: 0.771, coverage_best: (p=46, n=12, P=47, N=687)
2026-04-14 12:27:59,654 - INFO - Regula po iteracji 4: IF moneyStock >= 12.20 AND 3M-Rate-AuctionAverage >= 13.89 AND 5Y-CMaturityRate <= 15.53 AND demandDeposits >= 107.65 AND 3M-Rate-SecondaryMarket <= 16.55 THEN class = {14.08} [12.87, 15.29], (p=46, n=12, P=47, N=687)
2026-04-14 12:27:59,654 - INFO - *****GROWING RR RULE*****
2026-04-14 12:28:02,694 - INFO - Iteracja 0: condition_best: None, quality_best: -inf, coverage_best: (p=0, n=0, P=0, N=0), p_value: 0
2026-04-14 12:28:02,694 - INFO - Regula po iteracji 0: IF  THEN class = {7.58} [4.47, 10.69], (p=543, n=191, P=543, N=191)
2026-04-14 12:28:02,694 - INFO - *****STOP GROWING RR RULE*****
2026-04-14 12:28:02,694 - INFO - ***RR NOT FOUND***
2026-04-14 12:28:02,694 - INFO - *******STOP GROWING CR RULE*******
2026-04-14 12:28:02,698 - INFO - *******GROWING CR RULE*******
2026-04-14 12:28:04,378 - INFO - Iteracja 0: condition_best: 3M-Rate-SecondaryMarket <= 4.67, quality_best: 0.685, coverage_best: (p=101, n=33, P=109, N=625)
2026-04-14 12:28:04,379 - INFO - Regula po iteracji 0: IF 3M-Rate-SecondaryMarket <= 4.67 THEN class = {4.26} [3.39, 5.13], (p=101, n=33, P=109, N=625)
2026-04-14 12:28:04,379 - INFO - *****GROWING RR RULE*****
2026-04-14 12:28:06,933 - INFO - Iteracja 0: condition_best: None, quality_best: -inf, coverage_best: (p=0, n=0, P=0, N=0), p_value: 0
2026-04-14 12:28:06,934 - INFO - Regula po iteracji 0: IF  THEN class = {7.58} [4.47, 10.69], (p=543, n=191, P=543, N=191)
2026-04-14 12:28:06,934 - INFO - *****STOP GROWING RR RULE*****
2026-04-14 12:28:06,934 - INFO - ***RR NOT FOUND***
2026-04-14 12:28:07,122 - INFO - Iteracja 1: condition_best: checkableDeposits <= 1,152.50, quality_best: 0.711, coverage_best: (p=101, n=30, P=107, N=627)
2026-04-14 12:28:07,122 - INFO - Regula po iteracji 1: IF 3M-Rate-SecondaryMarket <= 4.67 AND checkableDeposits <= 1,152.50 THEN class = {4.23} [3.37, 5.08], (p=101, n=30, P=107, N=627)
2026-04-14 12:28:07,123 - INFO - *****GROWING RR RULE*****
2026-04-14 12:28:09,659 - INFO - Iteracja 0: condition_best: None, quality_best: -inf, coverage_best: (p=0, n=0, P=0, N=0), p_value: 0
2026-04-14 12:28:09,659 - INFO - Regula po iteracji 0: IF  THEN class = {7.58} [4.47, 10.69], (p=543, n=191, P=543, N=191)
2026-04-14 12:28:09,660 - INFO - *****STOP GROWING RR RULE*****
2026-04-14 12:28:09,660 - INFO - ***RR NOT FOUND***
2026-04-14 12:28:09,845 - INFO - Iteracja 2: condition_best: loansLeases <= 797.30, quality_best: 0.717, coverage_best: (p=91, n=20, P=111, N=623)
2026-04-14 12:28:09,845 - INFO - Regula po iteracji 2: IF 3M-Rate-SecondaryMarket <= 4.67 AND checkableDeposits <= 1,152.50 AND loansLeases <= 797.30 THEN class = {4.19} [3.32, 5.07], (p=91, n=20, P=111, N=623)
2026-04-14 12:28:09,845 - INFO - *****GROWING RR RULE*****
2026-04-14 12:28:12,368 - INFO - Iteracja 0: condition_best: None, quality_best: -inf, coverage_best: (p=0, n=0, P=0, N=0), p_value: 0
2026-04-14 12:28:12,369 - INFO - Regula po iteracji 0: IF  THEN class = {7.58} [4.47, 10.69], (p=543, n=191, P=543, N=191)
2026-04-14 12:28:12,369 - INFO - *****STOP GROWING RR RULE*****
2026-04-14 12:28:12,369 - INFO - ***RR NOT FOUND***
2026-04-14 12:28:12,527 - INFO - Iteracja 3: condition_best: 3M-Rate-AuctionAverage >= 6.72, quality_best: 0.732, coverage_best: (p=91, n=17, P=114, N=620)
2026-04-14 12:28:12,527 - INFO - Regula po iteracji 3: IF 3M-Rate-SecondaryMarket <= 4.67 AND checkableDeposits <= 1,152.50 AND loansLeases <= 797.30 AND 3M-Rate-AuctionAverage >= 6.72 THEN class = {4.18} [3.30, 5.07], (p=91, n=17, P=114, N=620)
2026-04-14 12:28:12,528 - INFO - *****GROWING RR RULE*****
2026-04-14 12:28:15,590 - INFO - Iteracja 0: condition_best: None, quality_best: -inf, coverage_best: (p=0, n=0, P=0, N=0), p_value: 0
2026-04-14 12:28:15,591 - INFO - Regula po iteracji 0: IF  THEN class = {7.58} [4.47, 10.69], (p=543, n=191, P=543, N=191)
2026-04-14 12:28:15,591 - INFO - *****STOP GROWING RR RULE*****
2026-04-14 12:28:15,591 - INFO - ***RR NOT FOUND***
2026-04-14 12:28:15,746 - INFO - Iteracja 4: condition_best: 1MonthCDRate >= 3.05, quality_best: 0.73, coverage_best: (p=90, n=17, P=113, N=621)
2026-04-14 12:28:15,746 - INFO - Regula po iteracji 4: IF 3M-Rate-SecondaryMarket <= 4.67 AND checkableDeposits <= 1,152.50 AND loansLeases <= 797.30 AND 3M-Rate-AuctionAverage >= 6.72 AND 1MonthCDRate >= 3.05 THEN class = {4.19} [3.31, 5.08], (p=90, n=17, P=113, N=621)
2026-04-14 12:28:15,746 - INFO - *****GROWING RR RULE*****
2026-04-14 12:28:18,269 - INFO - Iteracja 0: condition_best: None, quality_best: -inf, coverage_best: (p=0, n=0, P=0, N=0), p_value: 0
2026-04-14 12:28:18,269 - INFO - Regula po iteracji 0: IF  THEN class = {7.58} [4.47, 10.69], (p=543, n=191, P=543, N=191)
2026-04-14 12:28:18,270 - INFO - *****STOP GROWING RR RULE*****
2026-04-14 12:28:18,270 - INFO - ***RR NOT FOUND***
2026-04-14 12:28:18,270 - INFO - *******STOP GROWING CR RULE*******
2026-04-14 12:28:18,273 - INFO - *******GROWING CR RULE*******
2026-04-14 12:28:19,962 - INFO - Iteracja 0: condition_best: federalFunds >= 384.95, quality_best: 0.685, coverage_best: (p=134, n=21, P=197, N=537)
2026-04-14 12:28:19,962 - INFO - Regula po iteracji 0: IF federalFunds >= 384.95 THEN class = {5.41} [4.87, 5.94], (p=134, n=21, P=197, N=537)
2026-04-14 12:28:19,962 - INFO - *****GROWING RR RULE*****
2026-04-14 12:28:22,531 - INFO - Iteracja 0: condition_best: None, quality_best: -inf, coverage_best: (p=0, n=0, P=0, N=0), p_value: 0
2026-04-14 12:28:22,532 - INFO - Regula po iteracji 0: IF  THEN class = {7.58} [4.47, 10.69], (p=543, n=191, P=543, N=191)
2026-04-14 12:28:22,532 - INFO - *****STOP GROWING RR RULE*****
2026-04-14 12:28:22,532 - INFO - ***RR NOT FOUND***
2026-04-14 12:28:22,768 - INFO - Iteracja 1: condition_best: loansLeases <= 800.20, quality_best: 0.715, coverage_best: (p=132, n=17, P=191, N=543)
2026-04-14 12:28:22,768 - INFO - Regula po iteracji 1: IF federalFunds >= 384.95 AND loansLeases <= 800.20 THEN class = {5.46} [4.97, 5.94], (p=132, n=17, P=191, N=543)
2026-04-14 12:28:22,768 - INFO - *****GROWING RR RULE*****
2026-04-14 12:28:25,334 - INFO - Iteracja 0: condition_best: None, quality_best: -inf, coverage_best: (p=0, n=0, P=0, N=0), p_value: 0
2026-04-14 12:28:25,335 - INFO - Regula po iteracji 0: IF  THEN class = {7.58} [4.47, 10.69], (p=543, n=191, P=543, N=191)
2026-04-14 12:28:25,335 - INFO - *****STOP GROWING RR RULE*****
2026-04-14 12:28:25,335 - INFO - ***RR NOT FOUND***
2026-04-14 12:28:25,548 - INFO - Iteracja 2: condition_best: 5Y-CMaturityRate <= 6.45, quality_best: 0.734, coverage_best: (p=117, n=10, P=183, N=551)
2026-04-14 12:28:25,548 - INFO - Regula po iteracji 2: IF federalFunds >= 384.95 AND loansLeases <= 800.20 AND 5Y-CMaturityRate <= 6.45 THEN class = {5.39} [4.90, 5.87], (p=117, n=10, P=183, N=551)
2026-04-14 12:28:25,548 - INFO - *****GROWING RR RULE*****
2026-04-14 12:28:28,605 - INFO - Iteracja 0: condition_best: None, quality_best: -inf, coverage_best: (p=0, n=0, P=0, N=0), p_value: 0
2026-04-14 12:28:28,606 - INFO - Regula po iteracji 0: IF  THEN class = {7.58} [4.47, 10.69], (p=543, n=191, P=543, N=191)
2026-04-14 12:28:28,606 - INFO - *****STOP GROWING RR RULE*****
2026-04-14 12:28:28,606 - INFO - ***RR NOT FOUND***
2026-04-14 12:28:28,787 - INFO - Iteracja 3: condition_best: 1MonthCDRate <= 5.98, quality_best: 0.74, coverage_best: (p=117, n=9, P=184, N=550)
2026-04-14 12:28:28,787 - INFO - Regula po iteracji 3: IF federalFunds >= 384.95 AND loansLeases <= 800.20 AND 5Y-CMaturityRate <= 6.45 AND 1MonthCDRate <= 5.98 THEN class = {5.38} [4.90, 5.87], (p=117, n=9, P=184, N=550)
2026-04-14 12:28:28,788 - INFO - *****GROWING RR RULE*****
2026-04-14 12:28:31,340 - INFO - Iteracja 0: condition_best: None, quality_best: -inf, coverage_best: (p=0, n=0, P=0, N=0), p_value: 0
2026-04-14 12:28:31,341 - INFO - Regula po iteracji 0: IF  THEN class = {7.58} [4.47, 10.69], (p=543, n=191, P=543, N=191)
2026-04-14 12:28:31,341 - INFO - *****STOP GROWING RR RULE*****
2026-04-14 12:28:31,341 - INFO - ***RR NOT FOUND***
2026-04-14 12:28:31,520 - INFO - Iteracja 4: condition_best: 1MonthCDRate <= 5.95, quality_best: 0.737, coverage_best: (p=116, n=9, P=184, N=550)
2026-04-14 12:28:31,520 - INFO - Regula po iteracji 4: IF federalFunds >= 384.95 AND loansLeases <= 800.20 AND 5Y-CMaturityRate <= 6.45 AND 1MonthCDRate <= 5.98 AND 1MonthCDRate <= 5.95 THEN class = {5.38} [4.90, 5.87], (p=116, n=9, P=184, N=550)
2026-04-14 12:28:31,521 - INFO - *****GROWING RR RULE*****
2026-04-14 12:28:34,066 - INFO - Iteracja 0: condition_best: None, quality_best: -inf, coverage_best: (p=0, n=0, P=0, N=0), p_value: 0
2026-04-14 12:28:34,066 - INFO - Regula po iteracji 0: IF  THEN class = {7.58} [4.47, 10.69], (p=543, n=191, P=543, N=191)
2026-04-14 12:28:34,066 - INFO - *****STOP GROWING RR RULE*****
2026-04-14 12:28:34,066 - INFO - ***RR NOT FOUND***
2026-04-14 12:28:34,066 - INFO - *******STOP GROWING CR RULE*******
2026-04-14 12:28:34,070 - INFO - *******GROWING CR RULE*******
2026-04-14 12:28:35,703 - INFO - Iteracja 0: condition_best: federalFunds >= 384.95, quality_best: 0.685, coverage_best: (p=134, n=21, P=197, N=537)
2026-04-14 12:28:35,703 - INFO - Regula po iteracji 0: IF federalFunds >= 384.95 THEN class = {5.41} [4.87, 5.94], (p=134, n=21, P=197, N=537)
2026-04-14 12:28:35,704 - INFO - *****GROWING RR RULE*****
2026-04-14 12:28:38,267 - INFO - Iteracja 0: condition_best: None, quality_best: -inf, coverage_best: (p=0, n=0, P=0, N=0), p_value: 0
2026-04-14 12:28:38,268 - INFO - Regula po iteracji 0: IF  THEN class = {7.58} [4.47, 10.69], (p=543, n=191, P=543, N=191)
2026-04-14 12:28:38,268 - INFO - *****STOP GROWING RR RULE*****
2026-04-14 12:28:38,268 - INFO - ***RR NOT FOUND***
2026-04-14 12:28:38,474 - INFO - Iteracja 1: condition_best: loansLeases <= 800.20, quality_best: 0.715, coverage_best: (p=132, n=17, P=191, N=543)
2026-04-14 12:28:38,474 - INFO - Regula po iteracji 1: IF federalFunds >= 384.95 AND loansLeases <= 800.20 THEN class = {5.46} [4.97, 5.94], (p=132, n=17, P=191, N=543)
2026-04-14 12:28:38,474 - INFO - *****GROWING RR RULE*****
2026-04-14 12:28:41,554 - INFO - Iteracja 0: condition_best: None, quality_best: -inf, coverage_best: (p=0, n=0, P=0, N=0), p_value: 0
2026-04-14 12:28:41,554 - INFO - Regula po iteracji 0: IF  THEN class = {7.58} [4.47, 10.69], (p=543, n=191, P=543, N=191)
2026-04-14 12:28:41,554 - INFO - *****STOP GROWING RR RULE*****
2026-04-14 12:28:41,554 - INFO - ***RR NOT FOUND***
2026-04-14 12:28:41,753 - INFO - Iteracja 2: condition_best: 5Y-CMaturityRate <= 6.53, quality_best: 0.727, coverage_best: (p=121, n=12, P=185, N=549)
2026-04-14 12:28:41,753 - INFO - Regula po iteracji 2: IF federalFunds >= 384.95 AND loansLeases <= 800.20 AND 5Y-CMaturityRate <= 6.53 THEN class = {5.40} [4.92, 5.88], (p=121, n=12, P=185, N=549)
2026-04-14 12:28:41,753 - INFO - *****GROWING RR RULE*****
2026-04-14 12:28:44,305 - INFO - Iteracja 0: condition_best: None, quality_best: -inf, coverage_best: (p=0, n=0, P=0, N=0), p_value: 0
2026-04-14 12:28:44,306 - INFO - Regula po iteracji 0: IF  THEN class = {7.58} [4.47, 10.69], (p=543, n=191, P=543, N=191)
2026-04-14 12:28:44,306 - INFO - *****STOP GROWING RR RULE*****
2026-04-14 12:28:44,306 - INFO - ***RR NOT FOUND***
2026-04-14 12:28:44,481 - INFO - Iteracja 3: condition_best: loansLeases <= 800.05, quality_best: 0.732, coverage_best: (p=119, n=12, P=179, N=555)
2026-04-14 12:28:44,481 - INFO - Regula po iteracji 3: IF federalFunds >= 384.95 AND loansLeases <= 800.20 AND 5Y-CMaturityRate <= 6.53 AND loansLeases <= 800.05 THEN class = {5.43} [4.98, 5.87], (p=119, n=12, P=179, N=555)
2026-04-14 12:28:44,481 - INFO - *****GROWING RR RULE*****
2026-04-14 12:28:47,039 - INFO - Iteracja 0: condition_best: None, quality_best: -inf, coverage_best: (p=0, n=0, P=0, N=0), p_value: 0
2026-04-14 12:28:47,040 - INFO - Regula po iteracji 0: IF  THEN class = {7.58} [4.47, 10.69], (p=543, n=191, P=543, N=191)
2026-04-14 12:28:47,040 - INFO - *****STOP GROWING RR RULE*****
2026-04-14 12:28:47,040 - INFO - ***RR NOT FOUND***
2026-04-14 12:28:47,214 - INFO - Iteracja 4: condition_best: 5Y-CMaturityRate <= 6.51, quality_best: 0.734, coverage_best: (p=118, n=11, P=180, N=554)
2026-04-14 12:28:47,214 - INFO - Regula po iteracji 4: IF federalFunds >= 384.95 AND loansLeases <= 800.20 AND 5Y-CMaturityRate <= 6.53 AND loansLeases <= 800.05 AND 5Y-CMaturityRate <= 6.51 THEN class = {5.42} [4.98, 5.87], (p=118, n=11, P=180, N=554)
2026-04-14 12:28:47,215 - INFO - *****GROWING RR RULE*****
2026-04-14 12:28:49,782 - INFO - Iteracja 0: condition_best: None, quality_best: -inf, coverage_best: (p=0, n=0, P=0, N=0), p_value: 0
2026-04-14 12:28:49,782 - INFO - Regula po iteracji 0: IF  THEN class = {7.58} [4.47, 10.69], (p=543, n=191, P=543, N=191)
2026-04-14 12:28:49,782 - INFO - *****STOP GROWING RR RULE*****
2026-04-14 12:28:49,782 - INFO - ***RR NOT FOUND***
2026-04-14 12:28:49,782 - INFO - *******STOP GROWING CR RULE*******
2026-04-14 12:28:49,785 - INFO - *******GROWING CR RULE*******
2026-04-14 12:28:51,407 - INFO - Iteracja 0: condition_best: federalFunds >= 384.95, quality_best: 0.685, coverage_best: (p=134, n=21, P=197, N=537)
2026-04-14 12:28:51,407 - INFO - Regula po iteracji 0: IF federalFunds >= 384.95 THEN class = {5.41} [4.87, 5.94], (p=134, n=21, P=197, N=537)
2026-04-14 12:28:51,407 - INFO - *****GROWING RR RULE*****
2026-04-14 12:28:54,516 - INFO - Iteracja 0: condition_best: None, quality_best: -inf, coverage_best: (p=0, n=0, P=0, N=0), p_value: 0
2026-04-14 12:28:54,516 - INFO - Regula po iteracji 0: IF  THEN class = {7.58} [4.47, 10.69], (p=543, n=191, P=543, N=191)
2026-04-14 12:28:54,517 - INFO - *****STOP GROWING RR RULE*****
2026-04-14 12:28:54,517 - INFO - ***RR NOT FOUND***
2026-04-14 12:28:54,724 - INFO - Iteracja 1: condition_best: loansLeases <= 800.20, quality_best: 0.715, coverage_best: (p=132, n=17, P=191, N=543)
2026-04-14 12:28:54,724 - INFO - Regula po iteracji 1: IF federalFunds >= 384.95 AND loansLeases <= 800.20 THEN class = {5.46} [4.97, 5.94], (p=132, n=17, P=191, N=543)
2026-04-14 12:28:54,724 - INFO - *****GROWING RR RULE*****
2026-04-14 12:28:57,297 - INFO - Iteracja 0: condition_best: None, quality_best: -inf, coverage_best: (p=0, n=0, P=0, N=0), p_value: 0
2026-04-14 12:28:57,298 - INFO - Regula po iteracji 0: IF  THEN class = {7.58} [4.47, 10.69], (p=543, n=191, P=543, N=191)
2026-04-14 12:28:57,298 - INFO - *****STOP GROWING RR RULE*****
2026-04-14 12:28:57,298 - INFO - ***RR NOT FOUND***
2026-04-14 12:28:57,498 - INFO - Iteracja 2: condition_best: 3M-Rate-AuctionAverage <= 8.79, quality_best: 0.727, coverage_best: (p=129, n=15, P=187, N=547)
2026-04-14 12:28:57,498 - INFO - Regula po iteracji 2: IF federalFunds >= 384.95 AND loansLeases <= 800.20 AND 3M-Rate-AuctionAverage <= 8.79 THEN class = {5.43} [4.96, 5.91], (p=129, n=15, P=187, N=547)
2026-04-14 12:28:57,498 - INFO - *****GROWING RR RULE*****
2026-04-14 12:29:00,074 - INFO - Iteracja 0: condition_best: None, quality_best: -inf, coverage_best: (p=0, n=0, P=0, N=0), p_value: 0
2026-04-14 12:29:00,075 - INFO - Regula po iteracji 0: IF  THEN class = {7.58} [4.47, 10.69], (p=543, n=191, P=543, N=191)
2026-04-14 12:29:00,075 - INFO - *****STOP GROWING RR RULE*****
2026-04-14 12:29:00,075 - INFO - ***RR NOT FOUND***
2026-04-14 12:29:00,266 - INFO - Iteracja 3: condition_best: loansLeases <= 800.05, quality_best: 0.727, coverage_best: (p=126, n=16, P=178, N=556)
2026-04-14 12:29:00,266 - INFO - Regula po iteracji 3: IF federalFunds >= 384.95 AND loansLeases <= 800.20 AND 3M-Rate-AuctionAverage <= 8.79 AND loansLeases <= 800.05 THEN class = {5.45} [5.01, 5.89], (p=126, n=16, P=178, N=556)
2026-04-14 12:29:00,267 - INFO - *****GROWING RR RULE*****
2026-04-14 12:29:02,827 - INFO - Iteracja 0: condition_best: None, quality_best: -inf, coverage_best: (p=0, n=0, P=0, N=0), p_value: 0
2026-04-14 12:29:02,827 - INFO - Regula po iteracji 0: IF  THEN class = {7.58} [4.47, 10.69], (p=543, n=191, P=543, N=191)
2026-04-14 12:29:02,828 - INFO - *****STOP GROWING RR RULE*****
2026-04-14 12:29:02,828 - INFO - ***RR NOT FOUND***
2026-04-14 12:29:03,017 - INFO - Iteracja 4: condition_best: federalFunds <= 411.75, quality_best: 0.734, coverage_best: (p=126, n=15, P=178, N=556)
2026-04-14 12:29:03,017 - INFO - Regula po iteracji 4: IF federalFunds >= 384.95 AND loansLeases <= 800.20 AND 3M-Rate-AuctionAverage <= 8.79 AND loansLeases <= 800.05 AND federalFunds <= 411.75 THEN class = {5.45} [5.01, 5.89], (p=126, n=15, P=178, N=556)
2026-04-14 12:29:03,018 - INFO - *****GROWING RR RULE*****
2026-04-14 12:29:05,581 - INFO - Iteracja 0: condition_best: None, quality_best: -inf, coverage_best: (p=0, n=0, P=0, N=0), p_value: 0
2026-04-14 12:29:05,582 - INFO - Regula po iteracji 0: IF  THEN class = {7.58} [4.47, 10.69], (p=543, n=191, P=543, N=191)
2026-04-14 12:29:05,582 - INFO - *****STOP GROWING RR RULE*****
2026-04-14 12:29:05,582 - INFO - ***RR NOT FOUND***
2026-04-14 12:29:05,582 - INFO - *******STOP GROWING CR RULE*******
2026-04-14 12:29:05,585 - INFO - *******GROWING CR RULE*******
2026-04-14 12:29:07,745 - INFO - Iteracja 0: condition_best: federalFunds >= 384.95, quality_best: 0.685, coverage_best: (p=134, n=21, P=197, N=537)
2026-04-14 12:29:07,745 - INFO - Regula po iteracji 0: IF federalFunds >= 384.95 THEN class = {5.41} [4.87, 5.94], (p=134, n=21, P=197, N=537)
2026-04-14 12:29:07,745 - INFO - *****GROWING RR RULE*****
2026-04-14 12:29:10,318 - INFO - Iteracja 0: condition_best: None, quality_best: -inf, coverage_best: (p=0, n=0, P=0, N=0), p_value: 0
2026-04-14 12:29:10,319 - INFO - Regula po iteracji 0: IF  THEN class = {7.58} [4.47, 10.69], (p=543, n=191, P=543, N=191)
2026-04-14 12:29:10,319 - INFO - *****STOP GROWING RR RULE*****
2026-04-14 12:29:10,319 - INFO - ***RR NOT FOUND***
2026-04-14 12:29:10,525 - INFO - Iteracja 1: condition_best: loansLeases <= 800.20, quality_best: 0.715, coverage_best: (p=132, n=17, P=191, N=543)
2026-04-14 12:29:10,525 - INFO - Regula po iteracji 1: IF federalFunds >= 384.95 AND loansLeases <= 800.20 THEN class = {5.46} [4.97, 5.94], (p=132, n=17, P=191, N=543)
2026-04-14 12:29:10,525 - INFO - *****GROWING RR RULE*****
2026-04-14 12:29:13,092 - INFO - Iteracja 0: condition_best: None, quality_best: -inf, coverage_best: (p=0, n=0, P=0, N=0), p_value: 0
2026-04-14 12:29:13,093 - INFO - Regula po iteracji 0: IF  THEN class = {7.58} [4.47, 10.69], (p=543, n=191, P=543, N=191)
2026-04-14 12:29:13,093 - INFO - *****STOP GROWING RR RULE*****
2026-04-14 12:29:13,093 - INFO - ***RR NOT FOUND***
2026-04-14 12:29:13,293 - INFO - Iteracja 2: condition_best: checkableDeposits <= 1,153.40, quality_best: 0.712, coverage_best: (p=130, n=17, P=189, N=545)
2026-04-14 12:29:13,293 - INFO - Regula po iteracji 2: IF federalFunds >= 384.95 AND loansLeases <= 800.20 AND checkableDeposits <= 1,153.40 THEN class = {5.45} [4.96, 5.94], (p=130, n=17, P=189, N=545)
2026-04-14 12:29:13,293 - INFO - *****GROWING RR RULE*****
2026-04-14 12:29:15,863 - INFO - Iteracja 0: condition_best: None, quality_best: -inf, coverage_best: (p=0, n=0, P=0, N=0), p_value: 0
2026-04-14 12:29:15,863 - INFO - Regula po iteracji 0: IF  THEN class = {7.58} [4.47, 10.69], (p=543, n=191, P=543, N=191)
2026-04-14 12:29:15,864 - INFO - *****STOP GROWING RR RULE*****
2026-04-14 12:29:15,864 - INFO - ***RR NOT FOUND***
2026-04-14 12:29:16,060 - INFO - Iteracja 3: condition_best: 3M-Rate-AuctionAverage >= 6.92, quality_best: 0.716, coverage_best: (p=130, n=16, P=191, N=543)
2026-04-14 12:29:16,060 - INFO - Regula po iteracji 3: IF federalFunds >= 384.95 AND loansLeases <= 800.20 AND checkableDeposits <= 1,153.40 AND 3M-Rate-AuctionAverage >= 6.92 THEN class = {5.45} [4.97, 5.94], (p=130, n=16, P=191, N=543)
2026-04-14 12:29:16,061 - INFO - *****GROWING RR RULE*****
2026-04-14 12:29:18,626 - INFO - Iteracja 0: condition_best: None, quality_best: -inf, coverage_best: (p=0, n=0, P=0, N=0), p_value: 0
2026-04-14 12:29:18,626 - INFO - Regula po iteracji 0: IF  THEN class = {7.58} [4.47, 10.69], (p=543, n=191, P=543, N=191)
2026-04-14 12:29:18,626 - INFO - *****STOP GROWING RR RULE*****
2026-04-14 12:29:18,626 - INFO - ***RR NOT FOUND***
2026-04-14 12:29:18,823 - INFO - Iteracja 4: condition_best: 1MonthCDRate <= 5.98, quality_best: 0.713, coverage_best: (p=129, n=16, P=191, N=543)
2026-04-14 12:29:18,823 - INFO - Regula po iteracji 4: IF federalFunds >= 384.95 AND loansLeases <= 800.20 AND checkableDeposits <= 1,153.40 AND 3M-Rate-AuctionAverage >= 6.92 AND 1MonthCDRate <= 5.98 THEN class = {5.45} [4.96, 5.94], (p=129, n=16, P=191, N=543)
2026-04-14 12:29:18,824 - INFO - *****GROWING RR RULE*****
2026-04-14 12:29:21,924 - INFO - Iteracja 0: condition_best: None, quality_best: -inf, coverage_best: (p=0, n=0, P=0, N=0), p_value: 0
2026-04-14 12:29:21,924 - INFO - Regula po iteracji 0: IF  THEN class = {7.58} [4.47, 10.69], (p=543, n=191, P=543, N=191)
2026-04-14 12:29:21,925 - INFO - *****STOP GROWING RR RULE*****
2026-04-14 12:29:21,925 - INFO - ***RR NOT FOUND***
2026-04-14 12:29:21,925 - INFO - *******STOP GROWING CR RULE*******
2026-04-14 12:29:21,928 - INFO - *******GROWING CR RULE*******
2026-04-14 12:29:23,549 - INFO - Iteracja 0: condition_best: 5Y-CMaturityRate >= 13.25, quality_best: 0.672, coverage_best: (p=49, n=19, P=53, N=681)
2026-04-14 12:29:23,550 - INFO - Regula po iteracji 0: IF 5Y-CMaturityRate >= 13.25 THEN class = {14.64} [13.45, 15.83], (p=49, n=19, P=53, N=681)
2026-04-14 12:29:23,550 - INFO - *****GROWING RR RULE*****
2026-04-14 12:29:26,066 - INFO - Iteracja 0: condition_best: None, quality_best: -inf, coverage_best: (p=0, n=0, P=0, N=0), p_value: 0
2026-04-14 12:29:26,067 - INFO - Regula po iteracji 0: IF  THEN class = {7.58} [4.47, 10.69], (p=543, n=191, P=543, N=191)
2026-04-14 12:29:26,067 - INFO - *****STOP GROWING RR RULE*****
2026-04-14 12:29:26,067 - INFO - ***RR NOT FOUND***
2026-04-14 12:29:26,167 - INFO - Iteracja 1: condition_best: 5Y-CMaturityRate <= 15.57, quality_best: 0.685, coverage_best: (p=44, n=16, P=48, N=686)
2026-04-14 12:29:26,167 - INFO - Regula po iteracji 1: IF 5Y-CMaturityRate >= 13.25 AND 5Y-CMaturityRate <= 15.57 THEN class = {14.41} [13.35, 15.46], (p=44, n=16, P=48, N=686)
2026-04-14 12:29:26,167 - INFO - *****GROWING RR RULE*****
2026-04-14 12:29:28,683 - INFO - Iteracja 0: condition_best: None, quality_best: -inf, coverage_best: (p=0, n=0, P=0, N=0), p_value: 0
2026-04-14 12:29:28,683 - INFO - Regula po iteracji 0: IF  THEN class = {7.58} [4.47, 10.69], (p=543, n=191, P=543, N=191)
2026-04-14 12:29:28,683 - INFO - *****STOP GROWING RR RULE*****
2026-04-14 12:29:28,683 - INFO - ***RR NOT FOUND***
2026-04-14 12:29:28,770 - INFO - Iteracja 2: condition_best: tradeCurrencies >= 341.90, quality_best: 0.703, coverage_best: (p=41, n=13, P=46, N=688)
2026-04-14 12:29:28,770 - INFO - Regula po iteracji 2: IF 5Y-CMaturityRate >= 13.25 AND 5Y-CMaturityRate <= 15.57 AND tradeCurrencies >= 341.90 THEN class = {14.36} [13.35, 15.38], (p=41, n=13, P=46, N=688)
2026-04-14 12:29:28,771 - INFO - *****GROWING RR RULE*****
2026-04-14 12:29:31,271 - INFO - Iteracja 0: condition_best: None, quality_best: -inf, coverage_best: (p=0, n=0, P=0, N=0), p_value: 0
2026-04-14 12:29:31,271 - INFO - Regula po iteracji 0: IF  THEN class = {7.58} [4.47, 10.69], (p=543, n=191, P=543, N=191)
2026-04-14 12:29:31,271 - INFO - *****STOP GROWING RR RULE*****
2026-04-14 12:29:31,272 - INFO - ***RR NOT FOUND***
2026-04-14 12:29:31,350 - INFO - Iteracja 3: condition_best: 1MonthCDRate <= 19.70, quality_best: 0.717, coverage_best: (p=41, n=12, P=46, N=688)
2026-04-14 12:29:31,350 - INFO - Regula po iteracji 3: IF 5Y-CMaturityRate >= 13.25 AND 5Y-CMaturityRate <= 15.57 AND tradeCurrencies >= 341.90 AND 1MonthCDRate <= 19.70 THEN class = {14.34} [13.33, 15.36], (p=41, n=12, P=46, N=688)
2026-04-14 12:29:31,351 - INFO - *****GROWING RR RULE*****
2026-04-14 12:29:33,864 - INFO - Iteracja 0: condition_best: None, quality_best: -inf, coverage_best: (p=0, n=0, P=0, N=0), p_value: 0
2026-04-14 12:29:33,864 - INFO - Regula po iteracji 0: IF  THEN class = {7.58} [4.47, 10.69], (p=543, n=191, P=543, N=191)
2026-04-14 12:29:33,864 - INFO - *****STOP GROWING RR RULE*****
2026-04-14 12:29:33,864 - INFO - ***RR NOT FOUND***
2026-04-14 12:29:34,475 - INFO - Iteracja 4: condition_best: 5Y-CMaturityRate <= 15.43, quality_best: 0.707, coverage_best: (p=39, n=12, P=44, N=690)
2026-04-14 12:29:34,476 - INFO - Regula po iteracji 4: IF 5Y-CMaturityRate >= 13.25 AND 5Y-CMaturityRate <= 15.57 AND tradeCurrencies >= 341.90 AND 1MonthCDRate <= 19.70 AND 5Y-CMaturityRate <= 15.43 THEN class = {14.29} [13.30, 15.28], (p=39, n=12, P=44, N=690)
2026-04-14 12:29:34,476 - INFO - *****GROWING RR RULE*****
2026-04-14 12:29:36,991 - INFO - Iteracja 0: condition_best: None, quality_best: -inf, coverage_best: (p=0, n=0, P=0, N=0), p_value: 0
2026-04-14 12:29:36,991 - INFO - Regula po iteracji 0: IF  THEN class = {7.58} [4.47, 10.69], (p=543, n=191, P=543, N=191)
2026-04-14 12:29:36,991 - INFO - *****STOP GROWING RR RULE*****
2026-04-14 12:29:36,991 - INFO - ***RR NOT FOUND***
2026-04-14 12:29:36,991 - INFO - *******STOP GROWING CR RULE*******
2026-04-14 12:29:36,994 - INFO - *******GROWING CR RULE*******
2026-04-14 12:29:38,618 - INFO - Iteracja 0: condition_best: federalFunds >= 384.15, quality_best: 0.669, coverage_best: (p=138, n=23, P=206, N=528)
2026-04-14 12:29:38,618 - INFO - Regula po iteracji 0: IF federalFunds >= 384.15 THEN class = {5.45} [4.87, 6.04], (p=138, n=23, P=206, N=528)
2026-04-14 12:29:38,619 - INFO - *****GROWING RR RULE*****
2026-04-14 12:29:41,197 - INFO - Iteracja 0: condition_best: None, quality_best: -inf, coverage_best: (p=0, n=0, P=0, N=0), p_value: 0
2026-04-14 12:29:41,197 - INFO - Regula po iteracji 0: IF  THEN class = {7.58} [4.47, 10.69], (p=543, n=191, P=543, N=191)
2026-04-14 12:29:41,197 - INFO - *****STOP GROWING RR RULE*****
2026-04-14 12:29:41,197 - INFO - ***RR NOT FOUND***
2026-04-14 12:29:41,413 - INFO - Iteracja 1: condition_best: loansLeases <= 798.95, quality_best: 0.713, coverage_best: (p=127, n=18, P=180, N=554)
2026-04-14 12:29:41,413 - INFO - Regula po iteracji 1: IF federalFunds >= 384.15 AND loansLeases <= 798.95 THEN class = {5.58} [5.16, 5.99], (p=127, n=18, P=180, N=554)
2026-04-14 12:29:41,414 - INFO - *****GROWING RR RULE*****
2026-04-14 12:29:43,977 - INFO - Iteracja 0: condition_best: None, quality_best: -inf, coverage_best: (p=0, n=0, P=0, N=0), p_value: 0
2026-04-14 12:29:43,977 - INFO - Regula po iteracji 0: IF  THEN class = {7.58} [4.47, 10.69], (p=543, n=191, P=543, N=191)
2026-04-14 12:29:43,977 - INFO - *****STOP GROWING RR RULE*****
2026-04-14 12:29:43,977 - INFO - ***RR NOT FOUND***
2026-04-14 12:29:44,168 - INFO - Iteracja 2: condition_best: 5Y-CMaturityRate >= 5.53, quality_best: 0.721, coverage_best: (p=109, n=15, P=155, N=579)
2026-04-14 12:29:44,169 - INFO - Regula po iteracji 2: IF federalFunds >= 384.15 AND loansLeases <= 798.95 AND 5Y-CMaturityRate >= 5.53 THEN class = {5.66} [5.34, 5.99], (p=109, n=15, P=155, N=579)
2026-04-14 12:29:44,169 - INFO - *****GROWING RR RULE*****
2026-04-14 12:29:47,262 - INFO - Iteracja 0: condition_best: None, quality_best: -inf, coverage_best: (p=0, n=0, P=0, N=0), p_value: 0
2026-04-14 12:29:47,262 - INFO - Regula po iteracji 0: IF  THEN class = {7.58} [4.47, 10.69], (p=543, n=191, P=543, N=191)
2026-04-14 12:29:47,263 - INFO - *****STOP GROWING RR RULE*****
2026-04-14 12:29:47,263 - INFO - ***RR NOT FOUND***
2026-04-14 12:29:47,431 - INFO - Iteracja 3: condition_best: moneyStock >= 4.64, quality_best: 0.759, coverage_best: (p=106, n=10, P=151, N=583)
2026-04-14 12:29:47,431 - INFO - Regula po iteracji 3: IF federalFunds >= 384.15 AND loansLeases <= 798.95 AND 5Y-CMaturityRate >= 5.53 AND moneyStock >= 4.64 THEN class = {5.68} [5.37, 6.00], (p=106, n=10, P=151, N=583)
2026-04-14 12:29:47,432 - INFO - *****GROWING RR RULE*****
2026-04-14 12:29:49,972 - INFO - Iteracja 0: condition_best: None, quality_best: -inf, coverage_best: (p=0, n=0, P=0, N=0), p_value: 0
2026-04-14 12:29:49,972 - INFO - Regula po iteracji 0: IF  THEN class = {7.58} [4.47, 10.69], (p=543, n=191, P=543, N=191)
2026-04-14 12:29:49,972 - INFO - *****STOP GROWING RR RULE*****
2026-04-14 12:29:49,972 - INFO - ***RR NOT FOUND***
2026-04-14 12:29:50,126 - INFO - Iteracja 4: condition_best: federalFunds <= 411.75, quality_best: 0.757, coverage_best: (p=105, n=10, P=150, N=584)
2026-04-14 12:29:50,127 - INFO - Regula po iteracji 4: IF federalFunds >= 384.15 AND loansLeases <= 798.95 AND 5Y-CMaturityRate >= 5.53 AND moneyStock >= 4.64 AND federalFunds <= 411.75 THEN class = {5.68} [5.36, 6.00], (p=105, n=10, P=150, N=584)
2026-04-14 12:29:50,127 - INFO - *****GROWING RR RULE*****
2026-04-14 12:29:52,673 - INFO - Iteracja 0: condition_best: None, quality_best: -inf, coverage_best: (p=0, n=0, P=0, N=0), p_value: 0
2026-04-14 12:29:52,674 - INFO - Regula po iteracji 0: IF  THEN class = {7.58} [4.47, 10.69], (p=543, n=191, P=543, N=191)
2026-04-14 12:29:52,674 - INFO - *****STOP GROWING RR RULE*****
2026-04-14 12:29:52,674 - INFO - ***RR NOT FOUND***
2026-04-14 12:29:52,674 - INFO - *******STOP GROWING CR RULE*******
2026-04-14 12:29:52,677 - INFO - *******GROWING CR RULE*******
2026-04-14 12:29:54,296 - INFO - Iteracja 0: condition_best: moneyStock >= 10.19, quality_best: 0.659, coverage_best: (p=72, n=32, P=72, N=662)
2026-04-14 12:29:54,297 - INFO - Regula po iteracji 0: IF moneyStock >= 10.19 THEN class = {13.67} [11.88, 15.46], (p=72, n=32, P=72, N=662)
2026-04-14 12:29:54,297 - INFO - *****GROWING RR RULE*****
2026-04-14 12:29:56,826 - INFO - Iteracja 0: condition_best: None, quality_best: -inf, coverage_best: (p=0, n=0, P=0, N=0), p_value: 0
2026-04-14 12:29:56,827 - INFO - Regula po iteracji 0: IF  THEN class = {7.58} [4.47, 10.69], (p=543, n=191, P=543, N=191)
2026-04-14 12:29:56,827 - INFO - *****STOP GROWING RR RULE*****
2026-04-14 12:29:56,827 - INFO - ***RR NOT FOUND***
2026-04-14 12:29:56,984 - INFO - Iteracja 1: condition_best: 1MonthCDRate <= 15.48, quality_best: 0.722, coverage_best: (p=56, n=17, P=60, N=674)
2026-04-14 12:29:56,984 - INFO - Regula po iteracji 1: IF moneyStock >= 10.19 AND 1MonthCDRate <= 15.48 THEN class = {12.94} [11.38, 14.50], (p=56, n=17, P=60, N=674)
2026-04-14 12:29:56,984 - INFO - *****GROWING RR RULE*****
2026-04-14 12:29:59,499 - INFO - Iteracja 0: condition_best: None, quality_best: -inf, coverage_best: (p=0, n=0, P=0, N=0), p_value: 0
2026-04-14 12:29:59,499 - INFO - Regula po iteracji 0: IF  THEN class = {7.58} [4.47, 10.69], (p=543, n=191, P=543, N=191)
2026-04-14 12:29:59,499 - INFO - *****STOP GROWING RR RULE*****
2026-04-14 12:29:59,499 - INFO - ***RR NOT FOUND***
2026-04-14 12:29:59,610 - INFO - Iteracja 2: condition_best: 3M-Rate-AuctionAverage <= 18.58, quality_best: 0.724, coverage_best: (p=55, n=17, P=58, N=676)
2026-04-14 12:29:59,610 - INFO - Regula po iteracji 2: IF moneyStock >= 10.19 AND 1MonthCDRate <= 15.48 AND 3M-Rate-AuctionAverage <= 18.58 THEN class = {12.91} [11.36, 14.45], (p=55, n=17, P=58, N=676)
2026-04-14 12:29:59,610 - INFO - *****GROWING RR RULE*****
2026-04-14 12:30:02,662 - INFO - Iteracja 0: condition_best: None, quality_best: -inf, coverage_best: (p=0, n=0, P=0, N=0), p_value: 0
2026-04-14 12:30:02,662 - INFO - Regula po iteracji 0: IF  THEN class = {7.58} [4.47, 10.69], (p=543, n=191, P=543, N=191)
2026-04-14 12:30:02,662 - INFO - *****STOP GROWING RR RULE*****
2026-04-14 12:30:02,662 - INFO - ***RR NOT FOUND***
2026-04-14 12:30:02,770 - INFO - Iteracja 3: condition_best: moneyStock >= 10.55, quality_best: 0.73, coverage_best: (p=52, n=14, P=58, N=676)
2026-04-14 12:30:02,770 - INFO - Regula po iteracji 3: IF moneyStock >= 10.19 AND 1MonthCDRate <= 15.48 AND 3M-Rate-AuctionAverage <= 18.58 AND moneyStock >= 10.55 THEN class = {13.06} [11.56, 14.57], (p=52, n=14, P=58, N=676)
2026-04-14 12:30:02,770 - INFO - *****GROWING RR RULE*****
2026-04-14 12:30:05,287 - INFO - Iteracja 0: condition_best: None, quality_best: -inf, coverage_best: (p=0, n=0, P=0, N=0), p_value: 0
2026-04-14 12:30:05,308 - INFO - Regula po iteracji 0: IF  THEN class = {7.58} [4.47, 10.69], (p=543, n=191, P=543, N=191)
2026-04-14 12:30:05,308 - INFO - *****STOP GROWING RR RULE*****
2026-04-14 12:30:05,308 - INFO - ***RR NOT FOUND***
2026-04-14 12:30:05,407 - INFO - Iteracja 4: condition_best: 3M-Rate-AuctionAverage <= 18.38, quality_best: 0.758, coverage_best: (p=51, n=12, P=56, N=678)
2026-04-14 12:30:05,407 - INFO - Regula po iteracji 4: IF moneyStock >= 10.19 AND 1MonthCDRate <= 15.48 AND 3M-Rate-AuctionAverage <= 18.58 AND moneyStock >= 10.55 AND 3M-Rate-AuctionAverage <= 18.38 THEN class = {12.96} [11.49, 14.43], (p=51, n=12, P=56, N=678)
2026-04-14 12:30:05,408 - INFO - *****GROWING RR RULE*****
2026-04-14 12:30:07,922 - INFO - Iteracja 0: condition_best: None, quality_best: -inf, coverage_best: (p=0, n=0, P=0, N=0), p_value: 0
2026-04-14 12:30:07,923 - INFO - Regula po iteracji 0: IF  THEN class = {7.58} [4.47, 10.69], (p=543, n=191, P=543, N=191)
2026-04-14 12:30:07,923 - INFO - *****STOP GROWING RR RULE*****
2026-04-14 12:30:07,923 - INFO - ***RR NOT FOUND***
2026-04-14 12:30:07,923 - INFO - *******STOP GROWING CR RULE*******
2026-04-14 12:30:07,926 - INFO - *******GROWING CR RULE*******
2026-04-14 12:30:09,536 - INFO - Iteracja 0: condition_best: moneyStock >= 10.19, quality_best: 0.659, coverage_best: (p=72, n=32, P=72, N=662)
2026-04-14 12:30:09,536 - INFO - Regula po iteracji 0: IF moneyStock >= 10.19 THEN class = {13.67} [11.88, 15.46], (p=72, n=32, P=72, N=662)
2026-04-14 12:30:09,536 - INFO - *****GROWING RR RULE*****
2026-04-14 12:30:12,062 - INFO - Iteracja 0: condition_best: None, quality_best: -inf, coverage_best: (p=0, n=0, P=0, N=0), p_value: 0
2026-04-14 12:30:12,063 - INFO - Regula po iteracji 0: IF  THEN class = {7.58} [4.47, 10.69], (p=543, n=191, P=543, N=191)
2026-04-14 12:30:12,063 - INFO - *****STOP GROWING RR RULE*****
2026-04-14 12:30:12,063 - INFO - ***RR NOT FOUND***
2026-04-14 12:30:12,216 - INFO - Iteracja 1: condition_best: 1MonthCDRate <= 15.48, quality_best: 0.722, coverage_best: (p=56, n=17, P=60, N=674)
2026-04-14 12:30:12,216 - INFO - Regula po iteracji 1: IF moneyStock >= 10.19 AND 1MonthCDRate <= 15.48 THEN class = {12.94} [11.38, 14.50], (p=56, n=17, P=60, N=674)
2026-04-14 12:30:12,216 - INFO - *****GROWING RR RULE*****
2026-04-14 12:30:15,265 - INFO - Iteracja 0: condition_best: None, quality_best: -inf, coverage_best: (p=0, n=0, P=0, N=0), p_value: 0
2026-04-14 12:30:15,265 - INFO - Regula po iteracji 0: IF  THEN class = {7.58} [4.47, 10.69], (p=543, n=191, P=543, N=191)
2026-04-14 12:30:15,265 - INFO - *****STOP GROWING RR RULE*****
2026-04-14 12:30:15,265 - INFO - ***RR NOT FOUND***
2026-04-14 12:30:15,372 - INFO - Iteracja 2: condition_best: 3M-Rate-AuctionAverage <= 18.58, quality_best: 0.724, coverage_best: (p=55, n=17, P=58, N=676)
2026-04-14 12:30:15,372 - INFO - Regula po iteracji 2: IF moneyStock >= 10.19 AND 1MonthCDRate <= 15.48 AND 3M-Rate-AuctionAverage <= 18.58 THEN class = {12.91} [11.36, 14.45], (p=55, n=17, P=58, N=676)
2026-04-14 12:30:15,373 - INFO - *****GROWING RR RULE*****
2026-04-14 12:30:17,892 - INFO - Iteracja 0: condition_best: None, quality_best: -inf, coverage_best: (p=0, n=0, P=0, N=0), p_value: 0
2026-04-14 12:30:17,892 - INFO - Regula po iteracji 0: IF  THEN class = {7.58} [4.47, 10.69], (p=543, n=191, P=543, N=191)
2026-04-14 12:30:17,892 - INFO - *****STOP GROWING RR RULE*****
2026-04-14 12:30:17,892 - INFO - ***RR NOT FOUND***
2026-04-14 12:30:17,998 - INFO - Iteracja 3: condition_best: 3M-Rate-AuctionAverage <= 18.48, quality_best: 0.721, coverage_best: (p=54, n=17, P=57, N=677)
2026-04-14 12:30:17,998 - INFO - Regula po iteracji 3: IF moneyStock >= 10.19 AND 1MonthCDRate <= 15.48 AND 3M-Rate-AuctionAverage <= 18.58 AND 3M-Rate-AuctionAverage <= 18.48 THEN class = {12.87} [11.35, 14.40], (p=54, n=17, P=57, N=677)
2026-04-14 12:30:17,998 - INFO - *****GROWING RR RULE*****
2026-04-14 12:30:20,509 - INFO - Iteracja 0: condition_best: None, quality_best: -inf, coverage_best: (p=0, n=0, P=0, N=0), p_value: 0
2026-04-14 12:30:20,509 - INFO - Regula po iteracji 0: IF  THEN class = {7.58} [4.47, 10.69], (p=543, n=191, P=543, N=191)
2026-04-14 12:30:20,510 - INFO - *****STOP GROWING RR RULE*****
2026-04-14 12:30:20,510 - INFO - ***RR NOT FOUND***
2026-04-14 12:30:20,615 - INFO - Iteracja 4: condition_best: tradeCurrencies >= 175.75, quality_best: 0.747, coverage_best: (p=55, n=15, P=58, N=676)
2026-04-14 12:30:20,615 - INFO - Regula po iteracji 4: IF moneyStock >= 10.19 AND 1MonthCDRate <= 15.48 AND 3M-Rate-AuctionAverage <= 18.58 AND 3M-Rate-AuctionAverage <= 18.48 AND tradeCurrencies >= 175.75 THEN class = {12.90} [11.38, 14.42], (p=55, n=15, P=58, N=676)
2026-04-14 12:30:20,616 - INFO - *****GROWING RR RULE*****
2026-04-14 12:30:23,128 - INFO - Iteracja 0: condition_best: checkableDeposits <= 388.95, quality_best: 0.109, coverage_best: (p=4, n=7, P=141, N=593), p_value: 3
2026-04-14 12:30:23,128 - INFO - Regula po iteracji 0: IF checkableDeposits <= 388.95 THEN class = {7.58} [4.47, 10.69], (p=4, n=7, P=141, N=593)
2026-04-14 12:30:23,158 - INFO - Iteracja 1: condition_best: None, quality_best: -inf, coverage_best: (p=0, n=0, P=0, N=0), p_value: 3
2026-04-14 12:30:23,158 - INFO - Regula po iteracji 1: IF checkableDeposits <= 388.95 THEN class = {12.51} [9.52, 15.50], (p=4, n=7, P=141, N=593)
2026-04-14 12:30:23,159 - INFO - *****STOP GROWING RR RULE*****
2026-04-14 12:30:23,159 - INFO - ***RR FOUND***
2026-04-14 12:30:23,159 - INFO - Reference rule: IF checkableDeposits <= 388.95 THEN class = {12.51} [9.52, 15.50]
2026-04-14 12:30:23,159 - INFO - ***CHECKING EXCEPTION***
2026-04-14 12:30:23,161 - INFO - *******STOP GROWING CR RULE*******
2026-04-14 12:30:23,163 - INFO - *******GROWING CR RULE*******
2026-04-14 12:30:24,759 - INFO - Iteracja 0: condition_best: federalFunds >= 383.35, quality_best: 0.658, coverage_best: (p=143, n=26, P=211, N=523)
2026-04-14 12:30:24,759 - INFO - Regula po iteracji 0: IF federalFunds >= 383.35 THEN class = {5.45} [4.82, 6.08], (p=143, n=26, P=211, N=523)
2026-04-14 12:30:24,760 - INFO - *****GROWING RR RULE*****
2026-04-14 12:30:27,867 - INFO - Iteracja 0: condition_best: None, quality_best: -inf, coverage_best: (p=0, n=0, P=0, N=0), p_value: 0
2026-04-14 12:30:27,867 - INFO - Regula po iteracji 0: IF  THEN class = {7.58} [4.47, 10.69], (p=543, n=191, P=543, N=191)
2026-04-14 12:30:27,867 - INFO - *****STOP GROWING RR RULE*****
2026-04-14 12:30:27,867 - INFO - ***RR NOT FOUND***
2026-04-14 12:30:28,094 - INFO - Iteracja 1: condition_best: 5Y-CMaturityRate >= 5.37, quality_best: 0.712, coverage_best: (p=128, n=20, P=175, N=559)
2026-04-14 12:30:28,094 - INFO - Regula po iteracji 1: IF federalFunds >= 383.35 AND 5Y-CMaturityRate >= 5.37 THEN class = {5.62} [5.23, 6.01], (p=128, n=20, P=175, N=559)
2026-04-14 12:30:28,094 - INFO - *****GROWING RR RULE*****
2026-04-14 12:30:30,671 - INFO - Iteracja 0: condition_best: None, quality_best: -inf, coverage_best: (p=0, n=0, P=0, N=0), p_value: 0
2026-04-14 12:30:30,672 - INFO - Regula po iteracji 0: IF  THEN class = {7.58} [4.47, 10.69], (p=543, n=191, P=543, N=191)
2026-04-14 12:30:30,672 - INFO - *****STOP GROWING RR RULE*****
2026-04-14 12:30:30,672 - INFO - ***RR NOT FOUND***
2026-04-14 12:30:30,869 - INFO - Iteracja 2: condition_best: 3M-Rate-AuctionAverage <= 9.23, quality_best: 0.715, coverage_best: (p=127, n=20, P=172, N=562)
2026-04-14 12:30:30,870 - INFO - Regula po iteracji 2: IF federalFunds >= 383.35 AND 5Y-CMaturityRate >= 5.37 AND 3M-Rate-AuctionAverage <= 9.23 THEN class = {5.61} [5.23, 5.99], (p=127, n=20, P=172, N=562)
2026-04-14 12:30:30,870 - INFO - *****GROWING RR RULE*****
2026-04-14 12:30:33,437 - INFO - Iteracja 0: condition_best: None, quality_best: -inf, coverage_best: (p=0, n=0, P=0, N=0), p_value: 0
2026-04-14 12:30:33,437 - INFO - Regula po iteracji 0: IF  THEN class = {7.58} [4.47, 10.69], (p=543, n=191, P=543, N=191)
2026-04-14 12:30:33,437 - INFO - *****STOP GROWING RR RULE*****
2026-04-14 12:30:33,437 - INFO - ***RR NOT FOUND***
2026-04-14 12:30:33,635 - INFO - Iteracja 3: condition_best: moneyStock <= 6.12, quality_best: 0.711, coverage_best: (p=126, n=20, P=172, N=562)
2026-04-14 12:30:33,635 - INFO - Regula po iteracji 3: IF federalFunds >= 383.35 AND 5Y-CMaturityRate >= 5.37 AND 3M-Rate-AuctionAverage <= 9.23 AND moneyStock <= 6.12 THEN class = {5.61} [5.23, 5.99], (p=126, n=20, P=172, N=562)
2026-04-14 12:30:33,635 - INFO - *****GROWING RR RULE*****
2026-04-14 12:30:36,198 - INFO - Iteracja 0: condition_best: None, quality_best: -inf, coverage_best: (p=0, n=0, P=0, N=0), p_value: 0
2026-04-14 12:30:36,199 - INFO - Regula po iteracji 0: IF  THEN class = {7.58} [4.47, 10.69], (p=543, n=191, P=543, N=191)
2026-04-14 12:30:36,199 - INFO - *****STOP GROWING RR RULE*****
2026-04-14 12:30:36,199 - INFO - ***RR NOT FOUND***
2026-04-14 12:30:36,395 - INFO - Iteracja 4: condition_best: 1Y-CMaturityRate <= 97.87, quality_best: 0.708, coverage_best: (p=125, n=20, P=172, N=562)
2026-04-14 12:30:36,395 - INFO - Regula po iteracji 4: IF federalFunds >= 383.35 AND 5Y-CMaturityRate >= 5.37 AND 3M-Rate-AuctionAverage <= 9.23 AND moneyStock <= 6.12 AND 1Y-CMaturityRate <= 97.87 THEN class = {5.61} [5.23, 6.00], (p=125, n=20, P=172, N=562)
2026-04-14 12:30:36,396 - INFO - *****GROWING RR RULE*****
2026-04-14 12:30:38,956 - INFO - Iteracja 0: condition_best: None, quality_best: -inf, coverage_best: (p=0, n=0, P=0, N=0), p_value: 0
2026-04-14 12:30:38,957 - INFO - Regula po iteracji 0: IF  THEN class = {7.58} [4.47, 10.69], (p=543, n=191, P=543, N=191)
2026-04-14 12:30:38,957 - INFO - *****STOP GROWING RR RULE*****
2026-04-14 12:30:38,957 - INFO - ***RR NOT FOUND***
2026-04-14 12:30:38,957 - INFO - *******STOP GROWING CR RULE*******
2026-04-14 12:30:38,960 - INFO - *******GROWING CR RULE*******
2026-04-14 12:30:41,063 - INFO - Iteracja 0: condition_best: 3M-Rate-SecondaryMarket <= 4.75, quality_best: 0.65, coverage_best: (p=100, n=39, P=107, N=627)
2026-04-14 12:30:41,064 - INFO - Regula po iteracji 0: IF 3M-Rate-SecondaryMarket <= 4.75 THEN class = {4.29} [3.42, 5.16], (p=100, n=39, P=107, N=627)
2026-04-14 12:30:41,064 - INFO - *****GROWING RR RULE*****
2026-04-14 12:30:43,605 - INFO - Iteracja 0: condition_best: None, quality_best: -inf, coverage_best: (p=0, n=0, P=0, N=0), p_value: 0
2026-04-14 12:30:43,605 - INFO - Regula po iteracji 0: IF  THEN class = {7.58} [4.47, 10.69], (p=543, n=191, P=543, N=191)
2026-04-14 12:30:43,606 - INFO - *****STOP GROWING RR RULE*****
2026-04-14 12:30:43,606 - INFO - ***RR NOT FOUND***
2026-04-14 12:30:43,801 - INFO - Iteracja 1: condition_best: checkableDeposits <= 1,140.00, quality_best: 0.779, coverage_best: (p=98, n=21, P=102, N=632)
2026-04-14 12:30:43,802 - INFO - Regula po iteracji 1: IF 3M-Rate-SecondaryMarket <= 4.75 AND checkableDeposits <= 1,140.00 THEN class = {4.12} [3.31, 4.94], (p=98, n=21, P=102, N=632)
2026-04-14 12:30:43,802 - INFO - *****GROWING RR RULE*****
2026-04-14 12:30:46,318 - INFO - Iteracja 0: condition_best: None, quality_best: -inf, coverage_best: (p=0, n=0, P=0, N=0), p_value: 0
2026-04-14 12:30:46,319 - INFO - Regula po iteracji 0: IF  THEN class = {7.58} [4.47, 10.69], (p=543, n=191, P=543, N=191)
2026-04-14 12:30:46,319 - INFO - *****STOP GROWING RR RULE*****
2026-04-14 12:30:46,319 - INFO - ***RR NOT FOUND***
2026-04-14 12:30:46,485 - INFO - Iteracja 2: condition_best: 3Y-CMaturityRate >= 2.92, quality_best: 0.809, coverage_best: (p=96, n=17, P=100, N=634)
2026-04-14 12:30:46,485 - INFO - Regula po iteracji 2: IF 3M-Rate-SecondaryMarket <= 4.75 AND checkableDeposits <= 1,140.00 AND 3Y-CMaturityRate >= 2.92 THEN class = {4.17} [3.36, 4.98], (p=96, n=17, P=100, N=634)
2026-04-14 12:30:46,486 - INFO - *****GROWING RR RULE*****
2026-04-14 12:30:49,014 - INFO - Iteracja 0: condition_best: None, quality_best: -inf, coverage_best: (p=0, n=0, P=0, N=0), p_value: 0
2026-04-14 12:30:49,014 - INFO - Regula po iteracji 0: IF  THEN class = {7.58} [4.47, 10.69], (p=543, n=191, P=543, N=191)
2026-04-14 12:30:49,015 - INFO - *****STOP GROWING RR RULE*****
2026-04-14 12:30:49,015 - INFO - ***RR NOT FOUND***
2026-04-14 12:30:49,175 - INFO - Iteracja 3: condition_best: 5Y-CMaturityRate >= 4.18, quality_best: 0.81, coverage_best: (p=93, n=15, P=100, N=634)
2026-04-14 12:30:49,176 - INFO - Regula po iteracji 3: IF 3M-Rate-SecondaryMarket <= 4.75 AND checkableDeposits <= 1,140.00 AND 3Y-CMaturityRate >= 2.92 AND 5Y-CMaturityRate >= 4.18 THEN class = {4.20} [3.39, 5.02], (p=93, n=15, P=100, N=634)
2026-04-14 12:30:49,176 - INFO - *****GROWING RR RULE*****
2026-04-14 12:30:52,230 - INFO - Iteracja 0: condition_best: None, quality_best: -inf, coverage_best: (p=0, n=0, P=0, N=0), p_value: 0
2026-04-14 12:30:52,231 - INFO - Regula po iteracji 0: IF  THEN class = {7.58} [4.47, 10.69], (p=543, n=191, P=543, N=191)
2026-04-14 12:30:52,231 - INFO - *****STOP GROWING RR RULE*****
2026-04-14 12:30:52,231 - INFO - ***RR NOT FOUND***
2026-04-14 12:30:52,385 - INFO - Iteracja 4: condition_best: tradeCurrencies <= 1,744.10, quality_best: 0.808, coverage_best: (p=92, n=15, P=99, N=635)
2026-04-14 12:30:52,385 - INFO - Regula po iteracji 4: IF 3M-Rate-SecondaryMarket <= 4.75 AND checkableDeposits <= 1,140.00 AND 3Y-CMaturityRate >= 2.92 AND 5Y-CMaturityRate >= 4.18 AND tradeCurrencies <= 1,744.10 THEN class = {4.19} [3.38, 5.00], (p=92, n=15, P=99, N=635)
2026-04-14 12:30:52,386 - INFO - *****GROWING RR RULE*****
2026-04-14 12:30:54,907 - INFO - Iteracja 0: condition_best: None, quality_best: -inf, coverage_best: (p=0, n=0, P=0, N=0), p_value: 0
2026-04-14 12:30:54,908 - INFO - Regula po iteracji 0: IF  THEN class = {7.58} [4.47, 10.69], (p=543, n=191, P=543, N=191)
2026-04-14 12:30:54,908 - INFO - *****STOP GROWING RR RULE*****
2026-04-14 12:30:54,908 - INFO - ***RR NOT FOUND***
2026-04-14 12:30:54,908 - INFO - *******STOP GROWING CR RULE*******
2026-04-14 12:30:54,911 - INFO - *******GROWING CR RULE*******
2026-04-14 12:30:56,503 - INFO - Iteracja 0: condition_best: federalFunds >= 381.85, quality_best: 0.639, coverage_best: (p=145, n=30, P=212, N=522)
2026-04-14 12:30:56,504 - INFO - Regula po iteracji 0: IF federalFunds >= 381.85 THEN class = {5.47} [4.83, 6.11], (p=145, n=30, P=212, N=522)
2026-04-14 12:30:56,504 - INFO - *****GROWING RR RULE*****
2026-04-14 12:30:59,134 - INFO - Iteracja 0: condition_best: None, quality_best: -inf, coverage_best: (p=0, n=0, P=0, N=0), p_value: 0
2026-04-14 12:30:59,135 - INFO - Regula po iteracji 0: IF  THEN class = {7.58} [4.47, 10.69], (p=543, n=191, P=543, N=191)
2026-04-14 12:30:59,135 - INFO - *****STOP GROWING RR RULE*****
2026-04-14 12:30:59,135 - INFO - ***RR NOT FOUND***
2026-04-14 12:30:59,369 - INFO - Iteracja 1: condition_best: 5Y-CMaturityRate >= 5.37, quality_best: 0.693, coverage_best: (p=130, n=23, P=178, N=556)
2026-04-14 12:30:59,369 - INFO - Regula po iteracji 1: IF federalFunds >= 381.85 AND 5Y-CMaturityRate >= 5.37 THEN class = {5.64} [5.23, 6.05], (p=130, n=23, P=178, N=556)
2026-04-14 12:30:59,370 - INFO - *****GROWING RR RULE*****
2026-04-14 12:31:01,924 - INFO - Iteracja 0: condition_best: None, quality_best: -inf, coverage_best: (p=0, n=0, P=0, N=0), p_value: 0
2026-04-14 12:31:01,924 - INFO - Regula po iteracji 0: IF  THEN class = {7.58} [4.47, 10.69], (p=543, n=191, P=543, N=191)
2026-04-14 12:31:01,924 - INFO - *****STOP GROWING RR RULE*****
2026-04-14 12:31:01,925 - INFO - ***RR NOT FOUND***
2026-04-14 12:31:02,128 - INFO - Iteracja 2: condition_best: 3M-Rate-SecondaryMarket >= 3.54, quality_best: 0.694, coverage_best: (p=128, n=24, P=171, N=563)
2026-04-14 12:31:02,128 - INFO - Regula po iteracji 2: IF federalFunds >= 381.85 AND 5Y-CMaturityRate >= 5.37 AND 3M-Rate-SecondaryMarket >= 3.54 THEN class = {5.65} [5.25, 6.05], (p=128, n=24, P=171, N=563)
2026-04-14 12:31:02,128 - INFO - *****GROWING RR RULE*****
2026-04-14 12:31:05,237 - INFO - Iteracja 0: condition_best: None, quality_best: -inf, coverage_best: (p=0, n=0, P=0, N=0), p_value: 0
2026-04-14 12:31:05,237 - INFO - Regula po iteracji 0: IF  THEN class = {7.58} [4.47, 10.69], (p=543, n=191, P=543, N=191)
2026-04-14 12:31:05,237 - INFO - *****STOP GROWING RR RULE*****
2026-04-14 12:31:05,237 - INFO - ***RR NOT FOUND***
2026-04-14 12:31:05,441 - INFO - Iteracja 3: condition_best: 5Y-CMaturityRate >= 5.39, quality_best: 0.694, coverage_best: (p=125, n=23, P=169, N=565)
2026-04-14 12:31:05,441 - INFO - Regula po iteracji 3: IF federalFunds >= 381.85 AND 5Y-CMaturityRate >= 5.37 AND 3M-Rate-SecondaryMarket >= 3.54 AND 5Y-CMaturityRate >= 5.39 THEN class = {5.66} [5.28, 6.05], (p=125, n=23, P=169, N=565)
2026-04-14 12:31:05,441 - INFO - *****GROWING RR RULE*****
2026-04-14 12:31:08,010 - INFO - Iteracja 0: condition_best: None, quality_best: -inf, coverage_best: (p=0, n=0, P=0, N=0), p_value: 0
2026-04-14 12:31:08,011 - INFO - Regula po iteracji 0: IF  THEN class = {7.58} [4.47, 10.69], (p=543, n=191, P=543, N=191)
2026-04-14 12:31:08,011 - INFO - *****STOP GROWING RR RULE*****
2026-04-14 12:31:08,011 - INFO - ***RR NOT FOUND***
2026-04-14 12:31:08,212 - INFO - Iteracja 4: condition_best: 1MonthCDRate >= 4.32, quality_best: 0.71, coverage_best: (p=119, n=19, P=164, N=570)
2026-04-14 12:31:08,212 - INFO - Regula po iteracji 4: IF federalFunds >= 381.85 AND 5Y-CMaturityRate >= 5.37 AND 3M-Rate-SecondaryMarket >= 3.54 AND 5Y-CMaturityRate >= 5.39 AND 1MonthCDRate >= 4.32 THEN class = {5.70} [5.33, 6.07], (p=119, n=19, P=164, N=570)
2026-04-14 12:31:08,212 - INFO - *****GROWING RR RULE*****
2026-04-14 12:31:10,762 - INFO - Iteracja 0: condition_best: None, quality_best: -inf, coverage_best: (p=0, n=0, P=0, N=0), p_value: 0
2026-04-14 12:31:10,763 - INFO - Regula po iteracji 0: IF  THEN class = {7.58} [4.47, 10.69], (p=543, n=191, P=543, N=191)
2026-04-14 12:31:10,763 - INFO - *****STOP GROWING RR RULE*****
2026-04-14 12:31:10,763 - INFO - ***RR NOT FOUND***
2026-04-14 12:31:10,763 - INFO - *******STOP GROWING CR RULE*******
2026-04-14 12:31:10,766 - INFO - *******GROWING CR RULE*******
2026-04-14 12:31:12,360 - INFO - Iteracja 0: condition_best: 3M-Rate-AuctionAverage >= 14.67, quality_best: 0.638, coverage_best: (p=55, n=25, P=59, N=675)
2026-04-14 12:31:12,360 - INFO - Regula po iteracji 0: IF 3M-Rate-AuctionAverage >= 14.67 THEN class = {14.07} [12.40, 15.75], (p=55, n=25, P=59, N=675)
2026-04-14 12:31:12,360 - INFO - *****GROWING RR RULE*****
2026-04-14 12:31:14,880 - INFO - Iteracja 0: condition_best: None, quality_best: -inf, coverage_best: (p=0, n=0, P=0, N=0), p_value: 0
2026-04-14 12:31:14,881 - INFO - Regula po iteracji 0: IF  THEN class = {7.58} [4.47, 10.69], (p=543, n=191, P=543, N=191)
2026-04-14 12:31:14,881 - INFO - *****STOP GROWING RR RULE*****
2026-04-14 12:31:14,881 - INFO - ***RR NOT FOUND***
2026-04-14 12:31:14,997 - INFO - Iteracja 1: condition_best: 5Y-CMaturityRate <= 15.78, quality_best: 0.662, coverage_best: (p=53, n=21, P=58, N=676)
2026-04-14 12:31:14,997 - INFO - Regula po iteracji 1: IF 3M-Rate-AuctionAverage >= 14.67 AND 5Y-CMaturityRate <= 15.78 THEN class = {13.88} [12.29, 15.46], (p=53, n=21, P=58, N=676)
2026-04-14 12:31:14,997 - INFO - *****GROWING RR RULE*****
2026-04-14 12:31:17,518 - INFO - Iteracja 0: condition_best: None, quality_best: -inf, coverage_best: (p=0, n=0, P=0, N=0), p_value: 0
2026-04-14 12:31:17,519 - INFO - Regula po iteracji 0: IF  THEN class = {7.58} [4.47, 10.69], (p=543, n=191, P=543, N=191)
2026-04-14 12:31:17,519 - INFO - *****STOP GROWING RR RULE*****
2026-04-14 12:31:17,519 - INFO - ***RR NOT FOUND***
2026-04-14 12:31:17,625 - INFO - Iteracja 2: condition_best: federalFunds <= 255.65, quality_best: 0.673, coverage_best: (p=51, n=18, P=58, N=676)
2026-04-14 12:31:17,625 - INFO - Regula po iteracji 2: IF 3M-Rate-AuctionAverage >= 14.67 AND 5Y-CMaturityRate <= 15.78 AND federalFunds <= 255.65 THEN class = {13.78} [12.20, 15.36], (p=51, n=18, P=58, N=676)
2026-04-14 12:31:17,626 - INFO - *****GROWING RR RULE*****
2026-04-14 12:31:20,666 - INFO - Iteracja 0: condition_best: None, quality_best: -inf, coverage_best: (p=0, n=0, P=0, N=0), p_value: 0
2026-04-14 12:31:20,666 - INFO - Regula po iteracji 0: IF  THEN class = {7.58} [4.47, 10.69], (p=543, n=191, P=543, N=191)
2026-04-14 12:31:20,667 - INFO - *****STOP GROWING RR RULE*****
2026-04-14 12:31:20,667 - INFO - ***RR NOT FOUND***
2026-04-14 12:31:20,765 - INFO - Iteracja 3: condition_best: tradeCurrencies >= 175.75, quality_best: 0.669, coverage_best: (p=50, n=18, P=57, N=677)
2026-04-14 12:31:20,766 - INFO - Regula po iteracji 3: IF 3M-Rate-AuctionAverage >= 14.67 AND 5Y-CMaturityRate <= 15.78 AND federalFunds <= 255.65 AND tradeCurrencies >= 175.75 THEN class = {13.82} [12.26, 15.37], (p=50, n=18, P=57, N=677)
2026-04-14 12:31:20,766 - INFO - *****GROWING RR RULE*****
2026-04-14 12:31:23,268 - INFO - Iteracja 0: condition_best: None, quality_best: -inf, coverage_best: (p=0, n=0, P=0, N=0), p_value: 0
2026-04-14 12:31:23,268 - INFO - Regula po iteracji 0: IF  THEN class = {7.58} [4.47, 10.69], (p=543, n=191, P=543, N=191)
2026-04-14 12:31:23,268 - INFO - *****STOP GROWING RR RULE*****
2026-04-14 12:31:23,268 - INFO - ***RR NOT FOUND***
2026-04-14 12:31:23,368 - INFO - Iteracja 4: condition_best: 3M-Rate-SecondaryMarket <= 15.78, quality_best: 0.69, coverage_best: (p=48, n=16, P=54, N=680)
2026-04-14 12:31:23,368 - INFO - Regula po iteracji 4: IF 3M-Rate-AuctionAverage >= 14.67 AND 5Y-CMaturityRate <= 15.78 AND federalFunds <= 255.65 AND tradeCurrencies >= 175.75 AND 3M-Rate-SecondaryMarket <= 15.78 THEN class = {13.67} [12.19, 15.14], (p=48, n=16, P=54, N=680)
2026-04-14 12:31:23,368 - INFO - *****GROWING RR RULE*****
2026-04-14 12:31:25,872 - INFO - Iteracja 0: condition_best: None, quality_best: -inf, coverage_best: (p=0, n=0, P=0, N=0), p_value: 0
2026-04-14 12:31:25,872 - INFO - Regula po iteracji 0: IF  THEN class = {7.58} [4.47, 10.69], (p=543, n=191, P=543, N=191)
2026-04-14 12:31:25,872 - INFO - *****STOP GROWING RR RULE*****
2026-04-14 12:31:25,872 - INFO - ***RR NOT FOUND***
2026-04-14 12:31:25,872 - INFO - *******STOP GROWING CR RULE*******
2026-04-14 12:31:25,875 - INFO - *******GROWING CR RULE*******
2026-04-14 12:31:27,465 - INFO - Iteracja 0: condition_best: demandDeposits >= 335.95, quality_best: 0.628, coverage_best: (p=169, n=53, P=196, N=538)
2026-04-14 12:31:27,465 - INFO - Regula po iteracji 0: IF demandDeposits >= 335.95 THEN class = {5.52} [5.01, 6.02], (p=169, n=53, P=196, N=538)
2026-04-14 12:31:27,465 - INFO - *****GROWING RR RULE*****
2026-04-14 12:31:30,055 - INFO - Iteracja 0: condition_best: None, quality_best: -inf, coverage_best: (p=0, n=0, P=0, N=0), p_value: 0
2026-04-14 12:31:30,056 - INFO - Regula po iteracji 0: IF  THEN class = {7.58} [4.47, 10.69], (p=543, n=191, P=543, N=191)
2026-04-14 12:31:30,056 - INFO - *****STOP GROWING RR RULE*****
2026-04-14 12:31:30,056 - INFO - ***RR NOT FOUND***
2026-04-14 12:31:30,365 - INFO - Iteracja 1: condition_best: 5Y-CMaturityRate <= 6.25, quality_best: 0.683, coverage_best: (p=121, n=32, P=143, N=591)
2026-04-14 12:31:30,365 - INFO - Regula po iteracji 1: IF demandDeposits >= 335.95 AND 5Y-CMaturityRate <= 6.25 THEN class = {5.29} [4.93, 5.66], (p=121, n=32, P=143, N=591)
2026-04-14 12:31:30,365 - INFO - *****GROWING RR RULE*****
2026-04-14 12:31:33,481 - INFO - Iteracja 0: condition_best: None, quality_best: -inf, coverage_best: (p=0, n=0, P=0, N=0), p_value: 0
2026-04-14 12:31:33,482 - INFO - Regula po iteracji 0: IF  THEN class = {7.58} [4.47, 10.69], (p=543, n=191, P=543, N=191)
2026-04-14 12:31:33,482 - INFO - *****STOP GROWING RR RULE*****
2026-04-14 12:31:33,482 - INFO - ***RR NOT FOUND***
2026-04-14 12:31:33,687 - INFO - Iteracja 2: condition_best: 1MonthCDRate >= 5.25, quality_best: 0.761, coverage_best: (p=103, n=16, P=126, N=608)
2026-04-14 12:31:33,687 - INFO - Regula po iteracji 2: IF demandDeposits >= 335.95 AND 5Y-CMaturityRate <= 6.25 AND 1MonthCDRate >= 5.25 THEN class = {5.43} [5.17, 5.69], (p=103, n=16, P=126, N=608)
2026-04-14 12:31:33,687 - INFO - *****GROWING RR RULE*****
2026-04-14 12:31:36,228 - INFO - Iteracja 0: condition_best: None, quality_best: -inf, coverage_best: (p=0, n=0, P=0, N=0), p_value: 0
2026-04-14 12:31:36,228 - INFO - Regula po iteracji 0: IF  THEN class = {7.58} [4.47, 10.69], (p=543, n=191, P=543, N=191)
2026-04-14 12:31:36,228 - INFO - *****STOP GROWING RR RULE*****
2026-04-14 12:31:36,228 - INFO - ***RR NOT FOUND***
2026-04-14 12:31:36,383 - INFO - Iteracja 3: condition_best: 1MonthCDRate <= 5.95, quality_best: 0.778, coverage_best: (p=100, n=13, P=124, N=610)
2026-04-14 12:31:36,384 - INFO - Regula po iteracji 3: IF demandDeposits >= 335.95 AND 5Y-CMaturityRate <= 6.25 AND 1MonthCDRate >= 5.25 AND 1MonthCDRate <= 5.95 THEN class = {5.41} [5.15, 5.67], (p=100, n=13, P=124, N=610)
2026-04-14 12:31:36,384 - INFO - *****GROWING RR RULE*****
2026-04-14 12:31:38,917 - INFO - Iteracja 0: condition_best: None, quality_best: -inf, coverage_best: (p=0, n=0, P=0, N=0), p_value: 0
2026-04-14 12:31:38,917 - INFO - Regula po iteracji 0: IF  THEN class = {7.58} [4.47, 10.69], (p=543, n=191, P=543, N=191)
2026-04-14 12:31:38,917 - INFO - *****STOP GROWING RR RULE*****
2026-04-14 12:31:38,917 - INFO - ***RR NOT FOUND***
2026-04-14 12:31:39,063 - INFO - Iteracja 4: condition_best: 3Y-CMaturityRate <= 5.39, quality_best: 0.796, coverage_best: (p=98, n=9, P=127, N=607)
2026-04-14 12:31:39,063 - INFO - Regula po iteracji 4: IF demandDeposits >= 335.95 AND 5Y-CMaturityRate <= 6.25 AND 1MonthCDRate >= 5.25 AND 1MonthCDRate <= 5.95 AND 3Y-CMaturityRate <= 5.39 THEN class = {5.40} [5.14, 5.65], (p=98, n=9, P=127, N=607)
2026-04-14 12:31:39,064 - INFO - *****GROWING RR RULE*****
2026-04-14 12:31:41,595 - INFO - Iteracja 0: condition_best: None, quality_best: -inf, coverage_best: (p=0, n=0, P=0, N=0), p_value: 0
2026-04-14 12:31:41,596 - INFO - Regula po iteracji 0: IF  THEN class = {7.58} [4.47, 10.69], (p=543, n=191, P=543, N=191)
2026-04-14 12:31:41,596 - INFO - *****STOP GROWING RR RULE*****
2026-04-14 12:31:41,596 - INFO - ***RR NOT FOUND***
2026-04-14 12:31:41,596 - INFO - *******STOP GROWING CR RULE*******
2026-04-14 12:31:41,598 - INFO - *******GROWING CR RULE*******
2026-04-14 12:31:43,183 - INFO - Iteracja 0: condition_best: demandDeposits >= 335.95, quality_best: 0.628, coverage_best: (p=169, n=53, P=196, N=538)
2026-04-14 12:31:43,183 - INFO - Regula po iteracji 0: IF demandDeposits >= 335.95 THEN class = {5.52} [5.01, 6.02], (p=169, n=53, P=196, N=538)
2026-04-14 12:31:43,184 - INFO - *****GROWING RR RULE*****
2026-04-14 12:31:46,330 - INFO - Iteracja 0: condition_best: None, quality_best: -inf, coverage_best: (p=0, n=0, P=0, N=0), p_value: 0
2026-04-14 12:31:46,330 - INFO - Regula po iteracji 0: IF  THEN class = {7.58} [4.47, 10.69], (p=543, n=191, P=543, N=191)
2026-04-14 12:31:46,330 - INFO - *****STOP GROWING RR RULE*****
2026-04-14 12:31:46,330 - INFO - ***RR NOT FOUND***
2026-04-14 12:31:46,636 - INFO - Iteracja 1: condition_best: demandDeposits <= 456.55, quality_best: 0.673, coverage_best: (p=143, n=30, P=189, N=545)
2026-04-14 12:31:46,636 - INFO - Regula po iteracji 1: IF demandDeposits >= 335.95 AND demandDeposits <= 456.55 THEN class = {5.62} [5.16, 6.08], (p=143, n=30, P=189, N=545)
2026-04-14 12:31:46,637 - INFO - *****GROWING RR RULE*****
2026-04-14 12:31:49,234 - INFO - Iteracja 0: condition_best: None, quality_best: -inf, coverage_best: (p=0, n=0, P=0, N=0), p_value: 0
2026-04-14 12:31:49,234 - INFO - Regula po iteracji 0: IF  THEN class = {7.58} [4.47, 10.69], (p=543, n=191, P=543, N=191)
2026-04-14 12:31:49,234 - INFO - *****STOP GROWING RR RULE*****
2026-04-14 12:31:49,234 - INFO - ***RR NOT FOUND***
2026-04-14 12:31:49,467 - INFO - Iteracja 2: condition_best: 3M-Rate-AuctionAverage <= 8.81, quality_best: 0.704, coverage_best: (p=133, n=26, P=169, N=565)
2026-04-14 12:31:49,467 - INFO - Regula po iteracji 2: IF demandDeposits >= 335.95 AND demandDeposits <= 456.55 AND 3M-Rate-AuctionAverage <= 8.81 THEN class = {5.54} [5.17, 5.91], (p=133, n=26, P=169, N=565)
2026-04-14 12:31:49,467 - INFO - *****GROWING RR RULE*****
2026-04-14 12:31:52,049 - INFO - Iteracja 0: condition_best: None, quality_best: -inf, coverage_best: (p=0, n=0, P=0, N=0), p_value: 0
2026-04-14 12:31:52,050 - INFO - Regula po iteracji 0: IF  THEN class = {7.58} [4.47, 10.69], (p=543, n=191, P=543, N=191)
2026-04-14 12:31:52,050 - INFO - *****STOP GROWING RR RULE*****
2026-04-14 12:31:52,050 - INFO - ***RR NOT FOUND***
2026-04-14 12:31:52,262 - INFO - Iteracja 3: condition_best: checkableDeposits >= 1,062.65, quality_best: 0.706, coverage_best: (p=129, n=23, P=170, N=564)
2026-04-14 12:31:52,263 - INFO - Regula po iteracji 3: IF demandDeposits >= 335.95 AND demandDeposits <= 456.55 AND 3M-Rate-AuctionAverage <= 8.81 AND checkableDeposits >= 1,062.65 THEN class = {5.53} [5.15, 5.90], (p=129, n=23, P=170, N=564)
2026-04-14 12:31:52,263 - INFO - *****GROWING RR RULE*****
2026-04-14 12:31:54,842 - INFO - Iteracja 0: condition_best: None, quality_best: -inf, coverage_best: (p=0, n=0, P=0, N=0), p_value: 0
2026-04-14 12:31:54,842 - INFO - Regula po iteracji 0: IF  THEN class = {7.58} [4.47, 10.69], (p=543, n=191, P=543, N=191)
2026-04-14 12:31:54,842 - INFO - *****STOP GROWING RR RULE*****
2026-04-14 12:31:54,842 - INFO - ***RR NOT FOUND***
2026-04-14 12:31:55,049 - INFO - Iteracja 4: condition_best: federalFunds <= 411.05, quality_best: 0.713, coverage_best: (p=128, n=22, P=168, N=566)
2026-04-14 12:31:55,049 - INFO - Regula po iteracji 4: IF demandDeposits >= 335.95 AND demandDeposits <= 456.55 AND 3M-Rate-AuctionAverage <= 8.81 AND checkableDeposits >= 1,062.65 AND federalFunds <= 411.05 THEN class = {5.52} [5.15, 5.90], (p=128, n=22, P=168, N=566)
2026-04-14 12:31:55,050 - INFO - *****GROWING RR RULE*****
2026-04-14 12:31:57,628 - INFO - Iteracja 0: condition_best: None, quality_best: -inf, coverage_best: (p=0, n=0, P=0, N=0), p_value: 0
2026-04-14 12:31:57,628 - INFO - Regula po iteracji 0: IF  THEN class = {7.58} [4.47, 10.69], (p=543, n=191, P=543, N=191)
2026-04-14 12:31:57,628 - INFO - *****STOP GROWING RR RULE*****
2026-04-14 12:31:57,628 - INFO - ***RR NOT FOUND***
2026-04-14 12:31:57,628 - INFO - *******STOP GROWING CR RULE*******
2026-04-14 12:31:57,631 - INFO - *******GROWING CR RULE*******
2026-04-14 12:31:59,755 - INFO - Iteracja 0: condition_best: demandDeposits >= 335.95, quality_best: 0.628, coverage_best: (p=169, n=53, P=196, N=538)
2026-04-14 12:31:59,755 - INFO - Regula po iteracji 0: IF demandDeposits >= 335.95 THEN class = {5.52} [5.01, 6.02], (p=169, n=53, P=196, N=538)
2026-04-14 12:31:59,756 - INFO - *****GROWING RR RULE*****
2026-04-14 12:32:02,336 - INFO - Iteracja 0: condition_best: None, quality_best: -inf, coverage_best: (p=0, n=0, P=0, N=0), p_value: 0
2026-04-14 12:32:02,337 - INFO - Regula po iteracji 0: IF  THEN class = {7.58} [4.47, 10.69], (p=543, n=191, P=543, N=191)
2026-04-14 12:32:02,337 - INFO - *****STOP GROWING RR RULE*****
2026-04-14 12:32:02,337 - INFO - ***RR NOT FOUND***
2026-04-14 12:32:02,639 - INFO - Iteracja 1: condition_best: 1MonthCDRate >= 5.21, quality_best: 0.667, coverage_best: (p=141, n=31, P=186, N=548)
2026-04-14 12:32:02,640 - INFO - Regula po iteracji 1: IF demandDeposits >= 335.95 AND 1MonthCDRate >= 5.21 THEN class = {5.61} [5.16, 6.06], (p=141, n=31, P=186, N=548)
2026-04-14 12:32:02,640 - INFO - *****GROWING RR RULE*****
2026-04-14 12:32:05,213 - INFO - Iteracja 0: condition_best: None, quality_best: -inf, coverage_best: (p=0, n=0, P=0, N=0), p_value: 0
2026-04-14 12:32:05,213 - INFO - Regula po iteracji 0: IF  THEN class = {7.58} [4.47, 10.69], (p=543, n=191, P=543, N=191)
2026-04-14 12:32:05,214 - INFO - *****STOP GROWING RR RULE*****
2026-04-14 12:32:05,214 - INFO - ***RR NOT FOUND***
2026-04-14 12:32:05,443 - INFO - Iteracja 2: condition_best: 5Y-CMaturityRate <= 6.37, quality_best: 0.754, coverage_best: (p=113, n=19, P=136, N=598)
2026-04-14 12:32:05,443 - INFO - Regula po iteracji 2: IF demandDeposits >= 335.95 AND 1MonthCDRate >= 5.21 AND 5Y-CMaturityRate <= 6.37 THEN class = {5.44} [5.15, 5.72], (p=113, n=19, P=136, N=598)
2026-04-14 12:32:05,443 - INFO - *****GROWING RR RULE*****
2026-04-14 12:32:07,993 - INFO - Iteracja 0: condition_best: None, quality_best: -inf, coverage_best: (p=0, n=0, P=0, N=0), p_value: 0
2026-04-14 12:32:07,993 - INFO - Regula po iteracji 0: IF  THEN class = {7.58} [4.47, 10.69], (p=543, n=191, P=543, N=191)
2026-04-14 12:32:07,994 - INFO - *****STOP GROWING RR RULE*****
2026-04-14 12:32:07,994 - INFO - ***RR NOT FOUND***
2026-04-14 12:32:08,164 - INFO - Iteracja 3: condition_best: 3M-Rate-AuctionAverage >= 6.68, quality_best: 0.764, coverage_best: (p=113, n=18, P=135, N=599)
2026-04-14 12:32:08,164 - INFO - Regula po iteracji 3: IF demandDeposits >= 335.95 AND 1MonthCDRate >= 5.21 AND 5Y-CMaturityRate <= 6.37 AND 3M-Rate-AuctionAverage >= 6.68 THEN class = {5.44} [5.16, 5.72], (p=113, n=18, P=135, N=599)
2026-04-14 12:32:08,165 - INFO - *****GROWING RR RULE*****
2026-04-14 12:32:10,720 - INFO - Iteracja 0: condition_best: None, quality_best: -inf, coverage_best: (p=0, n=0, P=0, N=0), p_value: 0
2026-04-14 12:32:10,720 - INFO - Regula po iteracji 0: IF  THEN class = {7.58} [4.47, 10.69], (p=543, n=191, P=543, N=191)
2026-04-14 12:32:10,720 - INFO - *****STOP GROWING RR RULE*****
2026-04-14 12:32:10,720 - INFO - ***RR NOT FOUND***
2026-04-14 12:32:10,890 - INFO - Iteracja 4: condition_best: 1Y-CMaturityRate <= 100.30, quality_best: 0.771, coverage_best: (p=113, n=17, P=135, N=599)
2026-04-14 12:32:10,890 - INFO - Regula po iteracji 4: IF demandDeposits >= 335.95 AND 1MonthCDRate >= 5.21 AND 5Y-CMaturityRate <= 6.37 AND 3M-Rate-AuctionAverage >= 6.68 AND 1Y-CMaturityRate <= 100.30 THEN class = {5.45} [5.17, 5.72], (p=113, n=17, P=135, N=599)
2026-04-14 12:32:10,890 - INFO - *****GROWING RR RULE*****
2026-04-14 12:32:13,992 - INFO - Iteracja 0: condition_best: None, quality_best: -inf, coverage_best: (p=0, n=0, P=0, N=0), p_value: 0
2026-04-14 12:32:13,992 - INFO - Regula po iteracji 0: IF  THEN class = {7.58} [4.47, 10.69], (p=543, n=191, P=543, N=191)
2026-04-14 12:32:13,992 - INFO - *****STOP GROWING RR RULE*****
2026-04-14 12:32:13,992 - INFO - ***RR NOT FOUND***
2026-04-14 12:32:13,992 - INFO - *******STOP GROWING CR RULE*******
2026-04-14 12:32:13,995 - INFO - *******GROWING CR RULE*******
2026-04-14 12:32:15,583 - INFO - Iteracja 0: condition_best: demandDeposits >= 335.95, quality_best: 0.628, coverage_best: (p=169, n=53, P=196, N=538)
2026-04-14 12:32:15,584 - INFO - Regula po iteracji 0: IF demandDeposits >= 335.95 THEN class = {5.52} [5.01, 6.02], (p=169, n=53, P=196, N=538)
2026-04-14 12:32:15,584 - INFO - *****GROWING RR RULE*****
2026-04-14 12:32:18,169 - INFO - Iteracja 0: condition_best: None, quality_best: -inf, coverage_best: (p=0, n=0, P=0, N=0), p_value: 0
2026-04-14 12:32:18,170 - INFO - Regula po iteracji 0: IF  THEN class = {7.58} [4.47, 10.69], (p=543, n=191, P=543, N=191)
2026-04-14 12:32:18,170 - INFO - *****STOP GROWING RR RULE*****
2026-04-14 12:32:18,170 - INFO - ***RR NOT FOUND***
2026-04-14 12:32:18,472 - INFO - Iteracja 1: condition_best: 1MonthCDRate >= 5.21, quality_best: 0.667, coverage_best: (p=141, n=31, P=186, N=548)
2026-04-14 12:32:18,472 - INFO - Regula po iteracji 1: IF demandDeposits >= 335.95 AND 1MonthCDRate >= 5.21 THEN class = {5.61} [5.16, 6.06], (p=141, n=31, P=186, N=548)
2026-04-14 12:32:18,473 - INFO - *****GROWING RR RULE*****
2026-04-14 12:32:21,053 - INFO - Iteracja 0: condition_best: None, quality_best: -inf, coverage_best: (p=0, n=0, P=0, N=0), p_value: 0
2026-04-14 12:32:21,054 - INFO - Regula po iteracji 0: IF  THEN class = {7.58} [4.47, 10.69], (p=543, n=191, P=543, N=191)
2026-04-14 12:32:21,054 - INFO - *****STOP GROWING RR RULE*****
2026-04-14 12:32:21,054 - INFO - ***RR NOT FOUND***
2026-04-14 12:32:21,283 - INFO - Iteracja 2: condition_best: 1MonthCDRate <= 5.97, quality_best: 0.693, coverage_best: (p=131, n=24, P=177, N=557)
2026-04-14 12:32:21,283 - INFO - Regula po iteracji 2: IF demandDeposits >= 335.95 AND 1MonthCDRate >= 5.21 AND 1MonthCDRate <= 5.97 THEN class = {5.54} [5.15, 5.94], (p=131, n=24, P=177, N=557)
2026-04-14 12:32:21,284 - INFO - *****GROWING RR RULE*****
2026-04-14 12:32:23,853 - INFO - Iteracja 0: condition_best: None, quality_best: -inf, coverage_best: (p=0, n=0, P=0, N=0), p_value: 0
2026-04-14 12:32:23,853 - INFO - Regula po iteracji 0: IF  THEN class = {7.58} [4.47, 10.69], (p=543, n=191, P=543, N=191)
2026-04-14 12:32:23,853 - INFO - *****STOP GROWING RR RULE*****
2026-04-14 12:32:23,853 - INFO - ***RR NOT FOUND***
2026-04-14 12:32:24,057 - INFO - Iteracja 3: condition_best: 1MonthCDRate >= 5.22, quality_best: 0.701, coverage_best: (p=130, n=23, P=174, N=560)
2026-04-14 12:32:24,057 - INFO - Regula po iteracji 3: IF demandDeposits >= 335.95 AND 1MonthCDRate >= 5.21 AND 1MonthCDRate <= 5.97 AND 1MonthCDRate >= 5.22 THEN class = {5.56} [5.17, 5.94], (p=130, n=23, P=174, N=560)
2026-04-14 12:32:24,058 - INFO - *****GROWING RR RULE*****
2026-04-14 12:32:27,172 - INFO - Iteracja 0: condition_best: None, quality_best: -inf, coverage_best: (p=0, n=0, P=0, N=0), p_value: 0
2026-04-14 12:32:27,172 - INFO - Regula po iteracji 0: IF  THEN class = {7.58} [4.47, 10.69], (p=543, n=191, P=543, N=191)
2026-04-14 12:32:27,172 - INFO - *****STOP GROWING RR RULE*****
2026-04-14 12:32:27,172 - INFO - ***RR NOT FOUND***
2026-04-14 12:32:27,375 - INFO - Iteracja 4: condition_best: 1Y-CMaturityRate <= 100.30, quality_best: 0.7, coverage_best: (p=129, n=23, P=173, N=561)
2026-04-14 12:32:27,375 - INFO - Regula po iteracji 4: IF demandDeposits >= 335.95 AND 1MonthCDRate >= 5.21 AND 1MonthCDRate <= 5.97 AND 1MonthCDRate >= 5.22 AND 1Y-CMaturityRate <= 100.30 THEN class = {5.56} [5.17, 5.95], (p=129, n=23, P=173, N=561)
2026-04-14 12:32:27,375 - INFO - *****GROWING RR RULE*****
2026-04-14 12:32:29,944 - INFO - Iteracja 0: condition_best: None, quality_best: -inf, coverage_best: (p=0, n=0, P=0, N=0), p_value: 0
2026-04-14 12:32:29,944 - INFO - Regula po iteracji 0: IF  THEN class = {7.58} [4.47, 10.69], (p=543, n=191, P=543, N=191)
2026-04-14 12:32:29,944 - INFO - *****STOP GROWING RR RULE*****
2026-04-14 12:32:29,944 - INFO - ***RR NOT FOUND***
2026-04-14 12:32:29,944 - INFO - *******STOP GROWING CR RULE*******
2026-04-14 12:32:29,947 - INFO - *******GROWING CR RULE*******
2026-04-14 12:32:31,533 - INFO - Iteracja 0: condition_best: currency <= 1,388.75, quality_best: 0.624, coverage_best: (p=71, n=28, P=85, N=649)
2026-04-14 12:32:31,534 - INFO - Regula po iteracji 0: IF currency <= 1,388.75 THEN class = {13.47} [11.19, 15.75], (p=71, n=28, P=85, N=649)
2026-04-14 12:32:31,534 - INFO - *****GROWING RR RULE*****
2026-04-14 12:32:34,059 - INFO - Iteracja 0: condition_best: None, quality_best: -inf, coverage_best: (p=0, n=0, P=0, N=0), p_value: 0
2026-04-14 12:32:34,059 - INFO - Regula po iteracji 0: IF  THEN class = {7.58} [4.47, 10.69], (p=543, n=191, P=543, N=191)
2026-04-14 12:32:34,060 - INFO - *****STOP GROWING RR RULE*****
2026-04-14 12:32:34,060 - INFO - ***RR NOT FOUND***
2026-04-14 12:32:34,208 - INFO - Iteracja 1: condition_best: 1Y-CMaturityRate >= 92.76, quality_best: 0.691, coverage_best: (p=65, n=23, P=69, N=665)
2026-04-14 12:32:34,208 - INFO - Regula po iteracji 1: IF currency <= 1,388.75 AND 1Y-CMaturityRate >= 92.76 THEN class = {13.93} [12.05, 15.82], (p=65, n=23, P=69, N=665)
2026-04-14 12:32:34,208 - INFO - *****GROWING RR RULE*****
2026-04-14 12:32:36,732 - INFO - Iteracja 0: condition_best: None, quality_best: -inf, coverage_best: (p=0, n=0, P=0, N=0), p_value: 0
2026-04-14 12:32:36,733 - INFO - Regula po iteracji 0: IF  THEN class = {7.58} [4.47, 10.69], (p=543, n=191, P=543, N=191)
2026-04-14 12:32:36,733 - INFO - *****STOP GROWING RR RULE*****
2026-04-14 12:32:36,733 - INFO - ***RR NOT FOUND***
2026-04-14 12:32:36,862 - INFO - Iteracja 2: condition_best: tradeCurrencies >= 176.40, quality_best: 0.714, coverage_best: (p=64, n=22, P=65, N=669)
2026-04-14 12:32:36,862 - INFO - Regula po iteracji 2: IF currency <= 1,388.75 AND 1Y-CMaturityRate >= 92.76 AND tradeCurrencies >= 176.40 THEN class = {14.02} [12.20, 15.84], (p=64, n=22, P=65, N=669)
2026-04-14 12:32:36,862 - INFO - *****GROWING RR RULE*****
2026-04-14 12:32:39,931 - INFO - Iteracja 0: condition_best: None, quality_best: -inf, coverage_best: (p=0, n=0, P=0, N=0), p_value: 0
2026-04-14 12:32:39,931 - INFO - Regula po iteracji 0: IF  THEN class = {7.58} [4.47, 10.69], (p=543, n=191, P=543, N=191)
2026-04-14 12:32:39,931 - INFO - *****STOP GROWING RR RULE*****
2026-04-14 12:32:39,931 - INFO - ***RR NOT FOUND***
2026-04-14 12:32:40,058 - INFO - Iteracja 3: condition_best: 5Y-CMaturityRate <= 15.53, quality_best: 0.729, coverage_best: (p=60, n=17, P=65, N=669)
2026-04-14 12:32:40,058 - INFO - Regula po iteracji 3: IF currency <= 1,388.75 AND 1Y-CMaturityRate >= 92.76 AND tradeCurrencies >= 176.40 AND 5Y-CMaturityRate <= 15.53 THEN class = {13.74} [12.02, 15.47], (p=60, n=17, P=65, N=669)
2026-04-14 12:32:40,059 - INFO - *****GROWING RR RULE*****
2026-04-14 12:32:42,575 - INFO - Iteracja 0: condition_best: None, quality_best: -inf, coverage_best: (p=0, n=0, P=0, N=0), p_value: 0
2026-04-14 12:32:42,576 - INFO - Regula po iteracji 0: IF  THEN class = {7.58} [4.47, 10.69], (p=543, n=191, P=543, N=191)
2026-04-14 12:32:42,576 - INFO - *****STOP GROWING RR RULE*****
2026-04-14 12:32:42,576 - INFO - ***RR NOT FOUND***
2026-04-14 12:32:42,691 - INFO - Iteracja 4: condition_best: currency >= 1,149.50, quality_best: 0.741, coverage_best: (p=58, n=17, P=60, N=674)
2026-04-14 12:32:42,691 - INFO - Regula po iteracji 4: IF currency <= 1,388.75 AND 1Y-CMaturityRate >= 92.76 AND tradeCurrencies >= 176.40 AND 5Y-CMaturityRate <= 15.53 AND currency >= 1,149.50 THEN class = {13.83} [12.20, 15.46], (p=58, n=17, P=60, N=674)
2026-04-14 12:32:42,692 - INFO - *****GROWING RR RULE*****
2026-04-14 12:32:45,220 - INFO - Iteracja 0: condition_best: None, quality_best: -inf, coverage_best: (p=0, n=0, P=0, N=0), p_value: 0
2026-04-14 12:32:45,221 - INFO - Regula po iteracji 0: IF  THEN class = {7.58} [4.47, 10.69], (p=543, n=191, P=543, N=191)
2026-04-14 12:32:45,221 - INFO - *****STOP GROWING RR RULE*****
2026-04-14 12:32:45,221 - INFO - ***RR NOT FOUND***
2026-04-14 12:32:45,221 - INFO - *******STOP GROWING CR RULE*******
2026-04-14 12:32:45,223 - INFO - *******GROWING CR RULE*******
2026-04-14 12:32:46,801 - INFO - Iteracja 0: condition_best: currency <= 1,388.75, quality_best: 0.624, coverage_best: (p=71, n=28, P=85, N=649)
2026-04-14 12:32:46,801 - INFO - Regula po iteracji 0: IF currency <= 1,388.75 THEN class = {13.47} [11.19, 15.75], (p=71, n=28, P=85, N=649)
2026-04-14 12:32:46,801 - INFO - *****GROWING RR RULE*****
2026-04-14 12:32:49,326 - INFO - Iteracja 0: condition_best: None, quality_best: -inf, coverage_best: (p=0, n=0, P=0, N=0), p_value: 0
2026-04-14 12:32:49,326 - INFO - Regula po iteracji 0: IF  THEN class = {7.58} [4.47, 10.69], (p=543, n=191, P=543, N=191)
2026-04-14 12:32:49,326 - INFO - *****STOP GROWING RR RULE*****
2026-04-14 12:32:49,326 - INFO - ***RR NOT FOUND***
2026-04-14 12:32:49,473 - INFO - Iteracja 1: condition_best: loansLeases >= 274.35, quality_best: 0.662, coverage_best: (p=69, n=23, P=82, N=652)
2026-04-14 12:32:49,474 - INFO - Regula po iteracji 1: IF currency <= 1,388.75 AND loansLeases >= 274.35 THEN class = {13.68} [11.54, 15.82], (p=69, n=23, P=82, N=652)
2026-04-14 12:32:49,474 - INFO - *****GROWING RR RULE*****
2026-04-14 12:32:52,562 - INFO - Iteracja 0: condition_best: None, quality_best: -inf, coverage_best: (p=0, n=0, P=0, N=0), p_value: 0
2026-04-14 12:32:52,562 - INFO - Regula po iteracji 0: IF  THEN class = {7.58} [4.47, 10.69], (p=543, n=191, P=543, N=191)
2026-04-14 12:32:52,562 - INFO - *****STOP GROWING RR RULE*****
2026-04-14 12:32:52,562 - INFO - ***RR NOT FOUND***
2026-04-14 12:32:52,700 - INFO - Iteracja 2: condition_best: moneyStock >= 8.91, quality_best: 0.67, coverage_best: (p=69, n=22, P=82, N=652)
2026-04-14 12:32:52,700 - INFO - Regula po iteracji 2: IF currency <= 1,388.75 AND loansLeases >= 274.35 AND moneyStock >= 8.91 THEN class = {13.72} [11.61, 15.83], (p=69, n=22, P=82, N=652)
2026-04-14 12:32:52,700 - INFO - *****GROWING RR RULE*****
2026-04-14 12:32:55,232 - INFO - Iteracja 0: condition_best: None, quality_best: -inf, coverage_best: (p=0, n=0, P=0, N=0), p_value: 0
2026-04-14 12:32:55,232 - INFO - Regula po iteracji 0: IF  THEN class = {7.58} [4.47, 10.69], (p=543, n=191, P=543, N=191)
2026-04-14 12:32:55,232 - INFO - *****STOP GROWING RR RULE*****
2026-04-14 12:32:55,232 - INFO - ***RR NOT FOUND***
2026-04-14 12:32:55,368 - INFO - Iteracja 3: condition_best: 5Y-CMaturityRate <= 15.53, quality_best: 0.682, coverage_best: (p=64, n=18, P=79, N=655)
2026-04-14 12:32:55,368 - INFO - Regula po iteracji 3: IF currency <= 1,388.75 AND loansLeases >= 274.35 AND moneyStock >= 8.91 AND 5Y-CMaturityRate <= 15.53 THEN class = {13.43} [11.41, 15.45], (p=64, n=18, P=79, N=655)
2026-04-14 12:32:55,369 - INFO - *****GROWING RR RULE*****
2026-04-14 12:32:57,910 - INFO - Iteracja 0: condition_best: None, quality_best: -inf, coverage_best: (p=0, n=0, P=0, N=0), p_value: 0
2026-04-14 12:32:57,911 - INFO - Regula po iteracji 0: IF  THEN class = {7.58} [4.47, 10.69], (p=543, n=191, P=543, N=191)
2026-04-14 12:32:57,911 - INFO - *****STOP GROWING RR RULE*****
2026-04-14 12:32:57,911 - INFO - ***RR NOT FOUND***
2026-04-14 12:32:58,036 - INFO - Iteracja 4: condition_best: 1Y-CMaturityRate >= 92.02, quality_best: 0.701, coverage_best: (p=64, n=17, P=77, N=657)
2026-04-14 12:32:58,036 - INFO - Regula po iteracji 4: IF currency <= 1,388.75 AND loansLeases >= 274.35 AND moneyStock >= 8.91 AND 5Y-CMaturityRate <= 15.53 AND 1Y-CMaturityRate >= 92.02 THEN class = {13.49} [11.53, 15.45], (p=64, n=17, P=77, N=657)
2026-04-14 12:32:58,036 - INFO - *****GROWING RR RULE*****
2026-04-14 12:33:00,568 - INFO - Iteracja 0: condition_best: None, quality_best: -inf, coverage_best: (p=0, n=0, P=0, N=0), p_value: 0
2026-04-14 12:33:00,568 - INFO - Regula po iteracji 0: IF  THEN class = {7.58} [4.47, 10.69], (p=543, n=191, P=543, N=191)
2026-04-14 12:33:00,568 - INFO - *****STOP GROWING RR RULE*****
2026-04-14 12:33:00,569 - INFO - ***RR NOT FOUND***
2026-04-14 12:33:00,569 - INFO - *******STOP GROWING CR RULE*******
2026-04-14 12:33:00,571 - INFO - *******GROWING CR RULE*******
2026-04-14 12:33:02,146 - INFO - Iteracja 0: condition_best: 1MonthCDRate >= 7.14, quality_best: 0.617, coverage_best: (p=255, n=85, P=255, N=479)
2026-04-14 12:33:02,147 - INFO - Regula po iteracji 0: IF 1MonthCDRate >= 7.14 THEN class = {10.20} [7.56, 12.84], (p=255, n=85, P=255, N=479)
2026-04-14 12:33:02,147 - INFO - *****GROWING RR RULE*****
2026-04-14 12:33:05,320 - INFO - Iteracja 0: condition_best: None, quality_best: -inf, coverage_best: (p=0, n=0, P=0, N=0), p_value: 0
2026-04-14 12:33:05,321 - INFO - Regula po iteracji 0: IF  THEN class = {7.58} [4.47, 10.69], (p=543, n=191, P=543, N=191)
2026-04-14 12:33:05,321 - INFO - *****STOP GROWING RR RULE*****
2026-04-14 12:33:05,321 - INFO - ***RR NOT FOUND***
2026-04-14 12:33:05,953 - INFO - Iteracja 1: condition_best: 3M-Rate-AuctionAverage <= 14.45, quality_best: 0.738, coverage_best: (p=208, n=47, P=210, N=524)
2026-04-14 12:33:05,953 - INFO - Regula po iteracji 1: IF 1MonthCDRate >= 7.14 AND 3M-Rate-AuctionAverage <= 14.45 THEN class = {8.95} [7.51, 10.40], (p=208, n=47, P=210, N=524)
2026-04-14 12:33:05,954 - INFO - *****GROWING RR RULE*****
2026-04-14 12:33:08,562 - INFO - Iteracja 0: condition_best: None, quality_best: -inf, coverage_best: (p=0, n=0, P=0, N=0), p_value: 0
2026-04-14 12:33:08,562 - INFO - Regula po iteracji 0: IF  THEN class = {7.58} [4.47, 10.69], (p=543, n=191, P=543, N=191)
2026-04-14 12:33:08,562 - INFO - *****STOP GROWING RR RULE*****
2026-04-14 12:33:08,562 - INFO - ***RR NOT FOUND***
2026-04-14 12:33:09,004 - INFO - Iteracja 2: condition_best: federalFunds >= 243.65, quality_best: 0.773, coverage_best: (p=167, n=19, P=208, N=526)
2026-04-14 12:33:09,004 - INFO - Regula po iteracji 2: IF 1MonthCDRate >= 7.14 AND 3M-Rate-AuctionAverage <= 14.45 AND federalFunds >= 243.65 THEN class = {8.58} [7.15, 10.00], (p=167, n=19, P=208, N=526)
2026-04-14 12:33:09,004 - INFO - *****GROWING RR RULE*****
2026-04-14 12:33:11,591 - INFO - Iteracja 0: condition_best: None, quality_best: -inf, coverage_best: (p=0, n=0, P=0, N=0), p_value: 0
2026-04-14 12:33:11,591 - INFO - Regula po iteracji 0: IF  THEN class = {7.58} [4.47, 10.69], (p=543, n=191, P=543, N=191)
2026-04-14 12:33:11,591 - INFO - *****STOP GROWING RR RULE*****
2026-04-14 12:33:11,591 - INFO - ***RR NOT FOUND***
2026-04-14 12:33:11,897 - INFO - Iteracja 3: condition_best: 5Y-CMaturityRate >= 7.53, quality_best: 0.794, coverage_best: (p=167, n=15, P=210, N=524)
2026-04-14 12:33:11,897 - INFO - Regula po iteracji 3: IF 1MonthCDRate >= 7.14 AND 3M-Rate-AuctionAverage <= 14.45 AND federalFunds >= 243.65 AND 5Y-CMaturityRate >= 7.53 THEN class = {8.62} [7.20, 10.03], (p=167, n=15, P=210, N=524)
2026-04-14 12:33:11,897 - INFO - *****GROWING RR RULE*****
2026-04-14 12:33:14,495 - INFO - Iteracja 0: condition_best: None, quality_best: -inf, coverage_best: (p=0, n=0, P=0, N=0), p_value: 0
2026-04-14 12:33:14,495 - INFO - Regula po iteracji 0: IF  THEN class = {7.58} [4.47, 10.69], (p=543, n=191, P=543, N=191)
2026-04-14 12:33:14,495 - INFO - *****STOP GROWING RR RULE*****
2026-04-14 12:33:14,495 - INFO - ***RR NOT FOUND***
2026-04-14 12:33:14,792 - INFO - Iteracja 4: condition_best: currency >= 1,185.20, quality_best: 0.814, coverage_best: (p=151, n=12, P=187, N=547)
2026-04-14 12:33:14,792 - INFO - Regula po iteracji 4: IF 1MonthCDRate >= 7.14 AND 3M-Rate-AuctionAverage <= 14.45 AND federalFunds >= 243.65 AND 5Y-CMaturityRate >= 7.53 AND currency >= 1,185.20 THEN class = {8.45} [7.21, 9.68], (p=151, n=12, P=187, N=547)
2026-04-14 12:33:14,793 - INFO - *****GROWING RR RULE*****
2026-04-14 12:33:17,385 - INFO - Iteracja 0: condition_best: None, quality_best: -inf, coverage_best: (p=0, n=0, P=0, N=0), p_value: 0
2026-04-14 12:33:17,385 - INFO - Regula po iteracji 0: IF  THEN class = {7.58} [4.47, 10.69], (p=543, n=191, P=543, N=191)
2026-04-14 12:33:17,386 - INFO - *****STOP GROWING RR RULE*****
2026-04-14 12:33:17,386 - INFO - ***RR NOT FOUND***
2026-04-14 12:33:17,386 - INFO - *******STOP GROWING CR RULE*******
2026-04-14 12:33:17,388 - INFO - *******GROWING CR RULE*******
2026-04-14 12:33:19,361 - INFO - Iteracja 0: condition_best: 1MonthCDRate >= 7.14, quality_best: 0.617, coverage_best: (p=255, n=85, P=255, N=479)
2026-04-14 12:33:19,362 - INFO - Regula po iteracji 0: IF 1MonthCDRate >= 7.14 THEN class = {10.20} [7.56, 12.84], (p=255, n=85, P=255, N=479)
2026-04-14 12:33:19,362 - INFO - *****GROWING RR RULE*****
2026-04-14 12:33:21,991 - INFO - Iteracja 0: condition_best: None, quality_best: -inf, coverage_best: (p=0, n=0, P=0, N=0), p_value: 0
2026-04-14 12:33:21,991 - INFO - Regula po iteracji 0: IF  THEN class = {7.58} [4.47, 10.69], (p=543, n=191, P=543, N=191)
2026-04-14 12:33:21,991 - INFO - *****STOP GROWING RR RULE*****
2026-04-14 12:33:21,991 - INFO - ***RR NOT FOUND***
2026-04-14 12:33:22,569 - INFO - Iteracja 1: condition_best: 3M-Rate-AuctionAverage <= 14.45, quality_best: 0.738, coverage_best: (p=208, n=47, P=210, N=524)
2026-04-14 12:33:22,569 - INFO - Regula po iteracji 1: IF 1MonthCDRate >= 7.14 AND 3M-Rate-AuctionAverage <= 14.45 THEN class = {8.95} [7.51, 10.40], (p=208, n=47, P=210, N=524)
2026-04-14 12:33:22,569 - INFO - *****GROWING RR RULE*****
2026-04-14 12:33:25,194 - INFO - Iteracja 0: condition_best: None, quality_best: -inf, coverage_best: (p=0, n=0, P=0, N=0), p_value: 0
2026-04-14 12:33:25,195 - INFO - Regula po iteracji 0: IF  THEN class = {7.58} [4.47, 10.69], (p=543, n=191, P=543, N=191)
2026-04-14 12:33:25,195 - INFO - *****STOP GROWING RR RULE*****
2026-04-14 12:33:25,195 - INFO - ***RR NOT FOUND***
2026-04-14 12:33:25,605 - INFO - Iteracja 2: condition_best: federalFunds >= 243.65, quality_best: 0.773, coverage_best: (p=167, n=19, P=208, N=526)
2026-04-14 12:33:25,605 - INFO - Regula po iteracji 2: IF 1MonthCDRate >= 7.14 AND 3M-Rate-AuctionAverage <= 14.45 AND federalFunds >= 243.65 THEN class = {8.58} [7.15, 10.00], (p=167, n=19, P=208, N=526)
2026-04-14 12:33:25,605 - INFO - *****GROWING RR RULE*****
2026-04-14 12:33:28,197 - INFO - Iteracja 0: condition_best: None, quality_best: -inf, coverage_best: (p=0, n=0, P=0, N=0), p_value: 0
2026-04-14 12:33:28,197 - INFO - Regula po iteracji 0: IF  THEN class = {7.58} [4.47, 10.69], (p=543, n=191, P=543, N=191)
2026-04-14 12:33:28,197 - INFO - *****STOP GROWING RR RULE*****
2026-04-14 12:33:28,197 - INFO - ***RR NOT FOUND***
2026-04-14 12:33:28,476 - INFO - Iteracja 3: condition_best: demandDeposits >= 108.15, quality_best: 0.784, coverage_best: (p=164, n=20, P=195, N=539)
2026-04-14 12:33:28,476 - INFO - Regula po iteracji 3: IF 1MonthCDRate >= 7.14 AND 3M-Rate-AuctionAverage <= 14.45 AND federalFunds >= 243.65 AND demandDeposits >= 108.15 THEN class = {8.52} [7.22, 9.82], (p=164, n=20, P=195, N=539)
2026-04-14 12:33:28,476 - INFO - *****GROWING RR RULE*****
2026-04-14 12:33:31,584 - INFO - Iteracja 0: condition_best: None, quality_best: -inf, coverage_best: (p=0, n=0, P=0, N=0), p_value: 0
2026-04-14 12:33:31,585 - INFO - Regula po iteracji 0: IF  THEN class = {7.58} [4.47, 10.69], (p=543, n=191, P=543, N=191)
2026-04-14 12:33:31,585 - INFO - *****STOP GROWING RR RULE*****
2026-04-14 12:33:31,585 - INFO - ***RR NOT FOUND***
2026-04-14 12:33:31,861 - INFO - Iteracja 4: condition_best: 1Y-CMaturityRate <= 141.01, quality_best: 0.796, coverage_best: (p=163, n=18, P=194, N=540)
2026-04-14 12:33:31,861 - INFO - Regula po iteracji 4: IF 1MonthCDRate >= 7.14 AND 3M-Rate-AuctionAverage <= 14.45 AND federalFunds >= 243.65 AND demandDeposits >= 108.15 AND 1Y-CMaturityRate <= 141.01 THEN class = {8.50} [7.20, 9.80], (p=163, n=18, P=194, N=540)
2026-04-14 12:33:31,862 - INFO - *****GROWING RR RULE*****
2026-04-14 12:33:34,442 - INFO - Iteracja 0: condition_best: None, quality_best: -inf, coverage_best: (p=0, n=0, P=0, N=0), p_value: 0
2026-04-14 12:33:34,442 - INFO - Regula po iteracji 0: IF  THEN class = {7.58} [4.47, 10.69], (p=543, n=191, P=543, N=191)
2026-04-14 12:33:34,442 - INFO - *****STOP GROWING RR RULE*****
2026-04-14 12:33:34,442 - INFO - ***RR NOT FOUND***
2026-04-14 12:33:34,442 - INFO - *******STOP GROWING CR RULE*******
2026-04-14 12:33:34,444 - INFO - *******GROWING CR RULE*******
2026-04-14 12:33:35,915 - INFO - Iteracja 0: condition_best: 1MonthCDRate >= 7.14, quality_best: 0.617, coverage_best: (p=255, n=85, P=255, N=479)
2026-04-14 12:33:35,916 - INFO - Regula po iteracji 0: IF 1MonthCDRate >= 7.14 THEN class = {10.20} [7.56, 12.84], (p=255, n=85, P=255, N=479)
2026-04-14 12:33:35,916 - INFO - *****GROWING RR RULE*****
2026-04-14 12:33:38,533 - INFO - Iteracja 0: condition_best: None, quality_best: -inf, coverage_best: (p=0, n=0, P=0, N=0), p_value: 0
2026-04-14 12:33:38,533 - INFO - Regula po iteracji 0: IF  THEN class = {7.58} [4.47, 10.69], (p=543, n=191, P=543, N=191)
2026-04-14 12:33:38,534 - INFO - *****STOP GROWING RR RULE*****
2026-04-14 12:33:38,534 - INFO - ***RR NOT FOUND***
2026-04-14 12:33:39,108 - INFO - Iteracja 1: condition_best: 3M-Rate-AuctionAverage <= 14.45, quality_best: 0.738, coverage_best: (p=208, n=47, P=210, N=524)
2026-04-14 12:33:39,108 - INFO - Regula po iteracji 1: IF 1MonthCDRate >= 7.14 AND 3M-Rate-AuctionAverage <= 14.45 THEN class = {8.95} [7.51, 10.40], (p=208, n=47, P=210, N=524)
2026-04-14 12:33:39,108 - INFO - *****GROWING RR RULE*****
2026-04-14 12:33:41,715 - INFO - Iteracja 0: condition_best: None, quality_best: -inf, coverage_best: (p=0, n=0, P=0, N=0), p_value: 0
2026-04-14 12:33:41,715 - INFO - Regula po iteracji 0: IF  THEN class = {7.58} [4.47, 10.69], (p=543, n=191, P=543, N=191)
2026-04-14 12:33:41,715 - INFO - *****STOP GROWING RR RULE*****
2026-04-14 12:33:41,715 - INFO - ***RR NOT FOUND***
2026-04-14 12:33:42,119 - INFO - Iteracja 2: condition_best: 1Y-CMaturityRate >= 84.67, quality_best: 0.76, coverage_best: (p=202, n=41, P=205, N=529)
2026-04-14 12:33:42,120 - INFO - Regula po iteracji 2: IF 1MonthCDRate >= 7.14 AND 3M-Rate-AuctionAverage <= 14.45 AND 1Y-CMaturityRate >= 84.67 THEN class = {9.04} [7.61, 10.46], (p=202, n=41, P=205, N=529)
2026-04-14 12:33:42,120 - INFO - *****GROWING RR RULE*****
2026-04-14 12:33:45,212 - INFO - Iteracja 0: condition_best: None, quality_best: -inf, coverage_best: (p=0, n=0, P=0, N=0), p_value: 0
2026-04-14 12:33:45,212 - INFO - Regula po iteracji 0: IF  THEN class = {7.58} [4.47, 10.69], (p=543, n=191, P=543, N=191)
2026-04-14 12:33:45,212 - INFO - *****STOP GROWING RR RULE*****
2026-04-14 12:33:45,212 - INFO - ***RR NOT FOUND***
2026-04-14 12:33:45,599 - INFO - Iteracja 3: condition_best: 1MonthCDRate >= 7.19, quality_best: 0.765, coverage_best: (p=202, n=40, P=205, N=529)
2026-04-14 12:33:45,599 - INFO - Regula po iteracji 3: IF 1MonthCDRate >= 7.14 AND 3M-Rate-AuctionAverage <= 14.45 AND 1Y-CMaturityRate >= 84.67 AND 1MonthCDRate >= 7.19 THEN class = {9.04} [7.62, 10.47], (p=202, n=40, P=205, N=529)
2026-04-14 12:33:45,600 - INFO - *****GROWING RR RULE*****
2026-04-14 12:33:48,196 - INFO - Iteracja 0: condition_best: None, quality_best: -inf, coverage_best: (p=0, n=0, P=0, N=0), p_value: 0
2026-04-14 12:33:48,196 - INFO - Regula po iteracji 0: IF  THEN class = {7.58} [4.47, 10.69], (p=543, n=191, P=543, N=191)
2026-04-14 12:33:48,196 - INFO - *****STOP GROWING RR RULE*****
2026-04-14 12:33:48,196 - INFO - ***RR NOT FOUND***
2026-04-14 12:33:48,585 - INFO - Iteracja 4: condition_best: bankCredit <= 13.67, quality_best: 0.764, coverage_best: (p=201, n=40, P=204, N=530)
2026-04-14 12:33:48,585 - INFO - Regula po iteracji 4: IF 1MonthCDRate >= 7.14 AND 3M-Rate-AuctionAverage <= 14.45 AND 1Y-CMaturityRate >= 84.67 AND 1MonthCDRate >= 7.19 AND bankCredit <= 13.67 THEN class = {9.03} [7.62, 10.44], (p=201, n=40, P=204, N=530)
2026-04-14 12:33:48,586 - INFO - *****GROWING RR RULE*****
2026-04-14 12:33:51,181 - INFO - Iteracja 0: condition_best: None, quality_best: -inf, coverage_best: (p=0, n=0, P=0, N=0), p_value: 0
2026-04-14 12:33:51,181 - INFO - Regula po iteracji 0: IF  THEN class = {7.58} [4.47, 10.69], (p=543, n=191, P=543, N=191)
2026-04-14 12:33:51,181 - INFO - *****STOP GROWING RR RULE*****
2026-04-14 12:33:51,181 - INFO - ***RR NOT FOUND***
2026-04-14 12:33:51,182 - INFO - *******STOP GROWING CR RULE*******
2026-04-14 12:33:51,183 - INFO - *******GROWING CR RULE*******
2026-04-14 12:33:52,610 - INFO - Iteracja 0: condition_best: 3Y-CMaturityRate >= 6.06, quality_best: 0.615, coverage_best: (p=259, n=86, P=259, N=475)
2026-04-14 12:33:52,611 - INFO - Regula po iteracji 0: IF 3Y-CMaturityRate >= 6.06 THEN class = {10.15} [7.50, 12.81], (p=259, n=86, P=259, N=475)
2026-04-14 12:33:52,611 - INFO - *****GROWING RR RULE*****
2026-04-14 12:33:55,749 - INFO - Iteracja 0: condition_best: None, quality_best: -inf, coverage_best: (p=0, n=0, P=0, N=0), p_value: 0
2026-04-14 12:33:55,750 - INFO - Regula po iteracji 0: IF  THEN class = {7.58} [4.47, 10.69], (p=543, n=191, P=543, N=191)
2026-04-14 12:33:55,750 - INFO - *****STOP GROWING RR RULE*****
2026-04-14 12:33:55,750 - INFO - ***RR NOT FOUND***
2026-04-14 12:33:56,317 - INFO - Iteracja 1: condition_best: 3Y-CMaturityRate <= 7.75, quality_best: 0.738, coverage_best: (p=98, n=19, P=118, N=616)
2026-04-14 12:33:56,318 - INFO - Regula po iteracji 1: IF 3Y-CMaturityRate >= 6.06 AND 3Y-CMaturityRate <= 7.75 THEN class = {7.87} [7.24, 8.50], (p=98, n=19, P=118, N=616)
2026-04-14 12:33:56,318 - INFO - *****GROWING RR RULE*****
2026-04-14 12:33:58,857 - INFO - Iteracja 0: condition_best: None, quality_best: -inf, coverage_best: (p=0, n=0, P=0, N=0), p_value: 0
2026-04-14 12:33:58,857 - INFO - Regula po iteracji 0: IF  THEN class = {7.58} [4.47, 10.69], (p=543, n=191, P=543, N=191)
2026-04-14 12:33:58,857 - INFO - *****STOP GROWING RR RULE*****
2026-04-14 12:33:58,857 - INFO - ***RR NOT FOUND***
2026-04-14 12:33:59,033 - INFO - Iteracja 2: condition_best: demandDeposits <= 244.95, quality_best: 0.763, coverage_best: (p=94, n=14, P=117, N=617)
2026-04-14 12:33:59,033 - INFO - Regula po iteracji 2: IF 3Y-CMaturityRate >= 6.06 AND 3Y-CMaturityRate <= 7.75 AND demandDeposits <= 244.95 THEN class = {7.94} [7.34, 8.54], (p=94, n=14, P=117, N=617)
2026-04-14 12:33:59,034 - INFO - *****GROWING RR RULE*****
2026-04-14 12:34:01,566 - INFO - Iteracja 0: condition_best: None, quality_best: -inf, coverage_best: (p=0, n=0, P=0, N=0), p_value: 0
2026-04-14 12:34:01,566 - INFO - Regula po iteracji 0: IF  THEN class = {7.58} [4.47, 10.69], (p=543, n=191, P=543, N=191)
2026-04-14 12:34:01,566 - INFO - *****STOP GROWING RR RULE*****
2026-04-14 12:34:01,567 - INFO - ***RR NOT FOUND***
2026-04-14 12:34:01,722 - INFO - Iteracja 3: condition_best: moneyStock <= 9.90, quality_best: 0.806, coverage_best: (p=93, n=12, P=108, N=626)
2026-04-14 12:34:01,722 - INFO - Regula po iteracji 3: IF 3Y-CMaturityRate >= 6.06 AND 3Y-CMaturityRate <= 7.75 AND demandDeposits <= 244.95 AND moneyStock <= 9.90 THEN class = {7.88} [7.40, 8.37], (p=93, n=12, P=108, N=626)
2026-04-14 12:34:01,722 - INFO - *****GROWING RR RULE*****
2026-04-14 12:34:04,265 - INFO - Iteracja 0: condition_best: None, quality_best: -inf, coverage_best: (p=0, n=0, P=0, N=0), p_value: 0
2026-04-14 12:34:04,266 - INFO - Regula po iteracji 0: IF  THEN class = {7.58} [4.47, 10.69], (p=543, n=191, P=543, N=191)
2026-04-14 12:34:04,266 - INFO - *****STOP GROWING RR RULE*****
2026-04-14 12:34:04,266 - INFO - ***RR NOT FOUND***
2026-04-14 12:34:04,418 - INFO - Iteracja 4: condition_best: demandDeposits >= 109.65, quality_best: 0.81, coverage_best: (p=92, n=11, P=108, N=626)
2026-04-14 12:34:04,418 - INFO - Regula po iteracji 4: IF 3Y-CMaturityRate >= 6.06 AND 3Y-CMaturityRate <= 7.75 AND demandDeposits <= 244.95 AND moneyStock <= 9.90 AND demandDeposits >= 109.65 THEN class = {7.88} [7.39, 8.36], (p=92, n=11, P=108, N=626)
2026-04-14 12:34:04,418 - INFO - *****GROWING RR RULE*****
2026-04-14 12:34:06,956 - INFO - Iteracja 0: condition_best: None, quality_best: -inf, coverage_best: (p=0, n=0, P=0, N=0), p_value: 0
2026-04-14 12:34:06,956 - INFO - Regula po iteracji 0: IF  THEN class = {7.58} [4.47, 10.69], (p=543, n=191, P=543, N=191)
2026-04-14 12:34:06,956 - INFO - *****STOP GROWING RR RULE*****
2026-04-14 12:34:06,956 - INFO - ***RR NOT FOUND***
2026-04-14 12:34:06,956 - INFO - *******STOP GROWING CR RULE*******
2026-04-14 12:34:06,957 - INFO - *******GROWING CR RULE*******
2026-04-14 12:34:08,898 - INFO - Iteracja 0: condition_best: moneyStock >= 6.92, quality_best: 0.615, coverage_best: (p=259, n=86, P=259, N=475)
2026-04-14 12:34:08,898 - INFO - Regula po iteracji 0: IF moneyStock >= 6.92 THEN class = {10.15} [7.49, 12.81], (p=259, n=86, P=259, N=475)
2026-04-14 12:34:08,898 - INFO - *****GROWING RR RULE*****
2026-04-14 12:34:11,512 - INFO - Iteracja 0: condition_best: None, quality_best: -inf, coverage_best: (p=0, n=0, P=0, N=0), p_value: 0
2026-04-14 12:34:11,513 - INFO - Regula po iteracji 0: IF  THEN class = {7.58} [4.47, 10.69], (p=543, n=191, P=543, N=191)
2026-04-14 12:34:11,513 - INFO - *****STOP GROWING RR RULE*****
2026-04-14 12:34:11,513 - INFO - ***RR NOT FOUND***
2026-04-14 12:34:12,084 - INFO - Iteracja 1: condition_best: 3Y-CMaturityRate <= 7.72, quality_best: 0.732, coverage_best: (p=96, n=17, P=122, N=612)
2026-04-14 12:34:12,085 - INFO - Regula po iteracji 1: IF moneyStock >= 6.92 AND 3Y-CMaturityRate <= 7.72 THEN class = {7.85} [7.20, 8.49], (p=96, n=17, P=122, N=612)
2026-04-14 12:34:12,085 - INFO - *****GROWING RR RULE*****
2026-04-14 12:34:14,630 - INFO - Iteracja 0: condition_best: None, quality_best: -inf, coverage_best: (p=0, n=0, P=0, N=0), p_value: 0
2026-04-14 12:34:14,630 - INFO - Regula po iteracji 0: IF  THEN class = {7.58} [4.47, 10.69], (p=543, n=191, P=543, N=191)
2026-04-14 12:34:14,630 - INFO - *****STOP GROWING RR RULE*****
2026-04-14 12:34:14,630 - INFO - ***RR NOT FOUND***
2026-04-14 12:34:14,792 - INFO - Iteracja 2: condition_best: 1MonthCDRate <= 9.11, quality_best: 0.755, coverage_best: (p=92, n=18, P=106, N=628)
2026-04-14 12:34:14,792 - INFO - Regula po iteracji 2: IF moneyStock >= 6.92 AND 3Y-CMaturityRate <= 7.72 AND 1MonthCDRate <= 9.11 THEN class = {7.80} [7.27, 8.34], (p=92, n=18, P=106, N=628)
2026-04-14 12:34:14,792 - INFO - *****GROWING RR RULE*****
2026-04-14 12:34:17,334 - INFO - Iteracja 0: condition_best: None, quality_best: -inf, coverage_best: (p=0, n=0, P=0, N=0), p_value: 0
2026-04-14 12:34:17,335 - INFO - Regula po iteracji 0: IF  THEN class = {7.58} [4.47, 10.69], (p=543, n=191, P=543, N=191)
2026-04-14 12:34:17,335 - INFO - *****STOP GROWING RR RULE*****
2026-04-14 12:34:17,335 - INFO - ***RR NOT FOUND***
2026-04-14 12:34:17,492 - INFO - Iteracja 3: condition_best: demandDeposits <= 245.90, quality_best: 0.767, coverage_best: (p=92, n=15, P=110, N=624)
2026-04-14 12:34:17,492 - INFO - Regula po iteracji 3: IF moneyStock >= 6.92 AND 3Y-CMaturityRate <= 7.72 AND 1MonthCDRate <= 9.11 AND demandDeposits <= 245.90 THEN class = {7.82} [7.30, 8.35], (p=92, n=15, P=110, N=624)
2026-04-14 12:34:17,493 - INFO - *****GROWING RR RULE*****
2026-04-14 12:34:20,030 - INFO - Iteracja 0: condition_best: None, quality_best: -inf, coverage_best: (p=0, n=0, P=0, N=0), p_value: 0
2026-04-14 12:34:20,031 - INFO - Regula po iteracji 0: IF  THEN class = {7.58} [4.47, 10.69], (p=543, n=191, P=543, N=191)
2026-04-14 12:34:20,031 - INFO - *****STOP GROWING RR RULE*****
2026-04-14 12:34:20,031 - INFO - ***RR NOT FOUND***
2026-04-14 12:34:20,188 - INFO - Iteracja 4: condition_best: 1Y-CMaturityRate <= 135.54, quality_best: 0.779, coverage_best: (p=91, n=15, P=105, N=629)
2026-04-14 12:34:20,188 - INFO - Regula po iteracji 4: IF moneyStock >= 6.92 AND 3Y-CMaturityRate <= 7.72 AND 1MonthCDRate <= 9.11 AND demandDeposits <= 245.90 AND 1Y-CMaturityRate <= 135.54 THEN class = {7.81} [7.30, 8.33], (p=91, n=15, P=105, N=629)
2026-04-14 12:34:20,189 - INFO - *****GROWING RR RULE*****
2026-04-14 12:34:23,275 - INFO - Iteracja 0: condition_best: None, quality_best: -inf, coverage_best: (p=0, n=0, P=0, N=0), p_value: 0
2026-04-14 12:34:23,275 - INFO - Regula po iteracji 0: IF  THEN class = {7.58} [4.47, 10.69], (p=543, n=191, P=543, N=191)
2026-04-14 12:34:23,275 - INFO - *****STOP GROWING RR RULE*****
2026-04-14 12:34:23,275 - INFO - ***RR NOT FOUND***
2026-04-14 12:34:23,275 - INFO - *******STOP GROWING CR RULE*******
2026-04-14 12:34:23,276 - INFO - *******GROWING CR RULE*******
2026-04-14 12:34:24,686 - INFO - Iteracja 0: condition_best: 3M-Rate-SecondaryMarket <= 5.54, quality_best: 0.605, coverage_best: (p=237, n=84, P=241, N=493)
2026-04-14 12:34:24,686 - INFO - Regula po iteracji 0: IF 3M-Rate-SecondaryMarket <= 5.54 THEN class = {5.06} [4.13, 5.99], (p=237, n=84, P=241, N=493)
2026-04-14 12:34:24,687 - INFO - *****GROWING RR RULE*****
2026-04-14 12:34:27,293 - INFO - Iteracja 0: condition_best: None, quality_best: -inf, coverage_best: (p=0, n=0, P=0, N=0), p_value: 0
2026-04-14 12:34:27,293 - INFO - Regula po iteracji 0: IF  THEN class = {7.58} [4.47, 10.69], (p=543, n=191, P=543, N=191)
2026-04-14 12:34:27,293 - INFO - *****STOP GROWING RR RULE*****
2026-04-14 12:34:27,293 - INFO - ***RR NOT FOUND***
2026-04-14 12:34:27,765 - INFO - Iteracja 1: condition_best: moneyStock >= 5.06, quality_best: 0.788, coverage_best: (p=161, n=17, P=198, N=536)
2026-04-14 12:34:27,766 - INFO - Regula po iteracji 1: IF 3M-Rate-SecondaryMarket <= 5.54 AND moneyStock >= 5.06 THEN class = {5.63} [5.13, 6.13], (p=161, n=17, P=198, N=536)
2026-04-14 12:34:27,766 - INFO - *****GROWING RR RULE*****
2026-04-14 12:34:30,339 - INFO - Iteracja 0: condition_best: None, quality_best: -inf, coverage_best: (p=0, n=0, P=0, N=0), p_value: 0
2026-04-14 12:34:30,339 - INFO - Regula po iteracji 0: IF  THEN class = {7.58} [4.47, 10.69], (p=543, n=191, P=543, N=191)
2026-04-14 12:34:30,339 - INFO - *****STOP GROWING RR RULE*****
2026-04-14 12:34:30,339 - INFO - ***RR NOT FOUND***
2026-04-14 12:34:30,580 - INFO - Iteracja 2: condition_best: 5Y-CMaturityRate >= 5.33, quality_best: 0.831, coverage_best: (p=155, n=11, P=188, N=546)
2026-04-14 12:34:30,580 - INFO - Regula po iteracji 2: IF 3M-Rate-SecondaryMarket <= 5.54 AND moneyStock >= 5.06 AND 5Y-CMaturityRate >= 5.33 THEN class = {5.68} [5.21, 6.16], (p=155, n=11, P=188, N=546)
2026-04-14 12:34:30,581 - INFO - *****GROWING RR RULE*****
2026-04-14 12:34:33,159 - INFO - Iteracja 0: condition_best: None, quality_best: -inf, coverage_best: (p=0, n=0, P=0, N=0), p_value: 0
2026-04-14 12:34:33,159 - INFO - Regula po iteracji 0: IF  THEN class = {7.58} [4.47, 10.69], (p=543, n=191, P=543, N=191)
2026-04-14 12:34:33,159 - INFO - *****STOP GROWING RR RULE*****
2026-04-14 12:34:33,159 - INFO - ***RR NOT FOUND***
2026-04-14 12:34:33,929 - INFO - Iteracja 3: condition_best: checkableDeposits <= 1,149.65, quality_best: 0.837, coverage_best: (p=153, n=9, P=189, N=545)
2026-04-14 12:34:33,930 - INFO - Regula po iteracji 3: IF 3M-Rate-SecondaryMarket <= 5.54 AND moneyStock >= 5.06 AND 5Y-CMaturityRate >= 5.33 AND checkableDeposits <= 1,149.65 THEN class = {5.67} [5.21, 6.13], (p=153, n=9, P=189, N=545)
2026-04-14 12:34:33,930 - INFO - *****GROWING RR RULE*****
2026-04-14 12:34:36,507 - INFO - Iteracja 0: condition_best: None, quality_best: -inf, coverage_best: (p=0, n=0, P=0, N=0), p_value: 0
2026-04-14 12:34:36,507 - INFO - Regula po iteracji 0: IF  THEN class = {7.58} [4.47, 10.69], (p=543, n=191, P=543, N=191)
2026-04-14 12:34:36,507 - INFO - *****STOP GROWING RR RULE*****
2026-04-14 12:34:36,507 - INFO - ***RR NOT FOUND***
2026-04-14 12:34:36,729 - INFO - Iteracja 4: condition_best: 1MonthCDRate >= 5.25, quality_best: 0.848, coverage_best: (p=151, n=7, P=188, N=546)
2026-04-14 12:34:36,729 - INFO - Regula po iteracji 4: IF 3M-Rate-SecondaryMarket <= 5.54 AND moneyStock >= 5.06 AND 5Y-CMaturityRate >= 5.33 AND checkableDeposits <= 1,149.65 AND 1MonthCDRate >= 5.25 THEN class = {5.68} [5.22, 6.14], (p=151, n=7, P=188, N=546)
2026-04-14 12:34:36,729 - INFO - *****GROWING RR RULE*****
2026-04-14 12:34:39,306 - INFO - Iteracja 0: condition_best: None, quality_best: -inf, coverage_best: (p=0, n=0, P=0, N=0), p_value: 0
2026-04-14 12:34:39,307 - INFO - Regula po iteracji 0: IF  THEN class = {7.58} [4.47, 10.69], (p=543, n=191, P=543, N=191)
2026-04-14 12:34:39,307 - INFO - *****STOP GROWING RR RULE*****
2026-04-14 12:34:39,307 - INFO - ***RR NOT FOUND***
2026-04-14 12:34:39,307 - INFO - *******STOP GROWING CR RULE*******
2026-04-14 12:34:39,308 - INFO - *******GROWING CR RULE*******
2026-04-14 12:34:40,714 - INFO - Iteracja 0: condition_best: 3Y-CMaturityRate >= 6.01, quality_best: 0.602, coverage_best: (p=259, n=90, P=259, N=475)
2026-04-14 12:34:40,714 - INFO - Regula po iteracji 0: IF 3Y-CMaturityRate >= 6.01 THEN class = {10.11} [7.44, 12.78], (p=259, n=90, P=259, N=475)
2026-04-14 12:34:40,714 - INFO - *****GROWING RR RULE*****
2026-04-14 12:34:43,344 - INFO - Iteracja 0: condition_best: None, quality_best: -inf, coverage_best: (p=0, n=0, P=0, N=0), p_value: 0
2026-04-14 12:34:43,344 - INFO - Regula po iteracji 0: IF  THEN class = {7.58} [4.47, 10.69], (p=543, n=191, P=543, N=191)
2026-04-14 12:34:43,345 - INFO - *****STOP GROWING RR RULE*****
2026-04-14 12:34:43,345 - INFO - ***RR NOT FOUND***
2026-04-14 12:34:43,918 - INFO - Iteracja 1: condition_best: 3Y-CMaturityRate <= 7.94, quality_best: 0.722, coverage_best: (p=120, n=31, P=130, N=604)
2026-04-14 12:34:43,918 - INFO - Regula po iteracji 1: IF 3Y-CMaturityRate >= 6.01 AND 3Y-CMaturityRate <= 7.94 THEN class = {7.98} [7.26, 8.69], (p=120, n=31, P=130, N=604)
2026-04-14 12:34:43,919 - INFO - *****GROWING RR RULE*****
2026-04-14 12:34:47,053 - INFO - Iteracja 0: condition_best: None, quality_best: -inf, coverage_best: (p=0, n=0, P=0, N=0), p_value: 0
2026-04-14 12:34:47,053 - INFO - Regula po iteracji 0: IF  THEN class = {7.58} [4.47, 10.69], (p=543, n=191, P=543, N=191)
2026-04-14 12:34:47,054 - INFO - *****STOP GROWING RR RULE*****
2026-04-14 12:34:47,054 - INFO - ***RR NOT FOUND***
2026-04-14 12:34:47,272 - INFO - Iteracja 2: condition_best: savingsDeposits >= 1,338.95, quality_best: 0.74, coverage_best: (p=106, n=27, P=112, N=622)
2026-04-14 12:34:47,272 - INFO - Regula po iteracji 2: IF 3Y-CMaturityRate >= 6.01 AND 3Y-CMaturityRate <= 7.94 AND savingsDeposits >= 1,338.95 THEN class = {7.83} [7.29, 8.37], (p=106, n=27, P=112, N=622)
2026-04-14 12:34:47,272 - INFO - *****GROWING RR RULE*****
2026-04-14 12:34:49,849 - INFO - Iteracja 0: condition_best: None, quality_best: -inf, coverage_best: (p=0, n=0, P=0, N=0), p_value: 0
2026-04-14 12:34:49,850 - INFO - Regula po iteracji 0: IF  THEN class = {7.58} [4.47, 10.69], (p=543, n=191, P=543, N=191)
2026-04-14 12:34:49,850 - INFO - *****STOP GROWING RR RULE*****
2026-04-14 12:34:49,850 - INFO - ***RR NOT FOUND***
2026-04-14 12:34:50,042 - INFO - Iteracja 3: condition_best: 1Y-CMaturityRate <= 136.66, quality_best: 0.747, coverage_best: (p=106, n=26, P=112, N=622)
2026-04-14 12:34:50,043 - INFO - Regula po iteracji 3: IF 3Y-CMaturityRate >= 6.01 AND 3Y-CMaturityRate <= 7.94 AND savingsDeposits >= 1,338.95 AND 1Y-CMaturityRate <= 136.66 THEN class = {7.82} [7.29, 8.36], (p=106, n=26, P=112, N=622)
2026-04-14 12:34:50,043 - INFO - *****GROWING RR RULE*****
2026-04-14 12:34:52,612 - INFO - Iteracja 0: condition_best: None, quality_best: -inf, coverage_best: (p=0, n=0, P=0, N=0), p_value: 0
2026-04-14 12:34:52,613 - INFO - Regula po iteracji 0: IF  THEN class = {7.58} [4.47, 10.69], (p=543, n=191, P=543, N=191)
2026-04-14 12:34:52,613 - INFO - *****STOP GROWING RR RULE*****
2026-04-14 12:34:52,613 - INFO - ***RR NOT FOUND***
2026-04-14 12:34:52,801 - INFO - Iteracja 4: condition_best: 1MonthCDRate <= 8.88, quality_best: 0.751, coverage_best: (p=104, n=24, P=112, N=622)
2026-04-14 12:34:52,801 - INFO - Regula po iteracji 4: IF 3Y-CMaturityRate >= 6.01 AND 3Y-CMaturityRate <= 7.94 AND savingsDeposits >= 1,338.95 AND 1Y-CMaturityRate <= 136.66 AND 1MonthCDRate <= 8.88 THEN class = {7.83} [7.29, 8.36], (p=104, n=24, P=112, N=622)
2026-04-14 12:34:52,802 - INFO - *****GROWING RR RULE*****
2026-04-14 12:34:55,363 - INFO - Iteracja 0: condition_best: None, quality_best: -inf, coverage_best: (p=0, n=0, P=0, N=0), p_value: 0
2026-04-14 12:34:55,363 - INFO - Regula po iteracji 0: IF  THEN class = {7.58} [4.47, 10.69], (p=543, n=191, P=543, N=191)
2026-04-14 12:34:55,363 - INFO - *****STOP GROWING RR RULE*****
2026-04-14 12:34:55,363 - INFO - ***RR NOT FOUND***
2026-04-14 12:34:55,363 - INFO - *******STOP GROWING CR RULE*******
2026-04-14 12:34:55,364 - INFO - *******GROWING CR RULE*******
2026-04-14 12:34:56,761 - INFO - Iteracja 0: condition_best: 5Y-CMaturityRate >= 7.73, quality_best: 0.595, coverage_best: (p=256, n=90, P=259, N=475)
2026-04-14 12:34:56,761 - INFO - Regula po iteracji 0: IF 5Y-CMaturityRate >= 7.73 THEN class = {10.14} [7.48, 12.80], (p=256, n=90, P=259, N=475)
2026-04-14 12:34:56,761 - INFO - *****GROWING RR RULE*****
2026-04-14 12:34:59,929 - INFO - Iteracja 0: condition_best: None, quality_best: -inf, coverage_best: (p=0, n=0, P=0, N=0), p_value: 0
2026-04-14 12:34:59,930 - INFO - Regula po iteracji 0: IF  THEN class = {7.58} [4.47, 10.69], (p=543, n=191, P=543, N=191)
2026-04-14 12:34:59,930 - INFO - *****STOP GROWING RR RULE*****
2026-04-14 12:34:59,930 - INFO - ***RR NOT FOUND***
2026-04-14 12:35:00,496 - INFO - Iteracja 1: condition_best: 3M-Rate-AuctionAverage <= 15.25, quality_best: 0.704, coverage_best: (p=220, n=55, P=225, N=509)
2026-04-14 12:35:00,496 - INFO - Regula po iteracji 1: IF 5Y-CMaturityRate >= 7.73 AND 3M-Rate-AuctionAverage <= 15.25 THEN class = {9.09} [7.39, 10.80], (p=220, n=55, P=225, N=509)
2026-04-14 12:35:00,497 - INFO - *****GROWING RR RULE*****
2026-04-14 12:35:03,119 - INFO - Iteracja 0: condition_best: None, quality_best: -inf, coverage_best: (p=0, n=0, P=0, N=0), p_value: 0
2026-04-14 12:35:03,119 - INFO - Regula po iteracji 0: IF  THEN class = {7.58} [4.47, 10.69], (p=543, n=191, P=543, N=191)
2026-04-14 12:35:03,119 - INFO - *****STOP GROWING RR RULE*****
2026-04-14 12:35:03,119 - INFO - ***RR NOT FOUND***
2026-04-14 12:35:03,545 - INFO - Iteracja 2: condition_best: 3Y-CMaturityRate >= 5.84, quality_best: 0.736, coverage_best: (p=217, n=47, P=222, N=512)
2026-04-14 12:35:03,545 - INFO - Regula po iteracji 2: IF 5Y-CMaturityRate >= 7.73 AND 3M-Rate-AuctionAverage <= 15.25 AND 3Y-CMaturityRate >= 5.84 THEN class = {9.18} [7.50, 10.86], (p=217, n=47, P=222, N=512)
2026-04-14 12:35:03,546 - INFO - *****GROWING RR RULE*****
2026-04-14 12:35:06,159 - INFO - Iteracja 0: condition_best: None, quality_best: -inf, coverage_best: (p=0, n=0, P=0, N=0), p_value: 0
2026-04-14 12:35:06,159 - INFO - Regula po iteracji 0: IF  THEN class = {7.58} [4.47, 10.69], (p=543, n=191, P=543, N=191)
2026-04-14 12:35:06,159 - INFO - *****STOP GROWING RR RULE*****
2026-04-14 12:35:06,159 - INFO - ***RR NOT FOUND***
2026-04-14 12:35:06,571 - INFO - Iteracja 3: condition_best: 3Y-CMaturityRate <= 7.75, quality_best: 0.752, coverage_best: (p=91, n=15, P=113, N=621)
2026-04-14 12:35:06,571 - INFO - Regula po iteracji 3: IF 5Y-CMaturityRate >= 7.73 AND 3M-Rate-AuctionAverage <= 15.25 AND 3Y-CMaturityRate >= 5.84 AND 3Y-CMaturityRate <= 7.75 THEN class = {7.92} [7.39, 8.45], (p=91, n=15, P=113, N=621)
2026-04-14 12:35:06,571 - INFO - *****GROWING RR RULE*****
2026-04-14 12:35:09,128 - INFO - Iteracja 0: condition_best: None, quality_best: -inf, coverage_best: (p=0, n=0, P=0, N=0), p_value: 0
2026-04-14 12:35:09,128 - INFO - Regula po iteracji 0: IF  THEN class = {7.58} [4.47, 10.69], (p=543, n=191, P=543, N=191)
2026-04-14 12:35:09,129 - INFO - *****STOP GROWING RR RULE*****
2026-04-14 12:35:09,129 - INFO - ***RR NOT FOUND***
2026-04-14 12:35:09,283 - INFO - Iteracja 4: condition_best: 1Y-CMaturityRate <= 135.44, quality_best: 0.773, coverage_best: (p=91, n=13, P=112, N=622)
2026-04-14 12:35:09,283 - INFO - Regula po iteracji 4: IF 5Y-CMaturityRate >= 7.73 AND 3M-Rate-AuctionAverage <= 15.25 AND 3Y-CMaturityRate >= 5.84 AND 3Y-CMaturityRate <= 7.75 AND 1Y-CMaturityRate <= 135.44 THEN class = {7.90} [7.38, 8.41], (p=91, n=13, P=112, N=622)
2026-04-14 12:35:09,283 - INFO - *****GROWING RR RULE*****
2026-04-14 12:35:12,379 - INFO - Iteracja 0: condition_best: None, quality_best: -inf, coverage_best: (p=0, n=0, P=0, N=0), p_value: 0
2026-04-14 12:35:12,380 - INFO - Regula po iteracji 0: IF  THEN class = {7.58} [4.47, 10.69], (p=543, n=191, P=543, N=191)
2026-04-14 12:35:12,380 - INFO - *****STOP GROWING RR RULE*****
2026-04-14 12:35:12,380 - INFO - ***RR NOT FOUND***
2026-04-14 12:35:12,380 - INFO - *******STOP GROWING CR RULE*******
2026-04-14 12:35:12,381 - INFO - *******GROWING CR RULE*******
2026-04-14 12:35:13,761 - INFO - Iteracja 0: condition_best: 3M-Rate-SecondaryMarket <= 5.55, quality_best: 0.593, coverage_best: (p=237, n=87, P=242, N=492)
2026-04-14 12:35:13,761 - INFO - Regula po iteracji 0: IF 3M-Rate-SecondaryMarket <= 5.55 THEN class = {5.07} [4.14, 6.00], (p=237, n=87, P=242, N=492)
2026-04-14 12:35:13,761 - INFO - *****GROWING RR RULE*****
2026-04-14 12:35:16,392 - INFO - Iteracja 0: condition_best: None, quality_best: -inf, coverage_best: (p=0, n=0, P=0, N=0), p_value: 0
2026-04-14 12:35:16,392 - INFO - Regula po iteracji 0: IF  THEN class = {7.58} [4.47, 10.69], (p=543, n=191, P=543, N=191)
2026-04-14 12:35:16,393 - INFO - *****STOP GROWING RR RULE*****
2026-04-14 12:35:16,393 - INFO - ***RR NOT FOUND***
2026-04-14 12:35:16,860 - INFO - Iteracja 1: condition_best: moneyStock >= 5.01, quality_best: 0.791, coverage_best: (p=167, n=19, P=199, N=535)
2026-04-14 12:35:16,860 - INFO - Regula po iteracji 1: IF 3M-Rate-SecondaryMarket <= 5.55 AND moneyStock >= 5.01 THEN class = {5.63} [5.13, 6.13], (p=167, n=19, P=199, N=535)
2026-04-14 12:35:16,860 - INFO - *****GROWING RR RULE*****
2026-04-14 12:35:19,452 - INFO - Iteracja 0: condition_best: None, quality_best: -inf, coverage_best: (p=0, n=0, P=0, N=0), p_value: 0
2026-04-14 12:35:19,453 - INFO - Regula po iteracji 0: IF  THEN class = {7.58} [4.47, 10.69], (p=543, n=191, P=543, N=191)
2026-04-14 12:35:19,453 - INFO - *****STOP GROWING RR RULE*****
2026-04-14 12:35:19,453 - INFO - ***RR NOT FOUND***
2026-04-14 12:35:19,702 - INFO - Iteracja 2: condition_best: 5Y-CMaturityRate >= 5.29, quality_best: 0.811, coverage_best: (p=161, n=16, P=190, N=544)
2026-04-14 12:35:19,702 - INFO - Regula po iteracji 2: IF 3M-Rate-SecondaryMarket <= 5.55 AND moneyStock >= 5.01 AND 5Y-CMaturityRate >= 5.29 THEN class = {5.67} [5.19, 6.14], (p=161, n=16, P=190, N=544)
2026-04-14 12:35:19,703 - INFO - *****GROWING RR RULE*****
2026-04-14 12:35:22,293 - INFO - Iteracja 0: condition_best: None, quality_best: -inf, coverage_best: (p=0, n=0, P=0, N=0), p_value: 0
2026-04-14 12:35:22,294 - INFO - Regula po iteracji 0: IF  THEN class = {7.58} [4.47, 10.69], (p=543, n=191, P=543, N=191)
2026-04-14 12:35:22,294 - INFO - *****STOP GROWING RR RULE*****
2026-04-14 12:35:22,294 - INFO - ***RR NOT FOUND***
2026-04-14 12:35:22,532 - INFO - Iteracja 3: condition_best: moneyStock >= 5.06, quality_best: 0.827, coverage_best: (p=159, n=13, P=189, N=545)
2026-04-14 12:35:22,533 - INFO - Regula po iteracji 3: IF 3M-Rate-SecondaryMarket <= 5.55 AND moneyStock >= 5.01 AND 5Y-CMaturityRate >= 5.29 AND moneyStock >= 5.06 THEN class = {5.68} [5.21, 6.16], (p=159, n=13, P=189, N=545)
2026-04-14 12:35:22,533 - INFO - *****GROWING RR RULE*****
2026-04-14 12:35:25,647 - INFO - Iteracja 0: condition_best: None, quality_best: -inf, coverage_best: (p=0, n=0, P=0, N=0), p_value: 0
2026-04-14 12:35:25,647 - INFO - Regula po iteracji 0: IF  THEN class = {7.58} [4.47, 10.69], (p=543, n=191, P=543, N=191)
2026-04-14 12:35:25,648 - INFO - *****STOP GROWING RR RULE*****
2026-04-14 12:35:25,648 - INFO - ***RR NOT FOUND***
2026-04-14 12:35:25,880 - INFO - Iteracja 4: condition_best: checkableDeposits <= 1,150.85, quality_best: 0.838, coverage_best: (p=158, n=11, P=189, N=545)
2026-04-14 12:35:25,880 - INFO - Regula po iteracji 4: IF 3M-Rate-SecondaryMarket <= 5.55 AND moneyStock >= 5.01 AND 5Y-CMaturityRate >= 5.29 AND moneyStock >= 5.06 AND checkableDeposits <= 1,150.85 THEN class = {5.67} [5.21, 6.13], (p=158, n=11, P=189, N=545)
2026-04-14 12:35:25,880 - INFO - *****GROWING RR RULE*****
2026-04-14 12:35:28,456 - INFO - Iteracja 0: condition_best: None, quality_best: -inf, coverage_best: (p=0, n=0, P=0, N=0), p_value: 0
2026-04-14 12:35:28,457 - INFO - Regula po iteracji 0: IF  THEN class = {7.58} [4.47, 10.69], (p=543, n=191, P=543, N=191)
2026-04-14 12:35:28,457 - INFO - *****STOP GROWING RR RULE*****
2026-04-14 12:35:28,457 - INFO - ***RR NOT FOUND***
2026-04-14 12:35:28,457 - INFO - *******STOP GROWING CR RULE*******
2026-04-14 12:35:28,458 - INFO - *******GROWING CR RULE*******
2026-04-14 12:35:29,848 - INFO - Iteracja 0: condition_best: 5Y-CMaturityRate >= 7.70, quality_best: 0.59, coverage_best: (p=257, n=92, P=259, N=475)
2026-04-14 12:35:29,848 - INFO - Regula po iteracji 0: IF 5Y-CMaturityRate >= 7.70 THEN class = {10.11} [7.45, 12.78], (p=257, n=92, P=259, N=475)
2026-04-14 12:35:29,849 - INFO - *****GROWING RR RULE*****
2026-04-14 12:35:32,474 - INFO - Iteracja 0: condition_best: None, quality_best: -inf, coverage_best: (p=0, n=0, P=0, N=0), p_value: 0
2026-04-14 12:35:32,475 - INFO - Regula po iteracji 0: IF  THEN class = {7.58} [4.47, 10.69], (p=543, n=191, P=543, N=191)
2026-04-14 12:35:32,475 - INFO - *****STOP GROWING RR RULE*****
2026-04-14 12:35:32,475 - INFO - ***RR NOT FOUND***
2026-04-14 12:35:33,047 - INFO - Iteracja 1: condition_best: 3M-Rate-AuctionAverage <= 14.45, quality_best: 0.7, coverage_best: (p=209, n=55, P=213, N=521)
2026-04-14 12:35:33,047 - INFO - Regula po iteracji 1: IF 5Y-CMaturityRate >= 7.70 AND 3M-Rate-AuctionAverage <= 14.45 THEN class = {8.88} [7.41, 10.35], (p=209, n=55, P=213, N=521)
2026-04-14 12:35:33,047 - INFO - *****GROWING RR RULE*****
2026-04-14 12:35:36,202 - INFO - Iteracja 0: condition_best: None, quality_best: -inf, coverage_best: (p=0, n=0, P=0, N=0), p_value: 0
2026-04-14 12:35:36,202 - INFO - Regula po iteracji 0: IF  THEN class = {7.58} [4.47, 10.69], (p=543, n=191, P=543, N=191)
2026-04-14 12:35:36,202 - INFO - *****STOP GROWING RR RULE*****
2026-04-14 12:35:36,203 - INFO - ***RR NOT FOUND***
2026-04-14 12:35:36,610 - INFO - Iteracja 2: condition_best: federalFunds >= 246.95, quality_best: 0.721, coverage_best: (p=163, n=25, P=211, N=523)
2026-04-14 12:35:36,611 - INFO - Regula po iteracji 2: IF 5Y-CMaturityRate >= 7.70 AND 3M-Rate-AuctionAverage <= 14.45 AND federalFunds >= 246.95 THEN class = {8.46} [7.01, 9.92], (p=163, n=25, P=211, N=523)
2026-04-14 12:35:36,611 - INFO - *****GROWING RR RULE*****
2026-04-14 12:35:39,228 - INFO - Iteracja 0: condition_best: None, quality_best: -inf, coverage_best: (p=0, n=0, P=0, N=0), p_value: 0
2026-04-14 12:35:39,228 - INFO - Regula po iteracji 0: IF  THEN class = {7.58} [4.47, 10.69], (p=543, n=191, P=543, N=191)
2026-04-14 12:35:39,228 - INFO - *****STOP GROWING RR RULE*****
2026-04-14 12:35:39,228 - INFO - ***RR NOT FOUND***
2026-04-14 12:35:39,507 - INFO - Iteracja 3: condition_best: savingsDeposits >= 873.40, quality_best: 0.724, coverage_best: (p=161, n=25, P=206, N=528)
2026-04-14 12:35:39,508 - INFO - Regula po iteracji 3: IF 5Y-CMaturityRate >= 7.70 AND 3M-Rate-AuctionAverage <= 14.45 AND federalFunds >= 246.95 AND savingsDeposits >= 873.40 THEN class = {8.44} [7.01, 9.88], (p=161, n=25, P=206, N=528)
2026-04-14 12:35:39,508 - INFO - *****GROWING RR RULE*****
2026-04-14 12:35:42,087 - INFO - Iteracja 0: condition_best: None, quality_best: -inf, coverage_best: (p=0, n=0, P=0, N=0), p_value: 0
2026-04-14 12:35:42,088 - INFO - Regula po iteracji 0: IF  THEN class = {7.58} [4.47, 10.69], (p=543, n=191, P=543, N=191)
2026-04-14 12:35:42,088 - INFO - *****STOP GROWING RR RULE*****
2026-04-14 12:35:42,088 - INFO - ***RR NOT FOUND***
2026-04-14 12:35:42,365 - INFO - Iteracja 4: condition_best: federalFunds >= 249.95, quality_best: 0.731, coverage_best: (p=157, n=22, P=206, N=528)
2026-04-14 12:35:42,365 - INFO - Regula po iteracji 4: IF 5Y-CMaturityRate >= 7.70 AND 3M-Rate-AuctionAverage <= 14.45 AND federalFunds >= 246.95 AND savingsDeposits >= 873.40 AND federalFunds >= 249.95 THEN class = {8.41} [6.96, 9.86], (p=157, n=22, P=206, N=528)
2026-04-14 12:35:42,366 - INFO - *****GROWING RR RULE*****
2026-04-14 12:35:44,941 - INFO - Iteracja 0: condition_best: None, quality_best: -inf, coverage_best: (p=0, n=0, P=0, N=0), p_value: 0
2026-04-14 12:35:44,942 - INFO - Regula po iteracji 0: IF  THEN class = {7.58} [4.47, 10.69], (p=543, n=191, P=543, N=191)
2026-04-14 12:35:44,942 - INFO - *****STOP GROWING RR RULE*****
2026-04-14 12:35:44,942 - INFO - ***RR NOT FOUND***
2026-04-14 12:35:44,942 - INFO - *******STOP GROWING CR RULE*******
2026-04-14 12:35:44,943 - INFO - *******GROWING CR RULE*******
2026-04-14 12:35:46,325 - INFO - Iteracja 0: condition_best: savingsDeposits >= 2,118.60, quality_best: 0.579, coverage_best: (p=201, n=69, P=235, N=499)
2026-04-14 12:35:46,325 - INFO - Regula po iteracji 0: IF savingsDeposits >= 2,118.60 THEN class = {5.27} [4.45, 6.09], (p=201, n=69, P=235, N=499)
2026-04-14 12:35:46,326 - INFO - *****GROWING RR RULE*****
2026-04-14 12:35:49,472 - INFO - Iteracja 0: condition_best: None, quality_best: -inf, coverage_best: (p=0, n=0, P=0, N=0), p_value: 0
2026-04-14 12:35:49,473 - INFO - Regula po iteracji 0: IF  THEN class = {7.58} [4.47, 10.69], (p=543, n=191, P=543, N=191)
2026-04-14 12:35:49,473 - INFO - *****STOP GROWING RR RULE*****
2026-04-14 12:35:49,473 - INFO - ***RR NOT FOUND***
2026-04-14 12:35:49,851 - INFO - Iteracja 1: condition_best: bankCredit >= 5.19, quality_best: 0.654, coverage_best: (p=181, n=47, P=214, N=520)
2026-04-14 12:35:49,851 - INFO - Regula po iteracji 1: IF savingsDeposits >= 2,118.60 AND bankCredit >= 5.19 THEN class = {5.50} [4.88, 6.12], (p=181, n=47, P=214, N=520)
2026-04-14 12:35:49,852 - INFO - *****GROWING RR RULE*****
2026-04-14 12:35:52,453 - INFO - Iteracja 0: condition_best: None, quality_best: -inf, coverage_best: (p=0, n=0, P=0, N=0), p_value: 0
2026-04-14 12:35:52,453 - INFO - Regula po iteracji 0: IF  THEN class = {7.58} [4.47, 10.69], (p=543, n=191, P=543, N=191)
2026-04-14 12:35:52,454 - INFO - *****STOP GROWING RR RULE*****
2026-04-14 12:35:52,454 - INFO - ***RR NOT FOUND***
2026-04-14 12:35:52,770 - INFO - Iteracja 2: condition_best: 5Y-CMaturityRate <= 7.25, quality_best: 0.674, coverage_best: (p=174, n=43, P=203, N=531)
2026-04-14 12:35:52,770 - INFO - Regula po iteracji 2: IF savingsDeposits >= 2,118.60 AND bankCredit >= 5.19 AND 5Y-CMaturityRate <= 7.25 THEN class = {5.44} [4.88, 6.00], (p=174, n=43, P=203, N=531)
2026-04-14 12:35:52,770 - INFO - *****GROWING RR RULE*****
2026-04-14 12:35:55,360 - INFO - Iteracja 0: condition_best: None, quality_best: -inf, coverage_best: (p=0, n=0, P=0, N=0), p_value: 0
2026-04-14 12:35:55,360 - INFO - Regula po iteracji 0: IF  THEN class = {7.58} [4.47, 10.69], (p=543, n=191, P=543, N=191)
2026-04-14 12:35:55,361 - INFO - *****STOP GROWING RR RULE*****
2026-04-14 12:35:55,361 - INFO - ***RR NOT FOUND***
2026-04-14 12:35:55,659 - INFO - Iteracja 3: condition_best: loansLeases <= 801.60, quality_best: 0.684, coverage_best: (p=174, n=41, P=203, N=531)
2026-04-14 12:35:55,660 - INFO - Regula po iteracji 3: IF savingsDeposits >= 2,118.60 AND bankCredit >= 5.19 AND 5Y-CMaturityRate <= 7.25 AND loansLeases <= 801.60 THEN class = {5.45} [4.89, 6.01], (p=174, n=41, P=203, N=531)
2026-04-14 12:35:55,660 - INFO - *****GROWING RR RULE*****
2026-04-14 12:35:58,245 - INFO - Iteracja 0: condition_best: None, quality_best: -inf, coverage_best: (p=0, n=0, P=0, N=0), p_value: 0
2026-04-14 12:35:58,246 - INFO - Regula po iteracji 0: IF  THEN class = {7.58} [4.47, 10.69], (p=543, n=191, P=543, N=191)
2026-04-14 12:35:58,246 - INFO - *****STOP GROWING RR RULE*****
2026-04-14 12:35:58,246 - INFO - ***RR NOT FOUND***
2026-04-14 12:35:58,543 - INFO - Iteracja 4: condition_best: savingsDeposits <= 3,534.05, quality_best: 0.693, coverage_best: (p=173, n=39, P=202, N=532)
2026-04-14 12:35:58,543 - INFO - Regula po iteracji 4: IF savingsDeposits >= 2,118.60 AND bankCredit >= 5.19 AND 5Y-CMaturityRate <= 7.25 AND loansLeases <= 801.60 AND savingsDeposits <= 3,534.05 THEN class = {5.44} [4.88, 5.99], (p=173, n=39, P=202, N=532)
2026-04-14 12:35:58,544 - INFO - *****GROWING RR RULE*****
2026-04-14 12:36:01,668 - INFO - Iteracja 0: condition_best: None, quality_best: -inf, coverage_best: (p=0, n=0, P=0, N=0), p_value: 0
2026-04-14 12:36:01,668 - INFO - Regula po iteracji 0: IF  THEN class = {7.58} [4.47, 10.69], (p=543, n=191, P=543, N=191)
2026-04-14 12:36:01,668 - INFO - *****STOP GROWING RR RULE*****
2026-04-14 12:36:01,668 - INFO - ***RR NOT FOUND***
2026-04-14 12:36:01,668 - INFO - *******STOP GROWING CR RULE*******
2026-04-14 12:36:01,669 - INFO - *******GROWING CR RULE*******
2026-04-14 12:36:03,037 - INFO - Iteracja 0: condition_best: 3M-Rate-SecondaryMarket <= 5.62, quality_best: 0.576, coverage_best: (p=241, n=94, P=244, N=490)
2026-04-14 12:36:03,037 - INFO - Regula po iteracji 0: IF 3M-Rate-SecondaryMarket <= 5.62 THEN class = {5.11} [4.17, 6.05], (p=241, n=94, P=244, N=490)
2026-04-14 12:36:03,038 - INFO - *****GROWING RR RULE*****
2026-04-14 12:36:05,658 - INFO - Iteracja 0: condition_best: None, quality_best: -inf, coverage_best: (p=0, n=0, P=0, N=0), p_value: 0
2026-04-14 12:36:05,659 - INFO - Regula po iteracji 0: IF  THEN class = {7.58} [4.47, 10.69], (p=543, n=191, P=543, N=191)
2026-04-14 12:36:05,659 - INFO - *****STOP GROWING RR RULE*****
2026-04-14 12:36:05,659 - INFO - ***RR NOT FOUND***
2026-04-14 12:36:06,144 - INFO - Iteracja 1: condition_best: 1MonthCDRate >= 5.22, quality_best: 0.767, coverage_best: (p=171, n=25, P=199, N=535)
2026-04-14 12:36:06,144 - INFO - Regula po iteracji 1: IF 3M-Rate-SecondaryMarket <= 5.62 AND 1MonthCDRate >= 5.22 THEN class = {5.66} [5.15, 6.18], (p=171, n=25, P=199, N=535)
2026-04-14 12:36:06,144 - INFO - *****GROWING RR RULE*****
2026-04-14 12:36:08,733 - INFO - Iteracja 0: condition_best: None, quality_best: -inf, coverage_best: (p=0, n=0, P=0, N=0), p_value: 0
2026-04-14 12:36:08,733 - INFO - Regula po iteracji 0: IF  THEN class = {7.58} [4.47, 10.69], (p=543, n=191, P=543, N=191)
2026-04-14 12:36:08,733 - INFO - *****STOP GROWING RR RULE*****
2026-04-14 12:36:08,733 - INFO - ***RR NOT FOUND***
2026-04-14 12:36:08,997 - INFO - Iteracja 2: condition_best: 5Y-CMaturityRate >= 5.37, quality_best: 0.784, coverage_best: (p=160, n=22, P=184, N=550)
2026-04-14 12:36:08,998 - INFO - Regula po iteracji 2: IF 3M-Rate-SecondaryMarket <= 5.62 AND 1MonthCDRate >= 5.22 AND 5Y-CMaturityRate >= 5.37 THEN class = {5.72} [5.25, 6.20], (p=160, n=22, P=184, N=550)
2026-04-14 12:36:08,998 - INFO - *****GROWING RR RULE*****
2026-04-14 12:36:11,579 - INFO - Iteracja 0: condition_best: None, quality_best: -inf, coverage_best: (p=0, n=0, P=0, N=0), p_value: 0
2026-04-14 12:36:11,580 - INFO - Regula po iteracji 0: IF  THEN class = {7.58} [4.47, 10.69], (p=543, n=191, P=543, N=191)
2026-04-14 12:36:11,580 - INFO - *****STOP GROWING RR RULE*****
2026-04-14 12:36:11,580 - INFO - ***RR NOT FOUND***
2026-04-14 12:36:11,825 - INFO - Iteracja 3: condition_best: loansLeases <= 770.95, quality_best: 0.802, coverage_best: (p=159, n=19, P=183, N=551)
2026-04-14 12:36:11,825 - INFO - Regula po iteracji 3: IF 3M-Rate-SecondaryMarket <= 5.62 AND 1MonthCDRate >= 5.22 AND 5Y-CMaturityRate >= 5.37 AND loansLeases <= 770.95 THEN class = {5.71} [5.24, 6.17], (p=159, n=19, P=183, N=551)
2026-04-14 12:36:11,826 - INFO - *****GROWING RR RULE*****
2026-04-14 12:36:14,925 - INFO - Iteracja 0: condition_best: None, quality_best: -inf, coverage_best: (p=0, n=0, P=0, N=0), p_value: 0
2026-04-14 12:36:14,925 - INFO - Regula po iteracji 0: IF  THEN class = {7.58} [4.47, 10.69], (p=543, n=191, P=543, N=191)
2026-04-14 12:36:14,925 - INFO - *****STOP GROWING RR RULE*****
2026-04-14 12:36:14,925 - INFO - ***RR NOT FOUND***
2026-04-14 12:36:15,166 - INFO - Iteracja 4: condition_best: 3Y-CMaturityRate >= 4.82, quality_best: 0.816, coverage_best: (p=156, n=16, P=181, N=553)
2026-04-14 12:36:15,166 - INFO - Regula po iteracji 4: IF 3M-Rate-SecondaryMarket <= 5.62 AND 1MonthCDRate >= 5.22 AND 5Y-CMaturityRate >= 5.37 AND loansLeases <= 770.95 AND 3Y-CMaturityRate >= 4.82 THEN class = {5.72} [5.26, 6.19], (p=156, n=16, P=181, N=553)
2026-04-14 12:36:15,166 - INFO - *****GROWING RR RULE*****
2026-04-14 12:36:17,744 - INFO - Iteracja 0: condition_best: None, quality_best: -inf, coverage_best: (p=0, n=0, P=0, N=0), p_value: 0
2026-04-14 12:36:17,744 - INFO - Regula po iteracji 0: IF  THEN class = {7.58} [4.47, 10.69], (p=543, n=191, P=543, N=191)
2026-04-14 12:36:17,744 - INFO - *****STOP GROWING RR RULE*****
2026-04-14 12:36:17,744 - INFO - ***RR NOT FOUND***
2026-04-14 12:36:17,744 - INFO - *******STOP GROWING CR RULE*******
2026-04-14 12:36:17,745 - INFO - *******GROWING CR RULE*******
2026-04-14 12:36:19,127 - INFO - Iteracja 0: condition_best: 5Y-CMaturityRate <= 6.79, quality_best: 0.575, coverage_best: (p=224, n=94, P=224, N=510)
2026-04-14 12:36:19,127 - INFO - Regula po iteracji 0: IF 5Y-CMaturityRate <= 6.79 THEN class = {5.02} [4.17, 5.87], (p=224, n=94, P=224, N=510)
2026-04-14 12:36:19,127 - INFO - *****GROWING RR RULE*****
2026-04-14 12:36:21,758 - INFO - Iteracja 0: condition_best: None, quality_best: -inf, coverage_best: (p=0, n=0, P=0, N=0), p_value: 0
2026-04-14 12:36:21,758 - INFO - Regula po iteracji 0: IF  THEN class = {7.58} [4.47, 10.69], (p=543, n=191, P=543, N=191)
2026-04-14 12:36:21,758 - INFO - *****STOP GROWING RR RULE*****
2026-04-14 12:36:21,758 - INFO - ***RR NOT FOUND***
2026-04-14 12:36:22,217 - INFO - Iteracja 1: condition_best: 5Y-CMaturityRate >= 5.26, quality_best: 0.699, coverage_best: (p=182, n=51, P=186, N=548)
2026-04-14 12:36:22,218 - INFO - Regula po iteracji 1: IF 5Y-CMaturityRate <= 6.79 AND 5Y-CMaturityRate >= 5.26 THEN class = {5.44} [4.98, 5.90], (p=182, n=51, P=186, N=548)
2026-04-14 12:36:22,218 - INFO - *****GROWING RR RULE*****
2026-04-14 12:36:24,820 - INFO - Iteracja 0: condition_best: None, quality_best: -inf, coverage_best: (p=0, n=0, P=0, N=0), p_value: 0
2026-04-14 12:36:24,820 - INFO - Regula po iteracji 0: IF  THEN class = {7.58} [4.47, 10.69], (p=543, n=191, P=543, N=191)
2026-04-14 12:36:24,820 - INFO - *****STOP GROWING RR RULE*****
2026-04-14 12:36:24,820 - INFO - ***RR NOT FOUND***
2026-04-14 12:36:25,658 - INFO - Iteracja 2: condition_best: moneyStock >= 3.67, quality_best: 0.708, coverage_best: (p=176, n=49, P=178, N=556)
2026-04-14 12:36:25,658 - INFO - Regula po iteracji 2: IF 5Y-CMaturityRate <= 6.79 AND 5Y-CMaturityRate >= 5.26 AND moneyStock >= 3.67 THEN class = {5.48} [5.05, 5.90], (p=176, n=49, P=178, N=556)
2026-04-14 12:36:25,659 - INFO - *****GROWING RR RULE*****
2026-04-14 12:36:28,253 - INFO - Iteracja 0: condition_best: None, quality_best: -inf, coverage_best: (p=0, n=0, P=0, N=0), p_value: 0
2026-04-14 12:36:28,253 - INFO - Regula po iteracji 0: IF  THEN class = {7.58} [4.47, 10.69], (p=543, n=191, P=543, N=191)
2026-04-14 12:36:28,254 - INFO - *****STOP GROWING RR RULE*****
2026-04-14 12:36:28,254 - INFO - ***RR NOT FOUND***
2026-04-14 12:36:28,565 - INFO - Iteracja 3: condition_best: currency <= 4,764.00, quality_best: 0.716, coverage_best: (p=171, n=46, P=174, N=560)
2026-04-14 12:36:28,565 - INFO - Regula po iteracji 3: IF 5Y-CMaturityRate <= 6.79 AND 5Y-CMaturityRate >= 5.26 AND moneyStock >= 3.67 AND currency <= 4,764.00 THEN class = {5.45} [5.04, 5.87], (p=171, n=46, P=174, N=560)
2026-04-14 12:36:28,566 - INFO - *****GROWING RR RULE*****
2026-04-14 12:36:31,172 - INFO - Iteracja 0: condition_best: None, quality_best: -inf, coverage_best: (p=0, n=0, P=0, N=0), p_value: 0
2026-04-14 12:36:31,173 - INFO - Regula po iteracji 0: IF  THEN class = {7.58} [4.47, 10.69], (p=543, n=191, P=543, N=191)
2026-04-14 12:36:31,173 - INFO - *****STOP GROWING RR RULE*****
2026-04-14 12:36:31,173 - INFO - ***RR NOT FOUND***
2026-04-14 12:36:31,478 - INFO - Iteracja 4: condition_best: moneyStock >= 3.86, quality_best: 0.726, coverage_best: (p=166, n=43, P=169, N=565)
2026-04-14 12:36:31,478 - INFO - Regula po iteracji 4: IF 5Y-CMaturityRate <= 6.79 AND 5Y-CMaturityRate >= 5.26 AND moneyStock >= 3.67 AND currency <= 4,764.00 AND moneyStock >= 3.86 THEN class = {5.49} [5.12, 5.86], (p=166, n=43, P=169, N=565)
2026-04-14 12:36:31,478 - INFO - *****GROWING RR RULE*****
2026-04-14 12:36:34,074 - INFO - Iteracja 0: condition_best: None, quality_best: -inf, coverage_best: (p=0, n=0, P=0, N=0), p_value: 0
2026-04-14 12:36:34,074 - INFO - Regula po iteracji 0: IF  THEN class = {7.58} [4.47, 10.69], (p=543, n=191, P=543, N=191)
2026-04-14 12:36:34,074 - INFO - *****STOP GROWING RR RULE*****
2026-04-14 12:36:34,074 - INFO - ***RR NOT FOUND***
2026-04-14 12:36:34,074 - INFO - *******STOP GROWING CR RULE*******
2026-04-14 12:36:34,075 - INFO - *******GROWING CR RULE*******
2026-04-14 12:36:35,458 - INFO - Iteracja 0: condition_best: 3Y-CMaturityRate >= 5.78, quality_best: 0.567, coverage_best: (p=267, n=101, P=268, N=466)
2026-04-14 12:36:35,458 - INFO - Regula po iteracji 0: IF 3Y-CMaturityRate >= 5.78 THEN class = {9.93} [7.23, 12.64], (p=267, n=101, P=268, N=466)
2026-04-14 12:36:35,459 - INFO - *****GROWING RR RULE*****
2026-04-14 12:36:38,605 - INFO - Iteracja 0: condition_best: None, quality_best: -inf, coverage_best: (p=0, n=0, P=0, N=0), p_value: 0
2026-04-14 12:36:38,606 - INFO - Regula po iteracji 0: IF  THEN class = {7.58} [4.47, 10.69], (p=543, n=191, P=543, N=191)
2026-04-14 12:36:38,606 - INFO - *****STOP GROWING RR RULE*****
2026-04-14 12:36:38,606 - INFO - ***RR NOT FOUND***
2026-04-14 12:36:39,210 - INFO - Iteracja 1: condition_best: 3Y-CMaturityRate <= 7.75, quality_best: 0.656, coverage_best: (p=108, n=32, P=132, N=602)
2026-04-14 12:36:39,210 - INFO - Regula po iteracji 1: IF 3Y-CMaturityRate >= 5.78 AND 3Y-CMaturityRate <= 7.75 THEN class = {7.67} [6.93, 8.41], (p=108, n=32, P=132, N=602)
2026-04-14 12:36:39,211 - INFO - *****GROWING RR RULE*****
2026-04-14 12:36:41,783 - INFO - Iteracja 0: condition_best: None, quality_best: -inf, coverage_best: (p=0, n=0, P=0, N=0), p_value: 0
2026-04-14 12:36:41,783 - INFO - Regula po iteracji 0: IF  THEN class = {7.58} [4.47, 10.69], (p=543, n=191, P=543, N=191)
2026-04-14 12:36:41,783 - INFO - *****STOP GROWING RR RULE*****
2026-04-14 12:36:41,783 - INFO - ***RR NOT FOUND***
2026-04-14 12:36:41,986 - INFO - Iteracja 2: condition_best: 1Y-CMaturityRate <= 135.05, quality_best: 0.672, coverage_best: (p=107, n=30, P=129, N=605)
2026-04-14 12:36:41,986 - INFO - Regula po iteracji 2: IF 3Y-CMaturityRate >= 5.78 AND 3Y-CMaturityRate <= 7.75 AND 1Y-CMaturityRate <= 135.05 THEN class = {7.65} [6.92, 8.38], (p=107, n=30, P=129, N=605)
2026-04-14 12:36:41,987 - INFO - *****GROWING RR RULE*****
2026-04-14 12:36:44,552 - INFO - Iteracja 0: condition_best: None, quality_best: -inf, coverage_best: (p=0, n=0, P=0, N=0), p_value: 0
2026-04-14 12:36:44,552 - INFO - Regula po iteracji 0: IF  THEN class = {7.58} [4.47, 10.69], (p=543, n=191, P=543, N=191)
2026-04-14 12:36:44,552 - INFO - *****STOP GROWING RR RULE*****
2026-04-14 12:36:44,552 - INFO - ***RR NOT FOUND***
2026-04-14 12:36:44,750 - INFO - Iteracja 3: condition_best: demandDeposits >= 109.45, quality_best: 0.685, coverage_best: (p=107, n=28, P=129, N=605)
2026-04-14 12:36:44,750 - INFO - Regula po iteracji 3: IF 3Y-CMaturityRate >= 5.78 AND 3Y-CMaturityRate <= 7.75 AND 1Y-CMaturityRate <= 135.05 AND demandDeposits >= 109.45 THEN class = {7.63} [6.91, 8.36], (p=107, n=28, P=129, N=605)
2026-04-14 12:36:44,750 - INFO - *****GROWING RR RULE*****
2026-04-14 12:36:47,307 - INFO - Iteracja 0: condition_best: None, quality_best: -inf, coverage_best: (p=0, n=0, P=0, N=0), p_value: 0
2026-04-14 12:36:47,307 - INFO - Regula po iteracji 0: IF  THEN class = {7.58} [4.47, 10.69], (p=543, n=191, P=543, N=191)
2026-04-14 12:36:47,308 - INFO - *****STOP GROWING RR RULE*****
2026-04-14 12:36:47,308 - INFO - ***RR NOT FOUND***
2026-04-14 12:36:47,504 - INFO - Iteracja 4: condition_best: currency <= 2,772.70, quality_best: 0.696, coverage_best: (p=106, n=26, P=128, N=606)
2026-04-14 12:36:47,504 - INFO - Regula po iteracji 4: IF 3Y-CMaturityRate >= 5.78 AND 3Y-CMaturityRate <= 7.75 AND 1Y-CMaturityRate <= 135.05 AND demandDeposits >= 109.45 AND currency <= 2,772.70 THEN class = {7.66} [6.95, 8.37], (p=106, n=26, P=128, N=606)
2026-04-14 12:36:47,504 - INFO - *****GROWING RR RULE*****
2026-04-14 12:36:50,071 - INFO - Iteracja 0: condition_best: None, quality_best: -inf, coverage_best: (p=0, n=0, P=0, N=0), p_value: 0
2026-04-14 12:36:50,072 - INFO - Regula po iteracji 0: IF  THEN class = {7.58} [4.47, 10.69], (p=543, n=191, P=543, N=191)
2026-04-14 12:36:50,072 - INFO - *****STOP GROWING RR RULE*****
2026-04-14 12:36:50,072 - INFO - ***RR NOT FOUND***
2026-04-14 12:36:50,072 - INFO - *******STOP GROWING CR RULE*******
2026-04-14 12:36:50,073 - INFO - *******GROWING CR RULE*******
2026-04-14 12:36:51,970 - INFO - Iteracja 0: condition_best: 5Y-CMaturityRate >= 7.42, quality_best: 0.563, coverage_best: (p=269, n=103, P=269, N=465)
2026-04-14 12:36:51,971 - INFO - Regula po iteracji 0: IF 5Y-CMaturityRate >= 7.42 THEN class = {9.91} [7.22, 12.61], (p=269, n=103, P=269, N=465)
2026-04-14 12:36:51,971 - INFO - *****GROWING RR RULE*****
2026-04-14 12:36:54,586 - INFO - Iteracja 0: condition_best: None, quality_best: -inf, coverage_best: (p=0, n=0, P=0, N=0), p_value: 0
2026-04-14 12:36:54,586 - INFO - Regula po iteracji 0: IF  THEN class = {7.58} [4.47, 10.69], (p=543, n=191, P=543, N=191)
2026-04-14 12:36:54,586 - INFO - *****STOP GROWING RR RULE*****
2026-04-14 12:36:54,586 - INFO - ***RR NOT FOUND***
2026-04-14 12:36:55,198 - INFO - Iteracja 1: condition_best: federalFunds >= 259.65, quality_best: 0.692, coverage_best: (p=157, n=23, P=225, N=509)
2026-04-14 12:36:55,199 - INFO - Regula po iteracji 1: IF 5Y-CMaturityRate >= 7.42 AND federalFunds >= 259.65 THEN class = {8.26} [6.71, 9.82], (p=157, n=23, P=225, N=509)
2026-04-14 12:36:55,199 - INFO - *****GROWING RR RULE*****
2026-04-14 12:36:57,812 - INFO - Iteracja 0: condition_best: None, quality_best: -inf, coverage_best: (p=0, n=0, P=0, N=0), p_value: 0
2026-04-14 12:36:57,812 - INFO - Regula po iteracji 0: IF  THEN class = {7.58} [4.47, 10.69], (p=543, n=191, P=543, N=191)
2026-04-14 12:36:57,812 - INFO - *****STOP GROWING RR RULE*****
2026-04-14 12:36:57,812 - INFO - ***RR NOT FOUND***
2026-04-14 12:36:58,076 - INFO - Iteracja 2: condition_best: currency >= 1,189.55, quality_best: 0.731, coverage_best: (p=152, n=18, P=212, N=522)
2026-04-14 12:36:58,076 - INFO - Regula po iteracji 2: IF 5Y-CMaturityRate >= 7.42 AND federalFunds >= 259.65 AND currency >= 1,189.55 THEN class = {8.10} [6.68, 9.51], (p=152, n=18, P=212, N=522)
2026-04-14 12:36:58,077 - INFO - *****GROWING RR RULE*****
2026-04-14 12:37:00,653 - INFO - Iteracja 0: condition_best: None, quality_best: -inf, coverage_best: (p=0, n=0, P=0, N=0), p_value: 0
2026-04-14 12:37:00,654 - INFO - Regula po iteracji 0: IF  THEN class = {7.58} [4.47, 10.69], (p=543, n=191, P=543, N=191)
2026-04-14 12:37:00,654 - INFO - *****STOP GROWING RR RULE*****
2026-04-14 12:37:00,654 - INFO - ***RR NOT FOUND***
2026-04-14 12:37:00,900 - INFO - Iteracja 3: condition_best: 1MonthCDRate >= 5.69, quality_best: 0.747, coverage_best: (p=152, n=16, P=210, N=524)
2026-04-14 12:37:00,900 - INFO - Regula po iteracji 3: IF 5Y-CMaturityRate >= 7.42 AND federalFunds >= 259.65 AND currency >= 1,189.55 AND 1MonthCDRate >= 5.69 THEN class = {8.11} [6.70, 9.53], (p=152, n=16, P=210, N=524)
2026-04-14 12:37:00,900 - INFO - *****GROWING RR RULE*****
2026-04-14 12:37:04,021 - INFO - Iteracja 0: condition_best: None, quality_best: -inf, coverage_best: (p=0, n=0, P=0, N=0), p_value: 0
2026-04-14 12:37:04,022 - INFO - Regula po iteracji 0: IF  THEN class = {7.58} [4.47, 10.69], (p=543, n=191, P=543, N=191)
2026-04-14 12:37:04,022 - INFO - *****STOP GROWING RR RULE*****
2026-04-14 12:37:04,022 - INFO - ***RR NOT FOUND***
2026-04-14 12:37:04,265 - INFO - Iteracja 4: condition_best: currency >= 1,191.35, quality_best: 0.748, coverage_best: (p=151, n=16, P=208, N=526)
2026-04-14 12:37:04,266 - INFO - Regula po iteracji 4: IF 5Y-CMaturityRate >= 7.42 AND federalFunds >= 259.65 AND currency >= 1,189.55 AND 1MonthCDRate >= 5.69 AND currency >= 1,191.35 THEN class = {8.09} [6.71, 9.47], (p=151, n=16, P=208, N=526)
2026-04-14 12:37:04,266 - INFO - *****GROWING RR RULE*****
2026-04-14 12:37:06,839 - INFO - Iteracja 0: condition_best: None, quality_best: -inf, coverage_best: (p=0, n=0, P=0, N=0), p_value: 0
2026-04-14 12:37:06,839 - INFO - Regula po iteracji 0: IF  THEN class = {7.58} [4.47, 10.69], (p=543, n=191, P=543, N=191)
2026-04-14 12:37:06,839 - INFO - *****STOP GROWING RR RULE*****
2026-04-14 12:37:06,839 - INFO - ***RR NOT FOUND***
2026-04-14 12:37:06,839 - INFO - *******STOP GROWING CR RULE*******
2026-04-14 12:37:06,840 - INFO - *******GROWING CR RULE*******
2026-04-14 12:37:08,203 - INFO - Iteracja 0: condition_best: 3M-Rate-SecondaryMarket <= 5.81, quality_best: 0.531, coverage_best: (p=256, n=112, P=257, N=477)
2026-04-14 12:37:08,204 - INFO - Regula po iteracji 0: IF 3M-Rate-SecondaryMarket <= 5.81 THEN class = {5.24} [4.25, 6.22], (p=256, n=112, P=257, N=477)
2026-04-14 12:37:08,204 - INFO - *****GROWING RR RULE*****
2026-04-14 12:37:10,826 - INFO - Iteracja 0: condition_best: None, quality_best: -inf, coverage_best: (p=0, n=0, P=0, N=0), p_value: 0
2026-04-14 12:37:10,827 - INFO - Regula po iteracji 0: IF  THEN class = {7.58} [4.47, 10.69], (p=543, n=191, P=543, N=191)
2026-04-14 12:37:10,827 - INFO - *****STOP GROWING RR RULE*****
2026-04-14 12:37:10,827 - INFO - ***RR NOT FOUND***
2026-04-14 12:37:11,372 - INFO - Iteracja 1: condition_best: 5Y-CMaturityRate >= 6.94, quality_best: 0.683, coverage_best: (p=42, n=3, P=88, N=646)
2026-04-14 12:37:11,373 - INFO - Regula po iteracji 1: IF 3M-Rate-SecondaryMarket <= 5.81 AND 5Y-CMaturityRate >= 6.94 THEN class = {6.67} [6.07, 7.27], (p=42, n=3, P=88, N=646)
2026-04-14 12:37:11,373 - INFO - *****GROWING RR RULE*****
2026-04-14 12:37:13,872 - INFO - Iteracja 0: condition_best: None, quality_best: -inf, coverage_best: (p=0, n=0, P=0, N=0), p_value: 0
2026-04-14 12:37:13,872 - INFO - Regula po iteracji 0: IF  THEN class = {7.58} [4.47, 10.69], (p=543, n=191, P=543, N=191)
2026-04-14 12:37:13,873 - INFO - *****STOP GROWING RR RULE*****
2026-04-14 12:37:13,873 - INFO - ***RR NOT FOUND***
2026-04-14 12:37:13,938 - INFO - Iteracja 2: condition_best: 3Y-CMaturityRate >= 4.93, quality_best: 0.697, coverage_best: (p=41, n=2, P=87, N=647)
2026-04-14 12:37:13,938 - INFO - Regula po iteracji 2: IF 3M-Rate-SecondaryMarket <= 5.81 AND 5Y-CMaturityRate >= 6.94 AND 3Y-CMaturityRate >= 4.93 THEN class = {6.69} [6.10, 7.29], (p=41, n=2, P=87, N=647)
2026-04-14 12:37:13,939 - INFO - *****GROWING RR RULE*****
2026-04-14 12:37:16,962 - INFO - Iteracja 0: condition_best: None, quality_best: -inf, coverage_best: (p=0, n=0, P=0, N=0), p_value: 0
2026-04-14 12:37:16,962 - INFO - Regula po iteracji 0: IF  THEN class = {7.58} [4.47, 10.69], (p=543, n=191, P=543, N=191)
2026-04-14 12:37:16,962 - INFO - *****STOP GROWING RR RULE*****
2026-04-14 12:37:16,962 - INFO - ***RR NOT FOUND***
2026-04-14 12:37:17,022 - INFO - Iteracja 3: condition_best: checkableDeposits <= 1,153.15, quality_best: 0.693, coverage_best: (p=40, n=2, P=86, N=648)
2026-04-14 12:37:17,022 - INFO - Regula po iteracji 3: IF 3M-Rate-SecondaryMarket <= 5.81 AND 5Y-CMaturityRate >= 6.94 AND 3Y-CMaturityRate >= 4.93 AND checkableDeposits <= 1,153.15 THEN class = {6.68} [6.08, 7.28], (p=40, n=2, P=86, N=648)
2026-04-14 12:37:17,023 - INFO - *****GROWING RR RULE*****
2026-04-14 12:37:19,525 - INFO - Iteracja 0: condition_best: None, quality_best: -inf, coverage_best: (p=0, n=0, P=0, N=0), p_value: 0
2026-04-14 12:37:19,525 - INFO - Regula po iteracji 0: IF  THEN class = {7.58} [4.47, 10.69], (p=543, n=191, P=543, N=191)
2026-04-14 12:37:19,525 - INFO - *****STOP GROWING RR RULE*****
2026-04-14 12:37:19,525 - INFO - ***RR NOT FOUND***
2026-04-14 12:37:19,585 - INFO - Iteracja 4: condition_best: 1MonthCDRate >= 4.93, quality_best: 0.684, coverage_best: (p=39, n=2, P=87, N=647)
2026-04-14 12:37:19,585 - INFO - Regula po iteracji 4: IF 3M-Rate-SecondaryMarket <= 5.81 AND 5Y-CMaturityRate >= 6.94 AND 3Y-CMaturityRate >= 4.93 AND checkableDeposits <= 1,153.15 AND 1MonthCDRate >= 4.93 THEN class = {6.70} [6.09, 7.30], (p=39, n=2, P=87, N=647)
2026-04-14 12:37:19,585 - INFO - *****GROWING RR RULE*****
2026-04-14 12:37:22,076 - INFO - Iteracja 0: condition_best: None, quality_best: -inf, coverage_best: (p=0, n=0, P=0, N=0), p_value: 0
2026-04-14 12:37:22,077 - INFO - Regula po iteracji 0: IF  THEN class = {7.58} [4.47, 10.69], (p=543, n=191, P=543, N=191)
2026-04-14 12:37:22,077 - INFO - *****STOP GROWING RR RULE*****
2026-04-14 12:37:22,077 - INFO - ***RR NOT FOUND***
2026-04-14 12:37:22,077 - INFO - *******STOP GROWING CR RULE*******
2026-04-14 12:37:22,077 - INFO - *******GROWING CR RULE*******
2026-04-14 12:37:23,436 - INFO - Iteracja 0: condition_best: 3M-Rate-SecondaryMarket >= 16.55, quality_best: 1.0, coverage_best: (p=2, n=0, P=2, N=732)
2026-04-14 12:37:23,436 - INFO - Regula po iteracji 0: IF 3M-Rate-SecondaryMarket >= 16.55 THEN class = {15.44} [15.44, 15.44], (p=2, n=0, P=2, N=732)
2026-04-14 12:37:23,437 - INFO - *****GROWING RR RULE*****
2026-04-14 12:37:25,902 - INFO - Iteracja 0: condition_best: None, quality_best: -inf, coverage_best: (p=0, n=0, P=0, N=0), p_value: 0
2026-04-14 12:37:25,903 - INFO - Regula po iteracji 0: IF  THEN class = {7.58} [4.47, 10.69], (p=543, n=191, P=543, N=191)
2026-04-14 12:37:25,903 - INFO - *****STOP GROWING RR RULE*****
2026-04-14 12:37:25,903 - INFO - ***RR NOT FOUND***
2026-04-14 12:37:25,905 - INFO - Iteracja 1: condition_best: 1MonthCDRate <= 19.10, quality_best: 0.75, coverage_best: (p=1, n=0, P=2, N=732)
2026-04-14 12:37:25,905 - INFO - Regula po iteracji 1: IF 3M-Rate-SecondaryMarket >= 16.55 AND 1MonthCDRate <= 19.10 THEN class = {15.44} [15.44, 15.44], (p=1, n=0, P=2, N=732)
2026-04-14 12:37:25,906 - INFO - *****GROWING RR RULE*****
2026-04-14 12:37:28,915 - INFO - Iteracja 0: condition_best: None, quality_best: -inf, coverage_best: (p=0, n=0, P=0, N=0), p_value: 0
2026-04-14 12:37:28,915 - INFO - Regula po iteracji 0: IF  THEN class = {7.58} [4.47, 10.69], (p=543, n=191, P=543, N=191)
2026-04-14 12:37:28,915 - INFO - *****STOP GROWING RR RULE*****
2026-04-14 12:37:28,915 - INFO - ***RR NOT FOUND***
2026-04-14 12:37:28,916 - INFO - Iteracja 2: condition_best: None, quality_best: -inf, coverage_best: (p=0, n=0, P=0, N=0)
2026-04-14 12:37:28,916 - INFO - Regula po iteracji 2: IF 3M-Rate-SecondaryMarket >= 16.55 AND 1MonthCDRate <= 19.10 THEN class = {15.44} [15.44, 15.44], (p=1, n=0, P=2, N=732)
2026-04-14 12:37:28,916 - INFO - *******STOP GROWING CR RULE*******
2026-04-14 12:37:29,229 - INFO - ************************Finished experiment for mortgage.arff with algorithm_rer_with_exceptions************************
2026-04-14 12:37:29,229 - INFO - *************************************************************************************************************************
2026-04-14 12:37:29,229 - INFO - *************************************************************************************************************************
2026-04-14 12:37:29,229 - INFO - *************************************************************************************************************************
2026-04-14 12:37:29,230 - INFO - **********Starting experiment for mortgage.arff with decision_tree**********
2026-04-14 12:37:29,269 - INFO - ************************Finished experiment for mortgage.arff with decision_tree************************
2026-04-14 12:37:29,269 - INFO - *************************************************************************************************************************
2026-04-14 12:37:29,269 - INFO - *************************************************************************************************************************
2026-04-14 12:37:29,269 - INFO - *************************************************************************************************************************
