2026-04-14 12:58:47,570 - INFO - **********Starting experiment for sensory.arff with algorithm**********
2026-04-14 12:58:47,582 - INFO - *******GROWING CR RULE*******
2026-04-14 12:58:47,590 - INFO - Iteracja 0: condition_best: Rows = {2}, quality_best: 0.14, coverage_best: (p=129, n=63, P=339, N=237)
2026-04-14 12:58:47,590 - INFO - Regula po iteracji 0: IF Rows = {2} THEN class = {15.40} [14.63, 16.18], (p=129, n=63, P=339, N=237)
2026-04-14 12:58:47,590 - INFO - *****GROWING RR RULE*****
2026-04-14 12:58:47,596 - INFO - Iteracja 0: condition_best: None, quality_best: -inf, coverage_best: (p=0, n=0, P=0, N=0), p_value: 0
2026-04-14 12:58:47,596 - INFO - Regula po iteracji 0: IF  THEN class = {15.07} [14.25, 15.90], (p=370, n=206, P=370, N=206)
2026-04-14 12:58:47,596 - INFO - *****STOP GROWING RR RULE*****
2026-04-14 12:58:47,596 - INFO - ***RR NOT FOUND***
2026-04-14 12:58:47,599 - INFO - Iteracja 1: condition_best: Columns = {3}, quality_best: 0.303, coverage_best: (p=39, n=9, P=339, N=237)
2026-04-14 12:58:47,599 - INFO - Regula po iteracji 1: IF Rows = {2} AND Columns = {3} THEN class = {15.51} [14.88, 16.14], (p=39, n=9, P=339, N=237)
2026-04-14 12:58:47,600 - INFO - *****GROWING RR RULE*****
2026-04-14 12:58:47,606 - INFO - Iteracja 0: condition_best: None, quality_best: -inf, coverage_best: (p=0, n=0, P=0, N=0), p_value: 0
2026-04-14 12:58:47,606 - INFO - Regula po iteracji 0: IF  THEN class = {15.07} [14.25, 15.90], (p=370, n=206, P=370, N=206)
2026-04-14 12:58:47,606 - INFO - *****STOP GROWING RR RULE*****
2026-04-14 12:58:47,606 - INFO - ***RR NOT FOUND***
2026-04-14 12:58:47,608 - INFO - Iteracja 2: condition_best: Judges = {5}, quality_best: 0.355, coverage_best: (p=7, n=1, P=339, N=237)
2026-04-14 12:58:47,608 - INFO - Regula po iteracji 2: IF Rows = {2} AND Columns = {3} AND Judges = {5} THEN class = {15.44} [14.85, 16.02], (p=7, n=1, P=339, N=237)
2026-04-14 12:58:47,609 - INFO - *****GROWING RR RULE*****
2026-04-14 12:58:47,615 - INFO - Iteracja 0: condition_best: None, quality_best: -inf, coverage_best: (p=0, n=0, P=0, N=0), p_value: 0
2026-04-14 12:58:47,615 - INFO - Regula po iteracji 0: IF  THEN class = {15.07} [14.25, 15.90], (p=370, n=206, P=370, N=206)
2026-04-14 12:58:47,615 - INFO - *****STOP GROWING RR RULE*****
2026-04-14 12:58:47,615 - INFO - ***RR NOT FOUND***
2026-04-14 12:58:47,617 - INFO - Iteracja 3: condition_best: Sittings = {1}, quality_best: 0.355, coverage_best: (p=7, n=1, P=339, N=237)
2026-04-14 12:58:47,617 - INFO - Regula po iteracji 3: IF Rows = {2} AND Columns = {3} AND Judges = {5} AND Sittings = {1} THEN class = {15.44} [14.85, 16.02], (p=7, n=1, P=339, N=237)
2026-04-14 12:58:47,618 - INFO - *****GROWING RR RULE*****
2026-04-14 12:58:47,624 - INFO - Iteracja 0: condition_best: None, quality_best: -inf, coverage_best: (p=0, n=0, P=0, N=0), p_value: 0
2026-04-14 12:58:47,624 - INFO - Regula po iteracji 0: IF  THEN class = {15.07} [14.25, 15.90], (p=370, n=206, P=370, N=206)
2026-04-14 12:58:47,624 - INFO - *****STOP GROWING RR RULE*****
2026-04-14 12:58:47,624 - INFO - ***RR NOT FOUND***
2026-04-14 12:58:47,626 - INFO - Iteracja 4: condition_best: None, quality_best: -inf, coverage_best: (p=0, n=0, P=0, N=0)
2026-04-14 12:58:47,626 - INFO - Regula po iteracji 4: IF Rows = {2} AND Columns = {3} AND Judges = {5} AND Sittings = {1} THEN class = {15.44} [14.85, 16.02], (p=7, n=1, P=339, N=237)
2026-04-14 12:58:47,626 - INFO - *******STOP GROWING CR RULE*******
2026-04-14 12:58:47,631 - INFO - *******GROWING CR RULE*******
2026-04-14 12:58:47,635 - INFO - Iteracja 0: condition_best: Rows = {2}, quality_best: 0.14, coverage_best: (p=129, n=63, P=339, N=237)
2026-04-14 12:58:47,635 - INFO - Regula po iteracji 0: IF Rows = {2} THEN class = {15.40} [14.63, 16.18], (p=129, n=63, P=339, N=237)
2026-04-14 12:58:47,635 - INFO - *****GROWING RR RULE*****
2026-04-14 12:58:47,641 - INFO - Iteracja 0: condition_best: None, quality_best: -inf, coverage_best: (p=0, n=0, P=0, N=0), p_value: 0
2026-04-14 12:58:47,641 - INFO - Regula po iteracji 0: IF  THEN class = {15.07} [14.25, 15.90], (p=370, n=206, P=370, N=206)
2026-04-14 12:58:47,642 - INFO - *****STOP GROWING RR RULE*****
2026-04-14 12:58:47,642 - INFO - ***RR NOT FOUND***
2026-04-14 12:58:47,644 - INFO - Iteracja 1: condition_best: Columns = {3}, quality_best: 0.303, coverage_best: (p=39, n=9, P=339, N=237)
2026-04-14 12:58:47,644 - INFO - Regula po iteracji 1: IF Rows = {2} AND Columns = {3} THEN class = {15.51} [14.88, 16.14], (p=39, n=9, P=339, N=237)
2026-04-14 12:58:47,645 - INFO - *****GROWING RR RULE*****
2026-04-14 12:58:47,651 - INFO - Iteracja 0: condition_best: None, quality_best: -inf, coverage_best: (p=0, n=0, P=0, N=0), p_value: 0
2026-04-14 12:58:47,651 - INFO - Regula po iteracji 0: IF  THEN class = {15.07} [14.25, 15.90], (p=370, n=206, P=370, N=206)
2026-04-14 12:58:47,651 - INFO - *****STOP GROWING RR RULE*****
2026-04-14 12:58:47,651 - INFO - ***RR NOT FOUND***
2026-04-14 12:58:47,653 - INFO - Iteracja 2: condition_best: Halfplot = {2}, quality_best: 0.315, coverage_best: (p=20, n=4, P=339, N=237)
2026-04-14 12:58:47,653 - INFO - Regula po iteracji 2: IF Rows = {2} AND Columns = {3} AND Halfplot = {2} THEN class = {15.58} [14.99, 16.17], (p=20, n=4, P=339, N=237)
2026-04-14 12:58:47,654 - INFO - *****GROWING RR RULE*****
2026-04-14 12:58:47,660 - INFO - Iteracja 0: condition_best: None, quality_best: -inf, coverage_best: (p=0, n=0, P=0, N=0), p_value: 0
2026-04-14 12:58:47,660 - INFO - Regula po iteracji 0: IF  THEN class = {15.07} [14.25, 15.90], (p=370, n=206, P=370, N=206)
2026-04-14 12:58:47,660 - INFO - *****STOP GROWING RR RULE*****
2026-04-14 12:58:47,660 - INFO - ***RR NOT FOUND***
2026-04-14 12:58:47,662 - INFO - Iteracja 3: condition_best: Interval = {2}, quality_best: 0.355, coverage_best: (p=7, n=1, P=339, N=237)
2026-04-14 12:58:47,662 - INFO - Regula po iteracji 3: IF Rows = {2} AND Columns = {3} AND Halfplot = {2} AND Interval = {2} THEN class = {15.56} [14.93, 16.20], (p=7, n=1, P=339, N=237)
2026-04-14 12:58:47,663 - INFO - *****GROWING RR RULE*****
2026-04-14 12:58:47,673 - INFO - Iteracja 0: condition_best: None, quality_best: -inf, coverage_best: (p=0, n=0, P=0, N=0), p_value: 0
2026-04-14 12:58:47,673 - INFO - Regula po iteracji 0: IF  THEN class = {15.07} [14.25, 15.90], (p=370, n=206, P=370, N=206)
2026-04-14 12:58:47,673 - INFO - *****STOP GROWING RR RULE*****
2026-04-14 12:58:47,673 - INFO - ***RR NOT FOUND***
2026-04-14 12:58:47,675 - INFO - Iteracja 4: condition_best: Method = {2}, quality_best: 0.355, coverage_best: (p=7, n=1, P=339, N=237)
2026-04-14 12:58:47,675 - INFO - Regula po iteracji 4: IF Rows = {2} AND Columns = {3} AND Halfplot = {2} AND Interval = {2} AND Method = {2} THEN class = {15.56} [14.93, 16.20], (p=7, n=1, P=339, N=237)
2026-04-14 12:58:47,676 - INFO - *****GROWING RR RULE*****
2026-04-14 12:58:47,685 - INFO - Iteracja 0: condition_best: None, quality_best: -inf, coverage_best: (p=0, n=0, P=0, N=0), p_value: 0
2026-04-14 12:58:47,686 - INFO - Regula po iteracji 0: IF  THEN class = {15.07} [14.25, 15.90], (p=370, n=206, P=370, N=206)
2026-04-14 12:58:47,686 - INFO - *****STOP GROWING RR RULE*****
2026-04-14 12:58:47,686 - INFO - ***RR NOT FOUND***
2026-04-14 12:58:47,686 - INFO - *******STOP GROWING CR RULE*******
2026-04-14 12:58:47,690 - INFO - *******GROWING CR RULE*******
2026-04-14 12:58:47,695 - INFO - Iteracja 0: condition_best: Rows = {2}, quality_best: 0.14, coverage_best: (p=129, n=63, P=339, N=237)
2026-04-14 12:58:47,695 - INFO - Regula po iteracji 0: IF Rows = {2} THEN class = {15.40} [14.63, 16.18], (p=129, n=63, P=339, N=237)
2026-04-14 12:58:47,695 - INFO - *****GROWING RR RULE*****
2026-04-14 12:58:47,701 - INFO - Iteracja 0: condition_best: None, quality_best: -inf, coverage_best: (p=0, n=0, P=0, N=0), p_value: 0
2026-04-14 12:58:47,701 - INFO - Regula po iteracji 0: IF  THEN class = {15.07} [14.25, 15.90], (p=370, n=206, P=370, N=206)
2026-04-14 12:58:47,701 - INFO - *****STOP GROWING RR RULE*****
2026-04-14 12:58:47,701 - INFO - ***RR NOT FOUND***
2026-04-14 12:58:47,704 - INFO - Iteracja 1: condition_best: Columns = {3}, quality_best: 0.303, coverage_best: (p=39, n=9, P=339, N=237)
2026-04-14 12:58:47,704 - INFO - Regula po iteracji 1: IF Rows = {2} AND Columns = {3} THEN class = {15.51} [14.88, 16.14], (p=39, n=9, P=339, N=237)
2026-04-14 12:58:47,705 - INFO - *****GROWING RR RULE*****
2026-04-14 12:58:47,711 - INFO - Iteracja 0: condition_best: None, quality_best: -inf, coverage_best: (p=0, n=0, P=0, N=0), p_value: 0
2026-04-14 12:58:47,711 - INFO - Regula po iteracji 0: IF  THEN class = {15.07} [14.25, 15.90], (p=370, n=206, P=370, N=206)
2026-04-14 12:58:47,711 - INFO - *****STOP GROWING RR RULE*****
2026-04-14 12:58:47,711 - INFO - ***RR NOT FOUND***
2026-04-14 12:58:47,713 - INFO - Iteracja 2: condition_best: Halfplot = {2}, quality_best: 0.315, coverage_best: (p=20, n=4, P=339, N=237)
2026-04-14 12:58:47,713 - INFO - Regula po iteracji 2: IF Rows = {2} AND Columns = {3} AND Halfplot = {2} THEN class = {15.58} [14.99, 16.17], (p=20, n=4, P=339, N=237)
2026-04-14 12:58:47,714 - INFO - *****GROWING RR RULE*****
2026-04-14 12:58:47,720 - INFO - Iteracja 0: condition_best: None, quality_best: -inf, coverage_best: (p=0, n=0, P=0, N=0), p_value: 0
2026-04-14 12:58:47,720 - INFO - Regula po iteracji 0: IF  THEN class = {15.07} [14.25, 15.90], (p=370, n=206, P=370, N=206)
2026-04-14 12:58:47,720 - INFO - *****STOP GROWING RR RULE*****
2026-04-14 12:58:47,720 - INFO - ***RR NOT FOUND***
2026-04-14 12:58:47,722 - INFO - Iteracja 3: condition_best: Interval = {3}, quality_best: 0.355, coverage_best: (p=7, n=1, P=339, N=237)
2026-04-14 12:58:47,722 - INFO - Regula po iteracji 3: IF Rows = {2} AND Columns = {3} AND Halfplot = {2} AND Interval = {3} THEN class = {15.50} [15.00, 16.00], (p=7, n=1, P=339, N=237)
2026-04-14 12:58:47,723 - INFO - *****GROWING RR RULE*****
2026-04-14 12:58:47,729 - INFO - Iteracja 0: condition_best: None, quality_best: -inf, coverage_best: (p=0, n=0, P=0, N=0), p_value: 0
2026-04-14 12:58:47,729 - INFO - Regula po iteracji 0: IF  THEN class = {15.07} [14.25, 15.90], (p=370, n=206, P=370, N=206)
2026-04-14 12:58:47,729 - INFO - *****STOP GROWING RR RULE*****
2026-04-14 12:58:47,729 - INFO - ***RR NOT FOUND***
2026-04-14 12:58:47,732 - INFO - Iteracja 4: condition_best: Method = {2}, quality_best: 0.355, coverage_best: (p=7, n=1, P=339, N=237)
2026-04-14 12:58:47,732 - INFO - Regula po iteracji 4: IF Rows = {2} AND Columns = {3} AND Halfplot = {2} AND Interval = {3} AND Method = {2} THEN class = {15.50} [15.00, 16.00], (p=7, n=1, P=339, N=237)
2026-04-14 12:58:47,733 - INFO - *****GROWING RR RULE*****
2026-04-14 12:58:47,739 - INFO - Iteracja 0: condition_best: None, quality_best: -inf, coverage_best: (p=0, n=0, P=0, N=0), p_value: 0
2026-04-14 12:58:47,739 - INFO - Regula po iteracji 0: IF  THEN class = {15.07} [14.25, 15.90], (p=370, n=206, P=370, N=206)
2026-04-14 12:58:47,739 - INFO - *****STOP GROWING RR RULE*****
2026-04-14 12:58:47,739 - INFO - ***RR NOT FOUND***
2026-04-14 12:58:47,739 - INFO - *******STOP GROWING CR RULE*******
2026-04-14 12:58:47,744 - INFO - *******GROWING CR RULE*******
2026-04-14 12:58:47,750 - INFO - Iteracja 0: condition_best: Rows = {2}, quality_best: 0.14, coverage_best: (p=129, n=63, P=339, N=237)
2026-04-14 12:58:47,750 - INFO - Regula po iteracji 0: IF Rows = {2} THEN class = {15.40} [14.63, 16.18], (p=129, n=63, P=339, N=237)
2026-04-14 12:58:47,750 - INFO - *****GROWING RR RULE*****
2026-04-14 12:58:47,757 - INFO - Iteracja 0: condition_best: None, quality_best: -inf, coverage_best: (p=0, n=0, P=0, N=0), p_value: 0
2026-04-14 12:58:47,757 - INFO - Regula po iteracji 0: IF  THEN class = {15.07} [14.25, 15.90], (p=370, n=206, P=370, N=206)
2026-04-14 12:58:47,757 - INFO - *****STOP GROWING RR RULE*****
2026-04-14 12:58:47,757 - INFO - ***RR NOT FOUND***
2026-04-14 12:58:47,760 - INFO - Iteracja 1: condition_best: Columns = {3}, quality_best: 0.303, coverage_best: (p=39, n=9, P=339, N=237)
2026-04-14 12:58:47,760 - INFO - Regula po iteracji 1: IF Rows = {2} AND Columns = {3} THEN class = {15.51} [14.88, 16.14], (p=39, n=9, P=339, N=237)
2026-04-14 12:58:47,761 - INFO - *****GROWING RR RULE*****
2026-04-14 12:58:47,767 - INFO - Iteracja 0: condition_best: None, quality_best: -inf, coverage_best: (p=0, n=0, P=0, N=0), p_value: 0
2026-04-14 12:58:47,767 - INFO - Regula po iteracji 0: IF  THEN class = {15.07} [14.25, 15.90], (p=370, n=206, P=370, N=206)
2026-04-14 12:58:47,768 - INFO - *****STOP GROWING RR RULE*****
2026-04-14 12:58:47,768 - INFO - ***RR NOT FOUND***
2026-04-14 12:58:47,770 - INFO - Iteracja 2: condition_best: Halfplot = {2}, quality_best: 0.315, coverage_best: (p=20, n=4, P=339, N=237)
2026-04-14 12:58:47,770 - INFO - Regula po iteracji 2: IF Rows = {2} AND Columns = {3} AND Halfplot = {2} THEN class = {15.58} [14.99, 16.17], (p=20, n=4, P=339, N=237)
2026-04-14 12:58:47,771 - INFO - *****GROWING RR RULE*****
2026-04-14 12:58:47,777 - INFO - Iteracja 0: condition_best: None, quality_best: -inf, coverage_best: (p=0, n=0, P=0, N=0), p_value: 0
2026-04-14 12:58:47,778 - INFO - Regula po iteracji 0: IF  THEN class = {15.07} [14.25, 15.90], (p=370, n=206, P=370, N=206)
2026-04-14 12:58:47,778 - INFO - *****STOP GROWING RR RULE*****
2026-04-14 12:58:47,778 - INFO - ***RR NOT FOUND***
2026-04-14 12:58:47,780 - INFO - Iteracja 3: condition_best: Method = {2}, quality_best: 0.315, coverage_best: (p=20, n=4, P=339, N=237)
2026-04-14 12:58:47,780 - INFO - Regula po iteracji 3: IF Rows = {2} AND Columns = {3} AND Halfplot = {2} AND Method = {2} THEN class = {15.58} [14.99, 16.17], (p=20, n=4, P=339, N=237)
2026-04-14 12:58:47,781 - INFO - *****GROWING RR RULE*****
2026-04-14 12:58:47,788 - INFO - Iteracja 0: condition_best: None, quality_best: -inf, coverage_best: (p=0, n=0, P=0, N=0), p_value: 0
2026-04-14 12:58:47,788 - INFO - Regula po iteracji 0: IF  THEN class = {15.07} [14.25, 15.90], (p=370, n=206, P=370, N=206)
2026-04-14 12:58:47,788 - INFO - *****STOP GROWING RR RULE*****
2026-04-14 12:58:47,788 - INFO - ***RR NOT FOUND***
2026-04-14 12:58:47,790 - INFO - Iteracja 4: condition_best: Interval = {1}, quality_best: 0.219, coverage_best: (p=5, n=3, P=199, N=377)
2026-04-14 12:58:47,791 - INFO - Regula po iteracji 4: IF Rows = {2} AND Columns = {3} AND Halfplot = {2} AND Method = {2} AND Interval = {1} THEN class = {15.69} [15.08, 16.30], (p=5, n=3, P=199, N=377)
2026-04-14 12:58:47,792 - INFO - *****GROWING RR RULE*****
2026-04-14 12:58:47,797 - INFO - Iteracja 0: condition_best: None, quality_best: -inf, coverage_best: (p=0, n=0, P=0, N=0), p_value: 0
2026-04-14 12:58:47,798 - INFO - Regula po iteracji 0: IF  THEN class = {15.07} [14.25, 15.90], (p=370, n=206, P=370, N=206)
2026-04-14 12:58:47,798 - INFO - *****STOP GROWING RR RULE*****
2026-04-14 12:58:47,798 - INFO - ***RR NOT FOUND***
2026-04-14 12:58:47,798 - INFO - *******STOP GROWING CR RULE*******
2026-04-14 12:58:47,802 - INFO - *******GROWING CR RULE*******
2026-04-14 12:58:47,807 - INFO - Iteracja 0: condition_best: Rows = {2}, quality_best: 0.14, coverage_best: (p=129, n=63, P=339, N=237)
2026-04-14 12:58:47,807 - INFO - Regula po iteracji 0: IF Rows = {2} THEN class = {15.40} [14.63, 16.18], (p=129, n=63, P=339, N=237)
2026-04-14 12:58:47,807 - INFO - *****GROWING RR RULE*****
2026-04-14 12:58:47,813 - INFO - Iteracja 0: condition_best: None, quality_best: -inf, coverage_best: (p=0, n=0, P=0, N=0), p_value: 0
2026-04-14 12:58:47,813 - INFO - Regula po iteracji 0: IF  THEN class = {15.07} [14.25, 15.90], (p=370, n=206, P=370, N=206)
2026-04-14 12:58:47,813 - INFO - *****STOP GROWING RR RULE*****
2026-04-14 12:58:47,814 - INFO - ***RR NOT FOUND***
2026-04-14 12:58:47,816 - INFO - Iteracja 1: condition_best: Columns = {3}, quality_best: 0.303, coverage_best: (p=39, n=9, P=339, N=237)
2026-04-14 12:58:47,816 - INFO - Regula po iteracji 1: IF Rows = {2} AND Columns = {3} THEN class = {15.51} [14.88, 16.14], (p=39, n=9, P=339, N=237)
2026-04-14 12:58:47,817 - INFO - *****GROWING RR RULE*****
2026-04-14 12:58:47,823 - INFO - Iteracja 0: condition_best: None, quality_best: -inf, coverage_best: (p=0, n=0, P=0, N=0), p_value: 0
2026-04-14 12:58:47,823 - INFO - Regula po iteracji 0: IF  THEN class = {15.07} [14.25, 15.90], (p=370, n=206, P=370, N=206)
2026-04-14 12:58:47,823 - INFO - *****STOP GROWING RR RULE*****
2026-04-14 12:58:47,823 - INFO - ***RR NOT FOUND***
2026-04-14 12:58:47,825 - INFO - Iteracja 2: condition_best: Interval = {3}, quality_best: 0.284, coverage_best: (p=12, n=4, P=261, N=315)
2026-04-14 12:58:47,826 - INFO - Regula po iteracji 2: IF Rows = {2} AND Columns = {3} AND Interval = {3} THEN class = {15.28} [14.67, 15.89], (p=12, n=4, P=261, N=315)
2026-04-14 12:58:47,826 - INFO - *****GROWING RR RULE*****
2026-04-14 12:58:47,832 - INFO - Iteracja 0: condition_best: None, quality_best: -inf, coverage_best: (p=0, n=0, P=0, N=0), p_value: 0
2026-04-14 12:58:47,832 - INFO - Regula po iteracji 0: IF  THEN class = {15.07} [14.25, 15.90], (p=370, n=206, P=370, N=206)
2026-04-14 12:58:47,832 - INFO - *****STOP GROWING RR RULE*****
2026-04-14 12:58:47,832 - INFO - ***RR NOT FOUND***
2026-04-14 12:58:47,835 - INFO - Iteracja 3: condition_best: Halfplot = {1}, quality_best: 0.153, coverage_best: (p=6, n=2, P=370, N=206)
2026-04-14 12:58:47,835 - INFO - Regula po iteracji 3: IF Rows = {2} AND Columns = {3} AND Interval = {3} AND Halfplot = {1} THEN class = {15.06} [14.43, 15.70], (p=6, n=2, P=370, N=206)
2026-04-14 12:58:47,836 - INFO - *****GROWING RR RULE*****
2026-04-14 12:58:47,841 - INFO - Iteracja 0: condition_best: None, quality_best: -inf, coverage_best: (p=0, n=0, P=0, N=0), p_value: 0
2026-04-14 12:58:47,841 - INFO - Regula po iteracji 0: IF  THEN class = {15.07} [14.25, 15.90], (p=370, n=206, P=370, N=206)
2026-04-14 12:58:47,842 - INFO - *****STOP GROWING RR RULE*****
2026-04-14 12:58:47,842 - INFO - ***RR NOT FOUND***
2026-04-14 12:58:47,844 - INFO - Iteracja 4: condition_best: Method = {1}, quality_best: 0.153, coverage_best: (p=6, n=2, P=370, N=206)
2026-04-14 12:58:47,844 - INFO - Regula po iteracji 4: IF Rows = {2} AND Columns = {3} AND Interval = {3} AND Halfplot = {1} AND Method = {1} THEN class = {15.06} [14.43, 15.70], (p=6, n=2, P=370, N=206)
2026-04-14 12:58:47,845 - INFO - *****GROWING RR RULE*****
2026-04-14 12:58:47,851 - INFO - Iteracja 0: condition_best: None, quality_best: -inf, coverage_best: (p=0, n=0, P=0, N=0), p_value: 0
2026-04-14 12:58:47,851 - INFO - Regula po iteracji 0: IF  THEN class = {15.07} [14.25, 15.90], (p=370, n=206, P=370, N=206)
2026-04-14 12:58:47,851 - INFO - *****STOP GROWING RR RULE*****
2026-04-14 12:58:47,851 - INFO - ***RR NOT FOUND***
2026-04-14 12:58:47,851 - INFO - *******STOP GROWING CR RULE*******
2026-04-14 12:58:47,856 - INFO - *******GROWING CR RULE*******
2026-04-14 12:58:47,860 - INFO - Iteracja 0: condition_best: Rows = {2}, quality_best: 0.14, coverage_best: (p=129, n=63, P=339, N=237)
2026-04-14 12:58:47,860 - INFO - Regula po iteracji 0: IF Rows = {2} THEN class = {15.40} [14.63, 16.18], (p=129, n=63, P=339, N=237)
2026-04-14 12:58:47,861 - INFO - *****GROWING RR RULE*****
2026-04-14 12:58:47,866 - INFO - Iteracja 0: condition_best: None, quality_best: -inf, coverage_best: (p=0, n=0, P=0, N=0), p_value: 0
2026-04-14 12:58:47,867 - INFO - Regula po iteracji 0: IF  THEN class = {15.07} [14.25, 15.90], (p=370, n=206, P=370, N=206)
2026-04-14 12:58:47,867 - INFO - *****STOP GROWING RR RULE*****
2026-04-14 12:58:47,867 - INFO - ***RR NOT FOUND***
2026-04-14 12:58:47,869 - INFO - Iteracja 1: condition_best: Columns = {3}, quality_best: 0.303, coverage_best: (p=39, n=9, P=339, N=237)
2026-04-14 12:58:47,870 - INFO - Regula po iteracji 1: IF Rows = {2} AND Columns = {3} THEN class = {15.51} [14.88, 16.14], (p=39, n=9, P=339, N=237)
2026-04-14 12:58:47,870 - INFO - *****GROWING RR RULE*****
2026-04-14 12:58:47,876 - INFO - Iteracja 0: condition_best: None, quality_best: -inf, coverage_best: (p=0, n=0, P=0, N=0), p_value: 0
2026-04-14 12:58:47,876 - INFO - Regula po iteracji 0: IF  THEN class = {15.07} [14.25, 15.90], (p=370, n=206, P=370, N=206)
2026-04-14 12:58:47,876 - INFO - *****STOP GROWING RR RULE*****
2026-04-14 12:58:47,876 - INFO - ***RR NOT FOUND***
2026-04-14 12:58:47,878 - INFO - Iteracja 2: condition_best: Interval = {1}, quality_best: 0.283, coverage_best: (p=13, n=3, P=339, N=237)
2026-04-14 12:58:47,878 - INFO - Regula po iteracji 2: IF Rows = {2} AND Columns = {3} AND Interval = {1} THEN class = {15.53} [14.96, 16.10], (p=13, n=3, P=339, N=237)
2026-04-14 12:58:47,879 - INFO - *****GROWING RR RULE*****
2026-04-14 12:58:47,885 - INFO - Iteracja 0: condition_best: None, quality_best: -inf, coverage_best: (p=0, n=0, P=0, N=0), p_value: 0
2026-04-14 12:58:47,885 - INFO - Regula po iteracji 0: IF  THEN class = {15.07} [14.25, 15.90], (p=370, n=206, P=370, N=206)
2026-04-14 12:58:47,885 - INFO - *****STOP GROWING RR RULE*****
2026-04-14 12:58:47,885 - INFO - ***RR NOT FOUND***
2026-04-14 12:58:47,887 - INFO - Iteracja 3: condition_best: Halfplot = {1}, quality_best: 0.16, coverage_best: (p=5, n=3, P=261, N=315)
2026-04-14 12:58:47,887 - INFO - Regula po iteracji 3: IF Rows = {2} AND Columns = {3} AND Interval = {1} AND Halfplot = {1} THEN class = {15.38} [14.89, 15.86], (p=5, n=3, P=261, N=315)
2026-04-14 12:58:47,888 - INFO - *****GROWING RR RULE*****
2026-04-14 12:58:47,896 - INFO - Iteracja 0: condition_best: None, quality_best: -inf, coverage_best: (p=0, n=0, P=0, N=0), p_value: 0
2026-04-14 12:58:47,896 - INFO - Regula po iteracji 0: IF  THEN class = {15.07} [14.25, 15.90], (p=370, n=206, P=370, N=206)
2026-04-14 12:58:47,897 - INFO - *****STOP GROWING RR RULE*****
2026-04-14 12:58:47,897 - INFO - ***RR NOT FOUND***
2026-04-14 12:58:47,899 - INFO - Iteracja 4: condition_best: Method = {1}, quality_best: 0.16, coverage_best: (p=5, n=3, P=261, N=315)
2026-04-14 12:58:47,899 - INFO - Regula po iteracji 4: IF Rows = {2} AND Columns = {3} AND Interval = {1} AND Halfplot = {1} AND Method = {1} THEN class = {15.38} [14.89, 15.86], (p=5, n=3, P=261, N=315)
2026-04-14 12:58:47,900 - INFO - *****GROWING RR RULE*****
2026-04-14 12:58:47,908 - INFO - Iteracja 0: condition_best: None, quality_best: -inf, coverage_best: (p=0, n=0, P=0, N=0), p_value: 0
2026-04-14 12:58:47,908 - INFO - Regula po iteracji 0: IF  THEN class = {15.07} [14.25, 15.90], (p=370, n=206, P=370, N=206)
2026-04-14 12:58:47,908 - INFO - *****STOP GROWING RR RULE*****
2026-04-14 12:58:47,908 - INFO - ***RR NOT FOUND***
2026-04-14 12:58:47,908 - INFO - *******STOP GROWING CR RULE*******
2026-04-14 12:58:47,912 - INFO - *******GROWING CR RULE*******
2026-04-14 12:58:47,917 - INFO - Iteracja 0: condition_best: Rows = {2}, quality_best: 0.14, coverage_best: (p=129, n=63, P=339, N=237)
2026-04-14 12:58:47,917 - INFO - Regula po iteracji 0: IF Rows = {2} THEN class = {15.40} [14.63, 16.18], (p=129, n=63, P=339, N=237)
2026-04-14 12:58:47,917 - INFO - *****GROWING RR RULE*****
2026-04-14 12:58:47,923 - INFO - Iteracja 0: condition_best: None, quality_best: -inf, coverage_best: (p=0, n=0, P=0, N=0), p_value: 0
2026-04-14 12:58:47,924 - INFO - Regula po iteracji 0: IF  THEN class = {15.07} [14.25, 15.90], (p=370, n=206, P=370, N=206)
2026-04-14 12:58:47,924 - INFO - *****STOP GROWING RR RULE*****
2026-04-14 12:58:47,924 - INFO - ***RR NOT FOUND***
2026-04-14 12:58:47,927 - INFO - Iteracja 1: condition_best: Columns = {3}, quality_best: 0.303, coverage_best: (p=39, n=9, P=339, N=237)
2026-04-14 12:58:47,927 - INFO - Regula po iteracji 1: IF Rows = {2} AND Columns = {3} THEN class = {15.51} [14.88, 16.14], (p=39, n=9, P=339, N=237)
2026-04-14 12:58:47,927 - INFO - *****GROWING RR RULE*****
2026-04-14 12:58:47,933 - INFO - Iteracja 0: condition_best: None, quality_best: -inf, coverage_best: (p=0, n=0, P=0, N=0), p_value: 0
2026-04-14 12:58:47,933 - INFO - Regula po iteracji 0: IF  THEN class = {15.07} [14.25, 15.90], (p=370, n=206, P=370, N=206)
2026-04-14 12:58:47,934 - INFO - *****STOP GROWING RR RULE*****
2026-04-14 12:58:47,934 - INFO - ***RR NOT FOUND***
2026-04-14 12:58:47,936 - INFO - Iteracja 2: condition_best: Halfplot = {1}, quality_best: 0.261, coverage_best: (p=19, n=5, P=339, N=237)
2026-04-14 12:58:47,936 - INFO - Regula po iteracji 2: IF Rows = {2} AND Columns = {3} AND Halfplot = {1} THEN class = {15.44} [14.77, 16.10], (p=19, n=5, P=339, N=237)
2026-04-14 12:58:47,937 - INFO - *****GROWING RR RULE*****
2026-04-14 12:58:47,943 - INFO - Iteracja 0: condition_best: None, quality_best: -inf, coverage_best: (p=0, n=0, P=0, N=0), p_value: 0
2026-04-14 12:58:47,943 - INFO - Regula po iteracji 0: IF  THEN class = {15.07} [14.25, 15.90], (p=370, n=206, P=370, N=206)
2026-04-14 12:58:47,943 - INFO - *****STOP GROWING RR RULE*****
2026-04-14 12:58:47,943 - INFO - ***RR NOT FOUND***
2026-04-14 12:58:47,945 - INFO - Iteracja 3: condition_best: Method = {1}, quality_best: 0.261, coverage_best: (p=19, n=5, P=339, N=237)
2026-04-14 12:58:47,945 - INFO - Regula po iteracji 3: IF Rows = {2} AND Columns = {3} AND Halfplot = {1} AND Method = {1} THEN class = {15.44} [14.77, 16.10], (p=19, n=5, P=339, N=237)
2026-04-14 12:58:47,946 - INFO - *****GROWING RR RULE*****
2026-04-14 12:58:47,952 - INFO - Iteracja 0: condition_best: None, quality_best: -inf, coverage_best: (p=0, n=0, P=0, N=0), p_value: 0
2026-04-14 12:58:47,952 - INFO - Regula po iteracji 0: IF  THEN class = {15.07} [14.25, 15.90], (p=370, n=206, P=370, N=206)
2026-04-14 12:58:47,952 - INFO - *****STOP GROWING RR RULE*****
2026-04-14 12:58:47,952 - INFO - ***RR NOT FOUND***
2026-04-14 12:58:47,955 - INFO - Iteracja 4: condition_best: Interval = {2}, quality_best: 0.219, coverage_best: (p=5, n=3, P=199, N=377)
2026-04-14 12:58:47,955 - INFO - Regula po iteracji 4: IF Rows = {2} AND Columns = {3} AND Halfplot = {1} AND Method = {1} AND Interval = {2} THEN class = {15.88} [15.28, 16.47], (p=5, n=3, P=199, N=377)
2026-04-14 12:58:47,956 - INFO - *****GROWING RR RULE*****
2026-04-14 12:58:47,962 - INFO - Iteracja 0: condition_best: None, quality_best: -inf, coverage_best: (p=0, n=0, P=0, N=0), p_value: 0
2026-04-14 12:58:47,962 - INFO - Regula po iteracji 0: IF  THEN class = {15.07} [14.25, 15.90], (p=370, n=206, P=370, N=206)
2026-04-14 12:58:47,962 - INFO - *****STOP GROWING RR RULE*****
2026-04-14 12:58:47,962 - INFO - ***RR NOT FOUND***
2026-04-14 12:58:47,962 - INFO - *******STOP GROWING CR RULE*******
2026-04-14 12:58:47,967 - INFO - *******GROWING CR RULE*******
2026-04-14 12:58:47,971 - INFO - Iteracja 0: condition_best: Rows = {2}, quality_best: 0.14, coverage_best: (p=129, n=63, P=339, N=237)
2026-04-14 12:58:47,971 - INFO - Regula po iteracji 0: IF Rows = {2} THEN class = {15.40} [14.63, 16.18], (p=129, n=63, P=339, N=237)
2026-04-14 12:58:47,972 - INFO - *****GROWING RR RULE*****
2026-04-14 12:58:47,978 - INFO - Iteracja 0: condition_best: None, quality_best: -inf, coverage_best: (p=0, n=0, P=0, N=0), p_value: 0
2026-04-14 12:58:47,978 - INFO - Regula po iteracji 0: IF  THEN class = {15.07} [14.25, 15.90], (p=370, n=206, P=370, N=206)
2026-04-14 12:58:47,978 - INFO - *****STOP GROWING RR RULE*****
2026-04-14 12:58:47,978 - INFO - ***RR NOT FOUND***
2026-04-14 12:58:47,981 - INFO - Iteracja 1: condition_best: Judges = {1}, quality_best: 0.293, coverage_best: (p=26, n=6, P=339, N=237)
2026-04-14 12:58:47,981 - INFO - Regula po iteracji 1: IF Rows = {2} AND Judges = {1} THEN class = {15.58} [14.93, 16.23], (p=26, n=6, P=339, N=237)
2026-04-14 12:58:47,982 - INFO - *****GROWING RR RULE*****
2026-04-14 12:58:47,987 - INFO - Iteracja 0: condition_best: None, quality_best: -inf, coverage_best: (p=0, n=0, P=0, N=0), p_value: 0
2026-04-14 12:58:47,988 - INFO - Regula po iteracji 0: IF  THEN class = {15.07} [14.25, 15.90], (p=370, n=206, P=370, N=206)
2026-04-14 12:58:47,988 - INFO - *****STOP GROWING RR RULE*****
2026-04-14 12:58:47,988 - INFO - ***RR NOT FOUND***
2026-04-14 12:58:47,990 - INFO - Iteracja 2: condition_best: Position = {1}, quality_best: 0.318, coverage_best: (p=6, n=2, P=199, N=377)
2026-04-14 12:58:47,990 - INFO - Regula po iteracji 2: IF Rows = {2} AND Judges = {1} AND Position = {1} THEN class = {15.69} [15.26, 16.12], (p=6, n=2, P=199, N=377)
2026-04-14 12:58:47,991 - INFO - *****GROWING RR RULE*****
2026-04-14 12:58:47,996 - INFO - Iteracja 0: condition_best: None, quality_best: -inf, coverage_best: (p=0, n=0, P=0, N=0), p_value: 0
2026-04-14 12:58:47,996 - INFO - Regula po iteracji 0: IF  THEN class = {15.07} [14.25, 15.90], (p=370, n=206, P=370, N=206)
2026-04-14 12:58:47,997 - INFO - *****STOP GROWING RR RULE*****
2026-04-14 12:58:47,997 - INFO - ***RR NOT FOUND***
2026-04-14 12:58:47,999 - INFO - Iteracja 3: condition_best: None, quality_best: -inf, coverage_best: (p=0, n=0, P=0, N=0)
2026-04-14 12:58:47,999 - INFO - Regula po iteracji 3: IF Rows = {2} AND Judges = {1} AND Position = {1} THEN class = {15.69} [15.26, 16.12], (p=6, n=2, P=199, N=377)
2026-04-14 12:58:47,999 - INFO - *******STOP GROWING CR RULE*******
2026-04-14 12:58:48,003 - INFO - *******GROWING CR RULE*******
2026-04-14 12:58:48,007 - INFO - Iteracja 0: condition_best: Rows = {2}, quality_best: 0.14, coverage_best: (p=129, n=63, P=339, N=237)
2026-04-14 12:58:48,007 - INFO - Regula po iteracji 0: IF Rows = {2} THEN class = {15.40} [14.63, 16.18], (p=129, n=63, P=339, N=237)
2026-04-14 12:58:48,007 - INFO - *****GROWING RR RULE*****
2026-04-14 12:58:48,013 - INFO - Iteracja 0: condition_best: None, quality_best: -inf, coverage_best: (p=0, n=0, P=0, N=0), p_value: 0
2026-04-14 12:58:48,013 - INFO - Regula po iteracji 0: IF  THEN class = {15.07} [14.25, 15.90], (p=370, n=206, P=370, N=206)
2026-04-14 12:58:48,014 - INFO - *****STOP GROWING RR RULE*****
2026-04-14 12:58:48,014 - INFO - ***RR NOT FOUND***
2026-04-14 12:58:48,016 - INFO - Iteracja 1: condition_best: Judges = {1}, quality_best: 0.293, coverage_best: (p=26, n=6, P=339, N=237)
2026-04-14 12:58:48,016 - INFO - Regula po iteracji 1: IF Rows = {2} AND Judges = {1} THEN class = {15.58} [14.93, 16.23], (p=26, n=6, P=339, N=237)
2026-04-14 12:58:48,017 - INFO - *****GROWING RR RULE*****
2026-04-14 12:58:48,023 - INFO - Iteracja 0: condition_best: None, quality_best: -inf, coverage_best: (p=0, n=0, P=0, N=0), p_value: 0
2026-04-14 12:58:48,023 - INFO - Regula po iteracji 0: IF  THEN class = {15.07} [14.25, 15.90], (p=370, n=206, P=370, N=206)
2026-04-14 12:58:48,023 - INFO - *****STOP GROWING RR RULE*****
2026-04-14 12:58:48,023 - INFO - ***RR NOT FOUND***
2026-04-14 12:58:48,025 - INFO - Iteracja 2: condition_best: Occasion = {1}, quality_best: 0.283, coverage_best: (p=13, n=3, P=339, N=237)
2026-04-14 12:58:48,025 - INFO - Regula po iteracji 2: IF Rows = {2} AND Judges = {1} AND Occasion = {1} THEN class = {15.44} [14.85, 16.02], (p=13, n=3, P=339, N=237)
2026-04-14 12:58:48,026 - INFO - *****GROWING RR RULE*****
2026-04-14 12:58:48,032 - INFO - Iteracja 0: condition_best: None, quality_best: -inf, coverage_best: (p=0, n=0, P=0, N=0), p_value: 0
2026-04-14 12:58:48,032 - INFO - Regula po iteracji 0: IF  THEN class = {15.07} [14.25, 15.90], (p=370, n=206, P=370, N=206)
2026-04-14 12:58:48,032 - INFO - *****STOP GROWING RR RULE*****
2026-04-14 12:58:48,032 - INFO - ***RR NOT FOUND***
2026-04-14 12:58:48,034 - INFO - Iteracja 3: condition_best: Halfplot = {1}, quality_best: 0.396, coverage_best: (p=7, n=1, P=261, N=315)
2026-04-14 12:58:48,034 - INFO - Regula po iteracji 3: IF Rows = {2} AND Judges = {1} AND Occasion = {1} AND Halfplot = {1} THEN class = {15.31} [14.96, 15.66], (p=7, n=1, P=261, N=315)
2026-04-14 12:58:48,035 - INFO - *****GROWING RR RULE*****
2026-04-14 12:58:48,041 - INFO - Iteracja 0: condition_best: None, quality_best: -inf, coverage_best: (p=0, n=0, P=0, N=0), p_value: 0
2026-04-14 12:58:48,041 - INFO - Regula po iteracji 0: IF  THEN class = {15.07} [14.25, 15.90], (p=370, n=206, P=370, N=206)
2026-04-14 12:58:48,041 - INFO - *****STOP GROWING RR RULE*****
2026-04-14 12:58:48,041 - INFO - ***RR NOT FOUND***
2026-04-14 12:58:48,043 - INFO - Iteracja 4: condition_best: Interval = {3}, quality_best: 0.396, coverage_best: (p=7, n=1, P=261, N=315)
2026-04-14 12:58:48,043 - INFO - Regula po iteracji 4: IF Rows = {2} AND Judges = {1} AND Occasion = {1} AND Halfplot = {1} AND Interval = {3} THEN class = {15.31} [14.96, 15.66], (p=7, n=1, P=261, N=315)
2026-04-14 12:58:48,044 - INFO - *****GROWING RR RULE*****
2026-04-14 12:58:48,050 - INFO - Iteracja 0: condition_best: None, quality_best: -inf, coverage_best: (p=0, n=0, P=0, N=0), p_value: 0
2026-04-14 12:58:48,050 - INFO - Regula po iteracji 0: IF  THEN class = {15.07} [14.25, 15.90], (p=370, n=206, P=370, N=206)
2026-04-14 12:58:48,050 - INFO - *****STOP GROWING RR RULE*****
2026-04-14 12:58:48,050 - INFO - ***RR NOT FOUND***
2026-04-14 12:58:48,050 - INFO - *******STOP GROWING CR RULE*******
2026-04-14 12:58:48,055 - INFO - *******GROWING CR RULE*******
2026-04-14 12:58:48,059 - INFO - Iteracja 0: condition_best: Rows = {2}, quality_best: 0.14, coverage_best: (p=129, n=63, P=339, N=237)
2026-04-14 12:58:48,059 - INFO - Regula po iteracji 0: IF Rows = {2} THEN class = {15.40} [14.63, 16.18], (p=129, n=63, P=339, N=237)
2026-04-14 12:58:48,059 - INFO - *****GROWING RR RULE*****
2026-04-14 12:58:48,065 - INFO - Iteracja 0: condition_best: None, quality_best: -inf, coverage_best: (p=0, n=0, P=0, N=0), p_value: 0
2026-04-14 12:58:48,065 - INFO - Regula po iteracji 0: IF  THEN class = {15.07} [14.25, 15.90], (p=370, n=206, P=370, N=206)
2026-04-14 12:58:48,065 - INFO - *****STOP GROWING RR RULE*****
2026-04-14 12:58:48,065 - INFO - ***RR NOT FOUND***
2026-04-14 12:58:48,068 - INFO - Iteracja 1: condition_best: Judges = {1}, quality_best: 0.293, coverage_best: (p=26, n=6, P=339, N=237)
2026-04-14 12:58:48,068 - INFO - Regula po iteracji 1: IF Rows = {2} AND Judges = {1} THEN class = {15.58} [14.93, 16.23], (p=26, n=6, P=339, N=237)
2026-04-14 12:58:48,069 - INFO - *****GROWING RR RULE*****
2026-04-14 12:58:48,075 - INFO - Iteracja 0: condition_best: None, quality_best: -inf, coverage_best: (p=0, n=0, P=0, N=0), p_value: 0
2026-04-14 12:58:48,075 - INFO - Regula po iteracji 0: IF  THEN class = {15.07} [14.25, 15.90], (p=370, n=206, P=370, N=206)
2026-04-14 12:58:48,075 - INFO - *****STOP GROWING RR RULE*****
2026-04-14 12:58:48,075 - INFO - ***RR NOT FOUND***
2026-04-14 12:58:48,077 - INFO - Iteracja 2: condition_best: Occasion = {2}, quality_best: 0.224, coverage_best: (p=10, n=6, P=199, N=377)
2026-04-14 12:58:48,077 - INFO - Regula po iteracji 2: IF Rows = {2} AND Judges = {1} AND Occasion = {2} THEN class = {15.72} [15.03, 16.40], (p=10, n=6, P=199, N=377)
2026-04-14 12:58:48,078 - INFO - *****GROWING RR RULE*****
2026-04-14 12:58:48,084 - INFO - Iteracja 0: condition_best: None, quality_best: -inf, coverage_best: (p=0, n=0, P=0, N=0), p_value: 0
2026-04-14 12:58:48,084 - INFO - Regula po iteracji 0: IF  THEN class = {15.07} [14.25, 15.90], (p=370, n=206, P=370, N=206)
2026-04-14 12:58:48,084 - INFO - *****STOP GROWING RR RULE*****
2026-04-14 12:58:48,084 - INFO - ***RR NOT FOUND***
2026-04-14 12:58:48,086 - INFO - Iteracja 3: condition_best: Interval = {2}, quality_best: 0.224, coverage_best: (p=10, n=6, P=199, N=377)
2026-04-14 12:58:48,086 - INFO - Regula po iteracji 3: IF Rows = {2} AND Judges = {1} AND Occasion = {2} AND Interval = {2} THEN class = {15.72} [15.03, 16.40], (p=10, n=6, P=199, N=377)
2026-04-14 12:58:48,087 - INFO - *****GROWING RR RULE*****
2026-04-14 12:58:48,093 - INFO - Iteracja 0: condition_best: None, quality_best: -inf, coverage_best: (p=0, n=0, P=0, N=0), p_value: 0
2026-04-14 12:58:48,093 - INFO - Regula po iteracji 0: IF  THEN class = {15.07} [14.25, 15.90], (p=370, n=206, P=370, N=206)
2026-04-14 12:58:48,093 - INFO - *****STOP GROWING RR RULE*****
2026-04-14 12:58:48,093 - INFO - ***RR NOT FOUND***
2026-04-14 12:58:48,095 - INFO - Iteracja 4: condition_best: Squares = {2}, quality_best: 0.224, coverage_best: (p=10, n=6, P=199, N=377)
2026-04-14 12:58:48,095 - INFO - Regula po iteracji 4: IF Rows = {2} AND Judges = {1} AND Occasion = {2} AND Interval = {2} AND Squares = {2} THEN class = {15.72} [15.03, 16.40], (p=10, n=6, P=199, N=377)
2026-04-14 12:58:48,096 - INFO - *****GROWING RR RULE*****
2026-04-14 12:58:48,102 - INFO - Iteracja 0: condition_best: None, quality_best: -inf, coverage_best: (p=0, n=0, P=0, N=0), p_value: 0
2026-04-14 12:58:48,102 - INFO - Regula po iteracji 0: IF  THEN class = {15.07} [14.25, 15.90], (p=370, n=206, P=370, N=206)
2026-04-14 12:58:48,102 - INFO - *****STOP GROWING RR RULE*****
2026-04-14 12:58:48,102 - INFO - ***RR NOT FOUND***
2026-04-14 12:58:48,102 - INFO - *******STOP GROWING CR RULE*******
2026-04-14 12:58:48,107 - INFO - *******GROWING CR RULE*******
2026-04-14 12:58:48,111 - INFO - Iteracja 0: condition_best: Rows = {2}, quality_best: 0.14, coverage_best: (p=129, n=63, P=339, N=237)
2026-04-14 12:58:48,111 - INFO - Regula po iteracji 0: IF Rows = {2} THEN class = {15.40} [14.63, 16.18], (p=129, n=63, P=339, N=237)
2026-04-14 12:58:48,111 - INFO - *****GROWING RR RULE*****
2026-04-14 12:58:48,117 - INFO - Iteracja 0: condition_best: None, quality_best: -inf, coverage_best: (p=0, n=0, P=0, N=0), p_value: 0
2026-04-14 12:58:48,117 - INFO - Regula po iteracji 0: IF  THEN class = {15.07} [14.25, 15.90], (p=370, n=206, P=370, N=206)
2026-04-14 12:58:48,117 - INFO - *****STOP GROWING RR RULE*****
2026-04-14 12:58:48,118 - INFO - ***RR NOT FOUND***
2026-04-14 12:58:48,120 - INFO - Iteracja 1: condition_best: Interval = {2}, quality_best: 0.197, coverage_best: (p=49, n=15, P=369, N=207)
2026-04-14 12:58:48,120 - INFO - Regula po iteracji 1: IF Rows = {2} AND Interval = {2} THEN class = {15.63} [14.75, 16.51], (p=49, n=15, P=369, N=207)
2026-04-14 12:58:48,121 - INFO - *****GROWING RR RULE*****
2026-04-14 12:58:48,127 - INFO - Iteracja 0: condition_best: None, quality_best: -inf, coverage_best: (p=0, n=0, P=0, N=0), p_value: 0
2026-04-14 12:58:48,127 - INFO - Regula po iteracji 0: IF  THEN class = {15.07} [14.25, 15.90], (p=370, n=206, P=370, N=206)
2026-04-14 12:58:48,127 - INFO - *****STOP GROWING RR RULE*****
2026-04-14 12:58:48,127 - INFO - ***RR NOT FOUND***
2026-04-14 12:58:48,129 - INFO - Iteracja 2: condition_best: Columns = {1}, quality_best: 0.362, coverage_best: (p=14, n=2, P=339, N=237)
2026-04-14 12:58:48,129 - INFO - Regula po iteracji 2: IF Rows = {2} AND Interval = {2} AND Columns = {1} THEN class = {15.41} [14.69, 16.12], (p=14, n=2, P=339, N=237)
2026-04-14 12:58:48,130 - INFO - *****GROWING RR RULE*****
2026-04-14 12:58:48,136 - INFO - Iteracja 0: condition_best: None, quality_best: -inf, coverage_best: (p=0, n=0, P=0, N=0), p_value: 0
2026-04-14 12:58:48,136 - INFO - Regula po iteracji 0: IF  THEN class = {15.07} [14.25, 15.90], (p=370, n=206, P=370, N=206)
2026-04-14 12:58:48,136 - INFO - *****STOP GROWING RR RULE*****
2026-04-14 12:58:48,136 - INFO - ***RR NOT FOUND***
2026-04-14 12:58:48,138 - INFO - Iteracja 3: condition_best: Halfplot = {2}, quality_best: 0.19, coverage_best: (p=4, n=4, P=121, N=455)
2026-04-14 12:58:48,138 - INFO - Regula po iteracji 3: IF Rows = {2} AND Interval = {2} AND Columns = {1} AND Halfplot = {2} THEN class = {15.62} [15.29, 15.96], (p=4, n=4, P=121, N=455)
2026-04-14 12:58:48,139 - INFO - *****GROWING RR RULE*****
2026-04-14 12:58:48,145 - INFO - Iteracja 0: condition_best: None, quality_best: -inf, coverage_best: (p=0, n=0, P=0, N=0), p_value: 0
2026-04-14 12:58:48,145 - INFO - Regula po iteracji 0: IF  THEN class = {15.07} [14.25, 15.90], (p=370, n=206, P=370, N=206)
2026-04-14 12:58:48,145 - INFO - *****STOP GROWING RR RULE*****
2026-04-14 12:58:48,145 - INFO - ***RR NOT FOUND***
2026-04-14 12:58:48,147 - INFO - Iteracja 4: condition_best: Method = {2}, quality_best: 0.19, coverage_best: (p=4, n=4, P=121, N=455)
2026-04-14 12:58:48,147 - INFO - Regula po iteracji 4: IF Rows = {2} AND Interval = {2} AND Columns = {1} AND Halfplot = {2} AND Method = {2} THEN class = {15.62} [15.29, 15.96], (p=4, n=4, P=121, N=455)
2026-04-14 12:58:48,148 - INFO - *****GROWING RR RULE*****
2026-04-14 12:58:48,154 - INFO - Iteracja 0: condition_best: None, quality_best: -inf, coverage_best: (p=0, n=0, P=0, N=0), p_value: 0
2026-04-14 12:58:48,154 - INFO - Regula po iteracji 0: IF  THEN class = {15.07} [14.25, 15.90], (p=370, n=206, P=370, N=206)
2026-04-14 12:58:48,154 - INFO - *****STOP GROWING RR RULE*****
2026-04-14 12:58:48,154 - INFO - ***RR NOT FOUND***
2026-04-14 12:58:48,154 - INFO - *******STOP GROWING CR RULE*******
2026-04-14 12:58:48,159 - INFO - *******GROWING CR RULE*******
2026-04-14 12:58:48,163 - INFO - Iteracja 0: condition_best: Rows = {2}, quality_best: 0.14, coverage_best: (p=129, n=63, P=339, N=237)
2026-04-14 12:58:48,163 - INFO - Regula po iteracji 0: IF Rows = {2} THEN class = {15.40} [14.63, 16.18], (p=129, n=63, P=339, N=237)
2026-04-14 12:58:48,163 - INFO - *****GROWING RR RULE*****
2026-04-14 12:58:48,169 - INFO - Iteracja 0: condition_best: None, quality_best: -inf, coverage_best: (p=0, n=0, P=0, N=0), p_value: 0
2026-04-14 12:58:48,169 - INFO - Regula po iteracji 0: IF  THEN class = {15.07} [14.25, 15.90], (p=370, n=206, P=370, N=206)
2026-04-14 12:58:48,170 - INFO - *****STOP GROWING RR RULE*****
2026-04-14 12:58:48,170 - INFO - ***RR NOT FOUND***
2026-04-14 12:58:48,172 - INFO - Iteracja 1: condition_best: Interval = {2}, quality_best: 0.197, coverage_best: (p=49, n=15, P=369, N=207)
2026-04-14 12:58:48,172 - INFO - Regula po iteracji 1: IF Rows = {2} AND Interval = {2} THEN class = {15.63} [14.75, 16.51], (p=49, n=15, P=369, N=207)
2026-04-14 12:58:48,173 - INFO - *****GROWING RR RULE*****
2026-04-14 12:58:48,179 - INFO - Iteracja 0: condition_best: None, quality_best: -inf, coverage_best: (p=0, n=0, P=0, N=0), p_value: 0
2026-04-14 12:58:48,179 - INFO - Regula po iteracji 0: IF  THEN class = {15.07} [14.25, 15.90], (p=370, n=206, P=370, N=206)
2026-04-14 12:58:48,179 - INFO - *****STOP GROWING RR RULE*****
2026-04-14 12:58:48,179 - INFO - ***RR NOT FOUND***
2026-04-14 12:58:48,181 - INFO - Iteracja 2: condition_best: Columns = {1}, quality_best: 0.362, coverage_best: (p=14, n=2, P=339, N=237)
2026-04-14 12:58:48,181 - INFO - Regula po iteracji 2: IF Rows = {2} AND Interval = {2} AND Columns = {1} THEN class = {15.41} [14.69, 16.12], (p=14, n=2, P=339, N=237)
2026-04-14 12:58:48,182 - INFO - *****GROWING RR RULE*****
2026-04-14 12:58:48,188 - INFO - Iteracja 0: condition_best: None, quality_best: -inf, coverage_best: (p=0, n=0, P=0, N=0), p_value: 0
2026-04-14 12:58:48,188 - INFO - Regula po iteracji 0: IF  THEN class = {15.07} [14.25, 15.90], (p=370, n=206, P=370, N=206)
2026-04-14 12:58:48,188 - INFO - *****STOP GROWING RR RULE*****
2026-04-14 12:58:48,188 - INFO - ***RR NOT FOUND***
2026-04-14 12:58:48,190 - INFO - Iteracja 3: condition_best: Halfplot = {1}, quality_best: -0.063, coverage_best: (p=6, n=2, P=448, N=128)
2026-04-14 12:58:48,190 - INFO - Regula po iteracji 3: IF Rows = {2} AND Interval = {2} AND Columns = {1} AND Halfplot = {1} THEN class = {15.19} [14.29, 16.09], (p=6, n=2, P=448, N=128)
2026-04-14 12:58:48,191 - INFO - *****GROWING RR RULE*****
2026-04-14 12:58:48,200 - INFO - Iteracja 0: condition_best: None, quality_best: -inf, coverage_best: (p=0, n=0, P=0, N=0), p_value: 0
2026-04-14 12:58:48,201 - INFO - Regula po iteracji 0: IF  THEN class = {15.07} [14.25, 15.90], (p=370, n=206, P=370, N=206)
2026-04-14 12:58:48,201 - INFO - *****STOP GROWING RR RULE*****
2026-04-14 12:58:48,201 - INFO - ***RR NOT FOUND***
2026-04-14 12:58:48,203 - INFO - Iteracja 4: condition_best: Method = {1}, quality_best: -0.063, coverage_best: (p=6, n=2, P=448, N=128)
2026-04-14 12:58:48,203 - INFO - Regula po iteracji 4: IF Rows = {2} AND Interval = {2} AND Columns = {1} AND Halfplot = {1} AND Method = {1} THEN class = {15.19} [14.29, 16.09], (p=6, n=2, P=448, N=128)
2026-04-14 12:58:48,204 - INFO - *****GROWING RR RULE*****
2026-04-14 12:58:48,213 - INFO - Iteracja 0: condition_best: None, quality_best: -inf, coverage_best: (p=0, n=0, P=0, N=0), p_value: 0
2026-04-14 12:58:48,213 - INFO - Regula po iteracji 0: IF  THEN class = {15.07} [14.25, 15.90], (p=370, n=206, P=370, N=206)
2026-04-14 12:58:48,213 - INFO - *****STOP GROWING RR RULE*****
2026-04-14 12:58:48,213 - INFO - ***RR NOT FOUND***
2026-04-14 12:58:48,213 - INFO - *******STOP GROWING CR RULE*******
2026-04-14 12:58:48,218 - INFO - *******GROWING CR RULE*******
2026-04-14 12:58:48,222 - INFO - Iteracja 0: condition_best: Rows = {2}, quality_best: 0.14, coverage_best: (p=129, n=63, P=339, N=237)
2026-04-14 12:58:48,222 - INFO - Regula po iteracji 0: IF Rows = {2} THEN class = {15.40} [14.63, 16.18], (p=129, n=63, P=339, N=237)
2026-04-14 12:58:48,223 - INFO - *****GROWING RR RULE*****
2026-04-14 12:58:48,228 - INFO - Iteracja 0: condition_best: None, quality_best: -inf, coverage_best: (p=0, n=0, P=0, N=0), p_value: 0
2026-04-14 12:58:48,228 - INFO - Regula po iteracji 0: IF  THEN class = {15.07} [14.25, 15.90], (p=370, n=206, P=370, N=206)
2026-04-14 12:58:48,229 - INFO - *****STOP GROWING RR RULE*****
2026-04-14 12:58:48,229 - INFO - ***RR NOT FOUND***
2026-04-14 12:58:48,231 - INFO - Iteracja 1: condition_best: Interval = {2}, quality_best: 0.197, coverage_best: (p=49, n=15, P=369, N=207)
2026-04-14 12:58:48,232 - INFO - Regula po iteracji 1: IF Rows = {2} AND Interval = {2} THEN class = {15.63} [14.75, 16.51], (p=49, n=15, P=369, N=207)
2026-04-14 12:58:48,232 - INFO - *****GROWING RR RULE*****
2026-04-14 12:58:48,238 - INFO - Iteracja 0: condition_best: None, quality_best: -inf, coverage_best: (p=0, n=0, P=0, N=0), p_value: 0
2026-04-14 12:58:48,238 - INFO - Regula po iteracji 0: IF  THEN class = {15.07} [14.25, 15.90], (p=370, n=206, P=370, N=206)
2026-04-14 12:58:48,238 - INFO - *****STOP GROWING RR RULE*****
2026-04-14 12:58:48,238 - INFO - ***RR NOT FOUND***
2026-04-14 12:58:48,240 - INFO - Iteracja 2: condition_best: Judges = {4}, quality_best: 0.308, coverage_best: (p=12, n=4, P=229, N=347)
2026-04-14 12:58:48,241 - INFO - Regula po iteracji 2: IF Rows = {2} AND Interval = {2} AND Judges = {4} THEN class = {15.88} [15.20, 16.55], (p=12, n=4, P=229, N=347)
2026-04-14 12:58:48,241 - INFO - *****GROWING RR RULE*****
2026-04-14 12:58:48,249 - INFO - Iteracja 0: condition_best: Trellis = {3}, quality_best: 0.0, coverage_best: (p=112, n=32, P=448, N=128), p_value: 4
2026-04-14 12:58:48,249 - INFO - Regula po iteracji 0: IF Trellis = {3} THEN class = {15.07} [14.25, 15.90], (p=112, n=32, P=448, N=128)
2026-04-14 12:58:48,253 - INFO - Iteracja 1: condition_best: None, quality_best: -inf, coverage_best: (p=0, n=0, P=0, N=0), p_value: 4
2026-04-14 12:58:48,253 - INFO - Regula po iteracji 1: IF Trellis = {3} THEN class = {15.28} [14.48, 16.09], (p=112, n=32, P=448, N=128)
2026-04-14 12:58:48,253 - INFO - *****STOP GROWING RR RULE*****
2026-04-14 12:58:48,253 - INFO - ***RR FOUND***
2026-04-14 12:58:48,253 - INFO - Reference rule: IF Trellis = {3} THEN class = {15.28} [14.48, 16.09]
2026-04-14 12:58:48,253 - INFO - ***CHECKING EXCEPTION***
2026-04-14 12:58:48,256 - INFO - *******STOP GROWING CR RULE*******
2026-04-14 12:58:48,260 - INFO - *******GROWING CR RULE*******
2026-04-14 12:58:48,264 - INFO - Iteracja 0: condition_best: Rows = {2}, quality_best: 0.14, coverage_best: (p=129, n=63, P=339, N=237)
2026-04-14 12:58:48,264 - INFO - Regula po iteracji 0: IF Rows = {2} THEN class = {15.40} [14.63, 16.18], (p=129, n=63, P=339, N=237)
2026-04-14 12:58:48,265 - INFO - *****GROWING RR RULE*****
2026-04-14 12:58:48,271 - INFO - Iteracja 0: condition_best: None, quality_best: -inf, coverage_best: (p=0, n=0, P=0, N=0), p_value: 0
2026-04-14 12:58:48,271 - INFO - Regula po iteracji 0: IF  THEN class = {15.07} [14.25, 15.90], (p=370, n=206, P=370, N=206)
2026-04-14 12:58:48,271 - INFO - *****STOP GROWING RR RULE*****
2026-04-14 12:58:48,271 - INFO - ***RR NOT FOUND***
2026-04-14 12:58:48,274 - INFO - Iteracja 1: condition_best: Interval = {2}, quality_best: 0.197, coverage_best: (p=49, n=15, P=369, N=207)
2026-04-14 12:58:48,274 - INFO - Regula po iteracji 1: IF Rows = {2} AND Interval = {2} THEN class = {15.63} [14.75, 16.51], (p=49, n=15, P=369, N=207)
2026-04-14 12:58:48,274 - INFO - *****GROWING RR RULE*****
2026-04-14 12:58:48,280 - INFO - Iteracja 0: condition_best: None, quality_best: -inf, coverage_best: (p=0, n=0, P=0, N=0), p_value: 0
2026-04-14 12:58:48,280 - INFO - Regula po iteracji 0: IF  THEN class = {15.07} [14.25, 15.90], (p=370, n=206, P=370, N=206)
2026-04-14 12:58:48,280 - INFO - *****STOP GROWING RR RULE*****
2026-04-14 12:58:48,280 - INFO - ***RR NOT FOUND***
2026-04-14 12:58:48,283 - INFO - Iteracja 2: condition_best: Trellis = {2}, quality_best: 0.203, coverage_best: (p=12, n=4, P=339, N=237)
2026-04-14 12:58:48,283 - INFO - Regula po iteracji 2: IF Rows = {2} AND Interval = {2} AND Trellis = {2} THEN class = {15.41} [14.67, 16.14], (p=12, n=4, P=339, N=237)
2026-04-14 12:58:48,283 - INFO - *****GROWING RR RULE*****
2026-04-14 12:58:48,289 - INFO - Iteracja 0: condition_best: None, quality_best: -inf, coverage_best: (p=0, n=0, P=0, N=0), p_value: 0
2026-04-14 12:58:48,289 - INFO - Regula po iteracji 0: IF  THEN class = {15.07} [14.25, 15.90], (p=370, n=206, P=370, N=206)
2026-04-14 12:58:48,289 - INFO - *****STOP GROWING RR RULE*****
2026-04-14 12:58:48,289 - INFO - ***RR NOT FOUND***
2026-04-14 12:58:48,291 - INFO - Iteracja 3: condition_best: Occasion = {1}, quality_best: -0.063, coverage_best: (p=6, n=2, P=448, N=128)
2026-04-14 12:58:48,291 - INFO - Regula po iteracji 3: IF Rows = {2} AND Interval = {2} AND Trellis = {2} AND Occasion = {1} THEN class = {15.19} [14.29, 16.09], (p=6, n=2, P=448, N=128)
2026-04-14 12:58:48,292 - INFO - *****GROWING RR RULE*****
2026-04-14 12:58:48,298 - INFO - Iteracja 0: condition_best: None, quality_best: -inf, coverage_best: (p=0, n=0, P=0, N=0), p_value: 0
2026-04-14 12:58:48,298 - INFO - Regula po iteracji 0: IF  THEN class = {15.07} [14.25, 15.90], (p=370, n=206, P=370, N=206)
2026-04-14 12:58:48,298 - INFO - *****STOP GROWING RR RULE*****
2026-04-14 12:58:48,298 - INFO - ***RR NOT FOUND***
2026-04-14 12:58:48,300 - INFO - Iteracja 4: condition_best: Squares = {1}, quality_best: -0.063, coverage_best: (p=6, n=2, P=448, N=128)
2026-04-14 12:58:48,300 - INFO - Regula po iteracji 4: IF Rows = {2} AND Interval = {2} AND Trellis = {2} AND Occasion = {1} AND Squares = {1} THEN class = {15.19} [14.29, 16.09], (p=6, n=2, P=448, N=128)
2026-04-14 12:58:48,301 - INFO - *****GROWING RR RULE*****
2026-04-14 12:58:48,307 - INFO - Iteracja 0: condition_best: None, quality_best: -inf, coverage_best: (p=0, n=0, P=0, N=0), p_value: 0
2026-04-14 12:58:48,307 - INFO - Regula po iteracji 0: IF  THEN class = {15.07} [14.25, 15.90], (p=370, n=206, P=370, N=206)
2026-04-14 12:58:48,307 - INFO - *****STOP GROWING RR RULE*****
2026-04-14 12:58:48,308 - INFO - ***RR NOT FOUND***
2026-04-14 12:58:48,308 - INFO - *******STOP GROWING CR RULE*******
2026-04-14 12:58:48,312 - INFO - *******GROWING CR RULE*******
2026-04-14 12:58:48,316 - INFO - Iteracja 0: condition_best: Rows = {2}, quality_best: 0.14, coverage_best: (p=129, n=63, P=339, N=237)
2026-04-14 12:58:48,316 - INFO - Regula po iteracji 0: IF Rows = {2} THEN class = {15.40} [14.63, 16.18], (p=129, n=63, P=339, N=237)
2026-04-14 12:58:48,316 - INFO - *****GROWING RR RULE*****
2026-04-14 12:58:48,322 - INFO - Iteracja 0: condition_best: None, quality_best: -inf, coverage_best: (p=0, n=0, P=0, N=0), p_value: 0
2026-04-14 12:58:48,322 - INFO - Regula po iteracji 0: IF  THEN class = {15.07} [14.25, 15.90], (p=370, n=206, P=370, N=206)
2026-04-14 12:58:48,323 - INFO - *****STOP GROWING RR RULE*****
2026-04-14 12:58:48,323 - INFO - ***RR NOT FOUND***
2026-04-14 12:58:48,325 - INFO - Iteracja 1: condition_best: Interval = {2}, quality_best: 0.197, coverage_best: (p=49, n=15, P=369, N=207)
2026-04-14 12:58:48,325 - INFO - Regula po iteracji 1: IF Rows = {2} AND Interval = {2} THEN class = {15.63} [14.75, 16.51], (p=49, n=15, P=369, N=207)
2026-04-14 12:58:48,326 - INFO - *****GROWING RR RULE*****
2026-04-14 12:58:48,332 - INFO - Iteracja 0: condition_best: None, quality_best: -inf, coverage_best: (p=0, n=0, P=0, N=0), p_value: 0
2026-04-14 12:58:48,332 - INFO - Regula po iteracji 0: IF  THEN class = {15.07} [14.25, 15.90], (p=370, n=206, P=370, N=206)
2026-04-14 12:58:48,332 - INFO - *****STOP GROWING RR RULE*****
2026-04-14 12:58:48,332 - INFO - ***RR NOT FOUND***
2026-04-14 12:58:48,334 - INFO - Iteracja 2: condition_best: Trellis = {1}, quality_best: 0.157, coverage_best: (p=12, n=4, P=369, N=207)
2026-04-14 12:58:48,334 - INFO - Regula po iteracji 2: IF Rows = {2} AND Interval = {2} AND Trellis = {1} THEN class = {15.62} [14.68, 16.57], (p=12, n=4, P=369, N=207)
2026-04-14 12:58:48,335 - INFO - *****GROWING RR RULE*****
2026-04-14 12:58:48,341 - INFO - Iteracja 0: condition_best: None, quality_best: -inf, coverage_best: (p=0, n=0, P=0, N=0), p_value: 0
2026-04-14 12:58:48,341 - INFO - Regula po iteracji 0: IF  THEN class = {15.07} [14.25, 15.90], (p=370, n=206, P=370, N=206)
2026-04-14 12:58:48,341 - INFO - *****STOP GROWING RR RULE*****
2026-04-14 12:58:48,341 - INFO - ***RR NOT FOUND***
2026-04-14 12:58:48,343 - INFO - Iteracja 3: condition_best: Occasion = {1}, quality_best: -0.608, coverage_best: (p=5, n=3, P=478, N=98)
2026-04-14 12:58:48,343 - INFO - Regula po iteracji 3: IF Rows = {2} AND Interval = {2} AND Trellis = {1} AND Occasion = {1} THEN class = {15.56} [14.30, 16.82], (p=5, n=3, P=478, N=98)
2026-04-14 12:58:48,344 - INFO - *****GROWING RR RULE*****
2026-04-14 12:58:48,350 - INFO - Iteracja 0: condition_best: None, quality_best: -inf, coverage_best: (p=0, n=0, P=0, N=0), p_value: 0
2026-04-14 12:58:48,350 - INFO - Regula po iteracji 0: IF  THEN class = {15.07} [14.25, 15.90], (p=370, n=206, P=370, N=206)
2026-04-14 12:58:48,350 - INFO - *****STOP GROWING RR RULE*****
2026-04-14 12:58:48,350 - INFO - ***RR NOT FOUND***
2026-04-14 12:58:48,352 - INFO - Iteracja 4: condition_best: Squares = {1}, quality_best: -0.608, coverage_best: (p=5, n=3, P=478, N=98)
2026-04-14 12:58:48,352 - INFO - Regula po iteracji 4: IF Rows = {2} AND Interval = {2} AND Trellis = {1} AND Occasion = {1} AND Squares = {1} THEN class = {15.56} [14.30, 16.82], (p=5, n=3, P=478, N=98)
2026-04-14 12:58:48,353 - INFO - *****GROWING RR RULE*****
2026-04-14 12:58:48,359 - INFO - Iteracja 0: condition_best: None, quality_best: -inf, coverage_best: (p=0, n=0, P=0, N=0), p_value: 0
2026-04-14 12:58:48,359 - INFO - Regula po iteracji 0: IF  THEN class = {15.07} [14.25, 15.90], (p=370, n=206, P=370, N=206)
2026-04-14 12:58:48,359 - INFO - *****STOP GROWING RR RULE*****
2026-04-14 12:58:48,359 - INFO - ***RR NOT FOUND***
2026-04-14 12:58:48,359 - INFO - *******STOP GROWING CR RULE*******
2026-04-14 12:58:48,364 - INFO - *******GROWING CR RULE*******
2026-04-14 12:58:48,368 - INFO - Iteracja 0: condition_best: Rows = {2}, quality_best: 0.14, coverage_best: (p=129, n=63, P=339, N=237)
2026-04-14 12:58:48,368 - INFO - Regula po iteracji 0: IF Rows = {2} THEN class = {15.40} [14.63, 16.18], (p=129, n=63, P=339, N=237)
2026-04-14 12:58:48,368 - INFO - *****GROWING RR RULE*****
2026-04-14 12:58:48,374 - INFO - Iteracja 0: condition_best: None, quality_best: -inf, coverage_best: (p=0, n=0, P=0, N=0), p_value: 0
2026-04-14 12:58:48,374 - INFO - Regula po iteracji 0: IF  THEN class = {15.07} [14.25, 15.90], (p=370, n=206, P=370, N=206)
2026-04-14 12:58:48,375 - INFO - *****STOP GROWING RR RULE*****
2026-04-14 12:58:48,375 - INFO - ***RR NOT FOUND***
2026-04-14 12:58:48,377 - INFO - Iteracja 1: condition_best: Interval = {3}, quality_best: 0.17, coverage_best: (p=48, n=16, P=370, N=206)
2026-04-14 12:58:48,377 - INFO - Regula po iteracji 1: IF Rows = {2} AND Interval = {3} THEN class = {15.11} [14.47, 15.75], (p=48, n=16, P=370, N=206)
2026-04-14 12:58:48,378 - INFO - *****GROWING RR RULE*****
2026-04-14 12:58:48,384 - INFO - Iteracja 0: condition_best: None, quality_best: -inf, coverage_best: (p=0, n=0, P=0, N=0), p_value: 0
2026-04-14 12:58:48,384 - INFO - Regula po iteracji 0: IF  THEN class = {15.07} [14.25, 15.90], (p=370, n=206, P=370, N=206)
2026-04-14 12:58:48,384 - INFO - *****STOP GROWING RR RULE*****
2026-04-14 12:58:48,384 - INFO - ***RR NOT FOUND***
2026-04-14 12:58:48,386 - INFO - Iteracja 2: condition_best: Columns = {2}, quality_best: 0.352, coverage_best: (p=13, n=3, P=249, N=327)
2026-04-14 12:58:48,386 - INFO - Regula po iteracji 2: IF Rows = {2} AND Interval = {3} AND Columns = {2} THEN class = {14.84} [14.46, 15.23], (p=13, n=3, P=249, N=327)
2026-04-14 12:58:48,387 - INFO - *****GROWING RR RULE*****
2026-04-14 12:58:48,393 - INFO - Iteracja 0: condition_best: None, quality_best: -inf, coverage_best: (p=0, n=0, P=0, N=0), p_value: 0
2026-04-14 12:58:48,393 - INFO - Regula po iteracji 0: IF  THEN class = {15.07} [14.25, 15.90], (p=370, n=206, P=370, N=206)
2026-04-14 12:58:48,393 - INFO - *****STOP GROWING RR RULE*****
2026-04-14 12:58:48,393 - INFO - ***RR NOT FOUND***
2026-04-14 12:58:48,395 - INFO - Iteracja 3: condition_best: Halfplot = {1}, quality_best: 0.401, coverage_best: (p=7, n=1, P=249, N=327)
2026-04-14 12:58:48,395 - INFO - Regula po iteracji 3: IF Rows = {2} AND Interval = {3} AND Columns = {2} AND Halfplot = {1} THEN class = {14.69} [14.34, 15.04], (p=7, n=1, P=249, N=327)
2026-04-14 12:58:48,396 - INFO - *****GROWING RR RULE*****
2026-04-14 12:58:48,402 - INFO - Iteracja 0: condition_best: None, quality_best: -inf, coverage_best: (p=0, n=0, P=0, N=0), p_value: 0
2026-04-14 12:58:48,402 - INFO - Regula po iteracji 0: IF  THEN class = {15.07} [14.25, 15.90], (p=370, n=206, P=370, N=206)
2026-04-14 12:58:48,402 - INFO - *****STOP GROWING RR RULE*****
2026-04-14 12:58:48,402 - INFO - ***RR NOT FOUND***
2026-04-14 12:58:48,404 - INFO - Iteracja 4: condition_best: Method = {1}, quality_best: 0.401, coverage_best: (p=7, n=1, P=249, N=327)
2026-04-14 12:58:48,404 - INFO - Regula po iteracji 4: IF Rows = {2} AND Interval = {3} AND Columns = {2} AND Halfplot = {1} AND Method = {1} THEN class = {14.69} [14.34, 15.04], (p=7, n=1, P=249, N=327)
2026-04-14 12:58:48,405 - INFO - *****GROWING RR RULE*****
2026-04-14 12:58:48,411 - INFO - Iteracja 0: condition_best: None, quality_best: -inf, coverage_best: (p=0, n=0, P=0, N=0), p_value: 0
2026-04-14 12:58:48,411 - INFO - Regula po iteracji 0: IF  THEN class = {15.07} [14.25, 15.90], (p=370, n=206, P=370, N=206)
2026-04-14 12:58:48,412 - INFO - *****STOP GROWING RR RULE*****
2026-04-14 12:58:48,412 - INFO - ***RR NOT FOUND***
2026-04-14 12:58:48,412 - INFO - *******STOP GROWING CR RULE*******
2026-04-14 12:58:48,416 - INFO - *******GROWING CR RULE*******
2026-04-14 12:58:48,421 - INFO - Iteracja 0: condition_best: Rows = {2}, quality_best: 0.14, coverage_best: (p=129, n=63, P=339, N=237)
2026-04-14 12:58:48,421 - INFO - Regula po iteracji 0: IF Rows = {2} THEN class = {15.40} [14.63, 16.18], (p=129, n=63, P=339, N=237)
2026-04-14 12:58:48,421 - INFO - *****GROWING RR RULE*****
2026-04-14 12:58:48,427 - INFO - Iteracja 0: condition_best: None, quality_best: -inf, coverage_best: (p=0, n=0, P=0, N=0), p_value: 0
2026-04-14 12:58:48,427 - INFO - Regula po iteracji 0: IF  THEN class = {15.07} [14.25, 15.90], (p=370, n=206, P=370, N=206)
2026-04-14 12:58:48,427 - INFO - *****STOP GROWING RR RULE*****
2026-04-14 12:58:48,427 - INFO - ***RR NOT FOUND***
2026-04-14 12:58:48,430 - INFO - Iteracja 1: condition_best: Interval = {3}, quality_best: 0.17, coverage_best: (p=48, n=16, P=370, N=206)
2026-04-14 12:58:48,430 - INFO - Regula po iteracji 1: IF Rows = {2} AND Interval = {3} THEN class = {15.11} [14.47, 15.75], (p=48, n=16, P=370, N=206)
2026-04-14 12:58:48,430 - INFO - *****GROWING RR RULE*****
2026-04-14 12:58:48,436 - INFO - Iteracja 0: condition_best: None, quality_best: -inf, coverage_best: (p=0, n=0, P=0, N=0), p_value: 0
2026-04-14 12:58:48,436 - INFO - Regula po iteracji 0: IF  THEN class = {15.07} [14.25, 15.90], (p=370, n=206, P=370, N=206)
2026-04-14 12:58:48,436 - INFO - *****STOP GROWING RR RULE*****
2026-04-14 12:58:48,436 - INFO - ***RR NOT FOUND***
2026-04-14 12:58:48,439 - INFO - Iteracja 2: condition_best: Columns = {2}, quality_best: 0.352, coverage_best: (p=13, n=3, P=249, N=327)
2026-04-14 12:58:48,439 - INFO - Regula po iteracji 2: IF Rows = {2} AND Interval = {3} AND Columns = {2} THEN class = {14.84} [14.46, 15.23], (p=13, n=3, P=249, N=327)
2026-04-14 12:58:48,440 - INFO - *****GROWING RR RULE*****
2026-04-14 12:58:48,445 - INFO - Iteracja 0: condition_best: None, quality_best: -inf, coverage_best: (p=0, n=0, P=0, N=0), p_value: 0
2026-04-14 12:58:48,445 - INFO - Regula po iteracji 0: IF  THEN class = {15.07} [14.25, 15.90], (p=370, n=206, P=370, N=206)
2026-04-14 12:58:48,445 - INFO - *****STOP GROWING RR RULE*****
2026-04-14 12:58:48,446 - INFO - ***RR NOT FOUND***
2026-04-14 12:58:48,448 - INFO - Iteracja 3: condition_best: Halfplot = {2}, quality_best: 0.175, coverage_best: (p=4, n=4, P=140, N=436)
2026-04-14 12:58:48,448 - INFO - Regula po iteracji 3: IF Rows = {2} AND Interval = {3} AND Columns = {2} AND Halfplot = {2} THEN class = {15.00} [14.65, 15.35], (p=4, n=4, P=140, N=436)
2026-04-14 12:58:48,449 - INFO - *****GROWING RR RULE*****
2026-04-14 12:58:48,454 - INFO - Iteracja 0: condition_best: None, quality_best: -inf, coverage_best: (p=0, n=0, P=0, N=0), p_value: 0
2026-04-14 12:58:48,454 - INFO - Regula po iteracji 0: IF  THEN class = {15.07} [14.25, 15.90], (p=370, n=206, P=370, N=206)
2026-04-14 12:58:48,455 - INFO - *****STOP GROWING RR RULE*****
2026-04-14 12:58:48,455 - INFO - ***RR NOT FOUND***
2026-04-14 12:58:48,457 - INFO - Iteracja 4: condition_best: Method = {2}, quality_best: 0.175, coverage_best: (p=4, n=4, P=140, N=436)
2026-04-14 12:58:48,457 - INFO - Regula po iteracji 4: IF Rows = {2} AND Interval = {3} AND Columns = {2} AND Halfplot = {2} AND Method = {2} THEN class = {15.00} [14.65, 15.35], (p=4, n=4, P=140, N=436)
2026-04-14 12:58:48,458 - INFO - *****GROWING RR RULE*****
2026-04-14 12:58:48,464 - INFO - Iteracja 0: condition_best: None, quality_best: -inf, coverage_best: (p=0, n=0, P=0, N=0), p_value: 0
2026-04-14 12:58:48,464 - INFO - Regula po iteracji 0: IF  THEN class = {15.07} [14.25, 15.90], (p=370, n=206, P=370, N=206)
2026-04-14 12:58:48,464 - INFO - *****STOP GROWING RR RULE*****
2026-04-14 12:58:48,464 - INFO - ***RR NOT FOUND***
2026-04-14 12:58:48,464 - INFO - *******STOP GROWING CR RULE*******
2026-04-14 12:58:48,468 - INFO - *******GROWING CR RULE*******
2026-04-14 12:58:48,472 - INFO - Iteracja 0: condition_best: Rows = {2}, quality_best: 0.14, coverage_best: (p=129, n=63, P=339, N=237)
2026-04-14 12:58:48,472 - INFO - Regula po iteracji 0: IF Rows = {2} THEN class = {15.40} [14.63, 16.18], (p=129, n=63, P=339, N=237)
2026-04-14 12:58:48,473 - INFO - *****GROWING RR RULE*****
2026-04-14 12:58:48,479 - INFO - Iteracja 0: condition_best: None, quality_best: -inf, coverage_best: (p=0, n=0, P=0, N=0), p_value: 0
2026-04-14 12:58:48,479 - INFO - Regula po iteracji 0: IF  THEN class = {15.07} [14.25, 15.90], (p=370, n=206, P=370, N=206)
2026-04-14 12:58:48,479 - INFO - *****STOP GROWING RR RULE*****
2026-04-14 12:58:48,479 - INFO - ***RR NOT FOUND***
2026-04-14 12:58:48,482 - INFO - Iteracja 1: condition_best: Interval = {3}, quality_best: 0.17, coverage_best: (p=48, n=16, P=370, N=206)
2026-04-14 12:58:48,482 - INFO - Regula po iteracji 1: IF Rows = {2} AND Interval = {3} THEN class = {15.11} [14.47, 15.75], (p=48, n=16, P=370, N=206)
2026-04-14 12:58:48,482 - INFO - *****GROWING RR RULE*****
2026-04-14 12:58:48,488 - INFO - Iteracja 0: condition_best: None, quality_best: -inf, coverage_best: (p=0, n=0, P=0, N=0), p_value: 0
2026-04-14 12:58:48,488 - INFO - Regula po iteracji 0: IF  THEN class = {15.07} [14.25, 15.90], (p=370, n=206, P=370, N=206)
2026-04-14 12:58:48,488 - INFO - *****STOP GROWING RR RULE*****
2026-04-14 12:58:48,488 - INFO - ***RR NOT FOUND***
2026-04-14 12:58:48,491 - INFO - Iteracja 2: condition_best: Trellis = {2}, quality_best: 0.293, coverage_best: (p=12, n=4, P=249, N=327)
2026-04-14 12:58:48,491 - INFO - Regula po iteracji 2: IF Rows = {2} AND Interval = {3} AND Trellis = {2} THEN class = {14.75} [14.32, 15.18], (p=12, n=4, P=249, N=327)
2026-04-14 12:58:48,491 - INFO - *****GROWING RR RULE*****
2026-04-14 12:58:48,497 - INFO - Iteracja 0: condition_best: None, quality_best: -inf, coverage_best: (p=0, n=0, P=0, N=0), p_value: 0
2026-04-14 12:58:48,497 - INFO - Regula po iteracji 0: IF  THEN class = {15.07} [14.25, 15.90], (p=370, n=206, P=370, N=206)
2026-04-14 12:58:48,497 - INFO - *****STOP GROWING RR RULE*****
2026-04-14 12:58:48,497 - INFO - ***RR NOT FOUND***
2026-04-14 12:58:48,499 - INFO - Iteracja 3: condition_best: Occasion = {2}, quality_best: 0.061, coverage_best: (p=4, n=4, P=249, N=327)
2026-04-14 12:58:48,499 - INFO - Regula po iteracji 3: IF Rows = {2} AND Interval = {3} AND Trellis = {2} AND Occasion = {2} THEN class = {14.69} [14.13, 15.24], (p=4, n=4, P=249, N=327)
2026-04-14 12:58:48,500 - INFO - *****GROWING RR RULE*****
2026-04-14 12:58:48,506 - INFO - Iteracja 0: condition_best: None, quality_best: -inf, coverage_best: (p=0, n=0, P=0, N=0), p_value: 0
2026-04-14 12:58:48,506 - INFO - Regula po iteracji 0: IF  THEN class = {15.07} [14.25, 15.90], (p=370, n=206, P=370, N=206)
2026-04-14 12:58:48,506 - INFO - *****STOP GROWING RR RULE*****
2026-04-14 12:58:48,506 - INFO - ***RR NOT FOUND***
2026-04-14 12:58:48,508 - INFO - Iteracja 4: condition_best: Squares = {2}, quality_best: 0.061, coverage_best: (p=4, n=4, P=249, N=327)
2026-04-14 12:58:48,508 - INFO - Regula po iteracji 4: IF Rows = {2} AND Interval = {3} AND Trellis = {2} AND Occasion = {2} AND Squares = {2} THEN class = {14.69} [14.13, 15.24], (p=4, n=4, P=249, N=327)
2026-04-14 12:58:48,509 - INFO - *****GROWING RR RULE*****
2026-04-14 12:58:48,515 - INFO - Iteracja 0: condition_best: None, quality_best: -inf, coverage_best: (p=0, n=0, P=0, N=0), p_value: 0
2026-04-14 12:58:48,515 - INFO - Regula po iteracji 0: IF  THEN class = {15.07} [14.25, 15.90], (p=370, n=206, P=370, N=206)
2026-04-14 12:58:48,515 - INFO - *****STOP GROWING RR RULE*****
2026-04-14 12:58:48,516 - INFO - ***RR NOT FOUND***
2026-04-14 12:58:48,516 - INFO - *******STOP GROWING CR RULE*******
2026-04-14 12:58:48,519 - INFO - *******GROWING CR RULE*******
2026-04-14 12:58:48,524 - INFO - Iteracja 0: condition_best: Rows = {2}, quality_best: 0.14, coverage_best: (p=129, n=63, P=339, N=237)
2026-04-14 12:58:48,524 - INFO - Regula po iteracji 0: IF Rows = {2} THEN class = {15.40} [14.63, 16.18], (p=129, n=63, P=339, N=237)
2026-04-14 12:58:48,524 - INFO - *****GROWING RR RULE*****
2026-04-14 12:58:48,530 - INFO - Iteracja 0: condition_best: None, quality_best: -inf, coverage_best: (p=0, n=0, P=0, N=0), p_value: 0
2026-04-14 12:58:48,530 - INFO - Regula po iteracji 0: IF  THEN class = {15.07} [14.25, 15.90], (p=370, n=206, P=370, N=206)
2026-04-14 12:58:48,530 - INFO - *****STOP GROWING RR RULE*****
2026-04-14 12:58:48,530 - INFO - ***RR NOT FOUND***
2026-04-14 12:58:48,533 - INFO - Iteracja 1: condition_best: Interval = {3}, quality_best: 0.17, coverage_best: (p=48, n=16, P=370, N=206)
2026-04-14 12:58:48,533 - INFO - Regula po iteracji 1: IF Rows = {2} AND Interval = {3} THEN class = {15.11} [14.47, 15.75], (p=48, n=16, P=370, N=206)
2026-04-14 12:58:48,534 - INFO - *****GROWING RR RULE*****
2026-04-14 12:58:48,539 - INFO - Iteracja 0: condition_best: None, quality_best: -inf, coverage_best: (p=0, n=0, P=0, N=0), p_value: 0
2026-04-14 12:58:48,540 - INFO - Regula po iteracji 0: IF  THEN class = {15.07} [14.25, 15.90], (p=370, n=206, P=370, N=206)
2026-04-14 12:58:48,540 - INFO - *****STOP GROWING RR RULE*****
2026-04-14 12:58:48,540 - INFO - ***RR NOT FOUND***
2026-04-14 12:58:48,542 - INFO - Iteracja 2: condition_best: Sittings = {2}, quality_best: 0.235, coverage_best: (p=11, n=5, P=249, N=327)
2026-04-14 12:58:48,542 - INFO - Regula po iteracji 2: IF Rows = {2} AND Interval = {3} AND Sittings = {2} THEN class = {14.91} [14.47, 15.35], (p=11, n=5, P=249, N=327)
2026-04-14 12:58:48,543 - INFO - *****GROWING RR RULE*****
2026-04-14 12:58:48,548 - INFO - Iteracja 0: condition_best: None, quality_best: -inf, coverage_best: (p=0, n=0, P=0, N=0), p_value: 0
2026-04-14 12:58:48,549 - INFO - Regula po iteracji 0: IF  THEN class = {15.07} [14.25, 15.90], (p=370, n=206, P=370, N=206)
2026-04-14 12:58:48,549 - INFO - *****STOP GROWING RR RULE*****
2026-04-14 12:58:48,549 - INFO - ***RR NOT FOUND***
2026-04-14 12:58:48,551 - INFO - Iteracja 3: condition_best: None, quality_best: -inf, coverage_best: (p=0, n=0, P=0, N=0)
2026-04-14 12:58:48,551 - INFO - Regula po iteracji 3: IF Rows = {2} AND Interval = {3} AND Sittings = {2} THEN class = {14.91} [14.47, 15.35], (p=11, n=5, P=249, N=327)
2026-04-14 12:58:48,551 - INFO - *******STOP GROWING CR RULE*******
2026-04-14 12:58:48,554 - INFO - *******GROWING CR RULE*******
2026-04-14 12:58:48,559 - INFO - Iteracja 0: condition_best: Rows = {2}, quality_best: 0.14, coverage_best: (p=129, n=63, P=339, N=237)
2026-04-14 12:58:48,559 - INFO - Regula po iteracji 0: IF Rows = {2} THEN class = {15.40} [14.63, 16.18], (p=129, n=63, P=339, N=237)
2026-04-14 12:58:48,559 - INFO - *****GROWING RR RULE*****
2026-04-14 12:58:48,565 - INFO - Iteracja 0: condition_best: None, quality_best: -inf, coverage_best: (p=0, n=0, P=0, N=0), p_value: 0
2026-04-14 12:58:48,565 - INFO - Regula po iteracji 0: IF  THEN class = {15.07} [14.25, 15.90], (p=370, n=206, P=370, N=206)
2026-04-14 12:58:48,565 - INFO - *****STOP GROWING RR RULE*****
2026-04-14 12:58:48,565 - INFO - ***RR NOT FOUND***
2026-04-14 12:58:48,568 - INFO - Iteracja 1: condition_best: Interval = {3}, quality_best: 0.17, coverage_best: (p=48, n=16, P=370, N=206)
2026-04-14 12:58:48,568 - INFO - Regula po iteracji 1: IF Rows = {2} AND Interval = {3} THEN class = {15.11} [14.47, 15.75], (p=48, n=16, P=370, N=206)
2026-04-14 12:58:48,569 - INFO - *****GROWING RR RULE*****
2026-04-14 12:58:48,574 - INFO - Iteracja 0: condition_best: None, quality_best: -inf, coverage_best: (p=0, n=0, P=0, N=0), p_value: 0
2026-04-14 12:58:48,574 - INFO - Regula po iteracji 0: IF  THEN class = {15.07} [14.25, 15.90], (p=370, n=206, P=370, N=206)
2026-04-14 12:58:48,575 - INFO - *****STOP GROWING RR RULE*****
2026-04-14 12:58:48,575 - INFO - ***RR NOT FOUND***
2026-04-14 12:58:48,577 - INFO - Iteracja 2: condition_best: Occasion = {1}, quality_best: 0.169, coverage_best: (p=20, n=12, P=261, N=315)
2026-04-14 12:58:48,577 - INFO - Regula po iteracji 2: IF Rows = {2} AND Interval = {3} AND Occasion = {1} THEN class = {15.31} [14.73, 15.90], (p=20, n=12, P=261, N=315)
2026-04-14 12:58:48,578 - INFO - *****GROWING RR RULE*****
2026-04-14 12:58:48,583 - INFO - Iteracja 0: condition_best: None, quality_best: -inf, coverage_best: (p=0, n=0, P=0, N=0), p_value: 0
2026-04-14 12:58:48,584 - INFO - Regula po iteracji 0: IF  THEN class = {15.07} [14.25, 15.90], (p=370, n=206, P=370, N=206)
2026-04-14 12:58:48,584 - INFO - *****STOP GROWING RR RULE*****
2026-04-14 12:58:48,584 - INFO - ***RR NOT FOUND***
2026-04-14 12:58:48,586 - INFO - Iteracja 3: condition_best: Squares = {1}, quality_best: 0.169, coverage_best: (p=20, n=12, P=261, N=315)
2026-04-14 12:58:48,586 - INFO - Regula po iteracji 3: IF Rows = {2} AND Interval = {3} AND Occasion = {1} AND Squares = {1} THEN class = {15.31} [14.73, 15.90], (p=20, n=12, P=261, N=315)
2026-04-14 12:58:48,587 - INFO - *****GROWING RR RULE*****
2026-04-14 12:58:48,593 - INFO - Iteracja 0: condition_best: None, quality_best: -inf, coverage_best: (p=0, n=0, P=0, N=0), p_value: 0
2026-04-14 12:58:48,593 - INFO - Regula po iteracji 0: IF  THEN class = {15.07} [14.25, 15.90], (p=370, n=206, P=370, N=206)
2026-04-14 12:58:48,593 - INFO - *****STOP GROWING RR RULE*****
2026-04-14 12:58:48,593 - INFO - ***RR NOT FOUND***
2026-04-14 12:58:48,595 - INFO - Iteracja 4: condition_best: Columns = {4}, quality_best: 0.12, coverage_best: (p=4, n=4, P=199, N=377)
2026-04-14 12:58:48,595 - INFO - Regula po iteracji 4: IF Rows = {2} AND Interval = {3} AND Occasion = {1} AND Squares = {1} AND Columns = {4} THEN class = {15.69} [15.13, 16.24], (p=4, n=4, P=199, N=377)
2026-04-14 12:58:48,596 - INFO - *****GROWING RR RULE*****
2026-04-14 12:58:48,602 - INFO - Iteracja 0: condition_best: None, quality_best: -inf, coverage_best: (p=0, n=0, P=0, N=0), p_value: 0
2026-04-14 12:58:48,602 - INFO - Regula po iteracji 0: IF  THEN class = {15.07} [14.25, 15.90], (p=370, n=206, P=370, N=206)
2026-04-14 12:58:48,602 - INFO - *****STOP GROWING RR RULE*****
2026-04-14 12:58:48,602 - INFO - ***RR NOT FOUND***
2026-04-14 12:58:48,602 - INFO - *******STOP GROWING CR RULE*******
2026-04-14 12:58:48,606 - INFO - *******GROWING CR RULE*******
2026-04-14 12:58:48,611 - INFO - Iteracja 0: condition_best: Rows = {2}, quality_best: 0.14, coverage_best: (p=129, n=63, P=339, N=237)
2026-04-14 12:58:48,611 - INFO - Regula po iteracji 0: IF Rows = {2} THEN class = {15.40} [14.63, 16.18], (p=129, n=63, P=339, N=237)
2026-04-14 12:58:48,611 - INFO - *****GROWING RR RULE*****
2026-04-14 12:58:48,617 - INFO - Iteracja 0: condition_best: None, quality_best: -inf, coverage_best: (p=0, n=0, P=0, N=0), p_value: 0
2026-04-14 12:58:48,617 - INFO - Regula po iteracji 0: IF  THEN class = {15.07} [14.25, 15.90], (p=370, n=206, P=370, N=206)
2026-04-14 12:58:48,617 - INFO - *****STOP GROWING RR RULE*****
2026-04-14 12:58:48,617 - INFO - ***RR NOT FOUND***
2026-04-14 12:58:48,620 - INFO - Iteracja 1: condition_best: Interval = {3}, quality_best: 0.17, coverage_best: (p=48, n=16, P=370, N=206)
2026-04-14 12:58:48,620 - INFO - Regula po iteracji 1: IF Rows = {2} AND Interval = {3} THEN class = {15.11} [14.47, 15.75], (p=48, n=16, P=370, N=206)
2026-04-14 12:58:48,620 - INFO - *****GROWING RR RULE*****
2026-04-14 12:58:48,626 - INFO - Iteracja 0: condition_best: None, quality_best: -inf, coverage_best: (p=0, n=0, P=0, N=0), p_value: 0
2026-04-14 12:58:48,626 - INFO - Regula po iteracji 0: IF  THEN class = {15.07} [14.25, 15.90], (p=370, n=206, P=370, N=206)
2026-04-14 12:58:48,626 - INFO - *****STOP GROWING RR RULE*****
2026-04-14 12:58:48,626 - INFO - ***RR NOT FOUND***
2026-04-14 12:58:48,629 - INFO - Iteracja 2: condition_best: None, quality_best: -inf, coverage_best: (p=0, n=0, P=0, N=0)
2026-04-14 12:58:48,629 - INFO - Regula po iteracji 2: IF Rows = {2} AND Interval = {3} THEN class = {15.11} [14.47, 15.75], (p=48, n=16, P=370, N=206)
2026-04-14 12:58:48,629 - INFO - *******STOP GROWING CR RULE*******
2026-04-14 12:58:48,632 - INFO - *******GROWING CR RULE*******
2026-04-14 12:58:48,636 - INFO - Iteracja 0: condition_best: Rows = {2}, quality_best: 0.14, coverage_best: (p=129, n=63, P=339, N=237)
2026-04-14 12:58:48,636 - INFO - Regula po iteracji 0: IF Rows = {2} THEN class = {15.40} [14.63, 16.18], (p=129, n=63, P=339, N=237)
2026-04-14 12:58:48,637 - INFO - *****GROWING RR RULE*****
2026-04-14 12:58:48,643 - INFO - Iteracja 0: condition_best: None, quality_best: -inf, coverage_best: (p=0, n=0, P=0, N=0), p_value: 0
2026-04-14 12:58:48,643 - INFO - Regula po iteracji 0: IF  THEN class = {15.07} [14.25, 15.90], (p=370, n=206, P=370, N=206)
2026-04-14 12:58:48,643 - INFO - *****STOP GROWING RR RULE*****
2026-04-14 12:58:48,643 - INFO - ***RR NOT FOUND***
2026-04-14 12:58:48,646 - INFO - Iteracja 1: condition_best: Sittings = {2}, quality_best: 0.16, coverage_best: (p=34, n=14, P=339, N=237)
2026-04-14 12:58:48,646 - INFO - Regula po iteracji 1: IF Rows = {2} AND Sittings = {2} THEN class = {15.33} [14.59, 16.08], (p=34, n=14, P=339, N=237)
2026-04-14 12:58:48,646 - INFO - *****GROWING RR RULE*****
2026-04-14 12:58:48,652 - INFO - Iteracja 0: condition_best: None, quality_best: -inf, coverage_best: (p=0, n=0, P=0, N=0), p_value: 0
2026-04-14 12:58:48,652 - INFO - Regula po iteracji 0: IF  THEN class = {15.07} [14.25, 15.90], (p=370, n=206, P=370, N=206)
2026-04-14 12:58:48,652 - INFO - *****STOP GROWING RR RULE*****
2026-04-14 12:58:48,652 - INFO - ***RR NOT FOUND***
2026-04-14 12:58:48,655 - INFO - Iteracja 2: condition_best: Interval = {1}, quality_best: 0.283, coverage_best: (p=13, n=3, P=339, N=237)
2026-04-14 12:58:48,655 - INFO - Regula po iteracji 2: IF Rows = {2} AND Sittings = {2} AND Interval = {1} THEN class = {15.44} [14.85, 16.02], (p=13, n=3, P=339, N=237)
2026-04-14 12:58:48,655 - INFO - *****GROWING RR RULE*****
2026-04-14 12:58:48,661 - INFO - Iteracja 0: condition_best: None, quality_best: -inf, coverage_best: (p=0, n=0, P=0, N=0), p_value: 0
2026-04-14 12:58:48,661 - INFO - Regula po iteracji 0: IF  THEN class = {15.07} [14.25, 15.90], (p=370, n=206, P=370, N=206)
2026-04-14 12:58:48,661 - INFO - *****STOP GROWING RR RULE*****
2026-04-14 12:58:48,661 - INFO - ***RR NOT FOUND***
2026-04-14 12:58:48,663 - INFO - Iteracja 3: condition_best: Columns = {1}, quality_best: 0.355, coverage_best: (p=7, n=1, P=339, N=237)
2026-04-14 12:58:48,664 - INFO - Regula po iteracji 3: IF Rows = {2} AND Sittings = {2} AND Interval = {1} AND Columns = {1} THEN class = {15.50} [15.00, 16.00], (p=7, n=1, P=339, N=237)
2026-04-14 12:58:48,664 - INFO - *****GROWING RR RULE*****
2026-04-14 12:58:48,670 - INFO - Iteracja 0: condition_best: None, quality_best: -inf, coverage_best: (p=0, n=0, P=0, N=0), p_value: 0
2026-04-14 12:58:48,670 - INFO - Regula po iteracji 0: IF  THEN class = {15.07} [14.25, 15.90], (p=370, n=206, P=370, N=206)
2026-04-14 12:58:48,670 - INFO - *****STOP GROWING RR RULE*****
2026-04-14 12:58:48,670 - INFO - ***RR NOT FOUND***
2026-04-14 12:58:48,672 - INFO - Iteracja 4: condition_best: None, quality_best: -inf, coverage_best: (p=0, n=0, P=0, N=0)
2026-04-14 12:58:48,672 - INFO - Regula po iteracji 4: IF Rows = {2} AND Sittings = {2} AND Interval = {1} AND Columns = {1} THEN class = {15.50} [15.00, 16.00], (p=7, n=1, P=339, N=237)
2026-04-14 12:58:48,672 - INFO - *******STOP GROWING CR RULE*******
2026-04-14 12:58:48,676 - INFO - *******GROWING CR RULE*******
2026-04-14 12:58:48,680 - INFO - Iteracja 0: condition_best: Rows = {2}, quality_best: 0.14, coverage_best: (p=129, n=63, P=339, N=237)
2026-04-14 12:58:48,680 - INFO - Regula po iteracji 0: IF Rows = {2} THEN class = {15.40} [14.63, 16.18], (p=129, n=63, P=339, N=237)
2026-04-14 12:58:48,681 - INFO - *****GROWING RR RULE*****
2026-04-14 12:58:48,687 - INFO - Iteracja 0: condition_best: None, quality_best: -inf, coverage_best: (p=0, n=0, P=0, N=0), p_value: 0
2026-04-14 12:58:48,687 - INFO - Regula po iteracji 0: IF  THEN class = {15.07} [14.25, 15.90], (p=370, n=206, P=370, N=206)
2026-04-14 12:58:48,687 - INFO - *****STOP GROWING RR RULE*****
2026-04-14 12:58:48,687 - INFO - ***RR NOT FOUND***
2026-04-14 12:58:48,690 - INFO - Iteracja 1: condition_best: Position = {3}, quality_best: 0.16, coverage_best: (p=34, n=14, P=339, N=237)
2026-04-14 12:58:48,690 - INFO - Regula po iteracji 1: IF Rows = {2} AND Position = {3} THEN class = {15.41} [14.66, 16.15], (p=34, n=14, P=339, N=237)
2026-04-14 12:58:48,690 - INFO - *****GROWING RR RULE*****
2026-04-14 12:58:48,696 - INFO - Iteracja 0: condition_best: None, quality_best: -inf, coverage_best: (p=0, n=0, P=0, N=0), p_value: 0
2026-04-14 12:58:48,696 - INFO - Regula po iteracji 0: IF  THEN class = {15.07} [14.25, 15.90], (p=370, n=206, P=370, N=206)
2026-04-14 12:58:48,696 - INFO - *****STOP GROWING RR RULE*****
2026-04-14 12:58:48,696 - INFO - ***RR NOT FOUND***
2026-04-14 12:58:48,698 - INFO - Iteracja 2: condition_best: Interval = {1}, quality_best: 0.203, coverage_best: (p=12, n=4, P=339, N=237)
2026-04-14 12:58:48,699 - INFO - Regula po iteracji 2: IF Rows = {2} AND Position = {3} AND Interval = {1} THEN class = {15.50} [14.86, 16.14], (p=12, n=4, P=339, N=237)
2026-04-14 12:58:48,699 - INFO - *****GROWING RR RULE*****
2026-04-14 12:58:48,705 - INFO - Iteracja 0: condition_best: None, quality_best: -inf, coverage_best: (p=0, n=0, P=0, N=0), p_value: 0
2026-04-14 12:58:48,705 - INFO - Regula po iteracji 0: IF  THEN class = {15.07} [14.25, 15.90], (p=370, n=206, P=370, N=206)
2026-04-14 12:58:48,705 - INFO - *****STOP GROWING RR RULE*****
2026-04-14 12:58:48,705 - INFO - ***RR NOT FOUND***
2026-04-14 12:58:48,707 - INFO - Iteracja 3: condition_best: Occasion = {2}, quality_best: 0.396, coverage_best: (p=7, n=1, P=261, N=315)
2026-04-14 12:58:48,707 - INFO - Regula po iteracji 3: IF Rows = {2} AND Position = {3} AND Interval = {1} AND Occasion = {2} THEN class = {15.12} [14.64, 15.61], (p=7, n=1, P=261, N=315)
2026-04-14 12:58:48,708 - INFO - *****GROWING RR RULE*****
2026-04-14 12:58:48,714 - INFO - Iteracja 0: condition_best: None, quality_best: -inf, coverage_best: (p=0, n=0, P=0, N=0), p_value: 0
2026-04-14 12:58:48,714 - INFO - Regula po iteracji 0: IF  THEN class = {15.07} [14.25, 15.90], (p=370, n=206, P=370, N=206)
2026-04-14 12:58:48,714 - INFO - *****STOP GROWING RR RULE*****
2026-04-14 12:58:48,714 - INFO - ***RR NOT FOUND***
2026-04-14 12:58:48,717 - INFO - Iteracja 4: condition_best: Squares = {2}, quality_best: 0.396, coverage_best: (p=7, n=1, P=261, N=315)
2026-04-14 12:58:48,717 - INFO - Regula po iteracji 4: IF Rows = {2} AND Position = {3} AND Interval = {1} AND Occasion = {2} AND Squares = {2} THEN class = {15.12} [14.64, 15.61], (p=7, n=1, P=261, N=315)
2026-04-14 12:58:48,718 - INFO - *****GROWING RR RULE*****
2026-04-14 12:58:48,723 - INFO - Iteracja 0: condition_best: None, quality_best: -inf, coverage_best: (p=0, n=0, P=0, N=0), p_value: 0
2026-04-14 12:58:48,724 - INFO - Regula po iteracji 0: IF  THEN class = {15.07} [14.25, 15.90], (p=370, n=206, P=370, N=206)
2026-04-14 12:58:48,724 - INFO - *****STOP GROWING RR RULE*****
2026-04-14 12:58:48,724 - INFO - ***RR NOT FOUND***
2026-04-14 12:58:48,724 - INFO - *******STOP GROWING CR RULE*******
2026-04-14 12:58:48,727 - INFO - *******GROWING CR RULE*******
2026-04-14 12:58:48,732 - INFO - Iteracja 0: condition_best: Rows = {2}, quality_best: 0.14, coverage_best: (p=129, n=63, P=339, N=237)
2026-04-14 12:58:48,732 - INFO - Regula po iteracji 0: IF Rows = {2} THEN class = {15.40} [14.63, 16.18], (p=129, n=63, P=339, N=237)
2026-04-14 12:58:48,732 - INFO - *****GROWING RR RULE*****
2026-04-14 12:58:48,738 - INFO - Iteracja 0: condition_best: None, quality_best: -inf, coverage_best: (p=0, n=0, P=0, N=0), p_value: 0
2026-04-14 12:58:48,738 - INFO - Regula po iteracji 0: IF  THEN class = {15.07} [14.25, 15.90], (p=370, n=206, P=370, N=206)
2026-04-14 12:58:48,738 - INFO - *****STOP GROWING RR RULE*****
2026-04-14 12:58:48,738 - INFO - ***RR NOT FOUND***
2026-04-14 12:58:48,741 - INFO - Iteracja 1: condition_best: Position = {3}, quality_best: 0.16, coverage_best: (p=34, n=14, P=339, N=237)
2026-04-14 12:58:48,741 - INFO - Regula po iteracji 1: IF Rows = {2} AND Position = {3} THEN class = {15.41} [14.66, 16.15], (p=34, n=14, P=339, N=237)
2026-04-14 12:58:48,742 - INFO - *****GROWING RR RULE*****
2026-04-14 12:58:48,747 - INFO - Iteracja 0: condition_best: None, quality_best: -inf, coverage_best: (p=0, n=0, P=0, N=0), p_value: 0
2026-04-14 12:58:48,748 - INFO - Regula po iteracji 0: IF  THEN class = {15.07} [14.25, 15.90], (p=370, n=206, P=370, N=206)
2026-04-14 12:58:48,748 - INFO - *****STOP GROWING RR RULE*****
2026-04-14 12:58:48,748 - INFO - ***RR NOT FOUND***
2026-04-14 12:58:48,750 - INFO - Iteracja 2: condition_best: Interval = {1}, quality_best: 0.203, coverage_best: (p=12, n=4, P=339, N=237)
2026-04-14 12:58:48,750 - INFO - Regula po iteracji 2: IF Rows = {2} AND Position = {3} AND Interval = {1} THEN class = {15.50} [14.86, 16.14], (p=12, n=4, P=339, N=237)
2026-04-14 12:58:48,751 - INFO - *****GROWING RR RULE*****
2026-04-14 12:58:48,756 - INFO - Iteracja 0: condition_best: None, quality_best: -inf, coverage_best: (p=0, n=0, P=0, N=0), p_value: 0
2026-04-14 12:58:48,757 - INFO - Regula po iteracji 0: IF  THEN class = {15.07} [14.25, 15.90], (p=370, n=206, P=370, N=206)
2026-04-14 12:58:48,757 - INFO - *****STOP GROWING RR RULE*****
2026-04-14 12:58:48,757 - INFO - ***RR NOT FOUND***
2026-04-14 12:58:48,759 - INFO - Iteracja 3: condition_best: Occasion = {1}, quality_best: 0.12, coverage_best: (p=4, n=4, P=199, N=377)
2026-04-14 12:58:48,759 - INFO - Regula po iteracji 3: IF Rows = {2} AND Position = {3} AND Interval = {1} AND Occasion = {1} THEN class = {15.88} [15.33, 16.42], (p=4, n=4, P=199, N=377)
2026-04-14 12:58:48,760 - INFO - *****GROWING RR RULE*****
2026-04-14 12:58:48,766 - INFO - Iteracja 0: condition_best: None, quality_best: -inf, coverage_best: (p=0, n=0, P=0, N=0), p_value: 0
2026-04-14 12:58:48,766 - INFO - Regula po iteracji 0: IF  THEN class = {15.07} [14.25, 15.90], (p=370, n=206, P=370, N=206)
2026-04-14 12:58:48,766 - INFO - *****STOP GROWING RR RULE*****
2026-04-14 12:58:48,766 - INFO - ***RR NOT FOUND***
2026-04-14 12:58:48,768 - INFO - Iteracja 4: condition_best: Halfplot = {2}, quality_best: 0.37, coverage_best: (p=5, n=1, P=229, N=347)
2026-04-14 12:58:48,768 - INFO - Regula po iteracji 4: IF Rows = {2} AND Position = {3} AND Interval = {1} AND Occasion = {1} AND Halfplot = {2} THEN class = {16.00} [15.42, 16.58], (p=5, n=1, P=229, N=347)
2026-04-14 12:58:48,769 - INFO - *****GROWING RR RULE*****
2026-04-14 12:58:48,775 - INFO - Iteracja 0: condition_best: None, quality_best: -inf, coverage_best: (p=0, n=0, P=0, N=0), p_value: 0
2026-04-14 12:58:48,775 - INFO - Regula po iteracji 0: IF  THEN class = {15.07} [14.25, 15.90], (p=370, n=206, P=370, N=206)
2026-04-14 12:58:48,775 - INFO - *****STOP GROWING RR RULE*****
2026-04-14 12:58:48,775 - INFO - ***RR NOT FOUND***
2026-04-14 12:58:48,775 - INFO - *******STOP GROWING CR RULE*******
2026-04-14 12:58:48,779 - INFO - *******GROWING CR RULE*******
2026-04-14 12:58:48,783 - INFO - Iteracja 0: condition_best: Rows = {2}, quality_best: 0.14, coverage_best: (p=129, n=63, P=339, N=237)
2026-04-14 12:58:48,783 - INFO - Regula po iteracji 0: IF Rows = {2} THEN class = {15.40} [14.63, 16.18], (p=129, n=63, P=339, N=237)
2026-04-14 12:58:48,784 - INFO - *****GROWING RR RULE*****
2026-04-14 12:58:48,790 - INFO - Iteracja 0: condition_best: None, quality_best: -inf, coverage_best: (p=0, n=0, P=0, N=0), p_value: 0
2026-04-14 12:58:48,790 - INFO - Regula po iteracji 0: IF  THEN class = {15.07} [14.25, 15.90], (p=370, n=206, P=370, N=206)
2026-04-14 12:58:48,790 - INFO - *****STOP GROWING RR RULE*****
2026-04-14 12:58:48,790 - INFO - ***RR NOT FOUND***
2026-04-14 12:58:48,793 - INFO - Iteracja 1: condition_best: Sittings = {1}, quality_best: 0.132, coverage_best: (p=33, n=15, P=339, N=237)
2026-04-14 12:58:48,793 - INFO - Regula po iteracji 1: IF Rows = {2} AND Sittings = {1} THEN class = {15.38} [14.64, 16.11], (p=33, n=15, P=339, N=237)
2026-04-14 12:58:48,793 - INFO - *****GROWING RR RULE*****
2026-04-14 12:58:48,799 - INFO - Iteracja 0: condition_best: None, quality_best: -inf, coverage_best: (p=0, n=0, P=0, N=0), p_value: 0
2026-04-14 12:58:48,799 - INFO - Regula po iteracji 0: IF  THEN class = {15.07} [14.25, 15.90], (p=370, n=206, P=370, N=206)
2026-04-14 12:58:48,799 - INFO - *****STOP GROWING RR RULE*****
2026-04-14 12:58:48,799 - INFO - ***RR NOT FOUND***
2026-04-14 12:58:48,801 - INFO - Iteracja 2: condition_best: Interval = {1}, quality_best: 0.124, coverage_best: (p=11, n=5, P=339, N=237)
2026-04-14 12:58:48,801 - INFO - Regula po iteracji 2: IF Rows = {2} AND Sittings = {1} AND Interval = {1} THEN class = {15.47} [14.77, 16.16], (p=11, n=5, P=339, N=237)
2026-04-14 12:58:48,802 - INFO - *****GROWING RR RULE*****
2026-04-14 12:58:48,808 - INFO - Iteracja 0: condition_best: None, quality_best: -inf, coverage_best: (p=0, n=0, P=0, N=0), p_value: 0
2026-04-14 12:58:48,808 - INFO - Regula po iteracji 0: IF  THEN class = {15.07} [14.25, 15.90], (p=370, n=206, P=370, N=206)
2026-04-14 12:58:48,808 - INFO - *****STOP GROWING RR RULE*****
2026-04-14 12:58:48,808 - INFO - ***RR NOT FOUND***
2026-04-14 12:58:48,810 - INFO - Iteracja 3: condition_best: None, quality_best: -inf, coverage_best: (p=0, n=0, P=0, N=0)
2026-04-14 12:58:48,810 - INFO - Regula po iteracji 3: IF Rows = {2} AND Sittings = {1} AND Interval = {1} THEN class = {15.47} [14.77, 16.16], (p=11, n=5, P=339, N=237)
2026-04-14 12:58:48,810 - INFO - *******STOP GROWING CR RULE*******
2026-04-14 12:58:48,814 - INFO - *******GROWING CR RULE*******
2026-04-14 12:58:48,818 - INFO - Iteracja 0: condition_best: Rows = {2}, quality_best: 0.14, coverage_best: (p=129, n=63, P=339, N=237)
2026-04-14 12:58:48,818 - INFO - Regula po iteracji 0: IF Rows = {2} THEN class = {15.40} [14.63, 16.18], (p=129, n=63, P=339, N=237)
2026-04-14 12:58:48,818 - INFO - *****GROWING RR RULE*****
2026-04-14 12:58:48,824 - INFO - Iteracja 0: condition_best: None, quality_best: -inf, coverage_best: (p=0, n=0, P=0, N=0), p_value: 0
2026-04-14 12:58:48,824 - INFO - Regula po iteracji 0: IF  THEN class = {15.07} [14.25, 15.90], (p=370, n=206, P=370, N=206)
2026-04-14 12:58:48,824 - INFO - *****STOP GROWING RR RULE*****
2026-04-14 12:58:48,824 - INFO - ***RR NOT FOUND***
2026-04-14 12:58:48,827 - INFO - Iteracja 1: condition_best: Position = {1}, quality_best: 0.132, coverage_best: (p=33, n=15, P=339, N=237)
2026-04-14 12:58:48,827 - INFO - Regula po iteracji 1: IF Rows = {2} AND Position = {1} THEN class = {15.46} [14.72, 16.19], (p=33, n=15, P=339, N=237)
2026-04-14 12:58:48,828 - INFO - *****GROWING RR RULE*****
2026-04-14 12:58:48,833 - INFO - Iteracja 0: condition_best: None, quality_best: -inf, coverage_best: (p=0, n=0, P=0, N=0), p_value: 0
2026-04-14 12:58:48,834 - INFO - Regula po iteracji 0: IF  THEN class = {15.07} [14.25, 15.90], (p=370, n=206, P=370, N=206)
2026-04-14 12:58:48,834 - INFO - *****STOP GROWING RR RULE*****
2026-04-14 12:58:48,834 - INFO - ***RR NOT FOUND***
2026-04-14 12:58:48,836 - INFO - Iteracja 2: condition_best: Interval = {1}, quality_best: 0.124, coverage_best: (p=11, n=5, P=339, N=237)
2026-04-14 12:58:48,836 - INFO - Regula po iteracji 2: IF Rows = {2} AND Position = {1} AND Interval = {1} THEN class = {15.50} [14.89, 16.11], (p=11, n=5, P=339, N=237)
2026-04-14 12:58:48,837 - INFO - *****GROWING RR RULE*****
2026-04-14 12:58:48,843 - INFO - Iteracja 0: condition_best: None, quality_best: -inf, coverage_best: (p=0, n=0, P=0, N=0), p_value: 0
2026-04-14 12:58:48,843 - INFO - Regula po iteracji 0: IF  THEN class = {15.07} [14.25, 15.90], (p=370, n=206, P=370, N=206)
2026-04-14 12:58:48,843 - INFO - *****STOP GROWING RR RULE*****
2026-04-14 12:58:48,843 - INFO - ***RR NOT FOUND***
2026-04-14 12:58:48,845 - INFO - Iteracja 3: condition_best: Halfplot = {2}, quality_best: -0.008, coverage_best: (p=4, n=5, P=261, N=315)
2026-04-14 12:58:48,845 - INFO - Regula po iteracji 3: IF Rows = {2} AND Position = {1} AND Interval = {1} AND Halfplot = {2} THEN class = {15.28} [14.61, 15.95], (p=4, n=5, P=261, N=315)
2026-04-14 12:58:48,846 - INFO - *****GROWING RR RULE*****
2026-04-14 12:58:48,852 - INFO - Iteracja 0: condition_best: None, quality_best: -inf, coverage_best: (p=0, n=0, P=0, N=0), p_value: 0
2026-04-14 12:58:48,852 - INFO - Regula po iteracji 0: IF  THEN class = {15.07} [14.25, 15.90], (p=370, n=206, P=370, N=206)
2026-04-14 12:58:48,852 - INFO - *****STOP GROWING RR RULE*****
2026-04-14 12:58:48,852 - INFO - ***RR NOT FOUND***
2026-04-14 12:58:48,854 - INFO - Iteracja 4: condition_best: Method = {2}, quality_best: -0.008, coverage_best: (p=4, n=5, P=261, N=315)
2026-04-14 12:58:48,854 - INFO - Regula po iteracji 4: IF Rows = {2} AND Position = {1} AND Interval = {1} AND Halfplot = {2} AND Method = {2} THEN class = {15.28} [14.61, 15.95], (p=4, n=5, P=261, N=315)
2026-04-14 12:58:48,855 - INFO - *****GROWING RR RULE*****
2026-04-14 12:58:48,861 - INFO - Iteracja 0: condition_best: None, quality_best: -inf, coverage_best: (p=0, n=0, P=0, N=0), p_value: 0
2026-04-14 12:58:48,861 - INFO - Regula po iteracji 0: IF  THEN class = {15.07} [14.25, 15.90], (p=370, n=206, P=370, N=206)
2026-04-14 12:58:48,861 - INFO - *****STOP GROWING RR RULE*****
2026-04-14 12:58:48,861 - INFO - ***RR NOT FOUND***
2026-04-14 12:58:48,861 - INFO - *******STOP GROWING CR RULE*******
2026-04-14 12:58:48,865 - INFO - *******GROWING CR RULE*******
2026-04-14 12:58:48,869 - INFO - Iteracja 0: condition_best: Rows = {2}, quality_best: 0.14, coverage_best: (p=129, n=63, P=339, N=237)
2026-04-14 12:58:48,869 - INFO - Regula po iteracji 0: IF Rows = {2} THEN class = {15.40} [14.63, 16.18], (p=129, n=63, P=339, N=237)
2026-04-14 12:58:48,870 - INFO - *****GROWING RR RULE*****
2026-04-14 12:58:48,876 - INFO - Iteracja 0: condition_best: None, quality_best: -inf, coverage_best: (p=0, n=0, P=0, N=0), p_value: 0
2026-04-14 12:58:48,876 - INFO - Regula po iteracji 0: IF  THEN class = {15.07} [14.25, 15.90], (p=370, n=206, P=370, N=206)
2026-04-14 12:58:48,876 - INFO - *****STOP GROWING RR RULE*****
2026-04-14 12:58:48,876 - INFO - ***RR NOT FOUND***
2026-04-14 12:58:48,879 - INFO - Iteracja 1: condition_best: Occasion = {2}, quality_best: 0.128, coverage_best: (p=65, n=31, P=339, N=237)
2026-04-14 12:58:48,879 - INFO - Regula po iteracji 1: IF Rows = {2} AND Occasion = {2} THEN class = {15.31} [14.56, 16.06], (p=65, n=31, P=339, N=237)
2026-04-14 12:58:48,879 - INFO - *****GROWING RR RULE*****
2026-04-14 12:58:48,885 - INFO - Iteracja 0: condition_best: None, quality_best: -inf, coverage_best: (p=0, n=0, P=0, N=0), p_value: 0
2026-04-14 12:58:48,885 - INFO - Regula po iteracji 0: IF  THEN class = {15.07} [14.25, 15.90], (p=370, n=206, P=370, N=206)
2026-04-14 12:58:48,885 - INFO - *****STOP GROWING RR RULE*****
2026-04-14 12:58:48,885 - INFO - ***RR NOT FOUND***
2026-04-14 12:58:48,888 - INFO - Iteracja 2: condition_best: Judges = {3}, quality_best: 0.338, coverage_best: (p=14, n=2, P=370, N=206)
2026-04-14 12:58:48,888 - INFO - Regula po iteracji 2: IF Rows = {2} AND Occasion = {2} AND Judges = {3} THEN class = {15.00} [14.41, 15.59], (p=14, n=2, P=370, N=206)
2026-04-14 12:58:48,888 - INFO - *****GROWING RR RULE*****
2026-04-14 12:58:48,894 - INFO - Iteracja 0: condition_best: None, quality_best: -inf, coverage_best: (p=0, n=0, P=0, N=0), p_value: 0
2026-04-14 12:58:48,894 - INFO - Regula po iteracji 0: IF  THEN class = {15.07} [14.25, 15.90], (p=370, n=206, P=370, N=206)
2026-04-14 12:58:48,894 - INFO - *****STOP GROWING RR RULE*****
2026-04-14 12:58:48,894 - INFO - ***RR NOT FOUND***
2026-04-14 12:58:48,897 - INFO - Iteracja 3: condition_best: Interval = {1}, quality_best: 0.338, coverage_best: (p=14, n=2, P=370, N=206)
2026-04-14 12:58:48,897 - INFO - Regula po iteracji 3: IF Rows = {2} AND Occasion = {2} AND Judges = {3} AND Interval = {1} THEN class = {15.00} [14.41, 15.59], (p=14, n=2, P=370, N=206)
2026-04-14 12:58:48,898 - INFO - *****GROWING RR RULE*****
2026-04-14 12:58:48,903 - INFO - Iteracja 0: condition_best: None, quality_best: -inf, coverage_best: (p=0, n=0, P=0, N=0), p_value: 0
2026-04-14 12:58:48,903 - INFO - Regula po iteracji 0: IF  THEN class = {15.07} [14.25, 15.90], (p=370, n=206, P=370, N=206)
2026-04-14 12:58:48,903 - INFO - *****STOP GROWING RR RULE*****
2026-04-14 12:58:48,903 - INFO - ***RR NOT FOUND***
2026-04-14 12:58:48,906 - INFO - Iteracja 4: condition_best: Squares = {2}, quality_best: 0.338, coverage_best: (p=14, n=2, P=370, N=206)
2026-04-14 12:58:48,906 - INFO - Regula po iteracji 4: IF Rows = {2} AND Occasion = {2} AND Judges = {3} AND Interval = {1} AND Squares = {2} THEN class = {15.00} [14.41, 15.59], (p=14, n=2, P=370, N=206)
2026-04-14 12:58:48,907 - INFO - *****GROWING RR RULE*****
2026-04-14 12:58:48,913 - INFO - Iteracja 0: condition_best: None, quality_best: -inf, coverage_best: (p=0, n=0, P=0, N=0), p_value: 0
2026-04-14 12:58:48,913 - INFO - Regula po iteracji 0: IF  THEN class = {15.07} [14.25, 15.90], (p=370, n=206, P=370, N=206)
2026-04-14 12:58:48,913 - INFO - *****STOP GROWING RR RULE*****
2026-04-14 12:58:48,913 - INFO - ***RR NOT FOUND***
2026-04-14 12:58:48,913 - INFO - *******STOP GROWING CR RULE*******
2026-04-14 12:58:48,916 - INFO - *******GROWING CR RULE*******
2026-04-14 12:58:48,921 - INFO - Iteracja 0: condition_best: Rows = {2}, quality_best: 0.14, coverage_best: (p=129, n=63, P=339, N=237)
2026-04-14 12:58:48,921 - INFO - Regula po iteracji 0: IF Rows = {2} THEN class = {15.40} [14.63, 16.18], (p=129, n=63, P=339, N=237)
2026-04-14 12:58:48,921 - INFO - *****GROWING RR RULE*****
2026-04-14 12:58:48,927 - INFO - Iteracja 0: condition_best: None, quality_best: -inf, coverage_best: (p=0, n=0, P=0, N=0), p_value: 0
2026-04-14 12:58:48,927 - INFO - Regula po iteracji 0: IF  THEN class = {15.07} [14.25, 15.90], (p=370, n=206, P=370, N=206)
2026-04-14 12:58:48,927 - INFO - *****STOP GROWING RR RULE*****
2026-04-14 12:58:48,927 - INFO - ***RR NOT FOUND***
2026-04-14 12:58:48,930 - INFO - Iteracja 1: condition_best: Interval = {1}, quality_best: 0.114, coverage_best: (p=43, n=21, P=339, N=237)
2026-04-14 12:58:48,930 - INFO - Regula po iteracji 1: IF Rows = {2} AND Interval = {1} THEN class = {15.47} [14.77, 16.16], (p=43, n=21, P=339, N=237)
2026-04-14 12:58:48,931 - INFO - *****GROWING RR RULE*****
2026-04-14 12:58:48,936 - INFO - Iteracja 0: condition_best: None, quality_best: -inf, coverage_best: (p=0, n=0, P=0, N=0), p_value: 0
2026-04-14 12:58:48,936 - INFO - Regula po iteracji 0: IF  THEN class = {15.07} [14.25, 15.90], (p=370, n=206, P=370, N=206)
2026-04-14 12:58:48,937 - INFO - *****STOP GROWING RR RULE*****
2026-04-14 12:58:48,937 - INFO - ***RR NOT FOUND***
2026-04-14 12:58:48,939 - INFO - Iteracja 2: condition_best: Judges = {2}, quality_best: 0.308, coverage_best: (p=12, n=4, P=229, N=347)
2026-04-14 12:58:48,939 - INFO - Regula po iteracji 2: IF Rows = {2} AND Interval = {1} AND Judges = {2} THEN class = {15.94} [15.33, 16.55], (p=12, n=4, P=229, N=347)
2026-04-14 12:58:48,940 - INFO - *****GROWING RR RULE*****
2026-04-14 12:58:48,945 - INFO - Iteracja 0: condition_best: None, quality_best: -inf, coverage_best: (p=0, n=0, P=0, N=0), p_value: 0
2026-04-14 12:58:48,945 - INFO - Regula po iteracji 0: IF  THEN class = {15.07} [14.25, 15.90], (p=370, n=206, P=370, N=206)
2026-04-14 12:58:48,946 - INFO - *****STOP GROWING RR RULE*****
2026-04-14 12:58:48,946 - INFO - ***RR NOT FOUND***
2026-04-14 12:58:48,948 - INFO - Iteracja 3: condition_best: Occasion = {1}, quality_best: 0.308, coverage_best: (p=12, n=4, P=229, N=347)
2026-04-14 12:58:48,948 - INFO - Regula po iteracji 3: IF Rows = {2} AND Interval = {1} AND Judges = {2} AND Occasion = {1} THEN class = {15.94} [15.33, 16.55], (p=12, n=4, P=229, N=347)
2026-04-14 12:58:48,949 - INFO - *****GROWING RR RULE*****
2026-04-14 12:58:48,954 - INFO - Iteracja 0: condition_best: None, quality_best: -inf, coverage_best: (p=0, n=0, P=0, N=0), p_value: 0
2026-04-14 12:58:48,954 - INFO - Regula po iteracji 0: IF  THEN class = {15.07} [14.25, 15.90], (p=370, n=206, P=370, N=206)
2026-04-14 12:58:48,955 - INFO - *****STOP GROWING RR RULE*****
2026-04-14 12:58:48,955 - INFO - ***RR NOT FOUND***
2026-04-14 12:58:48,957 - INFO - Iteracja 4: condition_best: Squares = {1}, quality_best: 0.308, coverage_best: (p=12, n=4, P=229, N=347)
2026-04-14 12:58:48,957 - INFO - Regula po iteracji 4: IF Rows = {2} AND Interval = {1} AND Judges = {2} AND Occasion = {1} AND Squares = {1} THEN class = {15.94} [15.33, 16.55], (p=12, n=4, P=229, N=347)
2026-04-14 12:58:48,958 - INFO - *****GROWING RR RULE*****
2026-04-14 12:58:48,964 - INFO - Iteracja 0: condition_best: None, quality_best: -inf, coverage_best: (p=0, n=0, P=0, N=0), p_value: 0
2026-04-14 12:58:48,964 - INFO - Regula po iteracji 0: IF  THEN class = {15.07} [14.25, 15.90], (p=370, n=206, P=370, N=206)
2026-04-14 12:58:48,964 - INFO - *****STOP GROWING RR RULE*****
2026-04-14 12:58:48,964 - INFO - ***RR NOT FOUND***
2026-04-14 12:58:48,964 - INFO - *******STOP GROWING CR RULE*******
2026-04-14 12:58:48,967 - INFO - *******GROWING CR RULE*******
2026-04-14 12:58:48,972 - INFO - Iteracja 0: condition_best: Rows = {2}, quality_best: 0.14, coverage_best: (p=129, n=63, P=339, N=237)
2026-04-14 12:58:48,972 - INFO - Regula po iteracji 0: IF Rows = {2} THEN class = {15.40} [14.63, 16.18], (p=129, n=63, P=339, N=237)
2026-04-14 12:58:48,972 - INFO - *****GROWING RR RULE*****
2026-04-14 12:58:48,978 - INFO - Iteracja 0: condition_best: None, quality_best: -inf, coverage_best: (p=0, n=0, P=0, N=0), p_value: 0
2026-04-14 12:58:48,978 - INFO - Regula po iteracji 0: IF  THEN class = {15.07} [14.25, 15.90], (p=370, n=206, P=370, N=206)
2026-04-14 12:58:48,978 - INFO - *****STOP GROWING RR RULE*****
2026-04-14 12:58:48,978 - INFO - ***RR NOT FOUND***
2026-04-14 12:58:48,981 - INFO - Iteracja 1: condition_best: Interval = {1}, quality_best: 0.114, coverage_best: (p=43, n=21, P=339, N=237)
2026-04-14 12:58:48,981 - INFO - Regula po iteracji 1: IF Rows = {2} AND Interval = {1} THEN class = {15.47} [14.77, 16.16], (p=43, n=21, P=339, N=237)
2026-04-14 12:58:48,982 - INFO - *****GROWING RR RULE*****
2026-04-14 12:58:48,987 - INFO - Iteracja 0: condition_best: None, quality_best: -inf, coverage_best: (p=0, n=0, P=0, N=0), p_value: 0
2026-04-14 12:58:48,987 - INFO - Regula po iteracji 0: IF  THEN class = {15.07} [14.25, 15.90], (p=370, n=206, P=370, N=206)
2026-04-14 12:58:48,988 - INFO - *****STOP GROWING RR RULE*****
2026-04-14 12:58:48,988 - INFO - ***RR NOT FOUND***
2026-04-14 12:58:48,990 - INFO - Iteracja 2: condition_best: Halfplot = {1}, quality_best: 0.128, coverage_best: (p=22, n=10, P=339, N=237)
2026-04-14 12:58:48,990 - INFO - Regula po iteracji 2: IF Rows = {2} AND Interval = {1} AND Halfplot = {1} THEN class = {15.42} [14.74, 16.11], (p=22, n=10, P=339, N=237)
2026-04-14 12:58:48,991 - INFO - *****GROWING RR RULE*****
2026-04-14 12:58:48,996 - INFO - Iteracja 0: condition_best: None, quality_best: -inf, coverage_best: (p=0, n=0, P=0, N=0), p_value: 0
2026-04-14 12:58:48,997 - INFO - Regula po iteracji 0: IF  THEN class = {15.07} [14.25, 15.90], (p=370, n=206, P=370, N=206)
2026-04-14 12:58:48,997 - INFO - *****STOP GROWING RR RULE*****
2026-04-14 12:58:48,997 - INFO - ***RR NOT FOUND***
2026-04-14 12:58:48,999 - INFO - Iteracja 3: condition_best: Method = {1}, quality_best: 0.128, coverage_best: (p=22, n=10, P=339, N=237)
2026-04-14 12:58:48,999 - INFO - Regula po iteracji 3: IF Rows = {2} AND Interval = {1} AND Halfplot = {1} AND Method = {1} THEN class = {15.42} [14.74, 16.11], (p=22, n=10, P=339, N=237)
2026-04-14 12:58:49,000 - INFO - *****GROWING RR RULE*****
2026-04-14 12:58:49,006 - INFO - Iteracja 0: condition_best: None, quality_best: -inf, coverage_best: (p=0, n=0, P=0, N=0), p_value: 0
2026-04-14 12:58:49,006 - INFO - Regula po iteracji 0: IF  THEN class = {15.07} [14.25, 15.90], (p=370, n=206, P=370, N=206)
2026-04-14 12:58:49,006 - INFO - *****STOP GROWING RR RULE*****
2026-04-14 12:58:49,006 - INFO - ***RR NOT FOUND***
2026-04-14 12:58:49,008 - INFO - Iteracja 4: condition_best: None, quality_best: -inf, coverage_best: (p=0, n=0, P=0, N=0)
2026-04-14 12:58:49,008 - INFO - Regula po iteracji 4: IF Rows = {2} AND Interval = {1} AND Halfplot = {1} AND Method = {1} THEN class = {15.42} [14.74, 16.11], (p=22, n=10, P=339, N=237)
2026-04-14 12:58:49,008 - INFO - *******STOP GROWING CR RULE*******
2026-04-14 12:58:49,012 - INFO - *******GROWING CR RULE*******
2026-04-14 12:58:49,016 - INFO - Iteracja 0: condition_best: Trellis = {4}, quality_best: 0.105, coverage_best: (p=101, n=43, P=370, N=206)
2026-04-14 12:58:49,016 - INFO - Regula po iteracji 0: IF Trellis = {4} THEN class = {15.11} [14.38, 15.83], (p=101, n=43, P=370, N=206)
2026-04-14 12:58:49,016 - INFO - *****GROWING RR RULE*****
2026-04-14 12:58:49,022 - INFO - Iteracja 0: condition_best: None, quality_best: -inf, coverage_best: (p=0, n=0, P=0, N=0), p_value: 0
2026-04-14 12:58:49,022 - INFO - Regula po iteracji 0: IF  THEN class = {15.07} [14.25, 15.90], (p=370, n=206, P=370, N=206)
2026-04-14 12:58:49,022 - INFO - *****STOP GROWING RR RULE*****
2026-04-14 12:58:49,022 - INFO - ***RR NOT FOUND***
2026-04-14 12:58:49,025 - INFO - Iteracja 1: condition_best: Position = {1}, quality_best: 0.246, coverage_best: (p=29, n=7, P=370, N=206)
2026-04-14 12:58:49,025 - INFO - Regula po iteracji 1: IF Trellis = {4} AND Position = {1} THEN class = {15.07} [14.40, 15.74], (p=29, n=7, P=370, N=206)
2026-04-14 12:58:49,026 - INFO - *****GROWING RR RULE*****
2026-04-14 12:58:49,031 - INFO - Iteracja 0: condition_best: None, quality_best: -inf, coverage_best: (p=0, n=0, P=0, N=0), p_value: 0
2026-04-14 12:58:49,031 - INFO - Regula po iteracji 0: IF  THEN class = {15.07} [14.25, 15.90], (p=370, n=206, P=370, N=206)
2026-04-14 12:58:49,032 - INFO - *****STOP GROWING RR RULE*****
2026-04-14 12:58:49,032 - INFO - ***RR NOT FOUND***
2026-04-14 12:58:49,034 - INFO - Iteracja 2: condition_best: Halfplot = {1}, quality_best: 0.31, coverage_best: (p=12, n=2, P=370, N=206)
2026-04-14 12:58:49,034 - INFO - Regula po iteracji 2: IF Trellis = {4} AND Position = {1} AND Halfplot = {1} THEN class = {15.00} [14.40, 15.60], (p=12, n=2, P=370, N=206)
2026-04-14 12:58:49,035 - INFO - *****GROWING RR RULE*****
2026-04-14 12:58:49,042 - INFO - Iteracja 0: condition_best: None, quality_best: -inf, coverage_best: (p=0, n=0, P=0, N=0), p_value: 0
2026-04-14 12:58:49,042 - INFO - Regula po iteracji 0: IF  THEN class = {15.07} [14.25, 15.90], (p=370, n=206, P=370, N=206)
2026-04-14 12:58:49,042 - INFO - *****STOP GROWING RR RULE*****
2026-04-14 12:58:49,042 - INFO - ***RR NOT FOUND***
2026-04-14 12:58:49,045 - INFO - Iteracja 3: condition_best: Columns = {2}, quality_best: 0.331, coverage_best: (p=7, n=1, P=370, N=206)
2026-04-14 12:58:49,045 - INFO - Regula po iteracji 3: IF Trellis = {4} AND Position = {1} AND Halfplot = {1} AND Columns = {2} THEN class = {15.00} [14.39, 15.61], (p=7, n=1, P=370, N=206)
2026-04-14 12:58:49,046 - INFO - *****GROWING RR RULE*****
2026-04-14 12:58:49,053 - INFO - Iteracja 0: condition_best: None, quality_best: -inf, coverage_best: (p=0, n=0, P=0, N=0), p_value: 0
2026-04-14 12:58:49,053 - INFO - Regula po iteracji 0: IF  THEN class = {15.07} [14.25, 15.90], (p=370, n=206, P=370, N=206)
2026-04-14 12:58:49,053 - INFO - *****STOP GROWING RR RULE*****
2026-04-14 12:58:49,053 - INFO - ***RR NOT FOUND***
2026-04-14 12:58:49,056 - INFO - Iteracja 4: condition_best: Method = {1}, quality_best: 0.331, coverage_best: (p=7, n=1, P=370, N=206)
2026-04-14 12:58:49,056 - INFO - Regula po iteracji 4: IF Trellis = {4} AND Position = {1} AND Halfplot = {1} AND Columns = {2} AND Method = {1} THEN class = {15.00} [14.39, 15.61], (p=7, n=1, P=370, N=206)
2026-04-14 12:58:49,057 - INFO - *****GROWING RR RULE*****
2026-04-14 12:58:49,064 - INFO - Iteracja 0: condition_best: None, quality_best: -inf, coverage_best: (p=0, n=0, P=0, N=0), p_value: 0
2026-04-14 12:58:49,064 - INFO - Regula po iteracji 0: IF  THEN class = {15.07} [14.25, 15.90], (p=370, n=206, P=370, N=206)
2026-04-14 12:58:49,065 - INFO - *****STOP GROWING RR RULE*****
2026-04-14 12:58:49,065 - INFO - ***RR NOT FOUND***
2026-04-14 12:58:49,065 - INFO - *******STOP GROWING CR RULE*******
2026-04-14 12:58:49,068 - INFO - *******GROWING CR RULE*******
2026-04-14 12:58:49,072 - INFO - Iteracja 0: condition_best: Trellis = {4}, quality_best: 0.105, coverage_best: (p=101, n=43, P=370, N=206)
2026-04-14 12:58:49,073 - INFO - Regula po iteracji 0: IF Trellis = {4} THEN class = {15.11} [14.38, 15.83], (p=101, n=43, P=370, N=206)
2026-04-14 12:58:49,073 - INFO - *****GROWING RR RULE*****
2026-04-14 12:58:49,079 - INFO - Iteracja 0: condition_best: None, quality_best: -inf, coverage_best: (p=0, n=0, P=0, N=0), p_value: 0
2026-04-14 12:58:49,079 - INFO - Regula po iteracji 0: IF  THEN class = {15.07} [14.25, 15.90], (p=370, n=206, P=370, N=206)
2026-04-14 12:58:49,079 - INFO - *****STOP GROWING RR RULE*****
2026-04-14 12:58:49,079 - INFO - ***RR NOT FOUND***
2026-04-14 12:58:49,082 - INFO - Iteracja 1: condition_best: Position = {1}, quality_best: 0.246, coverage_best: (p=29, n=7, P=370, N=206)
2026-04-14 12:58:49,082 - INFO - Regula po iteracji 1: IF Trellis = {4} AND Position = {1} THEN class = {15.07} [14.40, 15.74], (p=29, n=7, P=370, N=206)
2026-04-14 12:58:49,082 - INFO - *****GROWING RR RULE*****
2026-04-14 12:58:49,088 - INFO - Iteracja 0: condition_best: None, quality_best: -inf, coverage_best: (p=0, n=0, P=0, N=0), p_value: 0
2026-04-14 12:58:49,088 - INFO - Regula po iteracji 0: IF  THEN class = {15.07} [14.25, 15.90], (p=370, n=206, P=370, N=206)
2026-04-14 12:58:49,088 - INFO - *****STOP GROWING RR RULE*****
2026-04-14 12:58:49,088 - INFO - ***RR NOT FOUND***
2026-04-14 12:58:49,090 - INFO - Iteracja 2: condition_best: Sittings = {4}, quality_best: 0.305, coverage_best: (p=7, n=2, P=261, N=315)
2026-04-14 12:58:49,091 - INFO - Regula po iteracji 2: IF Trellis = {4} AND Position = {1} AND Sittings = {4} THEN class = {15.28} [14.74, 15.81], (p=7, n=2, P=261, N=315)
2026-04-14 12:58:49,091 - INFO - *****GROWING RR RULE*****
2026-04-14 12:58:49,100 - INFO - Iteracja 0: condition_best: None, quality_best: -inf, coverage_best: (p=0, n=0, P=0, N=0), p_value: 0
2026-04-14 12:58:49,101 - INFO - Regula po iteracji 0: IF  THEN class = {15.07} [14.25, 15.90], (p=370, n=206, P=370, N=206)
2026-04-14 12:58:49,101 - INFO - *****STOP GROWING RR RULE*****
2026-04-14 12:58:49,101 - INFO - ***RR NOT FOUND***
2026-04-14 12:58:49,103 - INFO - Iteracja 3: condition_best: Halfplot = {2}, quality_best: 0.299, coverage_best: (p=4, n=2, P=121, N=455)
2026-04-14 12:58:49,103 - INFO - Regula po iteracji 3: IF Trellis = {4} AND Position = {1} AND Sittings = {4} AND Halfplot = {2} THEN class = {15.50} [15.21, 15.79], (p=4, n=2, P=121, N=455)
2026-04-14 12:58:49,104 - INFO - *****GROWING RR RULE*****
2026-04-14 12:58:49,110 - INFO - Iteracja 0: condition_best: None, quality_best: -inf, coverage_best: (p=0, n=0, P=0, N=0), p_value: 0
2026-04-14 12:58:49,110 - INFO - Regula po iteracji 0: IF  THEN class = {15.07} [14.25, 15.90], (p=370, n=206, P=370, N=206)
2026-04-14 12:58:49,110 - INFO - *****STOP GROWING RR RULE*****
2026-04-14 12:58:49,110 - INFO - ***RR NOT FOUND***
2026-04-14 12:58:49,112 - INFO - Iteracja 4: condition_best: Method = {2}, quality_best: 0.299, coverage_best: (p=4, n=2, P=121, N=455)
2026-04-14 12:58:49,112 - INFO - Regula po iteracji 4: IF Trellis = {4} AND Position = {1} AND Sittings = {4} AND Halfplot = {2} AND Method = {2} THEN class = {15.50} [15.21, 15.79], (p=4, n=2, P=121, N=455)
2026-04-14 12:58:49,113 - INFO - *****GROWING RR RULE*****
2026-04-14 12:58:49,119 - INFO - Iteracja 0: condition_best: None, quality_best: -inf, coverage_best: (p=0, n=0, P=0, N=0), p_value: 0
2026-04-14 12:58:49,119 - INFO - Regula po iteracji 0: IF  THEN class = {15.07} [14.25, 15.90], (p=370, n=206, P=370, N=206)
2026-04-14 12:58:49,119 - INFO - *****STOP GROWING RR RULE*****
2026-04-14 12:58:49,119 - INFO - ***RR NOT FOUND***
2026-04-14 12:58:49,119 - INFO - *******STOP GROWING CR RULE*******
2026-04-14 12:58:49,123 - INFO - *******GROWING CR RULE*******
2026-04-14 12:58:49,127 - INFO - Iteracja 0: condition_best: Trellis = {4}, quality_best: 0.105, coverage_best: (p=101, n=43, P=370, N=206)
2026-04-14 12:58:49,127 - INFO - Regula po iteracji 0: IF Trellis = {4} THEN class = {15.11} [14.38, 15.83], (p=101, n=43, P=370, N=206)
2026-04-14 12:58:49,127 - INFO - *****GROWING RR RULE*****
2026-04-14 12:58:49,133 - INFO - Iteracja 0: condition_best: None, quality_best: -inf, coverage_best: (p=0, n=0, P=0, N=0), p_value: 0
2026-04-14 12:58:49,133 - INFO - Regula po iteracji 0: IF  THEN class = {15.07} [14.25, 15.90], (p=370, n=206, P=370, N=206)
2026-04-14 12:58:49,134 - INFO - *****STOP GROWING RR RULE*****
2026-04-14 12:58:49,134 - INFO - ***RR NOT FOUND***
2026-04-14 12:58:49,136 - INFO - Iteracja 1: condition_best: Position = {1}, quality_best: 0.246, coverage_best: (p=29, n=7, P=370, N=206)
2026-04-14 12:58:49,136 - INFO - Regula po iteracji 1: IF Trellis = {4} AND Position = {1} THEN class = {15.07} [14.40, 15.74], (p=29, n=7, P=370, N=206)
2026-04-14 12:58:49,137 - INFO - *****GROWING RR RULE*****
2026-04-14 12:58:49,142 - INFO - Iteracja 0: condition_best: None, quality_best: -inf, coverage_best: (p=0, n=0, P=0, N=0), p_value: 0
2026-04-14 12:58:49,143 - INFO - Regula po iteracji 0: IF  THEN class = {15.07} [14.25, 15.90], (p=370, n=206, P=370, N=206)
2026-04-14 12:58:49,143 - INFO - *****STOP GROWING RR RULE*****
2026-04-14 12:58:49,143 - INFO - ***RR NOT FOUND***
2026-04-14 12:58:49,145 - INFO - Iteracja 2: condition_best: Sittings = {3}, quality_best: 0.292, coverage_best: (p=8, n=2, P=308, N=268)
2026-04-14 12:58:49,145 - INFO - Regula po iteracji 2: IF Trellis = {4} AND Position = {1} AND Sittings = {3} THEN class = {14.60} [13.94, 15.26], (p=8, n=2, P=308, N=268)
2026-04-14 12:58:49,146 - INFO - *****GROWING RR RULE*****
2026-04-14 12:58:49,155 - INFO - Iteracja 0: condition_best: None, quality_best: -inf, coverage_best: (p=0, n=0, P=0, N=0), p_value: 0
2026-04-14 12:58:49,155 - INFO - Regula po iteracji 0: IF  THEN class = {15.07} [14.25, 15.90], (p=370, n=206, P=370, N=206)
2026-04-14 12:58:49,155 - INFO - *****STOP GROWING RR RULE*****
2026-04-14 12:58:49,155 - INFO - ***RR NOT FOUND***
2026-04-14 12:58:49,157 - INFO - Iteracja 3: condition_best: Halfplot = {2}, quality_best: 0.196, coverage_best: (p=5, n=2, P=308, N=268)
2026-04-14 12:58:49,157 - INFO - Regula po iteracji 3: IF Trellis = {4} AND Position = {1} AND Sittings = {3} AND Halfplot = {2} THEN class = {14.50} [13.74, 15.26], (p=5, n=2, P=308, N=268)
2026-04-14 12:58:49,158 - INFO - *****GROWING RR RULE*****
2026-04-14 12:58:49,166 - INFO - Iteracja 0: condition_best: None, quality_best: -inf, coverage_best: (p=0, n=0, P=0, N=0), p_value: 0
2026-04-14 12:58:49,166 - INFO - Regula po iteracji 0: IF  THEN class = {15.07} [14.25, 15.90], (p=370, n=206, P=370, N=206)
2026-04-14 12:58:49,166 - INFO - *****STOP GROWING RR RULE*****
2026-04-14 12:58:49,166 - INFO - ***RR NOT FOUND***
2026-04-14 12:58:49,168 - INFO - Iteracja 4: condition_best: Method = {2}, quality_best: 0.196, coverage_best: (p=5, n=2, P=308, N=268)
2026-04-14 12:58:49,168 - INFO - Regula po iteracji 4: IF Trellis = {4} AND Position = {1} AND Sittings = {3} AND Halfplot = {2} AND Method = {2} THEN class = {14.50} [13.74, 15.26], (p=5, n=2, P=308, N=268)
2026-04-14 12:58:49,169 - INFO - *****GROWING RR RULE*****
2026-04-14 12:58:49,177 - INFO - Iteracja 0: condition_best: None, quality_best: -inf, coverage_best: (p=0, n=0, P=0, N=0), p_value: 0
2026-04-14 12:58:49,177 - INFO - Regula po iteracji 0: IF  THEN class = {15.07} [14.25, 15.90], (p=370, n=206, P=370, N=206)
2026-04-14 12:58:49,177 - INFO - *****STOP GROWING RR RULE*****
2026-04-14 12:58:49,177 - INFO - ***RR NOT FOUND***
2026-04-14 12:58:49,177 - INFO - *******STOP GROWING CR RULE*******
2026-04-14 12:58:49,180 - INFO - *******GROWING CR RULE*******
2026-04-14 12:58:49,185 - INFO - Iteracja 0: condition_best: Trellis = {4}, quality_best: 0.105, coverage_best: (p=101, n=43, P=370, N=206)
2026-04-14 12:58:49,185 - INFO - Regula po iteracji 0: IF Trellis = {4} THEN class = {15.11} [14.38, 15.83], (p=101, n=43, P=370, N=206)
2026-04-14 12:58:49,185 - INFO - *****GROWING RR RULE*****
2026-04-14 12:58:49,191 - INFO - Iteracja 0: condition_best: None, quality_best: -inf, coverage_best: (p=0, n=0, P=0, N=0), p_value: 0
2026-04-14 12:58:49,191 - INFO - Regula po iteracji 0: IF  THEN class = {15.07} [14.25, 15.90], (p=370, n=206, P=370, N=206)
2026-04-14 12:58:49,191 - INFO - *****STOP GROWING RR RULE*****
2026-04-14 12:58:49,191 - INFO - ***RR NOT FOUND***
2026-04-14 12:58:49,194 - INFO - Iteracja 1: condition_best: Position = {1}, quality_best: 0.246, coverage_best: (p=29, n=7, P=370, N=206)
2026-04-14 12:58:49,194 - INFO - Regula po iteracji 1: IF Trellis = {4} AND Position = {1} THEN class = {15.07} [14.40, 15.74], (p=29, n=7, P=370, N=206)
2026-04-14 12:58:49,194 - INFO - *****GROWING RR RULE*****
2026-04-14 12:58:49,200 - INFO - Iteracja 0: condition_best: None, quality_best: -inf, coverage_best: (p=0, n=0, P=0, N=0), p_value: 0
2026-04-14 12:58:49,200 - INFO - Regula po iteracji 0: IF  THEN class = {15.07} [14.25, 15.90], (p=370, n=206, P=370, N=206)
2026-04-14 12:58:49,200 - INFO - *****STOP GROWING RR RULE*****
2026-04-14 12:58:49,200 - INFO - ***RR NOT FOUND***
2026-04-14 12:58:49,203 - INFO - Iteracja 2: condition_best: Rows = {1}, quality_best: 0.122, coverage_best: (p=7, n=5, P=261, N=315)
2026-04-14 12:58:49,203 - INFO - Regula po iteracji 2: IF Trellis = {4} AND Position = {1} AND Rows = {1} THEN class = {15.17} [14.58, 15.76], (p=7, n=5, P=261, N=315)
2026-04-14 12:58:49,203 - INFO - *****GROWING RR RULE*****
2026-04-14 12:58:49,209 - INFO - Iteracja 0: condition_best: None, quality_best: -inf, coverage_best: (p=0, n=0, P=0, N=0), p_value: 0
2026-04-14 12:58:49,209 - INFO - Regula po iteracji 0: IF  THEN class = {15.07} [14.25, 15.90], (p=370, n=206, P=370, N=206)
2026-04-14 12:58:49,209 - INFO - *****STOP GROWING RR RULE*****
2026-04-14 12:58:49,209 - INFO - ***RR NOT FOUND***
2026-04-14 12:58:49,211 - INFO - Iteracja 3: condition_best: None, quality_best: -inf, coverage_best: (p=0, n=0, P=0, N=0)
2026-04-14 12:58:49,211 - INFO - Regula po iteracji 3: IF Trellis = {4} AND Position = {1} AND Rows = {1} THEN class = {15.17} [14.58, 15.76], (p=7, n=5, P=261, N=315)
2026-04-14 12:58:49,211 - INFO - *******STOP GROWING CR RULE*******
2026-04-14 12:58:49,214 - INFO - *******GROWING CR RULE*******
2026-04-14 12:58:49,219 - INFO - Iteracja 0: condition_best: Trellis = {4}, quality_best: 0.105, coverage_best: (p=101, n=43, P=370, N=206)
2026-04-14 12:58:49,219 - INFO - Regula po iteracji 0: IF Trellis = {4} THEN class = {15.11} [14.38, 15.83], (p=101, n=43, P=370, N=206)
2026-04-14 12:58:49,219 - INFO - *****GROWING RR RULE*****
2026-04-14 12:58:49,225 - INFO - Iteracja 0: condition_best: None, quality_best: -inf, coverage_best: (p=0, n=0, P=0, N=0), p_value: 0
2026-04-14 12:58:49,225 - INFO - Regula po iteracji 0: IF  THEN class = {15.07} [14.25, 15.90], (p=370, n=206, P=370, N=206)
2026-04-14 12:58:49,225 - INFO - *****STOP GROWING RR RULE*****
2026-04-14 12:58:49,225 - INFO - ***RR NOT FOUND***
2026-04-14 12:58:49,228 - INFO - Iteracja 1: condition_best: Halfplot = {2}, quality_best: 0.195, coverage_best: (p=55, n=17, P=370, N=206)
2026-04-14 12:58:49,228 - INFO - Regula po iteracji 1: IF Trellis = {4} AND Halfplot = {2} THEN class = {15.15} [14.47, 15.82], (p=55, n=17, P=370, N=206)
2026-04-14 12:58:49,229 - INFO - *****GROWING RR RULE*****
2026-04-14 12:58:49,234 - INFO - Iteracja 0: condition_best: None, quality_best: -inf, coverage_best: (p=0, n=0, P=0, N=0), p_value: 0
2026-04-14 12:58:49,234 - INFO - Regula po iteracji 0: IF  THEN class = {15.07} [14.25, 15.90], (p=370, n=206, P=370, N=206)
2026-04-14 12:58:49,235 - INFO - *****STOP GROWING RR RULE*****
2026-04-14 12:58:49,235 - INFO - ***RR NOT FOUND***
2026-04-14 12:58:49,237 - INFO - Iteracja 2: condition_best: Interval = {2}, quality_best: 0.29, coverage_best: (p=18, n=6, P=261, N=315)
2026-04-14 12:58:49,237 - INFO - Regula po iteracji 2: IF Trellis = {4} AND Halfplot = {2} AND Interval = {2} THEN class = {15.17} [14.61, 15.72], (p=18, n=6, P=261, N=315)
2026-04-14 12:58:49,238 - INFO - *****GROWING RR RULE*****
2026-04-14 12:58:49,244 - INFO - Iteracja 0: condition_best: None, quality_best: -inf, coverage_best: (p=0, n=0, P=0, N=0), p_value: 0
2026-04-14 12:58:49,244 - INFO - Regula po iteracji 0: IF  THEN class = {15.07} [14.25, 15.90], (p=370, n=206, P=370, N=206)
2026-04-14 12:58:49,244 - INFO - *****STOP GROWING RR RULE*****
2026-04-14 12:58:49,244 - INFO - ***RR NOT FOUND***
2026-04-14 12:58:49,246 - INFO - Iteracja 3: condition_best: Occasion = {2}, quality_best: 0.361, coverage_best: (p=10, n=2, P=261, N=315)
2026-04-14 12:58:49,246 - INFO - Regula po iteracji 3: IF Trellis = {4} AND Halfplot = {2} AND Interval = {2} AND Occasion = {2} THEN class = {15.21} [14.73, 15.69], (p=10, n=2, P=261, N=315)
2026-04-14 12:58:49,247 - INFO - *****GROWING RR RULE*****
2026-04-14 12:58:49,253 - INFO - Iteracja 0: condition_best: None, quality_best: -inf, coverage_best: (p=0, n=0, P=0, N=0), p_value: 0
2026-04-14 12:58:49,253 - INFO - Regula po iteracji 0: IF  THEN class = {15.07} [14.25, 15.90], (p=370, n=206, P=370, N=206)
2026-04-14 12:58:49,253 - INFO - *****STOP GROWING RR RULE*****
2026-04-14 12:58:49,253 - INFO - ***RR NOT FOUND***
2026-04-14 12:58:49,255 - INFO - Iteracja 4: condition_best: Squares = {2}, quality_best: 0.361, coverage_best: (p=10, n=2, P=261, N=315)
2026-04-14 12:58:49,255 - INFO - Regula po iteracji 4: IF Trellis = {4} AND Halfplot = {2} AND Interval = {2} AND Occasion = {2} AND Squares = {2} THEN class = {15.21} [14.73, 15.69], (p=10, n=2, P=261, N=315)
2026-04-14 12:58:49,256 - INFO - *****GROWING RR RULE*****
2026-04-14 12:58:49,262 - INFO - Iteracja 0: condition_best: None, quality_best: -inf, coverage_best: (p=0, n=0, P=0, N=0), p_value: 0
2026-04-14 12:58:49,262 - INFO - Regula po iteracji 0: IF  THEN class = {15.07} [14.25, 15.90], (p=370, n=206, P=370, N=206)
2026-04-14 12:58:49,262 - INFO - *****STOP GROWING RR RULE*****
2026-04-14 12:58:49,262 - INFO - ***RR NOT FOUND***
2026-04-14 12:58:49,262 - INFO - *******STOP GROWING CR RULE*******
2026-04-14 12:58:49,266 - INFO - *******GROWING CR RULE*******
2026-04-14 12:58:49,270 - INFO - Iteracja 0: condition_best: Trellis = {4}, quality_best: 0.105, coverage_best: (p=101, n=43, P=370, N=206)
2026-04-14 12:58:49,270 - INFO - Regula po iteracji 0: IF Trellis = {4} THEN class = {15.11} [14.38, 15.83], (p=101, n=43, P=370, N=206)
2026-04-14 12:58:49,270 - INFO - *****GROWING RR RULE*****
2026-04-14 12:58:49,276 - INFO - Iteracja 0: condition_best: None, quality_best: -inf, coverage_best: (p=0, n=0, P=0, N=0), p_value: 0
2026-04-14 12:58:49,276 - INFO - Regula po iteracji 0: IF  THEN class = {15.07} [14.25, 15.90], (p=370, n=206, P=370, N=206)
2026-04-14 12:58:49,277 - INFO - *****STOP GROWING RR RULE*****
2026-04-14 12:58:49,277 - INFO - ***RR NOT FOUND***
2026-04-14 12:58:49,279 - INFO - Iteracja 1: condition_best: Halfplot = {2}, quality_best: 0.195, coverage_best: (p=55, n=17, P=370, N=206)
2026-04-14 12:58:49,279 - INFO - Regula po iteracji 1: IF Trellis = {4} AND Halfplot = {2} THEN class = {15.15} [14.47, 15.82], (p=55, n=17, P=370, N=206)
2026-04-14 12:58:49,280 - INFO - *****GROWING RR RULE*****
2026-04-14 12:58:49,286 - INFO - Iteracja 0: condition_best: None, quality_best: -inf, coverage_best: (p=0, n=0, P=0, N=0), p_value: 0
2026-04-14 12:58:49,286 - INFO - Regula po iteracji 0: IF  THEN class = {15.07} [14.25, 15.90], (p=370, n=206, P=370, N=206)
2026-04-14 12:58:49,286 - INFO - *****STOP GROWING RR RULE*****
2026-04-14 12:58:49,286 - INFO - ***RR NOT FOUND***
2026-04-14 12:58:49,288 - INFO - Iteracja 2: condition_best: Interval = {2}, quality_best: 0.29, coverage_best: (p=18, n=6, P=261, N=315)
2026-04-14 12:58:49,288 - INFO - Regula po iteracji 2: IF Trellis = {4} AND Halfplot = {2} AND Interval = {2} THEN class = {15.17} [14.61, 15.72], (p=18, n=6, P=261, N=315)
2026-04-14 12:58:49,289 - INFO - *****GROWING RR RULE*****
2026-04-14 12:58:49,295 - INFO - Iteracja 0: condition_best: None, quality_best: -inf, coverage_best: (p=0, n=0, P=0, N=0), p_value: 0
2026-04-14 12:58:49,295 - INFO - Regula po iteracji 0: IF  THEN class = {15.07} [14.25, 15.90], (p=370, n=206, P=370, N=206)
2026-04-14 12:58:49,295 - INFO - *****STOP GROWING RR RULE*****
2026-04-14 12:58:49,295 - INFO - ***RR NOT FOUND***
2026-04-14 12:58:49,297 - INFO - Iteracja 3: condition_best: Method = {2}, quality_best: 0.29, coverage_best: (p=18, n=6, P=261, N=315)
2026-04-14 12:58:49,297 - INFO - Regula po iteracji 3: IF Trellis = {4} AND Halfplot = {2} AND Interval = {2} AND Method = {2} THEN class = {15.17} [14.61, 15.72], (p=18, n=6, P=261, N=315)
2026-04-14 12:58:49,298 - INFO - *****GROWING RR RULE*****
2026-04-14 12:58:49,304 - INFO - Iteracja 0: condition_best: None, quality_best: -inf, coverage_best: (p=0, n=0, P=0, N=0), p_value: 0
2026-04-14 12:58:49,304 - INFO - Regula po iteracji 0: IF  THEN class = {15.07} [14.25, 15.90], (p=370, n=206, P=370, N=206)
2026-04-14 12:58:49,304 - INFO - *****STOP GROWING RR RULE*****
2026-04-14 12:58:49,304 - INFO - ***RR NOT FOUND***
2026-04-14 12:58:49,307 - INFO - Iteracja 4: condition_best: Occasion = {1}, quality_best: 0.201, coverage_best: (p=8, n=4, P=261, N=315)
2026-04-14 12:58:49,307 - INFO - Regula po iteracji 4: IF Trellis = {4} AND Halfplot = {2} AND Interval = {2} AND Method = {2} AND Occasion = {1} THEN class = {15.12} [14.51, 15.74], (p=8, n=4, P=261, N=315)
2026-04-14 12:58:49,308 - INFO - *****GROWING RR RULE*****
2026-04-14 12:58:49,317 - INFO - Iteracja 0: condition_best: None, quality_best: -inf, coverage_best: (p=0, n=0, P=0, N=0), p_value: 0
2026-04-14 12:58:49,317 - INFO - Regula po iteracji 0: IF  THEN class = {15.07} [14.25, 15.90], (p=370, n=206, P=370, N=206)
2026-04-14 12:58:49,317 - INFO - *****STOP GROWING RR RULE*****
2026-04-14 12:58:49,317 - INFO - ***RR NOT FOUND***
2026-04-14 12:58:49,317 - INFO - *******STOP GROWING CR RULE*******
2026-04-14 12:58:49,321 - INFO - *******GROWING CR RULE*******
2026-04-14 12:58:49,325 - INFO - Iteracja 0: condition_best: Trellis = {4}, quality_best: 0.105, coverage_best: (p=101, n=43, P=370, N=206)
2026-04-14 12:58:49,325 - INFO - Regula po iteracji 0: IF Trellis = {4} THEN class = {15.11} [14.38, 15.83], (p=101, n=43, P=370, N=206)
2026-04-14 12:58:49,325 - INFO - *****GROWING RR RULE*****
2026-04-14 12:58:49,331 - INFO - Iteracja 0: condition_best: None, quality_best: -inf, coverage_best: (p=0, n=0, P=0, N=0), p_value: 0
2026-04-14 12:58:49,331 - INFO - Regula po iteracji 0: IF  THEN class = {15.07} [14.25, 15.90], (p=370, n=206, P=370, N=206)
2026-04-14 12:58:49,331 - INFO - *****STOP GROWING RR RULE*****
2026-04-14 12:58:49,331 - INFO - ***RR NOT FOUND***
2026-04-14 12:58:49,334 - INFO - Iteracja 1: condition_best: Halfplot = {2}, quality_best: 0.195, coverage_best: (p=55, n=17, P=370, N=206)
2026-04-14 12:58:49,334 - INFO - Regula po iteracji 1: IF Trellis = {4} AND Halfplot = {2} THEN class = {15.15} [14.47, 15.82], (p=55, n=17, P=370, N=206)
2026-04-14 12:58:49,335 - INFO - *****GROWING RR RULE*****
2026-04-14 12:58:49,340 - INFO - Iteracja 0: condition_best: None, quality_best: -inf, coverage_best: (p=0, n=0, P=0, N=0), p_value: 0
2026-04-14 12:58:49,341 - INFO - Regula po iteracji 0: IF  THEN class = {15.07} [14.25, 15.90], (p=370, n=206, P=370, N=206)
2026-04-14 12:58:49,341 - INFO - *****STOP GROWING RR RULE*****
2026-04-14 12:58:49,341 - INFO - ***RR NOT FOUND***
2026-04-14 12:58:49,343 - INFO - Iteracja 2: condition_best: Rows = {1}, quality_best: 0.281, coverage_best: (p=20, n=4, P=370, N=206)
2026-04-14 12:58:49,343 - INFO - Regula po iteracji 2: IF Trellis = {4} AND Halfplot = {2} AND Rows = {1} THEN class = {15.06} [14.43, 15.70], (p=20, n=4, P=370, N=206)
2026-04-14 12:58:49,344 - INFO - *****GROWING RR RULE*****
2026-04-14 12:58:49,350 - INFO - Iteracja 0: condition_best: None, quality_best: -inf, coverage_best: (p=0, n=0, P=0, N=0), p_value: 0
2026-04-14 12:58:49,350 - INFO - Regula po iteracji 0: IF  THEN class = {15.07} [14.25, 15.90], (p=370, n=206, P=370, N=206)
2026-04-14 12:58:49,350 - INFO - *****STOP GROWING RR RULE*****
2026-04-14 12:58:49,350 - INFO - ***RR NOT FOUND***
2026-04-14 12:58:49,352 - INFO - Iteracja 3: condition_best: Method = {2}, quality_best: 0.281, coverage_best: (p=20, n=4, P=370, N=206)
2026-04-14 12:58:49,352 - INFO - Regula po iteracji 3: IF Trellis = {4} AND Halfplot = {2} AND Rows = {1} AND Method = {2} THEN class = {15.06} [14.43, 15.70], (p=20, n=4, P=370, N=206)
2026-04-14 12:58:49,353 - INFO - *****GROWING RR RULE*****
2026-04-14 12:58:49,359 - INFO - Iteracja 0: condition_best: None, quality_best: -inf, coverage_best: (p=0, n=0, P=0, N=0), p_value: 0
2026-04-14 12:58:49,359 - INFO - Regula po iteracji 0: IF  THEN class = {15.07} [14.25, 15.90], (p=370, n=206, P=370, N=206)
2026-04-14 12:58:49,359 - INFO - *****STOP GROWING RR RULE*****
2026-04-14 12:58:49,359 - INFO - ***RR NOT FOUND***
2026-04-14 12:58:49,361 - INFO - Iteracja 4: condition_best: Occasion = {1}, quality_best: 0.154, coverage_best: (p=9, n=3, P=370, N=206)
2026-04-14 12:58:49,361 - INFO - Regula po iteracji 4: IF Trellis = {4} AND Halfplot = {2} AND Rows = {1} AND Method = {2} AND Occasion = {1} THEN class = {15.00} [14.21, 15.79], (p=9, n=3, P=370, N=206)
2026-04-14 12:58:49,363 - INFO - *****GROWING RR RULE*****
2026-04-14 12:58:49,370 - INFO - Iteracja 0: condition_best: None, quality_best: -inf, coverage_best: (p=0, n=0, P=0, N=0), p_value: 0
2026-04-14 12:58:49,370 - INFO - Regula po iteracji 0: IF  THEN class = {15.07} [14.25, 15.90], (p=370, n=206, P=370, N=206)
2026-04-14 12:58:49,370 - INFO - *****STOP GROWING RR RULE*****
2026-04-14 12:58:49,370 - INFO - ***RR NOT FOUND***
2026-04-14 12:58:49,370 - INFO - *******STOP GROWING CR RULE*******
2026-04-14 12:58:49,373 - INFO - *******GROWING CR RULE*******
2026-04-14 12:58:49,378 - INFO - Iteracja 0: condition_best: Trellis = {4}, quality_best: 0.105, coverage_best: (p=101, n=43, P=370, N=206)
2026-04-14 12:58:49,378 - INFO - Regula po iteracji 0: IF Trellis = {4} THEN class = {15.11} [14.38, 15.83], (p=101, n=43, P=370, N=206)
2026-04-14 12:58:49,378 - INFO - *****GROWING RR RULE*****
2026-04-14 12:58:49,384 - INFO - Iteracja 0: condition_best: None, quality_best: -inf, coverage_best: (p=0, n=0, P=0, N=0), p_value: 0
2026-04-14 12:58:49,384 - INFO - Regula po iteracji 0: IF  THEN class = {15.07} [14.25, 15.90], (p=370, n=206, P=370, N=206)
2026-04-14 12:58:49,384 - INFO - *****STOP GROWING RR RULE*****
2026-04-14 12:58:49,384 - INFO - ***RR NOT FOUND***
2026-04-14 12:58:49,387 - INFO - Iteracja 1: condition_best: Halfplot = {2}, quality_best: 0.195, coverage_best: (p=55, n=17, P=370, N=206)
2026-04-14 12:58:49,387 - INFO - Regula po iteracji 1: IF Trellis = {4} AND Halfplot = {2} THEN class = {15.15} [14.47, 15.82], (p=55, n=17, P=370, N=206)
2026-04-14 12:58:49,388 - INFO - *****GROWING RR RULE*****
2026-04-14 12:58:49,393 - INFO - Iteracja 0: condition_best: None, quality_best: -inf, coverage_best: (p=0, n=0, P=0, N=0), p_value: 0
2026-04-14 12:58:49,393 - INFO - Regula po iteracji 0: IF  THEN class = {15.07} [14.25, 15.90], (p=370, n=206, P=370, N=206)
2026-04-14 12:58:49,394 - INFO - *****STOP GROWING RR RULE*****
2026-04-14 12:58:49,394 - INFO - ***RR NOT FOUND***
2026-04-14 12:58:49,396 - INFO - Iteracja 2: condition_best: Position = {3}, quality_best: 0.273, coverage_best: (p=14, n=5, P=261, N=315)
2026-04-14 12:58:49,396 - INFO - Regula po iteracji 2: IF Trellis = {4} AND Halfplot = {2} AND Position = {3} THEN class = {15.18} [14.64, 15.73], (p=14, n=5, P=261, N=315)
2026-04-14 12:58:49,397 - INFO - *****GROWING RR RULE*****
2026-04-14 12:58:49,402 - INFO - Iteracja 0: condition_best: None, quality_best: -inf, coverage_best: (p=0, n=0, P=0, N=0), p_value: 0
2026-04-14 12:58:49,403 - INFO - Regula po iteracji 0: IF  THEN class = {15.07} [14.25, 15.90], (p=370, n=206, P=370, N=206)
2026-04-14 12:58:49,403 - INFO - *****STOP GROWING RR RULE*****
2026-04-14 12:58:49,403 - INFO - ***RR NOT FOUND***
2026-04-14 12:58:49,405 - INFO - Iteracja 3: condition_best: Occasion = {2}, quality_best: 0.305, coverage_best: (p=7, n=2, P=261, N=315)
2026-04-14 12:58:49,405 - INFO - Regula po iteracji 3: IF Trellis = {4} AND Halfplot = {2} AND Position = {3} AND Occasion = {2} THEN class = {15.22} [14.81, 15.64], (p=7, n=2, P=261, N=315)
2026-04-14 12:58:49,406 - INFO - *****GROWING RR RULE*****
2026-04-14 12:58:49,412 - INFO - Iteracja 0: condition_best: None, quality_best: -inf, coverage_best: (p=0, n=0, P=0, N=0), p_value: 0
2026-04-14 12:58:49,412 - INFO - Regula po iteracji 0: IF  THEN class = {15.07} [14.25, 15.90], (p=370, n=206, P=370, N=206)
2026-04-14 12:58:49,412 - INFO - *****STOP GROWING RR RULE*****
2026-04-14 12:58:49,412 - INFO - ***RR NOT FOUND***
2026-04-14 12:58:49,414 - INFO - Iteracja 4: condition_best: Squares = {2}, quality_best: 0.305, coverage_best: (p=7, n=2, P=261, N=315)
2026-04-14 12:58:49,414 - INFO - Regula po iteracji 4: IF Trellis = {4} AND Halfplot = {2} AND Position = {3} AND Occasion = {2} AND Squares = {2} THEN class = {15.22} [14.81, 15.64], (p=7, n=2, P=261, N=315)
2026-04-14 12:58:49,415 - INFO - *****GROWING RR RULE*****
2026-04-14 12:58:49,421 - INFO - Iteracja 0: condition_best: None, quality_best: -inf, coverage_best: (p=0, n=0, P=0, N=0), p_value: 0
2026-04-14 12:58:49,421 - INFO - Regula po iteracji 0: IF  THEN class = {15.07} [14.25, 15.90], (p=370, n=206, P=370, N=206)
2026-04-14 12:58:49,421 - INFO - *****STOP GROWING RR RULE*****
2026-04-14 12:58:49,421 - INFO - ***RR NOT FOUND***
2026-04-14 12:58:49,421 - INFO - *******STOP GROWING CR RULE*******
2026-04-14 12:58:49,424 - INFO - *******GROWING CR RULE*******
2026-04-14 12:58:49,429 - INFO - Iteracja 0: condition_best: Trellis = {4}, quality_best: 0.105, coverage_best: (p=101, n=43, P=370, N=206)
2026-04-14 12:58:49,429 - INFO - Regula po iteracji 0: IF Trellis = {4} THEN class = {15.11} [14.38, 15.83], (p=101, n=43, P=370, N=206)
2026-04-14 12:58:49,429 - INFO - *****GROWING RR RULE*****
2026-04-14 12:58:49,435 - INFO - Iteracja 0: condition_best: None, quality_best: -inf, coverage_best: (p=0, n=0, P=0, N=0), p_value: 0
2026-04-14 12:58:49,435 - INFO - Regula po iteracji 0: IF  THEN class = {15.07} [14.25, 15.90], (p=370, n=206, P=370, N=206)
2026-04-14 12:58:49,435 - INFO - *****STOP GROWING RR RULE*****
2026-04-14 12:58:49,435 - INFO - ***RR NOT FOUND***
2026-04-14 12:58:49,438 - INFO - Iteracja 1: condition_best: Halfplot = {2}, quality_best: 0.195, coverage_best: (p=55, n=17, P=370, N=206)
2026-04-14 12:58:49,438 - INFO - Regula po iteracji 1: IF Trellis = {4} AND Halfplot = {2} THEN class = {15.15} [14.47, 15.82], (p=55, n=17, P=370, N=206)
2026-04-14 12:58:49,438 - INFO - *****GROWING RR RULE*****
2026-04-14 12:58:49,444 - INFO - Iteracja 0: condition_best: None, quality_best: -inf, coverage_best: (p=0, n=0, P=0, N=0), p_value: 0
2026-04-14 12:58:49,444 - INFO - Regula po iteracji 0: IF  THEN class = {15.07} [14.25, 15.90], (p=370, n=206, P=370, N=206)
2026-04-14 12:58:49,444 - INFO - *****STOP GROWING RR RULE*****
2026-04-14 12:58:49,444 - INFO - ***RR NOT FOUND***
2026-04-14 12:58:49,447 - INFO - Iteracja 2: condition_best: Occasion = {2}, quality_best: 0.271, coverage_best: (p=26, n=10, P=261, N=315)
2026-04-14 12:58:49,447 - INFO - Regula po iteracji 2: IF Trellis = {4} AND Halfplot = {2} AND Occasion = {2} THEN class = {15.18} [14.71, 15.65], (p=26, n=10, P=261, N=315)
2026-04-14 12:58:49,448 - INFO - *****GROWING RR RULE*****
2026-04-14 12:58:49,453 - INFO - Iteracja 0: condition_best: None, quality_best: -inf, coverage_best: (p=0, n=0, P=0, N=0), p_value: 0
2026-04-14 12:58:49,454 - INFO - Regula po iteracji 0: IF  THEN class = {15.07} [14.25, 15.90], (p=370, n=206, P=370, N=206)
2026-04-14 12:58:49,454 - INFO - *****STOP GROWING RR RULE*****
2026-04-14 12:58:49,454 - INFO - ***RR NOT FOUND***
2026-04-14 12:58:49,456 - INFO - Iteracja 3: condition_best: Squares = {2}, quality_best: 0.271, coverage_best: (p=26, n=10, P=261, N=315)
2026-04-14 12:58:49,456 - INFO - Regula po iteracji 3: IF Trellis = {4} AND Halfplot = {2} AND Occasion = {2} AND Squares = {2} THEN class = {15.18} [14.71, 15.65], (p=26, n=10, P=261, N=315)
2026-04-14 12:58:49,457 - INFO - *****GROWING RR RULE*****
2026-04-14 12:58:49,463 - INFO - Iteracja 0: condition_best: None, quality_best: -inf, coverage_best: (p=0, n=0, P=0, N=0), p_value: 0
2026-04-14 12:58:49,463 - INFO - Regula po iteracji 0: IF  THEN class = {15.07} [14.25, 15.90], (p=370, n=206, P=370, N=206)
2026-04-14 12:58:49,463 - INFO - *****STOP GROWING RR RULE*****
2026-04-14 12:58:49,463 - INFO - ***RR NOT FOUND***
2026-04-14 12:58:49,466 - INFO - Iteracja 4: condition_best: Method = {2}, quality_best: 0.271, coverage_best: (p=26, n=10, P=261, N=315)
2026-04-14 12:58:49,466 - INFO - Regula po iteracji 4: IF Trellis = {4} AND Halfplot = {2} AND Occasion = {2} AND Squares = {2} AND Method = {2} THEN class = {15.18} [14.71, 15.65], (p=26, n=10, P=261, N=315)
2026-04-14 12:58:49,467 - INFO - *****GROWING RR RULE*****
2026-04-14 12:58:49,472 - INFO - Iteracja 0: condition_best: None, quality_best: -inf, coverage_best: (p=0, n=0, P=0, N=0), p_value: 0
2026-04-14 12:58:49,473 - INFO - Regula po iteracji 0: IF  THEN class = {15.07} [14.25, 15.90], (p=370, n=206, P=370, N=206)
2026-04-14 12:58:49,473 - INFO - *****STOP GROWING RR RULE*****
2026-04-14 12:58:49,473 - INFO - ***RR NOT FOUND***
2026-04-14 12:58:49,473 - INFO - *******STOP GROWING CR RULE*******
2026-04-14 12:58:49,476 - INFO - *******GROWING CR RULE*******
2026-04-14 12:58:49,480 - INFO - Iteracja 0: condition_best: Trellis = {4}, quality_best: 0.105, coverage_best: (p=101, n=43, P=370, N=206)
2026-04-14 12:58:49,480 - INFO - Regula po iteracji 0: IF Trellis = {4} THEN class = {15.11} [14.38, 15.83], (p=101, n=43, P=370, N=206)
2026-04-14 12:58:49,481 - INFO - *****GROWING RR RULE*****
2026-04-14 12:58:49,486 - INFO - Iteracja 0: condition_best: None, quality_best: -inf, coverage_best: (p=0, n=0, P=0, N=0), p_value: 0
2026-04-14 12:58:49,487 - INFO - Regula po iteracji 0: IF  THEN class = {15.07} [14.25, 15.90], (p=370, n=206, P=370, N=206)
2026-04-14 12:58:49,487 - INFO - *****STOP GROWING RR RULE*****
2026-04-14 12:58:49,487 - INFO - ***RR NOT FOUND***
2026-04-14 12:58:49,489 - INFO - Iteracja 1: condition_best: Interval = {3}, quality_best: 0.165, coverage_best: (p=36, n=12, P=370, N=206)
2026-04-14 12:58:49,489 - INFO - Regula po iteracji 1: IF Trellis = {4} AND Interval = {3} THEN class = {15.04} [14.41, 15.68], (p=36, n=12, P=370, N=206)
2026-04-14 12:58:49,490 - INFO - *****GROWING RR RULE*****
2026-04-14 12:58:49,496 - INFO - Iteracja 0: condition_best: None, quality_best: -inf, coverage_best: (p=0, n=0, P=0, N=0), p_value: 0
2026-04-14 12:58:49,496 - INFO - Regula po iteracji 0: IF  THEN class = {15.07} [14.25, 15.90], (p=370, n=206, P=370, N=206)
2026-04-14 12:58:49,496 - INFO - *****STOP GROWING RR RULE*****
2026-04-14 12:58:49,496 - INFO - ***RR NOT FOUND***
2026-04-14 12:58:49,498 - INFO - Iteracja 2: condition_best: Sittings = {3}, quality_best: 0.29, coverage_best: (p=9, n=3, P=249, N=327)
2026-04-14 12:58:49,498 - INFO - Regula po iteracji 2: IF Trellis = {4} AND Interval = {3} AND Sittings = {3} THEN class = {14.83} [14.32, 15.35], (p=9, n=3, P=249, N=327)
2026-04-14 12:58:49,499 - INFO - *****GROWING RR RULE*****
2026-04-14 12:58:49,505 - INFO - Iteracja 0: condition_best: None, quality_best: -inf, coverage_best: (p=0, n=0, P=0, N=0), p_value: 0
2026-04-14 12:58:49,505 - INFO - Regula po iteracji 0: IF  THEN class = {15.07} [14.25, 15.90], (p=370, n=206, P=370, N=206)
2026-04-14 12:58:49,505 - INFO - *****STOP GROWING RR RULE*****
2026-04-14 12:58:49,505 - INFO - ***RR NOT FOUND***
2026-04-14 12:58:49,507 - INFO - Iteracja 3: condition_best: None, quality_best: -inf, coverage_best: (p=0, n=0, P=0, N=0)
2026-04-14 12:58:49,507 - INFO - Regula po iteracji 3: IF Trellis = {4} AND Interval = {3} AND Sittings = {3} THEN class = {14.83} [14.32, 15.35], (p=9, n=3, P=249, N=327)
2026-04-14 12:58:49,507 - INFO - *******STOP GROWING CR RULE*******
2026-04-14 12:58:49,510 - INFO - *******GROWING CR RULE*******
2026-04-14 12:58:49,514 - INFO - Iteracja 0: condition_best: Trellis = {4}, quality_best: 0.105, coverage_best: (p=101, n=43, P=370, N=206)
2026-04-14 12:58:49,514 - INFO - Regula po iteracji 0: IF Trellis = {4} THEN class = {15.11} [14.38, 15.83], (p=101, n=43, P=370, N=206)
2026-04-14 12:58:49,514 - INFO - *****GROWING RR RULE*****
2026-04-14 12:58:49,520 - INFO - Iteracja 0: condition_best: None, quality_best: -inf, coverage_best: (p=0, n=0, P=0, N=0), p_value: 0
2026-04-14 12:58:49,520 - INFO - Regula po iteracji 0: IF  THEN class = {15.07} [14.25, 15.90], (p=370, n=206, P=370, N=206)
2026-04-14 12:58:49,521 - INFO - *****STOP GROWING RR RULE*****
2026-04-14 12:58:49,521 - INFO - ***RR NOT FOUND***
2026-04-14 12:58:49,523 - INFO - Iteracja 1: condition_best: Interval = {3}, quality_best: 0.165, coverage_best: (p=36, n=12, P=370, N=206)
2026-04-14 12:58:49,523 - INFO - Regula po iteracji 1: IF Trellis = {4} AND Interval = {3} THEN class = {15.04} [14.41, 15.68], (p=36, n=12, P=370, N=206)
2026-04-14 12:58:49,524 - INFO - *****GROWING RR RULE*****
2026-04-14 12:58:49,529 - INFO - Iteracja 0: condition_best: None, quality_best: -inf, coverage_best: (p=0, n=0, P=0, N=0), p_value: 0
2026-04-14 12:58:49,530 - INFO - Regula po iteracji 0: IF  THEN class = {15.07} [14.25, 15.90], (p=370, n=206, P=370, N=206)
2026-04-14 12:58:49,530 - INFO - *****STOP GROWING RR RULE*****
2026-04-14 12:58:49,530 - INFO - ***RR NOT FOUND***
2026-04-14 12:58:49,532 - INFO - Iteracja 2: condition_best: Rows = {3}, quality_best: 0.235, coverage_best: (p=11, n=5, P=249, N=327)
2026-04-14 12:58:49,532 - INFO - Regula po iteracji 2: IF Trellis = {4} AND Interval = {3} AND Rows = {3} THEN class = {14.91} [14.40, 15.41], (p=11, n=5, P=249, N=327)
2026-04-14 12:58:49,533 - INFO - *****GROWING RR RULE*****
2026-04-14 12:58:49,539 - INFO - Iteracja 0: condition_best: None, quality_best: -inf, coverage_best: (p=0, n=0, P=0, N=0), p_value: 0
2026-04-14 12:58:49,539 - INFO - Regula po iteracji 0: IF  THEN class = {15.07} [14.25, 15.90], (p=370, n=206, P=370, N=206)
2026-04-14 12:58:49,539 - INFO - *****STOP GROWING RR RULE*****
2026-04-14 12:58:49,539 - INFO - ***RR NOT FOUND***
2026-04-14 12:58:49,541 - INFO - Iteracja 3: condition_best: None, quality_best: -inf, coverage_best: (p=0, n=0, P=0, N=0)
2026-04-14 12:58:49,541 - INFO - Regula po iteracji 3: IF Trellis = {4} AND Interval = {3} AND Rows = {3} THEN class = {14.91} [14.40, 15.41], (p=11, n=5, P=249, N=327)
2026-04-14 12:58:49,541 - INFO - *******STOP GROWING CR RULE*******
2026-04-14 12:58:49,543 - INFO - *******GROWING CR RULE*******
2026-04-14 12:58:49,548 - INFO - Iteracja 0: condition_best: Trellis = {4}, quality_best: 0.105, coverage_best: (p=101, n=43, P=370, N=206)
2026-04-14 12:58:49,548 - INFO - Regula po iteracji 0: IF Trellis = {4} THEN class = {15.11} [14.38, 15.83], (p=101, n=43, P=370, N=206)
2026-04-14 12:58:49,548 - INFO - *****GROWING RR RULE*****
2026-04-14 12:58:49,554 - INFO - Iteracja 0: condition_best: None, quality_best: -inf, coverage_best: (p=0, n=0, P=0, N=0), p_value: 0
2026-04-14 12:58:49,554 - INFO - Regula po iteracji 0: IF  THEN class = {15.07} [14.25, 15.90], (p=370, n=206, P=370, N=206)
2026-04-14 12:58:49,554 - INFO - *****STOP GROWING RR RULE*****
2026-04-14 12:58:49,554 - INFO - ***RR NOT FOUND***
2026-04-14 12:58:49,557 - INFO - Iteracja 1: condition_best: Interval = {3}, quality_best: 0.165, coverage_best: (p=36, n=12, P=370, N=206)
2026-04-14 12:58:49,557 - INFO - Regula po iteracji 1: IF Trellis = {4} AND Interval = {3} THEN class = {15.04} [14.41, 15.68], (p=36, n=12, P=370, N=206)
2026-04-14 12:58:49,557 - INFO - *****GROWING RR RULE*****
2026-04-14 12:58:49,563 - INFO - Iteracja 0: condition_best: None, quality_best: -inf, coverage_best: (p=0, n=0, P=0, N=0), p_value: 0
2026-04-14 12:58:49,563 - INFO - Regula po iteracji 0: IF  THEN class = {15.07} [14.25, 15.90], (p=370, n=206, P=370, N=206)
2026-04-14 12:58:49,563 - INFO - *****STOP GROWING RR RULE*****
2026-04-14 12:58:49,564 - INFO - ***RR NOT FOUND***
2026-04-14 12:58:49,566 - INFO - Iteracja 2: condition_best: Rows = {1}, quality_best: -0.025, coverage_best: (p=10, n=6, P=370, N=206)
2026-04-14 12:58:49,566 - INFO - Regula po iteracji 2: IF Trellis = {4} AND Interval = {3} AND Rows = {1} THEN class = {15.12} [14.36, 15.89], (p=10, n=6, P=370, N=206)
2026-04-14 12:58:49,567 - INFO - *****GROWING RR RULE*****
2026-04-14 12:58:49,572 - INFO - Iteracja 0: condition_best: None, quality_best: -inf, coverage_best: (p=0, n=0, P=0, N=0), p_value: 0
2026-04-14 12:58:49,572 - INFO - Regula po iteracji 0: IF  THEN class = {15.07} [14.25, 15.90], (p=370, n=206, P=370, N=206)
2026-04-14 12:58:49,573 - INFO - *****STOP GROWING RR RULE*****
2026-04-14 12:58:49,573 - INFO - ***RR NOT FOUND***
2026-04-14 12:58:49,575 - INFO - Iteracja 3: condition_best: Halfplot = {1}, quality_best: -0.201, coverage_best: (p=4, n=4, P=370, N=206)
2026-04-14 12:58:49,575 - INFO - Regula po iteracji 3: IF Trellis = {4} AND Interval = {3} AND Rows = {1} AND Halfplot = {1} THEN class = {15.06} [14.18, 15.94], (p=4, n=4, P=370, N=206)
2026-04-14 12:58:49,576 - INFO - *****GROWING RR RULE*****
2026-04-14 12:58:49,585 - INFO - Iteracja 0: condition_best: None, quality_best: -inf, coverage_best: (p=0, n=0, P=0, N=0), p_value: 0
2026-04-14 12:58:49,585 - INFO - Regula po iteracji 0: IF  THEN class = {15.07} [14.25, 15.90], (p=370, n=206, P=370, N=206)
2026-04-14 12:58:49,585 - INFO - *****STOP GROWING RR RULE*****
2026-04-14 12:58:49,585 - INFO - ***RR NOT FOUND***
2026-04-14 12:58:49,587 - INFO - Iteracja 4: condition_best: Method = {1}, quality_best: -0.201, coverage_best: (p=4, n=4, P=370, N=206)
2026-04-14 12:58:49,587 - INFO - Regula po iteracji 4: IF Trellis = {4} AND Interval = {3} AND Rows = {1} AND Halfplot = {1} AND Method = {1} THEN class = {15.06} [14.18, 15.94], (p=4, n=4, P=370, N=206)
2026-04-14 12:58:49,588 - INFO - *****GROWING RR RULE*****
2026-04-14 12:58:49,597 - INFO - Iteracja 0: condition_best: None, quality_best: -inf, coverage_best: (p=0, n=0, P=0, N=0), p_value: 0
2026-04-14 12:58:49,598 - INFO - Regula po iteracji 0: IF  THEN class = {15.07} [14.25, 15.90], (p=370, n=206, P=370, N=206)
2026-04-14 12:58:49,598 - INFO - *****STOP GROWING RR RULE*****
2026-04-14 12:58:49,598 - INFO - ***RR NOT FOUND***
2026-04-14 12:58:49,598 - INFO - *******STOP GROWING CR RULE*******
2026-04-14 12:58:49,601 - INFO - *******GROWING CR RULE*******
2026-04-14 12:58:49,605 - INFO - Iteracja 0: condition_best: Trellis = {4}, quality_best: 0.105, coverage_best: (p=101, n=43, P=370, N=206)
2026-04-14 12:58:49,605 - INFO - Regula po iteracji 0: IF Trellis = {4} THEN class = {15.11} [14.38, 15.83], (p=101, n=43, P=370, N=206)
2026-04-14 12:58:49,606 - INFO - *****GROWING RR RULE*****
2026-04-14 12:58:49,612 - INFO - Iteracja 0: condition_best: None, quality_best: -inf, coverage_best: (p=0, n=0, P=0, N=0), p_value: 0
2026-04-14 12:58:49,612 - INFO - Regula po iteracji 0: IF  THEN class = {15.07} [14.25, 15.90], (p=370, n=206, P=370, N=206)
2026-04-14 12:58:49,612 - INFO - *****STOP GROWING RR RULE*****
2026-04-14 12:58:49,612 - INFO - ***RR NOT FOUND***
2026-04-14 12:58:49,614 - INFO - Iteracja 1: condition_best: Rows = {1}, quality_best: 0.165, coverage_best: (p=36, n=12, P=370, N=206)
2026-04-14 12:58:49,614 - INFO - Regula po iteracji 1: IF Trellis = {4} AND Rows = {1} THEN class = {15.05} [14.36, 15.75], (p=36, n=12, P=370, N=206)
2026-04-14 12:58:49,615 - INFO - *****GROWING RR RULE*****
2026-04-14 12:58:49,621 - INFO - Iteracja 0: condition_best: None, quality_best: -inf, coverage_best: (p=0, n=0, P=0, N=0), p_value: 0
2026-04-14 12:58:49,621 - INFO - Regula po iteracji 0: IF  THEN class = {15.07} [14.25, 15.90], (p=370, n=206, P=370, N=206)
2026-04-14 12:58:49,621 - INFO - *****STOP GROWING RR RULE*****
2026-04-14 12:58:49,621 - INFO - ***RR NOT FOUND***
2026-04-14 12:58:49,623 - INFO - Iteracja 2: condition_best: Occasion = {2}, quality_best: 0.344, coverage_best: (p=21, n=3, P=370, N=206)
2026-04-14 12:58:49,623 - INFO - Regula po iteracji 2: IF Trellis = {4} AND Rows = {1} AND Occasion = {2} THEN class = {15.06} [14.50, 15.63], (p=21, n=3, P=370, N=206)
2026-04-14 12:58:49,624 - INFO - *****GROWING RR RULE*****
2026-04-14 12:58:49,630 - INFO - Iteracja 0: condition_best: None, quality_best: -inf, coverage_best: (p=0, n=0, P=0, N=0), p_value: 0
2026-04-14 12:58:49,630 - INFO - Regula po iteracji 0: IF  THEN class = {15.07} [14.25, 15.90], (p=370, n=206, P=370, N=206)
2026-04-14 12:58:49,630 - INFO - *****STOP GROWING RR RULE*****
2026-04-14 12:58:49,630 - INFO - ***RR NOT FOUND***
2026-04-14 12:58:49,632 - INFO - Iteracja 3: condition_best: Squares = {2}, quality_best: 0.344, coverage_best: (p=21, n=3, P=370, N=206)
2026-04-14 12:58:49,632 - INFO - Regula po iteracji 3: IF Trellis = {4} AND Rows = {1} AND Occasion = {2} AND Squares = {2} THEN class = {15.06} [14.50, 15.63], (p=21, n=3, P=370, N=206)
2026-04-14 12:58:49,633 - INFO - *****GROWING RR RULE*****
2026-04-14 12:58:49,639 - INFO - Iteracja 0: condition_best: None, quality_best: -inf, coverage_best: (p=0, n=0, P=0, N=0), p_value: 0
2026-04-14 12:58:49,639 - INFO - Regula po iteracji 0: IF  THEN class = {15.07} [14.25, 15.90], (p=370, n=206, P=370, N=206)
2026-04-14 12:58:49,639 - INFO - *****STOP GROWING RR RULE*****
2026-04-14 12:58:49,639 - INFO - ***RR NOT FOUND***
2026-04-14 12:58:49,641 - INFO - Iteracja 4: condition_best: Columns = {1}, quality_best: 0.344, coverage_best: (p=21, n=3, P=370, N=206)
2026-04-14 12:58:49,642 - INFO - Regula po iteracji 4: IF Trellis = {4} AND Rows = {1} AND Occasion = {2} AND Squares = {2} AND Columns = {1} THEN class = {15.06} [14.50, 15.63], (p=21, n=3, P=370, N=206)
2026-04-14 12:58:49,643 - INFO - *****GROWING RR RULE*****
2026-04-14 12:58:49,648 - INFO - Iteracja 0: condition_best: None, quality_best: -inf, coverage_best: (p=0, n=0, P=0, N=0), p_value: 0
2026-04-14 12:58:49,648 - INFO - Regula po iteracji 0: IF  THEN class = {15.07} [14.25, 15.90], (p=370, n=206, P=370, N=206)
2026-04-14 12:58:49,649 - INFO - *****STOP GROWING RR RULE*****
2026-04-14 12:58:49,649 - INFO - ***RR NOT FOUND***
2026-04-14 12:58:49,649 - INFO - *******STOP GROWING CR RULE*******
2026-04-14 12:58:49,652 - INFO - *******GROWING CR RULE*******
2026-04-14 12:58:49,656 - INFO - Iteracja 0: condition_best: Trellis = {4}, quality_best: 0.105, coverage_best: (p=101, n=43, P=370, N=206)
2026-04-14 12:58:49,656 - INFO - Regula po iteracji 0: IF Trellis = {4} THEN class = {15.11} [14.38, 15.83], (p=101, n=43, P=370, N=206)
2026-04-14 12:58:49,656 - INFO - *****GROWING RR RULE*****
2026-04-14 12:58:49,662 - INFO - Iteracja 0: condition_best: None, quality_best: -inf, coverage_best: (p=0, n=0, P=0, N=0), p_value: 0
2026-04-14 12:58:49,662 - INFO - Regula po iteracji 0: IF  THEN class = {15.07} [14.25, 15.90], (p=370, n=206, P=370, N=206)
2026-04-14 12:58:49,662 - INFO - *****STOP GROWING RR RULE*****
2026-04-14 12:58:49,662 - INFO - ***RR NOT FOUND***
2026-04-14 12:58:49,665 - INFO - Iteracja 1: condition_best: Rows = {1}, quality_best: 0.165, coverage_best: (p=36, n=12, P=370, N=206)
2026-04-14 12:58:49,665 - INFO - Regula po iteracji 1: IF Trellis = {4} AND Rows = {1} THEN class = {15.05} [14.36, 15.75], (p=36, n=12, P=370, N=206)
2026-04-14 12:58:49,665 - INFO - *****GROWING RR RULE*****
2026-04-14 12:58:49,671 - INFO - Iteracja 0: condition_best: None, quality_best: -inf, coverage_best: (p=0, n=0, P=0, N=0), p_value: 0
2026-04-14 12:58:49,671 - INFO - Regula po iteracji 0: IF  THEN class = {15.07} [14.25, 15.90], (p=370, n=206, P=370, N=206)
2026-04-14 12:58:49,672 - INFO - *****STOP GROWING RR RULE*****
2026-04-14 12:58:49,672 - INFO - ***RR NOT FOUND***
2026-04-14 12:58:49,674 - INFO - Iteracja 2: condition_best: Halfplot = {1}, quality_best: 0.035, coverage_best: (p=16, n=8, P=370, N=206)
2026-04-14 12:58:49,674 - INFO - Regula po iteracji 2: IF Trellis = {4} AND Rows = {1} AND Halfplot = {1} THEN class = {15.04} [14.29, 15.79], (p=16, n=8, P=370, N=206)
2026-04-14 12:58:49,675 - INFO - *****GROWING RR RULE*****
2026-04-14 12:58:49,680 - INFO - Iteracja 0: condition_best: None, quality_best: -inf, coverage_best: (p=0, n=0, P=0, N=0), p_value: 0
2026-04-14 12:58:49,680 - INFO - Regula po iteracji 0: IF  THEN class = {15.07} [14.25, 15.90], (p=370, n=206, P=370, N=206)
2026-04-14 12:58:49,681 - INFO - *****STOP GROWING RR RULE*****
2026-04-14 12:58:49,681 - INFO - ***RR NOT FOUND***
2026-04-14 12:58:49,683 - INFO - Iteracja 3: condition_best: Method = {1}, quality_best: 0.035, coverage_best: (p=16, n=8, P=370, N=206)
2026-04-14 12:58:49,683 - INFO - Regula po iteracji 3: IF Trellis = {4} AND Rows = {1} AND Halfplot = {1} AND Method = {1} THEN class = {15.04} [14.29, 15.79], (p=16, n=8, P=370, N=206)
2026-04-14 12:58:49,684 - INFO - *****GROWING RR RULE*****
2026-04-14 12:58:49,690 - INFO - Iteracja 0: condition_best: None, quality_best: -inf, coverage_best: (p=0, n=0, P=0, N=0), p_value: 0
2026-04-14 12:58:49,690 - INFO - Regula po iteracji 0: IF  THEN class = {15.07} [14.25, 15.90], (p=370, n=206, P=370, N=206)
2026-04-14 12:58:49,690 - INFO - *****STOP GROWING RR RULE*****
2026-04-14 12:58:49,690 - INFO - ***RR NOT FOUND***
2026-04-14 12:58:49,692 - INFO - Iteracja 4: condition_best: Occasion = {1}, quality_best: -0.202, coverage_best: (p=6, n=6, P=370, N=206)
2026-04-14 12:58:49,692 - INFO - Regula po iteracji 4: IF Trellis = {4} AND Rows = {1} AND Halfplot = {1} AND Method = {1} AND Occasion = {1} THEN class = {15.08} [14.27, 15.90], (p=6, n=6, P=370, N=206)
2026-04-14 12:58:49,693 - INFO - *****GROWING RR RULE*****
2026-04-14 12:58:49,701 - INFO - Iteracja 0: condition_best: None, quality_best: -inf, coverage_best: (p=0, n=0, P=0, N=0), p_value: 0
2026-04-14 12:58:49,701 - INFO - Regula po iteracji 0: IF  THEN class = {15.07} [14.25, 15.90], (p=370, n=206, P=370, N=206)
2026-04-14 12:58:49,701 - INFO - *****STOP GROWING RR RULE*****
2026-04-14 12:58:49,701 - INFO - ***RR NOT FOUND***
2026-04-14 12:58:49,701 - INFO - *******STOP GROWING CR RULE*******
2026-04-14 12:58:49,704 - INFO - *******GROWING CR RULE*******
2026-04-14 12:58:49,708 - INFO - Iteracja 0: condition_best: Trellis = {4}, quality_best: 0.105, coverage_best: (p=101, n=43, P=370, N=206)
2026-04-14 12:58:49,708 - INFO - Regula po iteracji 0: IF Trellis = {4} THEN class = {15.11} [14.38, 15.83], (p=101, n=43, P=370, N=206)
2026-04-14 12:58:49,709 - INFO - *****GROWING RR RULE*****
2026-04-14 12:58:49,715 - INFO - Iteracja 0: condition_best: None, quality_best: -inf, coverage_best: (p=0, n=0, P=0, N=0), p_value: 0
2026-04-14 12:58:49,715 - INFO - Regula po iteracji 0: IF  THEN class = {15.07} [14.25, 15.90], (p=370, n=206, P=370, N=206)
2026-04-14 12:58:49,715 - INFO - *****STOP GROWING RR RULE*****
2026-04-14 12:58:49,715 - INFO - ***RR NOT FOUND***
2026-04-14 12:58:49,717 - INFO - Iteracja 1: condition_best: Position = {2}, quality_best: 0.161, coverage_best: (p=27, n=9, P=370, N=206)
2026-04-14 12:58:49,717 - INFO - Regula po iteracji 1: IF Trellis = {4} AND Position = {2} THEN class = {14.97} [14.32, 15.63], (p=27, n=9, P=370, N=206)
2026-04-14 12:58:49,718 - INFO - *****GROWING RR RULE*****
2026-04-14 12:58:49,724 - INFO - Iteracja 0: condition_best: None, quality_best: -inf, coverage_best: (p=0, n=0, P=0, N=0), p_value: 0
2026-04-14 12:58:49,724 - INFO - Regula po iteracji 0: IF  THEN class = {15.07} [14.25, 15.90], (p=370, n=206, P=370, N=206)
2026-04-14 12:58:49,724 - INFO - *****STOP GROWING RR RULE*****
2026-04-14 12:58:49,724 - INFO - ***RR NOT FOUND***
2026-04-14 12:58:49,726 - INFO - Iteracja 2: condition_best: Rows = {3}, quality_best: 0.154, coverage_best: (p=9, n=3, P=370, N=206)
2026-04-14 12:58:49,726 - INFO - Regula po iteracji 2: IF Trellis = {4} AND Position = {2} AND Rows = {3} THEN class = {14.92} [14.24, 15.59], (p=9, n=3, P=370, N=206)
2026-04-14 12:58:49,727 - INFO - *****GROWING RR RULE*****
2026-04-14 12:58:49,733 - INFO - Iteracja 0: condition_best: None, quality_best: -inf, coverage_best: (p=0, n=0, P=0, N=0), p_value: 0
2026-04-14 12:58:49,733 - INFO - Regula po iteracji 0: IF  THEN class = {15.07} [14.25, 15.90], (p=370, n=206, P=370, N=206)
2026-04-14 12:58:49,733 - INFO - *****STOP GROWING RR RULE*****
2026-04-14 12:58:49,733 - INFO - ***RR NOT FOUND***
2026-04-14 12:58:49,735 - INFO - Iteracja 3: condition_best: None, quality_best: -inf, coverage_best: (p=0, n=0, P=0, N=0)
2026-04-14 12:58:49,735 - INFO - Regula po iteracji 3: IF Trellis = {4} AND Position = {2} AND Rows = {3} THEN class = {14.92} [14.24, 15.59], (p=9, n=3, P=370, N=206)
2026-04-14 12:58:49,735 - INFO - *******STOP GROWING CR RULE*******
2026-04-14 12:58:49,738 - INFO - *******GROWING CR RULE*******
2026-04-14 12:58:49,742 - INFO - Iteracja 0: condition_best: Trellis = {4}, quality_best: 0.105, coverage_best: (p=101, n=43, P=370, N=206)
2026-04-14 12:58:49,742 - INFO - Regula po iteracji 0: IF Trellis = {4} THEN class = {15.11} [14.38, 15.83], (p=101, n=43, P=370, N=206)
2026-04-14 12:58:49,742 - INFO - *****GROWING RR RULE*****
2026-04-14 12:58:49,748 - INFO - Iteracja 0: condition_best: None, quality_best: -inf, coverage_best: (p=0, n=0, P=0, N=0), p_value: 0
2026-04-14 12:58:49,748 - INFO - Regula po iteracji 0: IF  THEN class = {15.07} [14.25, 15.90], (p=370, n=206, P=370, N=206)
2026-04-14 12:58:49,748 - INFO - *****STOP GROWING RR RULE*****
2026-04-14 12:58:49,748 - INFO - ***RR NOT FOUND***
2026-04-14 12:58:49,751 - INFO - Iteracja 1: condition_best: Interval = {2}, quality_best: 0.153, coverage_best: (p=29, n=19, P=261, N=315)
2026-04-14 12:58:49,751 - INFO - Regula po iteracji 1: IF Trellis = {4} AND Interval = {2} THEN class = {15.14} [14.52, 15.75], (p=29, n=19, P=261, N=315)
2026-04-14 12:58:49,752 - INFO - *****GROWING RR RULE*****
2026-04-14 12:58:49,757 - INFO - Iteracja 0: condition_best: None, quality_best: -inf, coverage_best: (p=0, n=0, P=0, N=0), p_value: 0
2026-04-14 12:58:49,757 - INFO - Regula po iteracji 0: IF  THEN class = {15.07} [14.25, 15.90], (p=370, n=206, P=370, N=206)
2026-04-14 12:58:49,758 - INFO - *****STOP GROWING RR RULE*****
2026-04-14 12:58:49,758 - INFO - ***RR NOT FOUND***
2026-04-14 12:58:49,760 - INFO - Iteracja 2: condition_best: Halfplot = {1}, quality_best: 0.096, coverage_best: (p=17, n=7, P=370, N=206)
2026-04-14 12:58:49,760 - INFO - Regula po iteracji 2: IF Trellis = {4} AND Interval = {2} AND Halfplot = {1} THEN class = {15.10} [14.43, 15.78], (p=17, n=7, P=370, N=206)
2026-04-14 12:58:49,761 - INFO - *****GROWING RR RULE*****
2026-04-14 12:58:49,766 - INFO - Iteracja 0: condition_best: None, quality_best: -inf, coverage_best: (p=0, n=0, P=0, N=0), p_value: 0
2026-04-14 12:58:49,767 - INFO - Regula po iteracji 0: IF  THEN class = {15.07} [14.25, 15.90], (p=370, n=206, P=370, N=206)
2026-04-14 12:58:49,767 - INFO - *****STOP GROWING RR RULE*****
2026-04-14 12:58:49,767 - INFO - ***RR NOT FOUND***
2026-04-14 12:58:49,769 - INFO - Iteracja 3: condition_best: Method = {1}, quality_best: 0.096, coverage_best: (p=17, n=7, P=370, N=206)
2026-04-14 12:58:49,769 - INFO - Regula po iteracji 3: IF Trellis = {4} AND Interval = {2} AND Halfplot = {1} AND Method = {1} THEN class = {15.10} [14.43, 15.78], (p=17, n=7, P=370, N=206)
2026-04-14 12:58:49,770 - INFO - *****GROWING RR RULE*****
2026-04-14 12:58:49,776 - INFO - Iteracja 0: condition_best: None, quality_best: -inf, coverage_best: (p=0, n=0, P=0, N=0), p_value: 0
2026-04-14 12:58:49,776 - INFO - Regula po iteracji 0: IF  THEN class = {15.07} [14.25, 15.90], (p=370, n=206, P=370, N=206)
2026-04-14 12:58:49,776 - INFO - *****STOP GROWING RR RULE*****
2026-04-14 12:58:49,776 - INFO - ***RR NOT FOUND***
2026-04-14 12:58:49,778 - INFO - Iteracja 4: condition_best: Rows = {3}, quality_best: -0.072, coverage_best: (p=3, n=5, P=261, N=315)
2026-04-14 12:58:49,778 - INFO - Regula po iteracji 4: IF Trellis = {4} AND Interval = {2} AND Halfplot = {1} AND Method = {1} AND Rows = {3} THEN class = {15.12} [14.53, 15.72], (p=3, n=5, P=261, N=315)
2026-04-14 12:58:49,780 - INFO - *****GROWING RR RULE*****
2026-04-14 12:58:49,785 - INFO - Iteracja 0: condition_best: None, quality_best: -inf, coverage_best: (p=0, n=0, P=0, N=0), p_value: 0
2026-04-14 12:58:49,785 - INFO - Regula po iteracji 0: IF  THEN class = {15.07} [14.25, 15.90], (p=370, n=206, P=370, N=206)
2026-04-14 12:58:49,786 - INFO - *****STOP GROWING RR RULE*****
2026-04-14 12:58:49,786 - INFO - ***RR NOT FOUND***
2026-04-14 12:58:49,786 - INFO - *******STOP GROWING CR RULE*******
2026-04-14 12:58:49,789 - INFO - *******GROWING CR RULE*******
2026-04-14 12:58:49,793 - INFO - Iteracja 0: condition_best: Trellis = {4}, quality_best: 0.105, coverage_best: (p=101, n=43, P=370, N=206)
2026-04-14 12:58:49,793 - INFO - Regula po iteracji 0: IF Trellis = {4} THEN class = {15.11} [14.38, 15.83], (p=101, n=43, P=370, N=206)
2026-04-14 12:58:49,793 - INFO - *****GROWING RR RULE*****
2026-04-14 12:58:49,799 - INFO - Iteracja 0: condition_best: None, quality_best: -inf, coverage_best: (p=0, n=0, P=0, N=0), p_value: 0
2026-04-14 12:58:49,799 - INFO - Regula po iteracji 0: IF  THEN class = {15.07} [14.25, 15.90], (p=370, n=206, P=370, N=206)
2026-04-14 12:58:49,799 - INFO - *****STOP GROWING RR RULE*****
2026-04-14 12:58:49,799 - INFO - ***RR NOT FOUND***
2026-04-14 12:58:49,802 - INFO - Iteracja 1: condition_best: Rows = {3}, quality_best: 0.069, coverage_best: (p=33, n=15, P=370, N=206)
2026-04-14 12:58:49,802 - INFO - Regula po iteracji 1: IF Trellis = {4} AND Rows = {3} THEN class = {14.94} [14.16, 15.71], (p=33, n=15, P=370, N=206)
2026-04-14 12:58:49,802 - INFO - *****GROWING RR RULE*****
2026-04-14 12:58:49,808 - INFO - Iteracja 0: condition_best: None, quality_best: -inf, coverage_best: (p=0, n=0, P=0, N=0), p_value: 0
2026-04-14 12:58:49,808 - INFO - Regula po iteracji 0: IF  THEN class = {15.07} [14.25, 15.90], (p=370, n=206, P=370, N=206)
2026-04-14 12:58:49,808 - INFO - *****STOP GROWING RR RULE*****
2026-04-14 12:58:49,809 - INFO - ***RR NOT FOUND***
2026-04-14 12:58:49,811 - INFO - Iteracja 2: condition_best: Halfplot = {1}, quality_best: 0.035, coverage_best: (p=16, n=8, P=370, N=206)
2026-04-14 12:58:49,811 - INFO - Regula po iteracji 2: IF Trellis = {4} AND Rows = {3} AND Halfplot = {1} THEN class = {14.96} [14.17, 15.75], (p=16, n=8, P=370, N=206)
2026-04-14 12:58:49,811 - INFO - *****GROWING RR RULE*****
2026-04-14 12:58:49,817 - INFO - Iteracja 0: condition_best: None, quality_best: -inf, coverage_best: (p=0, n=0, P=0, N=0), p_value: 0
2026-04-14 12:58:49,817 - INFO - Regula po iteracji 0: IF  THEN class = {15.07} [14.25, 15.90], (p=370, n=206, P=370, N=206)
2026-04-14 12:58:49,817 - INFO - *****STOP GROWING RR RULE*****
2026-04-14 12:58:49,817 - INFO - ***RR NOT FOUND***
2026-04-14 12:58:49,820 - INFO - Iteracja 3: condition_best: Method = {1}, quality_best: 0.035, coverage_best: (p=16, n=8, P=370, N=206)
2026-04-14 12:58:49,820 - INFO - Regula po iteracji 3: IF Trellis = {4} AND Rows = {3} AND Halfplot = {1} AND Method = {1} THEN class = {14.96} [14.17, 15.75], (p=16, n=8, P=370, N=206)
2026-04-14 12:58:49,821 - INFO - *****GROWING RR RULE*****
2026-04-14 12:58:49,826 - INFO - Iteracja 0: condition_best: None, quality_best: -inf, coverage_best: (p=0, n=0, P=0, N=0), p_value: 0
2026-04-14 12:58:49,826 - INFO - Regula po iteracji 0: IF  THEN class = {15.07} [14.25, 15.90], (p=370, n=206, P=370, N=206)
2026-04-14 12:58:49,827 - INFO - *****STOP GROWING RR RULE*****
2026-04-14 12:58:49,827 - INFO - ***RR NOT FOUND***
2026-04-14 12:58:49,829 - INFO - Iteracja 4: condition_best: Interval = {1}, quality_best: -0.484, coverage_best: (p=4, n=4, P=429, N=147)
2026-04-14 12:58:49,829 - INFO - Regula po iteracji 4: IF Trellis = {4} AND Rows = {3} AND Halfplot = {1} AND Method = {1} AND Interval = {1} THEN class = {14.88} [13.82, 15.93], (p=4, n=4, P=429, N=147)
2026-04-14 12:58:49,830 - INFO - *****GROWING RR RULE*****
2026-04-14 12:58:49,838 - INFO - Iteracja 0: condition_best: None, quality_best: -inf, coverage_best: (p=0, n=0, P=0, N=0), p_value: 0
2026-04-14 12:58:49,838 - INFO - Regula po iteracji 0: IF  THEN class = {15.07} [14.25, 15.90], (p=370, n=206, P=370, N=206)
2026-04-14 12:58:49,838 - INFO - *****STOP GROWING RR RULE*****
2026-04-14 12:58:49,838 - INFO - ***RR NOT FOUND***
2026-04-14 12:58:49,838 - INFO - *******STOP GROWING CR RULE*******
2026-04-14 12:58:49,841 - INFO - *******GROWING CR RULE*******
2026-04-14 12:58:49,845 - INFO - Iteracja 0: condition_best: Occasion = {2}, quality_best: 0.097, coverage_best: (p=198, n=90, P=370, N=206)
2026-04-14 12:58:49,845 - INFO - Regula po iteracji 0: IF Occasion = {2} THEN class = {15.03} [14.29, 15.77], (p=198, n=90, P=370, N=206)
2026-04-14 12:58:49,845 - INFO - *****GROWING RR RULE*****
2026-04-14 12:58:49,851 - INFO - Iteracja 0: condition_best: None, quality_best: -inf, coverage_best: (p=0, n=0, P=0, N=0), p_value: 0
2026-04-14 12:58:49,851 - INFO - Regula po iteracji 0: IF  THEN class = {15.07} [14.25, 15.90], (p=370, n=206, P=370, N=206)
2026-04-14 12:58:49,852 - INFO - *****STOP GROWING RR RULE*****
2026-04-14 12:58:49,852 - INFO - ***RR NOT FOUND***
2026-04-14 12:58:49,855 - INFO - Iteracja 1: condition_best: Judges = {3}, quality_best: 0.233, coverage_best: (p=32, n=16, P=249, N=327)
2026-04-14 12:58:49,855 - INFO - Regula po iteracji 1: IF Occasion = {2} AND Judges = {3} THEN class = {14.85} [14.30, 15.41], (p=32, n=16, P=249, N=327)
2026-04-14 12:58:49,855 - INFO - *****GROWING RR RULE*****
2026-04-14 12:58:49,861 - INFO - Iteracja 0: condition_best: None, quality_best: -inf, coverage_best: (p=0, n=0, P=0, N=0), p_value: 0
2026-04-14 12:58:49,861 - INFO - Regula po iteracji 0: IF  THEN class = {15.07} [14.25, 15.90], (p=370, n=206, P=370, N=206)
2026-04-14 12:58:49,861 - INFO - *****STOP GROWING RR RULE*****
2026-04-14 12:58:49,861 - INFO - ***RR NOT FOUND***
2026-04-14 12:58:49,863 - INFO - Iteracja 2: condition_best: Sittings = {3}, quality_best: 0.367, coverage_best: (p=10, n=2, P=249, N=327)
2026-04-14 12:58:49,864 - INFO - Regula po iteracji 2: IF Occasion = {2} AND Judges = {3} AND Sittings = {3} THEN class = {14.88} [14.41, 15.34], (p=10, n=2, P=249, N=327)
2026-04-14 12:58:49,864 - INFO - *****GROWING RR RULE*****
2026-04-14 12:58:49,870 - INFO - Iteracja 0: condition_best: None, quality_best: -inf, coverage_best: (p=0, n=0, P=0, N=0), p_value: 0
2026-04-14 12:58:49,870 - INFO - Regula po iteracji 0: IF  THEN class = {15.07} [14.25, 15.90], (p=370, n=206, P=370, N=206)
2026-04-14 12:58:49,870 - INFO - *****STOP GROWING RR RULE*****
2026-04-14 12:58:49,870 - INFO - ***RR NOT FOUND***
2026-04-14 12:58:49,872 - INFO - Iteracja 3: condition_best: Trellis = {3}, quality_best: 0.401, coverage_best: (p=7, n=1, P=249, N=327)
2026-04-14 12:58:49,872 - INFO - Regula po iteracji 3: IF Occasion = {2} AND Judges = {3} AND Sittings = {3} AND Trellis = {3} THEN class = {14.94} [14.47, 15.40], (p=7, n=1, P=249, N=327)
2026-04-14 12:58:49,873 - INFO - *****GROWING RR RULE*****
2026-04-14 12:58:49,879 - INFO - Iteracja 0: condition_best: None, quality_best: -inf, coverage_best: (p=0, n=0, P=0, N=0), p_value: 0
2026-04-14 12:58:49,879 - INFO - Regula po iteracji 0: IF  THEN class = {15.07} [14.25, 15.90], (p=370, n=206, P=370, N=206)
2026-04-14 12:58:49,879 - INFO - *****STOP GROWING RR RULE*****
2026-04-14 12:58:49,879 - INFO - ***RR NOT FOUND***
2026-04-14 12:58:49,881 - INFO - Iteracja 4: condition_best: Squares = {2}, quality_best: 0.401, coverage_best: (p=7, n=1, P=249, N=327)
2026-04-14 12:58:49,881 - INFO - Regula po iteracji 4: IF Occasion = {2} AND Judges = {3} AND Sittings = {3} AND Trellis = {3} AND Squares = {2} THEN class = {14.94} [14.47, 15.40], (p=7, n=1, P=249, N=327)
2026-04-14 12:58:49,882 - INFO - *****GROWING RR RULE*****
2026-04-14 12:58:49,888 - INFO - Iteracja 0: condition_best: None, quality_best: -inf, coverage_best: (p=0, n=0, P=0, N=0), p_value: 0
2026-04-14 12:58:49,888 - INFO - Regula po iteracji 0: IF  THEN class = {15.07} [14.25, 15.90], (p=370, n=206, P=370, N=206)
2026-04-14 12:58:49,888 - INFO - *****STOP GROWING RR RULE*****
2026-04-14 12:58:49,888 - INFO - ***RR NOT FOUND***
2026-04-14 12:58:49,888 - INFO - *******STOP GROWING CR RULE*******
2026-04-14 12:58:49,891 - INFO - *******GROWING CR RULE*******
2026-04-14 12:58:49,895 - INFO - Iteracja 0: condition_best: Occasion = {2}, quality_best: 0.097, coverage_best: (p=198, n=90, P=370, N=206)
2026-04-14 12:58:49,895 - INFO - Regula po iteracji 0: IF Occasion = {2} THEN class = {15.03} [14.29, 15.77], (p=198, n=90, P=370, N=206)
2026-04-14 12:58:49,896 - INFO - *****GROWING RR RULE*****
2026-04-14 12:58:49,902 - INFO - Iteracja 0: condition_best: None, quality_best: -inf, coverage_best: (p=0, n=0, P=0, N=0), p_value: 0
2026-04-14 12:58:49,902 - INFO - Regula po iteracji 0: IF  THEN class = {15.07} [14.25, 15.90], (p=370, n=206, P=370, N=206)
2026-04-14 12:58:49,902 - INFO - *****STOP GROWING RR RULE*****
2026-04-14 12:58:49,902 - INFO - ***RR NOT FOUND***
2026-04-14 12:58:49,905 - INFO - Iteracja 1: condition_best: Judges = {3}, quality_best: 0.233, coverage_best: (p=32, n=16, P=249, N=327)
2026-04-14 12:58:49,905 - INFO - Regula po iteracji 1: IF Occasion = {2} AND Judges = {3} THEN class = {14.85} [14.30, 15.41], (p=32, n=16, P=249, N=327)
2026-04-14 12:58:49,906 - INFO - *****GROWING RR RULE*****
2026-04-14 12:58:49,911 - INFO - Iteracja 0: condition_best: None, quality_best: -inf, coverage_best: (p=0, n=0, P=0, N=0), p_value: 0
2026-04-14 12:58:49,912 - INFO - Regula po iteracji 0: IF  THEN class = {15.07} [14.25, 15.90], (p=370, n=206, P=370, N=206)
2026-04-14 12:58:49,912 - INFO - *****STOP GROWING RR RULE*****
2026-04-14 12:58:49,912 - INFO - ***RR NOT FOUND***
2026-04-14 12:58:49,914 - INFO - Iteracja 2: condition_best: Sittings = {2}, quality_best: 0.29, coverage_best: (p=9, n=3, P=249, N=327)
2026-04-14 12:58:49,914 - INFO - Regula po iteracji 2: IF Occasion = {2} AND Judges = {3} AND Sittings = {2} THEN class = {14.88} [14.46, 15.29], (p=9, n=3, P=249, N=327)
2026-04-14 12:58:49,915 - INFO - *****GROWING RR RULE*****
2026-04-14 12:58:49,920 - INFO - Iteracja 0: condition_best: None, quality_best: -inf, coverage_best: (p=0, n=0, P=0, N=0), p_value: 0
2026-04-14 12:58:49,921 - INFO - Regula po iteracji 0: IF  THEN class = {15.07} [14.25, 15.90], (p=370, n=206, P=370, N=206)
2026-04-14 12:58:49,921 - INFO - *****STOP GROWING RR RULE*****
2026-04-14 12:58:49,921 - INFO - ***RR NOT FOUND***
2026-04-14 12:58:49,923 - INFO - Iteracja 3: condition_best: Squares = {2}, quality_best: 0.29, coverage_best: (p=9, n=3, P=249, N=327)
2026-04-14 12:58:49,923 - INFO - Regula po iteracji 3: IF Occasion = {2} AND Judges = {3} AND Sittings = {2} AND Squares = {2} THEN class = {14.88} [14.46, 15.29], (p=9, n=3, P=249, N=327)
2026-04-14 12:58:49,924 - INFO - *****GROWING RR RULE*****
2026-04-14 12:58:49,929 - INFO - Iteracja 0: condition_best: None, quality_best: -inf, coverage_best: (p=0, n=0, P=0, N=0), p_value: 0
2026-04-14 12:58:49,929 - INFO - Regula po iteracji 0: IF  THEN class = {15.07} [14.25, 15.90], (p=370, n=206, P=370, N=206)
2026-04-14 12:58:49,929 - INFO - *****STOP GROWING RR RULE*****
2026-04-14 12:58:49,929 - INFO - ***RR NOT FOUND***
2026-04-14 12:58:49,932 - INFO - Iteracja 4: condition_best: Columns = {4}, quality_best: 0.173, coverage_best: (p=5, n=3, P=249, N=327)
2026-04-14 12:58:49,932 - INFO - Regula po iteracji 4: IF Occasion = {2} AND Judges = {3} AND Sittings = {2} AND Squares = {2} AND Columns = {4} THEN class = {14.88} [14.39, 15.36], (p=5, n=3, P=249, N=327)
2026-04-14 12:58:49,933 - INFO - *****GROWING RR RULE*****
2026-04-14 12:58:49,939 - INFO - Iteracja 0: condition_best: None, quality_best: -inf, coverage_best: (p=0, n=0, P=0, N=0), p_value: 0
2026-04-14 12:58:49,939 - INFO - Regula po iteracji 0: IF  THEN class = {15.07} [14.25, 15.90], (p=370, n=206, P=370, N=206)
2026-04-14 12:58:49,939 - INFO - *****STOP GROWING RR RULE*****
2026-04-14 12:58:49,939 - INFO - ***RR NOT FOUND***
2026-04-14 12:58:49,939 - INFO - *******STOP GROWING CR RULE*******
2026-04-14 12:58:49,942 - INFO - *******GROWING CR RULE*******
2026-04-14 12:58:49,946 - INFO - Iteracja 0: condition_best: Occasion = {2}, quality_best: 0.097, coverage_best: (p=198, n=90, P=370, N=206)
2026-04-14 12:58:49,946 - INFO - Regula po iteracji 0: IF Occasion = {2} THEN class = {15.03} [14.29, 15.77], (p=198, n=90, P=370, N=206)
2026-04-14 12:58:49,946 - INFO - *****GROWING RR RULE*****
2026-04-14 12:58:49,952 - INFO - Iteracja 0: condition_best: None, quality_best: -inf, coverage_best: (p=0, n=0, P=0, N=0), p_value: 0
2026-04-14 12:58:49,952 - INFO - Regula po iteracji 0: IF  THEN class = {15.07} [14.25, 15.90], (p=370, n=206, P=370, N=206)
2026-04-14 12:58:49,952 - INFO - *****STOP GROWING RR RULE*****
2026-04-14 12:58:49,952 - INFO - ***RR NOT FOUND***
2026-04-14 12:58:49,956 - INFO - Iteracja 1: condition_best: Judges = {3}, quality_best: 0.233, coverage_best: (p=32, n=16, P=249, N=327)
2026-04-14 12:58:49,956 - INFO - Regula po iteracji 1: IF Occasion = {2} AND Judges = {3} THEN class = {14.85} [14.30, 15.41], (p=32, n=16, P=249, N=327)
2026-04-14 12:58:49,956 - INFO - *****GROWING RR RULE*****
2026-04-14 12:58:49,962 - INFO - Iteracja 0: condition_best: None, quality_best: -inf, coverage_best: (p=0, n=0, P=0, N=0), p_value: 0
2026-04-14 12:58:49,962 - INFO - Regula po iteracji 0: IF  THEN class = {15.07} [14.25, 15.90], (p=370, n=206, P=370, N=206)
2026-04-14 12:58:49,962 - INFO - *****STOP GROWING RR RULE*****
2026-04-14 12:58:49,962 - INFO - ***RR NOT FOUND***
2026-04-14 12:58:49,964 - INFO - Iteracja 2: condition_best: Squares = {2}, quality_best: 0.233, coverage_best: (p=32, n=16, P=249, N=327)
2026-04-14 12:58:49,964 - INFO - Regula po iteracji 2: IF Occasion = {2} AND Judges = {3} AND Squares = {2} THEN class = {14.85} [14.30, 15.41], (p=32, n=16, P=249, N=327)
2026-04-14 12:58:49,965 - INFO - *****GROWING RR RULE*****
2026-04-14 12:58:49,971 - INFO - Iteracja 0: condition_best: None, quality_best: -inf, coverage_best: (p=0, n=0, P=0, N=0), p_value: 0
2026-04-14 12:58:49,971 - INFO - Regula po iteracji 0: IF  THEN class = {15.07} [14.25, 15.90], (p=370, n=206, P=370, N=206)
2026-04-14 12:58:49,971 - INFO - *****STOP GROWING RR RULE*****
2026-04-14 12:58:49,971 - INFO - ***RR NOT FOUND***
2026-04-14 12:58:49,973 - INFO - Iteracja 3: condition_best: None, quality_best: -inf, coverage_best: (p=0, n=0, P=0, N=0)
2026-04-14 12:58:49,973 - INFO - Regula po iteracji 3: IF Occasion = {2} AND Judges = {3} AND Squares = {2} THEN class = {14.85} [14.30, 15.41], (p=32, n=16, P=249, N=327)
2026-04-14 12:58:49,973 - INFO - *******STOP GROWING CR RULE*******
2026-04-14 12:58:49,976 - INFO - *******GROWING CR RULE*******
2026-04-14 12:58:49,980 - INFO - Iteracja 0: condition_best: Occasion = {2}, quality_best: 0.097, coverage_best: (p=198, n=90, P=370, N=206)
2026-04-14 12:58:49,980 - INFO - Regula po iteracji 0: IF Occasion = {2} THEN class = {15.03} [14.29, 15.77], (p=198, n=90, P=370, N=206)
2026-04-14 12:58:49,980 - INFO - *****GROWING RR RULE*****
2026-04-14 12:58:49,986 - INFO - Iteracja 0: condition_best: None, quality_best: -inf, coverage_best: (p=0, n=0, P=0, N=0), p_value: 0
2026-04-14 12:58:49,986 - INFO - Regula po iteracji 0: IF  THEN class = {15.07} [14.25, 15.90], (p=370, n=206, P=370, N=206)
2026-04-14 12:58:49,986 - INFO - *****STOP GROWING RR RULE*****
2026-04-14 12:58:49,987 - INFO - ***RR NOT FOUND***
2026-04-14 12:58:49,990 - INFO - Iteracja 1: condition_best: Sittings = {3}, quality_best: 0.172, coverage_best: (p=54, n=18, P=370, N=206)
2026-04-14 12:58:49,990 - INFO - Regula po iteracji 1: IF Occasion = {2} AND Sittings = {3} THEN class = {14.98} [14.27, 15.69], (p=54, n=18, P=370, N=206)
2026-04-14 12:58:49,990 - INFO - *****GROWING RR RULE*****
2026-04-14 12:58:49,996 - INFO - Iteracja 0: condition_best: None, quality_best: -inf, coverage_best: (p=0, n=0, P=0, N=0), p_value: 0
2026-04-14 12:58:49,996 - INFO - Regula po iteracji 0: IF  THEN class = {15.07} [14.25, 15.90], (p=370, n=206, P=370, N=206)
2026-04-14 12:58:49,996 - INFO - *****STOP GROWING RR RULE*****
2026-04-14 12:58:49,996 - INFO - ***RR NOT FOUND***
2026-04-14 12:58:49,999 - INFO - Iteracja 2: condition_best: Trellis = {3}, quality_best: 0.223, coverage_best: (p=11, n=5, P=261, N=315)
2026-04-14 12:58:49,999 - INFO - Regula po iteracji 2: IF Occasion = {2} AND Sittings = {3} AND Trellis = {3} THEN class = {15.16} [14.70, 15.61], (p=11, n=5, P=261, N=315)
2026-04-14 12:58:49,999 - INFO - *****GROWING RR RULE*****
2026-04-14 12:58:50,005 - INFO - Iteracja 0: condition_best: None, quality_best: -inf, coverage_best: (p=0, n=0, P=0, N=0), p_value: 0
2026-04-14 12:58:50,005 - INFO - Regula po iteracji 0: IF  THEN class = {15.07} [14.25, 15.90], (p=370, n=206, P=370, N=206)
2026-04-14 12:58:50,005 - INFO - *****STOP GROWING RR RULE*****
2026-04-14 12:58:50,005 - INFO - ***RR NOT FOUND***
2026-04-14 12:58:50,007 - INFO - Iteracja 3: condition_best: Squares = {2}, quality_best: 0.223, coverage_best: (p=11, n=5, P=261, N=315)
2026-04-14 12:58:50,007 - INFO - Regula po iteracji 3: IF Occasion = {2} AND Sittings = {3} AND Trellis = {3} AND Squares = {2} THEN class = {15.16} [14.70, 15.61], (p=11, n=5, P=261, N=315)
2026-04-14 12:58:50,008 - INFO - *****GROWING RR RULE*****
2026-04-14 12:58:50,014 - INFO - Iteracja 0: condition_best: None, quality_best: -inf, coverage_best: (p=0, n=0, P=0, N=0), p_value: 0
2026-04-14 12:58:50,014 - INFO - Regula po iteracji 0: IF  THEN class = {15.07} [14.25, 15.90], (p=370, n=206, P=370, N=206)
2026-04-14 12:58:50,014 - INFO - *****STOP GROWING RR RULE*****
2026-04-14 12:58:50,014 - INFO - ***RR NOT FOUND***
2026-04-14 12:58:50,017 - INFO - Iteracja 4: condition_best: Judges = {5}, quality_best: 0.19, coverage_best: (p=4, n=4, P=121, N=455)
2026-04-14 12:58:50,017 - INFO - Regula po iteracji 4: IF Occasion = {2} AND Sittings = {3} AND Trellis = {3} AND Squares = {2} AND Judges = {5} THEN class = {15.38} [15.04, 15.71], (p=4, n=4, P=121, N=455)
2026-04-14 12:58:50,018 - INFO - *****GROWING RR RULE*****
2026-04-14 12:58:50,023 - INFO - Iteracja 0: condition_best: None, quality_best: -inf, coverage_best: (p=0, n=0, P=0, N=0), p_value: 0
2026-04-14 12:58:50,024 - INFO - Regula po iteracji 0: IF  THEN class = {15.07} [14.25, 15.90], (p=370, n=206, P=370, N=206)
2026-04-14 12:58:50,024 - INFO - *****STOP GROWING RR RULE*****
2026-04-14 12:58:50,024 - INFO - ***RR NOT FOUND***
2026-04-14 12:58:50,024 - INFO - *******STOP GROWING CR RULE*******
2026-04-14 12:58:50,026 - INFO - *******GROWING CR RULE*******
2026-04-14 12:58:50,031 - INFO - Iteracja 0: condition_best: Occasion = {2}, quality_best: 0.097, coverage_best: (p=198, n=90, P=370, N=206)
2026-04-14 12:58:50,031 - INFO - Regula po iteracji 0: IF Occasion = {2} THEN class = {15.03} [14.29, 15.77], (p=198, n=90, P=370, N=206)
2026-04-14 12:58:50,031 - INFO - *****GROWING RR RULE*****
2026-04-14 12:58:50,037 - INFO - Iteracja 0: condition_best: None, quality_best: -inf, coverage_best: (p=0, n=0, P=0, N=0), p_value: 0
2026-04-14 12:58:50,037 - INFO - Regula po iteracji 0: IF  THEN class = {15.07} [14.25, 15.90], (p=370, n=206, P=370, N=206)
2026-04-14 12:58:50,037 - INFO - *****STOP GROWING RR RULE*****
2026-04-14 12:58:50,037 - INFO - ***RR NOT FOUND***
2026-04-14 12:58:50,040 - INFO - Iteracja 1: condition_best: Sittings = {3}, quality_best: 0.172, coverage_best: (p=54, n=18, P=370, N=206)
2026-04-14 12:58:50,040 - INFO - Regula po iteracji 1: IF Occasion = {2} AND Sittings = {3} THEN class = {14.98} [14.27, 15.69], (p=54, n=18, P=370, N=206)
2026-04-14 12:58:50,041 - INFO - *****GROWING RR RULE*****
2026-04-14 12:58:50,047 - INFO - Iteracja 0: condition_best: None, quality_best: -inf, coverage_best: (p=0, n=0, P=0, N=0), p_value: 0
2026-04-14 12:58:50,047 - INFO - Regula po iteracji 0: IF  THEN class = {15.07} [14.25, 15.90], (p=370, n=206, P=370, N=206)
2026-04-14 12:58:50,047 - INFO - *****STOP GROWING RR RULE*****
2026-04-14 12:58:50,047 - INFO - ***RR NOT FOUND***
2026-04-14 12:58:50,049 - INFO - Iteracja 2: condition_best: Rows = {3}, quality_best: 0.22, coverage_best: (p=16, n=8, P=249, N=327)
2026-04-14 12:58:50,049 - INFO - Regula po iteracji 2: IF Occasion = {2} AND Sittings = {3} AND Rows = {3} THEN class = {14.94} [14.41, 15.46], (p=16, n=8, P=249, N=327)
2026-04-14 12:58:50,050 - INFO - *****GROWING RR RULE*****
2026-04-14 12:58:50,056 - INFO - Iteracja 0: condition_best: None, quality_best: -inf, coverage_best: (p=0, n=0, P=0, N=0), p_value: 0
2026-04-14 12:58:50,056 - INFO - Regula po iteracji 0: IF  THEN class = {15.07} [14.25, 15.90], (p=370, n=206, P=370, N=206)
2026-04-14 12:58:50,056 - INFO - *****STOP GROWING RR RULE*****
2026-04-14 12:58:50,056 - INFO - ***RR NOT FOUND***
2026-04-14 12:58:50,058 - INFO - Iteracja 3: condition_best: Columns = {1}, quality_best: 0.287, coverage_best: (p=6, n=2, P=249, N=327)
2026-04-14 12:58:50,058 - INFO - Regula po iteracji 3: IF Occasion = {2} AND Sittings = {3} AND Rows = {3} AND Columns = {1} THEN class = {14.81} [14.26, 15.37], (p=6, n=2, P=249, N=327)
2026-04-14 12:58:50,059 - INFO - *****GROWING RR RULE*****
2026-04-14 12:58:50,065 - INFO - Iteracja 0: condition_best: None, quality_best: -inf, coverage_best: (p=0, n=0, P=0, N=0), p_value: 0
2026-04-14 12:58:50,065 - INFO - Regula po iteracji 0: IF  THEN class = {15.07} [14.25, 15.90], (p=370, n=206, P=370, N=206)
2026-04-14 12:58:50,065 - INFO - *****STOP GROWING RR RULE*****
2026-04-14 12:58:50,065 - INFO - ***RR NOT FOUND***
2026-04-14 12:58:50,067 - INFO - Iteracja 4: condition_best: Squares = {2}, quality_best: 0.287, coverage_best: (p=6, n=2, P=249, N=327)
2026-04-14 12:58:50,067 - INFO - Regula po iteracji 4: IF Occasion = {2} AND Sittings = {3} AND Rows = {3} AND Columns = {1} AND Squares = {2} THEN class = {14.81} [14.26, 15.37], (p=6, n=2, P=249, N=327)
2026-04-14 12:58:50,068 - INFO - *****GROWING RR RULE*****
2026-04-14 12:58:50,074 - INFO - Iteracja 0: condition_best: None, quality_best: -inf, coverage_best: (p=0, n=0, P=0, N=0), p_value: 0
2026-04-14 12:58:50,074 - INFO - Regula po iteracji 0: IF  THEN class = {15.07} [14.25, 15.90], (p=370, n=206, P=370, N=206)
2026-04-14 12:58:50,074 - INFO - *****STOP GROWING RR RULE*****
2026-04-14 12:58:50,075 - INFO - ***RR NOT FOUND***
2026-04-14 12:58:50,075 - INFO - *******STOP GROWING CR RULE*******
2026-04-14 12:58:50,077 - INFO - *******GROWING CR RULE*******
2026-04-14 12:58:50,081 - INFO - Iteracja 0: condition_best: Occasion = {2}, quality_best: 0.097, coverage_best: (p=198, n=90, P=370, N=206)
2026-04-14 12:58:50,081 - INFO - Regula po iteracji 0: IF Occasion = {2} THEN class = {15.03} [14.29, 15.77], (p=198, n=90, P=370, N=206)
2026-04-14 12:58:50,082 - INFO - *****GROWING RR RULE*****
2026-04-14 12:58:50,088 - INFO - Iteracja 0: condition_best: None, quality_best: -inf, coverage_best: (p=0, n=0, P=0, N=0), p_value: 0
2026-04-14 12:58:50,088 - INFO - Regula po iteracji 0: IF  THEN class = {15.07} [14.25, 15.90], (p=370, n=206, P=370, N=206)
2026-04-14 12:58:50,088 - INFO - *****STOP GROWING RR RULE*****
2026-04-14 12:58:50,088 - INFO - ***RR NOT FOUND***
2026-04-14 12:58:50,091 - INFO - Iteracja 1: condition_best: Sittings = {3}, quality_best: 0.172, coverage_best: (p=54, n=18, P=370, N=206)
2026-04-14 12:58:50,091 - INFO - Regula po iteracji 1: IF Occasion = {2} AND Sittings = {3} THEN class = {14.98} [14.27, 15.69], (p=54, n=18, P=370, N=206)
2026-04-14 12:58:50,092 - INFO - *****GROWING RR RULE*****
2026-04-14 12:58:50,098 - INFO - Iteracja 0: condition_best: None, quality_best: -inf, coverage_best: (p=0, n=0, P=0, N=0), p_value: 0
2026-04-14 12:58:50,098 - INFO - Regula po iteracji 0: IF  THEN class = {15.07} [14.25, 15.90], (p=370, n=206, P=370, N=206)
2026-04-14 12:58:50,098 - INFO - *****STOP GROWING RR RULE*****
2026-04-14 12:58:50,098 - INFO - ***RR NOT FOUND***
2026-04-14 12:58:50,100 - INFO - Iteracja 2: condition_best: Squares = {2}, quality_best: 0.172, coverage_best: (p=54, n=18, P=370, N=206)
2026-04-14 12:58:50,100 - INFO - Regula po iteracji 2: IF Occasion = {2} AND Sittings = {3} AND Squares = {2} THEN class = {14.98} [14.27, 15.69], (p=54, n=18, P=370, N=206)
2026-04-14 12:58:50,101 - INFO - *****GROWING RR RULE*****
2026-04-14 12:58:50,107 - INFO - Iteracja 0: condition_best: None, quality_best: -inf, coverage_best: (p=0, n=0, P=0, N=0), p_value: 0
2026-04-14 12:58:50,107 - INFO - Regula po iteracji 0: IF  THEN class = {15.07} [14.25, 15.90], (p=370, n=206, P=370, N=206)
2026-04-14 12:58:50,107 - INFO - *****STOP GROWING RR RULE*****
2026-04-14 12:58:50,107 - INFO - ***RR NOT FOUND***
2026-04-14 12:58:50,109 - INFO - Iteracja 3: condition_best: Halfplot = {2}, quality_best: 0.119, coverage_best: (p=26, n=10, P=370, N=206)
2026-04-14 12:58:50,109 - INFO - Regula po iteracji 3: IF Occasion = {2} AND Sittings = {3} AND Squares = {2} AND Halfplot = {2} THEN class = {14.96} [14.18, 15.73], (p=26, n=10, P=370, N=206)
2026-04-14 12:58:50,110 - INFO - *****GROWING RR RULE*****
2026-04-14 12:58:50,116 - INFO - Iteracja 0: condition_best: None, quality_best: -inf, coverage_best: (p=0, n=0, P=0, N=0), p_value: 0
2026-04-14 12:58:50,116 - INFO - Regula po iteracji 0: IF  THEN class = {15.07} [14.25, 15.90], (p=370, n=206, P=370, N=206)
2026-04-14 12:58:50,116 - INFO - *****STOP GROWING RR RULE*****
2026-04-14 12:58:50,116 - INFO - ***RR NOT FOUND***
2026-04-14 12:58:50,119 - INFO - Iteracja 4: condition_best: Method = {2}, quality_best: 0.119, coverage_best: (p=26, n=10, P=370, N=206)
2026-04-14 12:58:50,119 - INFO - Regula po iteracji 4: IF Occasion = {2} AND Sittings = {3} AND Squares = {2} AND Halfplot = {2} AND Method = {2} THEN class = {14.96} [14.18, 15.73], (p=26, n=10, P=370, N=206)
2026-04-14 12:58:50,120 - INFO - *****GROWING RR RULE*****
2026-04-14 12:58:50,126 - INFO - Iteracja 0: condition_best: None, quality_best: -inf, coverage_best: (p=0, n=0, P=0, N=0), p_value: 0
2026-04-14 12:58:50,126 - INFO - Regula po iteracji 0: IF  THEN class = {15.07} [14.25, 15.90], (p=370, n=206, P=370, N=206)
2026-04-14 12:58:50,126 - INFO - *****STOP GROWING RR RULE*****
2026-04-14 12:58:50,126 - INFO - ***RR NOT FOUND***
2026-04-14 12:58:50,126 - INFO - *******STOP GROWING CR RULE*******
2026-04-14 12:58:50,129 - INFO - *******GROWING CR RULE*******
2026-04-14 12:58:50,133 - INFO - Iteracja 0: condition_best: Occasion = {2}, quality_best: 0.097, coverage_best: (p=198, n=90, P=370, N=206)
2026-04-14 12:58:50,133 - INFO - Regula po iteracji 0: IF Occasion = {2} THEN class = {15.03} [14.29, 15.77], (p=198, n=90, P=370, N=206)
2026-04-14 12:58:50,133 - INFO - *****GROWING RR RULE*****
2026-04-14 12:58:50,139 - INFO - Iteracja 0: condition_best: None, quality_best: -inf, coverage_best: (p=0, n=0, P=0, N=0), p_value: 0
2026-04-14 12:58:50,139 - INFO - Regula po iteracji 0: IF  THEN class = {15.07} [14.25, 15.90], (p=370, n=206, P=370, N=206)
2026-04-14 12:58:50,139 - INFO - *****STOP GROWING RR RULE*****
2026-04-14 12:58:50,139 - INFO - ***RR NOT FOUND***
2026-04-14 12:58:50,143 - INFO - Iteracja 1: condition_best: Columns = {1}, quality_best: 0.172, coverage_best: (p=54, n=18, P=370, N=206)
2026-04-14 12:58:50,143 - INFO - Regula po iteracji 1: IF Occasion = {2} AND Columns = {1} THEN class = {14.98} [14.35, 15.61], (p=54, n=18, P=370, N=206)
2026-04-14 12:58:50,143 - INFO - *****GROWING RR RULE*****
2026-04-14 12:58:50,149 - INFO - Iteracja 0: condition_best: None, quality_best: -inf, coverage_best: (p=0, n=0, P=0, N=0), p_value: 0
2026-04-14 12:58:50,149 - INFO - Regula po iteracji 0: IF  THEN class = {15.07} [14.25, 15.90], (p=370, n=206, P=370, N=206)
2026-04-14 12:58:50,149 - INFO - *****STOP GROWING RR RULE*****
2026-04-14 12:58:50,149 - INFO - ***RR NOT FOUND***
2026-04-14 12:58:50,151 - INFO - Iteracja 2: condition_best: Halfplot = {2}, quality_best: 0.246, coverage_best: (p=29, n=7, P=370, N=206)
2026-04-14 12:58:50,152 - INFO - Regula po iteracji 2: IF Occasion = {2} AND Columns = {1} AND Halfplot = {2} THEN class = {14.97} [14.41, 15.54], (p=29, n=7, P=370, N=206)
2026-04-14 12:58:50,152 - INFO - *****GROWING RR RULE*****
2026-04-14 12:58:50,158 - INFO - Iteracja 0: condition_best: None, quality_best: -inf, coverage_best: (p=0, n=0, P=0, N=0), p_value: 0
2026-04-14 12:58:50,158 - INFO - Regula po iteracji 0: IF  THEN class = {15.07} [14.25, 15.90], (p=370, n=206, P=370, N=206)
2026-04-14 12:58:50,158 - INFO - *****STOP GROWING RR RULE*****
2026-04-14 12:58:50,158 - INFO - ***RR NOT FOUND***
2026-04-14 12:58:50,161 - INFO - Iteracja 3: condition_best: Squares = {2}, quality_best: 0.246, coverage_best: (p=29, n=7, P=370, N=206)
2026-04-14 12:58:50,161 - INFO - Regula po iteracji 3: IF Occasion = {2} AND Columns = {1} AND Halfplot = {2} AND Squares = {2} THEN class = {14.97} [14.41, 15.54], (p=29, n=7, P=370, N=206)
2026-04-14 12:58:50,161 - INFO - *****GROWING RR RULE*****
2026-04-14 12:58:50,167 - INFO - Iteracja 0: condition_best: None, quality_best: -inf, coverage_best: (p=0, n=0, P=0, N=0), p_value: 0
2026-04-14 12:58:50,167 - INFO - Regula po iteracji 0: IF  THEN class = {15.07} [14.25, 15.90], (p=370, n=206, P=370, N=206)
2026-04-14 12:58:50,168 - INFO - *****STOP GROWING RR RULE*****
2026-04-14 12:58:50,168 - INFO - ***RR NOT FOUND***
2026-04-14 12:58:50,170 - INFO - Iteracja 4: condition_best: Method = {2}, quality_best: 0.246, coverage_best: (p=29, n=7, P=370, N=206)
2026-04-14 12:58:50,170 - INFO - Regula po iteracji 4: IF Occasion = {2} AND Columns = {1} AND Halfplot = {2} AND Squares = {2} AND Method = {2} THEN class = {14.97} [14.41, 15.54], (p=29, n=7, P=370, N=206)
2026-04-14 12:58:50,171 - INFO - *****GROWING RR RULE*****
2026-04-14 12:58:50,177 - INFO - Iteracja 0: condition_best: None, quality_best: -inf, coverage_best: (p=0, n=0, P=0, N=0), p_value: 0
2026-04-14 12:58:50,177 - INFO - Regula po iteracji 0: IF  THEN class = {15.07} [14.25, 15.90], (p=370, n=206, P=370, N=206)
2026-04-14 12:58:50,177 - INFO - *****STOP GROWING RR RULE*****
2026-04-14 12:58:50,177 - INFO - ***RR NOT FOUND***
2026-04-14 12:58:50,177 - INFO - *******STOP GROWING CR RULE*******
2026-04-14 12:58:50,180 - INFO - *******GROWING CR RULE*******
2026-04-14 12:58:50,184 - INFO - Iteracja 0: condition_best: Occasion = {2}, quality_best: 0.097, coverage_best: (p=198, n=90, P=370, N=206)
2026-04-14 12:58:50,184 - INFO - Regula po iteracji 0: IF Occasion = {2} THEN class = {15.03} [14.29, 15.77], (p=198, n=90, P=370, N=206)
2026-04-14 12:58:50,184 - INFO - *****GROWING RR RULE*****
2026-04-14 12:58:50,190 - INFO - Iteracja 0: condition_best: None, quality_best: -inf, coverage_best: (p=0, n=0, P=0, N=0), p_value: 0
2026-04-14 12:58:50,190 - INFO - Regula po iteracji 0: IF  THEN class = {15.07} [14.25, 15.90], (p=370, n=206, P=370, N=206)
2026-04-14 12:58:50,191 - INFO - *****STOP GROWING RR RULE*****
2026-04-14 12:58:50,191 - INFO - ***RR NOT FOUND***
2026-04-14 12:58:50,194 - INFO - Iteracja 1: condition_best: Columns = {1}, quality_best: 0.172, coverage_best: (p=54, n=18, P=370, N=206)
2026-04-14 12:58:50,194 - INFO - Regula po iteracji 1: IF Occasion = {2} AND Columns = {1} THEN class = {14.98} [14.35, 15.61], (p=54, n=18, P=370, N=206)
2026-04-14 12:58:50,194 - INFO - *****GROWING RR RULE*****
2026-04-14 12:58:50,200 - INFO - Iteracja 0: condition_best: None, quality_best: -inf, coverage_best: (p=0, n=0, P=0, N=0), p_value: 0
2026-04-14 12:58:50,200 - INFO - Regula po iteracji 0: IF  THEN class = {15.07} [14.25, 15.90], (p=370, n=206, P=370, N=206)
2026-04-14 12:58:50,200 - INFO - *****STOP GROWING RR RULE*****
2026-04-14 12:58:50,200 - INFO - ***RR NOT FOUND***
2026-04-14 12:58:50,203 - INFO - Iteracja 2: condition_best: Rows = {3}, quality_best: 0.18, coverage_best: (p=15, n=9, P=249, N=327)
2026-04-14 12:58:50,203 - INFO - Regula po iteracji 2: IF Occasion = {2} AND Columns = {1} AND Rows = {3} THEN class = {14.75} [14.17, 15.33], (p=15, n=9, P=249, N=327)
2026-04-14 12:58:50,203 - INFO - *****GROWING RR RULE*****
2026-04-14 12:58:50,209 - INFO - Iteracja 0: condition_best: None, quality_best: -inf, coverage_best: (p=0, n=0, P=0, N=0), p_value: 0
2026-04-14 12:58:50,209 - INFO - Regula po iteracji 0: IF  THEN class = {15.07} [14.25, 15.90], (p=370, n=206, P=370, N=206)
2026-04-14 12:58:50,209 - INFO - *****STOP GROWING RR RULE*****
2026-04-14 12:58:50,209 - INFO - ***RR NOT FOUND***
2026-04-14 12:58:50,211 - INFO - Iteracja 3: condition_best: Halfplot = {1}, quality_best: 0.213, coverage_best: (p=8, n=4, P=249, N=327)
2026-04-14 12:58:50,212 - INFO - Regula po iteracji 3: IF Occasion = {2} AND Columns = {1} AND Rows = {3} AND Halfplot = {1} THEN class = {14.79} [14.16, 15.42], (p=8, n=4, P=249, N=327)
2026-04-14 12:58:50,212 - INFO - *****GROWING RR RULE*****
2026-04-14 12:58:50,218 - INFO - Iteracja 0: condition_best: None, quality_best: -inf, coverage_best: (p=0, n=0, P=0, N=0), p_value: 0
2026-04-14 12:58:50,218 - INFO - Regula po iteracji 0: IF  THEN class = {15.07} [14.25, 15.90], (p=370, n=206, P=370, N=206)
2026-04-14 12:58:50,218 - INFO - *****STOP GROWING RR RULE*****
2026-04-14 12:58:50,219 - INFO - ***RR NOT FOUND***
2026-04-14 12:58:50,221 - INFO - Iteracja 4: condition_best: Squares = {2}, quality_best: 0.213, coverage_best: (p=8, n=4, P=249, N=327)
2026-04-14 12:58:50,221 - INFO - Regula po iteracji 4: IF Occasion = {2} AND Columns = {1} AND Rows = {3} AND Halfplot = {1} AND Squares = {2} THEN class = {14.79} [14.16, 15.42], (p=8, n=4, P=249, N=327)
2026-04-14 12:58:50,222 - INFO - *****GROWING RR RULE*****
2026-04-14 12:58:50,228 - INFO - Iteracja 0: condition_best: None, quality_best: -inf, coverage_best: (p=0, n=0, P=0, N=0), p_value: 0
2026-04-14 12:58:50,228 - INFO - Regula po iteracji 0: IF  THEN class = {15.07} [14.25, 15.90], (p=370, n=206, P=370, N=206)
2026-04-14 12:58:50,228 - INFO - *****STOP GROWING RR RULE*****
2026-04-14 12:58:50,228 - INFO - ***RR NOT FOUND***
2026-04-14 12:58:50,228 - INFO - *******STOP GROWING CR RULE*******
2026-04-14 12:58:50,231 - INFO - *******GROWING CR RULE*******
2026-04-14 12:58:50,235 - INFO - Iteracja 0: condition_best: Occasion = {2}, quality_best: 0.097, coverage_best: (p=198, n=90, P=370, N=206)
2026-04-14 12:58:50,235 - INFO - Regula po iteracji 0: IF Occasion = {2} THEN class = {15.03} [14.29, 15.77], (p=198, n=90, P=370, N=206)
2026-04-14 12:58:50,235 - INFO - *****GROWING RR RULE*****
2026-04-14 12:58:50,241 - INFO - Iteracja 0: condition_best: None, quality_best: -inf, coverage_best: (p=0, n=0, P=0, N=0), p_value: 0
2026-04-14 12:58:50,241 - INFO - Regula po iteracji 0: IF  THEN class = {15.07} [14.25, 15.90], (p=370, n=206, P=370, N=206)
2026-04-14 12:58:50,241 - INFO - *****STOP GROWING RR RULE*****
2026-04-14 12:58:50,241 - INFO - ***RR NOT FOUND***
2026-04-14 12:58:50,244 - INFO - Iteracja 1: condition_best: Trellis = {1}, quality_best: 0.15, coverage_best: (p=53, n=19, P=370, N=206)
2026-04-14 12:58:50,245 - INFO - Regula po iteracji 1: IF Occasion = {2} AND Trellis = {1} THEN class = {14.98} [14.33, 15.63], (p=53, n=19, P=370, N=206)
2026-04-14 12:58:50,245 - INFO - *****GROWING RR RULE*****
2026-04-14 12:58:50,251 - INFO - Iteracja 0: condition_best: None, quality_best: -inf, coverage_best: (p=0, n=0, P=0, N=0), p_value: 0
2026-04-14 12:58:50,251 - INFO - Regula po iteracji 0: IF  THEN class = {15.07} [14.25, 15.90], (p=370, n=206, P=370, N=206)
2026-04-14 12:58:50,251 - INFO - *****STOP GROWING RR RULE*****
2026-04-14 12:58:50,251 - INFO - ***RR NOT FOUND***
2026-04-14 12:58:50,253 - INFO - Iteracja 2: condition_best: Sittings = {4}, quality_best: 0.246, coverage_best: (p=13, n=3, P=370, N=206)
2026-04-14 12:58:50,253 - INFO - Regula po iteracji 2: IF Occasion = {2} AND Trellis = {1} AND Sittings = {4} THEN class = {15.03} [14.46, 15.60], (p=13, n=3, P=370, N=206)
2026-04-14 12:58:50,254 - INFO - *****GROWING RR RULE*****
2026-04-14 12:58:50,260 - INFO - Iteracja 0: condition_best: None, quality_best: -inf, coverage_best: (p=0, n=0, P=0, N=0), p_value: 0
2026-04-14 12:58:50,260 - INFO - Regula po iteracji 0: IF  THEN class = {15.07} [14.25, 15.90], (p=370, n=206, P=370, N=206)
2026-04-14 12:58:50,260 - INFO - *****STOP GROWING RR RULE*****
2026-04-14 12:58:50,260 - INFO - ***RR NOT FOUND***
2026-04-14 12:58:50,262 - INFO - Iteracja 3: condition_best: Rows = {1}, quality_best: 0.287, coverage_best: (p=6, n=2, P=249, N=327)
2026-04-14 12:58:50,262 - INFO - Regula po iteracji 3: IF Occasion = {2} AND Trellis = {1} AND Sittings = {4} AND Rows = {1} THEN class = {14.88} [14.46, 15.29], (p=6, n=2, P=249, N=327)
2026-04-14 12:58:50,263 - INFO - *****GROWING RR RULE*****
2026-04-14 12:58:50,269 - INFO - Iteracja 0: condition_best: None, quality_best: -inf, coverage_best: (p=0, n=0, P=0, N=0), p_value: 0
2026-04-14 12:58:50,269 - INFO - Regula po iteracji 0: IF  THEN class = {15.07} [14.25, 15.90], (p=370, n=206, P=370, N=206)
2026-04-14 12:58:50,269 - INFO - *****STOP GROWING RR RULE*****
2026-04-14 12:58:50,269 - INFO - ***RR NOT FOUND***
2026-04-14 12:58:50,271 - INFO - Iteracja 4: condition_best: Squares = {2}, quality_best: 0.287, coverage_best: (p=6, n=2, P=249, N=327)
2026-04-14 12:58:50,271 - INFO - Regula po iteracji 4: IF Occasion = {2} AND Trellis = {1} AND Sittings = {4} AND Rows = {1} AND Squares = {2} THEN class = {14.88} [14.46, 15.29], (p=6, n=2, P=249, N=327)
2026-04-14 12:58:50,272 - INFO - *****GROWING RR RULE*****
2026-04-14 12:58:50,278 - INFO - Iteracja 0: condition_best: None, quality_best: -inf, coverage_best: (p=0, n=0, P=0, N=0), p_value: 0
2026-04-14 12:58:50,278 - INFO - Regula po iteracji 0: IF  THEN class = {15.07} [14.25, 15.90], (p=370, n=206, P=370, N=206)
2026-04-14 12:58:50,278 - INFO - *****STOP GROWING RR RULE*****
2026-04-14 12:58:50,278 - INFO - ***RR NOT FOUND***
2026-04-14 12:58:50,278 - INFO - *******STOP GROWING CR RULE*******
2026-04-14 12:58:50,281 - INFO - *******GROWING CR RULE*******
2026-04-14 12:58:50,285 - INFO - Iteracja 0: condition_best: Occasion = {2}, quality_best: 0.097, coverage_best: (p=198, n=90, P=370, N=206)
2026-04-14 12:58:50,285 - INFO - Regula po iteracji 0: IF Occasion = {2} THEN class = {15.03} [14.29, 15.77], (p=198, n=90, P=370, N=206)
2026-04-14 12:58:50,285 - INFO - *****GROWING RR RULE*****
2026-04-14 12:58:50,291 - INFO - Iteracja 0: condition_best: None, quality_best: -inf, coverage_best: (p=0, n=0, P=0, N=0), p_value: 0
2026-04-14 12:58:50,291 - INFO - Regula po iteracji 0: IF  THEN class = {15.07} [14.25, 15.90], (p=370, n=206, P=370, N=206)
2026-04-14 12:58:50,292 - INFO - *****STOP GROWING RR RULE*****
2026-04-14 12:58:50,292 - INFO - ***RR NOT FOUND***
2026-04-14 12:58:50,295 - INFO - Iteracja 1: condition_best: Trellis = {1}, quality_best: 0.15, coverage_best: (p=53, n=19, P=370, N=206)
2026-04-14 12:58:50,295 - INFO - Regula po iteracji 1: IF Occasion = {2} AND Trellis = {1} THEN class = {14.98} [14.33, 15.63], (p=53, n=19, P=370, N=206)
2026-04-14 12:58:50,295 - INFO - *****GROWING RR RULE*****
2026-04-14 12:58:50,301 - INFO - Iteracja 0: condition_best: None, quality_best: -inf, coverage_best: (p=0, n=0, P=0, N=0), p_value: 0
2026-04-14 12:58:50,301 - INFO - Regula po iteracji 0: IF  THEN class = {15.07} [14.25, 15.90], (p=370, n=206, P=370, N=206)
2026-04-14 12:58:50,301 - INFO - *****STOP GROWING RR RULE*****
2026-04-14 12:58:50,301 - INFO - ***RR NOT FOUND***
2026-04-14 12:58:50,304 - INFO - Iteracja 2: condition_best: Halfplot = {1}, quality_best: 0.199, coverage_best: (p=23, n=13, P=249, N=327)
2026-04-14 12:58:50,304 - INFO - Regula po iteracji 2: IF Occasion = {2} AND Trellis = {1} AND Halfplot = {1} THEN class = {14.75} [14.18, 15.32], (p=23, n=13, P=249, N=327)
2026-04-14 12:58:50,304 - INFO - *****GROWING RR RULE*****
2026-04-14 12:58:50,310 - INFO - Iteracja 0: condition_best: None, quality_best: -inf, coverage_best: (p=0, n=0, P=0, N=0), p_value: 0
2026-04-14 12:58:50,310 - INFO - Regula po iteracji 0: IF  THEN class = {15.07} [14.25, 15.90], (p=370, n=206, P=370, N=206)
2026-04-14 12:58:50,310 - INFO - *****STOP GROWING RR RULE*****
2026-04-14 12:58:50,311 - INFO - ***RR NOT FOUND***
2026-04-14 12:58:50,313 - INFO - Iteracja 3: condition_best: Rows = {1}, quality_best: 0.202, coverage_best: (p=6, n=6, P=109, N=467)
2026-04-14 12:58:50,313 - INFO - Regula po iteracji 3: IF Occasion = {2} AND Trellis = {1} AND Halfplot = {1} AND Rows = {1} THEN class = {14.46} [14.03, 14.89], (p=6, n=6, P=109, N=467)
2026-04-14 12:58:50,314 - INFO - *****GROWING RR RULE*****
2026-04-14 12:58:50,320 - INFO - Iteracja 0: condition_best: None, quality_best: -inf, coverage_best: (p=0, n=0, P=0, N=0), p_value: 0
2026-04-14 12:58:50,320 - INFO - Regula po iteracji 0: IF  THEN class = {15.07} [14.25, 15.90], (p=370, n=206, P=370, N=206)
2026-04-14 12:58:50,320 - INFO - *****STOP GROWING RR RULE*****
2026-04-14 12:58:50,320 - INFO - ***RR NOT FOUND***
2026-04-14 12:58:50,322 - INFO - Iteracja 4: condition_best: Squares = {2}, quality_best: 0.202, coverage_best: (p=6, n=6, P=109, N=467)
2026-04-14 12:58:50,322 - INFO - Regula po iteracji 4: IF Occasion = {2} AND Trellis = {1} AND Halfplot = {1} AND Rows = {1} AND Squares = {2} THEN class = {14.46} [14.03, 14.89], (p=6, n=6, P=109, N=467)
2026-04-14 12:58:50,323 - INFO - *****GROWING RR RULE*****
2026-04-14 12:58:50,329 - INFO - Iteracja 0: condition_best: None, quality_best: -inf, coverage_best: (p=0, n=0, P=0, N=0), p_value: 0
2026-04-14 12:58:50,329 - INFO - Regula po iteracji 0: IF  THEN class = {15.07} [14.25, 15.90], (p=370, n=206, P=370, N=206)
2026-04-14 12:58:50,329 - INFO - *****STOP GROWING RR RULE*****
2026-04-14 12:58:50,329 - INFO - ***RR NOT FOUND***
2026-04-14 12:58:50,329 - INFO - *******STOP GROWING CR RULE*******
2026-04-14 12:58:50,332 - INFO - *******GROWING CR RULE*******
2026-04-14 12:58:50,336 - INFO - Iteracja 0: condition_best: Occasion = {2}, quality_best: 0.097, coverage_best: (p=198, n=90, P=370, N=206)
2026-04-14 12:58:50,336 - INFO - Regula po iteracji 0: IF Occasion = {2} THEN class = {15.03} [14.29, 15.77], (p=198, n=90, P=370, N=206)
2026-04-14 12:58:50,336 - INFO - *****GROWING RR RULE*****
2026-04-14 12:58:50,342 - INFO - Iteracja 0: condition_best: None, quality_best: -inf, coverage_best: (p=0, n=0, P=0, N=0), p_value: 0
2026-04-14 12:58:50,342 - INFO - Regula po iteracji 0: IF  THEN class = {15.07} [14.25, 15.90], (p=370, n=206, P=370, N=206)
2026-04-14 12:58:50,342 - INFO - *****STOP GROWING RR RULE*****
2026-04-14 12:58:50,342 - INFO - ***RR NOT FOUND***
2026-04-14 12:58:50,346 - INFO - Iteracja 1: condition_best: Trellis = {1}, quality_best: 0.15, coverage_best: (p=53, n=19, P=370, N=206)
2026-04-14 12:58:50,346 - INFO - Regula po iteracji 1: IF Occasion = {2} AND Trellis = {1} THEN class = {14.98} [14.33, 15.63], (p=53, n=19, P=370, N=206)
2026-04-14 12:58:50,346 - INFO - *****GROWING RR RULE*****
2026-04-14 12:58:50,352 - INFO - Iteracja 0: condition_best: None, quality_best: -inf, coverage_best: (p=0, n=0, P=0, N=0), p_value: 0
2026-04-14 12:58:50,352 - INFO - Regula po iteracji 0: IF  THEN class = {15.07} [14.25, 15.90], (p=370, n=206, P=370, N=206)
2026-04-14 12:58:50,352 - INFO - *****STOP GROWING RR RULE*****
2026-04-14 12:58:50,352 - INFO - ***RR NOT FOUND***
2026-04-14 12:58:50,355 - INFO - Iteracja 2: condition_best: Rows = {1}, quality_best: 0.158, coverage_best: (p=18, n=6, P=370, N=206)
2026-04-14 12:58:50,355 - INFO - Regula po iteracji 2: IF Occasion = {2} AND Trellis = {1} AND Rows = {1} THEN class = {14.88} [14.24, 15.51], (p=18, n=6, P=370, N=206)
2026-04-14 12:58:50,355 - INFO - *****GROWING RR RULE*****
2026-04-14 12:58:50,361 - INFO - Iteracja 0: condition_best: None, quality_best: -inf, coverage_best: (p=0, n=0, P=0, N=0), p_value: 0
2026-04-14 12:58:50,361 - INFO - Regula po iteracji 0: IF  THEN class = {15.07} [14.25, 15.90], (p=370, n=206, P=370, N=206)
2026-04-14 12:58:50,361 - INFO - *****STOP GROWING RR RULE*****
2026-04-14 12:58:50,361 - INFO - ***RR NOT FOUND***
2026-04-14 12:58:50,364 - INFO - Iteracja 3: condition_best: Halfplot = {2}, quality_best: 0.281, coverage_best: (p=9, n=3, P=261, N=315)
2026-04-14 12:58:50,364 - INFO - Regula po iteracji 3: IF Occasion = {2} AND Trellis = {1} AND Rows = {1} AND Halfplot = {2} THEN class = {15.29} [14.77, 15.81], (p=9, n=3, P=261, N=315)
2026-04-14 12:58:50,365 - INFO - *****GROWING RR RULE*****
2026-04-14 12:58:50,370 - INFO - Iteracja 0: condition_best: None, quality_best: -inf, coverage_best: (p=0, n=0, P=0, N=0), p_value: 0
2026-04-14 12:58:50,370 - INFO - Regula po iteracji 0: IF  THEN class = {15.07} [14.25, 15.90], (p=370, n=206, P=370, N=206)
2026-04-14 12:58:50,371 - INFO - *****STOP GROWING RR RULE*****
2026-04-14 12:58:50,371 - INFO - ***RR NOT FOUND***
2026-04-14 12:58:50,373 - INFO - Iteracja 4: condition_best: Squares = {2}, quality_best: 0.281, coverage_best: (p=9, n=3, P=261, N=315)
2026-04-14 12:58:50,373 - INFO - Regula po iteracji 4: IF Occasion = {2} AND Trellis = {1} AND Rows = {1} AND Halfplot = {2} AND Squares = {2} THEN class = {15.29} [14.77, 15.81], (p=9, n=3, P=261, N=315)
2026-04-14 12:58:50,374 - INFO - *****GROWING RR RULE*****
2026-04-14 12:58:50,380 - INFO - Iteracja 0: condition_best: None, quality_best: -inf, coverage_best: (p=0, n=0, P=0, N=0), p_value: 0
2026-04-14 12:58:50,380 - INFO - Regula po iteracji 0: IF  THEN class = {15.07} [14.25, 15.90], (p=370, n=206, P=370, N=206)
2026-04-14 12:58:50,380 - INFO - *****STOP GROWING RR RULE*****
2026-04-14 12:58:50,380 - INFO - ***RR NOT FOUND***
2026-04-14 12:58:50,380 - INFO - *******STOP GROWING CR RULE*******
2026-04-14 12:58:50,382 - INFO - *******GROWING CR RULE*******
2026-04-14 12:58:50,387 - INFO - Iteracja 0: condition_best: Occasion = {2}, quality_best: 0.097, coverage_best: (p=198, n=90, P=370, N=206)
2026-04-14 12:58:50,387 - INFO - Regula po iteracji 0: IF Occasion = {2} THEN class = {15.03} [14.29, 15.77], (p=198, n=90, P=370, N=206)
2026-04-14 12:58:50,387 - INFO - *****GROWING RR RULE*****
2026-04-14 12:58:50,393 - INFO - Iteracja 0: condition_best: None, quality_best: -inf, coverage_best: (p=0, n=0, P=0, N=0), p_value: 0
2026-04-14 12:58:50,393 - INFO - Regula po iteracji 0: IF  THEN class = {15.07} [14.25, 15.90], (p=370, n=206, P=370, N=206)
2026-04-14 12:58:50,393 - INFO - *****STOP GROWING RR RULE*****
2026-04-14 12:58:50,393 - INFO - ***RR NOT FOUND***
2026-04-14 12:58:50,396 - INFO - Iteracja 1: condition_best: Columns = {2}, quality_best: 0.138, coverage_best: (p=42, n=30, P=261, N=315)
2026-04-14 12:58:50,396 - INFO - Regula po iteracji 1: IF Occasion = {2} AND Columns = {2} THEN class = {15.15} [14.54, 15.76], (p=42, n=30, P=261, N=315)
2026-04-14 12:58:50,397 - INFO - *****GROWING RR RULE*****
2026-04-14 12:58:50,403 - INFO - Iteracja 0: condition_best: None, quality_best: -inf, coverage_best: (p=0, n=0, P=0, N=0), p_value: 0
2026-04-14 12:58:50,403 - INFO - Regula po iteracji 0: IF  THEN class = {15.07} [14.25, 15.90], (p=370, n=206, P=370, N=206)
2026-04-14 12:58:50,403 - INFO - *****STOP GROWING RR RULE*****
2026-04-14 12:58:50,403 - INFO - ***RR NOT FOUND***
2026-04-14 12:58:50,405 - INFO - Iteracja 2: condition_best: Interval = {3}, quality_best: 0.26, coverage_best: (p=17, n=7, P=249, N=327)
2026-04-14 12:58:50,405 - INFO - Regula po iteracji 2: IF Occasion = {2} AND Columns = {2} AND Interval = {3} THEN class = {14.75} [14.25, 15.25], (p=17, n=7, P=249, N=327)
2026-04-14 12:58:50,406 - INFO - *****GROWING RR RULE*****
2026-04-14 12:58:50,412 - INFO - Iteracja 0: condition_best: None, quality_best: -inf, coverage_best: (p=0, n=0, P=0, N=0), p_value: 0
2026-04-14 12:58:50,437 - INFO - Regula po iteracji 0: IF  THEN class = {15.07} [14.25, 15.90], (p=370, n=206, P=370, N=206)
2026-04-14 12:58:50,437 - INFO - *****STOP GROWING RR RULE*****
2026-04-14 12:58:50,437 - INFO - ***RR NOT FOUND***
2026-04-14 12:58:50,439 - INFO - Iteracja 3: condition_best: Squares = {2}, quality_best: 0.26, coverage_best: (p=17, n=7, P=249, N=327)
2026-04-14 12:58:50,439 - INFO - Regula po iteracji 3: IF Occasion = {2} AND Columns = {2} AND Interval = {3} AND Squares = {2} THEN class = {14.75} [14.25, 15.25], (p=17, n=7, P=249, N=327)
2026-04-14 12:58:50,440 - INFO - *****GROWING RR RULE*****
2026-04-14 12:58:50,446 - INFO - Iteracja 0: condition_best: None, quality_best: -inf, coverage_best: (p=0, n=0, P=0, N=0), p_value: 0
2026-04-14 12:58:50,446 - INFO - Regula po iteracji 0: IF  THEN class = {15.07} [14.25, 15.90], (p=370, n=206, P=370, N=206)
2026-04-14 12:58:50,446 - INFO - *****STOP GROWING RR RULE*****
2026-04-14 12:58:50,446 - INFO - ***RR NOT FOUND***
2026-04-14 12:58:50,448 - INFO - Iteracja 4: condition_best: Rows = {1}, quality_best: 0.173, coverage_best: (p=5, n=3, P=249, N=327)
2026-04-14 12:58:50,448 - INFO - Regula po iteracji 4: IF Occasion = {2} AND Columns = {2} AND Interval = {3} AND Squares = {2} AND Rows = {1} THEN class = {14.75} [14.14, 15.36], (p=5, n=3, P=249, N=327)
2026-04-14 12:58:50,449 - INFO - *****GROWING RR RULE*****
2026-04-14 12:58:50,455 - INFO - Iteracja 0: condition_best: None, quality_best: -inf, coverage_best: (p=0, n=0, P=0, N=0), p_value: 0
2026-04-14 12:58:50,455 - INFO - Regula po iteracji 0: IF  THEN class = {15.07} [14.25, 15.90], (p=370, n=206, P=370, N=206)
2026-04-14 12:58:50,456 - INFO - *****STOP GROWING RR RULE*****
2026-04-14 12:58:50,456 - INFO - ***RR NOT FOUND***
2026-04-14 12:58:50,456 - INFO - *******STOP GROWING CR RULE*******
2026-04-14 12:58:50,458 - INFO - *******GROWING CR RULE*******
2026-04-14 12:58:50,462 - INFO - Iteracja 0: condition_best: Occasion = {2}, quality_best: 0.097, coverage_best: (p=198, n=90, P=370, N=206)
2026-04-14 12:58:50,462 - INFO - Regula po iteracji 0: IF Occasion = {2} THEN class = {15.03} [14.29, 15.77], (p=198, n=90, P=370, N=206)
2026-04-14 12:58:50,463 - INFO - *****GROWING RR RULE*****
2026-04-14 12:58:50,468 - INFO - Iteracja 0: condition_best: None, quality_best: -inf, coverage_best: (p=0, n=0, P=0, N=0), p_value: 0
2026-04-14 12:58:50,469 - INFO - Regula po iteracji 0: IF  THEN class = {15.07} [14.25, 15.90], (p=370, n=206, P=370, N=206)
2026-04-14 12:58:50,469 - INFO - *****STOP GROWING RR RULE*****
2026-04-14 12:58:50,469 - INFO - ***RR NOT FOUND***
2026-04-14 12:58:50,472 - INFO - Iteracja 1: condition_best: Columns = {2}, quality_best: 0.138, coverage_best: (p=42, n=30, P=261, N=315)
2026-04-14 12:58:50,472 - INFO - Regula po iteracji 1: IF Occasion = {2} AND Columns = {2} THEN class = {15.15} [14.54, 15.76], (p=42, n=30, P=261, N=315)
2026-04-14 12:58:50,472 - INFO - *****GROWING RR RULE*****
2026-04-14 12:58:50,478 - INFO - Iteracja 0: condition_best: None, quality_best: -inf, coverage_best: (p=0, n=0, P=0, N=0), p_value: 0
2026-04-14 12:58:50,478 - INFO - Regula po iteracji 0: IF  THEN class = {15.07} [14.25, 15.90], (p=370, n=206, P=370, N=206)
2026-04-14 12:58:50,478 - INFO - *****STOP GROWING RR RULE*****
2026-04-14 12:58:50,478 - INFO - ***RR NOT FOUND***
2026-04-14 12:58:50,481 - INFO - Iteracja 2: condition_best: Squares = {2}, quality_best: 0.138, coverage_best: (p=42, n=30, P=261, N=315)
2026-04-14 12:58:50,481 - INFO - Regula po iteracji 2: IF Occasion = {2} AND Columns = {2} AND Squares = {2} THEN class = {15.15} [14.54, 15.76], (p=42, n=30, P=261, N=315)
2026-04-14 12:58:50,482 - INFO - *****GROWING RR RULE*****
2026-04-14 12:58:50,487 - INFO - Iteracja 0: condition_best: None, quality_best: -inf, coverage_best: (p=0, n=0, P=0, N=0), p_value: 0
2026-04-14 12:58:50,487 - INFO - Regula po iteracji 0: IF  THEN class = {15.07} [14.25, 15.90], (p=370, n=206, P=370, N=206)
2026-04-14 12:58:50,488 - INFO - *****STOP GROWING RR RULE*****
2026-04-14 12:58:50,488 - INFO - ***RR NOT FOUND***
2026-04-14 12:58:50,490 - INFO - Iteracja 3: condition_best: Rows = {1}, quality_best: 0.125, coverage_best: (p=14, n=10, P=261, N=315)
2026-04-14 12:58:50,490 - INFO - Regula po iteracji 3: IF Occasion = {2} AND Columns = {2} AND Squares = {2} AND Rows = {1} THEN class = {15.15} [14.53, 15.77], (p=14, n=10, P=261, N=315)
2026-04-14 12:58:50,491 - INFO - *****GROWING RR RULE*****
2026-04-14 12:58:50,497 - INFO - Iteracja 0: condition_best: None, quality_best: -inf, coverage_best: (p=0, n=0, P=0, N=0), p_value: 0
2026-04-14 12:58:50,497 - INFO - Regula po iteracji 0: IF  THEN class = {15.07} [14.25, 15.90], (p=370, n=206, P=370, N=206)
2026-04-14 12:58:50,497 - INFO - *****STOP GROWING RR RULE*****
2026-04-14 12:58:50,497 - INFO - ***RR NOT FOUND***
2026-04-14 12:58:50,499 - INFO - Iteracja 4: condition_best: Trellis = {3}, quality_best: 0.125, coverage_best: (p=14, n=10, P=261, N=315)
2026-04-14 12:58:50,499 - INFO - Regula po iteracji 4: IF Occasion = {2} AND Columns = {2} AND Squares = {2} AND Rows = {1} AND Trellis = {3} THEN class = {15.15} [14.53, 15.77], (p=14, n=10, P=261, N=315)
2026-04-14 12:58:50,501 - INFO - *****GROWING RR RULE*****
2026-04-14 12:58:50,506 - INFO - Iteracja 0: condition_best: None, quality_best: -inf, coverage_best: (p=0, n=0, P=0, N=0), p_value: 0
2026-04-14 12:58:50,506 - INFO - Regula po iteracji 0: IF  THEN class = {15.07} [14.25, 15.90], (p=370, n=206, P=370, N=206)
2026-04-14 12:58:50,507 - INFO - *****STOP GROWING RR RULE*****
2026-04-14 12:58:50,507 - INFO - ***RR NOT FOUND***
2026-04-14 12:58:50,507 - INFO - *******STOP GROWING CR RULE*******
2026-04-14 12:58:50,509 - INFO - *******GROWING CR RULE*******
2026-04-14 12:58:50,513 - INFO - Iteracja 0: condition_best: Occasion = {2}, quality_best: 0.097, coverage_best: (p=198, n=90, P=370, N=206)
2026-04-14 12:58:50,513 - INFO - Regula po iteracji 0: IF Occasion = {2} THEN class = {15.03} [14.29, 15.77], (p=198, n=90, P=370, N=206)
2026-04-14 12:58:50,514 - INFO - *****GROWING RR RULE*****
2026-04-14 12:58:50,519 - INFO - Iteracja 0: condition_best: None, quality_best: -inf, coverage_best: (p=0, n=0, P=0, N=0), p_value: 0
2026-04-14 12:58:50,520 - INFO - Regula po iteracji 0: IF  THEN class = {15.07} [14.25, 15.90], (p=370, n=206, P=370, N=206)
2026-04-14 12:58:50,520 - INFO - *****STOP GROWING RR RULE*****
2026-04-14 12:58:50,520 - INFO - ***RR NOT FOUND***
2026-04-14 12:58:50,523 - INFO - Iteracja 1: condition_best: Halfplot = {2}, quality_best: 0.13, coverage_best: (p=103, n=41, P=370, N=206)
2026-04-14 12:58:50,523 - INFO - Regula po iteracji 1: IF Occasion = {2} AND Halfplot = {2} THEN class = {15.07} [14.32, 15.81], (p=103, n=41, P=370, N=206)
2026-04-14 12:58:50,523 - INFO - *****GROWING RR RULE*****
2026-04-14 12:58:50,529 - INFO - Iteracja 0: condition_best: None, quality_best: -inf, coverage_best: (p=0, n=0, P=0, N=0), p_value: 0
2026-04-14 12:58:50,529 - INFO - Regula po iteracji 0: IF  THEN class = {15.07} [14.25, 15.90], (p=370, n=206, P=370, N=206)
2026-04-14 12:58:50,530 - INFO - *****STOP GROWING RR RULE*****
2026-04-14 12:58:50,530 - INFO - ***RR NOT FOUND***
2026-04-14 12:58:50,532 - INFO - Iteracja 2: condition_best: Judges = {2}, quality_best: 0.219, coverage_best: (p=19, n=5, P=370, N=206)
2026-04-14 12:58:50,532 - INFO - Regula po iteracji 2: IF Occasion = {2} AND Halfplot = {2} AND Judges = {2} THEN class = {14.98} [14.41, 15.55], (p=19, n=5, P=370, N=206)
2026-04-14 12:58:50,533 - INFO - *****GROWING RR RULE*****
2026-04-14 12:58:50,539 - INFO - Iteracja 0: condition_best: None, quality_best: -inf, coverage_best: (p=0, n=0, P=0, N=0), p_value: 0
2026-04-14 12:58:50,539 - INFO - Regula po iteracji 0: IF  THEN class = {15.07} [14.25, 15.90], (p=370, n=206, P=370, N=206)
2026-04-14 12:58:50,539 - INFO - *****STOP GROWING RR RULE*****
2026-04-14 12:58:50,539 - INFO - ***RR NOT FOUND***
2026-04-14 12:58:50,541 - INFO - Iteracja 3: condition_best: Squares = {2}, quality_best: 0.219, coverage_best: (p=19, n=5, P=370, N=206)
2026-04-14 12:58:50,541 - INFO - Regula po iteracji 3: IF Occasion = {2} AND Halfplot = {2} AND Judges = {2} AND Squares = {2} THEN class = {14.98} [14.41, 15.55], (p=19, n=5, P=370, N=206)
2026-04-14 12:58:50,542 - INFO - *****GROWING RR RULE*****
2026-04-14 12:58:50,548 - INFO - Iteracja 0: condition_best: None, quality_best: -inf, coverage_best: (p=0, n=0, P=0, N=0), p_value: 0
2026-04-14 12:58:50,548 - INFO - Regula po iteracji 0: IF  THEN class = {15.07} [14.25, 15.90], (p=370, n=206, P=370, N=206)
2026-04-14 12:58:50,548 - INFO - *****STOP GROWING RR RULE*****
2026-04-14 12:58:50,548 - INFO - ***RR NOT FOUND***
2026-04-14 12:58:50,551 - INFO - Iteracja 4: condition_best: Method = {2}, quality_best: 0.219, coverage_best: (p=19, n=5, P=370, N=206)
2026-04-14 12:58:50,551 - INFO - Regula po iteracji 4: IF Occasion = {2} AND Halfplot = {2} AND Judges = {2} AND Squares = {2} AND Method = {2} THEN class = {14.98} [14.41, 15.55], (p=19, n=5, P=370, N=206)
2026-04-14 12:58:50,552 - INFO - *****GROWING RR RULE*****
2026-04-14 12:58:50,558 - INFO - Iteracja 0: condition_best: None, quality_best: -inf, coverage_best: (p=0, n=0, P=0, N=0), p_value: 0
2026-04-14 12:58:50,558 - INFO - Regula po iteracji 0: IF  THEN class = {15.07} [14.25, 15.90], (p=370, n=206, P=370, N=206)
2026-04-14 12:58:50,558 - INFO - *****STOP GROWING RR RULE*****
2026-04-14 12:58:50,558 - INFO - ***RR NOT FOUND***
2026-04-14 12:58:50,558 - INFO - *******STOP GROWING CR RULE*******
2026-04-14 12:58:50,560 - INFO - *******GROWING CR RULE*******
2026-04-14 12:58:50,564 - INFO - Iteracja 0: condition_best: Occasion = {2}, quality_best: 0.097, coverage_best: (p=198, n=90, P=370, N=206)
2026-04-14 12:58:50,564 - INFO - Regula po iteracji 0: IF Occasion = {2} THEN class = {15.03} [14.29, 15.77], (p=198, n=90, P=370, N=206)
2026-04-14 12:58:50,565 - INFO - *****GROWING RR RULE*****
2026-04-14 12:58:50,571 - INFO - Iteracja 0: condition_best: None, quality_best: -inf, coverage_best: (p=0, n=0, P=0, N=0), p_value: 0
2026-04-14 12:58:50,571 - INFO - Regula po iteracji 0: IF  THEN class = {15.07} [14.25, 15.90], (p=370, n=206, P=370, N=206)
2026-04-14 12:58:50,571 - INFO - *****STOP GROWING RR RULE*****
2026-04-14 12:58:50,571 - INFO - ***RR NOT FOUND***
2026-04-14 12:58:50,574 - INFO - Iteracja 1: condition_best: Halfplot = {2}, quality_best: 0.13, coverage_best: (p=103, n=41, P=370, N=206)
2026-04-14 12:58:50,574 - INFO - Regula po iteracji 1: IF Occasion = {2} AND Halfplot = {2} THEN class = {15.07} [14.32, 15.81], (p=103, n=41, P=370, N=206)
2026-04-14 12:58:50,575 - INFO - *****GROWING RR RULE*****
2026-04-14 12:58:50,581 - INFO - Iteracja 0: condition_best: None, quality_best: -inf, coverage_best: (p=0, n=0, P=0, N=0), p_value: 0
2026-04-14 12:58:50,581 - INFO - Regula po iteracji 0: IF  THEN class = {15.07} [14.25, 15.90], (p=370, n=206, P=370, N=206)
2026-04-14 12:58:50,581 - INFO - *****STOP GROWING RR RULE*****
2026-04-14 12:58:50,581 - INFO - ***RR NOT FOUND***
2026-04-14 12:58:50,584 - INFO - Iteracja 2: condition_best: Position = {4}, quality_best: 0.18, coverage_best: (p=29, n=5, P=448, N=128)
2026-04-14 12:58:50,584 - INFO - Regula po iteracji 2: IF Occasion = {2} AND Halfplot = {2} AND Position = {4} THEN class = {15.24} [14.31, 16.16], (p=29, n=5, P=448, N=128)
2026-04-14 12:58:50,584 - INFO - *****GROWING RR RULE*****
2026-04-14 12:58:50,590 - INFO - Iteracja 0: condition_best: None, quality_best: -inf, coverage_best: (p=0, n=0, P=0, N=0), p_value: 0
2026-04-14 12:58:50,590 - INFO - Regula po iteracji 0: IF  THEN class = {15.07} [14.25, 15.90], (p=370, n=206, P=370, N=206)
2026-04-14 12:58:50,590 - INFO - *****STOP GROWING RR RULE*****
2026-04-14 12:58:50,590 - INFO - ***RR NOT FOUND***
2026-04-14 12:58:50,593 - INFO - Iteracja 3: condition_best: Squares = {2}, quality_best: 0.18, coverage_best: (p=29, n=5, P=448, N=128)
2026-04-14 12:58:50,593 - INFO - Regula po iteracji 3: IF Occasion = {2} AND Halfplot = {2} AND Position = {4} AND Squares = {2} THEN class = {15.24} [14.31, 16.16], (p=29, n=5, P=448, N=128)
2026-04-14 12:58:50,594 - INFO - *****GROWING RR RULE*****
2026-04-14 12:58:50,599 - INFO - Iteracja 0: condition_best: None, quality_best: -inf, coverage_best: (p=0, n=0, P=0, N=0), p_value: 0
2026-04-14 12:58:50,600 - INFO - Regula po iteracji 0: IF  THEN class = {15.07} [14.25, 15.90], (p=370, n=206, P=370, N=206)
2026-04-14 12:58:50,600 - INFO - *****STOP GROWING RR RULE*****
2026-04-14 12:58:50,600 - INFO - ***RR NOT FOUND***
2026-04-14 12:58:50,602 - INFO - Iteracja 4: condition_best: Method = {2}, quality_best: 0.18, coverage_best: (p=29, n=5, P=448, N=128)
2026-04-14 12:58:50,602 - INFO - Regula po iteracji 4: IF Occasion = {2} AND Halfplot = {2} AND Position = {4} AND Squares = {2} AND Method = {2} THEN class = {15.24} [14.31, 16.16], (p=29, n=5, P=448, N=128)
2026-04-14 12:58:50,603 - INFO - *****GROWING RR RULE*****
2026-04-14 12:58:50,609 - INFO - Iteracja 0: condition_best: None, quality_best: -inf, coverage_best: (p=0, n=0, P=0, N=0), p_value: 0
2026-04-14 12:58:50,609 - INFO - Regula po iteracji 0: IF  THEN class = {15.07} [14.25, 15.90], (p=370, n=206, P=370, N=206)
2026-04-14 12:58:50,609 - INFO - *****STOP GROWING RR RULE*****
2026-04-14 12:58:50,609 - INFO - ***RR NOT FOUND***
2026-04-14 12:58:50,609 - INFO - *******STOP GROWING CR RULE*******
2026-04-14 12:58:50,612 - INFO - *******GROWING CR RULE*******
2026-04-14 12:58:50,616 - INFO - Iteracja 0: condition_best: Occasion = {2}, quality_best: 0.097, coverage_best: (p=198, n=90, P=370, N=206)
2026-04-14 12:58:50,616 - INFO - Regula po iteracji 0: IF Occasion = {2} THEN class = {15.03} [14.29, 15.77], (p=198, n=90, P=370, N=206)
2026-04-14 12:58:50,616 - INFO - *****GROWING RR RULE*****
2026-04-14 12:58:50,622 - INFO - Iteracja 0: condition_best: None, quality_best: -inf, coverage_best: (p=0, n=0, P=0, N=0), p_value: 0
2026-04-14 12:58:50,622 - INFO - Regula po iteracji 0: IF  THEN class = {15.07} [14.25, 15.90], (p=370, n=206, P=370, N=206)
2026-04-14 12:58:50,622 - INFO - *****STOP GROWING RR RULE*****
2026-04-14 12:58:50,622 - INFO - ***RR NOT FOUND***
2026-04-14 12:58:50,625 - INFO - Iteracja 1: condition_best: Halfplot = {2}, quality_best: 0.13, coverage_best: (p=103, n=41, P=370, N=206)
2026-04-14 12:58:50,625 - INFO - Regula po iteracji 1: IF Occasion = {2} AND Halfplot = {2} THEN class = {15.07} [14.32, 15.81], (p=103, n=41, P=370, N=206)
2026-04-14 12:58:50,626 - INFO - *****GROWING RR RULE*****
2026-04-14 12:58:50,632 - INFO - Iteracja 0: condition_best: None, quality_best: -inf, coverage_best: (p=0, n=0, P=0, N=0), p_value: 0
2026-04-14 12:58:50,632 - INFO - Regula po iteracji 0: IF  THEN class = {15.07} [14.25, 15.90], (p=370, n=206, P=370, N=206)
2026-04-14 12:58:50,632 - INFO - *****STOP GROWING RR RULE*****
2026-04-14 12:58:50,632 - INFO - ***RR NOT FOUND***
2026-04-14 12:58:50,635 - INFO - Iteracja 2: condition_best: Trellis = {2}, quality_best: 0.153, coverage_best: (p=24, n=12, P=308, N=268)
2026-04-14 12:58:50,635 - INFO - Regula po iteracji 2: IF Occasion = {2} AND Halfplot = {2} AND Trellis = {2} THEN class = {14.67} [13.92, 15.41], (p=24, n=12, P=308, N=268)
2026-04-14 12:58:50,636 - INFO - *****GROWING RR RULE*****
2026-04-14 12:58:50,641 - INFO - Iteracja 0: condition_best: None, quality_best: -inf, coverage_best: (p=0, n=0, P=0, N=0), p_value: 0
2026-04-14 12:58:50,642 - INFO - Regula po iteracji 0: IF  THEN class = {15.07} [14.25, 15.90], (p=370, n=206, P=370, N=206)
2026-04-14 12:58:50,642 - INFO - *****STOP GROWING RR RULE*****
2026-04-14 12:58:50,642 - INFO - ***RR NOT FOUND***
2026-04-14 12:58:50,644 - INFO - Iteracja 3: condition_best: Rows = {3}, quality_best: 0.214, coverage_best: (p=7, n=5, P=168, N=408)
2026-04-14 12:58:50,644 - INFO - Regula po iteracji 3: IF Occasion = {2} AND Halfplot = {2} AND Trellis = {2} AND Rows = {3} THEN class = {14.42} [13.85, 14.99], (p=7, n=5, P=168, N=408)
2026-04-14 12:58:50,645 - INFO - *****GROWING RR RULE*****
2026-04-14 12:58:50,651 - INFO - Iteracja 0: condition_best: None, quality_best: -inf, coverage_best: (p=0, n=0, P=0, N=0), p_value: 0
2026-04-14 12:58:50,651 - INFO - Regula po iteracji 0: IF  THEN class = {15.07} [14.25, 15.90], (p=370, n=206, P=370, N=206)
2026-04-14 12:58:50,651 - INFO - *****STOP GROWING RR RULE*****
2026-04-14 12:58:50,651 - INFO - ***RR NOT FOUND***
2026-04-14 12:58:50,653 - INFO - Iteracja 4: condition_best: Squares = {2}, quality_best: 0.214, coverage_best: (p=7, n=5, P=168, N=408)
2026-04-14 12:58:50,653 - INFO - Regula po iteracji 4: IF Occasion = {2} AND Halfplot = {2} AND Trellis = {2} AND Rows = {3} AND Squares = {2} THEN class = {14.42} [13.85, 14.99], (p=7, n=5, P=168, N=408)
2026-04-14 12:58:50,654 - INFO - *****GROWING RR RULE*****
2026-04-14 12:58:50,660 - INFO - Iteracja 0: condition_best: None, quality_best: -inf, coverage_best: (p=0, n=0, P=0, N=0), p_value: 0
2026-04-14 12:58:50,660 - INFO - Regula po iteracji 0: IF  THEN class = {15.07} [14.25, 15.90], (p=370, n=206, P=370, N=206)
2026-04-14 12:58:50,660 - INFO - *****STOP GROWING RR RULE*****
2026-04-14 12:58:50,660 - INFO - ***RR NOT FOUND***
2026-04-14 12:58:50,660 - INFO - *******STOP GROWING CR RULE*******
2026-04-14 12:58:50,663 - INFO - *******GROWING CR RULE*******
2026-04-14 12:58:50,667 - INFO - Iteracja 0: condition_best: Occasion = {2}, quality_best: 0.097, coverage_best: (p=198, n=90, P=370, N=206)
2026-04-14 12:58:50,667 - INFO - Regula po iteracji 0: IF Occasion = {2} THEN class = {15.03} [14.29, 15.77], (p=198, n=90, P=370, N=206)
2026-04-14 12:58:50,667 - INFO - *****GROWING RR RULE*****
2026-04-14 12:58:50,673 - INFO - Iteracja 0: condition_best: None, quality_best: -inf, coverage_best: (p=0, n=0, P=0, N=0), p_value: 0
2026-04-14 12:58:50,673 - INFO - Regula po iteracji 0: IF  THEN class = {15.07} [14.25, 15.90], (p=370, n=206, P=370, N=206)
2026-04-14 12:58:50,673 - INFO - *****STOP GROWING RR RULE*****
2026-04-14 12:58:50,673 - INFO - ***RR NOT FOUND***
2026-04-14 12:58:50,676 - INFO - Iteracja 1: condition_best: Halfplot = {2}, quality_best: 0.13, coverage_best: (p=103, n=41, P=370, N=206)
2026-04-14 12:58:50,676 - INFO - Regula po iteracji 1: IF Occasion = {2} AND Halfplot = {2} THEN class = {15.07} [14.32, 15.81], (p=103, n=41, P=370, N=206)
2026-04-14 12:58:50,677 - INFO - *****GROWING RR RULE*****
2026-04-14 12:58:50,683 - INFO - Iteracja 0: condition_best: None, quality_best: -inf, coverage_best: (p=0, n=0, P=0, N=0), p_value: 0
2026-04-14 12:58:50,683 - INFO - Regula po iteracji 0: IF  THEN class = {15.07} [14.25, 15.90], (p=370, n=206, P=370, N=206)
2026-04-14 12:58:50,683 - INFO - *****STOP GROWING RR RULE*****
2026-04-14 12:58:50,683 - INFO - ***RR NOT FOUND***
2026-04-14 12:58:50,686 - INFO - Iteracja 2: condition_best: Rows = {3}, quality_best: 0.148, coverage_best: (p=28, n=20, P=249, N=327)
2026-04-14 12:58:50,686 - INFO - Regula po iteracji 2: IF Occasion = {2} AND Halfplot = {2} AND Rows = {3} THEN class = {14.76} [14.17, 15.36], (p=28, n=20, P=249, N=327)
2026-04-14 12:58:50,687 - INFO - *****GROWING RR RULE*****
2026-04-14 12:58:50,692 - INFO - Iteracja 0: condition_best: None, quality_best: -inf, coverage_best: (p=0, n=0, P=0, N=0), p_value: 0
2026-04-14 12:58:50,692 - INFO - Regula po iteracji 0: IF  THEN class = {15.07} [14.25, 15.90], (p=370, n=206, P=370, N=206)
2026-04-14 12:58:50,693 - INFO - *****STOP GROWING RR RULE*****
2026-04-14 12:58:50,693 - INFO - ***RR NOT FOUND***
2026-04-14 12:58:50,695 - INFO - Iteracja 3: condition_best: Squares = {2}, quality_best: 0.148, coverage_best: (p=28, n=20, P=249, N=327)
2026-04-14 12:58:50,695 - INFO - Regula po iteracji 3: IF Occasion = {2} AND Halfplot = {2} AND Rows = {3} AND Squares = {2} THEN class = {14.76} [14.17, 15.36], (p=28, n=20, P=249, N=327)
2026-04-14 12:58:50,696 - INFO - *****GROWING RR RULE*****
2026-04-14 12:58:50,702 - INFO - Iteracja 0: condition_best: None, quality_best: -inf, coverage_best: (p=0, n=0, P=0, N=0), p_value: 0
2026-04-14 12:58:50,702 - INFO - Regula po iteracji 0: IF  THEN class = {15.07} [14.25, 15.90], (p=370, n=206, P=370, N=206)
2026-04-14 12:58:50,702 - INFO - *****STOP GROWING RR RULE*****
2026-04-14 12:58:50,702 - INFO - ***RR NOT FOUND***
2026-04-14 12:58:50,705 - INFO - Iteracja 4: condition_best: Method = {2}, quality_best: 0.148, coverage_best: (p=28, n=20, P=249, N=327)
2026-04-14 12:58:50,705 - INFO - Regula po iteracji 4: IF Occasion = {2} AND Halfplot = {2} AND Rows = {3} AND Squares = {2} AND Method = {2} THEN class = {14.76} [14.17, 15.36], (p=28, n=20, P=249, N=327)
2026-04-14 12:58:50,706 - INFO - *****GROWING RR RULE*****
2026-04-14 12:58:50,712 - INFO - Iteracja 0: condition_best: None, quality_best: -inf, coverage_best: (p=0, n=0, P=0, N=0), p_value: 0
2026-04-14 12:58:50,712 - INFO - Regula po iteracji 0: IF  THEN class = {15.07} [14.25, 15.90], (p=370, n=206, P=370, N=206)
2026-04-14 12:58:50,712 - INFO - *****STOP GROWING RR RULE*****
2026-04-14 12:58:50,712 - INFO - ***RR NOT FOUND***
2026-04-14 12:58:50,712 - INFO - *******STOP GROWING CR RULE*******
2026-04-14 12:58:50,714 - INFO - *******GROWING CR RULE*******
2026-04-14 12:58:50,718 - INFO - Iteracja 0: condition_best: Occasion = {2}, quality_best: 0.097, coverage_best: (p=198, n=90, P=370, N=206)
2026-04-14 12:58:50,718 - INFO - Regula po iteracji 0: IF Occasion = {2} THEN class = {15.03} [14.29, 15.77], (p=198, n=90, P=370, N=206)
2026-04-14 12:58:50,719 - INFO - *****GROWING RR RULE*****
2026-04-14 12:58:50,724 - INFO - Iteracja 0: condition_best: None, quality_best: -inf, coverage_best: (p=0, n=0, P=0, N=0), p_value: 0
2026-04-14 12:58:50,725 - INFO - Regula po iteracji 0: IF  THEN class = {15.07} [14.25, 15.90], (p=370, n=206, P=370, N=206)
2026-04-14 12:58:50,725 - INFO - *****STOP GROWING RR RULE*****
2026-04-14 12:58:50,725 - INFO - ***RR NOT FOUND***
2026-04-14 12:58:50,728 - INFO - Iteracja 1: condition_best: Position = {1}, quality_best: 0.127, coverage_best: (p=52, n=20, P=370, N=206)
2026-04-14 12:58:50,728 - INFO - Regula po iteracji 1: IF Occasion = {2} AND Position = {1} THEN class = {15.11} [14.39, 15.83], (p=52, n=20, P=370, N=206)
2026-04-14 12:58:50,728 - INFO - *****GROWING RR RULE*****
2026-04-14 12:58:50,734 - INFO - Iteracja 0: condition_best: None, quality_best: -inf, coverage_best: (p=0, n=0, P=0, N=0), p_value: 0
2026-04-14 12:58:50,734 - INFO - Regula po iteracji 0: IF  THEN class = {15.07} [14.25, 15.90], (p=370, n=206, P=370, N=206)
2026-04-14 12:58:50,734 - INFO - *****STOP GROWING RR RULE*****
2026-04-14 12:58:50,734 - INFO - ***RR NOT FOUND***
2026-04-14 12:58:50,737 - INFO - Iteracja 2: condition_best: Squares = {2}, quality_best: 0.127, coverage_best: (p=52, n=20, P=370, N=206)
2026-04-14 12:58:50,737 - INFO - Regula po iteracji 2: IF Occasion = {2} AND Position = {1} AND Squares = {2} THEN class = {15.11} [14.39, 15.83], (p=52, n=20, P=370, N=206)
2026-04-14 12:58:50,738 - INFO - *****GROWING RR RULE*****
2026-04-14 12:58:50,743 - INFO - Iteracja 0: condition_best: None, quality_best: -inf, coverage_best: (p=0, n=0, P=0, N=0), p_value: 0
2026-04-14 12:58:50,743 - INFO - Regula po iteracji 0: IF  THEN class = {15.07} [14.25, 15.90], (p=370, n=206, P=370, N=206)
2026-04-14 12:58:50,744 - INFO - *****STOP GROWING RR RULE*****
2026-04-14 12:58:50,744 - INFO - ***RR NOT FOUND***
2026-04-14 12:58:50,746 - INFO - Iteracja 3: condition_best: Trellis = {2}, quality_best: 0.116, coverage_best: (p=13, n=5, P=370, N=206)
2026-04-14 12:58:50,746 - INFO - Regula po iteracji 3: IF Occasion = {2} AND Position = {1} AND Squares = {2} AND Trellis = {2} THEN class = {14.86} [14.14, 15.58], (p=13, n=5, P=370, N=206)
2026-04-14 12:58:50,747 - INFO - *****GROWING RR RULE*****
2026-04-14 12:58:50,755 - INFO - Iteracja 0: condition_best: Sittings = {3}, quality_best: 0.092, coverage_best: (p=100, n=44, P=370, N=206), p_value: 4
2026-04-14 12:58:50,755 - INFO - Regula po iteracji 0: IF Sittings = {3} THEN class = {15.07} [14.25, 15.90], (p=100, n=44, P=370, N=206)
2026-04-14 12:58:50,759 - INFO - Iteracja 1: condition_best: None, quality_best: -inf, coverage_best: (p=0, n=0, P=0, N=0), p_value: 4
2026-04-14 12:58:50,759 - INFO - Regula po iteracji 1: IF Sittings = {3} THEN class = {15.03} [14.21, 15.86], (p=100, n=44, P=370, N=206)
2026-04-14 12:58:50,759 - INFO - *****STOP GROWING RR RULE*****
2026-04-14 12:58:50,759 - INFO - ***RR FOUND***
2026-04-14 12:58:50,759 - INFO - Reference rule: IF Sittings = {3} THEN class = {15.03} [14.21, 15.86]
2026-04-14 12:58:50,759 - INFO - ***CHECKING EXCEPTION***
2026-04-14 12:58:50,762 - INFO - *******STOP GROWING CR RULE*******
2026-04-14 12:58:50,764 - INFO - *******GROWING CR RULE*******
2026-04-14 12:58:50,768 - INFO - Iteracja 0: condition_best: Occasion = {2}, quality_best: 0.097, coverage_best: (p=198, n=90, P=370, N=206)
2026-04-14 12:58:50,768 - INFO - Regula po iteracji 0: IF Occasion = {2} THEN class = {15.03} [14.29, 15.77], (p=198, n=90, P=370, N=206)
2026-04-14 12:58:50,769 - INFO - *****GROWING RR RULE*****
2026-04-14 12:58:50,775 - INFO - Iteracja 0: condition_best: None, quality_best: -inf, coverage_best: (p=0, n=0, P=0, N=0), p_value: 0
2026-04-14 12:58:50,775 - INFO - Regula po iteracji 0: IF  THEN class = {15.07} [14.25, 15.90], (p=370, n=206, P=370, N=206)
2026-04-14 12:58:50,775 - INFO - *****STOP GROWING RR RULE*****
2026-04-14 12:58:50,775 - INFO - ***RR NOT FOUND***
2026-04-14 12:58:50,778 - INFO - Iteracja 1: condition_best: Position = {2}, quality_best: 0.127, coverage_best: (p=52, n=20, P=370, N=206)
2026-04-14 12:58:50,778 - INFO - Regula po iteracji 1: IF Occasion = {2} AND Position = {2} THEN class = {14.92} [14.27, 15.56], (p=52, n=20, P=370, N=206)
2026-04-14 12:58:50,779 - INFO - *****GROWING RR RULE*****
2026-04-14 12:58:50,785 - INFO - Iteracja 0: condition_best: None, quality_best: -inf, coverage_best: (p=0, n=0, P=0, N=0), p_value: 0
2026-04-14 12:58:50,785 - INFO - Regula po iteracji 0: IF  THEN class = {15.07} [14.25, 15.90], (p=370, n=206, P=370, N=206)
2026-04-14 12:58:50,785 - INFO - *****STOP GROWING RR RULE*****
2026-04-14 12:58:50,785 - INFO - ***RR NOT FOUND***
2026-04-14 12:58:50,787 - INFO - Iteracja 2: condition_best: Halfplot = {1}, quality_best: 0.139, coverage_best: (p=25, n=9, P=370, N=206)
2026-04-14 12:58:50,787 - INFO - Regula po iteracji 2: IF Occasion = {2} AND Position = {2} AND Halfplot = {1} THEN class = {14.88} [14.24, 15.52], (p=25, n=9, P=370, N=206)
2026-04-14 12:58:50,788 - INFO - *****GROWING RR RULE*****
2026-04-14 12:58:50,794 - INFO - Iteracja 0: condition_best: None, quality_best: -inf, coverage_best: (p=0, n=0, P=0, N=0), p_value: 0
2026-04-14 12:58:50,794 - INFO - Regula po iteracji 0: IF  THEN class = {15.07} [14.25, 15.90], (p=370, n=206, P=370, N=206)
2026-04-14 12:58:50,794 - INFO - *****STOP GROWING RR RULE*****
2026-04-14 12:58:50,794 - INFO - ***RR NOT FOUND***
2026-04-14 12:58:50,797 - INFO - Iteracja 3: condition_best: Squares = {2}, quality_best: 0.139, coverage_best: (p=25, n=9, P=370, N=206)
2026-04-14 12:58:50,797 - INFO - Regula po iteracji 3: IF Occasion = {2} AND Position = {2} AND Halfplot = {1} AND Squares = {2} THEN class = {14.88} [14.24, 15.52], (p=25, n=9, P=370, N=206)
2026-04-14 12:58:50,797 - INFO - *****GROWING RR RULE*****
2026-04-14 12:58:50,803 - INFO - Iteracja 0: condition_best: None, quality_best: -inf, coverage_best: (p=0, n=0, P=0, N=0), p_value: 0
2026-04-14 12:58:50,803 - INFO - Regula po iteracji 0: IF  THEN class = {15.07} [14.25, 15.90], (p=370, n=206, P=370, N=206)
2026-04-14 12:58:50,804 - INFO - *****STOP GROWING RR RULE*****
2026-04-14 12:58:50,804 - INFO - ***RR NOT FOUND***
2026-04-14 12:58:50,806 - INFO - Iteracja 4: condition_best: Method = {1}, quality_best: 0.139, coverage_best: (p=25, n=9, P=370, N=206)
2026-04-14 12:58:50,806 - INFO - Regula po iteracji 4: IF Occasion = {2} AND Position = {2} AND Halfplot = {1} AND Squares = {2} AND Method = {1} THEN class = {14.88} [14.24, 15.52], (p=25, n=9, P=370, N=206)
2026-04-14 12:58:50,807 - INFO - *****GROWING RR RULE*****
2026-04-14 12:58:50,813 - INFO - Iteracja 0: condition_best: None, quality_best: -inf, coverage_best: (p=0, n=0, P=0, N=0), p_value: 0
2026-04-14 12:58:50,813 - INFO - Regula po iteracji 0: IF  THEN class = {15.07} [14.25, 15.90], (p=370, n=206, P=370, N=206)
2026-04-14 12:58:50,813 - INFO - *****STOP GROWING RR RULE*****
2026-04-14 12:58:50,813 - INFO - ***RR NOT FOUND***
2026-04-14 12:58:50,813 - INFO - *******STOP GROWING CR RULE*******
2026-04-14 12:58:50,815 - INFO - *******GROWING CR RULE*******
2026-04-14 12:58:50,820 - INFO - Iteracja 0: condition_best: Occasion = {2}, quality_best: 0.097, coverage_best: (p=198, n=90, P=370, N=206)
2026-04-14 12:58:50,820 - INFO - Regula po iteracji 0: IF Occasion = {2} THEN class = {15.03} [14.29, 15.77], (p=198, n=90, P=370, N=206)
2026-04-14 12:58:50,820 - INFO - *****GROWING RR RULE*****
2026-04-14 12:58:50,826 - INFO - Iteracja 0: condition_best: None, quality_best: -inf, coverage_best: (p=0, n=0, P=0, N=0), p_value: 0
2026-04-14 12:58:50,826 - INFO - Regula po iteracji 0: IF  THEN class = {15.07} [14.25, 15.90], (p=370, n=206, P=370, N=206)
2026-04-14 12:58:50,826 - INFO - *****STOP GROWING RR RULE*****
2026-04-14 12:58:50,826 - INFO - ***RR NOT FOUND***
2026-04-14 12:58:50,829 - INFO - Iteracja 1: condition_best: Judges = {2}, quality_best: 0.127, coverage_best: (p=27, n=21, P=249, N=327)
2026-04-14 12:58:50,829 - INFO - Regula po iteracji 1: IF Occasion = {2} AND Judges = {2} THEN class = {14.85} [14.25, 15.46], (p=27, n=21, P=249, N=327)
2026-04-14 12:58:50,830 - INFO - *****GROWING RR RULE*****
2026-04-14 12:58:50,836 - INFO - Iteracja 0: condition_best: None, quality_best: -inf, coverage_best: (p=0, n=0, P=0, N=0), p_value: 0
2026-04-14 12:58:50,836 - INFO - Regula po iteracji 0: IF  THEN class = {15.07} [14.25, 15.90], (p=370, n=206, P=370, N=206)
2026-04-14 12:58:50,836 - INFO - *****STOP GROWING RR RULE*****
2026-04-14 12:58:50,836 - INFO - ***RR NOT FOUND***
2026-04-14 12:58:50,838 - INFO - Iteracja 2: condition_best: Halfplot = {1}, quality_best: 0.141, coverage_best: (p=14, n=10, P=249, N=327)
2026-04-14 12:58:50,838 - INFO - Regula po iteracji 2: IF Occasion = {2} AND Judges = {2} AND Halfplot = {1} THEN class = {14.73} [14.12, 15.34], (p=14, n=10, P=249, N=327)
2026-04-14 12:58:50,839 - INFO - *****GROWING RR RULE*****
2026-04-14 12:58:50,845 - INFO - Iteracja 0: condition_best: None, quality_best: -inf, coverage_best: (p=0, n=0, P=0, N=0), p_value: 0
2026-04-14 12:58:50,845 - INFO - Regula po iteracji 0: IF  THEN class = {15.07} [14.25, 15.90], (p=370, n=206, P=370, N=206)
2026-04-14 12:58:50,845 - INFO - *****STOP GROWING RR RULE*****
2026-04-14 12:58:50,845 - INFO - ***RR NOT FOUND***
2026-04-14 12:58:50,847 - INFO - Iteracja 3: condition_best: Squares = {2}, quality_best: 0.141, coverage_best: (p=14, n=10, P=249, N=327)
2026-04-14 12:58:50,847 - INFO - Regula po iteracji 3: IF Occasion = {2} AND Judges = {2} AND Halfplot = {1} AND Squares = {2} THEN class = {14.73} [14.12, 15.34], (p=14, n=10, P=249, N=327)
2026-04-14 12:58:50,848 - INFO - *****GROWING RR RULE*****
2026-04-14 12:58:50,854 - INFO - Iteracja 0: condition_best: None, quality_best: -inf, coverage_best: (p=0, n=0, P=0, N=0), p_value: 0
2026-04-14 12:58:50,854 - INFO - Regula po iteracji 0: IF  THEN class = {15.07} [14.25, 15.90], (p=370, n=206, P=370, N=206)
2026-04-14 12:58:50,854 - INFO - *****STOP GROWING RR RULE*****
2026-04-14 12:58:50,854 - INFO - ***RR NOT FOUND***
2026-04-14 12:58:50,857 - INFO - Iteracja 4: condition_best: Method = {1}, quality_best: 0.141, coverage_best: (p=14, n=10, P=249, N=327)
2026-04-14 12:58:50,857 - INFO - Regula po iteracji 4: IF Occasion = {2} AND Judges = {2} AND Halfplot = {1} AND Squares = {2} AND Method = {1} THEN class = {14.73} [14.12, 15.34], (p=14, n=10, P=249, N=327)
2026-04-14 12:58:50,858 - INFO - *****GROWING RR RULE*****
2026-04-14 12:58:50,863 - INFO - Iteracja 0: condition_best: None, quality_best: -inf, coverage_best: (p=0, n=0, P=0, N=0), p_value: 0
2026-04-14 12:58:50,864 - INFO - Regula po iteracji 0: IF  THEN class = {15.07} [14.25, 15.90], (p=370, n=206, P=370, N=206)
2026-04-14 12:58:50,864 - INFO - *****STOP GROWING RR RULE*****
2026-04-14 12:58:50,864 - INFO - ***RR NOT FOUND***
2026-04-14 12:58:50,864 - INFO - *******STOP GROWING CR RULE*******
2026-04-14 12:58:50,866 - INFO - *******GROWING CR RULE*******
2026-04-14 12:58:50,870 - INFO - Iteracja 0: condition_best: Occasion = {2}, quality_best: 0.097, coverage_best: (p=198, n=90, P=370, N=206)
2026-04-14 12:58:50,870 - INFO - Regula po iteracji 0: IF Occasion = {2} THEN class = {15.03} [14.29, 15.77], (p=198, n=90, P=370, N=206)
2026-04-14 12:58:50,870 - INFO - *****GROWING RR RULE*****
2026-04-14 12:58:50,876 - INFO - Iteracja 0: condition_best: None, quality_best: -inf, coverage_best: (p=0, n=0, P=0, N=0), p_value: 0
2026-04-14 12:58:50,876 - INFO - Regula po iteracji 0: IF  THEN class = {15.07} [14.25, 15.90], (p=370, n=206, P=370, N=206)
2026-04-14 12:58:50,876 - INFO - *****STOP GROWING RR RULE*****
2026-04-14 12:58:50,877 - INFO - ***RR NOT FOUND***
2026-04-14 12:58:50,880 - INFO - Iteracja 1: condition_best: Rows = {1}, quality_best: 0.127, coverage_best: (p=69, n=27, P=370, N=206)
2026-04-14 12:58:50,880 - INFO - Regula po iteracji 1: IF Occasion = {2} AND Rows = {1} THEN class = {14.92} [14.22, 15.63], (p=69, n=27, P=370, N=206)
2026-04-14 12:58:50,880 - INFO - *****GROWING RR RULE*****
2026-04-14 12:58:50,886 - INFO - Iteracja 0: condition_best: None, quality_best: -inf, coverage_best: (p=0, n=0, P=0, N=0), p_value: 0
2026-04-14 12:58:50,886 - INFO - Regula po iteracji 0: IF  THEN class = {15.07} [14.25, 15.90], (p=370, n=206, P=370, N=206)
2026-04-14 12:58:50,886 - INFO - *****STOP GROWING RR RULE*****
2026-04-14 12:58:50,886 - INFO - ***RR NOT FOUND***
2026-04-14 12:58:50,889 - INFO - Iteracja 2: condition_best: Squares = {2}, quality_best: 0.127, coverage_best: (p=69, n=27, P=370, N=206)
2026-04-14 12:58:50,889 - INFO - Regula po iteracji 2: IF Occasion = {2} AND Rows = {1} AND Squares = {2} THEN class = {14.92} [14.22, 15.63], (p=69, n=27, P=370, N=206)
2026-04-14 12:58:50,889 - INFO - *****GROWING RR RULE*****
2026-04-14 12:58:50,895 - INFO - Iteracja 0: condition_best: None, quality_best: -inf, coverage_best: (p=0, n=0, P=0, N=0), p_value: 0
2026-04-14 12:58:50,895 - INFO - Regula po iteracji 0: IF  THEN class = {15.07} [14.25, 15.90], (p=370, n=206, P=370, N=206)
2026-04-14 12:58:50,895 - INFO - *****STOP GROWING RR RULE*****
2026-04-14 12:58:50,895 - INFO - ***RR NOT FOUND***
2026-04-14 12:58:50,898 - INFO - Iteracja 3: condition_best: Halfplot = {1}, quality_best: 0.101, coverage_best: (p=34, n=14, P=370, N=206)
2026-04-14 12:58:50,898 - INFO - Regula po iteracji 3: IF Occasion = {2} AND Rows = {1} AND Squares = {2} AND Halfplot = {1} THEN class = {14.86} [14.14, 15.58], (p=34, n=14, P=370, N=206)
2026-04-14 12:58:50,899 - INFO - *****GROWING RR RULE*****
2026-04-14 12:58:50,905 - INFO - Iteracja 0: condition_best: None, quality_best: -inf, coverage_best: (p=0, n=0, P=0, N=0), p_value: 0
2026-04-14 12:58:50,905 - INFO - Regula po iteracji 0: IF  THEN class = {15.07} [14.25, 15.90], (p=370, n=206, P=370, N=206)
2026-04-14 12:58:50,905 - INFO - *****STOP GROWING RR RULE*****
2026-04-14 12:58:50,905 - INFO - ***RR NOT FOUND***
2026-04-14 12:58:50,908 - INFO - Iteracja 4: condition_best: Method = {1}, quality_best: 0.101, coverage_best: (p=34, n=14, P=370, N=206)
2026-04-14 12:58:50,908 - INFO - Regula po iteracji 4: IF Occasion = {2} AND Rows = {1} AND Squares = {2} AND Halfplot = {1} AND Method = {1} THEN class = {14.86} [14.14, 15.58], (p=34, n=14, P=370, N=206)
2026-04-14 12:58:50,909 - INFO - *****GROWING RR RULE*****
2026-04-14 12:58:50,915 - INFO - Iteracja 0: condition_best: None, quality_best: -inf, coverage_best: (p=0, n=0, P=0, N=0), p_value: 0
2026-04-14 12:58:50,915 - INFO - Regula po iteracji 0: IF  THEN class = {15.07} [14.25, 15.90], (p=370, n=206, P=370, N=206)
2026-04-14 12:58:50,915 - INFO - *****STOP GROWING RR RULE*****
2026-04-14 12:58:50,915 - INFO - ***RR NOT FOUND***
2026-04-14 12:58:50,915 - INFO - *******STOP GROWING CR RULE*******
2026-04-14 12:58:50,917 - INFO - *******GROWING CR RULE*******
2026-04-14 12:58:50,921 - INFO - Iteracja 0: condition_best: Occasion = {2}, quality_best: 0.097, coverage_best: (p=198, n=90, P=370, N=206)
2026-04-14 12:58:50,921 - INFO - Regula po iteracji 0: IF Occasion = {2} THEN class = {15.03} [14.29, 15.77], (p=198, n=90, P=370, N=206)
2026-04-14 12:58:50,921 - INFO - *****GROWING RR RULE*****
2026-04-14 12:58:50,927 - INFO - Iteracja 0: condition_best: None, quality_best: -inf, coverage_best: (p=0, n=0, P=0, N=0), p_value: 0
2026-04-14 12:58:50,927 - INFO - Regula po iteracji 0: IF  THEN class = {15.07} [14.25, 15.90], (p=370, n=206, P=370, N=206)
2026-04-14 12:58:50,927 - INFO - *****STOP GROWING RR RULE*****
2026-04-14 12:58:50,927 - INFO - ***RR NOT FOUND***
2026-04-14 12:58:50,931 - INFO - Iteracja 1: condition_best: Squares = {2}, quality_best: 0.097, coverage_best: (p=198, n=90, P=370, N=206)
2026-04-14 12:58:50,931 - INFO - Regula po iteracji 1: IF Occasion = {2} AND Squares = {2} THEN class = {15.03} [14.29, 15.77], (p=198, n=90, P=370, N=206)
2026-04-14 12:58:50,931 - INFO - *****GROWING RR RULE*****
2026-04-14 12:58:50,937 - INFO - Iteracja 0: condition_best: None, quality_best: -inf, coverage_best: (p=0, n=0, P=0, N=0), p_value: 0
2026-04-14 12:58:50,937 - INFO - Regula po iteracji 0: IF  THEN class = {15.07} [14.25, 15.90], (p=370, n=206, P=370, N=206)
2026-04-14 12:58:50,937 - INFO - *****STOP GROWING RR RULE*****
2026-04-14 12:58:50,937 - INFO - ***RR NOT FOUND***
2026-04-14 12:58:50,940 - INFO - Iteracja 2: condition_best: Rows = {3}, quality_best: 0.057, coverage_best: (p=65, n=31, P=370, N=206)
2026-04-14 12:58:50,940 - INFO - Regula po iteracji 2: IF Occasion = {2} AND Squares = {2} AND Rows = {3} THEN class = {14.86} [14.19, 15.54], (p=65, n=31, P=370, N=206)
2026-04-14 12:58:50,941 - INFO - *****GROWING RR RULE*****
2026-04-14 12:58:50,947 - INFO - Iteracja 0: condition_best: None, quality_best: -inf, coverage_best: (p=0, n=0, P=0, N=0), p_value: 0
2026-04-14 12:58:50,947 - INFO - Regula po iteracji 0: IF  THEN class = {15.07} [14.25, 15.90], (p=370, n=206, P=370, N=206)
2026-04-14 12:58:50,947 - INFO - *****STOP GROWING RR RULE*****
2026-04-14 12:58:50,947 - INFO - ***RR NOT FOUND***
2026-04-14 12:58:50,950 - INFO - Iteracja 3: condition_best: Sittings = {1}, quality_best: 0.011, coverage_best: (p=18, n=6, P=429, N=147)
2026-04-14 12:58:50,950 - INFO - Regula po iteracji 3: IF Occasion = {2} AND Squares = {2} AND Rows = {3} AND Sittings = {1} THEN class = {14.75} [13.95, 15.55], (p=18, n=6, P=429, N=147)
2026-04-14 12:58:50,951 - INFO - *****GROWING RR RULE*****
2026-04-14 12:58:50,957 - INFO - Iteracja 0: condition_best: None, quality_best: -inf, coverage_best: (p=0, n=0, P=0, N=0), p_value: 0
2026-04-14 12:58:50,957 - INFO - Regula po iteracji 0: IF  THEN class = {15.07} [14.25, 15.90], (p=370, n=206, P=370, N=206)
2026-04-14 12:58:50,957 - INFO - *****STOP GROWING RR RULE*****
2026-04-14 12:58:50,957 - INFO - ***RR NOT FOUND***
2026-04-14 12:58:50,959 - INFO - Iteracja 4: condition_best: Halfplot = {1}, quality_best: -0.156, coverage_best: (p=8, n=4, P=429, N=147)
2026-04-14 12:58:50,959 - INFO - Regula po iteracji 4: IF Occasion = {2} AND Squares = {2} AND Rows = {3} AND Sittings = {1} AND Halfplot = {1} THEN class = {14.71} [13.79, 15.63], (p=8, n=4, P=429, N=147)
2026-04-14 12:58:50,960 - INFO - *****GROWING RR RULE*****
2026-04-14 12:58:50,969 - INFO - Iteracja 0: condition_best: None, quality_best: -inf, coverage_best: (p=0, n=0, P=0, N=0), p_value: 0
2026-04-14 12:58:50,970 - INFO - Regula po iteracji 0: IF  THEN class = {15.07} [14.25, 15.90], (p=370, n=206, P=370, N=206)
2026-04-14 12:58:50,970 - INFO - *****STOP GROWING RR RULE*****
2026-04-14 12:58:50,970 - INFO - ***RR NOT FOUND***
2026-04-14 12:58:50,970 - INFO - *******STOP GROWING CR RULE*******
2026-04-14 12:58:50,972 - INFO - *******GROWING CR RULE*******
2026-04-14 12:58:50,976 - INFO - Iteracja 0: condition_best: Interval = {3}, quality_best: 0.096, coverage_best: (p=133, n=59, P=370, N=206)
2026-04-14 12:58:50,976 - INFO - Regula po iteracji 0: IF Interval = {3} THEN class = {15.01} [14.27, 15.76], (p=133, n=59, P=370, N=206)
2026-04-14 12:58:50,976 - INFO - *****GROWING RR RULE*****
2026-04-14 12:58:50,982 - INFO - Iteracja 0: condition_best: None, quality_best: -inf, coverage_best: (p=0, n=0, P=0, N=0), p_value: 0
2026-04-14 12:58:50,982 - INFO - Regula po iteracji 0: IF  THEN class = {15.07} [14.25, 15.90], (p=370, n=206, P=370, N=206)
2026-04-14 12:58:50,982 - INFO - *****STOP GROWING RR RULE*****
2026-04-14 12:58:50,982 - INFO - ***RR NOT FOUND***
2026-04-14 12:58:50,985 - INFO - Iteracja 1: condition_best: Judges = {6}, quality_best: 0.361, coverage_best: (p=27, n=5, P=308, N=268)
2026-04-14 12:58:50,985 - INFO - Regula po iteracji 1: IF Interval = {3} AND Judges = {6} THEN class = {14.55} [14.00, 15.10], (p=27, n=5, P=308, N=268)
2026-04-14 12:58:50,986 - INFO - *****GROWING RR RULE*****
2026-04-14 12:58:50,991 - INFO - Iteracja 0: condition_best: None, quality_best: -inf, coverage_best: (p=0, n=0, P=0, N=0), p_value: 0
2026-04-14 12:58:50,992 - INFO - Regula po iteracji 0: IF  THEN class = {15.07} [14.25, 15.90], (p=370, n=206, P=370, N=206)
2026-04-14 12:58:50,992 - INFO - *****STOP GROWING RR RULE*****
2026-04-14 12:58:50,992 - INFO - ***RR NOT FOUND***
2026-04-14 12:58:50,994 - INFO - Iteracja 2: condition_best: Occasion = {1}, quality_best: 0.454, coverage_best: (p=15, n=1, P=308, N=268)
2026-04-14 12:58:50,994 - INFO - Regula po iteracji 2: IF Interval = {3} AND Judges = {6} AND Occasion = {1} THEN class = {14.50} [13.97, 15.03], (p=15, n=1, P=308, N=268)
2026-04-14 12:58:50,995 - INFO - *****GROWING RR RULE*****
2026-04-14 12:58:51,000 - INFO - Iteracja 0: condition_best: None, quality_best: -inf, coverage_best: (p=0, n=0, P=0, N=0), p_value: 0
2026-04-14 12:58:51,000 - INFO - Regula po iteracji 0: IF  THEN class = {15.07} [14.25, 15.90], (p=370, n=206, P=370, N=206)
2026-04-14 12:58:51,000 - INFO - *****STOP GROWING RR RULE*****
2026-04-14 12:58:51,001 - INFO - ***RR NOT FOUND***
2026-04-14 12:58:51,003 - INFO - Iteracja 3: condition_best: Squares = {1}, quality_best: 0.454, coverage_best: (p=15, n=1, P=308, N=268)
2026-04-14 12:58:51,003 - INFO - Regula po iteracji 3: IF Interval = {3} AND Judges = {6} AND Occasion = {1} AND Squares = {1} THEN class = {14.50} [13.97, 15.03], (p=15, n=1, P=308, N=268)
2026-04-14 12:58:51,004 - INFO - *****GROWING RR RULE*****
2026-04-14 12:58:51,009 - INFO - Iteracja 0: condition_best: None, quality_best: -inf, coverage_best: (p=0, n=0, P=0, N=0), p_value: 0
2026-04-14 12:58:51,009 - INFO - Regula po iteracji 0: IF  THEN class = {15.07} [14.25, 15.90], (p=370, n=206, P=370, N=206)
2026-04-14 12:58:51,009 - INFO - *****STOP GROWING RR RULE*****
2026-04-14 12:58:51,010 - INFO - ***RR NOT FOUND***
2026-04-14 12:58:51,012 - INFO - Iteracja 4: condition_best: Rows = {3}, quality_best: 0.454, coverage_best: (p=15, n=1, P=308, N=268)
2026-04-14 12:58:51,012 - INFO - Regula po iteracji 4: IF Interval = {3} AND Judges = {6} AND Occasion = {1} AND Squares = {1} AND Rows = {3} THEN class = {14.50} [13.97, 15.03], (p=15, n=1, P=308, N=268)
2026-04-14 12:58:51,013 - INFO - *****GROWING RR RULE*****
2026-04-14 12:58:51,019 - INFO - Iteracja 0: condition_best: None, quality_best: -inf, coverage_best: (p=0, n=0, P=0, N=0), p_value: 0
2026-04-14 12:58:51,019 - INFO - Regula po iteracji 0: IF  THEN class = {15.07} [14.25, 15.90], (p=370, n=206, P=370, N=206)
2026-04-14 12:58:51,019 - INFO - *****STOP GROWING RR RULE*****
2026-04-14 12:58:51,019 - INFO - ***RR NOT FOUND***
2026-04-14 12:58:51,019 - INFO - *******STOP GROWING CR RULE*******
2026-04-14 12:58:51,021 - INFO - *******GROWING CR RULE*******
2026-04-14 12:58:51,025 - INFO - Iteracja 0: condition_best: Interval = {3}, quality_best: 0.096, coverage_best: (p=133, n=59, P=370, N=206)
2026-04-14 12:58:51,025 - INFO - Regula po iteracji 0: IF Interval = {3} THEN class = {15.01} [14.27, 15.76], (p=133, n=59, P=370, N=206)
2026-04-14 12:58:51,025 - INFO - *****GROWING RR RULE*****
2026-04-14 12:58:51,031 - INFO - Iteracja 0: condition_best: None, quality_best: -inf, coverage_best: (p=0, n=0, P=0, N=0), p_value: 0
2026-04-14 12:58:51,031 - INFO - Regula po iteracji 0: IF  THEN class = {15.07} [14.25, 15.90], (p=370, n=206, P=370, N=206)
2026-04-14 12:58:51,031 - INFO - *****STOP GROWING RR RULE*****
2026-04-14 12:58:51,031 - INFO - ***RR NOT FOUND***
2026-04-14 12:58:51,034 - INFO - Iteracja 1: condition_best: Sittings = {2}, quality_best: 0.198, coverage_best: (p=37, n=11, P=370, N=206)
2026-04-14 12:58:51,034 - INFO - Regula po iteracji 1: IF Interval = {3} AND Sittings = {2} THEN class = {14.96} [14.35, 15.57], (p=37, n=11, P=370, N=206)
2026-04-14 12:58:51,035 - INFO - *****GROWING RR RULE*****
2026-04-14 12:58:51,040 - INFO - Iteracja 0: condition_best: None, quality_best: -inf, coverage_best: (p=0, n=0, P=0, N=0), p_value: 0
2026-04-14 12:58:51,041 - INFO - Regula po iteracji 0: IF  THEN class = {15.07} [14.25, 15.90], (p=370, n=206, P=370, N=206)
2026-04-14 12:58:51,041 - INFO - *****STOP GROWING RR RULE*****
2026-04-14 12:58:51,041 - INFO - ***RR NOT FOUND***
2026-04-14 12:58:51,043 - INFO - Iteracja 2: condition_best: Occasion = {1}, quality_best: 0.005, coverage_best: (p=11, n=13, P=261, N=315)
2026-04-14 12:58:51,043 - INFO - Regula po iteracji 2: IF Interval = {3} AND Sittings = {2} AND Occasion = {1} THEN class = {15.10} [14.51, 15.70], (p=11, n=13, P=261, N=315)
2026-04-14 12:58:51,044 - INFO - *****GROWING RR RULE*****
2026-04-14 12:58:51,050 - INFO - Iteracja 0: condition_best: None, quality_best: -inf, coverage_best: (p=0, n=0, P=0, N=0), p_value: 0
2026-04-14 12:58:51,050 - INFO - Regula po iteracji 0: IF  THEN class = {15.07} [14.25, 15.90], (p=370, n=206, P=370, N=206)
2026-04-14 12:58:51,050 - INFO - *****STOP GROWING RR RULE*****
2026-04-14 12:58:51,050 - INFO - ***RR NOT FOUND***
2026-04-14 12:58:51,052 - INFO - Iteracja 3: condition_best: Squares = {1}, quality_best: 0.005, coverage_best: (p=11, n=13, P=261, N=315)
2026-04-14 12:58:51,052 - INFO - Regula po iteracji 3: IF Interval = {3} AND Sittings = {2} AND Occasion = {1} AND Squares = {1} THEN class = {15.10} [14.51, 15.70], (p=11, n=13, P=261, N=315)
2026-04-14 12:58:51,053 - INFO - *****GROWING RR RULE*****
2026-04-14 12:58:51,059 - INFO - Iteracja 0: condition_best: None, quality_best: -inf, coverage_best: (p=0, n=0, P=0, N=0), p_value: 0
2026-04-14 12:58:51,059 - INFO - Regula po iteracji 0: IF  THEN class = {15.07} [14.25, 15.90], (p=370, n=206, P=370, N=206)
2026-04-14 12:58:51,059 - INFO - *****STOP GROWING RR RULE*****
2026-04-14 12:58:51,059 - INFO - ***RR NOT FOUND***
2026-04-14 12:58:51,061 - INFO - Iteracja 4: condition_best: Columns = {1}, quality_best: -0.034, coverage_best: (p=5, n=7, P=261, N=315)
2026-04-14 12:58:51,061 - INFO - Regula po iteracji 4: IF Interval = {3} AND Sittings = {2} AND Occasion = {1} AND Squares = {1} AND Columns = {1} THEN class = {15.33} [14.74, 15.92], (p=5, n=7, P=261, N=315)
2026-04-14 12:58:51,063 - INFO - *****GROWING RR RULE*****
2026-04-14 12:58:51,068 - INFO - Iteracja 0: condition_best: None, quality_best: -inf, coverage_best: (p=0, n=0, P=0, N=0), p_value: 0
2026-04-14 12:58:51,068 - INFO - Regula po iteracji 0: IF  THEN class = {15.07} [14.25, 15.90], (p=370, n=206, P=370, N=206)
2026-04-14 12:58:51,069 - INFO - *****STOP GROWING RR RULE*****
2026-04-14 12:58:51,069 - INFO - ***RR NOT FOUND***
2026-04-14 12:58:51,069 - INFO - *******STOP GROWING CR RULE*******
2026-04-14 12:58:51,070 - INFO - *******GROWING CR RULE*******
2026-04-14 12:58:51,075 - INFO - Iteracja 0: condition_best: Interval = {3}, quality_best: 0.096, coverage_best: (p=133, n=59, P=370, N=206)
2026-04-14 12:58:51,075 - INFO - Regula po iteracji 0: IF Interval = {3} THEN class = {15.01} [14.27, 15.76], (p=133, n=59, P=370, N=206)
2026-04-14 12:58:51,075 - INFO - *****GROWING RR RULE*****
2026-04-14 12:58:51,081 - INFO - Iteracja 0: condition_best: None, quality_best: -inf, coverage_best: (p=0, n=0, P=0, N=0), p_value: 0
2026-04-14 12:58:51,081 - INFO - Regula po iteracji 0: IF  THEN class = {15.07} [14.25, 15.90], (p=370, n=206, P=370, N=206)
2026-04-14 12:58:51,081 - INFO - *****STOP GROWING RR RULE*****
2026-04-14 12:58:51,081 - INFO - ***RR NOT FOUND***
2026-04-14 12:58:51,084 - INFO - Iteracja 1: condition_best: Position = {2}, quality_best: 0.165, coverage_best: (p=36, n=12, P=370, N=206)
2026-04-14 12:58:51,084 - INFO - Regula po iteracji 1: IF Interval = {3} AND Position = {2} THEN class = {15.02} [14.28, 15.76], (p=36, n=12, P=370, N=206)
2026-04-14 12:58:51,084 - INFO - *****GROWING RR RULE*****
2026-04-14 12:58:51,090 - INFO - Iteracja 0: condition_best: None, quality_best: -inf, coverage_best: (p=0, n=0, P=0, N=0), p_value: 0
2026-04-14 12:58:51,090 - INFO - Regula po iteracji 0: IF  THEN class = {15.07} [14.25, 15.90], (p=370, n=206, P=370, N=206)
2026-04-14 12:58:51,090 - INFO - *****STOP GROWING RR RULE*****
2026-04-14 12:58:51,091 - INFO - ***RR NOT FOUND***
2026-04-14 12:58:51,093 - INFO - Iteracja 2: condition_best: Rows = {1}, quality_best: 0.155, coverage_best: (p=12, n=4, P=370, N=206)
2026-04-14 12:58:51,093 - INFO - Regula po iteracji 2: IF Interval = {3} AND Position = {2} AND Rows = {1} THEN class = {15.03} [14.16, 15.91], (p=12, n=4, P=370, N=206)
2026-04-14 12:58:51,094 - INFO - *****GROWING RR RULE*****
2026-04-14 12:58:51,100 - INFO - Iteracja 0: condition_best: None, quality_best: -inf, coverage_best: (p=0, n=0, P=0, N=0), p_value: 0
2026-04-14 12:58:51,100 - INFO - Regula po iteracji 0: IF  THEN class = {15.07} [14.25, 15.90], (p=370, n=206, P=370, N=206)
2026-04-14 12:58:51,100 - INFO - *****STOP GROWING RR RULE*****
2026-04-14 12:58:51,100 - INFO - ***RR NOT FOUND***
2026-04-14 12:58:51,103 - INFO - Iteracja 3: condition_best: Occasion = {1}, quality_best: -0.348, coverage_best: (p=5, n=3, P=448, N=128)
2026-04-14 12:58:51,103 - INFO - Regula po iteracji 3: IF Interval = {3} AND Position = {2} AND Rows = {1} AND Occasion = {1} THEN class = {15.44} [14.42, 16.45], (p=5, n=3, P=448, N=128)
2026-04-14 12:58:51,104 - INFO - *****GROWING RR RULE*****
2026-04-14 12:58:51,110 - INFO - Iteracja 0: condition_best: None, quality_best: -inf, coverage_best: (p=0, n=0, P=0, N=0), p_value: 0
2026-04-14 12:58:51,110 - INFO - Regula po iteracji 0: IF  THEN class = {15.07} [14.25, 15.90], (p=370, n=206, P=370, N=206)
2026-04-14 12:58:51,110 - INFO - *****STOP GROWING RR RULE*****
2026-04-14 12:58:51,110 - INFO - ***RR NOT FOUND***
2026-04-14 12:58:51,112 - INFO - Iteracja 4: condition_best: Squares = {1}, quality_best: -0.348, coverage_best: (p=5, n=3, P=448, N=128)
2026-04-14 12:58:51,113 - INFO - Regula po iteracji 4: IF Interval = {3} AND Position = {2} AND Rows = {1} AND Occasion = {1} AND Squares = {1} THEN class = {15.44} [14.42, 16.45], (p=5, n=3, P=448, N=128)
2026-04-14 12:58:51,114 - INFO - *****GROWING RR RULE*****
2026-04-14 12:58:51,119 - INFO - Iteracja 0: condition_best: None, quality_best: -inf, coverage_best: (p=0, n=0, P=0, N=0), p_value: 0
2026-04-14 12:58:51,119 - INFO - Regula po iteracji 0: IF  THEN class = {15.07} [14.25, 15.90], (p=370, n=206, P=370, N=206)
2026-04-14 12:58:51,120 - INFO - *****STOP GROWING RR RULE*****
2026-04-14 12:58:51,120 - INFO - ***RR NOT FOUND***
2026-04-14 12:58:51,120 - INFO - *******STOP GROWING CR RULE*******
2026-04-14 12:58:51,121 - INFO - *******GROWING CR RULE*******
2026-04-14 12:58:51,126 - INFO - Iteracja 0: condition_best: Interval = {3}, quality_best: 0.096, coverage_best: (p=133, n=59, P=370, N=206)
2026-04-14 12:58:51,126 - INFO - Regula po iteracji 0: IF Interval = {3} THEN class = {15.01} [14.27, 15.76], (p=133, n=59, P=370, N=206)
2026-04-14 12:58:51,126 - INFO - *****GROWING RR RULE*****
2026-04-14 12:58:51,132 - INFO - Iteracja 0: condition_best: None, quality_best: -inf, coverage_best: (p=0, n=0, P=0, N=0), p_value: 0
2026-04-14 12:58:51,132 - INFO - Regula po iteracji 0: IF  THEN class = {15.07} [14.25, 15.90], (p=370, n=206, P=370, N=206)
2026-04-14 12:58:51,132 - INFO - *****STOP GROWING RR RULE*****
2026-04-14 12:58:51,132 - INFO - ***RR NOT FOUND***
2026-04-14 12:58:51,135 - INFO - Iteracja 1: condition_best: Halfplot = {2}, quality_best: 0.144, coverage_best: (p=70, n=26, P=370, N=206)
2026-04-14 12:58:51,135 - INFO - Regula po iteracji 1: IF Interval = {3} AND Halfplot = {2} THEN class = {15.05} [14.29, 15.80], (p=70, n=26, P=370, N=206)
2026-04-14 12:58:51,135 - INFO - *****GROWING RR RULE*****
2026-04-14 12:58:51,141 - INFO - Iteracja 0: condition_best: None, quality_best: -inf, coverage_best: (p=0, n=0, P=0, N=0), p_value: 0
2026-04-14 12:58:51,141 - INFO - Regula po iteracji 0: IF  THEN class = {15.07} [14.25, 15.90], (p=370, n=206, P=370, N=206)
2026-04-14 12:58:51,141 - INFO - *****STOP GROWING RR RULE*****
2026-04-14 12:58:51,141 - INFO - ***RR NOT FOUND***
2026-04-14 12:58:51,144 - INFO - Iteracja 2: condition_best: Judges = {5}, quality_best: 0.246, coverage_best: (p=13, n=3, P=370, N=206)
2026-04-14 12:58:51,144 - INFO - Regula po iteracji 2: IF Interval = {3} AND Halfplot = {2} AND Judges = {5} THEN class = {15.06} [14.48, 15.65], (p=13, n=3, P=370, N=206)
2026-04-14 12:58:51,145 - INFO - *****GROWING RR RULE*****
2026-04-14 12:58:51,150 - INFO - Iteracja 0: condition_best: None, quality_best: -inf, coverage_best: (p=0, n=0, P=0, N=0), p_value: 0
2026-04-14 12:58:51,151 - INFO - Regula po iteracji 0: IF  THEN class = {15.07} [14.25, 15.90], (p=370, n=206, P=370, N=206)
2026-04-14 12:58:51,151 - INFO - *****STOP GROWING RR RULE*****
2026-04-14 12:58:51,151 - INFO - ***RR NOT FOUND***
2026-04-14 12:58:51,153 - INFO - Iteracja 3: condition_best: Method = {2}, quality_best: 0.246, coverage_best: (p=13, n=3, P=370, N=206)
2026-04-14 12:58:51,153 - INFO - Regula po iteracji 3: IF Interval = {3} AND Halfplot = {2} AND Judges = {5} AND Method = {2} THEN class = {15.06} [14.48, 15.65], (p=13, n=3, P=370, N=206)
2026-04-14 12:58:51,154 - INFO - *****GROWING RR RULE*****
2026-04-14 12:58:51,159 - INFO - Iteracja 0: condition_best: None, quality_best: -inf, coverage_best: (p=0, n=0, P=0, N=0), p_value: 0
2026-04-14 12:58:51,160 - INFO - Regula po iteracji 0: IF  THEN class = {15.07} [14.25, 15.90], (p=370, n=206, P=370, N=206)
2026-04-14 12:58:51,160 - INFO - *****STOP GROWING RR RULE*****
2026-04-14 12:58:51,160 - INFO - ***RR NOT FOUND***
2026-04-14 12:58:51,162 - INFO - Iteracja 4: condition_best: Occasion = {1}, quality_best: 0.153, coverage_best: (p=6, n=2, P=370, N=206)
2026-04-14 12:58:51,162 - INFO - Regula po iteracji 4: IF Interval = {3} AND Halfplot = {2} AND Judges = {5} AND Method = {2} AND Occasion = {1} THEN class = {14.94} [14.30, 15.57], (p=6, n=2, P=370, N=206)
2026-04-14 12:58:51,163 - INFO - *****GROWING RR RULE*****
2026-04-14 12:58:51,172 - INFO - Iteracja 0: condition_best: None, quality_best: -inf, coverage_best: (p=0, n=0, P=0, N=0), p_value: 0
2026-04-14 12:58:51,172 - INFO - Regula po iteracji 0: IF  THEN class = {15.07} [14.25, 15.90], (p=370, n=206, P=370, N=206)
2026-04-14 12:58:51,173 - INFO - *****STOP GROWING RR RULE*****
2026-04-14 12:58:51,173 - INFO - ***RR NOT FOUND***
2026-04-14 12:58:51,173 - INFO - *******STOP GROWING CR RULE*******
2026-04-14 12:58:51,174 - INFO - *******GROWING CR RULE*******
2026-04-14 12:58:51,179 - INFO - Iteracja 0: condition_best: Interval = {3}, quality_best: 0.096, coverage_best: (p=133, n=59, P=370, N=206)
2026-04-14 12:58:51,179 - INFO - Regula po iteracji 0: IF Interval = {3} THEN class = {15.01} [14.27, 15.76], (p=133, n=59, P=370, N=206)
2026-04-14 12:58:51,179 - INFO - *****GROWING RR RULE*****
2026-04-14 12:58:51,185 - INFO - Iteracja 0: condition_best: None, quality_best: -inf, coverage_best: (p=0, n=0, P=0, N=0), p_value: 0
2026-04-14 12:58:51,185 - INFO - Regula po iteracji 0: IF  THEN class = {15.07} [14.25, 15.90], (p=370, n=206, P=370, N=206)
2026-04-14 12:58:51,185 - INFO - *****STOP GROWING RR RULE*****
2026-04-14 12:58:51,185 - INFO - ***RR NOT FOUND***
2026-04-14 12:58:51,188 - INFO - Iteracja 1: condition_best: Halfplot = {2}, quality_best: 0.144, coverage_best: (p=70, n=26, P=370, N=206)
2026-04-14 12:58:51,188 - INFO - Regula po iteracji 1: IF Interval = {3} AND Halfplot = {2} THEN class = {15.05} [14.29, 15.80], (p=70, n=26, P=370, N=206)
2026-04-14 12:58:51,188 - INFO - *****GROWING RR RULE*****
2026-04-14 12:58:51,194 - INFO - Iteracja 0: condition_best: None, quality_best: -inf, coverage_best: (p=0, n=0, P=0, N=0), p_value: 0
2026-04-14 12:58:51,194 - INFO - Regula po iteracji 0: IF  THEN class = {15.07} [14.25, 15.90], (p=370, n=206, P=370, N=206)
2026-04-14 12:58:51,195 - INFO - *****STOP GROWING RR RULE*****
2026-04-14 12:58:51,195 - INFO - ***RR NOT FOUND***
2026-04-14 12:58:51,197 - INFO - Iteracja 2: condition_best: Method = {2}, quality_best: 0.144, coverage_best: (p=70, n=26, P=370, N=206)
2026-04-14 12:58:51,197 - INFO - Regula po iteracji 2: IF Interval = {3} AND Halfplot = {2} AND Method = {2} THEN class = {15.05} [14.29, 15.80], (p=70, n=26, P=370, N=206)
2026-04-14 12:58:51,198 - INFO - *****GROWING RR RULE*****
2026-04-14 12:58:51,204 - INFO - Iteracja 0: condition_best: None, quality_best: -inf, coverage_best: (p=0, n=0, P=0, N=0), p_value: 0
2026-04-14 12:58:51,204 - INFO - Regula po iteracji 0: IF  THEN class = {15.07} [14.25, 15.90], (p=370, n=206, P=370, N=206)
2026-04-14 12:58:51,204 - INFO - *****STOP GROWING RR RULE*****
2026-04-14 12:58:51,204 - INFO - ***RR NOT FOUND***
2026-04-14 12:58:51,207 - INFO - Iteracja 3: condition_best: Occasion = {1}, quality_best: 0.085, coverage_best: (p=39, n=9, P=448, N=128)
2026-04-14 12:58:51,207 - INFO - Regula po iteracji 3: IF Interval = {3} AND Halfplot = {2} AND Method = {2} AND Occasion = {1} THEN class = {15.27} [14.47, 16.07], (p=39, n=9, P=448, N=128)
2026-04-14 12:58:51,208 - INFO - *****GROWING RR RULE*****
2026-04-14 12:58:51,213 - INFO - Iteracja 0: condition_best: None, quality_best: -inf, coverage_best: (p=0, n=0, P=0, N=0), p_value: 0
2026-04-14 12:58:51,213 - INFO - Regula po iteracji 0: IF  THEN class = {15.07} [14.25, 15.90], (p=370, n=206, P=370, N=206)
2026-04-14 12:58:51,214 - INFO - *****STOP GROWING RR RULE*****
2026-04-14 12:58:51,214 - INFO - ***RR NOT FOUND***
2026-04-14 12:58:51,216 - INFO - Iteracja 4: condition_best: Squares = {1}, quality_best: 0.085, coverage_best: (p=39, n=9, P=448, N=128)
2026-04-14 12:58:51,216 - INFO - Regula po iteracji 4: IF Interval = {3} AND Halfplot = {2} AND Method = {2} AND Occasion = {1} AND Squares = {1} THEN class = {15.27} [14.47, 16.07], (p=39, n=9, P=448, N=128)
2026-04-14 12:58:51,218 - INFO - *****GROWING RR RULE*****
2026-04-14 12:58:51,223 - INFO - Iteracja 0: condition_best: None, quality_best: -inf, coverage_best: (p=0, n=0, P=0, N=0), p_value: 0
2026-04-14 12:58:51,223 - INFO - Regula po iteracji 0: IF  THEN class = {15.07} [14.25, 15.90], (p=370, n=206, P=370, N=206)
2026-04-14 12:58:51,224 - INFO - *****STOP GROWING RR RULE*****
2026-04-14 12:58:51,224 - INFO - ***RR NOT FOUND***
2026-04-14 12:58:51,224 - INFO - *******STOP GROWING CR RULE*******
2026-04-14 12:58:51,225 - INFO - *******GROWING CR RULE*******
2026-04-14 12:58:51,229 - INFO - Iteracja 0: condition_best: Interval = {3}, quality_best: 0.096, coverage_best: (p=133, n=59, P=370, N=206)
2026-04-14 12:58:51,229 - INFO - Regula po iteracji 0: IF Interval = {3} THEN class = {15.01} [14.27, 15.76], (p=133, n=59, P=370, N=206)
2026-04-14 12:58:51,230 - INFO - *****GROWING RR RULE*****
2026-04-14 12:58:51,236 - INFO - Iteracja 0: condition_best: None, quality_best: -inf, coverage_best: (p=0, n=0, P=0, N=0), p_value: 0
2026-04-14 12:58:51,236 - INFO - Regula po iteracji 0: IF  THEN class = {15.07} [14.25, 15.90], (p=370, n=206, P=370, N=206)
2026-04-14 12:58:51,236 - INFO - *****STOP GROWING RR RULE*****
2026-04-14 12:58:51,236 - INFO - ***RR NOT FOUND***
2026-04-14 12:58:51,239 - INFO - Iteracja 1: condition_best: Sittings = {3}, quality_best: 0.101, coverage_best: (p=34, n=14, P=370, N=206)
2026-04-14 12:58:51,239 - INFO - Regula po iteracji 1: IF Interval = {3} AND Sittings = {3} THEN class = {15.03} [14.24, 15.82], (p=34, n=14, P=370, N=206)
2026-04-14 12:58:51,239 - INFO - *****GROWING RR RULE*****
2026-04-14 12:58:51,245 - INFO - Iteracja 0: condition_best: None, quality_best: -inf, coverage_best: (p=0, n=0, P=0, N=0), p_value: 0
2026-04-14 12:58:51,245 - INFO - Regula po iteracji 0: IF  THEN class = {15.07} [14.25, 15.90], (p=370, n=206, P=370, N=206)
2026-04-14 12:58:51,245 - INFO - *****STOP GROWING RR RULE*****
2026-04-14 12:58:51,245 - INFO - ***RR NOT FOUND***
2026-04-14 12:58:51,247 - INFO - Iteracja 2: condition_best: Halfplot = {1}, quality_best: 0.219, coverage_best: (p=19, n=5, P=370, N=206)
2026-04-14 12:58:51,248 - INFO - Regula po iteracji 2: IF Interval = {3} AND Sittings = {3} AND Halfplot = {1} THEN class = {15.04} [14.45, 15.64], (p=19, n=5, P=370, N=206)
2026-04-14 12:58:51,248 - INFO - *****GROWING RR RULE*****
2026-04-14 12:58:51,254 - INFO - Iteracja 0: condition_best: None, quality_best: -inf, coverage_best: (p=0, n=0, P=0, N=0), p_value: 0
2026-04-14 12:58:51,254 - INFO - Regula po iteracji 0: IF  THEN class = {15.07} [14.25, 15.90], (p=370, n=206, P=370, N=206)
2026-04-14 12:58:51,254 - INFO - *****STOP GROWING RR RULE*****
2026-04-14 12:58:51,254 - INFO - ***RR NOT FOUND***
2026-04-14 12:58:51,257 - INFO - Iteracja 3: condition_best: Occasion = {1}, quality_best: 0.281, coverage_best: (p=9, n=3, P=261, N=315)
2026-04-14 12:58:51,257 - INFO - Regula po iteracji 3: IF Interval = {3} AND Sittings = {3} AND Halfplot = {1} AND Occasion = {1} THEN class = {15.33} [14.91, 15.76], (p=9, n=3, P=261, N=315)
2026-04-14 12:58:51,258 - INFO - *****GROWING RR RULE*****
2026-04-14 12:58:51,263 - INFO - Iteracja 0: condition_best: None, quality_best: -inf, coverage_best: (p=0, n=0, P=0, N=0), p_value: 0
2026-04-14 12:58:51,263 - INFO - Regula po iteracji 0: IF  THEN class = {15.07} [14.25, 15.90], (p=370, n=206, P=370, N=206)
2026-04-14 12:58:51,264 - INFO - *****STOP GROWING RR RULE*****
2026-04-14 12:58:51,264 - INFO - ***RR NOT FOUND***
2026-04-14 12:58:51,266 - INFO - Iteracja 4: condition_best: Squares = {1}, quality_best: 0.281, coverage_best: (p=9, n=3, P=261, N=315)
2026-04-14 12:58:51,266 - INFO - Regula po iteracji 4: IF Interval = {3} AND Sittings = {3} AND Halfplot = {1} AND Occasion = {1} AND Squares = {1} THEN class = {15.33} [14.91, 15.76], (p=9, n=3, P=261, N=315)
2026-04-14 12:58:51,267 - INFO - *****GROWING RR RULE*****
2026-04-14 12:58:51,273 - INFO - Iteracja 0: condition_best: None, quality_best: -inf, coverage_best: (p=0, n=0, P=0, N=0), p_value: 0
2026-04-14 12:58:51,273 - INFO - Regula po iteracji 0: IF  THEN class = {15.07} [14.25, 15.90], (p=370, n=206, P=370, N=206)
2026-04-14 12:58:51,273 - INFO - *****STOP GROWING RR RULE*****
2026-04-14 12:58:51,273 - INFO - ***RR NOT FOUND***
2026-04-14 12:58:51,273 - INFO - *******STOP GROWING CR RULE*******
2026-04-14 12:58:51,275 - INFO - *******GROWING CR RULE*******
2026-04-14 12:58:51,279 - INFO - Iteracja 0: condition_best: Interval = {3}, quality_best: 0.096, coverage_best: (p=133, n=59, P=370, N=206)
2026-04-14 12:58:51,279 - INFO - Regula po iteracji 0: IF Interval = {3} THEN class = {15.01} [14.27, 15.76], (p=133, n=59, P=370, N=206)
2026-04-14 12:58:51,279 - INFO - *****GROWING RR RULE*****
2026-04-14 12:58:51,285 - INFO - Iteracja 0: condition_best: None, quality_best: -inf, coverage_best: (p=0, n=0, P=0, N=0), p_value: 0
2026-04-14 12:58:51,285 - INFO - Regula po iteracji 0: IF  THEN class = {15.07} [14.25, 15.90], (p=370, n=206, P=370, N=206)
2026-04-14 12:58:51,285 - INFO - *****STOP GROWING RR RULE*****
2026-04-14 12:58:51,285 - INFO - ***RR NOT FOUND***
2026-04-14 12:58:51,288 - INFO - Iteracja 1: condition_best: Occasion = {1}, quality_best: 0.082, coverage_best: (p=62, n=34, P=339, N=237)
2026-04-14 12:58:51,288 - INFO - Regula po iteracji 1: IF Interval = {3} AND Occasion = {1} THEN class = {15.27} [14.52, 16.02], (p=62, n=34, P=339, N=237)
2026-04-14 12:58:51,289 - INFO - *****GROWING RR RULE*****
2026-04-14 12:58:51,294 - INFO - Iteracja 0: condition_best: None, quality_best: -inf, coverage_best: (p=0, n=0, P=0, N=0), p_value: 0
2026-04-14 12:58:51,295 - INFO - Regula po iteracji 0: IF  THEN class = {15.07} [14.25, 15.90], (p=370, n=206, P=370, N=206)
2026-04-14 12:58:51,295 - INFO - *****STOP GROWING RR RULE*****
2026-04-14 12:58:51,295 - INFO - ***RR NOT FOUND***
2026-04-14 12:58:51,297 - INFO - Iteracja 2: condition_best: Squares = {1}, quality_best: 0.082, coverage_best: (p=62, n=34, P=339, N=237)
2026-04-14 12:58:51,297 - INFO - Regula po iteracji 2: IF Interval = {3} AND Occasion = {1} AND Squares = {1} THEN class = {15.27} [14.52, 16.02], (p=62, n=34, P=339, N=237)
2026-04-14 12:58:51,298 - INFO - *****GROWING RR RULE*****
2026-04-14 12:58:51,304 - INFO - Iteracja 0: condition_best: None, quality_best: -inf, coverage_best: (p=0, n=0, P=0, N=0), p_value: 0
2026-04-14 12:58:51,304 - INFO - Regula po iteracji 0: IF  THEN class = {15.07} [14.25, 15.90], (p=370, n=206, P=370, N=206)
2026-04-14 12:58:51,304 - INFO - *****STOP GROWING RR RULE*****
2026-04-14 12:58:51,304 - INFO - ***RR NOT FOUND***
2026-04-14 12:58:51,307 - INFO - Iteracja 3: condition_best: Halfplot = {1}, quality_best: 0.068, coverage_best: (p=25, n=23, P=261, N=315)
2026-04-14 12:58:51,307 - INFO - Regula po iteracji 3: IF Interval = {3} AND Occasion = {1} AND Squares = {1} AND Halfplot = {1} THEN class = {15.27} [14.56, 15.98], (p=25, n=23, P=261, N=315)
2026-04-14 12:58:51,308 - INFO - *****GROWING RR RULE*****
2026-04-14 12:58:51,313 - INFO - Iteracja 0: condition_best: None, quality_best: -inf, coverage_best: (p=0, n=0, P=0, N=0), p_value: 0
2026-04-14 12:58:51,314 - INFO - Regula po iteracji 0: IF  THEN class = {15.07} [14.25, 15.90], (p=370, n=206, P=370, N=206)
2026-04-14 12:58:51,314 - INFO - *****STOP GROWING RR RULE*****
2026-04-14 12:58:51,314 - INFO - ***RR NOT FOUND***
2026-04-14 12:58:51,316 - INFO - Iteracja 4: condition_best: Method = {1}, quality_best: 0.068, coverage_best: (p=25, n=23, P=261, N=315)
2026-04-14 12:58:51,316 - INFO - Regula po iteracji 4: IF Interval = {3} AND Occasion = {1} AND Squares = {1} AND Halfplot = {1} AND Method = {1} THEN class = {15.27} [14.56, 15.98], (p=25, n=23, P=261, N=315)
2026-04-14 12:58:51,317 - INFO - *****GROWING RR RULE*****
2026-04-14 12:58:51,323 - INFO - Iteracja 0: condition_best: None, quality_best: -inf, coverage_best: (p=0, n=0, P=0, N=0), p_value: 0
2026-04-14 12:58:51,323 - INFO - Regula po iteracji 0: IF  THEN class = {15.07} [14.25, 15.90], (p=370, n=206, P=370, N=206)
2026-04-14 12:58:51,323 - INFO - *****STOP GROWING RR RULE*****
2026-04-14 12:58:51,323 - INFO - ***RR NOT FOUND***
2026-04-14 12:58:51,324 - INFO - *******STOP GROWING CR RULE*******
2026-04-14 12:58:51,325 - INFO - *******GROWING CR RULE*******
2026-04-14 12:58:51,329 - INFO - Iteracja 0: condition_best: Sittings = {3}, quality_best: 0.092, coverage_best: (p=100, n=44, P=370, N=206)
2026-04-14 12:58:51,329 - INFO - Regula po iteracji 0: IF Sittings = {3} THEN class = {15.03} [14.21, 15.86], (p=100, n=44, P=370, N=206)
2026-04-14 12:58:51,330 - INFO - *****GROWING RR RULE*****
2026-04-14 12:58:51,336 - INFO - Iteracja 0: condition_best: None, quality_best: -inf, coverage_best: (p=0, n=0, P=0, N=0), p_value: 0
2026-04-14 12:58:51,336 - INFO - Regula po iteracji 0: IF  THEN class = {15.07} [14.25, 15.90], (p=370, n=206, P=370, N=206)
2026-04-14 12:58:51,336 - INFO - *****STOP GROWING RR RULE*****
2026-04-14 12:58:51,336 - INFO - ***RR NOT FOUND***
2026-04-14 12:58:51,338 - INFO - Iteracja 1: condition_best: Position = {2}, quality_best: 0.246, coverage_best: (p=29, n=7, P=370, N=206)
2026-04-14 12:58:51,338 - INFO - Regula po iteracji 1: IF Sittings = {3} AND Position = {2} THEN class = {15.08} [14.41, 15.76], (p=29, n=7, P=370, N=206)
2026-04-14 12:58:51,339 - INFO - *****GROWING RR RULE*****
2026-04-14 12:58:51,345 - INFO - Iteracja 0: condition_best: None, quality_best: -inf, coverage_best: (p=0, n=0, P=0, N=0), p_value: 0
2026-04-14 12:58:51,345 - INFO - Regula po iteracji 0: IF  THEN class = {15.07} [14.25, 15.90], (p=370, n=206, P=370, N=206)
2026-04-14 12:58:51,345 - INFO - *****STOP GROWING RR RULE*****
2026-04-14 12:58:51,345 - INFO - ***RR NOT FOUND***
2026-04-14 12:58:51,347 - INFO - Iteracja 2: condition_best: Occasion = {1}, quality_best: 0.0, coverage_best: (p=14, n=4, P=448, N=128)
2026-04-14 12:58:51,347 - INFO - Regula po iteracji 2: IF Sittings = {3} AND Position = {2} AND Occasion = {1} THEN class = {15.22} [14.40, 16.04], (p=14, n=4, P=448, N=128)
2026-04-14 12:58:51,348 - INFO - *****GROWING RR RULE*****
2026-04-14 12:58:51,356 - INFO - Iteracja 0: condition_best: None, quality_best: -inf, coverage_best: (p=0, n=0, P=0, N=0), p_value: 0
2026-04-14 12:58:51,356 - INFO - Regula po iteracji 0: IF  THEN class = {15.07} [14.25, 15.90], (p=370, n=206, P=370, N=206)
2026-04-14 12:58:51,356 - INFO - *****STOP GROWING RR RULE*****
2026-04-14 12:58:51,356 - INFO - ***RR NOT FOUND***
2026-04-14 12:58:51,358 - INFO - Iteracja 3: condition_best: Squares = {1}, quality_best: 0.0, coverage_best: (p=14, n=4, P=448, N=128)
2026-04-14 12:58:51,358 - INFO - Regula po iteracji 3: IF Sittings = {3} AND Position = {2} AND Occasion = {1} AND Squares = {1} THEN class = {15.22} [14.40, 16.04], (p=14, n=4, P=448, N=128)
2026-04-14 12:58:51,359 - INFO - *****GROWING RR RULE*****
2026-04-14 12:58:51,366 - INFO - Iteracja 0: condition_best: None, quality_best: -inf, coverage_best: (p=0, n=0, P=0, N=0), p_value: 0
2026-04-14 12:58:51,367 - INFO - Regula po iteracji 0: IF  THEN class = {15.07} [14.25, 15.90], (p=370, n=206, P=370, N=206)
2026-04-14 12:58:51,367 - INFO - *****STOP GROWING RR RULE*****
2026-04-14 12:58:51,367 - INFO - ***RR NOT FOUND***
2026-04-14 12:58:51,369 - INFO - Iteracja 4: condition_best: None, quality_best: -inf, coverage_best: (p=0, n=0, P=0, N=0)
2026-04-14 12:58:51,369 - INFO - Regula po iteracji 4: IF Sittings = {3} AND Position = {2} AND Occasion = {1} AND Squares = {1} THEN class = {15.22} [14.40, 16.04], (p=14, n=4, P=448, N=128)
2026-04-14 12:58:51,369 - INFO - *******STOP GROWING CR RULE*******
2026-04-14 12:58:51,370 - INFO - *******GROWING CR RULE*******
2026-04-14 12:58:51,375 - INFO - Iteracja 0: condition_best: Sittings = {3}, quality_best: 0.092, coverage_best: (p=100, n=44, P=370, N=206)
2026-04-14 12:58:51,375 - INFO - Regula po iteracji 0: IF Sittings = {3} THEN class = {15.03} [14.21, 15.86], (p=100, n=44, P=370, N=206)
2026-04-14 12:58:51,375 - INFO - *****GROWING RR RULE*****
2026-04-14 12:58:51,381 - INFO - Iteracja 0: condition_best: None, quality_best: -inf, coverage_best: (p=0, n=0, P=0, N=0), p_value: 0
2026-04-14 12:58:51,381 - INFO - Regula po iteracji 0: IF  THEN class = {15.07} [14.25, 15.90], (p=370, n=206, P=370, N=206)
2026-04-14 12:58:51,381 - INFO - *****STOP GROWING RR RULE*****
2026-04-14 12:58:51,381 - INFO - ***RR NOT FOUND***
2026-04-14 12:58:51,384 - INFO - Iteracja 1: condition_best: Columns = {2}, quality_best: 0.198, coverage_best: (p=37, n=11, P=370, N=206)
2026-04-14 12:58:51,384 - INFO - Regula po iteracji 1: IF Sittings = {3} AND Columns = {2} THEN class = {15.03} [14.29, 15.78], (p=37, n=11, P=370, N=206)
2026-04-14 12:58:51,384 - INFO - *****GROWING RR RULE*****
2026-04-14 12:58:51,390 - INFO - Iteracja 0: condition_best: None, quality_best: -inf, coverage_best: (p=0, n=0, P=0, N=0), p_value: 0
2026-04-14 12:58:51,390 - INFO - Regula po iteracji 0: IF  THEN class = {15.07} [14.25, 15.90], (p=370, n=206, P=370, N=206)
2026-04-14 12:58:51,390 - INFO - *****STOP GROWING RR RULE*****
2026-04-14 12:58:51,390 - INFO - ***RR NOT FOUND***
2026-04-14 12:58:51,393 - INFO - Iteracja 2: condition_best: Rows = {3}, quality_best: 0.246, coverage_best: (p=13, n=3, P=370, N=206)
2026-04-14 12:58:51,393 - INFO - Regula po iteracji 2: IF Sittings = {3} AND Columns = {2} AND Rows = {3} THEN class = {14.88} [14.18, 15.57], (p=13, n=3, P=370, N=206)
2026-04-14 12:58:51,393 - INFO - *****GROWING RR RULE*****
2026-04-14 12:58:51,399 - INFO - Iteracja 0: condition_best: None, quality_best: -inf, coverage_best: (p=0, n=0, P=0, N=0), p_value: 0
2026-04-14 12:58:51,399 - INFO - Regula po iteracji 0: IF  THEN class = {15.07} [14.25, 15.90], (p=370, n=206, P=370, N=206)
2026-04-14 12:58:51,399 - INFO - *****STOP GROWING RR RULE*****
2026-04-14 12:58:51,399 - INFO - ***RR NOT FOUND***
2026-04-14 12:58:51,401 - INFO - Iteracja 3: condition_best: Occasion = {1}, quality_best: 0.153, coverage_best: (p=6, n=2, P=370, N=206)
2026-04-14 12:58:51,401 - INFO - Regula po iteracji 3: IF Sittings = {3} AND Columns = {2} AND Rows = {3} AND Occasion = {1} THEN class = {14.88} [14.02, 15.73], (p=6, n=2, P=370, N=206)
2026-04-14 12:58:51,402 - INFO - *****GROWING RR RULE*****
2026-04-14 12:58:51,408 - INFO - Iteracja 0: condition_best: None, quality_best: -inf, coverage_best: (p=0, n=0, P=0, N=0), p_value: 0
2026-04-14 12:58:51,408 - INFO - Regula po iteracji 0: IF  THEN class = {15.07} [14.25, 15.90], (p=370, n=206, P=370, N=206)
2026-04-14 12:58:51,408 - INFO - *****STOP GROWING RR RULE*****
2026-04-14 12:58:51,408 - INFO - ***RR NOT FOUND***
2026-04-14 12:58:51,410 - INFO - Iteracja 4: condition_best: Squares = {1}, quality_best: 0.153, coverage_best: (p=6, n=2, P=370, N=206)
2026-04-14 12:58:51,410 - INFO - Regula po iteracji 4: IF Sittings = {3} AND Columns = {2} AND Rows = {3} AND Occasion = {1} AND Squares = {1} THEN class = {14.88} [14.02, 15.73], (p=6, n=2, P=370, N=206)
2026-04-14 12:58:51,411 - INFO - *****GROWING RR RULE*****
2026-04-14 12:58:51,417 - INFO - Iteracja 0: condition_best: None, quality_best: -inf, coverage_best: (p=0, n=0, P=0, N=0), p_value: 0
2026-04-14 12:58:51,417 - INFO - Regula po iteracji 0: IF  THEN class = {15.07} [14.25, 15.90], (p=370, n=206, P=370, N=206)
2026-04-14 12:58:51,417 - INFO - *****STOP GROWING RR RULE*****
2026-04-14 12:58:51,417 - INFO - ***RR NOT FOUND***
2026-04-14 12:58:51,417 - INFO - *******STOP GROWING CR RULE*******
2026-04-14 12:58:51,419 - INFO - *******GROWING CR RULE*******
2026-04-14 12:58:51,423 - INFO - Iteracja 0: condition_best: Sittings = {3}, quality_best: 0.092, coverage_best: (p=100, n=44, P=370, N=206)
2026-04-14 12:58:51,423 - INFO - Regula po iteracji 0: IF Sittings = {3} THEN class = {15.03} [14.21, 15.86], (p=100, n=44, P=370, N=206)
2026-04-14 12:58:51,424 - INFO - *****GROWING RR RULE*****
2026-04-14 12:58:51,429 - INFO - Iteracja 0: condition_best: None, quality_best: -inf, coverage_best: (p=0, n=0, P=0, N=0), p_value: 0
2026-04-14 12:58:51,430 - INFO - Regula po iteracji 0: IF  THEN class = {15.07} [14.25, 15.90], (p=370, n=206, P=370, N=206)
2026-04-14 12:58:51,430 - INFO - *****STOP GROWING RR RULE*****
2026-04-14 12:58:51,430 - INFO - ***RR NOT FOUND***
2026-04-14 12:58:51,432 - INFO - Iteracja 1: condition_best: Halfplot = {1}, quality_best: 0.127, coverage_best: (p=52, n=20, P=370, N=206)
2026-04-14 12:58:51,432 - INFO - Regula po iteracji 1: IF Sittings = {3} AND Halfplot = {1} THEN class = {15.07} [14.30, 15.83], (p=52, n=20, P=370, N=206)
2026-04-14 12:58:51,433 - INFO - *****GROWING RR RULE*****
2026-04-14 12:58:51,439 - INFO - Iteracja 0: condition_best: None, quality_best: -inf, coverage_best: (p=0, n=0, P=0, N=0), p_value: 0
2026-04-14 12:58:51,439 - INFO - Regula po iteracji 0: IF  THEN class = {15.07} [14.25, 15.90], (p=370, n=206, P=370, N=206)
2026-04-14 12:58:51,439 - INFO - *****STOP GROWING RR RULE*****
2026-04-14 12:58:51,439 - INFO - ***RR NOT FOUND***
2026-04-14 12:58:51,441 - INFO - Iteracja 2: condition_best: Method = {1}, quality_best: 0.127, coverage_best: (p=52, n=20, P=370, N=206)
2026-04-14 12:58:51,441 - INFO - Regula po iteracji 2: IF Sittings = {3} AND Halfplot = {1} AND Method = {1} THEN class = {15.07} [14.30, 15.83], (p=52, n=20, P=370, N=206)
2026-04-14 12:58:51,442 - INFO - *****GROWING RR RULE*****
2026-04-14 12:58:51,448 - INFO - Iteracja 0: condition_best: None, quality_best: -inf, coverage_best: (p=0, n=0, P=0, N=0), p_value: 0
2026-04-14 12:58:51,448 - INFO - Regula po iteracji 0: IF  THEN class = {15.07} [14.25, 15.90], (p=370, n=206, P=370, N=206)
2026-04-14 12:58:51,448 - INFO - *****STOP GROWING RR RULE*****
2026-04-14 12:58:51,448 - INFO - ***RR NOT FOUND***
2026-04-14 12:58:51,451 - INFO - Iteracja 3: condition_best: Occasion = {1}, quality_best: 0.0, coverage_best: (p=28, n=8, P=448, N=128)
2026-04-14 12:58:51,451 - INFO - Regula po iteracji 3: IF Sittings = {3} AND Halfplot = {1} AND Method = {1} AND Occasion = {1} THEN class = {15.14} [14.27, 16.01], (p=28, n=8, P=448, N=128)
2026-04-14 12:58:51,452 - INFO - *****GROWING RR RULE*****
2026-04-14 12:58:51,457 - INFO - Iteracja 0: condition_best: None, quality_best: -inf, coverage_best: (p=0, n=0, P=0, N=0), p_value: 0
2026-04-14 12:58:51,457 - INFO - Regula po iteracji 0: IF  THEN class = {15.07} [14.25, 15.90], (p=370, n=206, P=370, N=206)
2026-04-14 12:58:51,458 - INFO - *****STOP GROWING RR RULE*****
2026-04-14 12:58:51,458 - INFO - ***RR NOT FOUND***
2026-04-14 12:58:51,460 - INFO - Iteracja 4: condition_best: Squares = {1}, quality_best: 0.0, coverage_best: (p=28, n=8, P=448, N=128)
2026-04-14 12:58:51,460 - INFO - Regula po iteracji 4: IF Sittings = {3} AND Halfplot = {1} AND Method = {1} AND Occasion = {1} AND Squares = {1} THEN class = {15.14} [14.27, 16.01], (p=28, n=8, P=448, N=128)
2026-04-14 12:58:51,461 - INFO - *****GROWING RR RULE*****
2026-04-14 12:58:51,467 - INFO - Iteracja 0: condition_best: None, quality_best: -inf, coverage_best: (p=0, n=0, P=0, N=0), p_value: 0
2026-04-14 12:58:51,467 - INFO - Regula po iteracji 0: IF  THEN class = {15.07} [14.25, 15.90], (p=370, n=206, P=370, N=206)
2026-04-14 12:58:51,467 - INFO - *****STOP GROWING RR RULE*****
2026-04-14 12:58:51,467 - INFO - ***RR NOT FOUND***
2026-04-14 12:58:51,467 - INFO - *******STOP GROWING CR RULE*******
2026-04-14 12:58:51,469 - INFO - *******GROWING CR RULE*******
2026-04-14 12:58:51,473 - INFO - Iteracja 0: condition_best: Sittings = {3}, quality_best: 0.092, coverage_best: (p=100, n=44, P=370, N=206)
2026-04-14 12:58:51,473 - INFO - Regula po iteracji 0: IF Sittings = {3} THEN class = {15.03} [14.21, 15.86], (p=100, n=44, P=370, N=206)
2026-04-14 12:58:51,473 - INFO - *****GROWING RR RULE*****
2026-04-14 12:58:51,479 - INFO - Iteracja 0: condition_best: None, quality_best: -inf, coverage_best: (p=0, n=0, P=0, N=0), p_value: 0
2026-04-14 12:58:51,479 - INFO - Regula po iteracji 0: IF  THEN class = {15.07} [14.25, 15.90], (p=370, n=206, P=370, N=206)
2026-04-14 12:58:51,479 - INFO - *****STOP GROWING RR RULE*****
2026-04-14 12:58:51,479 - INFO - ***RR NOT FOUND***
2026-04-14 12:58:51,482 - INFO - Iteracja 1: condition_best: Halfplot = {2}, quality_best: 0.038, coverage_best: (p=48, n=24, P=370, N=206)
2026-04-14 12:58:51,482 - INFO - Regula po iteracji 1: IF Sittings = {3} AND Halfplot = {2} THEN class = {15.00} [14.11, 15.89], (p=48, n=24, P=370, N=206)
2026-04-14 12:58:51,483 - INFO - *****GROWING RR RULE*****
2026-04-14 12:58:51,488 - INFO - Iteracja 0: condition_best: None, quality_best: -inf, coverage_best: (p=0, n=0, P=0, N=0), p_value: 0
2026-04-14 12:58:51,489 - INFO - Regula po iteracji 0: IF  THEN class = {15.07} [14.25, 15.90], (p=370, n=206, P=370, N=206)
2026-04-14 12:58:51,489 - INFO - *****STOP GROWING RR RULE*****
2026-04-14 12:58:51,489 - INFO - ***RR NOT FOUND***
2026-04-14 12:58:51,491 - INFO - Iteracja 2: condition_best: Method = {2}, quality_best: 0.038, coverage_best: (p=48, n=24, P=370, N=206)
2026-04-14 12:58:51,491 - INFO - Regula po iteracji 2: IF Sittings = {3} AND Halfplot = {2} AND Method = {2} THEN class = {15.00} [14.11, 15.89], (p=48, n=24, P=370, N=206)
2026-04-14 12:58:51,492 - INFO - *****GROWING RR RULE*****
2026-04-14 12:58:51,498 - INFO - Iteracja 0: condition_best: None, quality_best: -inf, coverage_best: (p=0, n=0, P=0, N=0), p_value: 0
2026-04-14 12:58:51,498 - INFO - Regula po iteracji 0: IF  THEN class = {15.07} [14.25, 15.90], (p=370, n=206, P=370, N=206)
2026-04-14 12:58:51,498 - INFO - *****STOP GROWING RR RULE*****
2026-04-14 12:58:51,498 - INFO - ***RR NOT FOUND***
2026-04-14 12:58:51,501 - INFO - Iteracja 3: condition_best: Occasion = {1}, quality_best: -0.132, coverage_best: (p=26, n=10, P=448, N=128)
2026-04-14 12:58:51,501 - INFO - Regula po iteracji 3: IF Sittings = {3} AND Halfplot = {2} AND Method = {2} AND Occasion = {1} THEN class = {15.04} [14.06, 16.02], (p=26, n=10, P=448, N=128)
2026-04-14 12:58:51,501 - INFO - *****GROWING RR RULE*****
2026-04-14 12:58:51,507 - INFO - Iteracja 0: condition_best: None, quality_best: -inf, coverage_best: (p=0, n=0, P=0, N=0), p_value: 0
2026-04-14 12:58:51,507 - INFO - Regula po iteracji 0: IF  THEN class = {15.07} [14.25, 15.90], (p=370, n=206, P=370, N=206)
2026-04-14 12:58:51,507 - INFO - *****STOP GROWING RR RULE*****
2026-04-14 12:58:51,508 - INFO - ***RR NOT FOUND***
2026-04-14 12:58:51,510 - INFO - Iteracja 4: condition_best: Squares = {1}, quality_best: -0.132, coverage_best: (p=26, n=10, P=448, N=128)
2026-04-14 12:58:51,510 - INFO - Regula po iteracji 4: IF Sittings = {3} AND Halfplot = {2} AND Method = {2} AND Occasion = {1} AND Squares = {1} THEN class = {15.04} [14.06, 16.02], (p=26, n=10, P=448, N=128)
2026-04-14 12:58:51,511 - INFO - *****GROWING RR RULE*****
2026-04-14 12:58:51,517 - INFO - Iteracja 0: condition_best: None, quality_best: -inf, coverage_best: (p=0, n=0, P=0, N=0), p_value: 0
2026-04-14 12:58:51,517 - INFO - Regula po iteracji 0: IF  THEN class = {15.07} [14.25, 15.90], (p=370, n=206, P=370, N=206)
2026-04-14 12:58:51,517 - INFO - *****STOP GROWING RR RULE*****
2026-04-14 12:58:51,517 - INFO - ***RR NOT FOUND***
2026-04-14 12:58:51,517 - INFO - *******STOP GROWING CR RULE*******
2026-04-14 12:58:51,519 - INFO - *******GROWING CR RULE*******
2026-04-14 12:58:51,523 - INFO - Iteracja 0: condition_best: Columns = {2}, quality_best: 0.08, coverage_best: (p=99, n=45, P=370, N=206)
2026-04-14 12:58:51,523 - INFO - Regula po iteracji 0: IF Columns = {2} THEN class = {15.09} [14.34, 15.84], (p=99, n=45, P=370, N=206)
2026-04-14 12:58:51,523 - INFO - *****GROWING RR RULE*****
2026-04-14 12:58:51,529 - INFO - Iteracja 0: condition_best: None, quality_best: -inf, coverage_best: (p=0, n=0, P=0, N=0), p_value: 0
2026-04-14 12:58:51,529 - INFO - Regula po iteracji 0: IF  THEN class = {15.07} [14.25, 15.90], (p=370, n=206, P=370, N=206)
2026-04-14 12:58:51,529 - INFO - *****STOP GROWING RR RULE*****
2026-04-14 12:58:51,529 - INFO - ***RR NOT FOUND***
2026-04-14 12:58:51,532 - INFO - Iteracja 1: condition_best: Rows = {3}, quality_best: 0.037, coverage_best: (p=32, n=16, P=370, N=206)
2026-04-14 12:58:51,532 - INFO - Regula po iteracji 1: IF Columns = {2} AND Rows = {3} THEN class = {14.91} [14.14, 15.67], (p=32, n=16, P=370, N=206)
2026-04-14 12:58:51,532 - INFO - *****GROWING RR RULE*****
2026-04-14 12:58:51,538 - INFO - Iteracja 0: condition_best: None, quality_best: -inf, coverage_best: (p=0, n=0, P=0, N=0), p_value: 0
2026-04-14 12:58:51,538 - INFO - Regula po iteracji 0: IF  THEN class = {15.07} [14.25, 15.90], (p=370, n=206, P=370, N=206)
2026-04-14 12:58:51,538 - INFO - *****STOP GROWING RR RULE*****
2026-04-14 12:58:51,538 - INFO - ***RR NOT FOUND***
2026-04-14 12:58:51,541 - INFO - Iteracja 2: condition_best: Occasion = {1}, quality_best: -0.074, coverage_best: (p=17, n=7, P=429, N=147)
2026-04-14 12:58:51,541 - INFO - Regula po iteracji 2: IF Columns = {2} AND Rows = {3} AND Occasion = {1} THEN class = {14.81} [13.89, 15.73], (p=17, n=7, P=429, N=147)
2026-04-14 12:58:51,541 - INFO - *****GROWING RR RULE*****
2026-04-14 12:58:51,549 - INFO - Iteracja 0: condition_best: Judges = {4}, quality_best: -0.012, coverage_best: (p=71, n=25, P=429, N=147), p_value: 4
2026-04-14 12:58:51,549 - INFO - Regula po iteracji 0: IF Judges = {4} THEN class = {15.07} [14.25, 15.90], (p=71, n=25, P=429, N=147)
2026-04-14 12:58:51,552 - INFO - Iteracja 1: condition_best: None, quality_best: -inf, coverage_best: (p=0, n=0, P=0, N=0), p_value: 4
2026-04-14 12:58:51,553 - INFO - Regula po iteracji 1: IF Judges = {4} THEN class = {14.86} [13.93, 15.80], (p=71, n=25, P=429, N=147)
2026-04-14 12:58:51,553 - INFO - *****STOP GROWING RR RULE*****
2026-04-14 12:58:51,553 - INFO - ***RR FOUND***
2026-04-14 12:58:51,553 - INFO - Reference rule: IF Judges = {4} THEN class = {14.86} [13.93, 15.80]
2026-04-14 12:58:51,553 - INFO - ***CHECKING EXCEPTION***
2026-04-14 12:58:51,555 - INFO - *******STOP GROWING CR RULE*******
2026-04-14 12:58:51,556 - INFO - *******GROWING CR RULE*******
2026-04-14 12:58:51,561 - INFO - Iteracja 0: condition_best: Judges = {6}, quality_best: 0.074, coverage_best: (p=66, n=30, P=370, N=206)
2026-04-14 12:58:51,561 - INFO - Regula po iteracji 0: IF Judges = {6} THEN class = {14.79} [14.06, 15.53], (p=66, n=30, P=370, N=206)
2026-04-14 12:58:51,561 - INFO - *****GROWING RR RULE*****
2026-04-14 12:58:51,567 - INFO - Iteracja 0: condition_best: None, quality_best: -inf, coverage_best: (p=0, n=0, P=0, N=0), p_value: 0
2026-04-14 12:58:51,567 - INFO - Regula po iteracji 0: IF  THEN class = {15.07} [14.25, 15.90], (p=370, n=206, P=370, N=206)
2026-04-14 12:58:51,567 - INFO - *****STOP GROWING RR RULE*****
2026-04-14 12:58:51,567 - INFO - ***RR NOT FOUND***
2026-04-14 12:58:51,569 - INFO - Iteracja 1: condition_best: Occasion = {1}, quality_best: 0.207, coverage_best: (p=34, n=14, P=308, N=268)
2026-04-14 12:58:51,569 - INFO - Regula po iteracji 1: IF Judges = {6} AND Occasion = {1} THEN class = {14.60} [13.92, 15.29], (p=34, n=14, P=308, N=268)
2026-04-14 12:58:51,570 - INFO - *****GROWING RR RULE*****
2026-04-14 12:58:51,575 - INFO - Iteracja 0: condition_best: None, quality_best: -inf, coverage_best: (p=0, n=0, P=0, N=0), p_value: 0
2026-04-14 12:58:51,576 - INFO - Regula po iteracji 0: IF  THEN class = {15.07} [14.25, 15.90], (p=370, n=206, P=370, N=206)
2026-04-14 12:58:51,576 - INFO - *****STOP GROWING RR RULE*****
2026-04-14 12:58:51,576 - INFO - ***RR NOT FOUND***
2026-04-14 12:58:51,578 - INFO - Iteracja 2: condition_best: Interval = {1}, quality_best: 0.311, coverage_best: (p=13, n=3, P=308, N=268)
2026-04-14 12:58:51,578 - INFO - Regula po iteracji 2: IF Judges = {6} AND Occasion = {1} AND Interval = {1} THEN class = {14.47} [13.84, 15.09], (p=13, n=3, P=308, N=268)
2026-04-14 12:58:51,579 - INFO - *****GROWING RR RULE*****
2026-04-14 12:58:51,584 - INFO - Iteracja 0: condition_best: None, quality_best: -inf, coverage_best: (p=0, n=0, P=0, N=0), p_value: 0
2026-04-14 12:58:51,585 - INFO - Regula po iteracji 0: IF  THEN class = {15.07} [14.25, 15.90], (p=370, n=206, P=370, N=206)
2026-04-14 12:58:51,585 - INFO - *****STOP GROWING RR RULE*****
2026-04-14 12:58:51,585 - INFO - ***RR NOT FOUND***
2026-04-14 12:58:51,587 - INFO - Iteracja 3: condition_best: Squares = {1}, quality_best: 0.311, coverage_best: (p=13, n=3, P=308, N=268)
2026-04-14 12:58:51,587 - INFO - Regula po iteracji 3: IF Judges = {6} AND Occasion = {1} AND Interval = {1} AND Squares = {1} THEN class = {14.47} [13.84, 15.09], (p=13, n=3, P=308, N=268)
2026-04-14 12:58:51,588 - INFO - *****GROWING RR RULE*****
2026-04-14 12:58:51,594 - INFO - Iteracja 0: condition_best: None, quality_best: -inf, coverage_best: (p=0, n=0, P=0, N=0), p_value: 0
2026-04-14 12:58:51,594 - INFO - Regula po iteracji 0: IF  THEN class = {15.07} [14.25, 15.90], (p=370, n=206, P=370, N=206)
2026-04-14 12:58:51,594 - INFO - *****STOP GROWING RR RULE*****
2026-04-14 12:58:51,594 - INFO - ***RR NOT FOUND***
2026-04-14 12:58:51,596 - INFO - Iteracja 4: condition_best: Rows = {1}, quality_best: 0.311, coverage_best: (p=13, n=3, P=308, N=268)
2026-04-14 12:58:51,596 - INFO - Regula po iteracji 4: IF Judges = {6} AND Occasion = {1} AND Interval = {1} AND Squares = {1} AND Rows = {1} THEN class = {14.47} [13.84, 15.09], (p=13, n=3, P=308, N=268)
2026-04-14 12:58:51,597 - INFO - *****GROWING RR RULE*****
2026-04-14 12:58:51,603 - INFO - Iteracja 0: condition_best: None, quality_best: -inf, coverage_best: (p=0, n=0, P=0, N=0), p_value: 0
2026-04-14 12:58:51,603 - INFO - Regula po iteracji 0: IF  THEN class = {15.07} [14.25, 15.90], (p=370, n=206, P=370, N=206)
2026-04-14 12:58:51,603 - INFO - *****STOP GROWING RR RULE*****
2026-04-14 12:58:51,603 - INFO - ***RR NOT FOUND***
2026-04-14 12:58:51,603 - INFO - *******STOP GROWING CR RULE*******
2026-04-14 12:58:51,605 - INFO - *******GROWING CR RULE*******
2026-04-14 12:58:51,609 - INFO - Iteracja 0: condition_best: Rows = {1}, quality_best: 0.066, coverage_best: (p=130, n=62, P=370, N=206)
2026-04-14 12:58:51,609 - INFO - Regula po iteracji 0: IF Rows = {1} THEN class = {14.99} [14.23, 15.75], (p=130, n=62, P=370, N=206)
2026-04-14 12:58:51,609 - INFO - *****GROWING RR RULE*****
2026-04-14 12:58:51,615 - INFO - Iteracja 0: condition_best: None, quality_best: -inf, coverage_best: (p=0, n=0, P=0, N=0), p_value: 0
2026-04-14 12:58:51,615 - INFO - Regula po iteracji 0: IF  THEN class = {15.07} [14.25, 15.90], (p=370, n=206, P=370, N=206)
2026-04-14 12:58:51,615 - INFO - *****STOP GROWING RR RULE*****
2026-04-14 12:58:51,615 - INFO - ***RR NOT FOUND***
2026-04-14 12:58:51,618 - INFO - Iteracja 1: condition_best: Judges = {4}, quality_best: 0.214, coverage_best: (p=21, n=11, P=249, N=327)
2026-04-14 12:58:51,618 - INFO - Regula po iteracji 1: IF Rows = {1} AND Judges = {4} THEN class = {14.59} [14.00, 15.19], (p=21, n=11, P=249, N=327)
2026-04-14 12:58:51,618 - INFO - *****GROWING RR RULE*****
2026-04-14 12:58:51,624 - INFO - Iteracja 0: condition_best: None, quality_best: -inf, coverage_best: (p=0, n=0, P=0, N=0), p_value: 0
2026-04-14 12:58:51,624 - INFO - Regula po iteracji 0: IF  THEN class = {15.07} [14.25, 15.90], (p=370, n=206, P=370, N=206)
2026-04-14 12:58:51,624 - INFO - *****STOP GROWING RR RULE*****
2026-04-14 12:58:51,625 - INFO - ***RR NOT FOUND***
2026-04-14 12:58:51,627 - INFO - Iteracja 2: condition_best: Occasion = {1}, quality_best: 0.293, coverage_best: (p=12, n=4, P=249, N=327)
2026-04-14 12:58:51,627 - INFO - Regula po iteracji 2: IF Rows = {1} AND Judges = {4} AND Occasion = {1} THEN class = {14.75} [14.32, 15.18], (p=12, n=4, P=249, N=327)
2026-04-14 12:58:51,627 - INFO - *****GROWING RR RULE*****
2026-04-14 12:58:51,633 - INFO - Iteracja 0: condition_best: None, quality_best: -inf, coverage_best: (p=0, n=0, P=0, N=0), p_value: 0
2026-04-14 12:58:51,633 - INFO - Regula po iteracji 0: IF  THEN class = {15.07} [14.25, 15.90], (p=370, n=206, P=370, N=206)
2026-04-14 12:58:51,633 - INFO - *****STOP GROWING RR RULE*****
2026-04-14 12:58:51,633 - INFO - ***RR NOT FOUND***
2026-04-14 12:58:51,635 - INFO - Iteracja 3: condition_best: Interval = {2}, quality_best: 0.293, coverage_best: (p=12, n=4, P=249, N=327)
2026-04-14 12:58:51,636 - INFO - Regula po iteracji 3: IF Rows = {1} AND Judges = {4} AND Occasion = {1} AND Interval = {2} THEN class = {14.75} [14.32, 15.18], (p=12, n=4, P=249, N=327)
2026-04-14 12:58:51,636 - INFO - *****GROWING RR RULE*****
2026-04-14 12:58:51,642 - INFO - Iteracja 0: condition_best: None, quality_best: -inf, coverage_best: (p=0, n=0, P=0, N=0), p_value: 0
2026-04-14 12:58:51,642 - INFO - Regula po iteracji 0: IF  THEN class = {15.07} [14.25, 15.90], (p=370, n=206, P=370, N=206)
2026-04-14 12:58:51,642 - INFO - *****STOP GROWING RR RULE*****
2026-04-14 12:58:51,642 - INFO - ***RR NOT FOUND***
2026-04-14 12:58:51,645 - INFO - Iteracja 4: condition_best: Squares = {1}, quality_best: 0.293, coverage_best: (p=12, n=4, P=249, N=327)
2026-04-14 12:58:51,645 - INFO - Regula po iteracji 4: IF Rows = {1} AND Judges = {4} AND Occasion = {1} AND Interval = {2} AND Squares = {1} THEN class = {14.75} [14.32, 15.18], (p=12, n=4, P=249, N=327)
2026-04-14 12:58:51,646 - INFO - *****GROWING RR RULE*****
2026-04-14 12:58:51,652 - INFO - Iteracja 0: condition_best: None, quality_best: -inf, coverage_best: (p=0, n=0, P=0, N=0), p_value: 0
2026-04-14 12:58:51,652 - INFO - Regula po iteracji 0: IF  THEN class = {15.07} [14.25, 15.90], (p=370, n=206, P=370, N=206)
2026-04-14 12:58:51,652 - INFO - *****STOP GROWING RR RULE*****
2026-04-14 12:58:51,652 - INFO - ***RR NOT FOUND***
2026-04-14 12:58:51,652 - INFO - *******STOP GROWING CR RULE*******
2026-04-14 12:58:51,653 - INFO - *******GROWING CR RULE*******
2026-04-14 12:58:51,657 - INFO - Iteracja 0: condition_best: Rows = {1}, quality_best: 0.066, coverage_best: (p=130, n=62, P=370, N=206)
2026-04-14 12:58:51,657 - INFO - Regula po iteracji 0: IF Rows = {1} THEN class = {14.99} [14.23, 15.75], (p=130, n=62, P=370, N=206)
2026-04-14 12:58:51,658 - INFO - *****GROWING RR RULE*****
2026-04-14 12:58:51,663 - INFO - Iteracja 0: condition_best: None, quality_best: -inf, coverage_best: (p=0, n=0, P=0, N=0), p_value: 0
2026-04-14 12:58:51,664 - INFO - Regula po iteracji 0: IF  THEN class = {15.07} [14.25, 15.90], (p=370, n=206, P=370, N=206)
2026-04-14 12:58:51,664 - INFO - *****STOP GROWING RR RULE*****
2026-04-14 12:58:51,664 - INFO - ***RR NOT FOUND***
2026-04-14 12:58:51,666 - INFO - Iteracja 1: condition_best: Interval = {2}, quality_best: 0.197, coverage_best: (p=40, n=24, P=249, N=327)
2026-04-14 12:58:51,666 - INFO - Regula po iteracji 1: IF Rows = {1} AND Interval = {2} THEN class = {14.81} [14.24, 15.38], (p=40, n=24, P=249, N=327)
2026-04-14 12:58:51,667 - INFO - *****GROWING RR RULE*****
2026-04-14 12:58:51,673 - INFO - Iteracja 0: condition_best: None, quality_best: -inf, coverage_best: (p=0, n=0, P=0, N=0), p_value: 0
2026-04-14 12:58:51,673 - INFO - Regula po iteracji 0: IF  THEN class = {15.07} [14.25, 15.90], (p=370, n=206, P=370, N=206)
2026-04-14 12:58:51,673 - INFO - *****STOP GROWING RR RULE*****
2026-04-14 12:58:51,673 - INFO - ***RR NOT FOUND***
2026-04-14 12:58:51,675 - INFO - Iteracja 2: condition_best: Occasion = {1}, quality_best: 0.276, coverage_best: (p=23, n=9, P=249, N=327)
2026-04-14 12:58:51,675 - INFO - Regula po iteracji 2: IF Rows = {1} AND Interval = {2} AND Occasion = {1} THEN class = {14.72} [14.24, 15.20], (p=23, n=9, P=249, N=327)
2026-04-14 12:58:51,676 - INFO - *****GROWING RR RULE*****
2026-04-14 12:58:51,682 - INFO - Iteracja 0: condition_best: None, quality_best: -inf, coverage_best: (p=0, n=0, P=0, N=0), p_value: 0
2026-04-14 12:58:51,682 - INFO - Regula po iteracji 0: IF  THEN class = {15.07} [14.25, 15.90], (p=370, n=206, P=370, N=206)
2026-04-14 12:58:51,682 - INFO - *****STOP GROWING RR RULE*****
2026-04-14 12:58:51,682 - INFO - ***RR NOT FOUND***
2026-04-14 12:58:51,684 - INFO - Iteracja 3: condition_best: Halfplot = {1}, quality_best: 0.293, coverage_best: (p=12, n=4, P=249, N=327)
2026-04-14 12:58:51,684 - INFO - Regula po iteracji 3: IF Rows = {1} AND Interval = {2} AND Occasion = {1} AND Halfplot = {1} THEN class = {14.69} [14.26, 15.12], (p=12, n=4, P=249, N=327)
2026-04-14 12:58:51,685 - INFO - *****GROWING RR RULE*****
2026-04-14 12:58:51,691 - INFO - Iteracja 0: condition_best: None, quality_best: -inf, coverage_best: (p=0, n=0, P=0, N=0), p_value: 0
2026-04-14 12:58:51,691 - INFO - Regula po iteracji 0: IF  THEN class = {15.07} [14.25, 15.90], (p=370, n=206, P=370, N=206)
2026-04-14 12:58:51,691 - INFO - *****STOP GROWING RR RULE*****
2026-04-14 12:58:51,691 - INFO - ***RR NOT FOUND***
2026-04-14 12:58:51,693 - INFO - Iteracja 4: condition_best: Squares = {1}, quality_best: 0.293, coverage_best: (p=12, n=4, P=249, N=327)
2026-04-14 12:58:51,694 - INFO - Regula po iteracji 4: IF Rows = {1} AND Interval = {2} AND Occasion = {1} AND Halfplot = {1} AND Squares = {1} THEN class = {14.69} [14.26, 15.12], (p=12, n=4, P=249, N=327)
2026-04-14 12:58:51,695 - INFO - *****GROWING RR RULE*****
2026-04-14 12:58:51,700 - INFO - Iteracja 0: condition_best: None, quality_best: -inf, coverage_best: (p=0, n=0, P=0, N=0), p_value: 0
2026-04-14 12:58:51,701 - INFO - Regula po iteracji 0: IF  THEN class = {15.07} [14.25, 15.90], (p=370, n=206, P=370, N=206)
2026-04-14 12:58:51,701 - INFO - *****STOP GROWING RR RULE*****
2026-04-14 12:58:51,701 - INFO - ***RR NOT FOUND***
2026-04-14 12:58:51,701 - INFO - *******STOP GROWING CR RULE*******
2026-04-14 12:58:51,702 - INFO - *******GROWING CR RULE*******
2026-04-14 12:58:51,706 - INFO - Iteracja 0: condition_best: Rows = {1}, quality_best: 0.066, coverage_best: (p=130, n=62, P=370, N=206)
2026-04-14 12:58:51,706 - INFO - Regula po iteracji 0: IF Rows = {1} THEN class = {14.99} [14.23, 15.75], (p=130, n=62, P=370, N=206)
2026-04-14 12:58:51,706 - INFO - *****GROWING RR RULE*****
2026-04-14 12:58:51,712 - INFO - Iteracja 0: condition_best: None, quality_best: -inf, coverage_best: (p=0, n=0, P=0, N=0), p_value: 0
2026-04-14 12:58:51,712 - INFO - Regula po iteracji 0: IF  THEN class = {15.07} [14.25, 15.90], (p=370, n=206, P=370, N=206)
2026-04-14 12:58:51,713 - INFO - *****STOP GROWING RR RULE*****
2026-04-14 12:58:51,713 - INFO - ***RR NOT FOUND***
2026-04-14 12:58:51,715 - INFO - Iteracja 1: condition_best: Interval = {2}, quality_best: 0.197, coverage_best: (p=40, n=24, P=249, N=327)
2026-04-14 12:58:51,715 - INFO - Regula po iteracji 1: IF Rows = {1} AND Interval = {2} THEN class = {14.81} [14.24, 15.38], (p=40, n=24, P=249, N=327)
2026-04-14 12:58:51,716 - INFO - *****GROWING RR RULE*****
2026-04-14 12:58:51,722 - INFO - Iteracja 0: condition_best: None, quality_best: -inf, coverage_best: (p=0, n=0, P=0, N=0), p_value: 0
2026-04-14 12:58:51,722 - INFO - Regula po iteracji 0: IF  THEN class = {15.07} [14.25, 15.90], (p=370, n=206, P=370, N=206)
2026-04-14 12:58:51,722 - INFO - *****STOP GROWING RR RULE*****
2026-04-14 12:58:51,722 - INFO - ***RR NOT FOUND***
2026-04-14 12:58:51,724 - INFO - Iteracja 2: condition_best: Occasion = {1}, quality_best: 0.276, coverage_best: (p=23, n=9, P=249, N=327)
2026-04-14 12:58:51,724 - INFO - Regula po iteracji 2: IF Rows = {1} AND Interval = {2} AND Occasion = {1} THEN class = {14.72} [14.24, 15.20], (p=23, n=9, P=249, N=327)
2026-04-14 12:58:51,725 - INFO - *****GROWING RR RULE*****
2026-04-14 12:58:51,731 - INFO - Iteracja 0: condition_best: None, quality_best: -inf, coverage_best: (p=0, n=0, P=0, N=0), p_value: 0
2026-04-14 12:58:51,731 - INFO - Regula po iteracji 0: IF  THEN class = {15.07} [14.25, 15.90], (p=370, n=206, P=370, N=206)
2026-04-14 12:58:51,731 - INFO - *****STOP GROWING RR RULE*****
2026-04-14 12:58:51,731 - INFO - ***RR NOT FOUND***
2026-04-14 12:58:51,733 - INFO - Iteracja 3: condition_best: Squares = {1}, quality_best: 0.276, coverage_best: (p=23, n=9, P=249, N=327)
2026-04-14 12:58:51,733 - INFO - Regula po iteracji 3: IF Rows = {1} AND Interval = {2} AND Occasion = {1} AND Squares = {1} THEN class = {14.72} [14.24, 15.20], (p=23, n=9, P=249, N=327)
2026-04-14 12:58:51,734 - INFO - *****GROWING RR RULE*****
2026-04-14 12:58:51,740 - INFO - Iteracja 0: condition_best: None, quality_best: -inf, coverage_best: (p=0, n=0, P=0, N=0), p_value: 0
2026-04-14 12:58:51,740 - INFO - Regula po iteracji 0: IF  THEN class = {15.07} [14.25, 15.90], (p=370, n=206, P=370, N=206)
2026-04-14 12:58:51,740 - INFO - *****STOP GROWING RR RULE*****
2026-04-14 12:58:51,740 - INFO - ***RR NOT FOUND***
2026-04-14 12:58:51,742 - INFO - Iteracja 4: condition_best: Judges = {1}, quality_best: 0.235, coverage_best: (p=11, n=5, P=249, N=327)
2026-04-14 12:58:51,743 - INFO - Regula po iteracji 4: IF Rows = {1} AND Interval = {2} AND Occasion = {1} AND Squares = {1} AND Judges = {1} THEN class = {14.69} [14.16, 15.21], (p=11, n=5, P=249, N=327)
2026-04-14 12:58:51,744 - INFO - *****GROWING RR RULE*****
2026-04-14 12:58:51,749 - INFO - Iteracja 0: condition_best: None, quality_best: -inf, coverage_best: (p=0, n=0, P=0, N=0), p_value: 0
2026-04-14 12:58:51,749 - INFO - Regula po iteracji 0: IF  THEN class = {15.07} [14.25, 15.90], (p=370, n=206, P=370, N=206)
2026-04-14 12:58:51,750 - INFO - *****STOP GROWING RR RULE*****
2026-04-14 12:58:51,750 - INFO - ***RR NOT FOUND***
2026-04-14 12:58:51,750 - INFO - *******STOP GROWING CR RULE*******
2026-04-14 12:58:51,751 - INFO - *******GROWING CR RULE*******
2026-04-14 12:58:51,755 - INFO - Iteracja 0: condition_best: Rows = {1}, quality_best: 0.066, coverage_best: (p=130, n=62, P=370, N=206)
2026-04-14 12:58:51,755 - INFO - Regula po iteracji 0: IF Rows = {1} THEN class = {14.99} [14.23, 15.75], (p=130, n=62, P=370, N=206)
2026-04-14 12:58:51,755 - INFO - *****GROWING RR RULE*****
2026-04-14 12:58:51,761 - INFO - Iteracja 0: condition_best: None, quality_best: -inf, coverage_best: (p=0, n=0, P=0, N=0), p_value: 0
2026-04-14 12:58:51,761 - INFO - Regula po iteracji 0: IF  THEN class = {15.07} [14.25, 15.90], (p=370, n=206, P=370, N=206)
2026-04-14 12:58:51,761 - INFO - *****STOP GROWING RR RULE*****
2026-04-14 12:58:51,761 - INFO - ***RR NOT FOUND***
2026-04-14 12:58:51,764 - INFO - Iteracja 1: condition_best: Judges = {3}, quality_best: 0.113, coverage_best: (p=23, n=9, P=370, N=206)
2026-04-14 12:58:51,764 - INFO - Regula po iteracji 1: IF Rows = {1} AND Judges = {3} THEN class = {15.16} [14.48, 15.83], (p=23, n=9, P=370, N=206)
2026-04-14 12:58:51,765 - INFO - *****GROWING RR RULE*****
2026-04-14 12:58:51,770 - INFO - Iteracja 0: condition_best: None, quality_best: -inf, coverage_best: (p=0, n=0, P=0, N=0), p_value: 0
2026-04-14 12:58:51,771 - INFO - Regula po iteracji 0: IF  THEN class = {15.07} [14.25, 15.90], (p=370, n=206, P=370, N=206)
2026-04-14 12:58:51,771 - INFO - *****STOP GROWING RR RULE*****
2026-04-14 12:58:51,771 - INFO - ***RR NOT FOUND***
2026-04-14 12:58:51,773 - INFO - Iteracja 2: condition_best: Occasion = {1}, quality_best: 0.046, coverage_best: (p=10, n=6, P=339, N=237)
2026-04-14 12:58:51,773 - INFO - Regula po iteracji 2: IF Rows = {1} AND Judges = {3} AND Occasion = {1} THEN class = {15.41} [14.65, 16.16], (p=10, n=6, P=339, N=237)
2026-04-14 12:58:51,774 - INFO - *****GROWING RR RULE*****
2026-04-14 12:58:51,779 - INFO - Iteracja 0: condition_best: None, quality_best: -inf, coverage_best: (p=0, n=0, P=0, N=0), p_value: 0
2026-04-14 12:58:51,780 - INFO - Regula po iteracji 0: IF  THEN class = {15.07} [14.25, 15.90], (p=370, n=206, P=370, N=206)
2026-04-14 12:58:51,780 - INFO - *****STOP GROWING RR RULE*****
2026-04-14 12:58:51,780 - INFO - ***RR NOT FOUND***
2026-04-14 12:58:51,782 - INFO - Iteracja 3: condition_best: Interval = {1}, quality_best: 0.046, coverage_best: (p=10, n=6, P=339, N=237)
2026-04-14 12:58:51,782 - INFO - Regula po iteracji 3: IF Rows = {1} AND Judges = {3} AND Occasion = {1} AND Interval = {1} THEN class = {15.41} [14.65, 16.16], (p=10, n=6, P=339, N=237)
2026-04-14 12:58:51,783 - INFO - *****GROWING RR RULE*****
2026-04-14 12:58:51,788 - INFO - Iteracja 0: condition_best: None, quality_best: -inf, coverage_best: (p=0, n=0, P=0, N=0), p_value: 0
2026-04-14 12:58:51,789 - INFO - Regula po iteracji 0: IF  THEN class = {15.07} [14.25, 15.90], (p=370, n=206, P=370, N=206)
2026-04-14 12:58:51,789 - INFO - *****STOP GROWING RR RULE*****
2026-04-14 12:58:51,789 - INFO - ***RR NOT FOUND***
2026-04-14 12:58:51,791 - INFO - Iteracja 4: condition_best: Squares = {1}, quality_best: 0.046, coverage_best: (p=10, n=6, P=339, N=237)
2026-04-14 12:58:51,791 - INFO - Regula po iteracji 4: IF Rows = {1} AND Judges = {3} AND Occasion = {1} AND Interval = {1} AND Squares = {1} THEN class = {15.41} [14.65, 16.16], (p=10, n=6, P=339, N=237)
2026-04-14 12:58:51,792 - INFO - *****GROWING RR RULE*****
2026-04-14 12:58:51,798 - INFO - Iteracja 0: condition_best: None, quality_best: -inf, coverage_best: (p=0, n=0, P=0, N=0), p_value: 0
2026-04-14 12:58:51,798 - INFO - Regula po iteracji 0: IF  THEN class = {15.07} [14.25, 15.90], (p=370, n=206, P=370, N=206)
2026-04-14 12:58:51,798 - INFO - *****STOP GROWING RR RULE*****
2026-04-14 12:58:51,798 - INFO - ***RR NOT FOUND***
2026-04-14 12:58:51,798 - INFO - *******STOP GROWING CR RULE*******
2026-04-14 12:58:51,799 - INFO - *******GROWING CR RULE*******
2026-04-14 12:58:51,803 - INFO - Iteracja 0: condition_best: Position = {3}, quality_best: 0.055, coverage_best: (p=97, n=47, P=370, N=206)
2026-04-14 12:58:51,804 - INFO - Regula po iteracji 0: IF Position = {3} THEN class = {15.08} [14.26, 15.90], (p=97, n=47, P=370, N=206)
2026-04-14 12:58:51,804 - INFO - *****GROWING RR RULE*****
2026-04-14 12:58:51,810 - INFO - Iteracja 0: condition_best: None, quality_best: -inf, coverage_best: (p=0, n=0, P=0, N=0), p_value: 0
2026-04-14 12:58:51,810 - INFO - Regula po iteracji 0: IF  THEN class = {15.07} [14.25, 15.90], (p=370, n=206, P=370, N=206)
2026-04-14 12:58:51,810 - INFO - *****STOP GROWING RR RULE*****
2026-04-14 12:58:51,810 - INFO - ***RR NOT FOUND***
2026-04-14 12:58:51,813 - INFO - Iteracja 1: condition_best: Rows = {3}, quality_best: 0.055, coverage_best: (p=37, n=11, P=429, N=147)
2026-04-14 12:58:51,813 - INFO - Regula po iteracji 1: IF Position = {3} AND Rows = {3} THEN class = {14.80} [13.93, 15.68], (p=37, n=11, P=429, N=147)
2026-04-14 12:58:51,813 - INFO - *****GROWING RR RULE*****
2026-04-14 12:58:51,819 - INFO - Iteracja 0: condition_best: None, quality_best: -inf, coverage_best: (p=0, n=0, P=0, N=0), p_value: 0
2026-04-14 12:58:51,819 - INFO - Regula po iteracji 0: IF  THEN class = {15.07} [14.25, 15.90], (p=370, n=206, P=370, N=206)
2026-04-14 12:58:51,819 - INFO - *****STOP GROWING RR RULE*****
2026-04-14 12:58:51,819 - INFO - ***RR NOT FOUND***
2026-04-14 12:58:51,822 - INFO - Iteracja 2: condition_best: Halfplot = {1}, quality_best: -0.074, coverage_best: (p=17, n=7, P=429, N=147)
2026-04-14 12:58:51,822 - INFO - Regula po iteracji 2: IF Position = {3} AND Rows = {3} AND Halfplot = {1} THEN class = {14.75} [13.86, 15.64], (p=17, n=7, P=429, N=147)
2026-04-14 12:58:51,822 - INFO - *****GROWING RR RULE*****
2026-04-14 12:58:51,828 - INFO - Iteracja 0: condition_best: None, quality_best: -inf, coverage_best: (p=0, n=0, P=0, N=0), p_value: 0
2026-04-14 12:58:51,828 - INFO - Regula po iteracji 0: IF  THEN class = {15.07} [14.25, 15.90], (p=370, n=206, P=370, N=206)
2026-04-14 12:58:51,828 - INFO - *****STOP GROWING RR RULE*****
2026-04-14 12:58:51,828 - INFO - ***RR NOT FOUND***
2026-04-14 12:58:51,831 - INFO - Iteracja 3: condition_best: Method = {1}, quality_best: -0.074, coverage_best: (p=17, n=7, P=429, N=147)
2026-04-14 12:58:51,831 - INFO - Regula po iteracji 3: IF Position = {3} AND Rows = {3} AND Halfplot = {1} AND Method = {1} THEN class = {14.75} [13.86, 15.64], (p=17, n=7, P=429, N=147)
2026-04-14 12:58:51,832 - INFO - *****GROWING RR RULE*****
2026-04-14 12:58:51,837 - INFO - Iteracja 0: condition_best: None, quality_best: -inf, coverage_best: (p=0, n=0, P=0, N=0), p_value: 0
2026-04-14 12:58:51,838 - INFO - Regula po iteracji 0: IF  THEN class = {15.07} [14.25, 15.90], (p=370, n=206, P=370, N=206)
2026-04-14 12:58:51,838 - INFO - *****STOP GROWING RR RULE*****
2026-04-14 12:58:51,838 - INFO - ***RR NOT FOUND***
2026-04-14 12:58:51,840 - INFO - Iteracja 4: condition_best: None, quality_best: -inf, coverage_best: (p=0, n=0, P=0, N=0)
2026-04-14 12:58:51,840 - INFO - Regula po iteracji 4: IF Position = {3} AND Rows = {3} AND Halfplot = {1} AND Method = {1} THEN class = {14.75} [13.86, 15.64], (p=17, n=7, P=429, N=147)
2026-04-14 12:58:51,840 - INFO - *******STOP GROWING CR RULE*******
2026-04-14 12:58:51,841 - INFO - *******GROWING CR RULE*******
2026-04-14 12:58:51,845 - INFO - Iteracja 0: condition_best: Position = {1}, quality_best: 0.043, coverage_best: (p=96, n=48, P=370, N=206)
2026-04-14 12:58:51,845 - INFO - Regula po iteracji 0: IF Position = {1} THEN class = {15.14} [14.38, 15.90], (p=96, n=48, P=370, N=206)
2026-04-14 12:58:51,846 - INFO - *****GROWING RR RULE*****
2026-04-14 12:58:51,851 - INFO - Iteracja 0: condition_best: None, quality_best: -inf, coverage_best: (p=0, n=0, P=0, N=0), p_value: 0
2026-04-14 12:58:51,852 - INFO - Regula po iteracji 0: IF  THEN class = {15.07} [14.25, 15.90], (p=370, n=206, P=370, N=206)
2026-04-14 12:58:51,852 - INFO - *****STOP GROWING RR RULE*****
2026-04-14 12:58:51,852 - INFO - ***RR NOT FOUND***
2026-04-14 12:58:51,854 - INFO - Iteracja 1: condition_best: Trellis = {3}, quality_best: 0.324, coverage_best: (p=30, n=6, P=339, N=237)
2026-04-14 12:58:51,854 - INFO - Regula po iteracji 1: IF Position = {1} AND Trellis = {3} THEN class = {15.54} [14.88, 16.20], (p=30, n=6, P=339, N=237)
2026-04-14 12:58:51,855 - INFO - *****GROWING RR RULE*****
2026-04-14 12:58:51,861 - INFO - Iteracja 0: condition_best: None, quality_best: -inf, coverage_best: (p=0, n=0, P=0, N=0), p_value: 0
2026-04-14 12:58:51,861 - INFO - Regula po iteracji 0: IF  THEN class = {15.07} [14.25, 15.90], (p=370, n=206, P=370, N=206)
2026-04-14 12:58:51,861 - INFO - *****STOP GROWING RR RULE*****
2026-04-14 12:58:51,861 - INFO - ***RR NOT FOUND***
2026-04-14 12:58:51,863 - INFO - Iteracja 2: condition_best: Rows = {3}, quality_best: 0.412, coverage_best: (p=11, n=1, P=339, N=237)
2026-04-14 12:58:51,863 - INFO - Regula po iteracji 2: IF Position = {1} AND Trellis = {3} AND Rows = {3} THEN class = {15.50} [14.96, 16.04], (p=11, n=1, P=339, N=237)
2026-04-14 12:58:51,864 - INFO - *****GROWING RR RULE*****
2026-04-14 12:58:51,870 - INFO - Iteracja 0: condition_best: None, quality_best: -inf, coverage_best: (p=0, n=0, P=0, N=0), p_value: 0
2026-04-14 12:58:51,870 - INFO - Regula po iteracji 0: IF  THEN class = {15.07} [14.25, 15.90], (p=370, n=206, P=370, N=206)
2026-04-14 12:58:51,870 - INFO - *****STOP GROWING RR RULE*****
2026-04-14 12:58:51,870 - INFO - ***RR NOT FOUND***
2026-04-14 12:58:51,872 - INFO - Iteracja 3: condition_best: None, quality_best: -inf, coverage_best: (p=0, n=0, P=0, N=0)
2026-04-14 12:58:51,872 - INFO - Regula po iteracji 3: IF Position = {1} AND Trellis = {3} AND Rows = {3} THEN class = {15.50} [14.96, 16.04], (p=11, n=1, P=339, N=237)
2026-04-14 12:58:51,872 - INFO - *******STOP GROWING CR RULE*******
2026-04-14 12:58:51,873 - INFO - *******GROWING CR RULE*******
2026-04-14 12:58:51,877 - INFO - Iteracja 0: condition_best: Halfplot = {2}, quality_best: 0.037, coverage_best: (p=190, n=98, P=370, N=206)
2026-04-14 12:58:51,877 - INFO - Regula po iteracji 0: IF Halfplot = {2} THEN class = {15.09} [14.27, 15.91], (p=190, n=98, P=370, N=206)
2026-04-14 12:58:51,877 - INFO - *****GROWING RR RULE*****
2026-04-14 12:58:51,883 - INFO - Iteracja 0: condition_best: None, quality_best: -inf, coverage_best: (p=0, n=0, P=0, N=0), p_value: 0
2026-04-14 12:58:51,883 - INFO - Regula po iteracji 0: IF  THEN class = {15.07} [14.25, 15.90], (p=370, n=206, P=370, N=206)
2026-04-14 12:58:51,883 - INFO - *****STOP GROWING RR RULE*****
2026-04-14 12:58:51,884 - INFO - ***RR NOT FOUND***
2026-04-14 12:58:51,887 - INFO - Iteracja 1: condition_best: Sittings = {2}, quality_best: 0.083, coverage_best: (p=50, n=22, P=370, N=206)
2026-04-14 12:58:51,887 - INFO - Regula po iteracji 1: IF Halfplot = {2} AND Sittings = {2} THEN class = {15.05} [14.25, 15.85], (p=50, n=22, P=370, N=206)
2026-04-14 12:58:51,887 - INFO - *****GROWING RR RULE*****
2026-04-14 12:58:51,893 - INFO - Iteracja 0: condition_best: None, quality_best: -inf, coverage_best: (p=0, n=0, P=0, N=0), p_value: 0
2026-04-14 12:58:51,893 - INFO - Regula po iteracji 0: IF  THEN class = {15.07} [14.25, 15.90], (p=370, n=206, P=370, N=206)
2026-04-14 12:58:51,893 - INFO - *****STOP GROWING RR RULE*****
2026-04-14 12:58:51,893 - INFO - ***RR NOT FOUND***
2026-04-14 12:58:51,896 - INFO - Iteracja 2: condition_best: Method = {2}, quality_best: 0.083, coverage_best: (p=50, n=22, P=370, N=206)
2026-04-14 12:58:51,896 - INFO - Regula po iteracji 2: IF Halfplot = {2} AND Sittings = {2} AND Method = {2} THEN class = {15.05} [14.25, 15.85], (p=50, n=22, P=370, N=206)
2026-04-14 12:58:51,896 - INFO - *****GROWING RR RULE*****
2026-04-14 12:58:51,902 - INFO - Iteracja 0: condition_best: None, quality_best: -inf, coverage_best: (p=0, n=0, P=0, N=0), p_value: 0
2026-04-14 12:58:51,902 - INFO - Regula po iteracji 0: IF  THEN class = {15.07} [14.25, 15.90], (p=370, n=206, P=370, N=206)
2026-04-14 12:58:51,902 - INFO - *****STOP GROWING RR RULE*****
2026-04-14 12:58:51,903 - INFO - ***RR NOT FOUND***
2026-04-14 12:58:51,905 - INFO - Iteracja 3: condition_best: Rows = {3}, quality_best: -0.025, coverage_best: (p=15, n=9, P=370, N=206)
2026-04-14 12:58:51,905 - INFO - Regula po iteracji 3: IF Halfplot = {2} AND Sittings = {2} AND Method = {2} AND Rows = {3} THEN class = {14.88} [14.04, 15.71], (p=15, n=9, P=370, N=206)
2026-04-14 12:58:51,906 - INFO - *****GROWING RR RULE*****
2026-04-14 12:58:51,914 - INFO - Iteracja 0: condition_best: None, quality_best: -inf, coverage_best: (p=0, n=0, P=0, N=0), p_value: 0
2026-04-14 12:58:51,914 - INFO - Regula po iteracji 0: IF  THEN class = {15.07} [14.25, 15.90], (p=370, n=206, P=370, N=206)
2026-04-14 12:58:51,914 - INFO - *****STOP GROWING RR RULE*****
2026-04-14 12:58:51,914 - INFO - ***RR NOT FOUND***
2026-04-14 12:58:51,916 - INFO - Iteracja 4: condition_best: Occasion = {1}, quality_best: -0.321, coverage_best: (p=7, n=5, P=429, N=147)
2026-04-14 12:58:51,916 - INFO - Regula po iteracji 4: IF Halfplot = {2} AND Sittings = {2} AND Method = {2} AND Rows = {3} AND Occasion = {1} THEN class = {14.88} [13.83, 15.92], (p=7, n=5, P=429, N=147)
2026-04-14 12:58:51,917 - INFO - *****GROWING RR RULE*****
2026-04-14 12:58:51,928 - INFO - Iteracja 0: condition_best: None, quality_best: -inf, coverage_best: (p=0, n=0, P=0, N=0), p_value: 0
2026-04-14 12:58:51,928 - INFO - Regula po iteracji 0: IF  THEN class = {15.07} [14.25, 15.90], (p=370, n=206, P=370, N=206)
2026-04-14 12:58:51,928 - INFO - *****STOP GROWING RR RULE*****
2026-04-14 12:58:51,929 - INFO - ***RR NOT FOUND***
2026-04-14 12:58:51,929 - INFO - *******STOP GROWING CR RULE*******
2026-04-14 12:58:51,930 - INFO - *******GROWING CR RULE*******
2026-04-14 12:58:51,934 - INFO - Iteracja 0: condition_best: Halfplot = {2}, quality_best: 0.037, coverage_best: (p=190, n=98, P=370, N=206)
2026-04-14 12:58:51,934 - INFO - Regula po iteracji 0: IF Halfplot = {2} THEN class = {15.09} [14.27, 15.91], (p=190, n=98, P=370, N=206)
2026-04-14 12:58:51,934 - INFO - *****GROWING RR RULE*****
2026-04-14 12:58:51,940 - INFO - Iteracja 0: condition_best: None, quality_best: -inf, coverage_best: (p=0, n=0, P=0, N=0), p_value: 0
2026-04-14 12:58:51,940 - INFO - Regula po iteracji 0: IF  THEN class = {15.07} [14.25, 15.90], (p=370, n=206, P=370, N=206)
2026-04-14 12:58:51,940 - INFO - *****STOP GROWING RR RULE*****
2026-04-14 12:58:51,940 - INFO - ***RR NOT FOUND***
2026-04-14 12:58:51,943 - INFO - Iteracja 1: condition_best: Sittings = {1}, quality_best: 0.06, coverage_best: (p=49, n=23, P=370, N=206)
2026-04-14 12:58:51,944 - INFO - Regula po iteracji 1: IF Halfplot = {2} AND Sittings = {1} THEN class = {15.12} [14.35, 15.89], (p=49, n=23, P=370, N=206)
2026-04-14 12:58:51,944 - INFO - *****GROWING RR RULE*****
2026-04-14 12:58:51,950 - INFO - Iteracja 0: condition_best: None, quality_best: -inf, coverage_best: (p=0, n=0, P=0, N=0), p_value: 0
2026-04-14 12:58:51,950 - INFO - Regula po iteracji 0: IF  THEN class = {15.07} [14.25, 15.90], (p=370, n=206, P=370, N=206)
2026-04-14 12:58:51,950 - INFO - *****STOP GROWING RR RULE*****
2026-04-14 12:58:51,950 - INFO - ***RR NOT FOUND***
2026-04-14 12:58:51,953 - INFO - Iteracja 2: condition_best: Method = {2}, quality_best: 0.06, coverage_best: (p=49, n=23, P=370, N=206)
2026-04-14 12:58:51,953 - INFO - Regula po iteracji 2: IF Halfplot = {2} AND Sittings = {1} AND Method = {2} THEN class = {15.12} [14.35, 15.89], (p=49, n=23, P=370, N=206)
2026-04-14 12:58:51,953 - INFO - *****GROWING RR RULE*****
2026-04-14 12:58:51,959 - INFO - Iteracja 0: condition_best: None, quality_best: -inf, coverage_best: (p=0, n=0, P=0, N=0), p_value: 0
2026-04-14 12:58:51,959 - INFO - Regula po iteracji 0: IF  THEN class = {15.07} [14.25, 15.90], (p=370, n=206, P=370, N=206)
2026-04-14 12:58:51,959 - INFO - *****STOP GROWING RR RULE*****
2026-04-14 12:58:51,959 - INFO - ***RR NOT FOUND***
2026-04-14 12:58:51,962 - INFO - Iteracja 3: condition_best: Occasion = {1}, quality_best: 0.036, coverage_best: (p=24, n=12, P=370, N=206)
2026-04-14 12:58:51,962 - INFO - Regula po iteracji 3: IF Halfplot = {2} AND Sittings = {1} AND Method = {2} AND Occasion = {1} THEN class = {15.11} [14.34, 15.88], (p=24, n=12, P=370, N=206)
2026-04-14 12:58:51,963 - INFO - *****GROWING RR RULE*****
2026-04-14 12:58:51,969 - INFO - Iteracja 0: condition_best: None, quality_best: -inf, coverage_best: (p=0, n=0, P=0, N=0), p_value: 0
2026-04-14 12:58:51,969 - INFO - Regula po iteracji 0: IF  THEN class = {15.07} [14.25, 15.90], (p=370, n=206, P=370, N=206)
2026-04-14 12:58:51,969 - INFO - *****STOP GROWING RR RULE*****
2026-04-14 12:58:51,969 - INFO - ***RR NOT FOUND***
2026-04-14 12:58:51,972 - INFO - Iteracja 4: condition_best: Squares = {1}, quality_best: 0.036, coverage_best: (p=24, n=12, P=370, N=206)
2026-04-14 12:58:51,972 - INFO - Regula po iteracji 4: IF Halfplot = {2} AND Sittings = {1} AND Method = {2} AND Occasion = {1} AND Squares = {1} THEN class = {15.11} [14.34, 15.88], (p=24, n=12, P=370, N=206)
2026-04-14 12:58:51,973 - INFO - *****GROWING RR RULE*****
2026-04-14 12:58:51,978 - INFO - Iteracja 0: condition_best: None, quality_best: -inf, coverage_best: (p=0, n=0, P=0, N=0), p_value: 0
2026-04-14 12:58:51,979 - INFO - Regula po iteracji 0: IF  THEN class = {15.07} [14.25, 15.90], (p=370, n=206, P=370, N=206)
2026-04-14 12:58:51,979 - INFO - *****STOP GROWING RR RULE*****
2026-04-14 12:58:51,979 - INFO - ***RR NOT FOUND***
2026-04-14 12:58:51,979 - INFO - *******STOP GROWING CR RULE*******
2026-04-14 12:58:51,980 - INFO - *******GROWING CR RULE*******
2026-04-14 12:58:51,984 - INFO - Iteracja 0: condition_best: Sittings = {2}, quality_best: 0.031, coverage_best: (p=95, n=49, P=370, N=206)
2026-04-14 12:58:51,984 - INFO - Regula po iteracji 0: IF Sittings = {2} THEN class = {15.07} [14.27, 15.88], (p=95, n=49, P=370, N=206)
2026-04-14 12:58:51,984 - INFO - *****GROWING RR RULE*****
2026-04-14 12:58:51,990 - INFO - Iteracja 0: condition_best: None, quality_best: -inf, coverage_best: (p=0, n=0, P=0, N=0), p_value: 0
2026-04-14 12:58:51,990 - INFO - Regula po iteracji 0: IF  THEN class = {15.07} [14.25, 15.90], (p=370, n=206, P=370, N=206)
2026-04-14 12:58:51,990 - INFO - *****STOP GROWING RR RULE*****
2026-04-14 12:58:51,990 - INFO - ***RR NOT FOUND***
2026-04-14 12:58:51,993 - INFO - Iteracja 1: condition_best: Occasion = {1}, quality_best: -0.027, coverage_best: (p=45, n=27, P=370, N=206)
2026-04-14 12:58:51,993 - INFO - Regula po iteracji 1: IF Sittings = {2} AND Occasion = {1} THEN class = {15.01} [14.15, 15.86], (p=45, n=27, P=370, N=206)
2026-04-14 12:58:51,993 - INFO - *****GROWING RR RULE*****
2026-04-14 12:58:51,999 - INFO - Iteracja 0: condition_best: None, quality_best: -inf, coverage_best: (p=0, n=0, P=0, N=0), p_value: 0
2026-04-14 12:58:51,999 - INFO - Regula po iteracji 0: IF  THEN class = {15.07} [14.25, 15.90], (p=370, n=206, P=370, N=206)
2026-04-14 12:58:51,999 - INFO - *****STOP GROWING RR RULE*****
2026-04-14 12:58:51,999 - INFO - ***RR NOT FOUND***
2026-04-14 12:58:52,002 - INFO - Iteracja 2: condition_best: Halfplot = {1}, quality_best: -0.005, coverage_best: (p=23, n=13, P=370, N=206)
2026-04-14 12:58:52,002 - INFO - Regula po iteracji 2: IF Sittings = {2} AND Occasion = {1} AND Halfplot = {1} THEN class = {15.10} [14.25, 15.95], (p=23, n=13, P=370, N=206)
2026-04-14 12:58:52,003 - INFO - *****GROWING RR RULE*****
2026-04-14 12:58:52,008 - INFO - Iteracja 0: condition_best: None, quality_best: -inf, coverage_best: (p=0, n=0, P=0, N=0), p_value: 0
2026-04-14 12:58:52,009 - INFO - Regula po iteracji 0: IF  THEN class = {15.07} [14.25, 15.90], (p=370, n=206, P=370, N=206)
2026-04-14 12:58:52,009 - INFO - *****STOP GROWING RR RULE*****
2026-04-14 12:58:52,009 - INFO - ***RR NOT FOUND***
2026-04-14 12:58:52,011 - INFO - Iteracja 3: condition_best: Squares = {1}, quality_best: -0.005, coverage_best: (p=23, n=13, P=370, N=206)
2026-04-14 12:58:52,011 - INFO - Regula po iteracji 3: IF Sittings = {2} AND Occasion = {1} AND Halfplot = {1} AND Squares = {1} THEN class = {15.10} [14.25, 15.95], (p=23, n=13, P=370, N=206)
2026-04-14 12:58:52,012 - INFO - *****GROWING RR RULE*****
2026-04-14 12:58:52,018 - INFO - Iteracja 0: condition_best: None, quality_best: -inf, coverage_best: (p=0, n=0, P=0, N=0), p_value: 0
2026-04-14 12:58:52,018 - INFO - Regula po iteracji 0: IF  THEN class = {15.07} [14.25, 15.90], (p=370, n=206, P=370, N=206)
2026-04-14 12:58:52,018 - INFO - *****STOP GROWING RR RULE*****
2026-04-14 12:58:52,018 - INFO - ***RR NOT FOUND***
2026-04-14 12:58:52,020 - INFO - Iteracja 4: condition_best: Method = {1}, quality_best: -0.005, coverage_best: (p=23, n=13, P=370, N=206)
2026-04-14 12:58:52,021 - INFO - Regula po iteracji 4: IF Sittings = {2} AND Occasion = {1} AND Halfplot = {1} AND Squares = {1} AND Method = {1} THEN class = {15.10} [14.25, 15.95], (p=23, n=13, P=370, N=206)
2026-04-14 12:58:52,022 - INFO - *****GROWING RR RULE*****
2026-04-14 12:58:52,027 - INFO - Iteracja 0: condition_best: None, quality_best: -inf, coverage_best: (p=0, n=0, P=0, N=0), p_value: 0
2026-04-14 12:58:52,028 - INFO - Regula po iteracji 0: IF  THEN class = {15.07} [14.25, 15.90], (p=370, n=206, P=370, N=206)
2026-04-14 12:58:52,028 - INFO - *****STOP GROWING RR RULE*****
2026-04-14 12:58:52,028 - INFO - ***RR NOT FOUND***
2026-04-14 12:58:52,028 - INFO - *******STOP GROWING CR RULE*******
2026-04-14 12:58:52,029 - INFO - *******GROWING CR RULE*******
2026-04-14 12:58:52,033 - INFO - Iteracja 0: condition_best: Halfplot = {1}, quality_best: -0.036, coverage_best: (p=180, n=108, P=370, N=206)
2026-04-14 12:58:52,033 - INFO - Regula po iteracji 0: IF Halfplot = {1} THEN class = {15.06} [14.24, 15.89], (p=180, n=108, P=370, N=206)
2026-04-14 12:58:52,033 - INFO - *****GROWING RR RULE*****
2026-04-14 12:58:52,039 - INFO - Iteracja 0: condition_best: None, quality_best: -inf, coverage_best: (p=0, n=0, P=0, N=0), p_value: 0
2026-04-14 12:58:52,039 - INFO - Regula po iteracji 0: IF  THEN class = {15.07} [14.25, 15.90], (p=370, n=206, P=370, N=206)
2026-04-14 12:58:52,039 - INFO - *****STOP GROWING RR RULE*****
2026-04-14 12:58:52,039 - INFO - ***RR NOT FOUND***
2026-04-14 12:58:52,042 - INFO - Iteracja 1: condition_best: Method = {1}, quality_best: -0.036, coverage_best: (p=180, n=108, P=370, N=206)
2026-04-14 12:58:52,043 - INFO - Regula po iteracji 1: IF Halfplot = {1} AND Method = {1} THEN class = {15.06} [14.24, 15.89], (p=180, n=108, P=370, N=206)
2026-04-14 12:58:52,043 - INFO - *****GROWING RR RULE*****
2026-04-14 12:58:52,049 - INFO - Iteracja 0: condition_best: None, quality_best: -inf, coverage_best: (p=0, n=0, P=0, N=0), p_value: 0
2026-04-14 12:58:52,049 - INFO - Regula po iteracji 0: IF  THEN class = {15.07} [14.25, 15.90], (p=370, n=206, P=370, N=206)
2026-04-14 12:58:52,049 - INFO - *****STOP GROWING RR RULE*****
2026-04-14 12:58:52,049 - INFO - ***RR NOT FOUND***
2026-04-14 12:58:52,053 - INFO - Iteracja 2: condition_best: Rows = {3}, quality_best: -0.112, coverage_best: (p=55, n=41, P=370, N=206)
2026-04-14 12:58:52,053 - INFO - Regula po iteracji 2: IF Halfplot = {1} AND Method = {1} AND Rows = {3} THEN class = {14.88} [14.01, 15.74], (p=55, n=41, P=370, N=206)
2026-04-14 12:58:52,053 - INFO - *****GROWING RR RULE*****
2026-04-14 12:58:52,059 - INFO - Iteracja 0: condition_best: None, quality_best: -inf, coverage_best: (p=0, n=0, P=0, N=0), p_value: 0
2026-04-14 12:58:52,059 - INFO - Regula po iteracji 0: IF  THEN class = {15.07} [14.25, 15.90], (p=370, n=206, P=370, N=206)
2026-04-14 12:58:52,059 - INFO - *****STOP GROWING RR RULE*****
2026-04-14 12:58:52,059 - INFO - ***RR NOT FOUND***
2026-04-14 12:58:52,062 - INFO - Iteracja 3: condition_best: None, quality_best: -inf, coverage_best: (p=0, n=0, P=0, N=0)
2026-04-14 12:58:52,062 - INFO - Regula po iteracji 3: IF Halfplot = {1} AND Method = {1} AND Rows = {3} THEN class = {14.88} [14.01, 15.74], (p=55, n=41, P=370, N=206)
2026-04-14 12:58:52,062 - INFO - *******STOP GROWING CR RULE*******
2026-04-14 12:58:52,063 - INFO - *******GROWING CR RULE*******
2026-04-14 12:58:52,067 - INFO - Iteracja 0: condition_best: Rows = {2}, quality_best: 0.14, coverage_best: (p=129, n=63, P=339, N=237)
2026-04-14 12:58:52,067 - INFO - Regula po iteracji 0: IF Rows = {2} THEN class = {15.40} [14.63, 16.18], (p=129, n=63, P=339, N=237)
2026-04-14 12:58:52,067 - INFO - *****GROWING RR RULE*****
2026-04-14 12:58:52,073 - INFO - Iteracja 0: condition_best: None, quality_best: -inf, coverage_best: (p=0, n=0, P=0, N=0), p_value: 0
2026-04-14 12:58:52,073 - INFO - Regula po iteracji 0: IF  THEN class = {15.07} [14.25, 15.90], (p=370, n=206, P=370, N=206)
2026-04-14 12:58:52,073 - INFO - *****STOP GROWING RR RULE*****
2026-04-14 12:58:52,073 - INFO - ***RR NOT FOUND***
2026-04-14 12:58:52,076 - INFO - Iteracja 1: condition_best: Columns = {3}, quality_best: 0.303, coverage_best: (p=39, n=9, P=339, N=237)
2026-04-14 12:58:52,076 - INFO - Regula po iteracji 1: IF Rows = {2} AND Columns = {3} THEN class = {15.51} [14.88, 16.14], (p=39, n=9, P=339, N=237)
2026-04-14 12:58:52,077 - INFO - *****GROWING RR RULE*****
2026-04-14 12:58:52,082 - INFO - Iteracja 0: condition_best: None, quality_best: -inf, coverage_best: (p=0, n=0, P=0, N=0), p_value: 0
2026-04-14 12:58:52,082 - INFO - Regula po iteracji 0: IF  THEN class = {15.07} [14.25, 15.90], (p=370, n=206, P=370, N=206)
2026-04-14 12:58:52,083 - INFO - *****STOP GROWING RR RULE*****
2026-04-14 12:58:52,083 - INFO - ***RR NOT FOUND***
2026-04-14 12:58:52,085 - INFO - Iteracja 2: condition_best: Judges = {5}, quality_best: 0.355, coverage_best: (p=7, n=1, P=339, N=237)
2026-04-14 12:58:52,085 - INFO - Regula po iteracji 2: IF Rows = {2} AND Columns = {3} AND Judges = {5} THEN class = {15.44} [14.85, 16.02], (p=7, n=1, P=339, N=237)
2026-04-14 12:58:52,086 - INFO - *****GROWING RR RULE*****
2026-04-14 12:58:52,091 - INFO - Iteracja 0: condition_best: None, quality_best: -inf, coverage_best: (p=0, n=0, P=0, N=0), p_value: 0
2026-04-14 12:58:52,091 - INFO - Regula po iteracji 0: IF  THEN class = {15.07} [14.25, 15.90], (p=370, n=206, P=370, N=206)
2026-04-14 12:58:52,091 - INFO - *****STOP GROWING RR RULE*****
2026-04-14 12:58:52,092 - INFO - ***RR NOT FOUND***
2026-04-14 12:58:52,093 - INFO - Iteracja 3: condition_best: Occasion = {1}, quality_best: 0.51, coverage_best: (p=4, n=0, P=199, N=377)
2026-04-14 12:58:52,093 - INFO - Regula po iteracji 3: IF Rows = {2} AND Columns = {3} AND Judges = {5} AND Occasion = {1} THEN class = {15.75} [15.50, 16.00], (p=4, n=0, P=199, N=377)
2026-04-14 12:58:52,094 - INFO - *****GROWING RR RULE*****
2026-04-14 12:58:52,100 - INFO - Iteracja 0: condition_best: None, quality_best: -inf, coverage_best: (p=0, n=0, P=0, N=0), p_value: 0
2026-04-14 12:58:52,100 - INFO - Regula po iteracji 0: IF  THEN class = {15.07} [14.25, 15.90], (p=370, n=206, P=370, N=206)
2026-04-14 12:58:52,100 - INFO - *****STOP GROWING RR RULE*****
2026-04-14 12:58:52,100 - INFO - ***RR NOT FOUND***
2026-04-14 12:58:52,102 - INFO - Iteracja 4: condition_best: Halfplot = {2}, quality_best: 0.513, coverage_best: (p=2, n=0, P=78, N=498)
2026-04-14 12:58:52,102 - INFO - Regula po iteracji 4: IF Rows = {2} AND Columns = {3} AND Judges = {5} AND Occasion = {1} AND Halfplot = {2} THEN class = {16.00} [16.00, 16.00], (p=2, n=0, P=78, N=498)
2026-04-14 12:58:52,103 - INFO - *****GROWING RR RULE*****
2026-04-14 12:58:52,109 - INFO - Iteracja 0: condition_best: None, quality_best: -inf, coverage_best: (p=0, n=0, P=0, N=0), p_value: 0
2026-04-14 12:58:52,109 - INFO - Regula po iteracji 0: IF  THEN class = {15.07} [14.25, 15.90], (p=370, n=206, P=370, N=206)
2026-04-14 12:58:52,109 - INFO - *****STOP GROWING RR RULE*****
2026-04-14 12:58:52,109 - INFO - ***RR NOT FOUND***
2026-04-14 12:58:52,109 - INFO - *******STOP GROWING CR RULE*******
2026-04-14 12:58:52,671 - INFO - ************************Finished experiment for sensory.arff with algorithm************************
2026-04-14 12:58:52,672 - INFO - *************************************************************************************************************************
2026-04-14 12:58:52,672 - INFO - *************************************************************************************************************************
2026-04-14 12:58:52,672 - INFO - *************************************************************************************************************************
